split,scenario_id,source_file,scenario_type,window_id,window_size,start_idx,end_idx,start_time_s,end_time_s,y_true,y_score,y_pred
train,1,data_1.csv,normal,1_0_23,24,0,23,0,13800,0,3.4840048e-26,0
train,1,data_1.csv,normal,1_1_24,24,1,24,600,14400,0,7.5206504e-26,0
train,1,data_1.csv,normal,1_2_25,24,2,25,1200,15000,0,2.5116192e-25,0
train,1,data_1.csv,normal,1_3_26,24,3,26,1800,15600,0,5.192858e-25,0
train,1,data_1.csv,normal,1_4_27,24,4,27,2400,16200,0,5.206981e-25,0
train,1,data_1.csv,normal,1_5_28,24,5,28,3000,16800,0,7.2073414e-25,0
train,1,data_1.csv,normal,1_6_29,24,6,29,3600,17400,0,7.3715354e-25,0
train,1,data_1.csv,normal,1_7_30,24,7,30,4200,18000,0,2.6559286e-24,0
train,1,data_1.csv,normal,1_8_31,24,8,31,4800,18600,0,1.5420266e-23,0
train,1,data_1.csv,normal,1_9_32,24,9,32,5400,19200,0,4.6909314e-23,0
train,1,data_1.csv,normal,1_10_33,24,10,33,6000,19800,0,5.2167684e-23,0
train,1,data_1.csv,normal,1_11_34,24,11,34,6600,20400,0,1.02631877e-22,0
train,1,data_1.csv,normal,1_12_35,24,12,35,7200,21000,0,1.874593e-22,0
train,1,data_1.csv,normal,1_13_36,24,13,36,7800,21600,0,9.515357e-22,0
train,1,data_1.csv,normal,1_14_37,24,14,37,8400,22200,0,3.3687417e-21,0
train,1,data_1.csv,normal,1_15_38,24,15,38,9000,22800,0,7.475391e-21,0
train,1,data_1.csv,normal,1_16_39,24,16,39,9600,23400,0,1.31486296e-20,0
train,1,data_1.csv,normal,1_17_40,24,17,40,10200,24000,0,3.1615286e-20,0
train,1,data_1.csv,normal,1_18_41,24,18,41,10800,24600,0,7.302646e-20,0
train,1,data_1.csv,normal,1_19_42,24,19,42,11400,25200,0,5.4747967e-19,0
train,1,data_1.csv,normal,1_20_43,24,20,43,12000,25800,0,1.8919029e-18,0
train,1,data_1.csv,normal,1_21_44,24,21,44,12600,26400,0,5.020567e-18,0
train,1,data_1.csv,normal,1_22_45,24,22,45,13200,27000,0,1.7011075e-17,0
train,1,data_1.csv,normal,1_23_46,24,23,46,13800,27600,0,7.8619117e-17,0
train,1,data_1.csv,normal,1_24_47,24,24,47,14400,28200,0,3.7070394e-16,0
train,1,data_1.csv,normal,1_25_48,24,25,48,15000,28800,0,2.6702244e-15,0
train,1,data_1.csv,normal,1_26_49,24,26,49,15600,29400,0,1.4434793e-14,0
train,1,data_1.csv,normal,1_27_50,24,27,50,16200,30000,0,6.332856e-14,0
train,1,data_1.csv,normal,1_28_51,24,28,51,16800,30600,0,2.2050824e-13,0
train,1,data_1.csv,normal,1_29_52,24,29,52,17400,31200,0,1.3621683e-12,0
train,1,data_1.csv,normal,1_30_53,24,30,53,18000,31800,0,1.033459e-11,0
train,1,data_1.csv,normal,1_31_54,24,31,54,18600,32400,0,5.724605e-12,0
train,1,data_1.csv,normal,1_32_55,24,32,55,19200,33000,0,1.571241e-12,0
train,1,data_1.csv,normal,1_33_56,24,33,56,19800,33600,0,8.492343e-13,0
train,1,data_1.csv,normal,1_34_57,24,34,57,20400,34200,0,1.3536602e-12,0
train,1,data_1.csv,normal,1_35_58,24,35,58,21000,34800,0,1.8105858e-12,0
train,1,data_1.csv,normal,1_36_59,24,36,59,21600,35400,0,6.185206e-12,0
train,1,data_1.csv,normal,1_37_60,24,37,60,22200,36000,0,1.877262e-11,0
train,1,data_1.csv,normal,1_38_61,24,38,61,22800,36600,0,2.6401428e-11,0
train,1,data_1.csv,normal,1_39_62,24,39,62,23400,37200,0,3.0360162e-11,0
train,1,data_1.csv,normal,1_40_63,24,40,63,24000,37800,0,1.044107e-10,0
train,1,data_1.csv,normal,1_41_64,24,41,64,24600,38400,0,1.993524e-10,0
train,1,data_1.csv,normal,1_42_65,24,42,65,25200,39000,0,1.9782138e-10,0
train,1,data_1.csv,normal,1_43_66,24,43,66,25800,39600,0,1.7677516e-10,0
train,1,data_1.csv,normal,1_44_67,24,44,67,26400,40200,0,4.1457648e-10,0
train,1,data_1.csv,normal,1_45_68,24,45,68,27000,40800,0,1.0724845e-09,0
train,1,data_1.csv,normal,1_46_69,24,46,69,27600,41400,0,1.4672497e-09,0
train,1,data_1.csv,normal,1_47_70,24,47,70,28200,42000,0,3.4403262e-09,0
train,1,data_1.csv,normal,1_48_71,24,48,71,28800,42600,0,1.9826052e-08,0
train,1,data_1.csv,normal,1_49_72,24,49,72,29400,43200,0,3.764118e-08,0
train,1,data_1.csv,normal,1_50_73,24,50,73,30000,43800,0,1.378101e-07,0
train,1,data_1.csv,normal,1_51_74,24,51,74,30600,44400,0,1.7164815e-07,0
train,1,data_1.csv,normal,1_52_75,24,52,75,31200,45000,0,1.0606783e-07,0
train,1,data_1.csv,normal,1_53_76,24,53,76,31800,45600,0,7.444919e-08,0
train,1,data_1.csv,normal,1_54_77,24,54,77,32400,46200,0,2.2125112e-08,0
train,1,data_1.csv,normal,1_55_78,24,55,78,33000,46800,0,7.1174725e-08,0
train,1,data_1.csv,normal,1_56_79,24,56,79,33600,47400,0,1.493457e-07,0
train,1,data_1.csv,normal,1_57_80,24,57,80,34200,48000,0,1.9330953e-07,0
train,1,data_1.csv,normal,1_58_81,24,58,81,34800,48600,0,2.5575522e-07,0
train,1,data_1.csv,normal,1_59_82,24,59,82,35400,49200,0,4.4310931e-07,0
train,1,data_1.csv,normal,1_60_83,24,60,83,36000,49800,0,8.4858937e-07,0
train,1,data_1.csv,normal,1_61_84,24,61,84,36600,50400,0,1.7286576e-06,0
train,1,data_1.csv,normal,1_62_85,24,62,85,37200,51000,0,1.6363294e-06,0
train,1,data_1.csv,normal,1_63_86,24,63,86,37800,51600,0,1.7270163e-06,0
train,1,data_1.csv,normal,1_64_87,24,64,87,38400,52200,0,3.3445172e-06,0
train,1,data_1.csv,normal,1_65_88,24,65,88,39000,52800,0,6.0307975e-06,0
train,1,data_1.csv,normal,1_66_89,24,66,89,39600,53400,0,1.4039749e-05,0
train,1,data_1.csv,normal,1_67_90,24,67,90,40200,54000,0,6.0671366e-05,0
train,1,data_1.csv,normal,1_68_91,24,68,91,40800,54600,0,0.00017954064,0
train,1,data_1.csv,normal,1_69_92,24,69,92,41400,55200,0,0.0006256767,0
train,1,data_1.csv,normal,1_70_93,24,70,93,42000,55800,0,0.0022860407,0
train,1,data_1.csv,normal,1_71_94,24,71,94,42600,56400,0,0.011853791,0
train,1,data_1.csv,normal,1_72_95,24,72,95,43200,57000,0,0.07575694,0
train,1,data_1.csv,normal,1_73_96,24,73,96,43800,57600,0,0.16732836,0
train,1,data_1.csv,normal,1_74_97,24,74,97,44400,58200,0,0.22807169,0
train,1,data_1.csv,normal,1_75_98,24,75,98,45000,58800,0,0.29454803,0
train,1,data_1.csv,normal,1_76_99,24,76,99,45600,59400,0,0.31608805,0
train,1,data_1.csv,normal,1_77_100,24,77,100,46200,60000,0,0.4555594,0
train,1,data_1.csv,normal,1_78_101,24,78,101,46800,60600,0,0.6397654,0
train,1,data_1.csv,normal,1_79_102,24,79,102,47400,61200,0,0.7323778,0
train,1,data_1.csv,normal,1_80_103,24,80,103,48000,61800,0,0.6448694,0
train,1,data_1.csv,normal,1_81_104,24,81,104,48600,62400,0,0.5792847,0
train,1,data_1.csv,normal,1_82_105,24,82,105,49200,63000,0,0.55421156,0
train,1,data_1.csv,normal,1_83_106,24,83,106,49800,63600,0,0.46049404,0
train,1,data_1.csv,normal,1_84_107,24,84,107,50400,64200,0,0.36902684,0
train,1,data_1.csv,normal,1_85_108,24,85,108,51000,64800,0,0.3796399,0
train,1,data_1.csv,normal,1_86_109,24,86,109,51600,65400,0,0.314477,0
train,1,data_1.csv,normal,1_87_110,24,87,110,52200,66000,0,0.2609718,0
train,1,data_1.csv,normal,1_88_111,24,88,111,52800,66600,0,0.2534085,0
train,1,data_1.csv,normal,1_89_112,24,89,112,53400,67200,0,0.22666009,0
train,1,data_1.csv,normal,1_90_113,24,90,113,54000,67800,0,0.19643995,0
train,1,data_1.csv,normal,1_91_114,24,91,114,54600,68400,0,0.10978526,0
train,1,data_1.csv,normal,1_92_115,24,92,115,55200,69000,0,0.08104949,0
train,1,data_1.csv,normal,1_93_116,24,93,116,55800,69600,0,0.07167945,0
train,1,data_1.csv,normal,1_94_117,24,94,117,56400,70200,0,0.06988108,0
train,1,data_1.csv,normal,1_95_118,24,95,118,57000,70800,0,0.0641188,0
train,1,data_1.csv,normal,1_96_119,24,96,119,57600,71400,0,0.06677444,0
train,1,data_1.csv,normal,1_97_120,24,97,120,58200,72000,0,0.054615684,0
train,1,data_1.csv,normal,1_98_121,24,98,121,58800,72600,0,0.019581173,0
train,1,data_1.csv,normal,1_99_122,24,99,122,59400,73200,0,0.00844887,0
train,1,data_1.csv,normal,1_100_123,24,100,123,60000,73800,0,0.005216341,0
train,1,data_1.csv,normal,1_101_124,24,101,124,60600,74400,0,0.003748851,0
train,1,data_1.csv,normal,1_102_125,24,102,125,61200,75000,0,0.004437962,0
train,1,data_1.csv,normal,1_103_126,24,103,126,61800,75600,0,0.004639331,0
train,1,data_1.csv,normal,1_104_127,24,104,127,62400,76200,0,6.6811706e-05,0
train,1,data_1.csv,normal,1_105_128,24,105,128,63000,76800,0,1.6072121e-05,0
train,1,data_1.csv,normal,1_106_129,24,106,129,63600,77400,0,6.4231285e-06,0
train,1,data_1.csv,normal,1_107_130,24,107,130,64200,78000,0,4.1094945e-06,0
train,1,data_1.csv,normal,1_108_131,24,108,131,64800,78600,0,4.7906287e-06,0
train,1,data_1.csv,normal,1_109_132,24,109,132,65400,79200,0,2.4823737e-06,0
train,1,data_1.csv,normal,1_110_133,24,110,133,66000,79800,0,1.6305269e-07,0
train,1,data_1.csv,normal,1_111_134,24,111,134,66600,80400,0,6.685023e-08,0
train,1,data_1.csv,normal,1_112_135,24,112,135,67200,81000,0,3.1690643e-08,0
train,1,data_1.csv,normal,1_113_136,24,113,136,67800,81600,0,9.650179e-09,0
train,1,data_1.csv,normal,1_114_137,24,114,137,68400,82200,0,2.355335e-09,0
train,1,data_1.csv,normal,1_115_138,24,115,138,69000,82800,0,2.5603702e-10,0
train,1,data_1.csv,normal,1_116_139,24,116,139,69600,83400,0,5.92665e-11,0
train,1,data_1.csv,normal,1_117_140,24,117,140,70200,84000,0,3.0741427e-11,0
train,1,data_1.csv,normal,1_118_141,24,118,141,70800,84600,0,6.1583664e-12,0
train,1,data_1.csv,normal,1_119_142,24,119,142,71400,85200,0,4.478523e-13,0
train,1,data_1.csv,normal,1_120_143,24,120,143,72000,85800,0,3.0142186e-14,0
train,1,data_1.csv,normal,1_121_144,24,121,144,72600,86400,0,2.5097453e-15,0
train,3,data_3.csv,normal,3_0_23,24,0,23,0,13800,0,1.14726044e-26,0
train,3,data_3.csv,normal,3_1_24,24,1,24,600,14400,0,4.8264448e-26,0
train,3,data_3.csv,normal,3_2_25,24,2,25,1200,15000,0,3.3767248e-25,0
train,3,data_3.csv,normal,3_3_26,24,3,26,1800,15600,0,1.1272367e-24,0
train,3,data_3.csv,normal,3_4_27,24,4,27,2400,16200,0,1.3128555e-24,0
train,3,data_3.csv,normal,3_5_28,24,5,28,3000,16800,0,2.5809204e-24,0
train,3,data_3.csv,normal,3_6_29,24,6,29,3600,17400,0,3.4073285e-24,0
train,3,data_3.csv,normal,3_7_30,24,7,30,4200,18000,0,1.9813993e-23,0
train,3,data_3.csv,normal,3_8_31,24,8,31,4800,18600,0,1.9629907e-22,0
train,3,data_3.csv,normal,3_9_32,24,9,32,5400,19200,0,9.831086e-22,0
train,3,data_3.csv,normal,3_10_33,24,10,33,6000,19800,0,1.4816366e-21,0
train,3,data_3.csv,normal,3_11_34,24,11,34,6600,20400,0,4.4409506e-21,0
train,3,data_3.csv,normal,3_12_35,24,12,35,7200,21000,0,1.3955432e-20,0
train,3,data_3.csv,normal,3_13_36,24,13,36,7800,21600,0,1.3864756e-19,0
train,3,data_3.csv,normal,3_14_37,24,14,37,8400,22200,0,6.90331e-19,0
train,3,data_3.csv,normal,3_15_38,24,15,38,9000,22800,0,1.765817e-18,0
train,3,data_3.csv,normal,3_16_39,24,16,39,9600,23400,0,4.1457167e-18,0
train,3,data_3.csv,normal,3_17_40,24,17,40,10200,24000,0,1.3775883e-17,0
train,3,data_3.csv,normal,3_18_41,24,18,41,10800,24600,0,3.865414e-17,0
train,3,data_3.csv,normal,3_19_42,24,19,42,11400,25200,0,4.311213e-16,0
train,3,data_3.csv,normal,3_20_43,24,20,43,12000,25800,0,2.4542646e-15,0
train,3,data_3.csv,normal,3_21_44,24,21,44,12600,26400,0,8.22305e-15,0
train,3,data_3.csv,normal,3_22_45,24,22,45,13200,27000,0,4.5752915e-14,0
train,3,data_3.csv,normal,3_23_46,24,23,46,13800,27600,0,3.1465724e-13,0
train,3,data_3.csv,normal,3_24_47,24,24,47,14400,28200,0,2.5404767e-12,0
train,3,data_3.csv,normal,3_25_48,24,25,48,15000,28800,0,4.843182e-11,0
train,3,data_3.csv,normal,3_26_49,24,26,49,15600,29400,0,6.309142e-10,0
train,3,data_3.csv,normal,3_27_50,24,27,50,16200,30000,0,2.3438937e-09,0
train,3,data_3.csv,normal,3_28_51,24,28,51,16800,30600,0,6.692496e-09,0
train,3,data_3.csv,normal,3_29_52,24,29,52,17400,31200,0,4.5832884e-08,0
train,3,data_3.csv,normal,3_30_53,24,30,53,18000,31800,0,2.9863796e-07,0
train,3,data_3.csv,normal,3_31_54,24,31,54,18600,32400,0,1.7563173e-07,0
train,3,data_3.csv,normal,3_32_55,24,32,55,19200,33000,0,5.055388e-08,0
train,3,data_3.csv,normal,3_33_56,24,33,56,19800,33600,0,2.512628e-08,0
train,3,data_3.csv,normal,3_34_57,24,34,57,20400,34200,0,3.7124178e-08,0
train,3,data_3.csv,normal,3_35_58,24,35,58,21000,34800,0,7.960768e-08,0
train,3,data_3.csv,normal,3_36_59,24,36,59,21600,35400,0,4.932048e-07,0
train,3,data_3.csv,normal,3_37_60,24,37,60,22200,36000,0,3.817754e-06,0
train,3,data_3.csv,normal,3_38_61,24,38,61,22800,36600,0,7.5368466e-06,0
train,3,data_3.csv,normal,3_39_62,24,39,62,23400,37200,0,1.3777539e-05,0
train,3,data_3.csv,normal,3_40_63,24,40,63,24000,37800,0,9.2263064e-05,0
train,3,data_3.csv,normal,3_41_64,24,41,64,24600,38400,0,0.0003528059,0
train,3,data_3.csv,normal,3_42_65,24,42,65,25200,39000,0,0.00078739837,0
train,3,data_3.csv,normal,3_43_66,24,43,66,25800,39600,0,0.0010801443,0
train,3,data_3.csv,normal,3_44_67,24,44,67,26400,40200,0,0.006773991,0
train,3,data_3.csv,normal,3_45_68,24,45,68,27000,40800,0,0.0817044,0
train,3,data_3.csv,normal,3_46_69,24,46,69,27600,41400,0,0.22083697,0
train,3,data_3.csv,normal,3_47_70,24,47,70,28200,42000,0,0.6602729,0
train,3,data_3.csv,normal,3_48_71,24,48,71,28800,42600,0,0.7312207,0
train,3,data_3.csv,normal,3_49_72,24,49,72,29400,43200,0,0.76157856,1
train,3,data_3.csv,normal,3_50_73,24,50,73,30000,43800,0,0.76078707,1
train,3,data_3.csv,normal,3_51_74,24,51,74,30600,44400,0,0.77353543,1
train,3,data_3.csv,normal,3_52_75,24,52,75,31200,45000,0,0.5710273,0
train,3,data_3.csv,normal,3_53_76,24,53,76,31800,45600,0,0.51489323,0
train,3,data_3.csv,normal,3_54_77,24,54,77,32400,46200,0,0.35872322,0
train,3,data_3.csv,normal,3_55_78,24,55,78,33000,46800,0,0.52875054,0
train,3,data_3.csv,normal,3_56_79,24,56,79,33600,47400,0,0.34713158,0
train,3,data_3.csv,normal,3_57_80,24,57,80,34200,48000,0,0.3384505,0
train,3,data_3.csv,normal,3_58_81,24,58,81,34800,48600,0,0.20505841,0
train,3,data_3.csv,normal,3_59_82,24,59,82,35400,49200,0,0.20628884,0
train,3,data_3.csv,normal,3_60_83,24,60,83,36000,49800,0,0.14644754,0
train,3,data_3.csv,normal,3_61_84,24,61,84,36600,50400,0,0.48422426,0
train,3,data_3.csv,normal,3_62_85,24,62,85,37200,51000,0,0.49269447,0
train,3,data_3.csv,normal,3_63_86,24,63,86,37800,51600,0,0.34701794,0
train,3,data_3.csv,normal,3_64_87,24,64,87,38400,52200,0,0.38090968,0
train,3,data_3.csv,normal,3_65_88,24,65,88,39000,52800,0,0.2552638,0
train,3,data_3.csv,normal,3_66_89,24,66,89,39600,53400,0,0.1455958,0
train,3,data_3.csv,normal,3_67_90,24,67,90,40200,54000,0,0.3607448,0
train,3,data_3.csv,normal,3_68_91,24,68,91,40800,54600,0,0.38345245,0
train,3,data_3.csv,normal,3_69_92,24,69,92,41400,55200,0,0.39873827,0
train,3,data_3.csv,normal,3_70_93,24,70,93,42000,55800,0,0.40754318,0
train,3,data_3.csv,normal,3_71_94,24,71,94,42600,56400,0,0.49157354,0
train,3,data_3.csv,normal,3_72_95,24,72,95,43200,57000,0,0.5508633,0
train,3,data_3.csv,normal,3_73_96,24,73,96,43800,57600,0,0.5380227,0
train,3,data_3.csv,normal,3_74_97,24,74,97,44400,58200,0,0.50710946,0
train,3,data_3.csv,normal,3_75_98,24,75,98,45000,58800,0,0.475726,0
train,3,data_3.csv,normal,3_76_99,24,76,99,45600,59400,0,0.4448085,0
train,3,data_3.csv,normal,3_77_100,24,77,100,46200,60000,0,0.45845085,0
train,3,data_3.csv,normal,3_78_101,24,78,101,46800,60600,0,0.47403088,0
train,3,data_3.csv,normal,3_79_102,24,79,102,47400,61200,0,0.51722354,0
train,3,data_3.csv,normal,3_80_103,24,80,103,48000,61800,0,0.5358445,0
train,3,data_3.csv,normal,3_81_104,24,81,104,48600,62400,0,0.5142756,0
train,3,data_3.csv,normal,3_82_105,24,82,105,49200,63000,0,0.5175309,0
train,3,data_3.csv,normal,3_83_106,24,83,106,49800,63600,0,0.52907026,0
train,3,data_3.csv,normal,3_84_107,24,84,107,50400,64200,0,0.5680075,0
train,3,data_3.csv,normal,3_85_108,24,85,108,51000,64800,0,0.5468957,0
train,3,data_3.csv,normal,3_86_109,24,86,109,51600,65400,0,0.5283562,0
train,3,data_3.csv,normal,3_87_110,24,87,110,52200,66000,0,0.53291684,0
train,3,data_3.csv,normal,3_88_111,24,88,111,52800,66600,0,0.5340752,0
train,3,data_3.csv,normal,3_89_112,24,89,112,53400,67200,0,0.56401396,0
train,3,data_3.csv,normal,3_90_113,24,90,113,54000,67800,0,0.6027397,0
train,3,data_3.csv,normal,3_91_114,24,91,114,54600,68400,0,0.6158025,0
train,3,data_3.csv,normal,3_92_115,24,92,115,55200,69000,0,0.6329384,0
train,3,data_3.csv,normal,3_93_116,24,93,116,55800,69600,0,0.6417194,0
train,3,data_3.csv,normal,3_94_117,24,94,117,56400,70200,0,0.63932335,0
train,3,data_3.csv,normal,3_95_118,24,95,118,57000,70800,0,0.6421295,0
train,3,data_3.csv,normal,3_96_119,24,96,119,57600,71400,0,0.6392499,0
train,3,data_3.csv,normal,3_97_120,24,97,120,58200,72000,0,0.5787152,0
train,3,data_3.csv,normal,3_98_121,24,98,121,58800,72600,0,0.49538898,0
train,3,data_3.csv,normal,3_99_122,24,99,122,59400,73200,0,0.527771,0
train,3,data_3.csv,normal,3_100_123,24,100,123,60000,73800,0,0.5357385,0
train,3,data_3.csv,normal,3_101_124,24,101,124,60600,74400,0,0.5861466,0
train,3,data_3.csv,normal,3_102_125,24,102,125,61200,75000,0,0.615288,0
train,3,data_3.csv,normal,3_103_126,24,103,126,61800,75600,0,0.4292932,0
train,3,data_3.csv,normal,3_104_127,24,104,127,62400,76200,0,0.069891006,0
train,3,data_3.csv,normal,3_105_128,24,105,128,63000,76800,0,0.022275139,0
train,3,data_3.csv,normal,3_106_129,24,106,129,63600,77400,0,0.013120549,0
train,3,data_3.csv,normal,3_107_130,24,107,130,64200,78000,0,0.007499698,0
train,3,data_3.csv,normal,3_108_131,24,108,131,64800,78600,0,0.0025325348,0
train,3,data_3.csv,normal,3_109_132,24,109,132,65400,79200,0,0.005174727,0
train,3,data_3.csv,normal,3_110_133,24,110,133,66000,79800,0,2.992663e-05,0
train,3,data_3.csv,normal,3_111_134,24,111,134,66600,80400,0,7.155693e-06,0
train,3,data_3.csv,normal,3_112_135,24,112,135,67200,81000,0,4.5560787e-06,0
train,3,data_3.csv,normal,3_113_136,24,113,136,67800,81600,0,7.915157e-06,0
train,3,data_3.csv,normal,3_114_137,24,114,137,68400,82200,0,6.2328413e-06,0
train,3,data_3.csv,normal,3_115_138,24,115,138,69000,82800,0,4.496382e-06,0
train,3,data_3.csv,normal,3_116_139,24,116,139,69600,83400,0,1.2692576e-07,0
train,3,data_3.csv,normal,3_117_140,24,117,140,70200,84000,0,5.6864515e-08,0
train,3,data_3.csv,normal,3_118_141,24,118,141,70800,84600,0,2.6348594e-08,0
train,3,data_3.csv,normal,3_119_142,24,119,142,71400,85200,0,8.658553e-09,0
train,3,data_3.csv,normal,3_120_143,24,120,143,72000,85800,0,4.6964437e-09,0
train,3,data_3.csv,normal,3_121_144,24,121,144,72600,86400,0,1.7243803e-09,0
train,4,data_4.csv,normal,4_0_23,24,0,23,0,13800,0,6.938296e-25,0
train,4,data_4.csv,normal,4_1_24,24,1,24,600,14400,0,6.938296e-25,0
train,4,data_4.csv,normal,4_2_25,24,2,25,1200,15000,0,6.938296e-25,0
train,4,data_4.csv,normal,4_3_26,24,3,26,1800,15600,0,6.938296e-25,0
train,4,data_4.csv,normal,4_4_27,24,4,27,2400,16200,0,6.938296e-25,0
train,4,data_4.csv,normal,4_5_28,24,5,28,3000,16800,0,6.938296e-25,0
train,4,data_4.csv,normal,4_6_29,24,6,29,3600,17400,0,6.938296e-25,0
train,4,data_4.csv,normal,4_7_30,24,7,30,4200,18000,0,1.0809931e-24,0
train,4,data_4.csv,normal,4_8_31,24,8,31,4800,18600,0,1.9267403e-24,0
train,4,data_4.csv,normal,4_9_32,24,9,32,5400,19200,0,2.6725763e-24,0
train,4,data_4.csv,normal,4_10_33,24,10,33,6000,19800,0,2.772739e-24,0
train,4,data_4.csv,normal,4_11_34,24,11,34,6600,20400,0,3.3036173e-24,0
train,4,data_4.csv,normal,4_12_35,24,12,35,7200,21000,0,3.284342e-24,0
train,4,data_4.csv,normal,4_13_36,24,13,36,7800,21600,0,5.3696894e-24,0
train,4,data_4.csv,normal,4_14_37,24,14,37,8400,22200,0,1.0575407e-23,0
train,4,data_4.csv,normal,4_15_38,24,15,38,9000,22800,0,1.6902804e-23,0
train,4,data_4.csv,normal,4_16_39,24,16,39,9600,23400,0,1.8304687e-23,0
train,4,data_4.csv,normal,4_17_40,24,17,40,10200,24000,0,2.5464488e-23,0
train,4,data_4.csv,normal,4_18_41,24,18,41,10800,24600,0,3.772736e-23,0
train,4,data_4.csv,normal,4_19_42,24,19,42,11400,25200,0,9.2197115e-23,0
train,4,data_4.csv,normal,4_20_43,24,20,43,12000,25800,0,1.9099843e-22,0
train,4,data_4.csv,normal,4_21_44,24,21,44,12600,26400,0,3.0146318e-22,0
train,4,data_4.csv,normal,4_22_45,24,22,45,13200,27000,0,3.8937006e-22,0
train,4,data_4.csv,normal,4_23_46,24,23,46,13800,27600,0,6.0896306e-22,0
train,4,data_4.csv,normal,4_24_47,24,24,47,14400,28200,0,8.2576617e-22,0
train,4,data_4.csv,normal,4_25_48,24,25,48,15000,28800,0,2.2534765e-21,0
train,4,data_4.csv,normal,4_26_49,24,26,49,15600,29400,0,4.951253e-21,0
train,4,data_4.csv,normal,4_27_50,24,27,50,16200,30000,0,9.4531695e-21,0
train,4,data_4.csv,normal,4_28_51,24,28,51,16800,30600,0,1.6472145e-20,0
train,4,data_4.csv,normal,4_29_52,24,29,52,17400,31200,0,3.7068057e-20,0
train,4,data_4.csv,normal,4_30_53,24,30,53,18000,31800,0,8.985492e-20,0
train,4,data_4.csv,normal,4_31_54,24,31,54,18600,32400,0,1.5257458e-19,0
train,4,data_4.csv,normal,4_32_55,24,32,55,19200,33000,0,1.8705954e-19,0
train,4,data_4.csv,normal,4_33_56,24,33,56,19800,33600,0,2.532707e-19,0
train,4,data_4.csv,normal,4_34_57,24,34,57,20400,34200,0,4.2656955e-19,0
train,4,data_4.csv,normal,4_35_58,24,35,58,21000,34800,0,8.0026664e-19,0
train,4,data_4.csv,normal,4_36_59,24,36,59,21600,35400,0,1.9694604e-18,0
train,4,data_4.csv,normal,4_37_60,24,37,60,22200,36000,0,8.425045e-18,0
train,4,data_4.csv,normal,4_38_61,24,38,61,22800,36600,0,3.056243e-17,0
train,4,data_4.csv,normal,4_39_62,24,39,62,23400,37200,0,7.1829704e-17,0
train,4,data_4.csv,normal,4_40_63,24,40,63,24000,37800,0,1.2584547e-16,0
train,4,data_4.csv,normal,4_41_64,24,41,64,24600,38400,0,2.9089893e-16,0
train,4,data_4.csv,normal,4_42_65,24,42,65,25200,39000,0,4.70098e-16,0
train,4,data_4.csv,normal,4_43_66,24,43,66,25800,39600,0,1.395073e-15,0
train,4,data_4.csv,normal,4_44_67,24,44,67,26400,40200,0,5.6489847e-15,0
train,4,data_4.csv,normal,4_45_68,24,45,68,27000,40800,0,1.7124945e-14,0
train,4,data_4.csv,normal,4_46_69,24,46,69,27600,41400,0,2.7893295e-14,0
train,4,data_4.csv,normal,4_47_70,24,47,70,28200,42000,0,8.043024e-14,0
train,4,data_4.csv,normal,4_48_71,24,48,71,28800,42600,0,3.1904774e-13,0
train,4,data_4.csv,normal,4_49_72,24,49,72,29400,43200,0,7.3196424e-13,0
train,4,data_4.csv,normal,4_50_73,24,50,73,30000,43800,0,9.696508e-13,0
train,4,data_4.csv,normal,4_51_74,24,51,74,30600,44400,0,1.0911687e-12,0
train,4,data_4.csv,normal,4_52_75,24,52,75,31200,45000,0,1.7369179e-12,0
train,4,data_4.csv,normal,4_53_76,24,53,76,31800,45600,0,2.8272226e-12,0
train,4,data_4.csv,normal,4_54_77,24,54,77,32400,46200,0,3.591287e-12,0
train,4,data_4.csv,normal,4_55_78,24,55,78,33000,46800,0,8.998873e-12,0
train,4,data_4.csv,normal,4_56_79,24,56,79,33600,47400,0,1.1045414e-11,0
train,4,data_4.csv,normal,4_57_80,24,57,80,34200,48000,0,1.5528474e-11,0
train,4,data_4.csv,normal,4_58_81,24,58,81,34800,48600,0,4.5753946e-11,0
train,4,data_4.csv,normal,4_59_82,24,59,82,35400,49200,0,1.2179335e-10,0
train,4,data_4.csv,normal,4_60_83,24,60,83,36000,49800,0,3.80275e-10,0
train,4,data_4.csv,normal,4_61_84,24,61,84,36600,50400,0,1.5449897e-10,0
train,4,data_4.csv,normal,4_62_85,24,62,85,37200,51000,0,4.8574478e-11,0
train,4,data_4.csv,normal,4_63_86,24,63,86,37800,51600,0,4.1635452e-11,0
train,4,data_4.csv,normal,4_64_87,24,64,87,38400,52200,0,8.208697e-11,0
train,4,data_4.csv,normal,4_65_88,24,65,88,39000,52800,0,1.6892893e-10,0
train,4,data_4.csv,normal,4_66_89,24,66,89,39600,53400,0,7.259839e-10,0
train,4,data_4.csv,normal,4_67_90,24,67,90,40200,54000,0,4.6951515e-10,0
train,4,data_4.csv,normal,4_68_91,24,68,91,40800,54600,0,1.9844305e-10,0
train,4,data_4.csv,normal,4_69_92,24,69,92,41400,55200,0,1.2771359e-10,0
train,4,data_4.csv,normal,4_70_93,24,70,93,42000,55800,0,1.2855063e-10,0
train,4,data_4.csv,normal,4_71_94,24,71,94,42600,56400,0,8.884424e-11,0
train,4,data_4.csv,normal,4_72_95,24,72,95,43200,57000,0,4.2288454e-11,0
train,4,data_4.csv,normal,4_73_96,24,73,96,43800,57600,0,1.9482346e-11,0
train,4,data_4.csv,normal,4_74_97,24,74,97,44400,58200,0,1.6316094e-11,0
train,4,data_4.csv,normal,4_75_98,24,75,98,45000,58800,0,1.4974546e-11,0
train,4,data_4.csv,normal,4_76_99,24,76,99,45600,59400,0,9.6987696e-12,0
train,4,data_4.csv,normal,4_77_100,24,77,100,46200,60000,0,6.424363e-12,0
train,4,data_4.csv,normal,4_78_101,24,78,101,46800,60600,0,4.904403e-12,0
train,4,data_4.csv,normal,4_79_102,24,79,102,47400,61200,0,2.3900873e-12,0
train,4,data_4.csv,normal,4_80_103,24,80,103,48000,61800,0,1.8356675e-12,0
train,4,data_4.csv,normal,4_81_104,24,81,104,48600,62400,0,1.1967058e-12,0
train,4,data_4.csv,normal,4_82_105,24,82,105,49200,63000,0,5.176819e-13,0
train,4,data_4.csv,normal,4_83_106,24,83,106,49800,63600,0,2.0770499e-13,0
train,4,data_4.csv,normal,4_84_107,24,84,107,50400,64200,0,6.444361e-14,0
train,4,data_4.csv,normal,4_85_108,24,85,108,51000,64800,0,1.3938537e-13,0
train,4,data_4.csv,normal,4_86_109,24,86,109,51600,65400,0,4.0893002e-13,0
train,4,data_4.csv,normal,4_87_110,24,87,110,52200,66000,0,6.338962e-13,0
train,4,data_4.csv,normal,4_88_111,24,88,111,52800,66600,0,5.095909e-13,0
train,4,data_4.csv,normal,4_89_112,24,89,112,53400,67200,0,5.1045474e-13,0
train,4,data_4.csv,normal,4_90_113,24,90,113,54000,67800,0,2.667692e-13,0
train,4,data_4.csv,normal,4_91_114,24,91,114,54600,68400,0,2.6960557e-13,0
train,4,data_4.csv,normal,4_92_115,24,92,115,55200,69000,0,3.1450542e-13,0
train,4,data_4.csv,normal,4_93_116,24,93,116,55800,69600,0,3.9698485e-13,0
train,4,data_4.csv,normal,4_94_117,24,94,117,56400,70200,0,4.4291927e-13,0
train,4,data_4.csv,normal,4_95_118,24,95,118,57000,70800,0,6.1156505e-13,0
train,4,data_4.csv,normal,4_96_119,24,96,119,57600,71400,0,1.33791e-12,0
train,4,data_4.csv,normal,4_97_120,24,97,120,58200,72000,0,1.1394745e-12,0
train,4,data_4.csv,normal,4_98_121,24,98,121,58800,72600,0,3.696927e-13,0
train,4,data_4.csv,normal,4_99_122,24,99,122,59400,73200,0,1.6440126e-13,0
train,4,data_4.csv,normal,4_100_123,24,100,123,60000,73800,0,2.0565785e-13,0
train,4,data_4.csv,normal,4_101_124,24,101,124,60600,74400,0,1.517369e-13,0
train,4,data_4.csv,normal,4_102_125,24,102,125,61200,75000,0,1.0134343e-13,0
train,4,data_4.csv,normal,4_103_126,24,103,126,61800,75600,0,4.7076512e-14,0
train,4,data_4.csv,normal,4_104_127,24,104,127,62400,76200,0,1.4571557e-14,0
train,4,data_4.csv,normal,4_105_128,24,105,128,63000,76800,0,1.2391535e-14,0
train,4,data_4.csv,normal,4_106_129,24,106,129,63600,77400,0,2.7969318e-14,0
train,4,data_4.csv,normal,4_107_130,24,107,130,64200,78000,0,4.652832e-14,0
train,4,data_4.csv,normal,4_108_131,24,108,131,64800,78600,0,8.829978e-14,0
train,4,data_4.csv,normal,4_109_132,24,109,132,65400,79200,0,1.7333088e-14,0
train,4,data_4.csv,normal,4_110_133,24,110,133,66000,79800,0,3.7550046e-15,0
train,4,data_4.csv,normal,4_111_134,24,111,134,66600,80400,0,1.8025304e-15,0
train,4,data_4.csv,normal,4_112_135,24,112,135,67200,81000,0,1.2741303e-15,0
train,4,data_4.csv,normal,4_113_136,24,113,136,67800,81600,0,5.427249e-16,0
train,4,data_4.csv,normal,4_114_137,24,114,137,68400,82200,0,2.9465375e-16,0
train,4,data_4.csv,normal,4_115_138,24,115,138,69000,82800,0,9.574111e-17,0
train,4,data_4.csv,normal,4_116_139,24,116,139,69600,83400,0,5.7298444e-17,0
train,4,data_4.csv,normal,4_117_140,24,117,140,70200,84000,0,3.001066e-17,0
train,4,data_4.csv,normal,4_118_141,24,118,141,70800,84600,0,9.67127e-18,0
train,4,data_4.csv,normal,4_119_142,24,119,142,71400,85200,0,2.5453286e-18,0
train,4,data_4.csv,normal,4_120_143,24,120,143,72000,85800,0,3.6834932e-19,0
train,4,data_4.csv,normal,4_121_144,24,121,144,72600,86400,0,7.80167e-20,0
train,6,data_6.csv,normal,6_0_23,24,0,23,0,13800,0,1.536801e-22,0
train,6,data_6.csv,normal,6_1_24,24,1,24,600,14400,0,1.7201969e-22,0
train,6,data_6.csv,normal,6_2_25,24,2,25,1200,15000,0,2.107782e-22,0
train,6,data_6.csv,normal,6_3_26,24,3,26,1800,15600,0,2.2984557e-22,0
train,6,data_6.csv,normal,6_4_27,24,4,27,2400,16200,0,2.1571165e-22,0
train,6,data_6.csv,normal,6_5_28,24,5,28,3000,16800,0,2.1276874e-22,0
train,6,data_6.csv,normal,6_6_29,24,6,29,3600,17400,0,1.961853e-22,0
train,6,data_6.csv,normal,6_7_30,24,7,30,4200,18000,0,2.65658e-22,0
train,6,data_6.csv,normal,6_8_31,24,8,31,4800,18600,0,3.7656494e-22,0
train,6,data_6.csv,normal,6_9_32,24,9,32,5400,19200,0,4.650418e-22,0
train,6,data_6.csv,normal,6_10_33,24,10,33,6000,19800,0,4.860729e-22,0
train,6,data_6.csv,normal,6_11_34,24,11,34,6600,20400,0,5.62516e-22,0
train,6,data_6.csv,normal,6_12_35,24,12,35,7200,21000,0,6.207062e-22,0
train,6,data_6.csv,normal,6_13_36,24,13,36,7800,21600,0,9.816733e-22,0
train,6,data_6.csv,normal,6_14_37,24,14,37,8400,22200,0,1.5048426e-21,0
train,6,data_6.csv,normal,6_15_38,24,15,38,9000,22800,0,2.0255357e-21,0
train,6,data_6.csv,normal,6_16_39,24,16,39,9600,23400,0,2.3578963e-21,0
train,6,data_6.csv,normal,6_17_40,24,17,40,10200,24000,0,3.1311494e-21,0
train,6,data_6.csv,normal,6_18_41,24,18,41,10800,24600,0,4.074965e-21,0
train,6,data_6.csv,normal,6_19_42,24,19,42,11400,25200,0,7.219133e-21,0
train,6,data_6.csv,normal,6_20_43,24,20,43,12000,25800,0,1.171361e-20,0
train,6,data_6.csv,normal,6_21_44,24,21,44,12600,26400,0,1.6886718e-20,0
train,6,data_6.csv,normal,6_22_45,24,22,45,13200,27000,0,2.1698944e-20,0
train,6,data_6.csv,normal,6_23_46,24,23,46,13800,27600,0,3.2500744e-20,0
train,6,data_6.csv,normal,6_24_47,24,24,47,14400,28200,0,4.8989132e-20,0
train,6,data_6.csv,normal,6_25_48,24,25,48,15000,28800,0,1.1935217e-19,0
train,6,data_6.csv,normal,6_26_49,24,26,49,15600,29400,0,2.7526485e-19,0
train,6,data_6.csv,normal,6_27_50,24,27,50,16200,30000,0,4.94007e-19,0
train,6,data_6.csv,normal,6_28_51,24,28,51,16800,30600,0,6.9775735e-19,0
train,6,data_6.csv,normal,6_29_52,24,29,52,17400,31200,0,1.243925e-18,0
train,6,data_6.csv,normal,6_30_53,24,30,53,18000,31800,0,2.0589123e-18,0
train,6,data_6.csv,normal,6_31_54,24,31,54,18600,32400,0,1.9182401e-17,0
train,6,data_6.csv,normal,6_32_55,24,32,55,19200,33000,0,2.3656323e-16,0
train,6,data_6.csv,normal,6_33_56,24,33,56,19800,33600,0,1.1778745e-15,0
train,6,data_6.csv,normal,6_34_57,24,34,57,20400,34200,0,2.0876802e-15,0
train,6,data_6.csv,normal,6_35_58,24,35,58,21000,34800,0,7.697161e-15,0
train,6,data_6.csv,normal,6_36_59,24,36,59,21600,35400,0,1.761182e-14,0
train,6,data_6.csv,normal,6_37_60,24,37,60,22200,36000,0,8.6207164e-13,0
train,6,data_6.csv,normal,6_38_61,24,38,61,22800,36600,0,1.733199e-11,0
train,6,data_6.csv,normal,6_39_62,24,39,62,23400,37200,0,3.7329185e-11,0
train,6,data_6.csv,normal,6_40_63,24,40,63,24000,37800,0,5.313324e-11,0
train,6,data_6.csv,normal,6_41_64,24,41,64,24600,38400,0,1.1700517e-10,0
train,6,data_6.csv,normal,6_42_65,24,42,65,25200,39000,0,2.5555158e-10,0
train,6,data_6.csv,normal,6_43_66,24,43,66,25800,39600,0,4.1473193e-08,0
train,6,data_6.csv,normal,6_44_67,24,44,67,26400,40200,0,4.265605e-08,0
train,6,data_6.csv,normal,6_45_68,24,45,68,27000,40800,0,7.1324216e-08,0
train,6,data_6.csv,normal,6_46_69,24,46,69,27600,41400,0,1.02411875e-07,0
train,6,data_6.csv,normal,6_47_70,24,47,70,28200,42000,0,4.0566832e-07,0
train,6,data_6.csv,normal,6_48_71,24,48,71,28800,42600,0,1.2302985e-06,0
train,6,data_6.csv,normal,6_49_72,24,49,72,29400,43200,0,7.7939e-05,0
train,6,data_6.csv,normal,6_50_73,24,50,73,30000,43800,0,6.0952912e-05,0
train,6,data_6.csv,normal,6_51_74,24,51,74,30600,44400,0,3.8931666e-05,0
train,6,data_6.csv,normal,6_52_75,24,52,75,31200,45000,0,0.00019358512,0
train,6,data_6.csv,normal,6_53_76,24,53,76,31800,45600,0,0.00064032915,0
train,6,data_6.csv,normal,6_54_77,24,54,77,32400,46200,0,0.0031064674,0
train,6,data_6.csv,normal,6_55_78,24,55,78,33000,46800,0,0.01824233,0
train,6,data_6.csv,normal,6_56_79,24,56,79,33600,47400,0,0.026044352,0
train,6,data_6.csv,normal,6_57_80,24,57,80,34200,48000,0,0.026853027,0
train,6,data_6.csv,normal,6_58_81,24,58,81,34800,48600,0,0.06749874,0
train,6,data_6.csv,normal,6_59_82,24,59,82,35400,49200,0,0.22199681,0
train,6,data_6.csv,normal,6_60_83,24,60,83,36000,49800,0,0.6094474,0
train,6,data_6.csv,normal,6_61_84,24,61,84,36600,50400,0,0.61933917,0
train,6,data_6.csv,normal,6_62_85,24,62,85,37200,51000,0,0.58808494,0
train,6,data_6.csv,normal,6_63_86,24,63,86,37800,51600,0,0.55206037,0
train,6,data_6.csv,normal,6_64_87,24,64,87,38400,52200,0,0.5299178,0
train,6,data_6.csv,normal,6_65_88,24,65,88,39000,52800,0,0.5541957,0
train,6,data_6.csv,normal,6_66_89,24,66,89,39600,53400,0,0.633763,0
train,6,data_6.csv,normal,6_67_90,24,67,90,40200,54000,0,0.66698784,0
train,6,data_6.csv,normal,6_68_91,24,68,91,40800,54600,0,0.6803778,0
train,6,data_6.csv,normal,6_69_92,24,69,92,41400,55200,0,0.663052,0
train,6,data_6.csv,normal,6_70_93,24,70,93,42000,55800,0,0.6680276,0
train,6,data_6.csv,normal,6_71_94,24,71,94,42600,56400,0,0.67615867,0
train,6,data_6.csv,normal,6_72_95,24,72,95,43200,57000,0,0.70736533,0
train,6,data_6.csv,normal,6_73_96,24,73,96,43800,57600,0,0.7304948,0
train,6,data_6.csv,normal,6_74_97,24,74,97,44400,58200,0,0.7399778,0
train,6,data_6.csv,normal,6_75_98,24,75,98,45000,58800,0,0.73242956,0
train,6,data_6.csv,normal,6_76_99,24,76,99,45600,59400,0,0.73637766,0
train,6,data_6.csv,normal,6_77_100,24,77,100,46200,60000,0,0.7392839,0
train,6,data_6.csv,normal,6_78_101,24,78,101,46800,60600,0,0.75454724,1
train,6,data_6.csv,normal,6_79_102,24,79,102,47400,61200,0,0.7517486,1
train,6,data_6.csv,normal,6_80_103,24,80,103,48000,61800,0,0.75017846,1
train,6,data_6.csv,normal,6_81_104,24,81,104,48600,62400,0,0.7460218,0
train,6,data_6.csv,normal,6_82_105,24,82,105,49200,63000,0,0.7440871,0
train,6,data_6.csv,normal,6_83_106,24,83,106,49800,63600,0,0.745271,0
train,6,data_6.csv,normal,6_84_107,24,84,107,50400,64200,0,0.7428701,0
train,6,data_6.csv,normal,6_85_108,24,85,108,51000,64800,0,0.70462674,0
train,6,data_6.csv,normal,6_86_109,24,86,109,51600,65400,0,0.67940015,0
train,6,data_6.csv,normal,6_87_110,24,87,110,52200,66000,0,0.68006873,0
train,6,data_6.csv,normal,6_88_111,24,88,111,52800,66600,0,0.681082,0
train,6,data_6.csv,normal,6_89_112,24,89,112,53400,67200,0,0.6939306,0
train,6,data_6.csv,normal,6_90_113,24,90,113,54000,67800,0,0.7086136,0
train,6,data_6.csv,normal,6_91_114,24,91,114,54600,68400,0,0.6763135,0
train,6,data_6.csv,normal,6_92_115,24,92,115,55200,69000,0,0.3916792,0
train,6,data_6.csv,normal,6_93_116,24,93,116,55800,69600,0,0.36215883,0
train,6,data_6.csv,normal,6_94_117,24,94,117,56400,70200,0,0.26932296,0
train,6,data_6.csv,normal,6_95_118,24,95,118,57000,70800,0,0.45647052,0
train,6,data_6.csv,normal,6_96_119,24,96,119,57600,71400,0,0.53344625,0
train,6,data_6.csv,normal,6_97_120,24,97,120,58200,72000,0,0.5329109,0
train,6,data_6.csv,normal,6_98_121,24,98,121,58800,72600,0,0.011790114,0
train,6,data_6.csv,normal,6_99_122,24,99,122,59400,73200,0,0.0010388899,0
train,6,data_6.csv,normal,6_100_123,24,100,123,60000,73800,0,0.00042798498,0
train,6,data_6.csv,normal,6_101_124,24,101,124,60600,74400,0,0.00034011353,0
train,6,data_6.csv,normal,6_102_125,24,102,125,61200,75000,0,0.00016327077,0
train,6,data_6.csv,normal,6_103_126,24,103,126,61800,75600,0,0.0002595185,0
train,6,data_6.csv,normal,6_104_127,24,104,127,62400,76200,0,5.425074e-06,0
train,6,data_6.csv,normal,6_105_128,24,105,128,63000,76800,0,4.2838265e-06,0
train,6,data_6.csv,normal,6_106_129,24,106,129,63600,77400,0,3.412463e-06,0
train,6,data_6.csv,normal,6_107_130,24,107,130,64200,78000,0,3.1010775e-06,0
train,6,data_6.csv,normal,6_108_131,24,108,131,64800,78600,0,2.4021886e-06,0
train,6,data_6.csv,normal,6_109_132,24,109,132,65400,79200,0,1.3129071e-06,0
train,6,data_6.csv,normal,6_110_133,24,110,133,66000,79800,0,2.4662634e-07,0
train,6,data_6.csv,normal,6_111_134,24,111,134,66600,80400,0,2.3193782e-07,0
train,6,data_6.csv,normal,6_112_135,24,112,135,67200,81000,0,2.2422674e-07,0
train,6,data_6.csv,normal,6_113_136,24,113,136,67800,81600,0,5.457426e-08,0
train,6,data_6.csv,normal,6_114_137,24,114,137,68400,82200,0,2.1048e-08,0
train,6,data_6.csv,normal,6_115_138,24,115,138,69000,82800,0,6.6232366e-09,0
train,6,data_6.csv,normal,6_116_139,24,116,139,69600,83400,0,2.0954378e-09,0
train,6,data_6.csv,normal,6_117_140,24,117,140,70200,84000,0,5.2707316e-10,0
train,6,data_6.csv,normal,6_118_141,24,118,141,70800,84600,0,9.025194e-11,0
train,6,data_6.csv,normal,6_119_142,24,119,142,71400,85200,0,5.260632e-12,0
train,6,data_6.csv,normal,6_120_143,24,120,143,72000,85800,0,9.7773454e-14,0
train,6,data_6.csv,normal,6_121_144,24,121,144,72600,86400,0,1.6797851e-14,0
train,7,data_7.csv,normal,7_0_23,24,0,23,0,13800,0,6.938296e-25,0
train,7,data_7.csv,normal,7_1_24,24,1,24,600,14400,0,6.938296e-25,0
train,7,data_7.csv,normal,7_2_25,24,2,25,1200,15000,0,6.938296e-25,0
train,7,data_7.csv,normal,7_3_26,24,3,26,1800,15600,0,6.938296e-25,0
train,7,data_7.csv,normal,7_4_27,24,4,27,2400,16200,0,6.938296e-25,0
train,7,data_7.csv,normal,7_5_28,24,5,28,3000,16800,0,6.938296e-25,0
train,7,data_7.csv,normal,7_6_29,24,6,29,3600,17400,0,6.938296e-25,0
train,7,data_7.csv,normal,7_7_30,24,7,30,4200,18000,0,1.8341304e-24,0
train,7,data_7.csv,normal,7_8_31,24,8,31,4800,18600,0,6.4289324e-24,0
train,7,data_7.csv,normal,7_9_32,24,9,32,5400,19200,0,1.3346656e-23,0
train,7,data_7.csv,normal,7_10_33,24,10,33,6000,19800,0,1.4441639e-23,0
train,7,data_7.csv,normal,7_11_34,24,11,34,6600,20400,0,2.1020718e-23,0
train,7,data_7.csv,normal,7_12_35,24,12,35,7200,21000,0,2.0758551e-23,0
train,7,data_7.csv,normal,7_13_36,24,13,36,7800,21600,0,5.952557e-23,0
train,7,data_7.csv,normal,7_14_37,24,14,37,8400,22200,0,2.527964e-22,0
train,7,data_7.csv,normal,7_15_38,24,15,38,9000,22800,0,6.8768577e-22,0
train,7,data_7.csv,normal,7_16_39,24,16,39,9600,23400,0,8.3063156e-22,0
train,7,data_7.csv,normal,7_17_40,24,17,40,10200,24000,0,1.7141386e-21,0
train,7,data_7.csv,normal,7_18_41,24,18,41,10800,24600,0,3.9355896e-21,0
train,7,data_7.csv,normal,7_19_42,24,19,42,11400,25200,0,2.7096201e-20,0
train,7,data_7.csv,normal,7_20_43,24,20,43,12000,25800,0,1.3971419e-19,0
train,7,data_7.csv,normal,7_21_44,24,21,44,12600,26400,0,3.7513034e-19,0
train,7,data_7.csv,normal,7_22_45,24,22,45,13200,27000,0,6.8550773e-19,0
train,7,data_7.csv,normal,7_23_46,24,23,46,13800,27600,0,1.772417e-18,0
train,7,data_7.csv,normal,7_24_47,24,24,47,14400,28200,0,3.3370912e-18,0
train,7,data_7.csv,normal,7_25_48,24,25,48,15000,28800,0,2.1900722e-17,0
train,7,data_7.csv,normal,7_26_49,24,26,49,15600,29400,0,8.322861e-17,0
train,7,data_7.csv,normal,7_27_50,24,27,50,16200,30000,0,2.5995169e-16,0
train,7,data_7.csv,normal,7_28_51,24,28,51,16800,30600,0,8.464225e-16,0
train,7,data_7.csv,normal,7_29_52,24,29,52,17400,31200,0,4.1930236e-15,0
train,7,data_7.csv,normal,7_30_53,24,30,53,18000,31800,0,2.7271688e-14,0
train,7,data_7.csv,normal,7_31_54,24,31,54,18600,32400,0,1.0063535e-13,0
train,7,data_7.csv,normal,7_32_55,24,32,55,19200,33000,0,2.066503e-13,0
train,7,data_7.csv,normal,7_33_56,24,33,56,19800,33600,0,4.1493344e-13,0
train,7,data_7.csv,normal,7_34_57,24,34,57,20400,34200,0,1.2594996e-12,0
train,7,data_7.csv,normal,7_35_58,24,35,58,21000,34800,0,4.245176e-12,0
train,7,data_7.csv,normal,7_36_59,24,36,59,21600,35400,0,2.1813159e-11,0
train,7,data_7.csv,normal,7_37_60,24,37,60,22200,36000,0,7.593542e-11,0
train,7,data_7.csv,normal,7_38_61,24,38,61,22800,36600,0,1.7883063e-10,0
train,7,data_7.csv,normal,7_39_62,24,39,62,23400,37200,0,3.8667994e-10,0
train,7,data_7.csv,normal,7_40_63,24,40,63,24000,37800,0,1.2360619e-09,0
train,7,data_7.csv,normal,7_41_64,24,41,64,24600,38400,0,3.9922186e-09,0
train,7,data_7.csv,normal,7_42_65,24,42,65,25200,39000,0,1.6571608e-08,0
train,7,data_7.csv,normal,7_43_66,24,43,66,25800,39600,0,1.2987425e-07,0
train,7,data_7.csv,normal,7_44_67,24,44,67,26400,40200,0,1.0609489e-06,0
train,7,data_7.csv,normal,7_45_68,24,45,68,27000,40800,0,3.1020743e-06,0
train,7,data_7.csv,normal,7_46_69,24,46,69,27600,41400,0,4.1777935e-06,0
train,7,data_7.csv,normal,7_47_70,24,47,70,28200,42000,0,9.355379e-06,0
train,7,data_7.csv,normal,7_48_71,24,48,71,28800,42600,0,1.9952524e-05,0
train,7,data_7.csv,normal,7_49_72,24,49,72,29400,43200,0,4.1753246e-05,0
train,7,data_7.csv,normal,7_50_73,24,50,73,30000,43800,0,2.8628843e-05,0
train,7,data_7.csv,normal,7_51_74,24,51,74,30600,44400,0,3.2622153e-05,0
train,7,data_7.csv,normal,7_52_75,24,52,75,31200,45000,0,4.4848886e-05,0
train,7,data_7.csv,normal,7_53_76,24,53,76,31800,45600,0,8.091569e-05,0
train,7,data_7.csv,normal,7_54_77,24,54,77,32400,46200,0,0.00013903381,0
train,7,data_7.csv,normal,7_55_78,24,55,78,33000,46800,0,0.00010301073,0
train,7,data_7.csv,normal,7_56_79,24,56,79,33600,47400,0,4.4533423e-05,0
train,7,data_7.csv,normal,7_57_80,24,57,80,34200,48000,0,2.6820131e-05,0
train,7,data_7.csv,normal,7_58_81,24,58,81,34800,48600,0,5.5564436e-05,0
train,7,data_7.csv,normal,7_59_82,24,59,82,35400,49200,0,6.539176e-05,0
train,7,data_7.csv,normal,7_60_83,24,60,83,36000,49800,0,0.00014853438,0
train,7,data_7.csv,normal,7_61_84,24,61,84,36600,50400,0,0.00016547911,0
train,7,data_7.csv,normal,7_62_85,24,62,85,37200,51000,0,0.00010985959,0
train,7,data_7.csv,normal,7_63_86,24,63,86,37800,51600,0,9.8023855e-05,0
train,7,data_7.csv,normal,7_64_87,24,64,87,38400,52200,0,0.0002831125,0
train,7,data_7.csv,normal,7_65_88,24,65,88,39000,52800,0,0.0012121975,0
train,7,data_7.csv,normal,7_66_89,24,66,89,39600,53400,0,0.013356323,0
train,7,data_7.csv,normal,7_67_90,24,67,90,40200,54000,0,0.0093341535,0
train,7,data_7.csv,normal,7_68_91,24,68,91,40800,54600,0,0.0040695965,0
train,7,data_7.csv,normal,7_69_92,24,69,92,41400,55200,0,0.010828608,0
train,7,data_7.csv,normal,7_70_93,24,70,93,42000,55800,0,0.016996467,0
train,7,data_7.csv,normal,7_71_94,24,71,94,42600,56400,0,0.018683823,0
train,7,data_7.csv,normal,7_72_95,24,72,95,43200,57000,0,0.023045536,0
train,7,data_7.csv,normal,7_73_96,24,73,96,43800,57600,0,0.014546778,0
train,7,data_7.csv,normal,7_74_97,24,74,97,44400,58200,0,0.005195718,0
train,7,data_7.csv,normal,7_75_98,24,75,98,45000,58800,0,0.0033163622,0
train,7,data_7.csv,normal,7_76_99,24,76,99,45600,59400,0,0.0023074357,0
train,7,data_7.csv,normal,7_77_100,24,77,100,46200,60000,0,0.0008145669,0
train,7,data_7.csv,normal,7_78_101,24,78,101,46800,60600,0,0.00029917306,0
train,7,data_7.csv,normal,7_79_102,24,79,102,47400,61200,0,0.00019529203,0
train,7,data_7.csv,normal,7_80_103,24,80,103,48000,61800,0,0.00020532106,0
train,7,data_7.csv,normal,7_81_104,24,81,104,48600,62400,0,0.00017528301,0
train,7,data_7.csv,normal,7_82_105,24,82,105,49200,63000,0,6.954425e-05,0
train,7,data_7.csv,normal,7_83_106,24,83,106,49800,63600,0,2.1304015e-05,0
train,7,data_7.csv,normal,7_84_107,24,84,107,50400,64200,0,3.17219e-06,0
train,7,data_7.csv,normal,7_85_108,24,85,108,51000,64800,0,3.1158077e-06,0
train,7,data_7.csv,normal,7_86_109,24,86,109,51600,65400,0,7.312255e-06,0
train,7,data_7.csv,normal,7_87_110,24,87,110,52200,66000,0,9.44108e-06,0
train,7,data_7.csv,normal,7_88_111,24,88,111,52800,66600,0,4.5365077e-06,0
train,7,data_7.csv,normal,7_89_112,24,89,112,53400,67200,0,3.3834315e-06,0
train,7,data_7.csv,normal,7_90_113,24,90,113,54000,67800,0,2.1717417e-06,0
train,7,data_7.csv,normal,7_91_114,24,91,114,54600,68400,0,6.817751e-06,0
train,7,data_7.csv,normal,7_92_115,24,92,115,55200,69000,0,2.1371696e-05,0
train,7,data_7.csv,normal,7_93_116,24,93,116,55800,69600,0,2.158947e-05,0
train,7,data_7.csv,normal,7_94_117,24,94,117,56400,70200,0,1.4840179e-05,0
train,7,data_7.csv,normal,7_95_118,24,95,118,57000,70800,0,1.4781534e-05,0
train,7,data_7.csv,normal,7_96_119,24,96,119,57600,71400,0,9.683843e-06,0
train,7,data_7.csv,normal,7_97_120,24,97,120,58200,72000,0,3.1850855e-06,0
train,7,data_7.csv,normal,7_98_121,24,98,121,58800,72600,0,7.5343786e-07,0
train,7,data_7.csv,normal,7_99_122,24,99,122,59400,73200,0,3.0734444e-07,0
train,7,data_7.csv,normal,7_100_123,24,100,123,60000,73800,0,3.7264402e-07,0
train,7,data_7.csv,normal,7_101_124,24,101,124,60600,74400,0,3.2315074e-07,0
train,7,data_7.csv,normal,7_102_125,24,102,125,61200,75000,0,4.631318e-07,0
train,7,data_7.csv,normal,7_103_126,24,103,126,61800,75600,0,7.818729e-08,0
train,7,data_7.csv,normal,7_104_127,24,104,127,62400,76200,0,1.5532607e-09,0
train,7,data_7.csv,normal,7_105_128,24,105,128,63000,76800,0,2.7569066e-10,0
train,7,data_7.csv,normal,7_106_129,24,106,129,63600,77400,0,3.9599027e-10,0
train,7,data_7.csv,normal,7_107_130,24,107,130,64200,78000,0,2.5787097e-10,0
train,7,data_7.csv,normal,7_108_131,24,108,131,64800,78600,0,3.51369e-10,0
train,7,data_7.csv,normal,7_109_132,24,109,132,65400,79200,0,1.877374e-10,0
train,7,data_7.csv,normal,7_110_133,24,110,133,66000,79800,0,3.6693645e-11,0
train,7,data_7.csv,normal,7_111_134,24,111,134,66600,80400,0,2.6876586e-11,0
train,7,data_7.csv,normal,7_112_135,24,112,135,67200,81000,0,3.6880707e-11,0
train,7,data_7.csv,normal,7_113_136,24,113,136,67800,81600,0,1.7509957e-11,0
train,7,data_7.csv,normal,7_114_137,24,114,137,68400,82200,0,5.6605016e-12,0
train,7,data_7.csv,normal,7_115_138,24,115,138,69000,82800,0,3.1779419e-13,0
train,7,data_7.csv,normal,7_116_139,24,116,139,69600,83400,0,7.4716695e-14,0
train,7,data_7.csv,normal,7_117_140,24,117,140,70200,84000,0,3.7623262e-14,0
train,7,data_7.csv,normal,7_118_141,24,118,141,70800,84600,0,6.7217324e-15,0
train,7,data_7.csv,normal,7_119_142,24,119,142,71400,85200,0,7.1108633e-16,0
train,7,data_7.csv,normal,7_120_143,24,120,143,72000,85800,0,1.3756775e-16,0
train,7,data_7.csv,normal,7_121_144,24,121,144,72600,86400,0,2.3910159e-17,0
train,8,data_8.csv,normal,8_0_23,24,0,23,0,13800,0,6.9069606e-22,0
train,8,data_8.csv,normal,8_1_24,24,1,24,600,14400,0,2.147495e-21,0
train,8,data_8.csv,normal,8_2_25,24,2,25,1200,15000,0,5.552739e-21,0
train,8,data_8.csv,normal,8_3_26,24,3,26,1800,15600,0,1.1451696e-20,0
train,8,data_8.csv,normal,8_4_27,24,4,27,2400,16200,0,1.981977e-20,0
train,8,data_8.csv,normal,8_5_28,24,5,28,3000,16800,0,4.566446e-20,0
train,8,data_8.csv,normal,8_6_29,24,6,29,3600,17400,0,1.0555559e-19,0
train,8,data_8.csv,normal,8_7_30,24,7,30,4200,18000,0,6.5929914e-19,0
train,8,data_8.csv,normal,8_8_31,24,8,31,4800,18600,0,4.0368023e-18,0
train,8,data_8.csv,normal,8_9_32,24,9,32,5400,19200,0,1.4062654e-17,0
train,8,data_8.csv,normal,8_10_33,24,10,33,6000,19800,0,2.82277e-17,0
train,8,data_8.csv,normal,8_11_34,24,11,34,6600,20400,0,9.151551e-17,0
train,8,data_8.csv,normal,8_12_35,24,12,35,7200,21000,0,2.50057e-16,0
train,8,data_8.csv,normal,8_13_36,24,13,36,7800,21600,0,2.8030614e-15,0
train,8,data_8.csv,normal,8_14_37,24,14,37,8400,22200,0,3.542849e-14,0
train,8,data_8.csv,normal,8_15_38,24,15,38,9000,22800,0,1.8634684e-13,0
train,8,data_8.csv,normal,8_16_39,24,16,39,9600,23400,0,4.181567e-13,0
train,8,data_8.csv,normal,8_17_40,24,17,40,10200,24000,0,1.700116e-12,0
train,8,data_8.csv,normal,8_18_41,24,18,41,10800,24600,0,5.9291795e-12,0
train,8,data_8.csv,normal,8_19_42,24,19,42,11400,25200,0,6.734695e-11,0
train,8,data_8.csv,normal,8_20_43,24,20,43,12000,25800,0,9.54433e-11,0
train,8,data_8.csv,normal,8_21_44,24,21,44,12600,26400,0,1.7223217e-10,0
train,8,data_8.csv,normal,8_22_45,24,22,45,13200,27000,0,4.3968693e-10,0
train,8,data_8.csv,normal,8_23_46,24,23,46,13800,27600,0,1.3086754e-09,0
train,8,data_8.csv,normal,8_24_47,24,24,47,14400,28200,0,3.3266268e-09,0
train,8,data_8.csv,normal,8_25_48,24,25,48,15000,28800,0,1.1334054e-08,0
train,8,data_8.csv,normal,8_26_49,24,26,49,15600,29400,0,1.2565867e-08,0
train,8,data_8.csv,normal,8_27_50,24,27,50,16200,30000,0,1.3916338e-08,0
train,8,data_8.csv,normal,8_28_51,24,28,51,16800,30600,0,4.9347292e-08,0
train,8,data_8.csv,normal,8_29_52,24,29,52,17400,31200,0,1.8033835e-07,0
train,8,data_8.csv,normal,8_30_53,24,30,53,18000,31800,0,1.2441575e-06,0
train,8,data_8.csv,normal,8_31_54,24,31,54,18600,32400,0,3.8589974e-06,0
train,8,data_8.csv,normal,8_32_55,24,32,55,19200,33000,0,7.117756e-06,0
train,8,data_8.csv,normal,8_33_56,24,33,56,19800,33600,0,2.3888218e-05,0
train,8,data_8.csv,normal,8_34_57,24,34,57,20400,34200,0,0.00015416039,0
train,8,data_8.csv,normal,8_35_58,24,35,58,21000,34800,0,0.0011470349,0
train,8,data_8.csv,normal,8_36_59,24,36,59,21600,35400,0,0.037940994,0
train,8,data_8.csv,normal,8_37_60,24,37,60,22200,36000,0,0.059833944,0
train,8,data_8.csv,normal,8_38_61,24,38,61,22800,36600,0,0.10276467,0
train,8,data_8.csv,normal,8_39_62,24,39,62,23400,37200,0,0.2126236,0
train,8,data_8.csv,normal,8_40_63,24,40,63,24000,37800,0,0.38867345,0
train,8,data_8.csv,normal,8_41_64,24,41,64,24600,38400,0,0.65794665,0
train,8,data_8.csv,normal,8_42_65,24,42,65,25200,39000,0,0.8508951,1
train,8,data_8.csv,normal,8_43_66,24,43,66,25800,39600,0,0.8517422,1
train,8,data_8.csv,normal,8_44_67,24,44,67,26400,40200,0,0.8531599,1
train,8,data_8.csv,normal,8_45_68,24,45,68,27000,40800,0,0.8403403,1
train,8,data_8.csv,normal,8_46_69,24,46,69,27600,41400,0,0.828951,1
train,8,data_8.csv,normal,8_47_70,24,47,70,28200,42000,0,0.81104785,1
train,8,data_8.csv,normal,8_48_71,24,48,71,28800,42600,0,0.79544586,1
train,8,data_8.csv,normal,8_49_72,24,49,72,29400,43200,0,0.781706,1
train,8,data_8.csv,normal,8_50_73,24,50,73,30000,43800,0,0.76964813,1
train,8,data_8.csv,normal,8_51_74,24,51,74,30600,44400,0,0.7298529,0
train,8,data_8.csv,normal,8_52_75,24,52,75,31200,45000,0,0.69689935,0
train,8,data_8.csv,normal,8_53_76,24,53,76,31800,45600,0,0.6493534,0
train,8,data_8.csv,normal,8_54_77,24,54,77,32400,46200,0,0.6001395,0
train,8,data_8.csv,normal,8_55_78,24,55,78,33000,46800,0,0.5647301,0
train,8,data_8.csv,normal,8_56_79,24,56,79,33600,47400,0,0.53620607,0
train,8,data_8.csv,normal,8_57_80,24,57,80,34200,48000,0,0.48063803,0
train,8,data_8.csv,normal,8_58_81,24,58,81,34800,48600,0,0.43894574,0
train,8,data_8.csv,normal,8_59_82,24,59,82,35400,49200,0,0.3775323,0
train,8,data_8.csv,normal,8_60_83,24,60,83,36000,49800,0,0.3045292,0
train,8,data_8.csv,normal,8_61_84,24,61,84,36600,50400,0,0.26282126,0
train,8,data_8.csv,normal,8_62_85,24,62,85,37200,51000,0,0.23966548,0
train,8,data_8.csv,normal,8_63_86,24,63,86,37800,51600,0,0.2091341,0
train,8,data_8.csv,normal,8_64_87,24,64,87,38400,52200,0,0.19012667,0
train,8,data_8.csv,normal,8_65_88,24,65,88,39000,52800,0,0.16355535,0
train,8,data_8.csv,normal,8_66_89,24,66,89,39600,53400,0,0.14186004,0
train,8,data_8.csv,normal,8_67_90,24,67,90,40200,54000,0,0.12787174,0
train,8,data_8.csv,normal,8_68_91,24,68,91,40800,54600,0,0.12064544,0
train,8,data_8.csv,normal,8_69_92,24,69,92,41400,55200,0,0.11311958,0
train,8,data_8.csv,normal,8_70_93,24,70,93,42000,55800,0,0.10938987,0
train,8,data_8.csv,normal,8_71_94,24,71,94,42600,56400,0,0.10676768,0
train,8,data_8.csv,normal,8_72_95,24,72,95,43200,57000,0,0.10939699,0
train,8,data_8.csv,normal,8_73_96,24,73,96,43800,57600,0,0.10671959,0
train,8,data_8.csv,normal,8_74_97,24,74,97,44400,58200,0,0.107596934,0
train,8,data_8.csv,normal,8_75_98,24,75,98,45000,58800,0,0.10572138,0
train,8,data_8.csv,normal,8_76_99,24,76,99,45600,59400,0,0.10562377,0
train,8,data_8.csv,normal,8_77_100,24,77,100,46200,60000,0,0.10477733,0
train,8,data_8.csv,normal,8_78_101,24,78,101,46800,60600,0,0.10703112,0
train,8,data_8.csv,normal,8_79_102,24,79,102,47400,61200,0,0.105858296,0
train,8,data_8.csv,normal,8_80_103,24,80,103,48000,61800,0,0.105224416,0
train,8,data_8.csv,normal,8_81_104,24,81,104,48600,62400,0,0.1032098,0
train,8,data_8.csv,normal,8_82_105,24,82,105,49200,63000,0,0.10254711,0
train,8,data_8.csv,normal,8_83_106,24,83,106,49800,63600,0,0.100777306,0
train,8,data_8.csv,normal,8_84_107,24,84,107,50400,64200,0,0.09970185,0
train,8,data_8.csv,normal,8_85_108,24,85,108,51000,64800,0,0.09802579,0
train,8,data_8.csv,normal,8_86_109,24,86,109,51600,65400,0,0.09682405,0
train,8,data_8.csv,normal,8_87_110,24,87,110,52200,66000,0,0.09454293,0
train,8,data_8.csv,normal,8_88_111,24,88,111,52800,66600,0,0.09355725,0
train,8,data_8.csv,normal,8_89_112,24,89,112,53400,67200,0,0.09217172,0
train,8,data_8.csv,normal,8_90_113,24,90,113,54000,67800,0,0.09094229,0
train,8,data_8.csv,normal,8_91_114,24,91,114,54600,68400,0,0.088452384,0
train,8,data_8.csv,normal,8_92_115,24,92,115,55200,69000,0,0.08761155,0
train,8,data_8.csv,normal,8_93_116,24,93,116,55800,69600,0,0.0867587,0
train,8,data_8.csv,normal,8_94_117,24,94,117,56400,70200,0,0.08642602,0
train,8,data_8.csv,normal,8_95_118,24,95,118,57000,70800,0,0.0875243,0
train,8,data_8.csv,normal,8_96_119,24,96,119,57600,71400,0,0.089066215,0
train,8,data_8.csv,normal,8_97_120,24,97,120,58200,72000,0,0.08082606,0
train,8,data_8.csv,normal,8_98_121,24,98,121,58800,72600,0,0.07661865,0
train,8,data_8.csv,normal,8_99_122,24,99,122,59400,73200,0,0.0762804,0
train,8,data_8.csv,normal,8_100_123,24,100,123,60000,73800,0,0.076929085,0
train,8,data_8.csv,normal,8_101_124,24,101,124,60600,74400,0,0.08260044,0
train,8,data_8.csv,normal,8_102_125,24,102,125,61200,75000,0,0.08895849,0
train,8,data_8.csv,normal,8_103_126,24,103,126,61800,75600,0,0.08220901,0
train,8,data_8.csv,normal,8_104_127,24,104,127,62400,76200,0,0.057120483,0
train,8,data_8.csv,normal,8_105_128,24,105,128,63000,76800,0,0.039668273,0
train,8,data_8.csv,normal,8_106_129,24,106,129,63600,77400,0,0.03465335,0
train,8,data_8.csv,normal,8_107_130,24,107,130,64200,78000,0,0.03017703,0
train,8,data_8.csv,normal,8_108_131,24,108,131,64800,78600,0,0.031399764,0
train,8,data_8.csv,normal,8_109_132,24,109,132,65400,79200,0,0.039976478,0
train,8,data_8.csv,normal,8_110_133,24,110,133,66000,79800,0,0.0016806505,0
train,8,data_8.csv,normal,8_111_134,24,111,134,66600,80400,0,0.00038164176,0
train,8,data_8.csv,normal,8_112_135,24,112,135,67200,81000,0,0.00014883067,0
train,8,data_8.csv,normal,8_113_136,24,113,136,67800,81600,0,8.3817686e-05,0
train,8,data_8.csv,normal,8_114_137,24,114,137,68400,82200,0,7.254617e-05,0
train,8,data_8.csv,normal,8_115_138,24,115,138,69000,82800,0,2.6353695e-05,0
train,8,data_8.csv,normal,8_116_139,24,116,139,69600,83400,0,1.8328326e-07,0
train,8,data_8.csv,normal,8_117_140,24,117,140,70200,84000,0,2.985653e-08,0
train,8,data_8.csv,normal,8_118_141,24,118,141,70800,84600,0,8.607393e-09,0
train,8,data_8.csv,normal,8_119_142,24,119,142,71400,85200,0,2.7234746e-09,0
train,8,data_8.csv,normal,8_120_143,24,120,143,72000,85800,0,6.67616e-10,0
train,8,data_8.csv,normal,8_121_144,24,121,144,72600,86400,0,1.4631632e-10,0
train,12,data_12.csv,persistent_leak,12_0_23,24,0,23,0,13800,0,4.5575314e-22,0
train,12,data_12.csv,persistent_leak,12_1_24,24,1,24,600,14400,0,2.7214366e-22,0
train,12,data_12.csv,persistent_leak,12_2_25,24,2,25,1200,15000,0,2.0835276e-22,0
train,12,data_12.csv,persistent_leak,12_3_26,24,3,26,1800,15600,0,1.494208e-22,0
train,12,data_12.csv,persistent_leak,12_4_27,24,4,27,2400,16200,0,9.074177e-23,0
train,12,data_12.csv,persistent_leak,12_5_28,24,5,28,3000,16800,0,4.968996e-23,0
train,12,data_12.csv,persistent_leak,12_6_29,24,6,29,3600,17400,0,2.2787677e-23,0
train,12,data_12.csv,persistent_leak,12_7_30,24,7,30,4200,18000,0,1.9570606e-23,0
train,12,data_12.csv,persistent_leak,12_8_31,24,8,31,4800,18600,0,2.0777326e-23,0
train,12,data_12.csv,persistent_leak,12_9_32,24,9,32,5400,19200,0,1.9090435e-23,0
train,12,data_12.csv,persistent_leak,12_10_33,24,10,33,6000,19800,0,1.3976455e-23,0
train,12,data_12.csv,persistent_leak,12_11_34,24,11,34,6600,20400,0,1.0188598e-23,0
train,12,data_12.csv,persistent_leak,12_12_35,24,12,35,7200,21000,0,6.2454134e-24,0
train,12,data_12.csv,persistent_leak,12_13_36,24,13,36,7800,21600,0,7.548596e-24,0
train,12,data_12.csv,persistent_leak,12_14_37,24,14,37,8400,22200,0,1.0925976e-23,0
train,12,data_12.csv,persistent_leak,12_15_38,24,15,38,9000,22800,0,1.2871539e-23,0
train,12,data_12.csv,persistent_leak,12_16_39,24,16,39,9600,23400,0,1.138838e-23,0
train,12,data_12.csv,persistent_leak,12_17_40,24,17,40,10200,24000,0,1.1212418e-23,0
train,12,data_12.csv,persistent_leak,12_18_41,24,18,41,10800,24600,0,9.798316e-24,0
train,12,data_12.csv,persistent_leak,12_19_42,24,19,42,11400,25200,0,1.5655216e-23,0
train,12,data_12.csv,persistent_leak,12_20_43,24,20,43,12000,25800,0,2.596653e-23,0
train,12,data_12.csv,persistent_leak,12_21_44,24,21,44,12600,26400,0,3.5336005e-23,0
train,12,data_12.csv,persistent_leak,12_22_45,24,22,45,13200,27000,0,3.777935e-23,0
train,12,data_12.csv,persistent_leak,12_23_46,24,23,46,13800,27600,0,4.6953534e-23,0
train,12,data_12.csv,persistent_leak,12_24_47,24,24,47,14400,28200,0,5.4907224e-23,0
train,12,data_12.csv,persistent_leak,12_25_48,24,25,48,15000,28800,0,1.0711016e-22,0
train,12,data_12.csv,persistent_leak,12_26_49,24,26,49,15600,29400,0,1.8657183e-22,0
train,12,data_12.csv,persistent_leak,12_27_50,24,27,50,16200,30000,0,2.7831268e-22,0
train,12,data_12.csv,persistent_leak,12_28_51,24,28,51,16800,30600,0,3.619553e-22,0
train,12,data_12.csv,persistent_leak,12_29_52,24,29,52,17400,31200,0,5.574788e-22,0
train,12,data_12.csv,persistent_leak,12_30_53,24,30,53,18000,31800,0,8.4092305e-22,0
train,12,data_12.csv,persistent_leak,12_31_54,24,31,54,18600,32400,0,6.1330188e-21,0
train,12,data_12.csv,persistent_leak,12_32_55,24,32,55,19200,33000,0,5.0618697e-20,0
train,12,data_12.csv,persistent_leak,12_33_56,24,33,56,19800,33600,0,1.9475766e-19,0
train,12,data_12.csv,persistent_leak,12_34_57,24,34,57,20400,34200,0,3.2682526e-19,0
train,12,data_12.csv,persistent_leak,12_35_58,24,35,58,21000,34800,0,9.399421e-19,0
train,12,data_12.csv,persistent_leak,12_36_59,24,36,59,21600,35400,0,1.733679e-18,0
train,12,data_12.csv,persistent_leak,12_37_60,24,37,60,22200,36000,0,4.394615e-17,0
train,12,data_12.csv,persistent_leak,12_38_61,24,38,61,22800,36600,0,2.0654056e-15,0
train,12,data_12.csv,persistent_leak,12_39_62,24,39,62,23400,37200,0,1.4906132e-14,0
train,12,data_12.csv,persistent_leak,12_40_63,24,40,63,24000,37800,0,2.7000685e-14,0
train,12,data_12.csv,persistent_leak,12_41_64,24,41,64,24600,38400,0,1.2899992e-13,0
train,12,data_12.csv,persistent_leak,12_42_65,24,42,65,25200,39000,0,4.095826e-13,0
train,12,data_12.csv,persistent_leak,12_43_66,24,43,66,25800,39600,0,1.0716717e-11,0
train,12,data_12.csv,persistent_leak,12_44_67,24,44,67,26400,40200,0,1.0100294e-11,0
train,12,data_12.csv,persistent_leak,12_45_68,24,45,68,27000,40800,0,1.7862973e-11,0
train,12,data_12.csv,persistent_leak,12_46_69,24,46,69,27600,41400,0,4.76049e-11,0
train,12,data_12.csv,persistent_leak,12_47_70,24,47,70,28200,42000,0,2.7125294e-10,0
train,12,data_12.csv,persistent_leak,12_48_71,24,48,71,28800,42600,0,5.9409816e-10,0
train,12,data_12.csv,persistent_leak,12_49_72,24,49,72,29400,43200,0,6.055665e-09,0
train,12,data_12.csv,persistent_leak,12_50_73,24,50,73,30000,43800,0,5.363957e-09,0
train,12,data_12.csv,persistent_leak,12_51_74,24,51,74,30600,44400,0,4.612041e-09,0
train,12,data_12.csv,persistent_leak,12_52_75,24,52,75,31200,45000,0,2.6436236e-08,0
train,12,data_12.csv,persistent_leak,12_53_76,24,53,76,31800,45600,0,1.331785e-07,0
train,12,data_12.csv,persistent_leak,12_54_77,24,54,77,32400,46200,0,9.919698e-07,0
train,12,data_12.csv,persistent_leak,12_55_78,24,55,78,33000,46800,0,4.1003495e-06,0
train,12,data_12.csv,persistent_leak,12_56_79,24,56,79,33600,47400,0,6.2748463e-06,0
train,12,data_12.csv,persistent_leak,12_57_80,24,57,80,34200,48000,0,1.2593776e-05,0
train,12,data_12.csv,persistent_leak,12_58_81,24,58,81,34800,48600,0,0.00014515538,0
train,12,data_12.csv,persistent_leak,12_59_82,24,59,82,35400,49200,0,0.0009972445,0
train,12,data_12.csv,persistent_leak,12_60_83,24,60,83,36000,49800,0,0.019064488,0
train,12,data_12.csv,persistent_leak,12_61_84,24,61,84,36600,50400,0,0.015493106,0
train,12,data_12.csv,persistent_leak,12_62_85,24,62,85,37200,51000,0,0.0197341,0
train,12,data_12.csv,persistent_leak,12_63_86,24,63,86,37800,51600,0,0.028048964,0
train,12,data_12.csv,persistent_leak,12_64_87,24,64,87,38400,52200,0,0.039094456,0
train,12,data_12.csv,persistent_leak,12_65_88,24,65,88,39000,52800,0,0.050813198,0
train,12,data_12.csv,persistent_leak,12_66_89,24,66,89,39600,53400,0,0.07771328,0
train,12,data_12.csv,persistent_leak,12_67_90,24,67,90,40200,54000,0,0.07739302,0
train,12,data_12.csv,persistent_leak,12_68_91,24,68,91,40800,54600,0,0.07953076,0
train,12,data_12.csv,persistent_leak,12_69_92,24,69,92,41400,55200,0,0.08372645,0
train,12,data_12.csv,persistent_leak,12_70_93,24,70,93,42000,55800,0,0.086490154,0
train,12,data_12.csv,persistent_leak,12_71_94,24,71,94,42600,56400,0,0.092571214,0
train,12,data_12.csv,persistent_leak,12_72_95,24,72,95,43200,57000,0,0.102708496,0
train,12,data_12.csv,persistent_leak,12_73_96,24,73,96,43800,57600,0,0.1087512,0
train,12,data_12.csv,persistent_leak,12_74_97,24,74,97,44400,58200,0,0.1117051,0
train,12,data_12.csv,persistent_leak,12_75_98,24,75,98,45000,58800,0,0.11514679,0
train,12,data_12.csv,persistent_leak,12_76_99,24,76,99,45600,59400,0,0.11742299,0
train,12,data_12.csv,persistent_leak,12_77_100,24,77,100,46200,60000,0,0.11523036,0
train,12,data_12.csv,persistent_leak,12_78_101,24,78,101,46800,60600,0,0.11366632,0
train,12,data_12.csv,persistent_leak,12_79_102,24,79,102,47400,61200,0,0.1443687,0
train,12,data_12.csv,persistent_leak,12_80_103,24,80,103,48000,61800,0,0.17079753,0
train,12,data_12.csv,persistent_leak,12_81_104,24,81,104,48600,62400,0,0.17662492,0
train,12,data_12.csv,persistent_leak,12_82_105,24,82,105,49200,63000,0,0.18636262,0
train,12,data_12.csv,persistent_leak,12_83_106,24,83,106,49800,63600,0,0.17071858,0
train,12,data_12.csv,persistent_leak,12_84_107,24,84,107,50400,64200,0,0.1542445,0
train,12,data_12.csv,persistent_leak,12_85_108,24,85,108,51000,64800,0,0.17309684,0
train,12,data_12.csv,persistent_leak,12_86_109,24,86,109,51600,65400,0,0.19440913,0
train,12,data_12.csv,persistent_leak,12_87_110,24,87,110,52200,66000,0,0.17958874,0
train,12,data_12.csv,persistent_leak,12_88_111,24,88,111,52800,66600,0,0.17732824,0
train,12,data_12.csv,persistent_leak,12_89_112,24,89,112,53400,67200,0,0.1497661,0
train,12,data_12.csv,persistent_leak,12_90_113,24,90,113,54000,67800,0,0.123788826,0
train,12,data_12.csv,persistent_leak,12_91_114,24,91,114,54600,68400,0,0.04530606,0
train,12,data_12.csv,persistent_leak,12_92_115,24,92,115,55200,69000,0,0.020812005,0
train,12,data_12.csv,persistent_leak,12_93_116,24,93,116,55800,69600,0,0.005319845,0
train,12,data_12.csv,persistent_leak,12_94_117,24,94,117,56400,70200,0,0.00259467,0
train,12,data_12.csv,persistent_leak,12_95_118,24,95,118,57000,70800,0,0.0019016586,0
train,12,data_12.csv,persistent_leak,12_96_119,24,96,119,57600,71400,0,0.0021455686,0
train,12,data_12.csv,persistent_leak,12_97_120,24,97,120,58200,72000,0,0.0025868888,0
train,12,data_12.csv,persistent_leak,12_98_121,24,98,121,58800,72600,0,5.843296e-05,0
train,12,data_12.csv,persistent_leak,12_99_122,24,99,122,59400,73200,0,7.859915e-06,0
train,12,data_12.csv,persistent_leak,12_100_123,24,100,123,60000,73800,0,2.5924303e-06,0
train,12,data_12.csv,persistent_leak,12_101_124,24,101,124,60600,74400,0,1.3660109e-06,0
train,12,data_12.csv,persistent_leak,12_102_125,24,102,125,61200,75000,0,1.3034891e-06,0
train,12,data_12.csv,persistent_leak,12_103_126,24,103,126,61800,75600,0,2.875212e-06,0
train,12,data_12.csv,persistent_leak,12_104_127,24,104,127,62400,76200,0,8.490087e-07,0
train,12,data_12.csv,persistent_leak,12_105_128,24,105,128,63000,76800,0,1.3835042e-06,0
train,12,data_12.csv,persistent_leak,12_106_129,24,106,129,63600,77400,0,1.4050689e-06,0
train,12,data_12.csv,persistent_leak,12_107_130,24,107,130,64200,78000,0,8.9692765e-07,0
train,12,data_12.csv,persistent_leak,12_108_131,24,108,131,64800,78600,0,9.765535e-07,0
train,12,data_12.csv,persistent_leak,12_109_132,24,109,132,65400,79200,0,4.019571e-07,0
train,12,data_12.csv,persistent_leak,12_110_133,24,110,133,66000,79800,0,9.227082e-08,0
train,12,data_12.csv,persistent_leak,12_111_134,24,111,134,66600,80400,0,5.778479e-08,0
train,12,data_12.csv,persistent_leak,12_112_135,24,112,135,67200,81000,0,2.8758564e-08,0
train,12,data_12.csv,persistent_leak,12_113_136,24,113,136,67800,81600,0,4.9415934e-09,0
train,12,data_12.csv,persistent_leak,12_114_137,24,114,137,68400,82200,0,1.0766513e-09,0
train,12,data_12.csv,persistent_leak,12_115_138,24,115,138,69000,82800,0,2.1979851e-10,0
train,12,data_12.csv,persistent_leak,12_116_139,24,116,139,69600,83400,0,6.000413e-11,0
train,12,data_12.csv,persistent_leak,12_117_140,24,117,140,70200,84000,0,1.5126749e-11,0
train,12,data_12.csv,persistent_leak,12_118_141,24,118,141,70800,84600,0,2.0109131e-12,0
train,12,data_12.csv,persistent_leak,12_119_142,24,119,142,71400,85200,0,1.6304319e-13,0
train,12,data_12.csv,persistent_leak,12_120_143,24,120,143,72000,85800,0,3.0572377e-15,0
train,12,data_12.csv,persistent_leak,12_121_144,24,121,144,72600,86400,0,1.4224364e-15,0
train,17,data_17.csv,onset_leak,17_0_23,24,0,23,0,13800,0,4.5575314e-22,0
train,17,data_17.csv,onset_leak,17_1_24,24,1,24,600,14400,0,2.7214366e-22,0
train,17,data_17.csv,onset_leak,17_2_25,24,2,25,1200,15000,0,2.0835276e-22,0
train,17,data_17.csv,onset_leak,17_3_26,24,3,26,1800,15600,0,1.494208e-22,0
train,17,data_17.csv,onset_leak,17_4_27,24,4,27,2400,16200,0,9.074177e-23,0
train,17,data_17.csv,onset_leak,17_5_28,24,5,28,3000,16800,0,4.968996e-23,0
train,17,data_17.csv,onset_leak,17_6_29,24,6,29,3600,17400,0,2.2787677e-23,0
train,17,data_17.csv,onset_leak,17_7_30,24,7,30,4200,18000,0,1.9570606e-23,0
train,17,data_17.csv,onset_leak,17_8_31,24,8,31,4800,18600,0,2.0777326e-23,0
train,17,data_17.csv,onset_leak,17_9_32,24,9,32,5400,19200,0,1.9090435e-23,0
train,17,data_17.csv,onset_leak,17_10_33,24,10,33,6000,19800,0,1.3976455e-23,0
train,17,data_17.csv,onset_leak,17_11_34,24,11,34,6600,20400,0,1.0188598e-23,0
train,17,data_17.csv,onset_leak,17_12_35,24,12,35,7200,21000,0,6.2454134e-24,0
train,17,data_17.csv,onset_leak,17_13_36,24,13,36,7800,21600,0,7.548596e-24,0
train,17,data_17.csv,onset_leak,17_14_37,24,14,37,8400,22200,0,1.0925976e-23,0
train,17,data_17.csv,onset_leak,17_15_38,24,15,38,9000,22800,0,1.2871539e-23,0
train,17,data_17.csv,onset_leak,17_16_39,24,16,39,9600,23400,0,1.138838e-23,0
train,17,data_17.csv,onset_leak,17_17_40,24,17,40,10200,24000,0,1.1212418e-23,0
train,17,data_17.csv,onset_leak,17_18_41,24,18,41,10800,24600,0,9.798316e-24,0
train,17,data_17.csv,onset_leak,17_19_42,24,19,42,11400,25200,0,1.5655216e-23,0
train,17,data_17.csv,onset_leak,17_20_43,24,20,43,12000,25800,0,2.596653e-23,0
train,17,data_17.csv,onset_leak,17_21_44,24,21,44,12600,26400,0,3.5336005e-23,0
train,17,data_17.csv,onset_leak,17_22_45,24,22,45,13200,27000,0,3.777935e-23,0
train,17,data_17.csv,onset_leak,17_23_46,24,23,46,13800,27600,0,4.6953534e-23,0
train,17,data_17.csv,onset_leak,17_24_47,24,24,47,14400,28200,0,5.4907224e-23,0
train,17,data_17.csv,onset_leak,17_25_48,24,25,48,15000,28800,0,1.0711016e-22,0
train,17,data_17.csv,onset_leak,17_26_49,24,26,49,15600,29400,0,1.8657183e-22,0
train,17,data_17.csv,onset_leak,17_27_50,24,27,50,16200,30000,0,2.7831268e-22,0
train,17,data_17.csv,onset_leak,17_28_51,24,28,51,16800,30600,0,3.619553e-22,0
train,17,data_17.csv,onset_leak,17_29_52,24,29,52,17400,31200,0,5.574788e-22,0
train,17,data_17.csv,onset_leak,17_30_53,24,30,53,18000,31800,0,8.4092305e-22,0
train,17,data_17.csv,onset_leak,17_31_54,24,31,54,18600,32400,0,6.1330188e-21,0
train,17,data_17.csv,onset_leak,17_32_55,24,32,55,19200,33000,0,5.0618697e-20,0
train,17,data_17.csv,onset_leak,17_33_56,24,33,56,19800,33600,0,1.9475766e-19,0
train,17,data_17.csv,onset_leak,17_34_57,24,34,57,20400,34200,0,3.2682526e-19,0
train,17,data_17.csv,onset_leak,17_35_58,24,35,58,21000,34800,0,9.399421e-19,0
train,17,data_17.csv,onset_leak,17_36_59,24,36,59,21600,35400,0,1.733679e-18,0
train,17,data_17.csv,onset_leak,17_37_60,24,37,60,22200,36000,0,4.394615e-17,0
train,17,data_17.csv,onset_leak,17_38_61,24,38,61,22800,36600,0,2.0654056e-15,0
train,17,data_17.csv,onset_leak,17_39_62,24,39,62,23400,37200,0,1.4906132e-14,0
train,17,data_17.csv,onset_leak,17_40_63,24,40,63,24000,37800,0,2.7000685e-14,0
train,17,data_17.csv,onset_leak,17_41_64,24,41,64,24600,38400,0,1.2899992e-13,0
train,17,data_17.csv,onset_leak,17_42_65,24,42,65,25200,39000,0,4.095826e-13,0
train,17,data_17.csv,onset_leak,17_43_66,24,43,66,25800,39600,0,1.0716717e-11,0
train,17,data_17.csv,onset_leak,17_44_67,24,44,67,26400,40200,0,1.0100294e-11,0
train,17,data_17.csv,onset_leak,17_45_68,24,45,68,27000,40800,0,1.7862973e-11,0
train,17,data_17.csv,onset_leak,17_46_69,24,46,69,27600,41400,0,4.76049e-11,0
train,17,data_17.csv,onset_leak,17_47_70,24,47,70,28200,42000,0,2.7125294e-10,0
train,17,data_17.csv,onset_leak,17_48_71,24,48,71,28800,42600,0,5.9409816e-10,0
train,17,data_17.csv,onset_leak,17_49_72,24,49,72,29400,43200,0,6.055665e-09,0
train,17,data_17.csv,onset_leak,17_50_73,24,50,73,30000,43800,0,5.363957e-09,0
train,17,data_17.csv,onset_leak,17_51_74,24,51,74,30600,44400,0,4.612041e-09,0
train,17,data_17.csv,onset_leak,17_52_75,24,52,75,31200,45000,0,2.6436236e-08,0
train,17,data_17.csv,onset_leak,17_53_76,24,53,76,31800,45600,0,1.331785e-07,0
train,17,data_17.csv,onset_leak,17_54_77,24,54,77,32400,46200,0,9.919698e-07,0
train,17,data_17.csv,onset_leak,17_55_78,24,55,78,33000,46800,0,4.1003495e-06,0
train,17,data_17.csv,onset_leak,17_56_79,24,56,79,33600,47400,0,6.2748463e-06,0
train,17,data_17.csv,onset_leak,17_57_80,24,57,80,34200,48000,0,1.2593776e-05,0
train,17,data_17.csv,onset_leak,17_58_81,24,58,81,34800,48600,0,0.00014515538,0
train,17,data_17.csv,onset_leak,17_59_82,24,59,82,35400,49200,0,0.0009972445,0
train,17,data_17.csv,onset_leak,17_60_83,24,60,83,36000,49800,0,0.019064488,0
train,17,data_17.csv,onset_leak,17_61_84,24,61,84,36600,50400,0,0.015493106,0
train,17,data_17.csv,onset_leak,17_62_85,24,62,85,37200,51000,0,0.0197341,0
train,17,data_17.csv,onset_leak,17_63_86,24,63,86,37800,51600,0,0.028048964,0
train,17,data_17.csv,onset_leak,17_64_87,24,64,87,38400,52200,0,0.039094456,0
train,17,data_17.csv,onset_leak,17_65_88,24,65,88,39000,52800,0,0.050813198,0
train,17,data_17.csv,onset_leak,17_66_89,24,66,89,39600,53400,0,0.07771328,0
train,17,data_17.csv,onset_leak,17_67_90,24,67,90,40200,54000,0,0.07739302,0
train,17,data_17.csv,onset_leak,17_68_91,24,68,91,40800,54600,0,0.07953076,0
train,17,data_17.csv,onset_leak,17_69_92,24,69,92,41400,55200,0,0.08372645,0
train,17,data_17.csv,onset_leak,17_70_93,24,70,93,42000,55800,0,0.086490154,0
train,17,data_17.csv,onset_leak,17_71_94,24,71,94,42600,56400,0,0.092571214,0
train,17,data_17.csv,onset_leak,17_72_95,24,72,95,43200,57000,0,0.102708496,0
train,17,data_17.csv,onset_leak,17_73_96,24,73,96,43800,57600,0,0.1087512,0
train,17,data_17.csv,onset_leak,17_74_97,24,74,97,44400,58200,0,0.1117051,0
train,17,data_17.csv,onset_leak,17_75_98,24,75,98,45000,58800,0,0.11514679,0
train,17,data_17.csv,onset_leak,17_76_99,24,76,99,45600,59400,0,0.11742299,0
train,17,data_17.csv,onset_leak,17_77_100,24,77,100,46200,60000,0,0.11523036,0
train,17,data_17.csv,onset_leak,17_78_101,24,78,101,46800,60600,0,0.11366632,0
train,17,data_17.csv,onset_leak,17_79_102,24,79,102,47400,61200,0,0.1443687,0
train,17,data_17.csv,onset_leak,17_80_103,24,80,103,48000,61800,0,0.17079753,0
train,17,data_17.csv,onset_leak,17_81_104,24,81,104,48600,62400,0,0.17662492,0
train,17,data_17.csv,onset_leak,17_82_105,24,82,105,49200,63000,0,0.18636262,0
train,17,data_17.csv,onset_leak,17_83_106,24,83,106,49800,63600,0,0.17071858,0
train,17,data_17.csv,onset_leak,17_84_107,24,84,107,50400,64200,0,0.1542445,0
train,17,data_17.csv,onset_leak,17_85_108,24,85,108,51000,64800,0,0.17309684,0
train,17,data_17.csv,onset_leak,17_86_109,24,86,109,51600,65400,0,0.19440913,0
train,17,data_17.csv,onset_leak,17_87_110,24,87,110,52200,66000,0,0.17958874,0
train,17,data_17.csv,onset_leak,17_88_111,24,88,111,52800,66600,0,0.17732824,0
train,17,data_17.csv,onset_leak,17_89_112,24,89,112,53400,67200,0,0.1497661,0
train,17,data_17.csv,onset_leak,17_90_113,24,90,113,54000,67800,0,0.123788826,0
train,17,data_17.csv,onset_leak,17_91_114,24,91,114,54600,68400,0,0.048305582,0
train,17,data_17.csv,onset_leak,17_92_115,24,92,115,55200,69000,0,0.025151469,0
train,17,data_17.csv,onset_leak,17_93_116,24,93,116,55800,69600,0,0.008875314,0
train,17,data_17.csv,onset_leak,17_94_117,24,94,117,56400,70200,0,0.0047110477,0
train,17,data_17.csv,onset_leak,17_95_118,24,95,118,57000,70800,0,0.004115699,0
train,17,data_17.csv,onset_leak,17_96_119,24,96,119,57600,71400,0,0.0046170456,0
train,17,data_17.csv,onset_leak,17_97_120,24,97,120,58200,72000,0,0.005148391,0
train,17,data_17.csv,onset_leak,17_98_121,24,98,121,58800,72600,0,0.0002924906,0
train,17,data_17.csv,onset_leak,17_99_122,24,99,122,59400,73200,0,3.9722556e-05,0
train,17,data_17.csv,onset_leak,17_100_123,24,100,123,60000,73800,0,1.4324698e-05,0
train,17,data_17.csv,onset_leak,17_101_124,24,101,124,60600,74400,0,7.645633e-06,0
train,17,data_17.csv,onset_leak,17_102_125,24,102,125,61200,75000,0,7.1278837e-06,0
train,17,data_17.csv,onset_leak,17_103_126,24,103,126,61800,75600,0,1.4200976e-05,0
train,17,data_17.csv,onset_leak,17_104_127,24,104,127,62400,76200,0,2.8935208e-06,0
train,17,data_17.csv,onset_leak,17_105_128,24,105,128,63000,76800,0,5.7920247e-06,0
train,17,data_17.csv,onset_leak,17_106_129,24,106,129,63600,77400,0,5.1001452e-06,0
train,17,data_17.csv,onset_leak,17_107_130,24,107,130,64200,78000,0,4.929189e-06,0
train,17,data_17.csv,onset_leak,17_108_131,24,108,131,64800,78600,0,4.5398406e-06,0
train,17,data_17.csv,onset_leak,17_109_132,24,109,132,65400,79200,0,2.9160758e-06,0
train,17,data_17.csv,onset_leak,17_110_133,24,110,133,66000,79800,0,6.769153e-07,0
train,17,data_17.csv,onset_leak,17_111_134,24,111,134,66600,80400,0,3.3069418e-07,0
train,17,data_17.csv,onset_leak,17_112_135,24,112,135,67200,81000,0,1.7730201e-07,0
train,17,data_17.csv,onset_leak,17_113_136,24,113,136,67800,81600,0,3.826998e-08,0
train,17,data_17.csv,onset_leak,17_114_137,24,114,137,68400,82200,0,1.3823244e-08,0
train,17,data_17.csv,onset_leak,17_115_138,24,115,138,69000,82800,0,2.2107975e-09,0
train,17,data_17.csv,onset_leak,17_116_139,24,116,139,69600,83400,0,4.8420207e-10,0
train,17,data_17.csv,onset_leak,17_117_140,24,117,140,70200,84000,0,1.4392677e-10,0
train,17,data_17.csv,onset_leak,17_118_141,24,118,141,70800,84600,0,2.1979085e-11,0
train,17,data_17.csv,onset_leak,17_119_142,24,119,142,71400,85200,0,1.7017187e-12,0
train,17,data_17.csv,onset_leak,17_120_143,24,120,143,72000,85800,0,4.238327e-14,0
train,17,data_17.csv,onset_leak,17_121_144,24,121,144,72600,86400,0,1.5288928e-14,0
train,18,data_18.csv,onset_leak,18_0_23,24,0,23,0,13800,0,2.1604681e-22,0
train,18,data_18.csv,onset_leak,18_1_24,24,1,24,600,14400,0,5.7895257e-22,0
train,18,data_18.csv,onset_leak,18_2_25,24,2,25,1200,15000,0,1.345838e-21,0
train,18,data_18.csv,onset_leak,18_3_26,24,3,26,1800,15600,0,2.5530653e-21,0
train,18,data_18.csv,onset_leak,18_4_27,24,4,27,2400,16200,0,3.9819356e-21,0
train,18,data_18.csv,onset_leak,18_5_28,24,5,28,3000,16800,0,8.070964e-21,0
train,18,data_18.csv,onset_leak,18_6_29,24,6,29,3600,17400,0,1.627819e-20,0
train,18,data_18.csv,onset_leak,18_7_30,24,7,30,4200,18000,0,7.724291e-20,0
train,18,data_18.csv,onset_leak,18_8_31,24,8,31,4800,18600,0,3.5671282e-19,0
train,18,data_18.csv,onset_leak,18_9_32,24,9,32,5400,19200,0,1.0229593e-18,0
train,18,data_18.csv,onset_leak,18_10_33,24,10,33,6000,19800,0,1.834017e-18,0
train,18,data_18.csv,onset_leak,18_11_34,24,11,34,6600,20400,0,4.926185e-18,0
train,18,data_18.csv,onset_leak,18_12_35,24,12,35,7200,21000,0,1.1583211e-17,0
train,18,data_18.csv,onset_leak,18_13_36,24,13,36,7800,21600,0,8.436209e-17,0
train,18,data_18.csv,onset_leak,18_14_37,24,14,37,8400,22200,0,6.671099e-16,0
train,18,data_18.csv,onset_leak,18_15_38,24,15,38,9000,22800,0,2.9372468e-15,0
train,18,data_18.csv,onset_leak,18_16_39,24,16,39,9600,23400,0,6.423937e-15,0
train,18,data_18.csv,onset_leak,18_17_40,24,17,40,10200,24000,0,2.5716412e-14,0
train,18,data_18.csv,onset_leak,18_18_41,24,18,41,10800,24600,0,9.7767294e-14,0
train,18,data_18.csv,onset_leak,18_19_42,24,19,42,11400,25200,0,7.286824e-13,0
train,18,data_18.csv,onset_leak,18_20_43,24,20,43,12000,25800,0,2.8504623e-12,0
train,18,data_18.csv,onset_leak,18_21_44,24,21,44,12600,26400,0,5.7418822e-12,0
train,18,data_18.csv,onset_leak,18_22_45,24,22,45,13200,27000,0,1.2702239e-11,0
train,18,data_18.csv,onset_leak,18_23_46,24,23,46,13800,27600,0,4.1665643e-11,0
train,18,data_18.csv,onset_leak,18_24_47,24,24,47,14400,28200,0,1.3702323e-10,0
train,18,data_18.csv,onset_leak,18_25_48,24,25,48,15000,28800,0,6.013534e-10,0
train,18,data_18.csv,onset_leak,18_26_49,24,26,49,15600,29400,0,8.2616974e-10,0
train,18,data_18.csv,onset_leak,18_27_50,24,27,50,16200,30000,0,1.2442534e-09,0
train,18,data_18.csv,onset_leak,18_28_51,24,28,51,16800,30600,0,3.6161059e-09,0
train,18,data_18.csv,onset_leak,18_29_52,24,29,52,17400,31200,0,1.1461708e-08,0
train,18,data_18.csv,onset_leak,18_30_53,24,30,53,18000,31800,0,6.2408915e-08,0
train,18,data_18.csv,onset_leak,18_31_54,24,31,54,18600,32400,0,2.4982327e-07,0
train,18,data_18.csv,onset_leak,18_32_55,24,32,55,19200,33000,0,5.9925753e-07,0
train,18,data_18.csv,onset_leak,18_33_56,24,33,56,19800,33600,0,1.7879419e-06,0
train,18,data_18.csv,onset_leak,18_34_57,24,34,57,20400,34200,0,7.5619664e-06,0
train,18,data_18.csv,onset_leak,18_35_58,24,35,58,21000,34800,0,4.1631105e-05,0
train,18,data_18.csv,onset_leak,18_36_59,24,36,59,21600,35400,0,0.0004906609,0
train,18,data_18.csv,onset_leak,18_37_60,24,37,60,22200,36000,0,0.0017725509,0
train,18,data_18.csv,onset_leak,18_38_61,24,38,61,22800,36600,0,0.0036279957,0
train,18,data_18.csv,onset_leak,18_39_62,24,39,62,23400,37200,0,0.0069806986,0
train,18,data_18.csv,onset_leak,18_40_63,24,40,63,24000,37800,0,0.0139436815,0
train,18,data_18.csv,onset_leak,18_41_64,24,41,64,24600,38400,0,0.0455207,0
train,18,data_18.csv,onset_leak,18_42_65,24,42,65,25200,39000,0,0.17384179,0
train,18,data_18.csv,onset_leak,18_43_66,24,43,66,25800,39600,0,0.45383018,0
train,18,data_18.csv,onset_leak,18_44_67,24,44,67,26400,40200,0,0.44915393,0
train,18,data_18.csv,onset_leak,18_45_68,24,45,68,27000,40800,0,0.40955904,0
train,18,data_18.csv,onset_leak,18_46_69,24,46,69,27600,41400,0,0.378942,0
train,18,data_18.csv,onset_leak,18_47_70,24,47,70,28200,42000,0,0.39051312,0
train,18,data_18.csv,onset_leak,18_48_71,24,48,71,28800,42600,0,0.43448383,0
train,18,data_18.csv,onset_leak,18_49_72,24,49,72,29400,43200,0,0.65046793,0
train,18,data_18.csv,onset_leak,18_50_73,24,50,73,30000,43800,0,0.5705953,0
train,18,data_18.csv,onset_leak,18_51_74,24,51,74,30600,44400,0,0.5226332,0
train,18,data_18.csv,onset_leak,18_52_75,24,52,75,31200,45000,0,0.5108119,0
train,18,data_18.csv,onset_leak,18_53_76,24,53,76,31800,45600,0,0.42669,0
train,18,data_18.csv,onset_leak,18_54_77,24,54,77,32400,46200,0,0.34692714,0
train,18,data_18.csv,onset_leak,18_55_78,24,55,78,33000,46800,0,0.32322693,0
train,18,data_18.csv,onset_leak,18_56_79,24,56,79,33600,47400,0,0.25407478,0
train,18,data_18.csv,onset_leak,18_57_80,24,57,80,34200,48000,0,0.17995837,0
train,18,data_18.csv,onset_leak,18_58_81,24,58,81,34800,48600,0,0.15246917,0
train,18,data_18.csv,onset_leak,18_59_82,24,59,82,35400,49200,0,0.121773325,0
train,18,data_18.csv,onset_leak,18_60_83,24,60,83,36000,49800,0,0.0905506,0
train,18,data_18.csv,onset_leak,18_61_84,24,61,84,36600,50400,0,0.090592295,0
train,18,data_18.csv,onset_leak,18_62_85,24,62,85,37200,51000,0,0.092295155,0
train,18,data_18.csv,onset_leak,18_63_86,24,63,86,37800,51600,0,0.07688662,0
train,18,data_18.csv,onset_leak,18_64_87,24,64,87,38400,52200,0,0.07648732,0
train,18,data_18.csv,onset_leak,18_65_88,24,65,88,39000,52800,0,0.07356807,0
train,18,data_18.csv,onset_leak,18_66_89,24,66,89,39600,53400,0,0.08504623,0
train,18,data_18.csv,onset_leak,18_67_90,24,67,90,40200,54000,0,0.079162225,0
train,18,data_18.csv,onset_leak,18_68_91,24,68,91,40800,54600,0,0.083803125,0
train,18,data_18.csv,onset_leak,18_69_92,24,69,92,41400,55200,0,0.09462528,0
train,18,data_18.csv,onset_leak,18_70_93,24,70,93,42000,55800,0,0.09922516,0
train,18,data_18.csv,onset_leak,18_71_94,24,71,94,42600,56400,0,0.11531179,0
train,18,data_18.csv,onset_leak,18_72_95,24,72,95,43200,57000,0,0.15342407,0
train,18,data_18.csv,onset_leak,18_73_96,24,73,96,43800,57600,0,0.14310504,0
train,18,data_18.csv,onset_leak,18_74_97,24,74,97,44400,58200,0,0.134512,0
train,18,data_18.csv,onset_leak,18_75_98,24,75,98,45000,58800,0,0.15119794,0
train,18,data_18.csv,onset_leak,18_76_99,24,76,99,45600,59400,0,0.15572597,0
train,18,data_18.csv,onset_leak,18_77_100,24,77,100,46200,60000,0,0.18710156,0
train,18,data_18.csv,onset_leak,18_78_101,24,78,101,46800,60600,0,0.23584042,0
train,18,data_18.csv,onset_leak,18_79_102,24,79,102,47400,61200,0,0.22170004,0
train,18,data_18.csv,onset_leak,18_80_103,24,80,103,48000,61800,0,0.1945747,0
train,18,data_18.csv,onset_leak,18_81_104,24,81,104,48600,62400,0,0.21785238,0
train,18,data_18.csv,onset_leak,18_82_105,24,82,105,49200,63000,0,0.23146537,0
train,18,data_18.csv,onset_leak,18_83_106,24,83,106,49800,63600,0,0.27820036,0
train,18,data_18.csv,onset_leak,18_84_107,24,84,107,50400,64200,0,0.32177207,0
train,18,data_18.csv,onset_leak,18_85_108,24,85,108,51000,64800,0,0.2910281,0
train,18,data_18.csv,onset_leak,18_86_109,24,86,109,51600,65400,0,0.23368376,0
train,18,data_18.csv,onset_leak,18_87_110,24,87,110,52200,66000,0,0.24814238,0
train,18,data_18.csv,onset_leak,18_88_111,24,88,111,52800,66600,0,0.25287843,0
train,18,data_18.csv,onset_leak,18_89_112,24,89,112,53400,67200,0,0.283858,0
train,18,data_18.csv,onset_leak,18_90_113,24,90,113,54000,67800,0,0.2947325,0
train,18,data_18.csv,onset_leak,18_91_114,24,91,114,54600,68400,0,0.24294928,0
train,18,data_18.csv,onset_leak,18_92_115,24,92,115,55200,69000,0,0.16851917,0
train,18,data_18.csv,onset_leak,18_93_116,24,93,116,55800,69600,0,0.17585187,0
train,18,data_18.csv,onset_leak,18_94_117,24,94,117,56400,70200,0,0.18733074,0
train,18,data_18.csv,onset_leak,18_95_118,24,95,118,57000,70800,0,0.20659491,0
train,18,data_18.csv,onset_leak,18_96_119,24,96,119,57600,71400,0,0.19804771,0
train,18,data_18.csv,onset_leak,18_97_120,24,97,120,58200,72000,0,0.18599206,0
train,18,data_18.csv,onset_leak,18_98_121,24,98,121,58800,72600,0,0.13587345,0
train,18,data_18.csv,onset_leak,18_99_122,24,99,122,59400,73200,0,0.1348646,0
train,18,data_18.csv,onset_leak,18_100_123,24,100,123,60000,73800,0,0.13942549,0
train,18,data_18.csv,onset_leak,18_101_124,24,101,124,60600,74400,0,0.17385536,0
train,18,data_18.csv,onset_leak,18_102_125,24,102,125,61200,75000,0,0.1692311,0
train,18,data_18.csv,onset_leak,18_103_126,24,103,126,61800,75600,0,0.19739227,0
train,18,data_18.csv,onset_leak,18_104_127,24,104,127,62400,76200,0,0.04890327,0
train,18,data_18.csv,onset_leak,18_105_128,24,105,128,63000,76800,0,0.024755219,0
train,18,data_18.csv,onset_leak,18_106_129,24,106,129,63600,77400,0,0.017475728,0
train,18,data_18.csv,onset_leak,18_107_130,24,107,130,64200,78000,0,0.014019812,0
train,18,data_18.csv,onset_leak,18_108_131,24,108,131,64800,78600,0,0.014199367,0
train,18,data_18.csv,onset_leak,18_109_132,24,109,132,65400,79200,0,0.016554581,0
train,18,data_18.csv,onset_leak,18_110_133,24,110,133,66000,79800,0,0.0009937547,0
train,18,data_18.csv,onset_leak,18_111_134,24,111,134,66600,80400,0,0.00023959113,0
train,18,data_18.csv,onset_leak,18_112_135,24,112,135,67200,81000,0,0.00011775448,0
train,18,data_18.csv,onset_leak,18_113_136,24,113,136,67800,81600,0,7.812712e-05,0
train,18,data_18.csv,onset_leak,18_114_137,24,114,137,68400,82200,0,4.9029917e-05,0
train,18,data_18.csv,onset_leak,18_115_138,24,115,138,69000,82800,0,8.667992e-06,0
train,18,data_18.csv,onset_leak,18_116_139,24,116,139,69600,83400,0,1.04530216e-07,0
train,18,data_18.csv,onset_leak,18_117_140,24,117,140,70200,84000,0,1.2372207e-08,0
train,18,data_18.csv,onset_leak,18_118_141,24,118,141,70800,84600,0,4.831322e-09,0
train,18,data_18.csv,onset_leak,18_119_142,24,119,142,71400,85200,0,9.1867886e-10,0
train,18,data_18.csv,onset_leak,18_120_143,24,120,143,72000,85800,0,1.4510625e-10,0
train,18,data_18.csv,onset_leak,18_121_144,24,121,144,72600,86400,0,2.2112296e-11,0
train,20,data_20.csv,onset_leak,20_0_23,24,0,23,0,13800,0,1.00047335e-22,0
train,20,data_20.csv,onset_leak,20_1_24,24,1,24,600,14400,0,1.45457e-22,0
train,20,data_20.csv,onset_leak,20_2_25,24,2,25,1200,15000,0,2.1823192e-22,0
train,20,data_20.csv,onset_leak,20_3_26,24,3,26,1800,15600,0,2.790888e-22,0
train,20,data_20.csv,onset_leak,20_4_27,24,4,27,2400,16200,0,2.9517484e-22,0
train,20,data_20.csv,onset_leak,20_5_28,24,5,28,3000,16800,0,3.5042585e-22,0
train,20,data_20.csv,onset_leak,20_6_29,24,6,29,3600,17400,0,3.9054226e-22,0
train,20,data_20.csv,onset_leak,20_7_30,24,7,30,4200,18000,0,7.6841666e-22,0
train,20,data_20.csv,onset_leak,20_8_31,24,8,31,4800,18600,0,1.4868341e-21,0
train,20,data_20.csv,onset_leak,20_9_32,24,9,32,5400,19200,0,2.3260472e-21,0
train,20,data_20.csv,onset_leak,20_10_33,24,10,33,6000,19800,0,2.8533593e-21,0
train,20,data_20.csv,onset_leak,20_11_34,24,11,34,6600,20400,0,4.244039e-21,0
train,20,data_20.csv,onset_leak,20_12_35,24,12,35,7200,21000,0,5.90437e-21,0
train,20,data_20.csv,onset_leak,20_13_36,24,13,36,7800,21600,0,1.5460166e-20,0
train,20,data_20.csv,onset_leak,20_14_37,24,14,37,8400,22200,0,3.9947327e-20,0
train,20,data_20.csv,onset_leak,20_15_38,24,15,38,9000,22800,0,7.744117e-20,0
train,20,data_20.csv,onset_leak,20_16_39,24,16,39,9600,23400,0,1.090551e-19,0
train,20,data_20.csv,onset_leak,20_17_40,24,17,40,10200,24000,0,2.0397661e-19,0
train,20,data_20.csv,onset_leak,20_18_41,24,18,41,10800,24600,0,3.6379137e-19,0
train,20,data_20.csv,onset_leak,20_19_42,24,19,42,11400,25200,0,1.1743641e-18,0
train,20,data_20.csv,onset_leak,20_20_43,24,20,43,12000,25800,0,3.4154852e-18,0
train,20,data_20.csv,onset_leak,20_21_44,24,21,44,12600,26400,0,7.284957e-18,0
train,20,data_20.csv,onset_leak,20_22_45,24,22,45,13200,27000,0,1.20163634e-17,0
train,20,data_20.csv,onset_leak,20_23_46,24,23,46,13800,27600,0,2.656992e-17,0
train,20,data_20.csv,onset_leak,20_24_47,24,24,47,14400,28200,0,5.887199e-17,0
train,20,data_20.csv,onset_leak,20_25_48,24,25,48,15000,28800,0,2.4795492e-16,0
train,20,data_20.csv,onset_leak,20_26_49,24,26,49,15600,29400,0,8.14068e-16,0
train,20,data_20.csv,onset_leak,20_27_50,24,27,50,16200,30000,0,1.94712e-15,0
train,20,data_20.csv,onset_leak,20_28_51,24,28,51,16800,30600,0,3.9028153e-15,0
train,20,data_20.csv,onset_leak,20_29_52,24,29,52,17400,31200,0,1.07397815e-14,0
train,20,data_20.csv,onset_leak,20_30_53,24,30,53,18000,31800,0,2.9459674e-14,0
train,20,data_20.csv,onset_leak,20_31_54,24,31,54,18600,32400,0,1.5638672e-13,0
train,20,data_20.csv,onset_leak,20_32_55,24,32,55,19200,33000,0,6.332158e-13,0
train,20,data_20.csv,onset_leak,20_33_56,24,33,56,19800,33600,0,1.847466e-12,0
train,20,data_20.csv,onset_leak,20_34_57,24,34,57,20400,34200,0,4.279981e-12,0
train,20,data_20.csv,onset_leak,20_35_58,24,35,58,21000,34800,0,1.484487e-11,0
train,20,data_20.csv,onset_leak,20_36_59,24,36,59,21600,35400,0,5.3259362e-11,0
train,20,data_20.csv,onset_leak,20_37_60,24,37,60,22200,36000,0,3.4281017e-10,0
train,20,data_20.csv,onset_leak,20_38_61,24,38,61,22800,36600,0,1.5723587e-09,0
train,20,data_20.csv,onset_leak,20_39_62,24,39,62,23400,37200,0,3.667038e-09,0
train,20,data_20.csv,onset_leak,20_40_63,24,40,63,24000,37800,0,8.01155e-09,0
train,20,data_20.csv,onset_leak,20_41_64,24,41,64,24600,38400,0,2.546172e-08,0
train,20,data_20.csv,onset_leak,20_42_65,24,42,65,25200,39000,0,8.048372e-08,0
train,20,data_20.csv,onset_leak,20_43_66,24,43,66,25800,39600,0,5.2777636e-07,0
train,20,data_20.csv,onset_leak,20_44_67,24,44,67,26400,40200,0,9.149704e-07,0
train,20,data_20.csv,onset_leak,20_45_68,24,45,68,27000,40800,0,1.3349987e-06,0
train,20,data_20.csv,onset_leak,20_46_69,24,46,69,27600,41400,0,2.5075542e-06,0
train,20,data_20.csv,onset_leak,20_47_70,24,47,70,28200,42000,0,6.4679516e-06,0
train,20,data_20.csv,onset_leak,20_48_71,24,48,71,28800,42600,0,1.9681016e-05,0
train,20,data_20.csv,onset_leak,20_49_72,24,49,72,29400,43200,0,0.00011121084,0
train,20,data_20.csv,onset_leak,20_50_73,24,50,73,30000,43800,0,0.00016726027,0
train,20,data_20.csv,onset_leak,20_51_74,24,51,74,30600,44400,0,0.0002381363,0
train,20,data_20.csv,onset_leak,20_52_75,24,52,75,31200,45000,0,0.00046021355,0
train,20,data_20.csv,onset_leak,20_53_76,24,53,76,31800,45600,0,0.0011564955,0
train,20,data_20.csv,onset_leak,20_54_77,24,54,77,32400,46200,0,0.0041081165,0
train,20,data_20.csv,onset_leak,20_55_78,24,55,78,33000,46800,0,0.03444783,0
train,20,data_20.csv,onset_leak,20_56_79,24,56,79,33600,47400,0,0.03407336,0
train,20,data_20.csv,onset_leak,20_57_80,24,57,80,34200,48000,0,0.033650544,0
train,20,data_20.csv,onset_leak,20_58_81,24,58,81,34800,48600,0,0.048342444,0
train,20,data_20.csv,onset_leak,20_59_82,24,59,82,35400,49200,0,0.06721259,0
train,20,data_20.csv,onset_leak,20_60_83,24,60,83,36000,49800,0,0.14209314,0
train,20,data_20.csv,onset_leak,20_61_84,24,61,84,36600,50400,0,0.21491198,0
train,20,data_20.csv,onset_leak,20_62_85,24,62,85,37200,51000,0,0.14464495,0
train,20,data_20.csv,onset_leak,20_63_86,24,63,86,37800,51600,0,0.08588,0
train,20,data_20.csv,onset_leak,20_64_87,24,64,87,38400,52200,0,0.09060533,0
train,20,data_20.csv,onset_leak,20_65_88,24,65,88,39000,52800,0,0.07600442,0
train,20,data_20.csv,onset_leak,20_66_89,24,66,89,39600,53400,0,0.06916607,0
train,20,data_20.csv,onset_leak,20_67_90,24,67,90,40200,54000,0,0.021046551,0
train,20,data_20.csv,onset_leak,20_68_91,24,68,91,40800,54600,0,0.015004997,0
train,20,data_20.csv,onset_leak,20_69_92,24,69,92,41400,55200,0,0.008560131,0
train,20,data_20.csv,onset_leak,20_70_93,24,70,93,42000,55800,0,0.007956185,0
train,20,data_20.csv,onset_leak,20_71_94,24,71,94,42600,56400,0,0.008336693,0
train,20,data_20.csv,onset_leak,20_72_95,24,72,95,43200,57000,0,0.010886348,0
train,20,data_20.csv,onset_leak,20_73_96,24,73,96,43800,57600,0,0.011165462,0
train,20,data_20.csv,onset_leak,20_74_97,24,74,97,44400,58200,0,0.0037401915,0
train,20,data_20.csv,onset_leak,20_75_98,24,75,98,45000,58800,0,0.0017485098,0
train,20,data_20.csv,onset_leak,20_76_99,24,76,99,45600,59400,0,0.0009559473,0
train,20,data_20.csv,onset_leak,20_77_100,24,77,100,46200,60000,0,0.0012509986,0
train,20,data_20.csv,onset_leak,20_78_101,24,78,101,46800,60600,0,0.001726247,0
train,20,data_20.csv,onset_leak,20_79_102,24,79,102,47400,61200,0,0.0022803955,0
train,20,data_20.csv,onset_leak,20_80_103,24,80,103,48000,61800,0,0.0014924443,0
train,20,data_20.csv,onset_leak,20_81_104,24,81,104,48600,62400,0,0.006602986,0
train,20,data_20.csv,onset_leak,20_82_105,24,82,105,49200,63000,0,0.015538688,0
train,20,data_20.csv,onset_leak,20_83_106,24,83,106,49800,63600,0,0.023724264,0
train,20,data_20.csv,onset_leak,20_84_107,24,84,107,50400,64200,0,0.021866187,0
train,20,data_20.csv,onset_leak,20_85_108,24,85,108,51000,64800,0,0.017378546,0
train,20,data_20.csv,onset_leak,20_86_109,24,86,109,51600,65400,0,0.019418532,0
train,20,data_20.csv,onset_leak,20_87_110,24,87,110,52200,66000,0,0.031825896,0
train,20,data_20.csv,onset_leak,20_88_111,24,88,111,52800,66600,0,0.03264417,0
train,20,data_20.csv,onset_leak,20_89_112,24,89,112,53400,67200,0,0.043183696,0
train,20,data_20.csv,onset_leak,20_90_113,24,90,113,54000,67800,0,0.09441458,0
train,20,data_20.csv,onset_leak,20_91_114,24,91,114,54600,68400,0,0.06898993,0
train,20,data_20.csv,onset_leak,20_92_115,24,92,115,55200,69000,0,0.13280699,0
train,20,data_20.csv,onset_leak,20_93_116,24,93,116,55800,69600,0,0.30394992,0
train,20,data_20.csv,onset_leak,20_94_117,24,94,117,56400,70200,0,0.54332757,0
train,20,data_20.csv,onset_leak,20_95_118,24,95,118,57000,70800,0,0.6732705,0
train,20,data_20.csv,onset_leak,20_96_119,24,96,119,57600,71400,0,0.05634855,0
train,20,data_20.csv,onset_leak,20_97_120,24,97,120,58200,72000,0,0.038968474,0
train,20,data_20.csv,onset_leak,20_98_121,24,98,121,58800,72600,0,0.015899444,0
train,20,data_20.csv,onset_leak,20_99_122,24,99,122,59400,73200,0,0.01129163,0
train,20,data_20.csv,onset_leak,20_100_123,24,100,123,60000,73800,0,0.020284196,0
train,20,data_20.csv,onset_leak,20_101_124,24,101,124,60600,74400,0,0.020347247,0
train,20,data_20.csv,onset_leak,20_102_125,24,102,125,61200,75000,0,0.023911335,0
train,20,data_20.csv,onset_leak,20_103_126,24,103,126,61800,75600,0,0.008079231,0
train,20,data_20.csv,onset_leak,20_104_127,24,104,127,62400,76200,0,0.0011114506,0
train,20,data_20.csv,onset_leak,20_105_128,24,105,128,63000,76800,0,0.00096747524,0
train,20,data_20.csv,onset_leak,20_106_129,24,106,129,63600,77400,0,0.0010275518,0
train,20,data_20.csv,onset_leak,20_107_130,24,107,130,64200,78000,0,0.0026836006,0
train,20,data_20.csv,onset_leak,20_108_131,24,108,131,64800,78600,0,0.015399574,0
train,20,data_20.csv,onset_leak,20_109_132,24,109,132,65400,79200,0,0.0028855556,0
train,20,data_20.csv,onset_leak,20_110_133,24,110,133,66000,79800,0,9.753685e-05,0
train,20,data_20.csv,onset_leak,20_111_134,24,111,134,66600,80400,0,2.278363e-05,0
train,20,data_20.csv,onset_leak,20_112_135,24,112,135,67200,81000,0,1.3556388e-05,0
train,20,data_20.csv,onset_leak,20_113_136,24,113,136,67800,81600,0,5.7885177e-06,0
train,20,data_20.csv,onset_leak,20_114_137,24,114,137,68400,82200,0,2.284102e-06,0
train,20,data_20.csv,onset_leak,20_115_138,24,115,138,69000,82800,0,1.7605029e-07,0
train,20,data_20.csv,onset_leak,20_116_139,24,116,139,69600,83400,0,2.5239673e-09,0
train,20,data_20.csv,onset_leak,20_117_140,24,117,140,70200,84000,0,3.947633e-10,0
train,20,data_20.csv,onset_leak,20_118_141,24,118,141,70800,84600,0,1.681574e-10,0
train,20,data_20.csv,onset_leak,20_119_142,24,119,142,71400,85200,0,2.8374938e-11,0
train,20,data_20.csv,onset_leak,20_120_143,24,120,143,72000,85800,0,3.9359605e-12,0
train,20,data_20.csv,onset_leak,20_121_144,24,121,144,72600,86400,0,7.354181e-13,0
train,21,data_21.csv,persistent_leak,21_0_23,24,0,23,0,13800,0,4.5502e-22,0
train,21,data_21.csv,persistent_leak,21_1_24,24,1,24,600,14400,0,4.451328e-22,0
train,21,data_21.csv,persistent_leak,21_2_25,24,2,25,1200,15000,0,4.8850614e-22,0
train,21,data_21.csv,persistent_leak,21_3_26,24,3,26,1800,15600,0,4.873559e-22,0
train,21,data_21.csv,persistent_leak,21_4_27,24,4,27,2400,16200,0,4.2240896e-22,0
train,21,data_21.csv,persistent_leak,21_5_28,24,5,28,3000,16800,0,3.7222042e-22,0
train,21,data_21.csv,persistent_leak,21_6_29,24,6,29,3600,17400,0,3.0124475e-22,0
train,21,data_21.csv,persistent_leak,21_7_30,24,7,30,4200,18000,0,3.5102124e-22,0
train,21,data_21.csv,persistent_leak,21_8_31,24,8,31,4800,18600,0,4.462719e-22,0
train,21,data_21.csv,persistent_leak,21_9_32,24,9,32,5400,19200,0,5.025098e-22,0
train,21,data_21.csv,persistent_leak,21_10_33,24,10,33,6000,19800,0,4.8360566e-22,0
train,21,data_21.csv,persistent_leak,21_11_34,24,11,34,6600,20400,0,4.948078e-22,0
train,21,data_21.csv,persistent_leak,21_12_35,24,12,35,7200,21000,0,4.806648e-22,0
train,21,data_21.csv,persistent_leak,21_13_36,24,13,36,7800,21600,0,6.554739e-22,0
train,21,data_21.csv,persistent_leak,21_14_37,24,14,37,8400,22200,0,8.952364e-22,0
train,21,data_21.csv,persistent_leak,21_15_38,24,15,38,9000,22800,0,1.0938998e-21,0
train,21,data_21.csv,persistent_leak,21_16_39,24,16,39,9600,23400,0,1.1776282e-21,0
train,21,data_21.csv,persistent_leak,21_17_40,24,17,40,10200,24000,0,1.3907595e-21,0
train,21,data_21.csv,persistent_leak,21_18_41,24,18,41,10800,24600,0,1.5907408e-21,0
train,21,data_21.csv,persistent_leak,21_19_42,24,19,42,11400,25200,0,2.4317418e-21,0
train,21,data_21.csv,persistent_leak,21_20_43,24,20,43,12000,25800,0,3.4878567e-21,0
train,21,data_21.csv,persistent_leak,21_21_44,24,21,44,12600,26400,0,4.5527726e-21,0
train,21,data_21.csv,persistent_leak,21_22_45,24,22,45,13200,27000,0,5.4231997e-21,0
train,21,data_21.csv,persistent_leak,21_23_46,24,23,46,13800,27600,0,7.228613e-21,0
train,21,data_21.csv,persistent_leak,21_24_47,24,24,47,14400,28200,0,9.587396e-21,0
train,21,data_21.csv,persistent_leak,21_25_48,24,25,48,15000,28800,0,1.8694031e-20,0
train,21,data_21.csv,persistent_leak,21_26_49,24,26,49,15600,29400,0,3.4985455e-20,0
train,21,data_21.csv,persistent_leak,21_27_50,24,27,50,16200,30000,0,5.45424e-20,0
train,21,data_21.csv,persistent_leak,21_28_51,24,28,51,16800,30600,0,7.028246e-20,0
train,21,data_21.csv,persistent_leak,21_29_52,24,29,52,17400,31200,0,1.0843163e-19,0
train,21,data_21.csv,persistent_leak,21_30_53,24,30,53,18000,31800,0,1.5964141e-19,0
train,21,data_21.csv,persistent_leak,21_31_54,24,31,54,18600,32400,0,1.426254e-18,0
train,21,data_21.csv,persistent_leak,21_32_55,24,32,55,19200,33000,0,1.8012707e-17,0
train,21,data_21.csv,persistent_leak,21_33_56,24,33,56,19800,33600,0,8.643552e-17,0
train,21,data_21.csv,persistent_leak,21_34_57,24,34,57,20400,34200,0,1.3699745e-16,0
train,21,data_21.csv,persistent_leak,21_35_58,24,35,58,21000,34800,0,4.3682434e-16,0
train,21,data_21.csv,persistent_leak,21_36_59,24,36,59,21600,35400,0,8.1978337e-16,0
train,21,data_21.csv,persistent_leak,21_37_60,24,37,60,22200,36000,0,4.3158656e-14,0
train,21,data_21.csv,persistent_leak,21_38_61,24,38,61,22800,36600,0,1.6072109e-12,0
train,21,data_21.csv,persistent_leak,21_39_62,24,39,62,23400,37200,0,4.9329885e-12,0
train,21,data_21.csv,persistent_leak,21_40_63,24,40,63,24000,37800,0,6.1212086e-12,0
train,21,data_21.csv,persistent_leak,21_41_64,24,41,64,24600,38400,0,1.5232164e-11,0
train,21,data_21.csv,persistent_leak,21_42_65,24,42,65,25200,39000,0,2.8607686e-11,0
train,21,data_21.csv,persistent_leak,21_43_66,24,43,66,25800,39600,0,4.131385e-09,0
train,21,data_21.csv,persistent_leak,21_44_67,24,44,67,26400,40200,0,3.7311993e-09,0
train,21,data_21.csv,persistent_leak,21_45_68,24,45,68,27000,40800,0,7.772543e-09,0
train,21,data_21.csv,persistent_leak,21_46_69,24,46,69,27600,41400,0,1.2290451e-08,0
train,21,data_21.csv,persistent_leak,21_47_70,24,47,70,28200,42000,0,4.5835858e-08,0
train,21,data_21.csv,persistent_leak,21_48_71,24,48,71,28800,42600,0,1.2916945e-07,0
train,21,data_21.csv,persistent_leak,21_49_72,24,49,72,29400,43200,0,4.4841304e-06,0
train,21,data_21.csv,persistent_leak,21_50_73,24,50,73,30000,43800,0,3.6322112e-06,0
train,21,data_21.csv,persistent_leak,21_51_74,24,51,74,30600,44400,0,2.5788584e-06,0
train,21,data_21.csv,persistent_leak,21_52_75,24,52,75,31200,45000,0,1.4940704e-05,0
train,21,data_21.csv,persistent_leak,21_53_76,24,53,76,31800,45600,0,4.8912047e-05,0
train,21,data_21.csv,persistent_leak,21_54_77,24,54,77,32400,46200,0,0.00049221475,0
train,21,data_21.csv,persistent_leak,21_55_78,24,55,78,33000,46800,0,0.0010808058,0
train,21,data_21.csv,persistent_leak,21_56_79,24,56,79,33600,47400,0,0.0013465515,0
train,21,data_21.csv,persistent_leak,21_57_80,24,57,80,34200,48000,0,0.0012886205,0
train,21,data_21.csv,persistent_leak,21_58_81,24,58,81,34800,48600,0,0.0038605607,0
train,21,data_21.csv,persistent_leak,21_59_82,24,59,82,35400,49200,0,0.018447831,0
train,21,data_21.csv,persistent_leak,21_60_83,24,60,83,36000,49800,0,0.1838853,0
train,21,data_21.csv,persistent_leak,21_61_84,24,61,84,36600,50400,0,0.18124776,0
train,21,data_21.csv,persistent_leak,21_62_85,24,62,85,37200,51000,0,0.19029103,0
train,21,data_21.csv,persistent_leak,21_63_86,24,63,86,37800,51600,0,0.2008106,0
train,21,data_21.csv,persistent_leak,21_64_87,24,64,87,38400,52200,0,0.20896135,0
train,21,data_21.csv,persistent_leak,21_65_88,24,65,88,39000,52800,0,0.290036,0
train,21,data_21.csv,persistent_leak,21_66_89,24,66,89,39600,53400,0,0.44018722,0
train,21,data_21.csv,persistent_leak,21_67_90,24,67,90,40200,54000,0,0.4759804,0
train,21,data_21.csv,persistent_leak,21_68_91,24,68,91,40800,54600,0,0.499683,0
train,21,data_21.csv,persistent_leak,21_69_92,24,69,92,41400,55200,0,0.5102004,0
train,21,data_21.csv,persistent_leak,21_70_93,24,70,93,42000,55800,0,0.5208358,0
train,21,data_21.csv,persistent_leak,21_71_94,24,71,94,42600,56400,0,0.55088866,0
train,21,data_21.csv,persistent_leak,21_72_95,24,72,95,43200,57000,0,0.59364426,0
train,21,data_21.csv,persistent_leak,21_73_96,24,73,96,43800,57600,0,0.65740097,0
train,21,data_21.csv,persistent_leak,21_74_97,24,74,97,44400,58200,0,0.6900678,0
train,21,data_21.csv,persistent_leak,21_75_98,24,75,98,45000,58800,0,0.6769132,0
train,21,data_21.csv,persistent_leak,21_76_99,24,76,99,45600,59400,0,0.6830819,0
train,21,data_21.csv,persistent_leak,21_77_100,24,77,100,46200,60000,0,0.6760881,0
train,21,data_21.csv,persistent_leak,21_78_101,24,78,101,46800,60600,0,0.6717579,0
train,21,data_21.csv,persistent_leak,21_79_102,24,79,102,47400,61200,0,0.7290108,0
train,21,data_21.csv,persistent_leak,21_80_103,24,80,103,48000,61800,0,0.74955153,0
train,21,data_21.csv,persistent_leak,21_81_104,24,81,104,48600,62400,0,0.7372661,0
train,21,data_21.csv,persistent_leak,21_82_105,24,82,105,49200,63000,0,0.73164254,0
train,21,data_21.csv,persistent_leak,21_83_106,24,83,106,49800,63600,0,0.7372607,0
train,21,data_21.csv,persistent_leak,21_84_107,24,84,107,50400,64200,0,0.71782553,0
train,21,data_21.csv,persistent_leak,21_85_108,24,85,108,51000,64800,0,0.7124623,0
train,21,data_21.csv,persistent_leak,21_86_109,24,86,109,51600,65400,0,0.70191884,0
train,21,data_21.csv,persistent_leak,21_87_110,24,87,110,52200,66000,0,0.6934903,0
train,21,data_21.csv,persistent_leak,21_88_111,24,88,111,52800,66600,0,0.68698007,0
train,21,data_21.csv,persistent_leak,21_89_112,24,89,112,53400,67200,0,0.6939677,0
train,21,data_21.csv,persistent_leak,21_90_113,24,90,113,54000,67800,0,0.69441944,0
train,21,data_21.csv,persistent_leak,21_91_114,24,91,114,54600,68400,0,0.41845724,0
train,21,data_21.csv,persistent_leak,21_92_115,24,92,115,55200,69000,0,0.09949727,0
train,21,data_21.csv,persistent_leak,21_93_116,24,93,116,55800,69600,0,0.08820782,0
train,21,data_21.csv,persistent_leak,21_94_117,24,94,117,56400,70200,0,0.05933511,0
train,21,data_21.csv,persistent_leak,21_95_118,24,95,118,57000,70800,0,0.13613741,0
train,21,data_21.csv,persistent_leak,21_96_119,24,96,119,57600,71400,0,0.21643718,0
train,21,data_21.csv,persistent_leak,21_97_120,24,97,120,58200,72000,0,0.24281904,0
train,21,data_21.csv,persistent_leak,21_98_121,24,98,121,58800,72600,0,0.0038097315,0
train,21,data_21.csv,persistent_leak,21_99_122,24,99,122,59400,73200,0,0.00028924964,0
train,21,data_21.csv,persistent_leak,21_100_123,24,100,123,60000,73800,0,0.00011898024,0
train,21,data_21.csv,persistent_leak,21_101_124,24,101,124,60600,74400,0,0.00010006142,0
train,21,data_21.csv,persistent_leak,21_102_125,24,102,125,61200,75000,0,6.1047496e-05,0
train,21,data_21.csv,persistent_leak,21_103_126,24,103,126,61800,75600,0,9.698418e-05,0
train,21,data_21.csv,persistent_leak,21_104_127,24,104,127,62400,76200,0,1.6742026e-06,0
train,21,data_21.csv,persistent_leak,21_105_128,24,105,128,63000,76800,0,2.31264e-06,0
train,21,data_21.csv,persistent_leak,21_106_129,24,106,129,63600,77400,0,2.015702e-06,0
train,21,data_21.csv,persistent_leak,21_107_130,24,107,130,64200,78000,0,2.4316223e-06,0
train,21,data_21.csv,persistent_leak,21_108_131,24,108,131,64800,78600,0,1.835533e-06,0
train,21,data_21.csv,persistent_leak,21_109_132,24,109,132,65400,79200,0,9.845676e-07,0
train,21,data_21.csv,persistent_leak,21_110_133,24,110,133,66000,79800,0,1.524514e-07,0
train,21,data_21.csv,persistent_leak,21_111_134,24,111,134,66600,80400,0,1.6222381e-07,0
train,21,data_21.csv,persistent_leak,21_112_135,24,112,135,67200,81000,0,1.7403426e-07,0
train,21,data_21.csv,persistent_leak,21_113_136,24,113,136,67800,81600,0,5.9528176e-08,0
train,21,data_21.csv,persistent_leak,21_114_137,24,114,137,68400,82200,0,2.7362272e-08,0
train,21,data_21.csv,persistent_leak,21_115_138,24,115,138,69000,82800,0,9.84147e-09,0
train,21,data_21.csv,persistent_leak,21_116_139,24,116,139,69600,83400,0,3.9526378e-09,0
train,21,data_21.csv,persistent_leak,21_117_140,24,117,140,70200,84000,0,1.2150709e-09,0
train,21,data_21.csv,persistent_leak,21_118_141,24,118,141,70800,84600,0,1.9138723e-10,0
train,21,data_21.csv,persistent_leak,21_119_142,24,119,142,71400,85200,0,1.2367775e-11,0
train,21,data_21.csv,persistent_leak,21_120_143,24,120,143,72000,85800,0,1.6303323e-13,0
train,21,data_21.csv,persistent_leak,21_121_144,24,121,144,72600,86400,0,3.165889e-14,0
train,22,data_22.csv,persistent_leak,22_0_23,24,0,23,0,13800,0,3.036257e-24,0
train,22,data_22.csv,persistent_leak,22_1_24,24,1,24,600,14400,0,9.3508306e-24,0
train,22,data_22.csv,persistent_leak,22_2_25,24,2,25,1200,15000,0,4.1303154e-23,0
train,22,data_22.csv,persistent_leak,22_3_26,24,3,26,1800,15600,0,1.04852716e-22,0
train,22,data_22.csv,persistent_leak,22_4_27,24,4,27,2400,16200,0,1.2107115e-22,0
train,22,data_22.csv,persistent_leak,22_5_28,24,5,28,3000,16800,0,2.0948286e-22,0
train,22,data_22.csv,persistent_leak,22_6_29,24,6,29,3600,17400,0,2.7125748e-22,0
train,22,data_22.csv,persistent_leak,22_7_30,24,7,30,4200,18000,0,1.0110978e-21,0
train,22,data_22.csv,persistent_leak,22_8_31,24,8,31,4800,18600,0,5.3354357e-21,0
train,22,data_22.csv,persistent_leak,22_9_32,24,9,32,5400,19200,0,1.6709985e-20,0
train,22,data_22.csv,persistent_leak,22_10_33,24,10,33,6000,19800,0,2.2064967e-20,0
train,22,data_22.csv,persistent_leak,22_11_34,24,11,34,6600,20400,0,5.0907616e-20,0
train,22,data_22.csv,persistent_leak,22_12_35,24,12,35,7200,21000,0,1.2154333e-19,0
train,22,data_22.csv,persistent_leak,22_13_36,24,13,36,7800,21600,0,6.410875e-19,0
train,22,data_22.csv,persistent_leak,22_14_37,24,14,37,8400,22200,0,1.9708205e-18,0
train,22,data_22.csv,persistent_leak,22_15_38,24,15,38,9000,22800,0,4.0094234e-18,0
train,22,data_22.csv,persistent_leak,22_16_39,24,16,39,9600,23400,0,7.920668e-18,0
train,22,data_22.csv,persistent_leak,22_17_40,24,17,40,10200,24000,0,1.9557308e-17,0
train,22,data_22.csv,persistent_leak,22_18_41,24,18,41,10800,24600,0,4.704691e-17,0
train,22,data_22.csv,persistent_leak,22_19_42,24,19,42,11400,25200,0,2.865179e-16,0
train,22,data_22.csv,persistent_leak,22_20_43,24,20,43,12000,25800,0,9.380058e-16,0
train,22,data_22.csv,persistent_leak,22_21_44,24,21,44,12600,26400,0,2.4955776e-15,0
train,22,data_22.csv,persistent_leak,22_22_45,24,22,45,13200,27000,0,9.023919e-15,0
train,22,data_22.csv,persistent_leak,22_23_46,24,23,46,13800,27600,0,4.38012e-14,0
train,22,data_22.csv,persistent_leak,22_24_47,24,24,47,14400,28200,0,2.3961201e-13,0
train,22,data_22.csv,persistent_leak,22_25_48,24,25,48,15000,28800,0,1.5449351e-12,0
train,22,data_22.csv,persistent_leak,22_26_49,24,26,49,15600,29400,0,8.52892e-12,0
train,22,data_22.csv,persistent_leak,22_27_50,24,27,50,16200,30000,0,3.594702e-11,0
train,22,data_22.csv,persistent_leak,22_28_51,24,28,51,16800,30600,0,1.1119615e-10,0
train,22,data_22.csv,persistent_leak,22_29_52,24,29,52,17400,31200,0,6.0681254e-10,0
train,22,data_22.csv,persistent_leak,22_30_53,24,30,53,18000,31800,0,3.4151684e-09,0
train,22,data_22.csv,persistent_leak,22_31_54,24,31,54,18600,32400,0,4.4589967e-09,0
train,22,data_22.csv,persistent_leak,22_32_55,24,32,55,19200,33000,0,3.2938963e-09,0
train,22,data_22.csv,persistent_leak,22_33_56,24,33,56,19800,33600,0,3.079533e-09,0
train,22,data_22.csv,persistent_leak,22_34_57,24,34,57,20400,34200,0,5.2701408e-09,0
train,22,data_22.csv,persistent_leak,22_35_58,24,35,58,21000,34800,0,1.0014446e-08,0
train,22,data_22.csv,persistent_leak,22_36_59,24,36,59,21600,35400,0,2.895964e-08,0
train,22,data_22.csv,persistent_leak,22_37_60,24,37,60,22200,36000,0,2.0595833e-07,0
train,22,data_22.csv,persistent_leak,22_38_61,24,38,61,22800,36600,0,1.0219992e-06,0
train,22,data_22.csv,persistent_leak,22_39_62,24,39,62,23400,37200,0,1.9408642e-06,0
train,22,data_22.csv,persistent_leak,22_40_63,24,40,63,24000,37800,0,5.781401e-06,0
train,22,data_22.csv,persistent_leak,22_41_64,24,41,64,24600,38400,0,1.561353e-05,0
train,22,data_22.csv,persistent_leak,22_42_65,24,42,65,25200,39000,0,2.7040742e-05,0
train,22,data_22.csv,persistent_leak,22_43_66,24,43,66,25800,39600,0,5.0786955e-05,0
train,22,data_22.csv,persistent_leak,22_44_67,24,44,67,26400,40200,0,0.00018791528,0
train,22,data_22.csv,persistent_leak,22_45_68,24,45,68,27000,40800,0,0.0004074032,0
train,22,data_22.csv,persistent_leak,22_46_69,24,46,69,27600,41400,0,0.00046686767,0
train,22,data_22.csv,persistent_leak,22_47_70,24,47,70,28200,42000,0,0.0015164245,0
train,22,data_22.csv,persistent_leak,22_48_71,24,48,71,28800,42600,0,0.010252705,0
train,22,data_22.csv,persistent_leak,22_49_72,24,49,72,29400,43200,0,0.059858393,0
train,22,data_22.csv,persistent_leak,22_50_73,24,50,73,30000,43800,0,0.054524772,0
train,22,data_22.csv,persistent_leak,22_51_74,24,51,74,30600,44400,0,0.04838818,0
train,22,data_22.csv,persistent_leak,22_52_75,24,52,75,31200,45000,0,0.03341852,0
train,22,data_22.csv,persistent_leak,22_53_76,24,53,76,31800,45600,0,0.021677604,0
train,22,data_22.csv,persistent_leak,22_54_77,24,54,77,32400,46200,0,0.0068909754,0
train,22,data_22.csv,persistent_leak,22_55_78,24,55,78,33000,46800,0,0.012958878,0
train,22,data_22.csv,persistent_leak,22_56_79,24,56,79,33600,47400,0,0.010214067,0
train,22,data_22.csv,persistent_leak,22_57_80,24,57,80,34200,48000,0,0.012184533,0
train,22,data_22.csv,persistent_leak,22_58_81,24,58,81,34800,48600,0,0.022604182,0
train,22,data_22.csv,persistent_leak,22_59_82,24,59,82,35400,49200,0,0.053509258,0
train,22,data_22.csv,persistent_leak,22_60_83,24,60,83,36000,49800,0,0.14888005,0
train,22,data_22.csv,persistent_leak,22_61_84,24,61,84,36600,50400,0,0.23339239,0
train,22,data_22.csv,persistent_leak,22_62_85,24,62,85,37200,51000,0,0.23857169,0
train,22,data_22.csv,persistent_leak,22_63_86,24,63,86,37800,51600,0,0.20580919,0
train,22,data_22.csv,persistent_leak,22_64_87,24,64,87,38400,52200,0,0.23325165,0
train,22,data_22.csv,persistent_leak,22_65_88,24,65,88,39000,52800,0,0.20072332,0
train,22,data_22.csv,persistent_leak,22_66_89,24,66,89,39600,53400,0,0.17853193,0
train,22,data_22.csv,persistent_leak,22_67_90,24,67,90,40200,54000,0,0.18976319,0
train,22,data_22.csv,persistent_leak,22_68_91,24,68,91,40800,54600,0,0.17400917,0
train,22,data_22.csv,persistent_leak,22_69_92,24,69,92,41400,55200,0,0.17699718,0
train,22,data_22.csv,persistent_leak,22_70_93,24,70,93,42000,55800,0,0.17365175,0
train,22,data_22.csv,persistent_leak,22_71_94,24,71,94,42600,56400,0,0.16705842,0
train,22,data_22.csv,persistent_leak,22_72_95,24,72,95,43200,57000,0,0.18348025,0
train,22,data_22.csv,persistent_leak,22_73_96,24,73,96,43800,57600,0,0.20131463,0
train,22,data_22.csv,persistent_leak,22_74_97,24,74,97,44400,58200,0,0.21313746,0
train,22,data_22.csv,persistent_leak,22_75_98,24,75,98,45000,58800,0,0.19575961,0
train,22,data_22.csv,persistent_leak,22_76_99,24,76,99,45600,59400,0,0.18893269,0
train,22,data_22.csv,persistent_leak,22_77_100,24,77,100,46200,60000,0,0.16291443,0
train,22,data_22.csv,persistent_leak,22_78_101,24,78,101,46800,60600,0,0.14125912,0
train,22,data_22.csv,persistent_leak,22_79_102,24,79,102,47400,61200,0,0.16454099,0
train,22,data_22.csv,persistent_leak,22_80_103,24,80,103,48000,61800,0,0.20239353,0
train,22,data_22.csv,persistent_leak,22_81_104,24,81,104,48600,62400,0,0.19158913,0
train,22,data_22.csv,persistent_leak,22_82_105,24,82,105,49200,63000,0,0.18396595,0
train,22,data_22.csv,persistent_leak,22_83_106,24,83,106,49800,63600,0,0.16017507,0
train,22,data_22.csv,persistent_leak,22_84_107,24,84,107,50400,64200,0,0.15438016,0
train,22,data_22.csv,persistent_leak,22_85_108,24,85,108,51000,64800,0,0.08980507,0
train,22,data_22.csv,persistent_leak,22_86_109,24,86,109,51600,65400,0,0.06473435,0
train,22,data_22.csv,persistent_leak,22_87_110,24,87,110,52200,66000,0,0.06918185,0
train,22,data_22.csv,persistent_leak,22_88_111,24,88,111,52800,66600,0,0.06503559,0
train,22,data_22.csv,persistent_leak,22_89_112,24,89,112,53400,67200,0,0.080463216,0
train,22,data_22.csv,persistent_leak,22_90_113,24,90,113,54000,67800,0,0.09562002,0
train,22,data_22.csv,persistent_leak,22_91_114,24,91,114,54600,68400,0,0.068060935,0
train,22,data_22.csv,persistent_leak,22_92_115,24,92,115,55200,69000,0,0.0420778,0
train,22,data_22.csv,persistent_leak,22_93_116,24,93,116,55800,69600,0,0.05807965,0
train,22,data_22.csv,persistent_leak,22_94_117,24,94,117,56400,70200,0,0.063332476,0
train,22,data_22.csv,persistent_leak,22_95_118,24,95,118,57000,70800,0,0.10690413,0
train,22,data_22.csv,persistent_leak,22_96_119,24,96,119,57600,71400,0,0.16292055,0
train,22,data_22.csv,persistent_leak,22_97_120,24,97,120,58200,72000,0,0.16080649,0
train,22,data_22.csv,persistent_leak,22_98_121,24,98,121,58800,72600,0,0.03735468,0
train,22,data_22.csv,persistent_leak,22_99_122,24,99,122,59400,73200,0,0.016044278,0
train,22,data_22.csv,persistent_leak,22_100_123,24,100,123,60000,73800,0,0.012920436,0
train,22,data_22.csv,persistent_leak,22_101_124,24,101,124,60600,74400,0,0.01471355,0
train,22,data_22.csv,persistent_leak,22_102_125,24,102,125,61200,75000,0,0.017024716,0
train,22,data_22.csv,persistent_leak,22_103_126,24,103,126,61800,75600,0,0.02385755,0
train,22,data_22.csv,persistent_leak,22_104_127,24,104,127,62400,76200,0,0.00048138903,0
train,22,data_22.csv,persistent_leak,22_105_128,24,105,128,63000,76800,0,0.000116754,0
train,22,data_22.csv,persistent_leak,22_106_129,24,106,129,63600,77400,0,4.442318e-05,0
train,22,data_22.csv,persistent_leak,22_107_130,24,107,130,64200,78000,0,3.2501765e-05,0
train,22,data_22.csv,persistent_leak,22_108_131,24,108,131,64800,78600,0,3.1448453e-05,0
train,22,data_22.csv,persistent_leak,22_109_132,24,109,132,65400,79200,0,3.7036614e-05,0
train,22,data_22.csv,persistent_leak,22_110_133,24,110,133,66000,79800,0,3.8462626e-06,0
train,22,data_22.csv,persistent_leak,22_111_134,24,111,134,66600,80400,0,2.0142395e-06,0
train,22,data_22.csv,persistent_leak,22_112_135,24,112,135,67200,81000,0,9.2273075e-07,0
train,22,data_22.csv,persistent_leak,22_113_136,24,113,136,67800,81600,0,3.4528716e-07,0
train,22,data_22.csv,persistent_leak,22_114_137,24,114,137,68400,82200,0,1.1643386e-07,0
train,22,data_22.csv,persistent_leak,22_115_138,24,115,138,69000,82800,0,3.3284245e-08,0
train,22,data_22.csv,persistent_leak,22_116_139,24,116,139,69600,83400,0,7.626091e-09,0
train,22,data_22.csv,persistent_leak,22_117_140,24,117,140,70200,84000,0,3.8937484e-09,0
train,22,data_22.csv,persistent_leak,22_118_141,24,118,141,70800,84600,0,1.0685458e-09,0
train,22,data_22.csv,persistent_leak,22_119_142,24,119,142,71400,85200,0,1.3406114e-10,0
train,22,data_22.csv,persistent_leak,22_120_143,24,120,143,72000,85800,0,9.891551e-12,0
train,22,data_22.csv,persistent_leak,22_121_144,24,121,144,72600,86400,0,7.7732384e-13,0
train,23,data_23.csv,persistent_leak,23_0_23,24,0,23,0,13800,0,1.4150654e-22,0
train,23,data_23.csv,persistent_leak,23_1_24,24,1,24,600,14400,0,1.4524186e-22,0
train,23,data_23.csv,persistent_leak,23_2_25,24,2,25,1200,15000,0,1.6600119e-22,0
train,23,data_23.csv,persistent_leak,23_3_26,24,3,26,1800,15600,0,1.682754e-22,0
train,23,data_23.csv,persistent_leak,23_4_27,24,4,27,2400,16200,0,1.4591327e-22,0
train,23,data_23.csv,persistent_leak,23_5_28,24,5,28,3000,16800,0,1.2972301e-22,0
train,23,data_23.csv,persistent_leak,23_6_29,24,6,29,3600,17400,0,1.0617856e-22,0
train,23,data_23.csv,persistent_leak,23_7_30,24,7,30,4200,18000,0,1.4725471e-22,0
train,23,data_23.csv,persistent_leak,23_8_31,24,8,31,4800,18600,0,2.168105e-22,0
train,23,data_23.csv,persistent_leak,23_9_32,24,9,32,5400,19200,0,2.689177e-22,0
train,23,data_23.csv,persistent_leak,23_10_33,24,10,33,6000,19800,0,2.7507862e-22,0
train,23,data_23.csv,persistent_leak,23_11_34,24,11,34,6600,20400,0,3.114696e-22,0
train,23,data_23.csv,persistent_leak,23_12_35,24,12,35,7200,21000,0,3.2135424e-22,0
train,23,data_23.csv,persistent_leak,23_13_36,24,13,36,7800,21600,0,5.991493e-22,0
train,23,data_23.csv,persistent_leak,23_14_37,24,14,37,8400,22200,0,1.1760032e-21,0
train,23,data_23.csv,persistent_leak,23_15_38,24,15,38,9000,22800,0,1.8387147e-21,0
train,23,data_23.csv,persistent_leak,23_16_39,24,16,39,9600,23400,0,2.1355842e-21,0
train,23,data_23.csv,persistent_leak,23_17_40,24,17,40,10200,24000,0,3.0371071e-21,0
train,23,data_23.csv,persistent_leak,23_18_41,24,18,41,10800,24600,0,4.058072e-21,0
train,23,data_23.csv,persistent_leak,23_19_42,24,19,42,11400,25200,0,9.581838e-21,0
train,23,data_23.csv,persistent_leak,23_20_43,24,20,43,12000,25800,0,2.2069006e-20,0
train,23,data_23.csv,persistent_leak,23_21_44,24,21,44,12600,26400,0,3.9256205e-20,0
train,23,data_23.csv,persistent_leak,23_22_45,24,22,45,13200,27000,0,5.228052e-20,0
train,23,data_23.csv,persistent_leak,23_23_46,24,23,46,13800,27600,0,8.987378e-20,0
train,23,data_23.csv,persistent_leak,23_24_47,24,24,47,14400,28200,0,1.4865975e-19,0
train,23,data_23.csv,persistent_leak,23_25_48,24,25,48,15000,28800,0,4.635388e-19,0
train,23,data_23.csv,persistent_leak,23_26_49,24,26,49,15600,29400,0,1.2481362e-18,0
train,23,data_23.csv,persistent_leak,23_27_50,24,27,50,16200,30000,0,2.5145234e-18,0
train,23,data_23.csv,persistent_leak,23_28_51,24,28,51,16800,30600,0,4.1202387e-18,0
train,23,data_23.csv,persistent_leak,23_29_52,24,29,52,17400,31200,0,8.768986e-18,0
train,23,data_23.csv,persistent_leak,23_30_53,24,30,53,18000,31800,0,1.8097284e-17,0
train,23,data_23.csv,persistent_leak,23_31_54,24,31,54,18600,32400,0,1.1686319e-16,0
train,23,data_23.csv,persistent_leak,23_32_55,24,32,55,19200,33000,0,7.086789e-16,0
train,23,data_23.csv,persistent_leak,23_33_56,24,33,56,19800,33600,0,2.4609771e-15,0
train,23,data_23.csv,persistent_leak,23_34_57,24,34,57,20400,34200,0,5.0372456e-15,0
train,23,data_23.csv,persistent_leak,23_35_58,24,35,58,21000,34800,0,1.6958846e-14,0
train,23,data_23.csv,persistent_leak,23_36_59,24,36,59,21600,35400,0,4.7859926e-14,0
train,23,data_23.csv,persistent_leak,23_37_60,24,37,60,22200,36000,0,5.7351373e-13,0
train,23,data_23.csv,persistent_leak,23_38_61,24,38,61,22800,36600,0,7.507003e-12,0
train,23,data_23.csv,persistent_leak,23_39_62,24,39,62,23400,37200,0,2.472165e-11,0
train,23,data_23.csv,persistent_leak,23_40_63,24,40,63,24000,37800,0,4.483297e-11,0
train,23,data_23.csv,persistent_leak,23_41_64,24,41,64,24600,38400,0,1.7911328e-10,0
train,23,data_23.csv,persistent_leak,23_42_65,24,42,65,25200,39000,0,5.691415e-10,0
train,23,data_23.csv,persistent_leak,23_43_66,24,43,66,25800,39600,0,5.8747496e-09,0
train,23,data_23.csv,persistent_leak,23_44_67,24,44,67,26400,40200,0,6.4071553e-09,0
train,23,data_23.csv,persistent_leak,23_45_68,24,45,68,27000,40800,0,1.1895716e-08,0
train,23,data_23.csv,persistent_leak,23_46_69,24,46,69,27600,41400,0,2.3768628e-08,0
train,23,data_23.csv,persistent_leak,23_47_70,24,47,70,28200,42000,0,6.20816e-08,0
train,23,data_23.csv,persistent_leak,23_48_71,24,48,71,28800,42600,0,1.6671922e-07,0
train,23,data_23.csv,persistent_leak,23_49_72,24,49,72,29400,43200,0,9.890623e-07,0
train,23,data_23.csv,persistent_leak,23_50_73,24,50,73,30000,43800,0,1.2012647e-06,0
train,23,data_23.csv,persistent_leak,23_51_74,24,51,74,30600,44400,0,1.2970348e-06,0
train,23,data_23.csv,persistent_leak,23_52_75,24,52,75,31200,45000,0,4.633585e-06,0
train,23,data_23.csv,persistent_leak,23_53_76,24,53,76,31800,45600,0,1.7899425e-05,0
train,23,data_23.csv,persistent_leak,23_54_77,24,54,77,32400,46200,0,8.03661e-05,0
train,23,data_23.csv,persistent_leak,23_55_78,24,55,78,33000,46800,0,0.00025946976,0
train,23,data_23.csv,persistent_leak,23_56_79,24,56,79,33600,47400,0,0.00041069838,0
train,23,data_23.csv,persistent_leak,23_57_80,24,57,80,34200,48000,0,0.00081497536,0
train,23,data_23.csv,persistent_leak,23_58_81,24,58,81,34800,48600,0,0.0037683144,0
train,23,data_23.csv,persistent_leak,23_59_82,24,59,82,35400,49200,0,0.014886092,0
train,23,data_23.csv,persistent_leak,23_60_83,24,60,83,36000,49800,0,0.11357333,0
train,23,data_23.csv,persistent_leak,23_61_84,24,61,84,36600,50400,0,0.08440718,0
train,23,data_23.csv,persistent_leak,23_62_85,24,62,85,37200,51000,0,0.06379476,0
train,23,data_23.csv,persistent_leak,23_63_86,24,63,86,37800,51600,0,0.064993516,0
train,23,data_23.csv,persistent_leak,23_64_87,24,64,87,38400,52200,0,0.07233675,0
train,23,data_23.csv,persistent_leak,23_65_88,24,65,88,39000,52800,0,0.07769821,0
train,23,data_23.csv,persistent_leak,23_66_89,24,66,89,39600,53400,0,0.08586566,0
train,23,data_23.csv,persistent_leak,23_67_90,24,67,90,40200,54000,0,0.06641046,0
train,23,data_23.csv,persistent_leak,23_68_91,24,68,91,40800,54600,0,0.05885259,0
train,23,data_23.csv,persistent_leak,23_69_92,24,69,92,41400,55200,0,0.052063517,0
train,23,data_23.csv,persistent_leak,23_70_93,24,70,93,42000,55800,0,0.04783887,0
train,23,data_23.csv,persistent_leak,23_71_94,24,71,94,42600,56400,0,0.050055172,0
train,23,data_23.csv,persistent_leak,23_72_95,24,72,95,43200,57000,0,0.05930495,0
train,23,data_23.csv,persistent_leak,23_73_96,24,73,96,43800,57600,0,0.06709026,0
train,23,data_23.csv,persistent_leak,23_74_97,24,74,97,44400,58200,0,0.04542086,0
train,23,data_23.csv,persistent_leak,23_75_98,24,75,98,45000,58800,0,0.035173703,0
train,23,data_23.csv,persistent_leak,23_76_99,24,76,99,45600,59400,0,0.030639648,0
train,23,data_23.csv,persistent_leak,23_77_100,24,77,100,46200,60000,0,0.032667972,0
train,23,data_23.csv,persistent_leak,23_78_101,24,78,101,46800,60600,0,0.043467604,0
train,23,data_23.csv,persistent_leak,23_79_102,24,79,102,47400,61200,0,0.05552922,0
train,23,data_23.csv,persistent_leak,23_80_103,24,80,103,48000,61800,0,0.018849265,0
train,23,data_23.csv,persistent_leak,23_81_104,24,81,104,48600,62400,0,0.018677494,0
train,23,data_23.csv,persistent_leak,23_82_105,24,82,105,49200,63000,0,0.023279121,0
train,23,data_23.csv,persistent_leak,23_83_106,24,83,106,49800,63600,0,0.038001824,0
train,23,data_23.csv,persistent_leak,23_84_107,24,84,107,50400,64200,0,0.055844042,0
train,23,data_23.csv,persistent_leak,23_85_108,24,85,108,51000,64800,0,0.073325545,0
train,23,data_23.csv,persistent_leak,23_86_109,24,86,109,51600,65400,0,0.048466723,0
train,23,data_23.csv,persistent_leak,23_87_110,24,87,110,52200,66000,0,0.05772076,0
train,23,data_23.csv,persistent_leak,23_88_111,24,88,111,52800,66600,0,0.06386477,0
train,23,data_23.csv,persistent_leak,23_89_112,24,89,112,53400,67200,0,0.05386421,0
train,23,data_23.csv,persistent_leak,23_90_113,24,90,113,54000,67800,0,0.061411124,0
train,23,data_23.csv,persistent_leak,23_91_114,24,91,114,54600,68400,0,0.033314973,0
train,23,data_23.csv,persistent_leak,23_92_115,24,92,115,55200,69000,0,0.012354845,0
train,23,data_23.csv,persistent_leak,23_93_116,24,93,116,55800,69600,0,0.0069861882,0
train,23,data_23.csv,persistent_leak,23_94_117,24,94,117,56400,70200,0,0.004362045,0
train,23,data_23.csv,persistent_leak,23_95_118,24,95,118,57000,70800,0,0.001484675,0
train,23,data_23.csv,persistent_leak,23_96_119,24,96,119,57600,71400,0,0.0004337522,0
train,23,data_23.csv,persistent_leak,23_97_120,24,97,120,58200,72000,0,0.00013759243,0
train,23,data_23.csv,persistent_leak,23_98_121,24,98,121,58800,72600,0,2.404815e-05,0
train,23,data_23.csv,persistent_leak,23_99_122,24,99,122,59400,73200,0,9.777364e-06,0
train,23,data_23.csv,persistent_leak,23_100_123,24,100,123,60000,73800,0,5.220011e-06,0
train,23,data_23.csv,persistent_leak,23_101_124,24,101,124,60600,74400,0,1.734538e-06,0
train,23,data_23.csv,persistent_leak,23_102_125,24,102,125,61200,75000,0,3.6659637e-07,0
train,23,data_23.csv,persistent_leak,23_103_126,24,103,126,61800,75600,0,1.0126141e-07,0
train,23,data_23.csv,persistent_leak,23_104_127,24,104,127,62400,76200,0,3.2688696e-08,0
train,23,data_23.csv,persistent_leak,23_105_128,24,105,128,63000,76800,0,1.8298334e-08,0
train,23,data_23.csv,persistent_leak,23_106_129,24,106,129,63600,77400,0,1.1911836e-08,0
train,23,data_23.csv,persistent_leak,23_107_130,24,107,130,64200,78000,0,4.9659334e-09,0
train,23,data_23.csv,persistent_leak,23_108_131,24,108,131,64800,78600,0,2.0809598e-09,0
train,23,data_23.csv,persistent_leak,23_109_132,24,109,132,65400,79200,0,4.5519905e-10,0
train,23,data_23.csv,persistent_leak,23_110_133,24,110,133,66000,79800,0,1.3741082e-10,0
train,23,data_23.csv,persistent_leak,23_111_134,24,111,134,66600,80400,0,6.317978e-11,0
train,23,data_23.csv,persistent_leak,23_112_135,24,112,135,67200,81000,0,2.6860292e-11,0
train,23,data_23.csv,persistent_leak,23_113_136,24,113,136,67800,81600,0,8.323596e-12,0
train,23,data_23.csv,persistent_leak,23_114_137,24,114,137,68400,82200,0,2.444621e-12,0
train,23,data_23.csv,persistent_leak,23_115_138,24,115,138,69000,82800,0,7.052456e-13,0
train,23,data_23.csv,persistent_leak,23_116_139,24,116,139,69600,83400,0,2.3413555e-13,0
train,23,data_23.csv,persistent_leak,23_117_140,24,117,140,70200,84000,0,9.740955e-14,0
train,23,data_23.csv,persistent_leak,23_118_141,24,118,141,70800,84600,0,4.362577e-14,0
train,23,data_23.csv,persistent_leak,23_119_142,24,119,142,71400,85200,0,1.3631858e-14,0
train,23,data_23.csv,persistent_leak,23_120_143,24,120,143,72000,85800,0,3.2629899e-15,0
train,23,data_23.csv,persistent_leak,23_121_144,24,121,144,72600,86400,0,9.35797e-16,0
train,24,data_24.csv,persistent_leak,24_0_23,24,0,23,0,13800,0,1.1611135e-23,0
train,24,data_24.csv,persistent_leak,24_1_24,24,1,24,600,14400,0,2.7845802e-23,0
train,24,data_24.csv,persistent_leak,24_2_25,24,2,25,1200,15000,0,9.062588e-23,0
train,24,data_24.csv,persistent_leak,24_3_26,24,3,26,1800,15600,0,1.4395664e-22,0
train,24,data_24.csv,persistent_leak,24_4_27,24,4,27,2400,16200,0,1.0846994e-22,0
train,24,data_24.csv,persistent_leak,24_5_28,24,5,28,3000,16800,0,9.997294e-23,0
train,24,data_24.csv,persistent_leak,24_6_29,24,6,29,3600,17400,0,4.6231935e-23,0
train,24,data_24.csv,persistent_leak,24_7_30,24,7,30,4200,18000,0,1.6031368e-22,0
train,24,data_24.csv,persistent_leak,24_8_31,24,8,31,4800,18600,0,7.125477e-22,0
train,24,data_24.csv,persistent_leak,24_9_32,24,9,32,5400,19200,0,2.048474e-21,0
train,24,data_24.csv,persistent_leak,24_10_33,24,10,33,6000,19800,0,2.9511759e-21,0
train,24,data_24.csv,persistent_leak,24_11_34,24,11,34,6600,20400,0,7.069059e-21,0
train,24,data_24.csv,persistent_leak,24_12_35,24,12,35,7200,21000,0,1.8452855e-20,0
train,24,data_24.csv,persistent_leak,24_13_36,24,13,36,7800,21600,0,1.065634e-19,0
train,24,data_24.csv,persistent_leak,24_14_37,24,14,37,8400,22200,0,4.2714764e-19,0
train,24,data_24.csv,persistent_leak,24_15_38,24,15,38,9000,22800,0,1.0400084e-18,0
train,24,data_24.csv,persistent_leak,24_16_39,24,16,39,9600,23400,0,2.0287403e-18,0
train,24,data_24.csv,persistent_leak,24_17_40,24,17,40,10200,24000,0,5.4458672e-18,0
train,24,data_24.csv,persistent_leak,24_18_41,24,18,41,10800,24600,0,1.27269116e-17,0
train,24,data_24.csv,persistent_leak,24_19_42,24,19,42,11400,25200,0,2.2189513e-16,0
train,24,data_24.csv,persistent_leak,24_20_43,24,20,43,12000,25800,0,2.810031e-15,0
train,24,data_24.csv,persistent_leak,24_21_44,24,21,44,12600,26400,0,1.8296847e-14,0
train,24,data_24.csv,persistent_leak,24_22_45,24,22,45,13200,27000,0,6.7774664e-14,0
train,24,data_24.csv,persistent_leak,24_23_46,24,23,46,13800,27600,0,5.015517e-13,0
train,24,data_24.csv,persistent_leak,24_24_47,24,24,47,14400,28200,0,2.0230623e-12,0
train,24,data_24.csv,persistent_leak,24_25_48,24,25,48,15000,28800,0,6.583782e-11,0
train,24,data_24.csv,persistent_leak,24_26_49,24,26,49,15600,29400,0,2.3604788e-10,0
train,24,data_24.csv,persistent_leak,24_27_50,24,27,50,16200,30000,0,5.5543065e-10,0
train,24,data_24.csv,persistent_leak,24_28_51,24,28,51,16800,30600,0,1.055378e-09,0
train,24,data_24.csv,persistent_leak,24_29_52,24,29,52,17400,31200,0,4.8985203e-09,0
train,24,data_24.csv,persistent_leak,24_30_53,24,30,53,18000,31800,0,2.6909868e-08,0
train,24,data_24.csv,persistent_leak,24_31_54,24,31,54,18600,32400,0,1.4267489e-07,0
train,24,data_24.csv,persistent_leak,24_32_55,24,32,55,19200,33000,0,8.101184e-08,0
train,24,data_24.csv,persistent_leak,24_33_56,24,33,56,19800,33600,0,5.848424e-08,0
train,24,data_24.csv,persistent_leak,24_34_57,24,34,57,20400,34200,0,1.2072248e-07,0
train,24,data_24.csv,persistent_leak,24_35_58,24,35,58,21000,34800,0,3.3137894e-07,0
train,24,data_24.csv,persistent_leak,24_36_59,24,36,59,21600,35400,0,1.1027106e-06,0
train,24,data_24.csv,persistent_leak,24_37_60,24,37,60,22200,36000,0,7.443956e-06,0
train,24,data_24.csv,persistent_leak,24_38_61,24,38,61,22800,36600,0,9.883242e-06,0
train,24,data_24.csv,persistent_leak,24_39_62,24,39,62,23400,37200,0,1.5005031e-05,0
train,24,data_24.csv,persistent_leak,24_40_63,24,40,63,24000,37800,0,0.000114582006,0
train,24,data_24.csv,persistent_leak,24_41_64,24,41,64,24600,38400,0,0.0004148791,0
train,24,data_24.csv,persistent_leak,24_42_65,24,42,65,25200,39000,0,0.0037089053,0
train,24,data_24.csv,persistent_leak,24_43_66,24,43,66,25800,39600,0,0.032509375,0
train,24,data_24.csv,persistent_leak,24_44_67,24,44,67,26400,40200,0,0.14400472,0
train,24,data_24.csv,persistent_leak,24_45_68,24,45,68,27000,40800,0,0.19401531,0
train,24,data_24.csv,persistent_leak,24_46_69,24,46,69,27600,41400,0,0.30743665,0
train,24,data_24.csv,persistent_leak,24_47_70,24,47,70,28200,42000,0,0.4636499,0
train,24,data_24.csv,persistent_leak,24_48_71,24,48,71,28800,42600,0,0.5946114,0
train,24,data_24.csv,persistent_leak,24_49_72,24,49,72,29400,43200,0,0.6781329,0
train,24,data_24.csv,persistent_leak,24_50_73,24,50,73,30000,43800,0,0.571927,0
train,24,data_24.csv,persistent_leak,24_51_74,24,51,74,30600,44400,0,0.5328522,0
train,24,data_24.csv,persistent_leak,24_52_75,24,52,75,31200,45000,0,0.539086,0
train,24,data_24.csv,persistent_leak,24_53_76,24,53,76,31800,45600,0,0.5159715,0
train,24,data_24.csv,persistent_leak,24_54_77,24,54,77,32400,46200,0,0.40127572,0
train,24,data_24.csv,persistent_leak,24_55_78,24,55,78,33000,46800,0,0.14720789,0
train,24,data_24.csv,persistent_leak,24_56_79,24,56,79,33600,47400,0,0.0814271,0
train,24,data_24.csv,persistent_leak,24_57_80,24,57,80,34200,48000,0,0.055765342,0
train,24,data_24.csv,persistent_leak,24_58_81,24,58,81,34800,48600,0,0.037725415,0
train,24,data_24.csv,persistent_leak,24_59_82,24,59,82,35400,49200,0,0.033279333,0
train,24,data_24.csv,persistent_leak,24_60_83,24,60,83,36000,49800,0,0.02314796,0
train,24,data_24.csv,persistent_leak,24_61_84,24,61,84,36600,50400,0,0.009289291,0
train,24,data_24.csv,persistent_leak,24_62_85,24,62,85,37200,51000,0,0.003418944,0
train,24,data_24.csv,persistent_leak,24_63_86,24,63,86,37800,51600,0,0.0017651609,0
train,24,data_24.csv,persistent_leak,24_64_87,24,64,87,38400,52200,0,0.0023449622,0
train,24,data_24.csv,persistent_leak,24_65_88,24,65,88,39000,52800,0,0.006234083,0
train,24,data_24.csv,persistent_leak,24_66_89,24,66,89,39600,53400,0,0.015908228,0
train,24,data_24.csv,persistent_leak,24_67_90,24,67,90,40200,54000,0,0.032406162,0
train,24,data_24.csv,persistent_leak,24_68_91,24,68,91,40800,54600,0,0.0010067371,0
train,24,data_24.csv,persistent_leak,24_69_92,24,69,92,41400,55200,0,0.00041731776,0
train,24,data_24.csv,persistent_leak,24_70_93,24,70,93,42000,55800,0,0.00033126032,0
train,24,data_24.csv,persistent_leak,24_71_94,24,71,94,42600,56400,0,0.0007537216,0
train,24,data_24.csv,persistent_leak,24_72_95,24,72,95,43200,57000,0,0.0017621448,0
train,24,data_24.csv,persistent_leak,24_73_96,24,73,96,43800,57600,0,0.001505461,0
train,24,data_24.csv,persistent_leak,24_74_97,24,74,97,44400,58200,0,0.00016504184,0
train,24,data_24.csv,persistent_leak,24_75_98,24,75,98,45000,58800,0,0.00012812762,0
train,24,data_24.csv,persistent_leak,24_76_99,24,76,99,45600,59400,0,0.00012634933,0
train,24,data_24.csv,persistent_leak,24_77_100,24,77,100,46200,60000,0,0.00012175974,0
train,24,data_24.csv,persistent_leak,24_78_101,24,78,101,46800,60600,0,0.00013182333,0
train,24,data_24.csv,persistent_leak,24_79_102,24,79,102,47400,61200,0,9.9277044e-05,0
train,24,data_24.csv,persistent_leak,24_80_103,24,80,103,48000,61800,0,5.2937437e-05,0
train,24,data_24.csv,persistent_leak,24_81_104,24,81,104,48600,62400,0,4.766369e-05,0
train,24,data_24.csv,persistent_leak,24_82_105,24,82,105,49200,63000,0,3.9480372e-05,0
train,24,data_24.csv,persistent_leak,24_83_106,24,83,106,49800,63600,0,1.5428408e-05,0
train,24,data_24.csv,persistent_leak,24_84_107,24,84,107,50400,64200,0,7.476562e-06,0
train,24,data_24.csv,persistent_leak,24_85_108,24,85,108,51000,64800,0,7.2966163e-06,0
train,24,data_24.csv,persistent_leak,24_86_109,24,86,109,51600,65400,0,2.9680526e-05,0
train,24,data_24.csv,persistent_leak,24_87_110,24,87,110,52200,66000,0,3.101676e-05,0
train,24,data_24.csv,persistent_leak,24_88_111,24,88,111,52800,66600,0,9.555228e-06,0
train,24,data_24.csv,persistent_leak,24_89_112,24,89,112,53400,67200,0,2.681064e-06,0
train,24,data_24.csv,persistent_leak,24_90_113,24,90,113,54000,67800,0,2.3841284e-07,0
train,24,data_24.csv,persistent_leak,24_91_114,24,91,114,54600,68400,0,7.1887723e-07,0
train,24,data_24.csv,persistent_leak,24_92_115,24,92,115,55200,69000,0,2.9692856e-06,0
train,24,data_24.csv,persistent_leak,24_93_116,24,93,116,55800,69600,0,2.9225544e-06,0
train,24,data_24.csv,persistent_leak,24_94_117,24,94,117,56400,70200,0,1.1561588e-06,0
train,24,data_24.csv,persistent_leak,24_95_118,24,95,118,57000,70800,0,9.849714e-07,0
train,24,data_24.csv,persistent_leak,24_96_119,24,96,119,57600,71400,0,6.2486157e-07,0
train,24,data_24.csv,persistent_leak,24_97_120,24,97,120,58200,72000,0,3.783481e-06,0
train,24,data_24.csv,persistent_leak,24_98_121,24,98,121,58800,72600,0,2.7173926e-06,0
train,24,data_24.csv,persistent_leak,24_99_122,24,99,122,59400,73200,0,3.7802565e-06,0
train,24,data_24.csv,persistent_leak,24_100_123,24,100,123,60000,73800,0,4.3956725e-06,0
train,24,data_24.csv,persistent_leak,24_101_124,24,101,124,60600,74400,0,4.0470795e-06,0
train,24,data_24.csv,persistent_leak,24_102_125,24,102,125,61200,75000,0,2.2221363e-06,0
train,24,data_24.csv,persistent_leak,24_103_126,24,103,126,61800,75600,0,2.7818687e-05,0
train,24,data_24.csv,persistent_leak,24_104_127,24,104,127,62400,76200,0,4.473799e-05,0
train,24,data_24.csv,persistent_leak,24_105_128,24,105,128,63000,76800,0,5.1778756e-05,0
train,24,data_24.csv,persistent_leak,24_106_129,24,106,129,63600,77400,0,0.00018459192,0
train,24,data_24.csv,persistent_leak,24_107_130,24,107,130,64200,78000,0,0.0005909357,0
train,24,data_24.csv,persistent_leak,24_108_131,24,108,131,64800,78600,0,0.0027941149,0
train,24,data_24.csv,persistent_leak,24_109_132,24,109,132,65400,79200,0,0.0003830332,0
train,24,data_24.csv,persistent_leak,24_110_133,24,110,133,66000,79800,0,7.848151e-05,0
train,24,data_24.csv,persistent_leak,24_111_134,24,111,134,66600,80400,0,4.6876685e-05,0
train,24,data_24.csv,persistent_leak,24_112_135,24,112,135,67200,81000,0,7.887578e-05,0
train,24,data_24.csv,persistent_leak,24_113_136,24,113,136,67800,81600,0,0.00017236156,0
train,24,data_24.csv,persistent_leak,24_114_137,24,114,137,68400,82200,0,0.0017894275,0
train,24,data_24.csv,persistent_leak,24_115_138,24,115,138,69000,82800,0,0.00034453475,0
train,24,data_24.csv,persistent_leak,24_116_139,24,116,139,69600,83400,0,2.5574768e-06,0
train,24,data_24.csv,persistent_leak,24_117_140,24,117,140,70200,84000,0,1.3478923e-07,0
train,24,data_24.csv,persistent_leak,24_118_141,24,118,141,70800,84600,0,4.093564e-08,0
train,24,data_24.csv,persistent_leak,24_119_142,24,119,142,71400,85200,0,2.1348448e-08,0
train,24,data_24.csv,persistent_leak,24_120_143,24,120,143,72000,85800,0,2.247799e-08,0
train,24,data_24.csv,persistent_leak,24_121_144,24,121,144,72600,86400,0,1.5392116e-08,0
train,26,data_26.csv,onset_leak,26_0_23,24,0,23,0,13800,0,1.1875506e-25,0
train,26,data_26.csv,onset_leak,26_1_24,24,1,24,600,14400,0,3.663359e-25,0
train,26,data_26.csv,onset_leak,26_2_25,24,2,25,1200,15000,0,1.7130182e-24,0
train,26,data_26.csv,onset_leak,26_3_26,24,3,26,1800,15600,0,4.4004373e-24,0
train,26,data_26.csv,onset_leak,26_4_27,24,4,27,2400,16200,0,4.8400565e-24,0
train,26,data_26.csv,onset_leak,26_5_28,24,5,28,3000,16800,0,8.043412e-24,0
train,26,data_26.csv,onset_leak,26_6_29,24,6,29,3600,17400,0,9.641809e-24,0
train,26,data_26.csv,onset_leak,26_7_30,24,7,30,4200,18000,0,4.0189686e-23,0
train,26,data_26.csv,onset_leak,26_8_31,24,8,31,4800,18600,0,2.4367734e-22,0
train,26,data_26.csv,onset_leak,26_9_32,24,9,32,5400,19200,0,8.294789e-22,0
train,26,data_26.csv,onset_leak,26_10_33,24,10,33,6000,19800,0,1.1106219e-21,0
train,26,data_26.csv,onset_leak,26_11_34,24,11,34,6600,20400,0,2.7056211e-21,0
train,26,data_26.csv,onset_leak,26_12_35,24,12,35,7200,21000,0,6.5352176e-21,0
train,26,data_26.csv,onset_leak,26_13_36,24,13,36,7800,21600,0,4.1274235e-20,0
train,26,data_26.csv,onset_leak,26_14_37,24,14,37,8400,22200,0,1.5306485e-19,0
train,26,data_26.csv,onset_leak,26_15_38,24,15,38,9000,22800,0,3.5453276e-19,0
train,26,data_26.csv,onset_leak,26_16_39,24,16,39,9600,23400,0,7.3951317e-19,0
train,26,data_26.csv,onset_leak,26_17_40,24,17,40,10200,24000,0,2.0266053e-18,0
train,26,data_26.csv,onset_leak,26_18_41,24,18,41,10800,24600,0,5.362173e-18,0
train,26,data_26.csv,onset_leak,26_19_42,24,19,42,11400,25200,0,4.1435843e-17,0
train,26,data_26.csv,onset_leak,26_20_43,24,20,43,12000,25800,0,1.549852e-16,0
train,26,data_26.csv,onset_leak,26_21_44,24,21,44,12600,26400,0,4.60213e-16,0
train,26,data_26.csv,onset_leak,26_22_45,24,22,45,13200,27000,0,1.7480256e-15,0
train,26,data_26.csv,onset_leak,26_23_46,24,23,46,13800,27600,0,9.721294e-15,0
train,26,data_26.csv,onset_leak,26_24_47,24,24,47,14400,28200,0,5.9857264e-14,0
train,26,data_26.csv,onset_leak,26_25_48,24,25,48,15000,28800,0,5.987157e-13,0
train,26,data_26.csv,onset_leak,26_26_49,24,26,49,15600,29400,0,5.1103366e-12,0
train,26,data_26.csv,onset_leak,26_27_50,24,27,50,16200,30000,0,2.9853692e-11,0
train,26,data_26.csv,onset_leak,26_28_51,24,28,51,16800,30600,0,9.169698e-11,0
train,26,data_26.csv,onset_leak,26_29_52,24,29,52,17400,31200,0,6.1819927e-10,0
train,26,data_26.csv,onset_leak,26_30_53,24,30,53,18000,31800,0,3.268799e-09,0
train,26,data_26.csv,onset_leak,26_31_54,24,31,54,18600,32400,0,5.2559566e-09,0
train,26,data_26.csv,onset_leak,26_32_55,24,32,55,19200,33000,0,3.2944176e-09,0
train,26,data_26.csv,onset_leak,26_33_56,24,33,56,19800,33600,0,3.1136473e-09,0
train,26,data_26.csv,onset_leak,26_34_57,24,34,57,20400,34200,0,5.559057e-09,0
train,26,data_26.csv,onset_leak,26_35_58,24,35,58,21000,34800,0,1.2065774e-08,0
train,26,data_26.csv,onset_leak,26_36_59,24,36,59,21600,35400,0,4.7379686e-08,0
train,26,data_26.csv,onset_leak,26_37_60,24,37,60,22200,36000,0,5.4172705e-07,0
train,26,data_26.csv,onset_leak,26_38_61,24,38,61,22800,36600,0,1.8905888e-06,0
train,26,data_26.csv,onset_leak,26_39_62,24,39,62,23400,37200,0,4.5925967e-06,0
train,26,data_26.csv,onset_leak,26_40_63,24,40,63,24000,37800,0,1.7337034e-05,0
train,26,data_26.csv,onset_leak,26_41_64,24,41,64,24600,38400,0,4.2653814e-05,0
train,26,data_26.csv,onset_leak,26_42_65,24,42,65,25200,39000,0,9.232009e-05,0
train,26,data_26.csv,onset_leak,26_43_66,24,43,66,25800,39600,0,0.0006394376,0
train,26,data_26.csv,onset_leak,26_44_67,24,44,67,26400,40200,0,0.0026168732,0
train,26,data_26.csv,onset_leak,26_45_68,24,45,68,27000,40800,0,0.00751791,0
train,26,data_26.csv,onset_leak,26_46_69,24,46,69,27600,41400,0,0.0075833253,0
train,26,data_26.csv,onset_leak,26_47_70,24,47,70,28200,42000,0,0.02128716,0
train,26,data_26.csv,onset_leak,26_48_71,24,48,71,28800,42600,0,0.081971034,0
train,26,data_26.csv,onset_leak,26_49_72,24,49,72,29400,43200,0,0.5093378,0
train,26,data_26.csv,onset_leak,26_50_73,24,50,73,30000,43800,0,0.52013814,0
train,26,data_26.csv,onset_leak,26_51_74,24,51,74,30600,44400,0,0.5632124,0
train,26,data_26.csv,onset_leak,26_52_75,24,52,75,31200,45000,0,0.4276875,0
train,26,data_26.csv,onset_leak,26_53_76,24,53,76,31800,45600,0,0.48418853,0
train,26,data_26.csv,onset_leak,26_54_77,24,54,77,32400,46200,0,0.2772634,0
train,26,data_26.csv,onset_leak,26_55_78,24,55,78,33000,46800,0,0.8665988,1
train,26,data_26.csv,onset_leak,26_56_79,24,56,79,33600,47400,0,0.7501623,1
train,26,data_26.csv,onset_leak,26_57_80,24,57,80,34200,48000,0,0.69432616,0
train,26,data_26.csv,onset_leak,26_58_81,24,58,81,34800,48600,0,0.7419241,0
train,26,data_26.csv,onset_leak,26_59_82,24,59,82,35400,49200,0,0.8090534,1
train,26,data_26.csv,onset_leak,26_60_83,24,60,83,36000,49800,0,0.78766364,1
train,26,data_26.csv,onset_leak,26_61_84,24,61,84,36600,50400,0,0.9399742,1
train,26,data_26.csv,onset_leak,26_62_85,24,62,85,37200,51000,0,0.9411023,1
train,26,data_26.csv,onset_leak,26_63_86,24,63,86,37800,51600,0,0.92790407,1
train,26,data_26.csv,onset_leak,26_64_87,24,64,87,38400,52200,0,0.9083965,1
train,26,data_26.csv,onset_leak,26_65_88,24,65,88,39000,52800,0,0.9031962,1
train,26,data_26.csv,onset_leak,26_66_89,24,66,89,39600,53400,0,0.89560544,1
train,26,data_26.csv,onset_leak,26_67_90,24,67,90,40200,54000,0,0.924283,1
train,26,data_26.csv,onset_leak,26_68_91,24,68,91,40800,54600,0,0.9183985,1
train,26,data_26.csv,onset_leak,26_69_92,24,69,92,41400,55200,0,0.9060194,1
train,26,data_26.csv,onset_leak,26_70_93,24,70,93,42000,55800,0,0.8905515,1
train,26,data_26.csv,onset_leak,26_71_94,24,71,94,42600,56400,0,0.9005987,1
train,26,data_26.csv,onset_leak,26_72_95,24,72,95,43200,57000,0,0.9177149,1
train,26,data_26.csv,onset_leak,26_73_96,24,73,96,43800,57600,0,0.9184027,1
train,26,data_26.csv,onset_leak,26_74_97,24,74,97,44400,58200,0,0.91389334,1
train,26,data_26.csv,onset_leak,26_75_98,24,75,98,45000,58800,0,0.9043482,1
train,26,data_26.csv,onset_leak,26_76_99,24,76,99,45600,59400,0,0.8961935,1
train,26,data_26.csv,onset_leak,26_77_100,24,77,100,46200,60000,0,0.9016612,1
train,26,data_26.csv,onset_leak,26_78_101,24,78,101,46800,60600,0,0.9153579,1
train,26,data_26.csv,onset_leak,26_79_102,24,79,102,47400,61200,0,0.9087549,1
train,26,data_26.csv,onset_leak,26_80_103,24,80,103,48000,61800,0,0.90347177,1
train,26,data_26.csv,onset_leak,26_81_104,24,81,104,48600,62400,0,0.8983221,1
train,26,data_26.csv,onset_leak,26_82_105,24,82,105,49200,63000,0,0.89407605,1
train,26,data_26.csv,onset_leak,26_83_106,24,83,106,49800,63600,0,0.89851934,1
train,26,data_26.csv,onset_leak,26_84_107,24,84,107,50400,64200,0,0.9086525,1
train,26,data_26.csv,onset_leak,26_85_108,24,85,108,51000,64800,0,0.86503476,1
train,26,data_26.csv,onset_leak,26_86_109,24,86,109,51600,65400,0,0.8496575,1
train,26,data_26.csv,onset_leak,26_87_110,24,87,110,52200,66000,0,0.8833848,1
train,26,data_26.csv,onset_leak,26_88_111,24,88,111,52800,66600,0,0.9009351,1
train,26,data_26.csv,onset_leak,26_89_112,24,89,112,53400,67200,0,0.92511827,1
train,26,data_26.csv,onset_leak,26_90_113,24,90,113,54000,67800,0,0.9422526,1
train,26,data_26.csv,onset_leak,26_91_114,24,91,114,54600,68400,0,0.94151556,1
train,26,data_26.csv,onset_leak,26_92_115,24,92,115,55200,69000,0,0.932945,1
train,26,data_26.csv,onset_leak,26_93_116,24,93,116,55800,69600,0,0.95152605,1
train,26,data_26.csv,onset_leak,26_94_117,24,94,117,56400,70200,0,0.9580165,1
train,26,data_26.csv,onset_leak,26_95_118,24,95,118,57000,70800,0,0.96705896,1
train,26,data_26.csv,onset_leak,26_96_119,24,96,119,57600,71400,0,0.9707238,1
train,26,data_26.csv,onset_leak,26_97_120,24,97,120,58200,72000,0,0.96778905,1
train,26,data_26.csv,onset_leak,26_98_121,24,98,121,58800,72600,0,0.9304314,1
train,26,data_26.csv,onset_leak,26_99_122,24,99,122,59400,73200,0,0.89499164,1
train,26,data_26.csv,onset_leak,26_100_123,24,100,123,60000,73800,0,0.83804214,1
train,26,data_26.csv,onset_leak,26_101_124,24,101,124,60600,74400,0,0.86953497,1
train,26,data_26.csv,onset_leak,26_102_125,24,102,125,61200,75000,0,0.82361066,1
train,26,data_26.csv,onset_leak,26_103_126,24,103,126,61800,75600,0,0.72017205,0
train,26,data_26.csv,onset_leak,26_104_127,24,104,127,62400,76200,0,0.007961957,0
train,26,data_26.csv,onset_leak,26_105_128,24,105,128,63000,76800,0,0.0008347637,0
train,26,data_26.csv,onset_leak,26_106_129,24,106,129,63600,77400,0,0.00034202661,0
train,26,data_26.csv,onset_leak,26_107_130,24,107,130,64200,78000,0,0.00022260241,0
train,26,data_26.csv,onset_leak,26_108_131,24,108,131,64800,78600,0,5.351454e-05,0
train,26,data_26.csv,onset_leak,26_109_132,24,109,132,65400,79200,0,3.2629872e-05,0
train,26,data_26.csv,onset_leak,26_110_133,24,110,133,66000,79800,0,6.6591184e-07,0
train,26,data_26.csv,onset_leak,26_111_134,24,111,134,66600,80400,0,2.6887326e-07,0
train,26,data_26.csv,onset_leak,26_112_135,24,112,135,67200,81000,0,1.9772169e-07,0
train,26,data_26.csv,onset_leak,26_113_136,24,113,136,67800,81600,0,8.899803e-08,0
train,26,data_26.csv,onset_leak,26_114_137,24,114,137,68400,82200,0,3.732055e-08,0
train,26,data_26.csv,onset_leak,26_115_138,24,115,138,69000,82800,0,2.0456413e-08,0
train,26,data_26.csv,onset_leak,26_116_139,24,116,139,69600,83400,0,2.821323e-09,0
train,26,data_26.csv,onset_leak,26_117_140,24,117,140,70200,84000,0,9.550727e-10,0
train,26,data_26.csv,onset_leak,26_118_141,24,118,141,70800,84600,0,3.5063324e-10,0
train,26,data_26.csv,onset_leak,26_119_142,24,119,142,71400,85200,0,4.395467e-11,0
train,26,data_26.csv,onset_leak,26_120_143,24,120,143,72000,85800,0,5.5871757e-12,0
train,26,data_26.csv,onset_leak,26_121_144,24,121,144,72600,86400,0,3.326544e-13,0
train,27,data_27.csv,onset_leak,27_0_23,24,0,23,0,13800,0,4.847302e-23,0
train,27,data_27.csv,onset_leak,27_1_24,24,1,24,600,14400,0,1.2793712e-22,0
train,27,data_27.csv,onset_leak,27_2_25,24,2,25,1200,15000,0,2.8526722e-22,0
train,27,data_27.csv,onset_leak,27_3_26,24,3,26,1800,15600,0,5.3975433e-22,0
train,27,data_27.csv,onset_leak,27_4_27,24,4,27,2400,16200,0,8.68438e-22,0
train,27,data_27.csv,onset_leak,27_5_28,24,5,28,3000,16800,0,1.8196237e-21,0
train,27,data_27.csv,onset_leak,27_6_29,24,6,29,3600,17400,0,3.977002e-21,0
train,27,data_27.csv,onset_leak,27_7_30,24,7,30,4200,18000,0,1.1419632e-20,0
train,27,data_27.csv,onset_leak,27_8_31,24,8,31,4800,18600,0,2.7199553e-20,0
train,27,data_27.csv,onset_leak,27_9_32,24,9,32,5400,19200,0,5.3395924e-20,0
train,27,data_27.csv,onset_leak,27_10_33,24,10,33,6000,19800,0,9.1928944e-20,0
train,27,data_27.csv,onset_leak,27_11_34,24,11,34,6600,20400,0,2.0594299e-19,0
train,27,data_27.csv,onset_leak,27_12_35,24,12,35,7200,21000,0,4.8322284e-19,0
train,27,data_27.csv,onset_leak,27_13_36,24,13,36,7800,21600,0,1.5257581e-18,0
train,27,data_27.csv,onset_leak,27_14_37,24,14,37,8400,22200,0,3.9660395e-18,0
train,27,data_27.csv,onset_leak,27_15_38,24,15,38,9000,22800,0,8.22878e-18,0
train,27,data_27.csv,onset_leak,27_16_39,24,16,39,9600,23400,0,1.5108738e-17,0
train,27,data_27.csv,onset_leak,27_17_40,24,17,40,10200,24000,0,3.6022336e-17,0
train,27,data_27.csv,onset_leak,27_18_41,24,18,41,10800,24600,0,9.0816146e-17,0
train,27,data_27.csv,onset_leak,27_19_42,24,19,42,11400,25200,0,3.211016e-16,0
train,27,data_27.csv,onset_leak,27_20_43,24,20,43,12000,25800,0,9.239813e-16,0
train,27,data_27.csv,onset_leak,27_21_44,24,21,44,12600,26400,0,2.0730543e-15,0
train,27,data_27.csv,onset_leak,27_22_45,24,22,45,13200,27000,0,3.9948344e-15,0
train,27,data_27.csv,onset_leak,27_23_46,24,23,46,13800,27600,0,1.0408917e-14,0
train,27,data_27.csv,onset_leak,27_24_47,24,24,47,14400,28200,0,2.840083e-14,0
train,27,data_27.csv,onset_leak,27_25_48,24,25,48,15000,28800,0,1.4339907e-13,0
train,27,data_27.csv,onset_leak,27_26_49,24,26,49,15600,29400,0,6.0601697e-13,0
train,27,data_27.csv,onset_leak,27_27_50,24,27,50,16200,30000,0,1.729051e-12,0
train,27,data_27.csv,onset_leak,27_28_51,24,28,51,16800,30600,0,3.5967301e-12,0
train,27,data_27.csv,onset_leak,27_29_52,24,29,52,17400,31200,0,1.1181797e-11,0
train,27,data_27.csv,onset_leak,27_30_53,24,30,53,18000,31800,0,3.26912e-11,0
train,27,data_27.csv,onset_leak,27_31_54,24,31,54,18600,32400,0,2.6343744e-10,0
train,27,data_27.csv,onset_leak,27_32_55,24,32,55,19200,33000,0,1.7407544e-09,0
train,27,data_27.csv,onset_leak,27_33_56,24,33,56,19800,33600,0,4.080847e-09,0
train,27,data_27.csv,onset_leak,27_34_57,24,34,57,20400,34200,0,7.506255e-09,0
train,27,data_27.csv,onset_leak,27_35_58,24,35,58,21000,34800,0,2.3411605e-08,0
train,27,data_27.csv,onset_leak,27_36_59,24,36,59,21600,35400,0,6.281915e-08,0
train,27,data_27.csv,onset_leak,27_37_60,24,37,60,22200,36000,0,6.6480203e-07,0
train,27,data_27.csv,onset_leak,27_38_61,24,38,61,22800,36600,0,9.077964e-07,0
train,27,data_27.csv,onset_leak,27_39_62,24,39,62,23400,37200,0,1.4503232e-06,0
train,27,data_27.csv,onset_leak,27_40_63,24,40,63,24000,37800,0,2.4386447e-06,0
train,27,data_27.csv,onset_leak,27_41_64,24,41,64,24600,38400,0,6.2856934e-06,0
train,27,data_27.csv,onset_leak,27_42_65,24,42,65,25200,39000,0,1.656927e-05,0
train,27,data_27.csv,onset_leak,27_43_66,24,43,66,25800,39600,0,0.00012484263,0
train,27,data_27.csv,onset_leak,27_44_67,24,44,67,26400,40200,0,0.00015286815,0
train,27,data_27.csv,onset_leak,27_45_68,24,45,68,27000,40800,0,0.00015541908,0
train,27,data_27.csv,onset_leak,27_46_69,24,46,69,27600,41400,0,0.00030664247,0
train,27,data_27.csv,onset_leak,27_47_70,24,47,70,28200,42000,0,0.000827676,0
train,27,data_27.csv,onset_leak,27_48_71,24,48,71,28800,42600,0,0.002387684,0
train,27,data_27.csv,onset_leak,27_49_72,24,49,72,29400,43200,0,0.016800456,0
train,27,data_27.csv,onset_leak,27_50_73,24,50,73,30000,43800,0,0.015590738,0
train,27,data_27.csv,onset_leak,27_51_74,24,51,74,30600,44400,0,0.010097457,0
train,27,data_27.csv,onset_leak,27_52_75,24,52,75,31200,45000,0,0.022226194,0
train,27,data_27.csv,onset_leak,27_53_76,24,53,76,31800,45600,0,0.032742906,0
train,27,data_27.csv,onset_leak,27_54_77,24,54,77,32400,46200,0,0.074196726,0
train,27,data_27.csv,onset_leak,27_55_78,24,55,78,33000,46800,0,0.105753824,0
train,27,data_27.csv,onset_leak,27_56_79,24,56,79,33600,47400,0,0.100629106,0
train,27,data_27.csv,onset_leak,27_57_80,24,57,80,34200,48000,0,0.07866597,0
train,27,data_27.csv,onset_leak,27_58_81,24,58,81,34800,48600,0,0.077437244,0
train,27,data_27.csv,onset_leak,27_59_82,24,59,82,35400,49200,0,0.08670965,0
train,27,data_27.csv,onset_leak,27_60_83,24,60,83,36000,49800,0,0.10477657,0
train,27,data_27.csv,onset_leak,27_61_84,24,61,84,36600,50400,0,0.13071856,0
train,27,data_27.csv,onset_leak,27_62_85,24,62,85,37200,51000,0,0.14854509,0
train,27,data_27.csv,onset_leak,27_63_86,24,63,86,37800,51600,0,0.1422142,0
train,27,data_27.csv,onset_leak,27_64_87,24,64,87,38400,52200,0,0.13827841,0
train,27,data_27.csv,onset_leak,27_65_88,24,65,88,39000,52800,0,0.14332017,0
train,27,data_27.csv,onset_leak,27_66_89,24,66,89,39600,53400,0,0.20155105,0
train,27,data_27.csv,onset_leak,27_67_90,24,67,90,40200,54000,0,0.07674875,0
train,27,data_27.csv,onset_leak,27_68_91,24,68,91,40800,54600,0,0.037934124,0
train,27,data_27.csv,onset_leak,27_69_92,24,69,92,41400,55200,0,0.034309056,0
train,27,data_27.csv,onset_leak,27_70_93,24,70,93,42000,55800,0,0.027867338,0
train,27,data_27.csv,onset_leak,27_71_94,24,71,94,42600,56400,0,0.0368186,0
train,27,data_27.csv,onset_leak,27_72_95,24,72,95,43200,57000,0,0.051555075,0
train,27,data_27.csv,onset_leak,27_73_96,24,73,96,43800,57600,0,0.060534813,0
train,27,data_27.csv,onset_leak,27_74_97,24,74,97,44400,58200,0,0.017360438,0
train,27,data_27.csv,onset_leak,27_75_98,24,75,98,45000,58800,0,0.011337129,0
train,27,data_27.csv,onset_leak,27_76_99,24,76,99,45600,59400,0,0.01065608,0
train,27,data_27.csv,onset_leak,27_77_100,24,77,100,46200,60000,0,0.01658676,0
train,27,data_27.csv,onset_leak,27_78_101,24,78,101,46800,60600,0,0.016878951,0
train,27,data_27.csv,onset_leak,27_79_102,24,79,102,47400,61200,0,0.023618367,0
train,27,data_27.csv,onset_leak,27_80_103,24,80,103,48000,61800,0,0.020741342,0
train,27,data_27.csv,onset_leak,27_81_104,24,81,104,48600,62400,0,0.050079845,0
train,27,data_27.csv,onset_leak,27_82_105,24,82,105,49200,63000,0,0.08891496,0
train,27,data_27.csv,onset_leak,27_83_106,24,83,106,49800,63600,0,0.11612382,0
train,27,data_27.csv,onset_leak,27_84_107,24,84,107,50400,64200,0,0.12079784,0
train,27,data_27.csv,onset_leak,27_85_108,24,85,108,51000,64800,0,0.09696267,0
train,27,data_27.csv,onset_leak,27_86_109,24,86,109,51600,65400,0,0.10492616,0
train,27,data_27.csv,onset_leak,27_87_110,24,87,110,52200,66000,0,0.06753189,0
train,27,data_27.csv,onset_leak,27_88_111,24,88,111,52800,66600,0,0.06823255,0
train,27,data_27.csv,onset_leak,27_89_112,24,89,112,53400,67200,0,0.04872473,0
train,27,data_27.csv,onset_leak,27_90_113,24,90,113,54000,67800,0,0.04100152,0
train,27,data_27.csv,onset_leak,27_91_114,24,91,114,54600,68400,0,0.05475472,0
train,27,data_27.csv,onset_leak,27_92_115,24,92,115,55200,69000,0,0.11051724,0
train,27,data_27.csv,onset_leak,27_93_116,24,93,116,55800,69600,0,0.28633258,0
train,27,data_27.csv,onset_leak,27_94_117,24,94,117,56400,70200,0,0.5590906,0
train,27,data_27.csv,onset_leak,27_95_118,24,95,118,57000,70800,0,0.5650254,0
train,27,data_27.csv,onset_leak,27_96_119,24,96,119,57600,71400,0,0.17279182,0
train,27,data_27.csv,onset_leak,27_97_120,24,97,120,58200,72000,0,0.08896367,0
train,27,data_27.csv,onset_leak,27_98_121,24,98,121,58800,72600,0,0.054043263,0
train,27,data_27.csv,onset_leak,27_99_122,24,99,122,59400,73200,0,0.03448779,0
train,27,data_27.csv,onset_leak,27_100_123,24,100,123,60000,73800,0,0.040965013,0
train,27,data_27.csv,onset_leak,27_101_124,24,101,124,60600,74400,0,0.029451782,0
train,27,data_27.csv,onset_leak,27_102_125,24,102,125,61200,75000,0,0.03125805,0
train,27,data_27.csv,onset_leak,27_103_126,24,103,126,61800,75600,0,0.01785689,0
train,27,data_27.csv,onset_leak,27_104_127,24,104,127,62400,76200,0,0.00921913,0
train,27,data_27.csv,onset_leak,27_105_128,24,105,128,63000,76800,0,0.0067053363,0
train,27,data_27.csv,onset_leak,27_106_129,24,106,129,63600,77400,0,0.0070799543,0
train,27,data_27.csv,onset_leak,27_107_130,24,107,130,64200,78000,0,0.011405214,0
train,27,data_27.csv,onset_leak,27_108_131,24,108,131,64800,78600,0,0.02633684,0
train,27,data_27.csv,onset_leak,27_109_132,24,109,132,65400,79200,0,0.037663843,0
train,27,data_27.csv,onset_leak,27_110_133,24,110,133,66000,79800,0,0.0018013256,0
train,27,data_27.csv,onset_leak,27_111_134,24,111,134,66600,80400,0,0.00041405967,0
train,27,data_27.csv,onset_leak,27_112_135,24,112,135,67200,81000,0,0.00014606118,0
train,27,data_27.csv,onset_leak,27_113_136,24,113,136,67800,81600,0,9.0151254e-05,0
train,27,data_27.csv,onset_leak,27_114_137,24,114,137,68400,82200,0,0.00011706258,0
train,27,data_27.csv,onset_leak,27_115_138,24,115,138,69000,82800,0,0.00011748148,0
train,27,data_27.csv,onset_leak,27_116_139,24,116,139,69600,83400,0,9.4816244e-07,0
train,27,data_27.csv,onset_leak,27_117_140,24,117,140,70200,84000,0,1.5937434e-07,0
train,27,data_27.csv,onset_leak,27_118_141,24,118,141,70800,84600,0,6.279794e-08,0
train,27,data_27.csv,onset_leak,27_119_142,24,119,142,71400,85200,0,2.2443803e-08,0
train,27,data_27.csv,onset_leak,27_120_143,24,120,143,72000,85800,0,7.475166e-09,0
train,27,data_27.csv,onset_leak,27_121_144,24,121,144,72600,86400,0,1.9299733e-09,0
train,28,data_28.csv,onset_leak,28_0_23,24,0,23,0,13800,0,7.459887e-23,0
train,28,data_28.csv,onset_leak,28_1_24,24,1,24,600,14400,0,1.2735378e-22,0
train,28,data_28.csv,onset_leak,28_2_25,24,2,25,1200,15000,0,2.086009e-22,0
train,28,data_28.csv,onset_leak,28_3_26,24,3,26,1800,15600,0,2.9732314e-22,0
train,28,data_28.csv,onset_leak,28_4_27,24,4,27,2400,16200,0,3.6190144e-22,0
train,28,data_28.csv,onset_leak,28_5_28,24,5,28,3000,16800,0,5.1378125e-22,0
train,28,data_28.csv,onset_leak,28_6_29,24,6,29,3600,17400,0,7.193729e-22,0
train,28,data_28.csv,onset_leak,28_7_30,24,7,30,4200,18000,0,1.3817327e-21,0
train,28,data_28.csv,onset_leak,28_8_31,24,8,31,4800,18600,0,2.4426753e-21,0
train,28,data_28.csv,onset_leak,28_9_32,24,9,32,5400,19200,0,3.7569707e-21,0
train,28,data_28.csv,onset_leak,28_10_33,24,10,33,6000,19800,0,4.9678072e-21,0
train,28,data_28.csv,onset_leak,28_11_34,24,11,34,6600,20400,0,7.891221e-21,0
train,28,data_28.csv,onset_leak,28_12_35,24,12,35,7200,21000,0,1.2666059e-20,0
train,28,data_28.csv,onset_leak,28_13_36,24,13,36,7800,21600,0,2.705251e-20,0
train,28,data_28.csv,onset_leak,28_14_37,24,14,37,8400,22200,0,5.1297105e-20,0
train,28,data_28.csv,onset_leak,28_15_38,24,15,38,9000,22800,0,8.367895e-20,0
train,28,data_28.csv,onset_leak,28_16_39,24,16,39,9600,23400,0,1.1969413e-19,0
train,28,data_28.csv,onset_leak,28_17_40,24,17,40,10200,24000,0,2.0913107e-19,0
train,28,data_28.csv,onset_leak,28_18_41,24,18,41,10800,24600,0,3.707769e-19,0
train,28,data_28.csv,onset_leak,28_19_42,24,19,42,11400,25200,0,8.816846e-19,0
train,28,data_28.csv,onset_leak,28_20_43,24,20,43,12000,25800,0,1.8366636e-18,0
train,28,data_28.csv,onset_leak,28_21_44,24,21,44,12600,26400,0,3.1884924e-18,0
train,28,data_28.csv,onset_leak,28_22_45,24,22,45,13200,27000,0,4.9233108e-18,0
train,28,data_28.csv,onset_leak,28_23_46,24,23,46,13800,27600,0,9.3559975e-18,0
train,28,data_28.csv,onset_leak,28_24_47,24,24,47,14400,28200,0,1.8214888e-17,0
train,28,data_28.csv,onset_leak,28_25_48,24,25,48,15000,28800,0,6.2926667e-17,0
train,28,data_28.csv,onset_leak,28_26_49,24,26,49,15600,29400,0,1.9961394e-16,0
train,28,data_28.csv,onset_leak,28_27_50,24,27,50,16200,30000,0,4.521975e-16,0
train,28,data_28.csv,onset_leak,28_28_51,24,28,51,16800,30600,0,7.567887e-16,0
train,28,data_28.csv,onset_leak,28_29_52,24,29,52,17400,31200,0,1.7314344e-15,0
train,28,data_28.csv,onset_leak,28_30_53,24,30,53,18000,31800,0,3.6483577e-15,0
train,28,data_28.csv,onset_leak,28_31_54,24,31,54,18600,32400,0,3.1875198e-14,0
train,28,data_28.csv,onset_leak,28_32_55,24,32,55,19200,33000,0,3.1316638e-13,0
train,28,data_28.csv,onset_leak,28_33_56,24,33,56,19800,33600,0,1.515325e-12,0
train,28,data_28.csv,onset_leak,28_34_57,24,34,57,20400,34200,0,2.8713505e-12,0
train,28,data_28.csv,onset_leak,28_35_58,24,35,58,21000,34800,0,1.2383449e-11,0
train,28,data_28.csv,onset_leak,28_36_59,24,36,59,21600,35400,0,2.921853e-11,0
train,28,data_28.csv,onset_leak,28_37_60,24,37,60,22200,36000,0,1.0733276e-09,0
train,28,data_28.csv,onset_leak,28_38_61,24,38,61,22800,36600,0,3.308271e-09,0
train,28,data_28.csv,onset_leak,28_39_62,24,39,62,23400,37200,0,6.0156484e-09,0
train,28,data_28.csv,onset_leak,28_40_63,24,40,63,24000,37800,0,7.939809e-09,0
train,28,data_28.csv,onset_leak,28_41_64,24,41,64,24600,38400,0,2.2123677e-08,0
train,28,data_28.csv,onset_leak,28_42_65,24,42,65,25200,39000,0,6.103616e-08,0
train,28,data_28.csv,onset_leak,28_43_66,24,43,66,25800,39600,0,3.6734286e-06,0
train,28,data_28.csv,onset_leak,28_44_67,24,44,67,26400,40200,0,3.920231e-06,0
train,28,data_28.csv,onset_leak,28_45_68,24,45,68,27000,40800,0,3.4569875e-06,0
train,28,data_28.csv,onset_leak,28_46_69,24,46,69,27600,41400,0,5.286617e-06,0
train,28,data_28.csv,onset_leak,28_47_70,24,47,70,28200,42000,0,2.0137642e-05,0
train,28,data_28.csv,onset_leak,28_48_71,24,48,71,28800,42600,0,5.8742542e-05,0
train,28,data_28.csv,onset_leak,28_49_72,24,49,72,29400,43200,0,0.002570758,0
train,28,data_28.csv,onset_leak,28_50_73,24,50,73,30000,43800,0,0.002085618,0
train,28,data_28.csv,onset_leak,28_51_74,24,51,74,30600,44400,0,0.0014019728,0
train,28,data_28.csv,onset_leak,28_52_75,24,52,75,31200,45000,0,0.004276929,0
train,28,data_28.csv,onset_leak,28_53_76,24,53,76,31800,45600,0,0.0074677584,0
train,28,data_28.csv,onset_leak,28_54_77,24,54,77,32400,46200,0,0.027724244,0
train,28,data_28.csv,onset_leak,28_55_78,24,55,78,33000,46800,0,0.14779443,0
train,28,data_28.csv,onset_leak,28_56_79,24,56,79,33600,47400,0,0.19686195,0
train,28,data_28.csv,onset_leak,28_57_80,24,57,80,34200,48000,0,0.17162755,0
train,28,data_28.csv,onset_leak,28_58_81,24,58,81,34800,48600,0,0.26767397,0
train,28,data_28.csv,onset_leak,28_59_82,24,59,82,35400,49200,0,0.4028494,0
train,28,data_28.csv,onset_leak,28_60_83,24,60,83,36000,49800,0,0.63528633,0
train,28,data_28.csv,onset_leak,28_61_84,24,61,84,36600,50400,0,0.64137816,0
train,28,data_28.csv,onset_leak,28_62_85,24,62,85,37200,51000,0,0.6055369,0
train,28,data_28.csv,onset_leak,28_63_86,24,63,86,37800,51600,0,0.57162726,0
train,28,data_28.csv,onset_leak,28_64_87,24,64,87,38400,52200,0,0.5403397,0
train,28,data_28.csv,onset_leak,28_65_88,24,65,88,39000,52800,0,0.55971795,0
train,28,data_28.csv,onset_leak,28_66_89,24,66,89,39600,53400,0,0.6123745,0
train,28,data_28.csv,onset_leak,28_67_90,24,67,90,40200,54000,0,0.5897651,0
train,28,data_28.csv,onset_leak,28_68_91,24,68,91,40800,54600,0,0.57956535,0
train,28,data_28.csv,onset_leak,28_69_92,24,69,92,41400,55200,0,0.56065613,0
train,28,data_28.csv,onset_leak,28_70_93,24,70,93,42000,55800,0,0.551286,0
train,28,data_28.csv,onset_leak,28_71_94,24,71,94,42600,56400,0,0.5639755,0
train,28,data_28.csv,onset_leak,28_72_95,24,72,95,43200,57000,0,0.59653515,0
train,28,data_28.csv,onset_leak,28_73_96,24,73,96,43800,57600,0,0.54578733,0
train,28,data_28.csv,onset_leak,28_74_97,24,74,97,44400,58200,0,0.50562596,0
train,28,data_28.csv,onset_leak,28_75_98,24,75,98,45000,58800,0,0.5675975,0
train,28,data_28.csv,onset_leak,28_76_99,24,76,99,45600,59400,0,0.6046844,0
train,28,data_28.csv,onset_leak,28_77_100,24,77,100,46200,60000,0,0.66610783,0
train,28,data_28.csv,onset_leak,28_78_101,24,78,101,46800,60600,0,0.7206417,0
train,28,data_28.csv,onset_leak,28_79_102,24,79,102,47400,61200,0,0.7303721,0
train,28,data_28.csv,onset_leak,28_80_103,24,80,103,48000,61800,0,0.7087433,0
train,28,data_28.csv,onset_leak,28_81_104,24,81,104,48600,62400,0,0.7491889,0
train,28,data_28.csv,onset_leak,28_82_105,24,82,105,49200,63000,0,0.764269,1
train,28,data_28.csv,onset_leak,28_83_106,24,83,106,49800,63600,0,0.8036585,1
train,28,data_28.csv,onset_leak,28_84_107,24,84,107,50400,64200,0,0.82702905,1
train,28,data_28.csv,onset_leak,28_85_108,24,85,108,51000,64800,0,0.82473975,1
train,28,data_28.csv,onset_leak,28_86_109,24,86,109,51600,65400,0,0.7583694,1
train,28,data_28.csv,onset_leak,28_87_110,24,87,110,52200,66000,0,0.7637762,1
train,28,data_28.csv,onset_leak,28_88_111,24,88,111,52800,66600,0,0.7737697,1
train,28,data_28.csv,onset_leak,28_89_112,24,89,112,53400,67200,0,0.82437724,1
train,28,data_28.csv,onset_leak,28_90_113,24,90,113,54000,67800,0,0.8272142,1
train,28,data_28.csv,onset_leak,28_91_114,24,91,114,54600,68400,0,0.71781474,0
train,28,data_28.csv,onset_leak,28_92_115,24,92,115,55200,69000,0,0.35805297,0
train,28,data_28.csv,onset_leak,28_93_116,24,93,116,55800,69600,0,0.17261207,0
train,28,data_28.csv,onset_leak,28_94_117,24,94,117,56400,70200,0,0.13872741,0
train,28,data_28.csv,onset_leak,28_95_118,24,95,118,57000,70800,0,0.1055038,0
train,28,data_28.csv,onset_leak,28_96_119,24,96,119,57600,71400,0,0.058081172,0
train,28,data_28.csv,onset_leak,28_97_120,24,97,120,58200,72000,0,0.07343123,0
train,28,data_28.csv,onset_leak,28_98_121,24,98,121,58800,72600,0,0.0033695737,0
train,28,data_28.csv,onset_leak,28_99_122,24,99,122,59400,73200,0,0.0011696551,0
train,28,data_28.csv,onset_leak,28_100_123,24,100,123,60000,73800,0,0.00059019856,0
train,28,data_28.csv,onset_leak,28_101_124,24,101,124,60600,74400,0,0.00045430422,0
train,28,data_28.csv,onset_leak,28_102_125,24,102,125,61200,75000,0,0.00033221353,0
train,28,data_28.csv,onset_leak,28_103_126,24,103,126,61800,75600,0,0.00039256908,0
train,28,data_28.csv,onset_leak,28_104_127,24,104,127,62400,76200,0,6.335468e-05,0
train,28,data_28.csv,onset_leak,28_105_128,24,105,128,63000,76800,0,3.98535e-05,0
train,28,data_28.csv,onset_leak,28_106_129,24,106,129,63600,77400,0,2.2265222e-05,0
train,28,data_28.csv,onset_leak,28_107_130,24,107,130,64200,78000,0,1.0695041e-05,0
train,28,data_28.csv,onset_leak,28_108_131,24,108,131,64800,78600,0,5.0307044e-06,0
train,28,data_28.csv,onset_leak,28_109_132,24,109,132,65400,79200,0,1.7694895e-06,0
train,28,data_28.csv,onset_leak,28_110_133,24,110,133,66000,79800,0,3.2102122e-07,0
train,28,data_28.csv,onset_leak,28_111_134,24,111,134,66600,80400,0,1.3551153e-07,0
train,28,data_28.csv,onset_leak,28_112_135,24,112,135,67200,81000,0,4.8948614e-08,0
train,28,data_28.csv,onset_leak,28_113_136,24,113,136,67800,81600,0,6.845613e-09,0
train,28,data_28.csv,onset_leak,28_114_137,24,114,137,68400,82200,0,6.6513123e-10,0
train,28,data_28.csv,onset_leak,28_115_138,24,115,138,69000,82800,0,1.0320118e-10,0
train,28,data_28.csv,onset_leak,28_116_139,24,116,139,69600,83400,0,2.460067e-11,0
train,28,data_28.csv,onset_leak,28_117_140,24,117,140,70200,84000,0,8.122752e-12,0
train,28,data_28.csv,onset_leak,28_118_141,24,118,141,70800,84600,0,1.7065097e-12,0
train,28,data_28.csv,onset_leak,28_119_142,24,119,142,71400,85200,0,2.137398e-13,0
train,28,data_28.csv,onset_leak,28_120_143,24,120,143,72000,85800,0,1.39093415e-14,0
train,28,data_28.csv,onset_leak,28_121_144,24,121,144,72600,86400,0,2.0858093e-15,0
train,29,data_29.csv,onset_leak,29_0_23,24,0,23,0,13800,0,1.3493324e-23,0
train,29,data_29.csv,onset_leak,29_1_24,24,1,24,600,14400,0,2.2528122e-23,0
train,29,data_29.csv,onset_leak,29_2_25,24,2,25,1200,15000,0,5.2842457e-23,0
train,29,data_29.csv,onset_leak,29_3_26,24,3,26,1800,15600,0,6.3345543e-23,0
train,29,data_29.csv,onset_leak,29_4_27,24,4,27,2400,16200,0,3.9857917e-23,0
train,29,data_29.csv,onset_leak,29_5_28,24,5,28,3000,16800,0,2.8818193e-23,0
train,29,data_29.csv,onset_leak,29_6_29,24,6,29,3600,17400,0,1.0397162e-23,0
train,29,data_29.csv,onset_leak,29_7_30,24,7,30,4200,18000,0,4.471135e-23,0
train,29,data_29.csv,onset_leak,29_8_31,24,8,31,4800,18600,0,3.0201107e-22,0
train,29,data_29.csv,onset_leak,29_9_32,24,9,32,5400,19200,0,1.0389679e-21,0
train,29,data_29.csv,onset_leak,29_10_33,24,10,33,6000,19800,0,1.2828661e-21,0
train,29,data_29.csv,onset_leak,29_11_34,24,11,34,6600,20400,0,2.9163818e-21,0
train,29,data_29.csv,onset_leak,29_12_35,24,12,35,7200,21000,0,5.7585378e-21,0
train,29,data_29.csv,onset_leak,29_13_36,24,13,36,7800,21600,0,4.0826536e-20,0
train,29,data_29.csv,onset_leak,29_14_37,24,14,37,8400,22200,0,2.7071727e-19,0
train,29,data_29.csv,onset_leak,29_15_38,24,15,38,9000,22800,0,9.196406e-19,0
train,29,data_29.csv,onset_leak,29_16_39,24,16,39,9600,23400,0,1.7127882e-18,0
train,29,data_29.csv,onset_leak,29_17_40,24,17,40,10200,24000,0,5.145433e-18,0
train,29,data_29.csv,onset_leak,29_18_41,24,18,41,10800,24600,0,1.4130139e-17,0
train,29,data_29.csv,onset_leak,29_19_42,24,19,42,11400,25200,0,4.8598357e-16,0
train,29,data_29.csv,onset_leak,29_20_43,24,20,43,12000,25800,0,1.0561144e-14,0
train,29,data_29.csv,onset_leak,29_21_44,24,21,44,12600,26400,0,5.6649025e-14,0
train,29,data_29.csv,onset_leak,29_22_45,24,22,45,13200,27000,0,1.5763312e-13,0
train,29,data_29.csv,onset_leak,29_23_46,24,23,46,13800,27600,0,9.111354e-13,0
train,29,data_29.csv,onset_leak,29_24_47,24,24,47,14400,28200,0,3.8399327e-12,0
train,29,data_29.csv,onset_leak,29_25_48,24,25,48,15000,28800,0,1.6372466e-10,0
train,29,data_29.csv,onset_leak,29_26_49,24,26,49,15600,29400,0,2.9643202e-10,0
train,29,data_29.csv,onset_leak,29_27_50,24,27,50,16200,30000,0,5.753355e-10,0
train,29,data_29.csv,onset_leak,29_28_51,24,28,51,16800,30600,0,1.3691748e-09,0
train,29,data_29.csv,onset_leak,29_29_52,24,29,52,17400,31200,0,1.0637148e-08,0
train,29,data_29.csv,onset_leak,29_30_53,24,30,53,18000,31800,0,8.372096e-08,0
train,29,data_29.csv,onset_leak,29_31_54,24,31,54,18600,32400,0,1.7263217e-07,0
train,29,data_29.csv,onset_leak,29_32_55,24,32,55,19200,33000,0,8.416703e-08,0
train,29,data_29.csv,onset_leak,29_33_56,24,33,56,19800,33600,0,5.9191017e-08,0
train,29,data_29.csv,onset_leak,29_34_57,24,34,57,20400,34200,0,1.6314304e-07,0
train,29,data_29.csv,onset_leak,29_35_58,24,35,58,21000,34800,0,4.926083e-07,0
train,29,data_29.csv,onset_leak,29_36_59,24,36,59,21600,35400,0,2.1455703e-06,0
train,29,data_29.csv,onset_leak,29_37_60,24,37,60,22200,36000,0,4.857853e-06,0
train,29,data_29.csv,onset_leak,29_38_61,24,38,61,22800,36600,0,5.5850887e-06,0
train,29,data_29.csv,onset_leak,29_39_62,24,39,62,23400,37200,0,9.493943e-06,0
train,29,data_29.csv,onset_leak,29_40_63,24,40,63,24000,37800,0,8.0107864e-05,0
train,29,data_29.csv,onset_leak,29_41_64,24,41,64,24600,38400,0,0.00044030312,0
train,29,data_29.csv,onset_leak,29_42_65,24,42,65,25200,39000,0,0.005153239,0
train,29,data_29.csv,onset_leak,29_43_66,24,43,66,25800,39600,0,0.044546455,0
train,29,data_29.csv,onset_leak,29_44_67,24,44,67,26400,40200,0,0.3232037,0
train,29,data_29.csv,onset_leak,29_45_68,24,45,68,27000,40800,0,0.5258534,0
train,29,data_29.csv,onset_leak,29_46_69,24,46,69,27600,41400,0,0.54921436,0
train,29,data_29.csv,onset_leak,29_47_70,24,47,70,28200,42000,0,0.5389059,0
train,29,data_29.csv,onset_leak,29_48_71,24,48,71,28800,42600,0,0.38300967,0
train,29,data_29.csv,onset_leak,29_49_72,24,49,72,29400,43200,0,0.44893485,0
train,29,data_29.csv,onset_leak,29_50_73,24,50,73,30000,43800,0,0.38216433,0
train,29,data_29.csv,onset_leak,29_51_74,24,51,74,30600,44400,0,0.37273213,0
train,29,data_29.csv,onset_leak,29_52_75,24,52,75,31200,45000,0,0.5374075,0
train,29,data_29.csv,onset_leak,29_53_76,24,53,76,31800,45600,0,0.6356204,0
train,29,data_29.csv,onset_leak,29_54_77,24,54,77,32400,46200,0,0.48597586,0
train,29,data_29.csv,onset_leak,29_55_78,24,55,78,33000,46800,0,0.1070788,0
train,29,data_29.csv,onset_leak,29_56_79,24,56,79,33600,47400,0,0.05258301,0
train,29,data_29.csv,onset_leak,29_57_80,24,57,80,34200,48000,0,0.020523619,0
train,29,data_29.csv,onset_leak,29_58_81,24,58,81,34800,48600,0,0.008601979,0
train,29,data_29.csv,onset_leak,29_59_82,24,59,82,35400,49200,0,0.0045963894,0
train,29,data_29.csv,onset_leak,29_60_83,24,60,83,36000,49800,0,0.0022611604,0
train,29,data_29.csv,onset_leak,29_61_84,24,61,84,36600,50400,0,0.00044377733,0
train,29,data_29.csv,onset_leak,29_62_85,24,62,85,37200,51000,0,7.9654776e-05,0
train,29,data_29.csv,onset_leak,29_63_86,24,63,86,37800,51600,0,3.064635e-05,0
train,29,data_29.csv,onset_leak,29_64_87,24,64,87,38400,52200,0,2.2809849e-05,0
train,29,data_29.csv,onset_leak,29_65_88,24,65,88,39000,52800,0,4.2906995e-05,0
train,29,data_29.csv,onset_leak,29_66_89,24,66,89,39600,53400,0,8.977131e-05,0
train,29,data_29.csv,onset_leak,29_67_90,24,67,90,40200,54000,0,0.00011305097,0
train,29,data_29.csv,onset_leak,29_68_91,24,68,91,40800,54600,0,6.130385e-06,0
train,29,data_29.csv,onset_leak,29_69_92,24,69,92,41400,55200,0,6.6194457e-06,0
train,29,data_29.csv,onset_leak,29_70_93,24,70,93,42000,55800,0,8.782219e-06,0
train,29,data_29.csv,onset_leak,29_71_94,24,71,94,42600,56400,0,2.1198426e-05,0
train,29,data_29.csv,onset_leak,29_72_95,24,72,95,43200,57000,0,3.1594336e-05,0
train,29,data_29.csv,onset_leak,29_73_96,24,73,96,43800,57600,0,2.2879978e-05,0
train,29,data_29.csv,onset_leak,29_74_97,24,74,97,44400,58200,0,9.295987e-06,0
train,29,data_29.csv,onset_leak,29_75_98,24,75,98,45000,58800,0,9.578164e-06,0
train,29,data_29.csv,onset_leak,29_76_99,24,76,99,45600,59400,0,9.728171e-06,0
train,29,data_29.csv,onset_leak,29_77_100,24,77,100,46200,60000,0,6.382663e-06,0
train,29,data_29.csv,onset_leak,29_78_101,24,78,101,46800,60600,0,3.757788e-06,0
train,29,data_29.csv,onset_leak,29_79_102,24,79,102,47400,61200,0,1.3999795e-06,0
train,29,data_29.csv,onset_leak,29_80_103,24,80,103,48000,61800,0,1.2714215e-06,0
train,29,data_29.csv,onset_leak,29_81_104,24,81,104,48600,62400,0,1.3681453e-06,0
train,29,data_29.csv,onset_leak,29_82_105,24,82,105,49200,63000,0,4.0789817e-07,0
train,29,data_29.csv,onset_leak,29_83_106,24,83,106,49800,63600,0,9.913782e-08,0
train,29,data_29.csv,onset_leak,29_84_107,24,84,107,50400,64200,0,6.3062697e-09,0
train,29,data_29.csv,onset_leak,29_85_108,24,85,108,51000,64800,0,8.15028e-09,0
train,29,data_29.csv,onset_leak,29_86_109,24,86,109,51600,65400,0,3.76937e-08,0
train,29,data_29.csv,onset_leak,29_87_110,24,87,110,52200,66000,0,3.771484e-08,0
train,29,data_29.csv,onset_leak,29_88_111,24,88,111,52800,66600,0,1.4246273e-08,0
train,29,data_29.csv,onset_leak,29_89_112,24,89,112,53400,67200,0,6.3041172e-09,0
train,29,data_29.csv,onset_leak,29_90_113,24,90,113,54000,67800,0,1.1201404e-09,0
train,29,data_29.csv,onset_leak,29_91_114,24,91,114,54600,68400,0,7.534255e-09,0
train,29,data_29.csv,onset_leak,29_92_115,24,92,115,55200,69000,0,4.6801983e-08,0
train,29,data_29.csv,onset_leak,29_93_116,24,93,116,55800,69600,0,6.454812e-08,0
train,29,data_29.csv,onset_leak,29_94_117,24,94,117,56400,70200,0,5.8093452e-08,0
train,29,data_29.csv,onset_leak,29_95_118,24,95,118,57000,70800,0,7.6131016e-08,0
train,29,data_29.csv,onset_leak,29_96_119,24,96,119,57600,71400,0,7.431356e-08,0
train,29,data_29.csv,onset_leak,29_97_120,24,97,120,58200,72000,0,1.5626583e-07,0
train,29,data_29.csv,onset_leak,29_98_121,24,98,121,58800,72600,0,8.85554e-08,0
train,29,data_29.csv,onset_leak,29_99_122,24,99,122,59400,73200,0,9.789353e-08,0
train,29,data_29.csv,onset_leak,29_100_123,24,100,123,60000,73800,0,1.1489368e-07,0
train,29,data_29.csv,onset_leak,29_101_124,24,101,124,60600,74400,0,1.04929725e-07,0
train,29,data_29.csv,onset_leak,29_102_125,24,102,125,61200,75000,0,1.714435e-07,0
train,29,data_29.csv,onset_leak,29_103_126,24,103,126,61800,75600,0,2.851453e-07,0
train,29,data_29.csv,onset_leak,29_104_127,24,104,127,62400,76200,0,1.8261521e-07,0
train,29,data_29.csv,onset_leak,29_105_128,24,105,128,63000,76800,0,3.1001062e-07,0
train,29,data_29.csv,onset_leak,29_106_129,24,106,129,63600,77400,0,1.7253258e-06,0
train,29,data_29.csv,onset_leak,29_107_130,24,107,130,64200,78000,0,7.114322e-06,0
train,29,data_29.csv,onset_leak,29_108_131,24,108,131,64800,78600,0,4.65748e-05,0
train,29,data_29.csv,onset_leak,29_109_132,24,109,132,65400,79200,0,2.0356449e-05,0
train,29,data_29.csv,onset_leak,29_110_133,24,110,133,66000,79800,0,4.5826823e-06,0
train,29,data_29.csv,onset_leak,29_111_134,24,111,134,66600,80400,0,5.2254104e-06,0
train,29,data_29.csv,onset_leak,29_112_135,24,112,135,67200,81000,0,1.49569705e-05,0
train,29,data_29.csv,onset_leak,29_113_136,24,113,136,67800,81600,0,7.355626e-05,0
train,29,data_29.csv,onset_leak,29_114_137,24,114,137,68400,82200,0,0.0013998615,0
train,29,data_29.csv,onset_leak,29_115_138,24,115,138,69000,82800,0,0.00015769062,0
train,29,data_29.csv,onset_leak,29_116_139,24,116,139,69600,83400,0,1.7687337e-06,0
train,29,data_29.csv,onset_leak,29_117_140,24,117,140,70200,84000,0,2.7493746e-07,0
train,29,data_29.csv,onset_leak,29_118_141,24,118,141,70800,84600,0,1.5992899e-07,0
train,29,data_29.csv,onset_leak,29_119_142,24,119,142,71400,85200,0,7.2399885e-08,0
train,29,data_29.csv,onset_leak,29_120_143,24,120,143,72000,85800,0,2.830833e-08,0
train,29,data_29.csv,onset_leak,29_121_144,24,121,144,72600,86400,0,7.587107e-09,0
train,31,data_31.csv,persistent_leak,31_0_23,24,0,23,0,13800,0,9.925806e-25,0
train,31,data_31.csv,persistent_leak,31_1_24,24,1,24,600,14400,0,6.04484e-24,0
train,31,data_31.csv,persistent_leak,31_2_25,24,2,25,1200,15000,0,5.3806006e-23,0
train,31,data_31.csv,persistent_leak,31_3_26,24,3,26,1800,15600,0,2.1912365e-22,0
train,31,data_31.csv,persistent_leak,31_4_27,24,4,27,2400,16200,0,3.1630212e-22,0
train,31,data_31.csv,persistent_leak,31_5_28,24,5,28,3000,16800,0,8.2335364e-22,0
train,31,data_31.csv,persistent_leak,31_6_29,24,6,29,3600,17400,0,1.5012418e-21,0
train,31,data_31.csv,persistent_leak,31_7_30,24,7,30,4200,18000,0,1.9072486e-20,0
train,31,data_31.csv,persistent_leak,31_8_31,24,8,31,4800,18600,0,4.8888535e-19,0
train,31,data_31.csv,persistent_leak,31_9_32,24,9,32,5400,19200,0,3.652446e-18,0
train,31,data_31.csv,persistent_leak,31_10_33,24,10,33,6000,19800,0,7.912152e-18,0
train,31,data_31.csv,persistent_leak,31_11_34,24,11,34,6600,20400,0,4.6980193e-17,0
train,31,data_31.csv,persistent_leak,31_12_35,24,12,35,7200,21000,0,1.4468986e-16,0
train,31,data_31.csv,persistent_leak,31_13_36,24,13,36,7800,21600,0,5.8446447e-15,0
train,31,data_31.csv,persistent_leak,31_14_37,24,14,37,8400,22200,0,1.558902e-14,0
train,31,data_31.csv,persistent_leak,31_15_38,24,15,38,9000,22800,0,3.1572414e-14,0
train,31,data_31.csv,persistent_leak,31_16_39,24,16,39,9600,23400,0,8.318747e-14,0
train,31,data_31.csv,persistent_leak,31_17_40,24,17,40,10200,24000,0,3.795954e-13,0
train,31,data_31.csv,persistent_leak,31_18_41,24,18,41,10800,24600,0,1.1835447e-12,0
train,31,data_31.csv,persistent_leak,31_19_42,24,19,42,11400,25200,0,3.8816873e-11,0
train,31,data_31.csv,persistent_leak,31_20_43,24,20,43,12000,25800,0,7.010365e-11,0
train,31,data_31.csv,persistent_leak,31_21_44,24,21,44,12600,26400,0,8.9620845e-11,0
train,31,data_31.csv,persistent_leak,31_22_45,24,22,45,13200,27000,0,4.6248116e-10,0
train,31,data_31.csv,persistent_leak,31_23_46,24,23,46,13800,27600,0,3.023001e-09,0
train,31,data_31.csv,persistent_leak,31_24_47,24,24,47,14400,28200,0,3.0522784e-08,0
train,31,data_31.csv,persistent_leak,31_25_48,24,25,48,15000,28800,0,4.9961e-07,0
train,31,data_31.csv,persistent_leak,31_26_49,24,26,49,15600,29400,0,1.1079686e-06,0
train,31,data_31.csv,persistent_leak,31_27_50,24,27,50,16200,30000,0,2.0445782e-06,0
train,31,data_31.csv,persistent_leak,31_28_51,24,28,51,16800,30600,0,1.1661332e-05,0
train,31,data_31.csv,persistent_leak,31_29_52,24,29,52,17400,31200,0,0.00010601934,0
train,31,data_31.csv,persistent_leak,31_30_53,24,30,53,18000,31800,0,0.001348768,0
train,31,data_31.csv,persistent_leak,31_31_54,24,31,54,18600,32400,0,0.00014878712,0
train,31,data_31.csv,persistent_leak,31_32_55,24,32,55,19200,33000,0,3.073281e-05,0
train,31,data_31.csv,persistent_leak,31_33_56,24,33,56,19800,33600,0,1.8087716e-05,0
train,31,data_31.csv,persistent_leak,31_34_57,24,34,57,20400,34200,0,3.5552384e-05,0
train,31,data_31.csv,persistent_leak,31_35_58,24,35,58,21000,34800,0,7.4288604e-05,0
train,31,data_31.csv,persistent_leak,31_36_59,24,36,59,21600,35400,0,0.0007306694,0
train,31,data_31.csv,persistent_leak,31_37_60,24,37,60,22200,36000,0,0.00084257167,0
train,31,data_31.csv,persistent_leak,31_38_61,24,38,61,22800,36600,0,0.00021578187,0
train,31,data_31.csv,persistent_leak,31_39_62,24,39,62,23400,37200,0,0.000104212835,0
train,31,data_31.csv,persistent_leak,31_40_63,24,40,63,24000,37800,0,0.00014334309,0
train,31,data_31.csv,persistent_leak,31_41_64,24,41,64,24600,38400,0,0.00025287605,0
train,31,data_31.csv,persistent_leak,31_42_65,24,42,65,25200,39000,0,0.00046171475,0
train,31,data_31.csv,persistent_leak,31_43_66,24,43,66,25800,39600,0,0.00046391977,0
train,31,data_31.csv,persistent_leak,31_44_67,24,44,67,26400,40200,0,0.00022001189,0
train,31,data_31.csv,persistent_leak,31_45_68,24,45,68,27000,40800,0,0.00047909352,0
train,31,data_31.csv,persistent_leak,31_46_69,24,46,69,27600,41400,0,0.000519122,0
train,31,data_31.csv,persistent_leak,31_47_70,24,47,70,28200,42000,0,0.0004895852,0
train,31,data_31.csv,persistent_leak,31_48_71,24,48,71,28800,42600,0,0.00087050087,0
train,31,data_31.csv,persistent_leak,31_49_72,24,49,72,29400,43200,0,0.00087170606,0
train,31,data_31.csv,persistent_leak,31_50_73,24,50,73,30000,43800,0,0.0028417434,0
train,31,data_31.csv,persistent_leak,31_51_74,24,51,74,30600,44400,0,0.006304096,0
train,31,data_31.csv,persistent_leak,31_52_75,24,52,75,31200,45000,0,0.0062671434,0
train,31,data_31.csv,persistent_leak,31_53_76,24,53,76,31800,45600,0,0.0055975476,0
train,31,data_31.csv,persistent_leak,31_54_77,24,54,77,32400,46200,0,0.003747106,0
train,31,data_31.csv,persistent_leak,31_55_78,24,55,78,33000,46800,0,0.00240605,0
train,31,data_31.csv,persistent_leak,31_56_79,24,56,79,33600,47400,0,0.0037845317,0
train,31,data_31.csv,persistent_leak,31_57_80,24,57,80,34200,48000,0,0.0031049896,0
train,31,data_31.csv,persistent_leak,31_58_81,24,58,81,34800,48600,0,0.00093437487,0
train,31,data_31.csv,persistent_leak,31_59_82,24,59,82,35400,49200,0,0.0006440694,0
train,31,data_31.csv,persistent_leak,31_60_83,24,60,83,36000,49800,0,0.00022334608,0
train,31,data_31.csv,persistent_leak,31_61_84,24,61,84,36600,50400,0,0.0013972383,0
train,31,data_31.csv,persistent_leak,31_62_85,24,62,85,37200,51000,0,0.0013882456,0
train,31,data_31.csv,persistent_leak,31_63_86,24,63,86,37800,51600,0,0.0015568599,0
train,31,data_31.csv,persistent_leak,31_64_87,24,64,87,38400,52200,0,0.0015294338,0
train,31,data_31.csv,persistent_leak,31_65_88,24,65,88,39000,52800,0,0.0008541258,0
train,31,data_31.csv,persistent_leak,31_66_89,24,66,89,39600,53400,0,0.00024894232,0
train,31,data_31.csv,persistent_leak,31_67_90,24,67,90,40200,54000,0,0.0023332303,0
train,31,data_31.csv,persistent_leak,31_68_91,24,68,91,40800,54600,0,0.0065656737,0
train,31,data_31.csv,persistent_leak,31_69_92,24,69,92,41400,55200,0,0.012138437,0
train,31,data_31.csv,persistent_leak,31_70_93,24,70,93,42000,55800,0,0.017371472,0
train,31,data_31.csv,persistent_leak,31_71_94,24,71,94,42600,56400,0,0.047948398,0
train,31,data_31.csv,persistent_leak,31_72_95,24,72,95,43200,57000,0,0.15227088,0
train,31,data_31.csv,persistent_leak,31_73_96,24,73,96,43800,57600,0,0.5357665,0
train,31,data_31.csv,persistent_leak,31_74_97,24,74,97,44400,58200,0,0.39648172,0
train,31,data_31.csv,persistent_leak,31_75_98,24,75,98,45000,58800,0,0.34049675,0
train,31,data_31.csv,persistent_leak,31_76_99,24,76,99,45600,59400,0,0.29092503,0
train,31,data_31.csv,persistent_leak,31_77_100,24,77,100,46200,60000,0,0.31637615,0
train,31,data_31.csv,persistent_leak,31_78_101,24,78,101,46800,60600,0,0.27770197,0
train,31,data_31.csv,persistent_leak,31_79_102,24,79,102,47400,61200,0,0.70047504,0
train,31,data_31.csv,persistent_leak,31_80_103,24,80,103,48000,61800,0,0.67778546,0
train,31,data_31.csv,persistent_leak,31_81_104,24,81,104,48600,62400,0,0.5818456,0
train,31,data_31.csv,persistent_leak,31_82_105,24,82,105,49200,63000,0,0.59839576,0
train,31,data_31.csv,persistent_leak,31_83_106,24,83,106,49800,63600,0,0.58131933,0
train,31,data_31.csv,persistent_leak,31_84_107,24,84,107,50400,64200,0,0.5163215,0
train,31,data_31.csv,persistent_leak,31_85_108,24,85,108,51000,64800,0,0.4671149,0
train,31,data_31.csv,persistent_leak,31_86_109,24,86,109,51600,65400,0,0.38685027,0
train,31,data_31.csv,persistent_leak,31_87_110,24,87,110,52200,66000,0,0.36275625,0
train,31,data_31.csv,persistent_leak,31_88_111,24,88,111,52800,66600,0,0.3317471,0
train,31,data_31.csv,persistent_leak,31_89_112,24,89,112,53400,67200,0,0.37050283,0
train,31,data_31.csv,persistent_leak,31_90_113,24,90,113,54000,67800,0,0.42431846,0
train,31,data_31.csv,persistent_leak,31_91_114,24,91,114,54600,68400,0,0.49553156,0
train,31,data_31.csv,persistent_leak,31_92_115,24,92,115,55200,69000,0,0.4990346,0
train,31,data_31.csv,persistent_leak,31_93_116,24,93,116,55800,69600,0,0.46881446,0
train,31,data_31.csv,persistent_leak,31_94_117,24,94,117,56400,70200,0,0.45966995,0
train,31,data_31.csv,persistent_leak,31_95_118,24,95,118,57000,70800,0,0.47405812,0
train,31,data_31.csv,persistent_leak,31_96_119,24,96,119,57600,71400,0,0.5282021,0
train,31,data_31.csv,persistent_leak,31_97_120,24,97,120,58200,72000,0,0.38206547,0
train,31,data_31.csv,persistent_leak,31_98_121,24,98,121,58800,72600,0,0.2216261,0
train,31,data_31.csv,persistent_leak,31_99_122,24,99,122,59400,73200,0,0.25003156,0
train,31,data_31.csv,persistent_leak,31_100_123,24,100,123,60000,73800,0,0.24564144,0
train,31,data_31.csv,persistent_leak,31_101_124,24,101,124,60600,74400,0,0.40930548,0
train,31,data_31.csv,persistent_leak,31_102_125,24,102,125,61200,75000,0,0.56374097,0
train,31,data_31.csv,persistent_leak,31_103_126,24,103,126,61800,75600,0,0.3726192,0
train,31,data_31.csv,persistent_leak,31_104_127,24,104,127,62400,76200,0,0.05799366,0
train,31,data_31.csv,persistent_leak,31_105_128,24,105,128,63000,76800,0,0.021143992,0
train,31,data_31.csv,persistent_leak,31_106_129,24,106,129,63600,77400,0,0.0132307755,0
train,31,data_31.csv,persistent_leak,31_107_130,24,107,130,64200,78000,0,0.009277072,0
train,31,data_31.csv,persistent_leak,31_108_131,24,108,131,64800,78600,0,0.0036388452,0
train,31,data_31.csv,persistent_leak,31_109_132,24,109,132,65400,79200,0,0.0079460945,0
train,31,data_31.csv,persistent_leak,31_110_133,24,110,133,66000,79800,0,2.9918416e-05,0
train,31,data_31.csv,persistent_leak,31_111_134,24,111,134,66600,80400,0,5.350214e-06,0
train,31,data_31.csv,persistent_leak,31_112_135,24,112,135,67200,81000,0,2.5159213e-06,0
train,31,data_31.csv,persistent_leak,31_113_136,24,113,136,67800,81600,0,4.393179e-06,0
train,31,data_31.csv,persistent_leak,31_114_137,24,114,137,68400,82200,0,3.8766584e-06,0
train,31,data_31.csv,persistent_leak,31_115_138,24,115,138,69000,82800,0,2.6943385e-06,0
train,31,data_31.csv,persistent_leak,31_116_139,24,116,139,69600,83400,0,3.6409393e-08,0
train,31,data_31.csv,persistent_leak,31_117_140,24,117,140,70200,84000,0,1.0803505e-08,0
train,31,data_31.csv,persistent_leak,31_118_141,24,118,141,70800,84600,0,3.816893e-09,0
train,31,data_31.csv,persistent_leak,31_119_142,24,119,142,71400,85200,0,1.2071293e-09,0
train,31,data_31.csv,persistent_leak,31_120_143,24,120,143,72000,85800,0,5.2783167e-10,0
train,31,data_31.csv,persistent_leak,31_121_144,24,121,144,72600,86400,0,3.2960693e-10,0
train,33,data_33.csv,persistent_leak,33_0_23,24,0,23,0,13800,0,1.3493324e-23,0
train,33,data_33.csv,persistent_leak,33_1_24,24,1,24,600,14400,0,2.2528122e-23,0
train,33,data_33.csv,persistent_leak,33_2_25,24,2,25,1200,15000,0,5.2842457e-23,0
train,33,data_33.csv,persistent_leak,33_3_26,24,3,26,1800,15600,0,6.3345543e-23,0
train,33,data_33.csv,persistent_leak,33_4_27,24,4,27,2400,16200,0,3.9857917e-23,0
train,33,data_33.csv,persistent_leak,33_5_28,24,5,28,3000,16800,0,2.8818193e-23,0
train,33,data_33.csv,persistent_leak,33_6_29,24,6,29,3600,17400,0,1.0397162e-23,0
train,33,data_33.csv,persistent_leak,33_7_30,24,7,30,4200,18000,0,2.9654146e-23,0
train,33,data_33.csv,persistent_leak,33_8_31,24,8,31,4800,18600,0,1.2189417e-22,0
train,33,data_33.csv,persistent_leak,33_9_32,24,9,32,5400,19200,0,3.1477946e-22,0
train,33,data_33.csv,persistent_leak,33_10_33,24,10,33,6000,19800,0,3.6705827e-22,0
train,33,data_33.csv,persistent_leak,33_11_34,24,11,34,6600,20400,0,6.968226e-22,0
train,33,data_33.csv,persistent_leak,33_12_35,24,12,35,7200,21000,0,1.3500236e-21,0
train,33,data_33.csv,persistent_leak,33_13_36,24,13,36,7800,21600,0,5.9362136e-21,0
train,33,data_33.csv,persistent_leak,33_14_37,24,14,37,8400,22200,0,2.0233743e-20,0
train,33,data_33.csv,persistent_leak,33_15_38,24,15,38,9000,22800,0,4.4038553e-20,0
train,33,data_33.csv,persistent_leak,33_16_39,24,16,39,9600,23400,0,7.1880574e-20,0
train,33,data_33.csv,persistent_leak,33_17_40,24,17,40,10200,24000,0,1.582155e-19,0
train,33,data_33.csv,persistent_leak,33_18_41,24,18,41,10800,24600,0,3.0815737e-19,0
train,33,data_33.csv,persistent_leak,33_19_42,24,19,42,11400,25200,0,4.426783e-18,0
train,33,data_33.csv,persistent_leak,33_20_43,24,20,43,12000,25800,0,4.6753678e-17,0
train,33,data_33.csv,persistent_leak,33_21_44,24,21,44,12600,26400,0,2.440502e-16,0
train,33,data_33.csv,persistent_leak,33_22_45,24,22,45,13200,27000,0,7.7742944e-16,0
train,33,data_33.csv,persistent_leak,33_23_46,24,23,46,13800,27600,0,4.4874887e-15,0
train,33,data_33.csv,persistent_leak,33_24_47,24,24,47,14400,28200,0,1.8492127e-14,0
train,33,data_33.csv,persistent_leak,33_25_48,24,25,48,15000,28800,0,2.5731e-13,0
train,33,data_33.csv,persistent_leak,33_26_49,24,26,49,15600,29400,0,2.7335614e-12,0
train,33,data_33.csv,persistent_leak,33_27_50,24,27,50,16200,30000,0,7.4188225e-12,0
train,33,data_33.csv,persistent_leak,33_28_51,24,28,51,16800,30600,0,1.8835959e-11,0
train,33,data_33.csv,persistent_leak,33_29_52,24,29,52,17400,31200,0,9.496282e-11,0
train,33,data_33.csv,persistent_leak,33_30_53,24,30,53,18000,31800,0,5.659244e-10,0
train,33,data_33.csv,persistent_leak,33_31_54,24,31,54,18600,32400,0,9.629031e-10,0
train,33,data_33.csv,persistent_leak,33_32_55,24,32,55,19200,33000,0,3.9517162e-10,0
train,33,data_33.csv,persistent_leak,33_33_56,24,33,56,19800,33600,0,2.0394526e-10,0
train,33,data_33.csv,persistent_leak,33_34_57,24,34,57,20400,34200,0,3.484066e-10,0
train,33,data_33.csv,persistent_leak,33_35_58,24,35,58,21000,34800,0,6.1162314e-10,0
train,33,data_33.csv,persistent_leak,33_36_59,24,36,59,21600,35400,0,2.5729037e-09,0
train,33,data_33.csv,persistent_leak,33_37_60,24,37,60,22200,36000,0,1.30491244e-08,0
train,33,data_33.csv,persistent_leak,33_38_61,24,38,61,22800,36600,0,2.2169e-08,0
train,33,data_33.csv,persistent_leak,33_39_62,24,39,62,23400,37200,0,5.1100447e-08,0
train,33,data_33.csv,persistent_leak,33_40_63,24,40,63,24000,37800,0,4.2811902e-07,0
train,33,data_33.csv,persistent_leak,33_41_64,24,41,64,24600,38400,0,2.6712812e-06,0
train,33,data_33.csv,persistent_leak,33_42_65,24,42,65,25200,39000,0,1.9368765e-05,0
train,33,data_33.csv,persistent_leak,33_43_66,24,43,66,25800,39600,0,0.00019622663,0
train,33,data_33.csv,persistent_leak,33_44_67,24,44,67,26400,40200,0,0.008574145,0
train,33,data_33.csv,persistent_leak,33_45_68,24,45,68,27000,40800,0,0.096628636,0
train,33,data_33.csv,persistent_leak,33_46_69,24,46,69,27600,41400,0,0.18534233,0
train,33,data_33.csv,persistent_leak,33_47_70,24,47,70,28200,42000,0,0.38422796,0
train,33,data_33.csv,persistent_leak,33_48_71,24,48,71,28800,42600,0,0.3169032,0
train,33,data_33.csv,persistent_leak,33_49_72,24,49,72,29400,43200,0,0.20372115,0
train,33,data_33.csv,persistent_leak,33_50_73,24,50,73,30000,43800,0,0.11533603,0
train,33,data_33.csv,persistent_leak,33_51_74,24,51,74,30600,44400,0,0.09520433,0
train,33,data_33.csv,persistent_leak,33_52_75,24,52,75,31200,45000,0,0.056503646,0
train,33,data_33.csv,persistent_leak,33_53_76,24,53,76,31800,45600,0,0.07371839,0
train,33,data_33.csv,persistent_leak,33_54_77,24,54,77,32400,46200,0,0.05336461,0
train,33,data_33.csv,persistent_leak,33_55_78,24,55,78,33000,46800,0,0.026537364,0
train,33,data_33.csv,persistent_leak,33_56_79,24,56,79,33600,47400,0,0.006106712,0
train,33,data_33.csv,persistent_leak,33_57_80,24,57,80,34200,48000,0,0.0020357526,0
train,33,data_33.csv,persistent_leak,33_58_81,24,58,81,34800,48600,0,0.0023675247,0
train,33,data_33.csv,persistent_leak,33_59_82,24,59,82,35400,49200,0,0.0011278904,0
train,33,data_33.csv,persistent_leak,33_60_83,24,60,83,36000,49800,0,0.0008449909,0
train,33,data_33.csv,persistent_leak,33_61_84,24,61,84,36600,50400,0,0.00013697482,0
train,33,data_33.csv,persistent_leak,33_62_85,24,62,85,37200,51000,0,1.061585e-05,0
train,33,data_33.csv,persistent_leak,33_63_86,24,63,86,37800,51600,0,2.2574484e-06,0
train,33,data_33.csv,persistent_leak,33_64_87,24,64,87,38400,52200,0,2.1605758e-06,0
train,33,data_33.csv,persistent_leak,33_65_88,24,65,88,39000,52800,0,3.0505817e-06,0
train,33,data_33.csv,persistent_leak,33_66_89,24,66,89,39600,53400,0,1.1255463e-05,0
train,33,data_33.csv,persistent_leak,33_67_90,24,67,90,40200,54000,0,6.731064e-06,0
train,33,data_33.csv,persistent_leak,33_68_91,24,68,91,40800,54600,0,4.805408e-07,0
train,33,data_33.csv,persistent_leak,33_69_92,24,69,92,41400,55200,0,6.475924e-07,0
train,33,data_33.csv,persistent_leak,33_70_93,24,70,93,42000,55800,0,7.604828e-07,0
train,33,data_33.csv,persistent_leak,33_71_94,24,71,94,42600,56400,0,6.5118303e-07,0
train,33,data_33.csv,persistent_leak,33_72_95,24,72,95,43200,57000,0,3.126939e-07,0
train,33,data_33.csv,persistent_leak,33_73_96,24,73,96,43800,57600,0,1.1267218e-07,0
train,33,data_33.csv,persistent_leak,33_74_97,24,74,97,44400,58200,0,3.8835815e-08,0
train,33,data_33.csv,persistent_leak,33_75_98,24,75,98,45000,58800,0,3.112871e-08,0
train,33,data_33.csv,persistent_leak,33_76_99,24,76,99,45600,59400,0,1.5621154e-08,0
train,33,data_33.csv,persistent_leak,33_77_100,24,77,100,46200,60000,0,2.9627218e-09,0
train,33,data_33.csv,persistent_leak,33_78_101,24,78,101,46800,60600,0,7.792563e-10,0
train,33,data_33.csv,persistent_leak,33_79_102,24,79,102,47400,61200,0,9.6829884e-11,0
train,33,data_33.csv,persistent_leak,33_80_103,24,80,103,48000,61800,0,5.875808e-11,0
train,33,data_33.csv,persistent_leak,33_81_104,24,81,104,48600,62400,0,2.5820453e-11,0
train,33,data_33.csv,persistent_leak,33_82_105,24,82,105,49200,63000,0,3.3051563e-12,0
train,33,data_33.csv,persistent_leak,33_83_106,24,83,106,49800,63600,0,3.1867372e-13,0
train,33,data_33.csv,persistent_leak,33_84_107,24,84,107,50400,64200,0,1.804062e-14,0
train,33,data_33.csv,persistent_leak,33_85_108,24,85,108,51000,64800,0,4.6551576e-14,0
train,33,data_33.csv,persistent_leak,33_86_109,24,86,109,51600,65400,0,2.1721257e-13,0
train,33,data_33.csv,persistent_leak,33_87_110,24,87,110,52200,66000,0,2.8995158e-13,0
train,33,data_33.csv,persistent_leak,33_88_111,24,88,111,52800,66600,0,1.145213e-13,0
train,33,data_33.csv,persistent_leak,33_89_112,24,89,112,53400,67200,0,5.940267e-14,0
train,33,data_33.csv,persistent_leak,33_90_113,24,90,113,54000,67800,0,7.777888e-15,0
train,33,data_33.csv,persistent_leak,33_91_114,24,91,114,54600,68400,0,2.3928217e-14,0
train,33,data_33.csv,persistent_leak,33_92_115,24,92,115,55200,69000,0,1.2569382e-13,0
train,33,data_33.csv,persistent_leak,33_93_116,24,93,116,55800,69600,0,4.343533e-13,0
train,33,data_33.csv,persistent_leak,33_94_117,24,94,117,56400,70200,0,6.181299e-13,0
train,33,data_33.csv,persistent_leak,33_95_118,24,95,118,57000,70800,0,1.5852022e-12,0
train,33,data_33.csv,persistent_leak,33_96_119,24,96,119,57600,71400,0,4.755659e-12,0
train,33,data_33.csv,persistent_leak,33_97_120,24,97,120,58200,72000,0,2.0521567e-11,0
train,33,data_33.csv,persistent_leak,33_98_121,24,98,121,58800,72600,0,2.0489067e-11,0
train,33,data_33.csv,persistent_leak,33_99_122,24,99,122,59400,73200,0,2.3412864e-11,0
train,33,data_33.csv,persistent_leak,33_100_123,24,100,123,60000,73800,0,3.4122937e-11,0
train,33,data_33.csv,persistent_leak,33_101_124,24,101,124,60600,74400,0,4.862342e-11,0
train,33,data_33.csv,persistent_leak,33_102_125,24,102,125,61200,75000,0,3.9537346e-11,0
train,33,data_33.csv,persistent_leak,33_103_126,24,103,126,61800,75600,0,2.56995e-10,0
train,33,data_33.csv,persistent_leak,33_104_127,24,104,127,62400,76200,0,1.1899046e-09,0
train,33,data_33.csv,persistent_leak,33_105_128,24,105,128,63000,76800,0,4.0709427e-09,0
train,33,data_33.csv,persistent_leak,33_106_129,24,106,129,63600,77400,0,2.3044905e-08,0
train,33,data_33.csv,persistent_leak,33_107_130,24,107,130,64200,78000,0,1.730794e-07,0
train,33,data_33.csv,persistent_leak,33_108_131,24,108,131,64800,78600,0,1.5424156e-06,0
train,33,data_33.csv,persistent_leak,33_109_132,24,109,132,65400,79200,0,2.714137e-07,0
train,33,data_33.csv,persistent_leak,33_110_133,24,110,133,66000,79800,0,4.7981725e-08,0
train,33,data_33.csv,persistent_leak,33_111_134,24,111,134,66600,80400,0,2.8135645e-08,0
train,33,data_33.csv,persistent_leak,33_112_135,24,112,135,67200,81000,0,5.2342198e-08,0
train,33,data_33.csv,persistent_leak,33_113_136,24,113,136,67800,81600,0,1.0618058e-07,0
train,33,data_33.csv,persistent_leak,33_114_137,24,114,137,68400,82200,0,7.419543e-07,0
train,33,data_33.csv,persistent_leak,33_115_138,24,115,138,69000,82800,0,1.8556796e-07,0
train,33,data_33.csv,persistent_leak,33_116_139,24,116,139,69600,83400,0,7.28431e-09,0
train,33,data_33.csv,persistent_leak,33_117_140,24,117,140,70200,84000,0,1.4273273e-09,0
train,33,data_33.csv,persistent_leak,33_118_141,24,118,141,70800,84600,0,1.7260914e-09,0
train,33,data_33.csv,persistent_leak,33_119_142,24,119,142,71400,85200,0,8.707172e-10,0
train,33,data_33.csv,persistent_leak,33_120_143,24,120,143,72000,85800,0,4.3361065e-10,0
train,33,data_33.csv,persistent_leak,33_121_144,24,121,144,72600,86400,0,1.2507652e-10,0
train,35,data_35.csv,persistent_leak,35_0_23,24,0,23,0,13800,0,1.7559534e-21,0
train,35,data_35.csv,persistent_leak,35_1_24,24,1,24,600,14400,0,2.0133717e-21,0
train,35,data_35.csv,persistent_leak,35_2_25,24,2,25,1200,15000,0,3.2992398e-21,0
train,35,data_35.csv,persistent_leak,35_3_26,24,3,26,1800,15600,0,3.1494056e-21,0
train,35,data_35.csv,persistent_leak,35_4_27,24,4,27,2400,16200,0,1.7558663e-21,0
train,35,data_35.csv,persistent_leak,35_5_28,24,5,28,3000,16800,0,1.0261509e-21,0
train,35,data_35.csv,persistent_leak,35_6_29,24,6,29,3600,17400,0,3.3365626e-22,0
train,35,data_35.csv,persistent_leak,35_7_30,24,7,30,4200,18000,0,5.434401e-22,0
train,35,data_35.csv,persistent_leak,35_8_31,24,8,31,4800,18600,0,1.2449911e-21,0
train,35,data_35.csv,persistent_leak,35_9_32,24,9,32,5400,19200,0,2.0933997e-21,0
train,35,data_35.csv,persistent_leak,35_10_33,24,10,33,6000,19800,0,1.9856537e-21,0
train,35,data_35.csv,persistent_leak,35_11_34,24,11,34,6600,20400,0,2.5380434e-21,0
train,35,data_35.csv,persistent_leak,35_12_35,24,12,35,7200,21000,0,3.3296855e-21,0
train,35,data_35.csv,persistent_leak,35_13_36,24,13,36,7800,21600,0,7.966989e-21,0
train,35,data_35.csv,persistent_leak,35_14_37,24,14,37,8400,22200,0,1.5510792e-20,0
train,35,data_35.csv,persistent_leak,35_15_38,24,15,38,9000,22800,0,2.2804321e-20,0
train,35,data_35.csv,persistent_leak,35_16_39,24,16,39,9600,23400,0,2.8671085e-20,0
train,35,data_35.csv,persistent_leak,35_17_40,24,17,40,10200,24000,0,4.2520628e-20,0
train,35,data_35.csv,persistent_leak,35_18_41,24,18,41,10800,24600,0,5.394461e-20,0
train,35,data_35.csv,persistent_leak,35_19_42,24,19,42,11400,25200,0,2.897279e-19,0
train,35,data_35.csv,persistent_leak,35_20_43,24,20,43,12000,25800,0,1.2617895e-18,0
train,35,data_35.csv,persistent_leak,35_21_44,24,21,44,12600,26400,0,3.5398834e-18,0
train,35,data_35.csv,persistent_leak,35_22_45,24,22,45,13200,27000,0,7.353194e-18,0
train,35,data_35.csv,persistent_leak,35_23_46,24,23,46,13800,27600,0,2.166705e-17,0
train,35,data_35.csv,persistent_leak,35_24_47,24,24,47,14400,28200,0,5.3220913e-17,0
train,35,data_35.csv,persistent_leak,35_25_48,24,25,48,15000,28800,0,2.4702027e-16,0
train,35,data_35.csv,persistent_leak,35_26_49,24,26,49,15600,29400,0,1.1984331e-15,0
train,35,data_35.csv,persistent_leak,35_27_50,24,27,50,16200,30000,0,4.1272925e-15,0
train,35,data_35.csv,persistent_leak,35_28_51,24,28,51,16800,30600,0,9.059583e-15,0
train,35,data_35.csv,persistent_leak,35_29_52,24,29,52,17400,31200,0,3.3561963e-14,0
train,35,data_35.csv,persistent_leak,35_30_53,24,30,53,18000,31800,0,1.5505492e-13,0
train,35,data_35.csv,persistent_leak,35_31_54,24,31,54,18600,32400,0,9.597589e-13,0
train,35,data_35.csv,persistent_leak,35_32_55,24,32,55,19200,33000,0,3.675954e-12,0
train,35,data_35.csv,persistent_leak,35_33_56,24,33,56,19800,33600,0,9.344791e-12,0
train,35,data_35.csv,persistent_leak,35_34_57,24,34,57,20400,34200,0,1.8516648e-11,0
train,35,data_35.csv,persistent_leak,35_35_58,24,35,58,21000,34800,0,5.604704e-11,0
train,35,data_35.csv,persistent_leak,35_36_59,24,36,59,21600,35400,0,1.4336893e-10,0
train,35,data_35.csv,persistent_leak,35_37_60,24,37,60,22200,36000,0,4.111018e-09,0
train,35,data_35.csv,persistent_leak,35_38_61,24,38,61,22800,36600,0,2.690325e-08,0
train,35,data_35.csv,persistent_leak,35_39_62,24,39,62,23400,37200,0,6.598274e-08,0
train,35,data_35.csv,persistent_leak,35_40_63,24,40,63,24000,37800,0,1.374894e-07,0
train,35,data_35.csv,persistent_leak,35_41_64,24,41,64,24600,38400,0,5.606225e-07,0
train,35,data_35.csv,persistent_leak,35_42_65,24,42,65,25200,39000,0,1.7419497e-06,0
train,35,data_35.csv,persistent_leak,35_43_66,24,43,66,25800,39600,0,4.857296e-05,0
train,35,data_35.csv,persistent_leak,35_44_67,24,44,67,26400,40200,0,6.322214e-05,0
train,35,data_35.csv,persistent_leak,35_45_68,24,45,68,27000,40800,0,7.4174284e-05,0
train,35,data_35.csv,persistent_leak,35_46_69,24,46,69,27600,41400,0,8.7693785e-05,0
train,35,data_35.csv,persistent_leak,35_47_70,24,47,70,28200,42000,0,0.00031348254,0
train,35,data_35.csv,persistent_leak,35_48_71,24,48,71,28800,42600,0,0.0012587856,0
train,35,data_35.csv,persistent_leak,35_49_72,24,49,72,29400,43200,0,0.0072281673,0
train,35,data_35.csv,persistent_leak,35_50_73,24,50,73,30000,43800,0,0.0019393694,0
train,35,data_35.csv,persistent_leak,35_51_74,24,51,74,30600,44400,0,0.00077285856,0
train,35,data_35.csv,persistent_leak,35_52_75,24,52,75,31200,45000,0,0.0014731712,0
train,35,data_35.csv,persistent_leak,35_53_76,24,53,76,31800,45600,0,0.0018474621,0
train,35,data_35.csv,persistent_leak,35_54_77,24,54,77,32400,46200,0,0.0030298755,0
train,35,data_35.csv,persistent_leak,35_55_78,24,55,78,33000,46800,0,0.0010107991,0
train,35,data_35.csv,persistent_leak,35_56_79,24,56,79,33600,47400,0,0.00040127157,0
train,35,data_35.csv,persistent_leak,35_57_80,24,57,80,34200,48000,0,0.00017206877,0
train,35,data_35.csv,persistent_leak,35_58_81,24,58,81,34800,48600,0,0.00031122292,0
train,35,data_35.csv,persistent_leak,35_59_82,24,59,82,35400,49200,0,0.000523914,0
train,35,data_35.csv,persistent_leak,35_60_83,24,60,83,36000,49800,0,0.0037502332,0
train,35,data_35.csv,persistent_leak,35_61_84,24,61,84,36600,50400,0,0.0014270236,0
train,35,data_35.csv,persistent_leak,35_62_85,24,62,85,37200,51000,0,0.00046597846,0
train,35,data_35.csv,persistent_leak,35_63_86,24,63,86,37800,51600,0,0.0002956982,0
train,35,data_35.csv,persistent_leak,35_64_87,24,64,87,38400,52200,0,0.00027372793,0
train,35,data_35.csv,persistent_leak,35_65_88,24,65,88,39000,52800,0,0.00064920954,0
train,35,data_35.csv,persistent_leak,35_66_89,24,66,89,39600,53400,0,0.0028387073,0
train,35,data_35.csv,persistent_leak,35_67_90,24,67,90,40200,54000,0,0.003633695,0
train,35,data_35.csv,persistent_leak,35_68_91,24,68,91,40800,54600,0,0.0007260802,0
train,35,data_35.csv,persistent_leak,35_69_92,24,69,92,41400,55200,0,0.0012709203,0
train,35,data_35.csv,persistent_leak,35_70_93,24,70,93,42000,55800,0,0.002534395,0
train,35,data_35.csv,persistent_leak,35_71_94,24,71,94,42600,56400,0,0.0036058414,0
train,35,data_35.csv,persistent_leak,35_72_95,24,72,95,43200,57000,0,0.003715644,0
train,35,data_35.csv,persistent_leak,35_73_96,24,73,96,43800,57600,0,0.0024209851,0
train,35,data_35.csv,persistent_leak,35_74_97,24,74,97,44400,58200,0,0.0039610546,0
train,35,data_35.csv,persistent_leak,35_75_98,24,75,98,45000,58800,0,0.0069425553,0
train,35,data_35.csv,persistent_leak,35_76_99,24,76,99,45600,59400,0,0.007626293,0
train,35,data_35.csv,persistent_leak,35_77_100,24,77,100,46200,60000,0,0.011508784,0
train,35,data_35.csv,persistent_leak,35_78_101,24,78,101,46800,60600,0,0.030769093,0
train,35,data_35.csv,persistent_leak,35_79_102,24,79,102,47400,61200,0,0.033269994,0
train,35,data_35.csv,persistent_leak,35_80_103,24,80,103,48000,61800,0,0.041570496,0
train,35,data_35.csv,persistent_leak,35_81_104,24,81,104,48600,62400,0,0.044983163,0
train,35,data_35.csv,persistent_leak,35_82_105,24,82,105,49200,63000,0,0.019994017,0
train,35,data_35.csv,persistent_leak,35_83_106,24,83,106,49800,63600,0,0.028098019,0
train,35,data_35.csv,persistent_leak,35_84_107,24,84,107,50400,64200,0,0.024585646,0
train,35,data_35.csv,persistent_leak,35_85_108,24,85,108,51000,64800,0,0.16170096,0
train,35,data_35.csv,persistent_leak,35_86_109,24,86,109,51600,65400,0,0.17571884,0
train,35,data_35.csv,persistent_leak,35_87_110,24,87,110,52200,66000,0,0.19166566,0
train,35,data_35.csv,persistent_leak,35_88_111,24,88,111,52800,66600,0,0.13565257,0
train,35,data_35.csv,persistent_leak,35_89_112,24,89,112,53400,67200,0,0.07256309,0
train,35,data_35.csv,persistent_leak,35_90_113,24,90,113,54000,67800,0,0.017555159,0
train,35,data_35.csv,persistent_leak,35_91_114,24,91,114,54600,68400,0,0.0037440616,0
train,35,data_35.csv,persistent_leak,35_92_115,24,92,115,55200,69000,0,0.00094979745,0
train,35,data_35.csv,persistent_leak,35_93_116,24,93,116,55800,69600,0,0.00070180243,0
train,35,data_35.csv,persistent_leak,35_94_117,24,94,117,56400,70200,0,0.0009876578,0
train,35,data_35.csv,persistent_leak,35_95_118,24,95,118,57000,70800,0,0.0011372876,0
train,35,data_35.csv,persistent_leak,35_96_119,24,96,119,57600,71400,0,0.00419241,0
train,35,data_35.csv,persistent_leak,35_97_120,24,97,120,58200,72000,0,0.0013978978,0
train,35,data_35.csv,persistent_leak,35_98_121,24,98,121,58800,72600,0,0.00027996878,0
train,35,data_35.csv,persistent_leak,35_99_122,24,99,122,59400,73200,0,9.033481e-05,0
train,35,data_35.csv,persistent_leak,35_100_123,24,100,123,60000,73800,0,8.076121e-05,0
train,35,data_35.csv,persistent_leak,35_101_124,24,101,124,60600,74400,0,0.000101154335,0
train,35,data_35.csv,persistent_leak,35_102_125,24,102,125,61200,75000,0,0.00015531079,0
train,35,data_35.csv,persistent_leak,35_103_126,24,103,126,61800,75600,0,0.0002065337,0
train,35,data_35.csv,persistent_leak,35_104_127,24,104,127,62400,76200,0,0.00018928936,0
train,35,data_35.csv,persistent_leak,35_105_128,24,105,128,63000,76800,0,0.0006038383,0
train,35,data_35.csv,persistent_leak,35_106_129,24,106,129,63600,77400,0,0.0021239705,0
train,35,data_35.csv,persistent_leak,35_107_130,24,107,130,64200,78000,0,0.006477514,0
train,35,data_35.csv,persistent_leak,35_108_131,24,108,131,64800,78600,0,0.008266167,0
train,35,data_35.csv,persistent_leak,35_109_132,24,109,132,65400,79200,0,0.0071209976,0
train,35,data_35.csv,persistent_leak,35_110_133,24,110,133,66000,79800,0,0.002117101,0
train,35,data_35.csv,persistent_leak,35_111_134,24,111,134,66600,80400,0,0.0021058526,0
train,35,data_35.csv,persistent_leak,35_112_135,24,112,135,67200,81000,0,0.0024159993,0
train,35,data_35.csv,persistent_leak,35_113_136,24,113,136,67800,81600,0,0.0015114624,0
train,35,data_35.csv,persistent_leak,35_114_137,24,114,137,68400,82200,0,0.0042476472,0
train,35,data_35.csv,persistent_leak,35_115_138,24,115,138,69000,82800,0,0.002818277,0
train,35,data_35.csv,persistent_leak,35_116_139,24,116,139,69600,83400,0,0.00027192273,0
train,35,data_35.csv,persistent_leak,35_117_140,24,117,140,70200,84000,0,3.391626e-05,0
train,35,data_35.csv,persistent_leak,35_118_141,24,118,141,70800,84600,0,9.457562e-06,0
train,35,data_35.csv,persistent_leak,35_119_142,24,119,142,71400,85200,0,1.0424843e-06,0
train,35,data_35.csv,persistent_leak,35_120_143,24,120,143,72000,85800,0,1.8744455e-08,0
train,35,data_35.csv,persistent_leak,35_121_144,24,121,144,72600,86400,0,4.4647326e-09,0
train,36,data_36.csv,onset_leak,36_0_23,24,0,23,0,13800,0,1.8110222e-22,0
train,36,data_36.csv,onset_leak,36_1_24,24,1,24,600,14400,0,1.4143747e-22,0
train,36,data_36.csv,onset_leak,36_2_25,24,2,25,1200,15000,0,1.2334043e-22,0
train,36,data_36.csv,onset_leak,36_3_26,24,3,26,1800,15600,0,1.0604296e-22,0
train,36,data_36.csv,onset_leak,36_4_27,24,4,27,2400,16200,0,8.6138354e-23,0
train,36,data_36.csv,onset_leak,36_5_28,24,5,28,3000,16800,0,6.662556e-23,0
train,36,data_36.csv,onset_leak,36_6_29,24,6,29,3600,17400,0,4.7922918e-23,0
train,36,data_36.csv,onset_leak,36_7_30,24,7,30,4200,18000,0,7.3515475e-23,0
train,36,data_36.csv,onset_leak,36_8_31,24,8,31,4800,18600,0,1.4611155e-22,0
train,36,data_36.csv,onset_leak,36_9_32,24,9,32,5400,19200,0,2.0118275e-22,0
train,36,data_36.csv,onset_leak,36_10_33,24,10,33,6000,19800,0,1.7541448e-22,0
train,36,data_36.csv,onset_leak,36_11_34,24,11,34,6600,20400,0,1.8371363e-22,0
train,36,data_36.csv,onset_leak,36_12_35,24,12,35,7200,21000,0,1.4432724e-22,0
train,36,data_36.csv,onset_leak,36_13_36,24,13,36,7800,21600,0,2.5394076e-22,0
train,36,data_36.csv,onset_leak,36_14_37,24,14,37,8400,22200,0,5.953059e-22,0
train,36,data_36.csv,onset_leak,36_15_38,24,15,38,9000,22800,0,1.0337967e-21,0
train,36,data_36.csv,onset_leak,36_16_39,24,16,39,9600,23400,0,1.0448064e-21,0
train,36,data_36.csv,onset_leak,36_17_40,24,17,40,10200,24000,0,1.4368459e-21,0
train,36,data_36.csv,onset_leak,36_18_41,24,18,41,10800,24600,0,2.0555034e-21,0
train,36,data_36.csv,onset_leak,36_19_42,24,19,42,11400,25200,0,6.3864846e-21,0
train,36,data_36.csv,onset_leak,36_20_43,24,20,43,12000,25800,0,1.6219677e-20,0
train,36,data_36.csv,onset_leak,36_21_44,24,21,44,12600,26400,0,2.8343867e-20,0
train,36,data_36.csv,onset_leak,36_22_45,24,22,45,13200,27000,0,3.8877825e-20,0
train,36,data_36.csv,onset_leak,36_23_46,24,23,46,13800,27600,0,6.6661e-20,0
train,36,data_36.csv,onset_leak,36_24_47,24,24,47,14400,28200,0,9.147e-20,0
train,36,data_36.csv,onset_leak,36_25_48,24,25,48,15000,28800,0,2.713552e-19,0
train,36,data_36.csv,onset_leak,36_26_49,24,26,49,15600,29400,0,5.840777e-19,0
train,36,data_36.csv,onset_leak,36_27_50,24,27,50,16200,30000,0,1.1415289e-18,0
train,36,data_36.csv,onset_leak,36_28_51,24,28,51,16800,30600,0,2.3505983e-18,0
train,36,data_36.csv,onset_leak,36_29_52,24,29,52,17400,31200,0,6.087135e-18,0
train,36,data_36.csv,onset_leak,36_30_53,24,30,53,18000,31800,0,1.9126649e-17,0
train,36,data_36.csv,onset_leak,36_31_54,24,31,54,18600,32400,0,1.5075068e-16,0
train,36,data_36.csv,onset_leak,36_32_55,24,32,55,19200,33000,0,1.0776754e-15,0
train,36,data_36.csv,onset_leak,36_33_56,24,33,56,19800,33600,0,4.0591373e-15,0
train,36,data_36.csv,onset_leak,36_34_57,24,34,57,20400,34200,0,8.944477e-15,0
train,36,data_36.csv,onset_leak,36_35_58,24,35,58,21000,34800,0,3.286182e-14,0
train,36,data_36.csv,onset_leak,36_36_59,24,36,59,21600,35400,0,8.745602e-14,0
train,36,data_36.csv,onset_leak,36_37_60,24,37,60,22200,36000,0,1.6232278e-12,0
train,36,data_36.csv,onset_leak,36_38_61,24,38,61,22800,36600,0,3.1940305e-11,0
train,36,data_36.csv,onset_leak,36_39_62,24,39,62,23400,37200,0,1.14208885e-10,0
train,36,data_36.csv,onset_leak,36_40_63,24,40,63,24000,37800,0,1.8108363e-10,0
train,36,data_36.csv,onset_leak,36_41_64,24,41,64,24600,38400,0,6.520935e-10,0
train,36,data_36.csv,onset_leak,36_42_65,24,42,65,25200,39000,0,1.6382626e-09,0
train,36,data_36.csv,onset_leak,36_43_66,24,43,66,25800,39600,0,6.898675e-08,0
train,36,data_36.csv,onset_leak,36_44_67,24,44,67,26400,40200,0,7.278369e-08,0
train,36,data_36.csv,onset_leak,36_45_68,24,45,68,27000,40800,0,1.4262345e-07,0
train,36,data_36.csv,onset_leak,36_46_69,24,46,69,27600,41400,0,1.7589825e-07,0
train,36,data_36.csv,onset_leak,36_47_70,24,47,70,28200,42000,0,6.314625e-07,0
train,36,data_36.csv,onset_leak,36_48_71,24,48,71,28800,42600,0,1.5692651e-06,0
train,36,data_36.csv,onset_leak,36_49_72,24,49,72,29400,43200,0,9.030155e-06,0
train,36,data_36.csv,onset_leak,36_50_73,24,50,73,30000,43800,0,4.6904984e-06,0
train,36,data_36.csv,onset_leak,36_51_74,24,51,74,30600,44400,0,3.4780194e-06,0
train,36,data_36.csv,onset_leak,36_52_75,24,52,75,31200,45000,0,1.008388e-05,0
train,36,data_36.csv,onset_leak,36_53_76,24,53,76,31800,45600,0,3.3730954e-05,0
train,36,data_36.csv,onset_leak,36_54_77,24,54,77,32400,46200,0,0.0001766001,0
train,36,data_36.csv,onset_leak,36_55_78,24,55,78,33000,46800,0,0.00010502379,0
train,36,data_36.csv,onset_leak,36_56_79,24,56,79,33600,47400,0,3.681396e-05,0
train,36,data_36.csv,onset_leak,36_57_80,24,57,80,34200,48000,0,2.6393913e-05,0
train,36,data_36.csv,onset_leak,36_58_81,24,58,81,34800,48600,0,8.706951e-05,0
train,36,data_36.csv,onset_leak,36_59_82,24,59,82,35400,49200,0,0.00022374337,0
train,36,data_36.csv,onset_leak,36_60_83,24,60,83,36000,49800,0,0.0029175805,0
train,36,data_36.csv,onset_leak,36_61_84,24,61,84,36600,50400,0,0.002360688,0
train,36,data_36.csv,onset_leak,36_62_85,24,62,85,37200,51000,0,0.0022875878,0
train,36,data_36.csv,onset_leak,36_63_86,24,63,86,37800,51600,0,0.0050195255,0
train,36,data_36.csv,onset_leak,36_64_87,24,64,87,38400,52200,0,0.006595018,0
train,36,data_36.csv,onset_leak,36_65_88,24,65,88,39000,52800,0,0.026473314,0
train,36,data_36.csv,onset_leak,36_66_89,24,66,89,39600,53400,0,0.13104154,0
train,36,data_36.csv,onset_leak,36_67_90,24,67,90,40200,54000,0,0.15711965,0
train,36,data_36.csv,onset_leak,36_68_91,24,68,91,40800,54600,0,0.119674906,0
train,36,data_36.csv,onset_leak,36_69_92,24,69,92,41400,55200,0,0.23143321,0
train,36,data_36.csv,onset_leak,36_70_93,24,70,93,42000,55800,0,0.2716231,0
train,36,data_36.csv,onset_leak,36_71_94,24,71,94,42600,56400,0,0.29883778,0
train,36,data_36.csv,onset_leak,36_72_95,24,72,95,43200,57000,0,0.26622608,0
train,36,data_36.csv,onset_leak,36_73_96,24,73,96,43800,57600,0,0.22178861,0
train,36,data_36.csv,onset_leak,36_74_97,24,74,97,44400,58200,0,0.16915855,0
train,36,data_36.csv,onset_leak,36_75_98,24,75,98,45000,58800,0,0.15848789,0
train,36,data_36.csv,onset_leak,36_76_99,24,76,99,45600,59400,0,0.17221187,0
train,36,data_36.csv,onset_leak,36_77_100,24,77,100,46200,60000,0,0.24314885,0
train,36,data_36.csv,onset_leak,36_78_101,24,78,101,46800,60600,0,0.3250792,0
train,36,data_36.csv,onset_leak,36_79_102,24,79,102,47400,61200,0,0.49173933,0
train,36,data_36.csv,onset_leak,36_80_103,24,80,103,48000,61800,0,0.59570616,0
train,36,data_36.csv,onset_leak,36_81_104,24,81,104,48600,62400,0,0.639259,0
train,36,data_36.csv,onset_leak,36_82_105,24,82,105,49200,63000,0,0.7252351,0
train,36,data_36.csv,onset_leak,36_83_106,24,83,106,49800,63600,0,0.731277,0
train,36,data_36.csv,onset_leak,36_84_107,24,84,107,50400,64200,0,0.5913955,0
train,36,data_36.csv,onset_leak,36_85_108,24,85,108,51000,64800,0,0.6563106,0
train,36,data_36.csv,onset_leak,36_86_109,24,86,109,51600,65400,0,0.5863337,0
train,36,data_36.csv,onset_leak,36_87_110,24,87,110,52200,66000,0,0.49405533,0
train,36,data_36.csv,onset_leak,36_88_111,24,88,111,52800,66600,0,0.47454533,0
train,36,data_36.csv,onset_leak,36_89_112,24,89,112,53400,67200,0,0.4435898,0
train,36,data_36.csv,onset_leak,36_90_113,24,90,113,54000,67800,0,0.30040967,0
train,36,data_36.csv,onset_leak,36_91_114,24,91,114,54600,68400,0,0.034894116,0
train,36,data_36.csv,onset_leak,36_92_115,24,92,115,55200,69000,0,0.015559496,0
train,36,data_36.csv,onset_leak,36_93_116,24,93,116,55800,69600,0,0.006815067,0
train,36,data_36.csv,onset_leak,36_94_117,24,94,117,56400,70200,0,0.004367596,0
train,36,data_36.csv,onset_leak,36_95_118,24,95,118,57000,70800,0,0.004930774,0
train,36,data_36.csv,onset_leak,36_96_119,24,96,119,57600,71400,0,0.0048979563,0
train,36,data_36.csv,onset_leak,36_97_120,24,97,120,58200,72000,0,0.0026893753,0
train,36,data_36.csv,onset_leak,36_98_121,24,98,121,58800,72600,0,0.00016493328,0
train,36,data_36.csv,onset_leak,36_99_122,24,99,122,59400,73200,0,2.5302468e-05,0
train,36,data_36.csv,onset_leak,36_100_123,24,100,123,60000,73800,0,7.957404e-06,0
train,36,data_36.csv,onset_leak,36_101_124,24,101,124,60600,74400,0,7.935715e-06,0
train,36,data_36.csv,onset_leak,36_102_125,24,102,125,61200,75000,0,6.5760123e-06,0
train,36,data_36.csv,onset_leak,36_103_126,24,103,126,61800,75600,0,8.958464e-06,0
train,36,data_36.csv,onset_leak,36_104_127,24,104,127,62400,76200,0,1.9311294e-07,0
train,36,data_36.csv,onset_leak,36_105_128,24,105,128,63000,76800,0,1.6098902e-07,0
train,36,data_36.csv,onset_leak,36_106_129,24,106,129,63600,77400,0,1.6012282e-07,0
train,36,data_36.csv,onset_leak,36_107_130,24,107,130,64200,78000,0,2.0154336e-07,0
train,36,data_36.csv,onset_leak,36_108_131,24,108,131,64800,78600,0,2.3949184e-07,0
train,36,data_36.csv,onset_leak,36_109_132,24,109,132,65400,79200,0,2.4195512e-07,0
train,36,data_36.csv,onset_leak,36_110_133,24,110,133,66000,79800,0,4.0361066e-08,0
train,36,data_36.csv,onset_leak,36_111_134,24,111,134,66600,80400,0,2.867952e-08,0
train,36,data_36.csv,onset_leak,36_112_135,24,112,135,67200,81000,0,2.5475515e-08,0
train,36,data_36.csv,onset_leak,36_113_136,24,113,136,67800,81600,0,4.5352584e-09,0
train,36,data_36.csv,onset_leak,36_114_137,24,114,137,68400,82200,0,1.5716151e-09,0
train,36,data_36.csv,onset_leak,36_115_138,24,115,138,69000,82800,0,3.3088937e-10,0
train,36,data_36.csv,onset_leak,36_116_139,24,116,139,69600,83400,0,1.3990496e-10,0
train,36,data_36.csv,onset_leak,36_117_140,24,117,140,70200,84000,0,5.0080756e-11,0
train,36,data_36.csv,onset_leak,36_118_141,24,118,141,70800,84600,0,7.0403635e-12,0
train,36,data_36.csv,onset_leak,36_119_142,24,119,142,71400,85200,0,4.4480047e-13,0
train,36,data_36.csv,onset_leak,36_120_143,24,120,143,72000,85800,0,1.2289522e-14,0
train,36,data_36.csv,onset_leak,36_121_144,24,121,144,72600,86400,0,2.869096e-15,0
train,38,data_38.csv,onset_leak,38_0_23,24,0,23,0,13800,0,6.9069606e-22,0
train,38,data_38.csv,onset_leak,38_1_24,24,1,24,600,14400,0,2.147495e-21,0
train,38,data_38.csv,onset_leak,38_2_25,24,2,25,1200,15000,0,5.552739e-21,0
train,38,data_38.csv,onset_leak,38_3_26,24,3,26,1800,15600,0,1.1451696e-20,0
train,38,data_38.csv,onset_leak,38_4_27,24,4,27,2400,16200,0,1.981977e-20,0
train,38,data_38.csv,onset_leak,38_5_28,24,5,28,3000,16800,0,4.566446e-20,0
train,38,data_38.csv,onset_leak,38_6_29,24,6,29,3600,17400,0,1.0555559e-19,0
train,38,data_38.csv,onset_leak,38_7_30,24,7,30,4200,18000,0,6.5929914e-19,0
train,38,data_38.csv,onset_leak,38_8_31,24,8,31,4800,18600,0,4.0368023e-18,0
train,38,data_38.csv,onset_leak,38_9_32,24,9,32,5400,19200,0,1.4062654e-17,0
train,38,data_38.csv,onset_leak,38_10_33,24,10,33,6000,19800,0,2.82277e-17,0
train,38,data_38.csv,onset_leak,38_11_34,24,11,34,6600,20400,0,9.151551e-17,0
train,38,data_38.csv,onset_leak,38_12_35,24,12,35,7200,21000,0,2.50057e-16,0
train,38,data_38.csv,onset_leak,38_13_36,24,13,36,7800,21600,0,2.8030614e-15,0
train,38,data_38.csv,onset_leak,38_14_37,24,14,37,8400,22200,0,3.542849e-14,0
train,38,data_38.csv,onset_leak,38_15_38,24,15,38,9000,22800,0,1.8634684e-13,0
train,38,data_38.csv,onset_leak,38_16_39,24,16,39,9600,23400,0,4.181567e-13,0
train,38,data_38.csv,onset_leak,38_17_40,24,17,40,10200,24000,0,1.700116e-12,0
train,38,data_38.csv,onset_leak,38_18_41,24,18,41,10800,24600,0,5.9291795e-12,0
train,38,data_38.csv,onset_leak,38_19_42,24,19,42,11400,25200,0,6.734695e-11,0
train,38,data_38.csv,onset_leak,38_20_43,24,20,43,12000,25800,0,9.54433e-11,0
train,38,data_38.csv,onset_leak,38_21_44,24,21,44,12600,26400,0,1.7223217e-10,0
train,38,data_38.csv,onset_leak,38_22_45,24,22,45,13200,27000,0,4.3968693e-10,0
train,38,data_38.csv,onset_leak,38_23_46,24,23,46,13800,27600,0,1.3086754e-09,0
train,38,data_38.csv,onset_leak,38_24_47,24,24,47,14400,28200,0,3.3266268e-09,0
train,38,data_38.csv,onset_leak,38_25_48,24,25,48,15000,28800,0,1.1334054e-08,0
train,38,data_38.csv,onset_leak,38_26_49,24,26,49,15600,29400,0,1.2565867e-08,0
train,38,data_38.csv,onset_leak,38_27_50,24,27,50,16200,30000,0,1.3916338e-08,0
train,38,data_38.csv,onset_leak,38_28_51,24,28,51,16800,30600,0,4.9347292e-08,0
train,38,data_38.csv,onset_leak,38_29_52,24,29,52,17400,31200,0,1.8033835e-07,0
train,38,data_38.csv,onset_leak,38_30_53,24,30,53,18000,31800,0,1.2441575e-06,0
train,38,data_38.csv,onset_leak,38_31_54,24,31,54,18600,32400,0,3.8589974e-06,0
train,38,data_38.csv,onset_leak,38_32_55,24,32,55,19200,33000,0,7.117756e-06,0
train,38,data_38.csv,onset_leak,38_33_56,24,33,56,19800,33600,0,2.3888218e-05,0
train,38,data_38.csv,onset_leak,38_34_57,24,34,57,20400,34200,0,0.00015416039,0
train,38,data_38.csv,onset_leak,38_35_58,24,35,58,21000,34800,0,0.0011470349,0
train,38,data_38.csv,onset_leak,38_36_59,24,36,59,21600,35400,0,0.037940994,0
train,38,data_38.csv,onset_leak,38_37_60,24,37,60,22200,36000,0,0.059833944,0
train,38,data_38.csv,onset_leak,38_38_61,24,38,61,22800,36600,0,0.10276467,0
train,38,data_38.csv,onset_leak,38_39_62,24,39,62,23400,37200,0,0.2126236,0
train,38,data_38.csv,onset_leak,38_40_63,24,40,63,24000,37800,0,0.38867345,0
train,38,data_38.csv,onset_leak,38_41_64,24,41,64,24600,38400,0,0.65794665,0
train,38,data_38.csv,onset_leak,38_42_65,24,42,65,25200,39000,0,0.8508951,1
train,38,data_38.csv,onset_leak,38_43_66,24,43,66,25800,39600,0,0.8517422,1
train,38,data_38.csv,onset_leak,38_44_67,24,44,67,26400,40200,0,0.8531599,1
train,38,data_38.csv,onset_leak,38_45_68,24,45,68,27000,40800,0,0.8403403,1
train,38,data_38.csv,onset_leak,38_46_69,24,46,69,27600,41400,0,0.828951,1
train,38,data_38.csv,onset_leak,38_47_70,24,47,70,28200,42000,0,0.81104785,1
train,38,data_38.csv,onset_leak,38_48_71,24,48,71,28800,42600,0,0.79544586,1
train,38,data_38.csv,onset_leak,38_49_72,24,49,72,29400,43200,0,0.781706,1
train,38,data_38.csv,onset_leak,38_50_73,24,50,73,30000,43800,0,0.76964813,1
train,38,data_38.csv,onset_leak,38_51_74,24,51,74,30600,44400,0,0.7298529,0
train,38,data_38.csv,onset_leak,38_52_75,24,52,75,31200,45000,0,0.69689935,0
train,38,data_38.csv,onset_leak,38_53_76,24,53,76,31800,45600,0,0.6493534,0
train,38,data_38.csv,onset_leak,38_54_77,24,54,77,32400,46200,0,0.6001395,0
train,38,data_38.csv,onset_leak,38_55_78,24,55,78,33000,46800,0,0.5647301,0
train,38,data_38.csv,onset_leak,38_56_79,24,56,79,33600,47400,0,0.53620607,0
train,38,data_38.csv,onset_leak,38_57_80,24,57,80,34200,48000,0,0.48063803,0
train,38,data_38.csv,onset_leak,38_58_81,24,58,81,34800,48600,0,0.43894574,0
train,38,data_38.csv,onset_leak,38_59_82,24,59,82,35400,49200,0,0.3775323,0
train,38,data_38.csv,onset_leak,38_60_83,24,60,83,36000,49800,0,0.3045292,0
train,38,data_38.csv,onset_leak,38_61_84,24,61,84,36600,50400,0,0.26282126,0
train,38,data_38.csv,onset_leak,38_62_85,24,62,85,37200,51000,0,0.23966548,0
train,38,data_38.csv,onset_leak,38_63_86,24,63,86,37800,51600,0,0.2091341,0
train,38,data_38.csv,onset_leak,38_64_87,24,64,87,38400,52200,0,0.19012667,0
train,38,data_38.csv,onset_leak,38_65_88,24,65,88,39000,52800,0,0.16355535,0
train,38,data_38.csv,onset_leak,38_66_89,24,66,89,39600,53400,0,0.14186004,0
train,38,data_38.csv,onset_leak,38_67_90,24,67,90,40200,54000,0,0.12787174,0
train,38,data_38.csv,onset_leak,38_68_91,24,68,91,40800,54600,0,0.12064544,0
train,38,data_38.csv,onset_leak,38_69_92,24,69,92,41400,55200,0,0.11311958,0
train,38,data_38.csv,onset_leak,38_70_93,24,70,93,42000,55800,0,0.10938987,0
train,38,data_38.csv,onset_leak,38_71_94,24,71,94,42600,56400,0,0.10676768,0
train,38,data_38.csv,onset_leak,38_72_95,24,72,95,43200,57000,0,0.10939699,0
train,38,data_38.csv,onset_leak,38_73_96,24,73,96,43800,57600,0,0.10671959,0
train,38,data_38.csv,onset_leak,38_74_97,24,74,97,44400,58200,0,0.107596934,0
train,38,data_38.csv,onset_leak,38_75_98,24,75,98,45000,58800,0,0.10572138,0
train,38,data_38.csv,onset_leak,38_76_99,24,76,99,45600,59400,0,0.10562377,0
train,38,data_38.csv,onset_leak,38_77_100,24,77,100,46200,60000,0,0.10477733,0
train,38,data_38.csv,onset_leak,38_78_101,24,78,101,46800,60600,0,0.10703112,0
train,38,data_38.csv,onset_leak,38_79_102,24,79,102,47400,61200,0,0.105858296,0
train,38,data_38.csv,onset_leak,38_80_103,24,80,103,48000,61800,0,0.105224416,0
train,38,data_38.csv,onset_leak,38_81_104,24,81,104,48600,62400,0,0.1032098,0
train,38,data_38.csv,onset_leak,38_82_105,24,82,105,49200,63000,0,0.10254711,0
train,38,data_38.csv,onset_leak,38_83_106,24,83,106,49800,63600,0,0.100777306,0
train,38,data_38.csv,onset_leak,38_84_107,24,84,107,50400,64200,0,0.09970185,0
train,38,data_38.csv,onset_leak,38_85_108,24,85,108,51000,64800,0,0.09802579,0
train,38,data_38.csv,onset_leak,38_86_109,24,86,109,51600,65400,0,0.09682405,0
train,38,data_38.csv,onset_leak,38_87_110,24,87,110,52200,66000,0,0.09454293,0
train,38,data_38.csv,onset_leak,38_88_111,24,88,111,52800,66600,0,0.09355725,0
train,38,data_38.csv,onset_leak,38_89_112,24,89,112,53400,67200,0,0.09217172,0
train,38,data_38.csv,onset_leak,38_90_113,24,90,113,54000,67800,0,0.09094229,0
train,38,data_38.csv,onset_leak,38_91_114,24,91,114,54600,68400,0,0.088452384,0
train,38,data_38.csv,onset_leak,38_92_115,24,92,115,55200,69000,0,0.08761155,0
train,38,data_38.csv,onset_leak,38_93_116,24,93,116,55800,69600,0,0.0867587,0
train,38,data_38.csv,onset_leak,38_94_117,24,94,117,56400,70200,0,0.08642602,0
train,38,data_38.csv,onset_leak,38_95_118,24,95,118,57000,70800,0,0.0875243,0
train,38,data_38.csv,onset_leak,38_96_119,24,96,119,57600,71400,0,0.089066215,0
train,38,data_38.csv,onset_leak,38_97_120,24,97,120,58200,72000,0,0.08082606,0
train,38,data_38.csv,onset_leak,38_98_121,24,98,121,58800,72600,0,0.07661865,0
train,38,data_38.csv,onset_leak,38_99_122,24,99,122,59400,73200,0,0.0762804,0
train,38,data_38.csv,onset_leak,38_100_123,24,100,123,60000,73800,0,0.076929085,0
train,38,data_38.csv,onset_leak,38_101_124,24,101,124,60600,74400,0,0.08260044,0
train,38,data_38.csv,onset_leak,38_102_125,24,102,125,61200,75000,0,0.08895849,0
train,38,data_38.csv,onset_leak,38_103_126,24,103,126,61800,75600,0,0.08220901,0
train,38,data_38.csv,onset_leak,38_104_127,24,104,127,62400,76200,0,0.057120483,0
train,38,data_38.csv,onset_leak,38_105_128,24,105,128,63000,76800,0,0.039668273,0
train,38,data_38.csv,onset_leak,38_106_129,24,106,129,63600,77400,0,0.03465335,0
train,38,data_38.csv,onset_leak,38_107_130,24,107,130,64200,78000,0,0.03017703,0
train,38,data_38.csv,onset_leak,38_108_131,24,108,131,64800,78600,0,0.031399764,0
train,38,data_38.csv,onset_leak,38_109_132,24,109,132,65400,79200,0,0.039976478,0
train,38,data_38.csv,onset_leak,38_110_133,24,110,133,66000,79800,0,0.0016806505,0
train,38,data_38.csv,onset_leak,38_111_134,24,111,134,66600,80400,0,0.00038164176,0
train,38,data_38.csv,onset_leak,38_112_135,24,112,135,67200,81000,0,0.00014883067,0
train,38,data_38.csv,onset_leak,38_113_136,24,113,136,67800,81600,0,8.3817686e-05,0
train,38,data_38.csv,onset_leak,38_114_137,24,114,137,68400,82200,0,7.254617e-05,0
train,38,data_38.csv,onset_leak,38_115_138,24,115,138,69000,82800,0,2.6353695e-05,0
train,38,data_38.csv,onset_leak,38_116_139,24,116,139,69600,83400,0,1.8328326e-07,0
train,38,data_38.csv,onset_leak,38_117_140,24,117,140,70200,84000,0,2.985653e-08,0
train,38,data_38.csv,onset_leak,38_118_141,24,118,141,70800,84600,0,8.607393e-09,0
train,38,data_38.csv,onset_leak,38_119_142,24,119,142,71400,85200,0,2.7234746e-09,0
train,38,data_38.csv,onset_leak,38_120_143,24,120,143,72000,85800,0,6.67616e-10,0
train,38,data_38.csv,onset_leak,38_121_144,24,121,144,72600,86400,0,1.4631632e-10,0
train,39,data_39.csv,onset_leak,39_0_23,24,0,23,0,13800,0,4.476733e-23,0
train,39,data_39.csv,onset_leak,39_1_24,24,1,24,600,14400,0,3.727005e-23,0
train,39,data_39.csv,onset_leak,39_2_25,24,2,25,1200,15000,0,3.3657195e-23,0
train,39,data_39.csv,onset_leak,39_3_26,24,3,26,1800,15600,0,3.004539e-23,0
train,39,data_39.csv,onset_leak,39_4_27,24,4,27,2400,16200,0,2.5707811e-23,0
train,39,data_39.csv,onset_leak,39_5_28,24,5,28,3000,16800,0,2.1221256e-23,0
train,39,data_39.csv,onset_leak,39_6_29,24,6,29,3600,17400,0,1.6610181e-23,0
train,39,data_39.csv,onset_leak,39_7_30,24,7,30,4200,18000,0,3.1975587e-23,0
train,39,data_39.csv,onset_leak,39_8_31,24,8,31,4800,18600,0,8.247709e-23,0
train,39,data_39.csv,onset_leak,39_9_32,24,9,32,5400,19200,0,1.3505843e-22,0
train,39,data_39.csv,onset_leak,39_10_33,24,10,33,6000,19800,0,1.2803769e-22,0
train,39,data_39.csv,onset_leak,39_11_34,24,11,34,6600,20400,0,1.5116655e-22,0
train,39,data_39.csv,onset_leak,39_12_35,24,12,35,7200,21000,0,1.2558804e-22,0
train,39,data_39.csv,onset_leak,39_13_36,24,13,36,7800,21600,0,2.7740431e-22,0
train,39,data_39.csv,onset_leak,39_14_37,24,14,37,8400,22200,0,8.735114e-22,0
train,39,data_39.csv,onset_leak,39_15_38,24,15,38,9000,22800,0,1.874737e-21,0
train,39,data_39.csv,onset_leak,39_16_39,24,16,39,9600,23400,0,2.0105013e-21,0
train,39,data_39.csv,onset_leak,39_17_40,24,17,40,10200,24000,0,3.2704942e-21,0
train,39,data_39.csv,onset_leak,39_18_41,24,18,41,10800,24600,0,5.6653035e-21,0
train,39,data_39.csv,onset_leak,39_19_42,24,19,42,11400,25200,0,2.5853007e-20,0
train,39,data_39.csv,onset_leak,39_20_43,24,20,43,12000,25800,0,9.1204844e-20,0
train,39,data_39.csv,onset_leak,39_21_44,24,21,44,12600,26400,0,1.945809e-19,0
train,39,data_39.csv,onset_leak,39_22_45,24,22,45,13200,27000,0,3.0724652e-19,0
train,39,data_39.csv,onset_leak,39_23_46,24,23,46,13800,27600,0,6.3632673e-19,0
train,39,data_39.csv,onset_leak,39_24_47,24,24,47,14400,28200,0,1.0040847e-18,0
train,39,data_39.csv,onset_leak,39_25_48,24,25,48,15000,28800,0,4.273695e-18,0
train,39,data_39.csv,onset_leak,39_26_49,24,26,49,15600,29400,0,1.1880538e-17,0
train,39,data_39.csv,onset_leak,39_27_50,24,27,50,16200,30000,0,2.8796632e-17,0
train,39,data_39.csv,onset_leak,39_28_51,24,28,51,16800,30600,0,7.4674835e-17,0
train,39,data_39.csv,onset_leak,39_29_52,24,29,52,17400,31200,0,2.6428717e-16,0
train,39,data_39.csv,onset_leak,39_30_53,24,30,53,18000,31800,0,1.2163078e-15,0
train,39,data_39.csv,onset_leak,39_31_54,24,31,54,18600,32400,0,9.586364e-15,0
train,39,data_39.csv,onset_leak,39_32_55,24,32,55,19200,33000,0,5.5924263e-14,0
train,39,data_39.csv,onset_leak,39_33_56,24,33,56,19800,33600,0,2.0224593e-13,0
train,39,data_39.csv,onset_leak,39_34_57,24,34,57,20400,34200,0,5.4418216e-13,0
train,39,data_39.csv,onset_leak,39_35_58,24,35,58,21000,34800,0,2.3285304e-12,0
train,39,data_39.csv,onset_leak,39_36_59,24,36,59,21600,35400,0,8.323215e-12,0
train,39,data_39.csv,onset_leak,39_37_60,24,37,60,22200,36000,0,1.0264444e-10,0
train,39,data_39.csv,onset_leak,39_38_61,24,38,61,22800,36600,0,1.0230811e-09,0
train,39,data_39.csv,onset_leak,39_39_62,24,39,62,23400,37200,0,2.542143e-09,0
train,39,data_39.csv,onset_leak,39_40_63,24,40,63,24000,37800,0,4.8227045e-09,0
train,39,data_39.csv,onset_leak,39_41_64,24,41,64,24600,38400,0,1.6620767e-08,0
train,39,data_39.csv,onset_leak,39_42_65,24,42,65,25200,39000,0,5.6341978e-08,0
train,39,data_39.csv,onset_leak,39_43_66,24,43,66,25800,39600,0,1.775365e-06,0
train,39,data_39.csv,onset_leak,39_44_67,24,44,67,26400,40200,0,2.4669391e-06,0
train,39,data_39.csv,onset_leak,39_45_68,24,45,68,27000,40800,0,3.6600848e-06,0
train,39,data_39.csv,onset_leak,39_46_69,24,46,69,27600,41400,0,4.2801635e-06,0
train,39,data_39.csv,onset_leak,39_47_70,24,47,70,28200,42000,0,1.3918528e-05,0
train,39,data_39.csv,onset_leak,39_48_71,24,48,71,28800,42600,0,3.402193e-05,0
train,39,data_39.csv,onset_leak,39_49_72,24,49,72,29400,43200,0,0.00018340837,0
train,39,data_39.csv,onset_leak,39_50_73,24,50,73,30000,43800,0,9.271145e-05,0
train,39,data_39.csv,onset_leak,39_51_74,24,51,74,30600,44400,0,6.311426e-05,0
train,39,data_39.csv,onset_leak,39_52_75,24,52,75,31200,45000,0,0.00012843135,0
train,39,data_39.csv,onset_leak,39_53_76,24,53,76,31800,45600,0,0.00034534736,0
train,39,data_39.csv,onset_leak,39_54_77,24,54,77,32400,46200,0,0.0010682864,0
train,39,data_39.csv,onset_leak,39_55_78,24,55,78,33000,46800,0,0.0005928094,0
train,39,data_39.csv,onset_leak,39_56_79,24,56,79,33600,47400,0,0.00020884465,0
train,39,data_39.csv,onset_leak,39_57_80,24,57,80,34200,48000,0,0.00011504028,0
train,39,data_39.csv,onset_leak,39_58_81,24,58,81,34800,48600,0,0.0002476502,0
train,39,data_39.csv,onset_leak,39_59_82,24,59,82,35400,49200,0,0.00036694232,0
train,39,data_39.csv,onset_leak,39_60_83,24,60,83,36000,49800,0,0.0022882856,0
train,39,data_39.csv,onset_leak,39_61_84,24,61,84,36600,50400,0,0.0018280875,0
train,39,data_39.csv,onset_leak,39_62_85,24,62,85,37200,51000,0,0.0017414113,0
train,39,data_39.csv,onset_leak,39_63_86,24,63,86,37800,51600,0,0.0037129743,0
train,39,data_39.csv,onset_leak,39_64_87,24,64,87,38400,52200,0,0.0050805095,0
train,39,data_39.csv,onset_leak,39_65_88,24,65,88,39000,52800,0,0.018797815,0
train,39,data_39.csv,onset_leak,39_66_89,24,66,89,39600,53400,0,0.086382374,0
train,39,data_39.csv,onset_leak,39_67_90,24,67,90,40200,54000,0,0.10500919,0
train,39,data_39.csv,onset_leak,39_68_91,24,68,91,40800,54600,0,0.0687843,0
train,39,data_39.csv,onset_leak,39_69_92,24,69,92,41400,55200,0,0.14516336,0
train,39,data_39.csv,onset_leak,39_70_93,24,70,93,42000,55800,0,0.21444061,0
train,39,data_39.csv,onset_leak,39_71_94,24,71,94,42600,56400,0,0.2765929,0
train,39,data_39.csv,onset_leak,39_72_95,24,72,95,43200,57000,0,0.26083493,0
train,39,data_39.csv,onset_leak,39_73_96,24,73,96,43800,57600,0,0.24153464,0
train,39,data_39.csv,onset_leak,39_74_97,24,74,97,44400,58200,0,0.20874524,0
train,39,data_39.csv,onset_leak,39_75_98,24,75,98,45000,58800,0,0.20698777,0
train,39,data_39.csv,onset_leak,39_76_99,24,76,99,45600,59400,0,0.2267704,0
train,39,data_39.csv,onset_leak,39_77_100,24,77,100,46200,60000,0,0.31846872,0
train,39,data_39.csv,onset_leak,39_78_101,24,78,101,46800,60600,0,0.4254208,0
train,39,data_39.csv,onset_leak,39_79_102,24,79,102,47400,61200,0,0.49796447,0
train,39,data_39.csv,onset_leak,39_80_103,24,80,103,48000,61800,0,0.572376,0
train,39,data_39.csv,onset_leak,39_81_104,24,81,104,48600,62400,0,0.64598227,0
train,39,data_39.csv,onset_leak,39_82_105,24,82,105,49200,63000,0,0.73545426,0
train,39,data_39.csv,onset_leak,39_83_106,24,83,106,49800,63600,0,0.77937764,1
train,39,data_39.csv,onset_leak,39_84_107,24,84,107,50400,64200,0,0.7241158,0
train,39,data_39.csv,onset_leak,39_85_108,24,85,108,51000,64800,0,0.6779499,0
train,39,data_39.csv,onset_leak,39_86_109,24,86,109,51600,65400,0,0.5506038,0
train,39,data_39.csv,onset_leak,39_87_110,24,87,110,52200,66000,0,0.46580666,0
train,39,data_39.csv,onset_leak,39_88_111,24,88,111,52800,66600,0,0.4134237,0
train,39,data_39.csv,onset_leak,39_89_112,24,89,112,53400,67200,0,0.3462542,0
train,39,data_39.csv,onset_leak,39_90_113,24,90,113,54000,67800,0,0.22300951,0
train,39,data_39.csv,onset_leak,39_91_114,24,91,114,54600,68400,0,0.09051515,0
train,39,data_39.csv,onset_leak,39_92_115,24,92,115,55200,69000,0,0.047333337,0
train,39,data_39.csv,onset_leak,39_93_116,24,93,116,55800,69600,0,0.028414175,0
train,39,data_39.csv,onset_leak,39_94_117,24,94,117,56400,70200,0,0.025565242,0
train,39,data_39.csv,onset_leak,39_95_118,24,95,118,57000,70800,0,0.020594658,0
train,39,data_39.csv,onset_leak,39_96_119,24,96,119,57600,71400,0,0.018195087,0
train,39,data_39.csv,onset_leak,39_97_120,24,97,120,58200,72000,0,0.008757888,0
train,39,data_39.csv,onset_leak,39_98_121,24,98,121,58800,72600,0,0.0012893289,0
train,39,data_39.csv,onset_leak,39_99_122,24,99,122,59400,73200,0,0.00034101403,0
train,39,data_39.csv,onset_leak,39_100_123,24,100,123,60000,73800,0,0.00017771462,0
train,39,data_39.csv,onset_leak,39_101_124,24,101,124,60600,74400,0,0.00014965492,0
train,39,data_39.csv,onset_leak,39_102_125,24,102,125,61200,75000,0,0.00019699616,0
train,39,data_39.csv,onset_leak,39_103_126,24,103,126,61800,75600,0,0.000228285,0
train,39,data_39.csv,onset_leak,39_104_127,24,104,127,62400,76200,0,2.3841108e-06,0
train,39,data_39.csv,onset_leak,39_105_128,24,105,128,63000,76800,0,5.2932535e-07,0
train,39,data_39.csv,onset_leak,39_106_129,24,106,129,63600,77400,0,2.3796852e-07,0
train,39,data_39.csv,onset_leak,39_107_130,24,107,130,64200,78000,0,2.3951836e-07,0
train,39,data_39.csv,onset_leak,39_108_131,24,108,131,64800,78600,0,5.4850074e-07,0
train,39,data_39.csv,onset_leak,39_109_132,24,109,132,65400,79200,0,6.651547e-07,0
train,39,data_39.csv,onset_leak,39_110_133,24,110,133,66000,79800,0,8.33793e-08,0
train,39,data_39.csv,onset_leak,39_111_134,24,111,134,66600,80400,0,5.3907808e-08,0
train,39,data_39.csv,onset_leak,39_112_135,24,112,135,67200,81000,0,2.8441466e-08,0
train,39,data_39.csv,onset_leak,39_113_136,24,113,136,67800,81600,0,7.655734e-09,0
train,39,data_39.csv,onset_leak,39_114_137,24,114,137,68400,82200,0,2.9613263e-09,0
train,39,data_39.csv,onset_leak,39_115_138,24,115,138,69000,82800,0,4.6768556e-10,0
train,39,data_39.csv,onset_leak,39_116_139,24,116,139,69600,83400,0,1.2115689e-10,0
train,39,data_39.csv,onset_leak,39_117_140,24,117,140,70200,84000,0,5.9025305e-11,0
train,39,data_39.csv,onset_leak,39_118_141,24,118,141,70800,84600,0,1.037775e-11,0
train,39,data_39.csv,onset_leak,39_119_142,24,119,142,71400,85200,0,8.777844e-13,0
train,39,data_39.csv,onset_leak,39_120_143,24,120,143,72000,85800,0,4.8738855e-14,0
train,39,data_39.csv,onset_leak,39_121_144,24,121,144,72600,86400,0,9.479668e-15,0
train,43,data_43.csv,persistent_leak,43_0_23,24,0,23,0,13800,1,0.8108245,1
train,43,data_43.csv,persistent_leak,43_1_24,24,1,24,600,14400,1,0.8379279,1
train,43,data_43.csv,persistent_leak,43_2_25,24,2,25,1200,15000,1,0.8636666,1
train,43,data_43.csv,persistent_leak,43_3_26,24,3,26,1800,15600,1,0.8521409,1
train,43,data_43.csv,persistent_leak,43_4_27,24,4,27,2400,16200,1,0.8203541,1
train,43,data_43.csv,persistent_leak,43_5_28,24,5,28,3000,16800,1,0.791588,1
train,43,data_43.csv,persistent_leak,43_6_29,24,6,29,3600,17400,1,0.7313304,0
train,43,data_43.csv,persistent_leak,43_7_30,24,7,30,4200,18000,1,0.84562826,1
train,43,data_43.csv,persistent_leak,43_8_31,24,8,31,4800,18600,1,0.8512833,1
train,43,data_43.csv,persistent_leak,43_9_32,24,9,32,5400,19200,1,0.8281266,1
train,43,data_43.csv,persistent_leak,43_10_33,24,10,33,6000,19800,1,0.8009289,1
train,43,data_43.csv,persistent_leak,43_11_34,24,11,34,6600,20400,1,0.7860174,1
train,43,data_43.csv,persistent_leak,43_12_35,24,12,35,7200,21000,1,0.7525837,1
train,43,data_43.csv,persistent_leak,43_13_36,24,13,36,7800,21600,1,0.8862087,1
train,43,data_43.csv,persistent_leak,43_14_37,24,14,37,8400,22200,1,0.8669774,1
train,43,data_43.csv,persistent_leak,43_15_38,24,15,38,9000,22800,1,0.84444714,1
train,43,data_43.csv,persistent_leak,43_16_39,24,16,39,9600,23400,1,0.78937453,1
train,43,data_43.csv,persistent_leak,43_17_40,24,17,40,10200,24000,1,0.76190305,1
train,43,data_43.csv,persistent_leak,43_18_41,24,18,41,10800,24600,1,0.7097785,0
train,43,data_43.csv,persistent_leak,43_19_42,24,19,42,11400,25200,1,0.8323755,1
train,43,data_43.csv,persistent_leak,43_20_43,24,20,43,12000,25800,1,0.77409726,1
train,43,data_43.csv,persistent_leak,43_21_44,24,21,44,12600,26400,1,0.7465624,0
train,43,data_43.csv,persistent_leak,43_22_45,24,22,45,13200,27000,1,0.7242751,0
train,43,data_43.csv,persistent_leak,43_23_46,24,23,46,13800,27600,1,0.6544388,0
train,43,data_43.csv,persistent_leak,43_24_47,24,24,47,14400,28200,1,0.56285256,0
train,43,data_43.csv,persistent_leak,43_25_48,24,25,48,15000,28800,1,0.6769945,0
train,43,data_43.csv,persistent_leak,43_26_49,24,26,49,15600,29400,1,0.6501642,0
train,43,data_43.csv,persistent_leak,43_27_50,24,27,50,16200,30000,1,0.5744161,0
train,43,data_43.csv,persistent_leak,43_28_51,24,28,51,16800,30600,1,0.5418419,0
train,43,data_43.csv,persistent_leak,43_29_52,24,29,52,17400,31200,1,0.47256058,0
train,43,data_43.csv,persistent_leak,43_30_53,24,30,53,18000,31800,1,0.3586179,0
train,43,data_43.csv,persistent_leak,43_31_54,24,31,54,18600,32400,1,0.8229217,1
train,43,data_43.csv,persistent_leak,43_32_55,24,32,55,19200,33000,1,0.8774891,1
train,43,data_43.csv,persistent_leak,43_33_56,24,33,56,19800,33600,1,0.8653711,1
train,43,data_43.csv,persistent_leak,43_34_57,24,34,57,20400,34200,1,0.8470913,1
train,43,data_43.csv,persistent_leak,43_35_58,24,35,58,21000,34800,1,0.86177903,1
train,43,data_43.csv,persistent_leak,43_36_59,24,36,59,21600,35400,1,0.8582678,1
train,43,data_43.csv,persistent_leak,43_37_60,24,37,60,22200,36000,1,0.9478188,1
train,43,data_43.csv,persistent_leak,43_38_61,24,38,61,22800,36600,1,0.9606186,1
train,43,data_43.csv,persistent_leak,43_39_62,24,39,62,23400,37200,1,0.9549545,1
train,43,data_43.csv,persistent_leak,43_40_63,24,40,63,24000,37800,1,0.9440539,1
train,43,data_43.csv,persistent_leak,43_41_64,24,41,64,24600,38400,1,0.9459449,1
train,43,data_43.csv,persistent_leak,43_42_65,24,42,65,25200,39000,1,0.9365801,1
train,43,data_43.csv,persistent_leak,43_43_66,24,43,66,25800,39600,1,0.96766335,1
train,43,data_43.csv,persistent_leak,43_44_67,24,44,67,26400,40200,1,0.97244644,1
train,43,data_43.csv,persistent_leak,43_45_68,24,45,68,27000,40800,1,0.9660999,1
train,43,data_43.csv,persistent_leak,43_46_69,24,46,69,27600,41400,1,0.957933,1
train,43,data_43.csv,persistent_leak,43_47_70,24,47,70,28200,42000,1,0.96167725,1
train,43,data_43.csv,persistent_leak,43_48_71,24,48,71,28800,42600,1,0.95956266,1
train,43,data_43.csv,persistent_leak,43_49_72,24,49,72,29400,43200,1,0.97462463,1
train,43,data_43.csv,persistent_leak,43_50_73,24,50,73,30000,43800,1,0.97718424,1
train,43,data_43.csv,persistent_leak,43_51_74,24,51,74,30600,44400,1,0.9750303,1
train,43,data_43.csv,persistent_leak,43_52_75,24,52,75,31200,45000,1,0.9720854,1
train,43,data_43.csv,persistent_leak,43_53_76,24,53,76,31800,45600,1,0.9755146,1
train,43,data_43.csv,persistent_leak,43_54_77,24,54,77,32400,46200,1,0.97872144,1
train,43,data_43.csv,persistent_leak,43_55_78,24,55,78,33000,46800,1,0.985809,1
train,43,data_43.csv,persistent_leak,43_56_79,24,56,79,33600,47400,1,0.9870069,1
train,43,data_43.csv,persistent_leak,43_57_80,24,57,80,34200,48000,1,0.9866486,1
train,43,data_43.csv,persistent_leak,43_58_81,24,58,81,34800,48600,1,0.98643494,1
train,43,data_43.csv,persistent_leak,43_59_82,24,59,82,35400,49200,1,0.98810697,1
train,43,data_43.csv,persistent_leak,43_60_83,24,60,83,36000,49800,1,0.98994666,1
train,43,data_43.csv,persistent_leak,43_61_84,24,61,84,36600,50400,1,0.9920536,1
train,43,data_43.csv,persistent_leak,43_62_85,24,62,85,37200,51000,1,0.9924615,1
train,43,data_43.csv,persistent_leak,43_63_86,24,63,86,37800,51600,1,0.9922518,1
train,43,data_43.csv,persistent_leak,43_64_87,24,64,87,38400,52200,1,0.99205524,1
train,43,data_43.csv,persistent_leak,43_65_88,24,65,88,39000,52800,1,0.9926891,1
train,43,data_43.csv,persistent_leak,43_66_89,24,66,89,39600,53400,1,0.99332255,1
train,43,data_43.csv,persistent_leak,43_67_90,24,67,90,40200,54000,1,0.98987913,1
train,43,data_43.csv,persistent_leak,43_68_91,24,68,91,40800,54600,1,0.98783165,1
train,43,data_43.csv,persistent_leak,43_69_92,24,69,92,41400,55200,1,0.9874719,1
train,43,data_43.csv,persistent_leak,43_70_93,24,70,93,42000,55800,1,0.98581505,1
train,43,data_43.csv,persistent_leak,43_71_94,24,71,94,42600,56400,1,0.9864948,1
train,43,data_43.csv,persistent_leak,43_72_95,24,72,95,43200,57000,1,0.98657924,1
train,43,data_43.csv,persistent_leak,43_73_96,24,73,96,43800,57600,1,0.97433233,1
train,43,data_43.csv,persistent_leak,43_74_97,24,74,97,44400,58200,1,0.9729785,1
train,43,data_43.csv,persistent_leak,43_75_98,24,75,98,45000,58800,1,0.9832585,1
train,43,data_43.csv,persistent_leak,43_76_99,24,76,99,45600,59400,1,0.986665,1
train,43,data_43.csv,persistent_leak,43_77_100,24,77,100,46200,60000,1,0.99027026,1
train,43,data_43.csv,persistent_leak,43_78_101,24,78,101,46800,60600,1,0.9930298,1
train,43,data_43.csv,persistent_leak,43_79_102,24,79,102,47400,61200,1,0.99424535,1
train,43,data_43.csv,persistent_leak,43_80_103,24,80,103,48000,61800,1,0.99406886,1
train,43,data_43.csv,persistent_leak,43_81_104,24,81,104,48600,62400,1,0.99596536,1
train,43,data_43.csv,persistent_leak,43_82_105,24,82,105,49200,63000,1,0.9965933,1
train,43,data_43.csv,persistent_leak,43_83_106,24,83,106,49800,63600,1,0.9974962,1
train,43,data_43.csv,persistent_leak,43_84_107,24,84,107,50400,64200,1,0.99770844,1
train,43,data_43.csv,persistent_leak,43_85_108,24,85,108,51000,64800,1,0.9974732,1
train,43,data_43.csv,persistent_leak,43_86_109,24,86,109,51600,65400,1,0.99678934,1
train,43,data_43.csv,persistent_leak,43_87_110,24,87,110,52200,66000,1,0.9962598,1
train,43,data_43.csv,persistent_leak,43_88_111,24,88,111,52800,66600,1,0.9963482,1
train,43,data_43.csv,persistent_leak,43_89_112,24,89,112,53400,67200,1,0.99559313,1
train,43,data_43.csv,persistent_leak,43_90_113,24,90,113,54000,67800,1,0.9939721,1
train,43,data_43.csv,persistent_leak,43_91_114,24,91,114,54600,68400,1,0.99217844,1
train,43,data_43.csv,persistent_leak,43_92_115,24,92,115,55200,69000,1,0.9894566,1
train,43,data_43.csv,persistent_leak,43_93_116,24,93,116,55800,69600,1,0.98311645,1
train,43,data_43.csv,persistent_leak,43_94_117,24,94,117,56400,70200,1,0.9791196,1
train,43,data_43.csv,persistent_leak,43_95_118,24,95,118,57000,70800,1,0.9633626,1
train,43,data_43.csv,persistent_leak,43_96_119,24,96,119,57600,71400,1,0.91821116,1
train,43,data_43.csv,persistent_leak,43_97_120,24,97,120,58200,72000,1,0.9079214,1
train,43,data_43.csv,persistent_leak,43_98_121,24,98,121,58800,72600,1,0.9131918,1
train,43,data_43.csv,persistent_leak,43_99_122,24,99,122,59400,73200,1,0.90523577,1
train,43,data_43.csv,persistent_leak,43_100_123,24,100,123,60000,73800,1,0.9026225,1
train,43,data_43.csv,persistent_leak,43_101_124,24,101,124,60600,74400,1,0.8921315,1
train,43,data_43.csv,persistent_leak,43_102_125,24,102,125,61200,75000,1,0.8561098,1
train,43,data_43.csv,persistent_leak,43_103_126,24,103,126,61800,75600,1,0.81925416,1
train,43,data_43.csv,persistent_leak,43_104_127,24,104,127,62400,76200,1,0.8012407,1
train,43,data_43.csv,persistent_leak,43_105_128,24,105,128,63000,76800,1,0.7997677,1
train,43,data_43.csv,persistent_leak,43_106_129,24,106,129,63600,77400,1,0.7850748,1
train,43,data_43.csv,persistent_leak,43_107_130,24,107,130,64200,78000,1,0.79120696,1
train,43,data_43.csv,persistent_leak,43_108_131,24,108,131,64800,78600,1,0.7885547,1
train,43,data_43.csv,persistent_leak,43_109_132,24,109,132,65400,79200,1,0.6467044,0
train,43,data_43.csv,persistent_leak,43_110_133,24,110,133,66000,79800,1,0.5900965,0
train,43,data_43.csv,persistent_leak,43_111_134,24,111,134,66600,80400,1,0.7076787,0
train,43,data_43.csv,persistent_leak,43_112_135,24,112,135,67200,81000,1,0.75945324,1
train,43,data_43.csv,persistent_leak,43_113_136,24,113,136,67800,81600,1,0.8307597,1
train,43,data_43.csv,persistent_leak,43_114_137,24,114,137,68400,82200,1,0.87818074,1
train,43,data_43.csv,persistent_leak,43_115_138,24,115,138,69000,82800,1,0.88796014,1
train,43,data_43.csv,persistent_leak,43_116_139,24,116,139,69600,83400,1,0.720948,0
train,43,data_43.csv,persistent_leak,43_117_140,24,117,140,70200,84000,1,0.71732384,0
train,43,data_43.csv,persistent_leak,43_118_141,24,118,141,70800,84600,1,0.6943093,0
train,43,data_43.csv,persistent_leak,43_119_142,24,119,142,71400,85200,1,0.8158563,1
train,43,data_43.csv,persistent_leak,43_120_143,24,120,143,72000,85800,1,0.85071206,1
train,43,data_43.csv,persistent_leak,43_121_144,24,121,144,72600,86400,1,0.8954805,1
train,44,data_44.csv,persistent_leak,44_0_23,24,0,23,0,13800,1,0.8063118,1
train,44,data_44.csv,persistent_leak,44_1_24,24,1,24,600,14400,1,0.82928014,1
train,44,data_44.csv,persistent_leak,44_2_25,24,2,25,1200,15000,1,0.8487784,1
train,44,data_44.csv,persistent_leak,44_3_26,24,3,26,1800,15600,1,0.8806751,1
train,44,data_44.csv,persistent_leak,44_4_27,24,4,27,2400,16200,1,0.8956598,1
train,44,data_44.csv,persistent_leak,44_5_28,24,5,28,3000,16800,1,0.91011584,1
train,44,data_44.csv,persistent_leak,44_6_29,24,6,29,3600,17400,1,0.9181241,1
train,44,data_44.csv,persistent_leak,44_7_30,24,7,30,4200,18000,1,0.9291335,1
train,44,data_44.csv,persistent_leak,44_8_31,24,8,31,4800,18600,1,0.9445585,1
train,44,data_44.csv,persistent_leak,44_9_32,24,9,32,5400,19200,1,0.9537364,1
train,44,data_44.csv,persistent_leak,44_10_33,24,10,33,6000,19800,1,0.956779,1
train,44,data_44.csv,persistent_leak,44_11_34,24,11,34,6600,20400,1,0.9556187,1
train,44,data_44.csv,persistent_leak,44_12_35,24,12,35,7200,21000,1,0.94823015,1
train,44,data_44.csv,persistent_leak,44_13_36,24,13,36,7800,21600,1,0.9532702,1
train,44,data_44.csv,persistent_leak,44_14_37,24,14,37,8400,22200,1,0.9545125,1
train,44,data_44.csv,persistent_leak,44_15_38,24,15,38,9000,22800,1,0.9506646,1
train,44,data_44.csv,persistent_leak,44_16_39,24,16,39,9600,23400,1,0.93450123,1
train,44,data_44.csv,persistent_leak,44_17_40,24,17,40,10200,24000,1,0.9192063,1
train,44,data_44.csv,persistent_leak,44_18_41,24,18,41,10800,24600,1,0.9004519,1
train,44,data_44.csv,persistent_leak,44_19_42,24,19,42,11400,25200,1,0.92628366,1
train,44,data_44.csv,persistent_leak,44_20_43,24,20,43,12000,25800,1,0.9233011,1
train,44,data_44.csv,persistent_leak,44_21_44,24,21,44,12600,26400,1,0.90218645,1
train,44,data_44.csv,persistent_leak,44_22_45,24,22,45,13200,27000,1,0.87673247,1
train,44,data_44.csv,persistent_leak,44_23_46,24,23,46,13800,27600,1,0.84891963,1
train,44,data_44.csv,persistent_leak,44_24_47,24,24,47,14400,28200,1,0.7919713,1
train,44,data_44.csv,persistent_leak,44_25_48,24,25,48,15000,28800,1,0.8571773,1
train,44,data_44.csv,persistent_leak,44_26_49,24,26,49,15600,29400,1,0.84132177,1
train,44,data_44.csv,persistent_leak,44_27_50,24,27,50,16200,30000,1,0.81492525,1
train,44,data_44.csv,persistent_leak,44_28_51,24,28,51,16800,30600,1,0.7929172,1
train,44,data_44.csv,persistent_leak,44_29_52,24,29,52,17400,31200,1,0.75449336,1
train,44,data_44.csv,persistent_leak,44_30_53,24,30,53,18000,31800,1,0.7121015,0
train,44,data_44.csv,persistent_leak,44_31_54,24,31,54,18600,32400,1,0.85428506,1
train,44,data_44.csv,persistent_leak,44_32_55,24,32,55,19200,33000,1,0.8816648,1
train,44,data_44.csv,persistent_leak,44_33_56,24,33,56,19800,33600,1,0.8665605,1
train,44,data_44.csv,persistent_leak,44_34_57,24,34,57,20400,34200,1,0.8465807,1
train,44,data_44.csv,persistent_leak,44_35_58,24,35,58,21000,34800,1,0.84087354,1
train,44,data_44.csv,persistent_leak,44_36_59,24,36,59,21600,35400,1,0.8041544,1
train,44,data_44.csv,persistent_leak,44_37_60,24,37,60,22200,36000,1,0.9539844,1
train,44,data_44.csv,persistent_leak,44_38_61,24,38,61,22800,36600,1,0.963221,1
train,44,data_44.csv,persistent_leak,44_39_62,24,39,62,23400,37200,1,0.9553395,1
train,44,data_44.csv,persistent_leak,44_40_63,24,40,63,24000,37800,1,0.9596575,1
train,44,data_44.csv,persistent_leak,44_41_64,24,41,64,24600,38400,1,0.9741168,1
train,44,data_44.csv,persistent_leak,44_42_65,24,42,65,25200,39000,1,0.9760873,1
train,44,data_44.csv,persistent_leak,44_43_66,24,43,66,25800,39600,1,0.99264115,1
train,44,data_44.csv,persistent_leak,44_44_67,24,44,67,26400,40200,1,0.99200517,1
train,44,data_44.csv,persistent_leak,44_45_68,24,45,68,27000,40800,1,0.9902852,1
train,44,data_44.csv,persistent_leak,44_46_69,24,46,69,27600,41400,1,0.9876979,1
train,44,data_44.csv,persistent_leak,44_47_70,24,47,70,28200,42000,1,0.98794323,1
train,44,data_44.csv,persistent_leak,44_48_71,24,48,71,28800,42600,1,0.9822245,1
train,44,data_44.csv,persistent_leak,44_49_72,24,49,72,29400,43200,1,0.98082125,1
train,44,data_44.csv,persistent_leak,44_50_73,24,50,73,30000,43800,1,0.9749451,1
train,44,data_44.csv,persistent_leak,44_51_74,24,51,74,30600,44400,1,0.9711547,1
train,44,data_44.csv,persistent_leak,44_52_75,24,52,75,31200,45000,1,0.9614522,1
train,44,data_44.csv,persistent_leak,44_53_76,24,53,76,31800,45600,1,0.95961696,1
train,44,data_44.csv,persistent_leak,44_54_77,24,54,77,32400,46200,1,0.95711845,1
train,44,data_44.csv,persistent_leak,44_55_78,24,55,78,33000,46800,1,0.9620375,1
train,44,data_44.csv,persistent_leak,44_56_79,24,56,79,33600,47400,1,0.95681643,1
train,44,data_44.csv,persistent_leak,44_57_80,24,57,80,34200,48000,1,0.9478016,1
train,44,data_44.csv,persistent_leak,44_58_81,24,58,81,34800,48600,1,0.9409176,1
train,44,data_44.csv,persistent_leak,44_59_82,24,59,82,35400,49200,1,0.9449389,1
train,44,data_44.csv,persistent_leak,44_60_83,24,60,83,36000,49800,1,0.9609923,1
train,44,data_44.csv,persistent_leak,44_61_84,24,61,84,36600,50400,1,0.9629381,1
train,44,data_44.csv,persistent_leak,44_62_85,24,62,85,37200,51000,1,0.96298814,1
train,44,data_44.csv,persistent_leak,44_63_86,24,63,86,37800,51600,1,0.95873994,1
train,44,data_44.csv,persistent_leak,44_64_87,24,64,87,38400,52200,1,0.95909965,1
train,44,data_44.csv,persistent_leak,44_65_88,24,65,88,39000,52800,1,0.96136814,1
train,44,data_44.csv,persistent_leak,44_66_89,24,66,89,39600,53400,1,0.9693298,1
train,44,data_44.csv,persistent_leak,44_67_90,24,67,90,40200,54000,1,0.9699485,1
train,44,data_44.csv,persistent_leak,44_68_91,24,68,91,40800,54600,1,0.9704878,1
train,44,data_44.csv,persistent_leak,44_69_92,24,69,92,41400,55200,1,0.9706021,1
train,44,data_44.csv,persistent_leak,44_70_93,24,70,93,42000,55800,1,0.9714267,1
train,44,data_44.csv,persistent_leak,44_71_94,24,71,94,42600,56400,1,0.97191656,1
train,44,data_44.csv,persistent_leak,44_72_95,24,72,95,43200,57000,1,0.97302884,1
train,44,data_44.csv,persistent_leak,44_73_96,24,73,96,43800,57600,1,0.97397953,1
train,44,data_44.csv,persistent_leak,44_74_97,24,74,97,44400,58200,1,0.97442937,1
train,44,data_44.csv,persistent_leak,44_75_98,24,75,98,45000,58800,1,0.9739959,1
train,44,data_44.csv,persistent_leak,44_76_99,24,76,99,45600,59400,1,0.9740552,1
train,44,data_44.csv,persistent_leak,44_77_100,24,77,100,46200,60000,1,0.97368085,1
train,44,data_44.csv,persistent_leak,44_78_101,24,78,101,46800,60600,1,0.9737289,1
train,44,data_44.csv,persistent_leak,44_79_102,24,79,102,47400,61200,1,0.97896934,1
train,44,data_44.csv,persistent_leak,44_80_103,24,80,103,48000,61800,1,0.9815201,1
train,44,data_44.csv,persistent_leak,44_81_104,24,81,104,48600,62400,1,0.98081183,1
train,44,data_44.csv,persistent_leak,44_82_105,24,82,105,49200,63000,1,0.9819027,1
train,44,data_44.csv,persistent_leak,44_83_106,24,83,106,49800,63600,1,0.9818495,1
train,44,data_44.csv,persistent_leak,44_84_107,24,84,107,50400,64200,1,0.9821555,1
train,44,data_44.csv,persistent_leak,44_85_108,24,85,108,51000,64800,1,0.9857368,1
train,44,data_44.csv,persistent_leak,44_86_109,24,86,109,51600,65400,1,0.9871393,1
train,44,data_44.csv,persistent_leak,44_87_110,24,87,110,52200,66000,1,0.98652434,1
train,44,data_44.csv,persistent_leak,44_88_111,24,88,111,52800,66600,1,0.98698807,1
train,44,data_44.csv,persistent_leak,44_89_112,24,89,112,53400,67200,1,0.9871027,1
train,44,data_44.csv,persistent_leak,44_90_113,24,90,113,54000,67800,1,0.9869156,1
train,44,data_44.csv,persistent_leak,44_91_114,24,91,114,54600,68400,1,0.9678348,1
train,44,data_44.csv,persistent_leak,44_92_115,24,92,115,55200,69000,1,0.94978756,1
train,44,data_44.csv,persistent_leak,44_93_116,24,93,116,55800,69600,1,0.9525514,1
train,44,data_44.csv,persistent_leak,44_94_117,24,94,117,56400,70200,1,0.94497466,1
train,44,data_44.csv,persistent_leak,44_95_118,24,95,118,57000,70800,1,0.94905597,1
train,44,data_44.csv,persistent_leak,44_96_119,24,96,119,57600,71400,1,0.9484939,1
train,44,data_44.csv,persistent_leak,44_97_120,24,97,120,58200,72000,1,0.94441056,1
train,44,data_44.csv,persistent_leak,44_98_121,24,98,121,58800,72600,1,0.9454487,1
train,44,data_44.csv,persistent_leak,44_99_122,24,99,122,59400,73200,1,0.97370005,1
train,44,data_44.csv,persistent_leak,44_100_123,24,100,123,60000,73800,1,0.98027784,1
train,44,data_44.csv,persistent_leak,44_101_124,24,101,124,60600,74400,1,0.98865664,1
train,44,data_44.csv,persistent_leak,44_102_125,24,102,125,61200,75000,1,0.9917544,1
train,44,data_44.csv,persistent_leak,44_103_126,24,103,126,61800,75600,1,0.99372476,1
train,44,data_44.csv,persistent_leak,44_104_127,24,104,127,62400,76200,1,0.993075,1
train,44,data_44.csv,persistent_leak,44_105_128,24,105,128,63000,76800,1,0.9945651,1
train,44,data_44.csv,persistent_leak,44_106_129,24,106,129,63600,77400,1,0.99567103,1
train,44,data_44.csv,persistent_leak,44_107_130,24,107,130,64200,78000,1,0.9971095,1
train,44,data_44.csv,persistent_leak,44_108_131,24,108,131,64800,78600,1,0.99731964,1
train,44,data_44.csv,persistent_leak,44_109_132,24,109,132,65400,79200,1,0.9961125,1
train,44,data_44.csv,persistent_leak,44_110_133,24,110,133,66000,79800,1,0.9929783,1
train,44,data_44.csv,persistent_leak,44_111_134,24,111,134,66600,80400,1,0.99016225,1
train,44,data_44.csv,persistent_leak,44_112_135,24,112,135,67200,81000,1,0.9901439,1
train,44,data_44.csv,persistent_leak,44_113_136,24,113,136,67800,81600,1,0.9840835,1
train,44,data_44.csv,persistent_leak,44_114_137,24,114,137,68400,82200,1,0.9731268,1
train,44,data_44.csv,persistent_leak,44_115_138,24,115,138,69000,82800,1,0.9587285,1
train,44,data_44.csv,persistent_leak,44_116_139,24,116,139,69600,83400,1,0.9431452,1
train,44,data_44.csv,persistent_leak,44_117_140,24,117,140,70200,84000,1,0.930674,1
train,44,data_44.csv,persistent_leak,44_118_141,24,118,141,70800,84600,1,0.91856223,1
train,44,data_44.csv,persistent_leak,44_119_142,24,119,142,71400,85200,1,0.8499723,1
train,44,data_44.csv,persistent_leak,44_120_143,24,120,143,72000,85800,1,0.58602923,0
train,44,data_44.csv,persistent_leak,44_121_144,24,121,144,72600,86400,1,0.59541106,0
train,45,data_45.csv,persistent_leak,45_0_23,24,0,23,0,13800,1,0.87453544,1
train,45,data_45.csv,persistent_leak,45_1_24,24,1,24,600,14400,1,0.8945467,1
train,45,data_45.csv,persistent_leak,45_2_25,24,2,25,1200,15000,1,0.9357677,1
train,45,data_45.csv,persistent_leak,45_3_26,24,3,26,1800,15600,1,0.93396753,1
train,45,data_45.csv,persistent_leak,45_4_27,24,4,27,2400,16200,1,0.90347964,1
train,45,data_45.csv,persistent_leak,45_5_28,24,5,28,3000,16800,1,0.88165927,1
train,45,data_45.csv,persistent_leak,45_6_29,24,6,29,3600,17400,1,0.78400534,1
train,45,data_45.csv,persistent_leak,45_7_30,24,7,30,4200,18000,1,0.88063514,1
train,45,data_45.csv,persistent_leak,45_8_31,24,8,31,4800,18600,1,0.84690857,1
train,45,data_45.csv,persistent_leak,45_9_32,24,9,32,5400,19200,1,0.8087228,1
train,45,data_45.csv,persistent_leak,45_10_33,24,10,33,6000,19800,1,0.65898836,0
train,45,data_45.csv,persistent_leak,45_11_34,24,11,34,6600,20400,1,0.65363866,0
train,45,data_45.csv,persistent_leak,45_12_35,24,12,35,7200,21000,1,0.58940744,0
train,45,data_45.csv,persistent_leak,45_13_36,24,13,36,7800,21600,1,0.7417536,0
train,45,data_45.csv,persistent_leak,45_14_37,24,14,37,8400,22200,1,0.6065511,0
train,45,data_45.csv,persistent_leak,45_15_38,24,15,38,9000,22800,1,0.5742737,0
train,45,data_45.csv,persistent_leak,45_16_39,24,16,39,9600,23400,1,0.51473725,0
train,45,data_45.csv,persistent_leak,45_17_40,24,17,40,10200,24000,1,0.40141746,0
train,45,data_45.csv,persistent_leak,45_18_41,24,18,41,10800,24600,1,0.27428824,0
train,45,data_45.csv,persistent_leak,45_19_42,24,19,42,11400,25200,1,0.6129465,0
train,45,data_45.csv,persistent_leak,45_20_43,24,20,43,12000,25800,1,0.6538752,0
train,45,data_45.csv,persistent_leak,45_21_44,24,21,44,12600,26400,1,0.571947,0
train,45,data_45.csv,persistent_leak,45_22_45,24,22,45,13200,27000,1,0.561085,0
train,45,data_45.csv,persistent_leak,45_23_46,24,23,46,13800,27600,1,0.48269033,0
train,45,data_45.csv,persistent_leak,45_24_47,24,24,47,14400,28200,1,0.43160406,0
train,45,data_45.csv,persistent_leak,45_25_48,24,25,48,15000,28800,1,0.84133667,1
train,45,data_45.csv,persistent_leak,45_26_49,24,26,49,15600,29400,1,0.86640835,1
train,45,data_45.csv,persistent_leak,45_27_50,24,27,50,16200,30000,1,0.8521712,1
train,45,data_45.csv,persistent_leak,45_28_51,24,28,51,16800,30600,1,0.8272099,1
train,45,data_45.csv,persistent_leak,45_29_52,24,29,52,17400,31200,1,0.8543316,1
train,45,data_45.csv,persistent_leak,45_30_53,24,30,53,18000,31800,1,0.85216194,1
train,45,data_45.csv,persistent_leak,45_31_54,24,31,54,18600,32400,1,0.7379015,0
train,45,data_45.csv,persistent_leak,45_32_55,24,32,55,19200,33000,1,0.6026272,0
train,45,data_45.csv,persistent_leak,45_33_56,24,33,56,19800,33600,1,0.52767676,0
train,45,data_45.csv,persistent_leak,45_34_57,24,34,57,20400,34200,1,0.47221678,0
train,45,data_45.csv,persistent_leak,45_35_58,24,35,58,21000,34800,1,0.46899375,0
train,45,data_45.csv,persistent_leak,45_36_59,24,36,59,21600,35400,1,0.4168577,0
train,45,data_45.csv,persistent_leak,45_37_60,24,37,60,22200,36000,1,0.523441,0
train,45,data_45.csv,persistent_leak,45_38_61,24,38,61,22800,36600,1,0.5438894,0
train,45,data_45.csv,persistent_leak,45_39_62,24,39,62,23400,37200,1,0.51213104,0
train,45,data_45.csv,persistent_leak,45_40_63,24,40,63,24000,37800,1,0.508865,0
train,45,data_45.csv,persistent_leak,45_41_64,24,41,64,24600,38400,1,0.5271934,0
train,45,data_45.csv,persistent_leak,45_42_65,24,42,65,25200,39000,1,0.5926178,0
train,45,data_45.csv,persistent_leak,45_43_66,24,43,66,25800,39600,1,0.74207413,0
train,45,data_45.csv,persistent_leak,45_44_67,24,44,67,26400,40200,1,0.79890454,1
train,45,data_45.csv,persistent_leak,45_45_68,24,45,68,27000,40800,1,0.7747781,1
train,45,data_45.csv,persistent_leak,45_46_69,24,46,69,27600,41400,1,0.79956865,1
train,45,data_45.csv,persistent_leak,45_47_70,24,47,70,28200,42000,1,0.828559,1
train,45,data_45.csv,persistent_leak,45_48_71,24,48,71,28800,42600,1,0.8908308,1
train,45,data_45.csv,persistent_leak,45_49_72,24,49,72,29400,43200,1,0.90929675,1
train,45,data_45.csv,persistent_leak,45_50_73,24,50,73,30000,43800,1,0.9091708,1
train,45,data_45.csv,persistent_leak,45_51_74,24,51,74,30600,44400,1,0.9057188,1
train,45,data_45.csv,persistent_leak,45_52_75,24,52,75,31200,45000,1,0.9020194,1
train,45,data_45.csv,persistent_leak,45_53_76,24,53,76,31800,45600,1,0.90461844,1
train,45,data_45.csv,persistent_leak,45_54_77,24,54,77,32400,46200,1,0.88283265,1
train,45,data_45.csv,persistent_leak,45_55_78,24,55,78,33000,46800,1,0.84317565,1
train,45,data_45.csv,persistent_leak,45_56_79,24,56,79,33600,47400,1,0.8198405,1
train,45,data_45.csv,persistent_leak,45_57_80,24,57,80,34200,48000,1,0.8127102,1
train,45,data_45.csv,persistent_leak,45_58_81,24,58,81,34800,48600,1,0.7957331,1
train,45,data_45.csv,persistent_leak,45_59_82,24,59,82,35400,49200,1,0.8032042,1
train,45,data_45.csv,persistent_leak,45_60_83,24,60,83,36000,49800,1,0.795465,1
train,45,data_45.csv,persistent_leak,45_61_84,24,61,84,36600,50400,1,0.614358,0
train,45,data_45.csv,persistent_leak,45_62_85,24,62,85,37200,51000,1,0.4945887,0
train,45,data_45.csv,persistent_leak,45_63_86,24,63,86,37800,51600,1,0.60668314,0
train,45,data_45.csv,persistent_leak,45_64_87,24,64,87,38400,52200,1,0.64610595,0
train,45,data_45.csv,persistent_leak,45_65_88,24,65,88,39000,52800,1,0.80522066,1
train,45,data_45.csv,persistent_leak,45_66_89,24,66,89,39600,53400,1,0.8946709,1
train,45,data_45.csv,persistent_leak,45_67_90,24,67,90,40200,54000,1,0.91865,1
train,45,data_45.csv,persistent_leak,45_68_91,24,68,91,40800,54600,1,0.91505355,1
train,45,data_45.csv,persistent_leak,45_69_92,24,69,92,41400,55200,1,0.940287,1
train,45,data_45.csv,persistent_leak,45_70_93,24,70,93,42000,55800,1,0.95314866,1
train,45,data_45.csv,persistent_leak,45_71_94,24,71,94,42600,56400,1,0.9708585,1
train,45,data_45.csv,persistent_leak,45_72_95,24,72,95,43200,57000,1,0.9783985,1
train,45,data_45.csv,persistent_leak,45_73_96,24,73,96,43800,57600,1,0.97792494,1
train,45,data_45.csv,persistent_leak,45_74_97,24,74,97,44400,58200,1,0.9684411,1
train,45,data_45.csv,persistent_leak,45_75_98,24,75,98,45000,58800,1,0.96622866,1
train,45,data_45.csv,persistent_leak,45_76_99,24,76,99,45600,59400,1,0.96976984,1
train,45,data_45.csv,persistent_leak,45_77_100,24,77,100,46200,60000,1,0.9654307,1
train,45,data_45.csv,persistent_leak,45_78_101,24,78,101,46800,60600,1,0.95171446,1
train,45,data_45.csv,persistent_leak,45_79_102,24,79,102,47400,61200,1,0.9232066,1
train,45,data_45.csv,persistent_leak,45_80_103,24,80,103,48000,61800,1,0.89279413,1
train,45,data_45.csv,persistent_leak,45_81_104,24,81,104,48600,62400,1,0.83915585,1
train,45,data_45.csv,persistent_leak,45_82_105,24,82,105,49200,63000,1,0.8280546,1
train,45,data_45.csv,persistent_leak,45_83_106,24,83,106,49800,63600,1,0.7334911,0
train,45,data_45.csv,persistent_leak,45_84_107,24,84,107,50400,64200,1,0.53713477,0
train,45,data_45.csv,persistent_leak,45_85_108,24,85,108,51000,64800,1,0.60443234,0
train,45,data_45.csv,persistent_leak,45_86_109,24,86,109,51600,65400,1,0.6538045,0
train,45,data_45.csv,persistent_leak,45_87_110,24,87,110,52200,66000,1,0.6149827,0
train,45,data_45.csv,persistent_leak,45_88_111,24,88,111,52800,66600,1,0.68778306,0
train,45,data_45.csv,persistent_leak,45_89_112,24,89,112,53400,67200,1,0.67642134,0
train,45,data_45.csv,persistent_leak,45_90_113,24,90,113,54000,67800,1,0.6161214,0
train,45,data_45.csv,persistent_leak,45_91_114,24,91,114,54600,68400,1,0.71757215,0
train,45,data_45.csv,persistent_leak,45_92_115,24,92,115,55200,69000,1,0.6925,0
train,45,data_45.csv,persistent_leak,45_93_116,24,93,116,55800,69600,1,0.6653681,0
train,45,data_45.csv,persistent_leak,45_94_117,24,94,117,56400,70200,1,0.68225616,0
train,45,data_45.csv,persistent_leak,45_95_118,24,95,118,57000,70800,1,0.6840733,0
train,45,data_45.csv,persistent_leak,45_96_119,24,96,119,57600,71400,1,0.6042471,0
train,45,data_45.csv,persistent_leak,45_97_120,24,97,120,58200,72000,1,0.57450664,0
train,45,data_45.csv,persistent_leak,45_98_121,24,98,121,58800,72600,1,0.545601,0
train,45,data_45.csv,persistent_leak,45_99_122,24,99,122,59400,73200,1,0.46455336,0
train,45,data_45.csv,persistent_leak,45_100_123,24,100,123,60000,73800,1,0.40979838,0
train,45,data_45.csv,persistent_leak,45_101_124,24,101,124,60600,74400,1,0.37564155,0
train,45,data_45.csv,persistent_leak,45_102_125,24,102,125,61200,75000,1,0.285006,0
train,45,data_45.csv,persistent_leak,45_103_126,24,103,126,61800,75600,1,0.4220932,0
train,45,data_45.csv,persistent_leak,45_104_127,24,104,127,62400,76200,1,0.45889682,0
train,45,data_45.csv,persistent_leak,45_105_128,24,105,128,63000,76800,1,0.42946818,0
train,45,data_45.csv,persistent_leak,45_106_129,24,106,129,63600,77400,1,0.43294084,0
train,45,data_45.csv,persistent_leak,45_107_130,24,107,130,64200,78000,1,0.44940373,0
train,45,data_45.csv,persistent_leak,45_108_131,24,108,131,64800,78600,1,0.5142293,0
train,45,data_45.csv,persistent_leak,45_109_132,24,109,132,65400,79200,1,0.38008168,0
train,45,data_45.csv,persistent_leak,45_110_133,24,110,133,66000,79800,1,0.20465349,0
train,45,data_45.csv,persistent_leak,45_111_134,24,111,134,66600,80400,1,0.21214738,0
train,45,data_45.csv,persistent_leak,45_112_135,24,112,135,67200,81000,1,0.20391445,0
train,45,data_45.csv,persistent_leak,45_113_136,24,113,136,67800,81600,1,0.33246255,0
train,45,data_45.csv,persistent_leak,45_114_137,24,114,137,68400,82200,1,0.4706319,0
train,45,data_45.csv,persistent_leak,45_115_138,24,115,138,69000,82800,1,0.4348997,0
train,45,data_45.csv,persistent_leak,45_116_139,24,116,139,69600,83400,1,0.2674909,0
train,45,data_45.csv,persistent_leak,45_117_140,24,117,140,70200,84000,1,0.2636651,0
train,45,data_45.csv,persistent_leak,45_118_141,24,118,141,70800,84600,1,0.22145556,0
train,45,data_45.csv,persistent_leak,45_119_142,24,119,142,71400,85200,1,0.3444044,0
train,45,data_45.csv,persistent_leak,45_120_143,24,120,143,72000,85800,1,0.3353799,0
train,45,data_45.csv,persistent_leak,45_121_144,24,121,144,72600,86400,1,0.46021593,0
train,47,data_47.csv,onset_leak,47_0_23,24,0,23,0,13800,0,1.00047335e-22,0
train,47,data_47.csv,onset_leak,47_1_24,24,1,24,600,14400,0,1.45457e-22,0
train,47,data_47.csv,onset_leak,47_2_25,24,2,25,1200,15000,0,2.1823192e-22,0
train,47,data_47.csv,onset_leak,47_3_26,24,3,26,1800,15600,0,2.790888e-22,0
train,47,data_47.csv,onset_leak,47_4_27,24,4,27,2400,16200,0,2.9517484e-22,0
train,47,data_47.csv,onset_leak,47_5_28,24,5,28,3000,16800,0,3.5042585e-22,0
train,47,data_47.csv,onset_leak,47_6_29,24,6,29,3600,17400,0,3.9054226e-22,0
train,47,data_47.csv,onset_leak,47_7_30,24,7,30,4200,18000,0,7.6841666e-22,0
train,47,data_47.csv,onset_leak,47_8_31,24,8,31,4800,18600,0,1.4868341e-21,0
train,47,data_47.csv,onset_leak,47_9_32,24,9,32,5400,19200,0,2.3260472e-21,0
train,47,data_47.csv,onset_leak,47_10_33,24,10,33,6000,19800,0,2.8533593e-21,0
train,47,data_47.csv,onset_leak,47_11_34,24,11,34,6600,20400,0,4.244039e-21,0
train,47,data_47.csv,onset_leak,47_12_35,24,12,35,7200,21000,0,5.90437e-21,0
train,47,data_47.csv,onset_leak,47_13_36,24,13,36,7800,21600,0,1.5460166e-20,0
train,47,data_47.csv,onset_leak,47_14_37,24,14,37,8400,22200,0,3.9947327e-20,0
train,47,data_47.csv,onset_leak,47_15_38,24,15,38,9000,22800,0,7.744117e-20,0
train,47,data_47.csv,onset_leak,47_16_39,24,16,39,9600,23400,0,1.090551e-19,0
train,47,data_47.csv,onset_leak,47_17_40,24,17,40,10200,24000,0,2.0397661e-19,0
train,47,data_47.csv,onset_leak,47_18_41,24,18,41,10800,24600,0,3.6379137e-19,0
train,47,data_47.csv,onset_leak,47_19_42,24,19,42,11400,25200,0,1.1743641e-18,0
train,47,data_47.csv,onset_leak,47_20_43,24,20,43,12000,25800,0,3.4154852e-18,0
train,47,data_47.csv,onset_leak,47_21_44,24,21,44,12600,26400,0,7.284957e-18,0
train,47,data_47.csv,onset_leak,47_22_45,24,22,45,13200,27000,0,1.20163634e-17,0
train,47,data_47.csv,onset_leak,47_23_46,24,23,46,13800,27600,0,2.656992e-17,0
train,47,data_47.csv,onset_leak,47_24_47,24,24,47,14400,28200,0,5.887199e-17,0
train,47,data_47.csv,onset_leak,47_25_48,24,25,48,15000,28800,0,2.4795492e-16,0
train,47,data_47.csv,onset_leak,47_26_49,24,26,49,15600,29400,0,8.14068e-16,0
train,47,data_47.csv,onset_leak,47_27_50,24,27,50,16200,30000,0,1.94712e-15,0
train,47,data_47.csv,onset_leak,47_28_51,24,28,51,16800,30600,0,3.9028153e-15,0
train,47,data_47.csv,onset_leak,47_29_52,24,29,52,17400,31200,0,1.07397815e-14,0
train,47,data_47.csv,onset_leak,47_30_53,24,30,53,18000,31800,0,2.9459674e-14,0
train,47,data_47.csv,onset_leak,47_31_54,24,31,54,18600,32400,0,1.5638672e-13,0
train,47,data_47.csv,onset_leak,47_32_55,24,32,55,19200,33000,0,6.332158e-13,0
train,47,data_47.csv,onset_leak,47_33_56,24,33,56,19800,33600,0,1.847466e-12,0
train,47,data_47.csv,onset_leak,47_34_57,24,34,57,20400,34200,0,4.279981e-12,0
train,47,data_47.csv,onset_leak,47_35_58,24,35,58,21000,34800,0,1.484487e-11,0
train,47,data_47.csv,onset_leak,47_36_59,24,36,59,21600,35400,0,5.3259362e-11,0
train,47,data_47.csv,onset_leak,47_37_60,24,37,60,22200,36000,0,3.4281017e-10,0
train,47,data_47.csv,onset_leak,47_38_61,24,38,61,22800,36600,0,1.5723587e-09,0
train,47,data_47.csv,onset_leak,47_39_62,24,39,62,23400,37200,0,3.667038e-09,0
train,47,data_47.csv,onset_leak,47_40_63,24,40,63,24000,37800,0,8.01155e-09,0
train,47,data_47.csv,onset_leak,47_41_64,24,41,64,24600,38400,0,2.546172e-08,0
train,47,data_47.csv,onset_leak,47_42_65,24,42,65,25200,39000,0,8.048372e-08,0
train,47,data_47.csv,onset_leak,47_43_66,24,43,66,25800,39600,0,5.2777636e-07,0
train,47,data_47.csv,onset_leak,47_44_67,24,44,67,26400,40200,0,9.149704e-07,0
train,47,data_47.csv,onset_leak,47_45_68,24,45,68,27000,40800,0,1.3349987e-06,0
train,47,data_47.csv,onset_leak,47_46_69,24,46,69,27600,41400,0,2.5075542e-06,0
train,47,data_47.csv,onset_leak,47_47_70,24,47,70,28200,42000,0,6.4679516e-06,0
train,47,data_47.csv,onset_leak,47_48_71,24,48,71,28800,42600,0,1.9681016e-05,0
train,47,data_47.csv,onset_leak,47_49_72,24,49,72,29400,43200,1,0.951336,1
train,47,data_47.csv,onset_leak,47_50_73,24,50,73,30000,43800,1,0.99470997,1
train,47,data_47.csv,onset_leak,47_51_74,24,51,74,30600,44400,1,0.98838764,1
train,47,data_47.csv,onset_leak,47_52_75,24,52,75,31200,45000,1,0.9700542,1
train,47,data_47.csv,onset_leak,47_53_76,24,53,76,31800,45600,1,0.98034656,1
train,47,data_47.csv,onset_leak,47_54_77,24,54,77,32400,46200,1,0.9439444,1
train,47,data_47.csv,onset_leak,47_55_78,24,55,78,33000,46800,1,0.9744562,1
train,47,data_47.csv,onset_leak,47_56_79,24,56,79,33600,47400,1,0.90812063,1
train,47,data_47.csv,onset_leak,47_57_80,24,57,80,34200,48000,1,0.9545,1
train,47,data_47.csv,onset_leak,47_58_81,24,58,81,34800,48600,1,0.955439,1
train,47,data_47.csv,onset_leak,47_59_82,24,59,82,35400,49200,1,0.98120695,1
train,47,data_47.csv,onset_leak,47_60_83,24,60,83,36000,49800,1,0.9805675,1
train,47,data_47.csv,onset_leak,47_61_84,24,61,84,36600,50400,1,0.994831,1
train,47,data_47.csv,onset_leak,47_62_85,24,62,85,37200,51000,1,0.9956891,1
train,47,data_47.csv,onset_leak,47_63_86,24,63,86,37800,51600,1,0.99470127,1
train,47,data_47.csv,onset_leak,47_64_87,24,64,87,38400,52200,1,0.99142915,1
train,47,data_47.csv,onset_leak,47_65_88,24,65,88,39000,52800,1,0.9847513,1
train,47,data_47.csv,onset_leak,47_66_89,24,66,89,39600,53400,1,0.98138636,1
train,47,data_47.csv,onset_leak,47_67_90,24,67,90,40200,54000,1,0.95989436,1
train,47,data_47.csv,onset_leak,47_68_91,24,68,91,40800,54600,1,0.93622535,1
train,47,data_47.csv,onset_leak,47_69_92,24,69,92,41400,55200,1,0.9114295,1
train,47,data_47.csv,onset_leak,47_70_93,24,70,93,42000,55800,1,0.9067195,1
train,47,data_47.csv,onset_leak,47_71_94,24,71,94,42600,56400,1,0.931483,1
train,47,data_47.csv,onset_leak,47_72_95,24,72,95,43200,57000,1,0.9690006,1
train,47,data_47.csv,onset_leak,47_73_96,24,73,96,43800,57600,1,0.95123416,1
train,47,data_47.csv,onset_leak,47_74_97,24,74,97,44400,58200,1,0.9540395,1
train,47,data_47.csv,onset_leak,47_75_98,24,75,98,45000,58800,1,0.9713287,1
train,47,data_47.csv,onset_leak,47_76_99,24,76,99,45600,59400,1,0.9775939,1
train,47,data_47.csv,onset_leak,47_77_100,24,77,100,46200,60000,1,0.98576015,1
train,47,data_47.csv,onset_leak,47_78_101,24,78,101,46800,60600,1,0.99040204,1
train,47,data_47.csv,onset_leak,47_79_102,24,79,102,47400,61200,1,0.99317074,1
train,47,data_47.csv,onset_leak,47_80_103,24,80,103,48000,61800,1,0.9940783,1
train,47,data_47.csv,onset_leak,47_81_104,24,81,104,48600,62400,1,0.9948336,1
train,47,data_47.csv,onset_leak,47_82_105,24,82,105,49200,63000,1,0.99553066,1
train,47,data_47.csv,onset_leak,47_83_106,24,83,106,49800,63600,1,0.9965203,1
train,47,data_47.csv,onset_leak,47_84_107,24,84,107,50400,64200,1,0.9967585,1
train,47,data_47.csv,onset_leak,47_85_108,24,85,108,51000,64800,1,0.99610186,1
train,47,data_47.csv,onset_leak,47_86_109,24,86,109,51600,65400,1,0.994699,1
train,47,data_47.csv,onset_leak,47_87_110,24,87,110,52200,66000,1,0.9917864,1
train,47,data_47.csv,onset_leak,47_88_111,24,88,111,52800,66600,1,0.9908875,1
train,47,data_47.csv,onset_leak,47_89_112,24,89,112,53400,67200,1,0.98657864,1
train,47,data_47.csv,onset_leak,47_90_113,24,90,113,54000,67800,1,0.9796571,1
train,47,data_47.csv,onset_leak,47_91_114,24,91,114,54600,68400,1,0.9646186,1
train,47,data_47.csv,onset_leak,47_92_115,24,92,115,55200,69000,1,0.9432179,1
train,47,data_47.csv,onset_leak,47_93_116,24,93,116,55800,69600,1,0.9318197,1
train,47,data_47.csv,onset_leak,47_94_117,24,94,117,56400,70200,1,0.92441547,1
train,47,data_47.csv,onset_leak,47_95_118,24,95,118,57000,70800,1,0.9040203,1
train,47,data_47.csv,onset_leak,47_96_119,24,96,119,57600,71400,1,0.8653105,1
train,47,data_47.csv,onset_leak,47_97_120,24,97,120,58200,72000,1,0.84324104,1
train,47,data_47.csv,onset_leak,47_98_121,24,98,121,58800,72600,1,0.8281344,1
train,47,data_47.csv,onset_leak,47_99_122,24,99,122,59400,73200,1,0.8254826,1
train,47,data_47.csv,onset_leak,47_100_123,24,100,123,60000,73800,1,0.8126307,1
train,47,data_47.csv,onset_leak,47_101_124,24,101,124,60600,74400,1,0.82392144,1
train,47,data_47.csv,onset_leak,47_102_125,24,102,125,61200,75000,1,0.8343039,1
train,47,data_47.csv,onset_leak,47_103_126,24,103,126,61800,75600,1,0.82897395,1
train,47,data_47.csv,onset_leak,47_104_127,24,104,127,62400,76200,1,0.82163393,1
train,47,data_47.csv,onset_leak,47_105_128,24,105,128,63000,76800,1,0.87445754,1
train,47,data_47.csv,onset_leak,47_106_129,24,106,129,63600,77400,1,0.89937013,1
train,47,data_47.csv,onset_leak,47_107_130,24,107,130,64200,78000,1,0.93266,1
train,47,data_47.csv,onset_leak,47_108_131,24,108,131,64800,78600,1,0.95305175,1
train,47,data_47.csv,onset_leak,47_109_132,24,109,132,65400,79200,1,0.9514952,1
train,47,data_47.csv,onset_leak,47_110_133,24,110,133,66000,79800,1,0.9331519,1
train,47,data_47.csv,onset_leak,47_111_134,24,111,134,66600,80400,1,0.9438048,1
train,47,data_47.csv,onset_leak,47_112_135,24,112,135,67200,81000,1,0.9457812,1
train,47,data_47.csv,onset_leak,47_113_136,24,113,136,67800,81600,1,0.95511913,1
train,47,data_47.csv,onset_leak,47_114_137,24,114,137,68400,82200,1,0.95509106,1
train,47,data_47.csv,onset_leak,47_115_138,24,115,138,69000,82800,1,0.9484911,1
train,47,data_47.csv,onset_leak,47_116_139,24,116,139,69600,83400,1,0.84473205,1
train,47,data_47.csv,onset_leak,47_117_140,24,117,140,70200,84000,1,0.6478173,0
train,47,data_47.csv,onset_leak,47_118_141,24,118,141,70800,84600,1,0.50905514,0
train,47,data_47.csv,onset_leak,47_119_142,24,119,142,71400,85200,1,0.47529796,0
train,47,data_47.csv,onset_leak,47_120_143,24,120,143,72000,85800,1,0.30343035,0
train,47,data_47.csv,onset_leak,47_121_144,24,121,144,72600,86400,1,0.24320845,0
train,51,data_51.csv,persistent_leak,51_0_23,24,0,23,0,13800,1,0.94024664,1
train,51,data_51.csv,persistent_leak,51_1_24,24,1,24,600,14400,1,0.9447433,1
train,51,data_51.csv,persistent_leak,51_2_25,24,2,25,1200,15000,1,0.9455346,1
train,51,data_51.csv,persistent_leak,51_3_26,24,3,26,1800,15600,1,0.94050723,1
train,51,data_51.csv,persistent_leak,51_4_27,24,4,27,2400,16200,1,0.93562376,1
train,51,data_51.csv,persistent_leak,51_5_28,24,5,28,3000,16800,1,0.928737,1
train,51,data_51.csv,persistent_leak,51_6_29,24,6,29,3600,17400,1,0.9157933,1
train,51,data_51.csv,persistent_leak,51_7_30,24,7,30,4200,18000,1,0.91672665,1
train,51,data_51.csv,persistent_leak,51_8_31,24,8,31,4800,18600,1,0.91397524,1
train,51,data_51.csv,persistent_leak,51_9_32,24,9,32,5400,19200,1,0.8986865,1
train,51,data_51.csv,persistent_leak,51_10_33,24,10,33,6000,19800,1,0.88529974,1
train,51,data_51.csv,persistent_leak,51_11_34,24,11,34,6600,20400,1,0.8641458,1
train,51,data_51.csv,persistent_leak,51_12_35,24,12,35,7200,21000,1,0.8336445,1
train,51,data_51.csv,persistent_leak,51_13_36,24,13,36,7800,21600,1,0.8160157,1
train,51,data_51.csv,persistent_leak,51_14_37,24,14,37,8400,22200,1,0.8051747,1
train,51,data_51.csv,persistent_leak,51_15_38,24,15,38,9000,22800,1,0.7632663,1
train,51,data_51.csv,persistent_leak,51_16_39,24,16,39,9600,23400,1,0.7261287,0
train,51,data_51.csv,persistent_leak,51_17_40,24,17,40,10200,24000,1,0.67177534,0
train,51,data_51.csv,persistent_leak,51_18_41,24,18,41,10800,24600,1,0.61540586,0
train,51,data_51.csv,persistent_leak,51_19_42,24,19,42,11400,25200,1,0.6156244,0
train,51,data_51.csv,persistent_leak,51_20_43,24,20,43,12000,25800,1,0.6063612,0
train,51,data_51.csv,persistent_leak,51_21_44,24,21,44,12600,26400,1,0.5665064,0
train,51,data_51.csv,persistent_leak,51_22_45,24,22,45,13200,27000,1,0.5281794,0
train,51,data_51.csv,persistent_leak,51_23_46,24,23,46,13800,27600,1,0.46685228,0
train,51,data_51.csv,persistent_leak,51_24_47,24,24,47,14400,28200,1,0.39569697,0
train,51,data_51.csv,persistent_leak,51_25_48,24,25,48,15000,28800,1,0.42565984,0
train,51,data_51.csv,persistent_leak,51_26_49,24,26,49,15600,29400,1,0.44046152,0
train,51,data_51.csv,persistent_leak,51_27_50,24,27,50,16200,30000,1,0.40119183,0
train,51,data_51.csv,persistent_leak,51_28_51,24,28,51,16800,30600,1,0.3637094,0
train,51,data_51.csv,persistent_leak,51_29_52,24,29,52,17400,31200,1,0.31541908,0
train,51,data_51.csv,persistent_leak,51_30_53,24,30,53,18000,31800,1,0.25402403,0
train,51,data_51.csv,persistent_leak,51_31_54,24,31,54,18600,32400,1,0.6800201,0
train,51,data_51.csv,persistent_leak,51_32_55,24,32,55,19200,33000,1,0.844416,1
train,51,data_51.csv,persistent_leak,51_33_56,24,33,56,19800,33600,1,0.8535689,1
train,51,data_51.csv,persistent_leak,51_34_57,24,34,57,20400,34200,1,0.86655045,1
train,51,data_51.csv,persistent_leak,51_35_58,24,35,58,21000,34800,1,0.8925567,1
train,51,data_51.csv,persistent_leak,51_36_59,24,36,59,21600,35400,1,0.90462905,1
train,51,data_51.csv,persistent_leak,51_37_60,24,37,60,22200,36000,1,0.9847906,1
train,51,data_51.csv,persistent_leak,51_38_61,24,38,61,22800,36600,1,0.9902975,1
train,51,data_51.csv,persistent_leak,51_39_62,24,39,62,23400,37200,1,0.9899884,1
train,51,data_51.csv,persistent_leak,51_40_63,24,40,63,24000,37800,1,0.9900843,1
train,51,data_51.csv,persistent_leak,51_41_64,24,41,64,24600,38400,1,0.9928302,1
train,51,data_51.csv,persistent_leak,51_42_65,24,42,65,25200,39000,1,0.99275315,1
train,51,data_51.csv,persistent_leak,51_43_66,24,43,66,25800,39600,1,0.997092,1
train,51,data_51.csv,persistent_leak,51_44_67,24,44,67,26400,40200,1,0.9971636,1
train,51,data_51.csv,persistent_leak,51_45_68,24,45,68,27000,40800,1,0.99622595,1
train,51,data_51.csv,persistent_leak,51_46_69,24,46,69,27600,41400,1,0.995226,1
train,51,data_51.csv,persistent_leak,51_47_70,24,47,70,28200,42000,1,0.99535406,1
train,51,data_51.csv,persistent_leak,51_48_71,24,48,71,28800,42600,1,0.9926824,1
train,51,data_51.csv,persistent_leak,51_49_72,24,49,72,29400,43200,1,0.99206686,1
train,51,data_51.csv,persistent_leak,51_50_73,24,50,73,30000,43800,1,0.990325,1
train,51,data_51.csv,persistent_leak,51_51_74,24,51,74,30600,44400,1,0.98879725,1
train,51,data_51.csv,persistent_leak,51_52_75,24,52,75,31200,45000,1,0.98456913,1
train,51,data_51.csv,persistent_leak,51_53_76,24,53,76,31800,45600,1,0.98547345,1
train,51,data_51.csv,persistent_leak,51_54_77,24,54,77,32400,46200,1,0.9859466,1
train,51,data_51.csv,persistent_leak,51_55_78,24,55,78,33000,46800,1,0.98723316,1
train,51,data_51.csv,persistent_leak,51_56_79,24,56,79,33600,47400,1,0.9860166,1
train,51,data_51.csv,persistent_leak,51_57_80,24,57,80,34200,48000,1,0.98304915,1
train,51,data_51.csv,persistent_leak,51_58_81,24,58,81,34800,48600,1,0.9810993,1
train,51,data_51.csv,persistent_leak,51_59_82,24,59,82,35400,49200,1,0.9832919,1
train,51,data_51.csv,persistent_leak,51_60_83,24,60,83,36000,49800,1,0.98831,1
train,51,data_51.csv,persistent_leak,51_61_84,24,61,84,36600,50400,1,0.987882,1
train,51,data_51.csv,persistent_leak,51_62_85,24,62,85,37200,51000,1,0.98770696,1
train,51,data_51.csv,persistent_leak,51_63_86,24,63,86,37800,51600,1,0.98654616,1
train,51,data_51.csv,persistent_leak,51_64_87,24,64,87,38400,52200,1,0.9877401,1
train,51,data_51.csv,persistent_leak,51_65_88,24,65,88,39000,52800,1,0.98939055,1
train,51,data_51.csv,persistent_leak,51_66_89,24,66,89,39600,53400,1,0.99254805,1
train,51,data_51.csv,persistent_leak,51_67_90,24,67,90,40200,54000,1,0.9918595,1
train,51,data_51.csv,persistent_leak,51_68_91,24,68,91,40800,54600,1,0.99121046,1
train,51,data_51.csv,persistent_leak,51_69_92,24,69,92,41400,55200,1,0.9916682,1
train,51,data_51.csv,persistent_leak,51_70_93,24,70,93,42000,55800,1,0.9919446,1
train,51,data_51.csv,persistent_leak,51_71_94,24,71,94,42600,56400,1,0.99200445,1
train,51,data_51.csv,persistent_leak,51_72_95,24,72,95,43200,57000,1,0.9920936,1
train,51,data_51.csv,persistent_leak,51_73_96,24,73,96,43800,57600,1,0.99086386,1
train,51,data_51.csv,persistent_leak,51_74_97,24,74,97,44400,58200,1,0.9897802,1
train,51,data_51.csv,persistent_leak,51_75_98,24,75,98,45000,58800,1,0.99027526,1
train,51,data_51.csv,persistent_leak,51_76_99,24,76,99,45600,59400,1,0.9902351,1
train,51,data_51.csv,persistent_leak,51_77_100,24,77,100,46200,60000,1,0.98987573,1
train,51,data_51.csv,persistent_leak,51_78_101,24,78,101,46800,60600,1,0.9892686,1
train,51,data_51.csv,persistent_leak,51_79_102,24,79,102,47400,61200,1,0.98955816,1
train,51,data_51.csv,persistent_leak,51_80_103,24,80,103,48000,61800,1,0.9896918,1
train,51,data_51.csv,persistent_leak,51_81_104,24,81,104,48600,62400,1,0.9895365,1
train,51,data_51.csv,persistent_leak,51_82_105,24,82,105,49200,63000,1,0.9894218,1
train,51,data_51.csv,persistent_leak,51_83_106,24,83,106,49800,63600,1,0.989094,1
train,51,data_51.csv,persistent_leak,51_84_107,24,84,107,50400,64200,1,0.9888496,1
train,51,data_51.csv,persistent_leak,51_85_108,24,85,108,51000,64800,1,0.9907478,1
train,51,data_51.csv,persistent_leak,51_86_109,24,86,109,51600,65400,1,0.9913338,1
train,51,data_51.csv,persistent_leak,51_87_110,24,87,110,52200,66000,1,0.9902682,1
train,51,data_51.csv,persistent_leak,51_88_111,24,88,111,52800,66600,1,0.99070716,1
train,51,data_51.csv,persistent_leak,51_89_112,24,89,112,53400,67200,1,0.9905071,1
train,51,data_51.csv,persistent_leak,51_90_113,24,90,113,54000,67800,1,0.9905752,1
train,51,data_51.csv,persistent_leak,51_91_114,24,91,114,54600,68400,1,0.98563623,1
train,51,data_51.csv,persistent_leak,51_92_115,24,92,115,55200,69000,1,0.9827344,1
train,51,data_51.csv,persistent_leak,51_93_116,24,93,116,55800,69600,1,0.9834969,1
train,51,data_51.csv,persistent_leak,51_94_117,24,94,117,56400,70200,1,0.9817946,1
train,51,data_51.csv,persistent_leak,51_95_118,24,95,118,57000,70800,1,0.981928,1
train,51,data_51.csv,persistent_leak,51_96_119,24,96,119,57600,71400,1,0.9787443,1
train,51,data_51.csv,persistent_leak,51_97_120,24,97,120,58200,72000,1,0.9658462,1
train,51,data_51.csv,persistent_leak,51_98_121,24,98,121,58800,72600,1,0.9598215,1
train,51,data_51.csv,persistent_leak,51_99_122,24,99,122,59400,73200,1,0.97019136,1
train,51,data_51.csv,persistent_leak,51_100_123,24,100,123,60000,73800,1,0.9726677,1
train,51,data_51.csv,persistent_leak,51_101_124,24,101,124,60600,74400,1,0.97691464,1
train,51,data_51.csv,persistent_leak,51_102_125,24,102,125,61200,75000,1,0.97957885,1
train,51,data_51.csv,persistent_leak,51_103_126,24,103,126,61800,75600,1,0.98037213,1
train,51,data_51.csv,persistent_leak,51_104_127,24,104,127,62400,76200,1,0.98099697,1
train,51,data_51.csv,persistent_leak,51_105_128,24,105,128,63000,76800,1,0.98766637,1
train,51,data_51.csv,persistent_leak,51_106_129,24,106,129,63600,77400,1,0.990191,1
train,51,data_51.csv,persistent_leak,51_107_130,24,107,130,64200,78000,1,0.9935353,1
train,51,data_51.csv,persistent_leak,51_108_131,24,108,131,64800,78600,1,0.9948726,1
train,51,data_51.csv,persistent_leak,51_109_132,24,109,132,65400,79200,1,0.99321574,1
train,51,data_51.csv,persistent_leak,51_110_133,24,110,133,66000,79800,1,0.9893267,1
train,51,data_51.csv,persistent_leak,51_111_134,24,111,134,66600,80400,1,0.989952,1
train,51,data_51.csv,persistent_leak,51_112_135,24,112,135,67200,81000,1,0.9911664,1
train,51,data_51.csv,persistent_leak,51_113_136,24,113,136,67800,81600,1,0.9904095,1
train,51,data_51.csv,persistent_leak,51_114_137,24,114,137,68400,82200,1,0.9886121,1
train,51,data_51.csv,persistent_leak,51_115_138,24,115,138,69000,82800,1,0.9875218,1
train,51,data_51.csv,persistent_leak,51_116_139,24,116,139,69600,83400,1,0.97881365,1
train,51,data_51.csv,persistent_leak,51_117_140,24,117,140,70200,84000,1,0.978587,1
train,51,data_51.csv,persistent_leak,51_118_141,24,118,141,70800,84600,1,0.9782282,1
train,51,data_51.csv,persistent_leak,51_119_142,24,119,142,71400,85200,1,0.97754854,1
train,51,data_51.csv,persistent_leak,51_120_143,24,120,143,72000,85800,1,0.96381664,1
train,51,data_51.csv,persistent_leak,51_121_144,24,121,144,72600,86400,1,0.9656155,1
train,52,data_52.csv,persistent_leak,52_0_23,24,0,23,0,13800,1,0.7842665,1
train,52,data_52.csv,persistent_leak,52_1_24,24,1,24,600,14400,1,0.8225293,1
train,52,data_52.csv,persistent_leak,52_2_25,24,2,25,1200,15000,1,0.8638979,1
train,52,data_52.csv,persistent_leak,52_3_26,24,3,26,1800,15600,1,0.8947131,1
train,52,data_52.csv,persistent_leak,52_4_27,24,4,27,2400,16200,1,0.9007229,1
train,52,data_52.csv,persistent_leak,52_5_28,24,5,28,3000,16800,1,0.91145706,1
train,52,data_52.csv,persistent_leak,52_6_29,24,6,29,3600,17400,1,0.9155565,1
train,52,data_52.csv,persistent_leak,52_7_30,24,7,30,4200,18000,1,0.90553147,1
train,52,data_52.csv,persistent_leak,52_8_31,24,8,31,4800,18600,1,0.8813206,1
train,52,data_52.csv,persistent_leak,52_9_32,24,9,32,5400,19200,1,0.86014736,1
train,52,data_52.csv,persistent_leak,52_10_33,24,10,33,6000,19800,1,0.8439864,1
train,52,data_52.csv,persistent_leak,52_11_34,24,11,34,6600,20400,1,0.83736813,1
train,52,data_52.csv,persistent_leak,52_12_35,24,12,35,7200,21000,1,0.8078905,1
train,52,data_52.csv,persistent_leak,52_13_36,24,13,36,7800,21600,1,0.80592906,1
train,52,data_52.csv,persistent_leak,52_14_37,24,14,37,8400,22200,1,0.78801715,1
train,52,data_52.csv,persistent_leak,52_15_38,24,15,38,9000,22800,1,0.72755927,0
train,52,data_52.csv,persistent_leak,52_16_39,24,16,39,9600,23400,1,0.71210307,0
train,52,data_52.csv,persistent_leak,52_17_40,24,17,40,10200,24000,1,0.57094765,0
train,52,data_52.csv,persistent_leak,52_18_41,24,18,41,10800,24600,1,0.37743193,0
train,52,data_52.csv,persistent_leak,52_19_42,24,19,42,11400,25200,1,0.49974322,0
train,52,data_52.csv,persistent_leak,52_20_43,24,20,43,12000,25800,1,0.5172734,0
train,52,data_52.csv,persistent_leak,52_21_44,24,21,44,12600,26400,1,0.50297624,0
train,52,data_52.csv,persistent_leak,52_22_45,24,22,45,13200,27000,1,0.4615581,0
train,52,data_52.csv,persistent_leak,52_23_46,24,23,46,13800,27600,1,0.39698502,0
train,52,data_52.csv,persistent_leak,52_24_47,24,24,47,14400,28200,1,0.33373708,0
train,52,data_52.csv,persistent_leak,52_25_48,24,25,48,15000,28800,1,0.5128148,0
train,52,data_52.csv,persistent_leak,52_26_49,24,26,49,15600,29400,1,0.593332,0
train,52,data_52.csv,persistent_leak,52_27_50,24,27,50,16200,30000,1,0.55179816,0
train,52,data_52.csv,persistent_leak,52_28_51,24,28,51,16800,30600,1,0.55187374,0
train,52,data_52.csv,persistent_leak,52_29_52,24,29,52,17400,31200,1,0.5650303,0
train,52,data_52.csv,persistent_leak,52_30_53,24,30,53,18000,31800,1,0.56345373,0
train,52,data_52.csv,persistent_leak,52_31_54,24,31,54,18600,32400,1,0.7939162,1
train,52,data_52.csv,persistent_leak,52_32_55,24,32,55,19200,33000,1,0.8269853,1
train,52,data_52.csv,persistent_leak,52_33_56,24,33,56,19800,33600,1,0.7862835,1
train,52,data_52.csv,persistent_leak,52_34_57,24,34,57,20400,34200,1,0.7304578,0
train,52,data_52.csv,persistent_leak,52_35_58,24,35,58,21000,34800,1,0.72393787,0
train,52,data_52.csv,persistent_leak,52_36_59,24,36,59,21600,35400,1,0.67720157,0
train,52,data_52.csv,persistent_leak,52_37_60,24,37,60,22200,36000,1,0.9211145,1
train,52,data_52.csv,persistent_leak,52_38_61,24,38,61,22800,36600,1,0.9573133,1
train,52,data_52.csv,persistent_leak,52_39_62,24,39,62,23400,37200,1,0.95450443,1
train,52,data_52.csv,persistent_leak,52_40_63,24,40,63,24000,37800,1,0.95205545,1
train,52,data_52.csv,persistent_leak,52_41_64,24,41,64,24600,38400,1,0.95548284,1
train,52,data_52.csv,persistent_leak,52_42_65,24,42,65,25200,39000,1,0.9640501,1
train,52,data_52.csv,persistent_leak,52_43_66,24,43,66,25800,39600,1,0.99066836,1
train,52,data_52.csv,persistent_leak,52_44_67,24,44,67,26400,40200,1,0.99411523,1
train,52,data_52.csv,persistent_leak,52_45_68,24,45,68,27000,40800,1,0.9933106,1
train,52,data_52.csv,persistent_leak,52_46_69,24,46,69,27600,41400,1,0.9925141,1
train,52,data_52.csv,persistent_leak,52_47_70,24,47,70,28200,42000,1,0.9936825,1
train,52,data_52.csv,persistent_leak,52_48_71,24,48,71,28800,42600,1,0.9936301,1
train,52,data_52.csv,persistent_leak,52_49_72,24,49,72,29400,43200,1,0.99218255,1
train,52,data_52.csv,persistent_leak,52_50_73,24,50,73,30000,43800,1,0.9911227,1
train,52,data_52.csv,persistent_leak,52_51_74,24,51,74,30600,44400,1,0.990274,1
train,52,data_52.csv,persistent_leak,52_52_75,24,52,75,31200,45000,1,0.9870905,1
train,52,data_52.csv,persistent_leak,52_53_76,24,53,76,31800,45600,1,0.98796844,1
train,52,data_52.csv,persistent_leak,52_54_77,24,54,77,32400,46200,1,0.9868418,1
train,52,data_52.csv,persistent_leak,52_55_78,24,55,78,33000,46800,1,0.97928786,1
train,52,data_52.csv,persistent_leak,52_56_79,24,56,79,33600,47400,1,0.97066194,1
train,52,data_52.csv,persistent_leak,52_57_80,24,57,80,34200,48000,1,0.9644622,1
train,52,data_52.csv,persistent_leak,52_58_81,24,58,81,34800,48600,1,0.9585117,1
train,52,data_52.csv,persistent_leak,52_59_82,24,59,82,35400,49200,1,0.96311086,1
train,52,data_52.csv,persistent_leak,52_60_83,24,60,83,36000,49800,1,0.969255,1
train,52,data_52.csv,persistent_leak,52_61_84,24,61,84,36600,50400,1,0.93485695,1
train,52,data_52.csv,persistent_leak,52_62_85,24,62,85,37200,51000,1,0.93326867,1
train,52,data_52.csv,persistent_leak,52_63_86,24,63,86,37800,51600,1,0.9614641,1
train,52,data_52.csv,persistent_leak,52_64_87,24,64,87,38400,52200,1,0.974626,1
train,52,data_52.csv,persistent_leak,52_65_88,24,65,88,39000,52800,1,0.9873518,1
train,52,data_52.csv,persistent_leak,52_66_89,24,66,89,39600,53400,1,0.9938362,1
train,52,data_52.csv,persistent_leak,52_67_90,24,67,90,40200,54000,1,0.99477506,1
train,52,data_52.csv,persistent_leak,52_68_91,24,68,91,40800,54600,1,0.99450433,1
train,52,data_52.csv,persistent_leak,52_69_92,24,69,92,41400,55200,1,0.9954397,1
train,52,data_52.csv,persistent_leak,52_70_93,24,70,93,42000,55800,1,0.9960503,1
train,52,data_52.csv,persistent_leak,52_71_94,24,71,94,42600,56400,1,0.9968459,1
train,52,data_52.csv,persistent_leak,52_72_95,24,72,95,43200,57000,1,0.9967476,1
train,52,data_52.csv,persistent_leak,52_73_96,24,73,96,43800,57600,1,0.9965654,1
train,52,data_52.csv,persistent_leak,52_74_97,24,74,97,44400,58200,1,0.9957644,1
train,52,data_52.csv,persistent_leak,52_75_98,24,75,98,45000,58800,1,0.9938413,1
train,52,data_52.csv,persistent_leak,52_76_99,24,76,99,45600,59400,1,0.99301624,1
train,52,data_52.csv,persistent_leak,52_77_100,24,77,100,46200,60000,1,0.99025327,1
train,52,data_52.csv,persistent_leak,52_78_101,24,78,101,46800,60600,1,0.9859548,1
train,52,data_52.csv,persistent_leak,52_79_102,24,79,102,47400,61200,1,0.9821536,1
train,52,data_52.csv,persistent_leak,52_80_103,24,80,103,48000,61800,1,0.9783347,1
train,52,data_52.csv,persistent_leak,52_81_104,24,81,104,48600,62400,1,0.9647758,1
train,52,data_52.csv,persistent_leak,52_82_105,24,82,105,49200,63000,1,0.9704197,1
train,52,data_52.csv,persistent_leak,52_83_106,24,83,106,49800,63600,1,0.96943897,1
train,52,data_52.csv,persistent_leak,52_84_107,24,84,107,50400,64200,1,0.95404124,1
train,52,data_52.csv,persistent_leak,52_85_108,24,85,108,51000,64800,1,0.9819074,1
train,52,data_52.csv,persistent_leak,52_86_109,24,86,109,51600,65400,1,0.98792934,1
train,52,data_52.csv,persistent_leak,52_87_110,24,87,110,52200,66000,1,0.9868003,1
train,52,data_52.csv,persistent_leak,52_88_111,24,88,111,52800,66600,1,0.9857889,1
train,52,data_52.csv,persistent_leak,52_89_112,24,89,112,53400,67200,1,0.9865681,1
train,52,data_52.csv,persistent_leak,52_90_113,24,90,113,54000,67800,1,0.9843345,1
train,52,data_52.csv,persistent_leak,52_91_114,24,91,114,54600,68400,1,0.96309704,1
train,52,data_52.csv,persistent_leak,52_92_115,24,92,115,55200,69000,1,0.9410474,1
train,52,data_52.csv,persistent_leak,52_93_116,24,93,116,55800,69600,1,0.93288827,1
train,52,data_52.csv,persistent_leak,52_94_117,24,94,117,56400,70200,1,0.91780263,1
train,52,data_52.csv,persistent_leak,52_95_118,24,95,118,57000,70800,1,0.92376363,1
train,52,data_52.csv,persistent_leak,52_96_119,24,96,119,57600,71400,1,0.92132974,1
train,52,data_52.csv,persistent_leak,52_97_120,24,97,120,58200,72000,1,0.85597944,1
train,52,data_52.csv,persistent_leak,52_98_121,24,98,121,58800,72600,1,0.8014222,1
train,52,data_52.csv,persistent_leak,52_99_122,24,99,122,59400,73200,1,0.8686153,1
train,52,data_52.csv,persistent_leak,52_100_123,24,100,123,60000,73800,1,0.900871,1
train,52,data_52.csv,persistent_leak,52_101_124,24,101,124,60600,74400,1,0.9397558,1
train,52,data_52.csv,persistent_leak,52_102_125,24,102,125,61200,75000,1,0.96268964,1
train,52,data_52.csv,persistent_leak,52_103_126,24,103,126,61800,75600,1,0.97997755,1
train,52,data_52.csv,persistent_leak,52_104_127,24,104,127,62400,76200,1,0.98601645,1
train,52,data_52.csv,persistent_leak,52_105_128,24,105,128,63000,76800,1,0.9898178,1
train,52,data_52.csv,persistent_leak,52_106_129,24,106,129,63600,77400,1,0.99176496,1
train,52,data_52.csv,persistent_leak,52_107_130,24,107,130,64200,78000,1,0.9952057,1
train,52,data_52.csv,persistent_leak,52_108_131,24,108,131,64800,78600,1,0.9962853,1
train,52,data_52.csv,persistent_leak,52_109_132,24,109,132,65400,79200,1,0.9937471,1
train,52,data_52.csv,persistent_leak,52_110_133,24,110,133,66000,79800,1,0.98840326,1
train,52,data_52.csv,persistent_leak,52_111_134,24,111,134,66600,80400,1,0.98462784,1
train,52,data_52.csv,persistent_leak,52_112_135,24,112,135,67200,81000,1,0.9852663,1
train,52,data_52.csv,persistent_leak,52_113_136,24,113,136,67800,81600,1,0.9747864,1
train,52,data_52.csv,persistent_leak,52_114_137,24,114,137,68400,82200,1,0.9584496,1
train,52,data_52.csv,persistent_leak,52_115_138,24,115,138,69000,82800,1,0.93910176,1
train,52,data_52.csv,persistent_leak,52_116_139,24,116,139,69600,83400,1,0.9092097,1
train,52,data_52.csv,persistent_leak,52_117_140,24,117,140,70200,84000,1,0.90566355,1
train,52,data_52.csv,persistent_leak,52_118_141,24,118,141,70800,84600,1,0.8731364,1
train,52,data_52.csv,persistent_leak,52_119_142,24,119,142,71400,85200,1,0.8052462,1
train,52,data_52.csv,persistent_leak,52_120_143,24,120,143,72000,85800,1,0.52230954,0
train,52,data_52.csv,persistent_leak,52_121_144,24,121,144,72600,86400,1,0.6521764,0
train,54,data_54.csv,persistent_leak,54_0_23,24,0,23,0,13800,1,0.94702464,1
train,54,data_54.csv,persistent_leak,54_1_24,24,1,24,600,14400,1,0.9515716,1
train,54,data_54.csv,persistent_leak,54_2_25,24,2,25,1200,15000,1,0.9562551,1
train,54,data_54.csv,persistent_leak,54_3_26,24,3,26,1800,15600,1,0.959108,1
train,54,data_54.csv,persistent_leak,54_4_27,24,4,27,2400,16200,1,0.960455,1
train,54,data_54.csv,persistent_leak,54_5_28,24,5,28,3000,16800,1,0.9603091,1
train,54,data_54.csv,persistent_leak,54_6_29,24,6,29,3600,17400,1,0.9582961,1
train,54,data_54.csv,persistent_leak,54_7_30,24,7,30,4200,18000,1,0.9631175,1
train,54,data_54.csv,persistent_leak,54_8_31,24,8,31,4800,18600,1,0.96281177,1
train,54,data_54.csv,persistent_leak,54_9_32,24,9,32,5400,19200,1,0.9606969,1
train,54,data_54.csv,persistent_leak,54_10_33,24,10,33,6000,19800,1,0.95750463,1
train,54,data_54.csv,persistent_leak,54_11_34,24,11,34,6600,20400,1,0.9530643,1
train,54,data_54.csv,persistent_leak,54_12_35,24,12,35,7200,21000,1,0.9431847,1
train,54,data_54.csv,persistent_leak,54_13_36,24,13,36,7800,21600,1,0.9520939,1
train,54,data_54.csv,persistent_leak,54_14_37,24,14,37,8400,22200,1,0.9464544,1
train,54,data_54.csv,persistent_leak,54_15_38,24,15,38,9000,22800,1,0.9372959,1
train,54,data_54.csv,persistent_leak,54_16_39,24,16,39,9600,23400,1,0.9200919,1
train,54,data_54.csv,persistent_leak,54_17_40,24,17,40,10200,24000,1,0.9084795,1
train,54,data_54.csv,persistent_leak,54_18_41,24,18,41,10800,24600,1,0.87820554,1
train,54,data_54.csv,persistent_leak,54_19_42,24,19,42,11400,25200,1,0.8784681,1
train,54,data_54.csv,persistent_leak,54_20_43,24,20,43,12000,25800,1,0.84352434,1
train,54,data_54.csv,persistent_leak,54_21_44,24,21,44,12600,26400,1,0.82461977,1
train,54,data_54.csv,persistent_leak,54_22_45,24,22,45,13200,27000,1,0.80490106,1
train,54,data_54.csv,persistent_leak,54_23_46,24,23,46,13800,27600,1,0.7531883,1
train,54,data_54.csv,persistent_leak,54_24_47,24,24,47,14400,28200,1,0.674021,0
train,54,data_54.csv,persistent_leak,54_25_48,24,25,48,15000,28800,1,0.6948857,0
train,54,data_54.csv,persistent_leak,54_26_49,24,26,49,15600,29400,1,0.64021015,0
train,54,data_54.csv,persistent_leak,54_27_50,24,27,50,16200,30000,1,0.5805302,0
train,54,data_54.csv,persistent_leak,54_28_51,24,28,51,16800,30600,1,0.52730227,0
train,54,data_54.csv,persistent_leak,54_29_52,24,29,52,17400,31200,1,0.42546472,0
train,54,data_54.csv,persistent_leak,54_30_53,24,30,53,18000,31800,1,0.30734965,0
train,54,data_54.csv,persistent_leak,54_31_54,24,31,54,18600,32400,1,0.4465753,0
train,54,data_54.csv,persistent_leak,54_32_55,24,32,55,19200,33000,1,0.56358516,0
train,54,data_54.csv,persistent_leak,54_33_56,24,33,56,19800,33600,1,0.5095184,0
train,54,data_54.csv,persistent_leak,54_34_57,24,34,57,20400,34200,1,0.5270043,0
train,54,data_54.csv,persistent_leak,54_35_58,24,35,58,21000,34800,1,0.507654,0
train,54,data_54.csv,persistent_leak,54_36_59,24,36,59,21600,35400,1,0.482112,0
train,54,data_54.csv,persistent_leak,54_37_60,24,37,60,22200,36000,1,0.8815053,1
train,54,data_54.csv,persistent_leak,54_38_61,24,38,61,22800,36600,1,0.9180357,1
train,54,data_54.csv,persistent_leak,54_39_62,24,39,62,23400,37200,1,0.9095765,1
train,54,data_54.csv,persistent_leak,54_40_63,24,40,63,24000,37800,1,0.8999631,1
train,54,data_54.csv,persistent_leak,54_41_64,24,41,64,24600,38400,1,0.9087862,1
train,54,data_54.csv,persistent_leak,54_42_65,24,42,65,25200,39000,1,0.90848905,1
train,54,data_54.csv,persistent_leak,54_43_66,24,43,66,25800,39600,1,0.95451,1
train,54,data_54.csv,persistent_leak,54_44_67,24,44,67,26400,40200,1,0.96153444,1
train,54,data_54.csv,persistent_leak,54_45_68,24,45,68,27000,40800,1,0.9519945,1
train,54,data_54.csv,persistent_leak,54_46_69,24,46,69,27600,41400,1,0.938382,1
train,54,data_54.csv,persistent_leak,54_47_70,24,47,70,28200,42000,1,0.9384464,1
train,54,data_54.csv,persistent_leak,54_48_71,24,48,71,28800,42600,1,0.9240088,1
train,54,data_54.csv,persistent_leak,54_49_72,24,49,72,29400,43200,1,0.9462222,1
train,54,data_54.csv,persistent_leak,54_50_73,24,50,73,30000,43800,1,0.9491812,1
train,54,data_54.csv,persistent_leak,54_51_74,24,51,74,30600,44400,1,0.9439693,1
train,54,data_54.csv,persistent_leak,54_52_75,24,52,75,31200,45000,1,0.9334567,1
train,54,data_54.csv,persistent_leak,54_53_76,24,53,76,31800,45600,1,0.93526626,1
train,54,data_54.csv,persistent_leak,54_54_77,24,54,77,32400,46200,1,0.9376883,1
train,54,data_54.csv,persistent_leak,54_55_78,24,55,78,33000,46800,1,0.9556151,1
train,54,data_54.csv,persistent_leak,54_56_79,24,56,79,33600,47400,1,0.9567572,1
train,54,data_54.csv,persistent_leak,54_57_80,24,57,80,34200,48000,1,0.9522086,1
train,54,data_54.csv,persistent_leak,54_58_81,24,58,81,34800,48600,1,0.9499352,1
train,54,data_54.csv,persistent_leak,54_59_82,24,59,82,35400,49200,1,0.95407414,1
train,54,data_54.csv,persistent_leak,54_60_83,24,60,83,36000,49800,1,0.9618609,1
train,54,data_54.csv,persistent_leak,54_61_84,24,61,84,36600,50400,1,0.9672084,1
train,54,data_54.csv,persistent_leak,54_62_85,24,62,85,37200,51000,1,0.9670409,1
train,54,data_54.csv,persistent_leak,54_63_86,24,63,86,37800,51600,1,0.964355,1
train,54,data_54.csv,persistent_leak,54_64_87,24,64,87,38400,52200,1,0.963483,1
train,54,data_54.csv,persistent_leak,54_65_88,24,65,88,39000,52800,1,0.9652362,1
train,54,data_54.csv,persistent_leak,54_66_89,24,66,89,39600,53400,1,0.9694473,1
train,54,data_54.csv,persistent_leak,54_67_90,24,67,90,40200,54000,1,0.96128297,1
train,54,data_54.csv,persistent_leak,54_68_91,24,68,91,40800,54600,1,0.95581585,1
train,54,data_54.csv,persistent_leak,54_69_92,24,69,92,41400,55200,1,0.9547684,1
train,54,data_54.csv,persistent_leak,54_70_93,24,70,93,42000,55800,1,0.9510096,1
train,54,data_54.csv,persistent_leak,54_71_94,24,71,94,42600,56400,1,0.95284593,1
train,54,data_54.csv,persistent_leak,54_72_95,24,72,95,43200,57000,1,0.9545221,1
train,54,data_54.csv,persistent_leak,54_73_96,24,73,96,43800,57600,1,0.93668145,1
train,54,data_54.csv,persistent_leak,54_74_97,24,74,97,44400,58200,1,0.9342205,1
train,54,data_54.csv,persistent_leak,54_75_98,24,75,98,45000,58800,1,0.95084536,1
train,54,data_54.csv,persistent_leak,54_76_99,24,76,99,45600,59400,1,0.95779085,1
train,54,data_54.csv,persistent_leak,54_77_100,24,77,100,46200,60000,1,0.9669269,1
train,54,data_54.csv,persistent_leak,54_78_101,24,78,101,46800,60600,1,0.974195,1
train,54,data_54.csv,persistent_leak,54_79_102,24,79,102,47400,61200,1,0.97687244,1
train,54,data_54.csv,persistent_leak,54_80_103,24,80,103,48000,61800,1,0.97545767,1
train,54,data_54.csv,persistent_leak,54_81_104,24,81,104,48600,62400,1,0.9813657,1
train,54,data_54.csv,persistent_leak,54_82_105,24,82,105,49200,63000,1,0.9835286,1
train,54,data_54.csv,persistent_leak,54_83_106,24,83,106,49800,63600,1,0.9869419,1
train,54,data_54.csv,persistent_leak,54_84_107,24,84,107,50400,64200,1,0.98811287,1
train,54,data_54.csv,persistent_leak,54_85_108,24,85,108,51000,64800,1,0.9864681,1
train,54,data_54.csv,persistent_leak,54_86_109,24,86,109,51600,65400,1,0.9828457,1
train,54,data_54.csv,persistent_leak,54_87_110,24,87,110,52200,66000,1,0.9828311,1
train,54,data_54.csv,persistent_leak,54_88_111,24,88,111,52800,66600,1,0.9841778,1
train,54,data_54.csv,persistent_leak,54_89_112,24,89,112,53400,67200,1,0.98248166,1
train,54,data_54.csv,persistent_leak,54_90_113,24,90,113,54000,67800,1,0.97882974,1
train,54,data_54.csv,persistent_leak,54_91_114,24,91,114,54600,68400,1,0.97002673,1
train,54,data_54.csv,persistent_leak,54_92_115,24,92,115,55200,69000,1,0.95756733,1
train,54,data_54.csv,persistent_leak,54_93_116,24,93,116,55800,69600,1,0.95072675,1
train,54,data_54.csv,persistent_leak,54_94_117,24,94,117,56400,70200,1,0.94791514,1
train,54,data_54.csv,persistent_leak,54_95_118,24,95,118,57000,70800,1,0.9222317,1
train,54,data_54.csv,persistent_leak,54_96_119,24,96,119,57600,71400,1,0.87847733,1
train,54,data_54.csv,persistent_leak,54_97_120,24,97,120,58200,72000,1,0.8578422,1
train,54,data_54.csv,persistent_leak,54_98_121,24,98,121,58800,72600,1,0.8333708,1
train,54,data_54.csv,persistent_leak,54_99_122,24,99,122,59400,73200,1,0.8358724,1
train,54,data_54.csv,persistent_leak,54_100_123,24,100,123,60000,73800,1,0.8305061,1
train,54,data_54.csv,persistent_leak,54_101_124,24,101,124,60600,74400,1,0.80266434,1
train,54,data_54.csv,persistent_leak,54_102_125,24,102,125,61200,75000,1,0.7570333,1
train,54,data_54.csv,persistent_leak,54_103_126,24,103,126,61800,75600,1,0.75732905,1
train,54,data_54.csv,persistent_leak,54_104_127,24,104,127,62400,76200,1,0.7340795,0
train,54,data_54.csv,persistent_leak,54_105_128,24,105,128,63000,76800,1,0.7501629,1
train,54,data_54.csv,persistent_leak,54_106_129,24,106,129,63600,77400,1,0.769974,1
train,54,data_54.csv,persistent_leak,54_107_130,24,107,130,64200,78000,1,0.78170985,1
train,54,data_54.csv,persistent_leak,54_108_131,24,108,131,64800,78600,1,0.7819402,1
train,54,data_54.csv,persistent_leak,54_109_132,24,109,132,65400,79200,1,0.7495947,0
train,54,data_54.csv,persistent_leak,54_110_133,24,110,133,66000,79800,1,0.66032743,0
train,54,data_54.csv,persistent_leak,54_111_134,24,111,134,66600,80400,1,0.64690554,0
train,54,data_54.csv,persistent_leak,54_112_135,24,112,135,67200,81000,1,0.6328149,0
train,54,data_54.csv,persistent_leak,54_113_136,24,113,136,67800,81600,1,0.6400515,0
train,54,data_54.csv,persistent_leak,54_114_137,24,114,137,68400,82200,1,0.5857831,0
train,54,data_54.csv,persistent_leak,54_115_138,24,115,138,69000,82800,1,0.5047437,0
train,54,data_54.csv,persistent_leak,54_116_139,24,116,139,69600,83400,1,0.3433894,0
train,54,data_54.csv,persistent_leak,54_117_140,24,117,140,70200,84000,1,0.34222242,0
train,54,data_54.csv,persistent_leak,54_118_141,24,118,141,70800,84600,1,0.35318634,0
train,54,data_54.csv,persistent_leak,54_119_142,24,119,142,71400,85200,1,0.37099296,0
train,54,data_54.csv,persistent_leak,54_120_143,24,120,143,72000,85800,1,0.31852874,0
train,54,data_54.csv,persistent_leak,54_121_144,24,121,144,72600,86400,1,0.34961134,0
train,55,data_55.csv,persistent_leak,55_0_23,24,0,23,0,13800,1,0.67122316,0
train,55,data_55.csv,persistent_leak,55_1_24,24,1,24,600,14400,1,0.7245279,0
train,55,data_55.csv,persistent_leak,55_2_25,24,2,25,1200,15000,1,0.7478092,0
train,55,data_55.csv,persistent_leak,55_3_26,24,3,26,1800,15600,1,0.78633285,1
train,55,data_55.csv,persistent_leak,55_4_27,24,4,27,2400,16200,1,0.8098658,1
train,55,data_55.csv,persistent_leak,55_5_28,24,5,28,3000,16800,1,0.8383917,1
train,55,data_55.csv,persistent_leak,55_6_29,24,6,29,3600,17400,1,0.86073,1
train,55,data_55.csv,persistent_leak,55_7_30,24,7,30,4200,18000,1,0.8791836,1
train,55,data_55.csv,persistent_leak,55_8_31,24,8,31,4800,18600,1,0.8865692,1
train,55,data_55.csv,persistent_leak,55_9_32,24,9,32,5400,19200,1,0.8968188,1
train,55,data_55.csv,persistent_leak,55_10_33,24,10,33,6000,19800,1,0.9026259,1
train,55,data_55.csv,persistent_leak,55_11_34,24,11,34,6600,20400,1,0.91038233,1
train,55,data_55.csv,persistent_leak,55_12_35,24,12,35,7200,21000,1,0.9144447,1
train,55,data_55.csv,persistent_leak,55_13_36,24,13,36,7800,21600,1,0.91893524,1
train,55,data_55.csv,persistent_leak,55_14_37,24,14,37,8400,22200,1,0.9205992,1
train,55,data_55.csv,persistent_leak,55_15_38,24,15,38,9000,22800,1,0.9223169,1
train,55,data_55.csv,persistent_leak,55_16_39,24,16,39,9600,23400,1,0.92357194,1
train,55,data_55.csv,persistent_leak,55_17_40,24,17,40,10200,24000,1,0.92458695,1
train,55,data_55.csv,persistent_leak,55_18_41,24,18,41,10800,24600,1,0.9215738,1
train,55,data_55.csv,persistent_leak,55_19_42,24,19,42,11400,25200,1,0.9238904,1
train,55,data_55.csv,persistent_leak,55_20_43,24,20,43,12000,25800,1,0.92426085,1
train,55,data_55.csv,persistent_leak,55_21_44,24,21,44,12600,26400,1,0.9236097,1
train,55,data_55.csv,persistent_leak,55_22_45,24,22,45,13200,27000,1,0.9235097,1
train,55,data_55.csv,persistent_leak,55_23_46,24,23,46,13800,27600,1,0.921725,1
train,55,data_55.csv,persistent_leak,55_24_47,24,24,47,14400,28200,1,0.91685873,1
train,55,data_55.csv,persistent_leak,55_25_48,24,25,48,15000,28800,1,0.91685873,1
train,55,data_55.csv,persistent_leak,55_26_49,24,26,49,15600,29400,1,0.91685873,1
train,55,data_55.csv,persistent_leak,55_27_50,24,27,50,16200,30000,1,0.91685873,1
train,55,data_55.csv,persistent_leak,55_28_51,24,28,51,16800,30600,1,0.91685873,1
train,55,data_55.csv,persistent_leak,55_29_52,24,29,52,17400,31200,1,0.91685873,1
train,55,data_55.csv,persistent_leak,55_30_53,24,30,53,18000,31800,1,0.91685873,1
train,55,data_55.csv,persistent_leak,55_31_54,24,31,54,18600,32400,1,0.9572257,1
train,55,data_55.csv,persistent_leak,55_32_55,24,32,55,19200,33000,1,0.953255,1
train,55,data_55.csv,persistent_leak,55_33_56,24,33,56,19800,33600,1,0.92443514,1
train,55,data_55.csv,persistent_leak,55_34_57,24,34,57,20400,34200,1,0.8943365,1
train,55,data_55.csv,persistent_leak,55_35_58,24,35,58,21000,34800,1,0.8649835,1
train,55,data_55.csv,persistent_leak,55_36_59,24,36,59,21600,35400,1,0.78706336,1
train,55,data_55.csv,persistent_leak,55_37_60,24,37,60,22200,36000,1,0.9783212,1
train,55,data_55.csv,persistent_leak,55_38_61,24,38,61,22800,36600,1,0.9869293,1
train,55,data_55.csv,persistent_leak,55_39_62,24,39,62,23400,37200,1,0.98246044,1
train,55,data_55.csv,persistent_leak,55_40_63,24,40,63,24000,37800,1,0.98353946,1
train,55,data_55.csv,persistent_leak,55_41_64,24,41,64,24600,38400,1,0.9921713,1
train,55,data_55.csv,persistent_leak,55_42_65,24,42,65,25200,39000,1,0.9930494,1
train,55,data_55.csv,persistent_leak,55_43_66,24,43,66,25800,39600,1,0.99859315,1
train,55,data_55.csv,persistent_leak,55_44_67,24,44,67,26400,40200,1,0.9983303,1
train,55,data_55.csv,persistent_leak,55_45_68,24,45,68,27000,40800,1,0.9978192,1
train,55,data_55.csv,persistent_leak,55_46_69,24,46,69,27600,41400,1,0.9970304,1
train,55,data_55.csv,persistent_leak,55_47_70,24,47,70,28200,42000,1,0.9971922,1
train,55,data_55.csv,persistent_leak,55_48_71,24,48,71,28800,42600,1,0.9949768,1
train,55,data_55.csv,persistent_leak,55_49_72,24,49,72,29400,43200,1,0.99168956,1
train,55,data_55.csv,persistent_leak,55_50_73,24,50,73,30000,43800,1,0.9874325,1
train,55,data_55.csv,persistent_leak,55_51_74,24,51,74,30600,44400,1,0.9844221,1
train,55,data_55.csv,persistent_leak,55_52_75,24,52,75,31200,45000,1,0.9734737,1
train,55,data_55.csv,persistent_leak,55_53_76,24,53,76,31800,45600,1,0.9713699,1
train,55,data_55.csv,persistent_leak,55_54_77,24,54,77,32400,46200,1,0.9695589,1
train,55,data_55.csv,persistent_leak,55_55_78,24,55,78,33000,46800,1,0.9597383,1
train,55,data_55.csv,persistent_leak,55_56_79,24,56,79,33600,47400,1,0.9464045,1
train,55,data_55.csv,persistent_leak,55_57_80,24,57,80,34200,48000,1,0.9296511,1
train,55,data_55.csv,persistent_leak,55_58_81,24,58,81,34800,48600,1,0.9234546,1
train,55,data_55.csv,persistent_leak,55_59_82,24,59,82,35400,49200,1,0.9357209,1
train,55,data_55.csv,persistent_leak,55_60_83,24,60,83,36000,49800,1,0.9621357,1
train,55,data_55.csv,persistent_leak,55_61_84,24,61,84,36600,50400,1,0.9527699,1
train,55,data_55.csv,persistent_leak,55_62_85,24,62,85,37200,51000,1,0.9610717,1
train,55,data_55.csv,persistent_leak,55_63_86,24,63,86,37800,51600,1,0.9725434,1
train,55,data_55.csv,persistent_leak,55_64_87,24,64,87,38400,52200,1,0.9810346,1
train,55,data_55.csv,persistent_leak,55_65_88,24,65,88,39000,52800,1,0.9890725,1
train,55,data_55.csv,persistent_leak,55_66_89,24,66,89,39600,53400,1,0.99431,1
train,55,data_55.csv,persistent_leak,55_67_90,24,67,90,40200,54000,1,0.99486166,1
train,55,data_55.csv,persistent_leak,55_68_91,24,68,91,40800,54600,1,0.99479574,1
train,55,data_55.csv,persistent_leak,55_69_92,24,69,92,41400,55200,1,0.9941075,1
train,55,data_55.csv,persistent_leak,55_70_93,24,70,93,42000,55800,1,0.9938305,1
train,55,data_55.csv,persistent_leak,55_71_94,24,71,94,42600,56400,1,0.99312323,1
train,55,data_55.csv,persistent_leak,55_72_95,24,72,95,43200,57000,1,0.99203086,1
train,55,data_55.csv,persistent_leak,55_73_96,24,73,96,43800,57600,1,0.99315506,1
train,55,data_55.csv,persistent_leak,55_74_97,24,74,97,44400,58200,1,0.9931718,1
train,55,data_55.csv,persistent_leak,55_75_98,24,75,98,45000,58800,1,0.99193406,1
train,55,data_55.csv,persistent_leak,55_76_99,24,76,99,45600,59400,1,0.99338126,1
train,55,data_55.csv,persistent_leak,55_77_100,24,77,100,46200,60000,1,0.9943599,1
train,55,data_55.csv,persistent_leak,55_78_101,24,78,101,46800,60600,1,0.99428624,1
train,55,data_55.csv,persistent_leak,55_79_102,24,79,102,47400,61200,1,0.9983991,1
train,55,data_55.csv,persistent_leak,55_80_103,24,80,103,48000,61800,1,0.9990119,1
train,55,data_55.csv,persistent_leak,55_81_104,24,81,104,48600,62400,1,0.9989266,1
train,55,data_55.csv,persistent_leak,55_82_105,24,82,105,49200,63000,1,0.9988784,1
train,55,data_55.csv,persistent_leak,55_83_106,24,83,106,49800,63600,1,0.99896085,1
train,55,data_55.csv,persistent_leak,55_84_107,24,84,107,50400,64200,1,0.99882907,1
train,55,data_55.csv,persistent_leak,55_85_108,24,85,108,51000,64800,1,0.9992385,1
train,55,data_55.csv,persistent_leak,55_86_109,24,86,109,51600,65400,1,0.99931765,1
train,55,data_55.csv,persistent_leak,55_87_110,24,87,110,52200,66000,1,0.9992902,1
train,55,data_55.csv,persistent_leak,55_88_111,24,88,111,52800,66600,1,0.9991667,1
train,55,data_55.csv,persistent_leak,55_89_112,24,89,112,53400,67200,1,0.99929035,1
train,55,data_55.csv,persistent_leak,55_90_113,24,90,113,54000,67800,1,0.9993518,1
train,55,data_55.csv,persistent_leak,55_91_114,24,91,114,54600,68400,1,0.99735934,1
train,55,data_55.csv,persistent_leak,55_92_115,24,92,115,55200,69000,1,0.9930062,1
train,55,data_55.csv,persistent_leak,55_93_116,24,93,116,55800,69600,1,0.9928455,1
train,55,data_55.csv,persistent_leak,55_94_117,24,94,117,56400,70200,1,0.98891175,1
train,55,data_55.csv,persistent_leak,55_95_118,24,95,118,57000,70800,1,0.9904171,1
train,55,data_55.csv,persistent_leak,55_96_119,24,96,119,57600,71400,1,0.98972416,1
train,55,data_55.csv,persistent_leak,55_97_120,24,97,120,58200,72000,1,0.9832292,1
train,55,data_55.csv,persistent_leak,55_98_121,24,98,121,58800,72600,1,0.9830949,1
train,55,data_55.csv,persistent_leak,55_99_122,24,99,122,59400,73200,1,0.99270755,1
train,55,data_55.csv,persistent_leak,55_100_123,24,100,123,60000,73800,1,0.9955012,1
train,55,data_55.csv,persistent_leak,55_101_124,24,101,124,60600,74400,1,0.9988945,1
train,55,data_55.csv,persistent_leak,55_102_125,24,102,125,61200,75000,1,0.99948907,1
train,55,data_55.csv,persistent_leak,55_103_126,24,103,126,61800,75600,1,0.99972945,1
train,55,data_55.csv,persistent_leak,55_104_127,24,104,127,62400,76200,1,0.9992435,1
train,55,data_55.csv,persistent_leak,55_105_128,24,105,128,63000,76800,1,0.999345,1
train,55,data_55.csv,persistent_leak,55_106_129,24,106,129,63600,77400,1,0.9996598,1
train,55,data_55.csv,persistent_leak,55_107_130,24,107,130,64200,78000,1,0.99984145,1
train,55,data_55.csv,persistent_leak,55_108_131,24,108,131,64800,78600,1,0.9998492,1
train,55,data_55.csv,persistent_leak,55_109_132,24,109,132,65400,79200,1,0.9996542,1
train,55,data_55.csv,persistent_leak,55_110_133,24,110,133,66000,79800,1,0.99900985,1
train,55,data_55.csv,persistent_leak,55_111_134,24,111,134,66600,80400,1,0.99803025,1
train,55,data_55.csv,persistent_leak,55_112_135,24,112,135,67200,81000,1,0.99821484,1
train,55,data_55.csv,persistent_leak,55_113_136,24,113,136,67800,81600,1,0.9961104,1
train,55,data_55.csv,persistent_leak,55_114_137,24,114,137,68400,82200,1,0.99018234,1
train,55,data_55.csv,persistent_leak,55_115_138,24,115,138,69000,82800,1,0.98020226,1
train,55,data_55.csv,persistent_leak,55_116_139,24,116,139,69600,83400,1,0.9699167,1
train,55,data_55.csv,persistent_leak,55_117_140,24,117,140,70200,84000,1,0.9594768,1
train,55,data_55.csv,persistent_leak,55_118_141,24,118,141,70800,84600,1,0.9492028,1
train,55,data_55.csv,persistent_leak,55_119_142,24,119,142,71400,85200,1,0.8854755,1
train,55,data_55.csv,persistent_leak,55_120_143,24,120,143,72000,85800,1,0.6041836,0
train,55,data_55.csv,persistent_leak,55_121_144,24,121,144,72600,86400,1,0.49967703,0
train,56,data_56.csv,onset_leak,56_0_23,24,0,23,0,13800,0,3.898023e-23,0
train,56,data_56.csv,onset_leak,56_1_24,24,1,24,600,14400,0,5.0924433e-23,0
train,56,data_56.csv,onset_leak,56_2_25,24,2,25,1200,15000,0,6.892639e-23,0
train,56,data_56.csv,onset_leak,56_3_26,24,3,26,1800,15600,0,8.272381e-23,0
train,56,data_56.csv,onset_leak,56_4_27,24,4,27,2400,16200,0,8.654875e-23,0
train,56,data_56.csv,onset_leak,56_5_28,24,5,28,3000,16800,0,9.8909665e-23,0
train,56,data_56.csv,onset_leak,56_6_29,24,6,29,3600,17400,0,1.0834794e-22,0
train,56,data_56.csv,onset_leak,56_7_30,24,7,30,4200,18000,0,1.6592394e-22,0
train,56,data_56.csv,onset_leak,56_8_31,24,8,31,4800,18600,0,2.5287935e-22,0
train,56,data_56.csv,onset_leak,56_9_32,24,9,32,5400,19200,0,3.375661e-22,0
train,56,data_56.csv,onset_leak,56_10_33,24,10,33,6000,19800,0,3.8399495e-22,0
train,56,data_56.csv,onset_leak,56_11_34,24,11,34,6600,20400,0,4.9690366e-22,0
train,56,data_56.csv,onset_leak,56_12_35,24,12,35,7200,21000,0,6.264389e-22,0
train,56,data_56.csv,onset_leak,56_13_36,24,13,36,7800,21600,0,1.1204049e-21,0
train,56,data_56.csv,onset_leak,56_14_37,24,14,37,8400,22200,0,1.908798e-21,0
train,56,data_56.csv,onset_leak,56_15_38,24,15,38,9000,22800,0,2.8034375e-21,0
train,56,data_56.csv,onset_leak,56_16_39,24,16,39,9600,23400,0,3.4841066e-21,0
train,56,data_56.csv,onset_leak,56_17_40,24,17,40,10200,24000,0,5.112614e-21,0
train,56,data_56.csv,onset_leak,56_18_41,24,18,41,10800,24600,0,7.397833e-21,0
train,56,data_56.csv,onset_leak,56_19_42,24,19,42,11400,25200,0,1.5645806e-20,0
train,56,data_56.csv,onset_leak,56_20_43,24,20,43,12000,25800,0,3.058093e-20,0
train,56,data_56.csv,onset_leak,56_21_44,24,21,44,12600,26400,0,5.0019237e-20,0
train,56,data_56.csv,onset_leak,56_22_45,24,22,45,13200,27000,0,6.8392973e-20,0
train,56,data_56.csv,onset_leak,56_23_46,24,23,46,13800,27600,0,1.1484775e-19,0
train,56,data_56.csv,onset_leak,56_24_47,24,24,47,14400,28200,0,1.9081446e-19,0
train,56,data_56.csv,onset_leak,56_25_48,24,25,48,15000,28800,0,5.8063876e-19,0
train,56,data_56.csv,onset_leak,56_26_49,24,26,49,15600,29400,0,1.6767088e-18,0
train,56,data_56.csv,onset_leak,56_27_50,24,27,50,16200,30000,0,3.497188e-18,0
train,56,data_56.csv,onset_leak,56_28_51,24,28,51,16800,30600,0,5.4048478e-18,0
train,56,data_56.csv,onset_leak,56_29_52,24,29,52,17400,31200,0,1.1086728e-17,0
train,56,data_56.csv,onset_leak,56_30_53,24,30,53,18000,31800,0,2.1018858e-17,0
train,56,data_56.csv,onset_leak,56_31_54,24,31,54,18600,32400,0,2.2955625e-16,0
train,56,data_56.csv,onset_leak,56_32_55,24,32,55,19200,33000,0,3.073562e-15,0
train,56,data_56.csv,onset_leak,56_33_56,24,33,56,19800,33600,0,1.7408297e-14,0
train,56,data_56.csv,onset_leak,56_34_57,24,34,57,20400,34200,0,3.3236567e-14,0
train,56,data_56.csv,onset_leak,56_35_58,24,35,58,21000,34800,0,1.4804534e-13,0
train,56,data_56.csv,onset_leak,56_36_59,24,36,59,21600,35400,0,4.1127589e-13,0
train,56,data_56.csv,onset_leak,56_37_60,24,37,60,22200,36000,0,2.1423389e-11,0
train,56,data_56.csv,onset_leak,56_38_61,24,38,61,22800,36600,0,1.2836736e-10,0
train,56,data_56.csv,onset_leak,56_39_62,24,39,62,23400,37200,0,2.7320632e-10,0
train,56,data_56.csv,onset_leak,56_40_63,24,40,63,24000,37800,0,3.471907e-10,0
train,56,data_56.csv,onset_leak,56_41_64,24,41,64,24600,38400,0,9.358124e-10,0
train,56,data_56.csv,onset_leak,56_42_65,24,42,65,25200,39000,0,2.65404e-09,0
train,56,data_56.csv,onset_leak,56_43_66,24,43,66,25800,39600,0,1.795171e-07,0
train,56,data_56.csv,onset_leak,56_44_67,24,44,67,26400,40200,0,1.5196326e-07,0
train,56,data_56.csv,onset_leak,56_45_68,24,45,68,27000,40800,0,1.4505083e-07,0
train,56,data_56.csv,onset_leak,56_46_69,24,46,69,27600,41400,0,2.1843299e-07,0
train,56,data_56.csv,onset_leak,56_47_70,24,47,70,28200,42000,0,8.347061e-07,0
train,56,data_56.csv,onset_leak,56_48_71,24,48,71,28800,42600,0,2.7212957e-06,0
train,56,data_56.csv,onset_leak,56_49_72,24,49,72,29400,43200,1,0.85170573,1
train,56,data_56.csv,onset_leak,56_50_73,24,50,73,30000,43800,1,0.9959337,1
train,56,data_56.csv,onset_leak,56_51_74,24,51,74,30600,44400,1,0.9928268,1
train,56,data_56.csv,onset_leak,56_52_75,24,52,75,31200,45000,1,0.99555814,1
train,56,data_56.csv,onset_leak,56_53_76,24,53,76,31800,45600,1,0.9976434,1
train,56,data_56.csv,onset_leak,56_54_77,24,54,77,32400,46200,1,0.99864906,1
train,56,data_56.csv,onset_leak,56_55_78,24,55,78,33000,46800,1,0.9962603,1
train,56,data_56.csv,onset_leak,56_56_79,24,56,79,33600,47400,1,0.9879754,1
train,56,data_56.csv,onset_leak,56_57_80,24,57,80,34200,48000,1,0.9865003,1
train,56,data_56.csv,onset_leak,56_58_81,24,58,81,34800,48600,1,0.98126316,1
train,56,data_56.csv,onset_leak,56_59_82,24,59,82,35400,49200,1,0.9881805,1
train,56,data_56.csv,onset_leak,56_60_83,24,60,83,36000,49800,1,0.9854232,1
train,56,data_56.csv,onset_leak,56_61_84,24,61,84,36600,50400,1,0.9904371,1
train,56,data_56.csv,onset_leak,56_62_85,24,62,85,37200,51000,1,0.9907588,1
train,56,data_56.csv,onset_leak,56_63_86,24,63,86,37800,51600,1,0.9867487,1
train,56,data_56.csv,onset_leak,56_64_87,24,64,87,38400,52200,1,0.9819567,1
train,56,data_56.csv,onset_leak,56_65_88,24,65,88,39000,52800,1,0.97940296,1
train,56,data_56.csv,onset_leak,56_66_89,24,66,89,39600,53400,1,0.9805736,1
train,56,data_56.csv,onset_leak,56_67_90,24,67,90,40200,54000,1,0.97678775,1
train,56,data_56.csv,onset_leak,56_68_91,24,68,91,40800,54600,1,0.9739982,1
train,56,data_56.csv,onset_leak,56_69_92,24,69,92,41400,55200,1,0.96478117,1
train,56,data_56.csv,onset_leak,56_70_93,24,70,93,42000,55800,1,0.9662368,1
train,56,data_56.csv,onset_leak,56_71_94,24,71,94,42600,56400,1,0.9773691,1
train,56,data_56.csv,onset_leak,56_72_95,24,72,95,43200,57000,1,0.9920936,1
train,56,data_56.csv,onset_leak,56_73_96,24,73,96,43800,57600,1,0.99086386,1
train,56,data_56.csv,onset_leak,56_74_97,24,74,97,44400,58200,1,0.9897802,1
train,56,data_56.csv,onset_leak,56_75_98,24,75,98,45000,58800,1,0.99027526,1
train,56,data_56.csv,onset_leak,56_76_99,24,76,99,45600,59400,1,0.9902351,1
train,56,data_56.csv,onset_leak,56_77_100,24,77,100,46200,60000,1,0.98987573,1
train,56,data_56.csv,onset_leak,56_78_101,24,78,101,46800,60600,1,0.9892686,1
train,56,data_56.csv,onset_leak,56_79_102,24,79,102,47400,61200,1,0.98955816,1
train,56,data_56.csv,onset_leak,56_80_103,24,80,103,48000,61800,1,0.9896918,1
train,56,data_56.csv,onset_leak,56_81_104,24,81,104,48600,62400,1,0.9895365,1
train,56,data_56.csv,onset_leak,56_82_105,24,82,105,49200,63000,1,0.9894218,1
train,56,data_56.csv,onset_leak,56_83_106,24,83,106,49800,63600,1,0.989094,1
train,56,data_56.csv,onset_leak,56_84_107,24,84,107,50400,64200,1,0.9888496,1
train,56,data_56.csv,onset_leak,56_85_108,24,85,108,51000,64800,1,0.9907478,1
train,56,data_56.csv,onset_leak,56_86_109,24,86,109,51600,65400,1,0.9913338,1
train,56,data_56.csv,onset_leak,56_87_110,24,87,110,52200,66000,1,0.9902682,1
train,56,data_56.csv,onset_leak,56_88_111,24,88,111,52800,66600,1,0.99070716,1
train,56,data_56.csv,onset_leak,56_89_112,24,89,112,53400,67200,1,0.9905071,1
train,56,data_56.csv,onset_leak,56_90_113,24,90,113,54000,67800,1,0.9905752,1
train,56,data_56.csv,onset_leak,56_91_114,24,91,114,54600,68400,1,0.98563623,1
train,56,data_56.csv,onset_leak,56_92_115,24,92,115,55200,69000,1,0.9827344,1
train,56,data_56.csv,onset_leak,56_93_116,24,93,116,55800,69600,1,0.9834969,1
train,56,data_56.csv,onset_leak,56_94_117,24,94,117,56400,70200,1,0.9817946,1
train,56,data_56.csv,onset_leak,56_95_118,24,95,118,57000,70800,1,0.981928,1
train,56,data_56.csv,onset_leak,56_96_119,24,96,119,57600,71400,1,0.9787443,1
train,56,data_56.csv,onset_leak,56_97_120,24,97,120,58200,72000,1,0.9658462,1
train,56,data_56.csv,onset_leak,56_98_121,24,98,121,58800,72600,1,0.9598215,1
train,56,data_56.csv,onset_leak,56_99_122,24,99,122,59400,73200,1,0.97019136,1
train,56,data_56.csv,onset_leak,56_100_123,24,100,123,60000,73800,1,0.9726677,1
train,56,data_56.csv,onset_leak,56_101_124,24,101,124,60600,74400,1,0.97691464,1
train,56,data_56.csv,onset_leak,56_102_125,24,102,125,61200,75000,1,0.97957885,1
train,56,data_56.csv,onset_leak,56_103_126,24,103,126,61800,75600,1,0.98037213,1
train,56,data_56.csv,onset_leak,56_104_127,24,104,127,62400,76200,1,0.98099697,1
train,56,data_56.csv,onset_leak,56_105_128,24,105,128,63000,76800,1,0.98766637,1
train,56,data_56.csv,onset_leak,56_106_129,24,106,129,63600,77400,1,0.990191,1
train,56,data_56.csv,onset_leak,56_107_130,24,107,130,64200,78000,1,0.9935353,1
train,56,data_56.csv,onset_leak,56_108_131,24,108,131,64800,78600,1,0.9948726,1
train,56,data_56.csv,onset_leak,56_109_132,24,109,132,65400,79200,1,0.99321574,1
train,56,data_56.csv,onset_leak,56_110_133,24,110,133,66000,79800,1,0.9893267,1
train,56,data_56.csv,onset_leak,56_111_134,24,111,134,66600,80400,1,0.989952,1
train,56,data_56.csv,onset_leak,56_112_135,24,112,135,67200,81000,1,0.9911664,1
train,56,data_56.csv,onset_leak,56_113_136,24,113,136,67800,81600,1,0.9904095,1
train,56,data_56.csv,onset_leak,56_114_137,24,114,137,68400,82200,1,0.9886121,1
train,56,data_56.csv,onset_leak,56_115_138,24,115,138,69000,82800,1,0.9875218,1
train,56,data_56.csv,onset_leak,56_116_139,24,116,139,69600,83400,1,0.97881365,1
train,56,data_56.csv,onset_leak,56_117_140,24,117,140,70200,84000,1,0.978587,1
train,56,data_56.csv,onset_leak,56_118_141,24,118,141,70800,84600,1,0.9782282,1
train,56,data_56.csv,onset_leak,56_119_142,24,119,142,71400,85200,1,0.97754854,1
train,56,data_56.csv,onset_leak,56_120_143,24,120,143,72000,85800,1,0.96381664,1
train,56,data_56.csv,onset_leak,56_121_144,24,121,144,72600,86400,1,0.89921814,1
train,57,data_57.csv,onset_leak,57_0_23,24,0,23,0,13800,0,1.9338049e-21,0
train,57,data_57.csv,onset_leak,57_1_24,24,1,24,600,14400,0,3.2514616e-21,0
train,57,data_57.csv,onset_leak,57_2_25,24,2,25,1200,15000,0,5.0277467e-21,0
train,57,data_57.csv,onset_leak,57_3_26,24,3,26,1800,15600,0,7.08469e-21,0
train,57,data_57.csv,onset_leak,57_4_27,24,4,27,2400,16200,0,9.064568e-21,0
train,57,data_57.csv,onset_leak,57_5_28,24,5,28,3000,16800,0,1.3384406e-20,0
train,57,data_57.csv,onset_leak,57_6_29,24,6,29,3600,17400,0,2.0217155e-20,0
train,57,data_57.csv,onset_leak,57_7_30,24,7,30,4200,18000,0,3.487273e-20,0
train,57,data_57.csv,onset_leak,57_8_31,24,8,31,4800,18600,0,5.4188392e-20,0
train,57,data_57.csv,onset_leak,57_9_32,24,9,32,5400,19200,0,7.717252e-20,0
train,57,data_57.csv,onset_leak,57_10_33,24,10,33,6000,19800,0,1.0222839e-19,0
train,57,data_57.csv,onset_leak,57_11_34,24,11,34,6600,20400,0,1.5645576e-19,0
train,57,data_57.csv,onset_leak,57_12_35,24,12,35,7200,21000,0,2.4886044e-19,0
train,57,data_57.csv,onset_leak,57_13_36,24,13,36,7800,21600,0,4.465298e-19,0
train,57,data_57.csv,onset_leak,57_14_37,24,14,37,8400,22200,0,7.089996e-19,0
train,57,data_57.csv,onset_leak,57_15_38,24,15,38,9000,22800,0,1.0233575e-18,0
train,57,data_57.csv,onset_leak,57_16_39,24,16,39,9600,23400,0,1.3987799e-18,0
train,57,data_57.csv,onset_leak,57_17_40,24,17,40,10200,24000,0,2.205388e-18,0
train,57,data_57.csv,onset_leak,57_18_41,24,18,41,10800,24600,0,3.5789607e-18,0
train,57,data_57.csv,onset_leak,57_19_42,24,19,42,11400,25200,0,6.968374e-18,0
train,57,data_57.csv,onset_leak,57_20_43,24,20,43,12000,25800,0,1.2246496e-17,0
train,57,data_57.csv,onset_leak,57_21_44,24,21,44,12600,26400,0,1.8828465e-17,0
train,57,data_57.csv,onset_leak,57_22_45,24,22,45,13200,27000,0,2.6473e-17,0
train,57,data_57.csv,onset_leak,57_23_46,24,23,46,13800,27600,0,4.3883e-17,0
train,57,data_57.csv,onset_leak,57_24_47,24,24,47,14400,28200,0,7.374068e-17,0
train,57,data_57.csv,onset_leak,57_25_48,24,25,48,15000,28800,0,1.6693773e-16,0
train,57,data_57.csv,onset_leak,57_26_49,24,26,49,15600,29400,0,3.5426833e-16,0
train,57,data_57.csv,onset_leak,57_27_50,24,27,50,16200,30000,0,6.137669e-16,0
train,57,data_57.csv,onset_leak,57_28_51,24,28,51,16800,30600,0,8.884012e-16,0
train,57,data_57.csv,onset_leak,57_29_52,24,29,52,17400,31200,0,1.5951999e-15,0
train,57,data_57.csv,onset_leak,57_30_53,24,30,53,18000,31800,0,2.8171255e-15,0
train,57,data_57.csv,onset_leak,57_31_54,24,31,54,18600,32400,0,1.9174163e-14,0
train,57,data_57.csv,onset_leak,57_32_55,24,32,55,19200,33000,0,1.4625637e-13,0
train,57,data_57.csv,onset_leak,57_33_56,24,33,56,19800,33600,0,5.3535925e-13,0
train,57,data_57.csv,onset_leak,57_34_57,24,34,57,20400,34200,0,8.985336e-13,0
train,57,data_57.csv,onset_leak,57_35_58,24,35,58,21000,34800,0,2.6550233e-12,0
train,57,data_57.csv,onset_leak,57_36_59,24,36,59,21600,35400,0,5.4797052e-12,0
train,57,data_57.csv,onset_leak,57_37_60,24,37,60,22200,36000,0,1.0766139e-10,0
train,57,data_57.csv,onset_leak,57_38_61,24,38,61,22800,36600,0,1.0455404e-09,0
train,57,data_57.csv,onset_leak,57_39_62,24,39,62,23400,37200,0,2.0632147e-09,0
train,57,data_57.csv,onset_leak,57_40_63,24,40,63,24000,37800,0,3.017672e-09,0
train,57,data_57.csv,onset_leak,57_41_64,24,41,64,24600,38400,0,6.7052475e-09,0
train,57,data_57.csv,onset_leak,57_42_65,24,42,65,25200,39000,0,1.4819545e-08,0
train,57,data_57.csv,onset_leak,57_43_66,24,43,66,25800,39600,0,2.1104809e-07,0
train,57,data_57.csv,onset_leak,57_44_67,24,44,67,26400,40200,0,1.7019029e-07,0
train,57,data_57.csv,onset_leak,57_45_68,24,45,68,27000,40800,0,2.2385602e-07,0
train,57,data_57.csv,onset_leak,57_46_69,24,46,69,27600,41400,0,2.763815e-07,0
train,57,data_57.csv,onset_leak,57_47_70,24,47,70,28200,42000,0,8.561597e-07,0
train,57,data_57.csv,onset_leak,57_48_71,24,48,71,28800,42600,0,1.8265105e-06,0
train,57,data_57.csv,onset_leak,57_49_72,24,49,72,29400,43200,1,0.56232476,0
train,57,data_57.csv,onset_leak,57_50_73,24,50,73,30000,43800,1,0.9787588,1
train,57,data_57.csv,onset_leak,57_51_74,24,51,74,30600,44400,1,0.96030116,1
train,57,data_57.csv,onset_leak,57_52_75,24,52,75,31200,45000,1,0.97711027,1
train,57,data_57.csv,onset_leak,57_53_76,24,53,76,31800,45600,1,0.99063957,1
train,57,data_57.csv,onset_leak,57_54_77,24,54,77,32400,46200,1,0.9942867,1
train,57,data_57.csv,onset_leak,57_55_78,24,55,78,33000,46800,1,0.96974796,1
train,57,data_57.csv,onset_leak,57_56_79,24,56,79,33600,47400,1,0.76941466,1
train,57,data_57.csv,onset_leak,57_57_80,24,57,80,34200,48000,1,0.7068106,0
train,57,data_57.csv,onset_leak,57_58_81,24,58,81,34800,48600,1,0.75418943,1
train,57,data_57.csv,onset_leak,57_59_82,24,59,82,35400,49200,1,0.8970814,1
train,57,data_57.csv,onset_leak,57_60_83,24,60,83,36000,49800,1,0.9195402,1
train,57,data_57.csv,onset_leak,57_61_84,24,61,84,36600,50400,1,0.9438465,1
train,57,data_57.csv,onset_leak,57_62_85,24,62,85,37200,51000,1,0.94504446,1
train,57,data_57.csv,onset_leak,57_63_86,24,63,86,37800,51600,1,0.9207326,1
train,57,data_57.csv,onset_leak,57_64_87,24,64,87,38400,52200,1,0.89123833,1
train,57,data_57.csv,onset_leak,57_65_88,24,65,88,39000,52800,1,0.8795713,1
train,57,data_57.csv,onset_leak,57_66_89,24,66,89,39600,53400,1,0.87988234,1
train,57,data_57.csv,onset_leak,57_67_90,24,67,90,40200,54000,1,0.8509714,1
train,57,data_57.csv,onset_leak,57_68_91,24,68,91,40800,54600,1,0.8485406,1
train,57,data_57.csv,onset_leak,57_69_92,24,69,92,41400,55200,1,0.81122416,1
train,57,data_57.csv,onset_leak,57_70_93,24,70,93,42000,55800,1,0.8418824,1
train,57,data_57.csv,onset_leak,57_71_94,24,71,94,42600,56400,1,0.9010737,1
train,57,data_57.csv,onset_leak,57_72_95,24,72,95,43200,57000,1,0.97701615,1
train,57,data_57.csv,onset_leak,57_73_96,24,73,96,43800,57600,1,0.9735998,1
train,57,data_57.csv,onset_leak,57_74_97,24,74,97,44400,58200,1,0.9684056,1
train,57,data_57.csv,onset_leak,57_75_98,24,75,98,45000,58800,1,0.96667784,1
train,57,data_57.csv,onset_leak,57_76_99,24,76,99,45600,59400,1,0.966895,1
train,57,data_57.csv,onset_leak,57_77_100,24,77,100,46200,60000,1,0.9608506,1
train,57,data_57.csv,onset_leak,57_78_101,24,78,101,46800,60600,1,0.95176506,1
train,57,data_57.csv,onset_leak,57_79_102,24,79,102,47400,61200,1,0.944717,1
train,57,data_57.csv,onset_leak,57_80_103,24,80,103,48000,61800,1,0.9378107,1
train,57,data_57.csv,onset_leak,57_81_104,24,81,104,48600,62400,1,0.9356377,1
train,57,data_57.csv,onset_leak,57_82_105,24,82,105,49200,63000,1,0.9343527,1
train,57,data_57.csv,onset_leak,57_83_106,24,83,106,49800,63600,1,0.9243859,1
train,57,data_57.csv,onset_leak,57_84_107,24,84,107,50400,64200,1,0.9118409,1
train,57,data_57.csv,onset_leak,57_85_108,24,85,108,51000,64800,1,0.9045472,1
train,57,data_57.csv,onset_leak,57_86_109,24,86,109,51600,65400,1,0.89583147,1
train,57,data_57.csv,onset_leak,57_87_110,24,87,110,52200,66000,1,0.89673865,1
train,57,data_57.csv,onset_leak,57_88_111,24,88,111,52800,66600,1,0.896544,1
train,57,data_57.csv,onset_leak,57_89_112,24,89,112,53400,67200,1,0.89311475,1
train,57,data_57.csv,onset_leak,57_90_113,24,90,113,54000,67800,1,0.8881053,1
train,57,data_57.csv,onset_leak,57_91_114,24,91,114,54600,68400,1,0.87209666,1
train,57,data_57.csv,onset_leak,57_92_115,24,92,115,55200,69000,1,0.84200376,1
train,57,data_57.csv,onset_leak,57_93_116,24,93,116,55800,69600,1,0.8604363,1
train,57,data_57.csv,onset_leak,57_94_117,24,94,117,56400,70200,1,0.8685572,1
train,57,data_57.csv,onset_leak,57_95_118,24,95,118,57000,70800,1,0.87544423,1
train,57,data_57.csv,onset_leak,57_96_119,24,96,119,57600,71400,1,0.87850034,1
train,57,data_57.csv,onset_leak,57_97_120,24,97,120,58200,72000,1,0.882361,1
train,57,data_57.csv,onset_leak,57_98_121,24,98,121,58800,72600,1,0.8722048,1
train,57,data_57.csv,onset_leak,57_99_122,24,99,122,59400,73200,1,0.8965536,1
train,57,data_57.csv,onset_leak,57_100_123,24,100,123,60000,73800,1,0.9019311,1
train,57,data_57.csv,onset_leak,57_101_124,24,101,124,60600,74400,1,0.91742516,1
train,57,data_57.csv,onset_leak,57_102_125,24,102,125,61200,75000,1,0.92349803,1
train,57,data_57.csv,onset_leak,57_103_126,24,103,126,61800,75600,1,0.93053144,1
train,57,data_57.csv,onset_leak,57_104_127,24,104,127,62400,76200,1,0.9209932,1
train,57,data_57.csv,onset_leak,57_105_128,24,105,128,63000,76800,1,0.9253725,1
train,57,data_57.csv,onset_leak,57_106_129,24,106,129,63600,77400,1,0.9360312,1
train,57,data_57.csv,onset_leak,57_107_130,24,107,130,64200,78000,1,0.94253653,1
train,57,data_57.csv,onset_leak,57_108_131,24,108,131,64800,78600,1,0.94281065,1
train,57,data_57.csv,onset_leak,57_109_132,24,109,132,65400,79200,1,0.92996705,1
train,57,data_57.csv,onset_leak,57_110_133,24,110,133,66000,79800,1,0.9042154,1
train,57,data_57.csv,onset_leak,57_111_134,24,111,134,66600,80400,1,0.8901016,1
train,57,data_57.csv,onset_leak,57_112_135,24,112,135,67200,81000,1,0.88751817,1
train,57,data_57.csv,onset_leak,57_113_136,24,113,136,67800,81600,1,0.85831344,1
train,57,data_57.csv,onset_leak,57_114_137,24,114,137,68400,82200,1,0.8122588,1
train,57,data_57.csv,onset_leak,57_115_138,24,115,138,69000,82800,1,0.7823512,1
train,57,data_57.csv,onset_leak,57_116_139,24,116,139,69600,83400,1,0.73561746,0
train,57,data_57.csv,onset_leak,57_117_140,24,117,140,70200,84000,1,0.67648745,0
train,57,data_57.csv,onset_leak,57_118_141,24,118,141,70800,84600,1,0.6176337,0
train,57,data_57.csv,onset_leak,57_119_142,24,119,142,71400,85200,1,0.48320785,0
train,57,data_57.csv,onset_leak,57_120_143,24,120,143,72000,85800,1,0.29491553,0
train,57,data_57.csv,onset_leak,57_121_144,24,121,144,72600,86400,1,0.20585224,0
train,58,data_58.csv,onset_leak,58_0_23,24,0,23,0,13800,0,6.861571e-25,0
train,58,data_58.csv,onset_leak,58_1_24,24,1,24,600,14400,0,2.4812328e-24,0
train,58,data_58.csv,onset_leak,58_2_25,24,2,25,1200,15000,0,1.9897992e-23,0
train,58,data_58.csv,onset_leak,58_3_26,24,3,26,1800,15600,0,4.9196935e-23,0
train,58,data_58.csv,onset_leak,58_4_27,24,4,27,2400,16200,0,3.1730867e-23,0
train,58,data_58.csv,onset_leak,58_5_28,24,5,28,3000,16800,0,3.1770228e-23,0
train,58,data_58.csv,onset_leak,58_6_29,24,6,29,3600,17400,0,1.1718239e-23,0
train,58,data_58.csv,onset_leak,58_7_30,24,7,30,4200,18000,0,7.7353075e-23,0
train,58,data_58.csv,onset_leak,58_8_31,24,8,31,4800,18600,0,1.1578064e-21,0
train,58,data_58.csv,onset_leak,58_9_32,24,9,32,5400,19200,0,7.583386e-21,0
train,58,data_58.csv,onset_leak,58_10_33,24,10,33,6000,19800,0,1.1467696e-20,0
train,58,data_58.csv,onset_leak,58_11_34,24,11,34,6600,20400,0,4.0868923e-20,0
train,58,data_58.csv,onset_leak,58_12_35,24,12,35,7200,21000,0,1.6398362e-19,0
train,58,data_58.csv,onset_leak,58_13_36,24,13,36,7800,21600,0,2.492558e-18,0
train,58,data_58.csv,onset_leak,58_14_37,24,14,37,8400,22200,0,1.4549677e-17,0
train,58,data_58.csv,onset_leak,58_15_38,24,15,38,9000,22800,0,2.9921495e-17,0
train,58,data_58.csv,onset_leak,58_16_39,24,16,39,9600,23400,0,6.204332e-17,0
train,58,data_58.csv,onset_leak,58_17_40,24,17,40,10200,24000,0,2.1891045e-16,0
train,58,data_58.csv,onset_leak,58_18_41,24,18,41,10800,24600,0,3.5927802e-16,0
train,58,data_58.csv,onset_leak,58_19_42,24,19,42,11400,25200,0,2.853598e-14,0
train,58,data_58.csv,onset_leak,58_20_43,24,20,43,12000,25800,0,3.368749e-13,0
train,58,data_58.csv,onset_leak,58_21_44,24,21,44,12600,26400,0,9.821816e-13,0
train,58,data_58.csv,onset_leak,58_22_45,24,22,45,13200,27000,0,4.8841174e-12,0
train,58,data_58.csv,onset_leak,58_23_46,24,23,46,13800,27600,0,5.900831e-11,0
train,58,data_58.csv,onset_leak,58_24_47,24,24,47,14400,28200,0,7.5540363e-10,0
train,58,data_58.csv,onset_leak,58_25_48,24,25,48,15000,28800,0,5.125135e-08,0
train,58,data_58.csv,onset_leak,58_26_49,24,26,49,15600,29400,0,1.2661903e-07,0
train,58,data_58.csv,onset_leak,58_27_50,24,27,50,16200,30000,0,2.0612043e-07,0
train,58,data_58.csv,onset_leak,58_28_51,24,28,51,16800,30600,0,5.0553587e-07,0
train,58,data_58.csv,onset_leak,58_29_52,24,29,52,17400,31200,0,4.1185026e-06,0
train,58,data_58.csv,onset_leak,58_30_53,24,30,53,18000,31800,0,4.3483185e-05,0
train,58,data_58.csv,onset_leak,58_31_54,24,31,54,18600,32400,0,7.837422e-06,0
train,58,data_58.csv,onset_leak,58_32_55,24,32,55,19200,33000,0,1.2143913e-06,0
train,58,data_58.csv,onset_leak,58_33_56,24,33,56,19800,33600,0,5.881429e-07,0
train,58,data_58.csv,onset_leak,58_34_57,24,34,57,20400,34200,0,6.6590803e-07,0
train,58,data_58.csv,onset_leak,58_35_58,24,35,58,21000,34800,0,1.0620139e-06,0
train,58,data_58.csv,onset_leak,58_36_59,24,36,59,21600,35400,0,5.172789e-06,0
train,58,data_58.csv,onset_leak,58_37_60,24,37,60,22200,36000,0,1.3247385e-05,0
train,58,data_58.csv,onset_leak,58_38_61,24,38,61,22800,36600,0,8.453048e-06,0
train,58,data_58.csv,onset_leak,58_39_62,24,39,62,23400,37200,0,9.696235e-06,0
train,58,data_58.csv,onset_leak,58_40_63,24,40,63,24000,37800,0,3.3177632e-05,0
train,58,data_58.csv,onset_leak,58_41_64,24,41,64,24600,38400,0,0.00012422405,0
train,58,data_58.csv,onset_leak,58_42_65,24,42,65,25200,39000,0,0.00037658168,0
train,58,data_58.csv,onset_leak,58_43_66,24,43,66,25800,39600,0,0.000536291,0
train,58,data_58.csv,onset_leak,58_44_67,24,44,67,26400,40200,0,0.0027314657,0
train,58,data_58.csv,onset_leak,58_45_68,24,45,68,27000,40800,0,0.022094717,0
train,58,data_58.csv,onset_leak,58_46_69,24,46,69,27600,41400,0,0.03633824,0
train,58,data_58.csv,onset_leak,58_47_70,24,47,70,28200,42000,0,0.06429954,0
train,58,data_58.csv,onset_leak,58_48_71,24,48,71,28800,42600,0,0.062081933,0
train,58,data_58.csv,onset_leak,58_49_72,24,49,72,29400,43200,1,0.85419965,1
train,58,data_58.csv,onset_leak,58_50_73,24,50,73,30000,43800,1,0.9905309,1
train,58,data_58.csv,onset_leak,58_51_74,24,51,74,30600,44400,1,0.992023,1
train,58,data_58.csv,onset_leak,58_52_75,24,52,75,31200,45000,1,0.99536246,1
train,58,data_58.csv,onset_leak,58_53_76,24,53,76,31800,45600,1,0.995689,1
train,58,data_58.csv,onset_leak,58_54_77,24,54,77,32400,46200,1,0.9965689,1
train,58,data_58.csv,onset_leak,58_55_78,24,55,78,33000,46800,1,0.9918277,1
train,58,data_58.csv,onset_leak,58_56_79,24,56,79,33600,47400,1,0.9608002,1
train,58,data_58.csv,onset_leak,58_57_80,24,57,80,34200,48000,1,0.9869043,1
train,58,data_58.csv,onset_leak,58_58_81,24,58,81,34800,48600,1,0.98151886,1
train,58,data_58.csv,onset_leak,58_59_82,24,59,82,35400,49200,1,0.97895104,1
train,58,data_58.csv,onset_leak,58_60_83,24,60,83,36000,49800,1,0.8643227,1
train,58,data_58.csv,onset_leak,58_61_84,24,61,84,36600,50400,1,0.9298018,1
train,58,data_58.csv,onset_leak,58_62_85,24,62,85,37200,51000,1,0.9178777,1
train,58,data_58.csv,onset_leak,58_63_86,24,63,86,37800,51600,1,0.83029425,1
train,58,data_58.csv,onset_leak,58_64_87,24,64,87,38400,52200,1,0.7293646,0
train,58,data_58.csv,onset_leak,58_65_88,24,65,88,39000,52800,1,0.5845546,0
train,58,data_58.csv,onset_leak,58_66_89,24,66,89,39600,53400,1,0.72981215,0
train,58,data_58.csv,onset_leak,58_67_90,24,67,90,40200,54000,1,0.64686906,0
train,58,data_58.csv,onset_leak,58_68_91,24,68,91,40800,54600,1,0.7615288,1
train,58,data_58.csv,onset_leak,58_69_92,24,69,92,41400,55200,1,0.72972053,0
train,58,data_58.csv,onset_leak,58_70_93,24,70,93,42000,55800,1,0.8366919,1
train,58,data_58.csv,onset_leak,58_71_94,24,71,94,42600,56400,1,0.9417676,1
train,58,data_58.csv,onset_leak,58_72_95,24,72,95,43200,57000,1,0.99282724,1
train,58,data_58.csv,onset_leak,58_73_96,24,73,96,43800,57600,1,0.9931297,1
train,58,data_58.csv,onset_leak,58_74_97,24,74,97,44400,58200,1,0.9922166,1
train,58,data_58.csv,onset_leak,58_75_98,24,75,98,45000,58800,1,0.99133027,1
train,58,data_58.csv,onset_leak,58_76_99,24,76,99,45600,59400,1,0.99144125,1
train,58,data_58.csv,onset_leak,58_77_100,24,77,100,46200,60000,1,0.99073994,1
train,58,data_58.csv,onset_leak,58_78_101,24,78,101,46800,60600,1,0.9894455,1
train,58,data_58.csv,onset_leak,58_79_102,24,79,102,47400,61200,1,0.98676646,1
train,58,data_58.csv,onset_leak,58_80_103,24,80,103,48000,61800,1,0.98271286,1
train,58,data_58.csv,onset_leak,58_81_104,24,81,104,48600,62400,1,0.9731751,1
train,58,data_58.csv,onset_leak,58_82_105,24,82,105,49200,63000,1,0.9668796,1
train,58,data_58.csv,onset_leak,58_83_106,24,83,106,49800,63600,1,0.9484897,1
train,58,data_58.csv,onset_leak,58_84_107,24,84,107,50400,64200,1,0.92473483,1
train,58,data_58.csv,onset_leak,58_85_108,24,85,108,51000,64800,1,0.9524804,1
train,58,data_58.csv,onset_leak,58_86_109,24,86,109,51600,65400,1,0.9614907,1
train,58,data_58.csv,onset_leak,58_87_110,24,87,110,52200,66000,1,0.959919,1
train,58,data_58.csv,onset_leak,58_88_111,24,88,111,52800,66600,1,0.9603716,1
train,58,data_58.csv,onset_leak,58_89_112,24,89,112,53400,67200,1,0.9605124,1
train,58,data_58.csv,onset_leak,58_90_113,24,90,113,54000,67800,1,0.9562081,1
train,58,data_58.csv,onset_leak,58_91_114,24,91,114,54600,68400,1,0.9703734,1
train,58,data_58.csv,onset_leak,58_92_115,24,92,115,55200,69000,1,0.97410405,1
train,58,data_58.csv,onset_leak,58_93_116,24,93,116,55800,69600,1,0.9727337,1
train,58,data_58.csv,onset_leak,58_94_117,24,94,117,56400,70200,1,0.9734615,1
train,58,data_58.csv,onset_leak,58_95_118,24,95,118,57000,70800,1,0.97563905,1
train,58,data_58.csv,onset_leak,58_96_119,24,96,119,57600,71400,1,0.9774315,1
train,58,data_58.csv,onset_leak,58_97_120,24,97,120,58200,72000,1,0.9703874,1
train,58,data_58.csv,onset_leak,58_98_121,24,98,121,58800,72600,1,0.96544814,1
train,58,data_58.csv,onset_leak,58_99_122,24,99,122,59400,73200,1,0.96505773,1
train,58,data_58.csv,onset_leak,58_100_123,24,100,123,60000,73800,1,0.9620523,1
train,58,data_58.csv,onset_leak,58_101_124,24,101,124,60600,74400,1,0.9634074,1
train,58,data_58.csv,onset_leak,58_102_125,24,102,125,61200,75000,1,0.9623613,1
train,58,data_58.csv,onset_leak,58_103_126,24,103,126,61800,75600,1,0.95173645,1
train,58,data_58.csv,onset_leak,58_104_127,24,104,127,62400,76200,1,0.94431776,1
train,58,data_58.csv,onset_leak,58_105_128,24,105,128,63000,76800,1,0.9448801,1
train,58,data_58.csv,onset_leak,58_106_129,24,106,129,63600,77400,1,0.9489969,1
train,58,data_58.csv,onset_leak,58_107_130,24,107,130,64200,78000,1,0.95957816,1
train,58,data_58.csv,onset_leak,58_108_131,24,108,131,64800,78600,1,0.9678143,1
train,58,data_58.csv,onset_leak,58_109_132,24,109,132,65400,79200,1,0.9596833,1
train,58,data_58.csv,onset_leak,58_110_133,24,110,133,66000,79800,1,0.94707716,1
train,58,data_58.csv,onset_leak,58_111_134,24,111,134,66600,80400,1,0.9671737,1
train,58,data_58.csv,onset_leak,58_112_135,24,112,135,67200,81000,1,0.9754847,1
train,58,data_58.csv,onset_leak,58_113_136,24,113,136,67800,81600,1,0.98424214,1
train,58,data_58.csv,onset_leak,58_114_137,24,114,137,68400,82200,1,0.9883309,1
train,58,data_58.csv,onset_leak,58_115_138,24,115,138,69000,82800,1,0.9885306,1
train,58,data_58.csv,onset_leak,58_116_139,24,116,139,69600,83400,1,0.98023707,1
train,58,data_58.csv,onset_leak,58_117_140,24,117,140,70200,84000,1,0.98184305,1
train,58,data_58.csv,onset_leak,58_118_141,24,118,141,70800,84600,1,0.9812837,1
train,58,data_58.csv,onset_leak,58_119_142,24,119,142,71400,85200,1,0.98497,1
train,58,data_58.csv,onset_leak,58_120_143,24,120,143,72000,85800,1,0.98073983,1
train,58,data_58.csv,onset_leak,58_121_144,24,121,144,72600,86400,1,0.9628303,1
train,60,data_60.csv,onset_leak,60_0_23,24,0,23,0,13800,0,5.451738e-22,0
train,60,data_60.csv,onset_leak,60_1_24,24,1,24,600,14400,0,1.0942672e-21,0
train,60,data_60.csv,onset_leak,60_2_25,24,2,25,1200,15000,0,2.7365433e-21,0
train,60,data_60.csv,onset_leak,60_3_26,24,3,26,1800,15600,0,3.980523e-21,0
train,60,data_60.csv,onset_leak,60_4_27,24,4,27,2400,16200,0,3.3179695e-21,0
train,60,data_60.csv,onset_leak,60_5_28,24,5,28,3000,16800,0,3.2504446e-21,0
train,60,data_60.csv,onset_leak,60_6_29,24,6,29,3600,17400,0,1.9152676e-21,0
train,60,data_60.csv,onset_leak,60_7_30,24,7,30,4200,18000,0,4.9208623e-21,0
train,60,data_60.csv,onset_leak,60_8_31,24,8,31,4800,18600,0,1.5045737e-20,0
train,60,data_60.csv,onset_leak,60_9_32,24,9,32,5400,19200,0,3.3339195e-20,0
train,60,data_60.csv,onset_leak,60_10_33,24,10,33,6000,19800,0,4.4029315e-20,0
train,60,data_60.csv,onset_leak,60_11_34,24,11,34,6600,20400,0,8.5840306e-20,0
train,60,data_60.csv,onset_leak,60_12_35,24,12,35,7200,21000,0,1.8112528e-19,0
train,60,data_60.csv,onset_leak,60_13_36,24,13,36,7800,21600,0,6.4899345e-19,0
train,60,data_60.csv,onset_leak,60_14_37,24,14,37,8400,22200,0,1.68516e-18,0
train,60,data_60.csv,onset_leak,60_15_38,24,15,38,9000,22800,0,3.166976e-18,0
train,60,data_60.csv,onset_leak,60_16_39,24,16,39,9600,23400,0,5.3870634e-18,0
train,60,data_60.csv,onset_leak,60_17_40,24,17,40,10200,24000,0,1.1321103e-17,0
train,60,data_60.csv,onset_leak,60_18_41,24,18,41,10800,24600,0,2.1813342e-17,0
train,60,data_60.csv,onset_leak,60_19_42,24,19,42,11400,25200,0,1.7244728e-16,0
train,60,data_60.csv,onset_leak,60_20_43,24,20,43,12000,25800,0,1.0545679e-15,0
train,60,data_60.csv,onset_leak,60_21_44,24,21,44,12600,26400,0,3.944229e-15,0
train,60,data_60.csv,onset_leak,60_22_45,24,22,45,13200,27000,0,1.0230824e-14,0
train,60,data_60.csv,onset_leak,60_23_46,24,23,46,13800,27600,0,4.3657488e-14,0
train,60,data_60.csv,onset_leak,60_24_47,24,24,47,14400,28200,0,1.5507207e-13,0
train,60,data_60.csv,onset_leak,60_25_48,24,25,48,15000,28800,0,1.2503155e-12,0
train,60,data_60.csv,onset_leak,60_26_49,24,26,49,15600,29400,0,9.656794e-12,0
train,60,data_60.csv,onset_leak,60_27_50,24,27,50,16200,30000,0,3.4726003e-11,0
train,60,data_60.csv,onset_leak,60_28_51,24,28,51,16800,30600,0,7.064202e-11,0
train,60,data_60.csv,onset_leak,60_29_52,24,29,52,17400,31200,0,3.215426e-10,0
train,60,data_60.csv,onset_leak,60_30_53,24,30,53,18000,31800,0,1.3774967e-09,0
train,60,data_60.csv,onset_leak,60_31_54,24,31,54,18600,32400,0,6.2756484e-09,0
train,60,data_60.csv,onset_leak,60_32_55,24,32,55,19200,33000,0,7.160006e-09,0
train,60,data_60.csv,onset_leak,60_33_56,24,33,56,19800,33600,0,1.0411827e-08,0
train,60,data_60.csv,onset_leak,60_34_57,24,34,57,20400,34200,0,1.5992299e-08,0
train,60,data_60.csv,onset_leak,60_35_58,24,35,58,21000,34800,0,2.7832158e-08,0
train,60,data_60.csv,onset_leak,60_36_59,24,36,59,21600,35400,0,7.051155e-08,0
train,60,data_60.csv,onset_leak,60_37_60,24,37,60,22200,36000,0,5.946389e-07,0
train,60,data_60.csv,onset_leak,60_38_61,24,38,61,22800,36600,0,1.654958e-06,0
train,60,data_60.csv,onset_leak,60_39_62,24,39,62,23400,37200,0,3.809731e-06,0
train,60,data_60.csv,onset_leak,60_40_63,24,40,63,24000,37800,0,1.4087979e-05,0
train,60,data_60.csv,onset_leak,60_41_64,24,41,64,24600,38400,0,5.5228506e-05,0
train,60,data_60.csv,onset_leak,60_42_65,24,42,65,25200,39000,0,0.00031154265,0
train,60,data_60.csv,onset_leak,60_43_66,24,43,66,25800,39600,0,0.0039697294,0
train,60,data_60.csv,onset_leak,60_44_67,24,44,67,26400,40200,0,0.013535796,0
train,60,data_60.csv,onset_leak,60_45_68,24,45,68,27000,40800,0,0.033008076,0
train,60,data_60.csv,onset_leak,60_46_69,24,46,69,27600,41400,0,0.046158973,0
train,60,data_60.csv,onset_leak,60_47_70,24,47,70,28200,42000,0,0.122240774,0
train,60,data_60.csv,onset_leak,60_48_71,24,48,71,28800,42600,0,0.38903075,0
train,60,data_60.csv,onset_leak,60_49_72,24,49,72,29400,43200,1,0.9963404,1
train,60,data_60.csv,onset_leak,60_50_73,24,50,73,30000,43800,1,0.9987477,1
train,60,data_60.csv,onset_leak,60_51_74,24,51,74,30600,44400,1,0.99803394,1
train,60,data_60.csv,onset_leak,60_52_75,24,52,75,31200,45000,1,0.99805886,1
train,60,data_60.csv,onset_leak,60_53_76,24,53,76,31800,45600,1,0.9990114,1
train,60,data_60.csv,onset_leak,60_54_77,24,54,77,32400,46200,1,0.9993037,1
train,60,data_60.csv,onset_leak,60_55_78,24,55,78,33000,46800,1,0.99659073,1
train,60,data_60.csv,onset_leak,60_56_79,24,56,79,33600,47400,1,0.98202777,1
train,60,data_60.csv,onset_leak,60_57_80,24,57,80,34200,48000,1,0.97161365,1
train,60,data_60.csv,onset_leak,60_58_81,24,58,81,34800,48600,1,0.96123415,1
train,60,data_60.csv,onset_leak,60_59_82,24,59,82,35400,49200,1,0.9649716,1
train,60,data_60.csv,onset_leak,60_60_83,24,60,83,36000,49800,1,0.9304356,1
train,60,data_60.csv,onset_leak,60_61_84,24,61,84,36600,50400,1,0.8927236,1
train,60,data_60.csv,onset_leak,60_62_85,24,62,85,37200,51000,1,0.8749422,1
train,60,data_60.csv,onset_leak,60_63_86,24,63,86,37800,51600,1,0.80227757,1
train,60,data_60.csv,onset_leak,60_64_87,24,64,87,38400,52200,1,0.6879818,0
train,60,data_60.csv,onset_leak,60_65_88,24,65,88,39000,52800,1,0.6741792,0
train,60,data_60.csv,onset_leak,60_66_89,24,66,89,39600,53400,1,0.750924,1
train,60,data_60.csv,onset_leak,60_67_90,24,67,90,40200,54000,1,0.6135276,0
train,60,data_60.csv,onset_leak,60_68_91,24,68,91,40800,54600,1,0.402212,0
train,60,data_60.csv,onset_leak,60_69_92,24,69,92,41400,55200,1,0.64051807,0
train,60,data_60.csv,onset_leak,60_70_93,24,70,93,42000,55800,1,0.8602543,1
train,60,data_60.csv,onset_leak,60_71_94,24,71,94,42600,56400,1,0.978207,1
train,60,data_60.csv,onset_leak,60_72_95,24,72,95,43200,57000,1,0.9951538,1
train,60,data_60.csv,onset_leak,60_73_96,24,73,96,43800,57600,1,0.9945175,1
train,60,data_60.csv,onset_leak,60_74_97,24,74,97,44400,58200,1,0.99271446,1
train,60,data_60.csv,onset_leak,60_75_98,24,75,98,45000,58800,1,0.99178517,1
train,60,data_60.csv,onset_leak,60_76_99,24,76,99,45600,59400,1,0.99218583,1
train,60,data_60.csv,onset_leak,60_77_100,24,77,100,46200,60000,1,0.99036086,1
train,60,data_60.csv,onset_leak,60_78_101,24,78,101,46800,60600,1,0.9871803,1
train,60,data_60.csv,onset_leak,60_79_102,24,79,102,47400,61200,1,0.9821529,1
train,60,data_60.csv,onset_leak,60_80_103,24,80,103,48000,61800,1,0.9751483,1
train,60,data_60.csv,onset_leak,60_81_104,24,81,104,48600,62400,1,0.9663032,1
train,60,data_60.csv,onset_leak,60_82_105,24,82,105,49200,63000,1,0.96112615,1
train,60,data_60.csv,onset_leak,60_83_106,24,83,106,49800,63600,1,0.9331147,1
train,60,data_60.csv,onset_leak,60_84_107,24,84,107,50400,64200,1,0.87458175,1
train,60,data_60.csv,onset_leak,60_85_108,24,85,108,51000,64800,1,0.87018734,1
train,60,data_60.csv,onset_leak,60_86_109,24,86,109,51600,65400,1,0.87096936,1
train,60,data_60.csv,onset_leak,60_87_110,24,87,110,52200,66000,1,0.8337513,1
train,60,data_60.csv,onset_leak,60_88_111,24,88,111,52800,66600,1,0.79688215,1
train,60,data_60.csv,onset_leak,60_89_112,24,89,112,53400,67200,1,0.7276037,0
train,60,data_60.csv,onset_leak,60_90_113,24,90,113,54000,67800,1,0.657226,0
train,60,data_60.csv,onset_leak,60_91_114,24,91,114,54600,68400,1,0.65849996,0
train,60,data_60.csv,onset_leak,60_92_115,24,92,115,55200,69000,1,0.65282786,0
train,60,data_60.csv,onset_leak,60_93_116,24,93,116,55800,69600,1,0.62760776,0
train,60,data_60.csv,onset_leak,60_94_117,24,94,117,56400,70200,1,0.6291172,0
train,60,data_60.csv,onset_leak,60_95_118,24,95,118,57000,70800,1,0.61113006,0
train,60,data_60.csv,onset_leak,60_96_119,24,96,119,57600,71400,1,0.589411,0
train,60,data_60.csv,onset_leak,60_97_120,24,97,120,58200,72000,1,0.56122,0
train,60,data_60.csv,onset_leak,60_98_121,24,98,121,58800,72600,1,0.5539587,0
train,60,data_60.csv,onset_leak,60_99_122,24,99,122,59400,73200,1,0.54840505,0
train,60,data_60.csv,onset_leak,60_100_123,24,100,123,60000,73800,1,0.5438862,0
train,60,data_60.csv,onset_leak,60_101_124,24,101,124,60600,74400,1,0.5400843,0
train,60,data_60.csv,onset_leak,60_102_125,24,102,125,61200,75000,1,0.5287179,0
train,60,data_60.csv,onset_leak,60_103_126,24,103,126,61800,75600,1,0.60939354,0
train,60,data_60.csv,onset_leak,60_104_127,24,104,127,62400,76200,1,0.64598227,0
train,60,data_60.csv,onset_leak,60_105_128,24,105,128,63000,76800,1,0.64269394,0
train,60,data_60.csv,onset_leak,60_106_129,24,106,129,63600,77400,1,0.6485899,0
train,60,data_60.csv,onset_leak,60_107_130,24,107,130,64200,78000,1,0.6802455,0
train,60,data_60.csv,onset_leak,60_108_131,24,108,131,64800,78600,1,0.7295436,0
train,60,data_60.csv,onset_leak,60_109_132,24,109,132,65400,79200,1,0.6116558,0
train,60,data_60.csv,onset_leak,60_110_133,24,110,133,66000,79800,1,0.5291982,0
train,60,data_60.csv,onset_leak,60_111_134,24,111,134,66600,80400,1,0.52900547,0
train,60,data_60.csv,onset_leak,60_112_135,24,112,135,67200,81000,1,0.53280574,0
train,60,data_60.csv,onset_leak,60_113_136,24,113,136,67800,81600,1,0.5433135,0
train,60,data_60.csv,onset_leak,60_114_137,24,114,137,68400,82200,1,0.5686595,0
train,60,data_60.csv,onset_leak,60_115_138,24,115,138,69000,82800,1,0.5850405,0
train,60,data_60.csv,onset_leak,60_116_139,24,116,139,69600,83400,1,0.46373335,0
train,60,data_60.csv,onset_leak,60_117_140,24,117,140,70200,84000,1,0.51713955,0
train,60,data_60.csv,onset_leak,60_118_141,24,118,141,70800,84600,1,0.41133282,0
train,60,data_60.csv,onset_leak,60_119_142,24,119,142,71400,85200,1,0.5259713,0
train,60,data_60.csv,onset_leak,60_120_143,24,120,143,72000,85800,1,0.5156409,0
train,60,data_60.csv,onset_leak,60_121_144,24,121,144,72600,86400,1,0.25078112,0
val,5,data_5.csv,normal,5_0_23,24,0,23,0,13800,0,8.440842e-25,0
val,5,data_5.csv,normal,5_1_24,24,1,24,600,14400,0,1.960968e-24,0
val,5,data_5.csv,normal,5_2_25,24,2,25,1200,15000,0,8.857919e-24,0
val,5,data_5.csv,normal,5_3_26,24,3,26,1800,15600,0,2.0031348e-23,0
val,5,data_5.csv,normal,5_4_27,24,4,27,2400,16200,0,1.6789188e-23,0
val,5,data_5.csv,normal,5_5_28,24,5,28,3000,16800,0,2.1415865e-23,0
val,5,data_5.csv,normal,5_6_29,24,6,29,3600,17400,0,1.7359908e-23,0
val,5,data_5.csv,normal,5_7_30,24,7,30,4200,18000,0,5.9742816e-23,0
val,5,data_5.csv,normal,5_8_31,24,8,31,4800,18600,0,3.8156813e-22,0
val,5,data_5.csv,normal,5_9_32,24,9,32,5400,19200,0,1.2633144e-21,0
val,5,data_5.csv,normal,5_10_33,24,10,33,6000,19800,0,1.3137092e-21,0
val,5,data_5.csv,normal,5_11_34,24,11,34,6600,20400,0,2.5777462e-21,0
val,5,data_5.csv,normal,5_12_35,24,12,35,7200,21000,0,4.937541e-21,0
val,5,data_5.csv,normal,5_13_36,24,13,36,7800,21600,0,2.7535188e-20,0
val,5,data_5.csv,normal,5_14_37,24,14,37,8400,22200,0,8.5169695e-20,0
val,5,data_5.csv,normal,5_15_38,24,15,38,9000,22800,0,1.6129234e-19,0
val,5,data_5.csv,normal,5_16_39,24,16,39,9600,23400,0,2.9172972e-19,0
val,5,data_5.csv,normal,5_17_40,24,17,40,10200,24000,0,6.3769964e-19,0
val,5,data_5.csv,normal,5_18_41,24,18,41,10800,24600,0,1.2509152e-18,0
val,5,data_5.csv,normal,5_19_42,24,19,42,11400,25200,0,8.100216e-18,0
val,5,data_5.csv,normal,5_20_43,24,20,43,12000,25800,0,2.6937936e-17,0
val,5,data_5.csv,normal,5_21_44,24,21,44,12600,26400,0,6.903238e-17,0
val,5,data_5.csv,normal,5_22_45,24,22,45,13200,27000,0,2.8688649e-16,0
val,5,data_5.csv,normal,5_23_46,24,23,46,13800,27600,0,1.5762123e-15,0
val,5,data_5.csv,normal,5_24_47,24,24,47,14400,28200,0,9.547606e-15,0
val,5,data_5.csv,normal,5_25_48,24,25,48,15000,28800,0,5.9161375e-14,0
val,5,data_5.csv,normal,5_26_49,24,26,49,15600,29400,0,3.3860517e-13,0
val,5,data_5.csv,normal,5_27_50,24,27,50,16200,30000,0,1.4796496e-12,0
val,5,data_5.csv,normal,5_28_51,24,28,51,16800,30600,0,5.0383773e-12,0
val,5,data_5.csv,normal,5_29_52,24,29,52,17400,31200,0,2.9781747e-11,0
val,5,data_5.csv,normal,5_30_53,24,30,53,18000,31800,0,2.2782484e-10,0
val,5,data_5.csv,normal,5_31_54,24,31,54,18600,32400,0,1.8517435e-10,0
val,5,data_5.csv,normal,5_32_55,24,32,55,19200,33000,0,9.951639e-11,0
val,5,data_5.csv,normal,5_33_56,24,33,56,19800,33600,0,7.9169504e-11,0
val,5,data_5.csv,normal,5_34_57,24,34,57,20400,34200,0,1.236599e-10,0
val,5,data_5.csv,normal,5_35_58,24,35,58,21000,34800,0,1.7851676e-10,0
val,5,data_5.csv,normal,5_36_59,24,36,59,21600,35400,0,5.779256e-10,0
val,5,data_5.csv,normal,5_37_60,24,37,60,22200,36000,0,5.589113e-09,0
val,5,data_5.csv,normal,5_38_61,24,38,61,22800,36600,0,3.7398294e-08,0
val,5,data_5.csv,normal,5_39_62,24,39,62,23400,37200,0,7.725074e-08,0
val,5,data_5.csv,normal,5_40_63,24,40,63,24000,37800,0,2.3130738e-07,0
val,5,data_5.csv,normal,5_41_64,24,41,64,24600,38400,0,6.272575e-07,0
val,5,data_5.csv,normal,5_42_65,24,42,65,25200,39000,0,5.7236826e-07,0
val,5,data_5.csv,normal,5_43_66,24,43,66,25800,39600,0,1.0752542e-06,0
val,5,data_5.csv,normal,5_44_67,24,44,67,26400,40200,0,3.5979733e-06,0
val,5,data_5.csv,normal,5_45_68,24,45,68,27000,40800,0,8.62402e-06,0
val,5,data_5.csv,normal,5_46_69,24,46,69,27600,41400,0,1.0267517e-05,0
val,5,data_5.csv,normal,5_47_70,24,47,70,28200,42000,0,3.128501e-05,0
val,5,data_5.csv,normal,5_48_71,24,48,71,28800,42600,0,0.00013819979,0
val,5,data_5.csv,normal,5_49_72,24,49,72,29400,43200,0,0.0013786238,0
val,5,data_5.csv,normal,5_50_73,24,50,73,30000,43800,0,0.0011763105,0
val,5,data_5.csv,normal,5_51_74,24,51,74,30600,44400,0,0.001269639,0
val,5,data_5.csv,normal,5_52_75,24,52,75,31200,45000,0,0.0009882663,0
val,5,data_5.csv,normal,5_53_76,24,53,76,31800,45600,0,0.0005459582,0
val,5,data_5.csv,normal,5_54_77,24,54,77,32400,46200,0,0.00017361365,0
val,5,data_5.csv,normal,5_55_78,24,55,78,33000,46800,0,0.00041260908,0
val,5,data_5.csv,normal,5_56_79,24,56,79,33600,47400,0,0.0004012991,0
val,5,data_5.csv,normal,5_57_80,24,57,80,34200,48000,0,0.00046737838,0
val,5,data_5.csv,normal,5_58_81,24,58,81,34800,48600,0,0.001020899,0
val,5,data_5.csv,normal,5_59_82,24,59,82,35400,49200,0,0.0032283913,0
val,5,data_5.csv,normal,5_60_83,24,60,83,36000,49800,0,0.015703524,0
val,5,data_5.csv,normal,5_61_84,24,61,84,36600,50400,0,0.06291051,0
val,5,data_5.csv,normal,5_62_85,24,62,85,37200,51000,0,0.07422043,0
val,5,data_5.csv,normal,5_63_86,24,63,86,37800,51600,0,0.07621301,0
val,5,data_5.csv,normal,5_64_87,24,64,87,38400,52200,0,0.11986012,0
val,5,data_5.csv,normal,5_65_88,24,65,88,39000,52800,0,0.11744203,0
val,5,data_5.csv,normal,5_66_89,24,66,89,39600,53400,0,0.13934883,0
val,5,data_5.csv,normal,5_67_90,24,67,90,40200,54000,0,0.3713071,0
val,5,data_5.csv,normal,5_68_91,24,68,91,40800,54600,0,0.50639176,0
val,5,data_5.csv,normal,5_69_92,24,69,92,41400,55200,0,0.4998119,0
val,5,data_5.csv,normal,5_70_93,24,70,93,42000,55800,0,0.53756845,0
val,5,data_5.csv,normal,5_71_94,24,71,94,42600,56400,0,0.6075868,0
val,5,data_5.csv,normal,5_72_95,24,72,95,43200,57000,0,0.71694154,0
val,5,data_5.csv,normal,5_73_96,24,73,96,43800,57600,0,0.92749375,1
val,5,data_5.csv,normal,5_74_97,24,74,97,44400,58200,0,0.9441305,1
val,5,data_5.csv,normal,5_75_98,24,75,98,45000,58800,0,0.94175446,1
val,5,data_5.csv,normal,5_76_99,24,76,99,45600,59400,0,0.93949646,1
val,5,data_5.csv,normal,5_77_100,24,77,100,46200,60000,0,0.9469608,1
val,5,data_5.csv,normal,5_78_101,24,78,101,46800,60600,0,0.9428745,1
val,5,data_5.csv,normal,5_79_102,24,79,102,47400,61200,0,0.97809106,1
val,5,data_5.csv,normal,5_80_103,24,80,103,48000,61800,0,0.983327,1
val,5,data_5.csv,normal,5_81_104,24,81,104,48600,62400,0,0.9800513,1
val,5,data_5.csv,normal,5_82_105,24,82,105,49200,63000,0,0.9739724,1
val,5,data_5.csv,normal,5_83_106,24,83,106,49800,63600,0,0.9740514,1
val,5,data_5.csv,normal,5_84_107,24,84,107,50400,64200,0,0.9652704,1
val,5,data_5.csv,normal,5_85_108,24,85,108,51000,64800,0,0.9570538,1
val,5,data_5.csv,normal,5_86_109,24,86,109,51600,65400,0,0.94372,1
val,5,data_5.csv,normal,5_87_110,24,87,110,52200,66000,0,0.9332733,1
val,5,data_5.csv,normal,5_88_111,24,88,111,52800,66600,0,0.915806,1
val,5,data_5.csv,normal,5_89_112,24,89,112,53400,67200,0,0.91820794,1
val,5,data_5.csv,normal,5_90_113,24,90,113,54000,67800,0,0.9137527,1
val,5,data_5.csv,normal,5_91_114,24,91,114,54600,68400,0,0.8179234,1
val,5,data_5.csv,normal,5_92_115,24,92,115,55200,69000,0,0.7458091,0
val,5,data_5.csv,normal,5_93_116,24,93,116,55800,69600,0,0.7290645,0
val,5,data_5.csv,normal,5_94_117,24,94,117,56400,70200,0,0.67634773,0
val,5,data_5.csv,normal,5_95_118,24,95,118,57000,70800,0,0.7011784,0
val,5,data_5.csv,normal,5_96_119,24,96,119,57600,71400,0,0.7490041,0
val,5,data_5.csv,normal,5_97_120,24,97,120,58200,72000,0,0.7389547,0
val,5,data_5.csv,normal,5_98_121,24,98,121,58800,72600,0,0.27814043,0
val,5,data_5.csv,normal,5_99_122,24,99,122,59400,73200,0,0.35057464,0
val,5,data_5.csv,normal,5_100_123,24,100,123,60000,73800,0,0.3519885,0
val,5,data_5.csv,normal,5_101_124,24,101,124,60600,74400,0,0.645665,0
val,5,data_5.csv,normal,5_102_125,24,102,125,61200,75000,0,0.8133499,1
val,5,data_5.csv,normal,5_103_126,24,103,126,61800,75600,0,0.7979933,1
val,5,data_5.csv,normal,5_104_127,24,104,127,62400,76200,0,0.0027514412,0
val,5,data_5.csv,normal,5_105_128,24,105,128,63000,76800,0,0.00030893332,0
val,5,data_5.csv,normal,5_106_129,24,106,129,63600,77400,0,0.00020987548,0
val,5,data_5.csv,normal,5_107_130,24,107,130,64200,78000,0,0.00041214636,0
val,5,data_5.csv,normal,5_108_131,24,108,131,64800,78600,0,0.0003871835,0
val,5,data_5.csv,normal,5_109_132,24,109,132,65400,79200,0,0.00015456737,0
val,5,data_5.csv,normal,5_110_133,24,110,133,66000,79800,0,9.815357e-07,0
val,5,data_5.csv,normal,5_111_134,24,111,134,66600,80400,0,3.1085466e-07,0
val,5,data_5.csv,normal,5_112_135,24,112,135,67200,81000,0,2.1517431e-07,0
val,5,data_5.csv,normal,5_113_136,24,113,136,67800,81600,0,1.095996e-07,0
val,5,data_5.csv,normal,5_114_137,24,114,137,68400,82200,0,5.5605664e-08,0
val,5,data_5.csv,normal,5_115_138,24,115,138,69000,82800,0,2.6099853e-08,0
val,5,data_5.csv,normal,5_116_139,24,116,139,69600,83400,0,8.3357e-09,0
val,5,data_5.csv,normal,5_117_140,24,117,140,70200,84000,0,6.3663834e-09,0
val,5,data_5.csv,normal,5_118_141,24,118,141,70800,84600,0,3.996958e-09,0
val,5,data_5.csv,normal,5_119_142,24,119,142,71400,85200,0,7.500513e-10,0
val,5,data_5.csv,normal,5_120_143,24,120,143,72000,85800,0,1.4434602e-10,0
val,5,data_5.csv,normal,5_121_144,24,121,144,72600,86400,0,1.4057414e-11,0
val,10,data_10.csv,normal,10_0_23,24,0,23,0,13800,0,1.8110222e-22,0
val,10,data_10.csv,normal,10_1_24,24,1,24,600,14400,0,1.4143747e-22,0
val,10,data_10.csv,normal,10_2_25,24,2,25,1200,15000,0,1.2334043e-22,0
val,10,data_10.csv,normal,10_3_26,24,3,26,1800,15600,0,1.0604296e-22,0
val,10,data_10.csv,normal,10_4_27,24,4,27,2400,16200,0,8.6138354e-23,0
val,10,data_10.csv,normal,10_5_28,24,5,28,3000,16800,0,6.662556e-23,0
val,10,data_10.csv,normal,10_6_29,24,6,29,3600,17400,0,4.7922918e-23,0
val,10,data_10.csv,normal,10_7_30,24,7,30,4200,18000,0,5.0015346e-23,0
val,10,data_10.csv,normal,10_8_31,24,8,31,4800,18600,0,6.064545e-23,0
val,10,data_10.csv,normal,10_9_32,24,9,32,5400,19200,0,6.35731e-23,0
val,10,data_10.csv,normal,10_10_33,24,10,33,6000,19800,0,5.441223e-23,0
val,10,data_10.csv,normal,10_11_34,24,11,34,6600,20400,0,4.8425154e-23,0
val,10,data_10.csv,normal,10_12_35,24,12,35,7200,21000,0,3.758687e-23,0
val,10,data_10.csv,normal,10_13_36,24,13,36,7800,21600,0,4.2564543e-23,0
val,10,data_10.csv,normal,10_14_37,24,14,37,8400,22200,0,5.5660094e-23,0
val,10,data_10.csv,normal,10_15_38,24,15,38,9000,22800,0,6.4284944e-23,0
val,10,data_10.csv,normal,10_16_39,24,16,39,9600,23400,0,6.0530345e-23,0
val,10,data_10.csv,normal,10_17_40,24,17,40,10200,24000,0,6.229213e-23,0
val,10,data_10.csv,normal,10_18_41,24,18,41,10800,24600,0,6.380975e-23,0
val,10,data_10.csv,normal,10_19_42,24,19,42,11400,25200,0,9.2609885e-23,0
val,10,data_10.csv,normal,10_20_43,24,20,43,12000,25800,0,1.2584461e-22,0
val,10,data_10.csv,normal,10_21_44,24,21,44,12600,26400,0,1.500245e-22,0
val,10,data_10.csv,normal,10_22_45,24,22,45,13200,27000,0,1.6274199e-22,0
val,10,data_10.csv,normal,10_23_46,24,23,46,13800,27600,0,1.9018993e-22,0
val,10,data_10.csv,normal,10_24_47,24,24,47,14400,28200,0,2.0513194e-22,0
val,10,data_10.csv,normal,10_25_48,24,25,48,15000,28800,0,3.1488394e-22,0
val,10,data_10.csv,normal,10_26_49,24,26,49,15600,29400,0,4.4066235e-22,0
val,10,data_10.csv,normal,10_27_50,24,27,50,16200,30000,0,5.8427734e-22,0
val,10,data_10.csv,normal,10_28_51,24,28,51,16800,30600,0,7.376272e-22,0
val,10,data_10.csv,normal,10_29_52,24,29,52,17400,31200,0,1.0444677e-21,0
val,10,data_10.csv,normal,10_30_53,24,30,53,18000,31800,0,1.5362802e-21,0
val,10,data_10.csv,normal,10_31_54,24,31,54,18600,32400,0,6.4175002e-21,0
val,10,data_10.csv,normal,10_32_55,24,32,55,19200,33000,0,3.05982e-20,0
val,10,data_10.csv,normal,10_33_56,24,33,56,19800,33600,0,8.1416887e-20,0
val,10,data_10.csv,normal,10_34_57,24,34,57,20400,34200,0,1.129215e-19,0
val,10,data_10.csv,normal,10_35_58,24,35,58,21000,34800,0,2.305792e-19,0
val,10,data_10.csv,normal,10_36_59,24,36,59,21600,35400,0,3.3065506e-19,0
val,10,data_10.csv,normal,10_37_60,24,37,60,22200,36000,0,6.0467035e-18,0
val,10,data_10.csv,normal,10_38_61,24,38,61,22800,36600,0,2.3551423e-16,0
val,10,data_10.csv,normal,10_39_62,24,39,62,23400,37200,0,1.838096e-15,0
val,10,data_10.csv,normal,10_40_63,24,40,63,24000,37800,0,3.4191798e-15,0
val,10,data_10.csv,normal,10_41_64,24,41,64,24600,38400,0,1.96401e-14,0
val,10,data_10.csv,normal,10_42_65,24,42,65,25200,39000,0,4.408836e-14,0
val,10,data_10.csv,normal,10_43_66,24,43,66,25800,39600,0,1.338275e-12,0
val,10,data_10.csv,normal,10_44_67,24,44,67,26400,40200,0,1.29645e-12,0
val,10,data_10.csv,normal,10_45_68,24,45,68,27000,40800,0,1.9480218e-12,0
val,10,data_10.csv,normal,10_46_69,24,46,69,27600,41400,0,4.2272384e-12,0
val,10,data_10.csv,normal,10_47_70,24,47,70,28200,42000,0,2.0976831e-11,0
val,10,data_10.csv,normal,10_48_71,24,48,71,28800,42600,0,8.3034635e-11,0
val,10,data_10.csv,normal,10_49_72,24,49,72,29400,43200,0,3.0162262e-10,0
val,10,data_10.csv,normal,10_50_73,24,50,73,30000,43800,0,1.6067589e-10,0
val,10,data_10.csv,normal,10_51_74,24,51,74,30600,44400,0,8.63086e-11,0
val,10,data_10.csv,normal,10_52_75,24,52,75,31200,45000,0,2.6959057e-10,0
val,10,data_10.csv,normal,10_53_76,24,53,76,31800,45600,0,8.073133e-10,0
val,10,data_10.csv,normal,10_54_77,24,54,77,32400,46200,0,3.6992336e-09,0
val,10,data_10.csv,normal,10_55_78,24,55,78,33000,46800,0,1.1344781e-08,0
val,10,data_10.csv,normal,10_56_79,24,56,79,33600,47400,0,1.39645975e-08,0
val,10,data_10.csv,normal,10_57_80,24,57,80,34200,48000,0,5.2231595e-08,0
val,10,data_10.csv,normal,10_58_81,24,58,81,34800,48600,0,1.2398781e-06,0
val,10,data_10.csv,normal,10_59_82,24,59,82,35400,49200,0,2.141601e-05,0
val,10,data_10.csv,normal,10_60_83,24,60,83,36000,49800,0,0.0014517605,0
val,10,data_10.csv,normal,10_61_84,24,61,84,36600,50400,0,0.0007776031,0
val,10,data_10.csv,normal,10_62_85,24,62,85,37200,51000,0,0.0003252091,0
val,10,data_10.csv,normal,10_63_86,24,63,86,37800,51600,0,0.00076869247,0
val,10,data_10.csv,normal,10_64_87,24,64,87,38400,52200,0,0.0018813827,0
val,10,data_10.csv,normal,10_65_88,24,65,88,39000,52800,0,0.012903924,0
val,10,data_10.csv,normal,10_66_89,24,66,89,39600,53400,0,0.16558057,0
val,10,data_10.csv,normal,10_67_90,24,67,90,40200,54000,0,0.2633047,0
val,10,data_10.csv,normal,10_68_91,24,68,91,40800,54600,0,0.32195425,0
val,10,data_10.csv,normal,10_69_92,24,69,92,41400,55200,0,0.3798822,0
val,10,data_10.csv,normal,10_70_93,24,70,93,42000,55800,0,0.40368044,0
val,10,data_10.csv,normal,10_71_94,24,71,94,42600,56400,0,0.37620187,0
val,10,data_10.csv,normal,10_72_95,24,72,95,43200,57000,0,0.32571152,0
val,10,data_10.csv,normal,10_73_96,24,73,96,43800,57600,0,0.28907183,0
val,10,data_10.csv,normal,10_74_97,24,74,97,44400,58200,0,0.3493601,0
val,10,data_10.csv,normal,10_75_98,24,75,98,45000,58800,0,0.3812799,0
val,10,data_10.csv,normal,10_76_99,24,76,99,45600,59400,0,0.18324386,0
val,10,data_10.csv,normal,10_77_100,24,77,100,46200,60000,0,0.13683137,0
val,10,data_10.csv,normal,10_78_101,24,78,101,46800,60600,0,0.11514161,0
val,10,data_10.csv,normal,10_79_102,24,79,102,47400,61200,0,0.15292113,0
val,10,data_10.csv,normal,10_80_103,24,80,103,48000,61800,0,0.109212354,0
val,10,data_10.csv,normal,10_81_104,24,81,104,48600,62400,0,0.1008567,0
val,10,data_10.csv,normal,10_82_105,24,82,105,49200,63000,0,0.04962563,0
val,10,data_10.csv,normal,10_83_106,24,83,106,49800,63600,0,0.044902485,0
val,10,data_10.csv,normal,10_84_107,24,84,107,50400,64200,0,0.018218268,0
val,10,data_10.csv,normal,10_85_108,24,85,108,51000,64800,0,0.13750634,0
val,10,data_10.csv,normal,10_86_109,24,86,109,51600,65400,0,0.098670654,0
val,10,data_10.csv,normal,10_87_110,24,87,110,52200,66000,0,0.06772379,0
val,10,data_10.csv,normal,10_88_111,24,88,111,52800,66600,0,0.060296007,0
val,10,data_10.csv,normal,10_89_112,24,89,112,53400,67200,0,0.052120775,0
val,10,data_10.csv,normal,10_90_113,24,90,113,54000,67800,0,0.045065966,0
val,10,data_10.csv,normal,10_91_114,24,91,114,54600,68400,0,0.0026721365,0
val,10,data_10.csv,normal,10_92_115,24,92,115,55200,69000,0,0.0003653026,0
val,10,data_10.csv,normal,10_93_116,24,93,116,55800,69600,0,0.00012358146,0
val,10,data_10.csv,normal,10_94_117,24,94,117,56400,70200,0,0.000108895045,0
val,10,data_10.csv,normal,10_95_118,24,95,118,57000,70800,0,9.9733064e-05,0
val,10,data_10.csv,normal,10_96_119,24,96,119,57600,71400,0,0.0005730123,0
val,10,data_10.csv,normal,10_97_120,24,97,120,58200,72000,0,0.00017104998,0
val,10,data_10.csv,normal,10_98_121,24,98,121,58800,72600,0,3.5299945e-06,0
val,10,data_10.csv,normal,10_99_122,24,99,122,59400,73200,0,2.9168245e-07,0
val,10,data_10.csv,normal,10_100_123,24,100,123,60000,73800,0,1.4489763e-07,0
val,10,data_10.csv,normal,10_101_124,24,101,124,60600,74400,0,1.2799323e-07,0
val,10,data_10.csv,normal,10_102_125,24,102,125,61200,75000,0,1.8616406e-07,0
val,10,data_10.csv,normal,10_103_126,24,103,126,61800,75600,0,1.6516061e-07,0
val,10,data_10.csv,normal,10_104_127,24,104,127,62400,76200,0,5.779262e-08,0
val,10,data_10.csv,normal,10_105_128,24,105,128,63000,76800,0,2.0301951e-07,0
val,10,data_10.csv,normal,10_106_129,24,106,129,63600,77400,0,1.7212305e-07,0
val,10,data_10.csv,normal,10_107_130,24,107,130,64200,78000,0,1.0506951e-07,0
val,10,data_10.csv,normal,10_108_131,24,108,131,64800,78600,0,9.346342e-08,0
val,10,data_10.csv,normal,10_109_132,24,109,132,65400,79200,0,3.2109124e-08,0
val,10,data_10.csv,normal,10_110_133,24,110,133,66000,79800,0,5.7732326e-09,0
val,10,data_10.csv,normal,10_111_134,24,111,134,66600,80400,0,3.3359162e-09,0
val,10,data_10.csv,normal,10_112_135,24,112,135,67200,81000,0,1.2156134e-09,0
val,10,data_10.csv,normal,10_113_136,24,113,136,67800,81600,0,1.6362008e-10,0
val,10,data_10.csv,normal,10_114_137,24,114,137,68400,82200,0,2.8068442e-11,0
val,10,data_10.csv,normal,10_115_138,24,115,138,69000,82800,0,6.6891674e-12,0
val,10,data_10.csv,normal,10_116_139,24,116,139,69600,83400,0,3.5384696e-12,0
val,10,data_10.csv,normal,10_117_140,24,117,140,70200,84000,0,1.1637452e-12,0
val,10,data_10.csv,normal,10_118_141,24,118,141,70800,84600,0,1.1798364e-13,0
val,10,data_10.csv,normal,10_119_142,24,119,142,71400,85200,0,8.566454e-15,0
val,10,data_10.csv,normal,10_120_143,24,120,143,72000,85800,0,1.067719e-16,0
val,10,data_10.csv,normal,10_121_144,24,121,144,72600,86400,0,3.3764037e-17,0
val,11,data_11.csv,persistent_leak,11_0_23,24,0,23,0,13800,0,4.5502e-22,0
val,11,data_11.csv,persistent_leak,11_1_24,24,1,24,600,14400,0,4.451328e-22,0
val,11,data_11.csv,persistent_leak,11_2_25,24,2,25,1200,15000,0,4.8850614e-22,0
val,11,data_11.csv,persistent_leak,11_3_26,24,3,26,1800,15600,0,4.873559e-22,0
val,11,data_11.csv,persistent_leak,11_4_27,24,4,27,2400,16200,0,4.2240896e-22,0
val,11,data_11.csv,persistent_leak,11_5_28,24,5,28,3000,16800,0,3.7222042e-22,0
val,11,data_11.csv,persistent_leak,11_6_29,24,6,29,3600,17400,0,3.0124475e-22,0
val,11,data_11.csv,persistent_leak,11_7_30,24,7,30,4200,18000,0,3.5102124e-22,0
val,11,data_11.csv,persistent_leak,11_8_31,24,8,31,4800,18600,0,4.462719e-22,0
val,11,data_11.csv,persistent_leak,11_9_32,24,9,32,5400,19200,0,5.025098e-22,0
val,11,data_11.csv,persistent_leak,11_10_33,24,10,33,6000,19800,0,4.8360566e-22,0
val,11,data_11.csv,persistent_leak,11_11_34,24,11,34,6600,20400,0,4.948078e-22,0
val,11,data_11.csv,persistent_leak,11_12_35,24,12,35,7200,21000,0,4.806648e-22,0
val,11,data_11.csv,persistent_leak,11_13_36,24,13,36,7800,21600,0,6.554739e-22,0
val,11,data_11.csv,persistent_leak,11_14_37,24,14,37,8400,22200,0,8.952364e-22,0
val,11,data_11.csv,persistent_leak,11_15_38,24,15,38,9000,22800,0,1.0938998e-21,0
val,11,data_11.csv,persistent_leak,11_16_39,24,16,39,9600,23400,0,1.1776282e-21,0
val,11,data_11.csv,persistent_leak,11_17_40,24,17,40,10200,24000,0,1.3907595e-21,0
val,11,data_11.csv,persistent_leak,11_18_41,24,18,41,10800,24600,0,1.5907408e-21,0
val,11,data_11.csv,persistent_leak,11_19_42,24,19,42,11400,25200,0,2.4317418e-21,0
val,11,data_11.csv,persistent_leak,11_20_43,24,20,43,12000,25800,0,3.4878567e-21,0
val,11,data_11.csv,persistent_leak,11_21_44,24,21,44,12600,26400,0,4.5527726e-21,0
val,11,data_11.csv,persistent_leak,11_22_45,24,22,45,13200,27000,0,5.4231997e-21,0
val,11,data_11.csv,persistent_leak,11_23_46,24,23,46,13800,27600,0,7.228613e-21,0
val,11,data_11.csv,persistent_leak,11_24_47,24,24,47,14400,28200,0,9.587396e-21,0
val,11,data_11.csv,persistent_leak,11_25_48,24,25,48,15000,28800,0,1.8694031e-20,0
val,11,data_11.csv,persistent_leak,11_26_49,24,26,49,15600,29400,0,3.4985455e-20,0
val,11,data_11.csv,persistent_leak,11_27_50,24,27,50,16200,30000,0,5.45424e-20,0
val,11,data_11.csv,persistent_leak,11_28_51,24,28,51,16800,30600,0,7.028246e-20,0
val,11,data_11.csv,persistent_leak,11_29_52,24,29,52,17400,31200,0,1.0843163e-19,0
val,11,data_11.csv,persistent_leak,11_30_53,24,30,53,18000,31800,0,1.5964141e-19,0
val,11,data_11.csv,persistent_leak,11_31_54,24,31,54,18600,32400,0,1.426254e-18,0
val,11,data_11.csv,persistent_leak,11_32_55,24,32,55,19200,33000,0,1.8012707e-17,0
val,11,data_11.csv,persistent_leak,11_33_56,24,33,56,19800,33600,0,8.643552e-17,0
val,11,data_11.csv,persistent_leak,11_34_57,24,34,57,20400,34200,0,1.3699745e-16,0
val,11,data_11.csv,persistent_leak,11_35_58,24,35,58,21000,34800,0,4.3682434e-16,0
val,11,data_11.csv,persistent_leak,11_36_59,24,36,59,21600,35400,0,8.1978337e-16,0
val,11,data_11.csv,persistent_leak,11_37_60,24,37,60,22200,36000,0,4.3158656e-14,0
val,11,data_11.csv,persistent_leak,11_38_61,24,38,61,22800,36600,0,1.6072109e-12,0
val,11,data_11.csv,persistent_leak,11_39_62,24,39,62,23400,37200,0,4.9329885e-12,0
val,11,data_11.csv,persistent_leak,11_40_63,24,40,63,24000,37800,0,6.1212086e-12,0
val,11,data_11.csv,persistent_leak,11_41_64,24,41,64,24600,38400,0,1.5232164e-11,0
val,11,data_11.csv,persistent_leak,11_42_65,24,42,65,25200,39000,0,2.8607686e-11,0
val,11,data_11.csv,persistent_leak,11_43_66,24,43,66,25800,39600,0,4.131385e-09,0
val,11,data_11.csv,persistent_leak,11_44_67,24,44,67,26400,40200,0,3.7311993e-09,0
val,11,data_11.csv,persistent_leak,11_45_68,24,45,68,27000,40800,0,7.772543e-09,0
val,11,data_11.csv,persistent_leak,11_46_69,24,46,69,27600,41400,0,1.2290451e-08,0
val,11,data_11.csv,persistent_leak,11_47_70,24,47,70,28200,42000,0,4.5835858e-08,0
val,11,data_11.csv,persistent_leak,11_48_71,24,48,71,28800,42600,0,1.2916945e-07,0
val,11,data_11.csv,persistent_leak,11_49_72,24,49,72,29400,43200,0,4.4841304e-06,0
val,11,data_11.csv,persistent_leak,11_50_73,24,50,73,30000,43800,0,3.6322112e-06,0
val,11,data_11.csv,persistent_leak,11_51_74,24,51,74,30600,44400,0,2.5788584e-06,0
val,11,data_11.csv,persistent_leak,11_52_75,24,52,75,31200,45000,0,1.4940704e-05,0
val,11,data_11.csv,persistent_leak,11_53_76,24,53,76,31800,45600,0,4.8912047e-05,0
val,11,data_11.csv,persistent_leak,11_54_77,24,54,77,32400,46200,0,0.00049221475,0
val,11,data_11.csv,persistent_leak,11_55_78,24,55,78,33000,46800,0,0.0010808058,0
val,11,data_11.csv,persistent_leak,11_56_79,24,56,79,33600,47400,0,0.0013465515,0
val,11,data_11.csv,persistent_leak,11_57_80,24,57,80,34200,48000,0,0.0012886205,0
val,11,data_11.csv,persistent_leak,11_58_81,24,58,81,34800,48600,0,0.0038605607,0
val,11,data_11.csv,persistent_leak,11_59_82,24,59,82,35400,49200,0,0.018447831,0
val,11,data_11.csv,persistent_leak,11_60_83,24,60,83,36000,49800,0,0.1838853,0
val,11,data_11.csv,persistent_leak,11_61_84,24,61,84,36600,50400,0,0.18124776,0
val,11,data_11.csv,persistent_leak,11_62_85,24,62,85,37200,51000,0,0.19029103,0
val,11,data_11.csv,persistent_leak,11_63_86,24,63,86,37800,51600,0,0.2008106,0
val,11,data_11.csv,persistent_leak,11_64_87,24,64,87,38400,52200,0,0.20896135,0
val,11,data_11.csv,persistent_leak,11_65_88,24,65,88,39000,52800,0,0.290036,0
val,11,data_11.csv,persistent_leak,11_66_89,24,66,89,39600,53400,0,0.44018722,0
val,11,data_11.csv,persistent_leak,11_67_90,24,67,90,40200,54000,0,0.4759804,0
val,11,data_11.csv,persistent_leak,11_68_91,24,68,91,40800,54600,0,0.499683,0
val,11,data_11.csv,persistent_leak,11_69_92,24,69,92,41400,55200,0,0.5102004,0
val,11,data_11.csv,persistent_leak,11_70_93,24,70,93,42000,55800,0,0.5208358,0
val,11,data_11.csv,persistent_leak,11_71_94,24,71,94,42600,56400,0,0.55088866,0
val,11,data_11.csv,persistent_leak,11_72_95,24,72,95,43200,57000,0,0.59364426,0
val,11,data_11.csv,persistent_leak,11_73_96,24,73,96,43800,57600,0,0.65740097,0
val,11,data_11.csv,persistent_leak,11_74_97,24,74,97,44400,58200,0,0.6900678,0
val,11,data_11.csv,persistent_leak,11_75_98,24,75,98,45000,58800,0,0.6769132,0
val,11,data_11.csv,persistent_leak,11_76_99,24,76,99,45600,59400,0,0.6830819,0
val,11,data_11.csv,persistent_leak,11_77_100,24,77,100,46200,60000,0,0.6760881,0
val,11,data_11.csv,persistent_leak,11_78_101,24,78,101,46800,60600,0,0.6717579,0
val,11,data_11.csv,persistent_leak,11_79_102,24,79,102,47400,61200,0,0.7290108,0
val,11,data_11.csv,persistent_leak,11_80_103,24,80,103,48000,61800,0,0.74955153,0
val,11,data_11.csv,persistent_leak,11_81_104,24,81,104,48600,62400,0,0.7372661,0
val,11,data_11.csv,persistent_leak,11_82_105,24,82,105,49200,63000,0,0.73164254,0
val,11,data_11.csv,persistent_leak,11_83_106,24,83,106,49800,63600,0,0.7372607,0
val,11,data_11.csv,persistent_leak,11_84_107,24,84,107,50400,64200,0,0.71782553,0
val,11,data_11.csv,persistent_leak,11_85_108,24,85,108,51000,64800,0,0.7124623,0
val,11,data_11.csv,persistent_leak,11_86_109,24,86,109,51600,65400,0,0.70191884,0
val,11,data_11.csv,persistent_leak,11_87_110,24,87,110,52200,66000,0,0.6934903,0
val,11,data_11.csv,persistent_leak,11_88_111,24,88,111,52800,66600,0,0.68698007,0
val,11,data_11.csv,persistent_leak,11_89_112,24,89,112,53400,67200,0,0.6939677,0
val,11,data_11.csv,persistent_leak,11_90_113,24,90,113,54000,67800,0,0.69441944,0
val,11,data_11.csv,persistent_leak,11_91_114,24,91,114,54600,68400,0,0.3897189,0
val,11,data_11.csv,persistent_leak,11_92_115,24,92,115,55200,69000,0,0.064302035,0
val,11,data_11.csv,persistent_leak,11_93_116,24,93,116,55800,69600,0,0.049275935,0
val,11,data_11.csv,persistent_leak,11_94_117,24,94,117,56400,70200,0,0.030287825,0
val,11,data_11.csv,persistent_leak,11_95_118,24,95,118,57000,70800,0,0.07227377,0
val,11,data_11.csv,persistent_leak,11_96_119,24,96,119,57600,71400,0,0.11629468,0
val,11,data_11.csv,persistent_leak,11_97_120,24,97,120,58200,72000,0,0.16718034,0
val,11,data_11.csv,persistent_leak,11_98_121,24,98,121,58800,72600,0,0.000625957,0
val,11,data_11.csv,persistent_leak,11_99_122,24,99,122,59400,73200,0,4.5370212e-05,0
val,11,data_11.csv,persistent_leak,11_100_123,24,100,123,60000,73800,0,1.3172429e-05,0
val,11,data_11.csv,persistent_leak,11_101_124,24,101,124,60600,74400,0,1.0935025e-05,0
val,11,data_11.csv,persistent_leak,11_102_125,24,102,125,61200,75000,0,5.955492e-06,0
val,11,data_11.csv,persistent_leak,11_103_126,24,103,126,61800,75600,0,1.2297025e-05,0
val,11,data_11.csv,persistent_leak,11_104_127,24,104,127,62400,76200,0,2.803703e-07,0
val,11,data_11.csv,persistent_leak,11_105_128,24,105,128,63000,76800,0,3.731803e-07,0
val,11,data_11.csv,persistent_leak,11_106_129,24,106,129,63600,77400,0,4.0264308e-07,0
val,11,data_11.csv,persistent_leak,11_107_130,24,107,130,64200,78000,0,4.2893433e-07,0
val,11,data_11.csv,persistent_leak,11_108_131,24,108,131,64800,78600,0,4.2567837e-07,0
val,11,data_11.csv,persistent_leak,11_109_132,24,109,132,65400,79200,0,1.4960088e-07,0
val,11,data_11.csv,persistent_leak,11_110_133,24,110,133,66000,79800,0,3.9581394e-08,0
val,11,data_11.csv,persistent_leak,11_111_134,24,111,134,66600,80400,0,4.968304e-08,0
val,11,data_11.csv,persistent_leak,11_112_135,24,112,135,67200,81000,0,4.1700925e-08,0
val,11,data_11.csv,persistent_leak,11_113_136,24,113,136,67800,81600,0,1.3381093e-08,0
val,11,data_11.csv,persistent_leak,11_114_137,24,114,137,68400,82200,0,5.7792042e-09,0
val,11,data_11.csv,persistent_leak,11_115_138,24,115,138,69000,82800,0,1.9331454e-09,0
val,11,data_11.csv,persistent_leak,11_116_139,24,116,139,69600,83400,0,8.68546e-10,0
val,11,data_11.csv,persistent_leak,11_117_140,24,117,140,70200,84000,0,2.3071356e-10,0
val,11,data_11.csv,persistent_leak,11_118_141,24,118,141,70800,84600,0,3.0823975e-11,0
val,11,data_11.csv,persistent_leak,11_119_142,24,119,142,71400,85200,0,1.4199474e-12,0
val,11,data_11.csv,persistent_leak,11_120_143,24,120,143,72000,85800,0,1.1464843e-14,0
val,11,data_11.csv,persistent_leak,11_121_144,24,121,144,72600,86400,0,2.9324327e-15,0
val,13,data_13.csv,persistent_leak,13_0_23,24,0,23,0,13800,0,6.938296e-25,0
val,13,data_13.csv,persistent_leak,13_1_24,24,1,24,600,14400,0,6.938296e-25,0
val,13,data_13.csv,persistent_leak,13_2_25,24,2,25,1200,15000,0,6.938296e-25,0
val,13,data_13.csv,persistent_leak,13_3_26,24,3,26,1800,15600,0,6.938296e-25,0
val,13,data_13.csv,persistent_leak,13_4_27,24,4,27,2400,16200,0,6.938296e-25,0
val,13,data_13.csv,persistent_leak,13_5_28,24,5,28,3000,16800,0,6.938296e-25,0
val,13,data_13.csv,persistent_leak,13_6_29,24,6,29,3600,17400,0,6.938296e-25,0
val,13,data_13.csv,persistent_leak,13_7_30,24,7,30,4200,18000,0,1.0809931e-24,0
val,13,data_13.csv,persistent_leak,13_8_31,24,8,31,4800,18600,0,1.9267403e-24,0
val,13,data_13.csv,persistent_leak,13_9_32,24,9,32,5400,19200,0,2.6725763e-24,0
val,13,data_13.csv,persistent_leak,13_10_33,24,10,33,6000,19800,0,2.772739e-24,0
val,13,data_13.csv,persistent_leak,13_11_34,24,11,34,6600,20400,0,3.3036173e-24,0
val,13,data_13.csv,persistent_leak,13_12_35,24,12,35,7200,21000,0,3.284342e-24,0
val,13,data_13.csv,persistent_leak,13_13_36,24,13,36,7800,21600,0,5.3696894e-24,0
val,13,data_13.csv,persistent_leak,13_14_37,24,14,37,8400,22200,0,1.0575407e-23,0
val,13,data_13.csv,persistent_leak,13_15_38,24,15,38,9000,22800,0,1.6902804e-23,0
val,13,data_13.csv,persistent_leak,13_16_39,24,16,39,9600,23400,0,1.8304687e-23,0
val,13,data_13.csv,persistent_leak,13_17_40,24,17,40,10200,24000,0,2.5464488e-23,0
val,13,data_13.csv,persistent_leak,13_18_41,24,18,41,10800,24600,0,3.772736e-23,0
val,13,data_13.csv,persistent_leak,13_19_42,24,19,42,11400,25200,0,9.2197115e-23,0
val,13,data_13.csv,persistent_leak,13_20_43,24,20,43,12000,25800,0,1.9099843e-22,0
val,13,data_13.csv,persistent_leak,13_21_44,24,21,44,12600,26400,0,3.0146318e-22,0
val,13,data_13.csv,persistent_leak,13_22_45,24,22,45,13200,27000,0,3.8937006e-22,0
val,13,data_13.csv,persistent_leak,13_23_46,24,23,46,13800,27600,0,6.0896306e-22,0
val,13,data_13.csv,persistent_leak,13_24_47,24,24,47,14400,28200,0,8.2576617e-22,0
val,13,data_13.csv,persistent_leak,13_25_48,24,25,48,15000,28800,0,2.2534765e-21,0
val,13,data_13.csv,persistent_leak,13_26_49,24,26,49,15600,29400,0,4.951253e-21,0
val,13,data_13.csv,persistent_leak,13_27_50,24,27,50,16200,30000,0,9.4531695e-21,0
val,13,data_13.csv,persistent_leak,13_28_51,24,28,51,16800,30600,0,1.6472145e-20,0
val,13,data_13.csv,persistent_leak,13_29_52,24,29,52,17400,31200,0,3.7068057e-20,0
val,13,data_13.csv,persistent_leak,13_30_53,24,30,53,18000,31800,0,8.985492e-20,0
val,13,data_13.csv,persistent_leak,13_31_54,24,31,54,18600,32400,0,1.5257458e-19,0
val,13,data_13.csv,persistent_leak,13_32_55,24,32,55,19200,33000,0,1.8705954e-19,0
val,13,data_13.csv,persistent_leak,13_33_56,24,33,56,19800,33600,0,2.532707e-19,0
val,13,data_13.csv,persistent_leak,13_34_57,24,34,57,20400,34200,0,4.2656955e-19,0
val,13,data_13.csv,persistent_leak,13_35_58,24,35,58,21000,34800,0,8.0026664e-19,0
val,13,data_13.csv,persistent_leak,13_36_59,24,36,59,21600,35400,0,1.9694604e-18,0
val,13,data_13.csv,persistent_leak,13_37_60,24,37,60,22200,36000,0,8.425045e-18,0
val,13,data_13.csv,persistent_leak,13_38_61,24,38,61,22800,36600,0,3.056243e-17,0
val,13,data_13.csv,persistent_leak,13_39_62,24,39,62,23400,37200,0,7.1829704e-17,0
val,13,data_13.csv,persistent_leak,13_40_63,24,40,63,24000,37800,0,1.2584547e-16,0
val,13,data_13.csv,persistent_leak,13_41_64,24,41,64,24600,38400,0,2.9089893e-16,0
val,13,data_13.csv,persistent_leak,13_42_65,24,42,65,25200,39000,0,4.70098e-16,0
val,13,data_13.csv,persistent_leak,13_43_66,24,43,66,25800,39600,0,1.395073e-15,0
val,13,data_13.csv,persistent_leak,13_44_67,24,44,67,26400,40200,0,5.6489847e-15,0
val,13,data_13.csv,persistent_leak,13_45_68,24,45,68,27000,40800,0,1.7124945e-14,0
val,13,data_13.csv,persistent_leak,13_46_69,24,46,69,27600,41400,0,2.7893295e-14,0
val,13,data_13.csv,persistent_leak,13_47_70,24,47,70,28200,42000,0,8.043024e-14,0
val,13,data_13.csv,persistent_leak,13_48_71,24,48,71,28800,42600,0,3.1904774e-13,0
val,13,data_13.csv,persistent_leak,13_49_72,24,49,72,29400,43200,0,7.3196424e-13,0
val,13,data_13.csv,persistent_leak,13_50_73,24,50,73,30000,43800,0,9.696508e-13,0
val,13,data_13.csv,persistent_leak,13_51_74,24,51,74,30600,44400,0,1.0911687e-12,0
val,13,data_13.csv,persistent_leak,13_52_75,24,52,75,31200,45000,0,1.7369179e-12,0
val,13,data_13.csv,persistent_leak,13_53_76,24,53,76,31800,45600,0,2.8272226e-12,0
val,13,data_13.csv,persistent_leak,13_54_77,24,54,77,32400,46200,0,3.591287e-12,0
val,13,data_13.csv,persistent_leak,13_55_78,24,55,78,33000,46800,0,8.998873e-12,0
val,13,data_13.csv,persistent_leak,13_56_79,24,56,79,33600,47400,0,1.1045414e-11,0
val,13,data_13.csv,persistent_leak,13_57_80,24,57,80,34200,48000,0,1.5528474e-11,0
val,13,data_13.csv,persistent_leak,13_58_81,24,58,81,34800,48600,0,4.5753946e-11,0
val,13,data_13.csv,persistent_leak,13_59_82,24,59,82,35400,49200,0,1.2179335e-10,0
val,13,data_13.csv,persistent_leak,13_60_83,24,60,83,36000,49800,0,3.80275e-10,0
val,13,data_13.csv,persistent_leak,13_61_84,24,61,84,36600,50400,0,1.5449897e-10,0
val,13,data_13.csv,persistent_leak,13_62_85,24,62,85,37200,51000,0,4.8574478e-11,0
val,13,data_13.csv,persistent_leak,13_63_86,24,63,86,37800,51600,0,4.1635452e-11,0
val,13,data_13.csv,persistent_leak,13_64_87,24,64,87,38400,52200,0,8.208697e-11,0
val,13,data_13.csv,persistent_leak,13_65_88,24,65,88,39000,52800,0,1.6892893e-10,0
val,13,data_13.csv,persistent_leak,13_66_89,24,66,89,39600,53400,0,7.259839e-10,0
val,13,data_13.csv,persistent_leak,13_67_90,24,67,90,40200,54000,0,4.6951515e-10,0
val,13,data_13.csv,persistent_leak,13_68_91,24,68,91,40800,54600,0,1.9844305e-10,0
val,13,data_13.csv,persistent_leak,13_69_92,24,69,92,41400,55200,0,1.2771359e-10,0
val,13,data_13.csv,persistent_leak,13_70_93,24,70,93,42000,55800,0,1.2855063e-10,0
val,13,data_13.csv,persistent_leak,13_71_94,24,71,94,42600,56400,0,8.884424e-11,0
val,13,data_13.csv,persistent_leak,13_72_95,24,72,95,43200,57000,0,4.2288454e-11,0
val,13,data_13.csv,persistent_leak,13_73_96,24,73,96,43800,57600,0,1.9482346e-11,0
val,13,data_13.csv,persistent_leak,13_74_97,24,74,97,44400,58200,0,1.6316094e-11,0
val,13,data_13.csv,persistent_leak,13_75_98,24,75,98,45000,58800,0,1.4974546e-11,0
val,13,data_13.csv,persistent_leak,13_76_99,24,76,99,45600,59400,0,9.6987696e-12,0
val,13,data_13.csv,persistent_leak,13_77_100,24,77,100,46200,60000,0,6.424363e-12,0
val,13,data_13.csv,persistent_leak,13_78_101,24,78,101,46800,60600,0,4.904403e-12,0
val,13,data_13.csv,persistent_leak,13_79_102,24,79,102,47400,61200,0,2.3900873e-12,0
val,13,data_13.csv,persistent_leak,13_80_103,24,80,103,48000,61800,0,1.8356675e-12,0
val,13,data_13.csv,persistent_leak,13_81_104,24,81,104,48600,62400,0,1.1967058e-12,0
val,13,data_13.csv,persistent_leak,13_82_105,24,82,105,49200,63000,0,5.176819e-13,0
val,13,data_13.csv,persistent_leak,13_83_106,24,83,106,49800,63600,0,2.0770499e-13,0
val,13,data_13.csv,persistent_leak,13_84_107,24,84,107,50400,64200,0,6.444361e-14,0
val,13,data_13.csv,persistent_leak,13_85_108,24,85,108,51000,64800,0,1.3938537e-13,0
val,13,data_13.csv,persistent_leak,13_86_109,24,86,109,51600,65400,0,4.0893002e-13,0
val,13,data_13.csv,persistent_leak,13_87_110,24,87,110,52200,66000,0,6.338962e-13,0
val,13,data_13.csv,persistent_leak,13_88_111,24,88,111,52800,66600,0,5.095909e-13,0
val,13,data_13.csv,persistent_leak,13_89_112,24,89,112,53400,67200,0,5.1045474e-13,0
val,13,data_13.csv,persistent_leak,13_90_113,24,90,113,54000,67800,0,2.667692e-13,0
val,13,data_13.csv,persistent_leak,13_91_114,24,91,114,54600,68400,0,2.6960557e-13,0
val,13,data_13.csv,persistent_leak,13_92_115,24,92,115,55200,69000,0,3.1450542e-13,0
val,13,data_13.csv,persistent_leak,13_93_116,24,93,116,55800,69600,0,3.9698485e-13,0
val,13,data_13.csv,persistent_leak,13_94_117,24,94,117,56400,70200,0,4.4291927e-13,0
val,13,data_13.csv,persistent_leak,13_95_118,24,95,118,57000,70800,0,6.1156505e-13,0
val,13,data_13.csv,persistent_leak,13_96_119,24,96,119,57600,71400,0,1.33791e-12,0
val,13,data_13.csv,persistent_leak,13_97_120,24,97,120,58200,72000,0,1.1394745e-12,0
val,13,data_13.csv,persistent_leak,13_98_121,24,98,121,58800,72600,0,3.696927e-13,0
val,13,data_13.csv,persistent_leak,13_99_122,24,99,122,59400,73200,0,1.6440126e-13,0
val,13,data_13.csv,persistent_leak,13_100_123,24,100,123,60000,73800,0,2.0565785e-13,0
val,13,data_13.csv,persistent_leak,13_101_124,24,101,124,60600,74400,0,1.517369e-13,0
val,13,data_13.csv,persistent_leak,13_102_125,24,102,125,61200,75000,0,1.0134343e-13,0
val,13,data_13.csv,persistent_leak,13_103_126,24,103,126,61800,75600,0,4.7076512e-14,0
val,13,data_13.csv,persistent_leak,13_104_127,24,104,127,62400,76200,0,1.4571557e-14,0
val,13,data_13.csv,persistent_leak,13_105_128,24,105,128,63000,76800,0,1.2391535e-14,0
val,13,data_13.csv,persistent_leak,13_106_129,24,106,129,63600,77400,0,2.7969318e-14,0
val,13,data_13.csv,persistent_leak,13_107_130,24,107,130,64200,78000,0,4.652832e-14,0
val,13,data_13.csv,persistent_leak,13_108_131,24,108,131,64800,78600,0,8.829978e-14,0
val,13,data_13.csv,persistent_leak,13_109_132,24,109,132,65400,79200,0,1.7333088e-14,0
val,13,data_13.csv,persistent_leak,13_110_133,24,110,133,66000,79800,0,3.7550046e-15,0
val,13,data_13.csv,persistent_leak,13_111_134,24,111,134,66600,80400,0,1.8025304e-15,0
val,13,data_13.csv,persistent_leak,13_112_135,24,112,135,67200,81000,0,1.2741303e-15,0
val,13,data_13.csv,persistent_leak,13_113_136,24,113,136,67800,81600,0,5.427249e-16,0
val,13,data_13.csv,persistent_leak,13_114_137,24,114,137,68400,82200,0,2.9465375e-16,0
val,13,data_13.csv,persistent_leak,13_115_138,24,115,138,69000,82800,0,9.574111e-17,0
val,13,data_13.csv,persistent_leak,13_116_139,24,116,139,69600,83400,0,5.7298444e-17,0
val,13,data_13.csv,persistent_leak,13_117_140,24,117,140,70200,84000,0,3.001066e-17,0
val,13,data_13.csv,persistent_leak,13_118_141,24,118,141,70800,84600,0,9.67127e-18,0
val,13,data_13.csv,persistent_leak,13_119_142,24,119,142,71400,85200,0,2.5453286e-18,0
val,13,data_13.csv,persistent_leak,13_120_143,24,120,143,72000,85800,0,3.6834932e-19,0
val,13,data_13.csv,persistent_leak,13_121_144,24,121,144,72600,86400,0,7.80167e-20,0
val,14,data_14.csv,persistent_leak,14_0_23,24,0,23,0,13800,0,1.8110222e-22,0
val,14,data_14.csv,persistent_leak,14_1_24,24,1,24,600,14400,0,1.4143747e-22,0
val,14,data_14.csv,persistent_leak,14_2_25,24,2,25,1200,15000,0,1.2334043e-22,0
val,14,data_14.csv,persistent_leak,14_3_26,24,3,26,1800,15600,0,1.0604296e-22,0
val,14,data_14.csv,persistent_leak,14_4_27,24,4,27,2400,16200,0,8.6138354e-23,0
val,14,data_14.csv,persistent_leak,14_5_28,24,5,28,3000,16800,0,6.662556e-23,0
val,14,data_14.csv,persistent_leak,14_6_29,24,6,29,3600,17400,0,4.7922918e-23,0
val,14,data_14.csv,persistent_leak,14_7_30,24,7,30,4200,18000,0,5.0015346e-23,0
val,14,data_14.csv,persistent_leak,14_8_31,24,8,31,4800,18600,0,6.064545e-23,0
val,14,data_14.csv,persistent_leak,14_9_32,24,9,32,5400,19200,0,6.35731e-23,0
val,14,data_14.csv,persistent_leak,14_10_33,24,10,33,6000,19800,0,5.441223e-23,0
val,14,data_14.csv,persistent_leak,14_11_34,24,11,34,6600,20400,0,4.8425154e-23,0
val,14,data_14.csv,persistent_leak,14_12_35,24,12,35,7200,21000,0,3.758687e-23,0
val,14,data_14.csv,persistent_leak,14_13_36,24,13,36,7800,21600,0,4.2564543e-23,0
val,14,data_14.csv,persistent_leak,14_14_37,24,14,37,8400,22200,0,5.5660094e-23,0
val,14,data_14.csv,persistent_leak,14_15_38,24,15,38,9000,22800,0,6.4284944e-23,0
val,14,data_14.csv,persistent_leak,14_16_39,24,16,39,9600,23400,0,6.0530345e-23,0
val,14,data_14.csv,persistent_leak,14_17_40,24,17,40,10200,24000,0,6.229213e-23,0
val,14,data_14.csv,persistent_leak,14_18_41,24,18,41,10800,24600,0,6.380975e-23,0
val,14,data_14.csv,persistent_leak,14_19_42,24,19,42,11400,25200,0,9.2609885e-23,0
val,14,data_14.csv,persistent_leak,14_20_43,24,20,43,12000,25800,0,1.2584461e-22,0
val,14,data_14.csv,persistent_leak,14_21_44,24,21,44,12600,26400,0,1.500245e-22,0
val,14,data_14.csv,persistent_leak,14_22_45,24,22,45,13200,27000,0,1.6274199e-22,0
val,14,data_14.csv,persistent_leak,14_23_46,24,23,46,13800,27600,0,1.9018993e-22,0
val,14,data_14.csv,persistent_leak,14_24_47,24,24,47,14400,28200,0,2.0513194e-22,0
val,14,data_14.csv,persistent_leak,14_25_48,24,25,48,15000,28800,0,3.1488394e-22,0
val,14,data_14.csv,persistent_leak,14_26_49,24,26,49,15600,29400,0,4.4066235e-22,0
val,14,data_14.csv,persistent_leak,14_27_50,24,27,50,16200,30000,0,5.8427734e-22,0
val,14,data_14.csv,persistent_leak,14_28_51,24,28,51,16800,30600,0,7.376272e-22,0
val,14,data_14.csv,persistent_leak,14_29_52,24,29,52,17400,31200,0,1.0444677e-21,0
val,14,data_14.csv,persistent_leak,14_30_53,24,30,53,18000,31800,0,1.5362802e-21,0
val,14,data_14.csv,persistent_leak,14_31_54,24,31,54,18600,32400,0,6.4175002e-21,0
val,14,data_14.csv,persistent_leak,14_32_55,24,32,55,19200,33000,0,3.05982e-20,0
val,14,data_14.csv,persistent_leak,14_33_56,24,33,56,19800,33600,0,8.1416887e-20,0
val,14,data_14.csv,persistent_leak,14_34_57,24,34,57,20400,34200,0,1.129215e-19,0
val,14,data_14.csv,persistent_leak,14_35_58,24,35,58,21000,34800,0,2.305792e-19,0
val,14,data_14.csv,persistent_leak,14_36_59,24,36,59,21600,35400,0,3.3065506e-19,0
val,14,data_14.csv,persistent_leak,14_37_60,24,37,60,22200,36000,0,6.0467035e-18,0
val,14,data_14.csv,persistent_leak,14_38_61,24,38,61,22800,36600,0,2.3551423e-16,0
val,14,data_14.csv,persistent_leak,14_39_62,24,39,62,23400,37200,0,1.838096e-15,0
val,14,data_14.csv,persistent_leak,14_40_63,24,40,63,24000,37800,0,3.4191798e-15,0
val,14,data_14.csv,persistent_leak,14_41_64,24,41,64,24600,38400,0,1.96401e-14,0
val,14,data_14.csv,persistent_leak,14_42_65,24,42,65,25200,39000,0,4.408836e-14,0
val,14,data_14.csv,persistent_leak,14_43_66,24,43,66,25800,39600,0,1.338275e-12,0
val,14,data_14.csv,persistent_leak,14_44_67,24,44,67,26400,40200,0,1.29645e-12,0
val,14,data_14.csv,persistent_leak,14_45_68,24,45,68,27000,40800,0,1.9480218e-12,0
val,14,data_14.csv,persistent_leak,14_46_69,24,46,69,27600,41400,0,4.2272384e-12,0
val,14,data_14.csv,persistent_leak,14_47_70,24,47,70,28200,42000,0,2.0976831e-11,0
val,14,data_14.csv,persistent_leak,14_48_71,24,48,71,28800,42600,0,8.3034635e-11,0
val,14,data_14.csv,persistent_leak,14_49_72,24,49,72,29400,43200,0,3.0162262e-10,0
val,14,data_14.csv,persistent_leak,14_50_73,24,50,73,30000,43800,0,1.6067589e-10,0
val,14,data_14.csv,persistent_leak,14_51_74,24,51,74,30600,44400,0,8.63086e-11,0
val,14,data_14.csv,persistent_leak,14_52_75,24,52,75,31200,45000,0,2.6959057e-10,0
val,14,data_14.csv,persistent_leak,14_53_76,24,53,76,31800,45600,0,8.073133e-10,0
val,14,data_14.csv,persistent_leak,14_54_77,24,54,77,32400,46200,0,3.6992336e-09,0
val,14,data_14.csv,persistent_leak,14_55_78,24,55,78,33000,46800,0,1.1344781e-08,0
val,14,data_14.csv,persistent_leak,14_56_79,24,56,79,33600,47400,0,1.39645975e-08,0
val,14,data_14.csv,persistent_leak,14_57_80,24,57,80,34200,48000,0,5.2231595e-08,0
val,14,data_14.csv,persistent_leak,14_58_81,24,58,81,34800,48600,0,1.2398781e-06,0
val,14,data_14.csv,persistent_leak,14_59_82,24,59,82,35400,49200,0,2.141601e-05,0
val,14,data_14.csv,persistent_leak,14_60_83,24,60,83,36000,49800,0,0.0014517605,0
val,14,data_14.csv,persistent_leak,14_61_84,24,61,84,36600,50400,0,0.0007776031,0
val,14,data_14.csv,persistent_leak,14_62_85,24,62,85,37200,51000,0,0.0003252091,0
val,14,data_14.csv,persistent_leak,14_63_86,24,63,86,37800,51600,0,0.00076869247,0
val,14,data_14.csv,persistent_leak,14_64_87,24,64,87,38400,52200,0,0.0018813827,0
val,14,data_14.csv,persistent_leak,14_65_88,24,65,88,39000,52800,0,0.012903924,0
val,14,data_14.csv,persistent_leak,14_66_89,24,66,89,39600,53400,0,0.16558057,0
val,14,data_14.csv,persistent_leak,14_67_90,24,67,90,40200,54000,0,0.2633047,0
val,14,data_14.csv,persistent_leak,14_68_91,24,68,91,40800,54600,0,0.32195425,0
val,14,data_14.csv,persistent_leak,14_69_92,24,69,92,41400,55200,0,0.3798822,0
val,14,data_14.csv,persistent_leak,14_70_93,24,70,93,42000,55800,0,0.40368044,0
val,14,data_14.csv,persistent_leak,14_71_94,24,71,94,42600,56400,0,0.37620187,0
val,14,data_14.csv,persistent_leak,14_72_95,24,72,95,43200,57000,0,0.32571152,0
val,14,data_14.csv,persistent_leak,14_73_96,24,73,96,43800,57600,0,0.28907183,0
val,14,data_14.csv,persistent_leak,14_74_97,24,74,97,44400,58200,0,0.3493601,0
val,14,data_14.csv,persistent_leak,14_75_98,24,75,98,45000,58800,0,0.3812799,0
val,14,data_14.csv,persistent_leak,14_76_99,24,76,99,45600,59400,0,0.18324386,0
val,14,data_14.csv,persistent_leak,14_77_100,24,77,100,46200,60000,0,0.13683137,0
val,14,data_14.csv,persistent_leak,14_78_101,24,78,101,46800,60600,0,0.11514161,0
val,14,data_14.csv,persistent_leak,14_79_102,24,79,102,47400,61200,0,0.15292113,0
val,14,data_14.csv,persistent_leak,14_80_103,24,80,103,48000,61800,0,0.109212354,0
val,14,data_14.csv,persistent_leak,14_81_104,24,81,104,48600,62400,0,0.1008567,0
val,14,data_14.csv,persistent_leak,14_82_105,24,82,105,49200,63000,0,0.04962563,0
val,14,data_14.csv,persistent_leak,14_83_106,24,83,106,49800,63600,0,0.044902485,0
val,14,data_14.csv,persistent_leak,14_84_107,24,84,107,50400,64200,0,0.018218268,0
val,14,data_14.csv,persistent_leak,14_85_108,24,85,108,51000,64800,0,0.13750634,0
val,14,data_14.csv,persistent_leak,14_86_109,24,86,109,51600,65400,0,0.098670654,0
val,14,data_14.csv,persistent_leak,14_87_110,24,87,110,52200,66000,0,0.06772379,0
val,14,data_14.csv,persistent_leak,14_88_111,24,88,111,52800,66600,0,0.060296007,0
val,14,data_14.csv,persistent_leak,14_89_112,24,89,112,53400,67200,0,0.052120775,0
val,14,data_14.csv,persistent_leak,14_90_113,24,90,113,54000,67800,0,0.045065966,0
val,14,data_14.csv,persistent_leak,14_91_114,24,91,114,54600,68400,0,0.0026721365,0
val,14,data_14.csv,persistent_leak,14_92_115,24,92,115,55200,69000,0,0.0003653026,0
val,14,data_14.csv,persistent_leak,14_93_116,24,93,116,55800,69600,0,0.00012358146,0
val,14,data_14.csv,persistent_leak,14_94_117,24,94,117,56400,70200,0,0.000108895045,0
val,14,data_14.csv,persistent_leak,14_95_118,24,95,118,57000,70800,0,9.9733064e-05,0
val,14,data_14.csv,persistent_leak,14_96_119,24,96,119,57600,71400,0,0.0005730123,0
val,14,data_14.csv,persistent_leak,14_97_120,24,97,120,58200,72000,0,0.00017104998,0
val,14,data_14.csv,persistent_leak,14_98_121,24,98,121,58800,72600,0,3.5299945e-06,0
val,14,data_14.csv,persistent_leak,14_99_122,24,99,122,59400,73200,0,2.9168245e-07,0
val,14,data_14.csv,persistent_leak,14_100_123,24,100,123,60000,73800,0,1.4489763e-07,0
val,14,data_14.csv,persistent_leak,14_101_124,24,101,124,60600,74400,0,1.2799323e-07,0
val,14,data_14.csv,persistent_leak,14_102_125,24,102,125,61200,75000,0,1.8616406e-07,0
val,14,data_14.csv,persistent_leak,14_103_126,24,103,126,61800,75600,0,1.6516061e-07,0
val,14,data_14.csv,persistent_leak,14_104_127,24,104,127,62400,76200,0,5.779262e-08,0
val,14,data_14.csv,persistent_leak,14_105_128,24,105,128,63000,76800,0,2.0301951e-07,0
val,14,data_14.csv,persistent_leak,14_106_129,24,106,129,63600,77400,0,1.7212305e-07,0
val,14,data_14.csv,persistent_leak,14_107_130,24,107,130,64200,78000,0,1.0506951e-07,0
val,14,data_14.csv,persistent_leak,14_108_131,24,108,131,64800,78600,0,9.346342e-08,0
val,14,data_14.csv,persistent_leak,14_109_132,24,109,132,65400,79200,0,3.2109124e-08,0
val,14,data_14.csv,persistent_leak,14_110_133,24,110,133,66000,79800,0,5.7732326e-09,0
val,14,data_14.csv,persistent_leak,14_111_134,24,111,134,66600,80400,0,3.3359162e-09,0
val,14,data_14.csv,persistent_leak,14_112_135,24,112,135,67200,81000,0,1.2156134e-09,0
val,14,data_14.csv,persistent_leak,14_113_136,24,113,136,67800,81600,0,1.6362008e-10,0
val,14,data_14.csv,persistent_leak,14_114_137,24,114,137,68400,82200,0,2.8068442e-11,0
val,14,data_14.csv,persistent_leak,14_115_138,24,115,138,69000,82800,0,6.6891674e-12,0
val,14,data_14.csv,persistent_leak,14_116_139,24,116,139,69600,83400,0,3.5384696e-12,0
val,14,data_14.csv,persistent_leak,14_117_140,24,117,140,70200,84000,0,1.1637452e-12,0
val,14,data_14.csv,persistent_leak,14_118_141,24,118,141,70800,84600,0,1.1798364e-13,0
val,14,data_14.csv,persistent_leak,14_119_142,24,119,142,71400,85200,0,8.566454e-15,0
val,14,data_14.csv,persistent_leak,14_120_143,24,120,143,72000,85800,0,1.067719e-16,0
val,14,data_14.csv,persistent_leak,14_121_144,24,121,144,72600,86400,0,3.3764037e-17,0
val,15,data_15.csv,persistent_leak,15_0_23,24,0,23,0,13800,0,6.4972472e-25,0
val,15,data_15.csv,persistent_leak,15_1_24,24,1,24,600,14400,0,1.0199676e-24,0
val,15,data_15.csv,persistent_leak,15_2_25,24,2,25,1200,15000,0,1.5141745e-24,0
val,15,data_15.csv,persistent_leak,15_3_26,24,3,26,1800,15600,0,2.042377e-24,0
val,15,data_15.csv,persistent_leak,15_4_27,24,4,27,2400,16200,0,2.486112e-24,0
val,15,data_15.csv,persistent_leak,15_5_28,24,5,28,3000,16800,0,3.4362276e-24,0
val,15,data_15.csv,persistent_leak,15_6_29,24,6,29,3600,17400,0,4.7843617e-24,0
val,15,data_15.csv,persistent_leak,15_7_30,24,7,30,4200,18000,0,1.5114572e-23,0
val,15,data_15.csv,persistent_leak,15_8_31,24,8,31,4800,18600,0,5.059796e-23,0
val,15,data_15.csv,persistent_leak,15_9_32,24,9,32,5400,19200,0,1.1144155e-22,0
val,15,data_15.csv,persistent_leak,15_10_33,24,10,33,6000,19800,0,1.4932621e-22,0
val,15,data_15.csv,persistent_leak,15_11_34,24,11,34,6600,20400,0,2.7682714e-22,0
val,15,data_15.csv,persistent_leak,15_12_35,24,12,35,7200,21000,0,4.1274826e-22,0
val,15,data_15.csv,persistent_leak,15_13_36,24,13,36,7800,21600,0,1.454765e-21,0
val,15,data_15.csv,persistent_leak,15_14_37,24,14,37,8400,22200,0,5.9673407e-21,0
val,15,data_15.csv,persistent_leak,15_15_38,24,15,38,9000,22800,0,1.6363922e-20,0
val,15,data_15.csv,persistent_leak,15_16_39,24,16,39,9600,23400,0,2.499554e-20,0
val,15,data_15.csv,persistent_leak,15_17_40,24,17,40,10200,24000,0,6.11739e-20,0
val,15,data_15.csv,persistent_leak,15_18_41,24,18,41,10800,24600,0,1.604216e-19,0
val,15,data_15.csv,persistent_leak,15_19_42,24,19,42,11400,25200,0,1.0934801e-18,0
val,15,data_15.csv,persistent_leak,15_20_43,24,20,43,12000,25800,0,5.8239156e-18,0
val,15,data_15.csv,persistent_leak,15_21_44,24,21,44,12600,26400,0,1.7532996e-17,0
val,15,data_15.csv,persistent_leak,15_22_45,24,22,45,13200,27000,0,3.62133e-17,0
val,15,data_15.csv,persistent_leak,15_23_46,24,23,46,13800,27600,0,1.1128216e-16,0
val,15,data_15.csv,persistent_leak,15_24_47,24,24,47,14400,28200,0,2.7927282e-16,0
val,15,data_15.csv,persistent_leak,15_25_48,24,25,48,15000,28800,0,2.6201463e-15,0
val,15,data_15.csv,persistent_leak,15_26_49,24,26,49,15600,29400,0,1.6196757e-14,0
val,15,data_15.csv,persistent_leak,15_27_50,24,27,50,16200,30000,0,6.8624075e-14,0
val,15,data_15.csv,persistent_leak,15_28_51,24,28,51,16800,30600,0,2.194396e-13,0
val,15,data_15.csv,persistent_leak,15_29_52,24,29,52,17400,31200,0,1.1818325e-12,0
val,15,data_15.csv,persistent_leak,15_30_53,24,30,53,18000,31800,0,5.588721e-12,0
val,15,data_15.csv,persistent_leak,15_31_54,24,31,54,18600,32400,0,8.812998e-11,0
val,15,data_15.csv,persistent_leak,15_32_55,24,32,55,19200,33000,0,3.2584582e-10,0
val,15,data_15.csv,persistent_leak,15_33_56,24,33,56,19800,33600,0,7.774659e-10,0
val,15,data_15.csv,persistent_leak,15_34_57,24,34,57,20400,34200,0,1.7804556e-09,0
val,15,data_15.csv,persistent_leak,15_35_58,24,35,58,21000,34800,0,7.943413e-09,0
val,15,data_15.csv,persistent_leak,15_36_59,24,36,59,21600,35400,0,3.5125478e-08,0
val,15,data_15.csv,persistent_leak,15_37_60,24,37,60,22200,36000,0,2.4852037e-07,0
val,15,data_15.csv,persistent_leak,15_38_61,24,38,61,22800,36600,0,3.5008472e-07,0
val,15,data_15.csv,persistent_leak,15_39_62,24,39,62,23400,37200,0,5.175495e-07,0
val,15,data_15.csv,persistent_leak,15_40_63,24,40,63,24000,37800,0,1.1623907e-06,0
val,15,data_15.csv,persistent_leak,15_41_64,24,41,64,24600,38400,0,3.8975845e-06,0
val,15,data_15.csv,persistent_leak,15_42_65,24,42,65,25200,39000,0,1.7868553e-05,0
val,15,data_15.csv,persistent_leak,15_43_66,24,43,66,25800,39600,0,0.0003521303,0
val,15,data_15.csv,persistent_leak,15_44_67,24,44,67,26400,40200,0,0.00076927245,0
val,15,data_15.csv,persistent_leak,15_45_68,24,45,68,27000,40800,0,0.0010463294,0
val,15,data_15.csv,persistent_leak,15_46_69,24,46,69,27600,41400,0,0.0022620051,0
val,15,data_15.csv,persistent_leak,15_47_70,24,47,70,28200,42000,0,0.0059788674,0
val,15,data_15.csv,persistent_leak,15_48_71,24,48,71,28800,42600,0,0.017932909,0
val,15,data_15.csv,persistent_leak,15_49_72,24,49,72,29400,43200,0,0.1237701,0
val,15,data_15.csv,persistent_leak,15_50_73,24,50,73,30000,43800,0,0.07874124,0
val,15,data_15.csv,persistent_leak,15_51_74,24,51,74,30600,44400,0,0.048181057,0
val,15,data_15.csv,persistent_leak,15_52_75,24,52,75,31200,45000,0,0.05931434,0
val,15,data_15.csv,persistent_leak,15_53_76,24,53,76,31800,45600,0,0.08865582,0
val,15,data_15.csv,persistent_leak,15_54_77,24,54,77,32400,46200,0,0.11811648,0
val,15,data_15.csv,persistent_leak,15_55_78,24,55,78,33000,46800,0,0.06370417,0
val,15,data_15.csv,persistent_leak,15_56_79,24,56,79,33600,47400,0,0.04699784,0
val,15,data_15.csv,persistent_leak,15_57_80,24,57,80,34200,48000,0,0.029941024,0
val,15,data_15.csv,persistent_leak,15_58_81,24,58,81,34800,48600,0,0.02702247,0
val,15,data_15.csv,persistent_leak,15_59_82,24,59,82,35400,49200,0,0.024478853,0
val,15,data_15.csv,persistent_leak,15_60_83,24,60,83,36000,49800,0,0.028822822,0
val,15,data_15.csv,persistent_leak,15_61_84,24,61,84,36600,50400,0,0.024113113,0
val,15,data_15.csv,persistent_leak,15_62_85,24,62,85,37200,51000,0,0.029108662,0
val,15,data_15.csv,persistent_leak,15_63_86,24,63,86,37800,51600,0,0.034677163,0
val,15,data_15.csv,persistent_leak,15_64_87,24,64,87,38400,52200,0,0.03999838,0
val,15,data_15.csv,persistent_leak,15_65_88,24,65,88,39000,52800,0,0.06359331,0
val,15,data_15.csv,persistent_leak,15_66_89,24,66,89,39600,53400,0,0.1331617,0
val,15,data_15.csv,persistent_leak,15_67_90,24,67,90,40200,54000,0,0.10728795,0
val,15,data_15.csv,persistent_leak,15_68_91,24,68,91,40800,54600,0,0.073951356,0
val,15,data_15.csv,persistent_leak,15_69_92,24,69,92,41400,55200,0,0.0948408,0
val,15,data_15.csv,persistent_leak,15_70_93,24,70,93,42000,55800,0,0.11670098,0
val,15,data_15.csv,persistent_leak,15_71_94,24,71,94,42600,56400,0,0.19325683,0
val,15,data_15.csv,persistent_leak,15_72_95,24,72,95,43200,57000,0,0.3231938,0
val,15,data_15.csv,persistent_leak,15_73_96,24,73,96,43800,57600,0,0.25270626,0
val,15,data_15.csv,persistent_leak,15_74_97,24,74,97,44400,58200,0,0.11518159,0
val,15,data_15.csv,persistent_leak,15_75_98,24,75,98,45000,58800,0,0.060800858,0
val,15,data_15.csv,persistent_leak,15_76_99,24,76,99,45600,59400,0,0.055995207,0
val,15,data_15.csv,persistent_leak,15_77_100,24,77,100,46200,60000,0,0.054178007,0
val,15,data_15.csv,persistent_leak,15_78_101,24,78,101,46800,60600,0,0.03210905,0
val,15,data_15.csv,persistent_leak,15_79_102,24,79,102,47400,61200,0,0.046550505,0
val,15,data_15.csv,persistent_leak,15_80_103,24,80,103,48000,61800,0,0.0145372525,0
val,15,data_15.csv,persistent_leak,15_81_104,24,81,104,48600,62400,0,0.016722295,0
val,15,data_15.csv,persistent_leak,15_82_105,24,82,105,49200,63000,0,0.023755059,0
val,15,data_15.csv,persistent_leak,15_83_106,24,83,106,49800,63600,0,0.044747647,0
val,15,data_15.csv,persistent_leak,15_84_107,24,84,107,50400,64200,0,0.038331304,0
val,15,data_15.csv,persistent_leak,15_85_108,24,85,108,51000,64800,0,0.027013857,0
val,15,data_15.csv,persistent_leak,15_86_109,24,86,109,51600,65400,0,0.03320038,0
val,15,data_15.csv,persistent_leak,15_87_110,24,87,110,52200,66000,0,0.051278926,0
val,15,data_15.csv,persistent_leak,15_88_111,24,88,111,52800,66600,0,0.06602913,0
val,15,data_15.csv,persistent_leak,15_89_112,24,89,112,53400,67200,0,0.08836269,0
val,15,data_15.csv,persistent_leak,15_90_113,24,90,113,54000,67800,0,0.15477936,0
val,15,data_15.csv,persistent_leak,15_91_114,24,91,114,54600,68400,0,0.22041121,0
val,15,data_15.csv,persistent_leak,15_92_115,24,92,115,55200,69000,0,0.29656294,0
val,15,data_15.csv,persistent_leak,15_93_116,24,93,116,55800,69600,0,0.37748137,0
val,15,data_15.csv,persistent_leak,15_94_117,24,94,117,56400,70200,0,0.30849275,0
val,15,data_15.csv,persistent_leak,15_95_118,24,95,118,57000,70800,0,0.31184915,0
val,15,data_15.csv,persistent_leak,15_96_119,24,96,119,57600,71400,0,0.3657655,0
val,15,data_15.csv,persistent_leak,15_97_120,24,97,120,58200,72000,0,0.30686763,0
val,15,data_15.csv,persistent_leak,15_98_121,24,98,121,58800,72600,0,0.22164169,0
val,15,data_15.csv,persistent_leak,15_99_122,24,99,122,59400,73200,0,0.20219652,0
val,15,data_15.csv,persistent_leak,15_100_123,24,100,123,60000,73800,0,0.12485097,0
val,15,data_15.csv,persistent_leak,15_101_124,24,101,124,60600,74400,0,0.05703379,0
val,15,data_15.csv,persistent_leak,15_102_125,24,102,125,61200,75000,0,0.024794506,0
val,15,data_15.csv,persistent_leak,15_103_126,24,103,126,61800,75600,0,0.0035403224,0
val,15,data_15.csv,persistent_leak,15_104_127,24,104,127,62400,76200,0,0.00033678018,0
val,15,data_15.csv,persistent_leak,15_105_128,24,105,128,63000,76800,0,9.6331794e-05,0
val,15,data_15.csv,persistent_leak,15_106_129,24,106,129,63600,77400,0,6.656299e-05,0
val,15,data_15.csv,persistent_leak,15_107_130,24,107,130,64200,78000,0,4.779847e-05,0
val,15,data_15.csv,persistent_leak,15_108_131,24,108,131,64800,78600,0,5.5497025e-05,0
val,15,data_15.csv,persistent_leak,15_109_132,24,109,132,65400,79200,0,3.6157548e-05,0
val,15,data_15.csv,persistent_leak,15_110_133,24,110,133,66000,79800,0,2.5583186e-06,0
val,15,data_15.csv,persistent_leak,15_111_134,24,111,134,66600,80400,0,1.4220965e-06,0
val,15,data_15.csv,persistent_leak,15_112_135,24,112,135,67200,81000,0,1.8778433e-06,0
val,15,data_15.csv,persistent_leak,15_113_136,24,113,136,67800,81600,0,5.906402e-06,0
val,15,data_15.csv,persistent_leak,15_114_137,24,114,137,68400,82200,0,2.4035218e-05,0
val,15,data_15.csv,persistent_leak,15_115_138,24,115,138,69000,82800,0,8.284116e-06,0
val,15,data_15.csv,persistent_leak,15_116_139,24,116,139,69600,83400,0,2.1257398e-07,0
val,15,data_15.csv,persistent_leak,15_117_140,24,117,140,70200,84000,0,6.156288e-08,0
val,15,data_15.csv,persistent_leak,15_118_141,24,118,141,70800,84600,0,2.9479436e-08,0
val,15,data_15.csv,persistent_leak,15_119_142,24,119,142,71400,85200,0,8.74741e-09,0
val,15,data_15.csv,persistent_leak,15_120_143,24,120,143,72000,85800,0,4.341935e-09,0
val,15,data_15.csv,persistent_leak,15_121_144,24,121,144,72600,86400,0,6.7674943e-10,0
val,30,data_30.csv,onset_leak,30_0_23,24,0,23,0,13800,0,2.2425865e-20,0
val,30,data_30.csv,onset_leak,30_1_24,24,1,24,600,14400,0,1.0855496e-19,0
val,30,data_30.csv,onset_leak,30_2_25,24,2,25,1200,15000,0,3.8376858e-19,0
val,30,data_30.csv,onset_leak,30_3_26,24,3,26,1800,15600,0,1.0258432e-18,0
val,30,data_30.csv,onset_leak,30_4_27,24,4,27,2400,16200,0,2.432896e-18,0
val,30,data_30.csv,onset_leak,30_5_28,24,5,28,3000,16800,0,8.105656e-18,0
val,30,data_30.csv,onset_leak,30_6_29,24,6,29,3600,17400,0,2.8728277e-17,0
val,30,data_30.csv,onset_leak,30_7_30,24,7,30,4200,18000,0,4.1877465e-16,0
val,30,data_30.csv,onset_leak,30_8_31,24,8,31,4800,18600,0,6.6413698e-15,0
val,30,data_30.csv,onset_leak,30_9_32,24,9,32,5400,19200,0,4.682005e-14,0
val,30,data_30.csv,onset_leak,30_10_33,24,10,33,6000,19800,0,1.13565956e-13,0
val,30,data_30.csv,onset_leak,30_11_34,24,11,34,6600,20400,0,7.454165e-13,0
val,30,data_30.csv,onset_leak,30_12_35,24,12,35,7200,21000,0,2.327265e-12,0
val,30,data_30.csv,onset_leak,30_13_36,24,13,36,7800,21600,0,1.6729429e-10,0
val,30,data_30.csv,onset_leak,30_14_37,24,14,37,8400,22200,0,5.242798e-10,0
val,30,data_30.csv,onset_leak,30_15_38,24,15,38,9000,22800,0,1.020094e-09,0
val,30,data_30.csv,onset_leak,30_16_39,24,16,39,9600,23400,0,1.3620769e-09,0
val,30,data_30.csv,onset_leak,30_17_40,24,17,40,10200,24000,0,4.518723e-09,0
val,30,data_30.csv,onset_leak,30_18_41,24,18,41,10800,24600,0,1.7166105e-08,0
val,30,data_30.csv,onset_leak,30_19_42,24,19,42,11400,25200,0,8.1034693e-07,0
val,30,data_30.csv,onset_leak,30_20_43,24,20,43,12000,25800,0,5.764136e-07,0
val,30,data_30.csv,onset_leak,30_21_44,24,21,44,12600,26400,0,4.608025e-07,0
val,30,data_30.csv,onset_leak,30_22_45,24,22,45,13200,27000,0,7.589888e-07,0
val,30,data_30.csv,onset_leak,30_23_46,24,23,46,13800,27600,0,2.7535573e-06,0
val,30,data_30.csv,onset_leak,30_24_47,24,24,47,14400,28200,0,9.450674e-06,0
val,30,data_30.csv,onset_leak,30_25_48,24,25,48,15000,28800,0,3.1937616e-05,0
val,30,data_30.csv,onset_leak,30_26_49,24,26,49,15600,29400,0,1.45415925e-05,0
val,30,data_30.csv,onset_leak,30_27_50,24,27,50,16200,30000,0,9.851933e-06,0
val,30,data_30.csv,onset_leak,30_28_51,24,28,51,16800,30600,0,5.0340597e-05,0
val,30,data_30.csv,onset_leak,30_29_52,24,29,52,17400,31200,0,0.00010737127,0
val,30,data_30.csv,onset_leak,30_30_53,24,30,53,18000,31800,0,0.0008917319,0
val,30,data_30.csv,onset_leak,30_31_54,24,31,54,18600,32400,0,0.00027053308,0
val,30,data_30.csv,onset_leak,30_32_55,24,32,55,19200,33000,0,0.00022255359,0
val,30,data_30.csv,onset_leak,30_33_56,24,33,56,19800,33600,0,0.00017878317,0
val,30,data_30.csv,onset_leak,30_34_57,24,34,57,20400,34200,0,0.00048735703,0
val,30,data_30.csv,onset_leak,30_35_58,24,35,58,21000,34800,0,0.0022494777,0
val,30,data_30.csv,onset_leak,30_36_59,24,36,59,21600,35400,0,0.011921474,0
val,30,data_30.csv,onset_leak,30_37_60,24,37,60,22200,36000,0,0.015724588,0
val,30,data_30.csv,onset_leak,30_38_61,24,38,61,22800,36600,0,0.0061490135,0
val,30,data_30.csv,onset_leak,30_39_62,24,39,62,23400,37200,0,0.0037644356,0
val,30,data_30.csv,onset_leak,30_40_63,24,40,63,24000,37800,0,0.00449724,0
val,30,data_30.csv,onset_leak,30_41_64,24,41,64,24600,38400,0,0.008373435,0
val,30,data_30.csv,onset_leak,30_42_65,24,42,65,25200,39000,0,0.028305536,0
val,30,data_30.csv,onset_leak,30_43_66,24,43,66,25800,39600,0,0.030084701,0
val,30,data_30.csv,onset_leak,30_44_67,24,44,67,26400,40200,0,0.004143872,0
val,30,data_30.csv,onset_leak,30_45_68,24,45,68,27000,40800,0,0.0034807571,0
val,30,data_30.csv,onset_leak,30_46_69,24,46,69,27600,41400,0,0.0030113251,0
val,30,data_30.csv,onset_leak,30_47_70,24,47,70,28200,42000,0,0.0029081726,0
val,30,data_30.csv,onset_leak,30_48_71,24,48,71,28800,42600,0,0.0033759447,0
val,30,data_30.csv,onset_leak,30_49_72,24,49,72,29400,43200,0,0.0031019654,0
val,30,data_30.csv,onset_leak,30_50_73,24,50,73,30000,43800,0,0.0011272916,0
val,30,data_30.csv,onset_leak,30_51_74,24,51,74,30600,44400,0,0.00084803393,0
val,30,data_30.csv,onset_leak,30_52_75,24,52,75,31200,45000,0,0.00077919784,0
val,30,data_30.csv,onset_leak,30_53_76,24,53,76,31800,45600,0,0.00045615996,0
val,30,data_30.csv,onset_leak,30_54_77,24,54,77,32400,46200,0,0.0003397464,0
val,30,data_30.csv,onset_leak,30_55_78,24,55,78,33000,46800,0,0.0001659924,0
val,30,data_30.csv,onset_leak,30_56_79,24,56,79,33600,47400,0,4.2531068e-05,0
val,30,data_30.csv,onset_leak,30_57_80,24,57,80,34200,48000,0,2.104155e-05,0
val,30,data_30.csv,onset_leak,30_58_81,24,58,81,34800,48600,0,9.4644465e-06,0
val,30,data_30.csv,onset_leak,30_59_82,24,59,82,35400,49200,0,1.8926308e-06,0
val,30,data_30.csv,onset_leak,30_60_83,24,60,83,36000,49800,0,2.3990492e-07,0
val,30,data_30.csv,onset_leak,30_61_84,24,61,84,36600,50400,0,5.987937e-08,0
val,30,data_30.csv,onset_leak,30_62_85,24,62,85,37200,51000,0,2.2484036e-08,0
val,30,data_30.csv,onset_leak,30_63_86,24,63,86,37800,51600,0,1.09322915e-08,0
val,30,data_30.csv,onset_leak,30_64_87,24,64,87,38400,52200,0,3.72561e-09,0
val,30,data_30.csv,onset_leak,30_65_88,24,65,88,39000,52800,0,8.7860813e-10,0
val,30,data_30.csv,onset_leak,30_66_89,24,66,89,39600,53400,0,1.3153639e-10,0
val,30,data_30.csv,onset_leak,30_67_90,24,67,90,40200,54000,0,7.3621595e-11,0
val,30,data_30.csv,onset_leak,30_68_91,24,68,91,40800,54600,0,8.1006e-11,0
val,30,data_30.csv,onset_leak,30_69_92,24,69,92,41400,55200,0,6.845972e-11,0
val,30,data_30.csv,onset_leak,30_70_93,24,70,93,42000,55800,0,2.721208e-11,0
val,30,data_30.csv,onset_leak,30_71_94,24,71,94,42600,56400,0,1.1519067e-11,0
val,30,data_30.csv,onset_leak,30_72_95,24,72,95,43200,57000,0,3.1587992e-12,0
val,30,data_30.csv,onset_leak,30_73_96,24,73,96,43800,57600,0,4.7974675e-12,0
val,30,data_30.csv,onset_leak,30_74_97,24,74,97,44400,58200,0,1.3711361e-11,0
val,30,data_30.csv,onset_leak,30_75_98,24,75,98,45000,58800,0,2.123086e-11,0
val,30,data_30.csv,onset_leak,30_76_99,24,76,99,45600,59400,0,1.335644e-11,0
val,30,data_30.csv,onset_leak,30_77_100,24,77,100,46200,60000,0,1.1720636e-11,0
val,30,data_30.csv,onset_leak,30_78_101,24,78,101,46800,60600,0,6.413956e-12,0
val,30,data_30.csv,onset_leak,30_79_102,24,79,102,47400,61200,0,3.0265342e-11,0
val,30,data_30.csv,onset_leak,30_80_103,24,80,103,48000,61800,0,1.806083e-10,0
val,30,data_30.csv,onset_leak,30_81_104,24,81,104,48600,62400,0,4.4065662e-10,0
val,30,data_30.csv,onset_leak,30_82_105,24,82,105,49200,63000,0,5.4803795e-10,0
val,30,data_30.csv,onset_leak,30_83_106,24,83,106,49800,63600,0,9.0044444e-10,0
val,30,data_30.csv,onset_leak,30_84_107,24,84,107,50400,64200,0,1.0409479e-09,0
val,30,data_30.csv,onset_leak,30_85_108,24,85,108,51000,64800,0,1.1435679e-08,0
val,30,data_30.csv,onset_leak,30_86_109,24,86,109,51600,65400,0,2.0591546e-08,0
val,30,data_30.csv,onset_leak,30_87_110,24,87,110,52200,66000,0,3.521013e-08,0
val,30,data_30.csv,onset_leak,30_88_111,24,88,111,52800,66600,0,6.3533456e-08,0
val,30,data_30.csv,onset_leak,30_89_112,24,89,112,53400,67200,0,1.7071372e-07,0
val,30,data_30.csv,onset_leak,30_90_113,24,90,113,54000,67800,0,3.7081193e-07,0
val,30,data_30.csv,onset_leak,30_91_114,24,91,114,54600,68400,0,5.841077e-06,0
val,30,data_30.csv,onset_leak,30_92_115,24,92,115,55200,69000,0,9.3437875e-06,0
val,30,data_30.csv,onset_leak,30_93_116,24,93,116,55800,69600,0,1.1140344e-05,0
val,30,data_30.csv,onset_leak,30_94_117,24,94,117,56400,70200,0,2.2432636e-05,0
val,30,data_30.csv,onset_leak,30_95_118,24,95,118,57000,70800,0,7.695816e-05,0
val,30,data_30.csv,onset_leak,30_96_119,24,96,119,57600,71400,0,0.00026178316,0
val,30,data_30.csv,onset_leak,30_97_120,24,97,120,58200,72000,0,0.0037284368,0
val,30,data_30.csv,onset_leak,30_98_121,24,98,121,58800,72600,0,0.0035060516,0
val,30,data_30.csv,onset_leak,30_99_122,24,99,122,59400,73200,0,0.002678107,0
val,30,data_30.csv,onset_leak,30_100_123,24,100,123,60000,73800,0,0.0049610324,0
val,30,data_30.csv,onset_leak,30_101_124,24,101,124,60600,74400,0,0.00992488,0
val,30,data_30.csv,onset_leak,30_102_125,24,102,125,61200,75000,0,0.02975251,0
val,30,data_30.csv,onset_leak,30_103_126,24,103,126,61800,75600,0,0.011356285,0
val,30,data_30.csv,onset_leak,30_104_127,24,104,127,62400,76200,0,0.003417224,0
val,30,data_30.csv,onset_leak,30_105_128,24,105,128,63000,76800,0,0.002101466,0
val,30,data_30.csv,onset_leak,30_106_129,24,106,129,63600,77400,0,0.0026048499,0
val,30,data_30.csv,onset_leak,30_107_130,24,107,130,64200,78000,0,0.0030935,0
val,30,data_30.csv,onset_leak,30_108_131,24,108,131,64800,78600,0,0.008366892,0
val,30,data_30.csv,onset_leak,30_109_132,24,109,132,65400,79200,0,0.0016643339,0
val,30,data_30.csv,onset_leak,30_110_133,24,110,133,66000,79800,0,0.00017248404,0
val,30,data_30.csv,onset_leak,30_111_134,24,111,134,66600,80400,0,3.7481645e-05,0
val,30,data_30.csv,onset_leak,30_112_135,24,112,135,67200,81000,0,2.0642312e-05,0
val,30,data_30.csv,onset_leak,30_113_136,24,113,136,67800,81600,0,2.1158357e-05,0
val,30,data_30.csv,onset_leak,30_114_137,24,114,137,68400,82200,0,4.1166324e-05,0
val,30,data_30.csv,onset_leak,30_115_138,24,115,138,69000,82800,0,1.3977028e-05,0
val,30,data_30.csv,onset_leak,30_116_139,24,116,139,69600,83400,0,1.0630861e-08,0
val,30,data_30.csv,onset_leak,30_117_140,24,117,140,70200,84000,0,9.1757213e-10,0
val,30,data_30.csv,onset_leak,30_118_141,24,118,141,70800,84600,0,2.473218e-10,0
val,30,data_30.csv,onset_leak,30_119_142,24,119,142,71400,85200,0,1.681545e-10,0
val,30,data_30.csv,onset_leak,30_120_143,24,120,143,72000,85800,0,4.5659382e-10,0
val,30,data_30.csv,onset_leak,30_121_144,24,121,144,72600,86400,0,8.0130275e-10,0
val,32,data_32.csv,persistent_leak,32_0_23,24,0,23,0,13800,0,3.395691e-23,0
val,32,data_32.csv,persistent_leak,32_1_24,24,1,24,600,14400,0,4.3322666e-23,0
val,32,data_32.csv,persistent_leak,32_2_25,24,2,25,1200,15000,0,8.902979e-23,0
val,32,data_32.csv,persistent_leak,32_3_26,24,3,26,1800,15600,0,8.5237494e-23,0
val,32,data_32.csv,persistent_leak,32_4_27,24,4,27,2400,16200,0,3.9492412e-23,0
val,32,data_32.csv,persistent_leak,32_5_28,24,5,28,3000,16800,0,1.9797296e-23,0
val,32,data_32.csv,persistent_leak,32_6_29,24,6,29,3600,17400,0,4.499621e-24,0
val,32,data_32.csv,persistent_leak,32_7_30,24,7,30,4200,18000,0,1.0720781e-23,0
val,32,data_32.csv,persistent_leak,32_8_31,24,8,31,4800,18600,0,3.9309643e-23,0
val,32,data_32.csv,persistent_leak,32_9_32,24,9,32,5400,19200,0,8.941677e-23,0
val,32,data_32.csv,persistent_leak,32_10_33,24,10,33,6000,19800,0,8.9513694e-23,0
val,32,data_32.csv,persistent_leak,32_11_34,24,11,34,6600,20400,0,1.3996257e-22,0
val,32,data_32.csv,persistent_leak,32_12_35,24,12,35,7200,21000,0,2.1491822e-22,0
val,32,data_32.csv,persistent_leak,32_13_36,24,13,36,7800,21600,0,1.0111827e-21,0
val,32,data_32.csv,persistent_leak,32_14_37,24,14,37,8400,22200,0,3.8947868e-21,0
val,32,data_32.csv,persistent_leak,32_15_38,24,15,38,9000,22800,0,8.818855e-21,0
val,32,data_32.csv,persistent_leak,32_16_39,24,16,39,9600,23400,0,1.3552306e-20,0
val,32,data_32.csv,persistent_leak,32_17_40,24,17,40,10200,24000,0,2.869855e-20,0
val,32,data_32.csv,persistent_leak,32_18_41,24,18,41,10800,24600,0,4.778243e-20,0
val,32,data_32.csv,persistent_leak,32_19_42,24,19,42,11400,25200,0,7.6719937e-19,0
val,32,data_32.csv,persistent_leak,32_20_43,24,20,43,12000,25800,0,1.0057566e-17,0
val,32,data_32.csv,persistent_leak,32_21_44,24,21,44,12600,26400,0,6.091877e-17,0
val,32,data_32.csv,persistent_leak,32_22_45,24,22,45,13200,27000,0,1.9748641e-16,0
val,32,data_32.csv,persistent_leak,32_23_46,24,23,46,13800,27600,0,1.2422434e-15,0
val,32,data_32.csv,persistent_leak,32_24_47,24,24,47,14400,28200,0,5.7126308e-15,0
val,32,data_32.csv,persistent_leak,32_25_48,24,25,48,15000,28800,0,1.0591831e-13,0
val,32,data_32.csv,persistent_leak,32_26_49,24,26,49,15600,29400,0,1.1427414e-12,0
val,32,data_32.csv,persistent_leak,32_27_50,24,27,50,16200,30000,0,2.8562636e-12,0
val,32,data_32.csv,persistent_leak,32_28_51,24,28,51,16800,30600,0,6.9201563e-12,0
val,32,data_32.csv,persistent_leak,32_29_52,24,29,52,17400,31200,0,3.497654e-11,0
val,32,data_32.csv,persistent_leak,32_30_53,24,30,53,18000,31800,0,2.0997176e-10,0
val,32,data_32.csv,persistent_leak,32_31_54,24,31,54,18600,32400,0,6.535503e-10,0
val,32,data_32.csv,persistent_leak,32_32_55,24,32,55,19200,33000,0,4.3474022e-10,0
val,32,data_32.csv,persistent_leak,32_33_56,24,33,56,19800,33600,0,2.9371477e-10,0
val,32,data_32.csv,persistent_leak,32_34_57,24,34,57,20400,34200,0,5.0786353e-10,0
val,32,data_32.csv,persistent_leak,32_35_58,24,35,58,21000,34800,0,1.0096047e-09,0
val,32,data_32.csv,persistent_leak,32_36_59,24,36,59,21600,35400,0,4.1055563e-09,0
val,32,data_32.csv,persistent_leak,32_37_60,24,37,60,22200,36000,0,1.9031576e-08,0
val,32,data_32.csv,persistent_leak,32_38_61,24,38,61,22800,36600,0,2.877837e-08,0
val,32,data_32.csv,persistent_leak,32_39_62,24,39,62,23400,37200,0,8.79251e-08,0
val,32,data_32.csv,persistent_leak,32_40_63,24,40,63,24000,37800,0,9.680598e-07,0
val,32,data_32.csv,persistent_leak,32_41_64,24,41,64,24600,38400,0,6.845485e-06,0
val,32,data_32.csv,persistent_leak,32_42_65,24,42,65,25200,39000,0,7.6684024e-05,0
val,32,data_32.csv,persistent_leak,32_43_66,24,43,66,25800,39600,0,0.0015140697,0
val,32,data_32.csv,persistent_leak,32_44_67,24,44,67,26400,40200,0,0.036401536,0
val,32,data_32.csv,persistent_leak,32_45_68,24,45,68,27000,40800,0,0.29694197,0
val,32,data_32.csv,persistent_leak,32_46_69,24,46,69,27600,41400,0,0.5508611,0
val,32,data_32.csv,persistent_leak,32_47_70,24,47,70,28200,42000,0,0.84148663,1
val,32,data_32.csv,persistent_leak,32_48_71,24,48,71,28800,42600,0,0.76900506,1
val,32,data_32.csv,persistent_leak,32_49_72,24,49,72,29400,43200,0,0.7468505,0
val,32,data_32.csv,persistent_leak,32_50_73,24,50,73,30000,43800,0,0.64580095,0
val,32,data_32.csv,persistent_leak,32_51_74,24,51,74,30600,44400,0,0.6583956,0
val,32,data_32.csv,persistent_leak,32_52_75,24,52,75,31200,45000,0,0.5169833,0
val,32,data_32.csv,persistent_leak,32_53_76,24,53,76,31800,45600,0,0.5454952,0
val,32,data_32.csv,persistent_leak,32_54_77,24,54,77,32400,46200,0,0.41615278,0
val,32,data_32.csv,persistent_leak,32_55_78,24,55,78,33000,46800,0,0.24278013,0
val,32,data_32.csv,persistent_leak,32_56_79,24,56,79,33600,47400,0,0.095990494,0
val,32,data_32.csv,persistent_leak,32_57_80,24,57,80,34200,48000,0,0.04911735,0
val,32,data_32.csv,persistent_leak,32_58_81,24,58,81,34800,48600,0,0.043430995,0
val,32,data_32.csv,persistent_leak,32_59_82,24,59,82,35400,49200,0,0.016146146,0
val,32,data_32.csv,persistent_leak,32_60_83,24,60,83,36000,49800,0,0.008417291,0
val,32,data_32.csv,persistent_leak,32_61_84,24,61,84,36600,50400,0,0.0023040024,0
val,32,data_32.csv,persistent_leak,32_62_85,24,62,85,37200,51000,0,0.0007436114,0
val,32,data_32.csv,persistent_leak,32_63_86,24,63,86,37800,51600,0,0.00037099514,0
val,32,data_32.csv,persistent_leak,32_64_87,24,64,87,38400,52200,0,0.00041080426,0
val,32,data_32.csv,persistent_leak,32_65_88,24,65,88,39000,52800,0,0.000781193,0
val,32,data_32.csv,persistent_leak,32_66_89,24,66,89,39600,53400,0,0.002258467,0
val,32,data_32.csv,persistent_leak,32_67_90,24,67,90,40200,54000,0,0.0028746456,0
val,32,data_32.csv,persistent_leak,32_68_91,24,68,91,40800,54600,0,0.00021868908,0
val,32,data_32.csv,persistent_leak,32_69_92,24,69,92,41400,55200,0,9.377424e-05,0
val,32,data_32.csv,persistent_leak,32_70_93,24,70,93,42000,55800,0,5.0687137e-05,0
val,32,data_32.csv,persistent_leak,32_71_94,24,71,94,42600,56400,0,7.156218e-05,0
val,32,data_32.csv,persistent_leak,32_72_95,24,72,95,43200,57000,0,0.00026049797,0
val,32,data_32.csv,persistent_leak,32_73_96,24,73,96,43800,57600,0,0.0003981032,0
val,32,data_32.csv,persistent_leak,32_74_97,24,74,97,44400,58200,0,7.822053e-05,0
val,32,data_32.csv,persistent_leak,32_75_98,24,75,98,45000,58800,0,5.347348e-05,0
val,32,data_32.csv,persistent_leak,32_76_99,24,76,99,45600,59400,0,4.7663325e-05,0
val,32,data_32.csv,persistent_leak,32_77_100,24,77,100,46200,60000,0,3.235518e-05,0
val,32,data_32.csv,persistent_leak,32_78_101,24,78,101,46800,60600,0,2.695079e-05,0
val,32,data_32.csv,persistent_leak,32_79_102,24,79,102,47400,61200,0,1.9142093e-05,0
val,32,data_32.csv,persistent_leak,32_80_103,24,80,103,48000,61800,0,5.6494473e-06,0
val,32,data_32.csv,persistent_leak,32_81_104,24,81,104,48600,62400,0,3.1227778e-06,0
val,32,data_32.csv,persistent_leak,32_82_105,24,82,105,49200,63000,0,1.8019974e-06,0
val,32,data_32.csv,persistent_leak,32_83_106,24,83,106,49800,63600,0,4.5428837e-07,0
val,32,data_32.csv,persistent_leak,32_84_107,24,84,107,50400,64200,0,9.0963745e-08,0
val,32,data_32.csv,persistent_leak,32_85_108,24,85,108,51000,64800,0,5.3126122e-08,0
val,32,data_32.csv,persistent_leak,32_86_109,24,86,109,51600,65400,0,1.3224282e-07,0
val,32,data_32.csv,persistent_leak,32_87_110,24,87,110,52200,66000,0,1.3458371e-07,0
val,32,data_32.csv,persistent_leak,32_88_111,24,88,111,52800,66600,0,2.5196012e-08,0
val,32,data_32.csv,persistent_leak,32_89_112,24,89,112,53400,67200,0,5.7783e-09,0
val,32,data_32.csv,persistent_leak,32_90_113,24,90,113,54000,67800,0,3.8424858e-10,0
val,32,data_32.csv,persistent_leak,32_91_114,24,91,114,54600,68400,0,4.523714e-10,0
val,32,data_32.csv,persistent_leak,32_92_115,24,92,115,55200,69000,0,1.4606572e-09,0
val,32,data_32.csv,persistent_leak,32_93_116,24,93,116,55800,69600,0,2.3107305e-09,0
val,32,data_32.csv,persistent_leak,32_94_117,24,94,117,56400,70200,0,1.3016926e-09,0
val,32,data_32.csv,persistent_leak,32_95_118,24,95,118,57000,70800,0,1.2047715e-09,0
val,32,data_32.csv,persistent_leak,32_96_119,24,96,119,57600,71400,0,9.708143e-10,0
val,32,data_32.csv,persistent_leak,32_97_120,24,97,120,58200,72000,0,3.5132295e-09,0
val,32,data_32.csv,persistent_leak,32_98_121,24,98,121,58800,72600,0,6.4555112e-09,0
val,32,data_32.csv,persistent_leak,32_99_122,24,99,122,59400,73200,0,6.561199e-09,0
val,32,data_32.csv,persistent_leak,32_100_123,24,100,123,60000,73800,0,6.182491e-09,0
val,32,data_32.csv,persistent_leak,32_101_124,24,101,124,60600,74400,0,7.887809e-09,0
val,32,data_32.csv,persistent_leak,32_102_125,24,102,125,61200,75000,0,4.175638e-09,0
val,32,data_32.csv,persistent_leak,32_103_126,24,103,126,61800,75600,0,3.1008828e-08,0
val,32,data_32.csv,persistent_leak,32_104_127,24,104,127,62400,76200,0,1.0107096e-07,0
val,32,data_32.csv,persistent_leak,32_105_128,24,105,128,63000,76800,0,2.396831e-07,0
val,32,data_32.csv,persistent_leak,32_106_129,24,106,129,63600,77400,0,6.736772e-07,0
val,32,data_32.csv,persistent_leak,32_107_130,24,107,130,64200,78000,0,2.2835773e-06,0
val,32,data_32.csv,persistent_leak,32_108_131,24,108,131,64800,78600,0,9.591958e-06,0
val,32,data_32.csv,persistent_leak,32_109_132,24,109,132,65400,79200,0,1.3660136e-06,0
val,32,data_32.csv,persistent_leak,32_110_133,24,110,133,66000,79800,0,2.8070525e-07,0
val,32,data_32.csv,persistent_leak,32_111_134,24,111,134,66600,80400,0,1.9455906e-07,0
val,32,data_32.csv,persistent_leak,32_112_135,24,112,135,67200,81000,0,4.055515e-07,0
val,32,data_32.csv,persistent_leak,32_113_136,24,113,136,67800,81600,0,7.914197e-07,0
val,32,data_32.csv,persistent_leak,32_114_137,24,114,137,68400,82200,0,4.768126e-06,0
val,32,data_32.csv,persistent_leak,32_115_138,24,115,138,69000,82800,0,1.1108209e-06,0
val,32,data_32.csv,persistent_leak,32_116_139,24,116,139,69600,83400,0,2.3390626e-08,0
val,32,data_32.csv,persistent_leak,32_117_140,24,117,140,70200,84000,0,3.7156673e-09,0
val,32,data_32.csv,persistent_leak,32_118_141,24,118,141,70800,84600,0,4.23702e-09,0
val,32,data_32.csv,persistent_leak,32_119_142,24,119,142,71400,85200,0,2.321111e-09,0
val,32,data_32.csv,persistent_leak,32_120_143,24,120,143,72000,85800,0,2.0737447e-09,0
val,32,data_32.csv,persistent_leak,32_121_144,24,121,144,72600,86400,0,1.5520317e-09,0
val,37,data_37.csv,onset_leak,37_0_23,24,0,23,0,13800,0,4.5575314e-22,0
val,37,data_37.csv,onset_leak,37_1_24,24,1,24,600,14400,0,2.7214366e-22,0
val,37,data_37.csv,onset_leak,37_2_25,24,2,25,1200,15000,0,2.0835276e-22,0
val,37,data_37.csv,onset_leak,37_3_26,24,3,26,1800,15600,0,1.494208e-22,0
val,37,data_37.csv,onset_leak,37_4_27,24,4,27,2400,16200,0,9.074177e-23,0
val,37,data_37.csv,onset_leak,37_5_28,24,5,28,3000,16800,0,4.968996e-23,0
val,37,data_37.csv,onset_leak,37_6_29,24,6,29,3600,17400,0,2.2787677e-23,0
val,37,data_37.csv,onset_leak,37_7_30,24,7,30,4200,18000,0,1.9570606e-23,0
val,37,data_37.csv,onset_leak,37_8_31,24,8,31,4800,18600,0,2.0777326e-23,0
val,37,data_37.csv,onset_leak,37_9_32,24,9,32,5400,19200,0,1.9090435e-23,0
val,37,data_37.csv,onset_leak,37_10_33,24,10,33,6000,19800,0,1.3976455e-23,0
val,37,data_37.csv,onset_leak,37_11_34,24,11,34,6600,20400,0,1.0188598e-23,0
val,37,data_37.csv,onset_leak,37_12_35,24,12,35,7200,21000,0,6.2454134e-24,0
val,37,data_37.csv,onset_leak,37_13_36,24,13,36,7800,21600,0,7.548596e-24,0
val,37,data_37.csv,onset_leak,37_14_37,24,14,37,8400,22200,0,1.0925976e-23,0
val,37,data_37.csv,onset_leak,37_15_38,24,15,38,9000,22800,0,1.2871539e-23,0
val,37,data_37.csv,onset_leak,37_16_39,24,16,39,9600,23400,0,1.138838e-23,0
val,37,data_37.csv,onset_leak,37_17_40,24,17,40,10200,24000,0,1.1212418e-23,0
val,37,data_37.csv,onset_leak,37_18_41,24,18,41,10800,24600,0,9.798316e-24,0
val,37,data_37.csv,onset_leak,37_19_42,24,19,42,11400,25200,0,1.5655216e-23,0
val,37,data_37.csv,onset_leak,37_20_43,24,20,43,12000,25800,0,2.596653e-23,0
val,37,data_37.csv,onset_leak,37_21_44,24,21,44,12600,26400,0,3.5336005e-23,0
val,37,data_37.csv,onset_leak,37_22_45,24,22,45,13200,27000,0,3.777935e-23,0
val,37,data_37.csv,onset_leak,37_23_46,24,23,46,13800,27600,0,4.6953534e-23,0
val,37,data_37.csv,onset_leak,37_24_47,24,24,47,14400,28200,0,5.4907224e-23,0
val,37,data_37.csv,onset_leak,37_25_48,24,25,48,15000,28800,0,1.0711016e-22,0
val,37,data_37.csv,onset_leak,37_26_49,24,26,49,15600,29400,0,1.8657183e-22,0
val,37,data_37.csv,onset_leak,37_27_50,24,27,50,16200,30000,0,2.7831268e-22,0
val,37,data_37.csv,onset_leak,37_28_51,24,28,51,16800,30600,0,3.619553e-22,0
val,37,data_37.csv,onset_leak,37_29_52,24,29,52,17400,31200,0,5.574788e-22,0
val,37,data_37.csv,onset_leak,37_30_53,24,30,53,18000,31800,0,8.4092305e-22,0
val,37,data_37.csv,onset_leak,37_31_54,24,31,54,18600,32400,0,6.1330188e-21,0
val,37,data_37.csv,onset_leak,37_32_55,24,32,55,19200,33000,0,5.0618697e-20,0
val,37,data_37.csv,onset_leak,37_33_56,24,33,56,19800,33600,0,1.9475766e-19,0
val,37,data_37.csv,onset_leak,37_34_57,24,34,57,20400,34200,0,3.2682526e-19,0
val,37,data_37.csv,onset_leak,37_35_58,24,35,58,21000,34800,0,9.399421e-19,0
val,37,data_37.csv,onset_leak,37_36_59,24,36,59,21600,35400,0,1.733679e-18,0
val,37,data_37.csv,onset_leak,37_37_60,24,37,60,22200,36000,0,4.394615e-17,0
val,37,data_37.csv,onset_leak,37_38_61,24,38,61,22800,36600,0,2.0654056e-15,0
val,37,data_37.csv,onset_leak,37_39_62,24,39,62,23400,37200,0,1.4906132e-14,0
val,37,data_37.csv,onset_leak,37_40_63,24,40,63,24000,37800,0,2.7000685e-14,0
val,37,data_37.csv,onset_leak,37_41_64,24,41,64,24600,38400,0,1.2899992e-13,0
val,37,data_37.csv,onset_leak,37_42_65,24,42,65,25200,39000,0,4.095826e-13,0
val,37,data_37.csv,onset_leak,37_43_66,24,43,66,25800,39600,0,1.0716717e-11,0
val,37,data_37.csv,onset_leak,37_44_67,24,44,67,26400,40200,0,1.0100294e-11,0
val,37,data_37.csv,onset_leak,37_45_68,24,45,68,27000,40800,0,1.7862973e-11,0
val,37,data_37.csv,onset_leak,37_46_69,24,46,69,27600,41400,0,4.76049e-11,0
val,37,data_37.csv,onset_leak,37_47_70,24,47,70,28200,42000,0,2.7125294e-10,0
val,37,data_37.csv,onset_leak,37_48_71,24,48,71,28800,42600,0,5.9409816e-10,0
val,37,data_37.csv,onset_leak,37_49_72,24,49,72,29400,43200,0,6.055665e-09,0
val,37,data_37.csv,onset_leak,37_50_73,24,50,73,30000,43800,0,5.363957e-09,0
val,37,data_37.csv,onset_leak,37_51_74,24,51,74,30600,44400,0,4.612041e-09,0
val,37,data_37.csv,onset_leak,37_52_75,24,52,75,31200,45000,0,2.6436236e-08,0
val,37,data_37.csv,onset_leak,37_53_76,24,53,76,31800,45600,0,1.331785e-07,0
val,37,data_37.csv,onset_leak,37_54_77,24,54,77,32400,46200,0,9.919698e-07,0
val,37,data_37.csv,onset_leak,37_55_78,24,55,78,33000,46800,0,4.1003495e-06,0
val,37,data_37.csv,onset_leak,37_56_79,24,56,79,33600,47400,0,6.2748463e-06,0
val,37,data_37.csv,onset_leak,37_57_80,24,57,80,34200,48000,0,1.2593776e-05,0
val,37,data_37.csv,onset_leak,37_58_81,24,58,81,34800,48600,0,0.00014515538,0
val,37,data_37.csv,onset_leak,37_59_82,24,59,82,35400,49200,0,0.0009972445,0
val,37,data_37.csv,onset_leak,37_60_83,24,60,83,36000,49800,0,0.019064488,0
val,37,data_37.csv,onset_leak,37_61_84,24,61,84,36600,50400,0,0.015493106,0
val,37,data_37.csv,onset_leak,37_62_85,24,62,85,37200,51000,0,0.0197341,0
val,37,data_37.csv,onset_leak,37_63_86,24,63,86,37800,51600,0,0.028048964,0
val,37,data_37.csv,onset_leak,37_64_87,24,64,87,38400,52200,0,0.039094456,0
val,37,data_37.csv,onset_leak,37_65_88,24,65,88,39000,52800,0,0.050813198,0
val,37,data_37.csv,onset_leak,37_66_89,24,66,89,39600,53400,0,0.07771328,0
val,37,data_37.csv,onset_leak,37_67_90,24,67,90,40200,54000,0,0.07739302,0
val,37,data_37.csv,onset_leak,37_68_91,24,68,91,40800,54600,0,0.07953076,0
val,37,data_37.csv,onset_leak,37_69_92,24,69,92,41400,55200,0,0.08372645,0
val,37,data_37.csv,onset_leak,37_70_93,24,70,93,42000,55800,0,0.086490154,0
val,37,data_37.csv,onset_leak,37_71_94,24,71,94,42600,56400,0,0.092571214,0
val,37,data_37.csv,onset_leak,37_72_95,24,72,95,43200,57000,0,0.102708496,0
val,37,data_37.csv,onset_leak,37_73_96,24,73,96,43800,57600,0,0.1087512,0
val,37,data_37.csv,onset_leak,37_74_97,24,74,97,44400,58200,0,0.1117051,0
val,37,data_37.csv,onset_leak,37_75_98,24,75,98,45000,58800,0,0.11514679,0
val,37,data_37.csv,onset_leak,37_76_99,24,76,99,45600,59400,0,0.11742299,0
val,37,data_37.csv,onset_leak,37_77_100,24,77,100,46200,60000,0,0.11523036,0
val,37,data_37.csv,onset_leak,37_78_101,24,78,101,46800,60600,0,0.11366632,0
val,37,data_37.csv,onset_leak,37_79_102,24,79,102,47400,61200,0,0.1443687,0
val,37,data_37.csv,onset_leak,37_80_103,24,80,103,48000,61800,0,0.17079753,0
val,37,data_37.csv,onset_leak,37_81_104,24,81,104,48600,62400,0,0.17662492,0
val,37,data_37.csv,onset_leak,37_82_105,24,82,105,49200,63000,0,0.18636262,0
val,37,data_37.csv,onset_leak,37_83_106,24,83,106,49800,63600,0,0.17071858,0
val,37,data_37.csv,onset_leak,37_84_107,24,84,107,50400,64200,0,0.1542445,0
val,37,data_37.csv,onset_leak,37_85_108,24,85,108,51000,64800,0,0.17309684,0
val,37,data_37.csv,onset_leak,37_86_109,24,86,109,51600,65400,0,0.19440913,0
val,37,data_37.csv,onset_leak,37_87_110,24,87,110,52200,66000,0,0.17958874,0
val,37,data_37.csv,onset_leak,37_88_111,24,88,111,52800,66600,0,0.17732824,0
val,37,data_37.csv,onset_leak,37_89_112,24,89,112,53400,67200,0,0.1497661,0
val,37,data_37.csv,onset_leak,37_90_113,24,90,113,54000,67800,0,0.123788826,0
val,37,data_37.csv,onset_leak,37_91_114,24,91,114,54600,68400,0,0.048305582,0
val,37,data_37.csv,onset_leak,37_92_115,24,92,115,55200,69000,0,0.025151469,0
val,37,data_37.csv,onset_leak,37_93_116,24,93,116,55800,69600,0,0.008875314,0
val,37,data_37.csv,onset_leak,37_94_117,24,94,117,56400,70200,0,0.0047110477,0
val,37,data_37.csv,onset_leak,37_95_118,24,95,118,57000,70800,0,0.004115699,0
val,37,data_37.csv,onset_leak,37_96_119,24,96,119,57600,71400,0,0.0046170456,0
val,37,data_37.csv,onset_leak,37_97_120,24,97,120,58200,72000,0,0.005148391,0
val,37,data_37.csv,onset_leak,37_98_121,24,98,121,58800,72600,0,0.0002924906,0
val,37,data_37.csv,onset_leak,37_99_122,24,99,122,59400,73200,0,3.9722556e-05,0
val,37,data_37.csv,onset_leak,37_100_123,24,100,123,60000,73800,0,1.4324698e-05,0
val,37,data_37.csv,onset_leak,37_101_124,24,101,124,60600,74400,0,7.645633e-06,0
val,37,data_37.csv,onset_leak,37_102_125,24,102,125,61200,75000,0,7.1278837e-06,0
val,37,data_37.csv,onset_leak,37_103_126,24,103,126,61800,75600,0,1.4200976e-05,0
val,37,data_37.csv,onset_leak,37_104_127,24,104,127,62400,76200,0,2.8935208e-06,0
val,37,data_37.csv,onset_leak,37_105_128,24,105,128,63000,76800,0,5.7920247e-06,0
val,37,data_37.csv,onset_leak,37_106_129,24,106,129,63600,77400,0,5.1001452e-06,0
val,37,data_37.csv,onset_leak,37_107_130,24,107,130,64200,78000,0,4.929189e-06,0
val,37,data_37.csv,onset_leak,37_108_131,24,108,131,64800,78600,0,4.5398406e-06,0
val,37,data_37.csv,onset_leak,37_109_132,24,109,132,65400,79200,0,2.9160758e-06,0
val,37,data_37.csv,onset_leak,37_110_133,24,110,133,66000,79800,0,6.769153e-07,0
val,37,data_37.csv,onset_leak,37_111_134,24,111,134,66600,80400,0,3.3069418e-07,0
val,37,data_37.csv,onset_leak,37_112_135,24,112,135,67200,81000,0,1.7730201e-07,0
val,37,data_37.csv,onset_leak,37_113_136,24,113,136,67800,81600,0,3.826998e-08,0
val,37,data_37.csv,onset_leak,37_114_137,24,114,137,68400,82200,0,1.3823244e-08,0
val,37,data_37.csv,onset_leak,37_115_138,24,115,138,69000,82800,0,2.2107975e-09,0
val,37,data_37.csv,onset_leak,37_116_139,24,116,139,69600,83400,0,4.8420207e-10,0
val,37,data_37.csv,onset_leak,37_117_140,24,117,140,70200,84000,0,1.4392677e-10,0
val,37,data_37.csv,onset_leak,37_118_141,24,118,141,70800,84600,0,2.1979085e-11,0
val,37,data_37.csv,onset_leak,37_119_142,24,119,142,71400,85200,0,1.7017187e-12,0
val,37,data_37.csv,onset_leak,37_120_143,24,120,143,72000,85800,0,4.238327e-14,0
val,37,data_37.csv,onset_leak,37_121_144,24,121,144,72600,86400,0,1.5288928e-14,0
val,40,data_40.csv,onset_leak,40_0_23,24,0,23,0,13800,0,6.294352e-23,0
val,40,data_40.csv,onset_leak,40_1_24,24,1,24,600,14400,0,8.470332e-23,0
val,40,data_40.csv,onset_leak,40_2_25,24,2,25,1200,15000,0,1.0877407e-22,0
val,40,data_40.csv,onset_leak,40_3_26,24,3,26,1800,15600,0,1.3218471e-22,0
val,40,data_40.csv,onset_leak,40_4_27,24,4,27,2400,16200,0,1.5216979e-22,0
val,40,data_40.csv,onset_leak,40_5_28,24,5,28,3000,16800,0,1.901232e-22,0
val,40,data_40.csv,onset_leak,40_6_29,24,6,29,3600,17400,0,2.4064925e-22,0
val,40,data_40.csv,onset_leak,40_7_30,24,7,30,4200,18000,0,4.035147e-22,0
val,40,data_40.csv,onset_leak,40_8_31,24,8,31,4800,18600,0,6.6764507e-22,0
val,40,data_40.csv,onset_leak,40_9_32,24,9,32,5400,19200,0,9.480466e-22,0
val,40,data_40.csv,onset_leak,40_10_33,24,10,33,6000,19800,0,1.1281677e-21,0
val,40,data_40.csv,onset_leak,40_11_34,24,11,34,6600,20400,0,1.5509362e-21,0
val,40,data_40.csv,onset_leak,40_12_35,24,12,35,7200,21000,0,2.0177389e-21,0
val,40,data_40.csv,onset_leak,40_13_36,24,13,36,7800,21600,0,3.4776535e-21,0
val,40,data_40.csv,onset_leak,40_14_37,24,14,37,8400,22200,0,6.0561584e-21,0
val,40,data_40.csv,onset_leak,40_15_38,24,15,38,9000,22800,0,9.186755e-21,0
val,40,data_40.csv,onset_leak,40_16_39,24,16,39,9600,23400,0,1.1297229e-20,0
val,40,data_40.csv,onset_leak,40_17_40,24,17,40,10200,24000,0,1.6882209e-20,0
val,40,data_40.csv,onset_leak,40_18_41,24,18,41,10800,24600,0,2.644248e-20,0
val,40,data_40.csv,onset_leak,40_19_42,24,19,42,11400,25200,0,5.670236e-20,0
val,40,data_40.csv,onset_leak,40_20_43,24,20,43,12000,25800,0,1.0697925e-19,0
val,40,data_40.csv,onset_leak,40_21_44,24,21,44,12600,26400,0,1.6663525e-19,0
val,40,data_40.csv,onset_leak,40_22_45,24,22,45,13200,27000,0,2.2523011e-19,0
val,40,data_40.csv,onset_leak,40_23_46,24,23,46,13800,27600,0,3.6405788e-19,0
val,40,data_40.csv,onset_leak,40_24_47,24,24,47,14400,28200,0,5.571119e-19,0
val,40,data_40.csv,onset_leak,40_25_48,24,25,48,15000,28800,0,1.3699731e-18,0
val,40,data_40.csv,onset_leak,40_26_49,24,26,49,15600,29400,0,2.9659876e-18,0
val,40,data_40.csv,onset_leak,40_27_50,24,27,50,16200,30000,0,5.315839e-18,0
val,40,data_40.csv,onset_leak,40_28_51,24,28,51,16800,30600,0,8.398636e-18,0
val,40,data_40.csv,onset_leak,40_29_52,24,29,52,17400,31200,0,1.6484806e-17,0
val,40,data_40.csv,onset_leak,40_30_53,24,30,53,18000,31800,0,3.3393596e-17,0
val,40,data_40.csv,onset_leak,40_31_54,24,31,54,18600,32400,0,1.2278077e-16,0
val,40,data_40.csv,onset_leak,40_32_55,24,32,55,19200,33000,0,4.2369162e-16,0
val,40,data_40.csv,onset_leak,40_33_56,24,33,56,19800,33600,0,1.0073972e-15,0
val,40,data_40.csv,onset_leak,40_34_57,24,34,57,20400,34200,0,1.6911128e-15,0
val,40,data_40.csv,onset_leak,40_35_58,24,35,58,21000,34800,0,4.0160424e-15,0
val,40,data_40.csv,onset_leak,40_36_59,24,36,59,21600,35400,0,8.617485e-15,0
val,40,data_40.csv,onset_leak,40_37_60,24,37,60,22200,36000,0,7.8246735e-14,0
val,40,data_40.csv,onset_leak,40_38_61,24,38,61,22800,36600,0,8.072767e-13,0
val,40,data_40.csv,onset_leak,40_39_62,24,39,62,23400,37200,0,3.906284e-12,0
val,40,data_40.csv,onset_leak,40_40_63,24,40,63,24000,37800,0,7.597768e-12,0
val,40,data_40.csv,onset_leak,40_41_64,24,41,64,24600,38400,0,3.0406292e-11,0
val,40,data_40.csv,onset_leak,40_42_65,24,42,65,25200,39000,0,6.814588e-11,0
val,40,data_40.csv,onset_leak,40_43_66,24,43,66,25800,39600,0,6.8639006e-10,0
val,40,data_40.csv,onset_leak,40_44_67,24,44,67,26400,40200,0,1.0703428e-09,0
val,40,data_40.csv,onset_leak,40_45_68,24,45,68,27000,40800,0,1.617784e-09,0
val,40,data_40.csv,onset_leak,40_46_69,24,46,69,27600,41400,0,3.1186103e-09,0
val,40,data_40.csv,onset_leak,40_47_70,24,47,70,28200,42000,0,9.911528e-09,0
val,40,data_40.csv,onset_leak,40_48_71,24,48,71,28800,42600,0,3.4791224e-08,0
val,40,data_40.csv,onset_leak,40_49_72,24,49,72,29400,43200,0,5.795798e-08,0
val,40,data_40.csv,onset_leak,40_50_73,24,50,73,30000,43800,0,3.6395512e-08,0
val,40,data_40.csv,onset_leak,40_51_74,24,51,74,30600,44400,0,2.8372655e-08,0
val,40,data_40.csv,onset_leak,40_52_75,24,52,75,31200,45000,0,6.703383e-08,0
val,40,data_40.csv,onset_leak,40_53_76,24,53,76,31800,45600,0,1.4832953e-07,0
val,40,data_40.csv,onset_leak,40_54_77,24,54,77,32400,46200,0,5.9659516e-07,0
val,40,data_40.csv,onset_leak,40_55_78,24,55,78,33000,46800,0,1.4277576e-06,0
val,40,data_40.csv,onset_leak,40_56_79,24,56,79,33600,47400,0,1.95082e-06,0
val,40,data_40.csv,onset_leak,40_57_80,24,57,80,34200,48000,0,5.9805798e-06,0
val,40,data_40.csv,onset_leak,40_58_81,24,58,81,34800,48600,0,4.6055615e-05,0
val,40,data_40.csv,onset_leak,40_59_82,24,59,82,35400,49200,0,0.0003638541,0
val,40,data_40.csv,onset_leak,40_60_83,24,60,83,36000,49800,0,0.012254324,0
val,40,data_40.csv,onset_leak,40_61_84,24,61,84,36600,50400,0,0.0064707883,0
val,40,data_40.csv,onset_leak,40_62_85,24,62,85,37200,51000,0,0.0030439717,0
val,40,data_40.csv,onset_leak,40_63_86,24,63,86,37800,51600,0,0.005009381,0
val,40,data_40.csv,onset_leak,40_64_87,24,64,87,38400,52200,0,0.0119615495,0
val,40,data_40.csv,onset_leak,40_65_88,24,65,88,39000,52800,0,0.04410163,0
val,40,data_40.csv,onset_leak,40_66_89,24,66,89,39600,53400,0,0.24135579,0
val,40,data_40.csv,onset_leak,40_67_90,24,67,90,40200,54000,0,0.18769428,0
val,40,data_40.csv,onset_leak,40_68_91,24,68,91,40800,54600,0,0.09911377,0
val,40,data_40.csv,onset_leak,40_69_92,24,69,92,41400,55200,0,0.08916185,0
val,40,data_40.csv,onset_leak,40_70_93,24,70,93,42000,55800,0,0.078302,0
val,40,data_40.csv,onset_leak,40_71_94,24,71,94,42600,56400,0,0.0526231,0
val,40,data_40.csv,onset_leak,40_72_95,24,72,95,43200,57000,0,0.03137659,0
val,40,data_40.csv,onset_leak,40_73_96,24,73,96,43800,57600,0,0.015585797,0
val,40,data_40.csv,onset_leak,40_74_97,24,74,97,44400,58200,0,0.010248931,0
val,40,data_40.csv,onset_leak,40_75_98,24,75,98,45000,58800,0,0.0086009875,0
val,40,data_40.csv,onset_leak,40_76_99,24,76,99,45600,59400,0,0.0053639445,0
val,40,data_40.csv,onset_leak,40_77_100,24,77,100,46200,60000,0,0.0024290935,0
val,40,data_40.csv,onset_leak,40_78_101,24,78,101,46800,60600,0,0.0012851268,0
val,40,data_40.csv,onset_leak,40_79_102,24,79,102,47400,61200,0,0.0006541475,0
val,40,data_40.csv,onset_leak,40_80_103,24,80,103,48000,61800,0,0.0004521268,0
val,40,data_40.csv,onset_leak,40_81_104,24,81,104,48600,62400,0,0.00031836293,0
val,40,data_40.csv,onset_leak,40_82_105,24,82,105,49200,63000,0,0.00015794764,0
val,40,data_40.csv,onset_leak,40_83_106,24,83,106,49800,63600,0,6.8079156e-05,0
val,40,data_40.csv,onset_leak,40_84_107,24,84,107,50400,64200,0,2.0950483e-05,0
val,40,data_40.csv,onset_leak,40_85_108,24,85,108,51000,64800,0,2.2723847e-05,0
val,40,data_40.csv,onset_leak,40_86_109,24,86,109,51600,65400,0,2.8398663e-05,0
val,40,data_40.csv,onset_leak,40_87_110,24,87,110,52200,66000,0,2.591983e-05,0
val,40,data_40.csv,onset_leak,40_88_111,24,88,111,52800,66600,0,1.7673558e-05,0
val,40,data_40.csv,onset_leak,40_89_112,24,89,112,53400,67200,0,1.1664046e-05,0
val,40,data_40.csv,onset_leak,40_90_113,24,90,113,54000,67800,0,5.512267e-06,0
val,40,data_40.csv,onset_leak,40_91_114,24,91,114,54600,68400,0,2.0155962e-06,0
val,40,data_40.csv,onset_leak,40_92_115,24,92,115,55200,69000,0,8.2078304e-07,0
val,40,data_40.csv,onset_leak,40_93_116,24,93,116,55800,69600,0,5.1647214e-07,0
val,40,data_40.csv,onset_leak,40_94_117,24,94,117,56400,70200,0,4.5188978e-07,0
val,40,data_40.csv,onset_leak,40_95_118,24,95,118,57000,70800,0,3.6911592e-07,0
val,40,data_40.csv,onset_leak,40_96_119,24,96,119,57600,71400,0,4.3935881e-07,0
val,40,data_40.csv,onset_leak,40_97_120,24,97,120,58200,72000,0,1.52657e-07,0
val,40,data_40.csv,onset_leak,40_98_121,24,98,121,58800,72600,0,2.8016334e-08,0
val,40,data_40.csv,onset_leak,40_99_122,24,99,122,59400,73200,0,1.0942576e-08,0
val,40,data_40.csv,onset_leak,40_100_123,24,100,123,60000,73800,0,1.0922955e-08,0
val,40,data_40.csv,onset_leak,40_101_124,24,101,124,60600,74400,0,6.7401627e-09,0
val,40,data_40.csv,onset_leak,40_102_125,24,102,125,61200,75000,0,3.415227e-09,0
val,40,data_40.csv,onset_leak,40_103_126,24,103,126,61800,75600,0,1.156037e-09,0
val,40,data_40.csv,onset_leak,40_104_127,24,104,127,62400,76200,0,3.4359834e-10,0
val,40,data_40.csv,onset_leak,40_105_128,24,105,128,63000,76800,0,2.2806655e-10,0
val,40,data_40.csv,onset_leak,40_106_129,24,106,129,63600,77400,0,2.2545851e-10,0
val,40,data_40.csv,onset_leak,40_107_130,24,107,130,64200,78000,0,1.5573033e-10,0
val,40,data_40.csv,onset_leak,40_108_131,24,108,131,64800,78600,0,1.03562416e-10,0
val,40,data_40.csv,onset_leak,40_109_132,24,109,132,65400,79200,0,1.8221718e-11,0
val,40,data_40.csv,onset_leak,40_110_133,24,110,133,66000,79800,0,5.2417528e-12,0
val,40,data_40.csv,onset_leak,40_111_134,24,111,134,66600,80400,0,2.3949976e-12,0
val,40,data_40.csv,onset_leak,40_112_135,24,112,135,67200,81000,0,9.486388e-13,0
val,40,data_40.csv,onset_leak,40_113_136,24,113,136,67800,81600,0,2.663594e-13,0
val,40,data_40.csv,onset_leak,40_114_137,24,114,137,68400,82200,0,7.530773e-14,0
val,40,data_40.csv,onset_leak,40_115_138,24,115,138,69000,82800,0,2.755261e-14,0
val,40,data_40.csv,onset_leak,40_116_139,24,116,139,69600,83400,0,1.6085186e-14,0
val,40,data_40.csv,onset_leak,40_117_140,24,117,140,70200,84000,0,8.107802e-15,0
val,40,data_40.csv,onset_leak,40_118_141,24,118,141,70800,84600,0,2.6939404e-15,0
val,40,data_40.csv,onset_leak,40_119_142,24,119,142,71400,85200,0,7.3178586e-16,0
val,40,data_40.csv,onset_leak,40_120_143,24,120,143,72000,85800,0,1.1395764e-16,0
val,40,data_40.csv,onset_leak,40_121_144,24,121,144,72600,86400,0,2.2175794e-17,0
val,49,data_49.csv,onset_leak,49_0_23,24,0,23,0,13800,0,6.4972472e-25,0
val,49,data_49.csv,onset_leak,49_1_24,24,1,24,600,14400,0,1.0199676e-24,0
val,49,data_49.csv,onset_leak,49_2_25,24,2,25,1200,15000,0,1.5141745e-24,0
val,49,data_49.csv,onset_leak,49_3_26,24,3,26,1800,15600,0,2.042377e-24,0
val,49,data_49.csv,onset_leak,49_4_27,24,4,27,2400,16200,0,2.486112e-24,0
val,49,data_49.csv,onset_leak,49_5_28,24,5,28,3000,16800,0,3.4362276e-24,0
val,49,data_49.csv,onset_leak,49_6_29,24,6,29,3600,17400,0,4.7843617e-24,0
val,49,data_49.csv,onset_leak,49_7_30,24,7,30,4200,18000,0,1.5114572e-23,0
val,49,data_49.csv,onset_leak,49_8_31,24,8,31,4800,18600,0,5.059796e-23,0
val,49,data_49.csv,onset_leak,49_9_32,24,9,32,5400,19200,0,1.1144155e-22,0
val,49,data_49.csv,onset_leak,49_10_33,24,10,33,6000,19800,0,1.4932621e-22,0
val,49,data_49.csv,onset_leak,49_11_34,24,11,34,6600,20400,0,2.7682714e-22,0
val,49,data_49.csv,onset_leak,49_12_35,24,12,35,7200,21000,0,4.1274826e-22,0
val,49,data_49.csv,onset_leak,49_13_36,24,13,36,7800,21600,0,1.454765e-21,0
val,49,data_49.csv,onset_leak,49_14_37,24,14,37,8400,22200,0,5.9673407e-21,0
val,49,data_49.csv,onset_leak,49_15_38,24,15,38,9000,22800,0,1.6363922e-20,0
val,49,data_49.csv,onset_leak,49_16_39,24,16,39,9600,23400,0,2.499554e-20,0
val,49,data_49.csv,onset_leak,49_17_40,24,17,40,10200,24000,0,6.11739e-20,0
val,49,data_49.csv,onset_leak,49_18_41,24,18,41,10800,24600,0,1.604216e-19,0
val,49,data_49.csv,onset_leak,49_19_42,24,19,42,11400,25200,0,1.0934801e-18,0
val,49,data_49.csv,onset_leak,49_20_43,24,20,43,12000,25800,0,5.8239156e-18,0
val,49,data_49.csv,onset_leak,49_21_44,24,21,44,12600,26400,0,1.7532996e-17,0
val,49,data_49.csv,onset_leak,49_22_45,24,22,45,13200,27000,0,3.62133e-17,0
val,49,data_49.csv,onset_leak,49_23_46,24,23,46,13800,27600,0,1.1128216e-16,0
val,49,data_49.csv,onset_leak,49_24_47,24,24,47,14400,28200,0,2.7927282e-16,0
val,49,data_49.csv,onset_leak,49_25_48,24,25,48,15000,28800,0,2.6201463e-15,0
val,49,data_49.csv,onset_leak,49_26_49,24,26,49,15600,29400,0,1.6196757e-14,0
val,49,data_49.csv,onset_leak,49_27_50,24,27,50,16200,30000,0,6.8624075e-14,0
val,49,data_49.csv,onset_leak,49_28_51,24,28,51,16800,30600,0,2.194396e-13,0
val,49,data_49.csv,onset_leak,49_29_52,24,29,52,17400,31200,0,1.1818325e-12,0
val,49,data_49.csv,onset_leak,49_30_53,24,30,53,18000,31800,0,5.588721e-12,0
val,49,data_49.csv,onset_leak,49_31_54,24,31,54,18600,32400,0,8.812998e-11,0
val,49,data_49.csv,onset_leak,49_32_55,24,32,55,19200,33000,0,3.2584582e-10,0
val,49,data_49.csv,onset_leak,49_33_56,24,33,56,19800,33600,0,7.774659e-10,0
val,49,data_49.csv,onset_leak,49_34_57,24,34,57,20400,34200,0,1.7804556e-09,0
val,49,data_49.csv,onset_leak,49_35_58,24,35,58,21000,34800,0,7.943413e-09,0
val,49,data_49.csv,onset_leak,49_36_59,24,36,59,21600,35400,0,3.5125478e-08,0
val,49,data_49.csv,onset_leak,49_37_60,24,37,60,22200,36000,0,2.4852037e-07,0
val,49,data_49.csv,onset_leak,49_38_61,24,38,61,22800,36600,0,3.5008472e-07,0
val,49,data_49.csv,onset_leak,49_39_62,24,39,62,23400,37200,0,5.175495e-07,0
val,49,data_49.csv,onset_leak,49_40_63,24,40,63,24000,37800,0,1.1623907e-06,0
val,49,data_49.csv,onset_leak,49_41_64,24,41,64,24600,38400,0,3.8975845e-06,0
val,49,data_49.csv,onset_leak,49_42_65,24,42,65,25200,39000,0,1.7868553e-05,0
val,49,data_49.csv,onset_leak,49_43_66,24,43,66,25800,39600,0,0.0003521303,0
val,49,data_49.csv,onset_leak,49_44_67,24,44,67,26400,40200,0,0.00076927245,0
val,49,data_49.csv,onset_leak,49_45_68,24,45,68,27000,40800,0,0.0010463294,0
val,49,data_49.csv,onset_leak,49_46_69,24,46,69,27600,41400,0,0.0022620051,0
val,49,data_49.csv,onset_leak,49_47_70,24,47,70,28200,42000,0,0.0059788674,0
val,49,data_49.csv,onset_leak,49_48_71,24,48,71,28800,42600,0,0.017932909,0
val,49,data_49.csv,onset_leak,49_49_72,24,49,72,29400,43200,1,0.997844,1
val,49,data_49.csv,onset_leak,49_50_73,24,50,73,30000,43800,1,0.9991672,1
val,49,data_49.csv,onset_leak,49_51_74,24,51,74,30600,44400,1,0.9986305,1
val,49,data_49.csv,onset_leak,49_52_75,24,52,75,31200,45000,1,0.99863166,1
val,49,data_49.csv,onset_leak,49_53_76,24,53,76,31800,45600,1,0.999408,1
val,49,data_49.csv,onset_leak,49_54_77,24,54,77,32400,46200,1,0.99966943,1
val,49,data_49.csv,onset_leak,49_55_78,24,55,78,33000,46800,1,0.99909794,1
val,49,data_49.csv,onset_leak,49_56_79,24,56,79,33600,47400,1,0.99629754,1
val,49,data_49.csv,onset_leak,49_57_80,24,57,80,34200,48000,1,0.9941519,1
val,49,data_49.csv,onset_leak,49_58_81,24,58,81,34800,48600,1,0.9904924,1
val,49,data_49.csv,onset_leak,49_59_82,24,59,82,35400,49200,1,0.99275124,1
val,49,data_49.csv,onset_leak,49_60_83,24,60,83,36000,49800,1,0.98687047,1
val,49,data_49.csv,onset_leak,49_61_84,24,61,84,36600,50400,1,0.99157315,1
val,49,data_49.csv,onset_leak,49_62_85,24,62,85,37200,51000,1,0.9919739,1
val,49,data_49.csv,onset_leak,49_63_86,24,63,86,37800,51600,1,0.9878757,1
val,49,data_49.csv,onset_leak,49_64_87,24,64,87,38400,52200,1,0.9828348,1
val,49,data_49.csv,onset_leak,49_65_88,24,65,88,39000,52800,1,0.97898656,1
val,49,data_49.csv,onset_leak,49_66_89,24,66,89,39600,53400,1,0.9796408,1
val,49,data_49.csv,onset_leak,49_67_90,24,67,90,40200,54000,1,0.9665748,1
val,49,data_49.csv,onset_leak,49_68_91,24,68,91,40800,54600,1,0.9589045,1
val,49,data_49.csv,onset_leak,49_69_92,24,69,92,41400,55200,1,0.9463109,1
val,49,data_49.csv,onset_leak,49_70_93,24,70,93,42000,55800,1,0.9493076,1
val,49,data_49.csv,onset_leak,49_71_94,24,71,94,42600,56400,1,0.97240597,1
val,49,data_49.csv,onset_leak,49_72_95,24,72,95,43200,57000,1,0.9933322,1
val,49,data_49.csv,onset_leak,49_73_96,24,73,96,43800,57600,1,0.99103653,1
val,49,data_49.csv,onset_leak,49_74_97,24,74,97,44400,58200,1,0.9879127,1
val,49,data_49.csv,onset_leak,49_75_98,24,75,98,45000,58800,1,0.9902463,1
val,49,data_49.csv,onset_leak,49_76_99,24,76,99,45600,59400,1,0.99102813,1
val,49,data_49.csv,onset_leak,49_77_100,24,77,100,46200,60000,1,0.99167657,1
val,49,data_49.csv,onset_leak,49_78_101,24,78,101,46800,60600,1,0.99141735,1
val,49,data_49.csv,onset_leak,49_79_102,24,79,102,47400,61200,1,0.99215204,1
val,49,data_49.csv,onset_leak,49_80_103,24,80,103,48000,61800,1,0.99200094,1
val,49,data_49.csv,onset_leak,49_81_104,24,81,104,48600,62400,1,0.9929194,1
val,49,data_49.csv,onset_leak,49_82_105,24,82,105,49200,63000,1,0.99331033,1
val,49,data_49.csv,onset_leak,49_83_106,24,83,106,49800,63600,1,0.9940532,1
val,49,data_49.csv,onset_leak,49_84_107,24,84,107,50400,64200,1,0.9937797,1
val,49,data_49.csv,onset_leak,49_85_108,24,85,108,51000,64800,1,0.9934587,1
val,49,data_49.csv,onset_leak,49_86_109,24,86,109,51600,65400,1,0.9922862,1
val,49,data_49.csv,onset_leak,49_87_110,24,87,110,52200,66000,1,0.9904879,1
val,49,data_49.csv,onset_leak,49_88_111,24,88,111,52800,66600,1,0.99017465,1
val,49,data_49.csv,onset_leak,49_89_112,24,89,112,53400,67200,1,0.98828447,1
val,49,data_49.csv,onset_leak,49_90_113,24,90,113,54000,67800,1,0.9854473,1
val,49,data_49.csv,onset_leak,49_91_114,24,91,114,54600,68400,1,0.9845024,1
val,49,data_49.csv,onset_leak,49_92_115,24,92,115,55200,69000,1,0.98304224,1
val,49,data_49.csv,onset_leak,49_93_116,24,93,116,55800,69600,1,0.97386485,1
val,49,data_49.csv,onset_leak,49_94_117,24,94,117,56400,70200,1,0.9750802,1
val,49,data_49.csv,onset_leak,49_95_118,24,95,118,57000,70800,1,0.97464615,1
val,49,data_49.csv,onset_leak,49_96_119,24,96,119,57600,71400,1,0.970008,1
val,49,data_49.csv,onset_leak,49_97_120,24,97,120,58200,72000,1,0.96494883,1
val,49,data_49.csv,onset_leak,49_98_121,24,98,121,58800,72600,1,0.95940113,1
val,49,data_49.csv,onset_leak,49_99_122,24,99,122,59400,73200,1,0.954696,1
val,49,data_49.csv,onset_leak,49_100_123,24,100,123,60000,73800,1,0.95012844,1
val,49,data_49.csv,onset_leak,49_101_124,24,101,124,60600,74400,1,0.9516832,1
val,49,data_49.csv,onset_leak,49_102_125,24,102,125,61200,75000,1,0.93853974,1
val,49,data_49.csv,onset_leak,49_103_126,24,103,126,61800,75600,1,0.8675944,1
val,49,data_49.csv,onset_leak,49_104_127,24,104,127,62400,76200,1,0.8112744,1
val,49,data_49.csv,onset_leak,49_105_128,24,105,128,63000,76800,1,0.81271744,1
val,49,data_49.csv,onset_leak,49_106_129,24,106,129,63600,77400,1,0.7667366,1
val,49,data_49.csv,onset_leak,49_107_130,24,107,130,64200,78000,1,0.7946251,1
val,49,data_49.csv,onset_leak,49_108_131,24,108,131,64800,78600,1,0.8126078,1
val,49,data_49.csv,onset_leak,49_109_132,24,109,132,65400,79200,1,0.85629374,1
val,49,data_49.csv,onset_leak,49_110_133,24,110,133,66000,79800,1,0.8735764,1
val,49,data_49.csv,onset_leak,49_111_134,24,111,134,66600,80400,1,0.934003,1
val,49,data_49.csv,onset_leak,49_112_135,24,112,135,67200,81000,1,0.95676047,1
val,49,data_49.csv,onset_leak,49_113_136,24,113,136,67800,81600,1,0.98095036,1
val,49,data_49.csv,onset_leak,49_114_137,24,114,137,68400,82200,1,0.9888254,1
val,49,data_49.csv,onset_leak,49_115_138,24,115,138,69000,82800,1,0.98811483,1
val,49,data_49.csv,onset_leak,49_116_139,24,116,139,69600,83400,1,0.975244,1
val,49,data_49.csv,onset_leak,49_117_140,24,117,140,70200,84000,1,0.96235025,1
val,49,data_49.csv,onset_leak,49_118_141,24,118,141,70800,84600,1,0.9671939,1
val,49,data_49.csv,onset_leak,49_119_142,24,119,142,71400,85200,1,0.97812164,1
val,49,data_49.csv,onset_leak,49_120_143,24,120,143,72000,85800,1,0.9825263,1
val,49,data_49.csv,onset_leak,49_121_144,24,121,144,72600,86400,1,0.9307645,1
val,59,data_59.csv,onset_leak,59_0_23,24,0,23,0,13800,0,1.536801e-22,0
val,59,data_59.csv,onset_leak,59_1_24,24,1,24,600,14400,0,1.7201969e-22,0
val,59,data_59.csv,onset_leak,59_2_25,24,2,25,1200,15000,0,2.107782e-22,0
val,59,data_59.csv,onset_leak,59_3_26,24,3,26,1800,15600,0,2.2984557e-22,0
val,59,data_59.csv,onset_leak,59_4_27,24,4,27,2400,16200,0,2.1571165e-22,0
val,59,data_59.csv,onset_leak,59_5_28,24,5,28,3000,16800,0,2.1276874e-22,0
val,59,data_59.csv,onset_leak,59_6_29,24,6,29,3600,17400,0,1.961853e-22,0
val,59,data_59.csv,onset_leak,59_7_30,24,7,30,4200,18000,0,2.65658e-22,0
val,59,data_59.csv,onset_leak,59_8_31,24,8,31,4800,18600,0,3.7656494e-22,0
val,59,data_59.csv,onset_leak,59_9_32,24,9,32,5400,19200,0,4.650418e-22,0
val,59,data_59.csv,onset_leak,59_10_33,24,10,33,6000,19800,0,4.860729e-22,0
val,59,data_59.csv,onset_leak,59_11_34,24,11,34,6600,20400,0,5.62516e-22,0
val,59,data_59.csv,onset_leak,59_12_35,24,12,35,7200,21000,0,6.207062e-22,0
val,59,data_59.csv,onset_leak,59_13_36,24,13,36,7800,21600,0,9.816733e-22,0
val,59,data_59.csv,onset_leak,59_14_37,24,14,37,8400,22200,0,1.5048426e-21,0
val,59,data_59.csv,onset_leak,59_15_38,24,15,38,9000,22800,0,2.0255357e-21,0
val,59,data_59.csv,onset_leak,59_16_39,24,16,39,9600,23400,0,2.3578963e-21,0
val,59,data_59.csv,onset_leak,59_17_40,24,17,40,10200,24000,0,3.1311494e-21,0
val,59,data_59.csv,onset_leak,59_18_41,24,18,41,10800,24600,0,4.074965e-21,0
val,59,data_59.csv,onset_leak,59_19_42,24,19,42,11400,25200,0,7.219133e-21,0
val,59,data_59.csv,onset_leak,59_20_43,24,20,43,12000,25800,0,1.171361e-20,0
val,59,data_59.csv,onset_leak,59_21_44,24,21,44,12600,26400,0,1.6886718e-20,0
val,59,data_59.csv,onset_leak,59_22_45,24,22,45,13200,27000,0,2.1698944e-20,0
val,59,data_59.csv,onset_leak,59_23_46,24,23,46,13800,27600,0,3.2500744e-20,0
val,59,data_59.csv,onset_leak,59_24_47,24,24,47,14400,28200,0,4.8989132e-20,0
val,59,data_59.csv,onset_leak,59_25_48,24,25,48,15000,28800,0,1.1935217e-19,0
val,59,data_59.csv,onset_leak,59_26_49,24,26,49,15600,29400,0,2.7526485e-19,0
val,59,data_59.csv,onset_leak,59_27_50,24,27,50,16200,30000,0,4.94007e-19,0
val,59,data_59.csv,onset_leak,59_28_51,24,28,51,16800,30600,0,6.9775735e-19,0
val,59,data_59.csv,onset_leak,59_29_52,24,29,52,17400,31200,0,1.243925e-18,0
val,59,data_59.csv,onset_leak,59_30_53,24,30,53,18000,31800,0,2.0589123e-18,0
val,59,data_59.csv,onset_leak,59_31_54,24,31,54,18600,32400,0,1.9182401e-17,0
val,59,data_59.csv,onset_leak,59_32_55,24,32,55,19200,33000,0,2.3656323e-16,0
val,59,data_59.csv,onset_leak,59_33_56,24,33,56,19800,33600,0,1.1778745e-15,0
val,59,data_59.csv,onset_leak,59_34_57,24,34,57,20400,34200,0,2.0876802e-15,0
val,59,data_59.csv,onset_leak,59_35_58,24,35,58,21000,34800,0,7.697161e-15,0
val,59,data_59.csv,onset_leak,59_36_59,24,36,59,21600,35400,0,1.761182e-14,0
val,59,data_59.csv,onset_leak,59_37_60,24,37,60,22200,36000,0,8.6207164e-13,0
val,59,data_59.csv,onset_leak,59_38_61,24,38,61,22800,36600,0,1.733199e-11,0
val,59,data_59.csv,onset_leak,59_39_62,24,39,62,23400,37200,0,3.7329185e-11,0
val,59,data_59.csv,onset_leak,59_40_63,24,40,63,24000,37800,0,5.313324e-11,0
val,59,data_59.csv,onset_leak,59_41_64,24,41,64,24600,38400,0,1.1700517e-10,0
val,59,data_59.csv,onset_leak,59_42_65,24,42,65,25200,39000,0,2.5555158e-10,0
val,59,data_59.csv,onset_leak,59_43_66,24,43,66,25800,39600,0,4.1473193e-08,0
val,59,data_59.csv,onset_leak,59_44_67,24,44,67,26400,40200,0,4.265605e-08,0
val,59,data_59.csv,onset_leak,59_45_68,24,45,68,27000,40800,0,7.1324216e-08,0
val,59,data_59.csv,onset_leak,59_46_69,24,46,69,27600,41400,0,1.02411875e-07,0
val,59,data_59.csv,onset_leak,59_47_70,24,47,70,28200,42000,0,4.0566832e-07,0
val,59,data_59.csv,onset_leak,59_48_71,24,48,71,28800,42600,0,1.2302985e-06,0
val,59,data_59.csv,onset_leak,59_49_72,24,49,72,29400,43200,1,0.9577695,1
val,59,data_59.csv,onset_leak,59_50_73,24,50,73,30000,43800,1,0.9987795,1
val,59,data_59.csv,onset_leak,59_51_74,24,51,74,30600,44400,1,0.99759066,1
val,59,data_59.csv,onset_leak,59_52_75,24,52,75,31200,45000,1,0.9980357,1
val,59,data_59.csv,onset_leak,59_53_76,24,53,76,31800,45600,1,0.99924624,1
val,59,data_59.csv,onset_leak,59_54_77,24,54,77,32400,46200,1,0.99961,1
val,59,data_59.csv,onset_leak,59_55_78,24,55,78,33000,46800,1,0.9993716,1
val,59,data_59.csv,onset_leak,59_56_79,24,56,79,33600,47400,1,0.99824226,1
val,59,data_59.csv,onset_leak,59_57_80,24,57,80,34200,48000,1,0.99791044,1
val,59,data_59.csv,onset_leak,59_58_81,24,58,81,34800,48600,1,0.99701524,1
val,59,data_59.csv,onset_leak,59_59_82,24,59,82,35400,49200,1,0.9982273,1
val,59,data_59.csv,onset_leak,59_60_83,24,60,83,36000,49800,1,0.99792826,1
val,59,data_59.csv,onset_leak,59_61_84,24,61,84,36600,50400,1,0.99868673,1
val,59,data_59.csv,onset_leak,59_62_85,24,62,85,37200,51000,1,0.99870396,1
val,59,data_59.csv,onset_leak,59_63_86,24,63,86,37800,51600,1,0.9983222,1
val,59,data_59.csv,onset_leak,59_64_87,24,64,87,38400,52200,1,0.9971482,1
val,59,data_59.csv,onset_leak,59_65_88,24,65,88,39000,52800,1,0.9966949,1
val,59,data_59.csv,onset_leak,59_66_89,24,66,89,39600,53400,1,0.99734396,1
val,59,data_59.csv,onset_leak,59_67_90,24,67,90,40200,54000,1,0.9975575,1
val,59,data_59.csv,onset_leak,59_68_91,24,68,91,40800,54600,1,0.99715185,1
val,59,data_59.csv,onset_leak,59_69_92,24,69,92,41400,55200,1,0.9963883,1
val,59,data_59.csv,onset_leak,59_70_93,24,70,93,42000,55800,1,0.99652016,1
val,59,data_59.csv,onset_leak,59_71_94,24,71,94,42600,56400,1,0.9970095,1
val,59,data_59.csv,onset_leak,59_72_95,24,72,95,43200,57000,1,0.9986998,1
val,59,data_59.csv,onset_leak,59_73_96,24,73,96,43800,57600,1,0.9987956,1
val,59,data_59.csv,onset_leak,59_74_97,24,74,97,44400,58200,1,0.99884486,1
val,59,data_59.csv,onset_leak,59_75_98,24,75,98,45000,58800,1,0.99882454,1
val,59,data_59.csv,onset_leak,59_76_99,24,76,99,45600,59400,1,0.99883837,1
val,59,data_59.csv,onset_leak,59_77_100,24,77,100,46200,60000,1,0.99885046,1
val,59,data_59.csv,onset_leak,59_78_101,24,78,101,46800,60600,1,0.99890137,1
val,59,data_59.csv,onset_leak,59_79_102,24,79,102,47400,61200,1,0.9989039,1
val,59,data_59.csv,onset_leak,59_80_103,24,80,103,48000,61800,1,0.99890995,1
val,59,data_59.csv,onset_leak,59_81_104,24,81,104,48600,62400,1,0.99891317,1
val,59,data_59.csv,onset_leak,59_82_105,24,82,105,49200,63000,1,0.99890494,1
val,59,data_59.csv,onset_leak,59_83_106,24,83,106,49800,63600,1,0.99891186,1
val,59,data_59.csv,onset_leak,59_84_107,24,84,107,50400,64200,1,0.99890924,1
val,59,data_59.csv,onset_leak,59_85_108,24,85,108,51000,64800,1,0.9987155,1
val,59,data_59.csv,onset_leak,59_86_109,24,86,109,51600,65400,1,0.9986285,1
val,59,data_59.csv,onset_leak,59_87_110,24,87,110,52200,66000,1,0.9987056,1
val,59,data_59.csv,onset_leak,59_88_111,24,88,111,52800,66600,1,0.99869555,1
val,59,data_59.csv,onset_leak,59_89_112,24,89,112,53400,67200,1,0.99873406,1
val,59,data_59.csv,onset_leak,59_90_113,24,90,113,54000,67800,1,0.99870527,1
val,59,data_59.csv,onset_leak,59_91_114,24,91,114,54600,68400,1,0.99754363,1
val,59,data_59.csv,onset_leak,59_92_115,24,92,115,55200,69000,1,0.9961371,1
val,59,data_59.csv,onset_leak,59_93_116,24,93,116,55800,69600,1,0.99762684,1
val,59,data_59.csv,onset_leak,59_94_117,24,94,117,56400,70200,1,0.99801767,1
val,59,data_59.csv,onset_leak,59_95_118,24,95,118,57000,70800,1,0.9982838,1
val,59,data_59.csv,onset_leak,59_96_119,24,96,119,57600,71400,1,0.9983658,1
val,59,data_59.csv,onset_leak,59_97_120,24,97,120,58200,72000,1,0.99825937,1
val,59,data_59.csv,onset_leak,59_98_121,24,98,121,58800,72600,1,0.9978054,1
val,59,data_59.csv,onset_leak,59_99_122,24,99,122,59400,73200,1,0.9988663,1
val,59,data_59.csv,onset_leak,59_100_123,24,100,123,60000,73800,1,0.9991279,1
val,59,data_59.csv,onset_leak,59_101_124,24,101,124,60600,74400,1,0.99937755,1
val,59,data_59.csv,onset_leak,59_102_125,24,102,125,61200,75000,1,0.9994217,1
val,59,data_59.csv,onset_leak,59_103_126,24,103,126,61800,75600,1,0.99945825,1
val,59,data_59.csv,onset_leak,59_104_127,24,104,127,62400,76200,1,0.99926883,1
val,59,data_59.csv,onset_leak,59_105_128,24,105,128,63000,76800,1,0.99926156,1
val,59,data_59.csv,onset_leak,59_106_129,24,106,129,63600,77400,1,0.9994294,1
val,59,data_59.csv,onset_leak,59_107_130,24,107,130,64200,78000,1,0.9995049,1
val,59,data_59.csv,onset_leak,59_108_131,24,108,131,64800,78600,1,0.9994029,1
val,59,data_59.csv,onset_leak,59_109_132,24,109,132,65400,79200,1,0.99909616,1
val,59,data_59.csv,onset_leak,59_110_133,24,110,133,66000,79800,1,0.9981311,1
val,59,data_59.csv,onset_leak,59_111_134,24,111,134,66600,80400,1,0.99698955,1
val,59,data_59.csv,onset_leak,59_112_135,24,112,135,67200,81000,1,0.9969702,1
val,59,data_59.csv,onset_leak,59_113_136,24,113,136,67800,81600,1,0.99453616,1
val,59,data_59.csv,onset_leak,59_114_137,24,114,137,68400,82200,1,0.98841405,1
val,59,data_59.csv,onset_leak,59_115_138,24,115,138,69000,82800,1,0.9815512,1
val,59,data_59.csv,onset_leak,59_116_139,24,116,139,69600,83400,1,0.9715854,1
val,59,data_59.csv,onset_leak,59_117_140,24,117,140,70200,84000,1,0.96027917,1
val,59,data_59.csv,onset_leak,59_118_141,24,118,141,70800,84600,1,0.95544726,1
val,59,data_59.csv,onset_leak,59_119_142,24,119,142,71400,85200,1,0.9214572,1
val,59,data_59.csv,onset_leak,59_120_143,24,120,143,72000,85800,1,0.7793492,1
val,59,data_59.csv,onset_leak,59_121_144,24,121,144,72600,86400,1,0.68097913,0
test,2,data_2.csv,normal,2_0_23,24,0,23,0,13800,0,6.495131e-28,0
test,2,data_2.csv,normal,2_1_24,24,1,24,600,14400,0,3.9551132e-27,0
test,2,data_2.csv,normal,2_2_25,24,2,25,1200,15000,0,6.8513925e-26,0
test,2,data_2.csv,normal,2_3_26,24,3,26,1800,15600,0,3.8026845e-25,0
test,2,data_2.csv,normal,2_4_27,24,4,27,2400,16200,0,3.8426544e-25,0
test,2,data_2.csv,normal,2_5_28,24,5,28,3000,16800,0,8.2081224e-25,0
test,2,data_2.csv,normal,2_6_29,24,6,29,3600,17400,0,9.162657e-25,0
test,2,data_2.csv,normal,2_7_30,24,7,30,4200,18000,0,1.1067256e-23,0
test,2,data_2.csv,normal,2_8_31,24,8,31,4800,18600,0,3.9256018e-22,0
test,2,data_2.csv,normal,2_9_32,24,9,32,5400,19200,0,3.363413e-21,0
test,2,data_2.csv,normal,2_10_33,24,10,33,6000,19800,0,6.455804e-21,0
test,2,data_2.csv,normal,2_11_34,24,11,34,6600,20400,0,3.5089842e-20,0
test,2,data_2.csv,normal,2_12_35,24,12,35,7200,21000,0,1.05603105e-19,0
test,2,data_2.csv,normal,2_13_36,24,13,36,7800,21600,0,3.102003e-18,0
test,2,data_2.csv,normal,2_14_37,24,14,37,8400,22200,0,5.4595538e-18,0
test,2,data_2.csv,normal,2_15_38,24,15,38,9000,22800,0,8.987318e-18,0
test,2,data_2.csv,normal,2_16_39,24,16,39,9600,23400,0,2.3658206e-17,0
test,2,data_2.csv,normal,2_17_40,24,17,40,10200,24000,0,7.669807e-17,0
test,2,data_2.csv,normal,2_18_41,24,18,41,10800,24600,0,8.940817e-17,0
test,2,data_2.csv,normal,2_19_42,24,19,42,11400,25200,0,4.1207166e-15,0
test,2,data_2.csv,normal,2_20_43,24,20,43,12000,25800,0,1.7688577e-14,0
test,2,data_2.csv,normal,2_21_44,24,21,44,12600,26400,0,4.2135254e-14,0
test,2,data_2.csv,normal,2_22_45,24,22,45,13200,27000,0,5.156381e-13,0
test,2,data_2.csv,normal,2_23_46,24,23,46,13800,27600,0,6.608564e-12,0
test,2,data_2.csv,normal,2_24_47,24,24,47,14400,28200,0,1.7699481e-10,0
test,2,data_2.csv,normal,2_25_48,24,25,48,15000,28800,0,1.05563425e-08,0
test,2,data_2.csv,normal,2_26_49,24,26,49,15600,29400,0,9.5211426e-08,0
test,2,data_2.csv,normal,2_27_50,24,27,50,16200,30000,0,3.592864e-07,0
test,2,data_2.csv,normal,2_28_51,24,28,51,16800,30600,0,1.9980425e-06,0
test,2,data_2.csv,normal,2_29_52,24,29,52,17400,31200,0,2.2732844e-05,0
test,2,data_2.csv,normal,2_30_53,24,30,53,18000,31800,0,0.0004101463,0
test,2,data_2.csv,normal,2_31_54,24,31,54,18600,32400,0,1.10062e-05,0
test,2,data_2.csv,normal,2_32_55,24,32,55,19200,33000,0,8.5340923e-07,0
test,2,data_2.csv,normal,2_33_56,24,33,56,19800,33600,0,1.9999933e-07,0
test,2,data_2.csv,normal,2_34_57,24,34,57,20400,34200,0,3.0422183e-07,0
test,2,data_2.csv,normal,2_35_58,24,35,58,21000,34800,0,6.2183864e-07,0
test,2,data_2.csv,normal,2_36_59,24,36,59,21600,35400,0,5.9511085e-06,0
test,2,data_2.csv,normal,2_37_60,24,37,60,22200,36000,0,1.4004686e-05,0
test,2,data_2.csv,normal,2_38_61,24,38,61,22800,36600,0,4.7539284e-06,0
test,2,data_2.csv,normal,2_39_62,24,39,62,23400,37200,0,1.7466841e-06,0
test,2,data_2.csv,normal,2_40_63,24,40,63,24000,37800,0,3.3413103e-06,0
test,2,data_2.csv,normal,2_41_64,24,41,64,24600,38400,0,6.3939397e-06,0
test,2,data_2.csv,normal,2_42_65,24,42,65,25200,39000,0,5.7315488e-06,0
test,2,data_2.csv,normal,2_43_66,24,43,66,25800,39600,0,3.8330436e-06,0
test,2,data_2.csv,normal,2_44_67,24,44,67,26400,40200,0,6.3726998e-06,0
test,2,data_2.csv,normal,2_45_68,24,45,68,27000,40800,0,3.9610473e-05,0
test,2,data_2.csv,normal,2_46_69,24,46,69,27600,41400,0,5.64012e-05,0
test,2,data_2.csv,normal,2_47_70,24,47,70,28200,42000,0,4.6815752e-05,0
test,2,data_2.csv,normal,2_48_71,24,48,71,28800,42600,0,0.000115102936,0
test,2,data_2.csv,normal,2_49_72,24,49,72,29400,43200,0,7.201956e-05,0
test,2,data_2.csv,normal,2_50_73,24,50,73,30000,43800,0,0.00040943496,0
test,2,data_2.csv,normal,2_51_74,24,51,74,30600,44400,0,0.001059644,0
test,2,data_2.csv,normal,2_52_75,24,52,75,31200,45000,0,0.00033418107,0
test,2,data_2.csv,normal,2_53_76,24,53,76,31800,45600,0,0.00021408158,0
test,2,data_2.csv,normal,2_54_77,24,54,77,32400,46200,0,5.537237e-05,0
test,2,data_2.csv,normal,2_55_78,24,55,78,33000,46800,0,0.00018210613,0
test,2,data_2.csv,normal,2_56_79,24,56,79,33600,47400,0,8.569955e-05,0
test,2,data_2.csv,normal,2_57_80,24,57,80,34200,48000,0,7.0828406e-05,0
test,2,data_2.csv,normal,2_58_81,24,58,81,34800,48600,0,3.1342825e-05,0
test,2,data_2.csv,normal,2_59_82,24,59,82,35400,49200,0,3.527051e-05,0
test,2,data_2.csv,normal,2_60_83,24,60,83,36000,49800,0,4.537757e-05,0
test,2,data_2.csv,normal,2_61_84,24,61,84,36600,50400,0,0.0034015647,0
test,2,data_2.csv,normal,2_62_85,24,62,85,37200,51000,0,0.004275396,0
test,2,data_2.csv,normal,2_63_86,24,63,86,37800,51600,0,0.0023515364,0
test,2,data_2.csv,normal,2_64_87,24,64,87,38400,52200,0,0.0031644744,0
test,2,data_2.csv,normal,2_65_88,24,65,88,39000,52800,0,0.002423776,0
test,2,data_2.csv,normal,2_66_89,24,66,89,39600,53400,0,0.0015323836,0
test,2,data_2.csv,normal,2_67_90,24,67,90,40200,54000,0,0.14203608,0
test,2,data_2.csv,normal,2_68_91,24,68,91,40800,54600,0,0.32309136,0
test,2,data_2.csv,normal,2_69_92,24,69,92,41400,55200,0,0.26006836,0
test,2,data_2.csv,normal,2_70_93,24,70,93,42000,55800,0,0.54776335,0
test,2,data_2.csv,normal,2_71_94,24,71,94,42600,56400,0,0.8681156,1
test,2,data_2.csv,normal,2_72_95,24,72,95,43200,57000,0,0.94229525,1
test,2,data_2.csv,normal,2_73_96,24,73,96,43800,57600,0,0.9776069,1
test,2,data_2.csv,normal,2_74_97,24,74,97,44400,58200,0,0.9789201,1
test,2,data_2.csv,normal,2_75_98,24,75,98,45000,58800,0,0.97561216,1
test,2,data_2.csv,normal,2_76_99,24,76,99,45600,59400,0,0.970531,1
test,2,data_2.csv,normal,2_77_100,24,77,100,46200,60000,0,0.9744357,1
test,2,data_2.csv,normal,2_78_101,24,78,101,46800,60600,0,0.97166055,1
test,2,data_2.csv,normal,2_79_102,24,79,102,47400,61200,0,0.98204666,1
test,2,data_2.csv,normal,2_80_103,24,80,103,48000,61800,0,0.9830185,1
test,2,data_2.csv,normal,2_81_104,24,81,104,48600,62400,0,0.98187435,1
test,2,data_2.csv,normal,2_82_105,24,82,105,49200,63000,0,0.97703254,1
test,2,data_2.csv,normal,2_83_106,24,83,106,49800,63600,0,0.9786138,1
test,2,data_2.csv,normal,2_84_107,24,84,107,50400,64200,0,0.9772942,1
test,2,data_2.csv,normal,2_85_108,24,85,108,51000,64800,0,0.96561116,1
test,2,data_2.csv,normal,2_86_109,24,86,109,51600,65400,0,0.9508596,1
test,2,data_2.csv,normal,2_87_110,24,87,110,52200,66000,0,0.9416718,1
test,2,data_2.csv,normal,2_88_111,24,88,111,52800,66600,0,0.9265439,1
test,2,data_2.csv,normal,2_89_112,24,89,112,53400,67200,0,0.9325053,1
test,2,data_2.csv,normal,2_90_113,24,90,113,54000,67800,0,0.9420825,1
test,2,data_2.csv,normal,2_91_114,24,91,114,54600,68400,0,0.9318857,1
test,2,data_2.csv,normal,2_92_115,24,92,115,55200,69000,0,0.92336106,1
test,2,data_2.csv,normal,2_93_116,24,93,116,55800,69600,0,0.91661847,1
test,2,data_2.csv,normal,2_94_117,24,94,117,56400,70200,0,0.9198533,1
test,2,data_2.csv,normal,2_95_118,24,95,118,57000,70800,0,0.94035405,1
test,2,data_2.csv,normal,2_96_119,24,96,119,57600,71400,0,0.96134907,1
test,2,data_2.csv,normal,2_97_120,24,97,120,58200,72000,0,0.9492251,1
test,2,data_2.csv,normal,2_98_121,24,98,121,58800,72600,0,0.92400956,1
test,2,data_2.csv,normal,2_99_122,24,99,122,59400,73200,0,0.9574938,1
test,2,data_2.csv,normal,2_100_123,24,100,123,60000,73800,0,0.9674773,1
test,2,data_2.csv,normal,2_101_124,24,101,124,60600,74400,0,0.98373055,1
test,2,data_2.csv,normal,2_102_125,24,102,125,61200,75000,0,0.9895588,1
test,2,data_2.csv,normal,2_103_126,24,103,126,61800,75600,0,0.98607635,1
test,2,data_2.csv,normal,2_104_127,24,104,127,62400,76200,0,0.5496959,0
test,2,data_2.csv,normal,2_105_128,24,105,128,63000,76800,0,0.041531965,0
test,2,data_2.csv,normal,2_106_129,24,106,129,63600,77400,0,0.0066959867,0
test,2,data_2.csv,normal,2_107_130,24,107,130,64200,78000,0,0.0017717936,0
test,2,data_2.csv,normal,2_108_131,24,108,131,64800,78600,0,0.0001615512,0
test,2,data_2.csv,normal,2_109_132,24,109,132,65400,79200,0,0.0002026097,0
test,2,data_2.csv,normal,2_110_133,24,110,133,66000,79800,0,2.85727e-07,0
test,2,data_2.csv,normal,2_111_134,24,111,134,66600,80400,0,9.868015e-08,0
test,2,data_2.csv,normal,2_112_135,24,112,135,67200,81000,0,6.582511e-08,0
test,2,data_2.csv,normal,2_113_136,24,113,136,67800,81600,0,7.916871e-08,0
test,2,data_2.csv,normal,2_114_137,24,114,137,68400,82200,0,1.2358623e-08,0
test,2,data_2.csv,normal,2_115_138,24,115,138,69000,82800,0,4.7553037e-09,0
test,2,data_2.csv,normal,2_116_139,24,116,139,69600,83400,0,3.2208763e-10,0
test,2,data_2.csv,normal,2_117_140,24,117,140,70200,84000,0,2.752488e-10,0
test,2,data_2.csv,normal,2_118_141,24,118,141,70800,84600,0,2.8201108e-10,0
test,2,data_2.csv,normal,2_119_142,24,119,142,71400,85200,0,8.410705e-11,0
test,2,data_2.csv,normal,2_120_143,24,120,143,72000,85800,0,3.7095386e-11,0
test,2,data_2.csv,normal,2_121_144,24,121,144,72600,86400,0,5.2418824e-12,0
test,9,data_9.csv,normal,9_0_23,24,0,23,0,13800,0,1.7814745e-24,0
test,9,data_9.csv,normal,9_1_24,24,1,24,600,14400,0,2.2346572e-24,0
test,9,data_9.csv,normal,9_2_25,24,2,25,1200,15000,0,2.8079393e-24,0
test,9,data_9.csv,normal,9_3_26,24,3,26,1800,15600,0,3.2660508e-24,0
test,9,data_9.csv,normal,9_4_27,24,4,27,2400,16200,0,3.502157e-24,0
test,9,data_9.csv,normal,9_5_28,24,5,28,3000,16800,0,4.0049324e-24,0
test,9,data_9.csv,normal,9_6_29,24,6,29,3600,17400,0,4.516543e-24,0
test,9,data_9.csv,normal,9_7_30,24,7,30,4200,18000,0,1.4017995e-23,0
test,9,data_9.csv,normal,9_8_31,24,8,31,4800,18600,0,5.1048915e-23,0
test,9,data_9.csv,normal,9_9_32,24,9,32,5400,19200,0,1.1273239e-22,0
test,9,data_9.csv,normal,9_10_33,24,10,33,6000,19800,0,1.3545418e-22,0
test,9,data_9.csv,normal,9_11_34,24,11,34,6600,20400,0,2.2570626e-22,0
test,9,data_9.csv,normal,9_12_35,24,12,35,7200,21000,0,2.7440056e-22,0
test,9,data_9.csv,normal,9_13_36,24,13,36,7800,21600,0,9.321708e-22,0
test,9,data_9.csv,normal,9_14_37,24,14,37,8400,22200,0,4.101618e-21,0
test,9,data_9.csv,normal,9_15_38,24,15,38,9000,22800,0,1.1619128e-20,0
test,9,data_9.csv,normal,9_16_39,24,16,39,9600,23400,0,1.6522366e-20,0
test,9,data_9.csv,normal,9_17_40,24,17,40,10200,24000,0,3.8630498e-20,0
test,9,data_9.csv,normal,9_18_41,24,18,41,10800,24600,0,9.8228486e-20,0
test,9,data_9.csv,normal,9_19_42,24,19,42,11400,25200,0,7.2398797e-19,0
test,9,data_9.csv,normal,9_20_43,24,20,43,12000,25800,0,3.9601735e-18,0
test,9,data_9.csv,normal,9_21_44,24,21,44,12600,26400,0,1.152701e-17,0
test,9,data_9.csv,normal,9_22_45,24,22,45,13200,27000,0,2.332405e-17,0
test,9,data_9.csv,normal,9_23_46,24,23,46,13800,27600,0,6.8659975e-17,0
test,9,data_9.csv,normal,9_24_47,24,24,47,14400,28200,0,1.5592216e-16,0
test,9,data_9.csv,normal,9_25_48,24,25,48,15000,28800,0,1.3349918e-15,0
test,9,data_9.csv,normal,9_26_49,24,26,49,15600,29400,0,6.7480404e-15,0
test,9,data_9.csv,normal,9_27_50,24,27,50,16200,30000,0,2.558149e-14,0
test,9,data_9.csv,normal,9_28_51,24,28,51,16800,30600,0,8.6678006e-14,0
test,9,data_9.csv,normal,9_29_52,24,29,52,17400,31200,0,4.825713e-13,0
test,9,data_9.csv,normal,9_30_53,24,30,53,18000,31800,0,2.7868168e-12,0
test,9,data_9.csv,normal,9_31_54,24,31,54,18600,32400,0,2.9363845e-11,0
test,9,data_9.csv,normal,9_32_55,24,32,55,19200,33000,0,1.3144058e-10,0
test,9,data_9.csv,normal,9_33_56,24,33,56,19800,33600,0,3.4612813e-10,0
test,9,data_9.csv,normal,9_34_57,24,34,57,20400,34200,0,9.532036e-10,0
test,9,data_9.csv,normal,9_35_58,24,35,58,21000,34800,0,3.745753e-09,0
test,9,data_9.csv,normal,9_36_59,24,36,59,21600,35400,0,1.8444206e-08,0
test,9,data_9.csv,normal,9_37_60,24,37,60,22200,36000,0,1.1137714e-07,0
test,9,data_9.csv,normal,9_38_61,24,38,61,22800,36600,0,2.0734379e-07,0
test,9,data_9.csv,normal,9_39_62,24,39,62,23400,37200,0,3.6713374e-07,0
test,9,data_9.csv,normal,9_40_63,24,40,63,24000,37800,0,8.148555e-07,0
test,9,data_9.csv,normal,9_41_64,24,41,64,24600,38400,0,2.6949167e-06,0
test,9,data_9.csv,normal,9_42_65,24,42,65,25200,39000,0,1.2935012e-05,0
test,9,data_9.csv,normal,9_43_66,24,43,66,25800,39600,0,0.00053478923,0
test,9,data_9.csv,normal,9_44_67,24,44,67,26400,40200,0,0.001525503,0
test,9,data_9.csv,normal,9_45_68,24,45,68,27000,40800,0,0.002003419,0
test,9,data_9.csv,normal,9_46_69,24,46,69,27600,41400,0,0.0026513417,0
test,9,data_9.csv,normal,9_47_70,24,47,70,28200,42000,0,0.00871723,0
test,9,data_9.csv,normal,9_48_71,24,48,71,28800,42600,0,0.029545208,0
test,9,data_9.csv,normal,9_49_72,24,49,72,29400,43200,0,0.4373639,0
test,9,data_9.csv,normal,9_50_73,24,50,73,30000,43800,0,0.2854062,0
test,9,data_9.csv,normal,9_51_74,24,51,74,30600,44400,0,0.22806808,0
test,9,data_9.csv,normal,9_52_75,24,52,75,31200,45000,0,0.15796682,0
test,9,data_9.csv,normal,9_53_76,24,53,76,31800,45600,0,0.26475978,0
test,9,data_9.csv,normal,9_54_77,24,54,77,32400,46200,0,0.33070162,0
test,9,data_9.csv,normal,9_55_78,24,55,78,33000,46800,0,0.341342,0
test,9,data_9.csv,normal,9_56_79,24,56,79,33600,47400,0,0.22333074,0
test,9,data_9.csv,normal,9_57_80,24,57,80,34200,48000,0,0.14183146,0
test,9,data_9.csv,normal,9_58_81,24,58,81,34800,48600,0,0.13773963,0
test,9,data_9.csv,normal,9_59_82,24,59,82,35400,49200,0,0.115523845,0
test,9,data_9.csv,normal,9_60_83,24,60,83,36000,49800,0,0.12343487,0
test,9,data_9.csv,normal,9_61_84,24,61,84,36600,50400,0,0.13363066,0
test,9,data_9.csv,normal,9_62_85,24,62,85,37200,51000,0,0.14506473,0
test,9,data_9.csv,normal,9_63_86,24,63,86,37800,51600,0,0.1512494,0
test,9,data_9.csv,normal,9_64_87,24,64,87,38400,52200,0,0.15070426,0
test,9,data_9.csv,normal,9_65_88,24,65,88,39000,52800,0,0.2204884,0
test,9,data_9.csv,normal,9_66_89,24,66,89,39600,53400,0,0.39876556,0
test,9,data_9.csv,normal,9_67_90,24,67,90,40200,54000,0,0.3115667,0
test,9,data_9.csv,normal,9_68_91,24,68,91,40800,54600,0,0.2502959,0
test,9,data_9.csv,normal,9_69_92,24,69,92,41400,55200,0,0.3098278,0
test,9,data_9.csv,normal,9_70_93,24,70,93,42000,55800,0,0.3699214,0
test,9,data_9.csv,normal,9_71_94,24,71,94,42600,56400,0,0.53674984,0
test,9,data_9.csv,normal,9_72_95,24,72,95,43200,57000,0,0.66969264,0
test,9,data_9.csv,normal,9_73_96,24,73,96,43800,57600,0,0.6640186,0
test,9,data_9.csv,normal,9_74_97,24,74,97,44400,58200,0,0.58218986,0
test,9,data_9.csv,normal,9_75_98,24,75,98,45000,58800,0,0.59493095,0
test,9,data_9.csv,normal,9_76_99,24,76,99,45600,59400,0,0.57913995,0
test,9,data_9.csv,normal,9_77_100,24,77,100,46200,60000,0,0.6336166,0
test,9,data_9.csv,normal,9_78_101,24,78,101,46800,60600,0,0.6288869,0
test,9,data_9.csv,normal,9_79_102,24,79,102,47400,61200,0,0.6683924,0
test,9,data_9.csv,normal,9_80_103,24,80,103,48000,61800,0,0.6278416,0
test,9,data_9.csv,normal,9_81_104,24,81,104,48600,62400,0,0.6647517,0
test,9,data_9.csv,normal,9_82_105,24,82,105,49200,63000,0,0.68300176,0
test,9,data_9.csv,normal,9_83_106,24,83,106,49800,63600,0,0.7312121,0
test,9,data_9.csv,normal,9_84_107,24,84,107,50400,64200,0,0.74530345,0
test,9,data_9.csv,normal,9_85_108,24,85,108,51000,64800,0,0.6861006,0
test,9,data_9.csv,normal,9_86_109,24,86,109,51600,65400,0,0.54126346,0
test,9,data_9.csv,normal,9_87_110,24,87,110,52200,66000,0,0.5178415,0
test,9,data_9.csv,normal,9_88_111,24,88,111,52800,66600,0,0.53710234,0
test,9,data_9.csv,normal,9_89_112,24,89,112,53400,67200,0,0.5365038,0
test,9,data_9.csv,normal,9_90_113,24,90,113,54000,67800,0,0.5121602,0
test,9,data_9.csv,normal,9_91_114,24,91,114,54600,68400,0,0.49747002,0
test,9,data_9.csv,normal,9_92_115,24,92,115,55200,69000,0,0.42199054,0
test,9,data_9.csv,normal,9_93_116,24,93,116,55800,69600,0,0.36164472,0
test,9,data_9.csv,normal,9_94_117,24,94,117,56400,70200,0,0.33168727,0
test,9,data_9.csv,normal,9_95_118,24,95,118,57000,70800,0,0.2743066,0
test,9,data_9.csv,normal,9_96_119,24,96,119,57600,71400,0,0.19981906,0
test,9,data_9.csv,normal,9_97_120,24,97,120,58200,72000,0,0.15799496,0
test,9,data_9.csv,normal,9_98_121,24,98,121,58800,72600,0,0.0860931,0
test,9,data_9.csv,normal,9_99_122,24,99,122,59400,73200,0,0.041931443,0
test,9,data_9.csv,normal,9_100_123,24,100,123,60000,73800,0,0.029801201,0
test,9,data_9.csv,normal,9_101_124,24,101,124,60600,74400,0,0.015023919,0
test,9,data_9.csv,normal,9_102_125,24,102,125,61200,75000,0,0.012965607,0
test,9,data_9.csv,normal,9_103_126,24,103,126,61800,75600,0,0.018271817,0
test,9,data_9.csv,normal,9_104_127,24,104,127,62400,76200,0,0.00013480008,0
test,9,data_9.csv,normal,9_105_128,24,105,128,63000,76800,0,1.4095356e-05,0
test,9,data_9.csv,normal,9_106_129,24,106,129,63600,77400,0,2.7943518e-06,0
test,9,data_9.csv,normal,9_107_130,24,107,130,64200,78000,0,8.0533454e-07,0
test,9,data_9.csv,normal,9_108_131,24,108,131,64800,78600,0,3.7248375e-07,0
test,9,data_9.csv,normal,9_109_132,24,109,132,65400,79200,0,2.4872833e-07,0
test,9,data_9.csv,normal,9_110_133,24,110,133,66000,79800,0,3.2445136e-08,0
test,9,data_9.csv,normal,9_111_134,24,111,134,66600,80400,0,2.6233709e-08,0
test,9,data_9.csv,normal,9_112_135,24,112,135,67200,81000,0,1.5144728e-08,0
test,9,data_9.csv,normal,9_113_136,24,113,136,67800,81600,0,4.9043916e-09,0
test,9,data_9.csv,normal,9_114_137,24,114,137,68400,82200,0,1.090954e-09,0
test,9,data_9.csv,normal,9_115_138,24,115,138,69000,82800,0,8.096105e-11,0
test,9,data_9.csv,normal,9_116_139,24,116,139,69600,83400,0,1.2096448e-11,0
test,9,data_9.csv,normal,9_117_140,24,117,140,70200,84000,0,5.250468e-12,0
test,9,data_9.csv,normal,9_118_141,24,118,141,70800,84600,0,9.63541e-13,0
test,9,data_9.csv,normal,9_119_142,24,119,142,71400,85200,0,6.194964e-14,0
test,9,data_9.csv,normal,9_120_143,24,120,143,72000,85800,0,7.163085e-15,0
test,9,data_9.csv,normal,9_121_144,24,121,144,72600,86400,0,1.0970918e-15,0
test,16,data_16.csv,onset_leak,16_0_23,24,0,23,0,13800,0,6.4972472e-25,0
test,16,data_16.csv,onset_leak,16_1_24,24,1,24,600,14400,0,1.0199676e-24,0
test,16,data_16.csv,onset_leak,16_2_25,24,2,25,1200,15000,0,1.5141745e-24,0
test,16,data_16.csv,onset_leak,16_3_26,24,3,26,1800,15600,0,2.042377e-24,0
test,16,data_16.csv,onset_leak,16_4_27,24,4,27,2400,16200,0,2.486112e-24,0
test,16,data_16.csv,onset_leak,16_5_28,24,5,28,3000,16800,0,3.4362276e-24,0
test,16,data_16.csv,onset_leak,16_6_29,24,6,29,3600,17400,0,4.7843617e-24,0
test,16,data_16.csv,onset_leak,16_7_30,24,7,30,4200,18000,0,1.0024479e-23,0
test,16,data_16.csv,onset_leak,16_8_31,24,8,31,4800,18600,0,2.0285878e-23,0
test,16,data_16.csv,onset_leak,16_9_32,24,9,32,5400,19200,0,3.335886e-23,0
test,16,data_16.csv,onset_leak,16_10_33,24,10,33,6000,19800,0,4.331176e-23,0
test,16,data_16.csv,onset_leak,16_11_34,24,11,34,6600,20400,0,6.909803e-23,0
test,16,data_16.csv,onset_leak,16_12_35,24,12,35,7200,21000,0,1.03543415e-22,0
test,16,data_16.csv,onset_leak,16_13_36,24,13,36,7800,21600,0,2.4041527e-22,0
test,16,data_16.csv,onset_leak,16_14_37,24,14,37,8400,22200,0,5.5567837e-22,0
test,16,data_16.csv,onset_leak,16_15_38,24,15,38,9000,22800,0,1.0367034e-21,0
test,16,data_16.csv,onset_leak,16_16_39,24,16,39,9600,23400,0,1.4282391e-21,0
test,16,data_16.csv,onset_leak,16_17_40,24,17,40,10200,24000,0,2.6137793e-21,0
test,16,data_16.csv,onset_leak,16_18_41,24,18,41,10800,24600,0,4.954408e-21,0
test,16,data_16.csv,onset_leak,16_19_42,24,19,42,11400,25200,0,1.5473559e-20,0
test,16,data_16.csv,onset_leak,16_20_43,24,20,43,12000,25800,0,4.1600018e-20,0
test,16,data_16.csv,onset_leak,16_21_44,24,21,44,12600,26400,0,8.3086687e-20,0
test,16,data_16.csv,onset_leak,16_22_45,24,22,45,13200,27000,0,1.3157016e-19,0
test,16,data_16.csv,onset_leak,16_23_46,24,23,46,13800,27600,0,2.7405577e-19,0
test,16,data_16.csv,onset_leak,16_24_47,24,24,47,14400,28200,0,5.353729e-19,0
test,16,data_16.csv,onset_leak,16_25_48,24,25,48,15000,28800,0,2.5049781e-18,0
test,16,data_16.csv,onset_leak,16_26_49,24,26,49,15600,29400,0,1.0131191e-17,0
test,16,data_16.csv,onset_leak,16_27_50,24,27,50,16200,30000,0,2.7666103e-17,0
test,16,data_16.csv,onset_leak,16_28_51,24,28,51,16800,30600,0,5.507858e-17,0
test,16,data_16.csv,onset_leak,16_29_52,24,29,52,17400,31200,0,1.5888103e-16,0
test,16,data_16.csv,onset_leak,16_30_53,24,30,53,18000,31800,0,4.435645e-16,0
test,16,data_16.csv,onset_leak,16_31_54,24,31,54,18600,32400,0,2.4717592e-15,0
test,16,data_16.csv,onset_leak,16_32_55,24,32,55,19200,33000,0,1.19680275e-14,0
test,16,data_16.csv,onset_leak,16_33_56,24,33,56,19800,33600,0,3.9274976e-14,0
test,16,data_16.csv,onset_leak,16_34_57,24,34,57,20400,34200,0,8.809355e-14,0
test,16,data_16.csv,onset_leak,16_35_58,24,35,58,21000,34800,0,3.1400555e-13,0
test,16,data_16.csv,onset_leak,16_36_59,24,36,59,21600,35400,0,1.1821864e-12,0
test,16,data_16.csv,onset_leak,16_37_60,24,37,60,22200,36000,0,1.3640566e-11,0
test,16,data_16.csv,onset_leak,16_38_61,24,38,61,22800,36600,0,1.1221114e-10,0
test,16,data_16.csv,onset_leak,16_39_62,24,39,62,23400,37200,0,2.8636743e-10,0
test,16,data_16.csv,onset_leak,16_40_63,24,40,63,24000,37800,0,6.151282e-10,0
test,16,data_16.csv,onset_leak,16_41_64,24,41,64,24600,38400,0,2.2469364e-09,0
test,16,data_16.csv,onset_leak,16_42_65,24,42,65,25200,39000,0,6.593905e-09,0
test,16,data_16.csv,onset_leak,16_43_66,24,43,66,25800,39600,0,5.708903e-08,0
test,16,data_16.csv,onset_leak,16_44_67,24,44,67,26400,40200,0,7.461936e-08,0
test,16,data_16.csv,onset_leak,16_45_68,24,45,68,27000,40800,0,1.1853786e-07,0
test,16,data_16.csv,onset_leak,16_46_69,24,46,69,27600,41400,0,2.3140534e-07,0
test,16,data_16.csv,onset_leak,16_47_70,24,47,70,28200,42000,0,7.4831286e-07,0
test,16,data_16.csv,onset_leak,16_48_71,24,48,71,28800,42600,0,3.0918377e-06,0
test,16,data_16.csv,onset_leak,16_49_72,24,49,72,29400,43200,0,8.780595e-06,0
test,16,data_16.csv,onset_leak,16_50_73,24,50,73,30000,43800,0,9.025592e-06,0
test,16,data_16.csv,onset_leak,16_51_74,24,51,74,30600,44400,0,9.950521e-06,0
test,16,data_16.csv,onset_leak,16_52_75,24,52,75,31200,45000,0,2.7655695e-05,0
test,16,data_16.csv,onset_leak,16_53_76,24,53,76,31800,45600,0,7.978432e-05,0
test,16,data_16.csv,onset_leak,16_54_77,24,54,77,32400,46200,0,0.00030484775,0
test,16,data_16.csv,onset_leak,16_55_78,24,55,78,33000,46800,0,0.00077295286,0
test,16,data_16.csv,onset_leak,16_56_79,24,56,79,33600,47400,0,0.0012133874,0
test,16,data_16.csv,onset_leak,16_57_80,24,57,80,34200,48000,0,0.0024049983,0
test,16,data_16.csv,onset_leak,16_58_81,24,58,81,34800,48600,0,0.00950436,0
test,16,data_16.csv,onset_leak,16_59_82,24,59,82,35400,49200,0,0.03026966,0
test,16,data_16.csv,onset_leak,16_60_83,24,60,83,36000,49800,0,0.16247286,0
test,16,data_16.csv,onset_leak,16_61_84,24,61,84,36600,50400,0,0.079302914,0
test,16,data_16.csv,onset_leak,16_62_85,24,62,85,37200,51000,0,0.05669561,0
test,16,data_16.csv,onset_leak,16_63_86,24,63,86,37800,51600,0,0.061870877,0
test,16,data_16.csv,onset_leak,16_64_87,24,64,87,38400,52200,0,0.07498046,0
test,16,data_16.csv,onset_leak,16_65_88,24,65,88,39000,52800,0,0.10638832,0
test,16,data_16.csv,onset_leak,16_66_89,24,66,89,39600,53400,0,0.11668887,0
test,16,data_16.csv,onset_leak,16_67_90,24,67,90,40200,54000,0,0.09479178,0
test,16,data_16.csv,onset_leak,16_68_91,24,68,91,40800,54600,0,0.072380915,0
test,16,data_16.csv,onset_leak,16_69_92,24,69,92,41400,55200,0,0.05950033,0
test,16,data_16.csv,onset_leak,16_70_93,24,70,93,42000,55800,0,0.06352927,0
test,16,data_16.csv,onset_leak,16_71_94,24,71,94,42600,56400,0,0.075943634,0
test,16,data_16.csv,onset_leak,16_72_95,24,72,95,43200,57000,0,0.10729264,0
test,16,data_16.csv,onset_leak,16_73_96,24,73,96,43800,57600,0,0.13231589,0
test,16,data_16.csv,onset_leak,16_74_97,24,74,97,44400,58200,0,0.024456976,0
test,16,data_16.csv,onset_leak,16_75_98,24,75,98,45000,58800,0,0.013586515,0
test,16,data_16.csv,onset_leak,16_76_99,24,76,99,45600,59400,0,0.009794452,0
test,16,data_16.csv,onset_leak,16_77_100,24,77,100,46200,60000,0,0.0093513215,0
test,16,data_16.csv,onset_leak,16_78_101,24,78,101,46800,60600,0,0.01755904,0
test,16,data_16.csv,onset_leak,16_79_102,24,79,102,47400,61200,0,0.032346174,0
test,16,data_16.csv,onset_leak,16_80_103,24,80,103,48000,61800,0,0.0107711665,0
test,16,data_16.csv,onset_leak,16_81_104,24,81,104,48600,62400,0,0.010538559,0
test,16,data_16.csv,onset_leak,16_82_105,24,82,105,49200,63000,0,0.009332099,0
test,16,data_16.csv,onset_leak,16_83_106,24,83,106,49800,63600,0,0.007224862,0
test,16,data_16.csv,onset_leak,16_84_107,24,84,107,50400,64200,0,0.005894482,0
test,16,data_16.csv,onset_leak,16_85_108,24,85,108,51000,64800,0,0.00892765,0
test,16,data_16.csv,onset_leak,16_86_109,24,86,109,51600,65400,0,0.014978852,0
test,16,data_16.csv,onset_leak,16_87_110,24,87,110,52200,66000,0,0.021869814,0
test,16,data_16.csv,onset_leak,16_88_111,24,88,111,52800,66600,0,0.015604458,0
test,16,data_16.csv,onset_leak,16_89_112,24,89,112,53400,67200,0,0.0076951915,0
test,16,data_16.csv,onset_leak,16_90_113,24,90,113,54000,67800,0,0.0046510003,0
test,16,data_16.csv,onset_leak,16_91_114,24,91,114,54600,68400,0,0.0031414605,0
test,16,data_16.csv,onset_leak,16_92_115,24,92,115,55200,69000,0,0.005424414,0
test,16,data_16.csv,onset_leak,16_93_116,24,93,116,55800,69600,0,0.006294541,0
test,16,data_16.csv,onset_leak,16_94_117,24,94,117,56400,70200,0,0.002007779,0
test,16,data_16.csv,onset_leak,16_95_118,24,95,118,57000,70800,0,0.001396722,0
test,16,data_16.csv,onset_leak,16_96_119,24,96,119,57600,71400,0,0.00042983287,0
test,16,data_16.csv,onset_leak,16_97_120,24,97,120,58200,72000,0,0.0006105467,0
test,16,data_16.csv,onset_leak,16_98_121,24,98,121,58800,72600,0,0.00034664632,0
test,16,data_16.csv,onset_leak,16_99_122,24,99,122,59400,73200,0,0.000311646,0
test,16,data_16.csv,onset_leak,16_100_123,24,100,123,60000,73800,0,0.0002949712,0
test,16,data_16.csv,onset_leak,16_101_124,24,101,124,60600,74400,0,0.00013472993,0
test,16,data_16.csv,onset_leak,16_102_125,24,102,125,61200,75000,0,4.3219676e-05,0
test,16,data_16.csv,onset_leak,16_103_126,24,103,126,61800,75600,0,2.675795e-05,0
test,16,data_16.csv,onset_leak,16_104_127,24,104,127,62400,76200,0,1.2907939e-05,0
test,16,data_16.csv,onset_leak,16_105_128,24,105,128,63000,76800,0,1.1732063e-05,0
test,16,data_16.csv,onset_leak,16_106_129,24,106,129,63600,77400,0,3.070565e-05,0
test,16,data_16.csv,onset_leak,16_107_130,24,107,130,64200,78000,0,8.003212e-05,0
test,16,data_16.csv,onset_leak,16_108_131,24,108,131,64800,78600,0,0.00043370607,0
test,16,data_16.csv,onset_leak,16_109_132,24,109,132,65400,79200,0,7.382188e-05,0
test,16,data_16.csv,onset_leak,16_110_133,24,110,133,66000,79800,0,6.259277e-06,0
test,16,data_16.csv,onset_leak,16_111_134,24,111,134,66600,80400,0,3.415019e-06,0
test,16,data_16.csv,onset_leak,16_112_135,24,112,135,67200,81000,0,5.729516e-06,0
test,16,data_16.csv,onset_leak,16_113_136,24,113,136,67800,81600,0,9.640526e-06,0
test,16,data_16.csv,onset_leak,16_114_137,24,114,137,68400,82200,0,2.3651473e-05,0
test,16,data_16.csv,onset_leak,16_115_138,24,115,138,69000,82800,0,2.3852024e-06,0
test,16,data_16.csv,onset_leak,16_116_139,24,116,139,69600,83400,0,4.8051326e-08,0
test,16,data_16.csv,onset_leak,16_117_140,24,117,140,70200,84000,0,1.0571373e-08,0
test,16,data_16.csv,onset_leak,16_118_141,24,118,141,70800,84600,0,8.373578e-09,0
test,16,data_16.csv,onset_leak,16_119_142,24,119,142,71400,85200,0,3.2005834e-09,0
test,16,data_16.csv,onset_leak,16_120_143,24,120,143,72000,85800,0,1.1164653e-09,0
test,16,data_16.csv,onset_leak,16_121_144,24,121,144,72600,86400,0,8.52086e-11,0
test,19,data_19.csv,onset_leak,19_0_23,24,0,23,0,13800,0,1.4150654e-22,0
test,19,data_19.csv,onset_leak,19_1_24,24,1,24,600,14400,0,1.4524186e-22,0
test,19,data_19.csv,onset_leak,19_2_25,24,2,25,1200,15000,0,1.6600119e-22,0
test,19,data_19.csv,onset_leak,19_3_26,24,3,26,1800,15600,0,1.682754e-22,0
test,19,data_19.csv,onset_leak,19_4_27,24,4,27,2400,16200,0,1.4591327e-22,0
test,19,data_19.csv,onset_leak,19_5_28,24,5,28,3000,16800,0,1.2972301e-22,0
test,19,data_19.csv,onset_leak,19_6_29,24,6,29,3600,17400,0,1.0617856e-22,0
test,19,data_19.csv,onset_leak,19_7_30,24,7,30,4200,18000,0,1.4725471e-22,0
test,19,data_19.csv,onset_leak,19_8_31,24,8,31,4800,18600,0,2.168105e-22,0
test,19,data_19.csv,onset_leak,19_9_32,24,9,32,5400,19200,0,2.689177e-22,0
test,19,data_19.csv,onset_leak,19_10_33,24,10,33,6000,19800,0,2.7507862e-22,0
test,19,data_19.csv,onset_leak,19_11_34,24,11,34,6600,20400,0,3.114696e-22,0
test,19,data_19.csv,onset_leak,19_12_35,24,12,35,7200,21000,0,3.2135424e-22,0
test,19,data_19.csv,onset_leak,19_13_36,24,13,36,7800,21600,0,5.991493e-22,0
test,19,data_19.csv,onset_leak,19_14_37,24,14,37,8400,22200,0,1.1760032e-21,0
test,19,data_19.csv,onset_leak,19_15_38,24,15,38,9000,22800,0,1.8387147e-21,0
test,19,data_19.csv,onset_leak,19_16_39,24,16,39,9600,23400,0,2.1355842e-21,0
test,19,data_19.csv,onset_leak,19_17_40,24,17,40,10200,24000,0,3.0371071e-21,0
test,19,data_19.csv,onset_leak,19_18_41,24,18,41,10800,24600,0,4.058072e-21,0
test,19,data_19.csv,onset_leak,19_19_42,24,19,42,11400,25200,0,9.581838e-21,0
test,19,data_19.csv,onset_leak,19_20_43,24,20,43,12000,25800,0,2.2069006e-20,0
test,19,data_19.csv,onset_leak,19_21_44,24,21,44,12600,26400,0,3.9256205e-20,0
test,19,data_19.csv,onset_leak,19_22_45,24,22,45,13200,27000,0,5.228052e-20,0
test,19,data_19.csv,onset_leak,19_23_46,24,23,46,13800,27600,0,8.987378e-20,0
test,19,data_19.csv,onset_leak,19_24_47,24,24,47,14400,28200,0,1.4865975e-19,0
test,19,data_19.csv,onset_leak,19_25_48,24,25,48,15000,28800,0,4.635388e-19,0
test,19,data_19.csv,onset_leak,19_26_49,24,26,49,15600,29400,0,1.2481362e-18,0
test,19,data_19.csv,onset_leak,19_27_50,24,27,50,16200,30000,0,2.5145234e-18,0
test,19,data_19.csv,onset_leak,19_28_51,24,28,51,16800,30600,0,4.1202387e-18,0
test,19,data_19.csv,onset_leak,19_29_52,24,29,52,17400,31200,0,8.768986e-18,0
test,19,data_19.csv,onset_leak,19_30_53,24,30,53,18000,31800,0,1.8097284e-17,0
test,19,data_19.csv,onset_leak,19_31_54,24,31,54,18600,32400,0,1.1686319e-16,0
test,19,data_19.csv,onset_leak,19_32_55,24,32,55,19200,33000,0,7.086789e-16,0
test,19,data_19.csv,onset_leak,19_33_56,24,33,56,19800,33600,0,2.4609771e-15,0
test,19,data_19.csv,onset_leak,19_34_57,24,34,57,20400,34200,0,5.0372456e-15,0
test,19,data_19.csv,onset_leak,19_35_58,24,35,58,21000,34800,0,1.6958846e-14,0
test,19,data_19.csv,onset_leak,19_36_59,24,36,59,21600,35400,0,4.7859926e-14,0
test,19,data_19.csv,onset_leak,19_37_60,24,37,60,22200,36000,0,5.7351373e-13,0
test,19,data_19.csv,onset_leak,19_38_61,24,38,61,22800,36600,0,7.507003e-12,0
test,19,data_19.csv,onset_leak,19_39_62,24,39,62,23400,37200,0,2.472165e-11,0
test,19,data_19.csv,onset_leak,19_40_63,24,40,63,24000,37800,0,4.483297e-11,0
test,19,data_19.csv,onset_leak,19_41_64,24,41,64,24600,38400,0,1.7911328e-10,0
test,19,data_19.csv,onset_leak,19_42_65,24,42,65,25200,39000,0,5.691415e-10,0
test,19,data_19.csv,onset_leak,19_43_66,24,43,66,25800,39600,0,5.8747496e-09,0
test,19,data_19.csv,onset_leak,19_44_67,24,44,67,26400,40200,0,6.4071553e-09,0
test,19,data_19.csv,onset_leak,19_45_68,24,45,68,27000,40800,0,1.1895716e-08,0
test,19,data_19.csv,onset_leak,19_46_69,24,46,69,27600,41400,0,2.3768628e-08,0
test,19,data_19.csv,onset_leak,19_47_70,24,47,70,28200,42000,0,6.20816e-08,0
test,19,data_19.csv,onset_leak,19_48_71,24,48,71,28800,42600,0,1.6671922e-07,0
test,19,data_19.csv,onset_leak,19_49_72,24,49,72,29400,43200,0,9.890623e-07,0
test,19,data_19.csv,onset_leak,19_50_73,24,50,73,30000,43800,0,1.2012647e-06,0
test,19,data_19.csv,onset_leak,19_51_74,24,51,74,30600,44400,0,1.2970348e-06,0
test,19,data_19.csv,onset_leak,19_52_75,24,52,75,31200,45000,0,4.633585e-06,0
test,19,data_19.csv,onset_leak,19_53_76,24,53,76,31800,45600,0,1.7899425e-05,0
test,19,data_19.csv,onset_leak,19_54_77,24,54,77,32400,46200,0,8.03661e-05,0
test,19,data_19.csv,onset_leak,19_55_78,24,55,78,33000,46800,0,0.00025946976,0
test,19,data_19.csv,onset_leak,19_56_79,24,56,79,33600,47400,0,0.00041069838,0
test,19,data_19.csv,onset_leak,19_57_80,24,57,80,34200,48000,0,0.00081497536,0
test,19,data_19.csv,onset_leak,19_58_81,24,58,81,34800,48600,0,0.0037683144,0
test,19,data_19.csv,onset_leak,19_59_82,24,59,82,35400,49200,0,0.014886092,0
test,19,data_19.csv,onset_leak,19_60_83,24,60,83,36000,49800,0,0.11357333,0
test,19,data_19.csv,onset_leak,19_61_84,24,61,84,36600,50400,0,0.08440718,0
test,19,data_19.csv,onset_leak,19_62_85,24,62,85,37200,51000,0,0.06379476,0
test,19,data_19.csv,onset_leak,19_63_86,24,63,86,37800,51600,0,0.064993516,0
test,19,data_19.csv,onset_leak,19_64_87,24,64,87,38400,52200,0,0.07233675,0
test,19,data_19.csv,onset_leak,19_65_88,24,65,88,39000,52800,0,0.07769821,0
test,19,data_19.csv,onset_leak,19_66_89,24,66,89,39600,53400,0,0.08586566,0
test,19,data_19.csv,onset_leak,19_67_90,24,67,90,40200,54000,0,0.06641046,0
test,19,data_19.csv,onset_leak,19_68_91,24,68,91,40800,54600,0,0.05885259,0
test,19,data_19.csv,onset_leak,19_69_92,24,69,92,41400,55200,0,0.052063517,0
test,19,data_19.csv,onset_leak,19_70_93,24,70,93,42000,55800,0,0.04783887,0
test,19,data_19.csv,onset_leak,19_71_94,24,71,94,42600,56400,0,0.050055172,0
test,19,data_19.csv,onset_leak,19_72_95,24,72,95,43200,57000,0,0.05930495,0
test,19,data_19.csv,onset_leak,19_73_96,24,73,96,43800,57600,0,0.06709026,0
test,19,data_19.csv,onset_leak,19_74_97,24,74,97,44400,58200,0,0.04542086,0
test,19,data_19.csv,onset_leak,19_75_98,24,75,98,45000,58800,0,0.035173703,0
test,19,data_19.csv,onset_leak,19_76_99,24,76,99,45600,59400,0,0.030639648,0
test,19,data_19.csv,onset_leak,19_77_100,24,77,100,46200,60000,0,0.032667972,0
test,19,data_19.csv,onset_leak,19_78_101,24,78,101,46800,60600,0,0.043467604,0
test,19,data_19.csv,onset_leak,19_79_102,24,79,102,47400,61200,0,0.05552922,0
test,19,data_19.csv,onset_leak,19_80_103,24,80,103,48000,61800,0,0.018849265,0
test,19,data_19.csv,onset_leak,19_81_104,24,81,104,48600,62400,0,0.018677494,0
test,19,data_19.csv,onset_leak,19_82_105,24,82,105,49200,63000,0,0.023279121,0
test,19,data_19.csv,onset_leak,19_83_106,24,83,106,49800,63600,0,0.038001824,0
test,19,data_19.csv,onset_leak,19_84_107,24,84,107,50400,64200,0,0.055844042,0
test,19,data_19.csv,onset_leak,19_85_108,24,85,108,51000,64800,0,0.073325545,0
test,19,data_19.csv,onset_leak,19_86_109,24,86,109,51600,65400,0,0.048466723,0
test,19,data_19.csv,onset_leak,19_87_110,24,87,110,52200,66000,0,0.05772076,0
test,19,data_19.csv,onset_leak,19_88_111,24,88,111,52800,66600,0,0.06386477,0
test,19,data_19.csv,onset_leak,19_89_112,24,89,112,53400,67200,0,0.05386421,0
test,19,data_19.csv,onset_leak,19_90_113,24,90,113,54000,67800,0,0.061411124,0
test,19,data_19.csv,onset_leak,19_91_114,24,91,114,54600,68400,0,0.033314973,0
test,19,data_19.csv,onset_leak,19_92_115,24,92,115,55200,69000,0,0.012354845,0
test,19,data_19.csv,onset_leak,19_93_116,24,93,116,55800,69600,0,0.0069861882,0
test,19,data_19.csv,onset_leak,19_94_117,24,94,117,56400,70200,0,0.004362045,0
test,19,data_19.csv,onset_leak,19_95_118,24,95,118,57000,70800,0,0.001484675,0
test,19,data_19.csv,onset_leak,19_96_119,24,96,119,57600,71400,0,0.0004337522,0
test,19,data_19.csv,onset_leak,19_97_120,24,97,120,58200,72000,0,0.00013759243,0
test,19,data_19.csv,onset_leak,19_98_121,24,98,121,58800,72600,0,2.404815e-05,0
test,19,data_19.csv,onset_leak,19_99_122,24,99,122,59400,73200,0,9.777364e-06,0
test,19,data_19.csv,onset_leak,19_100_123,24,100,123,60000,73800,0,5.220011e-06,0
test,19,data_19.csv,onset_leak,19_101_124,24,101,124,60600,74400,0,1.734538e-06,0
test,19,data_19.csv,onset_leak,19_102_125,24,102,125,61200,75000,0,3.6659637e-07,0
test,19,data_19.csv,onset_leak,19_103_126,24,103,126,61800,75600,0,1.0126141e-07,0
test,19,data_19.csv,onset_leak,19_104_127,24,104,127,62400,76200,0,3.2688696e-08,0
test,19,data_19.csv,onset_leak,19_105_128,24,105,128,63000,76800,0,1.8298334e-08,0
test,19,data_19.csv,onset_leak,19_106_129,24,106,129,63600,77400,0,1.1911836e-08,0
test,19,data_19.csv,onset_leak,19_107_130,24,107,130,64200,78000,0,4.9659334e-09,0
test,19,data_19.csv,onset_leak,19_108_131,24,108,131,64800,78600,0,2.0809598e-09,0
test,19,data_19.csv,onset_leak,19_109_132,24,109,132,65400,79200,0,4.5519905e-10,0
test,19,data_19.csv,onset_leak,19_110_133,24,110,133,66000,79800,0,1.3741082e-10,0
test,19,data_19.csv,onset_leak,19_111_134,24,111,134,66600,80400,0,6.317978e-11,0
test,19,data_19.csv,onset_leak,19_112_135,24,112,135,67200,81000,0,2.6860292e-11,0
test,19,data_19.csv,onset_leak,19_113_136,24,113,136,67800,81600,0,8.323596e-12,0
test,19,data_19.csv,onset_leak,19_114_137,24,114,137,68400,82200,0,2.444621e-12,0
test,19,data_19.csv,onset_leak,19_115_138,24,115,138,69000,82800,0,7.052456e-13,0
test,19,data_19.csv,onset_leak,19_116_139,24,116,139,69600,83400,0,2.3413555e-13,0
test,19,data_19.csv,onset_leak,19_117_140,24,117,140,70200,84000,0,9.740955e-14,0
test,19,data_19.csv,onset_leak,19_118_141,24,118,141,70800,84600,0,4.362577e-14,0
test,19,data_19.csv,onset_leak,19_119_142,24,119,142,71400,85200,0,1.3631858e-14,0
test,19,data_19.csv,onset_leak,19_120_143,24,120,143,72000,85800,0,3.2629899e-15,0
test,19,data_19.csv,onset_leak,19_121_144,24,121,144,72600,86400,0,9.35797e-16,0
test,25,data_25.csv,persistent_leak,25_0_23,24,0,23,0,13800,0,6.412226e-25,0
test,25,data_25.csv,persistent_leak,25_1_24,24,1,24,600,14400,0,1.4229347e-24,0
test,25,data_25.csv,persistent_leak,25_2_25,24,2,25,1200,15000,0,2.84093e-24,0
test,25,data_25.csv,persistent_leak,25_3_26,24,3,26,1800,15600,0,4.7961662e-24,0
test,25,data_25.csv,persistent_leak,25_4_27,24,4,27,2400,16200,0,6.765743e-24,0
test,25,data_25.csv,persistent_leak,25_5_28,24,5,28,3000,16800,0,1.1920587e-23,0
test,25,data_25.csv,persistent_leak,25_6_29,24,6,29,3600,17400,0,2.1273941e-23,0
test,25,data_25.csv,persistent_leak,25_7_30,24,7,30,4200,18000,0,5.4201124e-23,0
test,25,data_25.csv,persistent_leak,25_8_31,24,8,31,4800,18600,0,1.1980997e-22,0
test,25,data_25.csv,persistent_leak,25_9_32,24,9,32,5400,19200,0,2.2157134e-22,0
test,25,data_25.csv,persistent_leak,25_10_33,24,10,33,6000,19800,0,3.403837e-22,0
test,25,data_25.csv,persistent_leak,25_11_34,24,11,34,6600,20400,0,6.759662e-22,0
test,25,data_25.csv,persistent_leak,25_12_35,24,12,35,7200,21000,0,1.3705198e-21,0
test,25,data_25.csv,persistent_leak,25_13_36,24,13,36,7800,21600,0,4.1451252e-21,0
test,25,data_25.csv,persistent_leak,25_14_37,24,14,37,8400,22200,0,1.0845102e-20,0
test,25,data_25.csv,persistent_leak,25_15_38,24,15,38,9000,22800,0,2.2351391e-20,0
test,25,data_25.csv,persistent_leak,25_16_39,24,16,39,9600,23400,0,3.7505432e-20,0
test,25,data_25.csv,persistent_leak,25_17_40,24,17,40,10200,24000,0,8.422819e-20,0
test,25,data_25.csv,persistent_leak,25_18_41,24,18,41,10800,24600,0,1.9075697e-19,0
test,25,data_25.csv,persistent_leak,25_19_42,24,19,42,11400,25200,0,7.1778406e-19,0
test,25,data_25.csv,persistent_leak,25_20_43,24,20,43,12000,25800,0,2.3439366e-18,0
test,25,data_25.csv,persistent_leak,25_21_44,24,21,44,12600,26400,0,5.5721636e-18,0
test,25,data_25.csv,persistent_leak,25_22_45,24,22,45,13200,27000,0,1.03372e-17,0
test,25,data_25.csv,persistent_leak,25_23_46,24,23,46,13800,27600,0,2.6515045e-17,0
test,25,data_25.csv,persistent_leak,25_24_47,24,24,47,14400,28200,0,6.880129e-17,0
test,25,data_25.csv,persistent_leak,25_25_48,24,25,48,15000,28800,0,4.8324384e-16,0
test,25,data_25.csv,persistent_leak,25_26_49,24,26,49,15600,29400,0,3.1840727e-15,0
test,25,data_25.csv,persistent_leak,25_27_50,24,27,50,16200,30000,0,1.1884998e-14,0
test,25,data_25.csv,persistent_leak,25_28_51,24,28,51,16800,30600,0,2.6256908e-14,0
test,25,data_25.csv,persistent_leak,25_29_52,24,29,52,17400,31200,0,9.909915e-14,0
test,25,data_25.csv,persistent_leak,25_30_53,24,30,53,18000,31800,0,3.082518e-13,0
test,25,data_25.csv,persistent_leak,25_31_54,24,31,54,18600,32400,0,4.905843e-12,0
test,25,data_25.csv,persistent_leak,25_32_55,24,32,55,19200,33000,0,6.072777e-11,0
test,25,data_25.csv,persistent_leak,25_33_56,24,33,56,19800,33600,0,1.5105882e-10,0
test,25,data_25.csv,persistent_leak,25_34_57,24,34,57,20400,34200,0,2.9197267e-10,0
test,25,data_25.csv,persistent_leak,25_35_58,24,35,58,21000,34800,0,1.0022849e-09,0
test,25,data_25.csv,persistent_leak,25_36_59,24,36,59,21600,35400,0,3.1426501e-09,0
test,25,data_25.csv,persistent_leak,25_37_60,24,37,60,22200,36000,0,8.120815e-08,0
test,25,data_25.csv,persistent_leak,25_38_61,24,38,61,22800,36600,0,1.0705501e-07,0
test,25,data_25.csv,persistent_leak,25_39_62,24,39,62,23400,37200,0,1.552726e-07,0
test,25,data_25.csv,persistent_leak,25_40_63,24,40,63,24000,37800,0,2.6358e-07,0
test,25,data_25.csv,persistent_leak,25_41_64,24,41,64,24600,38400,0,9.775738e-07,0
test,25,data_25.csv,persistent_leak,25_42_65,24,42,65,25200,39000,0,3.0133278e-06,0
test,25,data_25.csv,persistent_leak,25_43_66,24,43,66,25800,39600,0,6.238644e-05,0
test,25,data_25.csv,persistent_leak,25_44_67,24,44,67,26400,40200,0,6.97383e-05,0
test,25,data_25.csv,persistent_leak,25_45_68,24,45,68,27000,40800,0,6.783265e-05,0
test,25,data_25.csv,persistent_leak,25_46_69,24,46,69,27600,41400,0,0.00015847066,0
test,25,data_25.csv,persistent_leak,25_47_70,24,47,70,28200,42000,0,0.00050323294,0
test,25,data_25.csv,persistent_leak,25_48_71,24,48,71,28800,42600,0,0.001595752,0
test,25,data_25.csv,persistent_leak,25_49_72,24,49,72,29400,43200,0,0.012050827,0
test,25,data_25.csv,persistent_leak,25_50_73,24,50,73,30000,43800,0,0.008534738,0
test,25,data_25.csv,persistent_leak,25_51_74,24,51,74,30600,44400,0,0.0069940323,0
test,25,data_25.csv,persistent_leak,25_52_75,24,52,75,31200,45000,0,0.014955429,0
test,25,data_25.csv,persistent_leak,25_53_76,24,53,76,31800,45600,0,0.026030391,0
test,25,data_25.csv,persistent_leak,25_54_77,24,54,77,32400,46200,0,0.06948684,0
test,25,data_25.csv,persistent_leak,25_55_78,24,55,78,33000,46800,0,0.12850086,0
test,25,data_25.csv,persistent_leak,25_56_79,24,56,79,33600,47400,0,0.13668318,0
test,25,data_25.csv,persistent_leak,25_57_80,24,57,80,34200,48000,0,0.15525794,0
test,25,data_25.csv,persistent_leak,25_58_81,24,58,81,34800,48600,0,0.16425109,0
test,25,data_25.csv,persistent_leak,25_59_82,24,59,82,35400,49200,0,0.2141919,0
test,25,data_25.csv,persistent_leak,25_60_83,24,60,83,36000,49800,0,0.34461743,0
test,25,data_25.csv,persistent_leak,25_61_84,24,61,84,36600,50400,0,0.382086,0
test,25,data_25.csv,persistent_leak,25_62_85,24,62,85,37200,51000,0,0.3936306,0
test,25,data_25.csv,persistent_leak,25_63_86,24,63,86,37800,51600,0,0.3735183,0
test,25,data_25.csv,persistent_leak,25_64_87,24,64,87,38400,52200,0,0.37467864,0
test,25,data_25.csv,persistent_leak,25_65_88,24,65,88,39000,52800,0,0.39111945,0
test,25,data_25.csv,persistent_leak,25_66_89,24,66,89,39600,53400,0,0.43014085,0
test,25,data_25.csv,persistent_leak,25_67_90,24,67,90,40200,54000,0,0.32144794,0
test,25,data_25.csv,persistent_leak,25_68_91,24,68,91,40800,54600,0,0.19228892,0
test,25,data_25.csv,persistent_leak,25_69_92,24,69,92,41400,55200,0,0.19930373,0
test,25,data_25.csv,persistent_leak,25_70_93,24,70,93,42000,55800,0,0.16531543,0
test,25,data_25.csv,persistent_leak,25_71_94,24,71,94,42600,56400,0,0.21544106,0
test,25,data_25.csv,persistent_leak,25_72_95,24,72,95,43200,57000,0,0.26204053,0
test,25,data_25.csv,persistent_leak,25_73_96,24,73,96,43800,57600,0,0.18730791,0
test,25,data_25.csv,persistent_leak,25_74_97,24,74,97,44400,58200,0,0.06577773,0
test,25,data_25.csv,persistent_leak,25_75_98,24,75,98,45000,58800,0,0.062938586,0
test,25,data_25.csv,persistent_leak,25_76_99,24,76,99,45600,59400,0,0.06333421,0
test,25,data_25.csv,persistent_leak,25_77_100,24,77,100,46200,60000,0,0.10668802,0
test,25,data_25.csv,persistent_leak,25_78_101,24,78,101,46800,60600,0,0.110057175,0
test,25,data_25.csv,persistent_leak,25_79_102,24,79,102,47400,61200,0,0.19480681,0
test,25,data_25.csv,persistent_leak,25_80_103,24,80,103,48000,61800,0,0.017340586,0
test,25,data_25.csv,persistent_leak,25_81_104,24,81,104,48600,62400,0,0.009382334,0
test,25,data_25.csv,persistent_leak,25_82_105,24,82,105,49200,63000,0,0.012811513,0
test,25,data_25.csv,persistent_leak,25_83_106,24,83,106,49800,63600,0,0.03568993,0
test,25,data_25.csv,persistent_leak,25_84_107,24,84,107,50400,64200,0,0.054307017,0
test,25,data_25.csv,persistent_leak,25_85_108,24,85,108,51000,64800,0,0.034164384,0
test,25,data_25.csv,persistent_leak,25_86_109,24,86,109,51600,65400,0,0.02412114,0
test,25,data_25.csv,persistent_leak,25_87_110,24,87,110,52200,66000,0,0.02647588,0
test,25,data_25.csv,persistent_leak,25_88_111,24,88,111,52800,66600,0,0.026710812,0
test,25,data_25.csv,persistent_leak,25_89_112,24,89,112,53400,67200,0,0.027488468,0
test,25,data_25.csv,persistent_leak,25_90_113,24,90,113,54000,67800,0,0.0336679,0
test,25,data_25.csv,persistent_leak,25_91_114,24,91,114,54600,68400,0,0.033275746,0
test,25,data_25.csv,persistent_leak,25_92_115,24,92,115,55200,69000,0,0.034400735,0
test,25,data_25.csv,persistent_leak,25_93_116,24,93,116,55800,69600,0,0.037725065,0
test,25,data_25.csv,persistent_leak,25_94_117,24,94,117,56400,70200,0,0.061870426,0
test,25,data_25.csv,persistent_leak,25_95_118,24,95,118,57000,70800,0,0.12623556,0
test,25,data_25.csv,persistent_leak,25_96_119,24,96,119,57600,71400,0,0.25530678,0
test,25,data_25.csv,persistent_leak,25_97_120,24,97,120,58200,72000,0,0.32057765,0
test,25,data_25.csv,persistent_leak,25_98_121,24,98,121,58800,72600,0,0.4284973,0
test,25,data_25.csv,persistent_leak,25_99_122,24,99,122,59400,73200,0,0.58194566,0
test,25,data_25.csv,persistent_leak,25_100_123,24,100,123,60000,73800,0,0.53153306,0
test,25,data_25.csv,persistent_leak,25_101_124,24,101,124,60600,74400,0,0.37101844,0
test,25,data_25.csv,persistent_leak,25_102_125,24,102,125,61200,75000,0,0.063486,0
test,25,data_25.csv,persistent_leak,25_103_126,24,103,126,61800,75600,0,0.02759141,0
test,25,data_25.csv,persistent_leak,25_104_127,24,104,127,62400,76200,0,0.0084883,0
test,25,data_25.csv,persistent_leak,25_105_128,24,105,128,63000,76800,0,0.005685373,0
test,25,data_25.csv,persistent_leak,25_106_129,24,106,129,63600,77400,0,0.0062460997,0
test,25,data_25.csv,persistent_leak,25_107_130,24,107,130,64200,78000,0,0.0052851876,0
test,25,data_25.csv,persistent_leak,25_108_131,24,108,131,64800,78600,0,0.010501303,0
test,25,data_25.csv,persistent_leak,25_109_132,24,109,132,65400,79200,0,0.0024979322,0
test,25,data_25.csv,persistent_leak,25_110_133,24,110,133,66000,79800,0,0.00042896753,0
test,25,data_25.csv,persistent_leak,25_111_134,24,111,134,66600,80400,0,0.00014707919,0
test,25,data_25.csv,persistent_leak,25_112_135,24,112,135,67200,81000,0,0.00010524275,0
test,25,data_25.csv,persistent_leak,25_113_136,24,113,136,67800,81600,0,0.00013080148,0
test,25,data_25.csv,persistent_leak,25_114_137,24,114,137,68400,82200,0,0.0002799821,0
test,25,data_25.csv,persistent_leak,25_115_138,24,115,138,69000,82800,0,0.0001564714,0
test,25,data_25.csv,persistent_leak,25_116_139,24,116,139,69600,83400,0,6.9124053e-07,0
test,25,data_25.csv,persistent_leak,25_117_140,24,117,140,70200,84000,0,1.3932569e-07,0
test,25,data_25.csv,persistent_leak,25_118_141,24,118,141,70800,84600,0,5.9431184e-08,0
test,25,data_25.csv,persistent_leak,25_119_142,24,119,142,71400,85200,0,5.079434e-08,0
test,25,data_25.csv,persistent_leak,25_120_143,24,120,143,72000,85800,0,1.0953565e-07,0
test,25,data_25.csv,persistent_leak,25_121_144,24,121,144,72600,86400,0,8.338359e-08,0
test,34,data_34.csv,persistent_leak,34_0_23,24,0,23,0,13800,0,4.476733e-23,0
test,34,data_34.csv,persistent_leak,34_1_24,24,1,24,600,14400,0,3.727005e-23,0
test,34,data_34.csv,persistent_leak,34_2_25,24,2,25,1200,15000,0,3.3657195e-23,0
test,34,data_34.csv,persistent_leak,34_3_26,24,3,26,1800,15600,0,3.004539e-23,0
test,34,data_34.csv,persistent_leak,34_4_27,24,4,27,2400,16200,0,2.5707811e-23,0
test,34,data_34.csv,persistent_leak,34_5_28,24,5,28,3000,16800,0,2.1221256e-23,0
test,34,data_34.csv,persistent_leak,34_6_29,24,6,29,3600,17400,0,1.6610181e-23,0
test,34,data_34.csv,persistent_leak,34_7_30,24,7,30,4200,18000,0,3.1975587e-23,0
test,34,data_34.csv,persistent_leak,34_8_31,24,8,31,4800,18600,0,8.247709e-23,0
test,34,data_34.csv,persistent_leak,34_9_32,24,9,32,5400,19200,0,1.3505843e-22,0
test,34,data_34.csv,persistent_leak,34_10_33,24,10,33,6000,19800,0,1.2803769e-22,0
test,34,data_34.csv,persistent_leak,34_11_34,24,11,34,6600,20400,0,1.5116655e-22,0
test,34,data_34.csv,persistent_leak,34_12_35,24,12,35,7200,21000,0,1.2558804e-22,0
test,34,data_34.csv,persistent_leak,34_13_36,24,13,36,7800,21600,0,2.7740431e-22,0
test,34,data_34.csv,persistent_leak,34_14_37,24,14,37,8400,22200,0,8.735114e-22,0
test,34,data_34.csv,persistent_leak,34_15_38,24,15,38,9000,22800,0,1.874737e-21,0
test,34,data_34.csv,persistent_leak,34_16_39,24,16,39,9600,23400,0,2.0105013e-21,0
test,34,data_34.csv,persistent_leak,34_17_40,24,17,40,10200,24000,0,3.2704942e-21,0
test,34,data_34.csv,persistent_leak,34_18_41,24,18,41,10800,24600,0,5.6653035e-21,0
test,34,data_34.csv,persistent_leak,34_19_42,24,19,42,11400,25200,0,2.5853007e-20,0
test,34,data_34.csv,persistent_leak,34_20_43,24,20,43,12000,25800,0,9.1204844e-20,0
test,34,data_34.csv,persistent_leak,34_21_44,24,21,44,12600,26400,0,1.945809e-19,0
test,34,data_34.csv,persistent_leak,34_22_45,24,22,45,13200,27000,0,3.0724652e-19,0
test,34,data_34.csv,persistent_leak,34_23_46,24,23,46,13800,27600,0,6.3632673e-19,0
test,34,data_34.csv,persistent_leak,34_24_47,24,24,47,14400,28200,0,1.0040847e-18,0
test,34,data_34.csv,persistent_leak,34_25_48,24,25,48,15000,28800,0,4.273695e-18,0
test,34,data_34.csv,persistent_leak,34_26_49,24,26,49,15600,29400,0,1.1880538e-17,0
test,34,data_34.csv,persistent_leak,34_27_50,24,27,50,16200,30000,0,2.8796632e-17,0
test,34,data_34.csv,persistent_leak,34_28_51,24,28,51,16800,30600,0,7.4674835e-17,0
test,34,data_34.csv,persistent_leak,34_29_52,24,29,52,17400,31200,0,2.6428717e-16,0
test,34,data_34.csv,persistent_leak,34_30_53,24,30,53,18000,31800,0,1.2163078e-15,0
test,34,data_34.csv,persistent_leak,34_31_54,24,31,54,18600,32400,0,9.586364e-15,0
test,34,data_34.csv,persistent_leak,34_32_55,24,32,55,19200,33000,0,5.5924263e-14,0
test,34,data_34.csv,persistent_leak,34_33_56,24,33,56,19800,33600,0,2.0224593e-13,0
test,34,data_34.csv,persistent_leak,34_34_57,24,34,57,20400,34200,0,5.4418216e-13,0
test,34,data_34.csv,persistent_leak,34_35_58,24,35,58,21000,34800,0,2.3285304e-12,0
test,34,data_34.csv,persistent_leak,34_36_59,24,36,59,21600,35400,0,8.323215e-12,0
test,34,data_34.csv,persistent_leak,34_37_60,24,37,60,22200,36000,0,1.0264444e-10,0
test,34,data_34.csv,persistent_leak,34_38_61,24,38,61,22800,36600,0,1.0230811e-09,0
test,34,data_34.csv,persistent_leak,34_39_62,24,39,62,23400,37200,0,2.542143e-09,0
test,34,data_34.csv,persistent_leak,34_40_63,24,40,63,24000,37800,0,4.8227045e-09,0
test,34,data_34.csv,persistent_leak,34_41_64,24,41,64,24600,38400,0,1.6620767e-08,0
test,34,data_34.csv,persistent_leak,34_42_65,24,42,65,25200,39000,0,5.6341978e-08,0
test,34,data_34.csv,persistent_leak,34_43_66,24,43,66,25800,39600,0,1.775365e-06,0
test,34,data_34.csv,persistent_leak,34_44_67,24,44,67,26400,40200,0,2.4669391e-06,0
test,34,data_34.csv,persistent_leak,34_45_68,24,45,68,27000,40800,0,3.6600848e-06,0
test,34,data_34.csv,persistent_leak,34_46_69,24,46,69,27600,41400,0,4.2801635e-06,0
test,34,data_34.csv,persistent_leak,34_47_70,24,47,70,28200,42000,0,1.3918528e-05,0
test,34,data_34.csv,persistent_leak,34_48_71,24,48,71,28800,42600,0,3.402193e-05,0
test,34,data_34.csv,persistent_leak,34_49_72,24,49,72,29400,43200,0,0.00018340837,0
test,34,data_34.csv,persistent_leak,34_50_73,24,50,73,30000,43800,0,9.271145e-05,0
test,34,data_34.csv,persistent_leak,34_51_74,24,51,74,30600,44400,0,6.311426e-05,0
test,34,data_34.csv,persistent_leak,34_52_75,24,52,75,31200,45000,0,0.00012843135,0
test,34,data_34.csv,persistent_leak,34_53_76,24,53,76,31800,45600,0,0.00034534736,0
test,34,data_34.csv,persistent_leak,34_54_77,24,54,77,32400,46200,0,0.0010682864,0
test,34,data_34.csv,persistent_leak,34_55_78,24,55,78,33000,46800,0,0.0005928094,0
test,34,data_34.csv,persistent_leak,34_56_79,24,56,79,33600,47400,0,0.00020884465,0
test,34,data_34.csv,persistent_leak,34_57_80,24,57,80,34200,48000,0,0.00011504028,0
test,34,data_34.csv,persistent_leak,34_58_81,24,58,81,34800,48600,0,0.0002476502,0
test,34,data_34.csv,persistent_leak,34_59_82,24,59,82,35400,49200,0,0.00036694232,0
test,34,data_34.csv,persistent_leak,34_60_83,24,60,83,36000,49800,0,0.0022882856,0
test,34,data_34.csv,persistent_leak,34_61_84,24,61,84,36600,50400,0,0.0018280875,0
test,34,data_34.csv,persistent_leak,34_62_85,24,62,85,37200,51000,0,0.0017414113,0
test,34,data_34.csv,persistent_leak,34_63_86,24,63,86,37800,51600,0,0.0037129743,0
test,34,data_34.csv,persistent_leak,34_64_87,24,64,87,38400,52200,0,0.0050805095,0
test,34,data_34.csv,persistent_leak,34_65_88,24,65,88,39000,52800,0,0.018797815,0
test,34,data_34.csv,persistent_leak,34_66_89,24,66,89,39600,53400,0,0.086382374,0
test,34,data_34.csv,persistent_leak,34_67_90,24,67,90,40200,54000,0,0.10500919,0
test,34,data_34.csv,persistent_leak,34_68_91,24,68,91,40800,54600,0,0.0687843,0
test,34,data_34.csv,persistent_leak,34_69_92,24,69,92,41400,55200,0,0.14516336,0
test,34,data_34.csv,persistent_leak,34_70_93,24,70,93,42000,55800,0,0.21444061,0
test,34,data_34.csv,persistent_leak,34_71_94,24,71,94,42600,56400,0,0.2765929,0
test,34,data_34.csv,persistent_leak,34_72_95,24,72,95,43200,57000,0,0.26083493,0
test,34,data_34.csv,persistent_leak,34_73_96,24,73,96,43800,57600,0,0.24153464,0
test,34,data_34.csv,persistent_leak,34_74_97,24,74,97,44400,58200,0,0.20874524,0
test,34,data_34.csv,persistent_leak,34_75_98,24,75,98,45000,58800,0,0.20698777,0
test,34,data_34.csv,persistent_leak,34_76_99,24,76,99,45600,59400,0,0.2267704,0
test,34,data_34.csv,persistent_leak,34_77_100,24,77,100,46200,60000,0,0.31846872,0
test,34,data_34.csv,persistent_leak,34_78_101,24,78,101,46800,60600,0,0.4254208,0
test,34,data_34.csv,persistent_leak,34_79_102,24,79,102,47400,61200,0,0.49796447,0
test,34,data_34.csv,persistent_leak,34_80_103,24,80,103,48000,61800,0,0.572376,0
test,34,data_34.csv,persistent_leak,34_81_104,24,81,104,48600,62400,0,0.64598227,0
test,34,data_34.csv,persistent_leak,34_82_105,24,82,105,49200,63000,0,0.73545426,0
test,34,data_34.csv,persistent_leak,34_83_106,24,83,106,49800,63600,0,0.77937764,1
test,34,data_34.csv,persistent_leak,34_84_107,24,84,107,50400,64200,0,0.7241158,0
test,34,data_34.csv,persistent_leak,34_85_108,24,85,108,51000,64800,0,0.6779499,0
test,34,data_34.csv,persistent_leak,34_86_109,24,86,109,51600,65400,0,0.5506038,0
test,34,data_34.csv,persistent_leak,34_87_110,24,87,110,52200,66000,0,0.46580666,0
test,34,data_34.csv,persistent_leak,34_88_111,24,88,111,52800,66600,0,0.4134237,0
test,34,data_34.csv,persistent_leak,34_89_112,24,89,112,53400,67200,0,0.3462542,0
test,34,data_34.csv,persistent_leak,34_90_113,24,90,113,54000,67800,0,0.22300951,0
test,34,data_34.csv,persistent_leak,34_91_114,24,91,114,54600,68400,0,0.09051515,0
test,34,data_34.csv,persistent_leak,34_92_115,24,92,115,55200,69000,0,0.047333337,0
test,34,data_34.csv,persistent_leak,34_93_116,24,93,116,55800,69600,0,0.028414175,0
test,34,data_34.csv,persistent_leak,34_94_117,24,94,117,56400,70200,0,0.025565242,0
test,34,data_34.csv,persistent_leak,34_95_118,24,95,118,57000,70800,0,0.020594658,0
test,34,data_34.csv,persistent_leak,34_96_119,24,96,119,57600,71400,0,0.018195087,0
test,34,data_34.csv,persistent_leak,34_97_120,24,97,120,58200,72000,0,0.008757888,0
test,34,data_34.csv,persistent_leak,34_98_121,24,98,121,58800,72600,0,0.0012893289,0
test,34,data_34.csv,persistent_leak,34_99_122,24,99,122,59400,73200,0,0.00034101403,0
test,34,data_34.csv,persistent_leak,34_100_123,24,100,123,60000,73800,0,0.00017771462,0
test,34,data_34.csv,persistent_leak,34_101_124,24,101,124,60600,74400,0,0.00014965492,0
test,34,data_34.csv,persistent_leak,34_102_125,24,102,125,61200,75000,0,0.00019699616,0
test,34,data_34.csv,persistent_leak,34_103_126,24,103,126,61800,75600,0,0.000228285,0
test,34,data_34.csv,persistent_leak,34_104_127,24,104,127,62400,76200,0,2.3841108e-06,0
test,34,data_34.csv,persistent_leak,34_105_128,24,105,128,63000,76800,0,5.2932535e-07,0
test,34,data_34.csv,persistent_leak,34_106_129,24,106,129,63600,77400,0,2.3796852e-07,0
test,34,data_34.csv,persistent_leak,34_107_130,24,107,130,64200,78000,0,2.3951836e-07,0
test,34,data_34.csv,persistent_leak,34_108_131,24,108,131,64800,78600,0,5.4850074e-07,0
test,34,data_34.csv,persistent_leak,34_109_132,24,109,132,65400,79200,0,6.651547e-07,0
test,34,data_34.csv,persistent_leak,34_110_133,24,110,133,66000,79800,0,8.33793e-08,0
test,34,data_34.csv,persistent_leak,34_111_134,24,111,134,66600,80400,0,5.3907808e-08,0
test,34,data_34.csv,persistent_leak,34_112_135,24,112,135,67200,81000,0,2.8441466e-08,0
test,34,data_34.csv,persistent_leak,34_113_136,24,113,136,67800,81600,0,7.655734e-09,0
test,34,data_34.csv,persistent_leak,34_114_137,24,114,137,68400,82200,0,2.9613263e-09,0
test,34,data_34.csv,persistent_leak,34_115_138,24,115,138,69000,82800,0,4.6768556e-10,0
test,34,data_34.csv,persistent_leak,34_116_139,24,116,139,69600,83400,0,1.2115689e-10,0
test,34,data_34.csv,persistent_leak,34_117_140,24,117,140,70200,84000,0,5.9025305e-11,0
test,34,data_34.csv,persistent_leak,34_118_141,24,118,141,70800,84600,0,1.037775e-11,0
test,34,data_34.csv,persistent_leak,34_119_142,24,119,142,71400,85200,0,8.777844e-13,0
test,34,data_34.csv,persistent_leak,34_120_143,24,120,143,72000,85800,0,4.8738855e-14,0
test,34,data_34.csv,persistent_leak,34_121_144,24,121,144,72600,86400,0,9.479668e-15,0
test,41,data_41.csv,persistent_leak,41_0_23,24,0,23,0,13800,1,0.7376964,0
test,41,data_41.csv,persistent_leak,41_1_24,24,1,24,600,14400,1,0.7935174,1
test,41,data_41.csv,persistent_leak,41_2_25,24,2,25,1200,15000,1,0.85252994,1
test,41,data_41.csv,persistent_leak,41_3_26,24,3,26,1800,15600,1,0.8866603,1
test,41,data_41.csv,persistent_leak,41_4_27,24,4,27,2400,16200,1,0.900717,1
test,41,data_41.csv,persistent_leak,41_5_28,24,5,28,3000,16800,1,0.91366804,1
test,41,data_41.csv,persistent_leak,41_6_29,24,6,29,3600,17400,1,0.91716635,1
test,41,data_41.csv,persistent_leak,41_7_30,24,7,30,4200,18000,1,0.89894164,1
test,41,data_41.csv,persistent_leak,41_8_31,24,8,31,4800,18600,1,0.8568243,1
test,41,data_41.csv,persistent_leak,41_9_32,24,9,32,5400,19200,1,0.83438814,1
test,41,data_41.csv,persistent_leak,41_10_33,24,10,33,6000,19800,1,0.78633845,1
test,41,data_41.csv,persistent_leak,41_11_34,24,11,34,6600,20400,1,0.7974745,1
test,41,data_41.csv,persistent_leak,41_12_35,24,12,35,7200,21000,1,0.75325274,1
test,41,data_41.csv,persistent_leak,41_13_36,24,13,36,7800,21600,1,0.7926832,1
test,41,data_41.csv,persistent_leak,41_14_37,24,14,37,8400,22200,1,0.68996906,0
test,41,data_41.csv,persistent_leak,41_15_38,24,15,38,9000,22800,1,0.60191023,0
test,41,data_41.csv,persistent_leak,41_16_39,24,16,39,9600,23400,1,0.588928,0
test,41,data_41.csv,persistent_leak,41_17_40,24,17,40,10200,24000,1,0.41097707,0
test,41,data_41.csv,persistent_leak,41_18_41,24,18,41,10800,24600,1,0.21678297,0
test,41,data_41.csv,persistent_leak,41_19_42,24,19,42,11400,25200,1,0.4906723,0
test,41,data_41.csv,persistent_leak,41_20_43,24,20,43,12000,25800,1,0.59459126,0
test,41,data_41.csv,persistent_leak,41_21_44,24,21,44,12600,26400,1,0.5192795,0
test,41,data_41.csv,persistent_leak,41_22_45,24,22,45,13200,27000,1,0.57846093,0
test,41,data_41.csv,persistent_leak,41_23_46,24,23,46,13800,27600,1,0.5470449,0
test,41,data_41.csv,persistent_leak,41_24_47,24,24,47,14400,28200,1,0.5662256,0
test,41,data_41.csv,persistent_leak,41_25_48,24,25,48,15000,28800,1,0.8836497,1
test,41,data_41.csv,persistent_leak,41_26_49,24,26,49,15600,29400,1,0.9040806,1
test,41,data_41.csv,persistent_leak,41_27_50,24,27,50,16200,30000,1,0.894659,1
test,41,data_41.csv,persistent_leak,41_28_51,24,28,51,16800,30600,1,0.87985134,1
test,41,data_41.csv,persistent_leak,41_29_52,24,29,52,17400,31200,1,0.8929868,1
test,41,data_41.csv,persistent_leak,41_30_53,24,30,53,18000,31800,1,0.8918415,1
test,41,data_41.csv,persistent_leak,41_31_54,24,31,54,18600,32400,1,0.9071866,1
test,41,data_41.csv,persistent_leak,41_32_55,24,32,55,19200,33000,1,0.8980147,1
test,41,data_41.csv,persistent_leak,41_33_56,24,33,56,19800,33600,1,0.85503983,1
test,41,data_41.csv,persistent_leak,41_34_57,24,34,57,20400,34200,1,0.8145509,1
test,41,data_41.csv,persistent_leak,41_35_58,24,35,58,21000,34800,1,0.81705767,1
test,41,data_41.csv,persistent_leak,41_36_59,24,36,59,21600,35400,1,0.7709773,1
test,41,data_41.csv,persistent_leak,41_37_60,24,37,60,22200,36000,1,0.8891345,1
test,41,data_41.csv,persistent_leak,41_38_61,24,38,61,22800,36600,1,0.9169566,1
test,41,data_41.csv,persistent_leak,41_39_62,24,39,62,23400,37200,1,0.9073418,1
test,41,data_41.csv,persistent_leak,41_40_63,24,40,63,24000,37800,1,0.9029539,1
test,41,data_41.csv,persistent_leak,41_41_64,24,41,64,24600,38400,1,0.90872747,1
test,41,data_41.csv,persistent_leak,41_42_65,24,42,65,25200,39000,1,0.9252839,1
test,41,data_41.csv,persistent_leak,41_43_66,24,43,66,25800,39600,1,0.9772708,1
test,41,data_41.csv,persistent_leak,41_44_67,24,44,67,26400,40200,1,0.9848077,1
test,41,data_41.csv,persistent_leak,41_45_68,24,45,68,27000,40800,1,0.9843024,1
test,41,data_41.csv,persistent_leak,41_46_69,24,46,69,27600,41400,1,0.98553026,1
test,41,data_41.csv,persistent_leak,41_47_70,24,47,70,28200,42000,1,0.9884979,1
test,41,data_41.csv,persistent_leak,41_48_71,24,48,71,28800,42600,1,0.99172115,1
test,41,data_41.csv,persistent_leak,41_49_72,24,49,72,29400,43200,1,0.9924084,1
test,41,data_41.csv,persistent_leak,41_50_73,24,50,73,30000,43800,1,0.9917672,1
test,41,data_41.csv,persistent_leak,41_51_74,24,51,74,30600,44400,1,0.990615,1
test,41,data_41.csv,persistent_leak,41_52_75,24,52,75,31200,45000,1,0.9896243,1
test,41,data_41.csv,persistent_leak,41_53_76,24,53,76,31800,45600,1,0.9907624,1
test,41,data_41.csv,persistent_leak,41_54_77,24,54,77,32400,46200,1,0.9896423,1
test,41,data_41.csv,persistent_leak,41_55_78,24,55,78,33000,46800,1,0.9828226,1
test,41,data_41.csv,persistent_leak,41_56_79,24,56,79,33600,47400,1,0.9753889,1
test,41,data_41.csv,persistent_leak,41_57_80,24,57,80,34200,48000,1,0.9717988,1
test,41,data_41.csv,persistent_leak,41_58_81,24,58,81,34800,48600,1,0.9663055,1
test,41,data_41.csv,persistent_leak,41_59_82,24,59,82,35400,49200,1,0.9694266,1
test,41,data_41.csv,persistent_leak,41_60_83,24,60,83,36000,49800,1,0.97131395,1
test,41,data_41.csv,persistent_leak,41_61_84,24,61,84,36600,50400,1,0.9288132,1
test,41,data_41.csv,persistent_leak,41_62_85,24,62,85,37200,51000,1,0.9202312,1
test,41,data_41.csv,persistent_leak,41_63_86,24,63,86,37800,51600,1,0.95689875,1
test,41,data_41.csv,persistent_leak,41_64_87,24,64,87,38400,52200,1,0.97231424,1
test,41,data_41.csv,persistent_leak,41_65_88,24,65,88,39000,52800,1,0.98672533,1
test,41,data_41.csv,persistent_leak,41_66_89,24,66,89,39600,53400,1,0.9936373,1
test,41,data_41.csv,persistent_leak,41_67_90,24,67,90,40200,54000,1,0.994866,1
test,41,data_41.csv,persistent_leak,41_68_91,24,68,91,40800,54600,1,0.9945973,1
test,41,data_41.csv,persistent_leak,41_69_92,24,69,92,41400,55200,1,0.9960736,1
test,41,data_41.csv,persistent_leak,41_70_93,24,70,93,42000,55800,1,0.9967225,1
test,41,data_41.csv,persistent_leak,41_71_94,24,71,94,42600,56400,1,0.997615,1
test,41,data_41.csv,persistent_leak,41_72_95,24,72,95,43200,57000,1,0.9976828,1
test,41,data_41.csv,persistent_leak,41_73_96,24,73,96,43800,57600,1,0.9974529,1
test,41,data_41.csv,persistent_leak,41_74_97,24,74,97,44400,58200,1,0.99657685,1
test,41,data_41.csv,persistent_leak,41_75_98,24,75,98,45000,58800,1,0.9952319,1
test,41,data_41.csv,persistent_leak,41_76_99,24,76,99,45600,59400,1,0.99481237,1
test,41,data_41.csv,persistent_leak,41_77_100,24,77,100,46200,60000,1,0.9925,1
test,41,data_41.csv,persistent_leak,41_78_101,24,78,101,46800,60600,1,0.98873234,1
test,41,data_41.csv,persistent_leak,41_79_102,24,79,102,47400,61200,1,0.9839739,1
test,41,data_41.csv,persistent_leak,41_80_103,24,80,103,48000,61800,1,0.97853744,1
test,41,data_41.csv,persistent_leak,41_81_104,24,81,104,48600,62400,1,0.9626948,1
test,41,data_41.csv,persistent_leak,41_82_105,24,82,105,49200,63000,1,0.9524347,1
test,41,data_41.csv,persistent_leak,41_83_106,24,83,106,49800,63600,1,0.9142343,1
test,41,data_41.csv,persistent_leak,41_84_107,24,84,107,50400,64200,1,0.84402215,1
test,41,data_41.csv,persistent_leak,41_85_108,24,85,108,51000,64800,1,0.94925123,1
test,41,data_41.csv,persistent_leak,41_86_109,24,86,109,51600,65400,1,0.9700464,1
test,41,data_41.csv,persistent_leak,41_87_110,24,87,110,52200,66000,1,0.9713,1
test,41,data_41.csv,persistent_leak,41_88_111,24,88,111,52800,66600,1,0.9731516,1
test,41,data_41.csv,persistent_leak,41_89_112,24,89,112,53400,67200,1,0.9694513,1
test,41,data_41.csv,persistent_leak,41_90_113,24,90,113,54000,67800,1,0.96119213,1
test,41,data_41.csv,persistent_leak,41_91_114,24,91,114,54600,68400,1,0.93812567,1
test,41,data_41.csv,persistent_leak,41_92_115,24,92,115,55200,69000,1,0.9164758,1
test,41,data_41.csv,persistent_leak,41_93_116,24,93,116,55800,69600,1,0.908671,1
test,41,data_41.csv,persistent_leak,41_94_117,24,94,117,56400,70200,1,0.88924354,1
test,41,data_41.csv,persistent_leak,41_95_118,24,95,118,57000,70800,1,0.895503,1
test,41,data_41.csv,persistent_leak,41_96_119,24,96,119,57600,71400,1,0.88865083,1
test,41,data_41.csv,persistent_leak,41_97_120,24,97,120,58200,72000,1,0.8540666,1
test,41,data_41.csv,persistent_leak,41_98_121,24,98,121,58800,72600,1,0.8306254,1
test,41,data_41.csv,persistent_leak,41_99_122,24,99,122,59400,73200,1,0.8239947,1
test,41,data_41.csv,persistent_leak,41_100_123,24,100,123,60000,73800,1,0.80261433,1
test,41,data_41.csv,persistent_leak,41_101_124,24,101,124,60600,74400,1,0.8140301,1
test,41,data_41.csv,persistent_leak,41_102_125,24,102,125,61200,75000,1,0.82950604,1
test,41,data_41.csv,persistent_leak,41_103_126,24,103,126,61800,75600,1,0.88937736,1
test,41,data_41.csv,persistent_leak,41_104_127,24,104,127,62400,76200,1,0.9284309,1
test,41,data_41.csv,persistent_leak,41_105_128,24,105,128,63000,76800,1,0.94101137,1
test,41,data_41.csv,persistent_leak,41_106_129,24,106,129,63600,77400,1,0.9495853,1
test,41,data_41.csv,persistent_leak,41_107_130,24,107,130,64200,78000,1,0.97167295,1
test,41,data_41.csv,persistent_leak,41_108_131,24,108,131,64800,78600,1,0.9841771,1
test,41,data_41.csv,persistent_leak,41_109_132,24,109,132,65400,79200,1,0.97117686,1
test,41,data_41.csv,persistent_leak,41_110_133,24,110,133,66000,79800,1,0.9389929,1
test,41,data_41.csv,persistent_leak,41_111_134,24,111,134,66600,80400,1,0.9328028,1
test,41,data_41.csv,persistent_leak,41_112_135,24,112,135,67200,81000,1,0.93977326,1
test,41,data_41.csv,persistent_leak,41_113_136,24,113,136,67800,81600,1,0.926495,1
test,41,data_41.csv,persistent_leak,41_114_137,24,114,137,68400,82200,1,0.91832966,1
test,41,data_41.csv,persistent_leak,41_115_138,24,115,138,69000,82800,1,0.9074838,1
test,41,data_41.csv,persistent_leak,41_116_139,24,116,139,69600,83400,1,0.87930614,1
test,41,data_41.csv,persistent_leak,41_117_140,24,117,140,70200,84000,1,0.8932339,1
test,41,data_41.csv,persistent_leak,41_118_141,24,118,141,70800,84600,1,0.84219295,1
test,41,data_41.csv,persistent_leak,41_119_142,24,119,142,71400,85200,1,0.8576305,1
test,41,data_41.csv,persistent_leak,41_120_143,24,120,143,72000,85800,1,0.7729122,1
test,41,data_41.csv,persistent_leak,41_121_144,24,121,144,72600,86400,1,0.88230497,1
test,42,data_42.csv,persistent_leak,42_0_23,24,0,23,0,13800,1,0.9061311,1
test,42,data_42.csv,persistent_leak,42_1_24,24,1,24,600,14400,1,0.9072355,1
test,42,data_42.csv,persistent_leak,42_2_25,24,2,25,1200,15000,1,0.90625155,1
test,42,data_42.csv,persistent_leak,42_3_26,24,3,26,1800,15600,1,0.892955,1
test,42,data_42.csv,persistent_leak,42_4_27,24,4,27,2400,16200,1,0.88758487,1
test,42,data_42.csv,persistent_leak,42_5_28,24,5,28,3000,16800,1,0.8770027,1
test,42,data_42.csv,persistent_leak,42_6_29,24,6,29,3600,17400,1,0.86298203,1
test,42,data_42.csv,persistent_leak,42_7_30,24,7,30,4200,18000,1,0.86734545,1
test,42,data_42.csv,persistent_leak,42_8_31,24,8,31,4800,18600,1,0.8678944,1
test,42,data_42.csv,persistent_leak,42_9_32,24,9,32,5400,19200,1,0.84827805,1
test,42,data_42.csv,persistent_leak,42_10_33,24,10,33,6000,19800,1,0.8308321,1
test,42,data_42.csv,persistent_leak,42_11_34,24,11,34,6600,20400,1,0.79972863,1
test,42,data_42.csv,persistent_leak,42_12_35,24,12,35,7200,21000,1,0.7641457,1
test,42,data_42.csv,persistent_leak,42_13_36,24,13,36,7800,21600,1,0.7342326,0
test,42,data_42.csv,persistent_leak,42_14_37,24,14,37,8400,22200,1,0.71034616,0
test,42,data_42.csv,persistent_leak,42_15_38,24,15,38,9000,22800,1,0.6677974,0
test,42,data_42.csv,persistent_leak,42_16_39,24,16,39,9600,23400,1,0.639499,0
test,42,data_42.csv,persistent_leak,42_17_40,24,17,40,10200,24000,1,0.5933636,0
test,42,data_42.csv,persistent_leak,42_18_41,24,18,41,10800,24600,1,0.5340831,0
test,42,data_42.csv,persistent_leak,42_19_42,24,19,42,11400,25200,1,0.5311682,0
test,42,data_42.csv,persistent_leak,42_20_43,24,20,43,12000,25800,1,0.52186614,0
test,42,data_42.csv,persistent_leak,42_21_44,24,21,44,12600,26400,1,0.47466916,0
test,42,data_42.csv,persistent_leak,42_22_45,24,22,45,13200,27000,1,0.43348333,0
test,42,data_42.csv,persistent_leak,42_23_46,24,23,46,13800,27600,1,0.36624795,0
test,42,data_42.csv,persistent_leak,42_24_47,24,24,47,14400,28200,1,0.28822383,0
test,42,data_42.csv,persistent_leak,42_25_48,24,25,48,15000,28800,1,0.27805892,0
test,42,data_42.csv,persistent_leak,42_26_49,24,26,49,15600,29400,1,0.26415297,0
test,42,data_42.csv,persistent_leak,42_27_50,24,27,50,16200,30000,1,0.22688325,0
test,42,data_42.csv,persistent_leak,42_28_51,24,28,51,16800,30600,1,0.20896265,0
test,42,data_42.csv,persistent_leak,42_29_52,24,29,52,17400,31200,1,0.17983527,0
test,42,data_42.csv,persistent_leak,42_30_53,24,30,53,18000,31800,1,0.14460228,0
test,42,data_42.csv,persistent_leak,42_31_54,24,31,54,18600,32400,1,0.19856113,0
test,42,data_42.csv,persistent_leak,42_32_55,24,32,55,19200,33000,1,0.27768064,0
test,42,data_42.csv,persistent_leak,42_33_56,24,33,56,19800,33600,1,0.27818555,0
test,42,data_42.csv,persistent_leak,42_34_57,24,34,57,20400,34200,1,0.2929728,0
test,42,data_42.csv,persistent_leak,42_35_58,24,35,58,21000,34800,1,0.2705249,0
test,42,data_42.csv,persistent_leak,42_36_59,24,36,59,21600,35400,1,0.2599541,0
test,42,data_42.csv,persistent_leak,42_37_60,24,37,60,22200,36000,1,0.7853724,1
test,42,data_42.csv,persistent_leak,42_38_61,24,38,61,22800,36600,1,0.8807844,1
test,42,data_42.csv,persistent_leak,42_39_62,24,39,62,23400,37200,1,0.8761749,1
test,42,data_42.csv,persistent_leak,42_40_63,24,40,63,24000,37800,1,0.8818069,1
test,42,data_42.csv,persistent_leak,42_41_64,24,41,64,24600,38400,1,0.89551514,1
test,42,data_42.csv,persistent_leak,42_42_65,24,42,65,25200,39000,1,0.9029567,1
test,42,data_42.csv,persistent_leak,42_43_66,24,43,66,25800,39600,1,0.94927067,1
test,42,data_42.csv,persistent_leak,42_44_67,24,44,67,26400,40200,1,0.9536396,1
test,42,data_42.csv,persistent_leak,42_45_68,24,45,68,27000,40800,1,0.9441182,1
test,42,data_42.csv,persistent_leak,42_46_69,24,46,69,27600,41400,1,0.9281636,1
test,42,data_42.csv,persistent_leak,42_47_70,24,47,70,28200,42000,1,0.93159294,1
test,42,data_42.csv,persistent_leak,42_48_71,24,48,71,28800,42600,1,0.9076852,1
test,42,data_42.csv,persistent_leak,42_49_72,24,49,72,29400,43200,1,0.8962127,1
test,42,data_42.csv,persistent_leak,42_50_73,24,50,73,30000,43800,1,0.8748215,1
test,42,data_42.csv,persistent_leak,42_51_74,24,51,74,30600,44400,1,0.84954983,1
test,42,data_42.csv,persistent_leak,42_52_75,24,52,75,31200,45000,1,0.8224109,1
test,42,data_42.csv,persistent_leak,42_53_76,24,53,76,31800,45600,1,0.81918013,1
test,42,data_42.csv,persistent_leak,42_54_77,24,54,77,32400,46200,1,0.8065011,1
test,42,data_42.csv,persistent_leak,42_55_78,24,55,78,33000,46800,1,0.8093563,1
test,42,data_42.csv,persistent_leak,42_56_79,24,56,79,33600,47400,1,0.79689693,1
test,42,data_42.csv,persistent_leak,42_57_80,24,57,80,34200,48000,1,0.7764057,1
test,42,data_42.csv,persistent_leak,42_58_81,24,58,81,34800,48600,1,0.7714214,1
test,42,data_42.csv,persistent_leak,42_59_82,24,59,82,35400,49200,1,0.78560734,1
test,42,data_42.csv,persistent_leak,42_60_83,24,60,83,36000,49800,1,0.82441205,1
test,42,data_42.csv,persistent_leak,42_61_84,24,61,84,36600,50400,1,0.7757804,1
test,42,data_42.csv,persistent_leak,42_62_85,24,62,85,37200,51000,1,0.74862826,0
test,42,data_42.csv,persistent_leak,42_63_86,24,63,86,37800,51600,1,0.773814,1
test,42,data_42.csv,persistent_leak,42_64_87,24,64,87,38400,52200,1,0.80677384,1
test,42,data_42.csv,persistent_leak,42_65_88,24,65,88,39000,52800,1,0.8598866,1
test,42,data_42.csv,persistent_leak,42_66_89,24,66,89,39600,53400,1,0.9004317,1
test,42,data_42.csv,persistent_leak,42_67_90,24,67,90,40200,54000,1,0.90265757,1
test,42,data_42.csv,persistent_leak,42_68_91,24,68,91,40800,54600,1,0.90029997,1
test,42,data_42.csv,persistent_leak,42_69_92,24,69,92,41400,55200,1,0.9080982,1
test,42,data_42.csv,persistent_leak,42_70_93,24,70,93,42000,55800,1,0.91187185,1
test,42,data_42.csv,persistent_leak,42_71_94,24,71,94,42600,56400,1,0.918378,1
test,42,data_42.csv,persistent_leak,42_72_95,24,72,95,43200,57000,1,0.91798466,1
test,42,data_42.csv,persistent_leak,42_73_96,24,73,96,43800,57600,1,0.9115472,1
test,42,data_42.csv,persistent_leak,42_74_97,24,74,97,44400,58200,1,0.90043294,1
test,42,data_42.csv,persistent_leak,42_75_98,24,75,98,45000,58800,1,0.9013642,1
test,42,data_42.csv,persistent_leak,42_76_99,24,76,99,45600,59400,1,0.90458417,1
test,42,data_42.csv,persistent_leak,42_77_100,24,77,100,46200,60000,1,0.8996788,1
test,42,data_42.csv,persistent_leak,42_78_101,24,78,101,46800,60600,1,0.89023787,1
test,42,data_42.csv,persistent_leak,42_79_102,24,79,102,47400,61200,1,0.87247753,1
test,42,data_42.csv,persistent_leak,42_80_103,24,80,103,48000,61800,1,0.85225374,1
test,42,data_42.csv,persistent_leak,42_81_104,24,81,104,48600,62400,1,0.838181,1
test,42,data_42.csv,persistent_leak,42_82_105,24,82,105,49200,63000,1,0.8288997,1
test,42,data_42.csv,persistent_leak,42_83_106,24,83,106,49800,63600,1,0.79207784,1
test,42,data_42.csv,persistent_leak,42_84_107,24,84,107,50400,64200,1,0.74458474,0
test,42,data_42.csv,persistent_leak,42_85_108,24,85,108,51000,64800,1,0.74736196,0
test,42,data_42.csv,persistent_leak,42_86_109,24,86,109,51600,65400,1,0.7502939,1
test,42,data_42.csv,persistent_leak,42_87_110,24,87,110,52200,66000,1,0.7359229,0
test,42,data_42.csv,persistent_leak,42_88_111,24,88,111,52800,66600,1,0.72299,0
test,42,data_42.csv,persistent_leak,42_89_112,24,89,112,53400,67200,1,0.698408,0
test,42,data_42.csv,persistent_leak,42_90_113,24,90,113,54000,67800,1,0.67259866,0
test,42,data_42.csv,persistent_leak,42_91_114,24,91,114,54600,68400,1,0.601037,0
test,42,data_42.csv,persistent_leak,42_92_115,24,92,115,55200,69000,1,0.53928405,0
test,42,data_42.csv,persistent_leak,42_93_116,24,93,116,55800,69600,1,0.5432155,0
test,42,data_42.csv,persistent_leak,42_94_117,24,94,117,56400,70200,1,0.55241877,0
test,42,data_42.csv,persistent_leak,42_95_118,24,95,118,57000,70800,1,0.5478694,0
test,42,data_42.csv,persistent_leak,42_96_119,24,96,119,57600,71400,1,0.5490258,0
test,42,data_42.csv,persistent_leak,42_97_120,24,97,120,58200,72000,1,0.55677164,0
test,42,data_42.csv,persistent_leak,42_98_121,24,98,121,58800,72600,1,0.5219811,0
test,42,data_42.csv,persistent_leak,42_99_122,24,99,122,59400,73200,1,0.57006484,0
test,42,data_42.csv,persistent_leak,42_100_123,24,100,123,60000,73800,1,0.5577165,0
test,42,data_42.csv,persistent_leak,42_101_124,24,101,124,60600,74400,1,0.61523414,0
test,42,data_42.csv,persistent_leak,42_102_125,24,102,125,61200,75000,1,0.6267621,0
test,42,data_42.csv,persistent_leak,42_103_126,24,103,126,61800,75600,1,0.66949165,0
test,42,data_42.csv,persistent_leak,42_104_127,24,104,127,62400,76200,1,0.6020819,0
test,42,data_42.csv,persistent_leak,42_105_128,24,105,128,63000,76800,1,0.66465235,0
test,42,data_42.csv,persistent_leak,42_106_129,24,106,129,63600,77400,1,0.70645857,0
test,42,data_42.csv,persistent_leak,42_107_130,24,107,130,64200,78000,1,0.81213915,1
test,42,data_42.csv,persistent_leak,42_108_131,24,108,131,64800,78600,1,0.8554879,1
test,42,data_42.csv,persistent_leak,42_109_132,24,109,132,65400,79200,1,0.82616967,1
test,42,data_42.csv,persistent_leak,42_110_133,24,110,133,66000,79800,1,0.7351769,0
test,42,data_42.csv,persistent_leak,42_111_134,24,111,134,66600,80400,1,0.71397907,0
test,42,data_42.csv,persistent_leak,42_112_135,24,112,135,67200,81000,1,0.7149884,0
test,42,data_42.csv,persistent_leak,42_113_136,24,113,136,67800,81600,1,0.72202414,0
test,42,data_42.csv,persistent_leak,42_114_137,24,114,137,68400,82200,1,0.6843576,0
test,42,data_42.csv,persistent_leak,42_115_138,24,115,138,69000,82800,1,0.6767256,0
test,42,data_42.csv,persistent_leak,42_116_139,24,116,139,69600,83400,1,0.60473156,0
test,42,data_42.csv,persistent_leak,42_117_140,24,117,140,70200,84000,1,0.54263353,0
test,42,data_42.csv,persistent_leak,42_118_141,24,118,141,70800,84600,1,0.5271275,0
test,42,data_42.csv,persistent_leak,42_119_142,24,119,142,71400,85200,1,0.44909382,0
test,42,data_42.csv,persistent_leak,42_120_143,24,120,143,72000,85800,1,0.35257357,0
test,42,data_42.csv,persistent_leak,42_121_144,24,121,144,72600,86400,1,0.31379846,0
test,46,data_46.csv,onset_leak,46_0_23,24,0,23,0,13800,0,9.218546e-24,0
test,46,data_46.csv,onset_leak,46_1_24,24,1,24,600,14400,0,1.5591624e-23,0
test,46,data_46.csv,onset_leak,46_2_25,24,2,25,1200,15000,0,4.5332192e-23,0
test,46,data_46.csv,onset_leak,46_3_26,24,3,26,1800,15600,0,7.7438985e-23,0
test,46,data_46.csv,onset_leak,46_4_27,24,4,27,2400,16200,0,6.057146e-23,0
test,46,data_46.csv,onset_leak,46_5_28,24,5,28,3000,16800,0,6.4702693e-23,0
test,46,data_46.csv,onset_leak,46_6_29,24,6,29,3600,17400,0,4.7271997e-23,0
test,46,data_46.csv,onset_leak,46_7_30,24,7,30,4200,18000,0,1.1207762e-22,0
test,46,data_46.csv,onset_leak,46_8_31,24,8,31,4800,18600,0,4.458839e-22,0
test,46,data_46.csv,onset_leak,46_9_32,24,9,32,5400,19200,0,1.0281256e-21,0
test,46,data_46.csv,onset_leak,46_10_33,24,10,33,6000,19800,0,9.278497e-22,0
test,46,data_46.csv,onset_leak,46_11_34,24,11,34,6600,20400,0,1.3544236e-21,0
test,46,data_46.csv,onset_leak,46_12_35,24,12,35,7200,21000,0,1.9322709e-21,0
test,46,data_46.csv,onset_leak,46_13_36,24,13,36,7800,21600,0,6.679817e-21,0
test,46,data_46.csv,onset_leak,46_14_37,24,14,37,8400,22200,0,1.4930301e-20,0
test,46,data_46.csv,onset_leak,46_15_38,24,15,38,9000,22800,0,2.3912221e-20,0
test,46,data_46.csv,onset_leak,46_16_39,24,16,39,9600,23400,0,3.6517736e-20,0
test,46,data_46.csv,onset_leak,46_17_40,24,17,40,10200,24000,0,6.640364e-20,0
test,46,data_46.csv,onset_leak,46_18_41,24,18,41,10800,24600,0,1.07718406e-19,0
test,46,data_46.csv,onset_leak,46_19_42,24,19,42,11400,25200,0,4.8950305e-19,0
test,46,data_46.csv,onset_leak,46_20_43,24,20,43,12000,25800,0,1.1197572e-18,0
test,46,data_46.csv,onset_leak,46_21_44,24,21,44,12600,26400,0,2.3573692e-18,0
test,46,data_46.csv,onset_leak,46_22_45,24,22,45,13200,27000,0,6.9764595e-18,0
test,46,data_46.csv,onset_leak,46_23_46,24,23,46,13800,27600,0,2.437542e-17,0
test,46,data_46.csv,onset_leak,46_24_47,24,24,47,14400,28200,0,9.467335e-17,0
test,46,data_46.csv,onset_leak,46_25_48,24,25,48,15000,28800,0,3.8474685e-16,0
test,46,data_46.csv,onset_leak,46_26_49,24,26,49,15600,29400,0,1.3443079e-15,0
test,46,data_46.csv,onset_leak,46_27_50,24,27,50,16200,30000,0,3.944635e-15,0
test,46,data_46.csv,onset_leak,46_28_51,24,28,51,16800,30600,0,9.7920465e-15,0
test,46,data_46.csv,onset_leak,46_29_52,24,29,52,17400,31200,0,3.6574524e-14,0
test,46,data_46.csv,onset_leak,46_30_53,24,30,53,18000,31800,0,1.6887616e-13,0
test,46,data_46.csv,onset_leak,46_31_54,24,31,54,18600,32400,0,2.587288e-13,0
test,46,data_46.csv,onset_leak,46_32_55,24,32,55,19200,33000,0,3.1740469e-13,0
test,46,data_46.csv,onset_leak,46_33_56,24,33,56,19800,33600,0,4.3875136e-13,0
test,46,data_46.csv,onset_leak,46_34_57,24,34,57,20400,34200,0,7.338431e-13,0
test,46,data_46.csv,onset_leak,46_35_58,24,35,58,21000,34800,0,1.4309041e-12,0
test,46,data_46.csv,onset_leak,46_36_59,24,36,59,21600,35400,0,4.253597e-12,0
test,46,data_46.csv,onset_leak,46_37_60,24,37,60,22200,36000,0,6.179809e-11,0
test,46,data_46.csv,onset_leak,46_38_61,24,38,61,22800,36600,0,7.461018e-10,0
test,46,data_46.csv,onset_leak,46_39_62,24,39,62,23400,37200,0,2.9965652e-09,0
test,46,data_46.csv,onset_leak,46_40_63,24,40,63,24000,37800,0,5.173099e-09,0
test,46,data_46.csv,onset_leak,46_41_64,24,41,64,24600,38400,0,1.6744513e-08,0
test,46,data_46.csv,onset_leak,46_42_65,24,42,65,25200,39000,0,1.756387e-08,0
test,46,data_46.csv,onset_leak,46_43_66,24,43,66,25800,39600,0,1.0092629e-07,0
test,46,data_46.csv,onset_leak,46_44_67,24,44,67,26400,40200,0,1.4333058e-07,0
test,46,data_46.csv,onset_leak,46_45_68,24,45,68,27000,40800,0,2.0663315e-07,0
test,46,data_46.csv,onset_leak,46_46_69,24,46,69,27600,41400,0,2.5894082e-07,0
test,46,data_46.csv,onset_leak,46_47_70,24,47,70,28200,42000,0,8.121379e-07,0
test,46,data_46.csv,onset_leak,46_48_71,24,48,71,28800,42600,0,4.1023914e-06,0
test,46,data_46.csv,onset_leak,46_49_72,24,49,72,29400,43200,1,0.51814866,0
test,46,data_46.csv,onset_leak,46_50_73,24,50,73,30000,43800,1,0.91864985,1
test,46,data_46.csv,onset_leak,46_51_74,24,51,74,30600,44400,1,0.88834906,1
test,46,data_46.csv,onset_leak,46_52_75,24,52,75,31200,45000,1,0.8355321,1
test,46,data_46.csv,onset_leak,46_53_76,24,53,76,31800,45600,1,0.86717665,1
test,46,data_46.csv,onset_leak,46_54_77,24,54,77,32400,46200,1,0.78084916,1
test,46,data_46.csv,onset_leak,46_55_78,24,55,78,33000,46800,1,0.71404755,0
test,46,data_46.csv,onset_leak,46_56_79,24,56,79,33600,47400,1,0.19380042,0
test,46,data_46.csv,onset_leak,46_57_80,24,57,80,34200,48000,1,0.12630078,0
test,46,data_46.csv,onset_leak,46_58_81,24,58,81,34800,48600,1,0.111378595,0
test,46,data_46.csv,onset_leak,46_59_82,24,59,82,35400,49200,1,0.41430306,0
test,46,data_46.csv,onset_leak,46_60_83,24,60,83,36000,49800,1,0.78567547,1
test,46,data_46.csv,onset_leak,46_61_84,24,61,84,36600,50400,1,0.98124564,1
test,46,data_46.csv,onset_leak,46_62_85,24,62,85,37200,51000,1,0.9857778,1
test,46,data_46.csv,onset_leak,46_63_86,24,63,86,37800,51600,1,0.9787323,1
test,46,data_46.csv,onset_leak,46_64_87,24,64,87,38400,52200,1,0.9674915,1
test,46,data_46.csv,onset_leak,46_65_88,24,65,88,39000,52800,1,0.9485755,1
test,46,data_46.csv,onset_leak,46_66_89,24,66,89,39600,53400,1,0.94560283,1
test,46,data_46.csv,onset_leak,46_67_90,24,67,90,40200,54000,1,0.9711572,1
test,46,data_46.csv,onset_leak,46_68_91,24,68,91,40800,54600,1,0.97524536,1
test,46,data_46.csv,onset_leak,46_69_92,24,69,92,41400,55200,1,0.96917444,1
test,46,data_46.csv,onset_leak,46_70_93,24,70,93,42000,55800,1,0.9694294,1
test,46,data_46.csv,onset_leak,46_71_94,24,71,94,42600,56400,1,0.97545797,1
test,46,data_46.csv,onset_leak,46_72_95,24,72,95,43200,57000,1,0.99175584,1
test,46,data_46.csv,onset_leak,46_73_96,24,73,96,43800,57600,1,0.99614954,1
test,46,data_46.csv,onset_leak,46_74_97,24,74,97,44400,58200,1,0.9971065,1
test,46,data_46.csv,onset_leak,46_75_98,24,75,98,45000,58800,1,0.99702424,1
test,46,data_46.csv,onset_leak,46_76_99,24,76,99,45600,59400,1,0.9971602,1
test,46,data_46.csv,onset_leak,46_77_100,24,77,100,46200,60000,1,0.9976949,1
test,46,data_46.csv,onset_leak,46_78_101,24,78,101,46800,60600,1,0.9978618,1
test,46,data_46.csv,onset_leak,46_79_102,24,79,102,47400,61200,1,0.9990816,1
test,46,data_46.csv,onset_leak,46_80_103,24,80,103,48000,61800,1,0.99933785,1
test,46,data_46.csv,onset_leak,46_81_104,24,81,104,48600,62400,1,0.999255,1
test,46,data_46.csv,onset_leak,46_82_105,24,82,105,49200,63000,1,0.9992667,1
test,46,data_46.csv,onset_leak,46_83_106,24,83,106,49800,63600,1,0.9993808,1
test,46,data_46.csv,onset_leak,46_84_107,24,84,107,50400,64200,1,0.99940085,1
test,46,data_46.csv,onset_leak,46_85_108,24,85,108,51000,64800,1,0.9994667,1
test,46,data_46.csv,onset_leak,46_86_109,24,86,109,51600,65400,1,0.9994654,1
test,46,data_46.csv,onset_leak,46_87_110,24,87,110,52200,66000,1,0.999479,1
test,46,data_46.csv,onset_leak,46_88_111,24,88,111,52800,66600,1,0.9994247,1
test,46,data_46.csv,onset_leak,46_89_112,24,89,112,53400,67200,1,0.99949074,1
test,46,data_46.csv,onset_leak,46_90_113,24,90,113,54000,67800,1,0.9995302,1
test,46,data_46.csv,onset_leak,46_91_114,24,91,114,54600,68400,1,0.99882585,1
test,46,data_46.csv,onset_leak,46_92_115,24,92,115,55200,69000,1,0.9981774,1
test,46,data_46.csv,onset_leak,46_93_116,24,93,116,55800,69600,1,0.9980977,1
test,46,data_46.csv,onset_leak,46_94_117,24,94,117,56400,70200,1,0.9973252,1
test,46,data_46.csv,onset_leak,46_95_118,24,95,118,57000,70800,1,0.9977557,1
test,46,data_46.csv,onset_leak,46_96_119,24,96,119,57600,71400,1,0.99794716,1
test,46,data_46.csv,onset_leak,46_97_120,24,97,120,58200,72000,1,0.99712783,1
test,46,data_46.csv,onset_leak,46_98_121,24,98,121,58800,72600,1,0.99695516,1
test,46,data_46.csv,onset_leak,46_99_122,24,99,122,59400,73200,1,0.9988232,1
test,46,data_46.csv,onset_leak,46_100_123,24,100,123,60000,73800,1,0.99929583,1
test,46,data_46.csv,onset_leak,46_101_124,24,101,124,60600,74400,1,0.9997017,1
test,46,data_46.csv,onset_leak,46_102_125,24,102,125,61200,75000,1,0.9998171,1
test,46,data_46.csv,onset_leak,46_103_126,24,103,126,61800,75600,1,0.9998437,1
test,46,data_46.csv,onset_leak,46_104_127,24,104,127,62400,76200,1,0.9997886,1
test,46,data_46.csv,onset_leak,46_105_128,24,105,128,63000,76800,1,0.99982965,1
test,46,data_46.csv,onset_leak,46_106_129,24,106,129,63600,77400,1,0.99985635,1
test,46,data_46.csv,onset_leak,46_107_130,24,107,130,64200,78000,1,0.99990904,1
test,46,data_46.csv,onset_leak,46_108_131,24,108,131,64800,78600,1,0.9999051,1
test,46,data_46.csv,onset_leak,46_109_132,24,109,132,65400,79200,1,0.9998616,1
test,46,data_46.csv,onset_leak,46_110_133,24,110,133,66000,79800,1,0.99961853,1
test,46,data_46.csv,onset_leak,46_111_134,24,111,134,66600,80400,1,0.99941516,1
test,46,data_46.csv,onset_leak,46_112_135,24,112,135,67200,81000,1,0.9994617,1
test,46,data_46.csv,onset_leak,46_113_136,24,113,136,67800,81600,1,0.9990312,1
test,46,data_46.csv,onset_leak,46_114_137,24,114,137,68400,82200,1,0.9978461,1
test,46,data_46.csv,onset_leak,46_115_138,24,115,138,69000,82800,1,0.9962716,1
test,46,data_46.csv,onset_leak,46_116_139,24,116,139,69600,83400,1,0.9924744,1
test,46,data_46.csv,onset_leak,46_117_140,24,117,140,70200,84000,1,0.9870724,1
test,46,data_46.csv,onset_leak,46_118_141,24,118,141,70800,84600,1,0.9864741,1
test,46,data_46.csv,onset_leak,46_119_142,24,119,142,71400,85200,1,0.9733715,1
test,46,data_46.csv,onset_leak,46_120_143,24,120,143,72000,85800,1,0.91465276,1
test,46,data_46.csv,onset_leak,46_121_144,24,121,144,72600,86400,1,0.7738955,1
test,48,data_48.csv,onset_leak,48_0_23,24,0,23,0,13800,0,1.23116795e-20,0
test,48,data_48.csv,onset_leak,48_1_24,24,1,24,600,14400,0,7.987652e-21,0
test,48,data_48.csv,onset_leak,48_2_25,24,2,25,1200,15000,0,6.2510964e-21,0
test,48,data_48.csv,onset_leak,48_3_26,24,3,26,1800,15600,0,4.7973632e-21,0
test,48,data_48.csv,onset_leak,48_4_27,24,4,27,2400,16200,0,3.3237714e-21,0
test,48,data_48.csv,onset_leak,48_5_28,24,5,28,3000,16800,0,2.1080001e-21,0
test,48,data_48.csv,onset_leak,48_6_29,24,6,29,3600,17400,0,1.182702e-21,0
test,48,data_48.csv,onset_leak,48_7_30,24,7,30,4200,18000,0,9.031188e-22,0
test,48,data_48.csv,onset_leak,48_8_31,24,8,31,4800,18600,0,8.1524647e-22,0
test,48,data_48.csv,onset_leak,48_9_32,24,9,32,5400,19200,0,6.952083e-22,0
test,48,data_48.csv,onset_leak,48_10_33,24,10,33,6000,19800,0,5.2271696e-22,0
test,48,data_48.csv,onset_leak,48_11_34,24,11,34,6600,20400,0,3.778499e-22,0
test,48,data_48.csv,onset_leak,48_12_35,24,12,35,7200,21000,0,2.472467e-22,0
test,48,data_48.csv,onset_leak,48_13_36,24,13,36,7800,21600,0,2.1780278e-22,0
test,48,data_48.csv,onset_leak,48_14_37,24,14,37,8400,22200,0,2.0777496e-22,0
test,48,data_48.csv,onset_leak,48_15_38,24,15,38,9000,22800,0,1.8865227e-22,0
test,48,data_48.csv,onset_leak,48_16_39,24,16,39,9600,23400,0,1.5928835e-22,0
test,48,data_48.csv,onset_leak,48_17_40,24,17,40,10200,24000,0,1.3113603e-22,0
test,48,data_48.csv,onset_leak,48_18_41,24,18,41,10800,24600,0,1.0107618e-22,0
test,48,data_48.csv,onset_leak,48_19_42,24,19,42,11400,25200,0,9.882443e-23,0
test,48,data_48.csv,onset_leak,48_20_43,24,20,43,12000,25800,0,9.748734e-23,0
test,48,data_48.csv,onset_leak,48_21_44,24,21,44,12600,26400,0,9.391159e-23,0
test,48,data_48.csv,onset_leak,48_22_45,24,22,45,13200,27000,0,8.905254e-23,0
test,48,data_48.csv,onset_leak,48_23_46,24,23,46,13800,27600,0,8.336849e-23,0
test,48,data_48.csv,onset_leak,48_24_47,24,24,47,14400,28200,0,7.5182805e-23,0
test,48,data_48.csv,onset_leak,48_25_48,24,25,48,15000,28800,0,7.5182805e-23,0
test,48,data_48.csv,onset_leak,48_26_49,24,26,49,15600,29400,0,7.5182805e-23,0
test,48,data_48.csv,onset_leak,48_27_50,24,27,50,16200,30000,0,7.5182805e-23,0
test,48,data_48.csv,onset_leak,48_28_51,24,28,51,16800,30600,0,7.5182805e-23,0
test,48,data_48.csv,onset_leak,48_29_52,24,29,52,17400,31200,0,7.5182805e-23,0
test,48,data_48.csv,onset_leak,48_30_53,24,30,53,18000,31800,0,7.5182805e-23,0
test,48,data_48.csv,onset_leak,48_31_54,24,31,54,18600,32400,0,5.9302807e-22,0
test,48,data_48.csv,onset_leak,48_32_55,24,32,55,19200,33000,0,7.956663e-21,0
test,48,data_48.csv,onset_leak,48_33_56,24,33,56,19800,33600,0,3.5240353e-20,0
test,48,data_48.csv,onset_leak,48_34_57,24,34,57,20400,34200,0,4.1682617e-20,0
test,48,data_48.csv,onset_leak,48_35_58,24,35,58,21000,34800,0,9.0208666e-20,0
test,48,data_48.csv,onset_leak,48_36_59,24,36,59,21600,35400,0,9.111791e-20,0
test,48,data_48.csv,onset_leak,48_37_60,24,37,60,22200,36000,0,6.0804512e-18,0
test,48,data_48.csv,onset_leak,48_38_61,24,38,61,22800,36600,0,8.2946564e-16,0
test,48,data_48.csv,onset_leak,48_39_62,24,39,62,23400,37200,0,8.203687e-15,0
test,48,data_48.csv,onset_leak,48_40_63,24,40,63,24000,37800,0,7.899227e-15,0
test,48,data_48.csv,onset_leak,48_41_64,24,41,64,24600,38400,0,2.334073e-14,0
test,48,data_48.csv,onset_leak,48_42_65,24,42,65,25200,39000,0,4.0155538e-14,0
test,48,data_48.csv,onset_leak,48_43_66,24,43,66,25800,39600,0,4.088039e-12,0
test,48,data_48.csv,onset_leak,48_44_67,24,44,67,26400,40200,0,2.5112143e-12,0
test,48,data_48.csv,onset_leak,48_45_68,24,45,68,27000,40800,0,5.7047665e-12,0
test,48,data_48.csv,onset_leak,48_46_69,24,46,69,27600,41400,0,1.504222e-11,0
test,48,data_48.csv,onset_leak,48_47_70,24,47,70,28200,42000,0,6.9672816e-11,0
test,48,data_48.csv,onset_leak,48_48_71,24,48,71,28800,42600,0,1.3642525e-10,0
test,48,data_48.csv,onset_leak,48_49_72,24,49,72,29400,43200,1,6.093402e-05,0
test,48,data_48.csv,onset_leak,48_50_73,24,50,73,30000,43800,1,0.0015823179,0
test,48,data_48.csv,onset_leak,48_51_74,24,51,74,30600,44400,1,0.0021214273,0
test,48,data_48.csv,onset_leak,48_52_75,24,52,75,31200,45000,1,0.011145995,0
test,48,data_48.csv,onset_leak,48_53_76,24,53,76,31800,45600,1,0.06468798,0
test,48,data_48.csv,onset_leak,48_54_77,24,54,77,32400,46200,1,0.18105197,0
test,48,data_48.csv,onset_leak,48_55_78,24,55,78,33000,46800,1,0.107452676,0
test,48,data_48.csv,onset_leak,48_56_79,24,56,79,33600,47400,1,0.015304715,0
test,48,data_48.csv,onset_leak,48_57_80,24,57,80,34200,48000,1,0.009022313,0
test,48,data_48.csv,onset_leak,48_58_81,24,58,81,34800,48600,1,0.042521454,0
test,48,data_48.csv,onset_leak,48_59_82,24,59,82,35400,49200,1,0.28679478,0
test,48,data_48.csv,onset_leak,48_60_83,24,60,83,36000,49800,1,0.8852953,1
test,48,data_48.csv,onset_leak,48_61_84,24,61,84,36600,50400,1,0.92982525,1
test,48,data_48.csv,onset_leak,48_62_85,24,62,85,37200,51000,1,0.93262464,1
test,48,data_48.csv,onset_leak,48_63_86,24,63,86,37800,51600,1,0.8981919,1
test,48,data_48.csv,onset_leak,48_64_87,24,64,87,38400,52200,1,0.87888414,1
test,48,data_48.csv,onset_leak,48_65_88,24,65,88,39000,52800,1,0.87619185,1
test,48,data_48.csv,onset_leak,48_66_89,24,66,89,39600,53400,1,0.899806,1
test,48,data_48.csv,onset_leak,48_67_90,24,67,90,40200,54000,1,0.9293442,1
test,48,data_48.csv,onset_leak,48_68_91,24,68,91,40800,54600,1,0.9386736,1
test,48,data_48.csv,onset_leak,48_69_92,24,69,92,41400,55200,1,0.9160695,1
test,48,data_48.csv,onset_leak,48_70_93,24,70,93,42000,55800,1,0.94251627,1
test,48,data_48.csv,onset_leak,48_71_94,24,71,94,42600,56400,1,0.96398544,1
test,48,data_48.csv,onset_leak,48_72_95,24,72,95,43200,57000,1,0.99203086,1
test,48,data_48.csv,onset_leak,48_73_96,24,73,96,43800,57600,1,0.99315506,1
test,48,data_48.csv,onset_leak,48_74_97,24,74,97,44400,58200,1,0.9931718,1
test,48,data_48.csv,onset_leak,48_75_98,24,75,98,45000,58800,1,0.99193406,1
test,48,data_48.csv,onset_leak,48_76_99,24,76,99,45600,59400,1,0.99338126,1
test,48,data_48.csv,onset_leak,48_77_100,24,77,100,46200,60000,1,0.9943599,1
test,48,data_48.csv,onset_leak,48_78_101,24,78,101,46800,60600,1,0.99428624,1
test,48,data_48.csv,onset_leak,48_79_102,24,79,102,47400,61200,1,0.9983991,1
test,48,data_48.csv,onset_leak,48_80_103,24,80,103,48000,61800,1,0.9990119,1
test,48,data_48.csv,onset_leak,48_81_104,24,81,104,48600,62400,1,0.9989266,1
test,48,data_48.csv,onset_leak,48_82_105,24,82,105,49200,63000,1,0.9988784,1
test,48,data_48.csv,onset_leak,48_83_106,24,83,106,49800,63600,1,0.99896085,1
test,48,data_48.csv,onset_leak,48_84_107,24,84,107,50400,64200,1,0.99882907,1
test,48,data_48.csv,onset_leak,48_85_108,24,85,108,51000,64800,1,0.9992385,1
test,48,data_48.csv,onset_leak,48_86_109,24,86,109,51600,65400,1,0.99931765,1
test,48,data_48.csv,onset_leak,48_87_110,24,87,110,52200,66000,1,0.9992902,1
test,48,data_48.csv,onset_leak,48_88_111,24,88,111,52800,66600,1,0.9991667,1
test,48,data_48.csv,onset_leak,48_89_112,24,89,112,53400,67200,1,0.99929035,1
test,48,data_48.csv,onset_leak,48_90_113,24,90,113,54000,67800,1,0.9993518,1
test,48,data_48.csv,onset_leak,48_91_114,24,91,114,54600,68400,1,0.997251,1
test,48,data_48.csv,onset_leak,48_92_115,24,92,115,55200,69000,1,0.99258065,1
test,48,data_48.csv,onset_leak,48_93_116,24,93,116,55800,69600,1,0.99243367,1
test,48,data_48.csv,onset_leak,48_94_117,24,94,117,56400,70200,1,0.9881682,1
test,48,data_48.csv,onset_leak,48_95_118,24,95,118,57000,70800,1,0.98978007,1
test,48,data_48.csv,onset_leak,48_96_119,24,96,119,57600,71400,1,0.98898625,1
test,48,data_48.csv,onset_leak,48_97_120,24,97,120,58200,72000,1,0.9830314,1
test,48,data_48.csv,onset_leak,48_98_121,24,98,121,58800,72600,1,0.9815593,1
test,48,data_48.csv,onset_leak,48_99_122,24,99,122,59400,73200,1,0.9923343,1
test,48,data_48.csv,onset_leak,48_100_123,24,100,123,60000,73800,1,0.9952918,1
test,48,data_48.csv,onset_leak,48_101_124,24,101,124,60600,74400,1,0.9988418,1
test,48,data_48.csv,onset_leak,48_102_125,24,102,125,61200,75000,1,0.99942017,1
test,48,data_48.csv,onset_leak,48_103_126,24,103,126,61800,75600,1,0.99970895,1
test,48,data_48.csv,onset_leak,48_104_127,24,104,127,62400,76200,1,0.99910873,1
test,48,data_48.csv,onset_leak,48_105_128,24,105,128,63000,76800,1,0.9992512,1
test,48,data_48.csv,onset_leak,48_106_129,24,106,129,63600,77400,1,0.9996326,1
test,48,data_48.csv,onset_leak,48_107_130,24,107,130,64200,78000,1,0.9998265,1
test,48,data_48.csv,onset_leak,48_108_131,24,108,131,64800,78600,1,0.9998332,1
test,48,data_48.csv,onset_leak,48_109_132,24,109,132,65400,79200,1,0.9996152,1
test,48,data_48.csv,onset_leak,48_110_133,24,110,133,66000,79800,1,0.99888355,1
test,48,data_48.csv,onset_leak,48_111_134,24,111,134,66600,80400,1,0.99777055,1
test,48,data_48.csv,onset_leak,48_112_135,24,112,135,67200,81000,1,0.9980077,1
test,48,data_48.csv,onset_leak,48_113_136,24,113,136,67800,81600,1,0.99562234,1
test,48,data_48.csv,onset_leak,48_114_137,24,114,137,68400,82200,1,0.98861057,1
test,48,data_48.csv,onset_leak,48_115_138,24,115,138,69000,82800,1,0.9755849,1
test,48,data_48.csv,onset_leak,48_116_139,24,116,139,69600,83400,1,0.9625646,1
test,48,data_48.csv,onset_leak,48_117_140,24,117,140,70200,84000,1,0.95431834,1
test,48,data_48.csv,onset_leak,48_118_141,24,118,141,70800,84600,1,0.94258565,1
test,48,data_48.csv,onset_leak,48_119_142,24,119,142,71400,85200,1,0.8710192,1
test,48,data_48.csv,onset_leak,48_120_143,24,120,143,72000,85800,1,0.5281251,0
test,48,data_48.csv,onset_leak,48_121_144,24,121,144,72600,86400,1,0.31738222,0
test,50,data_50.csv,onset_leak,50_0_23,24,0,23,0,13800,0,8.441067e-25,0
test,50,data_50.csv,onset_leak,50_1_24,24,1,24,600,14400,0,1.9612074e-24,0
test,50,data_50.csv,onset_leak,50_2_25,24,2,25,1200,15000,0,8.860148e-24,0
test,50,data_50.csv,onset_leak,50_3_26,24,3,26,1800,15600,0,2.0027145e-23,0
test,50,data_50.csv,onset_leak,50_4_27,24,4,27,2400,16200,0,1.6787844e-23,0
test,50,data_50.csv,onset_leak,50_5_28,24,5,28,3000,16800,0,2.14215e-23,0
test,50,data_50.csv,onset_leak,50_6_29,24,6,29,3600,17400,0,1.7366266e-23,0
test,50,data_50.csv,onset_leak,50_7_30,24,7,30,4200,18000,0,5.97337e-23,0
test,50,data_50.csv,onset_leak,50_8_31,24,8,31,4800,18600,0,3.816613e-22,0
test,50,data_50.csv,onset_leak,50_9_32,24,9,32,5400,19200,0,1.2631408e-21,0
test,50,data_50.csv,onset_leak,50_10_33,24,10,33,6000,19800,0,1.3146717e-21,0
test,50,data_50.csv,onset_leak,50_11_34,24,11,34,6600,20400,0,2.5768122e-21,0
test,50,data_50.csv,onset_leak,50_12_35,24,12,35,7200,21000,0,4.937089e-21,0
test,50,data_50.csv,onset_leak,50_13_36,24,13,36,7800,21600,0,2.7555154e-20,0
test,50,data_50.csv,onset_leak,50_14_37,24,14,37,8400,22200,0,8.5106694e-20,0
test,50,data_50.csv,onset_leak,50_15_38,24,15,38,9000,22800,0,1.6139511e-19,0
test,50,data_50.csv,onset_leak,50_16_39,24,16,39,9600,23400,0,2.9160957e-19,0
test,50,data_50.csv,onset_leak,50_17_40,24,17,40,10200,24000,0,6.381085e-19,0
test,50,data_50.csv,onset_leak,50_18_41,24,18,41,10800,24600,0,1.2510679e-18,0
test,50,data_50.csv,onset_leak,50_19_42,24,19,42,11400,25200,0,8.1008345e-18,0
test,50,data_50.csv,onset_leak,50_20_43,24,20,43,12000,25800,0,2.6944411e-17,0
test,50,data_50.csv,onset_leak,50_21_44,24,21,44,12600,26400,0,6.905819e-17,0
test,50,data_50.csv,onset_leak,50_22_45,24,22,45,13200,27000,0,2.8687447e-16,0
test,50,data_50.csv,onset_leak,50_23_46,24,23,46,13800,27600,0,1.5761041e-15,0
test,50,data_50.csv,onset_leak,50_24_47,24,24,47,14400,28200,0,9.547606e-15,0
test,50,data_50.csv,onset_leak,50_25_48,24,25,48,15000,28800,0,5.9161375e-14,0
test,50,data_50.csv,onset_leak,50_26_49,24,26,49,15600,29400,0,3.3860517e-13,0
test,50,data_50.csv,onset_leak,50_27_50,24,27,50,16200,30000,0,1.4796496e-12,0
test,50,data_50.csv,onset_leak,50_28_51,24,28,51,16800,30600,0,5.0383773e-12,0
test,50,data_50.csv,onset_leak,50_29_52,24,29,52,17400,31200,0,2.9781747e-11,0
test,50,data_50.csv,onset_leak,50_30_53,24,30,53,18000,31800,0,2.2782484e-10,0
test,50,data_50.csv,onset_leak,50_31_54,24,31,54,18600,32400,0,1.8517435e-10,0
test,50,data_50.csv,onset_leak,50_32_55,24,32,55,19200,33000,0,9.951639e-11,0
test,50,data_50.csv,onset_leak,50_33_56,24,33,56,19800,33600,0,7.9169504e-11,0
test,50,data_50.csv,onset_leak,50_34_57,24,34,57,20400,34200,0,1.236599e-10,0
test,50,data_50.csv,onset_leak,50_35_58,24,35,58,21000,34800,0,1.7851676e-10,0
test,50,data_50.csv,onset_leak,50_36_59,24,36,59,21600,35400,0,5.779256e-10,0
test,50,data_50.csv,onset_leak,50_37_60,24,37,60,22200,36000,0,5.589113e-09,0
test,50,data_50.csv,onset_leak,50_38_61,24,38,61,22800,36600,0,3.7398294e-08,0
test,50,data_50.csv,onset_leak,50_39_62,24,39,62,23400,37200,0,7.725074e-08,0
test,50,data_50.csv,onset_leak,50_40_63,24,40,63,24000,37800,0,2.3130738e-07,0
test,50,data_50.csv,onset_leak,50_41_64,24,41,64,24600,38400,0,6.272575e-07,0
test,50,data_50.csv,onset_leak,50_42_65,24,42,65,25200,39000,0,5.7236826e-07,0
test,50,data_50.csv,onset_leak,50_43_66,24,43,66,25800,39600,0,1.0752542e-06,0
test,50,data_50.csv,onset_leak,50_44_67,24,44,67,26400,40200,0,3.5979733e-06,0
test,50,data_50.csv,onset_leak,50_45_68,24,45,68,27000,40800,0,8.62402e-06,0
test,50,data_50.csv,onset_leak,50_46_69,24,46,69,27600,41400,0,1.0267517e-05,0
test,50,data_50.csv,onset_leak,50_47_70,24,47,70,28200,42000,0,3.128501e-05,0
test,50,data_50.csv,onset_leak,50_48_71,24,48,71,28800,42600,0,0.00013819979,0
test,50,data_50.csv,onset_leak,50_49_72,24,49,72,29400,43200,1,0.740311,0
test,50,data_50.csv,onset_leak,50_50_73,24,50,73,30000,43800,1,0.94970375,1
test,50,data_50.csv,onset_leak,50_51_74,24,51,74,30600,44400,1,0.94100773,1
test,50,data_50.csv,onset_leak,50_52_75,24,52,75,31200,45000,1,0.8299672,1
test,50,data_50.csv,onset_leak,50_53_76,24,53,76,31800,45600,1,0.72321075,0
test,50,data_50.csv,onset_leak,50_54_77,24,54,77,32400,46200,1,0.39882797,0
test,50,data_50.csv,onset_leak,50_55_78,24,55,78,33000,46800,1,0.38719356,0
test,50,data_50.csv,onset_leak,50_56_79,24,56,79,33600,47400,1,0.14468624,0
test,50,data_50.csv,onset_leak,50_57_80,24,57,80,34200,48000,1,0.12994213,0
test,50,data_50.csv,onset_leak,50_58_81,24,58,81,34800,48600,1,0.094867624,0
test,50,data_50.csv,onset_leak,50_59_82,24,59,82,35400,49200,1,0.36942017,0
test,50,data_50.csv,onset_leak,50_60_83,24,60,83,36000,49800,1,0.55094874,0
test,50,data_50.csv,onset_leak,50_61_84,24,61,84,36600,50400,1,0.9859707,1
test,50,data_50.csv,onset_leak,50_62_85,24,62,85,37200,51000,1,0.9910364,1
test,50,data_50.csv,onset_leak,50_63_86,24,63,86,37800,51600,1,0.9869344,1
test,50,data_50.csv,onset_leak,50_64_87,24,64,87,38400,52200,1,0.98126376,1
test,50,data_50.csv,onset_leak,50_65_88,24,65,88,39000,52800,1,0.96429515,1
test,50,data_50.csv,onset_leak,50_66_89,24,66,89,39600,53400,1,0.961131,1
test,50,data_50.csv,onset_leak,50_67_90,24,67,90,40200,54000,1,0.98126376,1
test,50,data_50.csv,onset_leak,50_68_91,24,68,91,40800,54600,1,0.98154986,1
test,50,data_50.csv,onset_leak,50_69_92,24,69,92,41400,55200,1,0.9780807,1
test,50,data_50.csv,onset_leak,50_70_93,24,70,93,42000,55800,1,0.97670597,1
test,50,data_50.csv,onset_leak,50_71_94,24,71,94,42600,56400,1,0.9845828,1
test,50,data_50.csv,onset_leak,50_72_95,24,72,95,43200,57000,1,0.99438405,1
test,50,data_50.csv,onset_leak,50_73_96,24,73,96,43800,57600,1,0.9973431,1
test,50,data_50.csv,onset_leak,50_74_97,24,74,97,44400,58200,1,0.99805766,1
test,50,data_50.csv,onset_leak,50_75_98,24,75,98,45000,58800,1,0.9979286,1
test,50,data_50.csv,onset_leak,50_76_99,24,76,99,45600,59400,1,0.99802667,1
test,50,data_50.csv,onset_leak,50_77_100,24,77,100,46200,60000,1,0.99841726,1
test,50,data_50.csv,onset_leak,50_78_101,24,78,101,46800,60600,1,0.99856514,1
test,50,data_50.csv,onset_leak,50_79_102,24,79,102,47400,61200,1,0.99926215,1
test,50,data_50.csv,onset_leak,50_80_103,24,80,103,48000,61800,1,0.9994443,1
test,50,data_50.csv,onset_leak,50_81_104,24,81,104,48600,62400,1,0.9994136,1
test,50,data_50.csv,onset_leak,50_82_105,24,82,105,49200,63000,1,0.9993918,1
test,50,data_50.csv,onset_leak,50_83_106,24,83,106,49800,63600,1,0.99950016,1
test,50,data_50.csv,onset_leak,50_84_107,24,84,107,50400,64200,1,0.99955755,1
test,50,data_50.csv,onset_leak,50_85_108,24,85,108,51000,64800,1,0.9995617,1
test,50,data_50.csv,onset_leak,50_86_109,24,86,109,51600,65400,1,0.99955815,1
test,50,data_50.csv,onset_leak,50_87_110,24,87,110,52200,66000,1,0.99956506,1
test,50,data_50.csv,onset_leak,50_88_111,24,88,111,52800,66600,1,0.9995153,1
test,50,data_50.csv,onset_leak,50_89_112,24,89,112,53400,67200,1,0.99956256,1
test,50,data_50.csv,onset_leak,50_90_113,24,90,113,54000,67800,1,0.9995968,1
test,50,data_50.csv,onset_leak,50_91_114,24,91,114,54600,68400,1,0.9992717,1
test,50,data_50.csv,onset_leak,50_92_115,24,92,115,55200,69000,1,0.9990414,1
test,50,data_50.csv,onset_leak,50_93_116,24,93,116,55800,69600,1,0.9990085,1
test,50,data_50.csv,onset_leak,50_94_117,24,94,117,56400,70200,1,0.99871826,1
test,50,data_50.csv,onset_leak,50_95_118,24,95,118,57000,70800,1,0.9989316,1
test,50,data_50.csv,onset_leak,50_96_119,24,96,119,57600,71400,1,0.9990453,1
test,50,data_50.csv,onset_leak,50_97_120,24,97,120,58200,72000,1,0.9985807,1
test,50,data_50.csv,onset_leak,50_98_121,24,98,121,58800,72600,1,0.9983273,1
test,50,data_50.csv,onset_leak,50_99_122,24,99,122,59400,73200,1,0.9992411,1
test,50,data_50.csv,onset_leak,50_100_123,24,100,123,60000,73800,1,0.9994997,1
test,50,data_50.csv,onset_leak,50_101_124,24,101,124,60600,74400,1,0.99972147,1
test,50,data_50.csv,onset_leak,50_102_125,24,102,125,61200,75000,1,0.99982387,1
test,50,data_50.csv,onset_leak,50_103_126,24,103,126,61800,75600,1,0.9998186,1
test,50,data_50.csv,onset_leak,50_104_127,24,104,127,62400,76200,1,0.99973255,1
test,50,data_50.csv,onset_leak,50_105_128,24,105,128,63000,76800,1,0.9998338,1
test,50,data_50.csv,onset_leak,50_106_129,24,106,129,63600,77400,1,0.99987197,1
test,50,data_50.csv,onset_leak,50_107_130,24,107,130,64200,78000,1,0.99990165,1
test,50,data_50.csv,onset_leak,50_108_131,24,108,131,64800,78600,1,0.9998858,1
test,50,data_50.csv,onset_leak,50_109_132,24,109,132,65400,79200,1,0.99987674,1
test,50,data_50.csv,onset_leak,50_110_133,24,110,133,66000,79800,1,0.99970514,1
test,50,data_50.csv,onset_leak,50_111_134,24,111,134,66600,80400,1,0.99956506,1
test,50,data_50.csv,onset_leak,50_112_135,24,112,135,67200,81000,1,0.9996505,1
test,50,data_50.csv,onset_leak,50_113_136,24,113,136,67800,81600,1,0.9995339,1
test,50,data_50.csv,onset_leak,50_114_137,24,114,137,68400,82200,1,0.99910235,1
test,50,data_50.csv,onset_leak,50_115_138,24,115,138,69000,82800,1,0.99823296,1
test,50,data_50.csv,onset_leak,50_116_139,24,116,139,69600,83400,1,0.99529654,1
test,50,data_50.csv,onset_leak,50_117_140,24,117,140,70200,84000,1,0.9918508,1
test,50,data_50.csv,onset_leak,50_118_141,24,118,141,70800,84600,1,0.9914233,1
test,50,data_50.csv,onset_leak,50_119_142,24,119,142,71400,85200,1,0.9815624,1
test,50,data_50.csv,onset_leak,50_120_143,24,120,143,72000,85800,1,0.9382499,1
test,50,data_50.csv,onset_leak,50_121_144,24,121,144,72600,86400,1,0.74605316,0
test,53,data_53.csv,persistent_leak,53_0_23,24,0,23,0,13800,1,0.54141927,0
test,53,data_53.csv,persistent_leak,53_1_24,24,1,24,600,14400,1,0.5799332,0
test,53,data_53.csv,persistent_leak,53_2_25,24,2,25,1200,15000,1,0.7570917,1
test,53,data_53.csv,persistent_leak,53_3_26,24,3,26,1800,15600,1,0.8552552,1
test,53,data_53.csv,persistent_leak,53_4_27,24,4,27,2400,16200,1,0.80523837,1
test,53,data_53.csv,persistent_leak,53_5_28,24,5,28,3000,16800,1,0.7955867,1
test,53,data_53.csv,persistent_leak,53_6_29,24,6,29,3600,17400,1,0.72512263,0
test,53,data_53.csv,persistent_leak,53_7_30,24,7,30,4200,18000,1,0.7822631,1
test,53,data_53.csv,persistent_leak,53_8_31,24,8,31,4800,18600,1,0.694287,0
test,53,data_53.csv,persistent_leak,53_9_32,24,9,32,5400,19200,1,0.6284527,0
test,53,data_53.csv,persistent_leak,53_10_33,24,10,33,6000,19800,1,0.41437888,0
test,53,data_53.csv,persistent_leak,53_11_34,24,11,34,6600,20400,1,0.3926736,0
test,53,data_53.csv,persistent_leak,53_12_35,24,12,35,7200,21000,1,0.34635863,0
test,53,data_53.csv,persistent_leak,53_13_36,24,13,36,7800,21600,1,0.61154324,0
test,53,data_53.csv,persistent_leak,53_14_37,24,14,37,8400,22200,1,0.5046569,0
test,53,data_53.csv,persistent_leak,53_15_38,24,15,38,9000,22800,1,0.4559742,0
test,53,data_53.csv,persistent_leak,53_16_39,24,16,39,9600,23400,1,0.3857692,0
test,53,data_53.csv,persistent_leak,53_17_40,24,17,40,10200,24000,1,0.26366562,0
test,53,data_53.csv,persistent_leak,53_18_41,24,18,41,10800,24600,1,0.1467691,0
test,53,data_53.csv,persistent_leak,53_19_42,24,19,42,11400,25200,1,0.7145176,0
test,53,data_53.csv,persistent_leak,53_20_43,24,20,43,12000,25800,1,0.78952885,1
test,53,data_53.csv,persistent_leak,53_21_44,24,21,44,12600,26400,1,0.7309783,0
test,53,data_53.csv,persistent_leak,53_22_45,24,22,45,13200,27000,1,0.754386,1
test,53,data_53.csv,persistent_leak,53_23_46,24,23,46,13800,27600,1,0.7699976,1
test,53,data_53.csv,persistent_leak,53_24_47,24,24,47,14400,28200,1,0.75877994,1
test,53,data_53.csv,persistent_leak,53_25_48,24,25,48,15000,28800,1,0.9555945,1
test,53,data_53.csv,persistent_leak,53_26_49,24,26,49,15600,29400,1,0.9611822,1
test,53,data_53.csv,persistent_leak,53_27_50,24,27,50,16200,30000,1,0.95771265,1
test,53,data_53.csv,persistent_leak,53_28_51,24,28,51,16800,30600,1,0.95026803,1
test,53,data_53.csv,persistent_leak,53_29_52,24,29,52,17400,31200,1,0.95824236,1
test,53,data_53.csv,persistent_leak,53_30_53,24,30,53,18000,31800,1,0.9593936,1
test,53,data_53.csv,persistent_leak,53_31_54,24,31,54,18600,32400,1,0.9425431,1
test,53,data_53.csv,persistent_leak,53_32_55,24,32,55,19200,33000,1,0.90186113,1
test,53,data_53.csv,persistent_leak,53_33_56,24,33,56,19800,33600,1,0.87596184,1
test,53,data_53.csv,persistent_leak,53_34_57,24,34,57,20400,34200,1,0.83817375,1
test,53,data_53.csv,persistent_leak,53_35_58,24,35,58,21000,34800,1,0.833167,1
test,53,data_53.csv,persistent_leak,53_36_59,24,36,59,21600,35400,1,0.7985305,1
test,53,data_53.csv,persistent_leak,53_37_60,24,37,60,22200,36000,1,0.8209197,1
test,53,data_53.csv,persistent_leak,53_38_61,24,38,61,22800,36600,1,0.8091583,1
test,53,data_53.csv,persistent_leak,53_39_62,24,39,62,23400,37200,1,0.7842079,1
test,53,data_53.csv,persistent_leak,53_40_63,24,40,63,24000,37800,1,0.7712702,1
test,53,data_53.csv,persistent_leak,53_41_64,24,41,64,24600,38400,1,0.77704805,1
test,53,data_53.csv,persistent_leak,53_42_65,24,42,65,25200,39000,1,0.82095116,1
test,53,data_53.csv,persistent_leak,53_43_66,24,43,66,25800,39600,1,0.9045236,1
test,53,data_53.csv,persistent_leak,53_44_67,24,44,67,26400,40200,1,0.9313148,1
test,53,data_53.csv,persistent_leak,53_45_68,24,45,68,27000,40800,1,0.9221838,1
test,53,data_53.csv,persistent_leak,53_46_69,24,46,69,27600,41400,1,0.9335877,1
test,53,data_53.csv,persistent_leak,53_47_70,24,47,70,28200,42000,1,0.9418254,1
test,53,data_53.csv,persistent_leak,53_48_71,24,48,71,28800,42600,1,0.9682662,1
test,53,data_53.csv,persistent_leak,53_49_72,24,49,72,29400,43200,1,0.9801359,1
test,53,data_53.csv,persistent_leak,53_50_73,24,50,73,30000,43800,1,0.98303074,1
test,53,data_53.csv,persistent_leak,53_51_74,24,51,74,30600,44400,1,0.9826261,1
test,53,data_53.csv,persistent_leak,53_52_75,24,52,75,31200,45000,1,0.98310053,1
test,53,data_53.csv,persistent_leak,53_53_76,24,53,76,31800,45600,1,0.9854537,1
test,53,data_53.csv,persistent_leak,53_54_77,24,54,77,32400,46200,1,0.9845296,1
test,53,data_53.csv,persistent_leak,53_55_78,24,55,78,33000,46800,1,0.98253995,1
test,53,data_53.csv,persistent_leak,53_56_79,24,56,79,33600,47400,1,0.98016673,1
test,53,data_53.csv,persistent_leak,53_57_80,24,57,80,34200,48000,1,0.9789979,1
test,53,data_53.csv,persistent_leak,53_58_81,24,58,81,34800,48600,1,0.97612596,1
test,53,data_53.csv,persistent_leak,53_59_82,24,59,82,35400,49200,1,0.9767154,1
test,53,data_53.csv,persistent_leak,53_60_83,24,60,83,36000,49800,1,0.97090244,1
test,53,data_53.csv,persistent_leak,53_61_84,24,61,84,36600,50400,1,0.9465885,1
test,53,data_53.csv,persistent_leak,53_62_85,24,62,85,37200,51000,1,0.9266442,1
test,53,data_53.csv,persistent_leak,53_63_86,24,63,86,37800,51600,1,0.9221951,1
test,53,data_53.csv,persistent_leak,53_64_87,24,64,87,38400,52200,1,0.9122115,1
test,53,data_53.csv,persistent_leak,53_65_88,24,65,88,39000,52800,1,0.93312013,1
test,53,data_53.csv,persistent_leak,53_66_89,24,66,89,39600,53400,1,0.95488256,1
test,53,data_53.csv,persistent_leak,53_67_90,24,67,90,40200,54000,1,0.95650816,1
test,53,data_53.csv,persistent_leak,53_68_91,24,68,91,40800,54600,1,0.9577644,1
test,53,data_53.csv,persistent_leak,53_69_92,24,69,92,41400,55200,1,0.9788391,1
test,53,data_53.csv,persistent_leak,53_70_93,24,70,93,42000,55800,1,0.98501277,1
test,53,data_53.csv,persistent_leak,53_71_94,24,71,94,42600,56400,1,0.9918005,1
test,53,data_53.csv,persistent_leak,53_72_95,24,72,95,43200,57000,1,0.9941848,1
test,53,data_53.csv,persistent_leak,53_73_96,24,73,96,43800,57600,1,0.99436754,1
test,53,data_53.csv,persistent_leak,53_74_97,24,74,97,44400,58200,1,0.9927206,1
test,53,data_53.csv,persistent_leak,53_75_98,24,75,98,45000,58800,1,0.99329984,1
test,53,data_53.csv,persistent_leak,53_76_99,24,76,99,45600,59400,1,0.99460727,1
test,53,data_53.csv,persistent_leak,53_77_100,24,77,100,46200,60000,1,0.9947643,1
test,53,data_53.csv,persistent_leak,53_78_101,24,78,101,46800,60600,1,0.9940843,1
test,53,data_53.csv,persistent_leak,53_79_102,24,79,102,47400,61200,1,0.9922879,1
test,53,data_53.csv,persistent_leak,53_80_103,24,80,103,48000,61800,1,0.987998,1
test,53,data_53.csv,persistent_leak,53_81_104,24,81,104,48600,62400,1,0.9854596,1
test,53,data_53.csv,persistent_leak,53_82_105,24,82,105,49200,63000,1,0.98532456,1
test,53,data_53.csv,persistent_leak,53_83_106,24,83,106,49800,63600,1,0.9781546,1
test,53,data_53.csv,persistent_leak,53_84_107,24,84,107,50400,64200,1,0.9659355,1
test,53,data_53.csv,persistent_leak,53_85_108,24,85,108,51000,64800,1,0.960288,1
test,53,data_53.csv,persistent_leak,53_86_109,24,86,109,51600,65400,1,0.9542619,1
test,53,data_53.csv,persistent_leak,53_87_110,24,87,110,52200,66000,1,0.93539286,1
test,53,data_53.csv,persistent_leak,53_88_111,24,88,111,52800,66600,1,0.9179922,1
test,53,data_53.csv,persistent_leak,53_89_112,24,89,112,53400,67200,1,0.8723271,1
test,53,data_53.csv,persistent_leak,53_90_113,24,90,113,54000,67800,1,0.8018863,1
test,53,data_53.csv,persistent_leak,53_91_114,24,91,114,54600,68400,1,0.75753707,1
test,53,data_53.csv,persistent_leak,53_92_115,24,92,115,55200,69000,1,0.73365074,0
test,53,data_53.csv,persistent_leak,53_93_116,24,93,116,55800,69600,1,0.7140243,0
test,53,data_53.csv,persistent_leak,53_94_117,24,94,117,56400,70200,1,0.7948018,1
test,53,data_53.csv,persistent_leak,53_95_118,24,95,118,57000,70800,1,0.81176347,1
test,53,data_53.csv,persistent_leak,53_96_119,24,96,119,57600,71400,1,0.7466548,0
test,53,data_53.csv,persistent_leak,53_97_120,24,97,120,58200,72000,1,0.8118998,1
test,53,data_53.csv,persistent_leak,53_98_121,24,98,121,58800,72600,1,0.8303665,1
test,53,data_53.csv,persistent_leak,53_99_122,24,99,122,59400,73200,1,0.80291057,1
test,53,data_53.csv,persistent_leak,53_100_123,24,100,123,60000,73800,1,0.76344323,1
test,53,data_53.csv,persistent_leak,53_101_124,24,101,124,60600,74400,1,0.744979,0
test,53,data_53.csv,persistent_leak,53_102_125,24,102,125,61200,75000,1,0.67253774,0
test,53,data_53.csv,persistent_leak,53_103_126,24,103,126,61800,75600,1,0.79140633,1
test,53,data_53.csv,persistent_leak,53_104_127,24,104,127,62400,76200,1,0.83154863,1
test,53,data_53.csv,persistent_leak,53_105_128,24,105,128,63000,76800,1,0.80977106,1
test,53,data_53.csv,persistent_leak,53_106_129,24,106,129,63600,77400,1,0.80616146,1
test,53,data_53.csv,persistent_leak,53_107_130,24,107,130,64200,78000,1,0.8201289,1
test,53,data_53.csv,persistent_leak,53_108_131,24,108,131,64800,78600,1,0.8390381,1
test,53,data_53.csv,persistent_leak,53_109_132,24,109,132,65400,79200,1,0.6865136,0
test,53,data_53.csv,persistent_leak,53_110_133,24,110,133,66000,79800,1,0.5847075,0
test,53,data_53.csv,persistent_leak,53_111_134,24,111,134,66600,80400,1,0.576309,0
test,53,data_53.csv,persistent_leak,53_112_135,24,112,135,67200,81000,1,0.5310463,0
test,53,data_53.csv,persistent_leak,53_113_136,24,113,136,67800,81600,1,0.54650015,0
test,53,data_53.csv,persistent_leak,53_114_137,24,114,137,68400,82200,1,0.54602236,0
test,53,data_53.csv,persistent_leak,53_115_138,24,115,138,69000,82800,1,0.39709982,0
test,53,data_53.csv,persistent_leak,53_116_139,24,116,139,69600,83400,1,0.15868889,0
test,53,data_53.csv,persistent_leak,53_117_140,24,117,140,70200,84000,1,0.16810387,0
test,53,data_53.csv,persistent_leak,53_118_141,24,118,141,70800,84600,1,0.13180979,0
test,53,data_53.csv,persistent_leak,53_119_142,24,119,142,71400,85200,1,0.29793745,0
test,53,data_53.csv,persistent_leak,53_120_143,24,120,143,72000,85800,1,0.37206295,0
test,53,data_53.csv,persistent_leak,53_121_144,24,121,144,72600,86400,1,0.6855049,0
