split,scenario_id,source_file,scenario_type,window_id,window_size,start_idx,end_idx,start_time_s,end_time_s,y_true,y_score,y_pred
train,1,data_1.csv,normal,1_0_23,24,0,23,0,13800,0,0.16049543,1
train,1,data_1.csv,normal,1_1_24,24,1,24,600,14400,0,0.15964423,1
train,1,data_1.csv,normal,1_2_25,24,2,25,1200,15000,0,0.15742178,1
train,1,data_1.csv,normal,1_3_26,24,3,26,1800,15600,0,0.15593667,1
train,1,data_1.csv,normal,1_4_27,24,4,27,2400,16200,0,0.15273008,1
train,1,data_1.csv,normal,1_5_28,24,5,28,3000,16800,0,0.15246025,1
train,1,data_1.csv,normal,1_6_29,24,6,29,3600,17400,0,0.15153195,1
train,1,data_1.csv,normal,1_7_30,24,7,30,4200,18000,0,0.14891902,1
train,1,data_1.csv,normal,1_8_31,24,8,31,4800,18600,0,0.1417877,1
train,1,data_1.csv,normal,1_9_32,24,9,32,5400,19200,0,0.13946316,1
train,1,data_1.csv,normal,1_10_33,24,10,33,6000,19800,0,0.13579728,1
train,1,data_1.csv,normal,1_11_34,24,11,34,6600,20400,0,0.13440146,1
train,1,data_1.csv,normal,1_12_35,24,12,35,7200,21000,0,0.1326533,1
train,1,data_1.csv,normal,1_13_36,24,13,36,7800,21600,0,0.13268594,1
train,1,data_1.csv,normal,1_14_37,24,14,37,8400,22200,0,0.12790206,1
train,1,data_1.csv,normal,1_15_38,24,15,38,9000,22800,0,0.1292245,1
train,1,data_1.csv,normal,1_16_39,24,16,39,9600,23400,0,0.13300894,1
train,1,data_1.csv,normal,1_17_40,24,17,40,10200,24000,0,0.134237,1
train,1,data_1.csv,normal,1_18_41,24,18,41,10800,24600,0,0.13643575,1
train,1,data_1.csv,normal,1_19_42,24,19,42,11400,25200,0,0.1422348,1
train,1,data_1.csv,normal,1_20_43,24,20,43,12000,25800,0,0.14461713,1
train,1,data_1.csv,normal,1_21_44,24,21,44,12600,26400,0,0.15289414,1
train,1,data_1.csv,normal,1_22_45,24,22,45,13200,27000,0,0.16394044,1
train,1,data_1.csv,normal,1_23_46,24,23,46,13800,27600,0,0.17159556,1
train,1,data_1.csv,normal,1_24_47,24,24,47,14400,28200,0,0.17904176,1
train,1,data_1.csv,normal,1_25_48,24,25,48,15000,28800,0,0.18549839,1
train,1,data_1.csv,normal,1_26_49,24,26,49,15600,29400,0,0.19092675,1
train,1,data_1.csv,normal,1_27_50,24,27,50,16200,30000,0,0.2036447,1
train,1,data_1.csv,normal,1_28_51,24,28,51,16800,30600,0,0.21526212,1
train,1,data_1.csv,normal,1_29_52,24,29,52,17400,31200,0,0.22452305,1
train,1,data_1.csv,normal,1_30_53,24,30,53,18000,31800,0,0.23283404,1
train,1,data_1.csv,normal,1_31_54,24,31,54,18600,32400,0,0.23633088,1
train,1,data_1.csv,normal,1_32_55,24,32,55,19200,33000,0,0.24155758,1
train,1,data_1.csv,normal,1_33_56,24,33,56,19800,33600,0,0.25246447,1
train,1,data_1.csv,normal,1_34_57,24,34,57,20400,34200,0,0.2668062,1
train,1,data_1.csv,normal,1_35_58,24,35,58,21000,34800,0,0.27304837,1
train,1,data_1.csv,normal,1_36_59,24,36,59,21600,35400,0,0.28215078,1
train,1,data_1.csv,normal,1_37_60,24,37,60,22200,36000,0,0.29180273,1
train,1,data_1.csv,normal,1_38_61,24,38,61,22800,36600,0,0.303481,1
train,1,data_1.csv,normal,1_39_62,24,39,62,23400,37200,0,0.3147088,1
train,1,data_1.csv,normal,1_40_63,24,40,63,24000,37800,0,0.3291887,1
train,1,data_1.csv,normal,1_41_64,24,41,64,24600,38400,0,0.3410559,1
train,1,data_1.csv,normal,1_42_65,24,42,65,25200,39000,0,0.35240674,1
train,1,data_1.csv,normal,1_43_66,24,43,66,25800,39600,0,0.3578356,1
train,1,data_1.csv,normal,1_44_67,24,44,67,26400,40200,0,0.36663562,1
train,1,data_1.csv,normal,1_45_68,24,45,68,27000,40800,0,0.37942356,1
train,1,data_1.csv,normal,1_46_69,24,46,69,27600,41400,0,0.38244456,1
train,1,data_1.csv,normal,1_47_70,24,47,70,28200,42000,0,0.39898258,1
train,1,data_1.csv,normal,1_48_71,24,48,71,28800,42600,0,0.40840152,1
train,1,data_1.csv,normal,1_49_72,24,49,72,29400,43200,0,0.39402938,1
train,1,data_1.csv,normal,1_50_73,24,50,73,30000,43800,0,0.36506283,1
train,1,data_1.csv,normal,1_51_74,24,51,74,30600,44400,0,0.34204128,1
train,1,data_1.csv,normal,1_52_75,24,52,75,31200,45000,0,0.3205908,1
train,1,data_1.csv,normal,1_53_76,24,53,76,31800,45600,0,0.30885285,1
train,1,data_1.csv,normal,1_54_77,24,54,77,32400,46200,0,0.29869664,1
train,1,data_1.csv,normal,1_55_78,24,55,78,33000,46800,0,0.30110243,1
train,1,data_1.csv,normal,1_56_79,24,56,79,33600,47400,0,0.29616523,1
train,1,data_1.csv,normal,1_57_80,24,57,80,34200,48000,0,0.3005941,1
train,1,data_1.csv,normal,1_58_81,24,58,81,34800,48600,0,0.30508387,1
train,1,data_1.csv,normal,1_59_82,24,59,82,35400,49200,0,0.30727863,1
train,1,data_1.csv,normal,1_60_83,24,60,83,36000,49800,0,0.3125256,1
train,1,data_1.csv,normal,1_61_84,24,61,84,36600,50400,0,0.31914124,1
train,1,data_1.csv,normal,1_62_85,24,62,85,37200,51000,0,0.32138577,1
train,1,data_1.csv,normal,1_63_86,24,63,86,37800,51600,0,0.32923234,1
train,1,data_1.csv,normal,1_64_87,24,64,87,38400,52200,0,0.34121233,1
train,1,data_1.csv,normal,1_65_88,24,65,88,39000,52800,0,0.34910184,1
train,1,data_1.csv,normal,1_66_89,24,66,89,39600,53400,0,0.3596687,1
train,1,data_1.csv,normal,1_67_90,24,67,90,40200,54000,0,0.37198952,1
train,1,data_1.csv,normal,1_68_91,24,68,91,40800,54600,0,0.3800471,1
train,1,data_1.csv,normal,1_69_92,24,69,92,41400,55200,0,0.39875287,1
train,1,data_1.csv,normal,1_70_93,24,70,93,42000,55800,0,0.4117816,1
train,1,data_1.csv,normal,1_71_94,24,71,94,42600,56400,0,0.428907,1
train,1,data_1.csv,normal,1_72_95,24,72,95,43200,57000,0,0.44672704,1
train,1,data_1.csv,normal,1_73_96,24,73,96,43800,57600,0,0.45784056,1
train,1,data_1.csv,normal,1_74_97,24,74,97,44400,58200,0,0.46384403,1
train,1,data_1.csv,normal,1_75_98,24,75,98,45000,58800,0,0.47653952,1
train,1,data_1.csv,normal,1_76_99,24,76,99,45600,59400,0,0.480136,1
train,1,data_1.csv,normal,1_77_100,24,77,100,46200,60000,0,0.49665275,1
train,1,data_1.csv,normal,1_78_101,24,78,101,46800,60600,0,0.5154088,1
train,1,data_1.csv,normal,1_79_102,24,79,102,47400,61200,0,0.53120375,1
train,1,data_1.csv,normal,1_80_103,24,80,103,48000,61800,0,0.54047275,1
train,1,data_1.csv,normal,1_81_104,24,81,104,48600,62400,0,0.54847723,1
train,1,data_1.csv,normal,1_82_105,24,82,105,49200,63000,0,0.5533339,1
train,1,data_1.csv,normal,1_83_106,24,83,106,49800,63600,0,0.56836593,1
train,1,data_1.csv,normal,1_84_107,24,84,107,50400,64200,0,0.5854625,1
train,1,data_1.csv,normal,1_85_108,24,85,108,51000,64800,0,0.5962476,1
train,1,data_1.csv,normal,1_86_109,24,86,109,51600,65400,0,0.603246,1
train,1,data_1.csv,normal,1_87_110,24,87,110,52200,66000,0,0.61094,1
train,1,data_1.csv,normal,1_88_111,24,88,111,52800,66600,0,0.6106267,1
train,1,data_1.csv,normal,1_89_112,24,89,112,53400,67200,0,0.6213339,1
train,1,data_1.csv,normal,1_90_113,24,90,113,54000,67800,0,0.63220197,1
train,1,data_1.csv,normal,1_91_114,24,91,114,54600,68400,0,0.6312981,1
train,1,data_1.csv,normal,1_92_115,24,92,115,55200,69000,0,0.6348509,1
train,1,data_1.csv,normal,1_93_116,24,93,116,55800,69600,0,0.6410178,1
train,1,data_1.csv,normal,1_94_117,24,94,117,56400,70200,0,0.64125156,1
train,1,data_1.csv,normal,1_95_118,24,95,118,57000,70800,0,0.64635503,1
train,1,data_1.csv,normal,1_96_119,24,96,119,57600,71400,0,0.6494846,1
train,1,data_1.csv,normal,1_97_120,24,97,120,58200,72000,0,0.6337678,1
train,1,data_1.csv,normal,1_98_121,24,98,121,58800,72600,0,0.6292494,1
train,1,data_1.csv,normal,1_99_122,24,99,122,59400,73200,0,0.64154506,1
train,1,data_1.csv,normal,1_100_123,24,100,123,60000,73800,0,0.64807975,1
train,1,data_1.csv,normal,1_101_124,24,101,124,60600,74400,0,0.64761716,1
train,1,data_1.csv,normal,1_102_125,24,102,125,61200,75000,0,0.6403412,1
train,1,data_1.csv,normal,1_103_126,24,103,126,61800,75600,0,0.6332047,1
train,1,data_1.csv,normal,1_104_127,24,104,127,62400,76200,0,0.63491714,1
train,1,data_1.csv,normal,1_105_128,24,105,128,63000,76800,0,0.65280783,1
train,1,data_1.csv,normal,1_106_129,24,106,129,63600,77400,0,0.67699367,1
train,1,data_1.csv,normal,1_107_130,24,107,130,64200,78000,0,0.68558264,1
train,1,data_1.csv,normal,1_108_131,24,108,131,64800,78600,0,0.6772777,1
train,1,data_1.csv,normal,1_109_132,24,109,132,65400,79200,0,0.67373776,1
train,1,data_1.csv,normal,1_110_133,24,110,133,66000,79800,0,0.6782075,1
train,1,data_1.csv,normal,1_111_134,24,111,134,66600,80400,0,0.68791276,1
train,1,data_1.csv,normal,1_112_135,24,112,135,67200,81000,0,0.6977714,1
train,1,data_1.csv,normal,1_113_136,24,113,136,67800,81600,0,0.7051395,1
train,1,data_1.csv,normal,1_114_137,24,114,137,68400,82200,0,0.7010464,1
train,1,data_1.csv,normal,1_115_138,24,115,138,69000,82800,0,0.6867886,1
train,1,data_1.csv,normal,1_116_139,24,116,139,69600,83400,0,0.6689601,1
train,1,data_1.csv,normal,1_117_140,24,117,140,70200,84000,0,0.6532868,1
train,1,data_1.csv,normal,1_118_141,24,118,141,70800,84600,0,0.62230974,1
train,1,data_1.csv,normal,1_119_142,24,119,142,71400,85200,0,0.59121454,1
train,1,data_1.csv,normal,1_120_143,24,120,143,72000,85800,0,0.5521571,1
train,1,data_1.csv,normal,1_121_144,24,121,144,72600,86400,0,0.5119199,1
train,3,data_3.csv,normal,3_0_23,24,0,23,0,13800,0,0.14863455,1
train,3,data_3.csv,normal,3_1_24,24,1,24,600,14400,0,0.1481357,1
train,3,data_3.csv,normal,3_2_25,24,2,25,1200,15000,0,0.14533496,1
train,3,data_3.csv,normal,3_3_26,24,3,26,1800,15600,0,0.1441276,1
train,3,data_3.csv,normal,3_4_27,24,4,27,2400,16200,0,0.14093114,1
train,3,data_3.csv,normal,3_5_28,24,5,28,3000,16800,0,0.14171846,1
train,3,data_3.csv,normal,3_6_29,24,6,29,3600,17400,0,0.14117648,1
train,3,data_3.csv,normal,3_7_30,24,7,30,4200,18000,0,0.13861379,1
train,3,data_3.csv,normal,3_8_31,24,8,31,4800,18600,0,0.13040732,1
train,3,data_3.csv,normal,3_9_32,24,9,32,5400,19200,0,0.12904552,1
train,3,data_3.csv,normal,3_10_33,24,10,33,6000,19800,0,0.12703854,1
train,3,data_3.csv,normal,3_11_34,24,11,34,6600,20400,0,0.12689742,1
train,3,data_3.csv,normal,3_12_35,24,12,35,7200,21000,0,0.126253,1
train,3,data_3.csv,normal,3_13_36,24,13,36,7800,21600,0,0.12921405,1
train,3,data_3.csv,normal,3_14_37,24,14,37,8400,22200,0,0.12590964,1
train,3,data_3.csv,normal,3_15_38,24,15,38,9000,22800,0,0.12946963,1
train,3,data_3.csv,normal,3_16_39,24,16,39,9600,23400,0,0.13441354,1
train,3,data_3.csv,normal,3_17_40,24,17,40,10200,24000,0,0.13767326,1
train,3,data_3.csv,normal,3_18_41,24,18,41,10800,24600,0,0.14448775,1
train,3,data_3.csv,normal,3_19_42,24,19,42,11400,25200,0,0.15544826,1
train,3,data_3.csv,normal,3_20_43,24,20,43,12000,25800,0,0.1599772,1
train,3,data_3.csv,normal,3_21_44,24,21,44,12600,26400,0,0.17139094,1
train,3,data_3.csv,normal,3_22_45,24,22,45,13200,27000,0,0.18765816,1
train,3,data_3.csv,normal,3_23_46,24,23,46,13800,27600,0,0.19789366,1
train,3,data_3.csv,normal,3_24_47,24,24,47,14400,28200,0,0.21007696,1
train,3,data_3.csv,normal,3_25_48,24,25,48,15000,28800,0,0.223217,1
train,3,data_3.csv,normal,3_26_49,24,26,49,15600,29400,0,0.23401009,1
train,3,data_3.csv,normal,3_27_50,24,27,50,16200,30000,0,0.24824496,1
train,3,data_3.csv,normal,3_28_51,24,28,51,16800,30600,0,0.26508188,1
train,3,data_3.csv,normal,3_29_52,24,29,52,17400,31200,0,0.27710462,1
train,3,data_3.csv,normal,3_30_53,24,30,53,18000,31800,0,0.29124704,1
train,3,data_3.csv,normal,3_31_54,24,31,54,18600,32400,0,0.29858717,1
train,3,data_3.csv,normal,3_32_55,24,32,55,19200,33000,0,0.3039049,1
train,3,data_3.csv,normal,3_33_56,24,33,56,19800,33600,0,0.31598303,1
train,3,data_3.csv,normal,3_34_57,24,34,57,20400,34200,0,0.32984778,1
train,3,data_3.csv,normal,3_35_58,24,35,58,21000,34800,0,0.3387953,1
train,3,data_3.csv,normal,3_36_59,24,36,59,21600,35400,0,0.35042036,1
train,3,data_3.csv,normal,3_37_60,24,37,60,22200,36000,0,0.37089902,1
train,3,data_3.csv,normal,3_38_61,24,38,61,22800,36600,0,0.37348357,1
train,3,data_3.csv,normal,3_39_62,24,39,62,23400,37200,0,0.39088735,1
train,3,data_3.csv,normal,3_40_63,24,40,63,24000,37800,0,0.41216475,1
train,3,data_3.csv,normal,3_41_64,24,41,64,24600,38400,0,0.4293537,1
train,3,data_3.csv,normal,3_42_65,24,42,65,25200,39000,0,0.44351354,1
train,3,data_3.csv,normal,3_43_66,24,43,66,25800,39600,0,0.45640326,1
train,3,data_3.csv,normal,3_44_67,24,44,67,26400,40200,0,0.46920413,1
train,3,data_3.csv,normal,3_45_68,24,45,68,27000,40800,0,0.4901317,1
train,3,data_3.csv,normal,3_46_69,24,46,69,27600,41400,0,0.50574106,1
train,3,data_3.csv,normal,3_47_70,24,47,70,28200,42000,0,0.5354727,1
train,3,data_3.csv,normal,3_48_71,24,48,71,28800,42600,0,0.55574566,1
train,3,data_3.csv,normal,3_49_72,24,49,72,29400,43200,0,0.5519647,1
train,3,data_3.csv,normal,3_50_73,24,50,73,30000,43800,0,0.5326696,1
train,3,data_3.csv,normal,3_51_74,24,51,74,30600,44400,0,0.5186757,1
train,3,data_3.csv,normal,3_52_75,24,52,75,31200,45000,0,0.5028357,1
train,3,data_3.csv,normal,3_53_76,24,53,76,31800,45600,0,0.5037505,1
train,3,data_3.csv,normal,3_54_77,24,54,77,32400,46200,0,0.52433723,1
train,3,data_3.csv,normal,3_55_78,24,55,78,33000,46800,0,0.5617963,1
train,3,data_3.csv,normal,3_56_79,24,56,79,33600,47400,0,0.58122945,1
train,3,data_3.csv,normal,3_57_80,24,57,80,34200,48000,0,0.5989332,1
train,3,data_3.csv,normal,3_58_81,24,58,81,34800,48600,0,0.60740286,1
train,3,data_3.csv,normal,3_59_82,24,59,82,35400,49200,0,0.63462627,1
train,3,data_3.csv,normal,3_60_83,24,60,83,36000,49800,0,0.6555706,1
train,3,data_3.csv,normal,3_61_84,24,61,84,36600,50400,0,0.6799846,1
train,3,data_3.csv,normal,3_62_85,24,62,85,37200,51000,0,0.69927925,1
train,3,data_3.csv,normal,3_63_86,24,63,86,37800,51600,0,0.7118043,1
train,3,data_3.csv,normal,3_64_87,24,64,87,38400,52200,0,0.71536666,1
train,3,data_3.csv,normal,3_65_88,24,65,88,39000,52800,0,0.73457587,1
train,3,data_3.csv,normal,3_66_89,24,66,89,39600,53400,0,0.75547564,1
train,3,data_3.csv,normal,3_67_90,24,67,90,40200,54000,0,0.7711538,1
train,3,data_3.csv,normal,3_68_91,24,68,91,40800,54600,0,0.78469783,1
train,3,data_3.csv,normal,3_69_92,24,69,92,41400,55200,0,0.7957851,1
train,3,data_3.csv,normal,3_70_93,24,70,93,42000,55800,0,0.7958656,1
train,3,data_3.csv,normal,3_71_94,24,71,94,42600,56400,0,0.81409377,1
train,3,data_3.csv,normal,3_72_95,24,72,95,43200,57000,0,0.8267986,1
train,3,data_3.csv,normal,3_73_96,24,73,96,43800,57600,0,0.83238137,1
train,3,data_3.csv,normal,3_74_97,24,74,97,44400,58200,0,0.8380149,1
train,3,data_3.csv,normal,3_75_98,24,75,98,45000,58800,0,0.8449007,1
train,3,data_3.csv,normal,3_76_99,24,76,99,45600,59400,0,0.8445626,1
train,3,data_3.csv,normal,3_77_100,24,77,100,46200,60000,0,0.85302514,1
train,3,data_3.csv,normal,3_78_101,24,78,101,46800,60600,0,0.8592082,1
train,3,data_3.csv,normal,3_79_102,24,79,102,47400,61200,0,0.8624221,1
train,3,data_3.csv,normal,3_80_103,24,80,103,48000,61800,0,0.86428595,1
train,3,data_3.csv,normal,3_81_104,24,81,104,48600,62400,0,0.8676127,1
train,3,data_3.csv,normal,3_82_105,24,82,105,49200,63000,0,0.867174,1
train,3,data_3.csv,normal,3_83_106,24,83,106,49800,63600,0,0.87184095,1
train,3,data_3.csv,normal,3_84_107,24,84,107,50400,64200,0,0.8750665,1
train,3,data_3.csv,normal,3_85_108,24,85,108,51000,64800,0,0.87407494,1
train,3,data_3.csv,normal,3_86_109,24,86,109,51600,65400,0,0.87386096,1
train,3,data_3.csv,normal,3_87_110,24,87,110,52200,66000,0,0.87558895,1
train,3,data_3.csv,normal,3_88_111,24,88,111,52800,66600,0,0.87554336,1
train,3,data_3.csv,normal,3_89_112,24,89,112,53400,67200,0,0.87747663,1
train,3,data_3.csv,normal,3_90_113,24,90,113,54000,67800,0,0.87710917,1
train,3,data_3.csv,normal,3_91_114,24,91,114,54600,68400,0,0.87704885,1
train,3,data_3.csv,normal,3_92_115,24,92,115,55200,69000,0,0.876451,1
train,3,data_3.csv,normal,3_93_116,24,93,116,55800,69600,0,0.8760594,1
train,3,data_3.csv,normal,3_94_117,24,94,117,56400,70200,0,0.8759307,1
train,3,data_3.csv,normal,3_95_118,24,95,118,57000,70800,0,0.87507516,1
train,3,data_3.csv,normal,3_96_119,24,96,119,57600,71400,0,0.87492067,1
train,3,data_3.csv,normal,3_97_120,24,97,120,58200,72000,0,0.86628574,1
train,3,data_3.csv,normal,3_98_121,24,98,121,58800,72600,0,0.8634488,1
train,3,data_3.csv,normal,3_99_122,24,99,122,59400,73200,0,0.8649872,1
train,3,data_3.csv,normal,3_100_123,24,100,123,60000,73800,0,0.8651079,1
train,3,data_3.csv,normal,3_101_124,24,101,124,60600,74400,0,0.8610519,1
train,3,data_3.csv,normal,3_102_125,24,102,125,61200,75000,0,0.85348076,1
train,3,data_3.csv,normal,3_103_126,24,103,126,61800,75600,0,0.8318352,1
train,3,data_3.csv,normal,3_104_127,24,104,127,62400,76200,0,0.8195131,1
train,3,data_3.csv,normal,3_105_128,24,105,128,63000,76800,0,0.8282777,1
train,3,data_3.csv,normal,3_106_129,24,106,129,63600,77400,0,0.8304893,1
train,3,data_3.csv,normal,3_107_130,24,107,130,64200,78000,0,0.81374884,1
train,3,data_3.csv,normal,3_108_131,24,108,131,64800,78600,0,0.79144806,1
train,3,data_3.csv,normal,3_109_132,24,109,132,65400,79200,0,0.76909596,1
train,3,data_3.csv,normal,3_110_133,24,110,133,66000,79800,0,0.7493142,1
train,3,data_3.csv,normal,3_111_134,24,111,134,66600,80400,0,0.7559487,1
train,3,data_3.csv,normal,3_112_135,24,112,135,67200,81000,0,0.773669,1
train,3,data_3.csv,normal,3_113_136,24,113,136,67800,81600,0,0.7757237,1
train,3,data_3.csv,normal,3_114_137,24,114,137,68400,82200,0,0.7660966,1
train,3,data_3.csv,normal,3_115_138,24,115,138,69000,82800,0,0.76494014,1
train,3,data_3.csv,normal,3_116_139,24,116,139,69600,83400,0,0.7457532,1
train,3,data_3.csv,normal,3_117_140,24,117,140,70200,84000,0,0.75411415,1
train,3,data_3.csv,normal,3_118_141,24,118,141,70800,84600,0,0.76225007,1
train,3,data_3.csv,normal,3_119_142,24,119,142,71400,85200,0,0.76571274,1
train,3,data_3.csv,normal,3_120_143,24,120,143,72000,85800,0,0.7499801,1
train,3,data_3.csv,normal,3_121_144,24,121,144,72600,86400,0,0.73773116,1
train,4,data_4.csv,normal,4_0_23,24,0,23,0,13800,0,0.16556503,1
train,4,data_4.csv,normal,4_1_24,24,1,24,600,14400,0,0.16556503,1
train,4,data_4.csv,normal,4_2_25,24,2,25,1200,15000,0,0.16556503,1
train,4,data_4.csv,normal,4_3_26,24,3,26,1800,15600,0,0.16556503,1
train,4,data_4.csv,normal,4_4_27,24,4,27,2400,16200,0,0.16556503,1
train,4,data_4.csv,normal,4_5_28,24,5,28,3000,16800,0,0.16556503,1
train,4,data_4.csv,normal,4_6_29,24,6,29,3600,17400,0,0.16556503,1
train,4,data_4.csv,normal,4_7_30,24,7,30,4200,18000,0,0.16539894,1
train,4,data_4.csv,normal,4_8_31,24,8,31,4800,18600,0,0.16431876,1
train,4,data_4.csv,normal,4_9_32,24,9,32,5400,19200,0,0.1637051,1
train,4,data_4.csv,normal,4_10_33,24,10,33,6000,19800,0,0.16253062,1
train,4,data_4.csv,normal,4_11_34,24,11,34,6600,20400,0,0.16250199,1
train,4,data_4.csv,normal,4_12_35,24,12,35,7200,21000,0,0.16223072,1
train,4,data_4.csv,normal,4_13_36,24,13,36,7800,21600,0,0.16140601,1
train,4,data_4.csv,normal,4_14_37,24,14,37,8400,22200,0,0.15887752,1
train,4,data_4.csv,normal,4_15_38,24,15,38,9000,22800,0,0.15845346,1
train,4,data_4.csv,normal,4_16_39,24,16,39,9600,23400,0,0.15728335,1
train,4,data_4.csv,normal,4_17_40,24,17,40,10200,24000,0,0.15689415,1
train,4,data_4.csv,normal,4_18_41,24,18,41,10800,24600,0,0.15645158,1
train,4,data_4.csv,normal,4_19_42,24,19,42,11400,25200,0,0.1568118,1
train,4,data_4.csv,normal,4_20_43,24,20,43,12000,25800,0,0.15429416,1
train,4,data_4.csv,normal,4_21_44,24,21,44,12600,26400,0,0.15438624,1
train,4,data_4.csv,normal,4_22_45,24,22,45,13200,27000,0,0.15510897,1
train,4,data_4.csv,normal,4_23_46,24,23,46,13800,27600,0,0.15523139,1
train,4,data_4.csv,normal,4_24_47,24,24,47,14400,28200,0,0.15578943,1
train,4,data_4.csv,normal,4_25_48,24,25,48,15000,28800,0,0.15859213,1
train,4,data_4.csv,normal,4_26_49,24,26,49,15600,29400,0,0.15976584,1
train,4,data_4.csv,normal,4_27_50,24,27,50,16200,30000,0,0.16364437,1
train,4,data_4.csv,normal,4_28_51,24,28,51,16800,30600,0,0.16771431,1
train,4,data_4.csv,normal,4_29_52,24,29,52,17400,31200,0,0.17101733,1
train,4,data_4.csv,normal,4_30_53,24,30,53,18000,31800,0,0.17362556,1
train,4,data_4.csv,normal,4_31_54,24,31,54,18600,32400,0,0.176857,1
train,4,data_4.csv,normal,4_32_55,24,32,55,19200,33000,0,0.17928882,1
train,4,data_4.csv,normal,4_33_56,24,33,56,19800,33600,0,0.18420939,1
train,4,data_4.csv,normal,4_34_57,24,34,57,20400,34200,0,0.18999596,1
train,4,data_4.csv,normal,4_35_58,24,35,58,21000,34800,0,0.19366854,1
train,4,data_4.csv,normal,4_36_59,24,36,59,21600,35400,0,0.19685544,1
train,4,data_4.csv,normal,4_37_60,24,37,60,22200,36000,0,0.20081088,1
train,4,data_4.csv,normal,4_38_61,24,38,61,22800,36600,0,0.2027239,1
train,4,data_4.csv,normal,4_39_62,24,39,62,23400,37200,0,0.20644021,1
train,4,data_4.csv,normal,4_40_63,24,40,63,24000,37800,0,0.20990811,1
train,4,data_4.csv,normal,4_41_64,24,41,64,24600,38400,0,0.21430288,1
train,4,data_4.csv,normal,4_42_65,24,42,65,25200,39000,0,0.21747887,1
train,4,data_4.csv,normal,4_43_66,24,43,66,25800,39600,0,0.21868056,1
train,4,data_4.csv,normal,4_44_67,24,44,67,26400,40200,0,0.21672589,1
train,4,data_4.csv,normal,4_45_68,24,45,68,27000,40800,0,0.22094074,1
train,4,data_4.csv,normal,4_46_69,24,46,69,27600,41400,0,0.2225539,1
train,4,data_4.csv,normal,4_47_70,24,47,70,28200,42000,0,0.22661851,1
train,4,data_4.csv,normal,4_48_71,24,48,71,28800,42600,0,0.22797163,1
train,4,data_4.csv,normal,4_49_72,24,49,72,29400,43200,0,0.2284737,1
train,4,data_4.csv,normal,4_50_73,24,50,73,30000,43800,0,0.22488856,1
train,4,data_4.csv,normal,4_51_74,24,51,74,30600,44400,0,0.22765273,1
train,4,data_4.csv,normal,4_52_75,24,52,75,31200,45000,0,0.23388536,1
train,4,data_4.csv,normal,4_53_76,24,53,76,31800,45600,0,0.23519799,1
train,4,data_4.csv,normal,4_54_77,24,54,77,32400,46200,0,0.23869929,1
train,4,data_4.csv,normal,4_55_78,24,55,78,33000,46800,0,0.24666245,1
train,4,data_4.csv,normal,4_56_79,24,56,79,33600,47400,0,0.2546501,1
train,4,data_4.csv,normal,4_57_80,24,57,80,34200,48000,0,0.26570997,1
train,4,data_4.csv,normal,4_58_81,24,58,81,34800,48600,0,0.28022388,1
train,4,data_4.csv,normal,4_59_82,24,59,82,35400,49200,0,0.29065222,1
train,4,data_4.csv,normal,4_60_83,24,60,83,36000,49800,0,0.2996745,1
train,4,data_4.csv,normal,4_61_84,24,61,84,36600,50400,0,0.30797753,1
train,4,data_4.csv,normal,4_62_85,24,62,85,37200,51000,0,0.32388017,1
train,4,data_4.csv,normal,4_63_86,24,63,86,37800,51600,0,0.33990717,1
train,4,data_4.csv,normal,4_64_87,24,64,87,38400,52200,0,0.35961038,1
train,4,data_4.csv,normal,4_65_88,24,65,88,39000,52800,0,0.37341452,1
train,4,data_4.csv,normal,4_66_89,24,66,89,39600,53400,0,0.38256642,1
train,4,data_4.csv,normal,4_67_90,24,67,90,40200,54000,0,0.3874415,1
train,4,data_4.csv,normal,4_68_91,24,68,91,40800,54600,0,0.39847067,1
train,4,data_4.csv,normal,4_69_92,24,69,92,41400,55200,0,0.40052372,1
train,4,data_4.csv,normal,4_70_93,24,70,93,42000,55800,0,0.4061298,1
train,4,data_4.csv,normal,4_71_94,24,71,94,42600,56400,0,0.4078552,1
train,4,data_4.csv,normal,4_72_95,24,72,95,43200,57000,0,0.40565312,1
train,4,data_4.csv,normal,4_73_96,24,73,96,43800,57600,0,0.40124506,1
train,4,data_4.csv,normal,4_74_97,24,74,97,44400,58200,0,0.40369922,1
train,4,data_4.csv,normal,4_75_98,24,75,98,45000,58800,0,0.40124747,1
train,4,data_4.csv,normal,4_76_99,24,76,99,45600,59400,0,0.39749202,1
train,4,data_4.csv,normal,4_77_100,24,77,100,46200,60000,0,0.39650422,1
train,4,data_4.csv,normal,4_78_101,24,78,101,46800,60600,0,0.39146322,1
train,4,data_4.csv,normal,4_79_102,24,79,102,47400,61200,0,0.378342,1
train,4,data_4.csv,normal,4_80_103,24,80,103,48000,61800,0,0.36290544,1
train,4,data_4.csv,normal,4_81_104,24,81,104,48600,62400,0,0.3472063,1
train,4,data_4.csv,normal,4_82_105,24,82,105,49200,63000,0,0.33170074,1
train,4,data_4.csv,normal,4_83_106,24,83,106,49800,63600,0,0.31727585,1
train,4,data_4.csv,normal,4_84_107,24,84,107,50400,64200,0,0.30705944,1
train,4,data_4.csv,normal,4_85_108,24,85,108,51000,64800,0,0.30111644,1
train,4,data_4.csv,normal,4_86_109,24,86,109,51600,65400,0,0.29070306,1
train,4,data_4.csv,normal,4_87_110,24,87,110,52200,66000,0,0.28188407,1
train,4,data_4.csv,normal,4_88_111,24,88,111,52800,66600,0,0.27362373,1
train,4,data_4.csv,normal,4_89_112,24,89,112,53400,67200,0,0.26936424,1
train,4,data_4.csv,normal,4_90_113,24,90,113,54000,67800,0,0.26614568,1
train,4,data_4.csv,normal,4_91_114,24,91,114,54600,68400,0,0.26385427,1
train,4,data_4.csv,normal,4_92_115,24,92,115,55200,69000,0,0.25942257,1
train,4,data_4.csv,normal,4_93_116,24,93,116,55800,69600,0,0.26008365,1
train,4,data_4.csv,normal,4_94_117,24,94,117,56400,70200,0,0.26023003,1
train,4,data_4.csv,normal,4_95_118,24,95,118,57000,70800,0,0.2594078,1
train,4,data_4.csv,normal,4_96_119,24,96,119,57600,71400,0,0.25843105,1
train,4,data_4.csv,normal,4_97_120,24,97,120,58200,72000,0,0.26213196,1
train,4,data_4.csv,normal,4_98_121,24,98,121,58800,72600,0,0.26503527,1
train,4,data_4.csv,normal,4_99_122,24,99,122,59400,73200,0,0.26835236,1
train,4,data_4.csv,normal,4_100_123,24,100,123,60000,73800,0,0.27788147,1
train,4,data_4.csv,normal,4_101_124,24,101,124,60600,74400,0,0.2793556,1
train,4,data_4.csv,normal,4_102_125,24,102,125,61200,75000,0,0.28303587,1
train,4,data_4.csv,normal,4_103_126,24,103,126,61800,75600,0,0.29458204,1
train,4,data_4.csv,normal,4_104_127,24,104,127,62400,76200,0,0.3170809,1
train,4,data_4.csv,normal,4_105_128,24,105,128,63000,76800,0,0.33247593,1
train,4,data_4.csv,normal,4_106_129,24,106,129,63600,77400,0,0.3533941,1
train,4,data_4.csv,normal,4_107_130,24,107,130,64200,78000,0,0.36875302,1
train,4,data_4.csv,normal,4_108_131,24,108,131,64800,78600,0,0.37661034,1
train,4,data_4.csv,normal,4_109_132,24,109,132,65400,79200,0,0.3772852,1
train,4,data_4.csv,normal,4_110_133,24,110,133,66000,79800,0,0.39036375,1
train,4,data_4.csv,normal,4_111_134,24,111,134,66600,80400,0,0.38979563,1
train,4,data_4.csv,normal,4_112_135,24,112,135,67200,81000,0,0.39473286,1
train,4,data_4.csv,normal,4_113_136,24,113,136,67800,81600,0,0.39461035,1
train,4,data_4.csv,normal,4_114_137,24,114,137,68400,82200,0,0.386788,1
train,4,data_4.csv,normal,4_115_138,24,115,138,69000,82800,0,0.37376425,1
train,4,data_4.csv,normal,4_116_139,24,116,139,69600,83400,0,0.3672348,1
train,4,data_4.csv,normal,4_117_140,24,117,140,70200,84000,0,0.34942895,1
train,4,data_4.csv,normal,4_118_141,24,118,141,70800,84600,0,0.33264986,1
train,4,data_4.csv,normal,4_119_142,24,119,142,71400,85200,0,0.3192258,1
train,4,data_4.csv,normal,4_120_143,24,120,143,72000,85800,0,0.30537757,1
train,4,data_4.csv,normal,4_121_144,24,121,144,72600,86400,0,0.29374686,1
train,6,data_6.csv,normal,6_0_23,24,0,23,0,13800,0,0.18994087,1
train,6,data_6.csv,normal,6_1_24,24,1,24,600,14400,0,0.18900947,1
train,6,data_6.csv,normal,6_2_25,24,2,25,1200,15000,0,0.18730758,1
train,6,data_6.csv,normal,6_3_26,24,3,26,1800,15600,0,0.18603948,1
train,6,data_6.csv,normal,6_4_27,24,4,27,2400,16200,0,0.18456665,1
train,6,data_6.csv,normal,6_5_28,24,5,28,3000,16800,0,0.18365346,1
train,6,data_6.csv,normal,6_6_29,24,6,29,3600,17400,0,0.18294574,1
train,6,data_6.csv,normal,6_7_30,24,7,30,4200,18000,0,0.18261154,1
train,6,data_6.csv,normal,6_8_31,24,8,31,4800,18600,0,0.18113872,1
train,6,data_6.csv,normal,6_9_32,24,9,32,5400,19200,0,0.1807009,1
train,6,data_6.csv,normal,6_10_33,24,10,33,6000,19800,0,0.18011743,1
train,6,data_6.csv,normal,6_11_34,24,11,34,6600,20400,0,0.17984097,1
train,6,data_6.csv,normal,6_12_35,24,12,35,7200,21000,0,0.17965338,1
train,6,data_6.csv,normal,6_13_36,24,13,36,7800,21600,0,0.18004173,1
train,6,data_6.csv,normal,6_14_37,24,14,37,8400,22200,0,0.17907102,1
train,6,data_6.csv,normal,6_15_38,24,15,38,9000,22800,0,0.17958605,1
train,6,data_6.csv,normal,6_16_39,24,16,39,9600,23400,0,0.18010475,1
train,6,data_6.csv,normal,6_17_40,24,17,40,10200,24000,0,0.1805688,1
train,6,data_6.csv,normal,6_18_41,24,18,41,10800,24600,0,0.18100421,1
train,6,data_6.csv,normal,6_19_42,24,19,42,11400,25200,0,0.18216114,1
train,6,data_6.csv,normal,6_20_43,24,20,43,12000,25800,0,0.18193343,1
train,6,data_6.csv,normal,6_21_44,24,21,44,12600,26400,0,0.18346527,1
train,6,data_6.csv,normal,6_22_45,24,22,45,13200,27000,0,0.18507904,1
train,6,data_6.csv,normal,6_23_46,24,23,46,13800,27600,0,0.18638387,1
train,6,data_6.csv,normal,6_24_47,24,24,47,14400,28200,0,0.18746543,1
train,6,data_6.csv,normal,6_25_48,24,25,48,15000,28800,0,0.18905698,1
train,6,data_6.csv,normal,6_26_49,24,26,49,15600,29400,0,0.1887334,1
train,6,data_6.csv,normal,6_27_50,24,27,50,16200,30000,0,0.19065642,1
train,6,data_6.csv,normal,6_28_51,24,28,51,16800,30600,0,0.19230518,1
train,6,data_6.csv,normal,6_29_52,24,29,52,17400,31200,0,0.19421457,1
train,6,data_6.csv,normal,6_30_53,24,30,53,18000,31800,0,0.19557771,1
train,6,data_6.csv,normal,6_31_54,24,31,54,18600,32400,0,0.19696052,1
train,6,data_6.csv,normal,6_32_55,24,32,55,19200,33000,0,0.19319876,1
train,6,data_6.csv,normal,6_33_56,24,33,56,19800,33600,0,0.19386725,1
train,6,data_6.csv,normal,6_34_57,24,34,57,20400,34200,0,0.19406414,1
train,6,data_6.csv,normal,6_35_58,24,35,58,21000,34800,0,0.19654553,1
train,6,data_6.csv,normal,6_36_59,24,36,59,21600,35400,0,0.19679913,1
train,6,data_6.csv,normal,6_37_60,24,37,60,22200,36000,0,0.20363253,1
train,6,data_6.csv,normal,6_38_61,24,38,61,22800,36600,0,0.20053162,1
train,6,data_6.csv,normal,6_39_62,24,39,62,23400,37200,0,0.20689961,1
train,6,data_6.csv,normal,6_40_63,24,40,63,24000,37800,0,0.21105394,1
train,6,data_6.csv,normal,6_41_64,24,41,64,24600,38400,0,0.21845971,1
train,6,data_6.csv,normal,6_42_65,24,42,65,25200,39000,0,0.22983249,1
train,6,data_6.csv,normal,6_43_66,24,43,66,25800,39600,0,0.26196903,1
train,6,data_6.csv,normal,6_44_67,24,44,67,26400,40200,0,0.272673,1
train,6,data_6.csv,normal,6_45_68,24,45,68,27000,40800,0,0.289462,1
train,6,data_6.csv,normal,6_46_69,24,46,69,27600,41400,0,0.31602052,1
train,6,data_6.csv,normal,6_47_70,24,47,70,28200,42000,0,0.36780286,1
train,6,data_6.csv,normal,6_48_71,24,48,71,28800,42600,0,0.42757764,1
train,6,data_6.csv,normal,6_49_72,24,49,72,29400,43200,0,0.5227412,1
train,6,data_6.csv,normal,6_50_73,24,50,73,30000,43800,0,0.56540155,1
train,6,data_6.csv,normal,6_51_74,24,51,74,30600,44400,0,0.6287878,1
train,6,data_6.csv,normal,6_52_75,24,52,75,31200,45000,0,0.67361766,1
train,6,data_6.csv,normal,6_53_76,24,53,76,31800,45600,0,0.72757465,1
train,6,data_6.csv,normal,6_54_77,24,54,77,32400,46200,0,0.76468945,1
train,6,data_6.csv,normal,6_55_78,24,55,78,33000,46800,0,0.7851053,1
train,6,data_6.csv,normal,6_56_79,24,56,79,33600,47400,0,0.79827917,1
train,6,data_6.csv,normal,6_57_80,24,57,80,34200,48000,0,0.817967,1
train,6,data_6.csv,normal,6_58_81,24,58,81,34800,48600,0,0.81921613,1
train,6,data_6.csv,normal,6_59_82,24,59,82,35400,49200,0,0.8402868,1
train,6,data_6.csv,normal,6_60_83,24,60,83,36000,49800,0,0.85318804,1
train,6,data_6.csv,normal,6_61_84,24,61,84,36600,50400,0,0.85848045,1
train,6,data_6.csv,normal,6_62_85,24,62,85,37200,51000,0,0.8636586,1
train,6,data_6.csv,normal,6_63_86,24,63,86,37800,51600,0,0.8714898,1
train,6,data_6.csv,normal,6_64_87,24,64,87,38400,52200,0,0.87037104,1
train,6,data_6.csv,normal,6_65_88,24,65,88,39000,52800,0,0.88139313,1
train,6,data_6.csv,normal,6_66_89,24,66,89,39600,53400,0,0.8872461,1
train,6,data_6.csv,normal,6_67_90,24,67,90,40200,54000,0,0.88960296,1
train,6,data_6.csv,normal,6_68_91,24,68,91,40800,54600,0,0.89107156,1
train,6,data_6.csv,normal,6_69_92,24,69,92,41400,55200,0,0.89340144,1
train,6,data_6.csv,normal,6_70_93,24,70,93,42000,55800,0,0.8933533,1
train,6,data_6.csv,normal,6_71_94,24,71,94,42600,56400,0,0.8972111,1
train,6,data_6.csv,normal,6_72_95,24,72,95,43200,57000,0,0.8995274,1
train,6,data_6.csv,normal,6_73_96,24,73,96,43800,57600,0,0.90095264,1
train,6,data_6.csv,normal,6_74_97,24,74,97,44400,58200,0,0.90205616,1
train,6,data_6.csv,normal,6_75_98,24,75,98,45000,58800,0,0.9028673,1
train,6,data_6.csv,normal,6_76_99,24,76,99,45600,59400,0,0.90296566,1
train,6,data_6.csv,normal,6_77_100,24,77,100,46200,60000,0,0.9049016,1
train,6,data_6.csv,normal,6_78_101,24,78,101,46800,60600,0,0.9063947,1
train,6,data_6.csv,normal,6_79_102,24,79,102,47400,61200,0,0.906765,1
train,6,data_6.csv,normal,6_80_103,24,80,103,48000,61800,0,0.90746367,1
train,6,data_6.csv,normal,6_81_104,24,81,104,48600,62400,0,0.9080972,1
train,6,data_6.csv,normal,6_82_105,24,82,105,49200,63000,0,0.90809476,1
train,6,data_6.csv,normal,6_83_106,24,83,106,49800,63600,0,0.9087682,1
train,6,data_6.csv,normal,6_84_107,24,84,107,50400,64200,0,0.909372,1
train,6,data_6.csv,normal,6_85_108,24,85,108,51000,64800,0,0.90723044,1
train,6,data_6.csv,normal,6_86_109,24,86,109,51600,65400,0,0.90625805,1
train,6,data_6.csv,normal,6_87_110,24,87,110,52200,66000,0,0.9072577,1
train,6,data_6.csv,normal,6_88_111,24,88,111,52800,66600,0,0.90708554,1
train,6,data_6.csv,normal,6_89_112,24,89,112,53400,67200,0,0.90604454,1
train,6,data_6.csv,normal,6_90_113,24,90,113,54000,67800,0,0.90443164,1
train,6,data_6.csv,normal,6_91_114,24,91,114,54600,68400,0,0.89101434,1
train,6,data_6.csv,normal,6_92_115,24,92,115,55200,69000,0,0.8847384,1
train,6,data_6.csv,normal,6_93_116,24,93,116,55800,69600,0,0.88870007,1
train,6,data_6.csv,normal,6_94_117,24,94,117,56400,70200,0,0.8907894,1
train,6,data_6.csv,normal,6_95_118,24,95,118,57000,70800,0,0.8824854,1
train,6,data_6.csv,normal,6_96_119,24,96,119,57600,71400,0,0.8687387,1
train,6,data_6.csv,normal,6_97_120,24,97,120,58200,72000,0,0.8452996,1
train,6,data_6.csv,normal,6_98_121,24,98,121,58800,72600,0,0.827239,1
train,6,data_6.csv,normal,6_99_122,24,99,122,59400,73200,0,0.8323203,1
train,6,data_6.csv,normal,6_100_123,24,100,123,60000,73800,0,0.8350132,1
train,6,data_6.csv,normal,6_101_124,24,101,124,60600,74400,0,0.82257336,1
train,6,data_6.csv,normal,6_102_125,24,102,125,61200,75000,0,0.80087996,1
train,6,data_6.csv,normal,6_103_126,24,103,126,61800,75600,0,0.79239804,1
train,6,data_6.csv,normal,6_104_127,24,104,127,62400,76200,0,0.7696109,1
train,6,data_6.csv,normal,6_105_128,24,105,128,63000,76800,0,0.7678874,1
train,6,data_6.csv,normal,6_106_129,24,106,129,63600,77400,0,0.77690715,1
train,6,data_6.csv,normal,6_107_130,24,107,130,64200,78000,0,0.78380144,1
train,6,data_6.csv,normal,6_108_131,24,108,131,64800,78600,0,0.77802783,1
train,6,data_6.csv,normal,6_109_132,24,109,132,65400,79200,0,0.7668844,1
train,6,data_6.csv,normal,6_110_133,24,110,133,66000,79800,0,0.7480071,1
train,6,data_6.csv,normal,6_111_134,24,111,134,66600,80400,0,0.7406278,1
train,6,data_6.csv,normal,6_112_135,24,112,135,67200,81000,0,0.7351103,1
train,6,data_6.csv,normal,6_113_136,24,113,136,67800,81600,0,0.71493423,1
train,6,data_6.csv,normal,6_114_137,24,114,137,68400,82200,0,0.69551,1
train,6,data_6.csv,normal,6_115_138,24,115,138,69000,82800,0,0.6739607,1
train,6,data_6.csv,normal,6_116_139,24,116,139,69600,83400,0,0.6445725,1
train,6,data_6.csv,normal,6_117_140,24,117,140,70200,84000,0,0.60490006,1
train,6,data_6.csv,normal,6_118_141,24,118,141,70800,84600,0,0.5552254,1
train,6,data_6.csv,normal,6_119_142,24,119,142,71400,85200,0,0.49972013,1
train,6,data_6.csv,normal,6_120_143,24,120,143,72000,85800,0,0.4469161,1
train,6,data_6.csv,normal,6_121_144,24,121,144,72600,86400,0,0.42691717,1
train,7,data_7.csv,normal,7_0_23,24,0,23,0,13800,0,0.16556503,1
train,7,data_7.csv,normal,7_1_24,24,1,24,600,14400,0,0.16556503,1
train,7,data_7.csv,normal,7_2_25,24,2,25,1200,15000,0,0.16556503,1
train,7,data_7.csv,normal,7_3_26,24,3,26,1800,15600,0,0.16556503,1
train,7,data_7.csv,normal,7_4_27,24,4,27,2400,16200,0,0.16556503,1
train,7,data_7.csv,normal,7_5_28,24,5,28,3000,16800,0,0.16556503,1
train,7,data_7.csv,normal,7_6_29,24,6,29,3600,17400,0,0.16556503,1
train,7,data_7.csv,normal,7_7_30,24,7,30,4200,18000,0,0.1652093,1
train,7,data_7.csv,normal,7_8_31,24,8,31,4800,18600,0,0.16290365,1
train,7,data_7.csv,normal,7_9_32,24,9,32,5400,19200,0,0.16160005,1
train,7,data_7.csv,normal,7_10_33,24,10,33,6000,19800,0,0.15911768,1
train,7,data_7.csv,normal,7_11_34,24,11,34,6600,20400,0,0.15905742,1
train,7,data_7.csv,normal,7_12_35,24,12,35,7200,21000,0,0.15854974,1
train,7,data_7.csv,normal,7_13_36,24,13,36,7800,21600,0,0.15689036,1
train,7,data_7.csv,normal,7_14_37,24,14,37,8400,22200,0,0.15150478,1
train,7,data_7.csv,normal,7_15_38,24,15,38,9000,22800,0,0.15090553,1
train,7,data_7.csv,normal,7_16_39,24,16,39,9600,23400,0,0.14886127,1
train,7,data_7.csv,normal,7_17_40,24,17,40,10200,24000,0,0.14852287,1
train,7,data_7.csv,normal,7_18_41,24,18,41,10800,24600,0,0.14745902,1
train,7,data_7.csv,normal,7_19_42,24,19,42,11400,25200,0,0.14792202,1
train,7,data_7.csv,normal,7_20_43,24,20,43,12000,25800,0,0.14291483,1
train,7,data_7.csv,normal,7_21_44,24,21,44,12600,26400,0,0.14395604,1
train,7,data_7.csv,normal,7_22_45,24,22,45,13200,27000,0,0.14732157,1
train,7,data_7.csv,normal,7_23_46,24,23,46,13800,27600,0,0.14838459,1
train,7,data_7.csv,normal,7_24_47,24,24,47,14400,28200,0,0.15067364,1
train,7,data_7.csv,normal,7_25_48,24,25,48,15000,28800,0,0.15620962,1
train,7,data_7.csv,normal,7_26_49,24,26,49,15600,29400,0,0.15864502,1
train,7,data_7.csv,normal,7_27_50,24,27,50,16200,30000,0,0.16817765,1
train,7,data_7.csv,normal,7_28_51,24,28,51,16800,30600,0,0.17805465,1
train,7,data_7.csv,normal,7_29_52,24,29,52,17400,31200,0,0.18549742,1
train,7,data_7.csv,normal,7_30_53,24,30,53,18000,31800,0,0.19311875,1
train,7,data_7.csv,normal,7_31_54,24,31,54,18600,32400,0,0.20012325,1
train,7,data_7.csv,normal,7_32_55,24,32,55,19200,33000,0,0.20399898,1
train,7,data_7.csv,normal,7_33_56,24,33,56,19800,33600,0,0.2148192,1
train,7,data_7.csv,normal,7_34_57,24,34,57,20400,34200,0,0.22797742,1
train,7,data_7.csv,normal,7_35_58,24,35,58,21000,34800,0,0.23730063,1
train,7,data_7.csv,normal,7_36_59,24,36,59,21600,35400,0,0.24611029,1
train,7,data_7.csv,normal,7_37_60,24,37,60,22200,36000,0,0.2531161,1
train,7,data_7.csv,normal,7_38_61,24,38,61,22800,36600,0,0.2602061,1
train,7,data_7.csv,normal,7_39_62,24,39,62,23400,37200,0,0.27242804,1
train,7,data_7.csv,normal,7_40_63,24,40,63,24000,37800,0,0.28530896,1
train,7,data_7.csv,normal,7_41_64,24,41,64,24600,38400,0,0.29534665,1
train,7,data_7.csv,normal,7_42_65,24,42,65,25200,39000,0,0.3044097,1
train,7,data_7.csv,normal,7_43_66,24,43,66,25800,39600,0,0.31187215,1
train,7,data_7.csv,normal,7_44_67,24,44,67,26400,40200,0,0.31350794,1
train,7,data_7.csv,normal,7_45_68,24,45,68,27000,40800,0,0.323417,1
train,7,data_7.csv,normal,7_46_69,24,46,69,27600,41400,0,0.32978743,1
train,7,data_7.csv,normal,7_47_70,24,47,70,28200,42000,0,0.33730868,1
train,7,data_7.csv,normal,7_48_71,24,48,71,28800,42600,0,0.344894,1
train,7,data_7.csv,normal,7_49_72,24,49,72,29400,43200,0,0.3489384,1
train,7,data_7.csv,normal,7_50_73,24,50,73,30000,43800,0,0.3518052,1
train,7,data_7.csv,normal,7_51_74,24,51,74,30600,44400,0,0.35795176,1
train,7,data_7.csv,normal,7_52_75,24,52,75,31200,45000,0,0.36451697,1
train,7,data_7.csv,normal,7_53_76,24,53,76,31800,45600,0,0.3766405,1
train,7,data_7.csv,normal,7_54_77,24,54,77,32400,46200,0,0.39022207,1
train,7,data_7.csv,normal,7_55_78,24,55,78,33000,46800,0,0.40411618,1
train,7,data_7.csv,normal,7_56_79,24,56,79,33600,47400,0,0.40607625,1
train,7,data_7.csv,normal,7_57_80,24,57,80,34200,48000,0,0.41714993,1
train,7,data_7.csv,normal,7_58_81,24,58,81,34800,48600,0,0.4379112,1
train,7,data_7.csv,normal,7_59_82,24,59,82,35400,49200,0,0.45009685,1
train,7,data_7.csv,normal,7_60_83,24,60,83,36000,49800,0,0.46833095,1
train,7,data_7.csv,normal,7_61_84,24,61,84,36600,50400,0,0.4716014,1
train,7,data_7.csv,normal,7_62_85,24,62,85,37200,51000,0,0.48541826,1
train,7,data_7.csv,normal,7_63_86,24,63,86,37800,51600,0,0.50573933,1
train,7,data_7.csv,normal,7_64_87,24,64,87,38400,52200,0,0.5379184,1
train,7,data_7.csv,normal,7_65_88,24,65,88,39000,52800,0,0.5663428,1
train,7,data_7.csv,normal,7_66_89,24,66,89,39600,53400,0,0.57550836,1
train,7,data_7.csv,normal,7_67_90,24,67,90,40200,54000,0,0.57418597,1
train,7,data_7.csv,normal,7_68_91,24,68,91,40800,54600,0,0.5782635,1
train,7,data_7.csv,normal,7_69_92,24,69,92,41400,55200,0,0.5876058,1
train,7,data_7.csv,normal,7_70_93,24,70,93,42000,55800,0,0.5971389,1
train,7,data_7.csv,normal,7_71_94,24,71,94,42600,56400,0,0.6117457,1
train,7,data_7.csv,normal,7_72_95,24,72,95,43200,57000,0,0.61116,1
train,7,data_7.csv,normal,7_73_96,24,73,96,43800,57600,0,0.6024673,1
train,7,data_7.csv,normal,7_74_97,24,74,97,44400,58200,0,0.5953621,1
train,7,data_7.csv,normal,7_75_98,24,75,98,45000,58800,0,0.59182334,1
train,7,data_7.csv,normal,7_76_99,24,76,99,45600,59400,0,0.5862434,1
train,7,data_7.csv,normal,7_77_100,24,77,100,46200,60000,0,0.57300526,1
train,7,data_7.csv,normal,7_78_101,24,78,101,46800,60600,0,0.55649835,1
train,7,data_7.csv,normal,7_79_102,24,79,102,47400,61200,0,0.5433559,1
train,7,data_7.csv,normal,7_80_103,24,80,103,48000,61800,0,0.53140295,1
train,7,data_7.csv,normal,7_81_104,24,81,104,48600,62400,0,0.5143529,1
train,7,data_7.csv,normal,7_82_105,24,82,105,49200,63000,0,0.49454495,1
train,7,data_7.csv,normal,7_83_106,24,83,106,49800,63600,0,0.47817844,1
train,7,data_7.csv,normal,7_84_107,24,84,107,50400,64200,0,0.46273085,1
train,7,data_7.csv,normal,7_85_108,24,85,108,51000,64800,0,0.45244348,1
train,7,data_7.csv,normal,7_86_109,24,86,109,51600,65400,0,0.43602902,1
train,7,data_7.csv,normal,7_87_110,24,87,110,52200,66000,0,0.4221131,1
train,7,data_7.csv,normal,7_88_111,24,88,111,52800,66600,0,0.4047819,1
train,7,data_7.csv,normal,7_89_112,24,89,112,53400,67200,0,0.39644712,1
train,7,data_7.csv,normal,7_90_113,24,90,113,54000,67800,0,0.38978884,1
train,7,data_7.csv,normal,7_91_114,24,91,114,54600,68400,0,0.38346502,1
train,7,data_7.csv,normal,7_92_115,24,92,115,55200,69000,0,0.36469305,1
train,7,data_7.csv,normal,7_93_116,24,93,116,55800,69600,0,0.3536596,1
train,7,data_7.csv,normal,7_94_117,24,94,117,56400,70200,0,0.347089,1
train,7,data_7.csv,normal,7_95_118,24,95,118,57000,70800,0,0.34306172,1
train,7,data_7.csv,normal,7_96_119,24,96,119,57600,71400,0,0.33956206,1
train,7,data_7.csv,normal,7_97_120,24,97,120,58200,72000,0,0.34193942,1
train,7,data_7.csv,normal,7_98_121,24,98,121,58800,72600,0,0.3459666,1
train,7,data_7.csv,normal,7_99_122,24,99,122,59400,73200,0,0.35382345,1
train,7,data_7.csv,normal,7_100_123,24,100,123,60000,73800,0,0.369886,1
train,7,data_7.csv,normal,7_101_124,24,101,124,60600,74400,0,0.37211972,1
train,7,data_7.csv,normal,7_102_125,24,102,125,61200,75000,0,0.38169998,1
train,7,data_7.csv,normal,7_103_126,24,103,126,61800,75600,0,0.40328035,1
train,7,data_7.csv,normal,7_104_127,24,104,127,62400,76200,0,0.43812433,1
train,7,data_7.csv,normal,7_105_128,24,105,128,63000,76800,0,0.46323112,1
train,7,data_7.csv,normal,7_106_129,24,106,129,63600,77400,0,0.50858253,1
train,7,data_7.csv,normal,7_107_130,24,107,130,64200,78000,0,0.52116656,1
train,7,data_7.csv,normal,7_108_131,24,108,131,64800,78600,0,0.5222174,1
train,7,data_7.csv,normal,7_109_132,24,109,132,65400,79200,0,0.53474885,1
train,7,data_7.csv,normal,7_110_133,24,110,133,66000,79800,0,0.57352936,1
train,7,data_7.csv,normal,7_111_134,24,111,134,66600,80400,0,0.588647,1
train,7,data_7.csv,normal,7_112_135,24,112,135,67200,81000,0,0.6055372,1
train,7,data_7.csv,normal,7_113_136,24,113,136,67800,81600,0,0.6267397,1
train,7,data_7.csv,normal,7_114_137,24,114,137,68400,82200,0,0.6294669,1
train,7,data_7.csv,normal,7_115_138,24,115,138,69000,82800,0,0.5992522,1
train,7,data_7.csv,normal,7_116_139,24,116,139,69600,83400,0,0.58452094,1
train,7,data_7.csv,normal,7_117_140,24,117,140,70200,84000,0,0.5618192,1
train,7,data_7.csv,normal,7_118_141,24,118,141,70800,84600,0,0.52924544,1
train,7,data_7.csv,normal,7_119_142,24,119,142,71400,85200,0,0.5029069,1
train,7,data_7.csv,normal,7_120_143,24,120,143,72000,85800,0,0.46953988,1
train,7,data_7.csv,normal,7_121_144,24,121,144,72600,86400,0,0.43147573,1
train,8,data_8.csv,normal,8_0_23,24,0,23,0,13800,0,0.15565999,1
train,8,data_8.csv,normal,8_1_24,24,1,24,600,14400,0,0.1582131,1
train,8,data_8.csv,normal,8_2_25,24,2,25,1200,15000,0,0.15873647,1
train,8,data_8.csv,normal,8_3_26,24,3,26,1800,15600,0,0.16211459,1
train,8,data_8.csv,normal,8_4_27,24,4,27,2400,16200,0,0.165577,1
train,8,data_8.csv,normal,8_5_28,24,5,28,3000,16800,0,0.16867813,1
train,8,data_8.csv,normal,8_6_29,24,6,29,3600,17400,0,0.17095192,1
train,8,data_8.csv,normal,8_7_30,24,7,30,4200,18000,0,0.17371315,1
train,8,data_8.csv,normal,8_8_31,24,8,31,4800,18600,0,0.17273077,1
train,8,data_8.csv,normal,8_9_32,24,9,32,5400,19200,0,0.17609416,1
train,8,data_8.csv,normal,8_10_33,24,10,33,6000,19800,0,0.17905484,1
train,8,data_8.csv,normal,8_11_34,24,11,34,6600,20400,0,0.182811,1
train,8,data_8.csv,normal,8_12_35,24,12,35,7200,21000,0,0.18493748,1
train,8,data_8.csv,normal,8_13_36,24,13,36,7800,21600,0,0.18867537,1
train,8,data_8.csv,normal,8_14_37,24,14,37,8400,22200,0,0.18577652,1
train,8,data_8.csv,normal,8_15_38,24,15,38,9000,22800,0,0.19294143,1
train,8,data_8.csv,normal,8_16_39,24,16,39,9600,23400,0,0.19769385,1
train,8,data_8.csv,normal,8_17_40,24,17,40,10200,24000,0,0.20191465,1
train,8,data_8.csv,normal,8_18_41,24,18,41,10800,24600,0,0.20659691,1
train,8,data_8.csv,normal,8_19_42,24,19,42,11400,25200,0,0.21649715,1
train,8,data_8.csv,normal,8_20_43,24,20,43,12000,25800,0,0.21844633,1
train,8,data_8.csv,normal,8_21_44,24,21,44,12600,26400,0,0.22733611,1
train,8,data_8.csv,normal,8_22_45,24,22,45,13200,27000,0,0.23821576,1
train,8,data_8.csv,normal,8_23_46,24,23,46,13800,27600,0,0.24646465,1
train,8,data_8.csv,normal,8_24_47,24,24,47,14400,28200,0,0.26006213,1
train,8,data_8.csv,normal,8_25_48,24,25,48,15000,28800,0,0.27735746,1
train,8,data_8.csv,normal,8_26_49,24,26,49,15600,29400,0,0.28299487,1
train,8,data_8.csv,normal,8_27_50,24,27,50,16200,30000,0,0.29696482,1
train,8,data_8.csv,normal,8_28_51,24,28,51,16800,30600,0,0.31775975,1
train,8,data_8.csv,normal,8_29_52,24,29,52,17400,31200,0,0.33462232,1
train,8,data_8.csv,normal,8_30_53,24,30,53,18000,31800,0,0.35469785,1
train,8,data_8.csv,normal,8_31_54,24,31,54,18600,32400,0,0.37953007,1
train,8,data_8.csv,normal,8_32_55,24,32,55,19200,33000,0,0.39165223,1
train,8,data_8.csv,normal,8_33_56,24,33,56,19800,33600,0,0.41525254,1
train,8,data_8.csv,normal,8_34_57,24,34,57,20400,34200,0,0.4386471,1
train,8,data_8.csv,normal,8_35_58,24,35,58,21000,34800,0,0.45995808,1
train,8,data_8.csv,normal,8_36_59,24,36,59,21600,35400,0,0.4814528,1
train,8,data_8.csv,normal,8_37_60,24,37,60,22200,36000,0,0.49119002,1
train,8,data_8.csv,normal,8_38_61,24,38,61,22800,36600,0,0.5019978,1
train,8,data_8.csv,normal,8_39_62,24,39,62,23400,37200,0,0.51780295,1
train,8,data_8.csv,normal,8_40_63,24,40,63,24000,37800,0,0.52405643,1
train,8,data_8.csv,normal,8_41_64,24,41,64,24600,38400,0,0.5428214,1
train,8,data_8.csv,normal,8_42_65,24,42,65,25200,39000,0,0.5570792,1
train,8,data_8.csv,normal,8_43_66,24,43,66,25800,39600,0,0.5608723,1
train,8,data_8.csv,normal,8_44_67,24,44,67,26400,40200,0,0.56151956,1
train,8,data_8.csv,normal,8_45_68,24,45,68,27000,40800,0,0.56299657,1
train,8,data_8.csv,normal,8_46_69,24,46,69,27600,41400,0,0.56201947,1
train,8,data_8.csv,normal,8_47_70,24,47,70,28200,42000,0,0.5662366,1
train,8,data_8.csv,normal,8_48_71,24,48,71,28800,42600,0,0.5711951,1
train,8,data_8.csv,normal,8_49_72,24,49,72,29400,43200,0,0.57672954,1
train,8,data_8.csv,normal,8_50_73,24,50,73,30000,43800,0,0.57926834,1
train,8,data_8.csv,normal,8_51_74,24,51,74,30600,44400,0,0.5804883,1
train,8,data_8.csv,normal,8_52_75,24,52,75,31200,45000,0,0.58030814,1
train,8,data_8.csv,normal,8_53_76,24,53,76,31800,45600,0,0.5859684,1
train,8,data_8.csv,normal,8_54_77,24,54,77,32400,46200,0,0.59248286,1
train,8,data_8.csv,normal,8_55_78,24,55,78,33000,46800,0,0.5976199,1
train,8,data_8.csv,normal,8_56_79,24,56,79,33600,47400,0,0.602405,1
train,8,data_8.csv,normal,8_57_80,24,57,80,34200,48000,0,0.60516614,1
train,8,data_8.csv,normal,8_58_81,24,58,81,34800,48600,0,0.60521317,1
train,8,data_8.csv,normal,8_59_82,24,59,82,35400,49200,0,0.61052364,1
train,8,data_8.csv,normal,8_60_83,24,60,83,36000,49800,0,0.61756545,1
train,8,data_8.csv,normal,8_61_84,24,61,84,36600,50400,0,0.6209985,1
train,8,data_8.csv,normal,8_62_85,24,62,85,37200,51000,0,0.62496144,1
train,8,data_8.csv,normal,8_63_86,24,63,86,37800,51600,0,0.62901175,1
train,8,data_8.csv,normal,8_64_87,24,64,87,38400,52200,0,0.62886363,1
train,8,data_8.csv,normal,8_65_88,24,65,88,39000,52800,0,0.63487375,1
train,8,data_8.csv,normal,8_66_89,24,66,89,39600,53400,0,0.64029306,1
train,8,data_8.csv,normal,8_67_90,24,67,90,40200,54000,0,0.642132,1
train,8,data_8.csv,normal,8_68_91,24,68,91,40800,54600,0,0.64430773,1
train,8,data_8.csv,normal,8_69_92,24,69,92,41400,55200,0,0.6476403,1
train,8,data_8.csv,normal,8_70_93,24,70,93,42000,55800,0,0.64725757,1
train,8,data_8.csv,normal,8_71_94,24,71,94,42600,56400,0,0.6524713,1
train,8,data_8.csv,normal,8_72_95,24,72,95,43200,57000,0,0.6559673,1
train,8,data_8.csv,normal,8_73_96,24,73,96,43800,57600,0,0.6574122,1
train,8,data_8.csv,normal,8_74_97,24,74,97,44400,58200,0,0.6585816,1
train,8,data_8.csv,normal,8_75_98,24,75,98,45000,58800,0,0.65988785,1
train,8,data_8.csv,normal,8_76_99,24,76,99,45600,59400,0,0.6597665,1
train,8,data_8.csv,normal,8_77_100,24,77,100,46200,60000,0,0.6626907,1
train,8,data_8.csv,normal,8_78_101,24,78,101,46800,60600,0,0.66468567,1
train,8,data_8.csv,normal,8_79_102,24,79,102,47400,61200,0,0.66573125,1
train,8,data_8.csv,normal,8_80_103,24,80,103,48000,61800,0,0.6665701,1
train,8,data_8.csv,normal,8_81_104,24,81,104,48600,62400,0,0.6670604,1
train,8,data_8.csv,normal,8_82_105,24,82,105,49200,63000,0,0.6671745,1
train,8,data_8.csv,normal,8_83_106,24,83,106,49800,63600,0,0.66860574,1
train,8,data_8.csv,normal,8_84_107,24,84,107,50400,64200,0,0.6698631,1
train,8,data_8.csv,normal,8_85_108,24,85,108,51000,64800,0,0.6701379,1
train,8,data_8.csv,normal,8_86_109,24,86,109,51600,65400,0,0.6708321,1
train,8,data_8.csv,normal,8_87_110,24,87,110,52200,66000,0,0.67158264,1
train,8,data_8.csv,normal,8_88_111,24,88,111,52800,66600,0,0.67167103,1
train,8,data_8.csv,normal,8_89_112,24,89,112,53400,67200,0,0.6723989,1
train,8,data_8.csv,normal,8_90_113,24,90,113,54000,67800,0,0.67315173,1
train,8,data_8.csv,normal,8_91_114,24,91,114,54600,68400,0,0.67243177,1
train,8,data_8.csv,normal,8_92_115,24,92,115,55200,69000,0,0.6725685,1
train,8,data_8.csv,normal,8_93_116,24,93,116,55800,69600,0,0.6734906,1
train,8,data_8.csv,normal,8_94_117,24,94,117,56400,70200,0,0.6733816,1
train,8,data_8.csv,normal,8_95_118,24,95,118,57000,70800,0,0.6736007,1
train,8,data_8.csv,normal,8_96_119,24,96,119,57600,71400,0,0.67348534,1
train,8,data_8.csv,normal,8_97_120,24,97,120,58200,72000,0,0.66900647,1
train,8,data_8.csv,normal,8_98_121,24,98,121,58800,72600,0,0.667491,1
train,8,data_8.csv,normal,8_99_122,24,99,122,59400,73200,0,0.66920084,1
train,8,data_8.csv,normal,8_100_123,24,100,123,60000,73800,0,0.66930306,1
train,8,data_8.csv,normal,8_101_124,24,101,124,60600,74400,0,0.66715246,1
train,8,data_8.csv,normal,8_102_125,24,102,125,61200,75000,0,0.66345364,1
train,8,data_8.csv,normal,8_103_126,24,103,126,61800,75600,0,0.65096015,1
train,8,data_8.csv,normal,8_104_127,24,104,127,62400,76200,0,0.6454525,1
train,8,data_8.csv,normal,8_105_128,24,105,128,63000,76800,0,0.65150803,1
train,8,data_8.csv,normal,8_106_129,24,106,129,63600,77400,0,0.6558505,1
train,8,data_8.csv,normal,8_107_130,24,107,130,64200,78000,0,0.64970154,1
train,8,data_8.csv,normal,8_108_131,24,108,131,64800,78600,0,0.6401828,1
train,8,data_8.csv,normal,8_109_132,24,109,132,65400,79200,0,0.63211995,1
train,8,data_8.csv,normal,8_110_133,24,110,133,66000,79800,0,0.62870705,1
train,8,data_8.csv,normal,8_111_134,24,111,134,66600,80400,0,0.64248383,1
train,8,data_8.csv,normal,8_112_135,24,112,135,67200,81000,0,0.66422373,1
train,8,data_8.csv,normal,8_113_136,24,113,136,67800,81600,0,0.6676237,1
train,8,data_8.csv,normal,8_114_137,24,114,137,68400,82200,0,0.65809757,1
train,8,data_8.csv,normal,8_115_138,24,115,138,69000,82800,0,0.6550702,1
train,8,data_8.csv,normal,8_116_139,24,116,139,69600,83400,0,0.66470385,1
train,8,data_8.csv,normal,8_117_140,24,117,140,70200,84000,0,0.6844188,1
train,8,data_8.csv,normal,8_118_141,24,118,141,70800,84600,0,0.7048742,1
train,8,data_8.csv,normal,8_119_142,24,119,142,71400,85200,0,0.70831805,1
train,8,data_8.csv,normal,8_120_143,24,120,143,72000,85800,0,0.6989296,1
train,8,data_8.csv,normal,8_121_144,24,121,144,72600,86400,0,0.6913267,1
train,12,data_12.csv,persistent_leak,12_0_23,24,0,23,0,13800,1,0.22682497,1
train,12,data_12.csv,persistent_leak,12_1_24,24,1,24,600,14400,1,0.22242494,1
train,12,data_12.csv,persistent_leak,12_2_25,24,2,25,1200,15000,1,0.2183202,1
train,12,data_12.csv,persistent_leak,12_3_26,24,3,26,1800,15600,1,0.21218799,1
train,12,data_12.csv,persistent_leak,12_4_27,24,4,27,2400,16200,1,0.20564896,1
train,12,data_12.csv,persistent_leak,12_5_28,24,5,28,3000,16800,1,0.20125586,1
train,12,data_12.csv,persistent_leak,12_6_29,24,6,29,3600,17400,1,0.1980383,1
train,12,data_12.csv,persistent_leak,12_7_30,24,7,30,4200,18000,1,0.19527742,1
train,12,data_12.csv,persistent_leak,12_8_31,24,8,31,4800,18600,1,0.19188993,1
train,12,data_12.csv,persistent_leak,12_9_32,24,9,32,5400,19200,1,0.18814728,1
train,12,data_12.csv,persistent_leak,12_10_33,24,10,33,6000,19800,1,0.18407197,1
train,12,data_12.csv,persistent_leak,12_11_34,24,11,34,6600,20400,1,0.1813201,1
train,12,data_12.csv,persistent_leak,12_12_35,24,12,35,7200,21000,1,0.17919834,1
train,12,data_12.csv,persistent_leak,12_13_36,24,13,36,7800,21600,1,0.17749366,1
train,12,data_12.csv,persistent_leak,12_14_37,24,14,37,8400,22200,1,0.17448077,1
train,12,data_12.csv,persistent_leak,12_15_38,24,15,38,9000,22800,1,0.17225921,1
train,12,data_12.csv,persistent_leak,12_16_39,24,16,39,9600,23400,1,0.16964236,1
train,12,data_12.csv,persistent_leak,12_17_40,24,17,40,10200,24000,1,0.16803686,1
train,12,data_12.csv,persistent_leak,12_18_41,24,18,41,10800,24600,1,0.16677919,1
train,12,data_12.csv,persistent_leak,12_19_42,24,19,42,11400,25200,1,0.16619034,1
train,12,data_12.csv,persistent_leak,12_20_43,24,20,43,12000,25800,1,0.16379943,1
train,12,data_12.csv,persistent_leak,12_21_44,24,21,44,12600,26400,1,0.1630719,1
train,12,data_12.csv,persistent_leak,12_22_45,24,22,45,13200,27000,1,0.16228552,1
train,12,data_12.csv,persistent_leak,12_23_46,24,23,46,13800,27600,1,0.16173,1
train,12,data_12.csv,persistent_leak,12_24_47,24,24,47,14400,28200,1,0.16143428,1
train,12,data_12.csv,persistent_leak,12_25_48,24,25,48,15000,28800,1,0.16235957,1
train,12,data_12.csv,persistent_leak,12_26_49,24,26,49,15600,29400,1,0.16153772,1
train,12,data_12.csv,persistent_leak,12_27_50,24,27,50,16200,30000,1,0.16268566,1
train,12,data_12.csv,persistent_leak,12_28_51,24,28,51,16800,30600,1,0.16407165,1
train,12,data_12.csv,persistent_leak,12_29_52,24,29,52,17400,31200,1,0.1650394,1
train,12,data_12.csv,persistent_leak,12_30_53,24,30,53,18000,31800,1,0.16597217,1
train,12,data_12.csv,persistent_leak,12_31_54,24,31,54,18600,32400,1,0.16754623,1
train,12,data_12.csv,persistent_leak,12_32_55,24,32,55,19200,33000,1,0.16547821,1
train,12,data_12.csv,persistent_leak,12_33_56,24,33,56,19800,33600,1,0.16662006,1
train,12,data_12.csv,persistent_leak,12_34_57,24,34,57,20400,34200,1,0.16660012,1
train,12,data_12.csv,persistent_leak,12_35_58,24,35,58,21000,34800,1,0.16927074,1
train,12,data_12.csv,persistent_leak,12_36_59,24,36,59,21600,35400,1,0.17047617,1
train,12,data_12.csv,persistent_leak,12_37_60,24,37,60,22200,36000,1,0.17137375,1
train,12,data_12.csv,persistent_leak,12_38_61,24,38,61,22800,36600,1,0.16626175,1
train,12,data_12.csv,persistent_leak,12_39_62,24,39,62,23400,37200,1,0.17176066,1
train,12,data_12.csv,persistent_leak,12_40_63,24,40,63,24000,37800,1,0.17362945,1
train,12,data_12.csv,persistent_leak,12_41_64,24,41,64,24600,38400,1,0.17697588,1
train,12,data_12.csv,persistent_leak,12_42_65,24,42,65,25200,39000,1,0.1819803,1
train,12,data_12.csv,persistent_leak,12_43_66,24,43,66,25800,39600,1,0.19447987,1
train,12,data_12.csv,persistent_leak,12_44_67,24,44,67,26400,40200,1,0.19538835,1
train,12,data_12.csv,persistent_leak,12_45_68,24,45,68,27000,40800,1,0.20464616,1
train,12,data_12.csv,persistent_leak,12_46_69,24,46,69,27600,41400,1,0.2167529,1
train,12,data_12.csv,persistent_leak,12_47_70,24,47,70,28200,42000,1,0.22819299,1
train,12,data_12.csv,persistent_leak,12_48_71,24,48,71,28800,42600,1,0.25209063,1
train,12,data_12.csv,persistent_leak,12_49_72,24,49,72,29400,43200,1,0.2870587,1
train,12,data_12.csv,persistent_leak,12_50_73,24,50,73,30000,43800,1,0.29890668,1
train,12,data_12.csv,persistent_leak,12_51_74,24,51,74,30600,44400,1,0.32262293,1
train,12,data_12.csv,persistent_leak,12_52_75,24,52,75,31200,45000,1,0.35661185,1
train,12,data_12.csv,persistent_leak,12_53_76,24,53,76,31800,45600,1,0.406785,1
train,12,data_12.csv,persistent_leak,12_54_77,24,54,77,32400,46200,1,0.46022725,1
train,12,data_12.csv,persistent_leak,12_55_78,24,55,78,33000,46800,1,0.50922805,1
train,12,data_12.csv,persistent_leak,12_56_79,24,56,79,33600,47400,1,0.52924037,1
train,12,data_12.csv,persistent_leak,12_57_80,24,57,80,34200,48000,1,0.57375675,1
train,12,data_12.csv,persistent_leak,12_58_81,24,58,81,34800,48600,1,0.6033461,1
train,12,data_12.csv,persistent_leak,12_59_82,24,59,82,35400,49200,1,0.630952,1
train,12,data_12.csv,persistent_leak,12_60_83,24,60,83,36000,49800,1,0.6464292,1
train,12,data_12.csv,persistent_leak,12_61_84,24,61,84,36600,50400,1,0.65089023,1
train,12,data_12.csv,persistent_leak,12_62_85,24,62,85,37200,51000,1,0.65423185,1
train,12,data_12.csv,persistent_leak,12_63_86,24,63,86,37800,51600,1,0.6604355,1
train,12,data_12.csv,persistent_leak,12_64_87,24,64,87,38400,52200,1,0.66029763,1
train,12,data_12.csv,persistent_leak,12_65_88,24,65,88,39000,52800,1,0.67476356,1
train,12,data_12.csv,persistent_leak,12_66_89,24,66,89,39600,53400,1,0.6802114,1
train,12,data_12.csv,persistent_leak,12_67_90,24,67,90,40200,54000,1,0.6801198,1
train,12,data_12.csv,persistent_leak,12_68_91,24,68,91,40800,54600,1,0.6798998,1
train,12,data_12.csv,persistent_leak,12_69_92,24,69,92,41400,55200,1,0.6804871,1
train,12,data_12.csv,persistent_leak,12_70_93,24,70,93,42000,55800,1,0.68002206,1
train,12,data_12.csv,persistent_leak,12_71_94,24,71,94,42600,56400,1,0.6819528,1
train,12,data_12.csv,persistent_leak,12_72_95,24,72,95,43200,57000,1,0.68219703,1
train,12,data_12.csv,persistent_leak,12_73_96,24,73,96,43800,57600,1,0.68380356,1
train,12,data_12.csv,persistent_leak,12_74_97,24,74,97,44400,58200,1,0.6837205,1
train,12,data_12.csv,persistent_leak,12_75_98,24,75,98,45000,58800,1,0.6823738,1
train,12,data_12.csv,persistent_leak,12_76_99,24,76,99,45600,59400,1,0.6824396,1
train,12,data_12.csv,persistent_leak,12_77_100,24,77,100,46200,60000,1,0.6828362,1
train,12,data_12.csv,persistent_leak,12_78_101,24,78,101,46800,60600,1,0.6834997,1
train,12,data_12.csv,persistent_leak,12_79_102,24,79,102,47400,61200,1,0.69022167,1
train,12,data_12.csv,persistent_leak,12_80_103,24,80,103,48000,61800,1,0.692487,1
train,12,data_12.csv,persistent_leak,12_81_104,24,81,104,48600,62400,1,0.6910917,1
train,12,data_12.csv,persistent_leak,12_82_105,24,82,105,49200,63000,1,0.69206154,1
train,12,data_12.csv,persistent_leak,12_83_106,24,83,106,49800,63600,1,0.696029,1
train,12,data_12.csv,persistent_leak,12_84_107,24,84,107,50400,64200,1,0.7019684,1
train,12,data_12.csv,persistent_leak,12_85_108,24,85,108,51000,64800,1,0.70991,1
train,12,data_12.csv,persistent_leak,12_86_109,24,86,109,51600,65400,1,0.71616966,1
train,12,data_12.csv,persistent_leak,12_87_110,24,87,110,52200,66000,1,0.71838444,1
train,12,data_12.csv,persistent_leak,12_88_111,24,88,111,52800,66600,1,0.7193069,1
train,12,data_12.csv,persistent_leak,12_89_112,24,89,112,53400,67200,1,0.7258907,1
train,12,data_12.csv,persistent_leak,12_90_113,24,90,113,54000,67800,1,0.73392403,1
train,12,data_12.csv,persistent_leak,12_91_114,24,91,114,54600,68400,1,0.7103208,1
train,12,data_12.csv,persistent_leak,12_92_115,24,92,115,55200,69000,1,0.7102446,1
train,12,data_12.csv,persistent_leak,12_93_116,24,93,116,55800,69600,1,0.72393334,1
train,12,data_12.csv,persistent_leak,12_94_117,24,94,117,56400,70200,1,0.72727525,1
train,12,data_12.csv,persistent_leak,12_95_118,24,95,118,57000,70800,1,0.7163605,1
train,12,data_12.csv,persistent_leak,12_96_119,24,96,119,57600,71400,1,0.7056197,1
train,12,data_12.csv,persistent_leak,12_97_120,24,97,120,58200,72000,1,0.6818149,1
train,12,data_12.csv,persistent_leak,12_98_121,24,98,121,58800,72600,1,0.6684444,1
train,12,data_12.csv,persistent_leak,12_99_122,24,99,122,59400,73200,1,0.6882765,1
train,12,data_12.csv,persistent_leak,12_100_123,24,100,123,60000,73800,1,0.712545,1
train,12,data_12.csv,persistent_leak,12_101_124,24,101,124,60600,74400,1,0.7187165,1
train,12,data_12.csv,persistent_leak,12_102_125,24,102,125,61200,75000,1,0.70749617,1
train,12,data_12.csv,persistent_leak,12_103_126,24,103,126,61800,75600,1,0.7079108,1
train,12,data_12.csv,persistent_leak,12_104_127,24,104,127,62400,76200,1,0.69467807,1
train,12,data_12.csv,persistent_leak,12_105_128,24,105,128,63000,76800,1,0.70308113,1
train,12,data_12.csv,persistent_leak,12_106_129,24,106,129,63600,77400,1,0.70997494,1
train,12,data_12.csv,persistent_leak,12_107_130,24,107,130,64200,78000,1,0.730501,1
train,12,data_12.csv,persistent_leak,12_108_131,24,108,131,64800,78600,1,0.73039883,1
train,12,data_12.csv,persistent_leak,12_109_132,24,109,132,65400,79200,1,0.717344,1
train,12,data_12.csv,persistent_leak,12_110_133,24,110,133,66000,79800,1,0.6999007,1
train,12,data_12.csv,persistent_leak,12_111_134,24,111,134,66600,80400,1,0.68584764,1
train,12,data_12.csv,persistent_leak,12_112_135,24,112,135,67200,81000,1,0.6699936,1
train,12,data_12.csv,persistent_leak,12_113_136,24,113,136,67800,81600,1,0.63158596,1
train,12,data_12.csv,persistent_leak,12_114_137,24,114,137,68400,82200,1,0.58525556,1
train,12,data_12.csv,persistent_leak,12_115_138,24,115,138,69000,82800,1,0.5507368,1
train,12,data_12.csv,persistent_leak,12_116_139,24,116,139,69600,83400,1,0.5199362,1
train,12,data_12.csv,persistent_leak,12_117_140,24,117,140,70200,84000,1,0.4752441,1
train,12,data_12.csv,persistent_leak,12_118_141,24,118,141,70800,84600,1,0.43224597,1
train,12,data_12.csv,persistent_leak,12_119_142,24,119,142,71400,85200,1,0.38213637,1
train,12,data_12.csv,persistent_leak,12_120_143,24,120,143,72000,85800,1,0.34583065,1
train,12,data_12.csv,persistent_leak,12_121_144,24,121,144,72600,86400,1,0.33980024,1
train,17,data_17.csv,onset_leak,17_0_23,24,0,23,0,13800,0,0.22682497,1
train,17,data_17.csv,onset_leak,17_1_24,24,1,24,600,14400,0,0.22242494,1
train,17,data_17.csv,onset_leak,17_2_25,24,2,25,1200,15000,0,0.2183202,1
train,17,data_17.csv,onset_leak,17_3_26,24,3,26,1800,15600,0,0.21218799,1
train,17,data_17.csv,onset_leak,17_4_27,24,4,27,2400,16200,0,0.20564896,1
train,17,data_17.csv,onset_leak,17_5_28,24,5,28,3000,16800,0,0.20125586,1
train,17,data_17.csv,onset_leak,17_6_29,24,6,29,3600,17400,0,0.1980383,1
train,17,data_17.csv,onset_leak,17_7_30,24,7,30,4200,18000,0,0.19527742,1
train,17,data_17.csv,onset_leak,17_8_31,24,8,31,4800,18600,0,0.19188993,1
train,17,data_17.csv,onset_leak,17_9_32,24,9,32,5400,19200,0,0.18814728,1
train,17,data_17.csv,onset_leak,17_10_33,24,10,33,6000,19800,0,0.18407197,1
train,17,data_17.csv,onset_leak,17_11_34,24,11,34,6600,20400,0,0.1813201,1
train,17,data_17.csv,onset_leak,17_12_35,24,12,35,7200,21000,0,0.17919834,1
train,17,data_17.csv,onset_leak,17_13_36,24,13,36,7800,21600,0,0.17749366,1
train,17,data_17.csv,onset_leak,17_14_37,24,14,37,8400,22200,0,0.17448077,1
train,17,data_17.csv,onset_leak,17_15_38,24,15,38,9000,22800,0,0.17225921,1
train,17,data_17.csv,onset_leak,17_16_39,24,16,39,9600,23400,0,0.16964236,1
train,17,data_17.csv,onset_leak,17_17_40,24,17,40,10200,24000,0,0.16803686,1
train,17,data_17.csv,onset_leak,17_18_41,24,18,41,10800,24600,0,0.16677919,1
train,17,data_17.csv,onset_leak,17_19_42,24,19,42,11400,25200,0,0.16619034,1
train,17,data_17.csv,onset_leak,17_20_43,24,20,43,12000,25800,0,0.16379943,1
train,17,data_17.csv,onset_leak,17_21_44,24,21,44,12600,26400,0,0.1630719,1
train,17,data_17.csv,onset_leak,17_22_45,24,22,45,13200,27000,0,0.16228552,1
train,17,data_17.csv,onset_leak,17_23_46,24,23,46,13800,27600,0,0.16173,1
train,17,data_17.csv,onset_leak,17_24_47,24,24,47,14400,28200,0,0.16143428,1
train,17,data_17.csv,onset_leak,17_25_48,24,25,48,15000,28800,0,0.16235957,1
train,17,data_17.csv,onset_leak,17_26_49,24,26,49,15600,29400,0,0.16153772,1
train,17,data_17.csv,onset_leak,17_27_50,24,27,50,16200,30000,0,0.16268566,1
train,17,data_17.csv,onset_leak,17_28_51,24,28,51,16800,30600,0,0.16407165,1
train,17,data_17.csv,onset_leak,17_29_52,24,29,52,17400,31200,0,0.1650394,1
train,17,data_17.csv,onset_leak,17_30_53,24,30,53,18000,31800,0,0.16597217,1
train,17,data_17.csv,onset_leak,17_31_54,24,31,54,18600,32400,0,0.16754623,1
train,17,data_17.csv,onset_leak,17_32_55,24,32,55,19200,33000,0,0.16547821,1
train,17,data_17.csv,onset_leak,17_33_56,24,33,56,19800,33600,0,0.16662006,1
train,17,data_17.csv,onset_leak,17_34_57,24,34,57,20400,34200,0,0.16660012,1
train,17,data_17.csv,onset_leak,17_35_58,24,35,58,21000,34800,0,0.16927074,1
train,17,data_17.csv,onset_leak,17_36_59,24,36,59,21600,35400,0,0.17047617,1
train,17,data_17.csv,onset_leak,17_37_60,24,37,60,22200,36000,0,0.17137375,1
train,17,data_17.csv,onset_leak,17_38_61,24,38,61,22800,36600,0,0.16626175,1
train,17,data_17.csv,onset_leak,17_39_62,24,39,62,23400,37200,0,0.17176066,1
train,17,data_17.csv,onset_leak,17_40_63,24,40,63,24000,37800,0,0.17362945,1
train,17,data_17.csv,onset_leak,17_41_64,24,41,64,24600,38400,0,0.17697588,1
train,17,data_17.csv,onset_leak,17_42_65,24,42,65,25200,39000,0,0.1819803,1
train,17,data_17.csv,onset_leak,17_43_66,24,43,66,25800,39600,0,0.19447987,1
train,17,data_17.csv,onset_leak,17_44_67,24,44,67,26400,40200,0,0.19538835,1
train,17,data_17.csv,onset_leak,17_45_68,24,45,68,27000,40800,0,0.20464616,1
train,17,data_17.csv,onset_leak,17_46_69,24,46,69,27600,41400,0,0.2167529,1
train,17,data_17.csv,onset_leak,17_47_70,24,47,70,28200,42000,0,0.22819299,1
train,17,data_17.csv,onset_leak,17_48_71,24,48,71,28800,42600,0,0.25209063,1
train,17,data_17.csv,onset_leak,17_49_72,24,49,72,29400,43200,1,0.2870587,1
train,17,data_17.csv,onset_leak,17_50_73,24,50,73,30000,43800,1,0.29890668,1
train,17,data_17.csv,onset_leak,17_51_74,24,51,74,30600,44400,1,0.32262293,1
train,17,data_17.csv,onset_leak,17_52_75,24,52,75,31200,45000,1,0.35661185,1
train,17,data_17.csv,onset_leak,17_53_76,24,53,76,31800,45600,1,0.406785,1
train,17,data_17.csv,onset_leak,17_54_77,24,54,77,32400,46200,1,0.46022725,1
train,17,data_17.csv,onset_leak,17_55_78,24,55,78,33000,46800,1,0.50922805,1
train,17,data_17.csv,onset_leak,17_56_79,24,56,79,33600,47400,1,0.52924037,1
train,17,data_17.csv,onset_leak,17_57_80,24,57,80,34200,48000,1,0.57375675,1
train,17,data_17.csv,onset_leak,17_58_81,24,58,81,34800,48600,1,0.6033461,1
train,17,data_17.csv,onset_leak,17_59_82,24,59,82,35400,49200,1,0.630952,1
train,17,data_17.csv,onset_leak,17_60_83,24,60,83,36000,49800,1,0.6464292,1
train,17,data_17.csv,onset_leak,17_61_84,24,61,84,36600,50400,1,0.65089023,1
train,17,data_17.csv,onset_leak,17_62_85,24,62,85,37200,51000,1,0.65423185,1
train,17,data_17.csv,onset_leak,17_63_86,24,63,86,37800,51600,1,0.6604355,1
train,17,data_17.csv,onset_leak,17_64_87,24,64,87,38400,52200,1,0.66029763,1
train,17,data_17.csv,onset_leak,17_65_88,24,65,88,39000,52800,1,0.67476356,1
train,17,data_17.csv,onset_leak,17_66_89,24,66,89,39600,53400,1,0.6802114,1
train,17,data_17.csv,onset_leak,17_67_90,24,67,90,40200,54000,1,0.6801198,1
train,17,data_17.csv,onset_leak,17_68_91,24,68,91,40800,54600,1,0.6798998,1
train,17,data_17.csv,onset_leak,17_69_92,24,69,92,41400,55200,1,0.6804871,1
train,17,data_17.csv,onset_leak,17_70_93,24,70,93,42000,55800,1,0.68002206,1
train,17,data_17.csv,onset_leak,17_71_94,24,71,94,42600,56400,1,0.6819528,1
train,17,data_17.csv,onset_leak,17_72_95,24,72,95,43200,57000,1,0.68219703,1
train,17,data_17.csv,onset_leak,17_73_96,24,73,96,43800,57600,1,0.68380356,1
train,17,data_17.csv,onset_leak,17_74_97,24,74,97,44400,58200,1,0.6837205,1
train,17,data_17.csv,onset_leak,17_75_98,24,75,98,45000,58800,1,0.6823738,1
train,17,data_17.csv,onset_leak,17_76_99,24,76,99,45600,59400,1,0.6824396,1
train,17,data_17.csv,onset_leak,17_77_100,24,77,100,46200,60000,1,0.6828362,1
train,17,data_17.csv,onset_leak,17_78_101,24,78,101,46800,60600,1,0.6834997,1
train,17,data_17.csv,onset_leak,17_79_102,24,79,102,47400,61200,1,0.69022167,1
train,17,data_17.csv,onset_leak,17_80_103,24,80,103,48000,61800,1,0.692487,1
train,17,data_17.csv,onset_leak,17_81_104,24,81,104,48600,62400,1,0.6910917,1
train,17,data_17.csv,onset_leak,17_82_105,24,82,105,49200,63000,1,0.69206154,1
train,17,data_17.csv,onset_leak,17_83_106,24,83,106,49800,63600,1,0.696029,1
train,17,data_17.csv,onset_leak,17_84_107,24,84,107,50400,64200,1,0.7019684,1
train,17,data_17.csv,onset_leak,17_85_108,24,85,108,51000,64800,1,0.70991,1
train,17,data_17.csv,onset_leak,17_86_109,24,86,109,51600,65400,1,0.71616966,1
train,17,data_17.csv,onset_leak,17_87_110,24,87,110,52200,66000,1,0.71838444,1
train,17,data_17.csv,onset_leak,17_88_111,24,88,111,52800,66600,1,0.7193069,1
train,17,data_17.csv,onset_leak,17_89_112,24,89,112,53400,67200,1,0.7258907,1
train,17,data_17.csv,onset_leak,17_90_113,24,90,113,54000,67800,1,0.73392403,1
train,17,data_17.csv,onset_leak,17_91_114,24,91,114,54600,68400,1,0.7138517,1
train,17,data_17.csv,onset_leak,17_92_115,24,92,115,55200,69000,1,0.7137693,1
train,17,data_17.csv,onset_leak,17_93_116,24,93,116,55800,69600,1,0.7264875,1
train,17,data_17.csv,onset_leak,17_94_117,24,94,117,56400,70200,1,0.72834015,1
train,17,data_17.csv,onset_leak,17_95_118,24,95,118,57000,70800,1,0.72048235,1
train,17,data_17.csv,onset_leak,17_96_119,24,96,119,57600,71400,1,0.71006644,1
train,17,data_17.csv,onset_leak,17_97_120,24,97,120,58200,72000,1,0.6866256,1
train,17,data_17.csv,onset_leak,17_98_121,24,98,121,58800,72600,1,0.67100245,1
train,17,data_17.csv,onset_leak,17_99_122,24,99,122,59400,73200,1,0.68877447,1
train,17,data_17.csv,onset_leak,17_100_123,24,100,123,60000,73800,1,0.7065138,1
train,17,data_17.csv,onset_leak,17_101_124,24,101,124,60600,74400,1,0.71313065,1
train,17,data_17.csv,onset_leak,17_102_125,24,102,125,61200,75000,1,0.70053536,1
train,17,data_17.csv,onset_leak,17_103_126,24,103,126,61800,75600,1,0.69990784,1
train,17,data_17.csv,onset_leak,17_104_127,24,104,127,62400,76200,1,0.686849,1
train,17,data_17.csv,onset_leak,17_105_128,24,105,128,63000,76800,1,0.6955674,1
train,17,data_17.csv,onset_leak,17_106_129,24,106,129,63600,77400,1,0.7054992,1
train,17,data_17.csv,onset_leak,17_107_130,24,107,130,64200,78000,1,0.72375584,1
train,17,data_17.csv,onset_leak,17_108_131,24,108,131,64800,78600,1,0.723113,1
train,17,data_17.csv,onset_leak,17_109_132,24,109,132,65400,79200,1,0.7111393,1
train,17,data_17.csv,onset_leak,17_110_133,24,110,133,66000,79800,1,0.6967686,1
train,17,data_17.csv,onset_leak,17_111_134,24,111,134,66600,80400,1,0.68946147,1
train,17,data_17.csv,onset_leak,17_112_135,24,112,135,67200,81000,1,0.68022835,1
train,17,data_17.csv,onset_leak,17_113_136,24,113,136,67800,81600,1,0.6581293,1
train,17,data_17.csv,onset_leak,17_114_137,24,114,137,68400,82200,1,0.62235063,1
train,17,data_17.csv,onset_leak,17_115_138,24,115,138,69000,82800,1,0.5896281,1
train,17,data_17.csv,onset_leak,17_116_139,24,116,139,69600,83400,1,0.56401145,1
train,17,data_17.csv,onset_leak,17_117_140,24,117,140,70200,84000,1,0.5261624,1
train,17,data_17.csv,onset_leak,17_118_141,24,118,141,70800,84600,1,0.4844422,1
train,17,data_17.csv,onset_leak,17_119_142,24,119,142,71400,85200,1,0.43685043,1
train,17,data_17.csv,onset_leak,17_120_143,24,120,143,72000,85800,1,0.39704853,1
train,17,data_17.csv,onset_leak,17_121_144,24,121,144,72600,86400,1,0.38530716,1
train,18,data_18.csv,onset_leak,18_0_23,24,0,23,0,13800,0,0.15704498,1
train,18,data_18.csv,onset_leak,18_1_24,24,1,24,600,14400,0,0.15903574,1
train,18,data_18.csv,onset_leak,18_2_25,24,2,25,1200,15000,0,0.15912732,1
train,18,data_18.csv,onset_leak,18_3_26,24,3,26,1800,15600,0,0.16174419,1
train,18,data_18.csv,onset_leak,18_4_27,24,4,27,2400,16200,0,0.1643928,1
train,18,data_18.csv,onset_leak,18_5_28,24,5,28,3000,16800,0,0.1667126,1
train,18,data_18.csv,onset_leak,18_6_29,24,6,29,3600,17400,0,0.16853778,1
train,18,data_18.csv,onset_leak,18_7_30,24,7,30,4200,18000,0,0.17073557,1
train,18,data_18.csv,onset_leak,18_8_31,24,8,31,4800,18600,0,0.16978188,1
train,18,data_18.csv,onset_leak,18_9_32,24,9,32,5400,19200,0,0.17266805,1
train,18,data_18.csv,onset_leak,18_10_33,24,10,33,6000,19800,0,0.17487182,1
train,18,data_18.csv,onset_leak,18_11_34,24,11,34,6600,20400,0,0.17805575,1
train,18,data_18.csv,onset_leak,18_12_35,24,12,35,7200,21000,0,0.179947,1
train,18,data_18.csv,onset_leak,18_13_36,24,13,36,7800,21600,0,0.18182221,1
train,18,data_18.csv,onset_leak,18_14_37,24,14,37,8400,22200,0,0.17899199,1
train,18,data_18.csv,onset_leak,18_15_38,24,15,38,9000,22800,0,0.18441609,1
train,18,data_18.csv,onset_leak,18_16_39,24,16,39,9600,23400,0,0.18866421,1
train,18,data_18.csv,onset_leak,18_17_40,24,17,40,10200,24000,0,0.19192506,1
train,18,data_18.csv,onset_leak,18_18_41,24,18,41,10800,24600,0,0.1953748,1
train,18,data_18.csv,onset_leak,18_19_42,24,19,42,11400,25200,0,0.20053579,1
train,18,data_18.csv,onset_leak,18_20_43,24,20,43,12000,25800,0,0.1999404,1
train,18,data_18.csv,onset_leak,18_21_44,24,21,44,12600,26400,0,0.20815374,1
train,18,data_18.csv,onset_leak,18_22_45,24,22,45,13200,27000,0,0.21702063,1
train,18,data_18.csv,onset_leak,18_23_46,24,23,46,13800,27600,0,0.22273396,1
train,18,data_18.csv,onset_leak,18_24_47,24,24,47,14400,28200,0,0.23271132,1
train,18,data_18.csv,onset_leak,18_25_48,24,25,48,15000,28800,0,0.24367814,1
train,18,data_18.csv,onset_leak,18_26_49,24,26,49,15600,29400,0,0.24826041,1
train,18,data_18.csv,onset_leak,18_27_50,24,27,50,16200,30000,0,0.259646,1
train,18,data_18.csv,onset_leak,18_28_51,24,28,51,16800,30600,0,0.27627954,1
train,18,data_18.csv,onset_leak,18_29_52,24,29,52,17400,31200,0,0.286806,1
train,18,data_18.csv,onset_leak,18_30_53,24,30,53,18000,31800,0,0.30019253,1
train,18,data_18.csv,onset_leak,18_31_54,24,31,54,18600,32400,0,0.313151,1
train,18,data_18.csv,onset_leak,18_32_55,24,32,55,19200,33000,0,0.3207862,1
train,18,data_18.csv,onset_leak,18_33_56,24,33,56,19800,33600,0,0.33715978,1
train,18,data_18.csv,onset_leak,18_34_57,24,34,57,20400,34200,0,0.3560111,1
train,18,data_18.csv,onset_leak,18_35_58,24,35,58,21000,34800,0,0.3707715,1
train,18,data_18.csv,onset_leak,18_36_59,24,36,59,21600,35400,0,0.3856063,1
train,18,data_18.csv,onset_leak,18_37_60,24,37,60,22200,36000,0,0.39911228,1
train,18,data_18.csv,onset_leak,18_38_61,24,38,61,22800,36600,0,0.40839,1
train,18,data_18.csv,onset_leak,18_39_62,24,39,62,23400,37200,0,0.4249171,1
train,18,data_18.csv,onset_leak,18_40_63,24,40,63,24000,37800,0,0.4354427,1
train,18,data_18.csv,onset_leak,18_41_64,24,41,64,24600,38400,0,0.45169604,1
train,18,data_18.csv,onset_leak,18_42_65,24,42,65,25200,39000,0,0.4693337,1
train,18,data_18.csv,onset_leak,18_43_66,24,43,66,25800,39600,0,0.49062854,1
train,18,data_18.csv,onset_leak,18_44_67,24,44,67,26400,40200,0,0.498977,1
train,18,data_18.csv,onset_leak,18_45_68,24,45,68,27000,40800,0,0.5125073,1
train,18,data_18.csv,onset_leak,18_46_69,24,46,69,27600,41400,0,0.5211533,1
train,18,data_18.csv,onset_leak,18_47_70,24,47,70,28200,42000,0,0.5438789,1
train,18,data_18.csv,onset_leak,18_48_71,24,48,71,28800,42600,0,0.57148516,1
train,18,data_18.csv,onset_leak,18_49_72,24,49,72,29400,43200,1,0.5962072,1
train,18,data_18.csv,onset_leak,18_50_73,24,50,73,30000,43800,1,0.608598,1
train,18,data_18.csv,onset_leak,18_51_74,24,51,74,30600,44400,1,0.6187428,1
train,18,data_18.csv,onset_leak,18_52_75,24,52,75,31200,45000,1,0.6221092,1
train,18,data_18.csv,onset_leak,18_53_76,24,53,76,31800,45600,1,0.6402948,1
train,18,data_18.csv,onset_leak,18_54_77,24,54,77,32400,46200,1,0.6565629,1
train,18,data_18.csv,onset_leak,18_55_78,24,55,78,33000,46800,1,0.6709493,1
train,18,data_18.csv,onset_leak,18_56_79,24,56,79,33600,47400,1,0.6841289,1
train,18,data_18.csv,onset_leak,18_57_80,24,57,80,34200,48000,1,0.6926037,1
train,18,data_18.csv,onset_leak,18_58_81,24,58,81,34800,48600,1,0.69367033,1
train,18,data_18.csv,onset_leak,18_59_82,24,59,82,35400,49200,1,0.70944136,1
train,18,data_18.csv,onset_leak,18_60_83,24,60,83,36000,49800,1,0.7231227,1
train,18,data_18.csv,onset_leak,18_61_84,24,61,84,36600,50400,1,0.732081,1
train,18,data_18.csv,onset_leak,18_62_85,24,62,85,37200,51000,1,0.73992974,1
train,18,data_18.csv,onset_leak,18_63_86,24,63,86,37800,51600,1,0.7477877,1
train,18,data_18.csv,onset_leak,18_64_87,24,64,87,38400,52200,1,0.74758077,1
train,18,data_18.csv,onset_leak,18_65_88,24,65,88,39000,52800,1,0.7588829,1
train,18,data_18.csv,onset_leak,18_66_89,24,66,89,39600,53400,1,0.7682172,1
train,18,data_18.csv,onset_leak,18_67_90,24,67,90,40200,54000,1,0.7714766,1
train,18,data_18.csv,onset_leak,18_68_91,24,68,91,40800,54600,1,0.77434486,1
train,18,data_18.csv,onset_leak,18_69_92,24,69,92,41400,55200,1,0.77963346,1
train,18,data_18.csv,onset_leak,18_70_93,24,70,93,42000,55800,1,0.7793097,1
train,18,data_18.csv,onset_leak,18_71_94,24,71,94,42600,56400,1,0.78569376,1
train,18,data_18.csv,onset_leak,18_72_95,24,72,95,43200,57000,1,0.7897401,1
train,18,data_18.csv,onset_leak,18_73_96,24,73,96,43800,57600,1,0.78842354,1
train,18,data_18.csv,onset_leak,18_74_97,24,74,97,44400,58200,1,0.7886031,1
train,18,data_18.csv,onset_leak,18_75_98,24,75,98,45000,58800,1,0.7914087,1
train,18,data_18.csv,onset_leak,18_76_99,24,76,99,45600,59400,1,0.7906614,1
train,18,data_18.csv,onset_leak,18_77_100,24,77,100,46200,60000,1,0.79291147,1
train,18,data_18.csv,onset_leak,18_78_101,24,78,101,46800,60600,1,0.7929515,1
train,18,data_18.csv,onset_leak,18_79_102,24,79,102,47400,61200,1,0.7888256,1
train,18,data_18.csv,onset_leak,18_80_103,24,80,103,48000,61800,1,0.78659636,1
train,18,data_18.csv,onset_leak,18_81_104,24,81,104,48600,62400,1,0.7870145,1
train,18,data_18.csv,onset_leak,18_82_105,24,82,105,49200,63000,1,0.7864183,1
train,18,data_18.csv,onset_leak,18_83_106,24,83,106,49800,63600,1,0.7852255,1
train,18,data_18.csv,onset_leak,18_84_107,24,84,107,50400,64200,1,0.7818465,1
train,18,data_18.csv,onset_leak,18_85_108,24,85,108,51000,64800,1,0.77639437,1
train,18,data_18.csv,onset_leak,18_86_109,24,86,109,51600,65400,1,0.7721912,1
train,18,data_18.csv,onset_leak,18_87_110,24,87,110,52200,66000,1,0.7714345,1
train,18,data_18.csv,onset_leak,18_88_111,24,88,111,52800,66600,1,0.7712309,1
train,18,data_18.csv,onset_leak,18_89_112,24,89,112,53400,67200,1,0.7667121,1
train,18,data_18.csv,onset_leak,18_90_113,24,90,113,54000,67800,1,0.76026917,1
train,18,data_18.csv,onset_leak,18_91_114,24,91,114,54600,68400,1,0.7521984,1
train,18,data_18.csv,onset_leak,18_92_115,24,92,115,55200,69000,1,0.74549353,1
train,18,data_18.csv,onset_leak,18_93_116,24,93,116,55800,69600,1,0.74480647,1
train,18,data_18.csv,onset_leak,18_94_117,24,94,117,56400,70200,1,0.7448774,1
train,18,data_18.csv,onset_leak,18_95_118,24,95,118,57000,70800,1,0.73713654,1
train,18,data_18.csv,onset_leak,18_96_119,24,96,119,57600,71400,1,0.72727275,1
train,18,data_18.csv,onset_leak,18_97_120,24,97,120,58200,72000,1,0.71532094,1
train,18,data_18.csv,onset_leak,18_98_121,24,98,121,58800,72600,1,0.70585036,1
train,18,data_18.csv,onset_leak,18_99_122,24,99,122,59400,73200,1,0.7050828,1
train,18,data_18.csv,onset_leak,18_100_123,24,100,123,60000,73800,1,0.70614564,1
train,18,data_18.csv,onset_leak,18_101_124,24,101,124,60600,74400,1,0.69509846,1
train,18,data_18.csv,onset_leak,18_102_125,24,102,125,61200,75000,1,0.6823253,1
train,18,data_18.csv,onset_leak,18_103_126,24,103,126,61800,75600,1,0.66883093,1
train,18,data_18.csv,onset_leak,18_104_127,24,104,127,62400,76200,1,0.6565182,1
train,18,data_18.csv,onset_leak,18_105_128,24,105,128,63000,76800,1,0.6589184,1
train,18,data_18.csv,onset_leak,18_106_129,24,106,129,63600,77400,1,0.66746813,1
train,18,data_18.csv,onset_leak,18_107_130,24,107,130,64200,78000,1,0.6622423,1
train,18,data_18.csv,onset_leak,18_108_131,24,108,131,64800,78600,1,0.6501318,1
train,18,data_18.csv,onset_leak,18_109_132,24,109,132,65400,79200,1,0.6493064,1
train,18,data_18.csv,onset_leak,18_110_133,24,110,133,66000,79800,1,0.645331,1
train,18,data_18.csv,onset_leak,18_111_134,24,111,134,66600,80400,1,0.6560833,1
train,18,data_18.csv,onset_leak,18_112_135,24,112,135,67200,81000,1,0.6709987,1
train,18,data_18.csv,onset_leak,18_113_136,24,113,136,67800,81600,1,0.6724963,1
train,18,data_18.csv,onset_leak,18_114_137,24,114,137,68400,82200,1,0.6580369,1
train,18,data_18.csv,onset_leak,18_115_138,24,115,138,69000,82800,1,0.6503602,1
train,18,data_18.csv,onset_leak,18_116_139,24,116,139,69600,83400,1,0.6575145,1
train,18,data_18.csv,onset_leak,18_117_140,24,117,140,70200,84000,1,0.6717755,1
train,18,data_18.csv,onset_leak,18_118_141,24,118,141,70800,84600,1,0.6849133,1
train,18,data_18.csv,onset_leak,18_119_142,24,119,142,71400,85200,1,0.6827089,1
train,18,data_18.csv,onset_leak,18_120_143,24,120,143,72000,85800,1,0.6667045,1
train,18,data_18.csv,onset_leak,18_121_144,24,121,144,72600,86400,1,0.64946973,1
train,20,data_20.csv,onset_leak,20_0_23,24,0,23,0,13800,0,0.1785557,1
train,20,data_20.csv,onset_leak,20_1_24,24,1,24,600,14400,0,0.17818065,1
train,20,data_20.csv,onset_leak,20_2_25,24,2,25,1200,15000,0,0.1764061,1
train,20,data_20.csv,onset_leak,20_3_26,24,3,26,1800,15600,0,0.1758754,1
train,20,data_20.csv,onset_leak,20_4_27,24,4,27,2400,16200,0,0.17526378,1
train,20,data_20.csv,onset_leak,20_5_28,24,5,28,3000,16800,0,0.17491493,1
train,20,data_20.csv,onset_leak,20_6_29,24,6,29,3600,17400,0,0.17472018,1
train,20,data_20.csv,onset_leak,20_7_30,24,7,30,4200,18000,0,0.17527737,1
train,20,data_20.csv,onset_leak,20_8_31,24,8,31,4800,18600,0,0.17407444,1
train,20,data_20.csv,onset_leak,20_9_32,24,9,32,5400,19200,0,0.1746956,1
train,20,data_20.csv,onset_leak,20_10_33,24,10,33,6000,19800,0,0.17516094,1
train,20,data_20.csv,onset_leak,20_11_34,24,11,34,6600,20400,0,0.17585766,1
train,20,data_20.csv,onset_leak,20_12_35,24,12,35,7200,21000,0,0.17639993,1
train,20,data_20.csv,onset_leak,20_13_36,24,13,36,7800,21600,0,0.17746195,1
train,20,data_20.csv,onset_leak,20_14_37,24,14,37,8400,22200,0,0.17614736,1
train,20,data_20.csv,onset_leak,20_15_38,24,15,38,9000,22800,0,0.17761157,1
train,20,data_20.csv,onset_leak,20_16_39,24,16,39,9600,23400,0,0.17871368,1
train,20,data_20.csv,onset_leak,20_17_40,24,17,40,10200,24000,0,0.18031399,1
train,20,data_20.csv,onset_leak,20_18_41,24,18,41,10800,24600,0,0.18128935,1
train,20,data_20.csv,onset_leak,20_19_42,24,19,42,11400,25200,0,0.18288611,1
train,20,data_20.csv,onset_leak,20_20_43,24,20,43,12000,25800,0,0.18137693,1
train,20,data_20.csv,onset_leak,20_21_44,24,21,44,12600,26400,0,0.18395086,1
train,20,data_20.csv,onset_leak,20_22_45,24,22,45,13200,27000,0,0.18643023,1
train,20,data_20.csv,onset_leak,20_23_46,24,23,46,13800,27600,0,0.18872705,1
train,20,data_20.csv,onset_leak,20_24_47,24,24,47,14400,28200,0,0.19033407,1
train,20,data_20.csv,onset_leak,20_25_48,24,25,48,15000,28800,0,0.19342552,1
train,20,data_20.csv,onset_leak,20_26_49,24,26,49,15600,29400,0,0.19306032,1
train,20,data_20.csv,onset_leak,20_27_50,24,27,50,16200,30000,0,0.19778942,1
train,20,data_20.csv,onset_leak,20_28_51,24,28,51,16800,30600,0,0.2036619,1
train,20,data_20.csv,onset_leak,20_29_52,24,29,52,17400,31200,0,0.20767027,1
train,20,data_20.csv,onset_leak,20_30_53,24,30,53,18000,31800,0,0.21128975,1
train,20,data_20.csv,onset_leak,20_31_54,24,31,54,18600,32400,0,0.21546121,1
train,20,data_20.csv,onset_leak,20_32_55,24,32,55,19200,33000,0,0.21615319,1
train,20,data_20.csv,onset_leak,20_33_56,24,33,56,19800,33600,0,0.22422692,1
train,20,data_20.csv,onset_leak,20_34_57,24,34,57,20400,34200,0,0.2320335,1
train,20,data_20.csv,onset_leak,20_35_58,24,35,58,21000,34800,0,0.23776312,1
train,20,data_20.csv,onset_leak,20_36_59,24,36,59,21600,35400,0,0.24321578,1
train,20,data_20.csv,onset_leak,20_37_60,24,37,60,22200,36000,0,0.2493086,1
train,20,data_20.csv,onset_leak,20_38_61,24,38,61,22800,36600,0,0.2509784,1
train,20,data_20.csv,onset_leak,20_39_62,24,39,62,23400,37200,0,0.26073298,1
train,20,data_20.csv,onset_leak,20_40_63,24,40,63,24000,37800,0,0.2696014,1
train,20,data_20.csv,onset_leak,20_41_64,24,41,64,24600,38400,0,0.27613717,1
train,20,data_20.csv,onset_leak,20_42_65,24,42,65,25200,39000,0,0.28546354,1
train,20,data_20.csv,onset_leak,20_43_66,24,43,66,25800,39600,0,0.29502136,1
train,20,data_20.csv,onset_leak,20_44_67,24,44,67,26400,40200,0,0.2995062,1
train,20,data_20.csv,onset_leak,20_45_68,24,45,68,27000,40800,0,0.3109002,1
train,20,data_20.csv,onset_leak,20_46_69,24,46,69,27600,41400,0,0.32304826,1
train,20,data_20.csv,onset_leak,20_47_70,24,47,70,28200,42000,0,0.33248585,1
train,20,data_20.csv,onset_leak,20_48_71,24,48,71,28800,42600,0,0.34537393,1
train,20,data_20.csv,onset_leak,20_49_72,24,49,72,29400,43200,1,0.3718864,1
train,20,data_20.csv,onset_leak,20_50_73,24,50,73,30000,43800,1,0.3845563,1
train,20,data_20.csv,onset_leak,20_51_74,24,51,74,30600,44400,1,0.40633276,1
train,20,data_20.csv,onset_leak,20_52_75,24,52,75,31200,45000,1,0.42431527,1
train,20,data_20.csv,onset_leak,20_53_76,24,53,76,31800,45600,1,0.45649517,1
train,20,data_20.csv,onset_leak,20_54_77,24,54,77,32400,46200,1,0.4851721,1
train,20,data_20.csv,onset_leak,20_55_78,24,55,78,33000,46800,1,0.5340159,1
train,20,data_20.csv,onset_leak,20_56_79,24,56,79,33600,47400,1,0.5617017,1
train,20,data_20.csv,onset_leak,20_57_80,24,57,80,34200,48000,1,0.5906384,1
train,20,data_20.csv,onset_leak,20_58_81,24,58,81,34800,48600,1,0.6079886,1
train,20,data_20.csv,onset_leak,20_59_82,24,59,82,35400,49200,1,0.6360418,1
train,20,data_20.csv,onset_leak,20_60_83,24,60,83,36000,49800,1,0.65656656,1
train,20,data_20.csv,onset_leak,20_61_84,24,61,84,36600,50400,1,0.67298687,1
train,20,data_20.csv,onset_leak,20_62_85,24,62,85,37200,51000,1,0.6869595,1
train,20,data_20.csv,onset_leak,20_63_86,24,63,86,37800,51600,1,0.6990612,1
train,20,data_20.csv,onset_leak,20_64_87,24,64,87,38400,52200,1,0.6997385,1
train,20,data_20.csv,onset_leak,20_65_88,24,65,88,39000,52800,1,0.71787953,1
train,20,data_20.csv,onset_leak,20_66_89,24,66,89,39600,53400,1,0.73198974,1
train,20,data_20.csv,onset_leak,20_67_90,24,67,90,40200,54000,1,0.7239525,1
train,20,data_20.csv,onset_leak,20_68_91,24,68,91,40800,54600,1,0.7246042,1
train,20,data_20.csv,onset_leak,20_69_92,24,69,92,41400,55200,1,0.73862517,1
train,20,data_20.csv,onset_leak,20_70_93,24,70,93,42000,55800,1,0.739145,1
train,20,data_20.csv,onset_leak,20_71_94,24,71,94,42600,56400,1,0.7432956,1
train,20,data_20.csv,onset_leak,20_72_95,24,72,95,43200,57000,1,0.74103487,1
train,20,data_20.csv,onset_leak,20_73_96,24,73,96,43800,57600,1,0.72049135,1
train,20,data_20.csv,onset_leak,20_74_97,24,74,97,44400,58200,1,0.70967746,1
train,20,data_20.csv,onset_leak,20_75_98,24,75,98,45000,58800,1,0.7215747,1
train,20,data_20.csv,onset_leak,20_76_99,24,76,99,45600,59400,1,0.72459453,1
train,20,data_20.csv,onset_leak,20_77_100,24,77,100,46200,60000,1,0.7206689,1
train,20,data_20.csv,onset_leak,20_78_101,24,78,101,46800,60600,1,0.70851165,1
train,20,data_20.csv,onset_leak,20_79_102,24,79,102,47400,61200,1,0.7053015,1
train,20,data_20.csv,onset_leak,20_80_103,24,80,103,48000,61800,1,0.6912341,1
train,20,data_20.csv,onset_leak,20_81_104,24,81,104,48600,62400,1,0.6865121,1
train,20,data_20.csv,onset_leak,20_82_105,24,82,105,49200,63000,1,0.6872972,1
train,20,data_20.csv,onset_leak,20_83_106,24,83,106,49800,63600,1,0.6860623,1
train,20,data_20.csv,onset_leak,20_84_107,24,84,107,50400,64200,1,0.6868055,1
train,20,data_20.csv,onset_leak,20_85_108,24,85,108,51000,64800,1,0.6799751,1
train,20,data_20.csv,onset_leak,20_86_109,24,86,109,51600,65400,1,0.6616756,1
train,20,data_20.csv,onset_leak,20_87_110,24,87,110,52200,66000,1,0.6379506,1
train,20,data_20.csv,onset_leak,20_88_111,24,88,111,52800,66600,1,0.6323092,1
train,20,data_20.csv,onset_leak,20_89_112,24,89,112,53400,67200,1,0.61542535,1
train,20,data_20.csv,onset_leak,20_90_113,24,90,113,54000,67800,1,0.60491943,1
train,20,data_20.csv,onset_leak,20_91_114,24,91,114,54600,68400,1,0.5959297,1
train,20,data_20.csv,onset_leak,20_92_115,24,92,115,55200,69000,1,0.591721,1
train,20,data_20.csv,onset_leak,20_93_116,24,93,116,55800,69600,1,0.56524014,1
train,20,data_20.csv,onset_leak,20_94_117,24,94,117,56400,70200,1,0.5589803,1
train,20,data_20.csv,onset_leak,20_95_118,24,95,118,57000,70800,1,0.5178645,1
train,20,data_20.csv,onset_leak,20_96_119,24,96,119,57600,71400,1,0.4966654,1
train,20,data_20.csv,onset_leak,20_97_120,24,97,120,58200,72000,1,0.50186414,1
train,20,data_20.csv,onset_leak,20_98_121,24,98,121,58800,72600,1,0.50762826,1
train,20,data_20.csv,onset_leak,20_99_122,24,99,122,59400,73200,1,0.51975363,1
train,20,data_20.csv,onset_leak,20_100_123,24,100,123,60000,73800,1,0.53592825,1
train,20,data_20.csv,onset_leak,20_101_124,24,101,124,60600,74400,1,0.5409525,1
train,20,data_20.csv,onset_leak,20_102_125,24,102,125,61200,75000,1,0.5436038,1
train,20,data_20.csv,onset_leak,20_103_126,24,103,126,61800,75600,1,0.5378326,1
train,20,data_20.csv,onset_leak,20_104_127,24,104,127,62400,76200,1,0.5503353,1
train,20,data_20.csv,onset_leak,20_105_128,24,105,128,63000,76800,1,0.5695215,1
train,20,data_20.csv,onset_leak,20_106_129,24,106,129,63600,77400,1,0.58768547,1
train,20,data_20.csv,onset_leak,20_107_130,24,107,130,64200,78000,1,0.606232,1
train,20,data_20.csv,onset_leak,20_108_131,24,108,131,64800,78600,1,0.6093862,1
train,20,data_20.csv,onset_leak,20_109_132,24,109,132,65400,79200,1,0.60127,1
train,20,data_20.csv,onset_leak,20_110_133,24,110,133,66000,79800,1,0.60558903,1
train,20,data_20.csv,onset_leak,20_111_134,24,111,134,66600,80400,1,0.61583686,1
train,20,data_20.csv,onset_leak,20_112_135,24,112,135,67200,81000,1,0.6266,1
train,20,data_20.csv,onset_leak,20_113_136,24,113,136,67800,81600,1,0.62711656,1
train,20,data_20.csv,onset_leak,20_114_137,24,114,137,68400,82200,1,0.61699843,1
train,20,data_20.csv,onset_leak,20_115_138,24,115,138,69000,82800,1,0.6017887,1
train,20,data_20.csv,onset_leak,20_116_139,24,116,139,69600,83400,1,0.6134542,1
train,20,data_20.csv,onset_leak,20_117_140,24,117,140,70200,84000,1,0.62434095,1
train,20,data_20.csv,onset_leak,20_118_141,24,118,141,70800,84600,1,0.62797755,1
train,20,data_20.csv,onset_leak,20_119_142,24,119,142,71400,85200,1,0.6136612,1
train,20,data_20.csv,onset_leak,20_120_143,24,120,143,72000,85800,1,0.5907101,1
train,20,data_20.csv,onset_leak,20_121_144,24,121,144,72600,86400,1,0.57107395,1
train,21,data_21.csv,persistent_leak,21_0_23,24,0,23,0,13800,1,0.20032963,1
train,21,data_21.csv,persistent_leak,21_1_24,24,1,24,600,14400,1,0.19893399,1
train,21,data_21.csv,persistent_leak,21_2_25,24,2,25,1200,15000,1,0.19705366,1
train,21,data_21.csv,persistent_leak,21_3_26,24,3,26,1800,15600,1,0.19516829,1
train,21,data_21.csv,persistent_leak,21_4_27,24,4,27,2400,16200,1,0.19303961,1
train,21,data_21.csv,persistent_leak,21_5_28,24,5,28,3000,16800,1,0.19164212,1
train,21,data_21.csv,persistent_leak,21_6_29,24,6,29,3600,17400,1,0.19054487,1
train,21,data_21.csv,persistent_leak,21_7_30,24,7,30,4200,18000,1,0.18971016,1
train,21,data_21.csv,persistent_leak,21_8_31,24,8,31,4800,18600,1,0.18796533,1
train,21,data_21.csv,persistent_leak,21_9_32,24,9,32,5400,19200,1,0.18687123,1
train,21,data_21.csv,persistent_leak,21_10_33,24,10,33,6000,19800,1,0.18559681,1
train,21,data_21.csv,persistent_leak,21_11_34,24,11,34,6600,20400,1,0.18479094,1
train,21,data_21.csv,persistent_leak,21_12_35,24,12,35,7200,21000,1,0.18418796,1
train,21,data_21.csv,persistent_leak,21_13_36,24,13,36,7800,21600,1,0.18411413,1
train,21,data_21.csv,persistent_leak,21_14_37,24,14,37,8400,22200,1,0.18290186,1
train,21,data_21.csv,persistent_leak,21_15_38,24,15,38,9000,22800,1,0.18279669,1
train,21,data_21.csv,persistent_leak,21_16_39,24,16,39,9600,23400,1,0.18269427,1
train,21,data_21.csv,persistent_leak,21_17_40,24,17,40,10200,24000,1,0.18263951,1
train,21,data_21.csv,persistent_leak,21_18_41,24,18,41,10800,24600,1,0.18268257,1
train,21,data_21.csv,persistent_leak,21_19_42,24,19,42,11400,25200,1,0.18343782,1
train,21,data_21.csv,persistent_leak,21_20_43,24,20,43,12000,25800,1,0.18308726,1
train,21,data_21.csv,persistent_leak,21_21_44,24,21,44,12600,26400,1,0.184061,1
train,21,data_21.csv,persistent_leak,21_22_45,24,22,45,13200,27000,1,0.18511844,1
train,21,data_21.csv,persistent_leak,21_23_46,24,23,46,13800,27600,1,0.18595037,1
train,21,data_21.csv,persistent_leak,21_24_47,24,24,47,14400,28200,1,0.18666832,1
train,21,data_21.csv,persistent_leak,21_25_48,24,25,48,15000,28800,1,0.18785658,1
train,21,data_21.csv,persistent_leak,21_26_49,24,26,49,15600,29400,1,0.18761483,1
train,21,data_21.csv,persistent_leak,21_27_50,24,27,50,16200,30000,1,0.189049,1
train,21,data_21.csv,persistent_leak,21_28_51,24,28,51,16800,30600,1,0.19027598,1
train,21,data_21.csv,persistent_leak,21_29_52,24,29,52,17400,31200,1,0.19169492,1
train,21,data_21.csv,persistent_leak,21_30_53,24,30,53,18000,31800,1,0.1927061,1
train,21,data_21.csv,persistent_leak,21_31_54,24,31,54,18600,32400,1,0.19342306,1
train,21,data_21.csv,persistent_leak,21_32_55,24,32,55,19200,33000,1,0.1893135,1
train,21,data_21.csv,persistent_leak,21_33_56,24,33,56,19800,33600,1,0.1888528,1
train,21,data_21.csv,persistent_leak,21_34_57,24,34,57,20400,34200,1,0.18671316,1
train,21,data_21.csv,persistent_leak,21_35_58,24,35,58,21000,34800,1,0.18870902,1
train,21,data_21.csv,persistent_leak,21_36_59,24,36,59,21600,35400,1,0.18912435,1
train,21,data_21.csv,persistent_leak,21_37_60,24,37,60,22200,36000,1,0.1942571,1
train,21,data_21.csv,persistent_leak,21_38_61,24,38,61,22800,36600,1,0.18821879,1
train,21,data_21.csv,persistent_leak,21_39_62,24,39,62,23400,37200,1,0.19352174,1
train,21,data_21.csv,persistent_leak,21_40_63,24,40,63,24000,37800,1,0.19663778,1
train,21,data_21.csv,persistent_leak,21_41_64,24,41,64,24600,38400,1,0.20259523,1
train,21,data_21.csv,persistent_leak,21_42_65,24,42,65,25200,39000,1,0.21204996,1
train,21,data_21.csv,persistent_leak,21_43_66,24,43,66,25800,39600,1,0.23914182,1
train,21,data_21.csv,persistent_leak,21_44_67,24,44,67,26400,40200,1,0.24731651,1
train,21,data_21.csv,persistent_leak,21_45_68,24,45,68,27000,40800,1,0.2611769,1
train,21,data_21.csv,persistent_leak,21_46_69,24,46,69,27600,41400,1,0.28750214,1
train,21,data_21.csv,persistent_leak,21_47_70,24,47,70,28200,42000,1,0.3299262,1
train,21,data_21.csv,persistent_leak,21_48_71,24,48,71,28800,42600,1,0.381512,1
train,21,data_21.csv,persistent_leak,21_49_72,24,49,72,29400,43200,1,0.46794158,1
train,21,data_21.csv,persistent_leak,21_50_73,24,50,73,30000,43800,1,0.50541353,1
train,21,data_21.csv,persistent_leak,21_51_74,24,51,74,30600,44400,1,0.57363296,1
train,21,data_21.csv,persistent_leak,21_52_75,24,52,75,31200,45000,1,0.6254065,1
train,21,data_21.csv,persistent_leak,21_53_76,24,53,76,31800,45600,1,0.6971156,1
train,21,data_21.csv,persistent_leak,21_54_77,24,54,77,32400,46200,1,0.73542005,1
train,21,data_21.csv,persistent_leak,21_55_78,24,55,78,33000,46800,1,0.75684947,1
train,21,data_21.csv,persistent_leak,21_56_79,24,56,79,33600,47400,1,0.76840067,1
train,21,data_21.csv,persistent_leak,21_57_80,24,57,80,34200,48000,1,0.78844935,1
train,21,data_21.csv,persistent_leak,21_58_81,24,58,81,34800,48600,1,0.7891061,1
train,21,data_21.csv,persistent_leak,21_59_82,24,59,82,35400,49200,1,0.8097858,1
train,21,data_21.csv,persistent_leak,21_60_83,24,60,83,36000,49800,1,0.8214104,1
train,21,data_21.csv,persistent_leak,21_61_84,24,61,84,36600,50400,1,0.8247148,1
train,21,data_21.csv,persistent_leak,21_62_85,24,62,85,37200,51000,1,0.8273354,1
train,21,data_21.csv,persistent_leak,21_63_86,24,63,86,37800,51600,1,0.83415884,1
train,21,data_21.csv,persistent_leak,21_64_87,24,64,87,38400,52200,1,0.8340831,1
train,21,data_21.csv,persistent_leak,21_65_88,24,65,88,39000,52800,1,0.8441762,1
train,21,data_21.csv,persistent_leak,21_66_89,24,66,89,39600,53400,1,0.8479251,1
train,21,data_21.csv,persistent_leak,21_67_90,24,67,90,40200,54000,1,0.85012597,1
train,21,data_21.csv,persistent_leak,21_68_91,24,68,91,40800,54600,1,0.85084385,1
train,21,data_21.csv,persistent_leak,21_69_92,24,69,92,41400,55200,1,0.8518184,1
train,21,data_21.csv,persistent_leak,21_70_93,24,70,93,42000,55800,1,0.851885,1
train,21,data_21.csv,persistent_leak,21_71_94,24,71,94,42600,56400,1,0.85486037,1
train,21,data_21.csv,persistent_leak,21_72_95,24,72,95,43200,57000,1,0.85689634,1
train,21,data_21.csv,persistent_leak,21_73_96,24,73,96,43800,57600,1,0.8616713,1
train,21,data_21.csv,persistent_leak,21_74_97,24,74,97,44400,58200,1,0.8644262,1
train,21,data_21.csv,persistent_leak,21_75_98,24,75,98,45000,58800,1,0.8641273,1
train,21,data_21.csv,persistent_leak,21_76_99,24,76,99,45600,59400,1,0.86489135,1
train,21,data_21.csv,persistent_leak,21_77_100,24,77,100,46200,60000,1,0.867851,1
train,21,data_21.csv,persistent_leak,21_78_101,24,78,101,46800,60600,1,0.8717315,1
train,21,data_21.csv,persistent_leak,21_79_102,24,79,102,47400,61200,1,0.8766065,1
train,21,data_21.csv,persistent_leak,21_80_103,24,80,103,48000,61800,1,0.88083166,1
train,21,data_21.csv,persistent_leak,21_81_104,24,81,104,48600,62400,1,0.8822408,1
train,21,data_21.csv,persistent_leak,21_82_105,24,82,105,49200,63000,1,0.88250303,1
train,21,data_21.csv,persistent_leak,21_83_106,24,83,106,49800,63600,1,0.886218,1
train,21,data_21.csv,persistent_leak,21_84_107,24,84,107,50400,64200,1,0.8909608,1
train,21,data_21.csv,persistent_leak,21_85_108,24,85,108,51000,64800,1,0.8925359,1
train,21,data_21.csv,persistent_leak,21_86_109,24,86,109,51600,65400,1,0.8950203,1
train,21,data_21.csv,persistent_leak,21_87_110,24,87,110,52200,66000,1,0.8978474,1
train,21,data_21.csv,persistent_leak,21_88_111,24,88,111,52800,66600,1,0.8976411,1
train,21,data_21.csv,persistent_leak,21_89_112,24,89,112,53400,67200,1,0.90033805,1
train,21,data_21.csv,persistent_leak,21_90_113,24,90,113,54000,67800,1,0.90268177,1
train,21,data_21.csv,persistent_leak,21_91_114,24,91,114,54600,68400,1,0.8888733,1
train,21,data_21.csv,persistent_leak,21_92_115,24,92,115,55200,69000,1,0.8846105,1
train,21,data_21.csv,persistent_leak,21_93_116,24,93,116,55800,69600,1,0.8913248,1
train,21,data_21.csv,persistent_leak,21_94_117,24,94,117,56400,70200,1,0.8916265,1
train,21,data_21.csv,persistent_leak,21_95_118,24,95,118,57000,70800,1,0.8860147,1
train,21,data_21.csv,persistent_leak,21_96_119,24,96,119,57600,71400,1,0.87487686,1
train,21,data_21.csv,persistent_leak,21_97_120,24,97,120,58200,72000,1,0.8501037,1
train,21,data_21.csv,persistent_leak,21_98_121,24,98,121,58800,72600,1,0.83335316,1
train,21,data_21.csv,persistent_leak,21_99_122,24,99,122,59400,73200,1,0.8421194,1
train,21,data_21.csv,persistent_leak,21_100_123,24,100,123,60000,73800,1,0.8446988,1
train,21,data_21.csv,persistent_leak,21_101_124,24,101,124,60600,74400,1,0.8335196,1
train,21,data_21.csv,persistent_leak,21_102_125,24,102,125,61200,75000,1,0.81310844,1
train,21,data_21.csv,persistent_leak,21_103_126,24,103,126,61800,75600,1,0.80401933,1
train,21,data_21.csv,persistent_leak,21_104_127,24,104,127,62400,76200,1,0.7807816,1
train,21,data_21.csv,persistent_leak,21_105_128,24,105,128,63000,76800,1,0.779466,1
train,21,data_21.csv,persistent_leak,21_106_129,24,106,129,63600,77400,1,0.7876849,1
train,21,data_21.csv,persistent_leak,21_107_130,24,107,130,64200,78000,1,0.79692996,1
train,21,data_21.csv,persistent_leak,21_108_131,24,108,131,64800,78600,1,0.7931098,1
train,21,data_21.csv,persistent_leak,21_109_132,24,109,132,65400,79200,1,0.7818093,1
train,21,data_21.csv,persistent_leak,21_110_133,24,110,133,66000,79800,1,0.75931174,1
train,21,data_21.csv,persistent_leak,21_111_134,24,111,134,66600,80400,1,0.7506639,1
train,21,data_21.csv,persistent_leak,21_112_135,24,112,135,67200,81000,1,0.74394804,1
train,21,data_21.csv,persistent_leak,21_113_136,24,113,136,67800,81600,1,0.72498435,1
train,21,data_21.csv,persistent_leak,21_114_137,24,114,137,68400,82200,1,0.70304704,1
train,21,data_21.csv,persistent_leak,21_115_138,24,115,138,69000,82800,1,0.6826047,1
train,21,data_21.csv,persistent_leak,21_116_139,24,116,139,69600,83400,1,0.6519377,1
train,21,data_21.csv,persistent_leak,21_117_140,24,117,140,70200,84000,1,0.60798234,1
train,21,data_21.csv,persistent_leak,21_118_141,24,118,141,70800,84600,1,0.55255556,1
train,21,data_21.csv,persistent_leak,21_119_142,24,119,142,71400,85200,1,0.4916801,1
train,21,data_21.csv,persistent_leak,21_120_143,24,120,143,72000,85800,1,0.43542522,1
train,21,data_21.csv,persistent_leak,21_121_144,24,121,144,72600,86400,1,0.41699106,1
train,22,data_22.csv,persistent_leak,22_0_23,24,0,23,0,13800,1,0.16788056,1
train,22,data_22.csv,persistent_leak,22_1_24,24,1,24,600,14400,1,0.16766931,1
train,22,data_22.csv,persistent_leak,22_2_25,24,2,25,1200,15000,1,0.1654502,1
train,22,data_22.csv,persistent_leak,22_3_26,24,3,26,1800,15600,1,0.164782,1
train,22,data_22.csv,persistent_leak,22_4_27,24,4,27,2400,16200,1,0.16232456,1
train,22,data_22.csv,persistent_leak,22_5_28,24,5,28,3000,16800,1,0.1630713,1
train,22,data_22.csv,persistent_leak,22_6_29,24,6,29,3600,17400,1,0.16276558,1
train,22,data_22.csv,persistent_leak,22_7_30,24,7,30,4200,18000,1,0.16073628,1
train,22,data_22.csv,persistent_leak,22_8_31,24,8,31,4800,18600,1,0.15381686,1
train,22,data_22.csv,persistent_leak,22_9_32,24,9,32,5400,19200,1,0.1527123,1
train,22,data_22.csv,persistent_leak,22_10_33,24,10,33,6000,19800,1,0.15035644,1
train,22,data_22.csv,persistent_leak,22_11_34,24,11,34,6600,20400,1,0.1500602,1
train,22,data_22.csv,persistent_leak,22_12_35,24,12,35,7200,21000,1,0.14882497,1
train,22,data_22.csv,persistent_leak,22_13_36,24,13,36,7800,21600,1,0.15043543,1
train,22,data_22.csv,persistent_leak,22_14_37,24,14,37,8400,22200,1,0.14710255,1
train,22,data_22.csv,persistent_leak,22_15_38,24,15,38,9000,22800,1,0.15028915,1
train,22,data_22.csv,persistent_leak,22_16_39,24,16,39,9600,23400,1,0.15573601,1
train,22,data_22.csv,persistent_leak,22_17_40,24,17,40,10200,24000,1,0.15829448,1
train,22,data_22.csv,persistent_leak,22_18_41,24,18,41,10800,24600,1,0.1619355,1
train,22,data_22.csv,persistent_leak,22_19_42,24,19,42,11400,25200,1,0.16949902,1
train,22,data_22.csv,persistent_leak,22_20_43,24,20,43,12000,25800,1,0.17366657,1
train,22,data_22.csv,persistent_leak,22_21_44,24,21,44,12600,26400,1,0.18409327,1
train,22,data_22.csv,persistent_leak,22_22_45,24,22,45,13200,27000,1,0.19736971,1
train,22,data_22.csv,persistent_leak,22_23_46,24,23,46,13800,27600,1,0.2068031,1
train,22,data_22.csv,persistent_leak,22_24_47,24,24,47,14400,28200,1,0.2157849,1
train,22,data_22.csv,persistent_leak,22_25_48,24,25,48,15000,28800,1,0.22263259,1
train,22,data_22.csv,persistent_leak,22_26_49,24,26,49,15600,29400,1,0.22812612,1
train,22,data_22.csv,persistent_leak,22_27_50,24,27,50,16200,30000,1,0.24129477,1
train,22,data_22.csv,persistent_leak,22_28_51,24,28,51,16800,30600,1,0.25268763,1
train,22,data_22.csv,persistent_leak,22_29_52,24,29,52,17400,31200,1,0.26207387,1
train,22,data_22.csv,persistent_leak,22_30_53,24,30,53,18000,31800,1,0.27027807,1
train,22,data_22.csv,persistent_leak,22_31_54,24,31,54,18600,32400,1,0.27365395,1
train,22,data_22.csv,persistent_leak,22_32_55,24,32,55,19200,33000,1,0.27610707,1
train,22,data_22.csv,persistent_leak,22_33_56,24,33,56,19800,33600,1,0.28579625,1
train,22,data_22.csv,persistent_leak,22_34_57,24,34,57,20400,34200,1,0.29647443,1
train,22,data_22.csv,persistent_leak,22_35_58,24,35,58,21000,34800,1,0.30208135,1
train,22,data_22.csv,persistent_leak,22_36_59,24,36,59,21600,35400,1,0.30909526,1
train,22,data_22.csv,persistent_leak,22_37_60,24,37,60,22200,36000,1,0.3175949,1
train,22,data_22.csv,persistent_leak,22_38_61,24,38,61,22800,36600,1,0.32203096,1
train,22,data_22.csv,persistent_leak,22_39_62,24,39,62,23400,37200,1,0.33049595,1
train,22,data_22.csv,persistent_leak,22_40_63,24,40,63,24000,37800,1,0.3418879,1
train,22,data_22.csv,persistent_leak,22_41_64,24,41,64,24600,38400,1,0.34905055,1
train,22,data_22.csv,persistent_leak,22_42_65,24,42,65,25200,39000,1,0.3589345,1
train,22,data_22.csv,persistent_leak,22_43_66,24,43,66,25800,39600,1,0.36773366,1
train,22,data_22.csv,persistent_leak,22_44_67,24,44,67,26400,40200,1,0.37265727,1
train,22,data_22.csv,persistent_leak,22_45_68,24,45,68,27000,40800,1,0.38880035,1
train,22,data_22.csv,persistent_leak,22_46_69,24,46,69,27600,41400,1,0.3974381,1
train,22,data_22.csv,persistent_leak,22_47_70,24,47,70,28200,42000,1,0.41301325,1
train,22,data_22.csv,persistent_leak,22_48_71,24,48,71,28800,42600,1,0.4301264,1
train,22,data_22.csv,persistent_leak,22_49_72,24,49,72,29400,43200,1,0.43538067,1
train,22,data_22.csv,persistent_leak,22_50_73,24,50,73,30000,43800,1,0.42955896,1
train,22,data_22.csv,persistent_leak,22_51_74,24,51,74,30600,44400,1,0.4270063,1
train,22,data_22.csv,persistent_leak,22_52_75,24,52,75,31200,45000,1,0.4259871,1
train,22,data_22.csv,persistent_leak,22_53_76,24,53,76,31800,45600,1,0.43648574,1
train,22,data_22.csv,persistent_leak,22_54_77,24,54,77,32400,46200,1,0.45495027,1
train,22,data_22.csv,persistent_leak,22_55_78,24,55,78,33000,46800,1,0.48016667,1
train,22,data_22.csv,persistent_leak,22_56_79,24,56,79,33600,47400,1,0.49299178,1
train,22,data_22.csv,persistent_leak,22_57_80,24,57,80,34200,48000,1,0.51653403,1
train,22,data_22.csv,persistent_leak,22_58_81,24,58,81,34800,48600,1,0.5323732,1
train,22,data_22.csv,persistent_leak,22_59_82,24,59,82,35400,49200,1,0.5588201,1
train,22,data_22.csv,persistent_leak,22_60_83,24,60,83,36000,49800,1,0.584958,1
train,22,data_22.csv,persistent_leak,22_61_84,24,61,84,36600,50400,1,0.6007232,1
train,22,data_22.csv,persistent_leak,22_62_85,24,62,85,37200,51000,1,0.6087234,1
train,22,data_22.csv,persistent_leak,22_63_86,24,63,86,37800,51600,1,0.6170262,1
train,22,data_22.csv,persistent_leak,22_64_87,24,64,87,38400,52200,1,0.6172235,1
train,22,data_22.csv,persistent_leak,22_65_88,24,65,88,39000,52800,1,0.6295782,1
train,22,data_22.csv,persistent_leak,22_66_89,24,66,89,39600,53400,1,0.6431032,1
train,22,data_22.csv,persistent_leak,22_67_90,24,67,90,40200,54000,1,0.65583956,1
train,22,data_22.csv,persistent_leak,22_68_91,24,68,91,40800,54600,1,0.66452074,1
train,22,data_22.csv,persistent_leak,22_69_92,24,69,92,41400,55200,1,0.6705837,1
train,22,data_22.csv,persistent_leak,22_70_93,24,70,93,42000,55800,1,0.6712432,1
train,22,data_22.csv,persistent_leak,22_71_94,24,71,94,42600,56400,1,0.6860428,1
train,22,data_22.csv,persistent_leak,22_72_95,24,72,95,43200,57000,1,0.69869906,1
train,22,data_22.csv,persistent_leak,22_73_96,24,73,96,43800,57600,1,0.70910686,1
train,22,data_22.csv,persistent_leak,22_74_97,24,74,97,44400,58200,1,0.7181194,1
train,22,data_22.csv,persistent_leak,22_75_98,24,75,98,45000,58800,1,0.72263,1
train,22,data_22.csv,persistent_leak,22_76_99,24,76,99,45600,59400,1,0.72328967,1
train,22,data_22.csv,persistent_leak,22_77_100,24,77,100,46200,60000,1,0.73379797,1
train,22,data_22.csv,persistent_leak,22_78_101,24,78,101,46800,60600,1,0.74447453,1
train,22,data_22.csv,persistent_leak,22_79_102,24,79,102,47400,61200,1,0.75293666,1
train,22,data_22.csv,persistent_leak,22_80_103,24,80,103,48000,61800,1,0.7606842,1
train,22,data_22.csv,persistent_leak,22_81_104,24,81,104,48600,62400,1,0.7659472,1
train,22,data_22.csv,persistent_leak,22_82_105,24,82,105,49200,63000,1,0.765864,1
train,22,data_22.csv,persistent_leak,22_83_106,24,83,106,49800,63600,1,0.7743786,1
train,22,data_22.csv,persistent_leak,22_84_107,24,84,107,50400,64200,1,0.78325224,1
train,22,data_22.csv,persistent_leak,22_85_108,24,85,108,51000,64800,1,0.78184,1
train,22,data_22.csv,persistent_leak,22_86_109,24,86,109,51600,65400,1,0.78330386,1
train,22,data_22.csv,persistent_leak,22_87_110,24,87,110,52200,66000,1,0.7892231,1
train,22,data_22.csv,persistent_leak,22_88_111,24,88,111,52800,66600,1,0.78913987,1
train,22,data_22.csv,persistent_leak,22_89_112,24,89,112,53400,67200,1,0.7933411,1
train,22,data_22.csv,persistent_leak,22_90_113,24,90,113,54000,67800,1,0.7945399,1
train,22,data_22.csv,persistent_leak,22_91_114,24,91,114,54600,68400,1,0.78559583,1
train,22,data_22.csv,persistent_leak,22_92_115,24,92,115,55200,69000,1,0.780898,1
train,22,data_22.csv,persistent_leak,22_93_116,24,93,116,55800,69600,1,0.78516465,1
train,22,data_22.csv,persistent_leak,22_94_117,24,94,117,56400,70200,1,0.784373,1
train,22,data_22.csv,persistent_leak,22_95_118,24,95,118,57000,70800,1,0.78247195,1
train,22,data_22.csv,persistent_leak,22_96_119,24,96,119,57600,71400,1,0.7754619,1
train,22,data_22.csv,persistent_leak,22_97_120,24,97,120,58200,72000,1,0.75559103,1
train,22,data_22.csv,persistent_leak,22_98_121,24,98,121,58800,72600,1,0.74341184,1
train,22,data_22.csv,persistent_leak,22_99_122,24,99,122,59400,73200,1,0.74826103,1
train,22,data_22.csv,persistent_leak,22_100_123,24,100,123,60000,73800,1,0.75239253,1
train,22,data_22.csv,persistent_leak,22_101_124,24,101,124,60600,74400,1,0.74299806,1
train,22,data_22.csv,persistent_leak,22_102_125,24,102,125,61200,75000,1,0.7268932,1
train,22,data_22.csv,persistent_leak,22_103_126,24,103,126,61800,75600,1,0.7113426,1
train,22,data_22.csv,persistent_leak,22_104_127,24,104,127,62400,76200,1,0.69647855,1
train,22,data_22.csv,persistent_leak,22_105_128,24,105,128,63000,76800,1,0.7030925,1
train,22,data_22.csv,persistent_leak,22_106_129,24,106,129,63600,77400,1,0.7242522,1
train,22,data_22.csv,persistent_leak,22_107_130,24,107,130,64200,78000,1,0.7226391,1
train,22,data_22.csv,persistent_leak,22_108_131,24,108,131,64800,78600,1,0.710837,1
train,22,data_22.csv,persistent_leak,22_109_132,24,109,132,65400,79200,1,0.70875883,1
train,22,data_22.csv,persistent_leak,22_110_133,24,110,133,66000,79800,1,0.70084864,1
train,22,data_22.csv,persistent_leak,22_111_134,24,111,134,66600,80400,1,0.70541775,1
train,22,data_22.csv,persistent_leak,22_112_135,24,112,135,67200,81000,1,0.70995843,1
train,22,data_22.csv,persistent_leak,22_113_136,24,113,136,67800,81600,1,0.711856,1
train,22,data_22.csv,persistent_leak,22_114_137,24,114,137,68400,82200,1,0.6964407,1
train,22,data_22.csv,persistent_leak,22_115_138,24,115,138,69000,82800,1,0.6884397,1
train,22,data_22.csv,persistent_leak,22_116_139,24,116,139,69600,83400,1,0.67587477,1
train,22,data_22.csv,persistent_leak,22_117_140,24,117,140,70200,84000,1,0.6583045,1
train,22,data_22.csv,persistent_leak,22_118_141,24,118,141,70800,84600,1,0.63329256,1
train,22,data_22.csv,persistent_leak,22_119_142,24,119,142,71400,85200,1,0.59972465,1
train,22,data_22.csv,persistent_leak,22_120_143,24,120,143,72000,85800,1,0.56168896,1
train,22,data_22.csv,persistent_leak,22_121_144,24,121,144,72600,86400,1,0.52680576,1
train,23,data_23.csv,persistent_leak,23_0_23,24,0,23,0,13800,1,0.19345132,1
train,23,data_23.csv,persistent_leak,23_1_24,24,1,24,600,14400,1,0.19189996,1
train,23,data_23.csv,persistent_leak,23_2_25,24,2,25,1200,15000,1,0.18948308,1
train,23,data_23.csv,persistent_leak,23_3_26,24,3,26,1800,15600,1,0.18739018,1
train,23,data_23.csv,persistent_leak,23_4_27,24,4,27,2400,16200,1,0.18518396,1
train,23,data_23.csv,persistent_leak,23_5_28,24,5,28,3000,16800,1,0.18358542,1
train,23,data_23.csv,persistent_leak,23_6_29,24,6,29,3600,17400,1,0.18243085,1
train,23,data_23.csv,persistent_leak,23_7_30,24,7,30,4200,18000,1,0.18194802,1
train,23,data_23.csv,persistent_leak,23_8_31,24,8,31,4800,18600,1,0.18026613,1
train,23,data_23.csv,persistent_leak,23_9_32,24,9,32,5400,19200,1,0.17949632,1
train,23,data_23.csv,persistent_leak,23_10_33,24,10,33,6000,19800,1,0.17854737,1
train,23,data_23.csv,persistent_leak,23_11_34,24,11,34,6600,20400,1,0.17809331,1
train,23,data_23.csv,persistent_leak,23_12_35,24,12,35,7200,21000,1,0.17774943,1
train,23,data_23.csv,persistent_leak,23_13_36,24,13,36,7800,21600,1,0.17782739,1
train,23,data_23.csv,persistent_leak,23_14_37,24,14,37,8400,22200,1,0.17615952,1
train,23,data_23.csv,persistent_leak,23_15_38,24,15,38,9000,22800,1,0.17627276,1
train,23,data_23.csv,persistent_leak,23_16_39,24,16,39,9600,23400,1,0.17600599,1
train,23,data_23.csv,persistent_leak,23_17_40,24,17,40,10200,24000,1,0.17629081,1
train,23,data_23.csv,persistent_leak,23_18_41,24,18,41,10800,24600,1,0.17644009,1
train,23,data_23.csv,persistent_leak,23_19_42,24,19,42,11400,25200,1,0.1770738,1
train,23,data_23.csv,persistent_leak,23_20_43,24,20,43,12000,25800,1,0.17523909,1
train,23,data_23.csv,persistent_leak,23_21_44,24,21,44,12600,26400,1,0.1761698,1
train,23,data_23.csv,persistent_leak,23_22_45,24,22,45,13200,27000,1,0.17694706,1
train,23,data_23.csv,persistent_leak,23_23_46,24,23,46,13800,27600,1,0.17789078,1
train,23,data_23.csv,persistent_leak,23_24_47,24,24,47,14400,28200,1,0.17855941,1
train,23,data_23.csv,persistent_leak,23_25_48,24,25,48,15000,28800,1,0.18043956,1
train,23,data_23.csv,persistent_leak,23_26_49,24,26,49,15600,29400,1,0.17945842,1
train,23,data_23.csv,persistent_leak,23_27_50,24,27,50,16200,30000,1,0.18199044,1
train,23,data_23.csv,persistent_leak,23_28_51,24,28,51,16800,30600,1,0.18469143,1
train,23,data_23.csv,persistent_leak,23_29_52,24,29,52,17400,31200,1,0.18706924,1
train,23,data_23.csv,persistent_leak,23_30_53,24,30,53,18000,31800,1,0.1888362,1
train,23,data_23.csv,persistent_leak,23_31_54,24,31,54,18600,32400,1,0.19192918,1
train,23,data_23.csv,persistent_leak,23_32_55,24,32,55,19200,33000,1,0.19095406,1
train,23,data_23.csv,persistent_leak,23_33_56,24,33,56,19800,33600,1,0.19486879,1
train,23,data_23.csv,persistent_leak,23_34_57,24,34,57,20400,34200,1,0.19950502,1
train,23,data_23.csv,persistent_leak,23_35_58,24,35,58,21000,34800,1,0.20357794,1
train,23,data_23.csv,persistent_leak,23_36_59,24,36,59,21600,35400,1,0.20630454,1
train,23,data_23.csv,persistent_leak,23_37_60,24,37,60,22200,36000,1,0.21154675,1
train,23,data_23.csv,persistent_leak,23_38_61,24,38,61,22800,36600,1,0.2097958,1
train,23,data_23.csv,persistent_leak,23_39_62,24,39,62,23400,37200,1,0.21791372,1
train,23,data_23.csv,persistent_leak,23_40_63,24,40,63,24000,37800,1,0.22436947,1
train,23,data_23.csv,persistent_leak,23_41_64,24,41,64,24600,38400,1,0.22959022,1
train,23,data_23.csv,persistent_leak,23_42_65,24,42,65,25200,39000,1,0.2376421,1
train,23,data_23.csv,persistent_leak,23_43_66,24,43,66,25800,39600,1,0.2491351,1
train,23,data_23.csv,persistent_leak,23_44_67,24,44,67,26400,40200,1,0.25261304,1
train,23,data_23.csv,persistent_leak,23_45_68,24,45,68,27000,40800,1,0.26310414,1
train,23,data_23.csv,persistent_leak,23_46_69,24,46,69,27600,41400,1,0.27496058,1
train,23,data_23.csv,persistent_leak,23_47_70,24,47,70,28200,42000,1,0.2856887,1
train,23,data_23.csv,persistent_leak,23_48_71,24,48,71,28800,42600,1,0.30492607,1
train,23,data_23.csv,persistent_leak,23_49_72,24,49,72,29400,43200,1,0.3326135,1
train,23,data_23.csv,persistent_leak,23_50_73,24,50,73,30000,43800,1,0.34345916,1
train,23,data_23.csv,persistent_leak,23_51_74,24,51,74,30600,44400,1,0.36698663,1
train,23,data_23.csv,persistent_leak,23_52_75,24,52,75,31200,45000,1,0.39163578,1
train,23,data_23.csv,persistent_leak,23_53_76,24,53,76,31800,45600,1,0.427902,1
train,23,data_23.csv,persistent_leak,23_54_77,24,54,77,32400,46200,1,0.4613549,1
train,23,data_23.csv,persistent_leak,23_55_78,24,55,78,33000,46800,1,0.49781364,1
train,23,data_23.csv,persistent_leak,23_56_79,24,56,79,33600,47400,1,0.51506263,1
train,23,data_23.csv,persistent_leak,23_57_80,24,57,80,34200,48000,1,0.5499589,1
train,23,data_23.csv,persistent_leak,23_58_81,24,58,81,34800,48600,1,0.5726075,1
train,23,data_23.csv,persistent_leak,23_59_82,24,59,82,35400,49200,1,0.6016464,1
train,23,data_23.csv,persistent_leak,23_60_83,24,60,83,36000,49800,1,0.61745864,1
train,23,data_23.csv,persistent_leak,23_61_84,24,61,84,36600,50400,1,0.6248559,1
train,23,data_23.csv,persistent_leak,23_62_85,24,62,85,37200,51000,1,0.62957555,1
train,23,data_23.csv,persistent_leak,23_63_86,24,63,86,37800,51600,1,0.6365969,1
train,23,data_23.csv,persistent_leak,23_64_87,24,64,87,38400,52200,1,0.63708025,1
train,23,data_23.csv,persistent_leak,23_65_88,24,65,88,39000,52800,1,0.6498718,1
train,23,data_23.csv,persistent_leak,23_66_89,24,66,89,39600,53400,1,0.6568842,1
train,23,data_23.csv,persistent_leak,23_67_90,24,67,90,40200,54000,1,0.65104,1
train,23,data_23.csv,persistent_leak,23_68_91,24,68,91,40800,54600,1,0.65158314,1
train,23,data_23.csv,persistent_leak,23_69_92,24,69,92,41400,55200,1,0.657329,1
train,23,data_23.csv,persistent_leak,23_70_93,24,70,93,42000,55800,1,0.65800965,1
train,23,data_23.csv,persistent_leak,23_71_94,24,71,94,42600,56400,1,0.65899485,1
train,23,data_23.csv,persistent_leak,23_72_95,24,72,95,43200,57000,1,0.6571325,1
train,23,data_23.csv,persistent_leak,23_73_96,24,73,96,43800,57600,1,0.6457991,1
train,23,data_23.csv,persistent_leak,23_74_97,24,74,97,44400,58200,1,0.6401222,1
train,23,data_23.csv,persistent_leak,23_75_98,24,75,98,45000,58800,1,0.64583343,1
train,23,data_23.csv,persistent_leak,23_76_99,24,76,99,45600,59400,1,0.64985764,1
train,23,data_23.csv,persistent_leak,23_77_100,24,77,100,46200,60000,1,0.64810485,1
train,23,data_23.csv,persistent_leak,23_78_101,24,78,101,46800,60600,1,0.6400602,1
train,23,data_23.csv,persistent_leak,23_79_102,24,79,102,47400,61200,1,0.6355404,1
train,23,data_23.csv,persistent_leak,23_80_103,24,80,103,48000,61800,1,0.6264495,1
train,23,data_23.csv,persistent_leak,23_81_104,24,81,104,48600,62400,1,0.62974405,1
train,23,data_23.csv,persistent_leak,23_82_105,24,82,105,49200,63000,1,0.63955235,1
train,23,data_23.csv,persistent_leak,23_83_106,24,83,106,49800,63600,1,0.6396575,1
train,23,data_23.csv,persistent_leak,23_84_107,24,84,107,50400,64200,1,0.63663906,1
train,23,data_23.csv,persistent_leak,23_85_108,24,85,108,51000,64800,1,0.6319886,1
train,23,data_23.csv,persistent_leak,23_86_109,24,86,109,51600,65400,1,0.62503666,1
train,23,data_23.csv,persistent_leak,23_87_110,24,87,110,52200,66000,1,0.62151587,1
train,23,data_23.csv,persistent_leak,23_88_111,24,88,111,52800,66600,1,0.6213116,1
train,23,data_23.csv,persistent_leak,23_89_112,24,89,112,53400,67200,1,0.6183375,1
train,23,data_23.csv,persistent_leak,23_90_113,24,90,113,54000,67800,1,0.6069018,1
train,23,data_23.csv,persistent_leak,23_91_114,24,91,114,54600,68400,1,0.59657,1
train,23,data_23.csv,persistent_leak,23_92_115,24,92,115,55200,69000,1,0.5886591,1
train,23,data_23.csv,persistent_leak,23_93_116,24,93,116,55800,69600,1,0.5821597,1
train,23,data_23.csv,persistent_leak,23_94_117,24,94,117,56400,70200,1,0.5727669,1
train,23,data_23.csv,persistent_leak,23_95_118,24,95,118,57000,70800,1,0.5533205,1
train,23,data_23.csv,persistent_leak,23_96_119,24,96,119,57600,71400,1,0.5344798,1
train,23,data_23.csv,persistent_leak,23_97_120,24,97,120,58200,72000,1,0.52605015,1
train,23,data_23.csv,persistent_leak,23_98_121,24,98,121,58800,72600,1,0.5263068,1
train,23,data_23.csv,persistent_leak,23_99_122,24,99,122,59400,73200,1,0.5200603,1
train,23,data_23.csv,persistent_leak,23_100_123,24,100,123,60000,73800,1,0.51562864,1
train,23,data_23.csv,persistent_leak,23_101_124,24,101,124,60600,74400,1,0.5031038,1
train,23,data_23.csv,persistent_leak,23_102_125,24,102,125,61200,75000,1,0.4899042,1
train,23,data_23.csv,persistent_leak,23_103_126,24,103,126,61800,75600,1,0.48351264,1
train,23,data_23.csv,persistent_leak,23_104_127,24,104,127,62400,76200,1,0.4881491,1
train,23,data_23.csv,persistent_leak,23_105_128,24,105,128,63000,76800,1,0.48612922,1
train,23,data_23.csv,persistent_leak,23_106_129,24,106,129,63600,77400,1,0.4833261,1
train,23,data_23.csv,persistent_leak,23_107_130,24,107,130,64200,78000,1,0.47831738,1
train,23,data_23.csv,persistent_leak,23_108_131,24,108,131,64800,78600,1,0.4690299,1
train,23,data_23.csv,persistent_leak,23_109_132,24,109,132,65400,79200,1,0.45562974,1
train,23,data_23.csv,persistent_leak,23_110_133,24,110,133,66000,79800,1,0.45171613,1
train,23,data_23.csv,persistent_leak,23_111_134,24,111,134,66600,80400,1,0.4420418,1
train,23,data_23.csv,persistent_leak,23_112_135,24,112,135,67200,81000,1,0.4325964,1
train,23,data_23.csv,persistent_leak,23_113_136,24,113,136,67800,81600,1,0.41860026,1
train,23,data_23.csv,persistent_leak,23_114_137,24,114,137,68400,82200,1,0.40298757,1
train,23,data_23.csv,persistent_leak,23_115_138,24,115,138,69000,82800,1,0.39351326,1
train,23,data_23.csv,persistent_leak,23_116_139,24,116,139,69600,83400,1,0.39056873,1
train,23,data_23.csv,persistent_leak,23_117_140,24,117,140,70200,84000,1,0.379438,1
train,23,data_23.csv,persistent_leak,23_118_141,24,118,141,70800,84600,1,0.37186152,1
train,23,data_23.csv,persistent_leak,23_119_142,24,119,142,71400,85200,1,0.35934424,1
train,23,data_23.csv,persistent_leak,23_120_143,24,120,143,72000,85800,1,0.34622288,1
train,23,data_23.csv,persistent_leak,23_121_144,24,121,144,72600,86400,1,0.34157157,1
train,24,data_24.csv,persistent_leak,24_0_23,24,0,23,0,13800,1,0.18773456,1
train,24,data_24.csv,persistent_leak,24_1_24,24,1,24,600,14400,1,0.18333238,1
train,24,data_24.csv,persistent_leak,24_2_25,24,2,25,1200,15000,1,0.17418657,1
train,24,data_24.csv,persistent_leak,24_3_26,24,3,26,1800,15600,1,0.16718796,1
train,24,data_24.csv,persistent_leak,24_4_27,24,4,27,2400,16200,1,0.16039018,1
train,24,data_24.csv,persistent_leak,24_5_28,24,5,28,3000,16800,1,0.15588056,1
train,24,data_24.csv,persistent_leak,24_6_29,24,6,29,3600,17400,1,0.15299618,1
train,24,data_24.csv,persistent_leak,24_7_30,24,7,30,4200,18000,1,0.1524775,1
train,24,data_24.csv,persistent_leak,24_8_31,24,8,31,4800,18600,1,0.14824486,1
train,24,data_24.csv,persistent_leak,24_9_32,24,9,32,5400,19200,1,0.14890063,1
train,24,data_24.csv,persistent_leak,24_10_33,24,10,33,6000,19800,1,0.14835453,1
train,24,data_24.csv,persistent_leak,24_11_34,24,11,34,6600,20400,1,0.14903094,1
train,24,data_24.csv,persistent_leak,24_12_35,24,12,35,7200,21000,1,0.14884377,1
train,24,data_24.csv,persistent_leak,24_13_36,24,13,36,7800,21600,1,0.15011613,1
train,24,data_24.csv,persistent_leak,24_14_37,24,14,37,8400,22200,1,0.14668931,1
train,24,data_24.csv,persistent_leak,24_15_38,24,15,38,9000,22800,1,0.14932272,1
train,24,data_24.csv,persistent_leak,24_16_39,24,16,39,9600,23400,1,0.15412559,1
train,24,data_24.csv,persistent_leak,24_17_40,24,17,40,10200,24000,1,0.15628025,1
train,24,data_24.csv,persistent_leak,24_18_41,24,18,41,10800,24600,1,0.15931278,1
train,24,data_24.csv,persistent_leak,24_19_42,24,19,42,11400,25200,1,0.166231,1
train,24,data_24.csv,persistent_leak,24_20_43,24,20,43,12000,25800,1,0.16851398,1
train,24,data_24.csv,persistent_leak,24_21_44,24,21,44,12600,26400,1,0.1775918,1
train,24,data_24.csv,persistent_leak,24_22_45,24,22,45,13200,27000,1,0.18663098,1
train,24,data_24.csv,persistent_leak,24_23_46,24,23,46,13800,27600,1,0.19404376,1
train,24,data_24.csv,persistent_leak,24_24_47,24,24,47,14400,28200,1,0.20174533,1
train,24,data_24.csv,persistent_leak,24_25_48,24,25,48,15000,28800,1,0.21361798,1
train,24,data_24.csv,persistent_leak,24_26_49,24,26,49,15600,29400,1,0.22095333,1
train,24,data_24.csv,persistent_leak,24_27_50,24,27,50,16200,30000,1,0.23218988,1
train,24,data_24.csv,persistent_leak,24_28_51,24,28,51,16800,30600,1,0.2432563,1
train,24,data_24.csv,persistent_leak,24_29_52,24,29,52,17400,31200,1,0.25489902,1
train,24,data_24.csv,persistent_leak,24_30_53,24,30,53,18000,31800,1,0.26970255,1
train,24,data_24.csv,persistent_leak,24_31_54,24,31,54,18600,32400,1,0.29172614,1
train,24,data_24.csv,persistent_leak,24_32_55,24,32,55,19200,33000,1,0.2987401,1
train,24,data_24.csv,persistent_leak,24_33_56,24,33,56,19800,33600,1,0.31094563,1
train,24,data_24.csv,persistent_leak,24_34_57,24,34,57,20400,34200,1,0.33107933,1
train,24,data_24.csv,persistent_leak,24_35_58,24,35,58,21000,34800,1,0.35909885,1
train,24,data_24.csv,persistent_leak,24_36_59,24,36,59,21600,35400,1,0.38963845,1
train,24,data_24.csv,persistent_leak,24_37_60,24,37,60,22200,36000,1,0.43003488,1
train,24,data_24.csv,persistent_leak,24_38_61,24,38,61,22800,36600,1,0.44378364,1
train,24,data_24.csv,persistent_leak,24_39_62,24,39,62,23400,37200,1,0.48026305,1
train,24,data_24.csv,persistent_leak,24_40_63,24,40,63,24000,37800,1,0.5101282,1
train,24,data_24.csv,persistent_leak,24_41_64,24,41,64,24600,38400,1,0.5513073,1
train,24,data_24.csv,persistent_leak,24_42_65,24,42,65,25200,39000,1,0.5871244,1
train,24,data_24.csv,persistent_leak,24_43_66,24,43,66,25800,39600,1,0.6221694,1
train,24,data_24.csv,persistent_leak,24_44_67,24,44,67,26400,40200,1,0.6349047,1
train,24,data_24.csv,persistent_leak,24_45_68,24,45,68,27000,40800,1,0.648761,1
train,24,data_24.csv,persistent_leak,24_46_69,24,46,69,27600,41400,1,0.65189403,1
train,24,data_24.csv,persistent_leak,24_47_70,24,47,70,28200,42000,1,0.67818767,1
train,24,data_24.csv,persistent_leak,24_48_71,24,48,71,28800,42600,1,0.6976191,1
train,24,data_24.csv,persistent_leak,24_49_72,24,49,72,29400,43200,1,0.7128632,1
train,24,data_24.csv,persistent_leak,24_50_73,24,50,73,30000,43800,1,0.7280423,1
train,24,data_24.csv,persistent_leak,24_51_74,24,51,74,30600,44400,1,0.73460543,1
train,24,data_24.csv,persistent_leak,24_52_75,24,52,75,31200,45000,1,0.7368674,1
train,24,data_24.csv,persistent_leak,24_53_76,24,53,76,31800,45600,1,0.75359416,1
train,24,data_24.csv,persistent_leak,24_54_77,24,54,77,32400,46200,1,0.76765966,1
train,24,data_24.csv,persistent_leak,24_55_78,24,55,78,33000,46800,1,0.7678968,1
train,24,data_24.csv,persistent_leak,24_56_79,24,56,79,33600,47400,1,0.7735708,1
train,24,data_24.csv,persistent_leak,24_57_80,24,57,80,34200,48000,1,0.7844076,1
train,24,data_24.csv,persistent_leak,24_58_81,24,58,81,34800,48600,1,0.7822251,1
train,24,data_24.csv,persistent_leak,24_59_82,24,59,82,35400,49200,1,0.78654385,1
train,24,data_24.csv,persistent_leak,24_60_83,24,60,83,36000,49800,1,0.7927082,1
train,24,data_24.csv,persistent_leak,24_61_84,24,61,84,36600,50400,1,0.7784859,1
train,24,data_24.csv,persistent_leak,24_62_85,24,62,85,37200,51000,1,0.7711096,1
train,24,data_24.csv,persistent_leak,24_63_86,24,63,86,37800,51600,1,0.78080946,1
train,24,data_24.csv,persistent_leak,24_64_87,24,64,87,38400,52200,1,0.78112715,1
train,24,data_24.csv,persistent_leak,24_65_88,24,65,88,39000,52800,1,0.7816705,1
train,24,data_24.csv,persistent_leak,24_66_89,24,66,89,39600,53400,1,0.77102184,1
train,24,data_24.csv,persistent_leak,24_67_90,24,67,90,40200,54000,1,0.7502523,1
train,24,data_24.csv,persistent_leak,24_68_91,24,68,91,40800,54600,1,0.73211914,1
train,24,data_24.csv,persistent_leak,24_69_92,24,69,92,41400,55200,1,0.73690575,1
train,24,data_24.csv,persistent_leak,24_70_93,24,70,93,42000,55800,1,0.74611735,1
train,24,data_24.csv,persistent_leak,24_71_94,24,71,94,42600,56400,1,0.74707913,1
train,24,data_24.csv,persistent_leak,24_72_95,24,72,95,43200,57000,1,0.73441154,1
train,24,data_24.csv,persistent_leak,24_73_96,24,73,96,43800,57600,1,0.73056775,1
train,24,data_24.csv,persistent_leak,24_74_97,24,74,97,44400,58200,1,0.7116125,1
train,24,data_24.csv,persistent_leak,24_75_98,24,75,98,45000,58800,1,0.7093261,1
train,24,data_24.csv,persistent_leak,24_76_99,24,76,99,45600,59400,1,0.71629804,1
train,24,data_24.csv,persistent_leak,24_77_100,24,77,100,46200,60000,1,0.7163081,1
train,24,data_24.csv,persistent_leak,24_78_101,24,78,101,46800,60600,1,0.706251,1
train,24,data_24.csv,persistent_leak,24_79_102,24,79,102,47400,61200,1,0.6979723,1
train,24,data_24.csv,persistent_leak,24_80_103,24,80,103,48000,61800,1,0.68263537,1
train,24,data_24.csv,persistent_leak,24_81_104,24,81,104,48600,62400,1,0.67248315,1
train,24,data_24.csv,persistent_leak,24_82_105,24,82,105,49200,63000,1,0.6614238,1
train,24,data_24.csv,persistent_leak,24_83_106,24,83,106,49800,63600,1,0.6414418,1
train,24,data_24.csv,persistent_leak,24_84_107,24,84,107,50400,64200,1,0.61746085,1
train,24,data_24.csv,persistent_leak,24_85_108,24,85,108,51000,64800,1,0.5956457,1
train,24,data_24.csv,persistent_leak,24_86_109,24,86,109,51600,65400,1,0.56055385,1
train,24,data_24.csv,persistent_leak,24_87_110,24,87,110,52200,66000,1,0.5206894,1
train,24,data_24.csv,persistent_leak,24_88_111,24,88,111,52800,66600,1,0.4735751,1
train,24,data_24.csv,persistent_leak,24_89_112,24,89,112,53400,67200,1,0.44317773,1
train,24,data_24.csv,persistent_leak,24_90_113,24,90,113,54000,67800,1,0.41889158,1
train,24,data_24.csv,persistent_leak,24_91_114,24,91,114,54600,68400,1,0.40237814,1
train,24,data_24.csv,persistent_leak,24_92_115,24,92,115,55200,69000,1,0.36504853,1
train,24,data_24.csv,persistent_leak,24_93_116,24,93,116,55800,69600,1,0.34557724,1
train,24,data_24.csv,persistent_leak,24_94_117,24,94,117,56400,70200,1,0.33036116,1
train,24,data_24.csv,persistent_leak,24_95_118,24,95,118,57000,70800,1,0.32378674,1
train,24,data_24.csv,persistent_leak,24_96_119,24,96,119,57600,71400,1,0.31829327,1
train,24,data_24.csv,persistent_leak,24_97_120,24,97,120,58200,72000,1,0.32526943,1
train,24,data_24.csv,persistent_leak,24_98_121,24,98,121,58800,72600,1,0.32073122,1
train,24,data_24.csv,persistent_leak,24_99_122,24,99,122,59400,73200,1,0.3199371,1
train,24,data_24.csv,persistent_leak,24_100_123,24,100,123,60000,73800,1,0.3277561,1
train,24,data_24.csv,persistent_leak,24_101_124,24,101,124,60600,74400,1,0.34060684,1
train,24,data_24.csv,persistent_leak,24_102_125,24,102,125,61200,75000,1,0.3647694,1
train,24,data_24.csv,persistent_leak,24_103_126,24,103,126,61800,75600,1,0.40651596,1
train,24,data_24.csv,persistent_leak,24_104_127,24,104,127,62400,76200,1,0.42359176,1
train,24,data_24.csv,persistent_leak,24_105_128,24,105,128,63000,76800,1,0.46080163,1
train,24,data_24.csv,persistent_leak,24_106_129,24,106,129,63600,77400,1,0.4950051,1
train,24,data_24.csv,persistent_leak,24_107_130,24,107,130,64200,78000,1,0.5442531,1
train,24,data_24.csv,persistent_leak,24_108_131,24,108,131,64800,78600,1,0.5879912,1
train,24,data_24.csv,persistent_leak,24_109_132,24,109,132,65400,79200,1,0.5918476,1
train,24,data_24.csv,persistent_leak,24_110_133,24,110,133,66000,79800,1,0.595664,1
train,24,data_24.csv,persistent_leak,24_111_134,24,111,134,66600,80400,1,0.6171,1
train,24,data_24.csv,persistent_leak,24_112_135,24,112,135,67200,81000,1,0.62078136,1
train,24,data_24.csv,persistent_leak,24_113_136,24,113,136,67800,81600,1,0.6281846,1
train,24,data_24.csv,persistent_leak,24_114_137,24,114,137,68400,82200,1,0.63056564,1
train,24,data_24.csv,persistent_leak,24_115_138,24,115,138,69000,82800,1,0.61233443,1
train,24,data_24.csv,persistent_leak,24_116_139,24,116,139,69600,83400,1,0.6105178,1
train,24,data_24.csv,persistent_leak,24_117_140,24,117,140,70200,84000,1,0.6423789,1
train,24,data_24.csv,persistent_leak,24_118_141,24,118,141,70800,84600,1,0.67661285,1
train,24,data_24.csv,persistent_leak,24_119_142,24,119,142,71400,85200,1,0.6908232,1
train,24,data_24.csv,persistent_leak,24_120_143,24,120,143,72000,85800,1,0.68094677,1
train,24,data_24.csv,persistent_leak,24_121_144,24,121,144,72600,86400,1,0.6851369,1
train,26,data_26.csv,onset_leak,26_0_23,24,0,23,0,13800,0,0.15808585,1
train,26,data_26.csv,onset_leak,26_1_24,24,1,24,600,14400,0,0.15739532,1
train,26,data_26.csv,onset_leak,26_2_25,24,2,25,1200,15000,0,0.15455122,1
train,26,data_26.csv,onset_leak,26_3_26,24,3,26,1800,15600,0,0.15323961,1
train,26,data_26.csv,onset_leak,26_4_27,24,4,27,2400,16200,0,0.15021256,1
train,26,data_26.csv,onset_leak,26_5_28,24,5,28,3000,16800,0,0.15042719,1
train,26,data_26.csv,onset_leak,26_6_29,24,6,29,3600,17400,0,0.14977627,1
train,26,data_26.csv,onset_leak,26_7_30,24,7,30,4200,18000,0,0.14769508,1
train,26,data_26.csv,onset_leak,26_8_31,24,8,31,4800,18600,0,0.14072913,1
train,26,data_26.csv,onset_leak,26_9_32,24,9,32,5400,19200,0,0.13943489,1
train,26,data_26.csv,onset_leak,26_10_33,24,10,33,6000,19800,0,0.13695796,1
train,26,data_26.csv,onset_leak,26_11_34,24,11,34,6600,20400,0,0.13657859,1
train,26,data_26.csv,onset_leak,26_12_35,24,12,35,7200,21000,0,0.13528343,1
train,26,data_26.csv,onset_leak,26_13_36,24,13,36,7800,21600,0,0.13699074,1
train,26,data_26.csv,onset_leak,26_14_37,24,14,37,8400,22200,0,0.133766,1
train,26,data_26.csv,onset_leak,26_15_38,24,15,38,9000,22800,0,0.1370518,1
train,26,data_26.csv,onset_leak,26_16_39,24,16,39,9600,23400,0,0.14186664,1
train,26,data_26.csv,onset_leak,26_17_40,24,17,40,10200,24000,0,0.14450708,1
train,26,data_26.csv,onset_leak,26_18_41,24,18,41,10800,24600,0,0.14841281,1
train,26,data_26.csv,onset_leak,26_19_42,24,19,42,11400,25200,0,0.15604863,1
train,26,data_26.csv,onset_leak,26_20_43,24,20,43,12000,25800,0,0.15991643,1
train,26,data_26.csv,onset_leak,26_21_44,24,21,44,12600,26400,0,0.17026187,1
train,26,data_26.csv,onset_leak,26_22_45,24,22,45,13200,27000,0,0.18301408,1
train,26,data_26.csv,onset_leak,26_23_46,24,23,46,13800,27600,0,0.1920793,1
train,26,data_26.csv,onset_leak,26_24_47,24,24,47,14400,28200,0,0.20101638,1
train,26,data_26.csv,onset_leak,26_25_48,24,25,48,15000,28800,0,0.2091911,1
train,26,data_26.csv,onset_leak,26_26_49,24,26,49,15600,29400,0,0.2150908,1
train,26,data_26.csv,onset_leak,26_27_50,24,27,50,16200,30000,0,0.22860935,1
train,26,data_26.csv,onset_leak,26_28_51,24,28,51,16800,30600,0,0.24029697,1
train,26,data_26.csv,onset_leak,26_29_52,24,29,52,17400,31200,0,0.25008428,1
train,26,data_26.csv,onset_leak,26_30_53,24,30,53,18000,31800,0,0.25985372,1
train,26,data_26.csv,onset_leak,26_31_54,24,31,54,18600,32400,0,0.26402172,1
train,26,data_26.csv,onset_leak,26_32_55,24,32,55,19200,33000,0,0.2674778,1
train,26,data_26.csv,onset_leak,26_33_56,24,33,56,19800,33600,0,0.27913308,1
train,26,data_26.csv,onset_leak,26_34_57,24,34,57,20400,34200,0,0.28959173,1
train,26,data_26.csv,onset_leak,26_35_58,24,35,58,21000,34800,0,0.29616076,1
train,26,data_26.csv,onset_leak,26_36_59,24,36,59,21600,35400,0,0.30528226,1
train,26,data_26.csv,onset_leak,26_37_60,24,37,60,22200,36000,0,0.31643358,1
train,26,data_26.csv,onset_leak,26_38_61,24,38,61,22800,36600,0,0.3198568,1
train,26,data_26.csv,onset_leak,26_39_62,24,39,62,23400,37200,0,0.32952163,1
train,26,data_26.csv,onset_leak,26_40_63,24,40,63,24000,37800,0,0.34262717,1
train,26,data_26.csv,onset_leak,26_41_64,24,41,64,24600,38400,0,0.35300437,1
train,26,data_26.csv,onset_leak,26_42_65,24,42,65,25200,39000,0,0.36664855,1
train,26,data_26.csv,onset_leak,26_43_66,24,43,66,25800,39600,0,0.38308617,1
train,26,data_26.csv,onset_leak,26_44_67,24,44,67,26400,40200,0,0.39886796,1
train,26,data_26.csv,onset_leak,26_45_68,24,45,68,27000,40800,0,0.42324626,1
train,26,data_26.csv,onset_leak,26_46_69,24,46,69,27600,41400,0,0.43434498,1
train,26,data_26.csv,onset_leak,26_47_70,24,47,70,28200,42000,0,0.45763475,1
train,26,data_26.csv,onset_leak,26_48_71,24,48,71,28800,42600,0,0.48313493,1
train,26,data_26.csv,onset_leak,26_49_72,24,49,72,29400,43200,1,0.5313127,1
train,26,data_26.csv,onset_leak,26_50_73,24,50,73,30000,43800,1,0.5525444,1
train,26,data_26.csv,onset_leak,26_51_74,24,51,74,30600,44400,1,0.56730294,1
train,26,data_26.csv,onset_leak,26_52_75,24,52,75,31200,45000,1,0.5869875,1
train,26,data_26.csv,onset_leak,26_53_76,24,53,76,31800,45600,1,0.6257149,1
train,26,data_26.csv,onset_leak,26_54_77,24,54,77,32400,46200,1,0.66328186,1
train,26,data_26.csv,onset_leak,26_55_78,24,55,78,33000,46800,1,0.69742507,1
train,26,data_26.csv,onset_leak,26_56_79,24,56,79,33600,47400,1,0.7257019,1
train,26,data_26.csv,onset_leak,26_57_80,24,57,80,34200,48000,1,0.7431029,1
train,26,data_26.csv,onset_leak,26_58_81,24,58,81,34800,48600,1,0.7524648,1
train,26,data_26.csv,onset_leak,26_59_82,24,59,82,35400,49200,1,0.7822538,1
train,26,data_26.csv,onset_leak,26_60_83,24,60,83,36000,49800,1,0.8040563,1
train,26,data_26.csv,onset_leak,26_61_84,24,61,84,36600,50400,1,0.8256933,1
train,26,data_26.csv,onset_leak,26_62_85,24,62,85,37200,51000,1,0.8440869,1
train,26,data_26.csv,onset_leak,26_63_86,24,63,86,37800,51600,1,0.85547245,1
train,26,data_26.csv,onset_leak,26_64_87,24,64,87,38400,52200,1,0.8578842,1
train,26,data_26.csv,onset_leak,26_65_88,24,65,88,39000,52800,1,0.8751112,1
train,26,data_26.csv,onset_leak,26_66_89,24,66,89,39600,53400,1,0.88937384,1
train,26,data_26.csv,onset_leak,26_67_90,24,67,90,40200,54000,1,0.8987816,1
train,26,data_26.csv,onset_leak,26_68_91,24,68,91,40800,54600,1,0.9069133,1
train,26,data_26.csv,onset_leak,26_69_92,24,69,92,41400,55200,1,0.9140568,1
train,26,data_26.csv,onset_leak,26_70_93,24,70,93,42000,55800,1,0.91344035,1
train,26,data_26.csv,onset_leak,26_71_94,24,71,94,42600,56400,1,0.92420095,1
train,26,data_26.csv,onset_leak,26_72_95,24,72,95,43200,57000,1,0.9314095,1
train,26,data_26.csv,onset_leak,26_73_96,24,73,96,43800,57600,1,0.9342608,1
train,26,data_26.csv,onset_leak,26_74_97,24,74,97,44400,58200,1,0.93684995,1
train,26,data_26.csv,onset_leak,26_75_98,24,75,98,45000,58800,1,0.9403237,1
train,26,data_26.csv,onset_leak,26_76_99,24,76,99,45600,59400,1,0.94010675,1
train,26,data_26.csv,onset_leak,26_77_100,24,77,100,46200,60000,1,0.94457287,1
train,26,data_26.csv,onset_leak,26_78_101,24,78,101,46800,60600,1,0.94739366,1
train,26,data_26.csv,onset_leak,26_79_102,24,79,102,47400,61200,1,0.94723,1
train,26,data_26.csv,onset_leak,26_80_103,24,80,103,48000,61800,1,0.9473544,1
train,26,data_26.csv,onset_leak,26_81_104,24,81,104,48600,62400,1,0.9489602,1
train,26,data_26.csv,onset_leak,26_82_105,24,82,105,49200,63000,1,0.94867045,1
train,26,data_26.csv,onset_leak,26_83_106,24,83,106,49800,63600,1,0.9498125,1
train,26,data_26.csv,onset_leak,26_84_107,24,84,107,50400,64200,1,0.94989485,1
train,26,data_26.csv,onset_leak,26_85_108,24,85,108,51000,64800,1,0.9460507,1
train,26,data_26.csv,onset_leak,26_86_109,24,86,109,51600,65400,1,0.9440167,1
train,26,data_26.csv,onset_leak,26_87_110,24,87,110,52200,66000,1,0.94496346,1
train,26,data_26.csv,onset_leak,26_88_111,24,88,111,52800,66600,1,0.9448411,1
train,26,data_26.csv,onset_leak,26_89_112,24,89,112,53400,67200,1,0.94327354,1
train,26,data_26.csv,onset_leak,26_90_113,24,90,113,54000,67800,1,0.939509,1
train,26,data_26.csv,onset_leak,26_91_114,24,91,114,54600,68400,1,0.9319517,1
train,26,data_26.csv,onset_leak,26_92_115,24,92,115,55200,69000,1,0.9267783,1
train,26,data_26.csv,onset_leak,26_93_116,24,93,116,55800,69600,1,0.9271803,1
train,26,data_26.csv,onset_leak,26_94_117,24,94,117,56400,70200,1,0.92722315,1
train,26,data_26.csv,onset_leak,26_95_118,24,95,118,57000,70800,1,0.92159265,1
train,26,data_26.csv,onset_leak,26_96_119,24,96,119,57600,71400,1,0.91262996,1
train,26,data_26.csv,onset_leak,26_97_120,24,97,120,58200,72000,1,0.89803106,1
train,26,data_26.csv,onset_leak,26_98_121,24,98,121,58800,72600,1,0.8856428,1
train,26,data_26.csv,onset_leak,26_99_122,24,99,122,59400,73200,1,0.8853789,1
train,26,data_26.csv,onset_leak,26_100_123,24,100,123,60000,73800,1,0.886223,1
train,26,data_26.csv,onset_leak,26_101_124,24,101,124,60600,74400,1,0.87116235,1
train,26,data_26.csv,onset_leak,26_102_125,24,102,125,61200,75000,1,0.8498098,1
train,26,data_26.csv,onset_leak,26_103_126,24,103,126,61800,75600,1,0.82564145,1
train,26,data_26.csv,onset_leak,26_104_127,24,104,127,62400,76200,1,0.8021358,1
train,26,data_26.csv,onset_leak,26_105_128,24,105,128,63000,76800,1,0.8024373,1
train,26,data_26.csv,onset_leak,26_106_129,24,106,129,63600,77400,1,0.81324357,1
train,26,data_26.csv,onset_leak,26_107_130,24,107,130,64200,78000,1,0.7963765,1
train,26,data_26.csv,onset_leak,26_108_131,24,108,131,64800,78600,1,0.7755574,1
train,26,data_26.csv,onset_leak,26_109_132,24,109,132,65400,79200,1,0.7747606,1
train,26,data_26.csv,onset_leak,26_110_133,24,110,133,66000,79800,1,0.7540935,1
train,26,data_26.csv,onset_leak,26_111_134,24,111,134,66600,80400,1,0.7585245,1
train,26,data_26.csv,onset_leak,26_112_135,24,112,135,67200,81000,1,0.76839197,1
train,26,data_26.csv,onset_leak,26_113_136,24,113,136,67800,81600,1,0.76923037,1
train,26,data_26.csv,onset_leak,26_114_137,24,114,137,68400,82200,1,0.75181115,1
train,26,data_26.csv,onset_leak,26_115_138,24,115,138,69000,82800,1,0.7408515,1
train,26,data_26.csv,onset_leak,26_116_139,24,116,139,69600,83400,1,0.7309141,1
train,26,data_26.csv,onset_leak,26_117_140,24,117,140,70200,84000,1,0.7263308,1
train,26,data_26.csv,onset_leak,26_118_141,24,118,141,70800,84600,1,0.71781814,1
train,26,data_26.csv,onset_leak,26_119_142,24,119,142,71400,85200,1,0.6947363,1
train,26,data_26.csv,onset_leak,26_120_143,24,120,143,72000,85800,1,0.65559614,1
train,26,data_26.csv,onset_leak,26_121_144,24,121,144,72600,86400,1,0.6140317,1
train,27,data_27.csv,onset_leak,27_0_23,24,0,23,0,13800,0,0.14925547,1
train,27,data_27.csv,onset_leak,27_1_24,24,1,24,600,14400,0,0.1513981,1
train,27,data_27.csv,onset_leak,27_2_25,24,2,25,1200,15000,0,0.15179032,1
train,27,data_27.csv,onset_leak,27_3_26,24,3,26,1800,15600,0,0.15472524,1
train,27,data_27.csv,onset_leak,27_4_27,24,4,27,2400,16200,0,0.15776348,1
train,27,data_27.csv,onset_leak,27_5_28,24,5,28,3000,16800,0,0.16027659,1
train,27,data_27.csv,onset_leak,27_6_29,24,6,29,3600,17400,0,0.16227724,1
train,27,data_27.csv,onset_leak,27_7_30,24,7,30,4200,18000,0,0.16487443,1
train,27,data_27.csv,onset_leak,27_8_31,24,8,31,4800,18600,0,0.16550432,1
train,27,data_27.csv,onset_leak,27_9_32,24,9,32,5400,19200,0,0.16906144,1
train,27,data_27.csv,onset_leak,27_10_33,24,10,33,6000,19800,0,0.17274733,1
train,27,data_27.csv,onset_leak,27_11_34,24,11,34,6600,20400,0,0.17589574,1
train,27,data_27.csv,onset_leak,27_12_35,24,12,35,7200,21000,0,0.1782226,1
train,27,data_27.csv,onset_leak,27_13_36,24,13,36,7800,21600,0,0.18125427,1
train,27,data_27.csv,onset_leak,27_14_37,24,14,37,8400,22200,0,0.18200651,1
train,27,data_27.csv,onset_leak,27_15_38,24,15,38,9000,22800,0,0.18618856,1
train,27,data_27.csv,onset_leak,27_16_39,24,16,39,9600,23400,0,0.19052252,1
train,27,data_27.csv,onset_leak,27_17_40,24,17,40,10200,24000,0,0.1943246,1
train,27,data_27.csv,onset_leak,27_18_41,24,18,41,10800,24600,0,0.19703886,1
train,27,data_27.csv,onset_leak,27_19_42,24,19,42,11400,25200,0,0.20037945,1
train,27,data_27.csv,onset_leak,27_20_43,24,20,43,12000,25800,0,0.20098324,1
train,27,data_27.csv,onset_leak,27_21_44,24,21,44,12600,26400,0,0.20595136,1
train,27,data_27.csv,onset_leak,27_22_45,24,22,45,13200,27000,0,0.21115567,1
train,27,data_27.csv,onset_leak,27_23_46,24,23,46,13800,27600,0,0.21546647,1
train,27,data_27.csv,onset_leak,27_24_47,24,24,47,14400,28200,0,0.21892112,1
train,27,data_27.csv,onset_leak,27_25_48,24,25,48,15000,28800,0,0.22286561,1
train,27,data_27.csv,onset_leak,27_26_49,24,26,49,15600,29400,0,0.22227375,1
train,27,data_27.csv,onset_leak,27_27_50,24,27,50,16200,30000,0,0.22910824,1
train,27,data_27.csv,onset_leak,27_28_51,24,28,51,16800,30600,0,0.23544033,1
train,27,data_27.csv,onset_leak,27_29_52,24,29,52,17400,31200,0,0.240511,1
train,27,data_27.csv,onset_leak,27_30_53,24,30,53,18000,31800,0,0.24453218,1
train,27,data_27.csv,onset_leak,27_31_54,24,31,54,18600,32400,0,0.25035325,1
train,27,data_27.csv,onset_leak,27_32_55,24,32,55,19200,33000,0,0.2503438,1
train,27,data_27.csv,onset_leak,27_33_56,24,33,56,19800,33600,0,0.2591892,1
train,27,data_27.csv,onset_leak,27_34_57,24,34,57,20400,34200,0,0.26671878,1
train,27,data_27.csv,onset_leak,27_35_58,24,35,58,21000,34800,0,0.27253807,1
train,27,data_27.csv,onset_leak,27_36_59,24,36,59,21600,35400,0,0.28133586,1
train,27,data_27.csv,onset_leak,27_37_60,24,37,60,22200,36000,0,0.2923177,1
train,27,data_27.csv,onset_leak,27_38_61,24,38,61,22800,36600,0,0.29668662,1
train,27,data_27.csv,onset_leak,27_39_62,24,39,62,23400,37200,0,0.3091046,1
train,27,data_27.csv,onset_leak,27_40_63,24,40,63,24000,37800,0,0.32050577,1
train,27,data_27.csv,onset_leak,27_41_64,24,41,64,24600,38400,0,0.33411333,1
train,27,data_27.csv,onset_leak,27_42_65,24,42,65,25200,39000,0,0.3536808,1
train,27,data_27.csv,onset_leak,27_43_66,24,43,66,25800,39600,0,0.38942432,1
train,27,data_27.csv,onset_leak,27_44_67,24,44,67,26400,40200,0,0.4059176,1
train,27,data_27.csv,onset_leak,27_45_68,24,45,68,27000,40800,0,0.43162537,1
train,27,data_27.csv,onset_leak,27_46_69,24,46,69,27600,41400,0,0.45706853,1
train,27,data_27.csv,onset_leak,27_47_70,24,47,70,28200,42000,0,0.5011479,1
train,27,data_27.csv,onset_leak,27_48_71,24,48,71,28800,42600,0,0.54142874,1
train,27,data_27.csv,onset_leak,27_49_72,24,49,72,29400,43200,1,0.5936494,1
train,27,data_27.csv,onset_leak,27_50_73,24,50,73,30000,43800,1,0.61834216,1
train,27,data_27.csv,onset_leak,27_51_74,24,51,74,30600,44400,1,0.6415044,1
train,27,data_27.csv,onset_leak,27_52_75,24,52,75,31200,45000,1,0.64944494,1
train,27,data_27.csv,onset_leak,27_53_76,24,53,76,31800,45600,1,0.67327845,1
train,27,data_27.csv,onset_leak,27_54_77,24,54,77,32400,46200,1,0.6916449,1
train,27,data_27.csv,onset_leak,27_55_78,24,55,78,33000,46800,1,0.7066628,1
train,27,data_27.csv,onset_leak,27_56_79,24,56,79,33600,47400,1,0.7191204,1
train,27,data_27.csv,onset_leak,27_57_80,24,57,80,34200,48000,1,0.7300603,1
train,27,data_27.csv,onset_leak,27_58_81,24,58,81,34800,48600,1,0.73002285,1
train,27,data_27.csv,onset_leak,27_59_82,24,59,82,35400,49200,1,0.74761313,1
train,27,data_27.csv,onset_leak,27_60_83,24,60,83,36000,49800,1,0.7607723,1
train,27,data_27.csv,onset_leak,27_61_84,24,61,84,36600,50400,1,0.7683522,1
train,27,data_27.csv,onset_leak,27_62_85,24,62,85,37200,51000,1,0.77475053,1
train,27,data_27.csv,onset_leak,27_63_86,24,63,86,37800,51600,1,0.78179353,1
train,27,data_27.csv,onset_leak,27_64_87,24,64,87,38400,52200,1,0.781724,1
train,27,data_27.csv,onset_leak,27_65_88,24,65,88,39000,52800,1,0.7921909,1
train,27,data_27.csv,onset_leak,27_66_89,24,66,89,39600,53400,1,0.799861,1
train,27,data_27.csv,onset_leak,27_67_90,24,67,90,40200,54000,1,0.7902961,1
train,27,data_27.csv,onset_leak,27_68_91,24,68,91,40800,54600,1,0.7890235,1
train,27,data_27.csv,onset_leak,27_69_92,24,69,92,41400,55200,1,0.7965392,1
train,27,data_27.csv,onset_leak,27_70_93,24,70,93,42000,55800,1,0.79719955,1
train,27,data_27.csv,onset_leak,27_71_94,24,71,94,42600,56400,1,0.7966501,1
train,27,data_27.csv,onset_leak,27_72_95,24,72,95,43200,57000,1,0.7911634,1
train,27,data_27.csv,onset_leak,27_73_96,24,73,96,43800,57600,1,0.77287644,1
train,27,data_27.csv,onset_leak,27_74_97,24,74,97,44400,58200,1,0.762253,1
train,27,data_27.csv,onset_leak,27_75_98,24,75,98,45000,58800,1,0.77056134,1
train,27,data_27.csv,onset_leak,27_76_99,24,76,99,45600,59400,1,0.7706641,1
train,27,data_27.csv,onset_leak,27_77_100,24,77,100,46200,60000,1,0.7619152,1
train,27,data_27.csv,onset_leak,27_78_101,24,78,101,46800,60600,1,0.745606,1
train,27,data_27.csv,onset_leak,27_79_102,24,79,102,47400,61200,1,0.7407616,1
train,27,data_27.csv,onset_leak,27_80_103,24,80,103,48000,61800,1,0.7264614,1
train,27,data_27.csv,onset_leak,27_81_104,24,81,104,48600,62400,1,0.71764946,1
train,27,data_27.csv,onset_leak,27_82_105,24,82,105,49200,63000,1,0.71812636,1
train,27,data_27.csv,onset_leak,27_83_106,24,83,106,49800,63600,1,0.71164197,1
train,27,data_27.csv,onset_leak,27_84_107,24,84,107,50400,64200,1,0.70535463,1
train,27,data_27.csv,onset_leak,27_85_108,24,85,108,51000,64800,1,0.7032757,1
train,27,data_27.csv,onset_leak,27_86_109,24,86,109,51600,65400,1,0.6924348,1
train,27,data_27.csv,onset_leak,27_87_110,24,87,110,52200,66000,1,0.66490763,1
train,27,data_27.csv,onset_leak,27_88_111,24,88,111,52800,66600,1,0.6608042,1
train,27,data_27.csv,onset_leak,27_89_112,24,89,112,53400,67200,1,0.64628786,1
train,27,data_27.csv,onset_leak,27_90_113,24,90,113,54000,67800,1,0.643113,1
train,27,data_27.csv,onset_leak,27_91_114,24,91,114,54600,68400,1,0.641197,1
train,27,data_27.csv,onset_leak,27_92_115,24,92,115,55200,69000,1,0.64643115,1
train,27,data_27.csv,onset_leak,27_93_116,24,93,116,55800,69600,1,0.6414253,1
train,27,data_27.csv,onset_leak,27_94_117,24,94,117,56400,70200,1,0.6406361,1
train,27,data_27.csv,onset_leak,27_95_118,24,95,118,57000,70800,1,0.63408345,1
train,27,data_27.csv,onset_leak,27_96_119,24,96,119,57600,71400,1,0.6435856,1
train,27,data_27.csv,onset_leak,27_97_120,24,97,120,58200,72000,1,0.6484237,1
train,27,data_27.csv,onset_leak,27_98_121,24,98,121,58800,72600,1,0.6539681,1
train,27,data_27.csv,onset_leak,27_99_122,24,99,122,59400,73200,1,0.66389406,1
train,27,data_27.csv,onset_leak,27_100_123,24,100,123,60000,73800,1,0.66171944,1
train,27,data_27.csv,onset_leak,27_101_124,24,101,124,60600,74400,1,0.669731,1
train,27,data_27.csv,onset_leak,27_102_125,24,102,125,61200,75000,1,0.67893535,1
train,27,data_27.csv,onset_leak,27_103_126,24,103,126,61800,75600,1,0.66818386,1
train,27,data_27.csv,onset_leak,27_104_127,24,104,127,62400,76200,1,0.664988,1
train,27,data_27.csv,onset_leak,27_105_128,24,105,128,63000,76800,1,0.673535,1
train,27,data_27.csv,onset_leak,27_106_129,24,106,129,63600,77400,1,0.67658764,1
train,27,data_27.csv,onset_leak,27_107_130,24,107,130,64200,78000,1,0.6804827,1
train,27,data_27.csv,onset_leak,27_108_131,24,108,131,64800,78600,1,0.6750753,1
train,27,data_27.csv,onset_leak,27_109_132,24,109,132,65400,79200,1,0.65594786,1
train,27,data_27.csv,onset_leak,27_110_133,24,110,133,66000,79800,1,0.6458667,1
train,27,data_27.csv,onset_leak,27_111_134,24,111,134,66600,80400,1,0.6620908,1
train,27,data_27.csv,onset_leak,27_112_135,24,112,135,67200,81000,1,0.6822667,1
train,27,data_27.csv,onset_leak,27_113_136,24,113,136,67800,81600,1,0.68513817,1
train,27,data_27.csv,onset_leak,27_114_137,24,114,137,68400,82200,1,0.6758905,1
train,27,data_27.csv,onset_leak,27_115_138,24,115,138,69000,82800,1,0.6775235,1
train,27,data_27.csv,onset_leak,27_116_139,24,116,139,69600,83400,1,0.67872506,1
train,27,data_27.csv,onset_leak,27_117_140,24,117,140,70200,84000,1,0.69971466,1
train,27,data_27.csv,onset_leak,27_118_141,24,118,141,70800,84600,1,0.71991646,1
train,27,data_27.csv,onset_leak,27_119_142,24,119,142,71400,85200,1,0.72648823,1
train,27,data_27.csv,onset_leak,27_120_143,24,120,143,72000,85800,1,0.71186405,1
train,27,data_27.csv,onset_leak,27_121_144,24,121,144,72600,86400,1,0.7023446,1
train,28,data_28.csv,onset_leak,28_0_23,24,0,23,0,13800,0,0.16867915,1
train,28,data_28.csv,onset_leak,28_1_24,24,1,24,600,14400,0,0.16934623,1
train,28,data_28.csv,onset_leak,28_2_25,24,2,25,1200,15000,0,0.16867729,1
train,28,data_28.csv,onset_leak,28_3_26,24,3,26,1800,15600,0,0.16956364,1
train,28,data_28.csv,onset_leak,28_4_27,24,4,27,2400,16200,0,0.17040844,1
train,28,data_28.csv,onset_leak,28_5_28,24,5,28,3000,16800,0,0.17120428,1
train,28,data_28.csv,onset_leak,28_6_29,24,6,29,3600,17400,0,0.171856,1
train,28,data_28.csv,onset_leak,28_7_30,24,7,30,4200,18000,0,0.17306103,1
train,28,data_28.csv,onset_leak,28_8_31,24,8,31,4800,18600,0,0.17275804,1
train,28,data_28.csv,onset_leak,28_9_32,24,9,32,5400,19200,0,0.17439012,1
train,28,data_28.csv,onset_leak,28_10_33,24,10,33,6000,19800,0,0.17603691,1
train,28,data_28.csv,onset_leak,28_11_34,24,11,34,6600,20400,0,0.17743826,1
train,28,data_28.csv,onset_leak,28_12_35,24,12,35,7200,21000,0,0.17857029,1
train,28,data_28.csv,onset_leak,28_13_36,24,13,36,7800,21600,0,0.18030088,1
train,28,data_28.csv,onset_leak,28_14_37,24,14,37,8400,22200,0,0.18036006,1
train,28,data_28.csv,onset_leak,28_15_38,24,15,38,9000,22800,0,0.18269335,1
train,28,data_28.csv,onset_leak,28_16_39,24,16,39,9600,23400,0,0.18509136,1
train,28,data_28.csv,onset_leak,28_17_40,24,17,40,10200,24000,0,0.18708882,1
train,28,data_28.csv,onset_leak,28_18_41,24,18,41,10800,24600,0,0.18868703,1
train,28,data_28.csv,onset_leak,28_19_42,24,19,42,11400,25200,0,0.19087508,1
train,28,data_28.csv,onset_leak,28_20_43,24,20,43,12000,25800,0,0.19118425,1
train,28,data_28.csv,onset_leak,28_21_44,24,21,44,12600,26400,0,0.19414994,1
train,28,data_28.csv,onset_leak,28_22_45,24,22,45,13200,27000,0,0.19715121,1
train,28,data_28.csv,onset_leak,28_23_46,24,23,46,13800,27600,0,0.19970736,1
train,28,data_28.csv,onset_leak,28_24_47,24,24,47,14400,28200,0,0.20171192,1
train,28,data_28.csv,onset_leak,28_25_48,24,25,48,15000,28800,0,0.20414242,1
train,28,data_28.csv,onset_leak,28_26_49,24,26,49,15600,29400,0,0.20372698,1
train,28,data_28.csv,onset_leak,28_27_50,24,27,50,16200,30000,0,0.20689909,1
train,28,data_28.csv,onset_leak,28_28_51,24,28,51,16800,30600,0,0.20971705,1
train,28,data_28.csv,onset_leak,28_29_52,24,29,52,17400,31200,0,0.21298343,1
train,28,data_28.csv,onset_leak,28_30_53,24,30,53,18000,31800,0,0.21508566,1
train,28,data_28.csv,onset_leak,28_31_54,24,31,54,18600,32400,0,0.21744092,1
train,28,data_28.csv,onset_leak,28_32_55,24,32,55,19200,33000,0,0.21451412,1
train,28,data_28.csv,onset_leak,28_33_56,24,33,56,19800,33600,0,0.21961363,1
train,28,data_28.csv,onset_leak,28_34_57,24,34,57,20400,34200,0,0.22322728,1
train,28,data_28.csv,onset_leak,28_35_58,24,35,58,21000,34800,0,0.22674286,1
train,28,data_28.csv,onset_leak,28_36_59,24,36,59,21600,35400,0,0.22947195,1
train,28,data_28.csv,onset_leak,28_37_60,24,37,60,22200,36000,0,0.2383081,1
train,28,data_28.csv,onset_leak,28_38_61,24,38,61,22800,36600,0,0.23989327,1
train,28,data_28.csv,onset_leak,28_39_62,24,39,62,23400,37200,0,0.24811977,1
train,28,data_28.csv,onset_leak,28_40_63,24,40,63,24000,37800,0,0.25578204,1
train,28,data_28.csv,onset_leak,28_41_64,24,41,64,24600,38400,0,0.2650106,1
train,28,data_28.csv,onset_leak,28_42_65,24,42,65,25200,39000,0,0.28079492,1
train,28,data_28.csv,onset_leak,28_43_66,24,43,66,25800,39600,0,0.31613564,1
train,28,data_28.csv,onset_leak,28_44_67,24,44,67,26400,40200,0,0.32917136,1
train,28,data_28.csv,onset_leak,28_45_68,24,45,68,27000,40800,0,0.35044786,1
train,28,data_28.csv,onset_leak,28_46_69,24,46,69,27600,41400,0,0.3756526,1
train,28,data_28.csv,onset_leak,28_47_70,24,47,70,28200,42000,0,0.43545488,1
train,28,data_28.csv,onset_leak,28_48_71,24,48,71,28800,42600,0,0.49527836,1
train,28,data_28.csv,onset_leak,28_49_72,24,49,72,29400,43200,1,0.57589084,1
train,28,data_28.csv,onset_leak,28_50_73,24,50,73,30000,43800,1,0.6154247,1
train,28,data_28.csv,onset_leak,28_51_74,24,51,74,30600,44400,1,0.6638871,1
train,28,data_28.csv,onset_leak,28_52_75,24,52,75,31200,45000,1,0.686201,1
train,28,data_28.csv,onset_leak,28_53_76,24,53,76,31800,45600,1,0.72585326,1
train,28,data_28.csv,onset_leak,28_54_77,24,54,77,32400,46200,1,0.7548237,1
train,28,data_28.csv,onset_leak,28_55_78,24,55,78,33000,46800,1,0.77374876,1
train,28,data_28.csv,onset_leak,28_56_79,24,56,79,33600,47400,1,0.78901976,1
train,28,data_28.csv,onset_leak,28_57_80,24,57,80,34200,48000,1,0.80535936,1
train,28,data_28.csv,onset_leak,28_58_81,24,58,81,34800,48600,1,0.80700463,1
train,28,data_28.csv,onset_leak,28_59_82,24,59,82,35400,49200,1,0.82731456,1
train,28,data_28.csv,onset_leak,28_60_83,24,60,83,36000,49800,1,0.84138244,1
train,28,data_28.csv,onset_leak,28_61_84,24,61,84,36600,50400,1,0.8481463,1
train,28,data_28.csv,onset_leak,28_62_85,24,62,85,37200,51000,1,0.8548729,1
train,28,data_28.csv,onset_leak,28_63_86,24,63,86,37800,51600,1,0.8627972,1
train,28,data_28.csv,onset_leak,28_64_87,24,64,87,38400,52200,1,0.861876,1
train,28,data_28.csv,onset_leak,28_65_88,24,65,88,39000,52800,1,0.8731442,1
train,28,data_28.csv,onset_leak,28_66_89,24,66,89,39600,53400,1,0.8802943,1
train,28,data_28.csv,onset_leak,28_67_90,24,67,90,40200,54000,1,0.8808071,1
train,28,data_28.csv,onset_leak,28_68_91,24,68,91,40800,54600,1,0.88178265,1
train,28,data_28.csv,onset_leak,28_69_92,24,69,92,41400,55200,1,0.88544655,1
train,28,data_28.csv,onset_leak,28_70_93,24,70,93,42000,55800,1,0.88496995,1
train,28,data_28.csv,onset_leak,28_71_94,24,71,94,42600,56400,1,0.88836515,1
train,28,data_28.csv,onset_leak,28_72_95,24,72,95,43200,57000,1,0.8894483,1
train,28,data_28.csv,onset_leak,28_73_96,24,73,96,43800,57600,1,0.88546336,1
train,28,data_28.csv,onset_leak,28_74_97,24,74,97,44400,58200,1,0.88353956,1
train,28,data_28.csv,onset_leak,28_75_98,24,75,98,45000,58800,1,0.8851209,1
train,28,data_28.csv,onset_leak,28_76_99,24,76,99,45600,59400,1,0.8846711,1
train,28,data_28.csv,onset_leak,28_77_100,24,77,100,46200,60000,1,0.88403153,1
train,28,data_28.csv,onset_leak,28_78_101,24,78,101,46800,60600,1,0.8806167,1
train,28,data_28.csv,onset_leak,28_79_102,24,79,102,47400,61200,1,0.8726166,1
train,28,data_28.csv,onset_leak,28_80_103,24,80,103,48000,61800,1,0.8673372,1
train,28,data_28.csv,onset_leak,28_81_104,24,81,104,48600,62400,1,0.86746657,1
train,28,data_28.csv,onset_leak,28_82_105,24,82,105,49200,63000,1,0.86752254,1
train,28,data_28.csv,onset_leak,28_83_106,24,83,106,49800,63600,1,0.8628839,1
train,28,data_28.csv,onset_leak,28_84_107,24,84,107,50400,64200,1,0.85444057,1
train,28,data_28.csv,onset_leak,28_85_108,24,85,108,51000,64800,1,0.8436514,1
train,28,data_28.csv,onset_leak,28_86_109,24,86,109,51600,65400,1,0.83386314,1
train,28,data_28.csv,onset_leak,28_87_110,24,87,110,52200,66000,1,0.83258104,1
train,28,data_28.csv,onset_leak,28_88_111,24,88,111,52800,66600,1,0.83252275,1
train,28,data_28.csv,onset_leak,28_89_112,24,89,112,53400,67200,1,0.82167834,1
train,28,data_28.csv,onset_leak,28_90_113,24,90,113,54000,67800,1,0.8066959,1
train,28,data_28.csv,onset_leak,28_91_114,24,91,114,54600,68400,1,0.78746814,1
train,28,data_28.csv,onset_leak,28_92_115,24,92,115,55200,69000,1,0.77115804,1
train,28,data_28.csv,onset_leak,28_93_116,24,93,116,55800,69600,1,0.76936287,1
train,28,data_28.csv,onset_leak,28_94_117,24,94,117,56400,70200,1,0.7718914,1
train,28,data_28.csv,onset_leak,28_95_118,24,95,118,57000,70800,1,0.7541785,1
train,28,data_28.csv,onset_leak,28_96_119,24,96,119,57600,71400,1,0.7334202,1
train,28,data_28.csv,onset_leak,28_97_120,24,97,120,58200,72000,1,0.71944225,1
train,28,data_28.csv,onset_leak,28_98_121,24,98,121,58800,72600,1,0.70180196,1
train,28,data_28.csv,onset_leak,28_99_122,24,99,122,59400,73200,1,0.700687,1
train,28,data_28.csv,onset_leak,28_100_123,24,100,123,60000,73800,1,0.7162026,1
train,28,data_28.csv,onset_leak,28_101_124,24,101,124,60600,74400,1,0.70980746,1
train,28,data_28.csv,onset_leak,28_102_125,24,102,125,61200,75000,1,0.69708544,1
train,28,data_28.csv,onset_leak,28_103_126,24,103,126,61800,75600,1,0.6938218,1
train,28,data_28.csv,onset_leak,28_104_127,24,104,127,62400,76200,1,0.68461645,1
train,28,data_28.csv,onset_leak,28_105_128,24,105,128,63000,76800,1,0.6868767,1
train,28,data_28.csv,onset_leak,28_106_129,24,106,129,63600,77400,1,0.69147307,1
train,28,data_28.csv,onset_leak,28_107_130,24,107,130,64200,78000,1,0.6906597,1
train,28,data_28.csv,onset_leak,28_108_131,24,108,131,64800,78600,1,0.67400503,1
train,28,data_28.csv,onset_leak,28_109_132,24,109,132,65400,79200,1,0.6642475,1
train,28,data_28.csv,onset_leak,28_110_133,24,110,133,66000,79800,1,0.65813684,1
train,28,data_28.csv,onset_leak,28_111_134,24,111,134,66600,80400,1,0.6471312,1
train,28,data_28.csv,onset_leak,28_112_135,24,112,135,67200,81000,1,0.6312758,1
train,28,data_28.csv,onset_leak,28_113_136,24,113,136,67800,81600,1,0.6021505,1
train,28,data_28.csv,onset_leak,28_114_137,24,114,137,68400,82200,1,0.56821525,1
train,28,data_28.csv,onset_leak,28_115_138,24,115,138,69000,82800,1,0.5425949,1
train,28,data_28.csv,onset_leak,28_116_139,24,116,139,69600,83400,1,0.52643025,1
train,28,data_28.csv,onset_leak,28_117_140,24,117,140,70200,84000,1,0.49889636,1
train,28,data_28.csv,onset_leak,28_118_141,24,118,141,70800,84600,1,0.46979716,1
train,28,data_28.csv,onset_leak,28_119_142,24,119,142,71400,85200,1,0.43705446,1
train,28,data_28.csv,onset_leak,28_120_143,24,120,143,72000,85800,1,0.40669996,1
train,28,data_28.csv,onset_leak,28_121_144,24,121,144,72600,86400,1,0.39091736,1
train,29,data_29.csv,onset_leak,29_0_23,24,0,23,0,13800,0,0.19999164,1
train,29,data_29.csv,onset_leak,29_1_24,24,1,24,600,14400,0,0.19466142,1
train,29,data_29.csv,onset_leak,29_2_25,24,2,25,1200,15000,0,0.18522483,1
train,29,data_29.csv,onset_leak,29_3_26,24,3,26,1800,15600,0,0.17699291,1
train,29,data_29.csv,onset_leak,29_4_27,24,4,27,2400,16200,0,0.1690172,1
train,29,data_29.csv,onset_leak,29_5_28,24,5,28,3000,16800,0,0.1636087,1
train,29,data_29.csv,onset_leak,29_6_29,24,6,29,3600,17400,0,0.15988238,1
train,29,data_29.csv,onset_leak,29_7_30,24,7,30,4200,18000,0,0.1583703,1
train,29,data_29.csv,onset_leak,29_8_31,24,8,31,4800,18600,0,0.15279914,1
train,29,data_29.csv,onset_leak,29_9_32,24,9,32,5400,19200,0,0.15158337,1
train,29,data_29.csv,onset_leak,29_10_33,24,10,33,6000,19800,0,0.14865537,1
train,29,data_29.csv,onset_leak,29_11_34,24,11,34,6600,20400,0,0.14853828,1
train,29,data_29.csv,onset_leak,29_12_35,24,12,35,7200,21000,0,0.14746447,1
train,29,data_29.csv,onset_leak,29_13_36,24,13,36,7800,21600,0,0.1468903,1
train,29,data_29.csv,onset_leak,29_14_37,24,14,37,8400,22200,0,0.14070313,1
train,29,data_29.csv,onset_leak,29_15_38,24,15,38,9000,22800,0,0.1425568,1
train,29,data_29.csv,onset_leak,29_16_39,24,16,39,9600,23400,0,0.14501199,1
train,29,data_29.csv,onset_leak,29_17_40,24,17,40,10200,24000,0,0.14586471,1
train,29,data_29.csv,onset_leak,29_18_41,24,18,41,10800,24600,0,0.14851242,1
train,29,data_29.csv,onset_leak,29_19_42,24,19,42,11400,25200,0,0.15589514,1
train,29,data_29.csv,onset_leak,29_20_43,24,20,43,12000,25800,0,0.15774688,1
train,29,data_29.csv,onset_leak,29_21_44,24,21,44,12600,26400,0,0.16463475,1
train,29,data_29.csv,onset_leak,29_22_45,24,22,45,13200,27000,0,0.17469077,1
train,29,data_29.csv,onset_leak,29_23_46,24,23,46,13800,27600,0,0.18168427,1
train,29,data_29.csv,onset_leak,29_24_47,24,24,47,14400,28200,0,0.1937238,1
train,29,data_29.csv,onset_leak,29_25_48,24,25,48,15000,28800,0,0.20926906,1
train,29,data_29.csv,onset_leak,29_26_49,24,26,49,15600,29400,0,0.21846822,1
train,29,data_29.csv,onset_leak,29_27_50,24,27,50,16200,30000,0,0.23394474,1
train,29,data_29.csv,onset_leak,29_28_51,24,28,51,16800,30600,0,0.2513095,1
train,29,data_29.csv,onset_leak,29_29_52,24,29,52,17400,31200,0,0.26886544,1
train,29,data_29.csv,onset_leak,29_30_53,24,30,53,18000,31800,0,0.29369488,1
train,29,data_29.csv,onset_leak,29_31_54,24,31,54,18600,32400,0,0.3207419,1
train,29,data_29.csv,onset_leak,29_32_55,24,32,55,19200,33000,0,0.32917255,1
train,29,data_29.csv,onset_leak,29_33_56,24,33,56,19800,33600,0,0.34857458,1
train,29,data_29.csv,onset_leak,29_34_57,24,34,57,20400,34200,0,0.37607357,1
train,29,data_29.csv,onset_leak,29_35_58,24,35,58,21000,34800,0,0.4130157,1
train,29,data_29.csv,onset_leak,29_36_59,24,36,59,21600,35400,0,0.45394424,1
train,29,data_29.csv,onset_leak,29_37_60,24,37,60,22200,36000,0,0.4822802,1
train,29,data_29.csv,onset_leak,29_38_61,24,38,61,22800,36600,0,0.48755002,1
train,29,data_29.csv,onset_leak,29_39_62,24,39,62,23400,37200,0,0.52056104,1
train,29,data_29.csv,onset_leak,29_40_63,24,40,63,24000,37800,0,0.5476103,1
train,29,data_29.csv,onset_leak,29_41_64,24,41,64,24600,38400,0,0.5765832,1
train,29,data_29.csv,onset_leak,29_42_65,24,42,65,25200,39000,0,0.5993823,1
train,29,data_29.csv,onset_leak,29_43_66,24,43,66,25800,39600,0,0.6160711,1
train,29,data_29.csv,onset_leak,29_44_67,24,44,67,26400,40200,0,0.6173725,1
train,29,data_29.csv,onset_leak,29_45_68,24,45,68,27000,40800,0,0.62457883,1
train,29,data_29.csv,onset_leak,29_46_69,24,46,69,27600,41400,0,0.62600064,1
train,29,data_29.csv,onset_leak,29_47_70,24,47,70,28200,42000,0,0.6513827,1
train,29,data_29.csv,onset_leak,29_48_71,24,48,71,28800,42600,0,0.6729581,1
train,29,data_29.csv,onset_leak,29_49_72,24,49,72,29400,43200,1,0.68558574,1
train,29,data_29.csv,onset_leak,29_50_73,24,50,73,30000,43800,1,0.69956,1
train,29,data_29.csv,onset_leak,29_51_74,24,51,74,30600,44400,1,0.7008735,1
train,29,data_29.csv,onset_leak,29_52_75,24,52,75,31200,45000,1,0.70535827,1
train,29,data_29.csv,onset_leak,29_53_76,24,53,76,31800,45600,1,0.7202523,1
train,29,data_29.csv,onset_leak,29_54_77,24,54,77,32400,46200,1,0.7342863,1
train,29,data_29.csv,onset_leak,29_55_78,24,55,78,33000,46800,1,0.7276164,1
train,29,data_29.csv,onset_leak,29_56_79,24,56,79,33600,47400,1,0.7330788,1
train,29,data_29.csv,onset_leak,29_57_80,24,57,80,34200,48000,1,0.7469749,1
train,29,data_29.csv,onset_leak,29_58_81,24,58,81,34800,48600,1,0.74467343,1
train,29,data_29.csv,onset_leak,29_59_82,24,59,82,35400,49200,1,0.7436119,1
train,29,data_29.csv,onset_leak,29_60_83,24,60,83,36000,49800,1,0.7464823,1
train,29,data_29.csv,onset_leak,29_61_84,24,61,84,36600,50400,1,0.7276491,1
train,29,data_29.csv,onset_leak,29_62_85,24,62,85,37200,51000,1,0.71310645,1
train,29,data_29.csv,onset_leak,29_63_86,24,63,86,37800,51600,1,0.7266979,1
train,29,data_29.csv,onset_leak,29_64_87,24,64,87,38400,52200,1,0.73213655,1
train,29,data_29.csv,onset_leak,29_65_88,24,65,88,39000,52800,1,0.7332702,1
train,29,data_29.csv,onset_leak,29_66_89,24,66,89,39600,53400,1,0.7240153,1
train,29,data_29.csv,onset_leak,29_67_90,24,67,90,40200,54000,1,0.7135162,1
train,29,data_29.csv,onset_leak,29_68_91,24,68,91,40800,54600,1,0.69613594,1
train,29,data_29.csv,onset_leak,29_69_92,24,69,92,41400,55200,1,0.7072549,1
train,29,data_29.csv,onset_leak,29_70_93,24,70,93,42000,55800,1,0.7238826,1
train,29,data_29.csv,onset_leak,29_71_94,24,71,94,42600,56400,1,0.7392346,1
train,29,data_29.csv,onset_leak,29_72_95,24,72,95,43200,57000,1,0.74058753,1
train,29,data_29.csv,onset_leak,29_73_96,24,73,96,43800,57600,1,0.733288,1
train,29,data_29.csv,onset_leak,29_74_97,24,74,97,44400,58200,1,0.7153605,1
train,29,data_29.csv,onset_leak,29_75_98,24,75,98,45000,58800,1,0.7094288,1
train,29,data_29.csv,onset_leak,29_76_99,24,76,99,45600,59400,1,0.7057238,1
train,29,data_29.csv,onset_leak,29_77_100,24,77,100,46200,60000,1,0.7005963,1
train,29,data_29.csv,onset_leak,29_78_101,24,78,101,46800,60600,1,0.682651,1
train,29,data_29.csv,onset_leak,29_79_102,24,79,102,47400,61200,1,0.67069095,1
train,29,data_29.csv,onset_leak,29_80_103,24,80,103,48000,61800,1,0.6455734,1
train,29,data_29.csv,onset_leak,29_81_104,24,81,104,48600,62400,1,0.6114899,1
train,29,data_29.csv,onset_leak,29_82_105,24,82,105,49200,63000,1,0.5636741,1
train,29,data_29.csv,onset_leak,29_83_106,24,83,106,49800,63600,1,0.51717037,1
train,29,data_29.csv,onset_leak,29_84_107,24,84,107,50400,64200,1,0.47558975,1
train,29,data_29.csv,onset_leak,29_85_108,24,85,108,51000,64800,1,0.45294654,1
train,29,data_29.csv,onset_leak,29_86_109,24,86,109,51600,65400,1,0.418347,1
train,29,data_29.csv,onset_leak,29_87_110,24,87,110,52200,66000,1,0.38372657,1
train,29,data_29.csv,onset_leak,29_88_111,24,88,111,52800,66600,1,0.34754702,1
train,29,data_29.csv,onset_leak,29_89_112,24,89,112,53400,67200,1,0.32682475,1
train,29,data_29.csv,onset_leak,29_90_113,24,90,113,54000,67800,1,0.31130612,1
train,29,data_29.csv,onset_leak,29_91_114,24,91,114,54600,68400,1,0.30856317,1
train,29,data_29.csv,onset_leak,29_92_115,24,92,115,55200,69000,1,0.29229712,1
train,29,data_29.csv,onset_leak,29_93_116,24,93,116,55800,69600,1,0.2877488,1
train,29,data_29.csv,onset_leak,29_94_117,24,94,117,56400,70200,1,0.28440362,1
train,29,data_29.csv,onset_leak,29_95_118,24,95,118,57000,70800,1,0.28312743,1
train,29,data_29.csv,onset_leak,29_96_119,24,96,119,57600,71400,1,0.2849285,1
train,29,data_29.csv,onset_leak,29_97_120,24,97,120,58200,72000,1,0.2924449,1
train,29,data_29.csv,onset_leak,29_98_121,24,98,121,58800,72600,1,0.29167375,1
train,29,data_29.csv,onset_leak,29_99_122,24,99,122,59400,73200,1,0.29917145,1
train,29,data_29.csv,onset_leak,29_100_123,24,100,123,60000,73800,1,0.30984068,1
train,29,data_29.csv,onset_leak,29_101_124,24,101,124,60600,74400,1,0.31600508,1
train,29,data_29.csv,onset_leak,29_102_125,24,102,125,61200,75000,1,0.330952,1
train,29,data_29.csv,onset_leak,29_103_126,24,103,126,61800,75600,1,0.3503269,1
train,29,data_29.csv,onset_leak,29_104_127,24,104,127,62400,76200,1,0.35452303,1
train,29,data_29.csv,onset_leak,29_105_128,24,105,128,63000,76800,1,0.37258598,1
train,29,data_29.csv,onset_leak,29_106_129,24,106,129,63600,77400,1,0.4053632,1
train,29,data_29.csv,onset_leak,29_107_130,24,107,130,64200,78000,1,0.4254546,1
train,29,data_29.csv,onset_leak,29_108_131,24,108,131,64800,78600,1,0.44319916,1
train,29,data_29.csv,onset_leak,29_109_132,24,109,132,65400,79200,1,0.45108783,1
train,29,data_29.csv,onset_leak,29_110_133,24,110,133,66000,79800,1,0.47247866,1
train,29,data_29.csv,onset_leak,29_111_134,24,111,134,66600,80400,1,0.5034556,1
train,29,data_29.csv,onset_leak,29_112_135,24,112,135,67200,81000,1,0.54186785,1
train,29,data_29.csv,onset_leak,29_113_136,24,113,136,67800,81600,1,0.57481915,1
train,29,data_29.csv,onset_leak,29_114_137,24,114,137,68400,82200,1,0.59040844,1
train,29,data_29.csv,onset_leak,29_115_138,24,115,138,69000,82800,1,0.5793749,1
train,29,data_29.csv,onset_leak,29_116_139,24,116,139,69600,83400,1,0.594056,1
train,29,data_29.csv,onset_leak,29_117_140,24,117,140,70200,84000,1,0.61468893,1
train,29,data_29.csv,onset_leak,29_118_141,24,118,141,70800,84600,1,0.63358194,1
train,29,data_29.csv,onset_leak,29_119_142,24,119,142,71400,85200,1,0.639548,1
train,29,data_29.csv,onset_leak,29_120_143,24,120,143,72000,85800,1,0.6321228,1
train,29,data_29.csv,onset_leak,29_121_144,24,121,144,72600,86400,1,0.62100005,1
train,31,data_31.csv,persistent_leak,31_0_23,24,0,23,0,13800,1,0.1529165,1
train,31,data_31.csv,persistent_leak,31_1_24,24,1,24,600,14400,1,0.15360965,1
train,31,data_31.csv,persistent_leak,31_2_25,24,2,25,1200,15000,1,0.15163967,1
train,31,data_31.csv,persistent_leak,31_3_26,24,3,26,1800,15600,1,0.15188308,1
train,31,data_31.csv,persistent_leak,31_4_27,24,4,27,2400,16200,1,0.15039264,1
train,31,data_31.csv,persistent_leak,31_5_28,24,5,28,3000,16800,1,0.15257832,1
train,31,data_31.csv,persistent_leak,31_6_29,24,6,29,3600,17400,1,0.15296529,1
train,31,data_31.csv,persistent_leak,31_7_30,24,7,30,4200,18000,1,0.1510324,1
train,31,data_31.csv,persistent_leak,31_8_31,24,8,31,4800,18600,1,0.14284728,1
train,31,data_31.csv,persistent_leak,31_9_32,24,9,32,5400,19200,1,0.14413527,1
train,31,data_31.csv,persistent_leak,31_10_33,24,10,33,6000,19800,1,0.1444262,1
train,31,data_31.csv,persistent_leak,31_11_34,24,11,34,6600,20400,1,0.14539555,1
train,31,data_31.csv,persistent_leak,31_12_35,24,12,35,7200,21000,1,0.14584963,1
train,31,data_31.csv,persistent_leak,31_13_36,24,13,36,7800,21600,1,0.15355992,1
train,31,data_31.csv,persistent_leak,31_14_37,24,14,37,8400,22200,1,0.15269367,1
train,31,data_31.csv,persistent_leak,31_15_38,24,15,38,9000,22800,1,0.15822594,1
train,31,data_31.csv,persistent_leak,31_16_39,24,16,39,9600,23400,1,0.16636935,1
train,31,data_31.csv,persistent_leak,31_17_40,24,17,40,10200,24000,1,0.17296147,1
train,31,data_31.csv,persistent_leak,31_18_41,24,18,41,10800,24600,1,0.18625365,1
train,31,data_31.csv,persistent_leak,31_19_42,24,19,42,11400,25200,1,0.20749643,1
train,31,data_31.csv,persistent_leak,31_20_43,24,20,43,12000,25800,1,0.21550009,1
train,31,data_31.csv,persistent_leak,31_21_44,24,21,44,12600,26400,1,0.23308702,1
train,31,data_31.csv,persistent_leak,31_22_45,24,22,45,13200,27000,1,0.25826877,1
train,31,data_31.csv,persistent_leak,31_23_46,24,23,46,13800,27600,1,0.28029734,1
train,31,data_31.csv,persistent_leak,31_24_47,24,24,47,14400,28200,1,0.30860326,1
train,31,data_31.csv,persistent_leak,31_25_48,24,25,48,15000,28800,1,0.3513503,1
train,31,data_31.csv,persistent_leak,31_26_49,24,26,49,15600,29400,1,0.37392828,1
train,31,data_31.csv,persistent_leak,31_27_50,24,27,50,16200,30000,1,0.4183615,1
train,31,data_31.csv,persistent_leak,31_28_51,24,28,51,16800,30600,1,0.45401028,1
train,31,data_31.csv,persistent_leak,31_29_52,24,29,52,17400,31200,1,0.5136685,1
train,31,data_31.csv,persistent_leak,31_30_53,24,30,53,18000,31800,1,0.5578315,1
train,31,data_31.csv,persistent_leak,31_31_54,24,31,54,18600,32400,1,0.572672,1
train,31,data_31.csv,persistent_leak,31_32_55,24,32,55,19200,33000,1,0.5727007,1
train,31,data_31.csv,persistent_leak,31_33_56,24,33,56,19800,33600,1,0.6034559,1
train,31,data_31.csv,persistent_leak,31_34_57,24,34,57,20400,34200,1,0.6117757,1
train,31,data_31.csv,persistent_leak,31_35_58,24,35,58,21000,34800,1,0.6210675,1
train,31,data_31.csv,persistent_leak,31_36_59,24,36,59,21600,35400,1,0.6241623,1
train,31,data_31.csv,persistent_leak,31_37_60,24,37,60,22200,36000,1,0.6139693,1
train,31,data_31.csv,persistent_leak,31_38_61,24,38,61,22800,36600,1,0.6061243,1
train,31,data_31.csv,persistent_leak,31_39_62,24,39,62,23400,37200,1,0.6207093,1
train,31,data_31.csv,persistent_leak,31_40_63,24,40,63,24000,37800,1,0.63610953,1
train,31,data_31.csv,persistent_leak,31_41_64,24,41,64,24600,38400,1,0.652154,1
train,31,data_31.csv,persistent_leak,31_42_65,24,42,65,25200,39000,1,0.647005,1
train,31,data_31.csv,persistent_leak,31_43_66,24,43,66,25800,39600,1,0.645069,1
train,31,data_31.csv,persistent_leak,31_44_67,24,44,67,26400,40200,1,0.6331068,1
train,31,data_31.csv,persistent_leak,31_45_68,24,45,68,27000,40800,1,0.64205617,1
train,31,data_31.csv,persistent_leak,31_46_69,24,46,69,27600,41400,1,0.6484123,1
train,31,data_31.csv,persistent_leak,31_47_70,24,47,70,28200,42000,1,0.6688179,1
train,31,data_31.csv,persistent_leak,31_48_71,24,48,71,28800,42600,1,0.6734795,1
train,31,data_31.csv,persistent_leak,31_49_72,24,49,72,29400,43200,1,0.66492504,1
train,31,data_31.csv,persistent_leak,31_50_73,24,50,73,30000,43800,1,0.6437104,1
train,31,data_31.csv,persistent_leak,31_51_74,24,51,74,30600,44400,1,0.6168183,1
train,31,data_31.csv,persistent_leak,31_52_75,24,52,75,31200,45000,1,0.59083927,1
train,31,data_31.csv,persistent_leak,31_53_76,24,53,76,31800,45600,1,0.5542266,1
train,31,data_31.csv,persistent_leak,31_54_77,24,54,77,32400,46200,1,0.52776027,1
train,31,data_31.csv,persistent_leak,31_55_78,24,55,78,33000,46800,1,0.509008,1
train,31,data_31.csv,persistent_leak,31_56_79,24,56,79,33600,47400,1,0.47753385,1
train,31,data_31.csv,persistent_leak,31_57_80,24,57,80,34200,48000,1,0.45081636,1
train,31,data_31.csv,persistent_leak,31_58_81,24,58,81,34800,48600,1,0.42475456,1
train,31,data_31.csv,persistent_leak,31_59_82,24,59,82,35400,49200,1,0.40552777,1
train,31,data_31.csv,persistent_leak,31_60_83,24,60,83,36000,49800,1,0.39016613,1
train,31,data_31.csv,persistent_leak,31_61_84,24,61,84,36600,50400,1,0.3915568,1
train,31,data_31.csv,persistent_leak,31_62_85,24,62,85,37200,51000,1,0.3810047,1
train,31,data_31.csv,persistent_leak,31_63_86,24,63,86,37800,51600,1,0.37529296,1
train,31,data_31.csv,persistent_leak,31_64_87,24,64,87,38400,52200,1,0.37580806,1
train,31,data_31.csv,persistent_leak,31_65_88,24,65,88,39000,52800,1,0.3748352,1
train,31,data_31.csv,persistent_leak,31_66_89,24,66,89,39600,53400,1,0.38161954,1
train,31,data_31.csv,persistent_leak,31_67_90,24,67,90,40200,54000,1,0.41162342,1
train,31,data_31.csv,persistent_leak,31_68_91,24,68,91,40800,54600,1,0.42682827,1
train,31,data_31.csv,persistent_leak,31_69_92,24,69,92,41400,55200,1,0.44767994,1
train,31,data_31.csv,persistent_leak,31_70_93,24,70,93,42000,55800,1,0.4642234,1
train,31,data_31.csv,persistent_leak,31_71_94,24,71,94,42600,56400,1,0.49752524,1
train,31,data_31.csv,persistent_leak,31_72_95,24,72,95,43200,57000,1,0.5275478,1
train,31,data_31.csv,persistent_leak,31_73_96,24,73,96,43800,57600,1,0.5776406,1
train,31,data_31.csv,persistent_leak,31_74_97,24,74,97,44400,58200,1,0.6001321,1
train,31,data_31.csv,persistent_leak,31_75_98,24,75,98,45000,58800,1,0.6203249,1
train,31,data_31.csv,persistent_leak,31_76_99,24,76,99,45600,59400,1,0.62868845,1
train,31,data_31.csv,persistent_leak,31_77_100,24,77,100,46200,60000,1,0.65565753,1
train,31,data_31.csv,persistent_leak,31_78_101,24,78,101,46800,60600,1,0.6790287,1
train,31,data_31.csv,persistent_leak,31_79_102,24,79,102,47400,61200,1,0.7043189,1
train,31,data_31.csv,persistent_leak,31_80_103,24,80,103,48000,61800,1,0.72481906,1
train,31,data_31.csv,persistent_leak,31_81_104,24,81,104,48600,62400,1,0.7377915,1
train,31,data_31.csv,persistent_leak,31_82_105,24,82,105,49200,63000,1,0.7409251,1
train,31,data_31.csv,persistent_leak,31_83_106,24,83,106,49800,63600,1,0.7628859,1
train,31,data_31.csv,persistent_leak,31_84_107,24,84,107,50400,64200,1,0.78249544,1
train,31,data_31.csv,persistent_leak,31_85_108,24,85,108,51000,64800,1,0.79220635,1
train,31,data_31.csv,persistent_leak,31_86_109,24,86,109,51600,65400,1,0.80398935,1
train,31,data_31.csv,persistent_leak,31_87_110,24,87,110,52200,66000,1,0.8147469,1
train,31,data_31.csv,persistent_leak,31_88_111,24,88,111,52800,66600,1,0.81416893,1
train,31,data_31.csv,persistent_leak,31_89_112,24,89,112,53400,67200,1,0.8284464,1
train,31,data_31.csv,persistent_leak,31_90_113,24,90,113,54000,67800,1,0.8387437,1
train,31,data_31.csv,persistent_leak,31_91_114,24,91,114,54600,68400,1,0.8445968,1
train,31,data_31.csv,persistent_leak,31_92_115,24,92,115,55200,69000,1,0.84824294,1
train,31,data_31.csv,persistent_leak,31_93_116,24,93,116,55800,69600,1,0.8541316,1
train,31,data_31.csv,persistent_leak,31_94_117,24,94,117,56400,70200,1,0.8530894,1
train,31,data_31.csv,persistent_leak,31_95_118,24,95,118,57000,70800,1,0.86088854,1
train,31,data_31.csv,persistent_leak,31_96_119,24,96,119,57600,71400,1,0.86662126,1
train,31,data_31.csv,persistent_leak,31_97_120,24,97,120,58200,72000,1,0.8597864,1
train,31,data_31.csv,persistent_leak,31_98_121,24,98,121,58800,72600,1,0.8583453,1
train,31,data_31.csv,persistent_leak,31_99_122,24,99,122,59400,73200,1,0.86255145,1
train,31,data_31.csv,persistent_leak,31_100_123,24,100,123,60000,73800,1,0.86294943,1
train,31,data_31.csv,persistent_leak,31_101_124,24,101,124,60600,74400,1,0.86382437,1
train,31,data_31.csv,persistent_leak,31_102_125,24,102,125,61200,75000,1,0.85892326,1
train,31,data_31.csv,persistent_leak,31_103_126,24,103,126,61800,75600,1,0.8372668,1
train,31,data_31.csv,persistent_leak,31_104_127,24,104,127,62400,76200,1,0.82580566,1
train,31,data_31.csv,persistent_leak,31_105_128,24,105,128,63000,76800,1,0.83484286,1
train,31,data_31.csv,persistent_leak,31_106_129,24,106,129,63600,77400,1,0.83739996,1
train,31,data_31.csv,persistent_leak,31_107_130,24,107,130,64200,78000,1,0.8219961,1
train,31,data_31.csv,persistent_leak,31_108_131,24,108,131,64800,78600,1,0.8001576,1
train,31,data_31.csv,persistent_leak,31_109_132,24,109,132,65400,79200,1,0.77606374,1
train,31,data_31.csv,persistent_leak,31_110_133,24,110,133,66000,79800,1,0.7546748,1
train,31,data_31.csv,persistent_leak,31_111_134,24,111,134,66600,80400,1,0.7629804,1
train,31,data_31.csv,persistent_leak,31_112_135,24,112,135,67200,81000,1,0.7814826,1
train,31,data_31.csv,persistent_leak,31_113_136,24,113,136,67800,81600,1,0.7829258,1
train,31,data_31.csv,persistent_leak,31_114_137,24,114,137,68400,82200,1,0.77223223,1
train,31,data_31.csv,persistent_leak,31_115_138,24,115,138,69000,82800,1,0.77190757,1
train,31,data_31.csv,persistent_leak,31_116_139,24,116,139,69600,83400,1,0.7535073,1
train,31,data_31.csv,persistent_leak,31_117_140,24,117,140,70200,84000,1,0.7656607,1
train,31,data_31.csv,persistent_leak,31_118_141,24,118,141,70800,84600,1,0.77653265,1
train,31,data_31.csv,persistent_leak,31_119_142,24,119,142,71400,85200,1,0.7811975,1
train,31,data_31.csv,persistent_leak,31_120_143,24,120,143,72000,85800,1,0.7655901,1
train,31,data_31.csv,persistent_leak,31_121_144,24,121,144,72600,86400,1,0.75477266,1
train,33,data_33.csv,persistent_leak,33_0_23,24,0,23,0,13800,1,0.19999164,1
train,33,data_33.csv,persistent_leak,33_1_24,24,1,24,600,14400,1,0.19466142,1
train,33,data_33.csv,persistent_leak,33_2_25,24,2,25,1200,15000,1,0.18522483,1
train,33,data_33.csv,persistent_leak,33_3_26,24,3,26,1800,15600,1,0.17699291,1
train,33,data_33.csv,persistent_leak,33_4_27,24,4,27,2400,16200,1,0.1690172,1
train,33,data_33.csv,persistent_leak,33_5_28,24,5,28,3000,16800,1,0.1636087,1
train,33,data_33.csv,persistent_leak,33_6_29,24,6,29,3600,17400,1,0.15988238,1
train,33,data_33.csv,persistent_leak,33_7_30,24,7,30,4200,18000,1,0.15841848,1
train,33,data_33.csv,persistent_leak,33_8_31,24,8,31,4800,18600,1,0.15373087,1
train,33,data_33.csv,persistent_leak,33_9_32,24,9,32,5400,19200,1,0.15287535,1
train,33,data_33.csv,persistent_leak,33_10_33,24,10,33,6000,19800,1,0.15078828,1
train,33,data_33.csv,persistent_leak,33_11_34,24,11,34,6600,20400,1,0.1505592,1
train,33,data_33.csv,persistent_leak,33_12_35,24,12,35,7200,21000,1,0.1496231,1
train,33,data_33.csv,persistent_leak,33_13_36,24,13,36,7800,21600,1,0.1496756,1
train,33,data_33.csv,persistent_leak,33_14_37,24,14,37,8400,22200,1,0.14505073,1
train,33,data_33.csv,persistent_leak,33_15_38,24,15,38,9000,22800,1,0.14547364,1
train,33,data_33.csv,persistent_leak,33_16_39,24,16,39,9600,23400,1,0.14805266,1
train,33,data_33.csv,persistent_leak,33_17_40,24,17,40,10200,24000,1,0.14889698,1
train,33,data_33.csv,persistent_leak,33_18_41,24,18,41,10800,24600,1,0.15055081,1
train,33,data_33.csv,persistent_leak,33_19_42,24,19,42,11400,25200,1,0.15561175,1
train,33,data_33.csv,persistent_leak,33_20_43,24,20,43,12000,25800,1,0.15646744,1
train,33,data_33.csv,persistent_leak,33_21_44,24,21,44,12600,26400,1,0.1636853,1
train,33,data_33.csv,persistent_leak,33_22_45,24,22,45,13200,27000,1,0.17125936,1
train,33,data_33.csv,persistent_leak,33_23_46,24,23,46,13800,27600,1,0.17702216,1
train,33,data_33.csv,persistent_leak,33_24_47,24,24,47,14400,28200,1,0.18268293,1
train,33,data_33.csv,persistent_leak,33_25_48,24,25,48,15000,28800,1,0.1904197,1
train,33,data_33.csv,persistent_leak,33_26_49,24,26,49,15600,29400,1,0.19580944,1
train,33,data_33.csv,persistent_leak,33_27_50,24,27,50,16200,30000,1,0.20596741,1
train,33,data_33.csv,persistent_leak,33_28_51,24,28,51,16800,30600,1,0.2165348,1
train,33,data_33.csv,persistent_leak,33_29_52,24,29,52,17400,31200,1,0.22463669,1
train,33,data_33.csv,persistent_leak,33_30_53,24,30,53,18000,31800,1,0.23602372,1
train,33,data_33.csv,persistent_leak,33_31_54,24,31,54,18600,32400,1,0.24636367,1
train,33,data_33.csv,persistent_leak,33_32_55,24,32,55,19200,33000,1,0.24870433,1
train,33,data_33.csv,persistent_leak,33_33_56,24,33,56,19800,33600,1,0.25746566,1
train,33,data_33.csv,persistent_leak,33_34_57,24,34,57,20400,34200,1,0.27325237,1
train,33,data_33.csv,persistent_leak,33_35_58,24,35,58,21000,34800,1,0.28206882,1
train,33,data_33.csv,persistent_leak,33_36_59,24,36,59,21600,35400,1,0.2970568,1
train,33,data_33.csv,persistent_leak,33_37_60,24,37,60,22200,36000,1,0.31300244,1
train,33,data_33.csv,persistent_leak,33_38_61,24,38,61,22800,36600,1,0.31896287,1
train,33,data_33.csv,persistent_leak,33_39_62,24,39,62,23400,37200,1,0.33684996,1
train,33,data_33.csv,persistent_leak,33_40_63,24,40,63,24000,37800,1,0.3655107,1
train,33,data_33.csv,persistent_leak,33_41_64,24,41,64,24600,38400,1,0.38867962,1
train,33,data_33.csv,persistent_leak,33_42_65,24,42,65,25200,39000,1,0.40691346,1
train,33,data_33.csv,persistent_leak,33_43_66,24,43,66,25800,39600,1,0.42709595,1
train,33,data_33.csv,persistent_leak,33_44_67,24,44,67,26400,40200,1,0.43896922,1
train,33,data_33.csv,persistent_leak,33_45_68,24,45,68,27000,40800,1,0.46122965,1
train,33,data_33.csv,persistent_leak,33_46_69,24,46,69,27600,41400,1,0.46988085,1
train,33,data_33.csv,persistent_leak,33_47_70,24,47,70,28200,42000,1,0.49486926,1
train,33,data_33.csv,persistent_leak,33_48_71,24,48,71,28800,42600,1,0.5182625,1
train,33,data_33.csv,persistent_leak,33_49_72,24,49,72,29400,43200,1,0.5088301,1
train,33,data_33.csv,persistent_leak,33_50_73,24,50,73,30000,43800,1,0.4995229,1
train,33,data_33.csv,persistent_leak,33_51_74,24,51,74,30600,44400,1,0.49565932,1
train,33,data_33.csv,persistent_leak,33_52_75,24,52,75,31200,45000,1,0.48927242,1
train,33,data_33.csv,persistent_leak,33_53_76,24,53,76,31800,45600,1,0.49588278,1
train,33,data_33.csv,persistent_leak,33_54_77,24,54,77,32400,46200,1,0.50906247,1
train,33,data_33.csv,persistent_leak,33_55_78,24,55,78,33000,46800,1,0.5176879,1
train,33,data_33.csv,persistent_leak,33_56_79,24,56,79,33600,47400,1,0.5195503,1
train,33,data_33.csv,persistent_leak,33_57_80,24,57,80,34200,48000,1,0.5284743,1
train,33,data_33.csv,persistent_leak,33_58_81,24,58,81,34800,48600,1,0.5463374,1
train,33,data_33.csv,persistent_leak,33_59_82,24,59,82,35400,49200,1,0.5474059,1
train,33,data_33.csv,persistent_leak,33_60_83,24,60,83,36000,49800,1,0.5589942,1
train,33,data_33.csv,persistent_leak,33_61_84,24,61,84,36600,50400,1,0.5362019,1
train,33,data_33.csv,persistent_leak,33_62_85,24,62,85,37200,51000,1,0.5440125,1
train,33,data_33.csv,persistent_leak,33_63_86,24,63,86,37800,51600,1,0.57434684,1
train,33,data_33.csv,persistent_leak,33_64_87,24,64,87,38400,52200,1,0.6089964,1
train,33,data_33.csv,persistent_leak,33_65_88,24,65,88,39000,52800,1,0.63212323,1
train,33,data_33.csv,persistent_leak,33_66_89,24,66,89,39600,53400,1,0.63185906,1
train,33,data_33.csv,persistent_leak,33_67_90,24,67,90,40200,54000,1,0.6339325,1
train,33,data_33.csv,persistent_leak,33_68_91,24,68,91,40800,54600,1,0.6406484,1
train,33,data_33.csv,persistent_leak,33_69_92,24,69,92,41400,55200,1,0.65727013,1
train,33,data_33.csv,persistent_leak,33_70_93,24,70,93,42000,55800,1,0.6736032,1
train,33,data_33.csv,persistent_leak,33_71_94,24,71,94,42600,56400,1,0.69441116,1
train,33,data_33.csv,persistent_leak,33_72_95,24,72,95,43200,57000,1,0.690335,1
train,33,data_33.csv,persistent_leak,33_73_96,24,73,96,43800,57600,1,0.6804702,1
train,33,data_33.csv,persistent_leak,33_74_97,24,74,97,44400,58200,1,0.6759162,1
train,33,data_33.csv,persistent_leak,33_75_98,24,75,98,45000,58800,1,0.66800714,1
train,33,data_33.csv,persistent_leak,33_76_99,24,76,99,45600,59400,1,0.6577502,1
train,33,data_33.csv,persistent_leak,33_77_100,24,77,100,46200,60000,1,0.64395934,1
train,33,data_33.csv,persistent_leak,33_78_101,24,78,101,46800,60600,1,0.6205033,1
train,33,data_33.csv,persistent_leak,33_79_102,24,79,102,47400,61200,1,0.5802701,1
train,33,data_33.csv,persistent_leak,33_80_103,24,80,103,48000,61800,1,0.54018354,1
train,33,data_33.csv,persistent_leak,33_81_104,24,81,104,48600,62400,1,0.49170458,1
train,33,data_33.csv,persistent_leak,33_82_105,24,82,105,49200,63000,1,0.4386065,1
train,33,data_33.csv,persistent_leak,33_83_106,24,83,106,49800,63600,1,0.3889406,1
train,33,data_33.csv,persistent_leak,33_84_107,24,84,107,50400,64200,1,0.35157827,1
train,33,data_33.csv,persistent_leak,33_85_108,24,85,108,51000,64800,1,0.33602658,1
train,33,data_33.csv,persistent_leak,33_86_109,24,86,109,51600,65400,1,0.30873647,1
train,33,data_33.csv,persistent_leak,33_87_110,24,87,110,52200,66000,1,0.2820739,1
train,33,data_33.csv,persistent_leak,33_88_111,24,88,111,52800,66600,1,0.25660068,1
train,33,data_33.csv,persistent_leak,33_89_112,24,89,112,53400,67200,1,0.24290411,1
train,33,data_33.csv,persistent_leak,33_90_113,24,90,113,54000,67800,1,0.23388846,1
train,33,data_33.csv,persistent_leak,33_91_114,24,91,114,54600,68400,1,0.23102662,1
train,33,data_33.csv,persistent_leak,33_92_115,24,92,115,55200,69000,1,0.22112018,1
train,33,data_33.csv,persistent_leak,33_93_116,24,93,116,55800,69600,1,0.22177362,1
train,33,data_33.csv,persistent_leak,33_94_117,24,94,117,56400,70200,1,0.22154593,1
train,33,data_33.csv,persistent_leak,33_95_118,24,95,118,57000,70800,1,0.22194771,1
train,33,data_33.csv,persistent_leak,33_96_119,24,96,119,57600,71400,1,0.22252212,1
train,33,data_33.csv,persistent_leak,33_97_120,24,97,120,58200,72000,1,0.22565532,1
train,33,data_33.csv,persistent_leak,33_98_121,24,98,121,58800,72600,1,0.22061993,1
train,33,data_33.csv,persistent_leak,33_99_122,24,99,122,59400,73200,1,0.22341849,1
train,33,data_33.csv,persistent_leak,33_100_123,24,100,123,60000,73800,1,0.23149131,1
train,33,data_33.csv,persistent_leak,33_101_124,24,101,124,60600,74400,1,0.23483735,1
train,33,data_33.csv,persistent_leak,33_102_125,24,102,125,61200,75000,1,0.24262515,1
train,33,data_33.csv,persistent_leak,33_103_126,24,103,126,61800,75600,1,0.25463656,1
train,33,data_33.csv,persistent_leak,33_104_127,24,104,127,62400,76200,1,0.2625711,1
train,33,data_33.csv,persistent_leak,33_105_128,24,105,128,63000,76800,1,0.27859327,1
train,33,data_33.csv,persistent_leak,33_106_129,24,106,129,63600,77400,1,0.29746726,1
train,33,data_33.csv,persistent_leak,33_107_130,24,107,130,64200,78000,1,0.31025732,1
train,33,data_33.csv,persistent_leak,33_108_131,24,108,131,64800,78600,1,0.32396302,1
train,33,data_33.csv,persistent_leak,33_109_132,24,109,132,65400,79200,1,0.3312162,1
train,33,data_33.csv,persistent_leak,33_110_133,24,110,133,66000,79800,1,0.3452734,1
train,33,data_33.csv,persistent_leak,33_111_134,24,111,134,66600,80400,1,0.36295888,1
train,33,data_33.csv,persistent_leak,33_112_135,24,112,135,67200,81000,1,0.39329413,1
train,33,data_33.csv,persistent_leak,33_113_136,24,113,136,67800,81600,1,0.4066161,1
train,33,data_33.csv,persistent_leak,33_114_137,24,114,137,68400,82200,1,0.41963217,1
train,33,data_33.csv,persistent_leak,33_115_138,24,115,138,69000,82800,1,0.43638164,1
train,33,data_33.csv,persistent_leak,33_116_139,24,116,139,69600,83400,1,0.46540776,1
train,33,data_33.csv,persistent_leak,33_117_140,24,117,140,70200,84000,1,0.4791382,1
train,33,data_33.csv,persistent_leak,33_118_141,24,118,141,70800,84600,1,0.5096133,1
train,33,data_33.csv,persistent_leak,33_119_142,24,119,142,71400,85200,1,0.51345974,1
train,33,data_33.csv,persistent_leak,33_120_143,24,120,143,72000,85800,1,0.5113136,1
train,33,data_33.csv,persistent_leak,33_121_144,24,121,144,72600,86400,1,0.51807886,1
train,35,data_35.csv,persistent_leak,35_0_23,24,0,23,0,13800,1,0.23427333,1
train,35,data_35.csv,persistent_leak,35_1_24,24,1,24,600,14400,1,0.22682203,1
train,35,data_35.csv,persistent_leak,35_2_25,24,2,25,1200,15000,1,0.21699975,1
train,35,data_35.csv,persistent_leak,35_3_26,24,3,26,1800,15600,1,0.20735803,1
train,35,data_35.csv,persistent_leak,35_4_27,24,4,27,2400,16200,1,0.19827302,1
train,35,data_35.csv,persistent_leak,35_5_28,24,5,28,3000,16800,1,0.19208348,1
train,35,data_35.csv,persistent_leak,35_6_29,24,6,29,3600,17400,1,0.18766315,1
train,35,data_35.csv,persistent_leak,35_7_30,24,7,30,4200,18000,1,0.18518056,1
train,35,data_35.csv,persistent_leak,35_8_31,24,8,31,4800,18600,1,0.18021853,1
train,35,data_35.csv,persistent_leak,35_9_32,24,9,32,5400,19200,1,0.17794888,1
train,35,data_35.csv,persistent_leak,35_10_33,24,10,33,6000,19800,1,0.1744988,1
train,35,data_35.csv,persistent_leak,35_11_34,24,11,34,6600,20400,1,0.17292552,1
train,35,data_35.csv,persistent_leak,35_12_35,24,12,35,7200,21000,1,0.17123814,1
train,35,data_35.csv,persistent_leak,35_13_36,24,13,36,7800,21600,1,0.1708321,1
train,35,data_35.csv,persistent_leak,35_14_37,24,14,37,8400,22200,1,0.1668362,1
train,35,data_35.csv,persistent_leak,35_15_38,24,15,38,9000,22800,1,0.16617279,1
train,35,data_35.csv,persistent_leak,35_16_39,24,16,39,9600,23400,1,0.16661555,1
train,35,data_35.csv,persistent_leak,35_17_40,24,17,40,10200,24000,1,0.16593257,1
train,35,data_35.csv,persistent_leak,35_18_41,24,18,41,10800,24600,1,0.16620088,1
train,35,data_35.csv,persistent_leak,35_19_42,24,19,42,11400,25200,1,0.16989852,1
train,35,data_35.csv,persistent_leak,35_20_43,24,20,43,12000,25800,1,0.17082058,1
train,35,data_35.csv,persistent_leak,35_21_44,24,21,44,12600,26400,1,0.17521335,1
train,35,data_35.csv,persistent_leak,35_22_45,24,22,45,13200,27000,1,0.17947318,1
train,35,data_35.csv,persistent_leak,35_23_46,24,23,46,13800,27600,1,0.18403809,1
train,35,data_35.csv,persistent_leak,35_24_47,24,24,47,14400,28200,1,0.18724006,1
train,35,data_35.csv,persistent_leak,35_25_48,24,25,48,15000,28800,1,0.19001494,1
train,35,data_35.csv,persistent_leak,35_26_49,24,26,49,15600,29400,1,0.18917319,1
train,35,data_35.csv,persistent_leak,35_27_50,24,27,50,16200,30000,1,0.19569626,1
train,35,data_35.csv,persistent_leak,35_28_51,24,28,51,16800,30600,1,0.20118704,1
train,35,data_35.csv,persistent_leak,35_29_52,24,29,52,17400,31200,1,0.20594832,1
train,35,data_35.csv,persistent_leak,35_30_53,24,30,53,18000,31800,1,0.20951754,1
train,35,data_35.csv,persistent_leak,35_31_54,24,31,54,18600,32400,1,0.213902,1
train,35,data_35.csv,persistent_leak,35_32_55,24,32,55,19200,33000,1,0.21237291,1
train,35,data_35.csv,persistent_leak,35_33_56,24,33,56,19800,33600,1,0.21889098,1
train,35,data_35.csv,persistent_leak,35_34_57,24,34,57,20400,34200,1,0.22586101,1
train,35,data_35.csv,persistent_leak,35_35_58,24,35,58,21000,34800,1,0.23010865,1
train,35,data_35.csv,persistent_leak,35_36_59,24,36,59,21600,35400,1,0.23742573,1
train,35,data_35.csv,persistent_leak,35_37_60,24,37,60,22200,36000,1,0.2498509,1
train,35,data_35.csv,persistent_leak,35_38_61,24,38,61,22800,36600,1,0.25651196,1
train,35,data_35.csv,persistent_leak,35_39_62,24,39,62,23400,37200,1,0.26878825,1
train,35,data_35.csv,persistent_leak,35_40_63,24,40,63,24000,37800,1,0.2815986,1
train,35,data_35.csv,persistent_leak,35_41_64,24,41,64,24600,38400,1,0.2931223,1
train,35,data_35.csv,persistent_leak,35_42_65,24,42,65,25200,39000,1,0.30648556,1
train,35,data_35.csv,persistent_leak,35_43_66,24,43,66,25800,39600,1,0.34081745,1
train,35,data_35.csv,persistent_leak,35_44_67,24,44,67,26400,40200,1,0.3571956,1
train,35,data_35.csv,persistent_leak,35_45_68,24,45,68,27000,40800,1,0.38150042,1
train,35,data_35.csv,persistent_leak,35_46_69,24,46,69,27600,41400,1,0.40292826,1
train,35,data_35.csv,persistent_leak,35_47_70,24,47,70,28200,42000,1,0.4610543,1
train,35,data_35.csv,persistent_leak,35_48_71,24,48,71,28800,42600,1,0.5081571,1
train,35,data_35.csv,persistent_leak,35_49_72,24,49,72,29400,43200,1,0.5601336,1
train,35,data_35.csv,persistent_leak,35_50_73,24,50,73,30000,43800,1,0.5900609,1
train,35,data_35.csv,persistent_leak,35_51_74,24,51,74,30600,44400,1,0.62871355,1
train,35,data_35.csv,persistent_leak,35_52_75,24,52,75,31200,45000,1,0.65306425,1
train,35,data_35.csv,persistent_leak,35_53_76,24,53,76,31800,45600,1,0.68442786,1
train,35,data_35.csv,persistent_leak,35_54_77,24,54,77,32400,46200,1,0.7088128,1
train,35,data_35.csv,persistent_leak,35_55_78,24,55,78,33000,46800,1,0.7078562,1
train,35,data_35.csv,persistent_leak,35_56_79,24,56,79,33600,47400,1,0.70982516,1
train,35,data_35.csv,persistent_leak,35_57_80,24,57,80,34200,48000,1,0.72574776,1
train,35,data_35.csv,persistent_leak,35_58_81,24,58,81,34800,48600,1,0.72395897,1
train,35,data_35.csv,persistent_leak,35_59_82,24,59,82,35400,49200,1,0.7362159,1
train,35,data_35.csv,persistent_leak,35_60_83,24,60,83,36000,49800,1,0.74103093,1
train,35,data_35.csv,persistent_leak,35_61_84,24,61,84,36600,50400,1,0.72157866,1
train,35,data_35.csv,persistent_leak,35_62_85,24,62,85,37200,51000,1,0.7087938,1
train,35,data_35.csv,persistent_leak,35_63_86,24,63,86,37800,51600,1,0.72131413,1
train,35,data_35.csv,persistent_leak,35_64_87,24,64,87,38400,52200,1,0.72588485,1
train,35,data_35.csv,persistent_leak,35_65_88,24,65,88,39000,52800,1,0.73068017,1
train,35,data_35.csv,persistent_leak,35_66_89,24,66,89,39600,53400,1,0.72136825,1
train,35,data_35.csv,persistent_leak,35_67_90,24,67,90,40200,54000,1,0.71362686,1
train,35,data_35.csv,persistent_leak,35_68_91,24,68,91,40800,54600,1,0.6973713,1
train,35,data_35.csv,persistent_leak,35_69_92,24,69,92,41400,55200,1,0.6949817,1
train,35,data_35.csv,persistent_leak,35_70_93,24,70,93,42000,55800,1,0.70149285,1
train,35,data_35.csv,persistent_leak,35_71_94,24,71,94,42600,56400,1,0.70315033,1
train,35,data_35.csv,persistent_leak,35_72_95,24,72,95,43200,57000,1,0.69981635,1
train,35,data_35.csv,persistent_leak,35_73_96,24,73,96,43800,57600,1,0.6930158,1
train,35,data_35.csv,persistent_leak,35_74_97,24,74,97,44400,58200,1,0.67121035,1
train,35,data_35.csv,persistent_leak,35_75_98,24,75,98,45000,58800,1,0.6525796,1
train,35,data_35.csv,persistent_leak,35_76_99,24,76,99,45600,59400,1,0.6428855,1
train,35,data_35.csv,persistent_leak,35_77_100,24,77,100,46200,60000,1,0.6308759,1
train,35,data_35.csv,persistent_leak,35_78_101,24,78,101,46800,60600,1,0.6220273,1
train,35,data_35.csv,persistent_leak,35_79_102,24,79,102,47400,61200,1,0.60709006,1
train,35,data_35.csv,persistent_leak,35_80_103,24,80,103,48000,61800,1,0.5773922,1
train,35,data_35.csv,persistent_leak,35_81_104,24,81,104,48600,62400,1,0.53652084,1
train,35,data_35.csv,persistent_leak,35_82_105,24,82,105,49200,63000,1,0.51269495,1
train,35,data_35.csv,persistent_leak,35_83_106,24,83,106,49800,63600,1,0.48001748,1
train,35,data_35.csv,persistent_leak,35_84_107,24,84,107,50400,64200,1,0.46910274,1
train,35,data_35.csv,persistent_leak,35_85_108,24,85,108,51000,64800,1,0.49683648,1
train,35,data_35.csv,persistent_leak,35_86_109,24,86,109,51600,65400,1,0.5075905,1
train,35,data_35.csv,persistent_leak,35_87_110,24,87,110,52200,66000,1,0.51725763,1
train,35,data_35.csv,persistent_leak,35_88_111,24,88,111,52800,66600,1,0.52955645,1
train,35,data_35.csv,persistent_leak,35_89_112,24,89,112,53400,67200,1,0.56321585,1
train,35,data_35.csv,persistent_leak,35_90_113,24,90,113,54000,67800,1,0.6013364,1
train,35,data_35.csv,persistent_leak,35_91_114,24,91,114,54600,68400,1,0.615158,1
train,35,data_35.csv,persistent_leak,35_92_115,24,92,115,55200,69000,1,0.62383413,1
train,35,data_35.csv,persistent_leak,35_93_116,24,93,116,55800,69600,1,0.6431578,1
train,35,data_35.csv,persistent_leak,35_94_117,24,94,117,56400,70200,1,0.64579415,1
train,35,data_35.csv,persistent_leak,35_95_118,24,95,118,57000,70800,1,0.6566969,1
train,35,data_35.csv,persistent_leak,35_96_119,24,96,119,57600,71400,1,0.664133,1
train,35,data_35.csv,persistent_leak,35_97_120,24,97,120,58200,72000,1,0.6510247,1
train,35,data_35.csv,persistent_leak,35_98_121,24,98,121,58800,72600,1,0.63951135,1
train,35,data_35.csv,persistent_leak,35_99_122,24,99,122,59400,73200,1,0.6551379,1
train,35,data_35.csv,persistent_leak,35_100_123,24,100,123,60000,73800,1,0.6630022,1
train,35,data_35.csv,persistent_leak,35_101_124,24,101,124,60600,74400,1,0.66763264,1
train,35,data_35.csv,persistent_leak,35_102_125,24,102,125,61200,75000,1,0.6618865,1
train,35,data_35.csv,persistent_leak,35_103_126,24,103,126,61800,75600,1,0.6599862,1
train,35,data_35.csv,persistent_leak,35_104_127,24,104,127,62400,76200,1,0.64769435,1
train,35,data_35.csv,persistent_leak,35_105_128,24,105,128,63000,76800,1,0.65146565,1
train,35,data_35.csv,persistent_leak,35_106_129,24,106,129,63600,77400,1,0.6573053,1
train,35,data_35.csv,persistent_leak,35_107_130,24,107,130,64200,78000,1,0.672368,1
train,35,data_35.csv,persistent_leak,35_108_131,24,108,131,64800,78600,1,0.6819182,1
train,35,data_35.csv,persistent_leak,35_109_132,24,109,132,65400,79200,1,0.6713935,1
train,35,data_35.csv,persistent_leak,35_110_133,24,110,133,66000,79800,1,0.65571177,1
train,35,data_35.csv,persistent_leak,35_111_134,24,111,134,66600,80400,1,0.65113235,1
train,35,data_35.csv,persistent_leak,35_112_135,24,112,135,67200,81000,1,0.65350384,1
train,35,data_35.csv,persistent_leak,35_113_136,24,113,136,67800,81600,1,0.6424208,1
train,35,data_35.csv,persistent_leak,35_114_137,24,114,137,68400,82200,1,0.62262154,1
train,35,data_35.csv,persistent_leak,35_115_138,24,115,138,69000,82800,1,0.6097202,1
train,35,data_35.csv,persistent_leak,35_116_139,24,116,139,69600,83400,1,0.6089109,1
train,35,data_35.csv,persistent_leak,35_117_140,24,117,140,70200,84000,1,0.60005414,1
train,35,data_35.csv,persistent_leak,35_118_141,24,118,141,70800,84600,1,0.58700377,1
train,35,data_35.csv,persistent_leak,35_119_142,24,119,142,71400,85200,1,0.55137855,1
train,35,data_35.csv,persistent_leak,35_120_143,24,120,143,72000,85800,1,0.5204612,1
train,35,data_35.csv,persistent_leak,35_121_144,24,121,144,72600,86400,1,0.52048826,1
train,36,data_36.csv,onset_leak,36_0_23,24,0,23,0,13800,0,0.20249842,1
train,36,data_36.csv,onset_leak,36_1_24,24,1,24,600,14400,0,0.20095661,1
train,36,data_36.csv,onset_leak,36_2_25,24,2,25,1200,15000,0,0.19967887,1
train,36,data_36.csv,onset_leak,36_3_26,24,3,26,1800,15600,0,0.19760576,1
train,36,data_36.csv,onset_leak,36_4_27,24,4,27,2400,16200,0,0.19533508,1
train,36,data_36.csv,onset_leak,36_5_28,24,5,28,3000,16800,0,0.19374496,1
train,36,data_36.csv,onset_leak,36_6_29,24,6,29,3600,17400,0,0.19247901,1
train,36,data_36.csv,onset_leak,36_7_30,24,7,30,4200,18000,0,0.1909145,1
train,36,data_36.csv,onset_leak,36_8_31,24,8,31,4800,18600,0,0.18797421,1
train,36,data_36.csv,onset_leak,36_9_32,24,9,32,5400,19200,0,0.1853766,1
train,36,data_36.csv,onset_leak,36_10_33,24,10,33,6000,19800,0,0.1818522,1
train,36,data_36.csv,onset_leak,36_11_34,24,11,34,6600,20400,0,0.1804781,1
train,36,data_36.csv,onset_leak,36_12_35,24,12,35,7200,21000,0,0.17907138,1
train,36,data_36.csv,onset_leak,36_13_36,24,13,36,7800,21600,0,0.17710212,1
train,36,data_36.csv,onset_leak,36_14_37,24,14,37,8400,22200,0,0.17257701,1
train,36,data_36.csv,onset_leak,36_15_38,24,15,38,9000,22800,0,0.17091419,1
train,36,data_36.csv,onset_leak,36_16_39,24,16,39,9600,23400,0,0.1682504,1
train,36,data_36.csv,onset_leak,36_17_40,24,17,40,10200,24000,0,0.16713725,1
train,36,data_36.csv,onset_leak,36_18_41,24,18,41,10800,24600,0,0.1658381,1
train,36,data_36.csv,onset_leak,36_19_42,24,19,42,11400,25200,0,0.16588636,1
train,36,data_36.csv,onset_leak,36_20_43,24,20,43,12000,25800,0,0.16215685,1
train,36,data_36.csv,onset_leak,36_21_44,24,21,44,12600,26400,0,0.16196005,1
train,36,data_36.csv,onset_leak,36_22_45,24,22,45,13200,27000,0,0.16260199,1
train,36,data_36.csv,onset_leak,36_23_46,24,23,46,13800,27600,0,0.16254656,1
train,36,data_36.csv,onset_leak,36_24_47,24,24,47,14400,28200,0,0.16308175,1
train,36,data_36.csv,onset_leak,36_25_48,24,25,48,15000,28800,0,0.16677544,1
train,36,data_36.csv,onset_leak,36_26_49,24,26,49,15600,29400,0,0.16880547,1
train,36,data_36.csv,onset_leak,36_27_50,24,27,50,16200,30000,0,0.17430618,1
train,36,data_36.csv,onset_leak,36_28_51,24,28,51,16800,30600,0,0.1803863,1
train,36,data_36.csv,onset_leak,36_29_52,24,29,52,17400,31200,0,0.18503019,1
train,36,data_36.csv,onset_leak,36_30_53,24,30,53,18000,31800,0,0.18863408,1
train,36,data_36.csv,onset_leak,36_31_54,24,31,54,18600,32400,0,0.19299981,1
train,36,data_36.csv,onset_leak,36_32_55,24,32,55,19200,33000,0,0.19391938,1
train,36,data_36.csv,onset_leak,36_33_56,24,33,56,19800,33600,0,0.19846642,1
train,36,data_36.csv,onset_leak,36_34_57,24,34,57,20400,34200,0,0.20398407,1
train,36,data_36.csv,onset_leak,36_35_58,24,35,58,21000,34800,0,0.20891242,1
train,36,data_36.csv,onset_leak,36_36_59,24,36,59,21600,35400,0,0.21231031,1
train,36,data_36.csv,onset_leak,36_37_60,24,37,60,22200,36000,0,0.21827137,1
train,36,data_36.csv,onset_leak,36_38_61,24,38,61,22800,36600,0,0.2166038,1
train,36,data_36.csv,onset_leak,36_39_62,24,39,62,23400,37200,0,0.22466306,1
train,36,data_36.csv,onset_leak,36_40_63,24,40,63,24000,37800,0,0.231351,1
train,36,data_36.csv,onset_leak,36_41_64,24,41,64,24600,38400,0,0.23732191,1
train,36,data_36.csv,onset_leak,36_42_65,24,42,65,25200,39000,0,0.24658243,1
train,36,data_36.csv,onset_leak,36_43_66,24,43,66,25800,39600,0,0.26398906,1
train,36,data_36.csv,onset_leak,36_44_67,24,44,67,26400,40200,0,0.2703356,1
train,36,data_36.csv,onset_leak,36_45_68,24,45,68,27000,40800,0,0.2817329,1
train,36,data_36.csv,onset_leak,36_46_69,24,46,69,27600,41400,0,0.3015318,1
train,36,data_36.csv,onset_leak,36_47_70,24,47,70,28200,42000,0,0.3315211,1
train,36,data_36.csv,onset_leak,36_48_71,24,48,71,28800,42600,0,0.36716795,1
train,36,data_36.csv,onset_leak,36_49_72,24,49,72,29400,43200,1,0.42001048,1
train,36,data_36.csv,onset_leak,36_50_73,24,50,73,30000,43800,1,0.44369334,1
train,36,data_36.csv,onset_leak,36_51_74,24,51,74,30600,44400,1,0.49404135,1
train,36,data_36.csv,onset_leak,36_52_75,24,52,75,31200,45000,1,0.53572345,1
train,36,data_36.csv,onset_leak,36_53_76,24,53,76,31800,45600,1,0.60096484,1
train,36,data_36.csv,onset_leak,36_54_77,24,54,77,32400,46200,1,0.6424729,1
train,36,data_36.csv,onset_leak,36_55_78,24,55,78,33000,46800,1,0.6626516,1
train,36,data_36.csv,onset_leak,36_56_79,24,56,79,33600,47400,1,0.66526705,1
train,36,data_36.csv,onset_leak,36_57_80,24,57,80,34200,48000,1,0.68471974,1
train,36,data_36.csv,onset_leak,36_58_81,24,58,81,34800,48600,1,0.68385994,1
train,36,data_36.csv,onset_leak,36_59_82,24,59,82,35400,49200,1,0.69783205,1
train,36,data_36.csv,onset_leak,36_60_83,24,60,83,36000,49800,1,0.70707834,1
train,36,data_36.csv,onset_leak,36_61_84,24,61,84,36600,50400,1,0.69696957,1
train,36,data_36.csv,onset_leak,36_62_85,24,62,85,37200,51000,1,0.68898255,1
train,36,data_36.csv,onset_leak,36_63_86,24,63,86,37800,51600,1,0.6970718,1
train,36,data_36.csv,onset_leak,36_64_87,24,64,87,38400,52200,1,0.6965832,1
train,36,data_36.csv,onset_leak,36_65_88,24,65,88,39000,52800,1,0.7086187,1
train,36,data_36.csv,onset_leak,36_66_89,24,66,89,39600,53400,1,0.7039862,1
train,36,data_36.csv,onset_leak,36_67_90,24,67,90,40200,54000,1,0.6998873,1
train,36,data_36.csv,onset_leak,36_68_91,24,68,91,40800,54600,1,0.6896217,1
train,36,data_36.csv,onset_leak,36_69_92,24,69,92,41400,55200,1,0.6810056,1
train,36,data_36.csv,onset_leak,36_70_93,24,70,93,42000,55800,1,0.6816317,1
train,36,data_36.csv,onset_leak,36_71_94,24,71,94,42600,56400,1,0.6754801,1
train,36,data_36.csv,onset_leak,36_72_95,24,72,95,43200,57000,1,0.6706642,1
train,36,data_36.csv,onset_leak,36_73_96,24,73,96,43800,57600,1,0.6699274,1
train,36,data_36.csv,onset_leak,36_74_97,24,74,97,44400,58200,1,0.66354203,1
train,36,data_36.csv,onset_leak,36_75_98,24,75,98,45000,58800,1,0.6465093,1
train,36,data_36.csv,onset_leak,36_76_99,24,76,99,45600,59400,1,0.64327115,1
train,36,data_36.csv,onset_leak,36_77_100,24,77,100,46200,60000,1,0.63244724,1
train,36,data_36.csv,onset_leak,36_78_101,24,78,101,46800,60600,1,0.62834454,1
train,36,data_36.csv,onset_leak,36_79_102,24,79,102,47400,61200,1,0.64604104,1
train,36,data_36.csv,onset_leak,36_80_103,24,80,103,48000,61800,1,0.65576476,1
train,36,data_36.csv,onset_leak,36_81_104,24,81,104,48600,62400,1,0.6538245,1
train,36,data_36.csv,onset_leak,36_82_105,24,82,105,49200,63000,1,0.6563682,1
train,36,data_36.csv,onset_leak,36_83_106,24,83,106,49800,63600,1,0.6664141,1
train,36,data_36.csv,onset_leak,36_84_107,24,84,107,50400,64200,1,0.68361497,1
train,36,data_36.csv,onset_leak,36_85_108,24,85,108,51000,64800,1,0.70123947,1
train,36,data_36.csv,onset_leak,36_86_109,24,86,109,51600,65400,1,0.7190913,1
train,36,data_36.csv,onset_leak,36_87_110,24,87,110,52200,66000,1,0.727021,1
train,36,data_36.csv,onset_leak,36_88_111,24,88,111,52800,66600,1,0.729502,1
train,36,data_36.csv,onset_leak,36_89_112,24,89,112,53400,67200,1,0.74733764,1
train,36,data_36.csv,onset_leak,36_90_113,24,90,113,54000,67800,1,0.7623329,1
train,36,data_36.csv,onset_leak,36_91_114,24,91,114,54600,68400,1,0.7532768,1
train,36,data_36.csv,onset_leak,36_92_115,24,92,115,55200,69000,1,0.7551531,1
train,36,data_36.csv,onset_leak,36_93_116,24,93,116,55800,69600,1,0.77090865,1
train,36,data_36.csv,onset_leak,36_94_117,24,94,117,56400,70200,1,0.7709984,1
train,36,data_36.csv,onset_leak,36_95_118,24,95,118,57000,70800,1,0.7738005,1
train,36,data_36.csv,onset_leak,36_96_119,24,96,119,57600,71400,1,0.771902,1
train,36,data_36.csv,onset_leak,36_97_120,24,97,120,58200,72000,1,0.7440649,1
train,36,data_36.csv,onset_leak,36_98_121,24,98,121,58800,72600,1,0.72847754,1
train,36,data_36.csv,onset_leak,36_99_122,24,99,122,59400,73200,1,0.74585813,1
train,36,data_36.csv,onset_leak,36_100_123,24,100,123,60000,73800,1,0.75344145,1
train,36,data_36.csv,onset_leak,36_101_124,24,101,124,60600,74400,1,0.75174135,1
train,36,data_36.csv,onset_leak,36_102_125,24,102,125,61200,75000,1,0.73965603,1
train,36,data_36.csv,onset_leak,36_103_126,24,103,126,61800,75600,1,0.7281919,1
train,36,data_36.csv,onset_leak,36_104_127,24,104,127,62400,76200,1,0.7155772,1
train,36,data_36.csv,onset_leak,36_105_128,24,105,128,63000,76800,1,0.73137194,1
train,36,data_36.csv,onset_leak,36_106_129,24,106,129,63600,77400,1,0.750172,1
train,36,data_36.csv,onset_leak,36_107_130,24,107,130,64200,78000,1,0.7681009,1
train,36,data_36.csv,onset_leak,36_108_131,24,108,131,64800,78600,1,0.7672831,1
train,36,data_36.csv,onset_leak,36_109_132,24,109,132,65400,79200,1,0.7597943,1
train,36,data_36.csv,onset_leak,36_110_133,24,110,133,66000,79800,1,0.743441,1
train,36,data_36.csv,onset_leak,36_111_134,24,111,134,66600,80400,1,0.7395932,1
train,36,data_36.csv,onset_leak,36_112_135,24,112,135,67200,81000,1,0.73606235,1
train,36,data_36.csv,onset_leak,36_113_136,24,113,136,67800,81600,1,0.72927326,1
train,36,data_36.csv,onset_leak,36_114_137,24,114,137,68400,82200,1,0.7195358,1
train,36,data_36.csv,onset_leak,36_115_138,24,115,138,69000,82800,1,0.69672245,1
train,36,data_36.csv,onset_leak,36_116_139,24,116,139,69600,83400,1,0.65997624,1
train,36,data_36.csv,onset_leak,36_117_140,24,117,140,70200,84000,1,0.6133642,1
train,36,data_36.csv,onset_leak,36_118_141,24,118,141,70800,84600,1,0.55259115,1
train,36,data_36.csv,onset_leak,36_119_142,24,119,142,71400,85200,1,0.49103466,1
train,36,data_36.csv,onset_leak,36_120_143,24,120,143,72000,85800,1,0.43306255,1
train,36,data_36.csv,onset_leak,36_121_144,24,121,144,72600,86400,1,0.40605146,1
train,38,data_38.csv,onset_leak,38_0_23,24,0,23,0,13800,0,0.15565999,1
train,38,data_38.csv,onset_leak,38_1_24,24,1,24,600,14400,0,0.1582131,1
train,38,data_38.csv,onset_leak,38_2_25,24,2,25,1200,15000,0,0.15873647,1
train,38,data_38.csv,onset_leak,38_3_26,24,3,26,1800,15600,0,0.16211459,1
train,38,data_38.csv,onset_leak,38_4_27,24,4,27,2400,16200,0,0.165577,1
train,38,data_38.csv,onset_leak,38_5_28,24,5,28,3000,16800,0,0.16867813,1
train,38,data_38.csv,onset_leak,38_6_29,24,6,29,3600,17400,0,0.17095192,1
train,38,data_38.csv,onset_leak,38_7_30,24,7,30,4200,18000,0,0.17371315,1
train,38,data_38.csv,onset_leak,38_8_31,24,8,31,4800,18600,0,0.17273077,1
train,38,data_38.csv,onset_leak,38_9_32,24,9,32,5400,19200,0,0.17609416,1
train,38,data_38.csv,onset_leak,38_10_33,24,10,33,6000,19800,0,0.17905484,1
train,38,data_38.csv,onset_leak,38_11_34,24,11,34,6600,20400,0,0.182811,1
train,38,data_38.csv,onset_leak,38_12_35,24,12,35,7200,21000,0,0.18493748,1
train,38,data_38.csv,onset_leak,38_13_36,24,13,36,7800,21600,0,0.18867537,1
train,38,data_38.csv,onset_leak,38_14_37,24,14,37,8400,22200,0,0.18577652,1
train,38,data_38.csv,onset_leak,38_15_38,24,15,38,9000,22800,0,0.19294143,1
train,38,data_38.csv,onset_leak,38_16_39,24,16,39,9600,23400,0,0.19769385,1
train,38,data_38.csv,onset_leak,38_17_40,24,17,40,10200,24000,0,0.20191465,1
train,38,data_38.csv,onset_leak,38_18_41,24,18,41,10800,24600,0,0.20659691,1
train,38,data_38.csv,onset_leak,38_19_42,24,19,42,11400,25200,0,0.21649715,1
train,38,data_38.csv,onset_leak,38_20_43,24,20,43,12000,25800,0,0.21844633,1
train,38,data_38.csv,onset_leak,38_21_44,24,21,44,12600,26400,0,0.22733611,1
train,38,data_38.csv,onset_leak,38_22_45,24,22,45,13200,27000,0,0.23821576,1
train,38,data_38.csv,onset_leak,38_23_46,24,23,46,13800,27600,0,0.24646465,1
train,38,data_38.csv,onset_leak,38_24_47,24,24,47,14400,28200,0,0.26006213,1
train,38,data_38.csv,onset_leak,38_25_48,24,25,48,15000,28800,0,0.27735746,1
train,38,data_38.csv,onset_leak,38_26_49,24,26,49,15600,29400,0,0.28299487,1
train,38,data_38.csv,onset_leak,38_27_50,24,27,50,16200,30000,0,0.29696482,1
train,38,data_38.csv,onset_leak,38_28_51,24,28,51,16800,30600,0,0.31775975,1
train,38,data_38.csv,onset_leak,38_29_52,24,29,52,17400,31200,0,0.33462232,1
train,38,data_38.csv,onset_leak,38_30_53,24,30,53,18000,31800,0,0.35469785,1
train,38,data_38.csv,onset_leak,38_31_54,24,31,54,18600,32400,0,0.37953007,1
train,38,data_38.csv,onset_leak,38_32_55,24,32,55,19200,33000,0,0.39165223,1
train,38,data_38.csv,onset_leak,38_33_56,24,33,56,19800,33600,0,0.41525254,1
train,38,data_38.csv,onset_leak,38_34_57,24,34,57,20400,34200,0,0.4386471,1
train,38,data_38.csv,onset_leak,38_35_58,24,35,58,21000,34800,0,0.45995808,1
train,38,data_38.csv,onset_leak,38_36_59,24,36,59,21600,35400,0,0.4814528,1
train,38,data_38.csv,onset_leak,38_37_60,24,37,60,22200,36000,0,0.49119002,1
train,38,data_38.csv,onset_leak,38_38_61,24,38,61,22800,36600,0,0.5019978,1
train,38,data_38.csv,onset_leak,38_39_62,24,39,62,23400,37200,0,0.51780295,1
train,38,data_38.csv,onset_leak,38_40_63,24,40,63,24000,37800,0,0.52405643,1
train,38,data_38.csv,onset_leak,38_41_64,24,41,64,24600,38400,0,0.5428214,1
train,38,data_38.csv,onset_leak,38_42_65,24,42,65,25200,39000,0,0.5570792,1
train,38,data_38.csv,onset_leak,38_43_66,24,43,66,25800,39600,0,0.5608723,1
train,38,data_38.csv,onset_leak,38_44_67,24,44,67,26400,40200,0,0.56151956,1
train,38,data_38.csv,onset_leak,38_45_68,24,45,68,27000,40800,0,0.56299657,1
train,38,data_38.csv,onset_leak,38_46_69,24,46,69,27600,41400,0,0.56201947,1
train,38,data_38.csv,onset_leak,38_47_70,24,47,70,28200,42000,0,0.5662366,1
train,38,data_38.csv,onset_leak,38_48_71,24,48,71,28800,42600,0,0.5711951,1
train,38,data_38.csv,onset_leak,38_49_72,24,49,72,29400,43200,1,0.57672954,1
train,38,data_38.csv,onset_leak,38_50_73,24,50,73,30000,43800,1,0.57926834,1
train,38,data_38.csv,onset_leak,38_51_74,24,51,74,30600,44400,1,0.5804883,1
train,38,data_38.csv,onset_leak,38_52_75,24,52,75,31200,45000,1,0.58030814,1
train,38,data_38.csv,onset_leak,38_53_76,24,53,76,31800,45600,1,0.5859684,1
train,38,data_38.csv,onset_leak,38_54_77,24,54,77,32400,46200,1,0.59248286,1
train,38,data_38.csv,onset_leak,38_55_78,24,55,78,33000,46800,1,0.5976199,1
train,38,data_38.csv,onset_leak,38_56_79,24,56,79,33600,47400,1,0.602405,1
train,38,data_38.csv,onset_leak,38_57_80,24,57,80,34200,48000,1,0.60516614,1
train,38,data_38.csv,onset_leak,38_58_81,24,58,81,34800,48600,1,0.60521317,1
train,38,data_38.csv,onset_leak,38_59_82,24,59,82,35400,49200,1,0.61052364,1
train,38,data_38.csv,onset_leak,38_60_83,24,60,83,36000,49800,1,0.61756545,1
train,38,data_38.csv,onset_leak,38_61_84,24,61,84,36600,50400,1,0.6209985,1
train,38,data_38.csv,onset_leak,38_62_85,24,62,85,37200,51000,1,0.62496144,1
train,38,data_38.csv,onset_leak,38_63_86,24,63,86,37800,51600,1,0.62901175,1
train,38,data_38.csv,onset_leak,38_64_87,24,64,87,38400,52200,1,0.62886363,1
train,38,data_38.csv,onset_leak,38_65_88,24,65,88,39000,52800,1,0.63487375,1
train,38,data_38.csv,onset_leak,38_66_89,24,66,89,39600,53400,1,0.64029306,1
train,38,data_38.csv,onset_leak,38_67_90,24,67,90,40200,54000,1,0.642132,1
train,38,data_38.csv,onset_leak,38_68_91,24,68,91,40800,54600,1,0.64430773,1
train,38,data_38.csv,onset_leak,38_69_92,24,69,92,41400,55200,1,0.6476403,1
train,38,data_38.csv,onset_leak,38_70_93,24,70,93,42000,55800,1,0.64725757,1
train,38,data_38.csv,onset_leak,38_71_94,24,71,94,42600,56400,1,0.6524713,1
train,38,data_38.csv,onset_leak,38_72_95,24,72,95,43200,57000,1,0.6559673,1
train,38,data_38.csv,onset_leak,38_73_96,24,73,96,43800,57600,1,0.6574122,1
train,38,data_38.csv,onset_leak,38_74_97,24,74,97,44400,58200,1,0.6585816,1
train,38,data_38.csv,onset_leak,38_75_98,24,75,98,45000,58800,1,0.65988785,1
train,38,data_38.csv,onset_leak,38_76_99,24,76,99,45600,59400,1,0.6597665,1
train,38,data_38.csv,onset_leak,38_77_100,24,77,100,46200,60000,1,0.6626907,1
train,38,data_38.csv,onset_leak,38_78_101,24,78,101,46800,60600,1,0.66468567,1
train,38,data_38.csv,onset_leak,38_79_102,24,79,102,47400,61200,1,0.66573125,1
train,38,data_38.csv,onset_leak,38_80_103,24,80,103,48000,61800,1,0.6665701,1
train,38,data_38.csv,onset_leak,38_81_104,24,81,104,48600,62400,1,0.6670604,1
train,38,data_38.csv,onset_leak,38_82_105,24,82,105,49200,63000,1,0.6671745,1
train,38,data_38.csv,onset_leak,38_83_106,24,83,106,49800,63600,1,0.66860574,1
train,38,data_38.csv,onset_leak,38_84_107,24,84,107,50400,64200,1,0.6698631,1
train,38,data_38.csv,onset_leak,38_85_108,24,85,108,51000,64800,1,0.6701379,1
train,38,data_38.csv,onset_leak,38_86_109,24,86,109,51600,65400,1,0.6708321,1
train,38,data_38.csv,onset_leak,38_87_110,24,87,110,52200,66000,1,0.67158264,1
train,38,data_38.csv,onset_leak,38_88_111,24,88,111,52800,66600,1,0.67167103,1
train,38,data_38.csv,onset_leak,38_89_112,24,89,112,53400,67200,1,0.6723989,1
train,38,data_38.csv,onset_leak,38_90_113,24,90,113,54000,67800,1,0.67315173,1
train,38,data_38.csv,onset_leak,38_91_114,24,91,114,54600,68400,1,0.67243177,1
train,38,data_38.csv,onset_leak,38_92_115,24,92,115,55200,69000,1,0.6725685,1
train,38,data_38.csv,onset_leak,38_93_116,24,93,116,55800,69600,1,0.6734906,1
train,38,data_38.csv,onset_leak,38_94_117,24,94,117,56400,70200,1,0.6733816,1
train,38,data_38.csv,onset_leak,38_95_118,24,95,118,57000,70800,1,0.6736007,1
train,38,data_38.csv,onset_leak,38_96_119,24,96,119,57600,71400,1,0.67348534,1
train,38,data_38.csv,onset_leak,38_97_120,24,97,120,58200,72000,1,0.66900647,1
train,38,data_38.csv,onset_leak,38_98_121,24,98,121,58800,72600,1,0.667491,1
train,38,data_38.csv,onset_leak,38_99_122,24,99,122,59400,73200,1,0.66920084,1
train,38,data_38.csv,onset_leak,38_100_123,24,100,123,60000,73800,1,0.66930306,1
train,38,data_38.csv,onset_leak,38_101_124,24,101,124,60600,74400,1,0.66715246,1
train,38,data_38.csv,onset_leak,38_102_125,24,102,125,61200,75000,1,0.66345364,1
train,38,data_38.csv,onset_leak,38_103_126,24,103,126,61800,75600,1,0.65096015,1
train,38,data_38.csv,onset_leak,38_104_127,24,104,127,62400,76200,1,0.6454525,1
train,38,data_38.csv,onset_leak,38_105_128,24,105,128,63000,76800,1,0.65150803,1
train,38,data_38.csv,onset_leak,38_106_129,24,106,129,63600,77400,1,0.6558505,1
train,38,data_38.csv,onset_leak,38_107_130,24,107,130,64200,78000,1,0.64970154,1
train,38,data_38.csv,onset_leak,38_108_131,24,108,131,64800,78600,1,0.6401828,1
train,38,data_38.csv,onset_leak,38_109_132,24,109,132,65400,79200,1,0.63211995,1
train,38,data_38.csv,onset_leak,38_110_133,24,110,133,66000,79800,1,0.62870705,1
train,38,data_38.csv,onset_leak,38_111_134,24,111,134,66600,80400,1,0.64248383,1
train,38,data_38.csv,onset_leak,38_112_135,24,112,135,67200,81000,1,0.66422373,1
train,38,data_38.csv,onset_leak,38_113_136,24,113,136,67800,81600,1,0.6676237,1
train,38,data_38.csv,onset_leak,38_114_137,24,114,137,68400,82200,1,0.65809757,1
train,38,data_38.csv,onset_leak,38_115_138,24,115,138,69000,82800,1,0.6550702,1
train,38,data_38.csv,onset_leak,38_116_139,24,116,139,69600,83400,1,0.66470385,1
train,38,data_38.csv,onset_leak,38_117_140,24,117,140,70200,84000,1,0.6844188,1
train,38,data_38.csv,onset_leak,38_118_141,24,118,141,70800,84600,1,0.7048742,1
train,38,data_38.csv,onset_leak,38_119_142,24,119,142,71400,85200,1,0.70831805,1
train,38,data_38.csv,onset_leak,38_120_143,24,120,143,72000,85800,1,0.6989296,1
train,38,data_38.csv,onset_leak,38_121_144,24,121,144,72600,86400,1,0.6913267,1
train,39,data_39.csv,onset_leak,39_0_23,24,0,23,0,13800,0,0.19272327,1
train,39,data_39.csv,onset_leak,39_1_24,24,1,24,600,14400,0,0.19160847,1
train,39,data_39.csv,onset_leak,39_2_25,24,2,25,1200,15000,0,0.19068359,1
train,39,data_39.csv,onset_leak,39_3_26,24,3,26,1800,15600,0,0.18918075,1
train,39,data_39.csv,onset_leak,39_4_27,24,4,27,2400,16200,0,0.18753158,1
train,39,data_39.csv,onset_leak,39_5_28,24,5,28,3000,16800,0,0.1863747,1
train,39,data_39.csv,onset_leak,39_6_29,24,6,29,3600,17400,0,0.18545249,1
train,39,data_39.csv,onset_leak,39_7_30,24,7,30,4200,18000,0,0.18417567,1
train,39,data_39.csv,onset_leak,39_8_31,24,8,31,4800,18600,0,0.1811531,1
train,39,data_39.csv,onset_leak,39_9_32,24,9,32,5400,19200,0,0.17876413,1
train,39,data_39.csv,onset_leak,39_10_33,24,10,33,6000,19800,0,0.17525528,1
train,39,data_39.csv,onset_leak,39_11_34,24,11,34,6600,20400,0,0.17423071,1
train,39,data_39.csv,onset_leak,39_12_35,24,12,35,7200,21000,0,0.17298959,1
train,39,data_39.csv,onset_leak,39_13_36,24,13,36,7800,21600,0,0.1709036,1
train,39,data_39.csv,onset_leak,39_14_37,24,14,37,8400,22200,0,0.16563812,1
train,39,data_39.csv,onset_leak,39_15_38,24,15,38,9000,22800,0,0.16413687,1
train,39,data_39.csv,onset_leak,39_16_39,24,16,39,9600,23400,0,0.16161476,1
train,39,data_39.csv,onset_leak,39_17_40,24,17,40,10200,24000,0,0.16068453,1
train,39,data_39.csv,onset_leak,39_18_41,24,18,41,10800,24600,0,0.1593442,1
train,39,data_39.csv,onset_leak,39_19_42,24,19,42,11400,25200,0,0.15955159,1
train,39,data_39.csv,onset_leak,39_20_43,24,20,43,12000,25800,0,0.15495214,1
train,39,data_39.csv,onset_leak,39_21_44,24,21,44,12600,26400,0,0.15491472,1
train,39,data_39.csv,onset_leak,39_22_45,24,22,45,13200,27000,0,0.15680975,1
train,39,data_39.csv,onset_leak,39_23_46,24,23,46,13800,27600,0,0.15737386,1
train,39,data_39.csv,onset_leak,39_24_47,24,24,47,14400,28200,0,0.15881059,1
train,39,data_39.csv,onset_leak,39_25_48,24,25,48,15000,28800,0,0.16252278,1
train,39,data_39.csv,onset_leak,39_26_49,24,26,49,15600,29400,0,0.16443507,1
train,39,data_39.csv,onset_leak,39_27_50,24,27,50,16200,30000,0,0.17247471,1
train,39,data_39.csv,onset_leak,39_28_51,24,28,51,16800,30600,0,0.18126057,1
train,39,data_39.csv,onset_leak,39_29_52,24,29,52,17400,31200,0,0.18753648,1
train,39,data_39.csv,onset_leak,39_30_53,24,30,53,18000,31800,0,0.19347034,1
train,39,data_39.csv,onset_leak,39_31_54,24,31,54,18600,32400,0,0.19882181,1
train,39,data_39.csv,onset_leak,39_32_55,24,32,55,19200,33000,0,0.20068766,1
train,39,data_39.csv,onset_leak,39_33_56,24,33,56,19800,33600,0,0.20948552,1
train,39,data_39.csv,onset_leak,39_34_57,24,34,57,20400,34200,0,0.21828812,1
train,39,data_39.csv,onset_leak,39_35_58,24,35,58,21000,34800,0,0.2245565,1
train,39,data_39.csv,onset_leak,39_36_59,24,36,59,21600,35400,0,0.23065929,1
train,39,data_39.csv,onset_leak,39_37_60,24,37,60,22200,36000,0,0.23779917,1
train,39,data_39.csv,onset_leak,39_38_61,24,38,61,22800,36600,0,0.24037564,1
train,39,data_39.csv,onset_leak,39_39_62,24,39,62,23400,37200,0,0.2504878,1
train,39,data_39.csv,onset_leak,39_40_63,24,40,63,24000,37800,0,0.26031494,1
train,39,data_39.csv,onset_leak,39_41_64,24,41,64,24600,38400,0,0.26811525,1
train,39,data_39.csv,onset_leak,39_42_65,24,42,65,25200,39000,0,0.27815983,1
train,39,data_39.csv,onset_leak,39_43_66,24,43,66,25800,39600,0,0.29632354,1
train,39,data_39.csv,onset_leak,39_44_67,24,44,67,26400,40200,0,0.30413425,1
train,39,data_39.csv,onset_leak,39_45_68,24,45,68,27000,40800,0,0.31835142,1
train,39,data_39.csv,onset_leak,39_46_69,24,46,69,27600,41400,0,0.33505547,1
train,39,data_39.csv,onset_leak,39_47_70,24,47,70,28200,42000,0,0.36626956,1
train,39,data_39.csv,onset_leak,39_48_71,24,48,71,28800,42600,0,0.40389442,1
train,39,data_39.csv,onset_leak,39_49_72,24,49,72,29400,43200,1,0.45383382,1
train,39,data_39.csv,onset_leak,39_50_73,24,50,73,30000,43800,1,0.4832652,1
train,39,data_39.csv,onset_leak,39_51_74,24,51,74,30600,44400,1,0.5278131,1
train,39,data_39.csv,onset_leak,39_52_75,24,52,75,31200,45000,1,0.56211543,1
train,39,data_39.csv,onset_leak,39_53_76,24,53,76,31800,45600,1,0.62091225,1
train,39,data_39.csv,onset_leak,39_54_77,24,54,77,32400,46200,1,0.65510213,1
train,39,data_39.csv,onset_leak,39_55_78,24,55,78,33000,46800,1,0.6647425,1
train,39,data_39.csv,onset_leak,39_56_79,24,56,79,33600,47400,1,0.6677774,1
train,39,data_39.csv,onset_leak,39_57_80,24,57,80,34200,48000,1,0.68509805,1
train,39,data_39.csv,onset_leak,39_58_81,24,58,81,34800,48600,1,0.6841019,1
train,39,data_39.csv,onset_leak,39_59_82,24,59,82,35400,49200,1,0.6965997,1
train,39,data_39.csv,onset_leak,39_60_83,24,60,83,36000,49800,1,0.70507246,1
train,39,data_39.csv,onset_leak,39_61_84,24,61,84,36600,50400,1,0.69658864,1
train,39,data_39.csv,onset_leak,39_62_85,24,62,85,37200,51000,1,0.68814814,1
train,39,data_39.csv,onset_leak,39_63_86,24,63,86,37800,51600,1,0.6966432,1
train,39,data_39.csv,onset_leak,39_64_87,24,64,87,38400,52200,1,0.6957612,1
train,39,data_39.csv,onset_leak,39_65_88,24,65,88,39000,52800,1,0.7074992,1
train,39,data_39.csv,onset_leak,39_66_89,24,66,89,39600,53400,1,0.7035915,1
train,39,data_39.csv,onset_leak,39_67_90,24,67,90,40200,54000,1,0.6978006,1
train,39,data_39.csv,onset_leak,39_68_91,24,68,91,40800,54600,1,0.6871283,1
train,39,data_39.csv,onset_leak,39_69_92,24,69,92,41400,55200,1,0.6806482,1
train,39,data_39.csv,onset_leak,39_70_93,24,70,93,42000,55800,1,0.68292207,1
train,39,data_39.csv,onset_leak,39_71_94,24,71,94,42600,56400,1,0.67887044,1
train,39,data_39.csv,onset_leak,39_72_95,24,72,95,43200,57000,1,0.67310005,1
train,39,data_39.csv,onset_leak,39_73_96,24,73,96,43800,57600,1,0.6695266,1
train,39,data_39.csv,onset_leak,39_74_97,24,74,97,44400,58200,1,0.65980256,1
train,39,data_39.csv,onset_leak,39_75_98,24,75,98,45000,58800,1,0.6426987,1
train,39,data_39.csv,onset_leak,39_76_99,24,76,99,45600,59400,1,0.6409865,1
train,39,data_39.csv,onset_leak,39_77_100,24,77,100,46200,60000,1,0.6240555,1
train,39,data_39.csv,onset_leak,39_78_101,24,78,101,46800,60600,1,0.6136317,1
train,39,data_39.csv,onset_leak,39_79_102,24,79,102,47400,61200,1,0.62139374,1
train,39,data_39.csv,onset_leak,39_80_103,24,80,103,48000,61800,1,0.62508786,1
train,39,data_39.csv,onset_leak,39_81_104,24,81,104,48600,62400,1,0.618019,1
train,39,data_39.csv,onset_leak,39_82_105,24,82,105,49200,63000,1,0.6171935,1
train,39,data_39.csv,onset_leak,39_83_106,24,83,106,49800,63600,1,0.6186348,1
train,39,data_39.csv,onset_leak,39_84_107,24,84,107,50400,64200,1,0.63136196,1
train,39,data_39.csv,onset_leak,39_85_108,24,85,108,51000,64800,1,0.64581484,1
train,39,data_39.csv,onset_leak,39_86_109,24,86,109,51600,65400,1,0.65827656,1
train,39,data_39.csv,onset_leak,39_87_110,24,87,110,52200,66000,1,0.6643847,1
train,39,data_39.csv,onset_leak,39_88_111,24,88,111,52800,66600,1,0.66596496,1
train,39,data_39.csv,onset_leak,39_89_112,24,89,112,53400,67200,1,0.6813913,1
train,39,data_39.csv,onset_leak,39_90_113,24,90,113,54000,67800,1,0.6956905,1
train,39,data_39.csv,onset_leak,39_91_114,24,91,114,54600,68400,1,0.6952295,1
train,39,data_39.csv,onset_leak,39_92_115,24,92,115,55200,69000,1,0.7010463,1
train,39,data_39.csv,onset_leak,39_93_116,24,93,116,55800,69600,1,0.7120612,1
train,39,data_39.csv,onset_leak,39_94_117,24,94,117,56400,70200,1,0.7108384,1
train,39,data_39.csv,onset_leak,39_95_118,24,95,118,57000,70800,1,0.71602297,1
train,39,data_39.csv,onset_leak,39_96_119,24,96,119,57600,71400,1,0.72127944,1
train,39,data_39.csv,onset_leak,39_97_120,24,97,120,58200,72000,1,0.70028937,1
train,39,data_39.csv,onset_leak,39_98_121,24,98,121,58800,72600,1,0.6909399,1
train,39,data_39.csv,onset_leak,39_99_122,24,99,122,59400,73200,1,0.7053379,1
train,39,data_39.csv,onset_leak,39_100_123,24,100,123,60000,73800,1,0.7129418,1
train,39,data_39.csv,onset_leak,39_101_124,24,101,124,60600,74400,1,0.709081,1
train,39,data_39.csv,onset_leak,39_102_125,24,102,125,61200,75000,1,0.6980725,1
train,39,data_39.csv,onset_leak,39_103_126,24,103,126,61800,75600,1,0.6829872,1
train,39,data_39.csv,onset_leak,39_104_127,24,104,127,62400,76200,1,0.6745739,1
train,39,data_39.csv,onset_leak,39_105_128,24,105,128,63000,76800,1,0.6971846,1
train,39,data_39.csv,onset_leak,39_106_129,24,106,129,63600,77400,1,0.7248196,1
train,39,data_39.csv,onset_leak,39_107_130,24,107,130,64200,78000,1,0.73796177,1
train,39,data_39.csv,onset_leak,39_108_131,24,108,131,64800,78600,1,0.73198664,1
train,39,data_39.csv,onset_leak,39_109_132,24,109,132,65400,79200,1,0.73050714,1
train,39,data_39.csv,onset_leak,39_110_133,24,110,133,66000,79800,1,0.7209678,1
train,39,data_39.csv,onset_leak,39_111_134,24,111,134,66600,80400,1,0.7266347,1
train,39,data_39.csv,onset_leak,39_112_135,24,112,135,67200,81000,1,0.7294008,1
train,39,data_39.csv,onset_leak,39_113_136,24,113,136,67800,81600,1,0.73702747,1
train,39,data_39.csv,onset_leak,39_114_137,24,114,137,68400,82200,1,0.728815,1
train,39,data_39.csv,onset_leak,39_115_138,24,115,138,69000,82800,1,0.716615,1
train,39,data_39.csv,onset_leak,39_116_139,24,116,139,69600,83400,1,0.69280547,1
train,39,data_39.csv,onset_leak,39_117_140,24,117,140,70200,84000,1,0.6636434,1
train,39,data_39.csv,onset_leak,39_118_141,24,118,141,70800,84600,1,0.619601,1
train,39,data_39.csv,onset_leak,39_119_142,24,119,142,71400,85200,1,0.571128,1
train,39,data_39.csv,onset_leak,39_120_143,24,120,143,72000,85800,1,0.5177409,1
train,39,data_39.csv,onset_leak,39_121_144,24,121,144,72600,86400,1,0.47856572,1
train,43,data_43.csv,persistent_leak,43_0_23,24,0,23,0,13800,1,0.51373994,1
train,43,data_43.csv,persistent_leak,43_1_24,24,1,24,600,14400,1,0.51175904,1
train,43,data_43.csv,persistent_leak,43_2_25,24,2,25,1200,15000,1,0.5070513,1
train,43,data_43.csv,persistent_leak,43_3_26,24,3,26,1800,15600,1,0.50257677,1
train,43,data_43.csv,persistent_leak,43_4_27,24,4,27,2400,16200,1,0.4976328,1
train,43,data_43.csv,persistent_leak,43_5_28,24,5,28,3000,16800,1,0.4943215,1
train,43,data_43.csv,persistent_leak,43_6_29,24,6,29,3600,17400,1,0.49451476,1
train,43,data_43.csv,persistent_leak,43_7_30,24,7,30,4200,18000,1,0.49708584,1
train,43,data_43.csv,persistent_leak,43_8_31,24,8,31,4800,18600,1,0.4948319,1
train,43,data_43.csv,persistent_leak,43_9_32,24,9,32,5400,19200,1,0.49494892,1
train,43,data_43.csv,persistent_leak,43_10_33,24,10,33,6000,19800,1,0.4929943,1
train,43,data_43.csv,persistent_leak,43_11_34,24,11,34,6600,20400,1,0.49543357,1
train,43,data_43.csv,persistent_leak,43_12_35,24,12,35,7200,21000,1,0.50162065,1
train,43,data_43.csv,persistent_leak,43_13_36,24,13,36,7800,21600,1,0.5103694,1
train,43,data_43.csv,persistent_leak,43_14_37,24,14,37,8400,22200,1,0.51169497,1
train,43,data_43.csv,persistent_leak,43_15_38,24,15,38,9000,22800,1,0.51718587,1
train,43,data_43.csv,persistent_leak,43_16_39,24,16,39,9600,23400,1,0.5158432,1
train,43,data_43.csv,persistent_leak,43_17_40,24,17,40,10200,24000,1,0.5304591,1
train,43,data_43.csv,persistent_leak,43_18_41,24,18,41,10800,24600,1,0.5501167,1
train,43,data_43.csv,persistent_leak,43_19_42,24,19,42,11400,25200,1,0.57275283,1
train,43,data_43.csv,persistent_leak,43_20_43,24,20,43,12000,25800,1,0.5835409,1
train,43,data_43.csv,persistent_leak,43_21_44,24,21,44,12600,26400,1,0.59232575,1
train,43,data_43.csv,persistent_leak,43_22_45,24,22,45,13200,27000,1,0.59557116,1
train,43,data_43.csv,persistent_leak,43_23_46,24,23,46,13800,27600,1,0.6117616,1
train,43,data_43.csv,persistent_leak,43_24_47,24,24,47,14400,28200,1,0.62782633,1
train,43,data_43.csv,persistent_leak,43_25_48,24,25,48,15000,28800,1,0.64997846,1
train,43,data_43.csv,persistent_leak,43_26_49,24,26,49,15600,29400,1,0.666424,1
train,43,data_43.csv,persistent_leak,43_27_50,24,27,50,16200,30000,1,0.6746955,1
train,43,data_43.csv,persistent_leak,43_28_51,24,28,51,16800,30600,1,0.6768083,1
train,43,data_43.csv,persistent_leak,43_29_52,24,29,52,17400,31200,1,0.696562,1
train,43,data_43.csv,persistent_leak,43_30_53,24,30,53,18000,31800,1,0.7141395,1
train,43,data_43.csv,persistent_leak,43_31_54,24,31,54,18600,32400,1,0.73921317,1
train,43,data_43.csv,persistent_leak,43_32_55,24,32,55,19200,33000,1,0.7589769,1
train,43,data_43.csv,persistent_leak,43_33_56,24,33,56,19800,33600,1,0.7669725,1
train,43,data_43.csv,persistent_leak,43_34_57,24,34,57,20400,34200,1,0.76946425,1
train,43,data_43.csv,persistent_leak,43_35_58,24,35,58,21000,34800,1,0.7905302,1
train,43,data_43.csv,persistent_leak,43_36_59,24,36,59,21600,35400,1,0.80790246,1
train,43,data_43.csv,persistent_leak,43_37_60,24,37,60,22200,36000,1,0.8284297,1
train,43,data_43.csv,persistent_leak,43_38_61,24,38,61,22800,36600,1,0.8453922,1
train,43,data_43.csv,persistent_leak,43_39_62,24,39,62,23400,37200,1,0.85272264,1
train,43,data_43.csv,persistent_leak,43_40_63,24,40,63,24000,37800,1,0.8545565,1
train,43,data_43.csv,persistent_leak,43_41_64,24,41,64,24600,38400,1,0.87122387,1
train,43,data_43.csv,persistent_leak,43_42_65,24,42,65,25200,39000,1,0.8843622,1
train,43,data_43.csv,persistent_leak,43_43_66,24,43,66,25800,39600,1,0.8969499,1
train,43,data_43.csv,persistent_leak,43_44_67,24,44,67,26400,40200,1,0.90746623,1
train,43,data_43.csv,persistent_leak,43_45_68,24,45,68,27000,40800,1,0.91321373,1
train,43,data_43.csv,persistent_leak,43_46_69,24,46,69,27600,41400,1,0.91393894,1
train,43,data_43.csv,persistent_leak,43_47_70,24,47,70,28200,42000,1,0.924483,1
train,43,data_43.csv,persistent_leak,43_48_71,24,48,71,28800,42600,1,0.93271714,1
train,43,data_43.csv,persistent_leak,43_49_72,24,49,72,29400,43200,1,0.93957937,1
train,43,data_43.csv,persistent_leak,43_50_73,24,50,73,30000,43800,1,0.94464946,1
train,43,data_43.csv,persistent_leak,43_51_74,24,51,74,30600,44400,1,0.94830644,1
train,43,data_43.csv,persistent_leak,43_52_75,24,52,75,31200,45000,1,0.9484173,1
train,43,data_43.csv,persistent_leak,43_53_76,24,53,76,31800,45600,1,0.9545917,1
train,43,data_43.csv,persistent_leak,43_54_77,24,54,77,32400,46200,1,0.9596238,1
train,43,data_43.csv,persistent_leak,43_55_78,24,55,78,33000,46800,1,0.9632814,1
train,43,data_43.csv,persistent_leak,43_56_79,24,56,79,33600,47400,1,0.9658482,1
train,43,data_43.csv,persistent_leak,43_57_80,24,57,80,34200,48000,1,0.96784043,1
train,43,data_43.csv,persistent_leak,43_58_81,24,58,81,34800,48600,1,0.9678632,1
train,43,data_43.csv,persistent_leak,43_59_82,24,59,82,35400,49200,1,0.97139525,1
train,43,data_43.csv,persistent_leak,43_60_83,24,60,83,36000,49800,1,0.97421694,1
train,43,data_43.csv,persistent_leak,43_61_84,24,61,84,36600,50400,1,0.9758105,1
train,43,data_43.csv,persistent_leak,43_62_85,24,62,85,37200,51000,1,0.9771164,1
train,43,data_43.csv,persistent_leak,43_63_86,24,63,86,37800,51600,1,0.9782697,1
train,43,data_43.csv,persistent_leak,43_64_87,24,64,87,38400,52200,1,0.9782543,1
train,43,data_43.csv,persistent_leak,43_65_88,24,65,88,39000,52800,1,0.98005897,1
train,43,data_43.csv,persistent_leak,43_66_89,24,66,89,39600,53400,1,0.98146373,1
train,43,data_43.csv,persistent_leak,43_67_90,24,67,90,40200,54000,1,0.9809585,1
train,43,data_43.csv,persistent_leak,43_68_91,24,68,91,40800,54600,1,0.98100764,1
train,43,data_43.csv,persistent_leak,43_69_92,24,69,92,41400,55200,1,0.9818948,1
train,43,data_43.csv,persistent_leak,43_70_93,24,70,93,42000,55800,1,0.98176503,1
train,43,data_43.csv,persistent_leak,43_71_94,24,71,94,42600,56400,1,0.98201203,1
train,43,data_43.csv,persistent_leak,43_72_95,24,72,95,43200,57000,1,0.9817618,1
train,43,data_43.csv,persistent_leak,43_73_96,24,73,96,43800,57600,1,0.979564,1
train,43,data_43.csv,persistent_leak,43_74_97,24,74,97,44400,58200,1,0.977992,1
train,43,data_43.csv,persistent_leak,43_75_98,24,75,98,45000,58800,1,0.9787354,1
train,43,data_43.csv,persistent_leak,43_76_99,24,76,99,45600,59400,1,0.97856116,1
train,43,data_43.csv,persistent_leak,43_77_100,24,77,100,46200,60000,1,0.9773719,1
train,43,data_43.csv,persistent_leak,43_78_101,24,78,101,46800,60600,1,0.9749086,1
train,43,data_43.csv,persistent_leak,43_79_102,24,79,102,47400,61200,1,0.9712615,1
train,43,data_43.csv,persistent_leak,43_80_103,24,80,103,48000,61800,1,0.96788454,1
train,43,data_43.csv,persistent_leak,43_81_104,24,81,104,48600,62400,1,0.9673949,1
train,43,data_43.csv,persistent_leak,43_82_105,24,82,105,49200,63000,1,0.9671223,1
train,43,data_43.csv,persistent_leak,43_83_106,24,83,106,49800,63600,1,0.96468693,1
train,43,data_43.csv,persistent_leak,43_84_107,24,84,107,50400,64200,1,0.9596412,1
train,43,data_43.csv,persistent_leak,43_85_108,24,85,108,51000,64800,1,0.956933,1
train,43,data_43.csv,persistent_leak,43_86_109,24,86,109,51600,65400,1,0.95206535,1
train,43,data_43.csv,persistent_leak,43_87_110,24,87,110,52200,66000,1,0.94711983,1
train,43,data_43.csv,persistent_leak,43_88_111,24,88,111,52800,66600,1,0.9466897,1
train,43,data_43.csv,persistent_leak,43_89_112,24,89,112,53400,67200,1,0.9411447,1
train,43,data_43.csv,persistent_leak,43_90_113,24,90,113,54000,67800,1,0.93564737,1
train,43,data_43.csv,persistent_leak,43_91_114,24,91,114,54600,68400,1,0.9350291,1
train,43,data_43.csv,persistent_leak,43_92_115,24,92,115,55200,69000,1,0.93169475,1
train,43,data_43.csv,persistent_leak,43_93_116,24,93,116,55800,69600,1,0.92497444,1
train,43,data_43.csv,persistent_leak,43_94_117,24,94,117,56400,70200,1,0.92612267,1
train,43,data_43.csv,persistent_leak,43_95_118,24,95,118,57000,70800,1,0.92093813,1
train,43,data_43.csv,persistent_leak,43_96_119,24,96,119,57600,71400,1,0.91920525,1
train,43,data_43.csv,persistent_leak,43_97_120,24,97,120,58200,72000,1,0.9217612,1
train,43,data_43.csv,persistent_leak,43_98_121,24,98,121,58800,72600,1,0.92403805,1
train,43,data_43.csv,persistent_leak,43_99_122,24,99,122,59400,73200,1,0.92329514,1
train,43,data_43.csv,persistent_leak,43_100_123,24,100,123,60000,73800,1,0.9235779,1
train,43,data_43.csv,persistent_leak,43_101_124,24,101,124,60600,74400,1,0.92317057,1
train,43,data_43.csv,persistent_leak,43_102_125,24,102,125,61200,75000,1,0.9256146,1
train,43,data_43.csv,persistent_leak,43_103_126,24,103,126,61800,75600,1,0.92479986,1
train,43,data_43.csv,persistent_leak,43_104_127,24,104,127,62400,76200,1,0.92544293,1
train,43,data_43.csv,persistent_leak,43_105_128,24,105,128,63000,76800,1,0.92783475,1
train,43,data_43.csv,persistent_leak,43_106_129,24,106,129,63600,77400,1,0.9274503,1
train,43,data_43.csv,persistent_leak,43_107_130,24,107,130,64200,78000,1,0.92809653,1
train,43,data_43.csv,persistent_leak,43_108_131,24,108,131,64800,78600,1,0.9280756,1
train,43,data_43.csv,persistent_leak,43_109_132,24,109,132,65400,79200,1,0.9219862,1
train,43,data_43.csv,persistent_leak,43_110_133,24,110,133,66000,79800,1,0.91863495,1
train,43,data_43.csv,persistent_leak,43_111_134,24,111,134,66600,80400,1,0.92118,1
train,43,data_43.csv,persistent_leak,43_112_135,24,112,135,67200,81000,1,0.9208281,1
train,43,data_43.csv,persistent_leak,43_113_136,24,113,136,67800,81600,1,0.9181222,1
train,43,data_43.csv,persistent_leak,43_114_137,24,114,137,68400,82200,1,0.9123807,1
train,43,data_43.csv,persistent_leak,43_115_138,24,115,138,69000,82800,1,0.8980429,1
train,43,data_43.csv,persistent_leak,43_116_139,24,116,139,69600,83400,1,0.8887921,1
train,43,data_43.csv,persistent_leak,43_117_140,24,117,140,70200,84000,1,0.8921019,1
train,43,data_43.csv,persistent_leak,43_118_141,24,118,141,70800,84600,1,0.8926153,1
train,43,data_43.csv,persistent_leak,43_119_142,24,119,142,71400,85200,1,0.8828042,1
train,43,data_43.csv,persistent_leak,43_120_143,24,120,143,72000,85800,1,0.86471653,1
train,43,data_43.csv,persistent_leak,43_121_144,24,121,144,72600,86400,1,0.8502139,1
train,44,data_44.csv,persistent_leak,44_0_23,24,0,23,0,13800,1,0.5967056,1
train,44,data_44.csv,persistent_leak,44_1_24,24,1,24,600,14400,1,0.59322304,1
train,44,data_44.csv,persistent_leak,44_2_25,24,2,25,1200,15000,1,0.5881925,1
train,44,data_44.csv,persistent_leak,44_3_26,24,3,26,1800,15600,1,0.5823247,1
train,44,data_44.csv,persistent_leak,44_4_27,24,4,27,2400,16200,1,0.5801424,1
train,44,data_44.csv,persistent_leak,44_5_28,24,5,28,3000,16800,1,0.5723365,1
train,44,data_44.csv,persistent_leak,44_6_29,24,6,29,3600,17400,1,0.56456286,1
train,44,data_44.csv,persistent_leak,44_7_30,24,7,30,4200,18000,1,0.5616355,1
train,44,data_44.csv,persistent_leak,44_8_31,24,8,31,4800,18600,1,0.5572571,1
train,44,data_44.csv,persistent_leak,44_9_32,24,9,32,5400,19200,1,0.55139136,1
train,44,data_44.csv,persistent_leak,44_10_33,24,10,33,6000,19800,1,0.54633707,1
train,44,data_44.csv,persistent_leak,44_11_34,24,11,34,6600,20400,1,0.5395485,1
train,44,data_44.csv,persistent_leak,44_12_35,24,12,35,7200,21000,1,0.53429854,1
train,44,data_44.csv,persistent_leak,44_13_36,24,13,36,7800,21600,1,0.5327584,1
train,44,data_44.csv,persistent_leak,44_14_37,24,14,37,8400,22200,1,0.52759403,1
train,44,data_44.csv,persistent_leak,44_15_38,24,15,38,9000,22800,1,0.52179736,1
train,44,data_44.csv,persistent_leak,44_16_39,24,16,39,9600,23400,1,0.5156929,1
train,44,data_44.csv,persistent_leak,44_17_40,24,17,40,10200,24000,1,0.5119113,1
train,44,data_44.csv,persistent_leak,44_18_41,24,18,41,10800,24600,1,0.51291376,1
train,44,data_44.csv,persistent_leak,44_19_42,24,19,42,11400,25200,1,0.51435417,1
train,44,data_44.csv,persistent_leak,44_20_43,24,20,43,12000,25800,1,0.51275694,1
train,44,data_44.csv,persistent_leak,44_21_44,24,21,44,12600,26400,1,0.51240176,1
train,44,data_44.csv,persistent_leak,44_22_45,24,22,45,13200,27000,1,0.5098149,1
train,44,data_44.csv,persistent_leak,44_23_46,24,23,46,13800,27600,1,0.51109505,1
train,44,data_44.csv,persistent_leak,44_24_47,24,24,47,14400,28200,1,0.51768255,1
train,44,data_44.csv,persistent_leak,44_25_48,24,25,48,15000,28800,1,0.52581704,1
train,44,data_44.csv,persistent_leak,44_26_49,24,26,49,15600,29400,1,0.5291631,1
train,44,data_44.csv,persistent_leak,44_27_50,24,27,50,16200,30000,1,0.5336493,1
train,44,data_44.csv,persistent_leak,44_28_51,24,28,51,16800,30600,1,0.53487754,1
train,44,data_44.csv,persistent_leak,44_29_52,24,29,52,17400,31200,1,0.5458118,1
train,44,data_44.csv,persistent_leak,44_30_53,24,30,53,18000,31800,1,0.55829245,1
train,44,data_44.csv,persistent_leak,44_31_54,24,31,54,18600,32400,1,0.5883057,1
train,44,data_44.csv,persistent_leak,44_32_55,24,32,55,19200,33000,1,0.5980252,1
train,44,data_44.csv,persistent_leak,44_33_56,24,33,56,19800,33600,1,0.6068411,1
train,44,data_44.csv,persistent_leak,44_34_57,24,34,57,20400,34200,1,0.6110845,1
train,44,data_44.csv,persistent_leak,44_35_58,24,35,58,21000,34800,1,0.6310832,1
train,44,data_44.csv,persistent_leak,44_36_59,24,36,59,21600,35400,1,0.6519501,1
train,44,data_44.csv,persistent_leak,44_37_60,24,37,60,22200,36000,1,0.6951013,1
train,44,data_44.csv,persistent_leak,44_38_61,24,38,61,22800,36600,1,0.72041035,1
train,44,data_44.csv,persistent_leak,44_39_62,24,39,62,23400,37200,1,0.7303732,1
train,44,data_44.csv,persistent_leak,44_40_63,24,40,63,24000,37800,1,0.7379136,1
train,44,data_44.csv,persistent_leak,44_41_64,24,41,64,24600,38400,1,0.76875347,1
train,44,data_44.csv,persistent_leak,44_42_65,24,42,65,25200,39000,1,0.79605424,1
train,44,data_44.csv,persistent_leak,44_43_66,24,43,66,25800,39600,1,0.8242685,1
train,44,data_44.csv,persistent_leak,44_44_67,24,44,67,26400,40200,1,0.84837925,1
train,44,data_44.csv,persistent_leak,44_45_68,24,45,68,27000,40800,1,0.8585059,1
train,44,data_44.csv,persistent_leak,44_46_69,24,46,69,27600,41400,1,0.86326724,1
train,44,data_44.csv,persistent_leak,44_47_70,24,47,70,28200,42000,1,0.8837595,1
train,44,data_44.csv,persistent_leak,44_48_71,24,48,71,28800,42600,1,0.90005845,1
train,44,data_44.csv,persistent_leak,44_49_72,24,49,72,29400,43200,1,0.9105378,1
train,44,data_44.csv,persistent_leak,44_50_73,24,50,73,30000,43800,1,0.9210382,1
train,44,data_44.csv,persistent_leak,44_51_74,24,51,74,30600,44400,1,0.9289132,1
train,44,data_44.csv,persistent_leak,44_52_75,24,52,75,31200,45000,1,0.92925596,1
train,44,data_44.csv,persistent_leak,44_53_76,24,53,76,31800,45600,1,0.93869674,1
train,44,data_44.csv,persistent_leak,44_54_77,24,54,77,32400,46200,1,0.9459279,1
train,44,data_44.csv,persistent_leak,44_55_78,24,55,78,33000,46800,1,0.9489088,1
train,44,data_44.csv,persistent_leak,44_56_79,24,56,79,33600,47400,1,0.95159376,1
train,44,data_44.csv,persistent_leak,44_57_80,24,57,80,34200,48000,1,0.95570153,1
train,44,data_44.csv,persistent_leak,44_58_81,24,58,81,34800,48600,1,0.95496845,1
train,44,data_44.csv,persistent_leak,44_59_82,24,59,82,35400,49200,1,0.960085,1
train,44,data_44.csv,persistent_leak,44_60_83,24,60,83,36000,49800,1,0.96300375,1
train,44,data_44.csv,persistent_leak,44_61_84,24,61,84,36600,50400,1,0.9635172,1
train,44,data_44.csv,persistent_leak,44_62_85,24,62,85,37200,51000,1,0.9637894,1
train,44,data_44.csv,persistent_leak,44_63_86,24,63,86,37800,51600,1,0.96503955,1
train,44,data_44.csv,persistent_leak,44_64_87,24,64,87,38400,52200,1,0.964967,1
train,44,data_44.csv,persistent_leak,44_65_88,24,65,88,39000,52800,1,0.96680003,1
train,44,data_44.csv,persistent_leak,44_66_89,24,66,89,39600,53400,1,0.96731067,1
train,44,data_44.csv,persistent_leak,44_67_90,24,67,90,40200,54000,1,0.96727806,1
train,44,data_44.csv,persistent_leak,44_68_91,24,68,91,40800,54600,1,0.9671997,1
train,44,data_44.csv,persistent_leak,44_69_92,24,69,92,41400,55200,1,0.96725345,1
train,44,data_44.csv,persistent_leak,44_70_93,24,70,93,42000,55800,1,0.9672618,1
train,44,data_44.csv,persistent_leak,44_71_94,24,71,94,42600,56400,1,0.9674009,1
train,44,data_44.csv,persistent_leak,44_72_95,24,72,95,43200,57000,1,0.9673519,1
train,44,data_44.csv,persistent_leak,44_73_96,24,73,96,43800,57600,1,0.9675753,1
train,44,data_44.csv,persistent_leak,44_74_97,24,74,97,44400,58200,1,0.9676541,1
train,44,data_44.csv,persistent_leak,44_75_98,24,75,98,45000,58800,1,0.9675286,1
train,44,data_44.csv,persistent_leak,44_76_99,24,76,99,45600,59400,1,0.9675635,1
train,44,data_44.csv,persistent_leak,44_77_100,24,77,100,46200,60000,1,0.9676405,1
train,44,data_44.csv,persistent_leak,44_78_101,24,78,101,46800,60600,1,0.96781653,1
train,44,data_44.csv,persistent_leak,44_79_102,24,79,102,47400,61200,1,0.9688302,1
train,44,data_44.csv,persistent_leak,44_80_103,24,80,103,48000,61800,1,0.96942085,1
train,44,data_44.csv,persistent_leak,44_81_104,24,81,104,48600,62400,1,0.96936864,1
train,44,data_44.csv,persistent_leak,44_82_105,24,82,105,49200,63000,1,0.9694475,1
train,44,data_44.csv,persistent_leak,44_83_106,24,83,106,49800,63600,1,0.97006756,1
train,44,data_44.csv,persistent_leak,44_84_107,24,84,107,50400,64200,1,0.97095484,1
train,44,data_44.csv,persistent_leak,44_85_108,24,85,108,51000,64800,1,0.9719981,1
train,44,data_44.csv,persistent_leak,44_86_109,24,86,109,51600,65400,1,0.97289395,1
train,44,data_44.csv,persistent_leak,44_87_110,24,87,110,52200,66000,1,0.9731986,1
train,44,data_44.csv,persistent_leak,44_88_111,24,88,111,52800,66600,1,0.97327733,1
train,44,data_44.csv,persistent_leak,44_89_112,24,89,112,53400,67200,1,0.9741599,1
train,44,data_44.csv,persistent_leak,44_90_113,24,90,113,54000,67800,1,0.9751593,1
train,44,data_44.csv,persistent_leak,44_91_114,24,91,114,54600,68400,1,0.97268033,1
train,44,data_44.csv,persistent_leak,44_92_115,24,92,115,55200,69000,1,0.97187185,1
train,44,data_44.csv,persistent_leak,44_93_116,24,93,116,55800,69600,1,0.9729614,1
train,44,data_44.csv,persistent_leak,44_94_117,24,94,117,56400,70200,1,0.9729586,1
train,44,data_44.csv,persistent_leak,44_95_118,24,95,118,57000,70800,1,0.9720765,1
train,44,data_44.csv,persistent_leak,44_96_119,24,96,119,57600,71400,1,0.97016686,1
train,44,data_44.csv,persistent_leak,44_97_120,24,97,120,58200,72000,1,0.96524006,1
train,44,data_44.csv,persistent_leak,44_98_121,24,98,121,58800,72600,1,0.96133286,1
train,44,data_44.csv,persistent_leak,44_99_122,24,99,122,59400,73200,1,0.96246463,1
train,44,data_44.csv,persistent_leak,44_100_123,24,100,123,60000,73800,1,0.9619985,1
train,44,data_44.csv,persistent_leak,44_101_124,24,101,124,60600,74400,1,0.95866364,1
train,44,data_44.csv,persistent_leak,44_102_125,24,102,125,61200,75000,1,0.95286053,1
train,44,data_44.csv,persistent_leak,44_103_126,24,103,126,61800,75600,1,0.94691324,1
train,44,data_44.csv,persistent_leak,44_104_127,24,104,127,62400,76200,1,0.9394303,1
train,44,data_44.csv,persistent_leak,44_105_128,24,105,128,63000,76800,1,0.9365448,1
train,44,data_44.csv,persistent_leak,44_106_129,24,106,129,63600,77400,1,0.9357702,1
train,44,data_44.csv,persistent_leak,44_107_130,24,107,130,64200,78000,1,0.930833,1
train,44,data_44.csv,persistent_leak,44_108_131,24,108,131,64800,78600,1,0.91955256,1
train,44,data_44.csv,persistent_leak,44_109_132,24,109,132,65400,79200,1,0.90871704,1
train,44,data_44.csv,persistent_leak,44_110_133,24,110,133,66000,79800,1,0.895632,1
train,44,data_44.csv,persistent_leak,44_111_134,24,111,134,66600,80400,1,0.8842227,1
train,44,data_44.csv,persistent_leak,44_112_135,24,112,135,67200,81000,1,0.88380235,1
train,44,data_44.csv,persistent_leak,44_113_136,24,113,136,67800,81600,1,0.8635679,1
train,44,data_44.csv,persistent_leak,44_114_137,24,114,137,68400,82200,1,0.84124976,1
train,44,data_44.csv,persistent_leak,44_115_138,24,115,138,69000,82800,1,0.8298158,1
train,44,data_44.csv,persistent_leak,44_116_139,24,116,139,69600,83400,1,0.8138984,1
train,44,data_44.csv,persistent_leak,44_117_140,24,117,140,70200,84000,1,0.8011134,1
train,44,data_44.csv,persistent_leak,44_118_141,24,118,141,70800,84600,1,0.80028355,1
train,44,data_44.csv,persistent_leak,44_119_142,24,119,142,71400,85200,1,0.7686153,1
train,44,data_44.csv,persistent_leak,44_120_143,24,120,143,72000,85800,1,0.7462884,1
train,44,data_44.csv,persistent_leak,44_121_144,24,121,144,72600,86400,1,0.7386329,1
train,45,data_45.csv,persistent_leak,45_0_23,24,0,23,0,13800,1,0.5554786,1
train,45,data_45.csv,persistent_leak,45_1_24,24,1,24,600,14400,1,0.5519708,1
train,45,data_45.csv,persistent_leak,45_2_25,24,2,25,1200,15000,1,0.54053134,1
train,45,data_45.csv,persistent_leak,45_3_26,24,3,26,1800,15600,1,0.5264462,1
train,45,data_45.csv,persistent_leak,45_4_27,24,4,27,2400,16200,1,0.51281416,1
train,45,data_45.csv,persistent_leak,45_5_28,24,5,28,3000,16800,1,0.50152075,1
train,45,data_45.csv,persistent_leak,45_6_29,24,6,29,3600,17400,1,0.49870136,1
train,45,data_45.csv,persistent_leak,45_7_30,24,7,30,4200,18000,1,0.5024182,1
train,45,data_45.csv,persistent_leak,45_8_31,24,8,31,4800,18600,1,0.49973038,1
train,45,data_45.csv,persistent_leak,45_9_32,24,9,32,5400,19200,1,0.500386,1
train,45,data_45.csv,persistent_leak,45_10_33,24,10,33,6000,19800,1,0.49537987,1
train,45,data_45.csv,persistent_leak,45_11_34,24,11,34,6600,20400,1,0.5052389,1
train,45,data_45.csv,persistent_leak,45_12_35,24,12,35,7200,21000,1,0.5226351,1
train,45,data_45.csv,persistent_leak,45_13_36,24,13,36,7800,21600,1,0.5479985,1
train,45,data_45.csv,persistent_leak,45_14_37,24,14,37,8400,22200,1,0.56186134,1
train,45,data_45.csv,persistent_leak,45_15_38,24,15,38,9000,22800,1,0.57222426,1
train,45,data_45.csv,persistent_leak,45_16_39,24,16,39,9600,23400,1,0.57910115,1
train,45,data_45.csv,persistent_leak,45_17_40,24,17,40,10200,24000,1,0.5978236,1
train,45,data_45.csv,persistent_leak,45_18_41,24,18,41,10800,24600,1,0.6155894,1
train,45,data_45.csv,persistent_leak,45_19_42,24,19,42,11400,25200,1,0.6430468,1
train,45,data_45.csv,persistent_leak,45_20_43,24,20,43,12000,25800,1,0.6609528,1
train,45,data_45.csv,persistent_leak,45_21_44,24,21,44,12600,26400,1,0.67091143,1
train,45,data_45.csv,persistent_leak,45_22_45,24,22,45,13200,27000,1,0.6742663,1
train,45,data_45.csv,persistent_leak,45_23_46,24,23,46,13800,27600,1,0.6958664,1
train,45,data_45.csv,persistent_leak,45_24_47,24,24,47,14400,28200,1,0.7164724,1
train,45,data_45.csv,persistent_leak,45_25_48,24,25,48,15000,28800,1,0.74040496,1
train,45,data_45.csv,persistent_leak,45_26_49,24,26,49,15600,29400,1,0.7604726,1
train,45,data_45.csv,persistent_leak,45_27_50,24,27,50,16200,30000,1,0.76958084,1
train,45,data_45.csv,persistent_leak,45_28_51,24,28,51,16800,30600,1,0.77191293,1
train,45,data_45.csv,persistent_leak,45_29_52,24,29,52,17400,31200,1,0.7939776,1
train,45,data_45.csv,persistent_leak,45_30_53,24,30,53,18000,31800,1,0.8105205,1
train,45,data_45.csv,persistent_leak,45_31_54,24,31,54,18600,32400,1,0.81641257,1
train,45,data_45.csv,persistent_leak,45_32_55,24,32,55,19200,33000,1,0.82629174,1
train,45,data_45.csv,persistent_leak,45_33_56,24,33,56,19800,33600,1,0.8356254,1
train,45,data_45.csv,persistent_leak,45_34_57,24,34,57,20400,34200,1,0.8352274,1
train,45,data_45.csv,persistent_leak,45_35_58,24,35,58,21000,34800,1,0.8452446,1
train,45,data_45.csv,persistent_leak,45_36_59,24,36,59,21600,35400,1,0.85334617,1
train,45,data_45.csv,persistent_leak,45_37_60,24,37,60,22200,36000,1,0.8590828,1
train,45,data_45.csv,persistent_leak,45_38_61,24,38,61,22800,36600,1,0.8616535,1
train,45,data_45.csv,persistent_leak,45_39_62,24,39,62,23400,37200,1,0.86675274,1
train,45,data_45.csv,persistent_leak,45_40_63,24,40,63,24000,37800,1,0.86532164,1
train,45,data_45.csv,persistent_leak,45_41_64,24,41,64,24600,38400,1,0.8721252,1
train,45,data_45.csv,persistent_leak,45_42_65,24,42,65,25200,39000,1,0.87742484,1
train,45,data_45.csv,persistent_leak,45_43_66,24,43,66,25800,39600,1,0.8856857,1
train,45,data_45.csv,persistent_leak,45_44_67,24,44,67,26400,40200,1,0.8894718,1
train,45,data_45.csv,persistent_leak,45_45_68,24,45,68,27000,40800,1,0.89111555,1
train,45,data_45.csv,persistent_leak,45_46_69,24,46,69,27600,41400,1,0.8919657,1
train,45,data_45.csv,persistent_leak,45_47_70,24,47,70,28200,42000,1,0.90028226,1
train,45,data_45.csv,persistent_leak,45_48_71,24,48,71,28800,42600,1,0.9065515,1
train,45,data_45.csv,persistent_leak,45_49_72,24,49,72,29400,43200,1,0.9104239,1
train,45,data_45.csv,persistent_leak,45_50_73,24,50,73,30000,43800,1,0.9149235,1
train,45,data_45.csv,persistent_leak,45_51_74,24,51,74,30600,44400,1,0.9163497,1
train,45,data_45.csv,persistent_leak,45_52_75,24,52,75,31200,45000,1,0.9168482,1
train,45,data_45.csv,persistent_leak,45_53_76,24,53,76,31800,45600,1,0.9201314,1
train,45,data_45.csv,persistent_leak,45_54_77,24,54,77,32400,46200,1,0.92417186,1
train,45,data_45.csv,persistent_leak,45_55_78,24,55,78,33000,46800,1,0.9241732,1
train,45,data_45.csv,persistent_leak,45_56_79,24,56,79,33600,47400,1,0.9256571,1
train,45,data_45.csv,persistent_leak,45_57_80,24,57,80,34200,48000,1,0.9287774,1
train,45,data_45.csv,persistent_leak,45_58_81,24,58,81,34800,48600,1,0.9281029,1
train,45,data_45.csv,persistent_leak,45_59_82,24,59,82,35400,49200,1,0.9289431,1
train,45,data_45.csv,persistent_leak,45_60_83,24,60,83,36000,49800,1,0.930127,1
train,45,data_45.csv,persistent_leak,45_61_84,24,61,84,36600,50400,1,0.92335814,1
train,45,data_45.csv,persistent_leak,45_62_85,24,62,85,37200,51000,1,0.9196931,1
train,45,data_45.csv,persistent_leak,45_63_86,24,63,86,37800,51600,1,0.9232753,1
train,45,data_45.csv,persistent_leak,45_64_87,24,64,87,38400,52200,1,0.9229197,1
train,45,data_45.csv,persistent_leak,45_65_88,24,65,88,39000,52800,1,0.92120945,1
train,45,data_45.csv,persistent_leak,45_66_89,24,66,89,39600,53400,1,0.91478336,1
train,45,data_45.csv,persistent_leak,45_67_90,24,67,90,40200,54000,1,0.90520567,1
train,45,data_45.csv,persistent_leak,45_68_91,24,68,91,40800,54600,1,0.8967779,1
train,45,data_45.csv,persistent_leak,45_69_92,24,69,92,41400,55200,1,0.8970751,1
train,45,data_45.csv,persistent_leak,45_70_93,24,70,93,42000,55800,1,0.8960954,1
train,45,data_45.csv,persistent_leak,45_71_94,24,71,94,42600,56400,1,0.88955164,1
train,45,data_45.csv,persistent_leak,45_72_95,24,72,95,43200,57000,1,0.87604386,1
train,45,data_45.csv,persistent_leak,45_73_96,24,73,96,43800,57600,1,0.86702096,1
train,45,data_45.csv,persistent_leak,45_74_97,24,74,97,44400,58200,1,0.8525769,1
train,45,data_45.csv,persistent_leak,45_75_98,24,75,98,45000,58800,1,0.841549,1
train,45,data_45.csv,persistent_leak,45_76_99,24,76,99,45600,59400,1,0.84040016,1
train,45,data_45.csv,persistent_leak,45_77_100,24,77,100,46200,60000,1,0.82711124,1
train,45,data_45.csv,persistent_leak,45_78_101,24,78,101,46800,60600,1,0.8098444,1
train,45,data_45.csv,persistent_leak,45_79_102,24,79,102,47400,61200,1,0.80230635,1
train,45,data_45.csv,persistent_leak,45_80_103,24,80,103,48000,61800,1,0.78960776,1
train,45,data_45.csv,persistent_leak,45_81_104,24,81,104,48600,62400,1,0.7721757,1
train,45,data_45.csv,persistent_leak,45_82_105,24,82,105,49200,63000,1,0.7717338,1
train,45,data_45.csv,persistent_leak,45_83_106,24,83,106,49800,63600,1,0.7476629,1
train,45,data_45.csv,persistent_leak,45_84_107,24,84,107,50400,64200,1,0.7317781,1
train,45,data_45.csv,persistent_leak,45_85_108,24,85,108,51000,64800,1,0.7415763,1
train,45,data_45.csv,persistent_leak,45_86_109,24,86,109,51600,65400,1,0.7418891,1
train,45,data_45.csv,persistent_leak,45_87_110,24,87,110,52200,66000,1,0.7311986,1
train,45,data_45.csv,persistent_leak,45_88_111,24,88,111,52800,66600,1,0.73177975,1
train,45,data_45.csv,persistent_leak,45_89_112,24,89,112,53400,67200,1,0.72956556,1
train,45,data_45.csv,persistent_leak,45_90_113,24,90,113,54000,67800,1,0.73852843,1
train,45,data_45.csv,persistent_leak,45_91_114,24,91,114,54600,68400,1,0.751778,1
train,45,data_45.csv,persistent_leak,45_92_115,24,92,115,55200,69000,1,0.7636768,1
train,45,data_45.csv,persistent_leak,45_93_116,24,93,116,55800,69600,1,0.76749974,1
train,45,data_45.csv,persistent_leak,45_94_117,24,94,117,56400,70200,1,0.7691971,1
train,45,data_45.csv,persistent_leak,45_95_118,24,95,118,57000,70800,1,0.7815151,1
train,45,data_45.csv,persistent_leak,45_96_119,24,96,119,57600,71400,1,0.79427856,1
train,45,data_45.csv,persistent_leak,45_97_120,24,97,120,58200,72000,1,0.8009322,1
train,45,data_45.csv,persistent_leak,45_98_121,24,98,121,58800,72600,1,0.8092791,1
train,45,data_45.csv,persistent_leak,45_99_122,24,99,122,59400,73200,1,0.8161356,1
train,45,data_45.csv,persistent_leak,45_100_123,24,100,123,60000,73800,1,0.81542534,1
train,45,data_45.csv,persistent_leak,45_101_124,24,101,124,60600,74400,1,0.82195187,1
train,45,data_45.csv,persistent_leak,45_102_125,24,102,125,61200,75000,1,0.8305237,1
train,45,data_45.csv,persistent_leak,45_103_126,24,103,126,61800,75600,1,0.8369972,1
train,45,data_45.csv,persistent_leak,45_104_127,24,104,127,62400,76200,1,0.84034264,1
train,45,data_45.csv,persistent_leak,45_105_128,24,105,128,63000,76800,1,0.8456224,1
train,45,data_45.csv,persistent_leak,45_106_129,24,106,129,63600,77400,1,0.84492755,1
train,45,data_45.csv,persistent_leak,45_107_130,24,107,130,64200,78000,1,0.85346913,1
train,45,data_45.csv,persistent_leak,45_108_131,24,108,131,64800,78600,1,0.85940874,1
train,45,data_45.csv,persistent_leak,45_109_132,24,109,132,65400,79200,1,0.8510076,1
train,45,data_45.csv,persistent_leak,45_110_133,24,110,133,66000,79800,1,0.8496121,1
train,45,data_45.csv,persistent_leak,45_111_134,24,111,134,66600,80400,1,0.8538084,1
train,45,data_45.csv,persistent_leak,45_112_135,24,112,135,67200,81000,1,0.85458803,1
train,45,data_45.csv,persistent_leak,45_113_136,24,113,136,67800,81600,1,0.8542608,1
train,45,data_45.csv,persistent_leak,45_114_137,24,114,137,68400,82200,1,0.84833336,1
train,45,data_45.csv,persistent_leak,45_115_138,24,115,138,69000,82800,1,0.8347734,1
train,45,data_45.csv,persistent_leak,45_116_139,24,116,139,69600,83400,1,0.82661253,1
train,45,data_45.csv,persistent_leak,45_117_140,24,117,140,70200,84000,1,0.83067006,1
train,45,data_45.csv,persistent_leak,45_118_141,24,118,141,70800,84600,1,0.83030236,1
train,45,data_45.csv,persistent_leak,45_119_142,24,119,142,71400,85200,1,0.81937134,1
train,45,data_45.csv,persistent_leak,45_120_143,24,120,143,72000,85800,1,0.8050637,1
train,45,data_45.csv,persistent_leak,45_121_144,24,121,144,72600,86400,1,0.7921533,1
train,47,data_47.csv,onset_leak,47_0_23,24,0,23,0,13800,0,0.1785557,1
train,47,data_47.csv,onset_leak,47_1_24,24,1,24,600,14400,0,0.17818065,1
train,47,data_47.csv,onset_leak,47_2_25,24,2,25,1200,15000,0,0.1764061,1
train,47,data_47.csv,onset_leak,47_3_26,24,3,26,1800,15600,0,0.1758754,1
train,47,data_47.csv,onset_leak,47_4_27,24,4,27,2400,16200,0,0.17526378,1
train,47,data_47.csv,onset_leak,47_5_28,24,5,28,3000,16800,0,0.17491493,1
train,47,data_47.csv,onset_leak,47_6_29,24,6,29,3600,17400,0,0.17472018,1
train,47,data_47.csv,onset_leak,47_7_30,24,7,30,4200,18000,0,0.17527737,1
train,47,data_47.csv,onset_leak,47_8_31,24,8,31,4800,18600,0,0.17407444,1
train,47,data_47.csv,onset_leak,47_9_32,24,9,32,5400,19200,0,0.1746956,1
train,47,data_47.csv,onset_leak,47_10_33,24,10,33,6000,19800,0,0.17516094,1
train,47,data_47.csv,onset_leak,47_11_34,24,11,34,6600,20400,0,0.17585766,1
train,47,data_47.csv,onset_leak,47_12_35,24,12,35,7200,21000,0,0.17639993,1
train,47,data_47.csv,onset_leak,47_13_36,24,13,36,7800,21600,0,0.17746195,1
train,47,data_47.csv,onset_leak,47_14_37,24,14,37,8400,22200,0,0.17614736,1
train,47,data_47.csv,onset_leak,47_15_38,24,15,38,9000,22800,0,0.17761157,1
train,47,data_47.csv,onset_leak,47_16_39,24,16,39,9600,23400,0,0.17871368,1
train,47,data_47.csv,onset_leak,47_17_40,24,17,40,10200,24000,0,0.18031399,1
train,47,data_47.csv,onset_leak,47_18_41,24,18,41,10800,24600,0,0.18128935,1
train,47,data_47.csv,onset_leak,47_19_42,24,19,42,11400,25200,0,0.18288611,1
train,47,data_47.csv,onset_leak,47_20_43,24,20,43,12000,25800,0,0.18137693,1
train,47,data_47.csv,onset_leak,47_21_44,24,21,44,12600,26400,0,0.18395086,1
train,47,data_47.csv,onset_leak,47_22_45,24,22,45,13200,27000,0,0.18643023,1
train,47,data_47.csv,onset_leak,47_23_46,24,23,46,13800,27600,0,0.18872705,1
train,47,data_47.csv,onset_leak,47_24_47,24,24,47,14400,28200,0,0.19033407,1
train,47,data_47.csv,onset_leak,47_25_48,24,25,48,15000,28800,0,0.19342552,1
train,47,data_47.csv,onset_leak,47_26_49,24,26,49,15600,29400,0,0.19306032,1
train,47,data_47.csv,onset_leak,47_27_50,24,27,50,16200,30000,0,0.19778942,1
train,47,data_47.csv,onset_leak,47_28_51,24,28,51,16800,30600,0,0.2036619,1
train,47,data_47.csv,onset_leak,47_29_52,24,29,52,17400,31200,0,0.20767027,1
train,47,data_47.csv,onset_leak,47_30_53,24,30,53,18000,31800,0,0.21128975,1
train,47,data_47.csv,onset_leak,47_31_54,24,31,54,18600,32400,0,0.21546121,1
train,47,data_47.csv,onset_leak,47_32_55,24,32,55,19200,33000,0,0.21615319,1
train,47,data_47.csv,onset_leak,47_33_56,24,33,56,19800,33600,0,0.22422692,1
train,47,data_47.csv,onset_leak,47_34_57,24,34,57,20400,34200,0,0.2320335,1
train,47,data_47.csv,onset_leak,47_35_58,24,35,58,21000,34800,0,0.23776312,1
train,47,data_47.csv,onset_leak,47_36_59,24,36,59,21600,35400,0,0.24321578,1
train,47,data_47.csv,onset_leak,47_37_60,24,37,60,22200,36000,0,0.2493086,1
train,47,data_47.csv,onset_leak,47_38_61,24,38,61,22800,36600,0,0.2509784,1
train,47,data_47.csv,onset_leak,47_39_62,24,39,62,23400,37200,0,0.26073298,1
train,47,data_47.csv,onset_leak,47_40_63,24,40,63,24000,37800,0,0.2696014,1
train,47,data_47.csv,onset_leak,47_41_64,24,41,64,24600,38400,0,0.27613717,1
train,47,data_47.csv,onset_leak,47_42_65,24,42,65,25200,39000,0,0.28546354,1
train,47,data_47.csv,onset_leak,47_43_66,24,43,66,25800,39600,0,0.29502136,1
train,47,data_47.csv,onset_leak,47_44_67,24,44,67,26400,40200,0,0.2995062,1
train,47,data_47.csv,onset_leak,47_45_68,24,45,68,27000,40800,0,0.3109002,1
train,47,data_47.csv,onset_leak,47_46_69,24,46,69,27600,41400,0,0.32304826,1
train,47,data_47.csv,onset_leak,47_47_70,24,47,70,28200,42000,0,0.33248585,1
train,47,data_47.csv,onset_leak,47_48_71,24,48,71,28800,42600,0,0.34537393,1
train,47,data_47.csv,onset_leak,47_49_72,24,49,72,29400,43200,1,0.4651457,1
train,47,data_47.csv,onset_leak,47_50_73,24,50,73,30000,43800,1,0.5067363,1
train,47,data_47.csv,onset_leak,47_51_74,24,51,74,30600,44400,1,0.55178916,1
train,47,data_47.csv,onset_leak,47_52_75,24,52,75,31200,45000,1,0.60564494,1
train,47,data_47.csv,onset_leak,47_53_76,24,53,76,31800,45600,1,0.68230444,1
train,47,data_47.csv,onset_leak,47_54_77,24,54,77,32400,46200,1,0.7503627,1
train,47,data_47.csv,onset_leak,47_55_78,24,55,78,33000,46800,1,0.7818073,1
train,47,data_47.csv,onset_leak,47_56_79,24,56,79,33600,47400,1,0.82105935,1
train,47,data_47.csv,onset_leak,47_57_80,24,57,80,34200,48000,1,0.8504757,1
train,47,data_47.csv,onset_leak,47_58_81,24,58,81,34800,48600,1,0.8596886,1
train,47,data_47.csv,onset_leak,47_59_82,24,59,82,35400,49200,1,0.89560986,1
train,47,data_47.csv,onset_leak,47_60_83,24,60,83,36000,49800,1,0.9129914,1
train,47,data_47.csv,onset_leak,47_61_84,24,61,84,36600,50400,1,0.92775965,1
train,47,data_47.csv,onset_leak,47_62_85,24,62,85,37200,51000,1,0.9383095,1
train,47,data_47.csv,onset_leak,47_63_86,24,63,86,37800,51600,1,0.9473848,1
train,47,data_47.csv,onset_leak,47_64_87,24,64,87,38400,52200,1,0.9488666,1
train,47,data_47.csv,onset_leak,47_65_88,24,65,88,39000,52800,1,0.9567514,1
train,47,data_47.csv,onset_leak,47_66_89,24,66,89,39600,53400,1,0.9652323,1
train,47,data_47.csv,onset_leak,47_67_90,24,67,90,40200,54000,1,0.964653,1
train,47,data_47.csv,onset_leak,47_68_91,24,68,91,40800,54600,1,0.9663689,1
train,47,data_47.csv,onset_leak,47_69_92,24,69,92,41400,55200,1,0.9705968,1
train,47,data_47.csv,onset_leak,47_70_93,24,70,93,42000,55800,1,0.96953404,1
train,47,data_47.csv,onset_leak,47_71_94,24,71,94,42600,56400,1,0.9747268,1
train,47,data_47.csv,onset_leak,47_72_95,24,72,95,43200,57000,1,0.9749996,1
train,47,data_47.csv,onset_leak,47_73_96,24,73,96,43800,57600,1,0.9722701,1
train,47,data_47.csv,onset_leak,47_74_97,24,74,97,44400,58200,1,0.9700824,1
train,47,data_47.csv,onset_leak,47_75_98,24,75,98,45000,58800,1,0.97088,1
train,47,data_47.csv,onset_leak,47_76_99,24,76,99,45600,59400,1,0.97050864,1
train,47,data_47.csv,onset_leak,47_77_100,24,77,100,46200,60000,1,0.9689697,1
train,47,data_47.csv,onset_leak,47_78_101,24,78,101,46800,60600,1,0.965882,1
train,47,data_47.csv,onset_leak,47_79_102,24,79,102,47400,61200,1,0.9638453,1
train,47,data_47.csv,onset_leak,47_80_103,24,80,103,48000,61800,1,0.9603681,1
train,47,data_47.csv,onset_leak,47_81_104,24,81,104,48600,62400,1,0.9584746,1
train,47,data_47.csv,onset_leak,47_82_105,24,82,105,49200,63000,1,0.9578941,1
train,47,data_47.csv,onset_leak,47_83_106,24,83,106,49800,63600,1,0.95654315,1
train,47,data_47.csv,onset_leak,47_84_107,24,84,107,50400,64200,1,0.953786,1
train,47,data_47.csv,onset_leak,47_85_108,24,85,108,51000,64800,1,0.953512,1
train,47,data_47.csv,onset_leak,47_86_109,24,86,109,51600,65400,1,0.9508345,1
train,47,data_47.csv,onset_leak,47_87_110,24,87,110,52200,66000,1,0.94606715,1
train,47,data_47.csv,onset_leak,47_88_111,24,88,111,52800,66600,1,0.94690853,1
train,47,data_47.csv,onset_leak,47_89_112,24,89,112,53400,67200,1,0.9445504,1
train,47,data_47.csv,onset_leak,47_90_113,24,90,113,54000,67800,1,0.94287163,1
train,47,data_47.csv,onset_leak,47_91_114,24,91,114,54600,68400,1,0.94232816,1
train,47,data_47.csv,onset_leak,47_92_115,24,92,115,55200,69000,1,0.94308734,1
train,47,data_47.csv,onset_leak,47_93_116,24,93,116,55800,69600,1,0.9419916,1
train,47,data_47.csv,onset_leak,47_94_117,24,94,117,56400,70200,1,0.9420907,1
train,47,data_47.csv,onset_leak,47_95_118,24,95,118,57000,70800,1,0.9391643,1
train,47,data_47.csv,onset_leak,47_96_119,24,96,119,57600,71400,1,0.93910456,1
train,47,data_47.csv,onset_leak,47_97_120,24,97,120,58200,72000,1,0.9376542,1
train,47,data_47.csv,onset_leak,47_98_121,24,98,121,58800,72600,1,0.9367922,1
train,47,data_47.csv,onset_leak,47_99_122,24,99,122,59400,73200,1,0.9381312,1
train,47,data_47.csv,onset_leak,47_100_123,24,100,123,60000,73800,1,0.9375992,1
train,47,data_47.csv,onset_leak,47_101_124,24,101,124,60600,74400,1,0.9371713,1
train,47,data_47.csv,onset_leak,47_102_125,24,102,125,61200,75000,1,0.9362638,1
train,47,data_47.csv,onset_leak,47_103_126,24,103,126,61800,75600,1,0.9313508,1
train,47,data_47.csv,onset_leak,47_104_127,24,104,127,62400,76200,1,0.92816496,1
train,47,data_47.csv,onset_leak,47_105_128,24,105,128,63000,76800,1,0.92880416,1
train,47,data_47.csv,onset_leak,47_106_129,24,106,129,63600,77400,1,0.92812264,1
train,47,data_47.csv,onset_leak,47_107_130,24,107,130,64200,78000,1,0.92672735,1
train,47,data_47.csv,onset_leak,47_108_131,24,108,131,64800,78600,1,0.92118853,1
train,47,data_47.csv,onset_leak,47_109_132,24,109,132,65400,79200,1,0.91213447,1
train,47,data_47.csv,onset_leak,47_110_133,24,110,133,66000,79800,1,0.9048031,1
train,47,data_47.csv,onset_leak,47_111_134,24,111,134,66600,80400,1,0.90479773,1
train,47,data_47.csv,onset_leak,47_112_135,24,112,135,67200,81000,1,0.9051665,1
train,47,data_47.csv,onset_leak,47_113_136,24,113,136,67800,81600,1,0.8959698,1
train,47,data_47.csv,onset_leak,47_114_137,24,114,137,68400,82200,1,0.8826531,1
train,47,data_47.csv,onset_leak,47_115_138,24,115,138,69000,82800,1,0.8651026,1
train,47,data_47.csv,onset_leak,47_116_139,24,116,139,69600,83400,1,0.84962004,1
train,47,data_47.csv,onset_leak,47_117_140,24,117,140,70200,84000,1,0.84773743,1
train,47,data_47.csv,onset_leak,47_118_141,24,118,141,70800,84600,1,0.84881467,1
train,47,data_47.csv,onset_leak,47_119_142,24,119,142,71400,85200,1,0.8294945,1
train,47,data_47.csv,onset_leak,47_120_143,24,120,143,72000,85800,1,0.807422,1
train,47,data_47.csv,onset_leak,47_121_144,24,121,144,72600,86400,1,0.7765334,1
train,51,data_51.csv,persistent_leak,51_0_23,24,0,23,0,13800,1,0.53677905,1
train,51,data_51.csv,persistent_leak,51_1_24,24,1,24,600,14400,1,0.53845006,1
train,51,data_51.csv,persistent_leak,51_2_25,24,2,25,1200,15000,1,0.5380931,1
train,51,data_51.csv,persistent_leak,51_3_26,24,3,26,1800,15600,1,0.5376691,1
train,51,data_51.csv,persistent_leak,51_4_27,24,4,27,2400,16200,1,0.53658074,1
train,51,data_51.csv,persistent_leak,51_5_28,24,5,28,3000,16800,1,0.5376191,1
train,51,data_51.csv,persistent_leak,51_6_29,24,6,29,3600,17400,1,0.54107,1
train,51,data_51.csv,persistent_leak,51_7_30,24,7,30,4200,18000,1,0.5455281,1
train,51,data_51.csv,persistent_leak,51_8_31,24,8,31,4800,18600,1,0.54660064,1
train,51,data_51.csv,persistent_leak,51_9_32,24,9,32,5400,19200,1,0.54777604,1
train,51,data_51.csv,persistent_leak,51_10_33,24,10,33,6000,19800,1,0.5464524,1
train,51,data_51.csv,persistent_leak,51_11_34,24,11,34,6600,20400,1,0.5512095,1
train,51,data_51.csv,persistent_leak,51_12_35,24,12,35,7200,21000,1,0.5577775,1
train,51,data_51.csv,persistent_leak,51_13_36,24,13,36,7800,21600,1,0.56494397,1
train,51,data_51.csv,persistent_leak,51_14_37,24,14,37,8400,22200,1,0.5687359,1
train,51,data_51.csv,persistent_leak,51_15_38,24,15,38,9000,22800,1,0.5720398,1
train,51,data_51.csv,persistent_leak,51_16_39,24,16,39,9600,23400,1,0.5720655,1
train,51,data_51.csv,persistent_leak,51_17_40,24,17,40,10200,24000,1,0.57910633,1
train,51,data_51.csv,persistent_leak,51_18_41,24,18,41,10800,24600,1,0.58774287,1
train,51,data_51.csv,persistent_leak,51_19_42,24,19,42,11400,25200,1,0.59728706,1
train,51,data_51.csv,persistent_leak,51_20_43,24,20,43,12000,25800,1,0.6028539,1
train,51,data_51.csv,persistent_leak,51_21_44,24,21,44,12600,26400,1,0.6058226,1
train,51,data_51.csv,persistent_leak,51_22_45,24,22,45,13200,27000,1,0.6063222,1
train,51,data_51.csv,persistent_leak,51_23_46,24,23,46,13800,27600,1,0.61519784,1
train,51,data_51.csv,persistent_leak,51_24_47,24,24,47,14400,28200,1,0.6253391,1
train,51,data_51.csv,persistent_leak,51_25_48,24,25,48,15000,28800,1,0.63945013,1
train,51,data_51.csv,persistent_leak,51_26_49,24,26,49,15600,29400,1,0.64863324,1
train,51,data_51.csv,persistent_leak,51_27_50,24,27,50,16200,30000,1,0.65293235,1
train,51,data_51.csv,persistent_leak,51_28_51,24,28,51,16800,30600,1,0.6539352,1
train,51,data_51.csv,persistent_leak,51_29_52,24,29,52,17400,31200,1,0.66592276,1
train,51,data_51.csv,persistent_leak,51_30_53,24,30,53,18000,31800,1,0.67962337,1
train,51,data_51.csv,persistent_leak,51_31_54,24,31,54,18600,32400,1,0.7087292,1
train,51,data_51.csv,persistent_leak,51_32_55,24,32,55,19200,33000,1,0.72618663,1
train,51,data_51.csv,persistent_leak,51_33_56,24,33,56,19800,33600,1,0.73073983,1
train,51,data_51.csv,persistent_leak,51_34_57,24,34,57,20400,34200,1,0.73507625,1
train,51,data_51.csv,persistent_leak,51_35_58,24,35,58,21000,34800,1,0.75594676,1
train,51,data_51.csv,persistent_leak,51_36_59,24,36,59,21600,35400,1,0.77598995,1
train,51,data_51.csv,persistent_leak,51_37_60,24,37,60,22200,36000,1,0.8103105,1
train,51,data_51.csv,persistent_leak,51_38_61,24,38,61,22800,36600,1,0.8342303,1
train,51,data_51.csv,persistent_leak,51_39_62,24,39,62,23400,37200,1,0.8410337,1
train,51,data_51.csv,persistent_leak,51_40_63,24,40,63,24000,37800,1,0.8451743,1
train,51,data_51.csv,persistent_leak,51_41_64,24,41,64,24600,38400,1,0.86806,1
train,51,data_51.csv,persistent_leak,51_42_65,24,42,65,25200,39000,1,0.886771,1
train,51,data_51.csv,persistent_leak,51_43_66,24,43,66,25800,39600,1,0.90413237,1
train,51,data_51.csv,persistent_leak,51_44_67,24,44,67,26400,40200,1,0.9194442,1
train,51,data_51.csv,persistent_leak,51_45_68,24,45,68,27000,40800,1,0.9258248,1
train,51,data_51.csv,persistent_leak,51_46_69,24,46,69,27600,41400,1,0.92768,1
train,51,data_51.csv,persistent_leak,51_47_70,24,47,70,28200,42000,1,0.93972915,1
train,51,data_51.csv,persistent_leak,51_48_71,24,48,71,28800,42600,1,0.9491469,1
train,51,data_51.csv,persistent_leak,51_49_72,24,49,72,29400,43200,1,0.95409787,1
train,51,data_51.csv,persistent_leak,51_50_73,24,50,73,30000,43800,1,0.9592917,1
train,51,data_51.csv,persistent_leak,51_51_74,24,51,74,30600,44400,1,0.9636253,1
train,51,data_51.csv,persistent_leak,51_52_75,24,52,75,31200,45000,1,0.96329325,1
train,51,data_51.csv,persistent_leak,51_53_76,24,53,76,31800,45600,1,0.9684785,1
train,51,data_51.csv,persistent_leak,51_54_77,24,54,77,32400,46200,1,0.9721103,1
train,51,data_51.csv,persistent_leak,51_55_78,24,55,78,33000,46800,1,0.9733569,1
train,51,data_51.csv,persistent_leak,51_56_79,24,56,79,33600,47400,1,0.97425246,1
train,51,data_51.csv,persistent_leak,51_57_80,24,57,80,34200,48000,1,0.9763259,1
train,51,data_51.csv,persistent_leak,51_58_81,24,58,81,34800,48600,1,0.9760389,1
train,51,data_51.csv,persistent_leak,51_59_82,24,59,82,35400,49200,1,0.9784127,1
train,51,data_51.csv,persistent_leak,51_60_83,24,60,83,36000,49800,1,0.9795742,1
train,51,data_51.csv,persistent_leak,51_61_84,24,61,84,36600,50400,1,0.9795197,1
train,51,data_51.csv,persistent_leak,51_62_85,24,62,85,37200,51000,1,0.9793681,1
train,51,data_51.csv,persistent_leak,51_63_86,24,63,86,37800,51600,1,0.97985804,1
train,51,data_51.csv,persistent_leak,51_64_87,24,64,87,38400,52200,1,0.9798146,1
train,51,data_51.csv,persistent_leak,51_65_88,24,65,88,39000,52800,1,0.98049563,1
train,51,data_51.csv,persistent_leak,51_66_89,24,66,89,39600,53400,1,0.98043776,1
train,51,data_51.csv,persistent_leak,51_67_90,24,67,90,40200,54000,1,0.97995317,1
train,51,data_51.csv,persistent_leak,51_68_91,24,68,91,40800,54600,1,0.97957623,1
train,51,data_51.csv,persistent_leak,51_69_92,24,69,92,41400,55200,1,0.9794018,1
train,51,data_51.csv,persistent_leak,51_70_93,24,70,93,42000,55800,1,0.9794024,1
train,51,data_51.csv,persistent_leak,51_71_94,24,71,94,42600,56400,1,0.9790268,1
train,51,data_51.csv,persistent_leak,51_72_95,24,72,95,43200,57000,1,0.9784685,1
train,51,data_51.csv,persistent_leak,51_73_96,24,73,96,43800,57600,1,0.97782797,1
train,51,data_51.csv,persistent_leak,51_74_97,24,74,97,44400,58200,1,0.97734207,1
train,51,data_51.csv,persistent_leak,51_75_98,24,75,98,45000,58800,1,0.9770165,1
train,51,data_51.csv,persistent_leak,51_76_99,24,76,99,45600,59400,1,0.9769793,1
train,51,data_51.csv,persistent_leak,51_77_100,24,77,100,46200,60000,1,0.97625023,1
train,51,data_51.csv,persistent_leak,51_78_101,24,78,101,46800,60600,1,0.975471,1
train,51,data_51.csv,persistent_leak,51_79_102,24,79,102,47400,61200,1,0.97548115,1
train,51,data_51.csv,persistent_leak,51_80_103,24,80,103,48000,61800,1,0.97518593,1
train,51,data_51.csv,persistent_leak,51_81_104,24,81,104,48600,62400,1,0.9747502,1
train,51,data_51.csv,persistent_leak,51_82_105,24,82,105,49200,63000,1,0.97478354,1
train,51,data_51.csv,persistent_leak,51_83_106,24,83,106,49800,63600,1,0.97442156,1
train,51,data_51.csv,persistent_leak,51_84_107,24,84,107,50400,64200,1,0.97417825,1
train,51,data_51.csv,persistent_leak,51_85_108,24,85,108,51000,64800,1,0.97521794,1
train,51,data_51.csv,persistent_leak,51_86_109,24,86,109,51600,65400,1,0.9756572,1
train,51,data_51.csv,persistent_leak,51_87_110,24,87,110,52200,66000,1,0.97527826,1
train,51,data_51.csv,persistent_leak,51_88_111,24,88,111,52800,66600,1,0.97548795,1
train,51,data_51.csv,persistent_leak,51_89_112,24,89,112,53400,67200,1,0.97588867,1
train,51,data_51.csv,persistent_leak,51_90_113,24,90,113,54000,67800,1,0.9766624,1
train,51,data_51.csv,persistent_leak,51_91_114,24,91,114,54600,68400,1,0.97598016,1
train,51,data_51.csv,persistent_leak,51_92_115,24,92,115,55200,69000,1,0.9761193,1
train,51,data_51.csv,persistent_leak,51_93_116,24,93,116,55800,69600,1,0.9765438,1
train,51,data_51.csv,persistent_leak,51_94_117,24,94,117,56400,70200,1,0.9765613,1
train,51,data_51.csv,persistent_leak,51_95_118,24,95,118,57000,70800,1,0.9763073,1
train,51,data_51.csv,persistent_leak,51_96_119,24,96,119,57600,71400,1,0.975962,1
train,51,data_51.csv,persistent_leak,51_97_120,24,97,120,58200,72000,1,0.97424966,1
train,51,data_51.csv,persistent_leak,51_98_121,24,98,121,58800,72600,1,0.9730576,1
train,51,data_51.csv,persistent_leak,51_99_122,24,99,122,59400,73200,1,0.9735457,1
train,51,data_51.csv,persistent_leak,51_100_123,24,100,123,60000,73800,1,0.97342783,1
train,51,data_51.csv,persistent_leak,51_101_124,24,101,124,60600,74400,1,0.97226644,1
train,51,data_51.csv,persistent_leak,51_102_125,24,102,125,61200,75000,1,0.9706556,1
train,51,data_51.csv,persistent_leak,51_103_126,24,103,126,61800,75600,1,0.96774274,1
train,51,data_51.csv,persistent_leak,51_104_127,24,104,127,62400,76200,1,0.96527326,1
train,51,data_51.csv,persistent_leak,51_105_128,24,105,128,63000,76800,1,0.964729,1
train,51,data_51.csv,persistent_leak,51_106_129,24,106,129,63600,77400,1,0.96434,1
train,51,data_51.csv,persistent_leak,51_107_130,24,107,130,64200,78000,1,0.96305406,1
train,51,data_51.csv,persistent_leak,51_108_131,24,108,131,64800,78600,1,0.9594271,1
train,51,data_51.csv,persistent_leak,51_109_132,24,109,132,65400,79200,1,0.954073,1
train,51,data_51.csv,persistent_leak,51_110_133,24,110,133,66000,79800,1,0.94901526,1
train,51,data_51.csv,persistent_leak,51_111_134,24,111,134,66600,80400,1,0.9474993,1
train,51,data_51.csv,persistent_leak,51_112_135,24,112,135,67200,81000,1,0.9478305,1
train,51,data_51.csv,persistent_leak,51_113_136,24,113,136,67800,81600,1,0.94130975,1
train,51,data_51.csv,persistent_leak,51_114_137,24,114,137,68400,82200,1,0.9321879,1
train,51,data_51.csv,persistent_leak,51_115_138,24,115,138,69000,82800,1,0.9215034,1
train,51,data_51.csv,persistent_leak,51_116_139,24,116,139,69600,83400,1,0.91134447,1
train,51,data_51.csv,persistent_leak,51_117_140,24,117,140,70200,84000,1,0.90959835,1
train,51,data_51.csv,persistent_leak,51_118_141,24,118,141,70800,84600,1,0.9096613,1
train,51,data_51.csv,persistent_leak,51_119_142,24,119,142,71400,85200,1,0.8940152,1
train,51,data_51.csv,persistent_leak,51_120_143,24,120,143,72000,85800,1,0.8756698,1
train,51,data_51.csv,persistent_leak,51_121_144,24,121,144,72600,86400,1,0.86076576,1
train,52,data_52.csv,persistent_leak,52_0_23,24,0,23,0,13800,1,0.6019671,1
train,52,data_52.csv,persistent_leak,52_1_24,24,1,24,600,14400,1,0.60139143,1
train,52,data_52.csv,persistent_leak,52_2_25,24,2,25,1200,15000,1,0.5965836,1
train,52,data_52.csv,persistent_leak,52_3_26,24,3,26,1800,15600,1,0.5840982,1
train,52,data_52.csv,persistent_leak,52_4_27,24,4,27,2400,16200,1,0.5780064,1
train,52,data_52.csv,persistent_leak,52_5_28,24,5,28,3000,16800,1,0.56500804,1
train,52,data_52.csv,persistent_leak,52_6_29,24,6,29,3600,17400,1,0.5599698,1
train,52,data_52.csv,persistent_leak,52_7_30,24,7,30,4200,18000,1,0.56268406,1
train,52,data_52.csv,persistent_leak,52_8_31,24,8,31,4800,18600,1,0.56061226,1
train,52,data_52.csv,persistent_leak,52_9_32,24,9,32,5400,19200,1,0.5591649,1
train,52,data_52.csv,persistent_leak,52_10_33,24,10,33,6000,19800,1,0.5566421,1
train,52,data_52.csv,persistent_leak,52_11_34,24,11,34,6600,20400,1,0.5622371,1
train,52,data_52.csv,persistent_leak,52_12_35,24,12,35,7200,21000,1,0.57187444,1
train,52,data_52.csv,persistent_leak,52_13_36,24,13,36,7800,21600,1,0.58388656,1
train,52,data_52.csv,persistent_leak,52_14_37,24,14,37,8400,22200,1,0.5928681,1
train,52,data_52.csv,persistent_leak,52_15_38,24,15,38,9000,22800,1,0.5977971,1
train,52,data_52.csv,persistent_leak,52_16_39,24,16,39,9600,23400,1,0.5966938,1
train,52,data_52.csv,persistent_leak,52_17_40,24,17,40,10200,24000,1,0.60488665,1
train,52,data_52.csv,persistent_leak,52_18_41,24,18,41,10800,24600,1,0.6184625,1
train,52,data_52.csv,persistent_leak,52_19_42,24,19,42,11400,25200,1,0.6386262,1
train,52,data_52.csv,persistent_leak,52_20_43,24,20,43,12000,25800,1,0.6510285,1
train,52,data_52.csv,persistent_leak,52_21_44,24,21,44,12600,26400,1,0.6580333,1
train,52,data_52.csv,persistent_leak,52_22_45,24,22,45,13200,27000,1,0.65969306,1
train,52,data_52.csv,persistent_leak,52_23_46,24,23,46,13800,27600,1,0.67725915,1
train,52,data_52.csv,persistent_leak,52_24_47,24,24,47,14400,28200,1,0.6937172,1
train,52,data_52.csv,persistent_leak,52_25_48,24,25,48,15000,28800,1,0.7125545,1
train,52,data_52.csv,persistent_leak,52_26_49,24,26,49,15600,29400,1,0.72835875,1
train,52,data_52.csv,persistent_leak,52_27_50,24,27,50,16200,30000,1,0.73534024,1
train,52,data_52.csv,persistent_leak,52_28_51,24,28,51,16800,30600,1,0.73749286,1
train,52,data_52.csv,persistent_leak,52_29_52,24,29,52,17400,31200,1,0.7559899,1
train,52,data_52.csv,persistent_leak,52_30_53,24,30,53,18000,31800,1,0.77138186,1
train,52,data_52.csv,persistent_leak,52_31_54,24,31,54,18600,32400,1,0.78708994,1
train,52,data_52.csv,persistent_leak,52_32_55,24,32,55,19200,33000,1,0.80065787,1
train,52,data_52.csv,persistent_leak,52_33_56,24,33,56,19800,33600,1,0.80746627,1
train,52,data_52.csv,persistent_leak,52_34_57,24,34,57,20400,34200,1,0.80881447,1
train,52,data_52.csv,persistent_leak,52_35_58,24,35,58,21000,34800,1,0.82276344,1
train,52,data_52.csv,persistent_leak,52_36_59,24,36,59,21600,35400,1,0.835717,1
train,52,data_52.csv,persistent_leak,52_37_60,24,37,60,22200,36000,1,0.85546815,1
train,52,data_52.csv,persistent_leak,52_38_61,24,38,61,22800,36600,1,0.86866045,1
train,52,data_52.csv,persistent_leak,52_39_62,24,39,62,23400,37200,1,0.8743036,1
train,52,data_52.csv,persistent_leak,52_40_63,24,40,63,24000,37800,1,0.8757364,1
train,52,data_52.csv,persistent_leak,52_41_64,24,41,64,24600,38400,1,0.89049083,1
train,52,data_52.csv,persistent_leak,52_42_65,24,42,65,25200,39000,1,0.9026127,1
train,52,data_52.csv,persistent_leak,52_43_66,24,43,66,25800,39600,1,0.9168907,1
train,52,data_52.csv,persistent_leak,52_44_67,24,44,67,26400,40200,1,0.92773443,1
train,52,data_52.csv,persistent_leak,52_45_68,24,45,68,27000,40800,1,0.9317772,1
train,52,data_52.csv,persistent_leak,52_46_69,24,46,69,27600,41400,1,0.93314713,1
train,52,data_52.csv,persistent_leak,52_47_70,24,47,70,28200,42000,1,0.9435603,1
train,52,data_52.csv,persistent_leak,52_48_71,24,48,71,28800,42600,1,0.9511972,1
train,52,data_52.csv,persistent_leak,52_49_72,24,49,72,29400,43200,1,0.9554068,1
train,52,data_52.csv,persistent_leak,52_50_73,24,50,73,30000,43800,1,0.9600872,1
train,52,data_52.csv,persistent_leak,52_51_74,24,51,74,30600,44400,1,0.9634321,1
train,52,data_52.csv,persistent_leak,52_52_75,24,52,75,31200,45000,1,0.9634322,1
train,52,data_52.csv,persistent_leak,52_53_76,24,53,76,31800,45600,1,0.9677343,1
train,52,data_52.csv,persistent_leak,52_54_77,24,54,77,32400,46200,1,0.97128356,1
train,52,data_52.csv,persistent_leak,52_55_78,24,55,78,33000,46800,1,0.97100645,1
train,52,data_52.csv,persistent_leak,52_56_79,24,56,79,33600,47400,1,0.97138983,1
train,52,data_52.csv,persistent_leak,52_57_80,24,57,80,34200,48000,1,0.9738057,1
train,52,data_52.csv,persistent_leak,52_58_81,24,58,81,34800,48600,1,0.9732972,1
train,52,data_52.csv,persistent_leak,52_59_82,24,59,82,35400,49200,1,0.97474426,1
train,52,data_52.csv,persistent_leak,52_60_83,24,60,83,36000,49800,1,0.9751579,1
train,52,data_52.csv,persistent_leak,52_61_84,24,61,84,36600,50400,1,0.9723556,1
train,52,data_52.csv,persistent_leak,52_62_85,24,62,85,37200,51000,1,0.9701864,1
train,52,data_52.csv,persistent_leak,52_63_86,24,63,86,37800,51600,1,0.9711987,1
train,52,data_52.csv,persistent_leak,52_64_87,24,64,87,38400,52200,1,0.9708477,1
train,52,data_52.csv,persistent_leak,52_65_88,24,65,88,39000,52800,1,0.9704756,1
train,52,data_52.csv,persistent_leak,52_66_89,24,66,89,39600,53400,1,0.96720624,1
train,52,data_52.csv,persistent_leak,52_67_90,24,67,90,40200,54000,1,0.9638201,1
train,52,data_52.csv,persistent_leak,52_68_91,24,68,91,40800,54600,1,0.9599698,1
train,52,data_52.csv,persistent_leak,52_69_92,24,69,92,41400,55200,1,0.95836824,1
train,52,data_52.csv,persistent_leak,52_70_93,24,70,93,42000,55800,1,0.9578963,1
train,52,data_52.csv,persistent_leak,52_71_94,24,71,94,42600,56400,1,0.9549776,1
train,52,data_52.csv,persistent_leak,52_72_95,24,72,95,43200,57000,1,0.9494467,1
train,52,data_52.csv,persistent_leak,52_73_96,24,73,96,43800,57600,1,0.9486486,1
train,52,data_52.csv,persistent_leak,52_74_97,24,74,97,44400,58200,1,0.94479924,1
train,52,data_52.csv,persistent_leak,52_75_98,24,75,98,45000,58800,1,0.9381073,1
train,52,data_52.csv,persistent_leak,52_76_99,24,76,99,45600,59400,1,0.9380317,1
train,52,data_52.csv,persistent_leak,52_77_100,24,77,100,46200,60000,1,0.9334353,1
train,52,data_52.csv,persistent_leak,52_78_101,24,78,101,46800,60600,1,0.93062073,1
train,52,data_52.csv,persistent_leak,52_79_102,24,79,102,47400,61200,1,0.9338256,1
train,52,data_52.csv,persistent_leak,52_80_103,24,80,103,48000,61800,1,0.9359335,1
train,52,data_52.csv,persistent_leak,52_81_104,24,81,104,48600,62400,1,0.9327418,1
train,52,data_52.csv,persistent_leak,52_82_105,24,82,105,49200,63000,1,0.9340287,1
train,52,data_52.csv,persistent_leak,52_83_106,24,83,106,49800,63600,1,0.9331869,1
train,52,data_52.csv,persistent_leak,52_84_107,24,84,107,50400,64200,1,0.93605596,1
train,52,data_52.csv,persistent_leak,52_85_108,24,85,108,51000,64800,1,0.9428278,1
train,52,data_52.csv,persistent_leak,52_86_109,24,86,109,51600,65400,1,0.9477661,1
train,52,data_52.csv,persistent_leak,52_87_110,24,87,110,52200,66000,1,0.9490174,1
train,52,data_52.csv,persistent_leak,52_88_111,24,88,111,52800,66600,1,0.949145,1
train,52,data_52.csv,persistent_leak,52_89_112,24,89,112,53400,67200,1,0.9528821,1
train,52,data_52.csv,persistent_leak,52_90_113,24,90,113,54000,67800,1,0.95822257,1
train,52,data_52.csv,persistent_leak,52_91_114,24,91,114,54600,68400,1,0.9570873,1
train,52,data_52.csv,persistent_leak,52_92_115,24,92,115,55200,69000,1,0.9582667,1
train,52,data_52.csv,persistent_leak,52_93_116,24,93,116,55800,69600,1,0.96158355,1
train,52,data_52.csv,persistent_leak,52_94_117,24,94,117,56400,70200,1,0.96141726,1
train,52,data_52.csv,persistent_leak,52_95_118,24,95,118,57000,70800,1,0.96297544,1
train,52,data_52.csv,persistent_leak,52_96_119,24,96,119,57600,71400,1,0.96322113,1
train,52,data_52.csv,persistent_leak,52_97_120,24,97,120,58200,72000,1,0.95957035,1
train,52,data_52.csv,persistent_leak,52_98_121,24,98,121,58800,72600,1,0.9563779,1
train,52,data_52.csv,persistent_leak,52_99_122,24,99,122,59400,73200,1,0.9586925,1
train,52,data_52.csv,persistent_leak,52_100_123,24,100,123,60000,73800,1,0.95804954,1
train,52,data_52.csv,persistent_leak,52_101_124,24,101,124,60600,74400,1,0.9563413,1
train,52,data_52.csv,persistent_leak,52_102_125,24,102,125,61200,75000,1,0.95278317,1
train,52,data_52.csv,persistent_leak,52_103_126,24,103,126,61800,75600,1,0.94990194,1
train,52,data_52.csv,persistent_leak,52_104_127,24,104,127,62400,76200,1,0.94513553,1
train,52,data_52.csv,persistent_leak,52_105_128,24,105,128,63000,76800,1,0.94299,1
train,52,data_52.csv,persistent_leak,52_106_129,24,106,129,63600,77400,1,0.9419446,1
train,52,data_52.csv,persistent_leak,52_107_130,24,107,130,64200,78000,1,0.9426832,1
train,52,data_52.csv,persistent_leak,52_108_131,24,108,131,64800,78600,1,0.93927145,1
train,52,data_52.csv,persistent_leak,52_109_132,24,109,132,65400,79200,1,0.9327526,1
train,52,data_52.csv,persistent_leak,52_110_133,24,110,133,66000,79800,1,0.9261325,1
train,52,data_52.csv,persistent_leak,52_111_134,24,111,134,66600,80400,1,0.9196356,1
train,52,data_52.csv,persistent_leak,52_112_135,24,112,135,67200,81000,1,0.9207143,1
train,52,data_52.csv,persistent_leak,52_113_136,24,113,136,67800,81600,1,0.9107703,1
train,52,data_52.csv,persistent_leak,52_114_137,24,114,137,68400,82200,1,0.8990107,1
train,52,data_52.csv,persistent_leak,52_115_138,24,115,138,69000,82800,1,0.8876503,1
train,52,data_52.csv,persistent_leak,52_116_139,24,116,139,69600,83400,1,0.88027537,1
train,52,data_52.csv,persistent_leak,52_117_140,24,117,140,70200,84000,1,0.8784657,1
train,52,data_52.csv,persistent_leak,52_118_141,24,118,141,70800,84600,1,0.87871915,1
train,52,data_52.csv,persistent_leak,52_119_142,24,119,142,71400,85200,1,0.8581091,1
train,52,data_52.csv,persistent_leak,52_120_143,24,120,143,72000,85800,1,0.8443429,1
train,52,data_52.csv,persistent_leak,52_121_144,24,121,144,72600,86400,1,0.8343395,1
train,54,data_54.csv,persistent_leak,54_0_23,24,0,23,0,13800,1,0.5658418,1
train,54,data_54.csv,persistent_leak,54_1_24,24,1,24,600,14400,1,0.5635949,1
train,54,data_54.csv,persistent_leak,54_2_25,24,2,25,1200,15000,1,0.5600595,1
train,54,data_54.csv,persistent_leak,54_3_26,24,3,26,1800,15600,1,0.55494547,1
train,54,data_54.csv,persistent_leak,54_4_27,24,4,27,2400,16200,1,0.5523493,1
train,54,data_54.csv,persistent_leak,54_5_28,24,5,28,3000,16800,1,0.54506344,1
train,54,data_54.csv,persistent_leak,54_6_29,24,6,29,3600,17400,1,0.5406409,1
train,54,data_54.csv,persistent_leak,54_7_30,24,7,30,4200,18000,1,0.54081166,1
train,54,data_54.csv,persistent_leak,54_8_31,24,8,31,4800,18600,1,0.5377436,1
train,54,data_54.csv,persistent_leak,54_9_32,24,9,32,5400,19200,1,0.53348184,1
train,54,data_54.csv,persistent_leak,54_10_33,24,10,33,6000,19800,1,0.52925694,1
train,54,data_54.csv,persistent_leak,54_11_34,24,11,34,6600,20400,1,0.527348,1
train,54,data_54.csv,persistent_leak,54_12_35,24,12,35,7200,21000,1,0.5288281,1
train,54,data_54.csv,persistent_leak,54_13_36,24,13,36,7800,21600,1,0.5334571,1
train,54,data_54.csv,persistent_leak,54_14_37,24,14,37,8400,22200,1,0.53269887,1
train,54,data_54.csv,persistent_leak,54_15_38,24,15,38,9000,22800,1,0.5328249,1
train,54,data_54.csv,persistent_leak,54_16_39,24,16,39,9600,23400,1,0.52952975,1
train,54,data_54.csv,persistent_leak,54_17_40,24,17,40,10200,24000,1,0.5346966,1
train,54,data_54.csv,persistent_leak,54_18_41,24,18,41,10800,24600,1,0.54524964,1
train,54,data_54.csv,persistent_leak,54_19_42,24,19,42,11400,25200,1,0.55883455,1
train,54,data_54.csv,persistent_leak,54_20_43,24,20,43,12000,25800,1,0.5655734,1
train,54,data_54.csv,persistent_leak,54_21_44,24,21,44,12600,26400,1,0.5719278,1
train,54,data_54.csv,persistent_leak,54_22_45,24,22,45,13200,27000,1,0.5733886,1
train,54,data_54.csv,persistent_leak,54_23_46,24,23,46,13800,27600,1,0.58575577,1
train,54,data_54.csv,persistent_leak,54_24_47,24,24,47,14400,28200,1,0.60057217,1
train,54,data_54.csv,persistent_leak,54_25_48,24,25,48,15000,28800,1,0.61688614,1
train,54,data_54.csv,persistent_leak,54_26_49,24,26,49,15600,29400,1,0.6271615,1
train,54,data_54.csv,persistent_leak,54_27_50,24,27,50,16200,30000,1,0.6340412,1
train,54,data_54.csv,persistent_leak,54_28_51,24,28,51,16800,30600,1,0.63564855,1
train,54,data_54.csv,persistent_leak,54_29_52,24,29,52,17400,31200,1,0.6501879,1
train,54,data_54.csv,persistent_leak,54_30_53,24,30,53,18000,31800,1,0.66490823,1
train,54,data_54.csv,persistent_leak,54_31_54,24,31,54,18600,32400,1,0.68664587,1
train,54,data_54.csv,persistent_leak,54_32_55,24,32,55,19200,33000,1,0.7027038,1
train,54,data_54.csv,persistent_leak,54_33_56,24,33,56,19800,33600,1,0.7094251,1
train,54,data_54.csv,persistent_leak,54_34_57,24,34,57,20400,34200,1,0.7117051,1
train,54,data_54.csv,persistent_leak,54_35_58,24,35,58,21000,34800,1,0.73072934,1
train,54,data_54.csv,persistent_leak,54_36_59,24,36,59,21600,35400,1,0.7477021,1
train,54,data_54.csv,persistent_leak,54_37_60,24,37,60,22200,36000,1,0.7710438,1
train,54,data_54.csv,persistent_leak,54_38_61,24,38,61,22800,36600,1,0.78963816,1
train,54,data_54.csv,persistent_leak,54_39_62,24,39,62,23400,37200,1,0.7965506,1
train,54,data_54.csv,persistent_leak,54_40_63,24,40,63,24000,37800,1,0.7990998,1
train,54,data_54.csv,persistent_leak,54_41_64,24,41,64,24600,38400,1,0.81860965,1
train,54,data_54.csv,persistent_leak,54_42_65,24,42,65,25200,39000,1,0.8344951,1
train,54,data_54.csv,persistent_leak,54_43_66,24,43,66,25800,39600,1,0.8507576,1
train,54,data_54.csv,persistent_leak,54_44_67,24,44,67,26400,40200,1,0.8653561,1
train,54,data_54.csv,persistent_leak,54_45_68,24,45,68,27000,40800,1,0.8720538,1
train,54,data_54.csv,persistent_leak,54_46_69,24,46,69,27600,41400,1,0.8735113,1
train,54,data_54.csv,persistent_leak,54_47_70,24,47,70,28200,42000,1,0.88722587,1
train,54,data_54.csv,persistent_leak,54_48_71,24,48,71,28800,42600,1,0.8983541,1
train,54,data_54.csv,persistent_leak,54_49_72,24,49,72,29400,43200,1,0.9075591,1
train,54,data_54.csv,persistent_leak,54_50_73,24,50,73,30000,43800,1,0.91516554,1
train,54,data_54.csv,persistent_leak,54_51_74,24,51,74,30600,44400,1,0.9205157,1
train,54,data_54.csv,persistent_leak,54_52_75,24,52,75,31200,45000,1,0.9206735,1
train,54,data_54.csv,persistent_leak,54_53_76,24,53,76,31800,45600,1,0.92919713,1
train,54,data_54.csv,persistent_leak,54_54_77,24,54,77,32400,46200,1,0.93617505,1
train,54,data_54.csv,persistent_leak,54_55_78,24,55,78,33000,46800,1,0.9409294,1
train,54,data_54.csv,persistent_leak,54_56_79,24,56,79,33600,47400,1,0.94432944,1
train,54,data_54.csv,persistent_leak,54_57_80,24,57,80,34200,48000,1,0.9475362,1
train,54,data_54.csv,persistent_leak,54_58_81,24,58,81,34800,48600,1,0.9474132,1
train,54,data_54.csv,persistent_leak,54_59_82,24,59,82,35400,49200,1,0.9526092,1
train,54,data_54.csv,persistent_leak,54_60_83,24,60,83,36000,49800,1,0.95652366,1
train,54,data_54.csv,persistent_leak,54_61_84,24,61,84,36600,50400,1,0.95831037,1
train,54,data_54.csv,persistent_leak,54_62_85,24,62,85,37200,51000,1,0.9598291,1
train,54,data_54.csv,persistent_leak,54_63_86,24,63,86,37800,51600,1,0.96152496,1
train,54,data_54.csv,persistent_leak,54_64_87,24,64,87,38400,52200,1,0.96147764,1
train,54,data_54.csv,persistent_leak,54_65_88,24,65,88,39000,52800,1,0.96399164,1
train,54,data_54.csv,persistent_leak,54_66_89,24,66,89,39600,53400,1,0.9657133,1
train,54,data_54.csv,persistent_leak,54_67_90,24,67,90,40200,54000,1,0.9650313,1
train,54,data_54.csv,persistent_leak,54_68_91,24,68,91,40800,54600,1,0.96498334,1
train,54,data_54.csv,persistent_leak,54_69_92,24,69,92,41400,55200,1,0.96604943,1
train,54,data_54.csv,persistent_leak,54_70_93,24,70,93,42000,55800,1,0.965871,1
train,54,data_54.csv,persistent_leak,54_71_94,24,71,94,42600,56400,1,0.9661347,1
train,54,data_54.csv,persistent_leak,54_72_95,24,72,95,43200,57000,1,0.965728,1
train,54,data_54.csv,persistent_leak,54_73_96,24,73,96,43800,57600,1,0.96302694,1
train,54,data_54.csv,persistent_leak,54_74_97,24,74,97,44400,58200,1,0.96120375,1
train,54,data_54.csv,persistent_leak,54_75_98,24,75,98,45000,58800,1,0.9618407,1
train,54,data_54.csv,persistent_leak,54_76_99,24,76,99,45600,59400,1,0.9616222,1
train,54,data_54.csv,persistent_leak,54_77_100,24,77,100,46200,60000,1,0.9602604,1
train,54,data_54.csv,persistent_leak,54_78_101,24,78,101,46800,60600,1,0.9574572,1
train,54,data_54.csv,persistent_leak,54_79_102,24,79,102,47400,61200,1,0.9534208,1
train,54,data_54.csv,persistent_leak,54_80_103,24,80,103,48000,61800,1,0.94983464,1
train,54,data_54.csv,persistent_leak,54_81_104,24,81,104,48600,62400,1,0.94873214,1
train,54,data_54.csv,persistent_leak,54_82_105,24,82,105,49200,63000,1,0.948358,1
train,54,data_54.csv,persistent_leak,54_83_106,24,83,106,49800,63600,1,0.9456725,1
train,54,data_54.csv,persistent_leak,54_84_107,24,84,107,50400,64200,1,0.9405914,1
train,54,data_54.csv,persistent_leak,54_85_108,24,85,108,51000,64800,1,0.93681836,1
train,54,data_54.csv,persistent_leak,54_86_109,24,86,109,51600,65400,1,0.93189317,1
train,54,data_54.csv,persistent_leak,54_87_110,24,87,110,52200,66000,1,0.92806256,1
train,54,data_54.csv,persistent_leak,54_88_111,24,88,111,52800,66600,1,0.9278824,1
train,54,data_54.csv,persistent_leak,54_89_112,24,89,112,53400,67200,1,0.92180926,1
train,54,data_54.csv,persistent_leak,54_90_113,24,90,113,54000,67800,1,0.9153039,1
train,54,data_54.csv,persistent_leak,54_91_114,24,91,114,54600,68400,1,0.91014344,1
train,54,data_54.csv,persistent_leak,54_92_115,24,92,115,55200,69000,1,0.90480095,1
train,54,data_54.csv,persistent_leak,54_93_116,24,93,116,55800,69600,1,0.89990246,1
train,54,data_54.csv,persistent_leak,54_94_117,24,94,117,56400,70200,1,0.9002448,1
train,54,data_54.csv,persistent_leak,54_95_118,24,95,118,57000,70800,1,0.8905055,1
train,54,data_54.csv,persistent_leak,54_96_119,24,96,119,57600,71400,1,0.88196176,1
train,54,data_54.csv,persistent_leak,54_97_120,24,97,120,58200,72000,1,0.8764326,1
train,54,data_54.csv,persistent_leak,54_98_121,24,98,121,58800,72600,1,0.8718663,1
train,54,data_54.csv,persistent_leak,54_99_122,24,99,122,59400,73200,1,0.8689445,1
train,54,data_54.csv,persistent_leak,54_100_123,24,100,123,60000,73800,1,0.86911106,1
train,54,data_54.csv,persistent_leak,54_101_124,24,101,124,60600,74400,1,0.859799,1
train,54,data_54.csv,persistent_leak,54_102_125,24,102,125,61200,75000,1,0.8519609,1
train,54,data_54.csv,persistent_leak,54_103_126,24,103,126,61800,75600,1,0.8456427,1
train,54,data_54.csv,persistent_leak,54_104_127,24,104,127,62400,76200,1,0.8394851,1
train,54,data_54.csv,persistent_leak,54_105_128,24,105,128,63000,76800,1,0.83758104,1
train,54,data_54.csv,persistent_leak,54_106_129,24,106,129,63600,77400,1,0.8373726,1
train,54,data_54.csv,persistent_leak,54_107_130,24,107,130,64200,78000,1,0.8309257,1
train,54,data_54.csv,persistent_leak,54_108_131,24,108,131,64800,78600,1,0.82219005,1
train,54,data_54.csv,persistent_leak,54_109_132,24,109,132,65400,79200,1,0.8129448,1
train,54,data_54.csv,persistent_leak,54_110_133,24,110,133,66000,79800,1,0.804321,1
train,54,data_54.csv,persistent_leak,54_111_134,24,111,134,66600,80400,1,0.8016273,1
train,54,data_54.csv,persistent_leak,54_112_135,24,112,135,67200,81000,1,0.8016525,1
train,54,data_54.csv,persistent_leak,54_113_136,24,113,136,67800,81600,1,0.7908157,1
train,54,data_54.csv,persistent_leak,54_114_137,24,114,137,68400,82200,1,0.7784143,1
train,54,data_54.csv,persistent_leak,54_115_138,24,115,138,69000,82800,1,0.76654494,1
train,54,data_54.csv,persistent_leak,54_116_139,24,116,139,69600,83400,1,0.7556831,1
train,54,data_54.csv,persistent_leak,54_117_140,24,117,140,70200,84000,1,0.7531368,1
train,54,data_54.csv,persistent_leak,54_118_141,24,118,141,70800,84600,1,0.752715,1
train,54,data_54.csv,persistent_leak,54_119_142,24,119,142,71400,85200,1,0.73889625,1
train,54,data_54.csv,persistent_leak,54_120_143,24,120,143,72000,85800,1,0.72392327,1
train,54,data_54.csv,persistent_leak,54_121_144,24,121,144,72600,86400,1,0.71490926,1
train,55,data_55.csv,persistent_leak,55_0_23,24,0,23,0,13800,1,0.6081264,1
train,55,data_55.csv,persistent_leak,55_1_24,24,1,24,600,14400,1,0.6073027,1
train,55,data_55.csv,persistent_leak,55_2_25,24,2,25,1200,15000,1,0.60213333,1
train,55,data_55.csv,persistent_leak,55_3_26,24,3,26,1800,15600,1,0.59824723,1
train,55,data_55.csv,persistent_leak,55_4_27,24,4,27,2400,16200,1,0.5987772,1
train,55,data_55.csv,persistent_leak,55_5_28,24,5,28,3000,16800,1,0.5935068,1
train,55,data_55.csv,persistent_leak,55_6_29,24,6,29,3600,17400,1,0.5888202,1
train,55,data_55.csv,persistent_leak,55_7_30,24,7,30,4200,18000,1,0.5875197,1
train,55,data_55.csv,persistent_leak,55_8_31,24,8,31,4800,18600,1,0.5839461,1
train,55,data_55.csv,persistent_leak,55_9_32,24,9,32,5400,19200,1,0.5797688,1
train,55,data_55.csv,persistent_leak,55_10_33,24,10,33,6000,19800,1,0.5787343,1
train,55,data_55.csv,persistent_leak,55_11_34,24,11,34,6600,20400,1,0.5733377,1
train,55,data_55.csv,persistent_leak,55_12_35,24,12,35,7200,21000,1,0.56932396,1
train,55,data_55.csv,persistent_leak,55_13_36,24,13,36,7800,21600,1,0.56785226,1
train,55,data_55.csv,persistent_leak,55_14_37,24,14,37,8400,22200,1,0.56570274,1
train,55,data_55.csv,persistent_leak,55_15_38,24,15,38,9000,22800,1,0.56283164,1
train,55,data_55.csv,persistent_leak,55_16_39,24,16,39,9600,23400,1,0.56175333,1
train,55,data_55.csv,persistent_leak,55_17_40,24,17,40,10200,24000,1,0.55779415,1
train,55,data_55.csv,persistent_leak,55_18_41,24,18,41,10800,24600,1,0.5552108,1
train,55,data_55.csv,persistent_leak,55_19_42,24,19,42,11400,25200,1,0.5547786,1
train,55,data_55.csv,persistent_leak,55_20_43,24,20,43,12000,25800,1,0.5543072,1
train,55,data_55.csv,persistent_leak,55_21_44,24,21,44,12600,26400,1,0.55327725,1
train,55,data_55.csv,persistent_leak,55_22_45,24,22,45,13200,27000,1,0.55277884,1
train,55,data_55.csv,persistent_leak,55_23_46,24,23,46,13800,27600,1,0.55143017,1
train,55,data_55.csv,persistent_leak,55_24_47,24,24,47,14400,28200,1,0.55045474,1
train,55,data_55.csv,persistent_leak,55_25_48,24,25,48,15000,28800,1,0.55045474,1
train,55,data_55.csv,persistent_leak,55_26_49,24,26,49,15600,29400,1,0.55045474,1
train,55,data_55.csv,persistent_leak,55_27_50,24,27,50,16200,30000,1,0.55045474,1
train,55,data_55.csv,persistent_leak,55_28_51,24,28,51,16800,30600,1,0.55045474,1
train,55,data_55.csv,persistent_leak,55_29_52,24,29,52,17400,31200,1,0.55045474,1
train,55,data_55.csv,persistent_leak,55_30_53,24,30,53,18000,31800,1,0.55045474,1
train,55,data_55.csv,persistent_leak,55_31_54,24,31,54,18600,32400,1,0.5684232,1
train,55,data_55.csv,persistent_leak,55_32_55,24,32,55,19200,33000,1,0.5666968,1
train,55,data_55.csv,persistent_leak,55_33_56,24,33,56,19800,33600,1,0.56948376,1
train,55,data_55.csv,persistent_leak,55_34_57,24,34,57,20400,34200,1,0.5646877,1
train,55,data_55.csv,persistent_leak,55_35_58,24,35,58,21000,34800,1,0.5860777,1
train,55,data_55.csv,persistent_leak,55_36_59,24,36,59,21600,35400,1,0.60942966,1
train,55,data_55.csv,persistent_leak,55_37_60,24,37,60,22200,36000,1,0.6707964,1
train,55,data_55.csv,persistent_leak,55_38_61,24,38,61,22800,36600,1,0.6944374,1
train,55,data_55.csv,persistent_leak,55_39_62,24,39,62,23400,37200,1,0.70852596,1
train,55,data_55.csv,persistent_leak,55_40_63,24,40,63,24000,37800,1,0.7236863,1
train,55,data_55.csv,persistent_leak,55_41_64,24,41,64,24600,38400,1,0.7649904,1
train,55,data_55.csv,persistent_leak,55_42_65,24,42,65,25200,39000,1,0.80196863,1
train,55,data_55.csv,persistent_leak,55_43_66,24,43,66,25800,39600,1,0.8350844,1
train,55,data_55.csv,persistent_leak,55_44_67,24,44,67,26400,40200,1,0.86352354,1
train,55,data_55.csv,persistent_leak,55_45_68,24,45,68,27000,40800,1,0.87729067,1
train,55,data_55.csv,persistent_leak,55_46_69,24,46,69,27600,41400,1,0.8839787,1
train,55,data_55.csv,persistent_leak,55_47_70,24,47,70,28200,42000,1,0.9077294,1
train,55,data_55.csv,persistent_leak,55_48_71,24,48,71,28800,42600,1,0.9250807,1
train,55,data_55.csv,persistent_leak,55_49_72,24,49,72,29400,43200,1,0.9321367,1
train,55,data_55.csv,persistent_leak,55_50_73,24,50,73,30000,43800,1,0.9415332,1
train,55,data_55.csv,persistent_leak,55_51_74,24,51,74,30600,44400,1,0.94977766,1
train,55,data_55.csv,persistent_leak,55_52_75,24,52,75,31200,45000,1,0.95028126,1
train,55,data_55.csv,persistent_leak,55_53_76,24,53,76,31800,45600,1,0.95786685,1
train,55,data_55.csv,persistent_leak,55_54_77,24,54,77,32400,46200,1,0.9629434,1
train,55,data_55.csv,persistent_leak,55_55_78,24,55,78,33000,46800,1,0.96300596,1
train,55,data_55.csv,persistent_leak,55_56_79,24,56,79,33600,47400,1,0.9637597,1
train,55,data_55.csv,persistent_leak,55_57_80,24,57,80,34200,48000,1,0.96734756,1
train,55,data_55.csv,persistent_leak,55_58_81,24,58,81,34800,48600,1,0.9667067,1
train,55,data_55.csv,persistent_leak,55_59_82,24,59,82,35400,49200,1,0.9703589,1
train,55,data_55.csv,persistent_leak,55_60_83,24,60,83,36000,49800,1,0.9711203,1
train,55,data_55.csv,persistent_leak,55_61_84,24,61,84,36600,50400,1,0.9695115,1
train,55,data_55.csv,persistent_leak,55_62_85,24,62,85,37200,51000,1,0.9679216,1
train,55,data_55.csv,persistent_leak,55_63_86,24,63,86,37800,51600,1,0.9681416,1
train,55,data_55.csv,persistent_leak,55_64_87,24,64,87,38400,52200,1,0.9677825,1
train,55,data_55.csv,persistent_leak,55_65_88,24,65,88,39000,52800,1,0.9684058,1
train,55,data_55.csv,persistent_leak,55_66_89,24,66,89,39600,53400,1,0.966619,1
train,55,data_55.csv,persistent_leak,55_67_90,24,67,90,40200,54000,1,0.96701425,1
train,55,data_55.csv,persistent_leak,55_68_91,24,68,91,40800,54600,1,0.9657637,1
train,55,data_55.csv,persistent_leak,55_69_92,24,69,92,41400,55200,1,0.9635722,1
train,55,data_55.csv,persistent_leak,55_70_93,24,70,93,42000,55800,1,0.9638999,1
train,55,data_55.csv,persistent_leak,55_71_94,24,71,94,42600,56400,1,0.96277285,1
train,55,data_55.csv,persistent_leak,55_72_95,24,72,95,43200,57000,1,0.96206063,1
train,55,data_55.csv,persistent_leak,55_73_96,24,73,96,43800,57600,1,0.9659236,1
train,55,data_55.csv,persistent_leak,55_74_97,24,74,97,44400,58200,1,0.9677899,1
train,55,data_55.csv,persistent_leak,55_75_98,24,75,98,45000,58800,1,0.9664823,1
train,55,data_55.csv,persistent_leak,55_76_99,24,76,99,45600,59400,1,0.96723056,1
train,55,data_55.csv,persistent_leak,55_77_100,24,77,100,46200,60000,1,0.9683487,1
train,55,data_55.csv,persistent_leak,55_78_101,24,78,101,46800,60600,1,0.97101396,1
train,55,data_55.csv,persistent_leak,55_79_102,24,79,102,47400,61200,1,0.97525114,1
train,55,data_55.csv,persistent_leak,55_80_103,24,80,103,48000,61800,1,0.9783125,1
train,55,data_55.csv,persistent_leak,55_81_104,24,81,104,48600,62400,1,0.9789661,1
train,55,data_55.csv,persistent_leak,55_82_105,24,82,105,49200,63000,1,0.97917503,1
train,55,data_55.csv,persistent_leak,55_83_106,24,83,106,49800,63600,1,0.98158616,1
train,55,data_55.csv,persistent_leak,55_84_107,24,84,107,50400,64200,1,0.98436695,1
train,55,data_55.csv,persistent_leak,55_85_108,24,85,108,51000,64800,1,0.986471,1
train,55,data_55.csv,persistent_leak,55_86_109,24,86,109,51600,65400,1,0.98814315,1
train,55,data_55.csv,persistent_leak,55_87_110,24,87,110,52200,66000,1,0.98920363,1
train,55,data_55.csv,persistent_leak,55_88_111,24,88,111,52800,66600,1,0.9891992,1
train,55,data_55.csv,persistent_leak,55_89_112,24,89,112,53400,67200,1,0.99083006,1
train,55,data_55.csv,persistent_leak,55_90_113,24,90,113,54000,67800,1,0.9922065,1
train,55,data_55.csv,persistent_leak,55_91_114,24,91,114,54600,68400,1,0.9910948,1
train,55,data_55.csv,persistent_leak,55_92_115,24,92,115,55200,69000,1,0.990884,1
train,55,data_55.csv,persistent_leak,55_93_116,24,93,116,55800,69600,1,0.9919939,1
train,55,data_55.csv,persistent_leak,55_94_117,24,94,117,56400,70200,1,0.99194664,1
train,55,data_55.csv,persistent_leak,55_95_118,24,95,118,57000,70800,1,0.9921056,1
train,55,data_55.csv,persistent_leak,55_96_119,24,96,119,57600,71400,1,0.9915018,1
train,55,data_55.csv,persistent_leak,55_97_120,24,97,120,58200,72000,1,0.98892844,1
train,55,data_55.csv,persistent_leak,55_98_121,24,98,121,58800,72600,1,0.9866816,1
train,55,data_55.csv,persistent_leak,55_99_122,24,99,122,59400,73200,1,0.98747677,1
train,55,data_55.csv,persistent_leak,55_100_123,24,100,123,60000,73800,1,0.9874077,1
train,55,data_55.csv,persistent_leak,55_101_124,24,101,124,60600,74400,1,0.9860261,1
train,55,data_55.csv,persistent_leak,55_102_125,24,102,125,61200,75000,1,0.9825476,1
train,55,data_55.csv,persistent_leak,55_103_126,24,103,126,61800,75600,1,0.9788446,1
train,55,data_55.csv,persistent_leak,55_104_127,24,104,127,62400,76200,1,0.97326565,1
train,55,data_55.csv,persistent_leak,55_105_128,24,105,128,63000,76800,1,0.9704833,1
train,55,data_55.csv,persistent_leak,55_106_129,24,106,129,63600,77400,1,0.9699553,1
train,55,data_55.csv,persistent_leak,55_107_130,24,107,130,64200,78000,1,0.96625996,1
train,55,data_55.csv,persistent_leak,55_108_131,24,108,131,64800,78600,1,0.95693916,1
train,55,data_55.csv,persistent_leak,55_109_132,24,109,132,65400,79200,1,0.94883364,1
train,55,data_55.csv,persistent_leak,55_110_133,24,110,133,66000,79800,1,0.93620443,1
train,55,data_55.csv,persistent_leak,55_111_134,24,111,134,66600,80400,1,0.9206592,1
train,55,data_55.csv,persistent_leak,55_112_135,24,112,135,67200,81000,1,0.9214728,1
train,55,data_55.csv,persistent_leak,55_113_136,24,113,136,67800,81600,1,0.8954761,1
train,55,data_55.csv,persistent_leak,55_114_137,24,114,137,68400,82200,1,0.87096995,1
train,55,data_55.csv,persistent_leak,55_115_138,24,115,138,69000,82800,1,0.8610063,1
train,55,data_55.csv,persistent_leak,55_116_139,24,116,139,69600,83400,1,0.8459766,1
train,55,data_55.csv,persistent_leak,55_117_140,24,117,140,70200,84000,1,0.82093745,1
train,55,data_55.csv,persistent_leak,55_118_141,24,118,141,70800,84600,1,0.8202803,1
train,55,data_55.csv,persistent_leak,55_119_142,24,119,142,71400,85200,1,0.7743286,1
train,55,data_55.csv,persistent_leak,55_120_143,24,120,143,72000,85800,1,0.7492551,1
train,55,data_55.csv,persistent_leak,55_121_144,24,121,144,72600,86400,1,0.7402789,1
train,56,data_56.csv,onset_leak,56_0_23,24,0,23,0,13800,0,0.17696983,1
train,56,data_56.csv,onset_leak,56_1_24,24,1,24,600,14400,0,0.17680201,1
train,56,data_56.csv,onset_leak,56_2_25,24,2,25,1200,15000,0,0.17574562,1
train,56,data_56.csv,onset_leak,56_3_26,24,3,26,1800,15600,0,0.17550243,1
train,56,data_56.csv,onset_leak,56_4_27,24,4,27,2400,16200,0,0.17512164,1
train,56,data_56.csv,onset_leak,56_5_28,24,5,28,3000,16800,0,0.17501046,1
train,56,data_56.csv,onset_leak,56_6_29,24,6,29,3600,17400,0,0.17492534,1
train,56,data_56.csv,onset_leak,56_7_30,24,7,30,4200,18000,0,0.17519231,1
train,56,data_56.csv,onset_leak,56_8_31,24,8,31,4800,18600,0,0.17426416,1
train,56,data_56.csv,onset_leak,56_9_32,24,9,32,5400,19200,0,0.17462331,1
train,56,data_56.csv,onset_leak,56_10_33,24,10,33,6000,19800,0,0.17487836,1
train,56,data_56.csv,onset_leak,56_11_34,24,11,34,6600,20400,0,0.17524736,1
train,56,data_56.csv,onset_leak,56_12_35,24,12,35,7200,21000,0,0.17555058,1
train,56,data_56.csv,onset_leak,56_13_36,24,13,36,7800,21600,0,0.17634335,1
train,56,data_56.csv,onset_leak,56_14_37,24,14,37,8400,22200,0,0.17565913,1
train,56,data_56.csv,onset_leak,56_15_38,24,15,38,9000,22800,0,0.17670767,1
train,56,data_56.csv,onset_leak,56_16_39,24,16,39,9600,23400,0,0.17771654,1
train,56,data_56.csv,onset_leak,56_17_40,24,17,40,10200,24000,0,0.17865583,1
train,56,data_56.csv,onset_leak,56_18_41,24,18,41,10800,24600,0,0.17942178,1
train,56,data_56.csv,onset_leak,56_19_42,24,19,42,11400,25200,0,0.18077007,1
train,56,data_56.csv,onset_leak,56_20_43,24,20,43,12000,25800,0,0.18035899,1
train,56,data_56.csv,onset_leak,56_21_44,24,21,44,12600,26400,0,0.18215118,1
train,56,data_56.csv,onset_leak,56_22_45,24,22,45,13200,27000,0,0.18389255,1
train,56,data_56.csv,onset_leak,56_23_46,24,23,46,13800,27600,0,0.1854814,1
train,56,data_56.csv,onset_leak,56_24_47,24,24,47,14400,28200,0,0.18673213,1
train,56,data_56.csv,onset_leak,56_25_48,24,25,48,15000,28800,0,0.18847282,1
train,56,data_56.csv,onset_leak,56_26_49,24,26,49,15600,29400,0,0.18763122,1
train,56,data_56.csv,onset_leak,56_27_50,24,27,50,16200,30000,0,0.18980917,1
train,56,data_56.csv,onset_leak,56_28_51,24,28,51,16800,30600,0,0.19171143,1
train,56,data_56.csv,onset_leak,56_29_52,24,29,52,17400,31200,0,0.1941175,1
train,56,data_56.csv,onset_leak,56_30_53,24,30,53,18000,31800,0,0.19563885,1
train,56,data_56.csv,onset_leak,56_31_54,24,31,54,18600,32400,0,0.19755113,1
train,56,data_56.csv,onset_leak,56_32_55,24,32,55,19200,33000,0,0.19410138,1
train,56,data_56.csv,onset_leak,56_33_56,24,33,56,19800,33600,0,0.19685698,1
train,56,data_56.csv,onset_leak,56_34_57,24,34,57,20400,34200,0,0.19913603,1
train,56,data_56.csv,onset_leak,56_35_58,24,35,58,21000,34800,0,0.2022153,1
train,56,data_56.csv,onset_leak,56_36_59,24,36,59,21600,35400,0,0.2037179,1
train,56,data_56.csv,onset_leak,56_37_60,24,37,60,22200,36000,0,0.21220629,1
train,56,data_56.csv,onset_leak,56_38_61,24,38,61,22800,36600,0,0.21316153,1
train,56,data_56.csv,onset_leak,56_39_62,24,39,62,23400,37200,0,0.22079472,1
train,56,data_56.csv,onset_leak,56_40_63,24,40,63,24000,37800,0,0.22712927,1
train,56,data_56.csv,onset_leak,56_41_64,24,41,64,24600,38400,0,0.23584414,1
train,56,data_56.csv,onset_leak,56_42_65,24,42,65,25200,39000,0,0.25216618,1
train,56,data_56.csv,onset_leak,56_43_66,24,43,66,25800,39600,0,0.28532046,1
train,56,data_56.csv,onset_leak,56_44_67,24,44,67,26400,40200,0,0.29585406,1
train,56,data_56.csv,onset_leak,56_45_68,24,45,68,27000,40800,0,0.314372,1
train,56,data_56.csv,onset_leak,56_46_69,24,46,69,27600,41400,0,0.3409628,1
train,56,data_56.csv,onset_leak,56_47_70,24,47,70,28200,42000,0,0.3932969,1
train,56,data_56.csv,onset_leak,56_48_71,24,48,71,28800,42600,0,0.45243245,1
train,56,data_56.csv,onset_leak,56_49_72,24,49,72,29400,43200,1,0.6208275,1
train,56,data_56.csv,onset_leak,56_50_73,24,50,73,30000,43800,1,0.6901401,1
train,56,data_56.csv,onset_leak,56_51_74,24,51,74,30600,44400,1,0.7331056,1
train,56,data_56.csv,onset_leak,56_52_75,24,52,75,31200,45000,1,0.7662117,1
train,56,data_56.csv,onset_leak,56_53_76,24,53,76,31800,45600,1,0.82222456,1
train,56,data_56.csv,onset_leak,56_54_77,24,54,77,32400,46200,1,0.86726904,1
train,56,data_56.csv,onset_leak,56_55_78,24,55,78,33000,46800,1,0.8808335,1
train,56,data_56.csv,onset_leak,56_56_79,24,56,79,33600,47400,1,0.901578,1
train,56,data_56.csv,onset_leak,56_57_80,24,57,80,34200,48000,1,0.91859645,1
train,56,data_56.csv,onset_leak,56_58_81,24,58,81,34800,48600,1,0.9207765,1
train,56,data_56.csv,onset_leak,56_59_82,24,59,82,35400,49200,1,0.93971866,1
train,56,data_56.csv,onset_leak,56_60_83,24,60,83,36000,49800,1,0.9476217,1
train,56,data_56.csv,onset_leak,56_61_84,24,61,84,36600,50400,1,0.9534647,1
train,56,data_56.csv,onset_leak,56_62_85,24,62,85,37200,51000,1,0.9579999,1
train,56,data_56.csv,onset_leak,56_63_86,24,63,86,37800,51600,1,0.96296954,1
train,56,data_56.csv,onset_leak,56_64_87,24,64,87,38400,52200,1,0.96250254,1
train,56,data_56.csv,onset_leak,56_65_88,24,65,88,39000,52800,1,0.9666707,1
train,56,data_56.csv,onset_leak,56_66_89,24,66,89,39600,53400,1,0.9715307,1
train,56,data_56.csv,onset_leak,56_67_90,24,67,90,40200,54000,1,0.9714432,1
train,56,data_56.csv,onset_leak,56_68_91,24,68,91,40800,54600,1,0.972281,1
train,56,data_56.csv,onset_leak,56_69_92,24,69,92,41400,55200,1,0.9744426,1
train,56,data_56.csv,onset_leak,56_70_93,24,70,93,42000,55800,1,0.9743823,1
train,56,data_56.csv,onset_leak,56_71_94,24,71,94,42600,56400,1,0.97810227,1
train,56,data_56.csv,onset_leak,56_72_95,24,72,95,43200,57000,1,0.9784685,1
train,56,data_56.csv,onset_leak,56_73_96,24,73,96,43800,57600,1,0.97782797,1
train,56,data_56.csv,onset_leak,56_74_97,24,74,97,44400,58200,1,0.97734207,1
train,56,data_56.csv,onset_leak,56_75_98,24,75,98,45000,58800,1,0.9770165,1
train,56,data_56.csv,onset_leak,56_76_99,24,76,99,45600,59400,1,0.9769793,1
train,56,data_56.csv,onset_leak,56_77_100,24,77,100,46200,60000,1,0.97625023,1
train,56,data_56.csv,onset_leak,56_78_101,24,78,101,46800,60600,1,0.975471,1
train,56,data_56.csv,onset_leak,56_79_102,24,79,102,47400,61200,1,0.97548115,1
train,56,data_56.csv,onset_leak,56_80_103,24,80,103,48000,61800,1,0.97518593,1
train,56,data_56.csv,onset_leak,56_81_104,24,81,104,48600,62400,1,0.9747502,1
train,56,data_56.csv,onset_leak,56_82_105,24,82,105,49200,63000,1,0.97478354,1
train,56,data_56.csv,onset_leak,56_83_106,24,83,106,49800,63600,1,0.97442156,1
train,56,data_56.csv,onset_leak,56_84_107,24,84,107,50400,64200,1,0.97417825,1
train,56,data_56.csv,onset_leak,56_85_108,24,85,108,51000,64800,1,0.97521794,1
train,56,data_56.csv,onset_leak,56_86_109,24,86,109,51600,65400,1,0.9756572,1
train,56,data_56.csv,onset_leak,56_87_110,24,87,110,52200,66000,1,0.97527826,1
train,56,data_56.csv,onset_leak,56_88_111,24,88,111,52800,66600,1,0.97548795,1
train,56,data_56.csv,onset_leak,56_89_112,24,89,112,53400,67200,1,0.97588867,1
train,56,data_56.csv,onset_leak,56_90_113,24,90,113,54000,67800,1,0.9766624,1
train,56,data_56.csv,onset_leak,56_91_114,24,91,114,54600,68400,1,0.97598016,1
train,56,data_56.csv,onset_leak,56_92_115,24,92,115,55200,69000,1,0.9761193,1
train,56,data_56.csv,onset_leak,56_93_116,24,93,116,55800,69600,1,0.9765438,1
train,56,data_56.csv,onset_leak,56_94_117,24,94,117,56400,70200,1,0.9765613,1
train,56,data_56.csv,onset_leak,56_95_118,24,95,118,57000,70800,1,0.9763073,1
train,56,data_56.csv,onset_leak,56_96_119,24,96,119,57600,71400,1,0.975962,1
train,56,data_56.csv,onset_leak,56_97_120,24,97,120,58200,72000,1,0.97424966,1
train,56,data_56.csv,onset_leak,56_98_121,24,98,121,58800,72600,1,0.9730576,1
train,56,data_56.csv,onset_leak,56_99_122,24,99,122,59400,73200,1,0.9735457,1
train,56,data_56.csv,onset_leak,56_100_123,24,100,123,60000,73800,1,0.97342783,1
train,56,data_56.csv,onset_leak,56_101_124,24,101,124,60600,74400,1,0.97226644,1
train,56,data_56.csv,onset_leak,56_102_125,24,102,125,61200,75000,1,0.9706556,1
train,56,data_56.csv,onset_leak,56_103_126,24,103,126,61800,75600,1,0.96774274,1
train,56,data_56.csv,onset_leak,56_104_127,24,104,127,62400,76200,1,0.96527326,1
train,56,data_56.csv,onset_leak,56_105_128,24,105,128,63000,76800,1,0.964729,1
train,56,data_56.csv,onset_leak,56_106_129,24,106,129,63600,77400,1,0.96434,1
train,56,data_56.csv,onset_leak,56_107_130,24,107,130,64200,78000,1,0.96305406,1
train,56,data_56.csv,onset_leak,56_108_131,24,108,131,64800,78600,1,0.9594271,1
train,56,data_56.csv,onset_leak,56_109_132,24,109,132,65400,79200,1,0.954073,1
train,56,data_56.csv,onset_leak,56_110_133,24,110,133,66000,79800,1,0.94901526,1
train,56,data_56.csv,onset_leak,56_111_134,24,111,134,66600,80400,1,0.9474993,1
train,56,data_56.csv,onset_leak,56_112_135,24,112,135,67200,81000,1,0.9478305,1
train,56,data_56.csv,onset_leak,56_113_136,24,113,136,67800,81600,1,0.94130975,1
train,56,data_56.csv,onset_leak,56_114_137,24,114,137,68400,82200,1,0.9321879,1
train,56,data_56.csv,onset_leak,56_115_138,24,115,138,69000,82800,1,0.9215034,1
train,56,data_56.csv,onset_leak,56_116_139,24,116,139,69600,83400,1,0.91134447,1
train,56,data_56.csv,onset_leak,56_117_140,24,117,140,70200,84000,1,0.90959835,1
train,56,data_56.csv,onset_leak,56_118_141,24,118,141,70800,84600,1,0.9096613,1
train,56,data_56.csv,onset_leak,56_119_142,24,119,142,71400,85200,1,0.8940152,1
train,56,data_56.csv,onset_leak,56_120_143,24,120,143,72000,85800,1,0.8756698,1
train,56,data_56.csv,onset_leak,56_121_144,24,121,144,72600,86400,1,0.83522516,1
train,57,data_57.csv,onset_leak,57_0_23,24,0,23,0,13800,0,0.17898911,1
train,57,data_57.csv,onset_leak,57_1_24,24,1,24,600,14400,0,0.18023755,1
train,57,data_57.csv,onset_leak,57_2_25,24,2,25,1200,15000,0,0.18037407,1
train,57,data_57.csv,onset_leak,57_3_26,24,3,26,1800,15600,0,0.18206826,1
train,57,data_57.csv,onset_leak,57_4_27,24,4,27,2400,16200,0,0.18379584,1
train,57,data_57.csv,onset_leak,57_5_28,24,5,28,3000,16800,0,0.18523084,1
train,57,data_57.csv,onset_leak,57_6_29,24,6,29,3600,17400,0,0.18636693,1
train,57,data_57.csv,onset_leak,57_7_30,24,7,30,4200,18000,0,0.18788049,1
train,57,data_57.csv,onset_leak,57_8_31,24,8,31,4800,18600,0,0.18822812,1
train,57,data_57.csv,onset_leak,57_9_32,24,9,32,5400,19200,0,0.190308,1
train,57,data_57.csv,onset_leak,57_10_33,24,10,33,6000,19800,0,0.19247477,1
train,57,data_57.csv,onset_leak,57_11_34,24,11,34,6600,20400,0,0.19420482,1
train,57,data_57.csv,onset_leak,57_12_35,24,12,35,7200,21000,0,0.195587,1
train,57,data_57.csv,onset_leak,57_13_36,24,13,36,7800,21600,0,0.19739118,1
train,57,data_57.csv,onset_leak,57_14_37,24,14,37,8400,22200,0,0.19798288,1
train,57,data_57.csv,onset_leak,57_15_38,24,15,38,9000,22800,0,0.20040473,1
train,57,data_57.csv,onset_leak,57_16_39,24,16,39,9600,23400,0,0.20294695,1
train,57,data_57.csv,onset_leak,57_17_40,24,17,40,10200,24000,0,0.20498921,1
train,57,data_57.csv,onset_leak,57_18_41,24,18,41,10800,24600,0,0.20661075,1
train,57,data_57.csv,onset_leak,57_19_42,24,19,42,11400,25200,0,0.2085629,1
train,57,data_57.csv,onset_leak,57_20_43,24,20,43,12000,25800,0,0.20912977,1
train,57,data_57.csv,onset_leak,57_21_44,24,21,44,12600,26400,0,0.21174708,1
train,57,data_57.csv,onset_leak,57_22_45,24,22,45,13200,27000,0,0.21431845,1
train,57,data_57.csv,onset_leak,57_23_46,24,23,46,13800,27600,0,0.2165986,1
train,57,data_57.csv,onset_leak,57_24_47,24,24,47,14400,28200,0,0.21832342,1
train,57,data_57.csv,onset_leak,57_25_48,24,25,48,15000,28800,0,0.22016604,1
train,57,data_57.csv,onset_leak,57_26_49,24,26,49,15600,29400,0,0.21998736,1
train,57,data_57.csv,onset_leak,57_27_50,24,27,50,16200,30000,0,0.22247775,1
train,57,data_57.csv,onset_leak,57_28_51,24,28,51,16800,30600,0,0.22471558,1
train,57,data_57.csv,onset_leak,57_29_52,24,29,52,17400,31200,0,0.22707881,1
train,57,data_57.csv,onset_leak,57_30_53,24,30,53,18000,31800,0,0.22867438,1
train,57,data_57.csv,onset_leak,57_31_54,24,31,54,18600,32400,0,0.23058641,1
train,57,data_57.csv,onset_leak,57_32_55,24,32,55,19200,33000,0,0.22738926,1
train,57,data_57.csv,onset_leak,57_33_56,24,33,56,19800,33600,0,0.22870798,1
train,57,data_57.csv,onset_leak,57_34_57,24,34,57,20400,34200,0,0.23043562,1
train,57,data_57.csv,onset_leak,57_35_58,24,35,58,21000,34800,0,0.2331767,1
train,57,data_57.csv,onset_leak,57_36_59,24,36,59,21600,35400,0,0.23407425,1
train,57,data_57.csv,onset_leak,57_37_60,24,37,60,22200,36000,0,0.24067998,1
train,57,data_57.csv,onset_leak,57_38_61,24,38,61,22800,36600,0,0.23700956,1
train,57,data_57.csv,onset_leak,57_39_62,24,39,62,23400,37200,0,0.24386886,1
train,57,data_57.csv,onset_leak,57_40_63,24,40,63,24000,37800,0,0.24910444,1
train,57,data_57.csv,onset_leak,57_41_64,24,41,64,24600,38400,0,0.2562078,1
train,57,data_57.csv,onset_leak,57_42_65,24,42,65,25200,39000,0,0.26539183,1
train,57,data_57.csv,onset_leak,57_43_66,24,43,66,25800,39600,0,0.28493688,1
train,57,data_57.csv,onset_leak,57_44_67,24,44,67,26400,40200,0,0.2920474,1
train,57,data_57.csv,onset_leak,57_45_68,24,45,68,27000,40800,0,0.303962,1
train,57,data_57.csv,onset_leak,57_46_69,24,46,69,27600,41400,0,0.32398465,1
train,57,data_57.csv,onset_leak,57_47_70,24,47,70,28200,42000,0,0.35341734,1
train,57,data_57.csv,onset_leak,57_48_71,24,48,71,28800,42600,0,0.38596037,1
train,57,data_57.csv,onset_leak,57_49_72,24,49,72,29400,43200,1,0.5281303,1
train,57,data_57.csv,onset_leak,57_50_73,24,50,73,30000,43800,1,0.59898907,1
train,57,data_57.csv,onset_leak,57_51_74,24,51,74,30600,44400,1,0.64577556,1
train,57,data_57.csv,onset_leak,57_52_75,24,52,75,31200,45000,1,0.6926445,1
train,57,data_57.csv,onset_leak,57_53_76,24,53,76,31800,45600,1,0.7556376,1
train,57,data_57.csv,onset_leak,57_54_77,24,54,77,32400,46200,1,0.8086461,1
train,57,data_57.csv,onset_leak,57_55_78,24,55,78,33000,46800,1,0.8216656,1
train,57,data_57.csv,onset_leak,57_56_79,24,56,79,33600,47400,1,0.8487913,1
train,57,data_57.csv,onset_leak,57_57_80,24,57,80,34200,48000,1,0.8710952,1
train,57,data_57.csv,onset_leak,57_58_81,24,58,81,34800,48600,1,0.8735908,1
train,57,data_57.csv,onset_leak,57_59_82,24,59,82,35400,49200,1,0.8991112,1
train,57,data_57.csv,onset_leak,57_60_83,24,60,83,36000,49800,1,0.9098065,1
train,57,data_57.csv,onset_leak,57_61_84,24,61,84,36600,50400,1,0.9172134,1
train,57,data_57.csv,onset_leak,57_62_85,24,62,85,37200,51000,1,0.92252284,1
train,57,data_57.csv,onset_leak,57_63_86,24,63,86,37800,51600,1,0.9301335,1
train,57,data_57.csv,onset_leak,57_64_87,24,64,87,38400,52200,1,0.9292427,1
train,57,data_57.csv,onset_leak,57_65_88,24,65,88,39000,52800,1,0.93495613,1
train,57,data_57.csv,onset_leak,57_66_89,24,66,89,39600,53400,1,0.94262445,1
train,57,data_57.csv,onset_leak,57_67_90,24,67,90,40200,54000,1,0.94180244,1
train,57,data_57.csv,onset_leak,57_68_91,24,68,91,40800,54600,1,0.9418776,1
train,57,data_57.csv,onset_leak,57_69_92,24,69,92,41400,55200,1,0.94525266,1
train,57,data_57.csv,onset_leak,57_70_93,24,70,93,42000,55800,1,0.9451848,1
train,57,data_57.csv,onset_leak,57_71_94,24,71,94,42600,56400,1,0.9518438,1
train,57,data_57.csv,onset_leak,57_72_95,24,72,95,43200,57000,1,0.9519786,1
train,57,data_57.csv,onset_leak,57_73_96,24,73,96,43800,57600,1,0.9506926,1
train,57,data_57.csv,onset_leak,57_74_97,24,74,97,44400,58200,1,0.9493209,1
train,57,data_57.csv,onset_leak,57_75_98,24,75,98,45000,58800,1,0.94783396,1
train,57,data_57.csv,onset_leak,57_76_99,24,76,99,45600,59400,1,0.9478756,1
train,57,data_57.csv,onset_leak,57_77_100,24,77,100,46200,60000,1,0.9454987,1
train,57,data_57.csv,onset_leak,57_78_101,24,78,101,46800,60600,1,0.9433946,1
train,57,data_57.csv,onset_leak,57_79_102,24,79,102,47400,61200,1,0.94221544,1
train,57,data_57.csv,onset_leak,57_80_103,24,80,103,48000,61800,1,0.9411111,1
train,57,data_57.csv,onset_leak,57_81_104,24,81,104,48600,62400,1,0.9399963,1
train,57,data_57.csv,onset_leak,57_82_105,24,82,105,49200,63000,1,0.940035,1
train,57,data_57.csv,onset_leak,57_83_106,24,83,106,49800,63600,1,0.9378943,1
train,57,data_57.csv,onset_leak,57_84_107,24,84,107,50400,64200,1,0.93616766,1
train,57,data_57.csv,onset_leak,57_85_108,24,85,108,51000,64800,1,0.9345322,1
train,57,data_57.csv,onset_leak,57_86_109,24,86,109,51600,65400,1,0.9333614,1
train,57,data_57.csv,onset_leak,57_87_110,24,87,110,52200,66000,1,0.9327129,1
train,57,data_57.csv,onset_leak,57_88_111,24,88,111,52800,66600,1,0.9326295,1
train,57,data_57.csv,onset_leak,57_89_112,24,89,112,53400,67200,1,0.93074226,1
train,57,data_57.csv,onset_leak,57_90_113,24,90,113,54000,67800,1,0.92878884,1
train,57,data_57.csv,onset_leak,57_91_114,24,91,114,54600,68400,1,0.923516,1
train,57,data_57.csv,onset_leak,57_92_115,24,92,115,55200,69000,1,0.92094284,1
train,57,data_57.csv,onset_leak,57_93_116,24,93,116,55800,69600,1,0.92096084,1
train,57,data_57.csv,onset_leak,57_94_117,24,94,117,56400,70200,1,0.92065036,1
train,57,data_57.csv,onset_leak,57_95_118,24,95,118,57000,70800,1,0.91701007,1
train,57,data_57.csv,onset_leak,57_96_119,24,96,119,57600,71400,1,0.91152275,1
train,57,data_57.csv,onset_leak,57_97_120,24,97,120,58200,72000,1,0.9034095,1
train,57,data_57.csv,onset_leak,57_98_121,24,98,121,58800,72600,1,0.89783335,1
train,57,data_57.csv,onset_leak,57_99_122,24,99,122,59400,73200,1,0.89784473,1
train,57,data_57.csv,onset_leak,57_100_123,24,100,123,60000,73800,1,0.8976711,1
train,57,data_57.csv,onset_leak,57_101_124,24,101,124,60600,74400,1,0.89097077,1
train,57,data_57.csv,onset_leak,57_102_125,24,102,125,61200,75000,1,0.8815035,1
train,57,data_57.csv,onset_leak,57_103_126,24,103,126,61800,75600,1,0.8738315,1
train,57,data_57.csv,onset_leak,57_104_127,24,104,127,62400,76200,1,0.8642586,1
train,57,data_57.csv,onset_leak,57_105_128,24,105,128,63000,76800,1,0.8600242,1
train,57,data_57.csv,onset_leak,57_106_129,24,106,129,63600,77400,1,0.85920966,1
train,57,data_57.csv,onset_leak,57_107_130,24,107,130,64200,78000,1,0.8505931,1
train,57,data_57.csv,onset_leak,57_108_131,24,108,131,64800,78600,1,0.8382525,1
train,57,data_57.csv,onset_leak,57_109_132,24,109,132,65400,79200,1,0.8288739,1
train,57,data_57.csv,onset_leak,57_110_133,24,110,133,66000,79800,1,0.81800675,1
train,57,data_57.csv,onset_leak,57_111_134,24,111,134,66600,80400,1,0.8090009,1
train,57,data_57.csv,onset_leak,57_112_135,24,112,135,67200,81000,1,0.80862796,1
train,57,data_57.csv,onset_leak,57_113_136,24,113,136,67800,81600,1,0.7933588,1
train,57,data_57.csv,onset_leak,57_114_137,24,114,137,68400,82200,1,0.7787049,1
train,57,data_57.csv,onset_leak,57_115_138,24,115,138,69000,82800,1,0.7717452,1
train,57,data_57.csv,onset_leak,57_116_139,24,116,139,69600,83400,1,0.76387316,1
train,57,data_57.csv,onset_leak,57_117_140,24,117,140,70200,84000,1,0.7553386,1
train,57,data_57.csv,onset_leak,57_118_141,24,118,141,70800,84600,1,0.7549606,1
train,57,data_57.csv,onset_leak,57_119_142,24,119,142,71400,85200,1,0.73919994,1
train,57,data_57.csv,onset_leak,57_120_143,24,120,143,72000,85800,1,0.7288897,1
train,57,data_57.csv,onset_leak,57_121_144,24,121,144,72600,86400,1,0.6883037,1
train,58,data_58.csv,onset_leak,58_0_23,24,0,23,0,13800,0,0.1942428,1
train,58,data_58.csv,onset_leak,58_1_24,24,1,24,600,14400,0,0.18793523,1
train,58,data_58.csv,onset_leak,58_2_25,24,2,25,1200,15000,0,0.17632209,1
train,58,data_58.csv,onset_leak,58_3_26,24,3,26,1800,15600,0,0.16683364,1
train,58,data_58.csv,onset_leak,58_4_27,24,4,27,2400,16200,0,0.15611342,1
train,58,data_58.csv,onset_leak,58_5_28,24,5,28,3000,16800,0,0.15126406,1
train,58,data_58.csv,onset_leak,58_6_29,24,6,29,3600,17400,0,0.14716797,1
train,58,data_58.csv,onset_leak,58_7_30,24,7,30,4200,18000,0,0.14338276,1
train,58,data_58.csv,onset_leak,58_8_31,24,8,31,4800,18600,0,0.13321345,1
train,58,data_58.csv,onset_leak,58_9_32,24,9,32,5400,19200,0,0.13161525,1
train,58,data_58.csv,onset_leak,58_10_33,24,10,33,6000,19800,0,0.12916823,1
train,58,data_58.csv,onset_leak,58_11_34,24,11,34,6600,20400,0,0.12871525,1
train,58,data_58.csv,onset_leak,58_12_35,24,12,35,7200,21000,0,0.12798856,1
train,58,data_58.csv,onset_leak,58_13_36,24,13,36,7800,21600,0,0.13093483,1
train,58,data_58.csv,onset_leak,58_14_37,24,14,37,8400,22200,0,0.12637003,1
train,58,data_58.csv,onset_leak,58_15_38,24,15,38,9000,22800,0,0.12978801,1
train,58,data_58.csv,onset_leak,58_16_39,24,16,39,9600,23400,0,0.1351716,1
train,58,data_58.csv,onset_leak,58_17_40,24,17,40,10200,24000,0,0.1394472,1
train,58,data_58.csv,onset_leak,58_18_41,24,18,41,10800,24600,0,0.1484542,1
train,58,data_58.csv,onset_leak,58_19_42,24,19,42,11400,25200,0,0.16338225,1
train,58,data_58.csv,onset_leak,58_20_43,24,20,43,12000,25800,0,0.17087139,1
train,58,data_58.csv,onset_leak,58_21_44,24,21,44,12600,26400,0,0.1836304,1
train,58,data_58.csv,onset_leak,58_22_45,24,22,45,13200,27000,0,0.2024994,1
train,58,data_58.csv,onset_leak,58_23_46,24,23,46,13800,27600,0,0.21614215,1
train,58,data_58.csv,onset_leak,58_24_47,24,24,47,14400,28200,0,0.23434584,1
train,58,data_58.csv,onset_leak,58_25_48,24,25,48,15000,28800,0,0.25985608,1
train,58,data_58.csv,onset_leak,58_26_49,24,26,49,15600,29400,0,0.27799264,1
train,58,data_58.csv,onset_leak,58_27_50,24,27,50,16200,30000,0,0.30243236,1
train,58,data_58.csv,onset_leak,58_28_51,24,28,51,16800,30600,0,0.32635096,1
train,58,data_58.csv,onset_leak,58_29_52,24,29,52,17400,31200,0,0.36570886,1
train,58,data_58.csv,onset_leak,58_30_53,24,30,53,18000,31800,0,0.40594682,1
train,58,data_58.csv,onset_leak,58_31_54,24,31,54,18600,32400,0,0.4346201,1
train,58,data_58.csv,onset_leak,58_32_55,24,32,55,19200,33000,0,0.43910438,1
train,58,data_58.csv,onset_leak,58_33_56,24,33,56,19800,33600,0,0.47190842,1
train,58,data_58.csv,onset_leak,58_34_57,24,34,57,20400,34200,0,0.49784413,1
train,58,data_58.csv,onset_leak,58_35_58,24,35,58,21000,34800,0,0.5291362,1
train,58,data_58.csv,onset_leak,58_36_59,24,36,59,21600,35400,0,0.5652332,1
train,58,data_58.csv,onset_leak,58_37_60,24,37,60,22200,36000,0,0.5746216,1
train,58,data_58.csv,onset_leak,58_38_61,24,38,61,22800,36600,0,0.5648801,1
train,58,data_58.csv,onset_leak,58_39_62,24,39,62,23400,37200,0,0.58592784,1
train,58,data_58.csv,onset_leak,58_40_63,24,40,63,24000,37800,0,0.59618837,1
train,58,data_58.csv,onset_leak,58_41_64,24,41,64,24600,38400,0,0.6169337,1
train,58,data_58.csv,onset_leak,58_42_65,24,42,65,25200,39000,0,0.6235243,1
train,58,data_58.csv,onset_leak,58_43_66,24,43,66,25800,39600,0,0.62872636,1
train,58,data_58.csv,onset_leak,58_44_67,24,44,67,26400,40200,0,0.6186309,1
train,58,data_58.csv,onset_leak,58_45_68,24,45,68,27000,40800,0,0.62112856,1
train,58,data_58.csv,onset_leak,58_46_69,24,46,69,27600,41400,0,0.6204207,1
train,58,data_58.csv,onset_leak,58_47_70,24,47,70,28200,42000,0,0.6435264,1
train,58,data_58.csv,onset_leak,58_48_71,24,48,71,28800,42600,0,0.66344225,1
train,58,data_58.csv,onset_leak,58_49_72,24,49,72,29400,43200,1,0.7128377,1
train,58,data_58.csv,onset_leak,58_50_73,24,50,73,30000,43800,1,0.72195834,1
train,58,data_58.csv,onset_leak,58_51_74,24,51,74,30600,44400,1,0.70456856,1
train,58,data_58.csv,onset_leak,58_52_75,24,52,75,31200,45000,1,0.7273348,1
train,58,data_58.csv,onset_leak,58_53_76,24,53,76,31800,45600,1,0.76281714,1
train,58,data_58.csv,onset_leak,58_54_77,24,54,77,32400,46200,1,0.8156099,1
train,58,data_58.csv,onset_leak,58_55_78,24,55,78,33000,46800,1,0.8244944,1
train,58,data_58.csv,onset_leak,58_56_79,24,56,79,33600,47400,1,0.8542292,1
train,58,data_58.csv,onset_leak,58_57_80,24,57,80,34200,48000,1,0.8729251,1
train,58,data_58.csv,onset_leak,58_58_81,24,58,81,34800,48600,1,0.8753546,1
train,58,data_58.csv,onset_leak,58_59_82,24,59,82,35400,49200,1,0.9022727,1
train,58,data_58.csv,onset_leak,58_60_83,24,60,83,36000,49800,1,0.9161815,1
train,58,data_58.csv,onset_leak,58_61_84,24,61,84,36600,50400,1,0.92371184,1
train,58,data_58.csv,onset_leak,58_62_85,24,62,85,37200,51000,1,0.92791104,1
train,58,data_58.csv,onset_leak,58_63_86,24,63,86,37800,51600,1,0.93832767,1
train,58,data_58.csv,onset_leak,58_64_87,24,64,87,38400,52200,1,0.93751705,1
train,58,data_58.csv,onset_leak,58_65_88,24,65,88,39000,52800,1,0.94321287,1
train,58,data_58.csv,onset_leak,58_66_89,24,66,89,39600,53400,1,0.9510419,1
train,58,data_58.csv,onset_leak,58_67_90,24,67,90,40200,54000,1,0.94951147,1
train,58,data_58.csv,onset_leak,58_68_91,24,68,91,40800,54600,1,0.947699,1
train,58,data_58.csv,onset_leak,58_69_92,24,69,92,41400,55200,1,0.95117235,1
train,58,data_58.csv,onset_leak,58_70_93,24,70,93,42000,55800,1,0.95006466,1
train,58,data_58.csv,onset_leak,58_71_94,24,71,94,42600,56400,1,0.95806265,1
train,58,data_58.csv,onset_leak,58_72_95,24,72,95,43200,57000,1,0.9570326,1
train,58,data_58.csv,onset_leak,58_73_96,24,73,96,43800,57600,1,0.95607555,1
train,58,data_58.csv,onset_leak,58_74_97,24,74,97,44400,58200,1,0.95391303,1
train,58,data_58.csv,onset_leak,58_75_98,24,75,98,45000,58800,1,0.95078385,1
train,58,data_58.csv,onset_leak,58_76_99,24,76,99,45600,59400,1,0.9509093,1
train,58,data_58.csv,onset_leak,58_77_100,24,77,100,46200,60000,1,0.9489824,1
train,58,data_58.csv,onset_leak,58_78_101,24,78,101,46800,60600,1,0.94699556,1
train,58,data_58.csv,onset_leak,58_79_102,24,79,102,47400,61200,1,0.9477502,1
train,58,data_58.csv,onset_leak,58_80_103,24,80,103,48000,61800,1,0.94789016,1
train,58,data_58.csv,onset_leak,58_81_104,24,81,104,48600,62400,1,0.945588,1
train,58,data_58.csv,onset_leak,58_82_105,24,82,105,49200,63000,1,0.94621027,1
train,58,data_58.csv,onset_leak,58_83_106,24,83,106,49800,63600,1,0.9443517,1
train,58,data_58.csv,onset_leak,58_84_107,24,84,107,50400,64200,1,0.9443328,1
train,58,data_58.csv,onset_leak,58_85_108,24,85,108,51000,64800,1,0.94726044,1
train,58,data_58.csv,onset_leak,58_86_109,24,86,109,51600,65400,1,0.9493408,1
train,58,data_58.csv,onset_leak,58_87_110,24,87,110,52200,66000,1,0.9495464,1
train,58,data_58.csv,onset_leak,58_88_111,24,88,111,52800,66600,1,0.94955164,1
train,58,data_58.csv,onset_leak,58_89_112,24,89,112,53400,67200,1,0.9508037,1
train,58,data_58.csv,onset_leak,58_90_113,24,90,113,54000,67800,1,0.9534497,1
train,58,data_58.csv,onset_leak,58_91_114,24,91,114,54600,68400,1,0.9562847,1
train,58,data_58.csv,onset_leak,58_92_115,24,92,115,55200,69000,1,0.9584736,1
train,58,data_58.csv,onset_leak,58_93_116,24,93,116,55800,69600,1,0.9596902,1
train,58,data_58.csv,onset_leak,58_94_117,24,94,117,56400,70200,1,0.9598313,1
train,58,data_58.csv,onset_leak,58_95_118,24,95,118,57000,70800,1,0.962553,1
train,58,data_58.csv,onset_leak,58_96_119,24,96,119,57600,71400,1,0.96498966,1
train,58,data_58.csv,onset_leak,58_97_120,24,97,120,58200,72000,1,0.9648698,1
train,58,data_58.csv,onset_leak,58_98_121,24,98,121,58800,72600,1,0.96557283,1
train,58,data_58.csv,onset_leak,58_99_122,24,99,122,59400,73200,1,0.9669403,1
train,58,data_58.csv,onset_leak,58_100_123,24,100,123,60000,73800,1,0.9668401,1
train,58,data_58.csv,onset_leak,58_101_124,24,101,124,60600,74400,1,0.96760845,1
train,58,data_58.csv,onset_leak,58_102_125,24,102,125,61200,75000,1,0.9679367,1
train,58,data_58.csv,onset_leak,58_103_126,24,103,126,61800,75600,1,0.9666567,1
train,58,data_58.csv,onset_leak,58_104_127,24,104,127,62400,76200,1,0.96568555,1
train,58,data_58.csv,onset_leak,58_105_128,24,105,128,63000,76800,1,0.9663421,1
train,58,data_58.csv,onset_leak,58_106_129,24,106,129,63600,77400,1,0.96604264,1
train,58,data_58.csv,onset_leak,58_107_130,24,107,130,64200,78000,1,0.96564716,1
train,58,data_58.csv,onset_leak,58_108_131,24,108,131,64800,78600,1,0.9645463,1
train,58,data_58.csv,onset_leak,58_109_132,24,109,132,65400,79200,1,0.9596024,1
train,58,data_58.csv,onset_leak,58_110_133,24,110,133,66000,79800,1,0.95656604,1
train,58,data_58.csv,onset_leak,58_111_134,24,111,134,66600,80400,1,0.95702136,1
train,58,data_58.csv,onset_leak,58_112_135,24,112,135,67200,81000,1,0.9569826,1
train,58,data_58.csv,onset_leak,58_113_136,24,113,136,67800,81600,1,0.9543904,1
train,58,data_58.csv,onset_leak,58_114_137,24,114,137,68400,82200,1,0.9483797,1
train,58,data_58.csv,onset_leak,58_115_138,24,115,138,69000,82800,1,0.9388391,1
train,58,data_58.csv,onset_leak,58_116_139,24,116,139,69600,83400,1,0.930771,1
train,58,data_58.csv,onset_leak,58_117_140,24,117,140,70200,84000,1,0.93108225,1
train,58,data_58.csv,onset_leak,58_118_141,24,118,141,70800,84600,1,0.93115544,1
train,58,data_58.csv,onset_leak,58_119_142,24,119,142,71400,85200,1,0.91986626,1
train,58,data_58.csv,onset_leak,58_120_143,24,120,143,72000,85800,1,0.9035468,1
train,58,data_58.csv,onset_leak,58_121_144,24,121,144,72600,86400,1,0.8693665,1
train,60,data_60.csv,onset_leak,60_0_23,24,0,23,0,13800,0,0.19936109,1
train,60,data_60.csv,onset_leak,60_1_24,24,1,24,600,14400,0,0.19612469,1
train,60,data_60.csv,onset_leak,60_2_25,24,2,25,1200,15000,0,0.18905309,1
train,60,data_60.csv,onset_leak,60_3_26,24,3,26,1800,15600,0,0.18372856,1
train,60,data_60.csv,onset_leak,60_4_27,24,4,27,2400,16200,0,0.1785064,1
train,60,data_60.csv,onset_leak,60_5_28,24,5,28,3000,16800,0,0.17504151,1
train,60,data_60.csv,onset_leak,60_6_29,24,6,29,3600,17400,0,0.17269692,1
train,60,data_60.csv,onset_leak,60_7_30,24,7,30,4200,18000,0,0.17239264,1
train,60,data_60.csv,onset_leak,60_8_31,24,8,31,4800,18600,0,0.16915403,1
train,60,data_60.csv,onset_leak,60_9_32,24,9,32,5400,19200,0,0.16975197,1
train,60,data_60.csv,onset_leak,60_10_33,24,10,33,6000,19800,0,0.1695393,1
train,60,data_60.csv,onset_leak,60_11_34,24,11,34,6600,20400,0,0.17024985,1
train,60,data_60.csv,onset_leak,60_12_35,24,12,35,7200,21000,0,0.17021565,1
train,60,data_60.csv,onset_leak,60_13_36,24,13,36,7800,21600,0,0.17141314,1
train,60,data_60.csv,onset_leak,60_14_37,24,14,37,8400,22200,0,0.16868664,1
train,60,data_60.csv,onset_leak,60_15_38,24,15,38,9000,22800,0,0.17041211,1
train,60,data_60.csv,onset_leak,60_16_39,24,16,39,9600,23400,0,0.17382999,1
train,60,data_60.csv,onset_leak,60_17_40,24,17,40,10200,24000,0,0.17548141,1
train,60,data_60.csv,onset_leak,60_18_41,24,18,41,10800,24600,0,0.17780542,1
train,60,data_60.csv,onset_leak,60_19_42,24,19,42,11400,25200,0,0.1825969,1
train,60,data_60.csv,onset_leak,60_20_43,24,20,43,12000,25800,0,0.18378212,1
train,60,data_60.csv,onset_leak,60_21_44,24,21,44,12600,26400,0,0.19145338,1
train,60,data_60.csv,onset_leak,60_22_45,24,22,45,13200,27000,0,0.19904728,1
train,60,data_60.csv,onset_leak,60_23_46,24,23,46,13800,27600,0,0.204677,1
train,60,data_60.csv,onset_leak,60_24_47,24,24,47,14400,28200,0,0.20985766,1
train,60,data_60.csv,onset_leak,60_25_48,24,25,48,15000,28800,0,0.21530154,1
train,60,data_60.csv,onset_leak,60_26_49,24,26,49,15600,29400,0,0.21592672,1
train,60,data_60.csv,onset_leak,60_27_50,24,27,50,16200,30000,0,0.22626276,1
train,60,data_60.csv,onset_leak,60_28_51,24,28,51,16800,30600,0,0.23394492,1
train,60,data_60.csv,onset_leak,60_29_52,24,29,52,17400,31200,0,0.24027501,1
train,60,data_60.csv,onset_leak,60_30_53,24,30,53,18000,31800,0,0.2484726,1
train,60,data_60.csv,onset_leak,60_31_54,24,31,54,18600,32400,0,0.25723067,1
train,60,data_60.csv,onset_leak,60_32_55,24,32,55,19200,33000,0,0.2590781,1
train,60,data_60.csv,onset_leak,60_33_56,24,33,56,19800,33600,0,0.26815206,1
train,60,data_60.csv,onset_leak,60_34_57,24,34,57,20400,34200,0,0.27992246,1
train,60,data_60.csv,onset_leak,60_35_58,24,35,58,21000,34800,0,0.28760055,1
train,60,data_60.csv,onset_leak,60_36_59,24,36,59,21600,35400,0,0.30039257,1
train,60,data_60.csv,onset_leak,60_37_60,24,37,60,22200,36000,0,0.31745887,1
train,60,data_60.csv,onset_leak,60_38_61,24,38,61,22800,36600,0,0.32418758,1
train,60,data_60.csv,onset_leak,60_39_62,24,39,62,23400,37200,0,0.34320426,1
train,60,data_60.csv,onset_leak,60_40_63,24,40,63,24000,37800,0,0.36142278,1
train,60,data_60.csv,onset_leak,60_41_64,24,41,64,24600,38400,0,0.3868616,1
train,60,data_60.csv,onset_leak,60_42_65,24,42,65,25200,39000,0,0.40875918,1
train,60,data_60.csv,onset_leak,60_43_66,24,43,66,25800,39600,0,0.44971812,1
train,60,data_60.csv,onset_leak,60_44_67,24,44,67,26400,40200,0,0.47308218,1
train,60,data_60.csv,onset_leak,60_45_68,24,45,68,27000,40800,0,0.50396913,1
train,60,data_60.csv,onset_leak,60_46_69,24,46,69,27600,41400,0,0.5273335,1
train,60,data_60.csv,onset_leak,60_47_70,24,47,70,28200,42000,0,0.5716596,1
train,60,data_60.csv,onset_leak,60_48_71,24,48,71,28800,42600,0,0.60866815,1
train,60,data_60.csv,onset_leak,60_49_72,24,49,72,29400,43200,1,0.69793963,1
train,60,data_60.csv,onset_leak,60_50_73,24,50,73,30000,43800,1,0.7305615,1
train,60,data_60.csv,onset_leak,60_51_74,24,51,74,30600,44400,1,0.7484253,1
train,60,data_60.csv,onset_leak,60_52_75,24,52,75,31200,45000,1,0.768446,1
train,60,data_60.csv,onset_leak,60_53_76,24,53,76,31800,45600,1,0.8131365,1
train,60,data_60.csv,onset_leak,60_54_77,24,54,77,32400,46200,1,0.85634655,1
train,60,data_60.csv,onset_leak,60_55_78,24,55,78,33000,46800,1,0.8634415,1
train,60,data_60.csv,onset_leak,60_56_79,24,56,79,33600,47400,1,0.88319397,1
train,60,data_60.csv,onset_leak,60_57_80,24,57,80,34200,48000,1,0.89988977,1
train,60,data_60.csv,onset_leak,60_58_81,24,58,81,34800,48600,1,0.9017982,1
train,60,data_60.csv,onset_leak,60_59_82,24,59,82,35400,49200,1,0.9196342,1
train,60,data_60.csv,onset_leak,60_60_83,24,60,83,36000,49800,1,0.9286787,1
train,60,data_60.csv,onset_leak,60_61_84,24,61,84,36600,50400,1,0.9305313,1
train,60,data_60.csv,onset_leak,60_62_85,24,62,85,37200,51000,1,0.9312767,1
train,60,data_60.csv,onset_leak,60_63_86,24,63,86,37800,51600,1,0.9388108,1
train,60,data_60.csv,onset_leak,60_64_87,24,64,87,38400,52200,1,0.93757623,1
train,60,data_60.csv,onset_leak,60_65_88,24,65,88,39000,52800,1,0.9406394,1
train,60,data_60.csv,onset_leak,60_66_89,24,66,89,39600,53400,1,0.9456621,1
train,60,data_60.csv,onset_leak,60_67_90,24,67,90,40200,54000,1,0.9405134,1
train,60,data_60.csv,onset_leak,60_68_91,24,68,91,40800,54600,1,0.9367825,1
train,60,data_60.csv,onset_leak,60_69_92,24,69,92,41400,55200,1,0.9389802,1
train,60,data_60.csv,onset_leak,60_70_93,24,70,93,42000,55800,1,0.93953854,1
train,60,data_60.csv,onset_leak,60_71_94,24,71,94,42600,56400,1,0.9463832,1
train,60,data_60.csv,onset_leak,60_72_95,24,72,95,43200,57000,1,0.9435754,1
train,60,data_60.csv,onset_leak,60_73_96,24,73,96,43800,57600,1,0.93904626,1
train,60,data_60.csv,onset_leak,60_74_97,24,74,97,44400,58200,1,0.9322028,1
train,60,data_60.csv,onset_leak,60_75_98,24,75,98,45000,58800,1,0.9262924,1
train,60,data_60.csv,onset_leak,60_76_99,24,76,99,45600,59400,1,0.92591983,1
train,60,data_60.csv,onset_leak,60_77_100,24,77,100,46200,60000,1,0.9174705,1
train,60,data_60.csv,onset_leak,60_78_101,24,78,101,46800,60600,1,0.9086528,1
train,60,data_60.csv,onset_leak,60_79_102,24,79,102,47400,61200,1,0.9038935,1
train,60,data_60.csv,onset_leak,60_80_103,24,80,103,48000,61800,1,0.8975239,1
train,60,data_60.csv,onset_leak,60_81_104,24,81,104,48600,62400,1,0.8891753,1
train,60,data_60.csv,onset_leak,60_82_105,24,82,105,49200,63000,1,0.8893369,1
train,60,data_60.csv,onset_leak,60_83_106,24,83,106,49800,63600,1,0.8770588,1
train,60,data_60.csv,onset_leak,60_84_107,24,84,107,50400,64200,1,0.8678028,1
train,60,data_60.csv,onset_leak,60_85_108,24,85,108,51000,64800,1,0.8700612,1
train,60,data_60.csv,onset_leak,60_86_109,24,86,109,51600,65400,1,0.86903834,1
train,60,data_60.csv,onset_leak,60_87_110,24,87,110,52200,66000,1,0.8644431,1
train,60,data_60.csv,onset_leak,60_88_111,24,88,111,52800,66600,1,0.8653724,1
train,60,data_60.csv,onset_leak,60_89_112,24,89,112,53400,67200,1,0.8612814,1
train,60,data_60.csv,onset_leak,60_90_113,24,90,113,54000,67800,1,0.86239237,1
train,60,data_60.csv,onset_leak,60_91_114,24,91,114,54600,68400,1,0.86421293,1
train,60,data_60.csv,onset_leak,60_92_115,24,92,115,55200,69000,1,0.86672634,1
train,60,data_60.csv,onset_leak,60_93_116,24,93,116,55800,69600,1,0.8672631,1
train,60,data_60.csv,onset_leak,60_94_117,24,94,117,56400,70200,1,0.86783844,1
train,60,data_60.csv,onset_leak,60_95_118,24,95,118,57000,70800,1,0.86993575,1
train,60,data_60.csv,onset_leak,60_96_119,24,96,119,57600,71400,1,0.87211573,1
train,60,data_60.csv,onset_leak,60_97_120,24,97,120,58200,72000,1,0.8723215,1
train,60,data_60.csv,onset_leak,60_98_121,24,98,121,58800,72600,1,0.87345856,1
train,60,data_60.csv,onset_leak,60_99_122,24,99,122,59400,73200,1,0.87512654,1
train,60,data_60.csv,onset_leak,60_100_123,24,100,123,60000,73800,1,0.8746542,1
train,60,data_60.csv,onset_leak,60_101_124,24,101,124,60600,74400,1,0.8747063,1
train,60,data_60.csv,onset_leak,60_102_125,24,102,125,61200,75000,1,0.8756933,1
train,60,data_60.csv,onset_leak,60_103_126,24,103,126,61800,75600,1,0.8794022,1
train,60,data_60.csv,onset_leak,60_104_127,24,104,127,62400,76200,1,0.880558,1
train,60,data_60.csv,onset_leak,60_105_128,24,105,128,63000,76800,1,0.8816211,1
train,60,data_60.csv,onset_leak,60_106_129,24,106,129,63600,77400,1,0.88155895,1
train,60,data_60.csv,onset_leak,60_107_130,24,107,130,64200,78000,1,0.8850677,1
train,60,data_60.csv,onset_leak,60_108_131,24,108,131,64800,78600,1,0.8882726,1
train,60,data_60.csv,onset_leak,60_109_132,24,109,132,65400,79200,1,0.8826475,1
train,60,data_60.csv,onset_leak,60_110_133,24,110,133,66000,79800,1,0.8817946,1
train,60,data_60.csv,onset_leak,60_111_134,24,111,134,66600,80400,1,0.8833711,1
train,60,data_60.csv,onset_leak,60_112_135,24,112,135,67200,81000,1,0.8838108,1
train,60,data_60.csv,onset_leak,60_113_136,24,113,136,67800,81600,1,0.88239974,1
train,60,data_60.csv,onset_leak,60_114_137,24,114,137,68400,82200,1,0.8781263,1
train,60,data_60.csv,onset_leak,60_115_138,24,115,138,69000,82800,1,0.86752665,1
train,60,data_60.csv,onset_leak,60_116_139,24,116,139,69600,83400,1,0.86100703,1
train,60,data_60.csv,onset_leak,60_117_140,24,117,140,70200,84000,1,0.8645674,1
train,60,data_60.csv,onset_leak,60_118_141,24,118,141,70800,84600,1,0.86405116,1
train,60,data_60.csv,onset_leak,60_119_142,24,119,142,71400,85200,1,0.85513383,1
train,60,data_60.csv,onset_leak,60_120_143,24,120,143,72000,85800,1,0.8450161,1
train,60,data_60.csv,onset_leak,60_121_144,24,121,144,72600,86400,1,0.8027936,1
val,5,data_5.csv,normal,5_0_23,24,0,23,0,13800,0,0.18513688,1
val,5,data_5.csv,normal,5_1_24,24,1,24,600,14400,0,0.18278793,1
val,5,data_5.csv,normal,5_2_25,24,2,25,1200,15000,0,0.17863408,1
val,5,data_5.csv,normal,5_3_26,24,3,26,1800,15600,0,0.17501037,1
val,5,data_5.csv,normal,5_4_27,24,4,27,2400,16200,0,0.16881281,1
val,5,data_5.csv,normal,5_5_28,24,5,28,3000,16800,0,0.16753866,1
val,5,data_5.csv,normal,5_6_29,24,6,29,3600,17400,0,0.16555749,1
val,5,data_5.csv,normal,5_7_30,24,7,30,4200,18000,0,0.1609838,1
val,5,data_5.csv,normal,5_8_31,24,8,31,4800,18600,0,0.15075094,1
val,5,data_5.csv,normal,5_9_32,24,9,32,5400,19200,0,0.14684293,1
val,5,data_5.csv,normal,5_10_33,24,10,33,6000,19800,0,0.14135799,1
val,5,data_5.csv,normal,5_11_34,24,11,34,6600,20400,0,0.13871561,1
val,5,data_5.csv,normal,5_12_35,24,12,35,7200,21000,0,0.13569362,1
val,5,data_5.csv,normal,5_13_36,24,13,36,7800,21600,0,0.13640107,1
val,5,data_5.csv,normal,5_14_37,24,14,37,8400,22200,0,0.13156138,1
val,5,data_5.csv,normal,5_15_38,24,15,38,9000,22800,0,0.13338807,1
val,5,data_5.csv,normal,5_16_39,24,16,39,9600,23400,0,0.13747063,1
val,5,data_5.csv,normal,5_17_40,24,17,40,10200,24000,0,0.13893737,1
val,5,data_5.csv,normal,5_18_41,24,18,41,10800,24600,0,0.14203134,1
val,5,data_5.csv,normal,5_19_42,24,19,42,11400,25200,0,0.15004413,1
val,5,data_5.csv,normal,5_20_43,24,20,43,12000,25800,0,0.15446535,1
val,5,data_5.csv,normal,5_21_44,24,21,44,12600,26400,0,0.16491248,1
val,5,data_5.csv,normal,5_22_45,24,22,45,13200,27000,0,0.1790816,1
val,5,data_5.csv,normal,5_23_46,24,23,46,13800,27600,0,0.18896908,1
val,5,data_5.csv,normal,5_24_47,24,24,47,14400,28200,0,0.19852304,1
val,5,data_5.csv,normal,5_25_48,24,25,48,15000,28800,0,0.20569086,1
val,5,data_5.csv,normal,5_26_49,24,26,49,15600,29400,0,0.2122933,1
val,5,data_5.csv,normal,5_27_50,24,27,50,16200,30000,0,0.22650996,1
val,5,data_5.csv,normal,5_28_51,24,28,51,16800,30600,0,0.23882343,1
val,5,data_5.csv,normal,5_29_52,24,29,52,17400,31200,0,0.2491361,1
val,5,data_5.csv,normal,5_30_53,24,30,53,18000,31800,0,0.25778884,1
val,5,data_5.csv,normal,5_31_54,24,31,54,18600,32400,0,0.26027644,1
val,5,data_5.csv,normal,5_32_55,24,32,55,19200,33000,0,0.26347557,1
val,5,data_5.csv,normal,5_33_56,24,33,56,19800,33600,0,0.27320516,1
val,5,data_5.csv,normal,5_34_57,24,34,57,20400,34200,0,0.2842688,1
val,5,data_5.csv,normal,5_35_58,24,35,58,21000,34800,0,0.289507,1
val,5,data_5.csv,normal,5_36_59,24,36,59,21600,35400,0,0.29686022,1
val,5,data_5.csv,normal,5_37_60,24,37,60,22200,36000,0,0.3055106,1
val,5,data_5.csv,normal,5_38_61,24,38,61,22800,36600,0,0.3088213,1
val,5,data_5.csv,normal,5_39_62,24,39,62,23400,37200,0,0.31557485,1
val,5,data_5.csv,normal,5_40_63,24,40,63,24000,37800,0,0.32429963,1
val,5,data_5.csv,normal,5_41_64,24,41,64,24600,38400,0,0.3307494,1
val,5,data_5.csv,normal,5_42_65,24,42,65,25200,39000,0,0.33937734,1
val,5,data_5.csv,normal,5_43_66,24,43,66,25800,39600,0,0.34541017,1
val,5,data_5.csv,normal,5_44_67,24,44,67,26400,40200,0,0.3481035,1
val,5,data_5.csv,normal,5_45_68,24,45,68,27000,40800,0,0.361501,1
val,5,data_5.csv,normal,5_46_69,24,46,69,27600,41400,0,0.36744392,1
val,5,data_5.csv,normal,5_47_70,24,47,70,28200,42000,0,0.37758887,1
val,5,data_5.csv,normal,5_48_71,24,48,71,28800,42600,0,0.39141855,1
val,5,data_5.csv,normal,5_49_72,24,49,72,29400,43200,0,0.3928832,1
val,5,data_5.csv,normal,5_50_73,24,50,73,30000,43800,0,0.38069823,1
val,5,data_5.csv,normal,5_51_74,24,51,74,30600,44400,0,0.37531707,1
val,5,data_5.csv,normal,5_52_75,24,52,75,31200,45000,0,0.3733706,1
val,5,data_5.csv,normal,5_53_76,24,53,76,31800,45600,0,0.38325182,1
val,5,data_5.csv,normal,5_54_77,24,54,77,32400,46200,0,0.404263,1
val,5,data_5.csv,normal,5_55_78,24,55,78,33000,46800,0,0.43432966,1
val,5,data_5.csv,normal,5_56_79,24,56,79,33600,47400,0,0.45048097,1
val,5,data_5.csv,normal,5_57_80,24,57,80,34200,48000,0,0.47873133,1
val,5,data_5.csv,normal,5_58_81,24,58,81,34800,48600,0,0.50286126,1
val,5,data_5.csv,normal,5_59_82,24,59,82,35400,49200,0,0.53703386,1
val,5,data_5.csv,normal,5_60_83,24,60,83,36000,49800,0,0.57088375,1
val,5,data_5.csv,normal,5_61_84,24,61,84,36600,50400,0,0.60420126,1
val,5,data_5.csv,normal,5_62_85,24,62,85,37200,51000,0,0.61612046,1
val,5,data_5.csv,normal,5_63_86,24,63,86,37800,51600,0,0.6283765,1
val,5,data_5.csv,normal,5_64_87,24,64,87,38400,52200,0,0.6312745,1
val,5,data_5.csv,normal,5_65_88,24,65,88,39000,52800,0,0.64731586,1
val,5,data_5.csv,normal,5_66_89,24,66,89,39600,53400,0,0.66333747,1
val,5,data_5.csv,normal,5_67_90,24,67,90,40200,54000,0,0.687947,1
val,5,data_5.csv,normal,5_68_91,24,68,91,40800,54600,0,0.70428133,1
val,5,data_5.csv,normal,5_69_92,24,69,92,41400,55200,0,0.71193314,1
val,5,data_5.csv,normal,5_70_93,24,70,93,42000,55800,0,0.7138777,1
val,5,data_5.csv,normal,5_71_94,24,71,94,42600,56400,0,0.7363573,1
val,5,data_5.csv,normal,5_72_95,24,72,95,43200,57000,0,0.7542627,1
val,5,data_5.csv,normal,5_73_96,24,73,96,43800,57600,0,0.77840155,1
val,5,data_5.csv,normal,5_74_97,24,74,97,44400,58200,0,0.7978057,1
val,5,data_5.csv,normal,5_75_98,24,75,98,45000,58800,0,0.80364037,1
val,5,data_5.csv,normal,5_76_99,24,76,99,45600,59400,0,0.806958,1
val,5,data_5.csv,normal,5_77_100,24,77,100,46200,60000,0,0.826373,1
val,5,data_5.csv,normal,5_78_101,24,78,101,46800,60600,0,0.84265876,1
val,5,data_5.csv,normal,5_79_102,24,79,102,47400,61200,0,0.8617285,1
val,5,data_5.csv,normal,5_80_103,24,80,103,48000,61800,0,0.877763,1
val,5,data_5.csv,normal,5_81_104,24,81,104,48600,62400,0,0.88429767,1
val,5,data_5.csv,normal,5_82_105,24,82,105,49200,63000,0,0.8860759,1
val,5,data_5.csv,normal,5_83_106,24,83,106,49800,63600,0,0.90019006,1
val,5,data_5.csv,normal,5_84_107,24,84,107,50400,64200,0,0.91221076,1
val,5,data_5.csv,normal,5_85_108,24,85,108,51000,64800,0,0.91758287,1
val,5,data_5.csv,normal,5_86_109,24,86,109,51600,65400,0,0.9242807,1
val,5,data_5.csv,normal,5_87_110,24,87,110,52200,66000,0,0.93021697,1
val,5,data_5.csv,normal,5_88_111,24,88,111,52800,66600,0,0.9298577,1
val,5,data_5.csv,normal,5_89_112,24,89,112,53400,67200,0,0.9371367,1
val,5,data_5.csv,normal,5_90_113,24,90,113,54000,67800,0,0.9425556,1
val,5,data_5.csv,normal,5_91_114,24,91,114,54600,68400,0,0.93864256,1
val,5,data_5.csv,normal,5_92_115,24,92,115,55200,69000,0,0.9373363,1
val,5,data_5.csv,normal,5_93_116,24,93,116,55800,69600,0,0.9417593,1
val,5,data_5.csv,normal,5_94_117,24,94,117,56400,70200,0,0.94173425,1
val,5,data_5.csv,normal,5_95_118,24,95,118,57000,70800,0,0.9430996,1
val,5,data_5.csv,normal,5_96_119,24,96,119,57600,71400,0,0.9408923,1
val,5,data_5.csv,normal,5_97_120,24,97,120,58200,72000,0,0.9281865,1
val,5,data_5.csv,normal,5_98_121,24,98,121,58800,72600,0,0.9192532,1
val,5,data_5.csv,normal,5_99_122,24,99,122,59400,73200,0,0.9246928,1
val,5,data_5.csv,normal,5_100_123,24,100,123,60000,73800,0,0.92580277,1
val,5,data_5.csv,normal,5_101_124,24,101,124,60600,74400,0,0.92044204,1
val,5,data_5.csv,normal,5_102_125,24,102,125,61200,75000,0,0.90588695,1
val,5,data_5.csv,normal,5_103_126,24,103,126,61800,75600,0,0.88445723,1
val,5,data_5.csv,normal,5_104_127,24,104,127,62400,76200,0,0.86304796,1
val,5,data_5.csv,normal,5_105_128,24,105,128,63000,76800,0,0.8634012,1
val,5,data_5.csv,normal,5_106_129,24,106,129,63600,77400,0,0.8706992,1
val,5,data_5.csv,normal,5_107_130,24,107,130,64200,78000,0,0.8594689,1
val,5,data_5.csv,normal,5_108_131,24,108,131,64800,78600,0,0.8395724,1
val,5,data_5.csv,normal,5_109_132,24,109,132,65400,79200,0,0.8340477,1
val,5,data_5.csv,normal,5_110_133,24,110,133,66000,79800,0,0.80823344,1
val,5,data_5.csv,normal,5_111_134,24,111,134,66600,80400,0,0.80132,1
val,5,data_5.csv,normal,5_112_135,24,112,135,67200,81000,0,0.8103397,1
val,5,data_5.csv,normal,5_113_136,24,113,136,67800,81600,0,0.8074607,1
val,5,data_5.csv,normal,5_114_137,24,114,137,68400,82200,0,0.7912103,1
val,5,data_5.csv,normal,5_115_138,24,115,138,69000,82800,0,0.7816548,1
val,5,data_5.csv,normal,5_116_139,24,116,139,69600,83400,0,0.76210046,1
val,5,data_5.csv,normal,5_117_140,24,117,140,70200,84000,0,0.749518,1
val,5,data_5.csv,normal,5_118_141,24,118,141,70800,84600,0,0.73845375,1
val,5,data_5.csv,normal,5_119_142,24,119,142,71400,85200,0,0.70993847,1
val,5,data_5.csv,normal,5_120_143,24,120,143,72000,85800,0,0.67584115,1
val,5,data_5.csv,normal,5_121_144,24,121,144,72600,86400,0,0.6351138,1
val,10,data_10.csv,normal,10_0_23,24,0,23,0,13800,0,0.20249842,1
val,10,data_10.csv,normal,10_1_24,24,1,24,600,14400,0,0.20095661,1
val,10,data_10.csv,normal,10_2_25,24,2,25,1200,15000,0,0.19967887,1
val,10,data_10.csv,normal,10_3_26,24,3,26,1800,15600,0,0.19760576,1
val,10,data_10.csv,normal,10_4_27,24,4,27,2400,16200,0,0.19533508,1
val,10,data_10.csv,normal,10_5_28,24,5,28,3000,16800,0,0.19374496,1
val,10,data_10.csv,normal,10_6_29,24,6,29,3600,17400,0,0.19247901,1
val,10,data_10.csv,normal,10_7_30,24,7,30,4200,18000,0,0.19107378,1
val,10,data_10.csv,normal,10_8_31,24,8,31,4800,18600,0,0.18916093,1
val,10,data_10.csv,normal,10_9_32,24,9,32,5400,19200,0,0.18713355,1
val,10,data_10.csv,normal,10_10_33,24,10,33,6000,19800,0,0.18469118,1
val,10,data_10.csv,normal,10_11_34,24,11,34,6600,20400,0,0.1833274,1
val,10,data_10.csv,normal,10_12_35,24,12,35,7200,21000,0,0.18215792,1
val,10,data_10.csv,normal,10_13_36,24,13,36,7800,21600,0,0.18093328,1
val,10,data_10.csv,normal,10_14_37,24,14,37,8400,22200,0,0.17868389,1
val,10,data_10.csv,normal,10_15_38,24,15,38,9000,22800,0,0.1773717,1
val,10,data_10.csv,normal,10_16_39,24,16,39,9600,23400,0,0.17571855,1
val,10,data_10.csv,normal,10_17_40,24,17,40,10200,24000,0,0.17463821,1
val,10,data_10.csv,normal,10_18_41,24,18,41,10800,24600,0,0.17380148,1
val,10,data_10.csv,normal,10_19_42,24,19,42,11400,25200,0,0.17370923,1
val,10,data_10.csv,normal,10_20_43,24,20,43,12000,25800,0,0.17214167,1
val,10,data_10.csv,normal,10_21_44,24,21,44,12600,26400,0,0.17179416,1
val,10,data_10.csv,normal,10_22_45,24,22,45,13200,27000,0,0.17179662,1
val,10,data_10.csv,normal,10_23_46,24,23,46,13800,27600,0,0.1715384,1
val,10,data_10.csv,normal,10_24_47,24,24,47,14400,28200,0,0.17160113,1
val,10,data_10.csv,normal,10_25_48,24,25,48,15000,28800,0,0.17289385,1
val,10,data_10.csv,normal,10_26_49,24,26,49,15600,29400,0,0.17343198,1
val,10,data_10.csv,normal,10_27_50,24,27,50,16200,30000,0,0.17519689,1
val,10,data_10.csv,normal,10_28_51,24,28,51,16800,30600,0,0.17702787,1
val,10,data_10.csv,normal,10_29_52,24,29,52,17400,31200,0,0.17849867,1
val,10,data_10.csv,normal,10_30_53,24,30,53,18000,31800,0,0.17965083,1
val,10,data_10.csv,normal,10_31_54,24,31,54,18600,32400,0,0.18061867,1
val,10,data_10.csv,normal,10_32_55,24,32,55,19200,33000,0,0.17875975,1
val,10,data_10.csv,normal,10_33_56,24,33,56,19800,33600,0,0.17918357,1
val,10,data_10.csv,normal,10_34_57,24,34,57,20400,34200,0,0.17847249,1
val,10,data_10.csv,normal,10_35_58,24,35,58,21000,34800,0,0.1802916,1
val,10,data_10.csv,normal,10_36_59,24,36,59,21600,35400,0,0.1809819,1
val,10,data_10.csv,normal,10_37_60,24,37,60,22200,36000,0,0.1805048,1
val,10,data_10.csv,normal,10_38_61,24,38,61,22800,36600,0,0.17358136,1
val,10,data_10.csv,normal,10_39_62,24,39,62,23400,37200,0,0.17509821,1
val,10,data_10.csv,normal,10_40_63,24,40,63,24000,37800,0,0.17531301,1
val,10,data_10.csv,normal,10_41_64,24,41,64,24600,38400,0,0.17754596,1
val,10,data_10.csv,normal,10_42_65,24,42,65,25200,39000,0,0.17781283,1
val,10,data_10.csv,normal,10_43_66,24,43,66,25800,39600,0,0.18514529,1
val,10,data_10.csv,normal,10_44_67,24,44,67,26400,40200,0,0.18483521,1
val,10,data_10.csv,normal,10_45_68,24,45,68,27000,40800,0,0.19249879,1
val,10,data_10.csv,normal,10_46_69,24,46,69,27600,41400,0,0.19971603,1
val,10,data_10.csv,normal,10_47_70,24,47,70,28200,42000,0,0.20559447,1
val,10,data_10.csv,normal,10_48_71,24,48,71,28800,42600,0,0.22114201,1
val,10,data_10.csv,normal,10_49_72,24,49,72,29400,43200,0,0.24392533,1
val,10,data_10.csv,normal,10_50_73,24,50,73,30000,43800,0,0.24832408,1
val,10,data_10.csv,normal,10_51_74,24,51,74,30600,44400,0,0.26096597,1
val,10,data_10.csv,normal,10_52_75,24,52,75,31200,45000,0,0.28646427,1
val,10,data_10.csv,normal,10_53_76,24,53,76,31800,45600,0,0.3060529,1
val,10,data_10.csv,normal,10_54_77,24,54,77,32400,46200,0,0.33512083,1
val,10,data_10.csv,normal,10_55_78,24,55,78,33000,46800,0,0.36684075,1
val,10,data_10.csv,normal,10_56_79,24,56,79,33600,47400,0,0.37944397,1
val,10,data_10.csv,normal,10_57_80,24,57,80,34200,48000,0,0.412128,1
val,10,data_10.csv,normal,10_58_81,24,58,81,34800,48600,0,0.44669306,1
val,10,data_10.csv,normal,10_59_82,24,59,82,35400,49200,0,0.47077543,1
val,10,data_10.csv,normal,10_60_83,24,60,83,36000,49800,0,0.50390106,1
val,10,data_10.csv,normal,10_61_84,24,61,84,36600,50400,0,0.5040625,1
val,10,data_10.csv,normal,10_62_85,24,62,85,37200,51000,0,0.5163528,1
val,10,data_10.csv,normal,10_63_86,24,63,86,37800,51600,0,0.5401776,1
val,10,data_10.csv,normal,10_64_87,24,64,87,38400,52200,0,0.5647724,1
val,10,data_10.csv,normal,10_65_88,24,65,88,39000,52800,0,0.59054685,1
val,10,data_10.csv,normal,10_66_89,24,66,89,39600,53400,0,0.6031025,1
val,10,data_10.csv,normal,10_67_90,24,67,90,40200,54000,0,0.6006771,1
val,10,data_10.csv,normal,10_68_91,24,68,91,40800,54600,0,0.59300005,1
val,10,data_10.csv,normal,10_69_92,24,69,92,41400,55200,0,0.5890863,1
val,10,data_10.csv,normal,10_70_93,24,70,93,42000,55800,0,0.5851621,1
val,10,data_10.csv,normal,10_71_94,24,71,94,42600,56400,0,0.58453095,1
val,10,data_10.csv,normal,10_72_95,24,72,95,43200,57000,0,0.5775319,1
val,10,data_10.csv,normal,10_73_96,24,73,96,43800,57600,0,0.57066935,1
val,10,data_10.csv,normal,10_74_97,24,74,97,44400,58200,0,0.5483213,1
val,10,data_10.csv,normal,10_75_98,24,75,98,45000,58800,0,0.53193426,1
val,10,data_10.csv,normal,10_76_99,24,76,99,45600,59400,0,0.50942385,1
val,10,data_10.csv,normal,10_77_100,24,77,100,46200,60000,0,0.49646634,1
val,10,data_10.csv,normal,10_78_101,24,78,101,46800,60600,0,0.4924648,1
val,10,data_10.csv,normal,10_79_102,24,79,102,47400,61200,0,0.48631305,1
val,10,data_10.csv,normal,10_80_103,24,80,103,48000,61800,0,0.4738093,1
val,10,data_10.csv,normal,10_81_104,24,81,104,48600,62400,0,0.46413583,1
val,10,data_10.csv,normal,10_82_105,24,82,105,49200,63000,0,0.45405948,1
val,10,data_10.csv,normal,10_83_106,24,83,106,49800,63600,0,0.46344364,1
val,10,data_10.csv,normal,10_84_107,24,84,107,50400,64200,0,0.48518544,1
val,10,data_10.csv,normal,10_85_108,24,85,108,51000,64800,0,0.5289634,1
val,10,data_10.csv,normal,10_86_109,24,86,109,51600,65400,0,0.5511867,1
val,10,data_10.csv,normal,10_87_110,24,87,110,52200,66000,0,0.5734679,1
val,10,data_10.csv,normal,10_88_111,24,88,111,52800,66600,0,0.59413266,1
val,10,data_10.csv,normal,10_89_112,24,89,112,53400,67200,0,0.6256157,1
val,10,data_10.csv,normal,10_90_113,24,90,113,54000,67800,0,0.6491809,1
val,10,data_10.csv,normal,10_91_114,24,91,114,54600,68400,0,0.634732,1
val,10,data_10.csv,normal,10_92_115,24,92,115,55200,69000,0,0.6358565,1
val,10,data_10.csv,normal,10_93_116,24,93,116,55800,69600,0,0.65584576,1
val,10,data_10.csv,normal,10_94_117,24,94,117,56400,70200,0,0.6589081,1
val,10,data_10.csv,normal,10_95_118,24,95,118,57000,70800,0,0.66128844,1
val,10,data_10.csv,normal,10_96_119,24,96,119,57600,71400,0,0.65702784,1
val,10,data_10.csv,normal,10_97_120,24,97,120,58200,72000,0,0.63923246,1
val,10,data_10.csv,normal,10_98_121,24,98,121,58800,72600,0,0.62751377,1
val,10,data_10.csv,normal,10_99_122,24,99,122,59400,73200,0,0.6532984,1
val,10,data_10.csv,normal,10_100_123,24,100,123,60000,73800,0,0.6832185,1
val,10,data_10.csv,normal,10_101_124,24,101,124,60600,74400,0,0.6987684,1
val,10,data_10.csv,normal,10_102_125,24,102,125,61200,75000,0,0.6898423,1
val,10,data_10.csv,normal,10_103_126,24,103,126,61800,75600,0,0.6919469,1
val,10,data_10.csv,normal,10_104_127,24,104,127,62400,76200,0,0.685056,1
val,10,data_10.csv,normal,10_105_128,24,105,128,63000,76800,0,0.69882774,1
val,10,data_10.csv,normal,10_106_129,24,106,129,63600,77400,0,0.7081664,1
val,10,data_10.csv,normal,10_107_130,24,107,130,64200,78000,0,0.7360495,1
val,10,data_10.csv,normal,10_108_131,24,108,131,64800,78600,0,0.7381148,1
val,10,data_10.csv,normal,10_109_132,24,109,132,65400,79200,0,0.72450596,1
val,10,data_10.csv,normal,10_110_133,24,110,133,66000,79800,0,0.70865244,1
val,10,data_10.csv,normal,10_111_134,24,111,134,66600,80400,0,0.6937252,1
val,10,data_10.csv,normal,10_112_135,24,112,135,67200,81000,0,0.67478335,1
val,10,data_10.csv,normal,10_113_136,24,113,136,67800,81600,0,0.6351309,1
val,10,data_10.csv,normal,10_114_137,24,114,137,68400,82200,0,0.58745176,1
val,10,data_10.csv,normal,10_115_138,24,115,138,69000,82800,0,0.5481025,1
val,10,data_10.csv,normal,10_116_139,24,116,139,69600,83400,0,0.5072847,1
val,10,data_10.csv,normal,10_117_140,24,117,140,70200,84000,0,0.4527111,1
val,10,data_10.csv,normal,10_118_141,24,118,141,70800,84600,0,0.39907452,1
val,10,data_10.csv,normal,10_119_142,24,119,142,71400,85200,0,0.347552,1
val,10,data_10.csv,normal,10_120_143,24,120,143,72000,85800,0,0.3118849,1
val,10,data_10.csv,normal,10_121_144,24,121,144,72600,86400,0,0.30417007,1
val,11,data_11.csv,persistent_leak,11_0_23,24,0,23,0,13800,1,0.20032963,1
val,11,data_11.csv,persistent_leak,11_1_24,24,1,24,600,14400,1,0.19893399,1
val,11,data_11.csv,persistent_leak,11_2_25,24,2,25,1200,15000,1,0.19705366,1
val,11,data_11.csv,persistent_leak,11_3_26,24,3,26,1800,15600,1,0.19516829,1
val,11,data_11.csv,persistent_leak,11_4_27,24,4,27,2400,16200,1,0.19303961,1
val,11,data_11.csv,persistent_leak,11_5_28,24,5,28,3000,16800,1,0.19164212,1
val,11,data_11.csv,persistent_leak,11_6_29,24,6,29,3600,17400,1,0.19054487,1
val,11,data_11.csv,persistent_leak,11_7_30,24,7,30,4200,18000,1,0.18971016,1
val,11,data_11.csv,persistent_leak,11_8_31,24,8,31,4800,18600,1,0.18796533,1
val,11,data_11.csv,persistent_leak,11_9_32,24,9,32,5400,19200,1,0.18687123,1
val,11,data_11.csv,persistent_leak,11_10_33,24,10,33,6000,19800,1,0.18559681,1
val,11,data_11.csv,persistent_leak,11_11_34,24,11,34,6600,20400,1,0.18479094,1
val,11,data_11.csv,persistent_leak,11_12_35,24,12,35,7200,21000,1,0.18418796,1
val,11,data_11.csv,persistent_leak,11_13_36,24,13,36,7800,21600,1,0.18411413,1
val,11,data_11.csv,persistent_leak,11_14_37,24,14,37,8400,22200,1,0.18290186,1
val,11,data_11.csv,persistent_leak,11_15_38,24,15,38,9000,22800,1,0.18279669,1
val,11,data_11.csv,persistent_leak,11_16_39,24,16,39,9600,23400,1,0.18269427,1
val,11,data_11.csv,persistent_leak,11_17_40,24,17,40,10200,24000,1,0.18263951,1
val,11,data_11.csv,persistent_leak,11_18_41,24,18,41,10800,24600,1,0.18268257,1
val,11,data_11.csv,persistent_leak,11_19_42,24,19,42,11400,25200,1,0.18343782,1
val,11,data_11.csv,persistent_leak,11_20_43,24,20,43,12000,25800,1,0.18308726,1
val,11,data_11.csv,persistent_leak,11_21_44,24,21,44,12600,26400,1,0.184061,1
val,11,data_11.csv,persistent_leak,11_22_45,24,22,45,13200,27000,1,0.18511844,1
val,11,data_11.csv,persistent_leak,11_23_46,24,23,46,13800,27600,1,0.18595037,1
val,11,data_11.csv,persistent_leak,11_24_47,24,24,47,14400,28200,1,0.18666832,1
val,11,data_11.csv,persistent_leak,11_25_48,24,25,48,15000,28800,1,0.18785658,1
val,11,data_11.csv,persistent_leak,11_26_49,24,26,49,15600,29400,1,0.18761483,1
val,11,data_11.csv,persistent_leak,11_27_50,24,27,50,16200,30000,1,0.189049,1
val,11,data_11.csv,persistent_leak,11_28_51,24,28,51,16800,30600,1,0.19027598,1
val,11,data_11.csv,persistent_leak,11_29_52,24,29,52,17400,31200,1,0.19169492,1
val,11,data_11.csv,persistent_leak,11_30_53,24,30,53,18000,31800,1,0.1927061,1
val,11,data_11.csv,persistent_leak,11_31_54,24,31,54,18600,32400,1,0.19342306,1
val,11,data_11.csv,persistent_leak,11_32_55,24,32,55,19200,33000,1,0.1893135,1
val,11,data_11.csv,persistent_leak,11_33_56,24,33,56,19800,33600,1,0.1888528,1
val,11,data_11.csv,persistent_leak,11_34_57,24,34,57,20400,34200,1,0.18671316,1
val,11,data_11.csv,persistent_leak,11_35_58,24,35,58,21000,34800,1,0.18870902,1
val,11,data_11.csv,persistent_leak,11_36_59,24,36,59,21600,35400,1,0.18912435,1
val,11,data_11.csv,persistent_leak,11_37_60,24,37,60,22200,36000,1,0.1942571,1
val,11,data_11.csv,persistent_leak,11_38_61,24,38,61,22800,36600,1,0.18821879,1
val,11,data_11.csv,persistent_leak,11_39_62,24,39,62,23400,37200,1,0.19352174,1
val,11,data_11.csv,persistent_leak,11_40_63,24,40,63,24000,37800,1,0.19663778,1
val,11,data_11.csv,persistent_leak,11_41_64,24,41,64,24600,38400,1,0.20259523,1
val,11,data_11.csv,persistent_leak,11_42_65,24,42,65,25200,39000,1,0.21204996,1
val,11,data_11.csv,persistent_leak,11_43_66,24,43,66,25800,39600,1,0.23914182,1
val,11,data_11.csv,persistent_leak,11_44_67,24,44,67,26400,40200,1,0.24731651,1
val,11,data_11.csv,persistent_leak,11_45_68,24,45,68,27000,40800,1,0.2611769,1
val,11,data_11.csv,persistent_leak,11_46_69,24,46,69,27600,41400,1,0.28750214,1
val,11,data_11.csv,persistent_leak,11_47_70,24,47,70,28200,42000,1,0.3299262,1
val,11,data_11.csv,persistent_leak,11_48_71,24,48,71,28800,42600,1,0.381512,1
val,11,data_11.csv,persistent_leak,11_49_72,24,49,72,29400,43200,1,0.46794158,1
val,11,data_11.csv,persistent_leak,11_50_73,24,50,73,30000,43800,1,0.50541353,1
val,11,data_11.csv,persistent_leak,11_51_74,24,51,74,30600,44400,1,0.57363296,1
val,11,data_11.csv,persistent_leak,11_52_75,24,52,75,31200,45000,1,0.6254065,1
val,11,data_11.csv,persistent_leak,11_53_76,24,53,76,31800,45600,1,0.6971156,1
val,11,data_11.csv,persistent_leak,11_54_77,24,54,77,32400,46200,1,0.73542005,1
val,11,data_11.csv,persistent_leak,11_55_78,24,55,78,33000,46800,1,0.75684947,1
val,11,data_11.csv,persistent_leak,11_56_79,24,56,79,33600,47400,1,0.76840067,1
val,11,data_11.csv,persistent_leak,11_57_80,24,57,80,34200,48000,1,0.78844935,1
val,11,data_11.csv,persistent_leak,11_58_81,24,58,81,34800,48600,1,0.7891061,1
val,11,data_11.csv,persistent_leak,11_59_82,24,59,82,35400,49200,1,0.8097858,1
val,11,data_11.csv,persistent_leak,11_60_83,24,60,83,36000,49800,1,0.8214104,1
val,11,data_11.csv,persistent_leak,11_61_84,24,61,84,36600,50400,1,0.8247148,1
val,11,data_11.csv,persistent_leak,11_62_85,24,62,85,37200,51000,1,0.8273354,1
val,11,data_11.csv,persistent_leak,11_63_86,24,63,86,37800,51600,1,0.83415884,1
val,11,data_11.csv,persistent_leak,11_64_87,24,64,87,38400,52200,1,0.8340831,1
val,11,data_11.csv,persistent_leak,11_65_88,24,65,88,39000,52800,1,0.8441762,1
val,11,data_11.csv,persistent_leak,11_66_89,24,66,89,39600,53400,1,0.8479251,1
val,11,data_11.csv,persistent_leak,11_67_90,24,67,90,40200,54000,1,0.85012597,1
val,11,data_11.csv,persistent_leak,11_68_91,24,68,91,40800,54600,1,0.85084385,1
val,11,data_11.csv,persistent_leak,11_69_92,24,69,92,41400,55200,1,0.8518184,1
val,11,data_11.csv,persistent_leak,11_70_93,24,70,93,42000,55800,1,0.851885,1
val,11,data_11.csv,persistent_leak,11_71_94,24,71,94,42600,56400,1,0.85486037,1
val,11,data_11.csv,persistent_leak,11_72_95,24,72,95,43200,57000,1,0.85689634,1
val,11,data_11.csv,persistent_leak,11_73_96,24,73,96,43800,57600,1,0.8616713,1
val,11,data_11.csv,persistent_leak,11_74_97,24,74,97,44400,58200,1,0.8644262,1
val,11,data_11.csv,persistent_leak,11_75_98,24,75,98,45000,58800,1,0.8641273,1
val,11,data_11.csv,persistent_leak,11_76_99,24,76,99,45600,59400,1,0.86489135,1
val,11,data_11.csv,persistent_leak,11_77_100,24,77,100,46200,60000,1,0.867851,1
val,11,data_11.csv,persistent_leak,11_78_101,24,78,101,46800,60600,1,0.8717315,1
val,11,data_11.csv,persistent_leak,11_79_102,24,79,102,47400,61200,1,0.8766065,1
val,11,data_11.csv,persistent_leak,11_80_103,24,80,103,48000,61800,1,0.88083166,1
val,11,data_11.csv,persistent_leak,11_81_104,24,81,104,48600,62400,1,0.8822408,1
val,11,data_11.csv,persistent_leak,11_82_105,24,82,105,49200,63000,1,0.88250303,1
val,11,data_11.csv,persistent_leak,11_83_106,24,83,106,49800,63600,1,0.886218,1
val,11,data_11.csv,persistent_leak,11_84_107,24,84,107,50400,64200,1,0.8909608,1
val,11,data_11.csv,persistent_leak,11_85_108,24,85,108,51000,64800,1,0.8925359,1
val,11,data_11.csv,persistent_leak,11_86_109,24,86,109,51600,65400,1,0.8950203,1
val,11,data_11.csv,persistent_leak,11_87_110,24,87,110,52200,66000,1,0.8978474,1
val,11,data_11.csv,persistent_leak,11_88_111,24,88,111,52800,66600,1,0.8976411,1
val,11,data_11.csv,persistent_leak,11_89_112,24,89,112,53400,67200,1,0.90033805,1
val,11,data_11.csv,persistent_leak,11_90_113,24,90,113,54000,67800,1,0.90268177,1
val,11,data_11.csv,persistent_leak,11_91_114,24,91,114,54600,68400,1,0.8871963,1
val,11,data_11.csv,persistent_leak,11_92_115,24,92,115,55200,69000,1,0.8824296,1
val,11,data_11.csv,persistent_leak,11_93_116,24,93,116,55800,69600,1,0.8898332,1
val,11,data_11.csv,persistent_leak,11_94_117,24,94,117,56400,70200,1,0.8902586,1
val,11,data_11.csv,persistent_leak,11_95_118,24,95,118,57000,70800,1,0.8838534,1
val,11,data_11.csv,persistent_leak,11_96_119,24,96,119,57600,71400,1,0.87121946,1
val,11,data_11.csv,persistent_leak,11_97_120,24,97,120,58200,72000,1,0.84471536,1
val,11,data_11.csv,persistent_leak,11_98_121,24,98,121,58800,72600,1,0.82604635,1
val,11,data_11.csv,persistent_leak,11_99_122,24,99,122,59400,73200,1,0.8354742,1
val,11,data_11.csv,persistent_leak,11_100_123,24,100,123,60000,73800,1,0.8391028,1
val,11,data_11.csv,persistent_leak,11_101_124,24,101,124,60600,74400,1,0.8327639,1
val,11,data_11.csv,persistent_leak,11_102_125,24,102,125,61200,75000,1,0.81109655,1
val,11,data_11.csv,persistent_leak,11_103_126,24,103,126,61800,75600,1,0.80650884,1
val,11,data_11.csv,persistent_leak,11_104_127,24,104,127,62400,76200,1,0.78202915,1
val,11,data_11.csv,persistent_leak,11_105_128,24,105,128,63000,76800,1,0.7821423,1
val,11,data_11.csv,persistent_leak,11_106_129,24,106,129,63600,77400,1,0.79017824,1
val,11,data_11.csv,persistent_leak,11_107_130,24,107,130,64200,78000,1,0.8009256,1
val,11,data_11.csv,persistent_leak,11_108_131,24,108,131,64800,78600,1,0.7983964,1
val,11,data_11.csv,persistent_leak,11_109_132,24,109,132,65400,79200,1,0.78501534,1
val,11,data_11.csv,persistent_leak,11_110_133,24,110,133,66000,79800,1,0.76202565,1
val,11,data_11.csv,persistent_leak,11_111_134,24,111,134,66600,80400,1,0.7492289,1
val,11,data_11.csv,persistent_leak,11_112_135,24,112,135,67200,81000,1,0.73910904,1
val,11,data_11.csv,persistent_leak,11_113_136,24,113,136,67800,81600,1,0.7115397,1
val,11,data_11.csv,persistent_leak,11_114_137,24,114,137,68400,82200,1,0.6887877,1
val,11,data_11.csv,persistent_leak,11_115_138,24,115,138,69000,82800,1,0.6569778,1
val,11,data_11.csv,persistent_leak,11_116_139,24,116,139,69600,83400,1,0.61748683,1
val,11,data_11.csv,persistent_leak,11_117_140,24,117,140,70200,84000,1,0.56237984,1
val,11,data_11.csv,persistent_leak,11_118_141,24,118,141,70800,84600,1,0.50193477,1
val,11,data_11.csv,persistent_leak,11_119_142,24,119,142,71400,85200,1,0.435056,1
val,11,data_11.csv,persistent_leak,11_120_143,24,120,143,72000,85800,1,0.38230345,1
val,11,data_11.csv,persistent_leak,11_121_144,24,121,144,72600,86400,1,0.36895382,1
val,13,data_13.csv,persistent_leak,13_0_23,24,0,23,0,13800,1,0.16556503,1
val,13,data_13.csv,persistent_leak,13_1_24,24,1,24,600,14400,1,0.16556503,1
val,13,data_13.csv,persistent_leak,13_2_25,24,2,25,1200,15000,1,0.16556503,1
val,13,data_13.csv,persistent_leak,13_3_26,24,3,26,1800,15600,1,0.16556503,1
val,13,data_13.csv,persistent_leak,13_4_27,24,4,27,2400,16200,1,0.16556503,1
val,13,data_13.csv,persistent_leak,13_5_28,24,5,28,3000,16800,1,0.16556503,1
val,13,data_13.csv,persistent_leak,13_6_29,24,6,29,3600,17400,1,0.16556503,1
val,13,data_13.csv,persistent_leak,13_7_30,24,7,30,4200,18000,1,0.16539894,1
val,13,data_13.csv,persistent_leak,13_8_31,24,8,31,4800,18600,1,0.16431876,1
val,13,data_13.csv,persistent_leak,13_9_32,24,9,32,5400,19200,1,0.1637051,1
val,13,data_13.csv,persistent_leak,13_10_33,24,10,33,6000,19800,1,0.16253062,1
val,13,data_13.csv,persistent_leak,13_11_34,24,11,34,6600,20400,1,0.16250199,1
val,13,data_13.csv,persistent_leak,13_12_35,24,12,35,7200,21000,1,0.16223072,1
val,13,data_13.csv,persistent_leak,13_13_36,24,13,36,7800,21600,1,0.16140601,1
val,13,data_13.csv,persistent_leak,13_14_37,24,14,37,8400,22200,1,0.15887752,1
val,13,data_13.csv,persistent_leak,13_15_38,24,15,38,9000,22800,1,0.15845346,1
val,13,data_13.csv,persistent_leak,13_16_39,24,16,39,9600,23400,1,0.15728335,1
val,13,data_13.csv,persistent_leak,13_17_40,24,17,40,10200,24000,1,0.15689415,1
val,13,data_13.csv,persistent_leak,13_18_41,24,18,41,10800,24600,1,0.15645158,1
val,13,data_13.csv,persistent_leak,13_19_42,24,19,42,11400,25200,1,0.1568118,1
val,13,data_13.csv,persistent_leak,13_20_43,24,20,43,12000,25800,1,0.15429416,1
val,13,data_13.csv,persistent_leak,13_21_44,24,21,44,12600,26400,1,0.15438624,1
val,13,data_13.csv,persistent_leak,13_22_45,24,22,45,13200,27000,1,0.15510897,1
val,13,data_13.csv,persistent_leak,13_23_46,24,23,46,13800,27600,1,0.15523139,1
val,13,data_13.csv,persistent_leak,13_24_47,24,24,47,14400,28200,1,0.15578943,1
val,13,data_13.csv,persistent_leak,13_25_48,24,25,48,15000,28800,1,0.15859213,1
val,13,data_13.csv,persistent_leak,13_26_49,24,26,49,15600,29400,1,0.15976584,1
val,13,data_13.csv,persistent_leak,13_27_50,24,27,50,16200,30000,1,0.16364437,1
val,13,data_13.csv,persistent_leak,13_28_51,24,28,51,16800,30600,1,0.16771431,1
val,13,data_13.csv,persistent_leak,13_29_52,24,29,52,17400,31200,1,0.17101733,1
val,13,data_13.csv,persistent_leak,13_30_53,24,30,53,18000,31800,1,0.17362556,1
val,13,data_13.csv,persistent_leak,13_31_54,24,31,54,18600,32400,1,0.176857,1
val,13,data_13.csv,persistent_leak,13_32_55,24,32,55,19200,33000,1,0.17928882,1
val,13,data_13.csv,persistent_leak,13_33_56,24,33,56,19800,33600,1,0.18420939,1
val,13,data_13.csv,persistent_leak,13_34_57,24,34,57,20400,34200,1,0.18999596,1
val,13,data_13.csv,persistent_leak,13_35_58,24,35,58,21000,34800,1,0.19366854,1
val,13,data_13.csv,persistent_leak,13_36_59,24,36,59,21600,35400,1,0.19685544,1
val,13,data_13.csv,persistent_leak,13_37_60,24,37,60,22200,36000,1,0.20081088,1
val,13,data_13.csv,persistent_leak,13_38_61,24,38,61,22800,36600,1,0.2027239,1
val,13,data_13.csv,persistent_leak,13_39_62,24,39,62,23400,37200,1,0.20644021,1
val,13,data_13.csv,persistent_leak,13_40_63,24,40,63,24000,37800,1,0.20990811,1
val,13,data_13.csv,persistent_leak,13_41_64,24,41,64,24600,38400,1,0.21430288,1
val,13,data_13.csv,persistent_leak,13_42_65,24,42,65,25200,39000,1,0.21747887,1
val,13,data_13.csv,persistent_leak,13_43_66,24,43,66,25800,39600,1,0.21868056,1
val,13,data_13.csv,persistent_leak,13_44_67,24,44,67,26400,40200,1,0.21672589,1
val,13,data_13.csv,persistent_leak,13_45_68,24,45,68,27000,40800,1,0.22094074,1
val,13,data_13.csv,persistent_leak,13_46_69,24,46,69,27600,41400,1,0.2225539,1
val,13,data_13.csv,persistent_leak,13_47_70,24,47,70,28200,42000,1,0.22661851,1
val,13,data_13.csv,persistent_leak,13_48_71,24,48,71,28800,42600,1,0.22797163,1
val,13,data_13.csv,persistent_leak,13_49_72,24,49,72,29400,43200,1,0.2284737,1
val,13,data_13.csv,persistent_leak,13_50_73,24,50,73,30000,43800,1,0.22488856,1
val,13,data_13.csv,persistent_leak,13_51_74,24,51,74,30600,44400,1,0.22765273,1
val,13,data_13.csv,persistent_leak,13_52_75,24,52,75,31200,45000,1,0.23388536,1
val,13,data_13.csv,persistent_leak,13_53_76,24,53,76,31800,45600,1,0.23519799,1
val,13,data_13.csv,persistent_leak,13_54_77,24,54,77,32400,46200,1,0.23869929,1
val,13,data_13.csv,persistent_leak,13_55_78,24,55,78,33000,46800,1,0.24666245,1
val,13,data_13.csv,persistent_leak,13_56_79,24,56,79,33600,47400,1,0.2546501,1
val,13,data_13.csv,persistent_leak,13_57_80,24,57,80,34200,48000,1,0.26570997,1
val,13,data_13.csv,persistent_leak,13_58_81,24,58,81,34800,48600,1,0.28022388,1
val,13,data_13.csv,persistent_leak,13_59_82,24,59,82,35400,49200,1,0.29065222,1
val,13,data_13.csv,persistent_leak,13_60_83,24,60,83,36000,49800,1,0.2996745,1
val,13,data_13.csv,persistent_leak,13_61_84,24,61,84,36600,50400,1,0.30797753,1
val,13,data_13.csv,persistent_leak,13_62_85,24,62,85,37200,51000,1,0.32388017,1
val,13,data_13.csv,persistent_leak,13_63_86,24,63,86,37800,51600,1,0.33990717,1
val,13,data_13.csv,persistent_leak,13_64_87,24,64,87,38400,52200,1,0.35961038,1
val,13,data_13.csv,persistent_leak,13_65_88,24,65,88,39000,52800,1,0.37341452,1
val,13,data_13.csv,persistent_leak,13_66_89,24,66,89,39600,53400,1,0.38256642,1
val,13,data_13.csv,persistent_leak,13_67_90,24,67,90,40200,54000,1,0.3874415,1
val,13,data_13.csv,persistent_leak,13_68_91,24,68,91,40800,54600,1,0.39847067,1
val,13,data_13.csv,persistent_leak,13_69_92,24,69,92,41400,55200,1,0.40052372,1
val,13,data_13.csv,persistent_leak,13_70_93,24,70,93,42000,55800,1,0.4061298,1
val,13,data_13.csv,persistent_leak,13_71_94,24,71,94,42600,56400,1,0.4078552,1
val,13,data_13.csv,persistent_leak,13_72_95,24,72,95,43200,57000,1,0.40565312,1
val,13,data_13.csv,persistent_leak,13_73_96,24,73,96,43800,57600,1,0.40124506,1
val,13,data_13.csv,persistent_leak,13_74_97,24,74,97,44400,58200,1,0.40369922,1
val,13,data_13.csv,persistent_leak,13_75_98,24,75,98,45000,58800,1,0.40124747,1
val,13,data_13.csv,persistent_leak,13_76_99,24,76,99,45600,59400,1,0.39749202,1
val,13,data_13.csv,persistent_leak,13_77_100,24,77,100,46200,60000,1,0.39650422,1
val,13,data_13.csv,persistent_leak,13_78_101,24,78,101,46800,60600,1,0.39146322,1
val,13,data_13.csv,persistent_leak,13_79_102,24,79,102,47400,61200,1,0.378342,1
val,13,data_13.csv,persistent_leak,13_80_103,24,80,103,48000,61800,1,0.36290544,1
val,13,data_13.csv,persistent_leak,13_81_104,24,81,104,48600,62400,1,0.3472063,1
val,13,data_13.csv,persistent_leak,13_82_105,24,82,105,49200,63000,1,0.33170074,1
val,13,data_13.csv,persistent_leak,13_83_106,24,83,106,49800,63600,1,0.31727585,1
val,13,data_13.csv,persistent_leak,13_84_107,24,84,107,50400,64200,1,0.30705944,1
val,13,data_13.csv,persistent_leak,13_85_108,24,85,108,51000,64800,1,0.30111644,1
val,13,data_13.csv,persistent_leak,13_86_109,24,86,109,51600,65400,1,0.29070306,1
val,13,data_13.csv,persistent_leak,13_87_110,24,87,110,52200,66000,1,0.28188407,1
val,13,data_13.csv,persistent_leak,13_88_111,24,88,111,52800,66600,1,0.27362373,1
val,13,data_13.csv,persistent_leak,13_89_112,24,89,112,53400,67200,1,0.26936424,1
val,13,data_13.csv,persistent_leak,13_90_113,24,90,113,54000,67800,1,0.26614568,1
val,13,data_13.csv,persistent_leak,13_91_114,24,91,114,54600,68400,1,0.26385427,1
val,13,data_13.csv,persistent_leak,13_92_115,24,92,115,55200,69000,1,0.25942257,1
val,13,data_13.csv,persistent_leak,13_93_116,24,93,116,55800,69600,1,0.26008365,1
val,13,data_13.csv,persistent_leak,13_94_117,24,94,117,56400,70200,1,0.26023003,1
val,13,data_13.csv,persistent_leak,13_95_118,24,95,118,57000,70800,1,0.2594078,1
val,13,data_13.csv,persistent_leak,13_96_119,24,96,119,57600,71400,1,0.25843105,1
val,13,data_13.csv,persistent_leak,13_97_120,24,97,120,58200,72000,1,0.26213196,1
val,13,data_13.csv,persistent_leak,13_98_121,24,98,121,58800,72600,1,0.26503527,1
val,13,data_13.csv,persistent_leak,13_99_122,24,99,122,59400,73200,1,0.26835236,1
val,13,data_13.csv,persistent_leak,13_100_123,24,100,123,60000,73800,1,0.27788147,1
val,13,data_13.csv,persistent_leak,13_101_124,24,101,124,60600,74400,1,0.2793556,1
val,13,data_13.csv,persistent_leak,13_102_125,24,102,125,61200,75000,1,0.28303587,1
val,13,data_13.csv,persistent_leak,13_103_126,24,103,126,61800,75600,1,0.29458204,1
val,13,data_13.csv,persistent_leak,13_104_127,24,104,127,62400,76200,1,0.3170809,1
val,13,data_13.csv,persistent_leak,13_105_128,24,105,128,63000,76800,1,0.33247593,1
val,13,data_13.csv,persistent_leak,13_106_129,24,106,129,63600,77400,1,0.3533941,1
val,13,data_13.csv,persistent_leak,13_107_130,24,107,130,64200,78000,1,0.36875302,1
val,13,data_13.csv,persistent_leak,13_108_131,24,108,131,64800,78600,1,0.37661034,1
val,13,data_13.csv,persistent_leak,13_109_132,24,109,132,65400,79200,1,0.3772852,1
val,13,data_13.csv,persistent_leak,13_110_133,24,110,133,66000,79800,1,0.39036375,1
val,13,data_13.csv,persistent_leak,13_111_134,24,111,134,66600,80400,1,0.38979563,1
val,13,data_13.csv,persistent_leak,13_112_135,24,112,135,67200,81000,1,0.39473286,1
val,13,data_13.csv,persistent_leak,13_113_136,24,113,136,67800,81600,1,0.39461035,1
val,13,data_13.csv,persistent_leak,13_114_137,24,114,137,68400,82200,1,0.386788,1
val,13,data_13.csv,persistent_leak,13_115_138,24,115,138,69000,82800,1,0.37376425,1
val,13,data_13.csv,persistent_leak,13_116_139,24,116,139,69600,83400,1,0.3672348,1
val,13,data_13.csv,persistent_leak,13_117_140,24,117,140,70200,84000,1,0.34942895,1
val,13,data_13.csv,persistent_leak,13_118_141,24,118,141,70800,84600,1,0.33264986,1
val,13,data_13.csv,persistent_leak,13_119_142,24,119,142,71400,85200,1,0.3192258,1
val,13,data_13.csv,persistent_leak,13_120_143,24,120,143,72000,85800,1,0.30537757,1
val,13,data_13.csv,persistent_leak,13_121_144,24,121,144,72600,86400,1,0.29374686,1
val,14,data_14.csv,persistent_leak,14_0_23,24,0,23,0,13800,1,0.20249842,1
val,14,data_14.csv,persistent_leak,14_1_24,24,1,24,600,14400,1,0.20095661,1
val,14,data_14.csv,persistent_leak,14_2_25,24,2,25,1200,15000,1,0.19967887,1
val,14,data_14.csv,persistent_leak,14_3_26,24,3,26,1800,15600,1,0.19760576,1
val,14,data_14.csv,persistent_leak,14_4_27,24,4,27,2400,16200,1,0.19533508,1
val,14,data_14.csv,persistent_leak,14_5_28,24,5,28,3000,16800,1,0.19374496,1
val,14,data_14.csv,persistent_leak,14_6_29,24,6,29,3600,17400,1,0.19247901,1
val,14,data_14.csv,persistent_leak,14_7_30,24,7,30,4200,18000,1,0.19107378,1
val,14,data_14.csv,persistent_leak,14_8_31,24,8,31,4800,18600,1,0.18916093,1
val,14,data_14.csv,persistent_leak,14_9_32,24,9,32,5400,19200,1,0.18713355,1
val,14,data_14.csv,persistent_leak,14_10_33,24,10,33,6000,19800,1,0.18469118,1
val,14,data_14.csv,persistent_leak,14_11_34,24,11,34,6600,20400,1,0.1833274,1
val,14,data_14.csv,persistent_leak,14_12_35,24,12,35,7200,21000,1,0.18215792,1
val,14,data_14.csv,persistent_leak,14_13_36,24,13,36,7800,21600,1,0.18093328,1
val,14,data_14.csv,persistent_leak,14_14_37,24,14,37,8400,22200,1,0.17868389,1
val,14,data_14.csv,persistent_leak,14_15_38,24,15,38,9000,22800,1,0.1773717,1
val,14,data_14.csv,persistent_leak,14_16_39,24,16,39,9600,23400,1,0.17571855,1
val,14,data_14.csv,persistent_leak,14_17_40,24,17,40,10200,24000,1,0.17463821,1
val,14,data_14.csv,persistent_leak,14_18_41,24,18,41,10800,24600,1,0.17380148,1
val,14,data_14.csv,persistent_leak,14_19_42,24,19,42,11400,25200,1,0.17370923,1
val,14,data_14.csv,persistent_leak,14_20_43,24,20,43,12000,25800,1,0.17214167,1
val,14,data_14.csv,persistent_leak,14_21_44,24,21,44,12600,26400,1,0.17179416,1
val,14,data_14.csv,persistent_leak,14_22_45,24,22,45,13200,27000,1,0.17179662,1
val,14,data_14.csv,persistent_leak,14_23_46,24,23,46,13800,27600,1,0.1715384,1
val,14,data_14.csv,persistent_leak,14_24_47,24,24,47,14400,28200,1,0.17160113,1
val,14,data_14.csv,persistent_leak,14_25_48,24,25,48,15000,28800,1,0.17289385,1
val,14,data_14.csv,persistent_leak,14_26_49,24,26,49,15600,29400,1,0.17343198,1
val,14,data_14.csv,persistent_leak,14_27_50,24,27,50,16200,30000,1,0.17519689,1
val,14,data_14.csv,persistent_leak,14_28_51,24,28,51,16800,30600,1,0.17702787,1
val,14,data_14.csv,persistent_leak,14_29_52,24,29,52,17400,31200,1,0.17849867,1
val,14,data_14.csv,persistent_leak,14_30_53,24,30,53,18000,31800,1,0.17965083,1
val,14,data_14.csv,persistent_leak,14_31_54,24,31,54,18600,32400,1,0.18061867,1
val,14,data_14.csv,persistent_leak,14_32_55,24,32,55,19200,33000,1,0.17875975,1
val,14,data_14.csv,persistent_leak,14_33_56,24,33,56,19800,33600,1,0.17918357,1
val,14,data_14.csv,persistent_leak,14_34_57,24,34,57,20400,34200,1,0.17847249,1
val,14,data_14.csv,persistent_leak,14_35_58,24,35,58,21000,34800,1,0.1802916,1
val,14,data_14.csv,persistent_leak,14_36_59,24,36,59,21600,35400,1,0.1809819,1
val,14,data_14.csv,persistent_leak,14_37_60,24,37,60,22200,36000,1,0.1805048,1
val,14,data_14.csv,persistent_leak,14_38_61,24,38,61,22800,36600,1,0.17358136,1
val,14,data_14.csv,persistent_leak,14_39_62,24,39,62,23400,37200,1,0.17509821,1
val,14,data_14.csv,persistent_leak,14_40_63,24,40,63,24000,37800,1,0.17531301,1
val,14,data_14.csv,persistent_leak,14_41_64,24,41,64,24600,38400,1,0.17754596,1
val,14,data_14.csv,persistent_leak,14_42_65,24,42,65,25200,39000,1,0.17781283,1
val,14,data_14.csv,persistent_leak,14_43_66,24,43,66,25800,39600,1,0.18514529,1
val,14,data_14.csv,persistent_leak,14_44_67,24,44,67,26400,40200,1,0.18483521,1
val,14,data_14.csv,persistent_leak,14_45_68,24,45,68,27000,40800,1,0.19249879,1
val,14,data_14.csv,persistent_leak,14_46_69,24,46,69,27600,41400,1,0.19971603,1
val,14,data_14.csv,persistent_leak,14_47_70,24,47,70,28200,42000,1,0.20559447,1
val,14,data_14.csv,persistent_leak,14_48_71,24,48,71,28800,42600,1,0.22114201,1
val,14,data_14.csv,persistent_leak,14_49_72,24,49,72,29400,43200,1,0.24392533,1
val,14,data_14.csv,persistent_leak,14_50_73,24,50,73,30000,43800,1,0.24832408,1
val,14,data_14.csv,persistent_leak,14_51_74,24,51,74,30600,44400,1,0.26096597,1
val,14,data_14.csv,persistent_leak,14_52_75,24,52,75,31200,45000,1,0.28646427,1
val,14,data_14.csv,persistent_leak,14_53_76,24,53,76,31800,45600,1,0.3060529,1
val,14,data_14.csv,persistent_leak,14_54_77,24,54,77,32400,46200,1,0.33512083,1
val,14,data_14.csv,persistent_leak,14_55_78,24,55,78,33000,46800,1,0.36684075,1
val,14,data_14.csv,persistent_leak,14_56_79,24,56,79,33600,47400,1,0.37944397,1
val,14,data_14.csv,persistent_leak,14_57_80,24,57,80,34200,48000,1,0.412128,1
val,14,data_14.csv,persistent_leak,14_58_81,24,58,81,34800,48600,1,0.44669306,1
val,14,data_14.csv,persistent_leak,14_59_82,24,59,82,35400,49200,1,0.47077543,1
val,14,data_14.csv,persistent_leak,14_60_83,24,60,83,36000,49800,1,0.50390106,1
val,14,data_14.csv,persistent_leak,14_61_84,24,61,84,36600,50400,1,0.5040625,1
val,14,data_14.csv,persistent_leak,14_62_85,24,62,85,37200,51000,1,0.5163528,1
val,14,data_14.csv,persistent_leak,14_63_86,24,63,86,37800,51600,1,0.5401776,1
val,14,data_14.csv,persistent_leak,14_64_87,24,64,87,38400,52200,1,0.5647724,1
val,14,data_14.csv,persistent_leak,14_65_88,24,65,88,39000,52800,1,0.59054685,1
val,14,data_14.csv,persistent_leak,14_66_89,24,66,89,39600,53400,1,0.6031025,1
val,14,data_14.csv,persistent_leak,14_67_90,24,67,90,40200,54000,1,0.6006771,1
val,14,data_14.csv,persistent_leak,14_68_91,24,68,91,40800,54600,1,0.59300005,1
val,14,data_14.csv,persistent_leak,14_69_92,24,69,92,41400,55200,1,0.5890863,1
val,14,data_14.csv,persistent_leak,14_70_93,24,70,93,42000,55800,1,0.5851621,1
val,14,data_14.csv,persistent_leak,14_71_94,24,71,94,42600,56400,1,0.58453095,1
val,14,data_14.csv,persistent_leak,14_72_95,24,72,95,43200,57000,1,0.5775319,1
val,14,data_14.csv,persistent_leak,14_73_96,24,73,96,43800,57600,1,0.57066935,1
val,14,data_14.csv,persistent_leak,14_74_97,24,74,97,44400,58200,1,0.5483213,1
val,14,data_14.csv,persistent_leak,14_75_98,24,75,98,45000,58800,1,0.53193426,1
val,14,data_14.csv,persistent_leak,14_76_99,24,76,99,45600,59400,1,0.50942385,1
val,14,data_14.csv,persistent_leak,14_77_100,24,77,100,46200,60000,1,0.49646634,1
val,14,data_14.csv,persistent_leak,14_78_101,24,78,101,46800,60600,1,0.4924648,1
val,14,data_14.csv,persistent_leak,14_79_102,24,79,102,47400,61200,1,0.48631305,1
val,14,data_14.csv,persistent_leak,14_80_103,24,80,103,48000,61800,1,0.4738093,1
val,14,data_14.csv,persistent_leak,14_81_104,24,81,104,48600,62400,1,0.46413583,1
val,14,data_14.csv,persistent_leak,14_82_105,24,82,105,49200,63000,1,0.45405948,1
val,14,data_14.csv,persistent_leak,14_83_106,24,83,106,49800,63600,1,0.46344364,1
val,14,data_14.csv,persistent_leak,14_84_107,24,84,107,50400,64200,1,0.48518544,1
val,14,data_14.csv,persistent_leak,14_85_108,24,85,108,51000,64800,1,0.5289634,1
val,14,data_14.csv,persistent_leak,14_86_109,24,86,109,51600,65400,1,0.5511867,1
val,14,data_14.csv,persistent_leak,14_87_110,24,87,110,52200,66000,1,0.5734679,1
val,14,data_14.csv,persistent_leak,14_88_111,24,88,111,52800,66600,1,0.59413266,1
val,14,data_14.csv,persistent_leak,14_89_112,24,89,112,53400,67200,1,0.6256157,1
val,14,data_14.csv,persistent_leak,14_90_113,24,90,113,54000,67800,1,0.6491809,1
val,14,data_14.csv,persistent_leak,14_91_114,24,91,114,54600,68400,1,0.634732,1
val,14,data_14.csv,persistent_leak,14_92_115,24,92,115,55200,69000,1,0.6358565,1
val,14,data_14.csv,persistent_leak,14_93_116,24,93,116,55800,69600,1,0.65584576,1
val,14,data_14.csv,persistent_leak,14_94_117,24,94,117,56400,70200,1,0.6589081,1
val,14,data_14.csv,persistent_leak,14_95_118,24,95,118,57000,70800,1,0.66128844,1
val,14,data_14.csv,persistent_leak,14_96_119,24,96,119,57600,71400,1,0.65702784,1
val,14,data_14.csv,persistent_leak,14_97_120,24,97,120,58200,72000,1,0.63923246,1
val,14,data_14.csv,persistent_leak,14_98_121,24,98,121,58800,72600,1,0.62751377,1
val,14,data_14.csv,persistent_leak,14_99_122,24,99,122,59400,73200,1,0.6532984,1
val,14,data_14.csv,persistent_leak,14_100_123,24,100,123,60000,73800,1,0.6832185,1
val,14,data_14.csv,persistent_leak,14_101_124,24,101,124,60600,74400,1,0.6987684,1
val,14,data_14.csv,persistent_leak,14_102_125,24,102,125,61200,75000,1,0.6898423,1
val,14,data_14.csv,persistent_leak,14_103_126,24,103,126,61800,75600,1,0.6919469,1
val,14,data_14.csv,persistent_leak,14_104_127,24,104,127,62400,76200,1,0.685056,1
val,14,data_14.csv,persistent_leak,14_105_128,24,105,128,63000,76800,1,0.69882774,1
val,14,data_14.csv,persistent_leak,14_106_129,24,106,129,63600,77400,1,0.7081664,1
val,14,data_14.csv,persistent_leak,14_107_130,24,107,130,64200,78000,1,0.7360495,1
val,14,data_14.csv,persistent_leak,14_108_131,24,108,131,64800,78600,1,0.7381148,1
val,14,data_14.csv,persistent_leak,14_109_132,24,109,132,65400,79200,1,0.72450596,1
val,14,data_14.csv,persistent_leak,14_110_133,24,110,133,66000,79800,1,0.70865244,1
val,14,data_14.csv,persistent_leak,14_111_134,24,111,134,66600,80400,1,0.6937252,1
val,14,data_14.csv,persistent_leak,14_112_135,24,112,135,67200,81000,1,0.67478335,1
val,14,data_14.csv,persistent_leak,14_113_136,24,113,136,67800,81600,1,0.6351309,1
val,14,data_14.csv,persistent_leak,14_114_137,24,114,137,68400,82200,1,0.58745176,1
val,14,data_14.csv,persistent_leak,14_115_138,24,115,138,69000,82800,1,0.5481025,1
val,14,data_14.csv,persistent_leak,14_116_139,24,116,139,69600,83400,1,0.5072847,1
val,14,data_14.csv,persistent_leak,14_117_140,24,117,140,70200,84000,1,0.4527111,1
val,14,data_14.csv,persistent_leak,14_118_141,24,118,141,70800,84600,1,0.39907452,1
val,14,data_14.csv,persistent_leak,14_119_142,24,119,142,71400,85200,1,0.347552,1
val,14,data_14.csv,persistent_leak,14_120_143,24,120,143,72000,85800,1,0.3118849,1
val,14,data_14.csv,persistent_leak,14_121_144,24,121,144,72600,86400,1,0.30417007,1
val,15,data_15.csv,persistent_leak,15_0_23,24,0,23,0,13800,1,0.15161465,1
val,15,data_15.csv,persistent_leak,15_1_24,24,1,24,600,14400,1,0.15239172,1
val,15,data_15.csv,persistent_leak,15_2_25,24,2,25,1200,15000,1,0.15222472,1
val,15,data_15.csv,persistent_leak,15_3_26,24,3,26,1800,15600,1,0.15327144,1
val,15,data_15.csv,persistent_leak,15_4_27,24,4,27,2400,16200,1,0.15433262,1
val,15,data_15.csv,persistent_leak,15_5_28,24,5,28,3000,16800,1,0.15522757,1
val,15,data_15.csv,persistent_leak,15_6_29,24,6,29,3600,17400,1,0.15595065,1
val,15,data_15.csv,persistent_leak,15_7_30,24,7,30,4200,18000,1,0.15683666,1
val,15,data_15.csv,persistent_leak,15_8_31,24,8,31,4800,18600,1,0.15555453,1
val,15,data_15.csv,persistent_leak,15_9_32,24,9,32,5400,19200,1,0.1562461,1
val,15,data_15.csv,persistent_leak,15_10_33,24,10,33,6000,19800,1,0.15625194,1
val,15,data_15.csv,persistent_leak,15_11_34,24,11,34,6600,20400,1,0.15751871,1
val,15,data_15.csv,persistent_leak,15_12_35,24,12,35,7200,21000,1,0.15821697,1
val,15,data_15.csv,persistent_leak,15_13_36,24,13,36,7800,21600,1,0.15847869,1
val,15,data_15.csv,persistent_leak,15_14_37,24,14,37,8400,22200,1,0.15524141,1
val,15,data_15.csv,persistent_leak,15_15_38,24,15,38,9000,22800,1,0.15668835,1
val,15,data_15.csv,persistent_leak,15_16_39,24,16,39,9600,23400,1,0.15712994,1
val,15,data_15.csv,persistent_leak,15_17_40,24,17,40,10200,24000,1,0.15849952,1
val,15,data_15.csv,persistent_leak,15_18_41,24,18,41,10800,24600,1,0.15891571,1
val,15,data_15.csv,persistent_leak,15_19_42,24,19,42,11400,25200,1,0.1605916,1
val,15,data_15.csv,persistent_leak,15_20_43,24,20,43,12000,25800,1,0.15744172,1
val,15,data_15.csv,persistent_leak,15_21_44,24,21,44,12600,26400,1,0.16085152,1
val,15,data_15.csv,persistent_leak,15_22_45,24,22,45,13200,27000,1,0.16523047,1
val,15,data_15.csv,persistent_leak,15_23_46,24,23,46,13800,27600,1,0.16771784,1
val,15,data_15.csv,persistent_leak,15_24_47,24,24,47,14400,28200,1,0.17097063,1
val,15,data_15.csv,persistent_leak,15_25_48,24,25,48,15000,28800,1,0.1769421,1
val,15,data_15.csv,persistent_leak,15_26_49,24,26,49,15600,29400,1,0.17899626,1
val,15,data_15.csv,persistent_leak,15_27_50,24,27,50,16200,30000,1,0.18845712,1
val,15,data_15.csv,persistent_leak,15_28_51,24,28,51,16800,30600,1,0.1974437,1
val,15,data_15.csv,persistent_leak,15_29_52,24,29,52,17400,31200,1,0.20432813,1
val,15,data_15.csv,persistent_leak,15_30_53,24,30,53,18000,31800,1,0.21221514,1
val,15,data_15.csv,persistent_leak,15_31_54,24,31,54,18600,32400,1,0.22252011,1
val,15,data_15.csv,persistent_leak,15_32_55,24,32,55,19200,33000,1,0.22772455,1
val,15,data_15.csv,persistent_leak,15_33_56,24,33,56,19800,33600,1,0.23800942,1
val,15,data_15.csv,persistent_leak,15_34_57,24,34,57,20400,34200,1,0.25076672,1
val,15,data_15.csv,persistent_leak,15_35_58,24,35,58,21000,34800,1,0.260359,1
val,15,data_15.csv,persistent_leak,15_36_59,24,36,59,21600,35400,1,0.27289045,1
val,15,data_15.csv,persistent_leak,15_37_60,24,37,60,22200,36000,1,0.28759024,1
val,15,data_15.csv,persistent_leak,15_38_61,24,38,61,22800,36600,1,0.2944796,1
val,15,data_15.csv,persistent_leak,15_39_62,24,39,62,23400,37200,1,0.30989853,1
val,15,data_15.csv,persistent_leak,15_40_63,24,40,63,24000,37800,1,0.3264346,1
val,15,data_15.csv,persistent_leak,15_41_64,24,41,64,24600,38400,1,0.34455603,1
val,15,data_15.csv,persistent_leak,15_42_65,24,42,65,25200,39000,1,0.3685771,1
val,15,data_15.csv,persistent_leak,15_43_66,24,43,66,25800,39600,1,0.41137978,1
val,15,data_15.csv,persistent_leak,15_44_67,24,44,67,26400,40200,1,0.43193328,1
val,15,data_15.csv,persistent_leak,15_45_68,24,45,68,27000,40800,1,0.46484956,1
val,15,data_15.csv,persistent_leak,15_46_69,24,46,69,27600,41400,1,0.49440068,1
val,15,data_15.csv,persistent_leak,15_47_70,24,47,70,28200,42000,1,0.54804236,1
val,15,data_15.csv,persistent_leak,15_48_71,24,48,71,28800,42600,1,0.58925,1
val,15,data_15.csv,persistent_leak,15_49_72,24,49,72,29400,43200,1,0.6312862,1
val,15,data_15.csv,persistent_leak,15_50_73,24,50,73,30000,43800,1,0.65200645,1
val,15,data_15.csv,persistent_leak,15_51_74,24,51,74,30600,44400,1,0.6715252,1
val,15,data_15.csv,persistent_leak,15_52_75,24,52,75,31200,45000,1,0.6789029,1
val,15,data_15.csv,persistent_leak,15_53_76,24,53,76,31800,45600,1,0.7037688,1
val,15,data_15.csv,persistent_leak,15_54_77,24,54,77,32400,46200,1,0.72114044,1
val,15,data_15.csv,persistent_leak,15_55_78,24,55,78,33000,46800,1,0.7274114,1
val,15,data_15.csv,persistent_leak,15_56_79,24,56,79,33600,47400,1,0.7371424,1
val,15,data_15.csv,persistent_leak,15_57_80,24,57,80,34200,48000,1,0.74912906,1
val,15,data_15.csv,persistent_leak,15_58_81,24,58,81,34800,48600,1,0.7473125,1
val,15,data_15.csv,persistent_leak,15_59_82,24,59,82,35400,49200,1,0.7593578,1
val,15,data_15.csv,persistent_leak,15_60_83,24,60,83,36000,49800,1,0.76896244,1
val,15,data_15.csv,persistent_leak,15_61_84,24,61,84,36600,50400,1,0.7704742,1
val,15,data_15.csv,persistent_leak,15_62_85,24,62,85,37200,51000,1,0.77042997,1
val,15,data_15.csv,persistent_leak,15_63_86,24,63,86,37800,51600,1,0.77627605,1
val,15,data_15.csv,persistent_leak,15_64_87,24,64,87,38400,52200,1,0.7752687,1
val,15,data_15.csv,persistent_leak,15_65_88,24,65,88,39000,52800,1,0.78313446,1
val,15,data_15.csv,persistent_leak,15_66_89,24,66,89,39600,53400,1,0.78550446,1
val,15,data_15.csv,persistent_leak,15_67_90,24,67,90,40200,54000,1,0.77584964,1
val,15,data_15.csv,persistent_leak,15_68_91,24,68,91,40800,54600,1,0.77164125,1
val,15,data_15.csv,persistent_leak,15_69_92,24,69,92,41400,55200,1,0.77398837,1
val,15,data_15.csv,persistent_leak,15_70_93,24,70,93,42000,55800,1,0.7748402,1
val,15,data_15.csv,persistent_leak,15_71_94,24,71,94,42600,56400,1,0.7753493,1
val,15,data_15.csv,persistent_leak,15_72_95,24,72,95,43200,57000,1,0.7669474,1
val,15,data_15.csv,persistent_leak,15_73_96,24,73,96,43800,57600,1,0.7492595,1
val,15,data_15.csv,persistent_leak,15_74_97,24,74,97,44400,58200,1,0.73744786,1
val,15,data_15.csv,persistent_leak,15_75_98,24,75,98,45000,58800,1,0.7399589,1
val,15,data_15.csv,persistent_leak,15_76_99,24,76,99,45600,59400,1,0.7422637,1
val,15,data_15.csv,persistent_leak,15_77_100,24,77,100,46200,60000,1,0.7277915,1
val,15,data_15.csv,persistent_leak,15_78_101,24,78,101,46800,60600,1,0.71060824,1
val,15,data_15.csv,persistent_leak,15_79_102,24,79,102,47400,61200,1,0.7002975,1
val,15,data_15.csv,persistent_leak,15_80_103,24,80,103,48000,61800,1,0.6863767,1
val,15,data_15.csv,persistent_leak,15_81_104,24,81,104,48600,62400,1,0.6831273,1
val,15,data_15.csv,persistent_leak,15_82_105,24,82,105,49200,63000,1,0.6867166,1
val,15,data_15.csv,persistent_leak,15_83_106,24,83,106,49800,63600,1,0.6791634,1
val,15,data_15.csv,persistent_leak,15_84_107,24,84,107,50400,64200,1,0.6701528,1
val,15,data_15.csv,persistent_leak,15_85_108,24,85,108,51000,64800,1,0.6677645,1
val,15,data_15.csv,persistent_leak,15_86_109,24,86,109,51600,65400,1,0.65039,1
val,15,data_15.csv,persistent_leak,15_87_110,24,87,110,52200,66000,1,0.6374172,1
val,15,data_15.csv,persistent_leak,15_88_111,24,88,111,52800,66600,1,0.632541,1
val,15,data_15.csv,persistent_leak,15_89_112,24,89,112,53400,67200,1,0.62533,1
val,15,data_15.csv,persistent_leak,15_90_113,24,90,113,54000,67800,1,0.6227233,1
val,15,data_15.csv,persistent_leak,15_91_114,24,91,114,54600,68400,1,0.6175166,1
val,15,data_15.csv,persistent_leak,15_92_115,24,92,115,55200,69000,1,0.6019359,1
val,15,data_15.csv,persistent_leak,15_93_116,24,93,116,55800,69600,1,0.57219505,1
val,15,data_15.csv,persistent_leak,15_94_117,24,94,117,56400,70200,1,0.558365,1
val,15,data_15.csv,persistent_leak,15_95_118,24,95,118,57000,70800,1,0.53623855,1
val,15,data_15.csv,persistent_leak,15_96_119,24,96,119,57600,71400,1,0.54095405,1
val,15,data_15.csv,persistent_leak,15_97_120,24,97,120,58200,72000,1,0.54894876,1
val,15,data_15.csv,persistent_leak,15_98_121,24,98,121,58800,72600,1,0.55533147,1
val,15,data_15.csv,persistent_leak,15_99_122,24,99,122,59400,73200,1,0.5652711,1
val,15,data_15.csv,persistent_leak,15_100_123,24,100,123,60000,73800,1,0.56852055,1
val,15,data_15.csv,persistent_leak,15_101_124,24,101,124,60600,74400,1,0.57671434,1
val,15,data_15.csv,persistent_leak,15_102_125,24,102,125,61200,75000,1,0.59186095,1
val,15,data_15.csv,persistent_leak,15_103_126,24,103,126,61800,75600,1,0.579991,1
val,15,data_15.csv,persistent_leak,15_104_127,24,104,127,62400,76200,1,0.57134205,1
val,15,data_15.csv,persistent_leak,15_105_128,24,105,128,63000,76800,1,0.5887611,1
val,15,data_15.csv,persistent_leak,15_106_129,24,106,129,63600,77400,1,0.60121083,1
val,15,data_15.csv,persistent_leak,15_107_130,24,107,130,64200,78000,1,0.60272443,1
val,15,data_15.csv,persistent_leak,15_108_131,24,108,131,64800,78600,1,0.6071263,1
val,15,data_15.csv,persistent_leak,15_109_132,24,109,132,65400,79200,1,0.5965238,1
val,15,data_15.csv,persistent_leak,15_110_133,24,110,133,66000,79800,1,0.6021138,1
val,15,data_15.csv,persistent_leak,15_111_134,24,111,134,66600,80400,1,0.6249252,1
val,15,data_15.csv,persistent_leak,15_112_135,24,112,135,67200,81000,1,0.6491638,1
val,15,data_15.csv,persistent_leak,15_113_136,24,113,136,67800,81600,1,0.67263573,1
val,15,data_15.csv,persistent_leak,15_114_137,24,114,137,68400,82200,1,0.6769071,1
val,15,data_15.csv,persistent_leak,15_115_138,24,115,138,69000,82800,1,0.67061555,1
val,15,data_15.csv,persistent_leak,15_116_139,24,116,139,69600,83400,1,0.6734172,1
val,15,data_15.csv,persistent_leak,15_117_140,24,117,140,70200,84000,1,0.6874932,1
val,15,data_15.csv,persistent_leak,15_118_141,24,118,141,70800,84600,1,0.7008351,1
val,15,data_15.csv,persistent_leak,15_119_142,24,119,142,71400,85200,1,0.70862037,1
val,15,data_15.csv,persistent_leak,15_120_143,24,120,143,72000,85800,1,0.70432925,1
val,15,data_15.csv,persistent_leak,15_121_144,24,121,144,72600,86400,1,0.69267076,1
val,30,data_30.csv,onset_leak,30_0_23,24,0,23,0,13800,0,0.15202272,1
val,30,data_30.csv,onset_leak,30_1_24,24,1,24,600,14400,0,0.15593502,1
val,30,data_30.csv,onset_leak,30_2_25,24,2,25,1200,15000,0,0.15769409,1
val,30,data_30.csv,onset_leak,30_3_26,24,3,26,1800,15600,0,0.16351315,1
val,30,data_30.csv,onset_leak,30_4_27,24,4,27,2400,16200,0,0.16993909,1
val,30,data_30.csv,onset_leak,30_5_28,24,5,28,3000,16800,0,0.17497581,1
val,30,data_30.csv,onset_leak,30_6_29,24,6,29,3600,17400,0,0.17955594,1
val,30,data_30.csv,onset_leak,30_7_30,24,7,30,4200,18000,0,0.18451342,1
val,30,data_30.csv,onset_leak,30_8_31,24,8,31,4800,18600,0,0.1839041,1
val,30,data_30.csv,onset_leak,30_9_32,24,9,32,5400,19200,0,0.19142255,1
val,30,data_30.csv,onset_leak,30_10_33,24,10,33,6000,19800,0,0.19724615,1
val,30,data_30.csv,onset_leak,30_11_34,24,11,34,6600,20400,0,0.20255624,1
val,30,data_30.csv,onset_leak,30_12_35,24,12,35,7200,21000,0,0.2068444,1
val,30,data_30.csv,onset_leak,30_13_36,24,13,36,7800,21600,0,0.21818006,1
val,30,data_30.csv,onset_leak,30_14_37,24,14,37,8400,22200,0,0.22247092,1
val,30,data_30.csv,onset_leak,30_15_38,24,15,38,9000,22800,0,0.23193447,1
val,30,data_30.csv,onset_leak,30_16_39,24,16,39,9600,23400,0,0.2404945,1
val,30,data_30.csv,onset_leak,30_17_40,24,17,40,10200,24000,0,0.2526228,1
val,30,data_30.csv,onset_leak,30_18_41,24,18,41,10800,24600,0,0.2734851,1
val,30,data_30.csv,onset_leak,30_19_42,24,19,42,11400,25200,0,0.30870828,1
val,30,data_30.csv,onset_leak,30_20_43,24,20,43,12000,25800,0,0.31995487,1
val,30,data_30.csv,onset_leak,30_21_44,24,21,44,12600,26400,0,0.34209394,1
val,30,data_30.csv,onset_leak,30_22_45,24,22,45,13200,27000,0,0.3705814,1
val,30,data_30.csv,onset_leak,30_23_46,24,23,46,13800,27600,0,0.43132406,1
val,30,data_30.csv,onset_leak,30_24_47,24,24,47,14400,28200,0,0.49653527,1
val,30,data_30.csv,onset_leak,30_25_48,24,25,48,15000,28800,0,0.55687106,1
val,30,data_30.csv,onset_leak,30_26_49,24,26,49,15600,29400,0,0.581426,1
val,30,data_30.csv,onset_leak,30_27_50,24,27,50,16200,30000,0,0.63165474,1
val,30,data_30.csv,onset_leak,30_28_51,24,28,51,16800,30600,0,0.6594679,1
val,30,data_30.csv,onset_leak,30_29_52,24,29,52,17400,31200,0,0.68647206,1
val,30,data_30.csv,onset_leak,30_30_53,24,30,53,18000,31800,0,0.7068646,1
val,30,data_30.csv,onset_leak,30_31_54,24,31,54,18600,32400,0,0.7061084,1
val,30,data_30.csv,onset_leak,30_32_55,24,32,55,19200,33000,0,0.70342356,1
val,30,data_30.csv,onset_leak,30_33_56,24,33,56,19800,33600,0,0.7174903,1
val,30,data_30.csv,onset_leak,30_34_57,24,34,57,20400,34200,0,0.71514034,1
val,30,data_30.csv,onset_leak,30_35_58,24,35,58,21000,34800,0,0.7288457,1
val,30,data_30.csv,onset_leak,30_36_59,24,36,59,21600,35400,0,0.729951,1
val,30,data_30.csv,onset_leak,30_37_60,24,37,60,22200,36000,0,0.7111896,1
val,30,data_30.csv,onset_leak,30_38_61,24,38,61,22800,36600,0,0.70157033,1
val,30,data_30.csv,onset_leak,30_39_62,24,39,62,23400,37200,0,0.7093399,1
val,30,data_30.csv,onset_leak,30_40_63,24,40,63,24000,37800,0,0.7131485,1
val,30,data_30.csv,onset_leak,30_41_64,24,41,64,24600,38400,0,0.7160405,1
val,30,data_30.csv,onset_leak,30_42_65,24,42,65,25200,39000,0,0.7060877,1
val,30,data_30.csv,onset_leak,30_43_66,24,43,66,25800,39600,0,0.697116,1
val,30,data_30.csv,onset_leak,30_44_67,24,44,67,26400,40200,0,0.6803983,1
val,30,data_30.csv,onset_leak,30_45_68,24,45,68,27000,40800,0,0.6788573,1
val,30,data_30.csv,onset_leak,30_46_69,24,46,69,27600,41400,0,0.69021434,1
val,30,data_30.csv,onset_leak,30_47_70,24,47,70,28200,42000,0,0.68728805,1
val,30,data_30.csv,onset_leak,30_48_71,24,48,71,28800,42600,0,0.679955,1
val,30,data_30.csv,onset_leak,30_49_72,24,49,72,29400,43200,1,0.67438805,1
val,30,data_30.csv,onset_leak,30_50_73,24,50,73,30000,43800,1,0.665455,1
val,30,data_30.csv,onset_leak,30_51_74,24,51,74,30600,44400,1,0.66278285,1
val,30,data_30.csv,onset_leak,30_52_75,24,52,75,31200,45000,1,0.66503376,1
val,30,data_30.csv,onset_leak,30_53_76,24,53,76,31800,45600,1,0.65840626,1
val,30,data_30.csv,onset_leak,30_54_77,24,54,77,32400,46200,1,0.64067465,1
val,30,data_30.csv,onset_leak,30_55_78,24,55,78,33000,46800,1,0.62907124,1
val,30,data_30.csv,onset_leak,30_56_79,24,56,79,33600,47400,1,0.6241343,1
val,30,data_30.csv,onset_leak,30_57_80,24,57,80,34200,48000,1,0.6147512,1
val,30,data_30.csv,onset_leak,30_58_81,24,58,81,34800,48600,1,0.6006077,1
val,30,data_30.csv,onset_leak,30_59_82,24,59,82,35400,49200,1,0.5756535,1
val,30,data_30.csv,onset_leak,30_60_83,24,60,83,36000,49800,1,0.54932046,1
val,30,data_30.csv,onset_leak,30_61_84,24,61,84,36600,50400,1,0.5323984,1
val,30,data_30.csv,onset_leak,30_62_85,24,62,85,37200,51000,1,0.52233404,1
val,30,data_30.csv,onset_leak,30_63_86,24,63,86,37800,51600,1,0.5053221,1
val,30,data_30.csv,onset_leak,30_64_87,24,64,87,38400,52200,1,0.4855828,1
val,30,data_30.csv,onset_leak,30_65_88,24,65,88,39000,52800,1,0.46495703,1
val,30,data_30.csv,onset_leak,30_66_89,24,66,89,39600,53400,1,0.44387984,1
val,30,data_30.csv,onset_leak,30_67_90,24,67,90,40200,54000,1,0.42923582,1
val,30,data_30.csv,onset_leak,30_68_91,24,68,91,40800,54600,1,0.41452688,1
val,30,data_30.csv,onset_leak,30_69_92,24,69,92,41400,55200,1,0.3969787,1
val,30,data_30.csv,onset_leak,30_70_93,24,70,93,42000,55800,1,0.37713072,1
val,30,data_30.csv,onset_leak,30_71_94,24,71,94,42600,56400,1,0.36260027,1
val,30,data_30.csv,onset_leak,30_72_95,24,72,95,43200,57000,1,0.35019508,1
val,30,data_30.csv,onset_leak,30_73_96,24,73,96,43800,57600,1,0.34001353,1
val,30,data_30.csv,onset_leak,30_74_97,24,74,97,44400,58200,1,0.32186285,1
val,30,data_30.csv,onset_leak,30_75_98,24,75,98,45000,58800,1,0.3069067,1
val,30,data_30.csv,onset_leak,30_76_99,24,76,99,45600,59400,1,0.2914771,1
val,30,data_30.csv,onset_leak,30_77_100,24,77,100,46200,60000,1,0.28374434,1
val,30,data_30.csv,onset_leak,30_78_101,24,78,101,46800,60600,1,0.27738717,1
val,30,data_30.csv,onset_leak,30_79_102,24,79,102,47400,61200,1,0.2750927,1
val,30,data_30.csv,onset_leak,30_80_103,24,80,103,48000,61800,1,0.26271844,1
val,30,data_30.csv,onset_leak,30_81_104,24,81,104,48600,62400,1,0.2592562,1
val,30,data_30.csv,onset_leak,30_82_105,24,82,105,49200,63000,1,0.2578982,1
val,30,data_30.csv,onset_leak,30_83_106,24,83,106,49800,63600,1,0.2561471,1
val,30,data_30.csv,onset_leak,30_84_107,24,84,107,50400,64200,1,0.25544363,1
val,30,data_30.csv,onset_leak,30_85_108,24,85,108,51000,64800,1,0.2616905,1
val,30,data_30.csv,onset_leak,30_86_109,24,86,109,51600,65400,1,0.2621672,1
val,30,data_30.csv,onset_leak,30_87_110,24,87,110,52200,66000,1,0.27018324,1
val,30,data_30.csv,onset_leak,30_88_111,24,88,111,52800,66600,1,0.27878624,1
val,30,data_30.csv,onset_leak,30_89_112,24,89,112,53400,67200,1,0.2862778,1
val,30,data_30.csv,onset_leak,30_90_113,24,90,113,54000,67800,1,0.2969844,1
val,30,data_30.csv,onset_leak,30_91_114,24,91,114,54600,68400,1,0.31956103,1
val,30,data_30.csv,onset_leak,30_92_115,24,92,115,55200,69000,1,0.33171934,1
val,30,data_30.csv,onset_leak,30_93_116,24,93,116,55800,69600,1,0.35101163,1
val,30,data_30.csv,onset_leak,30_94_117,24,94,117,56400,70200,1,0.368861,1
val,30,data_30.csv,onset_leak,30_95_118,24,95,118,57000,70800,1,0.40735865,1
val,30,data_30.csv,onset_leak,30_96_119,24,96,119,57600,71400,1,0.4428139,1
val,30,data_30.csv,onset_leak,30_97_120,24,97,120,58200,72000,1,0.49845174,1
val,30,data_30.csv,onset_leak,30_98_121,24,98,121,58800,72600,1,0.5334411,1
val,30,data_30.csv,onset_leak,30_99_122,24,99,122,59400,73200,1,0.57227945,1
val,30,data_30.csv,onset_leak,30_100_123,24,100,123,60000,73800,1,0.6033658,1
val,30,data_30.csv,onset_leak,30_101_124,24,101,124,60600,74400,1,0.6468574,1
val,30,data_30.csv,onset_leak,30_102_125,24,102,125,61200,75000,1,0.67216855,1
val,30,data_30.csv,onset_leak,30_103_126,24,103,126,61800,75600,1,0.67532384,1
val,30,data_30.csv,onset_leak,30_104_127,24,104,127,62400,76200,1,0.68308437,1
val,30,data_30.csv,onset_leak,30_105_128,24,105,128,63000,76800,1,0.6982502,1
val,30,data_30.csv,onset_leak,30_106_129,24,106,129,63600,77400,1,0.6976747,1
val,30,data_30.csv,onset_leak,30_107_130,24,107,130,64200,78000,1,0.70906156,1
val,30,data_30.csv,onset_leak,30_108_131,24,108,131,64800,78600,1,0.71824795,1
val,30,data_30.csv,onset_leak,30_109_132,24,109,132,65400,79200,1,0.6978884,1
val,30,data_30.csv,onset_leak,30_110_133,24,110,133,66000,79800,1,0.68625027,1
val,30,data_30.csv,onset_leak,30_111_134,24,111,134,66600,80400,1,0.7013143,1
val,30,data_30.csv,onset_leak,30_112_135,24,112,135,67200,81000,1,0.7092577,1
val,30,data_30.csv,onset_leak,30_113_136,24,113,136,67800,81600,1,0.7100628,1
val,30,data_30.csv,onset_leak,30_114_137,24,114,137,68400,82200,1,0.70060873,1
val,30,data_30.csv,onset_leak,30_115_138,24,115,138,69000,82800,1,0.68689317,1
val,30,data_30.csv,onset_leak,30_116_139,24,116,139,69600,83400,1,0.6866784,1
val,30,data_30.csv,onset_leak,30_117_140,24,117,140,70200,84000,1,0.7177534,1
val,30,data_30.csv,onset_leak,30_118_141,24,118,141,70800,84600,1,0.7555279,1
val,30,data_30.csv,onset_leak,30_119_142,24,119,142,71400,85200,1,0.7738782,1
val,30,data_30.csv,onset_leak,30_120_143,24,120,143,72000,85800,1,0.7672198,1
val,30,data_30.csv,onset_leak,30_121_144,24,121,144,72600,86400,1,0.7672615,1
val,32,data_32.csv,persistent_leak,32_0_23,24,0,23,0,13800,1,0.22573896,1
val,32,data_32.csv,persistent_leak,32_1_24,24,1,24,600,14400,1,0.21557708,1
val,32,data_32.csv,persistent_leak,32_2_25,24,2,25,1200,15000,1,0.20203146,1
val,32,data_32.csv,persistent_leak,32_3_26,24,3,26,1800,15600,1,0.18965891,1
val,32,data_32.csv,persistent_leak,32_4_27,24,4,27,2400,16200,1,0.17811991,1
val,32,data_32.csv,persistent_leak,32_5_28,24,5,28,3000,16800,1,0.17019789,1
val,32,data_32.csv,persistent_leak,32_6_29,24,6,29,3600,17400,1,0.16469218,1
val,32,data_32.csv,persistent_leak,32_7_30,24,7,30,4200,18000,1,0.1620476,1
val,32,data_32.csv,persistent_leak,32_8_31,24,8,31,4800,18600,1,0.15604697,1
val,32,data_32.csv,persistent_leak,32_9_32,24,9,32,5400,19200,1,0.15365067,1
val,32,data_32.csv,persistent_leak,32_10_33,24,10,33,6000,19800,1,0.15017456,1
val,32,data_32.csv,persistent_leak,32_11_34,24,11,34,6600,20400,1,0.14873312,1
val,32,data_32.csv,persistent_leak,32_12_35,24,12,35,7200,21000,1,0.14699456,1
val,32,data_32.csv,persistent_leak,32_13_36,24,13,36,7800,21600,1,0.14667879,1
val,32,data_32.csv,persistent_leak,32_14_37,24,14,37,8400,22200,1,0.14149967,1
val,32,data_32.csv,persistent_leak,32_15_38,24,15,38,9000,22800,1,0.14109644,1
val,32,data_32.csv,persistent_leak,32_16_39,24,16,39,9600,23400,1,0.14241217,1
val,32,data_32.csv,persistent_leak,32_17_40,24,17,40,10200,24000,1,0.1427128,1
val,32,data_32.csv,persistent_leak,32_18_41,24,18,41,10800,24600,1,0.14379464,1
val,32,data_32.csv,persistent_leak,32_19_42,24,19,42,11400,25200,1,0.14849809,1
val,32,data_32.csv,persistent_leak,32_20_43,24,20,43,12000,25800,1,0.14876492,1
val,32,data_32.csv,persistent_leak,32_21_44,24,21,44,12600,26400,1,0.15571046,1
val,32,data_32.csv,persistent_leak,32_22_45,24,22,45,13200,27000,1,0.16248146,1
val,32,data_32.csv,persistent_leak,32_23_46,24,23,46,13800,27600,1,0.16790251,1
val,32,data_32.csv,persistent_leak,32_24_47,24,24,47,14400,28200,1,0.17308247,1
val,32,data_32.csv,persistent_leak,32_25_48,24,25,48,15000,28800,1,0.18144903,1
val,32,data_32.csv,persistent_leak,32_26_49,24,26,49,15600,29400,1,0.18630937,1
val,32,data_32.csv,persistent_leak,32_27_50,24,27,50,16200,30000,1,0.1956136,1
val,32,data_32.csv,persistent_leak,32_28_51,24,28,51,16800,30600,1,0.20572174,1
val,32,data_32.csv,persistent_leak,32_29_52,24,29,52,17400,31200,1,0.21413168,1
val,32,data_32.csv,persistent_leak,32_30_53,24,30,53,18000,31800,1,0.22601792,1
val,32,data_32.csv,persistent_leak,32_31_54,24,31,54,18600,32400,1,0.23870394,1
val,32,data_32.csv,persistent_leak,32_32_55,24,32,55,19200,33000,1,0.2418998,1
val,32,data_32.csv,persistent_leak,32_33_56,24,33,56,19800,33600,1,0.25224456,1
val,32,data_32.csv,persistent_leak,32_34_57,24,34,57,20400,34200,1,0.2690814,1
val,32,data_32.csv,persistent_leak,32_35_58,24,35,58,21000,34800,1,0.2803812,1
val,32,data_32.csv,persistent_leak,32_36_59,24,36,59,21600,35400,1,0.29833397,1
val,32,data_32.csv,persistent_leak,32_37_60,24,37,60,22200,36000,1,0.31846684,1
val,32,data_32.csv,persistent_leak,32_38_61,24,38,61,22800,36600,1,0.3254184,1
val,32,data_32.csv,persistent_leak,32_39_62,24,39,62,23400,37200,1,0.3441957,1
val,32,data_32.csv,persistent_leak,32_40_63,24,40,63,24000,37800,1,0.37504694,1
val,32,data_32.csv,persistent_leak,32_41_64,24,41,64,24600,38400,1,0.40099627,1
val,32,data_32.csv,persistent_leak,32_42_65,24,42,65,25200,39000,1,0.4200912,1
val,32,data_32.csv,persistent_leak,32_43_66,24,43,66,25800,39600,1,0.44221035,1
val,32,data_32.csv,persistent_leak,32_44_67,24,44,67,26400,40200,1,0.46040988,1
val,32,data_32.csv,persistent_leak,32_45_68,24,45,68,27000,40800,1,0.48685533,1
val,32,data_32.csv,persistent_leak,32_46_69,24,46,69,27600,41400,1,0.4940268,1
val,32,data_32.csv,persistent_leak,32_47_70,24,47,70,28200,42000,1,0.5263182,1
val,32,data_32.csv,persistent_leak,32_48_71,24,48,71,28800,42600,1,0.55771583,1
val,32,data_32.csv,persistent_leak,32_49_72,24,49,72,29400,43200,1,0.5767384,1
val,32,data_32.csv,persistent_leak,32_50_73,24,50,73,30000,43800,1,0.58815867,1
val,32,data_32.csv,persistent_leak,32_51_74,24,51,74,30600,44400,1,0.59722245,1
val,32,data_32.csv,persistent_leak,32_52_75,24,52,75,31200,45000,1,0.6014158,1
val,32,data_32.csv,persistent_leak,32_53_76,24,53,76,31800,45600,1,0.62311167,1
val,32,data_32.csv,persistent_leak,32_54_77,24,54,77,32400,46200,1,0.64241695,1
val,32,data_32.csv,persistent_leak,32_55_78,24,55,78,33000,46800,1,0.64972997,1
val,32,data_32.csv,persistent_leak,32_56_79,24,56,79,33600,47400,1,0.6608926,1
val,32,data_32.csv,persistent_leak,32_57_80,24,57,80,34200,48000,1,0.67357504,1
val,32,data_32.csv,persistent_leak,32_58_81,24,58,81,34800,48600,1,0.6709469,1
val,32,data_32.csv,persistent_leak,32_59_82,24,59,82,35400,49200,1,0.67962265,1
val,32,data_32.csv,persistent_leak,32_60_83,24,60,83,36000,49800,1,0.69250226,1
val,32,data_32.csv,persistent_leak,32_61_84,24,61,84,36600,50400,1,0.6840925,1
val,32,data_32.csv,persistent_leak,32_62_85,24,62,85,37200,51000,1,0.6790413,1
val,32,data_32.csv,persistent_leak,32_63_86,24,63,86,37800,51600,1,0.69270563,1
val,32,data_32.csv,persistent_leak,32_64_87,24,64,87,38400,52200,1,0.69326025,1
val,32,data_32.csv,persistent_leak,32_65_88,24,65,88,39000,52800,1,0.697032,1
val,32,data_32.csv,persistent_leak,32_66_89,24,66,89,39600,53400,1,0.692161,1
val,32,data_32.csv,persistent_leak,32_67_90,24,67,90,40200,54000,1,0.6721262,1
val,32,data_32.csv,persistent_leak,32_68_91,24,68,91,40800,54600,1,0.6591998,1
val,32,data_32.csv,persistent_leak,32_69_92,24,69,92,41400,55200,1,0.6734991,1
val,32,data_32.csv,persistent_leak,32_70_93,24,70,93,42000,55800,1,0.6905646,1
val,32,data_32.csv,persistent_leak,32_71_94,24,71,94,42600,56400,1,0.70187443,1
val,32,data_32.csv,persistent_leak,32_72_95,24,72,95,43200,57000,1,0.6974832,1
val,32,data_32.csv,persistent_leak,32_73_96,24,73,96,43800,57600,1,0.6979893,1
val,32,data_32.csv,persistent_leak,32_74_97,24,74,97,44400,58200,1,0.68212885,1
val,32,data_32.csv,persistent_leak,32_75_98,24,75,98,45000,58800,1,0.6869187,1
val,32,data_32.csv,persistent_leak,32_76_99,24,76,99,45600,59400,1,0.69457847,1
val,32,data_32.csv,persistent_leak,32_77_100,24,77,100,46200,60000,1,0.70118564,1
val,32,data_32.csv,persistent_leak,32_78_101,24,78,101,46800,60600,1,0.69277984,1
val,32,data_32.csv,persistent_leak,32_79_102,24,79,102,47400,61200,1,0.68113154,1
val,32,data_32.csv,persistent_leak,32_80_103,24,80,103,48000,61800,1,0.66928566,1
val,32,data_32.csv,persistent_leak,32_81_104,24,81,104,48600,62400,1,0.662188,1
val,32,data_32.csv,persistent_leak,32_82_105,24,82,105,49200,63000,1,0.65125304,1
val,32,data_32.csv,persistent_leak,32_83_106,24,83,106,49800,63600,1,0.6253575,1
val,32,data_32.csv,persistent_leak,32_84_107,24,84,107,50400,64200,1,0.5930566,1
val,32,data_32.csv,persistent_leak,32_85_108,24,85,108,51000,64800,1,0.5662438,1
val,32,data_32.csv,persistent_leak,32_86_109,24,86,109,51600,65400,1,0.53576994,1
val,32,data_32.csv,persistent_leak,32_87_110,24,87,110,52200,66000,1,0.49770105,1
val,32,data_32.csv,persistent_leak,32_88_111,24,88,111,52800,66600,1,0.45184252,1
val,32,data_32.csv,persistent_leak,32_89_112,24,89,112,53400,67200,1,0.41983935,1
val,32,data_32.csv,persistent_leak,32_90_113,24,90,113,54000,67800,1,0.39308068,1
val,32,data_32.csv,persistent_leak,32_91_114,24,91,114,54600,68400,1,0.37742588,1
val,32,data_32.csv,persistent_leak,32_92_115,24,92,115,55200,69000,1,0.34705523,1
val,32,data_32.csv,persistent_leak,32_93_116,24,93,116,55800,69600,1,0.3275785,1
val,32,data_32.csv,persistent_leak,32_94_117,24,94,117,56400,70200,1,0.30636632,1
val,32,data_32.csv,persistent_leak,32_95_118,24,95,118,57000,70800,1,0.29546514,1
val,32,data_32.csv,persistent_leak,32_96_119,24,96,119,57600,71400,1,0.28550202,1
val,32,data_32.csv,persistent_leak,32_97_120,24,97,120,58200,72000,1,0.28385186,1
val,32,data_32.csv,persistent_leak,32_98_121,24,98,121,58800,72600,1,0.27214873,1
val,32,data_32.csv,persistent_leak,32_99_122,24,99,122,59400,73200,1,0.26819623,1
val,32,data_32.csv,persistent_leak,32_100_123,24,100,123,60000,73800,1,0.2704208,1
val,32,data_32.csv,persistent_leak,32_101_124,24,101,124,60600,74400,1,0.26587674,1
val,32,data_32.csv,persistent_leak,32_102_125,24,102,125,61200,75000,1,0.2692126,1
val,32,data_32.csv,persistent_leak,32_103_126,24,103,126,61800,75600,1,0.2797481,1
val,32,data_32.csv,persistent_leak,32_104_127,24,104,127,62400,76200,1,0.285127,1
val,32,data_32.csv,persistent_leak,32_105_128,24,105,128,63000,76800,1,0.2962086,1
val,32,data_32.csv,persistent_leak,32_106_129,24,106,129,63600,77400,1,0.31156978,1
val,32,data_32.csv,persistent_leak,32_107_130,24,107,130,64200,78000,1,0.32141283,1
val,32,data_32.csv,persistent_leak,32_108_131,24,108,131,64800,78600,1,0.33356258,1
val,32,data_32.csv,persistent_leak,32_109_132,24,109,132,65400,79200,1,0.34017354,1
val,32,data_32.csv,persistent_leak,32_110_133,24,110,133,66000,79800,1,0.35216823,1
val,32,data_32.csv,persistent_leak,32_111_134,24,111,134,66600,80400,1,0.3689327,1
val,32,data_32.csv,persistent_leak,32_112_135,24,112,135,67200,81000,1,0.39446187,1
val,32,data_32.csv,persistent_leak,32_113_136,24,113,136,67800,81600,1,0.40755567,1
val,32,data_32.csv,persistent_leak,32_114_137,24,114,137,68400,82200,1,0.42660013,1
val,32,data_32.csv,persistent_leak,32_115_138,24,115,138,69000,82800,1,0.44735473,1
val,32,data_32.csv,persistent_leak,32_116_139,24,116,139,69600,83400,1,0.4771552,1
val,32,data_32.csv,persistent_leak,32_117_140,24,117,140,70200,84000,1,0.49845532,1
val,32,data_32.csv,persistent_leak,32_118_141,24,118,141,70800,84600,1,0.5387993,1
val,32,data_32.csv,persistent_leak,32_119_142,24,119,142,71400,85200,1,0.5494457,1
val,32,data_32.csv,persistent_leak,32_120_143,24,120,143,72000,85800,1,0.55000967,1
val,32,data_32.csv,persistent_leak,32_121_144,24,121,144,72600,86400,1,0.556266,1
val,37,data_37.csv,onset_leak,37_0_23,24,0,23,0,13800,0,0.22682497,1
val,37,data_37.csv,onset_leak,37_1_24,24,1,24,600,14400,0,0.22242494,1
val,37,data_37.csv,onset_leak,37_2_25,24,2,25,1200,15000,0,0.2183202,1
val,37,data_37.csv,onset_leak,37_3_26,24,3,26,1800,15600,0,0.21218799,1
val,37,data_37.csv,onset_leak,37_4_27,24,4,27,2400,16200,0,0.20564896,1
val,37,data_37.csv,onset_leak,37_5_28,24,5,28,3000,16800,0,0.20125586,1
val,37,data_37.csv,onset_leak,37_6_29,24,6,29,3600,17400,0,0.1980383,1
val,37,data_37.csv,onset_leak,37_7_30,24,7,30,4200,18000,0,0.19527742,1
val,37,data_37.csv,onset_leak,37_8_31,24,8,31,4800,18600,0,0.19188993,1
val,37,data_37.csv,onset_leak,37_9_32,24,9,32,5400,19200,0,0.18814728,1
val,37,data_37.csv,onset_leak,37_10_33,24,10,33,6000,19800,0,0.18407197,1
val,37,data_37.csv,onset_leak,37_11_34,24,11,34,6600,20400,0,0.1813201,1
val,37,data_37.csv,onset_leak,37_12_35,24,12,35,7200,21000,0,0.17919834,1
val,37,data_37.csv,onset_leak,37_13_36,24,13,36,7800,21600,0,0.17749366,1
val,37,data_37.csv,onset_leak,37_14_37,24,14,37,8400,22200,0,0.17448077,1
val,37,data_37.csv,onset_leak,37_15_38,24,15,38,9000,22800,0,0.17225921,1
val,37,data_37.csv,onset_leak,37_16_39,24,16,39,9600,23400,0,0.16964236,1
val,37,data_37.csv,onset_leak,37_17_40,24,17,40,10200,24000,0,0.16803686,1
val,37,data_37.csv,onset_leak,37_18_41,24,18,41,10800,24600,0,0.16677919,1
val,37,data_37.csv,onset_leak,37_19_42,24,19,42,11400,25200,0,0.16619034,1
val,37,data_37.csv,onset_leak,37_20_43,24,20,43,12000,25800,0,0.16379943,1
val,37,data_37.csv,onset_leak,37_21_44,24,21,44,12600,26400,0,0.1630719,1
val,37,data_37.csv,onset_leak,37_22_45,24,22,45,13200,27000,0,0.16228552,1
val,37,data_37.csv,onset_leak,37_23_46,24,23,46,13800,27600,0,0.16173,1
val,37,data_37.csv,onset_leak,37_24_47,24,24,47,14400,28200,0,0.16143428,1
val,37,data_37.csv,onset_leak,37_25_48,24,25,48,15000,28800,0,0.16235957,1
val,37,data_37.csv,onset_leak,37_26_49,24,26,49,15600,29400,0,0.16153772,1
val,37,data_37.csv,onset_leak,37_27_50,24,27,50,16200,30000,0,0.16268566,1
val,37,data_37.csv,onset_leak,37_28_51,24,28,51,16800,30600,0,0.16407165,1
val,37,data_37.csv,onset_leak,37_29_52,24,29,52,17400,31200,0,0.1650394,1
val,37,data_37.csv,onset_leak,37_30_53,24,30,53,18000,31800,0,0.16597217,1
val,37,data_37.csv,onset_leak,37_31_54,24,31,54,18600,32400,0,0.16754623,1
val,37,data_37.csv,onset_leak,37_32_55,24,32,55,19200,33000,0,0.16547821,1
val,37,data_37.csv,onset_leak,37_33_56,24,33,56,19800,33600,0,0.16662006,1
val,37,data_37.csv,onset_leak,37_34_57,24,34,57,20400,34200,0,0.16660012,1
val,37,data_37.csv,onset_leak,37_35_58,24,35,58,21000,34800,0,0.16927074,1
val,37,data_37.csv,onset_leak,37_36_59,24,36,59,21600,35400,0,0.17047617,1
val,37,data_37.csv,onset_leak,37_37_60,24,37,60,22200,36000,0,0.17137375,1
val,37,data_37.csv,onset_leak,37_38_61,24,38,61,22800,36600,0,0.16626175,1
val,37,data_37.csv,onset_leak,37_39_62,24,39,62,23400,37200,0,0.17176066,1
val,37,data_37.csv,onset_leak,37_40_63,24,40,63,24000,37800,0,0.17362945,1
val,37,data_37.csv,onset_leak,37_41_64,24,41,64,24600,38400,0,0.17697588,1
val,37,data_37.csv,onset_leak,37_42_65,24,42,65,25200,39000,0,0.1819803,1
val,37,data_37.csv,onset_leak,37_43_66,24,43,66,25800,39600,0,0.19447987,1
val,37,data_37.csv,onset_leak,37_44_67,24,44,67,26400,40200,0,0.19538835,1
val,37,data_37.csv,onset_leak,37_45_68,24,45,68,27000,40800,0,0.20464616,1
val,37,data_37.csv,onset_leak,37_46_69,24,46,69,27600,41400,0,0.2167529,1
val,37,data_37.csv,onset_leak,37_47_70,24,47,70,28200,42000,0,0.22819299,1
val,37,data_37.csv,onset_leak,37_48_71,24,48,71,28800,42600,0,0.25209063,1
val,37,data_37.csv,onset_leak,37_49_72,24,49,72,29400,43200,1,0.2870587,1
val,37,data_37.csv,onset_leak,37_50_73,24,50,73,30000,43800,1,0.29890668,1
val,37,data_37.csv,onset_leak,37_51_74,24,51,74,30600,44400,1,0.32262293,1
val,37,data_37.csv,onset_leak,37_52_75,24,52,75,31200,45000,1,0.35661185,1
val,37,data_37.csv,onset_leak,37_53_76,24,53,76,31800,45600,1,0.406785,1
val,37,data_37.csv,onset_leak,37_54_77,24,54,77,32400,46200,1,0.46022725,1
val,37,data_37.csv,onset_leak,37_55_78,24,55,78,33000,46800,1,0.50922805,1
val,37,data_37.csv,onset_leak,37_56_79,24,56,79,33600,47400,1,0.52924037,1
val,37,data_37.csv,onset_leak,37_57_80,24,57,80,34200,48000,1,0.57375675,1
val,37,data_37.csv,onset_leak,37_58_81,24,58,81,34800,48600,1,0.6033461,1
val,37,data_37.csv,onset_leak,37_59_82,24,59,82,35400,49200,1,0.630952,1
val,37,data_37.csv,onset_leak,37_60_83,24,60,83,36000,49800,1,0.6464292,1
val,37,data_37.csv,onset_leak,37_61_84,24,61,84,36600,50400,1,0.65089023,1
val,37,data_37.csv,onset_leak,37_62_85,24,62,85,37200,51000,1,0.65423185,1
val,37,data_37.csv,onset_leak,37_63_86,24,63,86,37800,51600,1,0.6604355,1
val,37,data_37.csv,onset_leak,37_64_87,24,64,87,38400,52200,1,0.66029763,1
val,37,data_37.csv,onset_leak,37_65_88,24,65,88,39000,52800,1,0.67476356,1
val,37,data_37.csv,onset_leak,37_66_89,24,66,89,39600,53400,1,0.6802114,1
val,37,data_37.csv,onset_leak,37_67_90,24,67,90,40200,54000,1,0.6801198,1
val,37,data_37.csv,onset_leak,37_68_91,24,68,91,40800,54600,1,0.6798998,1
val,37,data_37.csv,onset_leak,37_69_92,24,69,92,41400,55200,1,0.6804871,1
val,37,data_37.csv,onset_leak,37_70_93,24,70,93,42000,55800,1,0.68002206,1
val,37,data_37.csv,onset_leak,37_71_94,24,71,94,42600,56400,1,0.6819528,1
val,37,data_37.csv,onset_leak,37_72_95,24,72,95,43200,57000,1,0.68219703,1
val,37,data_37.csv,onset_leak,37_73_96,24,73,96,43800,57600,1,0.68380356,1
val,37,data_37.csv,onset_leak,37_74_97,24,74,97,44400,58200,1,0.6837205,1
val,37,data_37.csv,onset_leak,37_75_98,24,75,98,45000,58800,1,0.6823738,1
val,37,data_37.csv,onset_leak,37_76_99,24,76,99,45600,59400,1,0.6824396,1
val,37,data_37.csv,onset_leak,37_77_100,24,77,100,46200,60000,1,0.6828362,1
val,37,data_37.csv,onset_leak,37_78_101,24,78,101,46800,60600,1,0.6834997,1
val,37,data_37.csv,onset_leak,37_79_102,24,79,102,47400,61200,1,0.69022167,1
val,37,data_37.csv,onset_leak,37_80_103,24,80,103,48000,61800,1,0.692487,1
val,37,data_37.csv,onset_leak,37_81_104,24,81,104,48600,62400,1,0.6910917,1
val,37,data_37.csv,onset_leak,37_82_105,24,82,105,49200,63000,1,0.69206154,1
val,37,data_37.csv,onset_leak,37_83_106,24,83,106,49800,63600,1,0.696029,1
val,37,data_37.csv,onset_leak,37_84_107,24,84,107,50400,64200,1,0.7019684,1
val,37,data_37.csv,onset_leak,37_85_108,24,85,108,51000,64800,1,0.70991,1
val,37,data_37.csv,onset_leak,37_86_109,24,86,109,51600,65400,1,0.71616966,1
val,37,data_37.csv,onset_leak,37_87_110,24,87,110,52200,66000,1,0.71838444,1
val,37,data_37.csv,onset_leak,37_88_111,24,88,111,52800,66600,1,0.7193069,1
val,37,data_37.csv,onset_leak,37_89_112,24,89,112,53400,67200,1,0.7258907,1
val,37,data_37.csv,onset_leak,37_90_113,24,90,113,54000,67800,1,0.73392403,1
val,37,data_37.csv,onset_leak,37_91_114,24,91,114,54600,68400,1,0.7138517,1
val,37,data_37.csv,onset_leak,37_92_115,24,92,115,55200,69000,1,0.7137693,1
val,37,data_37.csv,onset_leak,37_93_116,24,93,116,55800,69600,1,0.7264875,1
val,37,data_37.csv,onset_leak,37_94_117,24,94,117,56400,70200,1,0.72834015,1
val,37,data_37.csv,onset_leak,37_95_118,24,95,118,57000,70800,1,0.72048235,1
val,37,data_37.csv,onset_leak,37_96_119,24,96,119,57600,71400,1,0.71006644,1
val,37,data_37.csv,onset_leak,37_97_120,24,97,120,58200,72000,1,0.6866256,1
val,37,data_37.csv,onset_leak,37_98_121,24,98,121,58800,72600,1,0.67100245,1
val,37,data_37.csv,onset_leak,37_99_122,24,99,122,59400,73200,1,0.68877447,1
val,37,data_37.csv,onset_leak,37_100_123,24,100,123,60000,73800,1,0.7065138,1
val,37,data_37.csv,onset_leak,37_101_124,24,101,124,60600,74400,1,0.71313065,1
val,37,data_37.csv,onset_leak,37_102_125,24,102,125,61200,75000,1,0.70053536,1
val,37,data_37.csv,onset_leak,37_103_126,24,103,126,61800,75600,1,0.69990784,1
val,37,data_37.csv,onset_leak,37_104_127,24,104,127,62400,76200,1,0.686849,1
val,37,data_37.csv,onset_leak,37_105_128,24,105,128,63000,76800,1,0.6955674,1
val,37,data_37.csv,onset_leak,37_106_129,24,106,129,63600,77400,1,0.7054992,1
val,37,data_37.csv,onset_leak,37_107_130,24,107,130,64200,78000,1,0.72375584,1
val,37,data_37.csv,onset_leak,37_108_131,24,108,131,64800,78600,1,0.723113,1
val,37,data_37.csv,onset_leak,37_109_132,24,109,132,65400,79200,1,0.7111393,1
val,37,data_37.csv,onset_leak,37_110_133,24,110,133,66000,79800,1,0.6967686,1
val,37,data_37.csv,onset_leak,37_111_134,24,111,134,66600,80400,1,0.68946147,1
val,37,data_37.csv,onset_leak,37_112_135,24,112,135,67200,81000,1,0.68022835,1
val,37,data_37.csv,onset_leak,37_113_136,24,113,136,67800,81600,1,0.6581293,1
val,37,data_37.csv,onset_leak,37_114_137,24,114,137,68400,82200,1,0.62235063,1
val,37,data_37.csv,onset_leak,37_115_138,24,115,138,69000,82800,1,0.5896281,1
val,37,data_37.csv,onset_leak,37_116_139,24,116,139,69600,83400,1,0.56401145,1
val,37,data_37.csv,onset_leak,37_117_140,24,117,140,70200,84000,1,0.5261624,1
val,37,data_37.csv,onset_leak,37_118_141,24,118,141,70800,84600,1,0.4844422,1
val,37,data_37.csv,onset_leak,37_119_142,24,119,142,71400,85200,1,0.43685043,1
val,37,data_37.csv,onset_leak,37_120_143,24,120,143,72000,85800,1,0.39704853,1
val,37,data_37.csv,onset_leak,37_121_144,24,121,144,72600,86400,1,0.38530716,1
val,40,data_40.csv,onset_leak,40_0_23,24,0,23,0,13800,0,0.17313418,1
val,40,data_40.csv,onset_leak,40_1_24,24,1,24,600,14400,0,0.17382811,1
val,40,data_40.csv,onset_leak,40_2_25,24,2,25,1200,15000,0,0.17390342,1
val,40,data_40.csv,onset_leak,40_3_26,24,3,26,1800,15600,0,0.17484246,1
val,40,data_40.csv,onset_leak,40_4_27,24,4,27,2400,16200,0,0.17579715,1
val,40,data_40.csv,onset_leak,40_5_28,24,5,28,3000,16800,0,0.17658783,1
val,40,data_40.csv,onset_leak,40_6_29,24,6,29,3600,17400,0,0.1772125,1
val,40,data_40.csv,onset_leak,40_7_30,24,7,30,4200,18000,0,0.17796776,1
val,40,data_40.csv,onset_leak,40_8_31,24,8,31,4800,18600,0,0.17766638,1
val,40,data_40.csv,onset_leak,40_9_32,24,9,32,5400,19200,0,0.17851944,1
val,40,data_40.csv,onset_leak,40_10_33,24,10,33,6000,19800,0,0.17915301,1
val,40,data_40.csv,onset_leak,40_11_34,24,11,34,6600,20400,0,0.1800738,1
val,40,data_40.csv,onset_leak,40_12_35,24,12,35,7200,21000,0,0.18069172,1
val,40,data_40.csv,onset_leak,40_13_36,24,13,36,7800,21600,0,0.1812736,1
val,40,data_40.csv,onset_leak,40_14_37,24,14,37,8400,22200,0,0.18039611,1
val,40,data_40.csv,onset_leak,40_15_38,24,15,38,9000,22800,0,0.18148035,1
val,40,data_40.csv,onset_leak,40_16_39,24,16,39,9600,23400,0,0.18226182,1
val,40,data_40.csv,onset_leak,40_17_40,24,17,40,10200,24000,0,0.18314725,1
val,40,data_40.csv,onset_leak,40_18_41,24,18,41,10800,24600,0,0.18378161,1
val,40,data_40.csv,onset_leak,40_19_42,24,19,42,11400,25200,0,0.18497719,1
val,40,data_40.csv,onset_leak,40_20_43,24,20,43,12000,25800,0,0.18403615,1
val,40,data_40.csv,onset_leak,40_21_44,24,21,44,12600,26400,0,0.18543746,1
val,40,data_40.csv,onset_leak,40_22_45,24,22,45,13200,27000,0,0.18712501,1
val,40,data_40.csv,onset_leak,40_23_46,24,23,46,13800,27600,0,0.18836145,1
val,40,data_40.csv,onset_leak,40_24_47,24,24,47,14400,28200,0,0.18952811,1
val,40,data_40.csv,onset_leak,40_25_48,24,25,48,15000,28800,0,0.19187693,1
val,40,data_40.csv,onset_leak,40_26_49,24,26,49,15600,29400,0,0.19236805,1
val,40,data_40.csv,onset_leak,40_27_50,24,27,50,16200,30000,0,0.19557667,1
val,40,data_40.csv,onset_leak,40_28_51,24,28,51,16800,30600,0,0.19874021,1
val,40,data_40.csv,onset_leak,40_29_52,24,29,52,17400,31200,0,0.20157118,1
val,40,data_40.csv,onset_leak,40_30_53,24,30,53,18000,31800,0,0.20366032,1
val,40,data_40.csv,onset_leak,40_31_54,24,31,54,18600,32400,0,0.2060538,1
val,40,data_40.csv,onset_leak,40_32_55,24,32,55,19200,33000,0,0.20533769,1
val,40,data_40.csv,onset_leak,40_33_56,24,33,56,19800,33600,0,0.20852004,1
val,40,data_40.csv,onset_leak,40_34_57,24,34,57,20400,34200,0,0.21119906,1
val,40,data_40.csv,onset_leak,40_35_58,24,35,58,21000,34800,0,0.21447343,1
val,40,data_40.csv,onset_leak,40_36_59,24,36,59,21600,35400,0,0.21653517,1
val,40,data_40.csv,onset_leak,40_37_60,24,37,60,22200,36000,0,0.21929947,1
val,40,data_40.csv,onset_leak,40_38_61,24,38,61,22800,36600,0,0.21611632,1
val,40,data_40.csv,onset_leak,40_39_62,24,39,62,23400,37200,0,0.22180124,1
val,40,data_40.csv,onset_leak,40_40_63,24,40,63,24000,37800,0,0.22580437,1
val,40,data_40.csv,onset_leak,40_41_64,24,41,64,24600,38400,0,0.22946395,1
val,40,data_40.csv,onset_leak,40_42_65,24,42,65,25200,39000,0,0.23257151,1
val,40,data_40.csv,onset_leak,40_43_66,24,43,66,25800,39600,0,0.23862551,1
val,40,data_40.csv,onset_leak,40_44_67,24,44,67,26400,40200,0,0.24004525,1
val,40,data_40.csv,onset_leak,40_45_68,24,45,68,27000,40800,0,0.24910527,1
val,40,data_40.csv,onset_leak,40_46_69,24,46,69,27600,41400,0,0.25788975,1
val,40,data_40.csv,onset_leak,40_47_70,24,47,70,28200,42000,0,0.2649703,1
val,40,data_40.csv,onset_leak,40_48_71,24,48,71,28800,42600,0,0.27592802,1
val,40,data_40.csv,onset_leak,40_49_72,24,49,72,29400,43200,1,0.28884217,1
val,40,data_40.csv,onset_leak,40_50_73,24,50,73,30000,43800,1,0.29253125,1
val,40,data_40.csv,onset_leak,40_51_74,24,51,74,30600,44400,1,0.30287173,1
val,40,data_40.csv,onset_leak,40_52_75,24,52,75,31200,45000,1,0.32033122,1
val,40,data_40.csv,onset_leak,40_53_76,24,53,76,31800,45600,1,0.33477026,1
val,40,data_40.csv,onset_leak,40_54_77,24,54,77,32400,46200,1,0.3519864,1
val,40,data_40.csv,onset_leak,40_55_78,24,55,78,33000,46800,1,0.37244138,1
val,40,data_40.csv,onset_leak,40_56_79,24,56,79,33600,47400,1,0.38112628,1
val,40,data_40.csv,onset_leak,40_57_80,24,57,80,34200,48000,1,0.40334648,1
val,40,data_40.csv,onset_leak,40_58_81,24,58,81,34800,48600,1,0.43106866,1
val,40,data_40.csv,onset_leak,40_59_82,24,59,82,35400,49200,1,0.45240766,1
val,40,data_40.csv,onset_leak,40_60_83,24,60,83,36000,49800,1,0.4775759,1
val,40,data_40.csv,onset_leak,40_61_84,24,61,84,36600,50400,1,0.47981602,1
val,40,data_40.csv,onset_leak,40_62_85,24,62,85,37200,51000,1,0.49444714,1
val,40,data_40.csv,onset_leak,40_63_86,24,63,86,37800,51600,1,0.51491654,1
val,40,data_40.csv,onset_leak,40_64_87,24,64,87,38400,52200,1,0.5357665,1
val,40,data_40.csv,onset_leak,40_65_88,24,65,88,39000,52800,1,0.5573423,1
val,40,data_40.csv,onset_leak,40_66_89,24,66,89,39600,53400,1,0.5663425,1
val,40,data_40.csv,onset_leak,40_67_90,24,67,90,40200,54000,1,0.5629355,1
val,40,data_40.csv,onset_leak,40_68_91,24,68,91,40800,54600,1,0.5630918,1
val,40,data_40.csv,onset_leak,40_69_92,24,69,92,41400,55200,1,0.56396407,1
val,40,data_40.csv,onset_leak,40_70_93,24,70,93,42000,55800,1,0.56630415,1
val,40,data_40.csv,onset_leak,40_71_94,24,71,94,42600,56400,1,0.56688714,1
val,40,data_40.csv,onset_leak,40_72_95,24,72,95,43200,57000,1,0.5610396,1
val,40,data_40.csv,onset_leak,40_73_96,24,73,96,43800,57600,1,0.5536047,1
val,40,data_40.csv,onset_leak,40_74_97,24,74,97,44400,58200,1,0.5498417,1
val,40,data_40.csv,onset_leak,40_75_98,24,75,98,45000,58800,1,0.54401886,1
val,40,data_40.csv,onset_leak,40_76_99,24,76,99,45600,59400,1,0.53713447,1
val,40,data_40.csv,onset_leak,40_77_100,24,77,100,46200,60000,1,0.5305242,1
val,40,data_40.csv,onset_leak,40_78_101,24,78,101,46800,60600,1,0.5226525,1
val,40,data_40.csv,onset_leak,40_79_102,24,79,102,47400,61200,1,0.51218945,1
val,40,data_40.csv,onset_leak,40_80_103,24,80,103,48000,61800,1,0.5025736,1
val,40,data_40.csv,onset_leak,40_81_104,24,81,104,48600,62400,1,0.49062902,1
val,40,data_40.csv,onset_leak,40_82_105,24,82,105,49200,63000,1,0.4780955,1
val,40,data_40.csv,onset_leak,40_83_106,24,83,106,49800,63600,1,0.46427977,1
val,40,data_40.csv,onset_leak,40_84_107,24,84,107,50400,64200,1,0.45253232,1
val,40,data_40.csv,onset_leak,40_85_108,24,85,108,51000,64800,1,0.44777492,1
val,40,data_40.csv,onset_leak,40_86_109,24,86,109,51600,65400,1,0.44166788,1
val,40,data_40.csv,onset_leak,40_87_110,24,87,110,52200,66000,1,0.43445012,1
val,40,data_40.csv,onset_leak,40_88_111,24,88,111,52800,66600,1,0.42601046,1
val,40,data_40.csv,onset_leak,40_89_112,24,89,112,53400,67200,1,0.4201214,1
val,40,data_40.csv,onset_leak,40_90_113,24,90,113,54000,67800,1,0.41537762,1
val,40,data_40.csv,onset_leak,40_91_114,24,91,114,54600,68400,1,0.41252896,1
val,40,data_40.csv,onset_leak,40_92_115,24,92,115,55200,69000,1,0.41316712,1
val,40,data_40.csv,onset_leak,40_93_116,24,93,116,55800,69600,1,0.4142327,1
val,40,data_40.csv,onset_leak,40_94_117,24,94,117,56400,70200,1,0.41851076,1
val,40,data_40.csv,onset_leak,40_95_118,24,95,118,57000,70800,1,0.4146978,1
val,40,data_40.csv,onset_leak,40_96_119,24,96,119,57600,71400,1,0.4114287,1
val,40,data_40.csv,onset_leak,40_97_120,24,97,120,58200,72000,1,0.41602927,1
val,40,data_40.csv,onset_leak,40_98_121,24,98,121,58800,72600,1,0.42750323,1
val,40,data_40.csv,onset_leak,40_99_122,24,99,122,59400,73200,1,0.43173063,1
val,40,data_40.csv,onset_leak,40_100_123,24,100,123,60000,73800,1,0.44286865,1
val,40,data_40.csv,onset_leak,40_101_124,24,101,124,60600,74400,1,0.44098413,1
val,40,data_40.csv,onset_leak,40_102_125,24,102,125,61200,75000,1,0.4371681,1
val,40,data_40.csv,onset_leak,40_103_126,24,103,126,61800,75600,1,0.44030443,1
val,40,data_40.csv,onset_leak,40_104_127,24,104,127,62400,76200,1,0.45736238,1
val,40,data_40.csv,onset_leak,40_105_128,24,105,128,63000,76800,1,0.4635977,1
val,40,data_40.csv,onset_leak,40_106_129,24,106,129,63600,77400,1,0.4712312,1
val,40,data_40.csv,onset_leak,40_107_130,24,107,130,64200,78000,1,0.47602734,1
val,40,data_40.csv,onset_leak,40_108_131,24,108,131,64800,78600,1,0.47294435,1
val,40,data_40.csv,onset_leak,40_109_132,24,109,132,65400,79200,1,0.458335,1
val,40,data_40.csv,onset_leak,40_110_133,24,110,133,66000,79800,1,0.45542905,1
val,40,data_40.csv,onset_leak,40_111_134,24,111,134,66600,80400,1,0.4457713,1
val,40,data_40.csv,onset_leak,40_112_135,24,112,135,67200,81000,1,0.43515274,1
val,40,data_40.csv,onset_leak,40_113_136,24,113,136,67800,81600,1,0.42182496,1
val,40,data_40.csv,onset_leak,40_114_137,24,114,137,68400,82200,1,0.405881,1
val,40,data_40.csv,onset_leak,40_115_138,24,115,138,69000,82800,1,0.3913402,1
val,40,data_40.csv,onset_leak,40_116_139,24,116,139,69600,83400,1,0.37891722,1
val,40,data_40.csv,onset_leak,40_117_140,24,117,140,70200,84000,1,0.36064512,1
val,40,data_40.csv,onset_leak,40_118_141,24,118,141,70800,84600,1,0.34265158,1
val,40,data_40.csv,onset_leak,40_119_142,24,119,142,71400,85200,1,0.32642722,1
val,40,data_40.csv,onset_leak,40_120_143,24,120,143,72000,85800,1,0.31221986,1
val,40,data_40.csv,onset_leak,40_121_144,24,121,144,72600,86400,1,0.30584174,1
val,49,data_49.csv,onset_leak,49_0_23,24,0,23,0,13800,0,0.15161465,1
val,49,data_49.csv,onset_leak,49_1_24,24,1,24,600,14400,0,0.15239172,1
val,49,data_49.csv,onset_leak,49_2_25,24,2,25,1200,15000,0,0.15222472,1
val,49,data_49.csv,onset_leak,49_3_26,24,3,26,1800,15600,0,0.15327144,1
val,49,data_49.csv,onset_leak,49_4_27,24,4,27,2400,16200,0,0.15433262,1
val,49,data_49.csv,onset_leak,49_5_28,24,5,28,3000,16800,0,0.15522757,1
val,49,data_49.csv,onset_leak,49_6_29,24,6,29,3600,17400,0,0.15595065,1
val,49,data_49.csv,onset_leak,49_7_30,24,7,30,4200,18000,0,0.15683666,1
val,49,data_49.csv,onset_leak,49_8_31,24,8,31,4800,18600,0,0.15555453,1
val,49,data_49.csv,onset_leak,49_9_32,24,9,32,5400,19200,0,0.1562461,1
val,49,data_49.csv,onset_leak,49_10_33,24,10,33,6000,19800,0,0.15625194,1
val,49,data_49.csv,onset_leak,49_11_34,24,11,34,6600,20400,0,0.15751871,1
val,49,data_49.csv,onset_leak,49_12_35,24,12,35,7200,21000,0,0.15821697,1
val,49,data_49.csv,onset_leak,49_13_36,24,13,36,7800,21600,0,0.15847869,1
val,49,data_49.csv,onset_leak,49_14_37,24,14,37,8400,22200,0,0.15524141,1
val,49,data_49.csv,onset_leak,49_15_38,24,15,38,9000,22800,0,0.15668835,1
val,49,data_49.csv,onset_leak,49_16_39,24,16,39,9600,23400,0,0.15712994,1
val,49,data_49.csv,onset_leak,49_17_40,24,17,40,10200,24000,0,0.15849952,1
val,49,data_49.csv,onset_leak,49_18_41,24,18,41,10800,24600,0,0.15891571,1
val,49,data_49.csv,onset_leak,49_19_42,24,19,42,11400,25200,0,0.1605916,1
val,49,data_49.csv,onset_leak,49_20_43,24,20,43,12000,25800,0,0.15744172,1
val,49,data_49.csv,onset_leak,49_21_44,24,21,44,12600,26400,0,0.16085152,1
val,49,data_49.csv,onset_leak,49_22_45,24,22,45,13200,27000,0,0.16523047,1
val,49,data_49.csv,onset_leak,49_23_46,24,23,46,13800,27600,0,0.16771784,1
val,49,data_49.csv,onset_leak,49_24_47,24,24,47,14400,28200,0,0.17097063,1
val,49,data_49.csv,onset_leak,49_25_48,24,25,48,15000,28800,0,0.1769421,1
val,49,data_49.csv,onset_leak,49_26_49,24,26,49,15600,29400,0,0.17899626,1
val,49,data_49.csv,onset_leak,49_27_50,24,27,50,16200,30000,0,0.18845712,1
val,49,data_49.csv,onset_leak,49_28_51,24,28,51,16800,30600,0,0.1974437,1
val,49,data_49.csv,onset_leak,49_29_52,24,29,52,17400,31200,0,0.20432813,1
val,49,data_49.csv,onset_leak,49_30_53,24,30,53,18000,31800,0,0.21221514,1
val,49,data_49.csv,onset_leak,49_31_54,24,31,54,18600,32400,0,0.22252011,1
val,49,data_49.csv,onset_leak,49_32_55,24,32,55,19200,33000,0,0.22772455,1
val,49,data_49.csv,onset_leak,49_33_56,24,33,56,19800,33600,0,0.23800942,1
val,49,data_49.csv,onset_leak,49_34_57,24,34,57,20400,34200,0,0.25076672,1
val,49,data_49.csv,onset_leak,49_35_58,24,35,58,21000,34800,0,0.260359,1
val,49,data_49.csv,onset_leak,49_36_59,24,36,59,21600,35400,0,0.27289045,1
val,49,data_49.csv,onset_leak,49_37_60,24,37,60,22200,36000,0,0.28759024,1
val,49,data_49.csv,onset_leak,49_38_61,24,38,61,22800,36600,0,0.2944796,1
val,49,data_49.csv,onset_leak,49_39_62,24,39,62,23400,37200,0,0.30989853,1
val,49,data_49.csv,onset_leak,49_40_63,24,40,63,24000,37800,0,0.3264346,1
val,49,data_49.csv,onset_leak,49_41_64,24,41,64,24600,38400,0,0.34455603,1
val,49,data_49.csv,onset_leak,49_42_65,24,42,65,25200,39000,0,0.3685771,1
val,49,data_49.csv,onset_leak,49_43_66,24,43,66,25800,39600,0,0.41137978,1
val,49,data_49.csv,onset_leak,49_44_67,24,44,67,26400,40200,0,0.43193328,1
val,49,data_49.csv,onset_leak,49_45_68,24,45,68,27000,40800,0,0.46484956,1
val,49,data_49.csv,onset_leak,49_46_69,24,46,69,27600,41400,0,0.49440068,1
val,49,data_49.csv,onset_leak,49_47_70,24,47,70,28200,42000,0,0.54804236,1
val,49,data_49.csv,onset_leak,49_48_71,24,48,71,28800,42600,0,0.58925,1
val,49,data_49.csv,onset_leak,49_49_72,24,49,72,29400,43200,1,0.70330954,1
val,49,data_49.csv,onset_leak,49_50_73,24,50,73,30000,43800,1,0.7395727,1
val,49,data_49.csv,onset_leak,49_51_74,24,51,74,30600,44400,1,0.7622666,1
val,49,data_49.csv,onset_leak,49_52_75,24,52,75,31200,45000,1,0.7836359,1
val,49,data_49.csv,onset_leak,49_53_76,24,53,76,31800,45600,1,0.8317147,1
val,49,data_49.csv,onset_leak,49_54_77,24,54,77,32400,46200,1,0.87324774,1
val,49,data_49.csv,onset_leak,49_55_78,24,55,78,33000,46800,1,0.8847659,1
val,49,data_49.csv,onset_leak,49_56_79,24,56,79,33600,47400,1,0.9047678,1
val,49,data_49.csv,onset_leak,49_57_80,24,57,80,34200,48000,1,0.9191048,1
val,49,data_49.csv,onset_leak,49_58_81,24,58,81,34800,48600,1,0.9216633,1
val,49,data_49.csv,onset_leak,49_59_82,24,59,82,35400,49200,1,0.93890727,1
val,49,data_49.csv,onset_leak,49_60_83,24,60,83,36000,49800,1,0.9477602,1
val,49,data_49.csv,onset_leak,49_61_84,24,61,84,36600,50400,1,0.95386994,1
val,49,data_49.csv,onset_leak,49_62_85,24,62,85,37200,51000,1,0.9583354,1
val,49,data_49.csv,onset_leak,49_63_86,24,63,86,37800,51600,1,0.9635863,1
val,49,data_49.csv,onset_leak,49_64_87,24,64,87,38400,52200,1,0.9632426,1
val,49,data_49.csv,onset_leak,49_65_88,24,65,88,39000,52800,1,0.9673698,1
val,49,data_49.csv,onset_leak,49_66_89,24,66,89,39600,53400,1,0.9724299,1
val,49,data_49.csv,onset_leak,49_67_90,24,67,90,40200,54000,1,0.97149783,1
val,49,data_49.csv,onset_leak,49_68_91,24,68,91,40800,54600,1,0.9718578,1
val,49,data_49.csv,onset_leak,49_69_92,24,69,92,41400,55200,1,0.9741478,1
val,49,data_49.csv,onset_leak,49_70_93,24,70,93,42000,55800,1,0.97402704,1
val,49,data_49.csv,onset_leak,49_71_94,24,71,94,42600,56400,1,0.9777475,1
val,49,data_49.csv,onset_leak,49_72_95,24,72,95,43200,57000,1,0.97727627,1
val,49,data_49.csv,onset_leak,49_73_96,24,73,96,43800,57600,1,0.97464323,1
val,49,data_49.csv,onset_leak,49_74_97,24,74,97,44400,58200,1,0.9730249,1
val,49,data_49.csv,onset_leak,49_75_98,24,75,98,45000,58800,1,0.97276556,1
val,49,data_49.csv,onset_leak,49_76_99,24,76,99,45600,59400,1,0.97255975,1
val,49,data_49.csv,onset_leak,49_77_100,24,77,100,46200,60000,1,0.97014475,1
val,49,data_49.csv,onset_leak,49_78_101,24,78,101,46800,60600,1,0.9667176,1
val,49,data_49.csv,onset_leak,49_79_102,24,79,102,47400,61200,1,0.9640217,1
val,49,data_49.csv,onset_leak,49_80_103,24,80,103,48000,61800,1,0.96083045,1
val,49,data_49.csv,onset_leak,49_81_104,24,81,104,48600,62400,1,0.95924354,1
val,49,data_49.csv,onset_leak,49_82_105,24,82,105,49200,63000,1,0.9590121,1
val,49,data_49.csv,onset_leak,49_83_106,24,83,106,49800,63600,1,0.9558523,1
val,49,data_49.csv,onset_leak,49_84_107,24,84,107,50400,64200,1,0.95192295,1
val,49,data_49.csv,onset_leak,49_85_108,24,85,108,51000,64800,1,0.95095456,1
val,49,data_49.csv,onset_leak,49_86_109,24,86,109,51600,65400,1,0.9480401,1
val,49,data_49.csv,onset_leak,49_87_110,24,87,110,52200,66000,1,0.9439894,1
val,49,data_49.csv,onset_leak,49_88_111,24,88,111,52800,66600,1,0.944205,1
val,49,data_49.csv,onset_leak,49_89_112,24,89,112,53400,67200,1,0.9413331,1
val,49,data_49.csv,onset_leak,49_90_113,24,90,113,54000,67800,1,0.9388966,1
val,49,data_49.csv,onset_leak,49_91_114,24,91,114,54600,68400,1,0.9430939,1
val,49,data_49.csv,onset_leak,49_92_115,24,92,115,55200,69000,1,0.9447663,1
val,49,data_49.csv,onset_leak,49_93_116,24,93,116,55800,69600,1,0.9421241,1
val,49,data_49.csv,onset_leak,49_94_117,24,94,117,56400,70200,1,0.9431135,1
val,49,data_49.csv,onset_leak,49_95_118,24,95,118,57000,70800,1,0.94290596,1
val,49,data_49.csv,onset_leak,49_96_119,24,96,119,57600,71400,1,0.9457412,1
val,49,data_49.csv,onset_leak,49_97_120,24,97,120,58200,72000,1,0.9470878,1
val,49,data_49.csv,onset_leak,49_98_121,24,98,121,58800,72600,1,0.94963,1
val,49,data_49.csv,onset_leak,49_99_122,24,99,122,59400,73200,1,0.9511695,1
val,49,data_49.csv,onset_leak,49_100_123,24,100,123,60000,73800,1,0.95123374,1
val,49,data_49.csv,onset_leak,49_101_124,24,101,124,60600,74400,1,0.9527625,1
val,49,data_49.csv,onset_leak,49_102_125,24,102,125,61200,75000,1,0.95478356,1
val,49,data_49.csv,onset_leak,49_103_126,24,103,126,61800,75600,1,0.9507554,1
val,49,data_49.csv,onset_leak,49_104_127,24,104,127,62400,76200,1,0.9491634,1
val,49,data_49.csv,onset_leak,49_105_128,24,105,128,63000,76800,1,0.95217925,1
val,49,data_49.csv,onset_leak,49_106_129,24,106,129,63600,77400,1,0.9521557,1
val,49,data_49.csv,onset_leak,49_107_130,24,107,130,64200,78000,1,0.9512465,1
val,49,data_49.csv,onset_leak,49_108_131,24,108,131,64800,78600,1,0.9485192,1
val,49,data_49.csv,onset_leak,49_109_132,24,109,132,65400,79200,1,0.94151586,1
val,49,data_49.csv,onset_leak,49_110_133,24,110,133,66000,79800,1,0.9352864,1
val,49,data_49.csv,onset_leak,49_111_134,24,111,134,66600,80400,1,0.93681353,1
val,49,data_49.csv,onset_leak,49_112_135,24,112,135,67200,81000,1,0.9362798,1
val,49,data_49.csv,onset_leak,49_113_136,24,113,136,67800,81600,1,0.93466216,1
val,49,data_49.csv,onset_leak,49_114_137,24,114,137,68400,82200,1,0.9270934,1
val,49,data_49.csv,onset_leak,49_115_138,24,115,138,69000,82800,1,0.9141012,1
val,49,data_49.csv,onset_leak,49_116_139,24,116,139,69600,83400,1,0.901056,1
val,49,data_49.csv,onset_leak,49_117_140,24,117,140,70200,84000,1,0.89810985,1
val,49,data_49.csv,onset_leak,49_118_141,24,118,141,70800,84600,1,0.89882916,1
val,49,data_49.csv,onset_leak,49_119_142,24,119,142,71400,85200,1,0.8868341,1
val,49,data_49.csv,onset_leak,49_120_143,24,120,143,72000,85800,1,0.8668041,1
val,49,data_49.csv,onset_leak,49_121_144,24,121,144,72600,86400,1,0.8326937,1
val,59,data_59.csv,onset_leak,59_0_23,24,0,23,0,13800,0,0.18994087,1
val,59,data_59.csv,onset_leak,59_1_24,24,1,24,600,14400,0,0.18900947,1
val,59,data_59.csv,onset_leak,59_2_25,24,2,25,1200,15000,0,0.18730758,1
val,59,data_59.csv,onset_leak,59_3_26,24,3,26,1800,15600,0,0.18603948,1
val,59,data_59.csv,onset_leak,59_4_27,24,4,27,2400,16200,0,0.18456665,1
val,59,data_59.csv,onset_leak,59_5_28,24,5,28,3000,16800,0,0.18365346,1
val,59,data_59.csv,onset_leak,59_6_29,24,6,29,3600,17400,0,0.18294574,1
val,59,data_59.csv,onset_leak,59_7_30,24,7,30,4200,18000,0,0.18261154,1
val,59,data_59.csv,onset_leak,59_8_31,24,8,31,4800,18600,0,0.18113872,1
val,59,data_59.csv,onset_leak,59_9_32,24,9,32,5400,19200,0,0.1807009,1
val,59,data_59.csv,onset_leak,59_10_33,24,10,33,6000,19800,0,0.18011743,1
val,59,data_59.csv,onset_leak,59_11_34,24,11,34,6600,20400,0,0.17984097,1
val,59,data_59.csv,onset_leak,59_12_35,24,12,35,7200,21000,0,0.17965338,1
val,59,data_59.csv,onset_leak,59_13_36,24,13,36,7800,21600,0,0.18004173,1
val,59,data_59.csv,onset_leak,59_14_37,24,14,37,8400,22200,0,0.17907102,1
val,59,data_59.csv,onset_leak,59_15_38,24,15,38,9000,22800,0,0.17958605,1
val,59,data_59.csv,onset_leak,59_16_39,24,16,39,9600,23400,0,0.18010475,1
val,59,data_59.csv,onset_leak,59_17_40,24,17,40,10200,24000,0,0.1805688,1
val,59,data_59.csv,onset_leak,59_18_41,24,18,41,10800,24600,0,0.18100421,1
val,59,data_59.csv,onset_leak,59_19_42,24,19,42,11400,25200,0,0.18216114,1
val,59,data_59.csv,onset_leak,59_20_43,24,20,43,12000,25800,0,0.18193343,1
val,59,data_59.csv,onset_leak,59_21_44,24,21,44,12600,26400,0,0.18346527,1
val,59,data_59.csv,onset_leak,59_22_45,24,22,45,13200,27000,0,0.18507904,1
val,59,data_59.csv,onset_leak,59_23_46,24,23,46,13800,27600,0,0.18638387,1
val,59,data_59.csv,onset_leak,59_24_47,24,24,47,14400,28200,0,0.18746543,1
val,59,data_59.csv,onset_leak,59_25_48,24,25,48,15000,28800,0,0.18905698,1
val,59,data_59.csv,onset_leak,59_26_49,24,26,49,15600,29400,0,0.1887334,1
val,59,data_59.csv,onset_leak,59_27_50,24,27,50,16200,30000,0,0.19065642,1
val,59,data_59.csv,onset_leak,59_28_51,24,28,51,16800,30600,0,0.19230518,1
val,59,data_59.csv,onset_leak,59_29_52,24,29,52,17400,31200,0,0.19421457,1
val,59,data_59.csv,onset_leak,59_30_53,24,30,53,18000,31800,0,0.19557771,1
val,59,data_59.csv,onset_leak,59_31_54,24,31,54,18600,32400,0,0.19696052,1
val,59,data_59.csv,onset_leak,59_32_55,24,32,55,19200,33000,0,0.19319876,1
val,59,data_59.csv,onset_leak,59_33_56,24,33,56,19800,33600,0,0.19386725,1
val,59,data_59.csv,onset_leak,59_34_57,24,34,57,20400,34200,0,0.19406414,1
val,59,data_59.csv,onset_leak,59_35_58,24,35,58,21000,34800,0,0.19654553,1
val,59,data_59.csv,onset_leak,59_36_59,24,36,59,21600,35400,0,0.19679913,1
val,59,data_59.csv,onset_leak,59_37_60,24,37,60,22200,36000,0,0.20363253,1
val,59,data_59.csv,onset_leak,59_38_61,24,38,61,22800,36600,0,0.20053162,1
val,59,data_59.csv,onset_leak,59_39_62,24,39,62,23400,37200,0,0.20689961,1
val,59,data_59.csv,onset_leak,59_40_63,24,40,63,24000,37800,0,0.21105394,1
val,59,data_59.csv,onset_leak,59_41_64,24,41,64,24600,38400,0,0.21845971,1
val,59,data_59.csv,onset_leak,59_42_65,24,42,65,25200,39000,0,0.22983249,1
val,59,data_59.csv,onset_leak,59_43_66,24,43,66,25800,39600,0,0.26196903,1
val,59,data_59.csv,onset_leak,59_44_67,24,44,67,26400,40200,0,0.272673,1
val,59,data_59.csv,onset_leak,59_45_68,24,45,68,27000,40800,0,0.289462,1
val,59,data_59.csv,onset_leak,59_46_69,24,46,69,27600,41400,0,0.31602052,1
val,59,data_59.csv,onset_leak,59_47_70,24,47,70,28200,42000,0,0.36780286,1
val,59,data_59.csv,onset_leak,59_48_71,24,48,71,28800,42600,0,0.42757764,1
val,59,data_59.csv,onset_leak,59_49_72,24,49,72,29400,43200,1,0.62098914,1
val,59,data_59.csv,onset_leak,59_50_73,24,50,73,30000,43800,1,0.7017802,1
val,59,data_59.csv,onset_leak,59_51_74,24,51,74,30600,44400,1,0.74961615,1
val,59,data_59.csv,onset_leak,59_52_75,24,52,75,31200,45000,1,0.78744453,1
val,59,data_59.csv,onset_leak,59_53_76,24,53,76,31800,45600,1,0.8480196,1
val,59,data_59.csv,onset_leak,59_54_77,24,54,77,32400,46200,1,0.89255095,1
val,59,data_59.csv,onset_leak,59_55_78,24,55,78,33000,46800,1,0.90934366,1
val,59,data_59.csv,onset_leak,59_56_79,24,56,79,33600,47400,1,0.9302875,1
val,59,data_59.csv,onset_leak,59_57_80,24,57,80,34200,48000,1,0.9445578,1
val,59,data_59.csv,onset_leak,59_58_81,24,58,81,34800,48600,1,0.9472766,1
val,59,data_59.csv,onset_leak,59_59_82,24,59,82,35400,49200,1,0.9628227,1
val,59,data_59.csv,onset_leak,59_60_83,24,60,83,36000,49800,1,0.9697324,1
val,59,data_59.csv,onset_leak,59_61_84,24,61,84,36600,50400,1,0.9743474,1
val,59,data_59.csv,onset_leak,59_62_85,24,62,85,37200,51000,1,0.9779519,1
val,59,data_59.csv,onset_leak,59_63_86,24,63,86,37800,51600,1,0.98137796,1
val,59,data_59.csv,onset_leak,59_64_87,24,64,87,38400,52200,1,0.9813818,1
val,59,data_59.csv,onset_leak,59_65_88,24,65,88,39000,52800,1,0.9842651,1
val,59,data_59.csv,onset_leak,59_66_89,24,66,89,39600,53400,1,0.9872428,1
val,59,data_59.csv,onset_leak,59_67_90,24,67,90,40200,54000,1,0.9878055,1
val,59,data_59.csv,onset_leak,59_68_91,24,68,91,40800,54600,1,0.98854125,1
val,59,data_59.csv,onset_leak,59_69_92,24,69,92,41400,55200,1,0.98987234,1
val,59,data_59.csv,onset_leak,59_70_93,24,70,93,42000,55800,1,0.9895941,1
val,59,data_59.csv,onset_leak,59_71_94,24,71,94,42600,56400,1,0.99163884,1
val,59,data_59.csv,onset_leak,59_72_95,24,72,95,43200,57000,1,0.9922323,1
val,59,data_59.csv,onset_leak,59_73_96,24,73,96,43800,57600,1,0.99235946,1
val,59,data_59.csv,onset_leak,59_74_97,24,74,97,44400,58200,1,0.9924447,1
val,59,data_59.csv,onset_leak,59_75_98,24,75,98,45000,58800,1,0.9925088,1
val,59,data_59.csv,onset_leak,59_76_99,24,76,99,45600,59400,1,0.99251634,1
val,59,data_59.csv,onset_leak,59_77_100,24,77,100,46200,60000,1,0.9926811,1
val,59,data_59.csv,onset_leak,59_78_101,24,78,101,46800,60600,1,0.99280363,1
val,59,data_59.csv,onset_leak,59_79_102,24,79,102,47400,61200,1,0.9928411,1
val,59,data_59.csv,onset_leak,59_80_103,24,80,103,48000,61800,1,0.99289834,1
val,59,data_59.csv,onset_leak,59_81_104,24,81,104,48600,62400,1,0.99295384,1
val,59,data_59.csv,onset_leak,59_82_105,24,82,105,49200,63000,1,0.9929542,1
val,59,data_59.csv,onset_leak,59_83_106,24,83,106,49800,63600,1,0.99301434,1
val,59,data_59.csv,onset_leak,59_84_107,24,84,107,50400,64200,1,0.9930676,1
val,59,data_59.csv,onset_leak,59_85_108,24,85,108,51000,64800,1,0.99289507,1
val,59,data_59.csv,onset_leak,59_86_109,24,86,109,51600,65400,1,0.9928186,1
val,59,data_59.csv,onset_leak,59_87_110,24,87,110,52200,66000,1,0.992886,1
val,59,data_59.csv,onset_leak,59_88_111,24,88,111,52800,66600,1,0.9928629,1
val,59,data_59.csv,onset_leak,59_89_112,24,89,112,53400,67200,1,0.9927695,1
val,59,data_59.csv,onset_leak,59_90_113,24,90,113,54000,67800,1,0.9926158,1
val,59,data_59.csv,onset_leak,59_91_114,24,91,114,54600,68400,1,0.9912984,1
val,59,data_59.csv,onset_leak,59_92_115,24,92,115,55200,69000,1,0.9905439,1
val,59,data_59.csv,onset_leak,59_93_116,24,93,116,55800,69600,1,0.9908292,1
val,59,data_59.csv,onset_leak,59_94_117,24,94,117,56400,70200,1,0.9908364,1
val,59,data_59.csv,onset_leak,59_95_118,24,95,118,57000,70800,1,0.98998743,1
val,59,data_59.csv,onset_leak,59_96_119,24,96,119,57600,71400,1,0.98847175,1
val,59,data_59.csv,onset_leak,59_97_120,24,97,120,58200,72000,1,0.9854639,1
val,59,data_59.csv,onset_leak,59_98_121,24,98,121,58800,72600,1,0.9829625,1
val,59,data_59.csv,onset_leak,59_99_122,24,99,122,59400,73200,1,0.98337585,1
val,59,data_59.csv,onset_leak,59_100_123,24,100,123,60000,73800,1,0.9833183,1
val,59,data_59.csv,onset_leak,59_101_124,24,101,124,60600,74400,1,0.98062414,1
val,59,data_59.csv,onset_leak,59_102_125,24,102,125,61200,75000,1,0.9759527,1
val,59,data_59.csv,onset_leak,59_103_126,24,103,126,61800,75600,1,0.9713197,1
val,59,data_59.csv,onset_leak,59_104_127,24,104,127,62400,76200,1,0.96511036,1
val,59,data_59.csv,onset_leak,59_105_128,24,105,128,63000,76800,1,0.96229696,1
val,59,data_59.csv,onset_leak,59_106_129,24,106,129,63600,77400,1,0.9617185,1
val,59,data_59.csv,onset_leak,59_107_130,24,107,130,64200,78000,1,0.9552845,1
val,59,data_59.csv,onset_leak,59_108_131,24,108,131,64800,78600,1,0.94429046,1
val,59,data_59.csv,onset_leak,59_109_132,24,109,132,65400,79200,1,0.9344756,1
val,59,data_59.csv,onset_leak,59_110_133,24,110,133,66000,79800,1,0.9214569,1
val,59,data_59.csv,onset_leak,59_111_134,24,111,134,66600,80400,1,0.91035086,1
val,59,data_59.csv,onset_leak,59_112_135,24,112,135,67200,81000,1,0.9096395,1
val,59,data_59.csv,onset_leak,59_113_136,24,113,136,67800,81600,1,0.8879191,1
val,59,data_59.csv,onset_leak,59_114_137,24,114,137,68400,82200,1,0.8640571,1
val,59,data_59.csv,onset_leak,59_115_138,24,115,138,69000,82800,1,0.8517671,1
val,59,data_59.csv,onset_leak,59_116_139,24,116,139,69600,83400,1,0.8334121,1
val,59,data_59.csv,onset_leak,59_117_140,24,117,140,70200,84000,1,0.81609017,1
val,59,data_59.csv,onset_leak,59_118_141,24,118,141,70800,84600,1,0.8163353,1
val,59,data_59.csv,onset_leak,59_119_142,24,119,142,71400,85200,1,0.7788592,1
val,59,data_59.csv,onset_leak,59_120_143,24,120,143,72000,85800,1,0.75197,1
val,59,data_59.csv,onset_leak,59_121_144,24,121,144,72600,86400,1,0.7194834,1
test,2,data_2.csv,normal,2_0_23,24,0,23,0,13800,0,0.15393601,1
test,2,data_2.csv,normal,2_1_24,24,1,24,600,14400,0,0.15201497,1
test,2,data_2.csv,normal,2_2_25,24,2,25,1200,15000,0,0.14732389,1
test,2,data_2.csv,normal,2_3_26,24,3,26,1800,15600,0,0.14383182,1
test,2,data_2.csv,normal,2_4_27,24,4,27,2400,16200,0,0.13718165,1
test,2,data_2.csv,normal,2_5_28,24,5,28,3000,16800,0,0.1374898,1
test,2,data_2.csv,normal,2_6_29,24,6,29,3600,17400,0,0.13564163,1
test,2,data_2.csv,normal,2_7_30,24,7,30,4200,18000,0,0.13012613,1
test,2,data_2.csv,normal,2_8_31,24,8,31,4800,18600,0,0.11741883,1
test,2,data_2.csv,normal,2_9_32,24,9,32,5400,19200,0,0.115427986,1
test,2,data_2.csv,normal,2_10_33,24,10,33,6000,19800,0,0.11297376,1
test,2,data_2.csv,normal,2_11_34,24,11,34,6600,20400,0,0.11187013,1
test,2,data_2.csv,normal,2_12_35,24,12,35,7200,21000,0,0.1107105,1
test,2,data_2.csv,normal,2_13_36,24,13,36,7800,21600,0,0.116842546,1
test,2,data_2.csv,normal,2_14_37,24,14,37,8400,22200,0,0.11333855,1
test,2,data_2.csv,normal,2_15_38,24,15,38,9000,22800,0,0.117073126,1
test,2,data_2.csv,normal,2_16_39,24,16,39,9600,23400,0,0.12449804,1
test,2,data_2.csv,normal,2_17_40,24,17,40,10200,24000,0,0.12955885,1
test,2,data_2.csv,normal,2_18_41,24,18,41,10800,24600,0,0.14121039,1
test,2,data_2.csv,normal,2_19_42,24,19,42,11400,25200,0,0.15787525,1
test,2,data_2.csv,normal,2_20_43,24,20,43,12000,25800,0,0.16632704,1
test,2,data_2.csv,normal,2_21_44,24,21,44,12600,26400,0,0.18235151,1
test,2,data_2.csv,normal,2_22_45,24,22,45,13200,27000,0,0.20681354,1
test,2,data_2.csv,normal,2_23_46,24,23,46,13800,27600,0,0.22504134,1
test,2,data_2.csv,normal,2_24_47,24,24,47,14400,28200,0,0.24617581,1
test,2,data_2.csv,normal,2_25_48,24,25,48,15000,28800,0,0.2728778,1
test,2,data_2.csv,normal,2_26_49,24,26,49,15600,29400,0,0.29265046,1
test,2,data_2.csv,normal,2_27_50,24,27,50,16200,30000,0,0.31990802,1
test,2,data_2.csv,normal,2_28_51,24,28,51,16800,30600,0,0.34329376,1
test,2,data_2.csv,normal,2_29_52,24,29,52,17400,31200,0,0.3839641,1
test,2,data_2.csv,normal,2_30_53,24,30,53,18000,31800,0,0.41779348,1
test,2,data_2.csv,normal,2_31_54,24,31,54,18600,32400,0,0.4230338,1
test,2,data_2.csv,normal,2_32_55,24,32,55,19200,33000,0,0.4218425,1
test,2,data_2.csv,normal,2_33_56,24,33,56,19800,33600,0,0.44934654,1
test,2,data_2.csv,normal,2_34_57,24,34,57,20400,34200,0,0.47637925,1
test,2,data_2.csv,normal,2_35_58,24,35,58,21000,34800,0,0.48432165,1
test,2,data_2.csv,normal,2_36_59,24,36,59,21600,35400,0,0.50958735,1
test,2,data_2.csv,normal,2_37_60,24,37,60,22200,36000,0,0.51169354,1
test,2,data_2.csv,normal,2_38_61,24,38,61,22800,36600,0,0.5213556,1
test,2,data_2.csv,normal,2_39_62,24,39,62,23400,37200,0,0.53409743,1
test,2,data_2.csv,normal,2_40_63,24,40,63,24000,37800,0,0.5701865,1
test,2,data_2.csv,normal,2_41_64,24,41,64,24600,38400,0,0.5990083,1
test,2,data_2.csv,normal,2_42_65,24,42,65,25200,39000,0,0.6009801,1
test,2,data_2.csv,normal,2_43_66,24,43,66,25800,39600,0,0.5975213,1
test,2,data_2.csv,normal,2_44_67,24,44,67,26400,40200,0,0.6002831,1
test,2,data_2.csv,normal,2_45_68,24,45,68,27000,40800,0,0.6120489,1
test,2,data_2.csv,normal,2_46_69,24,46,69,27600,41400,0,0.6229256,1
test,2,data_2.csv,normal,2_47_70,24,47,70,28200,42000,0,0.6580952,1
test,2,data_2.csv,normal,2_48_71,24,48,71,28800,42600,0,0.6701019,1
test,2,data_2.csv,normal,2_49_72,24,49,72,29400,43200,0,0.6578045,1
test,2,data_2.csv,normal,2_50_73,24,50,73,30000,43800,0,0.6177617,1
test,2,data_2.csv,normal,2_51_74,24,51,74,30600,44400,0,0.5676351,1
test,2,data_2.csv,normal,2_52_75,24,52,75,31200,45000,0,0.49847326,1
test,2,data_2.csv,normal,2_53_76,24,53,76,31800,45600,0,0.45062718,1
test,2,data_2.csv,normal,2_54_77,24,54,77,32400,46200,0,0.42105576,1
test,2,data_2.csv,normal,2_55_78,24,55,78,33000,46800,0,0.40972415,1
test,2,data_2.csv,normal,2_56_79,24,56,79,33600,47400,0,0.38474083,1
test,2,data_2.csv,normal,2_57_80,24,57,80,34200,48000,0,0.37722495,1
test,2,data_2.csv,normal,2_58_81,24,58,81,34800,48600,0,0.3731517,1
test,2,data_2.csv,normal,2_59_82,24,59,82,35400,49200,0,0.38488433,1
test,2,data_2.csv,normal,2_60_83,24,60,83,36000,49800,0,0.40081364,1
test,2,data_2.csv,normal,2_61_84,24,61,84,36600,50400,0,0.45513204,1
test,2,data_2.csv,normal,2_62_85,24,62,85,37200,51000,0,0.48075595,1
test,2,data_2.csv,normal,2_63_86,24,63,86,37800,51600,0,0.5108387,1
test,2,data_2.csv,normal,2_64_87,24,64,87,38400,52200,0,0.54553115,1
test,2,data_2.csv,normal,2_65_88,24,65,88,39000,52800,0,0.6042036,1
test,2,data_2.csv,normal,2_66_89,24,66,89,39600,53400,0,0.6543559,1
test,2,data_2.csv,normal,2_67_90,24,67,90,40200,54000,0,0.7102806,1
test,2,data_2.csv,normal,2_68_91,24,68,91,40800,54600,0,0.73856586,1
test,2,data_2.csv,normal,2_69_92,24,69,92,41400,55200,0,0.7618378,1
test,2,data_2.csv,normal,2_70_93,24,70,93,42000,55800,0,0.77053183,1
test,2,data_2.csv,normal,2_71_94,24,71,94,42600,56400,0,0.80339754,1
test,2,data_2.csv,normal,2_72_95,24,72,95,43200,57000,0,0.8257203,1
test,2,data_2.csv,normal,2_73_96,24,73,96,43800,57600,0,0.84814405,1
test,2,data_2.csv,normal,2_74_97,24,74,97,44400,58200,0,0.8668358,1
test,2,data_2.csv,normal,2_75_98,24,75,98,45000,58800,0,0.8764629,1
test,2,data_2.csv,normal,2_76_99,24,76,99,45600,59400,0,0.87885714,1
test,2,data_2.csv,normal,2_77_100,24,77,100,46200,60000,0,0.896399,1
test,2,data_2.csv,normal,2_78_101,24,78,101,46800,60600,0,0.90950793,1
test,2,data_2.csv,normal,2_79_102,24,79,102,47400,61200,0,0.92046326,1
test,2,data_2.csv,normal,2_80_103,24,80,103,48000,61800,0,0.92947143,1
test,2,data_2.csv,normal,2_81_104,24,81,104,48600,62400,0,0.9351155,1
test,2,data_2.csv,normal,2_82_105,24,82,105,49200,63000,0,0.93541634,1
test,2,data_2.csv,normal,2_83_106,24,83,106,49800,63600,0,0.9445772,1
test,2,data_2.csv,normal,2_84_107,24,84,107,50400,64200,0,0.9512364,1
test,2,data_2.csv,normal,2_85_108,24,85,108,51000,64800,0,0.9521815,1
test,2,data_2.csv,normal,2_86_109,24,86,109,51600,65400,0,0.9542036,1
test,2,data_2.csv,normal,2_87_110,24,87,110,52200,66000,0,0.95820135,1
test,2,data_2.csv,normal,2_88_111,24,88,111,52800,66600,0,0.957878,1
test,2,data_2.csv,normal,2_89_112,24,89,112,53400,67200,0,0.9613226,1
test,2,data_2.csv,normal,2_90_113,24,90,113,54000,67800,0,0.96286446,1
test,2,data_2.csv,normal,2_91_114,24,91,114,54600,68400,0,0.9617261,1
test,2,data_2.csv,normal,2_92_115,24,92,115,55200,69000,0,0.9606026,1
test,2,data_2.csv,normal,2_93_116,24,93,116,55800,69600,0,0.9619027,1
test,2,data_2.csv,normal,2_94_117,24,94,117,56400,70200,0,0.9615447,1
test,2,data_2.csv,normal,2_95_118,24,95,118,57000,70800,0,0.962075,1
test,2,data_2.csv,normal,2_96_119,24,96,119,57600,71400,0,0.9611892,1
test,2,data_2.csv,normal,2_97_120,24,97,120,58200,72000,0,0.95407856,1
test,2,data_2.csv,normal,2_98_121,24,98,121,58800,72600,0,0.95000494,1
test,2,data_2.csv,normal,2_99_122,24,99,122,59400,73200,0,0.951012,1
test,2,data_2.csv,normal,2_100_123,24,100,123,60000,73800,0,0.95183265,1
test,2,data_2.csv,normal,2_101_124,24,101,124,60600,74400,0,0.9486798,1
test,2,data_2.csv,normal,2_102_125,24,102,125,61200,75000,0,0.9401577,1
test,2,data_2.csv,normal,2_103_126,24,103,126,61800,75600,0,0.9214316,1
test,2,data_2.csv,normal,2_104_127,24,104,127,62400,76200,0,0.90732086,1
test,2,data_2.csv,normal,2_105_128,24,105,128,63000,76800,0,0.9107528,1
test,2,data_2.csv,normal,2_106_129,24,106,129,63600,77400,0,0.91314316,1
test,2,data_2.csv,normal,2_107_130,24,107,130,64200,78000,0,0.89464164,1
test,2,data_2.csv,normal,2_108_131,24,108,131,64800,78600,0,0.8699708,1
test,2,data_2.csv,normal,2_109_132,24,109,132,65400,79200,0,0.85671484,1
test,2,data_2.csv,normal,2_110_133,24,110,133,66000,79800,0,0.83465946,1
test,2,data_2.csv,normal,2_111_134,24,111,134,66600,80400,0,0.83266544,1
test,2,data_2.csv,normal,2_112_135,24,112,135,67200,81000,0,0.84436464,1
test,2,data_2.csv,normal,2_113_136,24,113,136,67800,81600,0,0.84741974,1
test,2,data_2.csv,normal,2_114_137,24,114,137,68400,82200,0,0.8385616,1
test,2,data_2.csv,normal,2_115_138,24,115,138,69000,82800,0,0.83009195,1
test,2,data_2.csv,normal,2_116_139,24,116,139,69600,83400,0,0.8047565,1
test,2,data_2.csv,normal,2_117_140,24,117,140,70200,84000,0,0.80188066,1
test,2,data_2.csv,normal,2_118_141,24,118,141,70800,84600,0,0.79736376,1
test,2,data_2.csv,normal,2_119_142,24,119,142,71400,85200,0,0.79326993,1
test,2,data_2.csv,normal,2_120_143,24,120,143,72000,85800,0,0.77331895,1
test,2,data_2.csv,normal,2_121_144,24,121,144,72600,86400,0,0.75532866,1
test,9,data_9.csv,normal,9_0_23,24,0,23,0,13800,0,0.16370991,1
test,9,data_9.csv,normal,9_1_24,24,1,24,600,14400,0,0.16382474,1
test,9,data_9.csv,normal,9_2_25,24,2,25,1200,15000,0,0.1632955,1
test,9,data_9.csv,normal,9_3_26,24,3,26,1800,15600,0,0.16344061,1
test,9,data_9.csv,normal,9_4_27,24,4,27,2400,16200,0,0.16354662,1
test,9,data_9.csv,normal,9_5_28,24,5,28,3000,16800,0,0.16370392,1
test,9,data_9.csv,normal,9_6_29,24,6,29,3600,17400,0,0.16384433,1
test,9,data_9.csv,normal,9_7_30,24,7,30,4200,18000,0,0.16399111,1
test,9,data_9.csv,normal,9_8_31,24,8,31,4800,18600,0,0.16183984,1
test,9,data_9.csv,normal,9_9_32,24,9,32,5400,19200,0,0.1613657,1
test,9,data_9.csv,normal,9_10_33,24,10,33,6000,19800,0,0.15992215,1
test,9,data_9.csv,normal,9_11_34,24,11,34,6600,20400,0,0.16044033,1
test,9,data_9.csv,normal,9_12_35,24,12,35,7200,21000,0,0.16049993,1
test,9,data_9.csv,normal,9_13_36,24,13,36,7800,21600,0,0.15982136,1
test,9,data_9.csv,normal,9_14_37,24,14,37,8400,22200,0,0.15526995,1
test,9,data_9.csv,normal,9_15_38,24,15,38,9000,22800,0,0.15576947,1
test,9,data_9.csv,normal,9_16_39,24,16,39,9600,23400,0,0.15501833,1
test,9,data_9.csv,normal,9_17_40,24,17,40,10200,24000,0,0.15557235,1
test,9,data_9.csv,normal,9_18_41,24,18,41,10800,24600,0,0.15527113,1
test,9,data_9.csv,normal,9_19_42,24,19,42,11400,25200,0,0.15652736,1
test,9,data_9.csv,normal,9_20_43,24,20,43,12000,25800,0,0.15281834,1
test,9,data_9.csv,normal,9_21_44,24,21,44,12600,26400,0,0.15572074,1
test,9,data_9.csv,normal,9_22_45,24,22,45,13200,27000,0,0.15977073,1
test,9,data_9.csv,normal,9_23_46,24,23,46,13800,27600,0,0.16185258,1
test,9,data_9.csv,normal,9_24_47,24,24,47,14400,28200,0,0.16521682,1
test,9,data_9.csv,normal,9_25_48,24,25,48,15000,28800,0,0.17165092,1
test,9,data_9.csv,normal,9_26_49,24,26,49,15600,29400,0,0.17438018,1
test,9,data_9.csv,normal,9_27_50,24,27,50,16200,30000,0,0.1843061,1
test,9,data_9.csv,normal,9_28_51,24,28,51,16800,30600,0,0.19435973,1
test,9,data_9.csv,normal,9_29_52,24,29,52,17400,31200,0,0.20169023,1
test,9,data_9.csv,normal,9_30_53,24,30,53,18000,31800,0,0.21021193,1
test,9,data_9.csv,normal,9_31_54,24,31,54,18600,32400,0,0.21995957,1
test,9,data_9.csv,normal,9_32_55,24,32,55,19200,33000,0,0.22484483,1
test,9,data_9.csv,normal,9_33_56,24,33,56,19800,33600,0,0.23564988,1
test,9,data_9.csv,normal,9_34_57,24,34,57,20400,34200,0,0.24912427,1
test,9,data_9.csv,normal,9_35_58,24,35,58,21000,34800,0,0.25776958,1
test,9,data_9.csv,normal,9_36_59,24,36,59,21600,35400,0,0.27016306,1
test,9,data_9.csv,normal,9_37_60,24,37,60,22200,36000,0,0.2817858,1
test,9,data_9.csv,normal,9_38_61,24,38,61,22800,36600,0,0.28847083,1
test,9,data_9.csv,normal,9_39_62,24,39,62,23400,37200,0,0.30228415,1
test,9,data_9.csv,normal,9_40_63,24,40,63,24000,37800,0,0.31718042,1
test,9,data_9.csv,normal,9_41_64,24,41,64,24600,38400,0,0.32869187,1
test,9,data_9.csv,normal,9_42_65,24,42,65,25200,39000,0,0.34406865,1
test,9,data_9.csv,normal,9_43_66,24,43,66,25800,39600,0,0.38430768,1
test,9,data_9.csv,normal,9_44_67,24,44,67,26400,40200,0,0.40395194,1
test,9,data_9.csv,normal,9_45_68,24,45,68,27000,40800,0,0.42974457,1
test,9,data_9.csv,normal,9_46_69,24,46,69,27600,41400,0,0.4554153,1
test,9,data_9.csv,normal,9_47_70,24,47,70,28200,42000,0,0.5082414,1
test,9,data_9.csv,normal,9_48_71,24,48,71,28800,42600,0,0.5551796,1
test,9,data_9.csv,normal,9_49_72,24,49,72,29400,43200,0,0.61784786,1
test,9,data_9.csv,normal,9_50_73,24,50,73,30000,43800,0,0.6471474,1
test,9,data_9.csv,normal,9_51_74,24,51,74,30600,44400,0,0.6756657,1
test,9,data_9.csv,normal,9_52_75,24,52,75,31200,45000,0,0.6874236,1
test,9,data_9.csv,normal,9_53_76,24,53,76,31800,45600,0,0.722594,1
test,9,data_9.csv,normal,9_54_77,24,54,77,32400,46200,0,0.7470752,1
test,9,data_9.csv,normal,9_55_78,24,55,78,33000,46800,0,0.7601695,1
test,9,data_9.csv,normal,9_56_79,24,56,79,33600,47400,0,0.7753468,1
test,9,data_9.csv,normal,9_57_80,24,57,80,34200,48000,0,0.7909788,1
test,9,data_9.csv,normal,9_58_81,24,58,81,34800,48600,0,0.79167014,1
test,9,data_9.csv,normal,9_59_82,24,59,82,35400,49200,0,0.807902,1
test,9,data_9.csv,normal,9_60_83,24,60,83,36000,49800,0,0.82028097,1
test,9,data_9.csv,normal,9_61_84,24,61,84,36600,50400,0,0.82424283,1
test,9,data_9.csv,normal,9_62_85,24,62,85,37200,51000,0,0.8283003,1
test,9,data_9.csv,normal,9_63_86,24,63,86,37800,51600,0,0.83719856,1
test,9,data_9.csv,normal,9_64_87,24,64,87,38400,52200,0,0.83517766,1
test,9,data_9.csv,normal,9_65_88,24,65,88,39000,52800,0,0.84586823,1
test,9,data_9.csv,normal,9_66_89,24,66,89,39600,53400,0,0.851139,1
test,9,data_9.csv,normal,9_67_90,24,67,90,40200,54000,0,0.8482218,1
test,9,data_9.csv,normal,9_68_91,24,68,91,40800,54600,0,0.8468836,1
test,9,data_9.csv,normal,9_69_92,24,69,92,41400,55200,0,0.849154,1
test,9,data_9.csv,normal,9_70_93,24,70,93,42000,55800,0,0.8485117,1
test,9,data_9.csv,normal,9_71_94,24,71,94,42600,56400,0,0.8523049,1
test,9,data_9.csv,normal,9_72_95,24,72,95,43200,57000,0,0.84966236,1
test,9,data_9.csv,normal,9_73_96,24,73,96,43800,57600,0,0.8408682,1
test,9,data_9.csv,normal,9_74_97,24,74,97,44400,58200,0,0.83539414,1
test,9,data_9.csv,normal,9_75_98,24,75,98,45000,58800,0,0.8355061,1
test,9,data_9.csv,normal,9_76_99,24,76,99,45600,59400,0,0.8360572,1
test,9,data_9.csv,normal,9_77_100,24,77,100,46200,60000,0,0.82894045,1
test,9,data_9.csv,normal,9_78_101,24,78,101,46800,60600,0,0.8190149,1
test,9,data_9.csv,normal,9_79_102,24,79,102,47400,61200,0,0.811686,1
test,9,data_9.csv,normal,9_80_103,24,80,103,48000,61800,0,0.80305207,1
test,9,data_9.csv,normal,9_81_104,24,81,104,48600,62400,0,0.8004449,1
test,9,data_9.csv,normal,9_82_105,24,82,105,49200,63000,0,0.79926294,1
test,9,data_9.csv,normal,9_83_106,24,83,106,49800,63600,0,0.7905449,1
test,9,data_9.csv,normal,9_84_107,24,84,107,50400,64200,0,0.78005046,1
test,9,data_9.csv,normal,9_85_108,24,85,108,51000,64800,0,0.7704682,1
test,9,data_9.csv,normal,9_86_109,24,86,109,51600,65400,0,0.7600912,1
test,9,data_9.csv,normal,9_87_110,24,87,110,52200,66000,0,0.754462,1
test,9,data_9.csv,normal,9_88_111,24,88,111,52800,66600,0,0.7544969,1
test,9,data_9.csv,normal,9_89_112,24,89,112,53400,67200,0,0.74410796,1
test,9,data_9.csv,normal,9_90_113,24,90,113,54000,67800,0,0.73047465,1
test,9,data_9.csv,normal,9_91_114,24,91,114,54600,68400,0,0.7242576,1
test,9,data_9.csv,normal,9_92_115,24,92,115,55200,69000,0,0.7154281,1
test,9,data_9.csv,normal,9_93_116,24,93,116,55800,69600,0,0.7073468,1
test,9,data_9.csv,normal,9_94_117,24,94,117,56400,70200,0,0.70643276,1
test,9,data_9.csv,normal,9_95_118,24,95,118,57000,70800,0,0.69080544,1
test,9,data_9.csv,normal,9_96_119,24,96,119,57600,71400,0,0.6808631,1
test,9,data_9.csv,normal,9_97_120,24,97,120,58200,72000,0,0.6638447,1
test,9,data_9.csv,normal,9_98_121,24,98,121,58800,72600,0,0.65605474,1
test,9,data_9.csv,normal,9_99_122,24,99,122,59400,73200,0,0.66260403,1
test,9,data_9.csv,normal,9_100_123,24,100,123,60000,73800,0,0.66996914,1
test,9,data_9.csv,normal,9_101_124,24,101,124,60600,74400,0,0.6567272,1
test,9,data_9.csv,normal,9_102_125,24,102,125,61200,75000,0,0.6443677,1
test,9,data_9.csv,normal,9_103_126,24,103,126,61800,75600,0,0.63760066,1
test,9,data_9.csv,normal,9_104_127,24,104,127,62400,76200,0,0.6426692,1
test,9,data_9.csv,normal,9_105_128,24,105,128,63000,76800,0,0.6604574,1
test,9,data_9.csv,normal,9_106_129,24,106,129,63600,77400,0,0.6856159,1
test,9,data_9.csv,normal,9_107_130,24,107,130,64200,78000,0,0.68817884,1
test,9,data_9.csv,normal,9_108_131,24,108,131,64800,78600,0,0.6726688,1
test,9,data_9.csv,normal,9_109_132,24,109,132,65400,79200,0,0.6695232,1
test,9,data_9.csv,normal,9_110_133,24,110,133,66000,79800,0,0.6775031,1
test,9,data_9.csv,normal,9_111_134,24,111,134,66600,80400,0,0.68677187,1
test,9,data_9.csv,normal,9_112_135,24,112,135,67200,81000,0,0.6959983,1
test,9,data_9.csv,normal,9_113_136,24,113,136,67800,81600,0,0.7094062,1
test,9,data_9.csv,normal,9_114_137,24,114,137,68400,82200,0,0.7090426,1
test,9,data_9.csv,normal,9_115_138,24,115,138,69000,82800,0,0.6928943,1
test,9,data_9.csv,normal,9_116_139,24,116,139,69600,83400,0,0.67219293,1
test,9,data_9.csv,normal,9_117_140,24,117,140,70200,84000,0,0.6566025,1
test,9,data_9.csv,normal,9_118_141,24,118,141,70800,84600,0,0.6272108,1
test,9,data_9.csv,normal,9_119_142,24,119,142,71400,85200,0,0.5940513,1
test,9,data_9.csv,normal,9_120_143,24,120,143,72000,85800,0,0.5516121,1
test,9,data_9.csv,normal,9_121_144,24,121,144,72600,86400,0,0.5090748,1
test,16,data_16.csv,onset_leak,16_0_23,24,0,23,0,13800,0,0.15161465,1
test,16,data_16.csv,onset_leak,16_1_24,24,1,24,600,14400,0,0.15239172,1
test,16,data_16.csv,onset_leak,16_2_25,24,2,25,1200,15000,0,0.15222472,1
test,16,data_16.csv,onset_leak,16_3_26,24,3,26,1800,15600,0,0.15327144,1
test,16,data_16.csv,onset_leak,16_4_27,24,4,27,2400,16200,0,0.15433262,1
test,16,data_16.csv,onset_leak,16_5_28,24,5,28,3000,16800,0,0.15522757,1
test,16,data_16.csv,onset_leak,16_6_29,24,6,29,3600,17400,0,0.15595065,1
test,16,data_16.csv,onset_leak,16_7_30,24,7,30,4200,18000,0,0.15697302,1
test,16,data_16.csv,onset_leak,16_8_31,24,8,31,4800,18600,0,0.15657605,1
test,16,data_16.csv,onset_leak,16_9_32,24,9,32,5400,19200,0,0.1577804,1
test,16,data_16.csv,onset_leak,16_10_33,24,10,33,6000,19800,0,0.15876882,1
test,16,data_16.csv,onset_leak,16_11_34,24,11,34,6600,20400,0,0.16000266,1
test,16,data_16.csv,onset_leak,16_12_35,24,12,35,7200,21000,0,0.16087465,1
test,16,data_16.csv,onset_leak,16_13_36,24,13,36,7800,21600,0,0.16183393,1
test,16,data_16.csv,onset_leak,16_14_37,24,14,37,8400,22200,0,0.1608356,1
test,16,data_16.csv,onset_leak,16_15_38,24,15,38,9000,22800,0,0.1624029,1
test,16,data_16.csv,onset_leak,16_16_39,24,16,39,9600,23400,0,0.16360992,1
test,16,data_16.csv,onset_leak,16_17_40,24,17,40,10200,24000,0,0.16501318,1
test,16,data_16.csv,onset_leak,16_18_41,24,18,41,10800,24600,0,0.16593273,1
test,16,data_16.csv,onset_leak,16_19_42,24,19,42,11400,25200,0,0.16755249,1
test,16,data_16.csv,onset_leak,16_20_43,24,20,43,12000,25800,0,0.16631015,1
test,16,data_16.csv,onset_leak,16_21_44,24,21,44,12600,26400,0,0.16832136,1
test,16,data_16.csv,onset_leak,16_22_45,24,22,45,13200,27000,0,0.17060556,1
test,16,data_16.csv,onset_leak,16_23_46,24,23,46,13800,27600,0,0.17257683,1
test,16,data_16.csv,onset_leak,16_24_47,24,24,47,14400,28200,0,0.17409953,1
test,16,data_16.csv,onset_leak,16_25_48,24,25,48,15000,28800,0,0.17704591,1
test,16,data_16.csv,onset_leak,16_26_49,24,26,49,15600,29400,0,0.17674291,1
test,16,data_16.csv,onset_leak,16_27_50,24,27,50,16200,30000,0,0.18086584,1
test,16,data_16.csv,onset_leak,16_28_51,24,28,51,16800,30600,0,0.18505396,1
test,16,data_16.csv,onset_leak,16_29_52,24,29,52,17400,31200,0,0.18896607,1
test,16,data_16.csv,onset_leak,16_30_53,24,30,53,18000,31800,0,0.19186862,1
test,16,data_16.csv,onset_leak,16_31_54,24,31,54,18600,32400,0,0.19518328,1
test,16,data_16.csv,onset_leak,16_32_55,24,32,55,19200,33000,0,0.19411398,1
test,16,data_16.csv,onset_leak,16_33_56,24,33,56,19800,33600,0,0.2012406,1
test,16,data_16.csv,onset_leak,16_34_57,24,34,57,20400,34200,0,0.2075145,1
test,16,data_16.csv,onset_leak,16_35_58,24,35,58,21000,34800,0,0.21198143,1
test,16,data_16.csv,onset_leak,16_36_59,24,36,59,21600,35400,0,0.21664023,1
test,16,data_16.csv,onset_leak,16_37_60,24,37,60,22200,36000,0,0.22321579,1
test,16,data_16.csv,onset_leak,16_38_61,24,38,61,22800,36600,0,0.22386871,1
test,16,data_16.csv,onset_leak,16_39_62,24,39,62,23400,37200,0,0.2322392,1
test,16,data_16.csv,onset_leak,16_40_63,24,40,63,24000,37800,0,0.24163577,1
test,16,data_16.csv,onset_leak,16_41_64,24,41,64,24600,38400,0,0.248202,1
test,16,data_16.csv,onset_leak,16_42_65,24,42,65,25200,39000,0,0.25808036,1
test,16,data_16.csv,onset_leak,16_43_66,24,43,66,25800,39600,0,0.2696473,1
test,16,data_16.csv,onset_leak,16_44_67,24,44,67,26400,40200,0,0.27587152,1
test,16,data_16.csv,onset_leak,16_45_68,24,45,68,27000,40800,0,0.28886837,1
test,16,data_16.csv,onset_leak,16_46_69,24,46,69,27600,41400,0,0.30272317,1
test,16,data_16.csv,onset_leak,16_47_70,24,47,70,28200,42000,0,0.31455132,1
test,16,data_16.csv,onset_leak,16_48_71,24,48,71,28800,42600,0,0.33217567,1
test,16,data_16.csv,onset_leak,16_49_72,24,49,72,29400,43200,1,0.35662934,1
test,16,data_16.csv,onset_leak,16_50_73,24,50,73,30000,43800,1,0.3654956,1
test,16,data_16.csv,onset_leak,16_51_74,24,51,74,30600,44400,1,0.38814092,1
test,16,data_16.csv,onset_leak,16_52_75,24,52,75,31200,45000,1,0.4090136,1
test,16,data_16.csv,onset_leak,16_53_76,24,53,76,31800,45600,1,0.43871647,1
test,16,data_16.csv,onset_leak,16_54_77,24,54,77,32400,46200,1,0.4651994,1
test,16,data_16.csv,onset_leak,16_55_78,24,55,78,33000,46800,1,0.4944694,1
test,16,data_16.csv,onset_leak,16_56_79,24,56,79,33600,47400,1,0.5100385,1
test,16,data_16.csv,onset_leak,16_57_80,24,57,80,34200,48000,1,0.53833246,1
test,16,data_16.csv,onset_leak,16_58_81,24,58,81,34800,48600,1,0.55797607,1
test,16,data_16.csv,onset_leak,16_59_82,24,59,82,35400,49200,1,0.58439124,1
test,16,data_16.csv,onset_leak,16_60_83,24,60,83,36000,49800,1,0.6008024,1
test,16,data_16.csv,onset_leak,16_61_84,24,61,84,36600,50400,1,0.60396665,1
test,16,data_16.csv,onset_leak,16_62_85,24,62,85,37200,51000,1,0.60806227,1
test,16,data_16.csv,onset_leak,16_63_86,24,63,86,37800,51600,1,0.6146477,1
test,16,data_16.csv,onset_leak,16_64_87,24,64,87,38400,52200,1,0.61558527,1
test,16,data_16.csv,onset_leak,16_65_88,24,65,88,39000,52800,1,0.6240662,1
test,16,data_16.csv,onset_leak,16_66_89,24,66,89,39600,53400,1,0.6293042,1
test,16,data_16.csv,onset_leak,16_67_90,24,67,90,40200,54000,1,0.6214009,1
test,16,data_16.csv,onset_leak,16_68_91,24,68,91,40800,54600,1,0.61938846,1
test,16,data_16.csv,onset_leak,16_69_92,24,69,92,41400,55200,1,0.62513155,1
test,16,data_16.csv,onset_leak,16_70_93,24,70,93,42000,55800,1,0.62856066,1
test,16,data_16.csv,onset_leak,16_71_94,24,71,94,42600,56400,1,0.62780756,1
test,16,data_16.csv,onset_leak,16_72_95,24,72,95,43200,57000,1,0.6226157,1
test,16,data_16.csv,onset_leak,16_73_96,24,73,96,43800,57600,1,0.6154862,1
test,16,data_16.csv,onset_leak,16_74_97,24,74,97,44400,58200,1,0.60878396,1
test,16,data_16.csv,onset_leak,16_75_98,24,75,98,45000,58800,1,0.6181878,1
test,16,data_16.csv,onset_leak,16_76_99,24,76,99,45600,59400,1,0.631414,1
test,16,data_16.csv,onset_leak,16_77_100,24,77,100,46200,60000,1,0.63398343,1
test,16,data_16.csv,onset_leak,16_78_101,24,78,101,46800,60600,1,0.6281641,1
test,16,data_16.csv,onset_leak,16_79_102,24,79,102,47400,61200,1,0.6275599,1
test,16,data_16.csv,onset_leak,16_80_103,24,80,103,48000,61800,1,0.6234757,1
test,16,data_16.csv,onset_leak,16_81_104,24,81,104,48600,62400,1,0.6269015,1
test,16,data_16.csv,onset_leak,16_82_105,24,82,105,49200,63000,1,0.6311643,1
test,16,data_16.csv,onset_leak,16_83_106,24,83,106,49800,63600,1,0.6345879,1
test,16,data_16.csv,onset_leak,16_84_107,24,84,107,50400,64200,1,0.6251333,1
test,16,data_16.csv,onset_leak,16_85_108,24,85,108,51000,64800,1,0.6186778,1
test,16,data_16.csv,onset_leak,16_86_109,24,86,109,51600,65400,1,0.6031372,1
test,16,data_16.csv,onset_leak,16_87_110,24,87,110,52200,66000,1,0.590403,1
test,16,data_16.csv,onset_leak,16_88_111,24,88,111,52800,66600,1,0.5738658,1
test,16,data_16.csv,onset_leak,16_89_112,24,89,112,53400,67200,1,0.56061554,1
test,16,data_16.csv,onset_leak,16_90_113,24,90,113,54000,67800,1,0.5494964,1
test,16,data_16.csv,onset_leak,16_91_114,24,91,114,54600,68400,1,0.5308125,1
test,16,data_16.csv,onset_leak,16_92_115,24,92,115,55200,69000,1,0.49855015,1
test,16,data_16.csv,onset_leak,16_93_116,24,93,116,55800,69600,1,0.47062704,1
test,16,data_16.csv,onset_leak,16_94_117,24,94,117,56400,70200,1,0.43946233,1
test,16,data_16.csv,onset_leak,16_95_118,24,95,118,57000,70800,1,0.4199545,1
test,16,data_16.csv,onset_leak,16_96_119,24,96,119,57600,71400,1,0.40273365,1
test,16,data_16.csv,onset_leak,16_97_120,24,97,120,58200,72000,1,0.39944345,1
test,16,data_16.csv,onset_leak,16_98_121,24,98,121,58800,72600,1,0.38803875,1
test,16,data_16.csv,onset_leak,16_99_122,24,99,122,59400,73200,1,0.37905517,1
test,16,data_16.csv,onset_leak,16_100_123,24,100,123,60000,73800,1,0.3785608,1
test,16,data_16.csv,onset_leak,16_101_124,24,101,124,60600,74400,1,0.3716754,1
test,16,data_16.csv,onset_leak,16_102_125,24,102,125,61200,75000,1,0.3734087,1
test,16,data_16.csv,onset_leak,16_103_126,24,103,126,61800,75600,1,0.3840418,1
test,16,data_16.csv,onset_leak,16_104_127,24,104,127,62400,76200,1,0.39603806,1
test,16,data_16.csv,onset_leak,16_105_128,24,105,128,63000,76800,1,0.4115894,1
test,16,data_16.csv,onset_leak,16_106_129,24,106,129,63600,77400,1,0.43536386,1
test,16,data_16.csv,onset_leak,16_107_130,24,107,130,64200,78000,1,0.45027873,1
test,16,data_16.csv,onset_leak,16_108_131,24,108,131,64800,78600,1,0.46411318,1
test,16,data_16.csv,onset_leak,16_109_132,24,109,132,65400,79200,1,0.4763027,1
test,16,data_16.csv,onset_leak,16_110_133,24,110,133,66000,79800,1,0.49899825,1
test,16,data_16.csv,onset_leak,16_111_134,24,111,134,66600,80400,1,0.52118623,1
test,16,data_16.csv,onset_leak,16_112_135,24,112,135,67200,81000,1,0.54919183,1
test,16,data_16.csv,onset_leak,16_113_136,24,113,136,67800,81600,1,0.56718147,1
test,16,data_16.csv,onset_leak,16_114_137,24,114,137,68400,82200,1,0.57229334,1
test,16,data_16.csv,onset_leak,16_115_138,24,115,138,69000,82800,1,0.56463724,1
test,16,data_16.csv,onset_leak,16_116_139,24,116,139,69600,83400,1,0.5848546,1
test,16,data_16.csv,onset_leak,16_117_140,24,117,140,70200,84000,1,0.60588694,1
test,16,data_16.csv,onset_leak,16_118_141,24,118,141,70800,84600,1,0.62164074,1
test,16,data_16.csv,onset_leak,16_119_142,24,119,142,71400,85200,1,0.62533104,1
test,16,data_16.csv,onset_leak,16_120_143,24,120,143,72000,85800,1,0.6166449,1
test,16,data_16.csv,onset_leak,16_121_144,24,121,144,72600,86400,1,0.6003587,1
test,19,data_19.csv,onset_leak,19_0_23,24,0,23,0,13800,0,0.19345132,1
test,19,data_19.csv,onset_leak,19_1_24,24,1,24,600,14400,0,0.19189996,1
test,19,data_19.csv,onset_leak,19_2_25,24,2,25,1200,15000,0,0.18948308,1
test,19,data_19.csv,onset_leak,19_3_26,24,3,26,1800,15600,0,0.18739018,1
test,19,data_19.csv,onset_leak,19_4_27,24,4,27,2400,16200,0,0.18518396,1
test,19,data_19.csv,onset_leak,19_5_28,24,5,28,3000,16800,0,0.18358542,1
test,19,data_19.csv,onset_leak,19_6_29,24,6,29,3600,17400,0,0.18243085,1
test,19,data_19.csv,onset_leak,19_7_30,24,7,30,4200,18000,0,0.18194802,1
test,19,data_19.csv,onset_leak,19_8_31,24,8,31,4800,18600,0,0.18026613,1
test,19,data_19.csv,onset_leak,19_9_32,24,9,32,5400,19200,0,0.17949632,1
test,19,data_19.csv,onset_leak,19_10_33,24,10,33,6000,19800,0,0.17854737,1
test,19,data_19.csv,onset_leak,19_11_34,24,11,34,6600,20400,0,0.17809331,1
test,19,data_19.csv,onset_leak,19_12_35,24,12,35,7200,21000,0,0.17774943,1
test,19,data_19.csv,onset_leak,19_13_36,24,13,36,7800,21600,0,0.17782739,1
test,19,data_19.csv,onset_leak,19_14_37,24,14,37,8400,22200,0,0.17615952,1
test,19,data_19.csv,onset_leak,19_15_38,24,15,38,9000,22800,0,0.17627276,1
test,19,data_19.csv,onset_leak,19_16_39,24,16,39,9600,23400,0,0.17600599,1
test,19,data_19.csv,onset_leak,19_17_40,24,17,40,10200,24000,0,0.17629081,1
test,19,data_19.csv,onset_leak,19_18_41,24,18,41,10800,24600,0,0.17644009,1
test,19,data_19.csv,onset_leak,19_19_42,24,19,42,11400,25200,0,0.1770738,1
test,19,data_19.csv,onset_leak,19_20_43,24,20,43,12000,25800,0,0.17523909,1
test,19,data_19.csv,onset_leak,19_21_44,24,21,44,12600,26400,0,0.1761698,1
test,19,data_19.csv,onset_leak,19_22_45,24,22,45,13200,27000,0,0.17694706,1
test,19,data_19.csv,onset_leak,19_23_46,24,23,46,13800,27600,0,0.17789078,1
test,19,data_19.csv,onset_leak,19_24_47,24,24,47,14400,28200,0,0.17855941,1
test,19,data_19.csv,onset_leak,19_25_48,24,25,48,15000,28800,0,0.18043956,1
test,19,data_19.csv,onset_leak,19_26_49,24,26,49,15600,29400,0,0.17945842,1
test,19,data_19.csv,onset_leak,19_27_50,24,27,50,16200,30000,0,0.18199044,1
test,19,data_19.csv,onset_leak,19_28_51,24,28,51,16800,30600,0,0.18469143,1
test,19,data_19.csv,onset_leak,19_29_52,24,29,52,17400,31200,0,0.18706924,1
test,19,data_19.csv,onset_leak,19_30_53,24,30,53,18000,31800,0,0.1888362,1
test,19,data_19.csv,onset_leak,19_31_54,24,31,54,18600,32400,0,0.19192918,1
test,19,data_19.csv,onset_leak,19_32_55,24,32,55,19200,33000,0,0.19095406,1
test,19,data_19.csv,onset_leak,19_33_56,24,33,56,19800,33600,0,0.19486879,1
test,19,data_19.csv,onset_leak,19_34_57,24,34,57,20400,34200,0,0.19950502,1
test,19,data_19.csv,onset_leak,19_35_58,24,35,58,21000,34800,0,0.20357794,1
test,19,data_19.csv,onset_leak,19_36_59,24,36,59,21600,35400,0,0.20630454,1
test,19,data_19.csv,onset_leak,19_37_60,24,37,60,22200,36000,0,0.21154675,1
test,19,data_19.csv,onset_leak,19_38_61,24,38,61,22800,36600,0,0.2097958,1
test,19,data_19.csv,onset_leak,19_39_62,24,39,62,23400,37200,0,0.21791372,1
test,19,data_19.csv,onset_leak,19_40_63,24,40,63,24000,37800,0,0.22436947,1
test,19,data_19.csv,onset_leak,19_41_64,24,41,64,24600,38400,0,0.22959022,1
test,19,data_19.csv,onset_leak,19_42_65,24,42,65,25200,39000,0,0.2376421,1
test,19,data_19.csv,onset_leak,19_43_66,24,43,66,25800,39600,0,0.2491351,1
test,19,data_19.csv,onset_leak,19_44_67,24,44,67,26400,40200,0,0.25261304,1
test,19,data_19.csv,onset_leak,19_45_68,24,45,68,27000,40800,0,0.26310414,1
test,19,data_19.csv,onset_leak,19_46_69,24,46,69,27600,41400,0,0.27496058,1
test,19,data_19.csv,onset_leak,19_47_70,24,47,70,28200,42000,0,0.2856887,1
test,19,data_19.csv,onset_leak,19_48_71,24,48,71,28800,42600,0,0.30492607,1
test,19,data_19.csv,onset_leak,19_49_72,24,49,72,29400,43200,1,0.3326135,1
test,19,data_19.csv,onset_leak,19_50_73,24,50,73,30000,43800,1,0.34345916,1
test,19,data_19.csv,onset_leak,19_51_74,24,51,74,30600,44400,1,0.36698663,1
test,19,data_19.csv,onset_leak,19_52_75,24,52,75,31200,45000,1,0.39163578,1
test,19,data_19.csv,onset_leak,19_53_76,24,53,76,31800,45600,1,0.427902,1
test,19,data_19.csv,onset_leak,19_54_77,24,54,77,32400,46200,1,0.4613549,1
test,19,data_19.csv,onset_leak,19_55_78,24,55,78,33000,46800,1,0.49781364,1
test,19,data_19.csv,onset_leak,19_56_79,24,56,79,33600,47400,1,0.51506263,1
test,19,data_19.csv,onset_leak,19_57_80,24,57,80,34200,48000,1,0.5499589,1
test,19,data_19.csv,onset_leak,19_58_81,24,58,81,34800,48600,1,0.5726075,1
test,19,data_19.csv,onset_leak,19_59_82,24,59,82,35400,49200,1,0.6016464,1
test,19,data_19.csv,onset_leak,19_60_83,24,60,83,36000,49800,1,0.61745864,1
test,19,data_19.csv,onset_leak,19_61_84,24,61,84,36600,50400,1,0.6248559,1
test,19,data_19.csv,onset_leak,19_62_85,24,62,85,37200,51000,1,0.62957555,1
test,19,data_19.csv,onset_leak,19_63_86,24,63,86,37800,51600,1,0.6365969,1
test,19,data_19.csv,onset_leak,19_64_87,24,64,87,38400,52200,1,0.63708025,1
test,19,data_19.csv,onset_leak,19_65_88,24,65,88,39000,52800,1,0.6498718,1
test,19,data_19.csv,onset_leak,19_66_89,24,66,89,39600,53400,1,0.6568842,1
test,19,data_19.csv,onset_leak,19_67_90,24,67,90,40200,54000,1,0.65104,1
test,19,data_19.csv,onset_leak,19_68_91,24,68,91,40800,54600,1,0.65158314,1
test,19,data_19.csv,onset_leak,19_69_92,24,69,92,41400,55200,1,0.657329,1
test,19,data_19.csv,onset_leak,19_70_93,24,70,93,42000,55800,1,0.65800965,1
test,19,data_19.csv,onset_leak,19_71_94,24,71,94,42600,56400,1,0.65899485,1
test,19,data_19.csv,onset_leak,19_72_95,24,72,95,43200,57000,1,0.6571325,1
test,19,data_19.csv,onset_leak,19_73_96,24,73,96,43800,57600,1,0.6457991,1
test,19,data_19.csv,onset_leak,19_74_97,24,74,97,44400,58200,1,0.6401222,1
test,19,data_19.csv,onset_leak,19_75_98,24,75,98,45000,58800,1,0.64583343,1
test,19,data_19.csv,onset_leak,19_76_99,24,76,99,45600,59400,1,0.64985764,1
test,19,data_19.csv,onset_leak,19_77_100,24,77,100,46200,60000,1,0.64810485,1
test,19,data_19.csv,onset_leak,19_78_101,24,78,101,46800,60600,1,0.6400602,1
test,19,data_19.csv,onset_leak,19_79_102,24,79,102,47400,61200,1,0.6355404,1
test,19,data_19.csv,onset_leak,19_80_103,24,80,103,48000,61800,1,0.6264495,1
test,19,data_19.csv,onset_leak,19_81_104,24,81,104,48600,62400,1,0.62974405,1
test,19,data_19.csv,onset_leak,19_82_105,24,82,105,49200,63000,1,0.63955235,1
test,19,data_19.csv,onset_leak,19_83_106,24,83,106,49800,63600,1,0.6396575,1
test,19,data_19.csv,onset_leak,19_84_107,24,84,107,50400,64200,1,0.63663906,1
test,19,data_19.csv,onset_leak,19_85_108,24,85,108,51000,64800,1,0.6319886,1
test,19,data_19.csv,onset_leak,19_86_109,24,86,109,51600,65400,1,0.62503666,1
test,19,data_19.csv,onset_leak,19_87_110,24,87,110,52200,66000,1,0.62151587,1
test,19,data_19.csv,onset_leak,19_88_111,24,88,111,52800,66600,1,0.6213116,1
test,19,data_19.csv,onset_leak,19_89_112,24,89,112,53400,67200,1,0.6183375,1
test,19,data_19.csv,onset_leak,19_90_113,24,90,113,54000,67800,1,0.6069018,1
test,19,data_19.csv,onset_leak,19_91_114,24,91,114,54600,68400,1,0.59657,1
test,19,data_19.csv,onset_leak,19_92_115,24,92,115,55200,69000,1,0.5886591,1
test,19,data_19.csv,onset_leak,19_93_116,24,93,116,55800,69600,1,0.5821597,1
test,19,data_19.csv,onset_leak,19_94_117,24,94,117,56400,70200,1,0.5727669,1
test,19,data_19.csv,onset_leak,19_95_118,24,95,118,57000,70800,1,0.5533205,1
test,19,data_19.csv,onset_leak,19_96_119,24,96,119,57600,71400,1,0.5344798,1
test,19,data_19.csv,onset_leak,19_97_120,24,97,120,58200,72000,1,0.52605015,1
test,19,data_19.csv,onset_leak,19_98_121,24,98,121,58800,72600,1,0.5263068,1
test,19,data_19.csv,onset_leak,19_99_122,24,99,122,59400,73200,1,0.5200603,1
test,19,data_19.csv,onset_leak,19_100_123,24,100,123,60000,73800,1,0.51562864,1
test,19,data_19.csv,onset_leak,19_101_124,24,101,124,60600,74400,1,0.5031038,1
test,19,data_19.csv,onset_leak,19_102_125,24,102,125,61200,75000,1,0.4899042,1
test,19,data_19.csv,onset_leak,19_103_126,24,103,126,61800,75600,1,0.48351264,1
test,19,data_19.csv,onset_leak,19_104_127,24,104,127,62400,76200,1,0.4881491,1
test,19,data_19.csv,onset_leak,19_105_128,24,105,128,63000,76800,1,0.48612922,1
test,19,data_19.csv,onset_leak,19_106_129,24,106,129,63600,77400,1,0.4833261,1
test,19,data_19.csv,onset_leak,19_107_130,24,107,130,64200,78000,1,0.47831738,1
test,19,data_19.csv,onset_leak,19_108_131,24,108,131,64800,78600,1,0.4690299,1
test,19,data_19.csv,onset_leak,19_109_132,24,109,132,65400,79200,1,0.45562974,1
test,19,data_19.csv,onset_leak,19_110_133,24,110,133,66000,79800,1,0.45171613,1
test,19,data_19.csv,onset_leak,19_111_134,24,111,134,66600,80400,1,0.4420418,1
test,19,data_19.csv,onset_leak,19_112_135,24,112,135,67200,81000,1,0.4325964,1
test,19,data_19.csv,onset_leak,19_113_136,24,113,136,67800,81600,1,0.41860026,1
test,19,data_19.csv,onset_leak,19_114_137,24,114,137,68400,82200,1,0.40298757,1
test,19,data_19.csv,onset_leak,19_115_138,24,115,138,69000,82800,1,0.39351326,1
test,19,data_19.csv,onset_leak,19_116_139,24,116,139,69600,83400,1,0.39056873,1
test,19,data_19.csv,onset_leak,19_117_140,24,117,140,70200,84000,1,0.379438,1
test,19,data_19.csv,onset_leak,19_118_141,24,118,141,70800,84600,1,0.37186152,1
test,19,data_19.csv,onset_leak,19_119_142,24,119,142,71400,85200,1,0.35934424,1
test,19,data_19.csv,onset_leak,19_120_143,24,120,143,72000,85800,1,0.34622288,1
test,19,data_19.csv,onset_leak,19_121_144,24,121,144,72600,86400,1,0.34157157,1
test,25,data_25.csv,persistent_leak,25_0_23,24,0,23,0,13800,1,0.14179698,1
test,25,data_25.csv,persistent_leak,25_1_24,24,1,24,600,14400,1,0.14308567,1
test,25,data_25.csv,persistent_leak,25_2_25,24,2,25,1200,15000,1,0.1428084,1
test,25,data_25.csv,persistent_leak,25_3_26,24,3,26,1800,15600,1,0.1445498,1
test,25,data_25.csv,persistent_leak,25_4_27,24,4,27,2400,16200,1,0.14632319,1
test,25,data_25.csv,persistent_leak,25_5_28,24,5,28,3000,16800,1,0.14782493,1
test,25,data_25.csv,persistent_leak,25_6_29,24,6,29,3600,17400,1,0.14904237,1
test,25,data_25.csv,persistent_leak,25_7_30,24,7,30,4200,18000,1,0.15088539,1
test,25,data_25.csv,persistent_leak,25_8_31,24,8,31,4800,18600,1,0.1509658,1
test,25,data_25.csv,persistent_leak,25_9_32,24,9,32,5400,19200,1,0.15345189,1
test,25,data_25.csv,persistent_leak,25_10_33,24,10,33,6000,19800,1,0.15599366,1
test,25,data_25.csv,persistent_leak,25_11_34,24,11,34,6600,20400,1,0.15814826,1
test,25,data_25.csv,persistent_leak,25_12_35,24,12,35,7200,21000,1,0.15986316,1
test,25,data_25.csv,persistent_leak,25_13_36,24,13,36,7800,21600,1,0.16215496,1
test,25,data_25.csv,persistent_leak,25_14_37,24,14,37,8400,22200,1,0.16231613,1
test,25,data_25.csv,persistent_leak,25_15_38,24,15,38,9000,22800,1,0.16541594,1
test,25,data_25.csv,persistent_leak,25_16_39,24,16,39,9600,23400,1,0.16848718,1
test,25,data_25.csv,persistent_leak,25_17_40,24,17,40,10200,24000,1,0.17138843,1
test,25,data_25.csv,persistent_leak,25_18_41,24,18,41,10800,24600,1,0.17343226,1
test,25,data_25.csv,persistent_leak,25_19_42,24,19,42,11400,25200,1,0.17602284,1
test,25,data_25.csv,persistent_leak,25_20_43,24,20,43,12000,25800,1,0.17580478,1
test,25,data_25.csv,persistent_leak,25_21_44,24,21,44,12600,26400,1,0.17960759,1
test,25,data_25.csv,persistent_leak,25_22_45,24,22,45,13200,27000,1,0.1832175,1
test,25,data_25.csv,persistent_leak,25_23_46,24,23,46,13800,27600,1,0.18671383,1
test,25,data_25.csv,persistent_leak,25_24_47,24,24,47,14400,28200,1,0.18909658,1
test,25,data_25.csv,persistent_leak,25_25_48,24,25,48,15000,28800,1,0.19237596,1
test,25,data_25.csv,persistent_leak,25_26_49,24,26,49,15600,29400,1,0.19111843,1
test,25,data_25.csv,persistent_leak,25_27_50,24,27,50,16200,30000,1,0.19672595,1
test,25,data_25.csv,persistent_leak,25_28_51,24,28,51,16800,30600,1,0.20191056,1
test,25,data_25.csv,persistent_leak,25_29_52,24,29,52,17400,31200,1,0.20586514,1
test,25,data_25.csv,persistent_leak,25_30_53,24,30,53,18000,31800,1,0.20940737,1
test,25,data_25.csv,persistent_leak,25_31_54,24,31,54,18600,32400,1,0.21585149,1
test,25,data_25.csv,persistent_leak,25_32_55,24,32,55,19200,33000,1,0.21593188,1
test,25,data_25.csv,persistent_leak,25_33_56,24,33,56,19800,33600,1,0.22413725,1
test,25,data_25.csv,persistent_leak,25_34_57,24,34,57,20400,34200,1,0.23278855,1
test,25,data_25.csv,persistent_leak,25_35_58,24,35,58,21000,34800,1,0.23955405,1
test,25,data_25.csv,persistent_leak,25_36_59,24,36,59,21600,35400,1,0.24926521,1
test,25,data_25.csv,persistent_leak,25_37_60,24,37,60,22200,36000,1,0.26521826,1
test,25,data_25.csv,persistent_leak,25_38_61,24,38,61,22800,36600,1,0.2725482,1
test,25,data_25.csv,persistent_leak,25_39_62,24,39,62,23400,37200,1,0.28607386,1
test,25,data_25.csv,persistent_leak,25_40_63,24,40,63,24000,37800,1,0.30413076,1
test,25,data_25.csv,persistent_leak,25_41_64,24,41,64,24600,38400,1,0.3281475,1
test,25,data_25.csv,persistent_leak,25_42_65,24,42,65,25200,39000,1,0.35835633,1
test,25,data_25.csv,persistent_leak,25_43_66,24,43,66,25800,39600,1,0.40633708,1
test,25,data_25.csv,persistent_leak,25_44_67,24,44,67,26400,40200,1,0.432726,1
test,25,data_25.csv,persistent_leak,25_45_68,24,45,68,27000,40800,1,0.47853127,1
test,25,data_25.csv,persistent_leak,25_46_69,24,46,69,27600,41400,1,0.5180455,1
test,25,data_25.csv,persistent_leak,25_47_70,24,47,70,28200,42000,1,0.5855588,1
test,25,data_25.csv,persistent_leak,25_48_71,24,48,71,28800,42600,1,0.62987006,1
test,25,data_25.csv,persistent_leak,25_49_72,24,49,72,29400,43200,1,0.6695845,1
test,25,data_25.csv,persistent_leak,25_50_73,24,50,73,30000,43800,1,0.68875647,1
test,25,data_25.csv,persistent_leak,25_51_74,24,51,74,30600,44400,1,0.7105084,1
test,25,data_25.csv,persistent_leak,25_52_75,24,52,75,31200,45000,1,0.7154856,1
test,25,data_25.csv,persistent_leak,25_53_76,24,53,76,31800,45600,1,0.7392386,1
test,25,data_25.csv,persistent_leak,25_54_77,24,54,77,32400,46200,1,0.75731456,1
test,25,data_25.csv,persistent_leak,25_55_78,24,55,78,33000,46800,1,0.7691841,1
test,25,data_25.csv,persistent_leak,25_56_79,24,56,79,33600,47400,1,0.7793491,1
test,25,data_25.csv,persistent_leak,25_57_80,24,57,80,34200,48000,1,0.78995365,1
test,25,data_25.csv,persistent_leak,25_58_81,24,58,81,34800,48600,1,0.7888,1
test,25,data_25.csv,persistent_leak,25_59_82,24,59,82,35400,49200,1,0.8045909,1
test,25,data_25.csv,persistent_leak,25_60_83,24,60,83,36000,49800,1,0.816018,1
test,25,data_25.csv,persistent_leak,25_61_84,24,61,84,36600,50400,1,0.8212857,1
test,25,data_25.csv,persistent_leak,25_62_85,24,62,85,37200,51000,1,0.82554007,1
test,25,data_25.csv,persistent_leak,25_63_86,24,63,86,37800,51600,1,0.8309168,1
test,25,data_25.csv,persistent_leak,25_64_87,24,64,87,38400,52200,1,0.83092564,1
test,25,data_25.csv,persistent_leak,25_65_88,24,65,88,39000,52800,1,0.8390672,1
test,25,data_25.csv,persistent_leak,25_66_89,24,66,89,39600,53400,1,0.84432554,1
test,25,data_25.csv,persistent_leak,25_67_90,24,67,90,40200,54000,1,0.8381783,1
test,25,data_25.csv,persistent_leak,25_68_91,24,68,91,40800,54600,1,0.83684653,1
test,25,data_25.csv,persistent_leak,25_69_92,24,69,92,41400,55200,1,0.84142876,1
test,25,data_25.csv,persistent_leak,25_70_93,24,70,93,42000,55800,1,0.84173256,1
test,25,data_25.csv,persistent_leak,25_71_94,24,71,94,42600,56400,1,0.8413576,1
test,25,data_25.csv,persistent_leak,25_72_95,24,72,95,43200,57000,1,0.83779234,1
test,25,data_25.csv,persistent_leak,25_73_96,24,73,96,43800,57600,1,0.8209357,1
test,25,data_25.csv,persistent_leak,25_74_97,24,74,97,44400,58200,1,0.8123183,1
test,25,data_25.csv,persistent_leak,25_75_98,24,75,98,45000,58800,1,0.8189502,1
test,25,data_25.csv,persistent_leak,25_76_99,24,76,99,45600,59400,1,0.81994814,1
test,25,data_25.csv,persistent_leak,25_77_100,24,77,100,46200,60000,1,0.81104314,1
test,25,data_25.csv,persistent_leak,25_78_101,24,78,101,46800,60600,1,0.79503566,1
test,25,data_25.csv,persistent_leak,25_79_102,24,79,102,47400,61200,1,0.7786139,1
test,25,data_25.csv,persistent_leak,25_80_103,24,80,103,48000,61800,1,0.7606357,1
test,25,data_25.csv,persistent_leak,25_81_104,24,81,104,48600,62400,1,0.75888455,1
test,25,data_25.csv,persistent_leak,25_82_105,24,82,105,49200,63000,1,0.76258427,1
test,25,data_25.csv,persistent_leak,25_83_106,24,83,106,49800,63600,1,0.75554895,1
test,25,data_25.csv,persistent_leak,25_84_107,24,84,107,50400,64200,1,0.7393485,1
test,25,data_25.csv,persistent_leak,25_85_108,24,85,108,51000,64800,1,0.7362537,1
test,25,data_25.csv,persistent_leak,25_86_109,24,86,109,51600,65400,1,0.71703553,1
test,25,data_25.csv,persistent_leak,25_87_110,24,87,110,52200,66000,1,0.6950819,1
test,25,data_25.csv,persistent_leak,25_88_111,24,88,111,52800,66600,1,0.69359565,1
test,25,data_25.csv,persistent_leak,25_89_112,24,89,112,53400,67200,1,0.6794455,1
test,25,data_25.csv,persistent_leak,25_90_113,24,90,113,54000,67800,1,0.6729475,1
test,25,data_25.csv,persistent_leak,25_91_114,24,91,114,54600,68400,1,0.6673776,1
test,25,data_25.csv,persistent_leak,25_92_115,24,92,115,55200,69000,1,0.6521255,1
test,25,data_25.csv,persistent_leak,25_93_116,24,93,116,55800,69600,1,0.6213816,1
test,25,data_25.csv,persistent_leak,25_94_117,24,94,117,56400,70200,1,0.6122264,1
test,25,data_25.csv,persistent_leak,25_95_118,24,95,118,57000,70800,1,0.5891806,1
test,25,data_25.csv,persistent_leak,25_96_119,24,96,119,57600,71400,1,0.58616805,1
test,25,data_25.csv,persistent_leak,25_97_120,24,97,120,58200,72000,1,0.5936733,1
test,25,data_25.csv,persistent_leak,25_98_121,24,98,121,58800,72600,1,0.60556906,1
test,25,data_25.csv,persistent_leak,25_99_122,24,99,122,59400,73200,1,0.6097577,1
test,25,data_25.csv,persistent_leak,25_100_123,24,100,123,60000,73800,1,0.6101513,1
test,25,data_25.csv,persistent_leak,25_101_124,24,101,124,60600,74400,1,0.62231314,1
test,25,data_25.csv,persistent_leak,25_102_125,24,102,125,61200,75000,1,0.6425412,1
test,25,data_25.csv,persistent_leak,25_103_126,24,103,126,61800,75600,1,0.64533037,1
test,25,data_25.csv,persistent_leak,25_104_127,24,104,127,62400,76200,1,0.65321755,1
test,25,data_25.csv,persistent_leak,25_105_128,24,105,128,63000,76800,1,0.6657035,1
test,25,data_25.csv,persistent_leak,25_106_129,24,106,129,63600,77400,1,0.6646571,1
test,25,data_25.csv,persistent_leak,25_107_130,24,107,130,64200,78000,1,0.674525,1
test,25,data_25.csv,persistent_leak,25_108_131,24,108,131,64800,78600,1,0.68351096,1
test,25,data_25.csv,persistent_leak,25_109_132,24,109,132,65400,79200,1,0.6671662,1
test,25,data_25.csv,persistent_leak,25_110_133,24,110,133,66000,79800,1,0.6570792,1
test,25,data_25.csv,persistent_leak,25_111_134,24,111,134,66600,80400,1,0.6716909,1
test,25,data_25.csv,persistent_leak,25_112_135,24,112,135,67200,81000,1,0.67890316,1
test,25,data_25.csv,persistent_leak,25_113_136,24,113,136,67800,81600,1,0.6831269,1
test,25,data_25.csv,persistent_leak,25_114_137,24,114,137,68400,82200,1,0.6755763,1
test,25,data_25.csv,persistent_leak,25_115_138,24,115,138,69000,82800,1,0.6634548,1
test,25,data_25.csv,persistent_leak,25_116_139,24,116,139,69600,83400,1,0.6609408,1
test,25,data_25.csv,persistent_leak,25_117_140,24,117,140,70200,84000,1,0.6867468,1
test,25,data_25.csv,persistent_leak,25_118_141,24,118,141,70800,84600,1,0.7183173,1
test,25,data_25.csv,persistent_leak,25_119_142,24,119,142,71400,85200,1,0.7340262,1
test,25,data_25.csv,persistent_leak,25_120_143,24,120,143,72000,85800,1,0.7290297,1
test,25,data_25.csv,persistent_leak,25_121_144,24,121,144,72600,86400,1,0.72753644,1
test,34,data_34.csv,persistent_leak,34_0_23,24,0,23,0,13800,1,0.19272327,1
test,34,data_34.csv,persistent_leak,34_1_24,24,1,24,600,14400,1,0.19160847,1
test,34,data_34.csv,persistent_leak,34_2_25,24,2,25,1200,15000,1,0.19068359,1
test,34,data_34.csv,persistent_leak,34_3_26,24,3,26,1800,15600,1,0.18918075,1
test,34,data_34.csv,persistent_leak,34_4_27,24,4,27,2400,16200,1,0.18753158,1
test,34,data_34.csv,persistent_leak,34_5_28,24,5,28,3000,16800,1,0.1863747,1
test,34,data_34.csv,persistent_leak,34_6_29,24,6,29,3600,17400,1,0.18545249,1
test,34,data_34.csv,persistent_leak,34_7_30,24,7,30,4200,18000,1,0.18417567,1
test,34,data_34.csv,persistent_leak,34_8_31,24,8,31,4800,18600,1,0.1811531,1
test,34,data_34.csv,persistent_leak,34_9_32,24,9,32,5400,19200,1,0.17876413,1
test,34,data_34.csv,persistent_leak,34_10_33,24,10,33,6000,19800,1,0.17525528,1
test,34,data_34.csv,persistent_leak,34_11_34,24,11,34,6600,20400,1,0.17423071,1
test,34,data_34.csv,persistent_leak,34_12_35,24,12,35,7200,21000,1,0.17298959,1
test,34,data_34.csv,persistent_leak,34_13_36,24,13,36,7800,21600,1,0.1709036,1
test,34,data_34.csv,persistent_leak,34_14_37,24,14,37,8400,22200,1,0.16563812,1
test,34,data_34.csv,persistent_leak,34_15_38,24,15,38,9000,22800,1,0.16413687,1
test,34,data_34.csv,persistent_leak,34_16_39,24,16,39,9600,23400,1,0.16161476,1
test,34,data_34.csv,persistent_leak,34_17_40,24,17,40,10200,24000,1,0.16068453,1
test,34,data_34.csv,persistent_leak,34_18_41,24,18,41,10800,24600,1,0.1593442,1
test,34,data_34.csv,persistent_leak,34_19_42,24,19,42,11400,25200,1,0.15955159,1
test,34,data_34.csv,persistent_leak,34_20_43,24,20,43,12000,25800,1,0.15495214,1
test,34,data_34.csv,persistent_leak,34_21_44,24,21,44,12600,26400,1,0.15491472,1
test,34,data_34.csv,persistent_leak,34_22_45,24,22,45,13200,27000,1,0.15680975,1
test,34,data_34.csv,persistent_leak,34_23_46,24,23,46,13800,27600,1,0.15737386,1
test,34,data_34.csv,persistent_leak,34_24_47,24,24,47,14400,28200,1,0.15881059,1
test,34,data_34.csv,persistent_leak,34_25_48,24,25,48,15000,28800,1,0.16252278,1
test,34,data_34.csv,persistent_leak,34_26_49,24,26,49,15600,29400,1,0.16443507,1
test,34,data_34.csv,persistent_leak,34_27_50,24,27,50,16200,30000,1,0.17247471,1
test,34,data_34.csv,persistent_leak,34_28_51,24,28,51,16800,30600,1,0.18126057,1
test,34,data_34.csv,persistent_leak,34_29_52,24,29,52,17400,31200,1,0.18753648,1
test,34,data_34.csv,persistent_leak,34_30_53,24,30,53,18000,31800,1,0.19347034,1
test,34,data_34.csv,persistent_leak,34_31_54,24,31,54,18600,32400,1,0.19882181,1
test,34,data_34.csv,persistent_leak,34_32_55,24,32,55,19200,33000,1,0.20068766,1
test,34,data_34.csv,persistent_leak,34_33_56,24,33,56,19800,33600,1,0.20948552,1
test,34,data_34.csv,persistent_leak,34_34_57,24,34,57,20400,34200,1,0.21828812,1
test,34,data_34.csv,persistent_leak,34_35_58,24,35,58,21000,34800,1,0.2245565,1
test,34,data_34.csv,persistent_leak,34_36_59,24,36,59,21600,35400,1,0.23065929,1
test,34,data_34.csv,persistent_leak,34_37_60,24,37,60,22200,36000,1,0.23779917,1
test,34,data_34.csv,persistent_leak,34_38_61,24,38,61,22800,36600,1,0.24037564,1
test,34,data_34.csv,persistent_leak,34_39_62,24,39,62,23400,37200,1,0.2504878,1
test,34,data_34.csv,persistent_leak,34_40_63,24,40,63,24000,37800,1,0.26031494,1
test,34,data_34.csv,persistent_leak,34_41_64,24,41,64,24600,38400,1,0.26811525,1
test,34,data_34.csv,persistent_leak,34_42_65,24,42,65,25200,39000,1,0.27815983,1
test,34,data_34.csv,persistent_leak,34_43_66,24,43,66,25800,39600,1,0.29632354,1
test,34,data_34.csv,persistent_leak,34_44_67,24,44,67,26400,40200,1,0.30413425,1
test,34,data_34.csv,persistent_leak,34_45_68,24,45,68,27000,40800,1,0.31835142,1
test,34,data_34.csv,persistent_leak,34_46_69,24,46,69,27600,41400,1,0.33505547,1
test,34,data_34.csv,persistent_leak,34_47_70,24,47,70,28200,42000,1,0.36626956,1
test,34,data_34.csv,persistent_leak,34_48_71,24,48,71,28800,42600,1,0.40389442,1
test,34,data_34.csv,persistent_leak,34_49_72,24,49,72,29400,43200,1,0.45383382,1
test,34,data_34.csv,persistent_leak,34_50_73,24,50,73,30000,43800,1,0.4832652,1
test,34,data_34.csv,persistent_leak,34_51_74,24,51,74,30600,44400,1,0.5278131,1
test,34,data_34.csv,persistent_leak,34_52_75,24,52,75,31200,45000,1,0.56211543,1
test,34,data_34.csv,persistent_leak,34_53_76,24,53,76,31800,45600,1,0.62091225,1
test,34,data_34.csv,persistent_leak,34_54_77,24,54,77,32400,46200,1,0.65510213,1
test,34,data_34.csv,persistent_leak,34_55_78,24,55,78,33000,46800,1,0.6647425,1
test,34,data_34.csv,persistent_leak,34_56_79,24,56,79,33600,47400,1,0.6677774,1
test,34,data_34.csv,persistent_leak,34_57_80,24,57,80,34200,48000,1,0.68509805,1
test,34,data_34.csv,persistent_leak,34_58_81,24,58,81,34800,48600,1,0.6841019,1
test,34,data_34.csv,persistent_leak,34_59_82,24,59,82,35400,49200,1,0.6965997,1
test,34,data_34.csv,persistent_leak,34_60_83,24,60,83,36000,49800,1,0.70507246,1
test,34,data_34.csv,persistent_leak,34_61_84,24,61,84,36600,50400,1,0.69658864,1
test,34,data_34.csv,persistent_leak,34_62_85,24,62,85,37200,51000,1,0.68814814,1
test,34,data_34.csv,persistent_leak,34_63_86,24,63,86,37800,51600,1,0.6966432,1
test,34,data_34.csv,persistent_leak,34_64_87,24,64,87,38400,52200,1,0.6957612,1
test,34,data_34.csv,persistent_leak,34_65_88,24,65,88,39000,52800,1,0.7074992,1
test,34,data_34.csv,persistent_leak,34_66_89,24,66,89,39600,53400,1,0.7035915,1
test,34,data_34.csv,persistent_leak,34_67_90,24,67,90,40200,54000,1,0.6978006,1
test,34,data_34.csv,persistent_leak,34_68_91,24,68,91,40800,54600,1,0.6871283,1
test,34,data_34.csv,persistent_leak,34_69_92,24,69,92,41400,55200,1,0.6806482,1
test,34,data_34.csv,persistent_leak,34_70_93,24,70,93,42000,55800,1,0.68292207,1
test,34,data_34.csv,persistent_leak,34_71_94,24,71,94,42600,56400,1,0.67887044,1
test,34,data_34.csv,persistent_leak,34_72_95,24,72,95,43200,57000,1,0.67310005,1
test,34,data_34.csv,persistent_leak,34_73_96,24,73,96,43800,57600,1,0.6695266,1
test,34,data_34.csv,persistent_leak,34_74_97,24,74,97,44400,58200,1,0.65980256,1
test,34,data_34.csv,persistent_leak,34_75_98,24,75,98,45000,58800,1,0.6426987,1
test,34,data_34.csv,persistent_leak,34_76_99,24,76,99,45600,59400,1,0.6409865,1
test,34,data_34.csv,persistent_leak,34_77_100,24,77,100,46200,60000,1,0.6240555,1
test,34,data_34.csv,persistent_leak,34_78_101,24,78,101,46800,60600,1,0.6136317,1
test,34,data_34.csv,persistent_leak,34_79_102,24,79,102,47400,61200,1,0.62139374,1
test,34,data_34.csv,persistent_leak,34_80_103,24,80,103,48000,61800,1,0.62508786,1
test,34,data_34.csv,persistent_leak,34_81_104,24,81,104,48600,62400,1,0.618019,1
test,34,data_34.csv,persistent_leak,34_82_105,24,82,105,49200,63000,1,0.6171935,1
test,34,data_34.csv,persistent_leak,34_83_106,24,83,106,49800,63600,1,0.6186348,1
test,34,data_34.csv,persistent_leak,34_84_107,24,84,107,50400,64200,1,0.63136196,1
test,34,data_34.csv,persistent_leak,34_85_108,24,85,108,51000,64800,1,0.64581484,1
test,34,data_34.csv,persistent_leak,34_86_109,24,86,109,51600,65400,1,0.65827656,1
test,34,data_34.csv,persistent_leak,34_87_110,24,87,110,52200,66000,1,0.6643847,1
test,34,data_34.csv,persistent_leak,34_88_111,24,88,111,52800,66600,1,0.66596496,1
test,34,data_34.csv,persistent_leak,34_89_112,24,89,112,53400,67200,1,0.6813913,1
test,34,data_34.csv,persistent_leak,34_90_113,24,90,113,54000,67800,1,0.6956905,1
test,34,data_34.csv,persistent_leak,34_91_114,24,91,114,54600,68400,1,0.6952295,1
test,34,data_34.csv,persistent_leak,34_92_115,24,92,115,55200,69000,1,0.7010463,1
test,34,data_34.csv,persistent_leak,34_93_116,24,93,116,55800,69600,1,0.7120612,1
test,34,data_34.csv,persistent_leak,34_94_117,24,94,117,56400,70200,1,0.7108384,1
test,34,data_34.csv,persistent_leak,34_95_118,24,95,118,57000,70800,1,0.71602297,1
test,34,data_34.csv,persistent_leak,34_96_119,24,96,119,57600,71400,1,0.72127944,1
test,34,data_34.csv,persistent_leak,34_97_120,24,97,120,58200,72000,1,0.70028937,1
test,34,data_34.csv,persistent_leak,34_98_121,24,98,121,58800,72600,1,0.6909399,1
test,34,data_34.csv,persistent_leak,34_99_122,24,99,122,59400,73200,1,0.7053379,1
test,34,data_34.csv,persistent_leak,34_100_123,24,100,123,60000,73800,1,0.7129418,1
test,34,data_34.csv,persistent_leak,34_101_124,24,101,124,60600,74400,1,0.709081,1
test,34,data_34.csv,persistent_leak,34_102_125,24,102,125,61200,75000,1,0.6980725,1
test,34,data_34.csv,persistent_leak,34_103_126,24,103,126,61800,75600,1,0.6829872,1
test,34,data_34.csv,persistent_leak,34_104_127,24,104,127,62400,76200,1,0.6745739,1
test,34,data_34.csv,persistent_leak,34_105_128,24,105,128,63000,76800,1,0.6971846,1
test,34,data_34.csv,persistent_leak,34_106_129,24,106,129,63600,77400,1,0.7248196,1
test,34,data_34.csv,persistent_leak,34_107_130,24,107,130,64200,78000,1,0.73796177,1
test,34,data_34.csv,persistent_leak,34_108_131,24,108,131,64800,78600,1,0.73198664,1
test,34,data_34.csv,persistent_leak,34_109_132,24,109,132,65400,79200,1,0.73050714,1
test,34,data_34.csv,persistent_leak,34_110_133,24,110,133,66000,79800,1,0.7209678,1
test,34,data_34.csv,persistent_leak,34_111_134,24,111,134,66600,80400,1,0.7266347,1
test,34,data_34.csv,persistent_leak,34_112_135,24,112,135,67200,81000,1,0.7294008,1
test,34,data_34.csv,persistent_leak,34_113_136,24,113,136,67800,81600,1,0.73702747,1
test,34,data_34.csv,persistent_leak,34_114_137,24,114,137,68400,82200,1,0.728815,1
test,34,data_34.csv,persistent_leak,34_115_138,24,115,138,69000,82800,1,0.716615,1
test,34,data_34.csv,persistent_leak,34_116_139,24,116,139,69600,83400,1,0.69280547,1
test,34,data_34.csv,persistent_leak,34_117_140,24,117,140,70200,84000,1,0.6636434,1
test,34,data_34.csv,persistent_leak,34_118_141,24,118,141,70800,84600,1,0.619601,1
test,34,data_34.csv,persistent_leak,34_119_142,24,119,142,71400,85200,1,0.571128,1
test,34,data_34.csv,persistent_leak,34_120_143,24,120,143,72000,85800,1,0.5177409,1
test,34,data_34.csv,persistent_leak,34_121_144,24,121,144,72600,86400,1,0.47856572,1
test,41,data_41.csv,persistent_leak,41_0_23,24,0,23,0,13800,1,0.60171443,1
test,41,data_41.csv,persistent_leak,41_1_24,24,1,24,600,14400,1,0.6012256,1
test,41,data_41.csv,persistent_leak,41_2_25,24,2,25,1200,15000,1,0.5954473,1
test,41,data_41.csv,persistent_leak,41_3_26,24,3,26,1800,15600,1,0.5791329,1
test,41,data_41.csv,persistent_leak,41_4_27,24,4,27,2400,16200,1,0.5701928,1
test,41,data_41.csv,persistent_leak,41_5_28,24,5,28,3000,16800,1,0.55514616,1
test,41,data_41.csv,persistent_leak,41_6_29,24,6,29,3600,17400,1,0.5492595,1
test,41,data_41.csv,persistent_leak,41_7_30,24,7,30,4200,18000,1,0.55621207,1
test,41,data_41.csv,persistent_leak,41_8_31,24,8,31,4800,18600,1,0.5532935,1
test,41,data_41.csv,persistent_leak,41_9_32,24,9,32,5400,19200,1,0.55465096,1
test,41,data_41.csv,persistent_leak,41_10_33,24,10,33,6000,19800,1,0.5552104,1
test,41,data_41.csv,persistent_leak,41_11_34,24,11,34,6600,20400,1,0.56759495,1
test,41,data_41.csv,persistent_leak,41_12_35,24,12,35,7200,21000,1,0.5836734,1
test,41,data_41.csv,persistent_leak,41_13_36,24,13,36,7800,21600,1,0.60067654,1
test,41,data_41.csv,persistent_leak,41_14_37,24,14,37,8400,22200,1,0.611493,1
test,41,data_41.csv,persistent_leak,41_15_38,24,15,38,9000,22800,1,0.61929655,1
test,41,data_41.csv,persistent_leak,41_16_39,24,16,39,9600,23400,1,0.6202157,1
test,41,data_41.csv,persistent_leak,41_17_40,24,17,40,10200,24000,1,0.63348156,1
test,41,data_41.csv,persistent_leak,41_18_41,24,18,41,10800,24600,1,0.64885676,1
test,41,data_41.csv,persistent_leak,41_19_42,24,19,42,11400,25200,1,0.67497283,1
test,41,data_41.csv,persistent_leak,41_20_43,24,20,43,12000,25800,1,0.6920411,1
test,41,data_41.csv,persistent_leak,41_21_44,24,21,44,12600,26400,1,0.7012391,1
test,41,data_41.csv,persistent_leak,41_22_45,24,22,45,13200,27000,1,0.703062,1
test,41,data_41.csv,persistent_leak,41_23_46,24,23,46,13800,27600,1,0.7249365,1
test,41,data_41.csv,persistent_leak,41_24_47,24,24,47,14400,28200,1,0.74388677,1
test,41,data_41.csv,persistent_leak,41_25_48,24,25,48,15000,28800,1,0.7664424,1
test,41,data_41.csv,persistent_leak,41_26_49,24,26,49,15600,29400,1,0.7852362,1
test,41,data_41.csv,persistent_leak,41_27_50,24,27,50,16200,30000,1,0.7930703,1
test,41,data_41.csv,persistent_leak,41_28_51,24,28,51,16800,30600,1,0.79547435,1
test,41,data_41.csv,persistent_leak,41_29_52,24,29,52,17400,31200,1,0.81586254,1
test,41,data_41.csv,persistent_leak,41_30_53,24,30,53,18000,31800,1,0.83131987,1
test,41,data_41.csv,persistent_leak,41_31_54,24,31,54,18600,32400,1,0.84263617,1
test,41,data_41.csv,persistent_leak,41_32_55,24,32,55,19200,33000,1,0.8547735,1
test,41,data_41.csv,persistent_leak,41_33_56,24,33,56,19800,33600,1,0.86189955,1
test,41,data_41.csv,persistent_leak,41_34_57,24,34,57,20400,34200,1,0.8626608,1
test,41,data_41.csv,persistent_leak,41_35_58,24,35,58,21000,34800,1,0.87406516,1
test,41,data_41.csv,persistent_leak,41_36_59,24,36,59,21600,35400,1,0.8841129,1
test,41,data_41.csv,persistent_leak,41_37_60,24,37,60,22200,36000,1,0.89561886,1
test,41,data_41.csv,persistent_leak,41_38_61,24,38,61,22800,36600,1,0.9024898,1
test,41,data_41.csv,persistent_leak,41_39_62,24,39,62,23400,37200,1,0.9075234,1
test,41,data_41.csv,persistent_leak,41_40_63,24,40,63,24000,37800,1,0.9076268,1
test,41,data_41.csv,persistent_leak,41_41_64,24,41,64,24600,38400,1,0.91714317,1
test,41,data_41.csv,persistent_leak,41_42_65,24,42,65,25200,39000,1,0.9254653,1
test,41,data_41.csv,persistent_leak,41_43_66,24,43,66,25800,39600,1,0.93527365,1
test,41,data_41.csv,persistent_leak,41_44_67,24,44,67,26400,40200,1,0.9414543,1
test,41,data_41.csv,persistent_leak,41_45_68,24,45,68,27000,40800,1,0.9441113,1
test,41,data_41.csv,persistent_leak,41_46_69,24,46,69,27600,41400,1,0.94491416,1
test,41,data_41.csv,persistent_leak,41_47_70,24,47,70,28200,42000,1,0.9526787,1
test,41,data_41.csv,persistent_leak,41_48_71,24,48,71,28800,42600,1,0.9587891,1
test,41,data_41.csv,persistent_leak,41_49_72,24,49,72,29400,43200,1,0.96190673,1
test,41,data_41.csv,persistent_leak,41_50_73,24,50,73,30000,43800,1,0.96542835,1
test,41,data_41.csv,persistent_leak,41_51_74,24,51,74,30600,44400,1,0.96765536,1
test,41,data_41.csv,persistent_leak,41_52_75,24,52,75,31200,45000,1,0.9677624,1
test,41,data_41.csv,persistent_leak,41_53_76,24,53,76,31800,45600,1,0.97090596,1
test,41,data_41.csv,persistent_leak,41_54_77,24,54,77,32400,46200,1,0.97380745,1
test,41,data_41.csv,persistent_leak,41_55_78,24,55,78,33000,46800,1,0.9733243,1
test,41,data_41.csv,persistent_leak,41_56_79,24,56,79,33600,47400,1,0.9737114,1
test,41,data_41.csv,persistent_leak,41_57_80,24,57,80,34200,48000,1,0.97572756,1
test,41,data_41.csv,persistent_leak,41_58_81,24,58,81,34800,48600,1,0.97529477,1
test,41,data_41.csv,persistent_leak,41_59_82,24,59,82,35400,49200,1,0.97607315,1
test,41,data_41.csv,persistent_leak,41_60_83,24,60,83,36000,49800,1,0.97638613,1
test,41,data_41.csv,persistent_leak,41_61_84,24,61,84,36600,50400,1,0.9732483,1
test,41,data_41.csv,persistent_leak,41_62_85,24,62,85,37200,51000,1,0.9709146,1
test,41,data_41.csv,persistent_leak,41_63_86,24,63,86,37800,51600,1,0.9721796,1
test,41,data_41.csv,persistent_leak,41_64_87,24,64,87,38400,52200,1,0.9718317,1
test,41,data_41.csv,persistent_leak,41_65_88,24,65,88,39000,52800,1,0.9711774,1
test,41,data_41.csv,persistent_leak,41_66_89,24,66,89,39600,53400,1,0.9675262,1
test,41,data_41.csv,persistent_leak,41_67_90,24,67,90,40200,54000,1,0.96328515,1
test,41,data_41.csv,persistent_leak,41_68_91,24,68,91,40800,54600,1,0.9586818,1
test,41,data_41.csv,persistent_leak,41_69_92,24,69,92,41400,55200,1,0.95742875,1
test,41,data_41.csv,persistent_leak,41_70_93,24,70,93,42000,55800,1,0.95691013,1
test,41,data_41.csv,persistent_leak,41_71_94,24,71,94,42600,56400,1,0.9533999,1
test,41,data_41.csv,persistent_leak,41_72_95,24,72,95,43200,57000,1,0.9460935,1
test,41,data_41.csv,persistent_leak,41_73_96,24,73,96,43800,57600,1,0.94324386,1
test,41,data_41.csv,persistent_leak,41_74_97,24,74,97,44400,58200,1,0.93686265,1
test,41,data_41.csv,persistent_leak,41_75_98,24,75,98,45000,58800,1,0.928551,1
test,41,data_41.csv,persistent_leak,41_76_99,24,76,99,45600,59400,1,0.9280764,1
test,41,data_41.csv,persistent_leak,41_77_100,24,77,100,46200,60000,1,0.92084724,1
test,41,data_41.csv,persistent_leak,41_78_101,24,78,101,46800,60600,1,0.914315,1
test,41,data_41.csv,persistent_leak,41_79_102,24,79,102,47400,61200,1,0.91443354,1
test,41,data_41.csv,persistent_leak,41_80_103,24,80,103,48000,61800,1,0.91122967,1
test,41,data_41.csv,persistent_leak,41_81_104,24,81,104,48600,62400,1,0.90357363,1
test,41,data_41.csv,persistent_leak,41_82_105,24,82,105,49200,63000,1,0.9052294,1
test,41,data_41.csv,persistent_leak,41_83_106,24,83,106,49800,63600,1,0.90020096,1
test,41,data_41.csv,persistent_leak,41_84_107,24,84,107,50400,64200,1,0.9000374,1
test,41,data_41.csv,persistent_leak,41_85_108,24,85,108,51000,64800,1,0.9099725,1
test,41,data_41.csv,persistent_leak,41_86_109,24,86,109,51600,65400,1,0.9160789,1
test,41,data_41.csv,persistent_leak,41_87_110,24,87,110,52200,66000,1,0.91630775,1
test,41,data_41.csv,persistent_leak,41_88_111,24,88,111,52800,66600,1,0.9167352,1
test,41,data_41.csv,persistent_leak,41_89_112,24,89,112,53400,67200,1,0.9206992,1
test,41,data_41.csv,persistent_leak,41_90_113,24,90,113,54000,67800,1,0.9284931,1
test,41,data_41.csv,persistent_leak,41_91_114,24,91,114,54600,68400,1,0.9301953,1
test,41,data_41.csv,persistent_leak,41_92_115,24,92,115,55200,69000,1,0.9337778,1
test,41,data_41.csv,persistent_leak,41_93_116,24,93,116,55800,69600,1,0.93796015,1
test,41,data_41.csv,persistent_leak,41_94_117,24,94,117,56400,70200,1,0.9380154,1
test,41,data_41.csv,persistent_leak,41_95_118,24,95,118,57000,70800,1,0.94219935,1
test,41,data_41.csv,persistent_leak,41_96_119,24,96,119,57600,71400,1,0.94483906,1
test,41,data_41.csv,persistent_leak,41_97_120,24,97,120,58200,72000,1,0.94299424,1
test,41,data_41.csv,persistent_leak,41_98_121,24,98,121,58800,72600,1,0.94204795,1
test,41,data_41.csv,persistent_leak,41_99_122,24,99,122,59400,73200,1,0.9444999,1
test,41,data_41.csv,persistent_leak,41_100_123,24,100,123,60000,73800,1,0.94392526,1
test,41,data_41.csv,persistent_leak,41_101_124,24,101,124,60600,74400,1,0.94435287,1
test,41,data_41.csv,persistent_leak,41_102_125,24,102,125,61200,75000,1,0.9434372,1
test,41,data_41.csv,persistent_leak,41_103_126,24,103,126,61800,75600,1,0.9432141,1
test,41,data_41.csv,persistent_leak,41_104_127,24,104,127,62400,76200,1,0.9412183,1
test,41,data_41.csv,persistent_leak,41_105_128,24,105,128,63000,76800,1,0.94055766,1
test,41,data_41.csv,persistent_leak,41_106_129,24,106,129,63600,77400,1,0.94016343,1
test,41,data_41.csv,persistent_leak,41_107_130,24,107,130,64200,78000,1,0.9417266,1
test,41,data_41.csv,persistent_leak,41_108_131,24,108,131,64800,78600,1,0.94210804,1
test,41,data_41.csv,persistent_leak,41_109_132,24,109,132,65400,79200,1,0.93662274,1
test,41,data_41.csv,persistent_leak,41_110_133,24,110,133,66000,79800,1,0.9343474,1
test,41,data_41.csv,persistent_leak,41_111_134,24,111,134,66600,80400,1,0.93281907,1
test,41,data_41.csv,persistent_leak,41_112_135,24,112,135,67200,81000,1,0.9330846,1
test,41,data_41.csv,persistent_leak,41_113_136,24,113,136,67800,81600,1,0.9293353,1
test,41,data_41.csv,persistent_leak,41_114_137,24,114,137,68400,82200,1,0.922266,1
test,41,data_41.csv,persistent_leak,41_115_138,24,115,138,69000,82800,1,0.91215867,1
test,41,data_41.csv,persistent_leak,41_116_139,24,116,139,69600,83400,1,0.9057762,1
test,41,data_41.csv,persistent_leak,41_117_140,24,117,140,70200,84000,1,0.9076526,1
test,41,data_41.csv,persistent_leak,41_118_141,24,118,141,70800,84600,1,0.9076475,1
test,41,data_41.csv,persistent_leak,41_119_142,24,119,142,71400,85200,1,0.8944466,1
test,41,data_41.csv,persistent_leak,41_120_143,24,120,143,72000,85800,1,0.8822995,1
test,41,data_41.csv,persistent_leak,41_121_144,24,121,144,72600,86400,1,0.8722014,1
test,42,data_42.csv,persistent_leak,42_0_23,24,0,23,0,13800,1,0.5356538,1
test,42,data_42.csv,persistent_leak,42_1_24,24,1,24,600,14400,1,0.538753,1
test,42,data_42.csv,persistent_leak,42_2_25,24,2,25,1200,15000,1,0.5403777,1
test,42,data_42.csv,persistent_leak,42_3_26,24,3,26,1800,15600,1,0.5424169,1
test,42,data_42.csv,persistent_leak,42_4_27,24,4,27,2400,16200,1,0.54248947,1
test,42,data_42.csv,persistent_leak,42_5_28,24,5,28,3000,16800,1,0.54587066,1
test,42,data_42.csv,persistent_leak,42_6_29,24,6,29,3600,17400,1,0.5503502,1
test,42,data_42.csv,persistent_leak,42_7_30,24,7,30,4200,18000,1,0.5561965,1
test,42,data_42.csv,persistent_leak,42_8_31,24,8,31,4800,18600,1,0.5578783,1
test,42,data_42.csv,persistent_leak,42_9_32,24,9,32,5400,19200,1,0.56057584,1
test,42,data_42.csv,persistent_leak,42_10_33,24,10,33,6000,19800,1,0.55983305,1
test,42,data_42.csv,persistent_leak,42_11_34,24,11,34,6600,20400,1,0.56520283,1
test,42,data_42.csv,persistent_leak,42_12_35,24,12,35,7200,21000,1,0.57209504,1
test,42,data_42.csv,persistent_leak,42_13_36,24,13,36,7800,21600,1,0.5795012,1
test,42,data_42.csv,persistent_leak,42_14_37,24,14,37,8400,22200,1,0.5836353,1
test,42,data_42.csv,persistent_leak,42_15_38,24,15,38,9000,22800,1,0.58668625,1
test,42,data_42.csv,persistent_leak,42_16_39,24,16,39,9600,23400,1,0.586248,1
test,42,data_42.csv,persistent_leak,42_17_40,24,17,40,10200,24000,1,0.5937977,1
test,42,data_42.csv,persistent_leak,42_18_41,24,18,41,10800,24600,1,0.6017705,1
test,42,data_42.csv,persistent_leak,42_19_42,24,19,42,11400,25200,1,0.6104281,1
test,42,data_42.csv,persistent_leak,42_20_43,24,20,43,12000,25800,1,0.61657983,1
test,42,data_42.csv,persistent_leak,42_21_44,24,21,44,12600,26400,1,0.6197375,1
test,42,data_42.csv,persistent_leak,42_22_45,24,22,45,13200,27000,1,0.6205077,1
test,42,data_42.csv,persistent_leak,42_23_46,24,23,46,13800,27600,1,0.6289183,1
test,42,data_42.csv,persistent_leak,42_24_47,24,24,47,14400,28200,1,0.6390039,1
test,42,data_42.csv,persistent_leak,42_25_48,24,25,48,15000,28800,1,0.64961326,1
test,42,data_42.csv,persistent_leak,42_26_49,24,26,49,15600,29400,1,0.65755683,1
test,42,data_42.csv,persistent_leak,42_27_50,24,27,50,16200,30000,1,0.6623397,1
test,42,data_42.csv,persistent_leak,42_28_51,24,28,51,16800,30600,1,0.66293,1
test,42,data_42.csv,persistent_leak,42_29_52,24,29,52,17400,31200,1,0.67360795,1
test,42,data_42.csv,persistent_leak,42_30_53,24,30,53,18000,31800,1,0.68472433,1
test,42,data_42.csv,persistent_leak,42_31_54,24,31,54,18600,32400,1,0.6997686,1
test,42,data_42.csv,persistent_leak,42_32_55,24,32,55,19200,33000,1,0.71009535,1
test,42,data_42.csv,persistent_leak,42_33_56,24,33,56,19800,33600,1,0.7143707,1
test,42,data_42.csv,persistent_leak,42_34_57,24,34,57,20400,34200,1,0.71529543,1
test,42,data_42.csv,persistent_leak,42_35_58,24,35,58,21000,34800,1,0.7280305,1
test,42,data_42.csv,persistent_leak,42_36_59,24,36,59,21600,35400,1,0.74202937,1
test,42,data_42.csv,persistent_leak,42_37_60,24,37,60,22200,36000,1,0.7650634,1
test,42,data_42.csv,persistent_leak,42_38_61,24,38,61,22800,36600,1,0.78020704,1
test,42,data_42.csv,persistent_leak,42_39_62,24,39,62,23400,37200,1,0.7848499,1
test,42,data_42.csv,persistent_leak,42_40_63,24,40,63,24000,37800,1,0.7877556,1
test,42,data_42.csv,persistent_leak,42_41_64,24,41,64,24600,38400,1,0.8055777,1
test,42,data_42.csv,persistent_leak,42_42_65,24,42,65,25200,39000,1,0.82195824,1
test,42,data_42.csv,persistent_leak,42_43_66,24,43,66,25800,39600,1,0.8378144,1
test,42,data_42.csv,persistent_leak,42_44_67,24,44,67,26400,40200,1,0.8525753,1
test,42,data_42.csv,persistent_leak,42_45_68,24,45,68,27000,40800,1,0.85880923,1
test,42,data_42.csv,persistent_leak,42_46_69,24,46,69,27600,41400,1,0.8606736,1
test,42,data_42.csv,persistent_leak,42_47_70,24,47,70,28200,42000,1,0.87472606,1
test,42,data_42.csv,persistent_leak,42_48_71,24,48,71,28800,42600,1,0.8862518,1
test,42,data_42.csv,persistent_leak,42_49_72,24,49,72,29400,43200,1,0.89228433,1
test,42,data_42.csv,persistent_leak,42_50_73,24,50,73,30000,43800,1,0.89868337,1
test,42,data_42.csv,persistent_leak,42_51_74,24,51,74,30600,44400,1,0.90532553,1
test,42,data_42.csv,persistent_leak,42_52_75,24,52,75,31200,45000,1,0.9047121,1
test,42,data_42.csv,persistent_leak,42_53_76,24,53,76,31800,45600,1,0.9119344,1
test,42,data_42.csv,persistent_leak,42_54_77,24,54,77,32400,46200,1,0.918202,1
test,42,data_42.csv,persistent_leak,42_55_78,24,55,78,33000,46800,1,0.9196917,1
test,42,data_42.csv,persistent_leak,42_56_79,24,56,79,33600,47400,1,0.9207037,1
test,42,data_42.csv,persistent_leak,42_57_80,24,57,80,34200,48000,1,0.92453885,1
test,42,data_42.csv,persistent_leak,42_58_81,24,58,81,34800,48600,1,0.9238264,1
test,42,data_42.csv,persistent_leak,42_59_82,24,59,82,35400,49200,1,0.92775327,1
test,42,data_42.csv,persistent_leak,42_60_83,24,60,83,36000,49800,1,0.9294761,1
test,42,data_42.csv,persistent_leak,42_61_84,24,61,84,36600,50400,1,0.92675775,1
test,42,data_42.csv,persistent_leak,42_62_85,24,62,85,37200,51000,1,0.9251549,1
test,42,data_42.csv,persistent_leak,42_63_86,24,63,86,37800,51600,1,0.9262923,1
test,42,data_42.csv,persistent_leak,42_64_87,24,64,87,38400,52200,1,0.9259628,1
test,42,data_42.csv,persistent_leak,42_65_88,24,65,88,39000,52800,1,0.92644936,1
test,42,data_42.csv,persistent_leak,42_66_89,24,66,89,39600,53400,1,0.9239541,1
test,42,data_42.csv,persistent_leak,42_67_90,24,67,90,40200,54000,1,0.9208702,1
test,42,data_42.csv,persistent_leak,42_68_91,24,68,91,40800,54600,1,0.917999,1
test,42,data_42.csv,persistent_leak,42_69_92,24,69,92,41400,55200,1,0.9166663,1
test,42,data_42.csv,persistent_leak,42_70_93,24,70,93,42000,55800,1,0.9162819,1
test,42,data_42.csv,persistent_leak,42_71_94,24,71,94,42600,56400,1,0.9128233,1
test,42,data_42.csv,persistent_leak,42_72_95,24,72,95,43200,57000,1,0.9088913,1
test,42,data_42.csv,persistent_leak,42_73_96,24,73,96,43800,57600,1,0.9064512,1
test,42,data_42.csv,persistent_leak,42_74_97,24,74,97,44400,58200,1,0.90365213,1
test,42,data_42.csv,persistent_leak,42_75_98,24,75,98,45000,58800,1,0.90092844,1
test,42,data_42.csv,persistent_leak,42_76_99,24,76,99,45600,59400,1,0.9008643,1
test,42,data_42.csv,persistent_leak,42_77_100,24,77,100,46200,60000,1,0.8972864,1
test,42,data_42.csv,persistent_leak,42_78_101,24,78,101,46800,60600,1,0.89339143,1
test,42,data_42.csv,persistent_leak,42_79_102,24,79,102,47400,61200,1,0.8916281,1
test,42,data_42.csv,persistent_leak,42_80_103,24,80,103,48000,61800,1,0.8896807,1
test,42,data_42.csv,persistent_leak,42_81_104,24,81,104,48600,62400,1,0.8871013,1
test,42,data_42.csv,persistent_leak,42_82_105,24,82,105,49200,63000,1,0.8873595,1
test,42,data_42.csv,persistent_leak,42_83_106,24,83,106,49800,63600,1,0.88297826,1
test,42,data_42.csv,persistent_leak,42_84_107,24,84,107,50400,64200,1,0.8799075,1
test,42,data_42.csv,persistent_leak,42_85_108,24,85,108,51000,64800,1,0.88062614,1
test,42,data_42.csv,persistent_leak,42_86_109,24,86,109,51600,65400,1,0.8800777,1
test,42,data_42.csv,persistent_leak,42_87_110,24,87,110,52200,66000,1,0.8784574,1
test,42,data_42.csv,persistent_leak,42_88_111,24,88,111,52800,66600,1,0.87870246,1
test,42,data_42.csv,persistent_leak,42_89_112,24,89,112,53400,67200,1,0.8772814,1
test,42,data_42.csv,persistent_leak,42_90_113,24,90,113,54000,67800,1,0.877285,1
test,42,data_42.csv,persistent_leak,42_91_114,24,91,114,54600,68400,1,0.87326956,1
test,42,data_42.csv,persistent_leak,42_92_115,24,92,115,55200,69000,1,0.87231904,1
test,42,data_42.csv,persistent_leak,42_93_116,24,93,116,55800,69600,1,0.8728036,1
test,42,data_42.csv,persistent_leak,42_94_117,24,94,117,56400,70200,1,0.87275946,1
test,42,data_42.csv,persistent_leak,42_95_118,24,95,118,57000,70800,1,0.87053657,1
test,42,data_42.csv,persistent_leak,42_96_119,24,96,119,57600,71400,1,0.86705834,1
test,42,data_42.csv,persistent_leak,42_97_120,24,97,120,58200,72000,1,0.8591744,1
test,42,data_42.csv,persistent_leak,42_98_121,24,98,121,58800,72600,1,0.85467076,1
test,42,data_42.csv,persistent_leak,42_99_122,24,99,122,59400,73200,1,0.8564241,1
test,42,data_42.csv,persistent_leak,42_100_123,24,100,123,60000,73800,1,0.85551584,1
test,42,data_42.csv,persistent_leak,42_101_124,24,101,124,60600,74400,1,0.8495357,1
test,42,data_42.csv,persistent_leak,42_102_125,24,102,125,61200,75000,1,0.8423825,1
test,42,data_42.csv,persistent_leak,42_103_126,24,103,126,61800,75600,1,0.83390576,1
test,42,data_42.csv,persistent_leak,42_104_127,24,104,127,62400,76200,1,0.82601506,1
test,42,data_42.csv,persistent_leak,42_105_128,24,105,128,63000,76800,1,0.8254239,1
test,42,data_42.csv,persistent_leak,42_106_129,24,106,129,63600,77400,1,0.82485414,1
test,42,data_42.csv,persistent_leak,42_107_130,24,107,130,64200,78000,1,0.81950605,1
test,42,data_42.csv,persistent_leak,42_108_131,24,108,131,64800,78600,1,0.8080838,1
test,42,data_42.csv,persistent_leak,42_109_132,24,109,132,65400,79200,1,0.7966396,1
test,42,data_42.csv,persistent_leak,42_110_133,24,110,133,66000,79800,1,0.7842682,1
test,42,data_42.csv,persistent_leak,42_111_134,24,111,134,66600,80400,1,0.77840126,1
test,42,data_42.csv,persistent_leak,42_112_135,24,112,135,67200,81000,1,0.77806294,1
test,42,data_42.csv,persistent_leak,42_113_136,24,113,136,67800,81600,1,0.76440716,1
test,42,data_42.csv,persistent_leak,42_114_137,24,114,137,68400,82200,1,0.748151,1
test,42,data_42.csv,persistent_leak,42_115_138,24,115,138,69000,82800,1,0.74057037,1
test,42,data_42.csv,persistent_leak,42_116_139,24,116,139,69600,83400,1,0.7289638,1
test,42,data_42.csv,persistent_leak,42_117_140,24,117,140,70200,84000,1,0.71913946,1
test,42,data_42.csv,persistent_leak,42_118_141,24,118,141,70800,84600,1,0.71788573,1
test,42,data_42.csv,persistent_leak,42_119_142,24,119,142,71400,85200,1,0.7005187,1
test,42,data_42.csv,persistent_leak,42_120_143,24,120,143,72000,85800,1,0.6876519,1
test,42,data_42.csv,persistent_leak,42_121_144,24,121,144,72600,86400,1,0.67506844,1
test,46,data_46.csv,onset_leak,46_0_23,24,0,23,0,13800,0,0.1965621,1
test,46,data_46.csv,onset_leak,46_1_24,24,1,24,600,14400,0,0.19406109,1
test,46,data_46.csv,onset_leak,46_2_25,24,2,25,1200,15000,0,0.19023985,1
test,46,data_46.csv,onset_leak,46_3_26,24,3,26,1800,15600,0,0.18653029,1
test,46,data_46.csv,onset_leak,46_4_27,24,4,27,2400,16200,0,0.18069156,1
test,46,data_46.csv,onset_leak,46_5_28,24,5,28,3000,16800,0,0.17888616,1
test,46,data_46.csv,onset_leak,46_6_29,24,6,29,3600,17400,0,0.1766035,1
test,46,data_46.csv,onset_leak,46_7_30,24,7,30,4200,18000,0,0.17247286,1
test,46,data_46.csv,onset_leak,46_8_31,24,8,31,4800,18600,0,0.16378683,1
test,46,data_46.csv,onset_leak,46_9_32,24,9,32,5400,19200,0,0.15994781,1
test,46,data_46.csv,onset_leak,46_10_33,24,10,33,6000,19800,0,0.154814,1
test,46,data_46.csv,onset_leak,46_11_34,24,11,34,6600,20400,0,0.15202405,1
test,46,data_46.csv,onset_leak,46_12_35,24,12,35,7200,21000,0,0.14933117,1
test,46,data_46.csv,onset_leak,46_13_36,24,13,36,7800,21600,0,0.14907786,1
test,46,data_46.csv,onset_leak,46_14_37,24,14,37,8400,22200,0,0.14426544,1
test,46,data_46.csv,onset_leak,46_15_38,24,15,38,9000,22800,0,0.1442705,1
test,46,data_46.csv,onset_leak,46_16_39,24,16,39,9600,23400,0,0.1472412,1
test,46,data_46.csv,onset_leak,46_17_40,24,17,40,10200,24000,0,0.14764139,1
test,46,data_46.csv,onset_leak,46_18_41,24,18,41,10800,24600,0,0.14939795,1
test,46,data_46.csv,onset_leak,46_19_42,24,19,42,11400,25200,0,0.15438977,1
test,46,data_46.csv,onset_leak,46_20_43,24,20,43,12000,25800,0,0.15863675,1
test,46,data_46.csv,onset_leak,46_21_44,24,21,44,12600,26400,0,0.16681463,1
test,46,data_46.csv,onset_leak,46_22_45,24,22,45,13200,27000,0,0.17742221,1
test,46,data_46.csv,onset_leak,46_23_46,24,23,46,13800,27600,0,0.184779,1
test,46,data_46.csv,onset_leak,46_24_47,24,24,47,14400,28200,0,0.1917293,1
test,46,data_46.csv,onset_leak,46_25_48,24,25,48,15000,28800,0,0.19735564,1
test,46,data_46.csv,onset_leak,46_26_49,24,26,49,15600,29400,0,0.20308886,1
test,46,data_46.csv,onset_leak,46_27_50,24,27,50,16200,30000,0,0.21239643,1
test,46,data_46.csv,onset_leak,46_28_51,24,28,51,16800,30600,0,0.22089975,1
test,46,data_46.csv,onset_leak,46_29_52,24,29,52,17400,31200,0,0.22983553,1
test,46,data_46.csv,onset_leak,46_30_53,24,30,53,18000,31800,0,0.23545043,1
test,46,data_46.csv,onset_leak,46_31_54,24,31,54,18600,32400,0,0.23768736,1
test,46,data_46.csv,onset_leak,46_32_55,24,32,55,19200,33000,0,0.23847109,1
test,46,data_46.csv,onset_leak,46_33_56,24,33,56,19800,33600,0,0.24407881,1
test,46,data_46.csv,onset_leak,46_34_57,24,34,57,20400,34200,0,0.25023314,1
test,46,data_46.csv,onset_leak,46_35_58,24,35,58,21000,34800,0,0.25410363,1
test,46,data_46.csv,onset_leak,46_36_59,24,36,59,21600,35400,0,0.25798747,1
test,46,data_46.csv,onset_leak,46_37_60,24,37,60,22200,36000,0,0.26444343,1
test,46,data_46.csv,onset_leak,46_38_61,24,38,61,22800,36600,0,0.26246494,1
test,46,data_46.csv,onset_leak,46_39_62,24,39,62,23400,37200,0,0.26783448,1
test,46,data_46.csv,onset_leak,46_40_63,24,40,63,24000,37800,0,0.27218547,1
test,46,data_46.csv,onset_leak,46_41_64,24,41,64,24600,38400,0,0.27653334,1
test,46,data_46.csv,onset_leak,46_42_65,24,42,65,25200,39000,0,0.27960476,1
test,46,data_46.csv,onset_leak,46_43_66,24,43,66,25800,39600,0,0.28603634,1
test,46,data_46.csv,onset_leak,46_44_67,24,44,67,26400,40200,0,0.29145208,1
test,46,data_46.csv,onset_leak,46_45_68,24,45,68,27000,40800,0,0.304596,1
test,46,data_46.csv,onset_leak,46_46_69,24,46,69,27600,41400,0,0.3117161,1
test,46,data_46.csv,onset_leak,46_47_70,24,47,70,28200,42000,0,0.32336196,1
test,46,data_46.csv,onset_leak,46_48_71,24,48,71,28800,42600,0,0.33477226,1
test,46,data_46.csv,onset_leak,46_49_72,24,49,72,29400,43200,1,0.42507416,1
test,46,data_46.csv,onset_leak,46_50_73,24,50,73,30000,43800,1,0.46412253,1
test,46,data_46.csv,onset_leak,46_51_74,24,51,74,30600,44400,1,0.49742824,1
test,46,data_46.csv,onset_leak,46_52_75,24,52,75,31200,45000,1,0.5568197,1
test,46,data_46.csv,onset_leak,46_53_76,24,53,76,31800,45600,1,0.644166,1
test,46,data_46.csv,onset_leak,46_54_77,24,54,77,32400,46200,1,0.7196247,1
test,46,data_46.csv,onset_leak,46_55_78,24,55,78,33000,46800,1,0.7579601,1
test,46,data_46.csv,onset_leak,46_56_79,24,56,79,33600,47400,1,0.79834026,1
test,46,data_46.csv,onset_leak,46_57_80,24,57,80,34200,48000,1,0.8366564,1
test,46,data_46.csv,onset_leak,46_58_81,24,58,81,34800,48600,1,0.8452332,1
test,46,data_46.csv,onset_leak,46_59_82,24,59,82,35400,49200,1,0.88159513,1
test,46,data_46.csv,onset_leak,46_60_83,24,60,83,36000,49800,1,0.89848125,1
test,46,data_46.csv,onset_leak,46_61_84,24,61,84,36600,50400,1,0.9135094,1
test,46,data_46.csv,onset_leak,46_62_85,24,62,85,37200,51000,1,0.9227481,1
test,46,data_46.csv,onset_leak,46_63_86,24,63,86,37800,51600,1,0.93274534,1
test,46,data_46.csv,onset_leak,46_64_87,24,64,87,38400,52200,1,0.93361074,1
test,46,data_46.csv,onset_leak,46_65_88,24,65,88,39000,52800,1,0.94206995,1
test,46,data_46.csv,onset_leak,46_66_89,24,66,89,39600,53400,1,0.95154774,1
test,46,data_46.csv,onset_leak,46_67_90,24,67,90,40200,54000,1,0.9561887,1
test,46,data_46.csv,onset_leak,46_68_91,24,68,91,40800,54600,1,0.9599147,1
test,46,data_46.csv,onset_leak,46_69_92,24,69,92,41400,55200,1,0.9641895,1
test,46,data_46.csv,onset_leak,46_70_93,24,70,93,42000,55800,1,0.96329266,1
test,46,data_46.csv,onset_leak,46_71_94,24,71,94,42600,56400,1,0.9709817,1
test,46,data_46.csv,onset_leak,46_72_95,24,72,95,43200,57000,1,0.9744451,1
test,46,data_46.csv,onset_leak,46_73_96,24,73,96,43800,57600,1,0.977408,1
test,46,data_46.csv,onset_leak,46_74_97,24,74,97,44400,58200,1,0.97946197,1
test,46,data_46.csv,onset_leak,46_75_98,24,75,98,45000,58800,1,0.9798537,1
test,46,data_46.csv,onset_leak,46_76_99,24,76,99,45600,59400,1,0.9800673,1
test,46,data_46.csv,onset_leak,46_77_100,24,77,100,46200,60000,1,0.98199826,1
test,46,data_46.csv,onset_leak,46_78_101,24,78,101,46800,60600,1,0.98414004,1
test,46,data_46.csv,onset_leak,46_79_102,24,79,102,47400,61200,1,0.98634803,1
test,46,data_46.csv,onset_leak,46_80_103,24,80,103,48000,61800,1,0.98800397,1
test,46,data_46.csv,onset_leak,46_81_104,24,81,104,48600,62400,1,0.9886679,1
test,46,data_46.csv,onset_leak,46_82_105,24,82,105,49200,63000,1,0.9887306,1
test,46,data_46.csv,onset_leak,46_83_106,24,83,106,49800,63600,1,0.9901759,1
test,46,data_46.csv,onset_leak,46_84_107,24,84,107,50400,64200,1,0.9916779,1
test,46,data_46.csv,onset_leak,46_85_108,24,85,108,51000,64800,1,0.99240863,1
test,46,data_46.csv,onset_leak,46_86_109,24,86,109,51600,65400,1,0.9930916,1
test,46,data_46.csv,onset_leak,46_87_110,24,87,110,52200,66000,1,0.99371946,1
test,46,data_46.csv,onset_leak,46_88_111,24,88,111,52800,66600,1,0.99369437,1
test,46,data_46.csv,onset_leak,46_89_112,24,89,112,53400,67200,1,0.9944614,1
test,46,data_46.csv,onset_leak,46_90_113,24,90,113,54000,67800,1,0.99505347,1
test,46,data_46.csv,onset_leak,46_91_114,24,91,114,54600,68400,1,0.99453,1
test,46,data_46.csv,onset_leak,46_92_115,24,92,115,55200,69000,1,0.9943581,1
test,46,data_46.csv,onset_leak,46_93_116,24,93,116,55800,69600,1,0.99483716,1
test,46,data_46.csv,onset_leak,46_94_117,24,94,117,56400,70200,1,0.9947606,1
test,46,data_46.csv,onset_leak,46_95_118,24,95,118,57000,70800,1,0.9948084,1
test,46,data_46.csv,onset_leak,46_96_119,24,96,119,57600,71400,1,0.9944642,1
test,46,data_46.csv,onset_leak,46_97_120,24,97,120,58200,72000,1,0.9929818,1
test,46,data_46.csv,onset_leak,46_98_121,24,98,121,58800,72600,1,0.99178505,1
test,46,data_46.csv,onset_leak,46_99_122,24,99,122,59400,73200,1,0.9921016,1
test,46,data_46.csv,onset_leak,46_100_123,24,100,123,60000,73800,1,0.9920448,1
test,46,data_46.csv,onset_leak,46_101_124,24,101,124,60600,74400,1,0.99115974,1
test,46,data_46.csv,onset_leak,46_102_125,24,102,125,61200,75000,1,0.98898995,1
test,46,data_46.csv,onset_leak,46_103_126,24,103,126,61800,75600,1,0.98609936,1
test,46,data_46.csv,onset_leak,46_104_127,24,104,127,62400,76200,1,0.98267853,1
test,46,data_46.csv,onset_leak,46_105_128,24,105,128,63000,76800,1,0.9818008,1
test,46,data_46.csv,onset_leak,46_106_129,24,106,129,63600,77400,1,0.9815601,1
test,46,data_46.csv,onset_leak,46_107_130,24,107,130,64200,78000,1,0.9780517,1
test,46,data_46.csv,onset_leak,46_108_131,24,108,131,64800,78600,1,0.9709136,1
test,46,data_46.csv,onset_leak,46_109_132,24,109,132,65400,79200,1,0.964132,1
test,46,data_46.csv,onset_leak,46_110_133,24,110,133,66000,79800,1,0.95413303,1
test,46,data_46.csv,onset_leak,46_111_134,24,111,134,66600,80400,1,0.9463335,1
test,46,data_46.csv,onset_leak,46_112_135,24,112,135,67200,81000,1,0.94571465,1
test,46,data_46.csv,onset_leak,46_113_136,24,113,136,67800,81600,1,0.9296047,1
test,46,data_46.csv,onset_leak,46_114_137,24,114,137,68400,82200,1,0.9101916,1
test,46,data_46.csv,onset_leak,46_115_138,24,115,138,69000,82800,1,0.89848304,1
test,46,data_46.csv,onset_leak,46_116_139,24,116,139,69600,83400,1,0.8812243,1
test,46,data_46.csv,onset_leak,46_117_140,24,117,140,70200,84000,1,0.86056936,1
test,46,data_46.csv,onset_leak,46_118_141,24,118,141,70800,84600,1,0.8610757,1
test,46,data_46.csv,onset_leak,46_119_142,24,119,142,71400,85200,1,0.8218407,1
test,46,data_46.csv,onset_leak,46_120_143,24,120,143,72000,85800,1,0.7918873,1
test,46,data_46.csv,onset_leak,46_121_144,24,121,144,72600,86400,1,0.75848216,1
test,48,data_48.csv,onset_leak,48_0_23,24,0,23,0,13800,0,0.23510979,1
test,48,data_48.csv,onset_leak,48_1_24,24,1,24,600,14400,0,0.232187,1
test,48,data_48.csv,onset_leak,48_2_25,24,2,25,1200,15000,0,0.22974078,1
test,48,data_48.csv,onset_leak,48_3_26,24,3,26,1800,15600,0,0.22535191,1
test,48,data_48.csv,onset_leak,48_4_27,24,4,27,2400,16200,0,0.22060472,1
test,48,data_48.csv,onset_leak,48_5_28,24,5,28,3000,16800,0,0.21725233,1
test,48,data_48.csv,onset_leak,48_6_29,24,6,29,3600,17400,0,0.21476634,1
test,48,data_48.csv,onset_leak,48_7_30,24,7,30,4200,18000,0,0.21225336,1
test,48,data_48.csv,onset_leak,48_8_31,24,8,31,4800,18600,0,0.2096135,1
test,48,data_48.csv,onset_leak,48_9_32,24,9,32,5400,19200,0,0.20633985,1
test,48,data_48.csv,onset_leak,48_10_33,24,10,33,6000,19800,0,0.20279434,1
test,48,data_48.csv,onset_leak,48_11_34,24,11,34,6600,20400,0,0.20026162,1
test,48,data_48.csv,onset_leak,48_12_35,24,12,35,7200,21000,0,0.19831349,1
test,48,data_48.csv,onset_leak,48_13_36,24,13,36,7800,21600,0,0.19675043,1
test,48,data_48.csv,onset_leak,48_14_37,24,14,37,8400,22200,0,0.19476864,1
test,48,data_48.csv,onset_leak,48_15_38,24,15,38,9000,22800,0,0.19269033,1
test,48,data_48.csv,onset_leak,48_16_39,24,16,39,9600,23400,0,0.19063044,1
test,48,data_48.csv,onset_leak,48_17_40,24,17,40,10200,24000,0,0.18895797,1
test,48,data_48.csv,onset_leak,48_18_41,24,18,41,10800,24600,0,0.18778622,1
test,48,data_48.csv,onset_leak,48_19_42,24,19,42,11400,25200,0,0.1873032,1
test,48,data_48.csv,onset_leak,48_20_43,24,20,43,12000,25800,0,0.18657288,1
test,48,data_48.csv,onset_leak,48_21_44,24,21,44,12600,26400,0,0.1858455,1
test,48,data_48.csv,onset_leak,48_22_45,24,22,45,13200,27000,0,0.18522382,1
test,48,data_48.csv,onset_leak,48_23_46,24,23,46,13800,27600,0,0.1846393,1
test,48,data_48.csv,onset_leak,48_24_47,24,24,47,14400,28200,0,0.18427609,1
test,48,data_48.csv,onset_leak,48_25_48,24,25,48,15000,28800,0,0.18427609,1
test,48,data_48.csv,onset_leak,48_26_49,24,26,49,15600,29400,0,0.18427609,1
test,48,data_48.csv,onset_leak,48_27_50,24,27,50,16200,30000,0,0.18427609,1
test,48,data_48.csv,onset_leak,48_28_51,24,28,51,16800,30600,0,0.18427609,1
test,48,data_48.csv,onset_leak,48_29_52,24,29,52,17400,31200,0,0.18427609,1
test,48,data_48.csv,onset_leak,48_30_53,24,30,53,18000,31800,0,0.18427609,1
test,48,data_48.csv,onset_leak,48_31_54,24,31,54,18600,32400,0,0.18348062,1
test,48,data_48.csv,onset_leak,48_32_55,24,32,55,19200,33000,0,0.17851685,1
test,48,data_48.csv,onset_leak,48_33_56,24,33,56,19800,33600,0,0.17550428,1
test,48,data_48.csv,onset_leak,48_34_57,24,34,57,20400,34200,0,0.17046036,1
test,48,data_48.csv,onset_leak,48_35_58,24,35,58,21000,34800,0,0.17111446,1
test,48,data_48.csv,onset_leak,48_36_59,24,36,59,21600,35400,0,0.17011459,1
test,48,data_48.csv,onset_leak,48_37_60,24,37,60,22200,36000,0,0.16960222,1
test,48,data_48.csv,onset_leak,48_38_61,24,38,61,22800,36600,0,0.15922041,1
test,48,data_48.csv,onset_leak,48_39_62,24,39,62,23400,37200,0,0.15995783,1
test,48,data_48.csv,onset_leak,48_40_63,24,40,63,24000,37800,0,0.15865776,1
test,48,data_48.csv,onset_leak,48_41_64,24,41,64,24600,38400,0,0.16063166,1
test,48,data_48.csv,onset_leak,48_42_65,24,42,65,25200,39000,0,0.16700931,1
test,48,data_48.csv,onset_leak,48_43_66,24,43,66,25800,39600,0,0.18394199,1
test,48,data_48.csv,onset_leak,48_44_67,24,44,67,26400,40200,0,0.18609692,1
test,48,data_48.csv,onset_leak,48_45_68,24,45,68,27000,40800,0,0.19457161,1
test,48,data_48.csv,onset_leak,48_46_69,24,46,69,27600,41400,0,0.21454972,1
test,48,data_48.csv,onset_leak,48_47_70,24,47,70,28200,42000,0,0.2387023,1
test,48,data_48.csv,onset_leak,48_48_71,24,48,71,28800,42600,0,0.2770776,1
test,48,data_48.csv,onset_leak,48_49_72,24,49,72,29400,43200,1,0.40518287,1
test,48,data_48.csv,onset_leak,48_50_73,24,50,73,30000,43800,1,0.47181854,1
test,48,data_48.csv,onset_leak,48_51_74,24,51,74,30600,44400,1,0.5586089,1
test,48,data_48.csv,onset_leak,48_52_75,24,52,75,31200,45000,1,0.64515465,1
test,48,data_48.csv,onset_leak,48_53_76,24,53,76,31800,45600,1,0.7568691,1
test,48,data_48.csv,onset_leak,48_54_77,24,54,77,32400,46200,1,0.8145074,1
test,48,data_48.csv,onset_leak,48_55_78,24,55,78,33000,46800,1,0.8391287,1
test,48,data_48.csv,onset_leak,48_56_79,24,56,79,33600,47400,1,0.86575335,1
test,48,data_48.csv,onset_leak,48_57_80,24,57,80,34200,48000,1,0.8917382,1
test,48,data_48.csv,onset_leak,48_58_81,24,58,81,34800,48600,1,0.89351535,1
test,48,data_48.csv,onset_leak,48_59_82,24,59,82,35400,49200,1,0.9169679,1
test,48,data_48.csv,onset_leak,48_60_83,24,60,83,36000,49800,1,0.92613053,1
test,48,data_48.csv,onset_leak,48_61_84,24,61,84,36600,50400,1,0.93122965,1
test,48,data_48.csv,onset_leak,48_62_85,24,62,85,37200,51000,1,0.9338862,1
test,48,data_48.csv,onset_leak,48_63_86,24,63,86,37800,51600,1,0.9407534,1
test,48,data_48.csv,onset_leak,48_64_87,24,64,87,38400,52200,1,0.93955255,1
test,48,data_48.csv,onset_leak,48_65_88,24,65,88,39000,52800,1,0.9446238,1
test,48,data_48.csv,onset_leak,48_66_89,24,66,89,39600,53400,1,0.95022076,1
test,48,data_48.csv,onset_leak,48_67_90,24,67,90,40200,54000,1,0.9514391,1
test,48,data_48.csv,onset_leak,48_68_91,24,68,91,40800,54600,1,0.95190287,1
test,48,data_48.csv,onset_leak,48_69_92,24,69,92,41400,55200,1,0.9538523,1
test,48,data_48.csv,onset_leak,48_70_93,24,70,93,42000,55800,1,0.9539828,1
test,48,data_48.csv,onset_leak,48_71_94,24,71,94,42600,56400,1,0.9603867,1
test,48,data_48.csv,onset_leak,48_72_95,24,72,95,43200,57000,1,0.96206063,1
test,48,data_48.csv,onset_leak,48_73_96,24,73,96,43800,57600,1,0.9659236,1
test,48,data_48.csv,onset_leak,48_74_97,24,74,97,44400,58200,1,0.9677899,1
test,48,data_48.csv,onset_leak,48_75_98,24,75,98,45000,58800,1,0.9664823,1
test,48,data_48.csv,onset_leak,48_76_99,24,76,99,45600,59400,1,0.96723056,1
test,48,data_48.csv,onset_leak,48_77_100,24,77,100,46200,60000,1,0.9683487,1
test,48,data_48.csv,onset_leak,48_78_101,24,78,101,46800,60600,1,0.97101396,1
test,48,data_48.csv,onset_leak,48_79_102,24,79,102,47400,61200,1,0.97525114,1
test,48,data_48.csv,onset_leak,48_80_103,24,80,103,48000,61800,1,0.9783125,1
test,48,data_48.csv,onset_leak,48_81_104,24,81,104,48600,62400,1,0.9789661,1
test,48,data_48.csv,onset_leak,48_82_105,24,82,105,49200,63000,1,0.97917503,1
test,48,data_48.csv,onset_leak,48_83_106,24,83,106,49800,63600,1,0.98158616,1
test,48,data_48.csv,onset_leak,48_84_107,24,84,107,50400,64200,1,0.98436695,1
test,48,data_48.csv,onset_leak,48_85_108,24,85,108,51000,64800,1,0.986471,1
test,48,data_48.csv,onset_leak,48_86_109,24,86,109,51600,65400,1,0.98814315,1
test,48,data_48.csv,onset_leak,48_87_110,24,87,110,52200,66000,1,0.98920363,1
test,48,data_48.csv,onset_leak,48_88_111,24,88,111,52800,66600,1,0.9891992,1
test,48,data_48.csv,onset_leak,48_89_112,24,89,112,53400,67200,1,0.99083006,1
test,48,data_48.csv,onset_leak,48_90_113,24,90,113,54000,67800,1,0.9922065,1
test,48,data_48.csv,onset_leak,48_91_114,24,91,114,54600,68400,1,0.9910522,1
test,48,data_48.csv,onset_leak,48_92_115,24,92,115,55200,69000,1,0.9908202,1
test,48,data_48.csv,onset_leak,48_93_116,24,93,116,55800,69600,1,0.99194837,1
test,48,data_48.csv,onset_leak,48_94_117,24,94,117,56400,70200,1,0.9919059,1
test,48,data_48.csv,onset_leak,48_95_118,24,95,118,57000,70800,1,0.9920568,1
test,48,data_48.csv,onset_leak,48_96_119,24,96,119,57600,71400,1,0.99141663,1
test,48,data_48.csv,onset_leak,48_97_120,24,97,120,58200,72000,1,0.98875266,1
test,48,data_48.csv,onset_leak,48_98_121,24,98,121,58800,72600,1,0.986432,1
test,48,data_48.csv,onset_leak,48_99_122,24,99,122,59400,73200,1,0.9872498,1
test,48,data_48.csv,onset_leak,48_100_123,24,100,123,60000,73800,1,0.9871961,1
test,48,data_48.csv,onset_leak,48_101_124,24,101,124,60600,74400,1,0.9857794,1
test,48,data_48.csv,onset_leak,48_102_125,24,102,125,61200,75000,1,0.9821686,1
test,48,data_48.csv,onset_leak,48_103_126,24,103,126,61800,75600,1,0.97838247,1
test,48,data_48.csv,onset_leak,48_104_127,24,104,127,62400,76200,1,0.97261566,1
test,48,data_48.csv,onset_leak,48_105_128,24,105,128,63000,76800,1,0.96967983,1
test,48,data_48.csv,onset_leak,48_106_129,24,106,129,63600,77400,1,0.969112,1
test,48,data_48.csv,onset_leak,48_107_130,24,107,130,64200,78000,1,0.9653855,1
test,48,data_48.csv,onset_leak,48_108_131,24,108,131,64800,78600,1,0.9557608,1
test,48,data_48.csv,onset_leak,48_109_132,24,109,132,65400,79200,1,0.9475383,1
test,48,data_48.csv,onset_leak,48_110_133,24,110,133,66000,79800,1,0.93457127,1
test,48,data_48.csv,onset_leak,48_111_134,24,111,134,66600,80400,1,0.91830844,1
test,48,data_48.csv,onset_leak,48_112_135,24,112,135,67200,81000,1,0.91941226,1
test,48,data_48.csv,onset_leak,48_113_136,24,113,136,67800,81600,1,0.8923548,1
test,48,data_48.csv,onset_leak,48_114_137,24,114,137,68400,82200,1,0.86743873,1
test,48,data_48.csv,onset_leak,48_115_138,24,115,138,69000,82800,1,0.85747135,1
test,48,data_48.csv,onset_leak,48_116_139,24,116,139,69600,83400,1,0.8425445,1
test,48,data_48.csv,onset_leak,48_117_140,24,117,140,70200,84000,1,0.81663543,1
test,48,data_48.csv,onset_leak,48_118_141,24,118,141,70800,84600,1,0.8157639,1
test,48,data_48.csv,onset_leak,48_119_142,24,119,142,71400,85200,1,0.7688237,1
test,48,data_48.csv,onset_leak,48_120_143,24,120,143,72000,85800,1,0.7438577,1
test,48,data_48.csv,onset_leak,48_121_144,24,121,144,72600,86400,1,0.7043229,1
test,50,data_50.csv,onset_leak,50_0_23,24,0,23,0,13800,0,0.18513775,1
test,50,data_50.csv,onset_leak,50_1_24,24,1,24,600,14400,0,0.18278444,1
test,50,data_50.csv,onset_leak,50_2_25,24,2,25,1200,15000,0,0.17863634,1
test,50,data_50.csv,onset_leak,50_3_26,24,3,26,1800,15600,0,0.17500776,1
test,50,data_50.csv,onset_leak,50_4_27,24,4,27,2400,16200,0,0.1688136,1
test,50,data_50.csv,onset_leak,50_5_28,24,5,28,3000,16800,0,0.167538,1
test,50,data_50.csv,onset_leak,50_6_29,24,6,29,3600,17400,0,0.16555579,1
test,50,data_50.csv,onset_leak,50_7_30,24,7,30,4200,18000,0,0.1609856,1
test,50,data_50.csv,onset_leak,50_8_31,24,8,31,4800,18600,0,0.1507488,1
test,50,data_50.csv,onset_leak,50_9_32,24,9,32,5400,19200,0,0.14684445,1
test,50,data_50.csv,onset_leak,50_10_33,24,10,33,6000,19800,0,0.14135894,1
test,50,data_50.csv,onset_leak,50_11_34,24,11,34,6600,20400,0,0.1387143,1
test,50,data_50.csv,onset_leak,50_12_35,24,12,35,7200,21000,0,0.13569507,1
test,50,data_50.csv,onset_leak,50_13_36,24,13,36,7800,21600,0,0.13640328,1
test,50,data_50.csv,onset_leak,50_14_37,24,14,37,8400,22200,0,0.13156104,1
test,50,data_50.csv,onset_leak,50_15_38,24,15,38,9000,22800,0,0.13339077,1
test,50,data_50.csv,onset_leak,50_16_39,24,16,39,9600,23400,0,0.1374713,1
test,50,data_50.csv,onset_leak,50_17_40,24,17,40,10200,24000,0,0.13894044,1
test,50,data_50.csv,onset_leak,50_18_41,24,18,41,10800,24600,0,0.14203316,1
test,50,data_50.csv,onset_leak,50_19_42,24,19,42,11400,25200,0,0.1500454,1
test,50,data_50.csv,onset_leak,50_20_43,24,20,43,12000,25800,0,0.15446626,1
test,50,data_50.csv,onset_leak,50_21_44,24,21,44,12600,26400,0,0.16491334,1
test,50,data_50.csv,onset_leak,50_22_45,24,22,45,13200,27000,0,0.17908135,1
test,50,data_50.csv,onset_leak,50_23_46,24,23,46,13800,27600,0,0.18896882,1
test,50,data_50.csv,onset_leak,50_24_47,24,24,47,14400,28200,0,0.19852304,1
test,50,data_50.csv,onset_leak,50_25_48,24,25,48,15000,28800,0,0.20569086,1
test,50,data_50.csv,onset_leak,50_26_49,24,26,49,15600,29400,0,0.2122933,1
test,50,data_50.csv,onset_leak,50_27_50,24,27,50,16200,30000,0,0.22650996,1
test,50,data_50.csv,onset_leak,50_28_51,24,28,51,16800,30600,0,0.23882343,1
test,50,data_50.csv,onset_leak,50_29_52,24,29,52,17400,31200,0,0.2491361,1
test,50,data_50.csv,onset_leak,50_30_53,24,30,53,18000,31800,0,0.25778884,1
test,50,data_50.csv,onset_leak,50_31_54,24,31,54,18600,32400,0,0.26027644,1
test,50,data_50.csv,onset_leak,50_32_55,24,32,55,19200,33000,0,0.26347557,1
test,50,data_50.csv,onset_leak,50_33_56,24,33,56,19800,33600,0,0.27320516,1
test,50,data_50.csv,onset_leak,50_34_57,24,34,57,20400,34200,0,0.2842688,1
test,50,data_50.csv,onset_leak,50_35_58,24,35,58,21000,34800,0,0.289507,1
test,50,data_50.csv,onset_leak,50_36_59,24,36,59,21600,35400,0,0.29686022,1
test,50,data_50.csv,onset_leak,50_37_60,24,37,60,22200,36000,0,0.3055106,1
test,50,data_50.csv,onset_leak,50_38_61,24,38,61,22800,36600,0,0.3088213,1
test,50,data_50.csv,onset_leak,50_39_62,24,39,62,23400,37200,0,0.31557485,1
test,50,data_50.csv,onset_leak,50_40_63,24,40,63,24000,37800,0,0.32429963,1
test,50,data_50.csv,onset_leak,50_41_64,24,41,64,24600,38400,0,0.3307494,1
test,50,data_50.csv,onset_leak,50_42_65,24,42,65,25200,39000,0,0.33937734,1
test,50,data_50.csv,onset_leak,50_43_66,24,43,66,25800,39600,0,0.34541017,1
test,50,data_50.csv,onset_leak,50_44_67,24,44,67,26400,40200,0,0.3481035,1
test,50,data_50.csv,onset_leak,50_45_68,24,45,68,27000,40800,0,0.361501,1
test,50,data_50.csv,onset_leak,50_46_69,24,46,69,27600,41400,0,0.36744392,1
test,50,data_50.csv,onset_leak,50_47_70,24,47,70,28200,42000,0,0.37758887,1
test,50,data_50.csv,onset_leak,50_48_71,24,48,71,28800,42600,0,0.39141855,1
test,50,data_50.csv,onset_leak,50_49_72,24,49,72,29400,43200,1,0.46298528,1
test,50,data_50.csv,onset_leak,50_50_73,24,50,73,30000,43800,1,0.4719386,1
test,50,data_50.csv,onset_leak,50_51_74,24,51,74,30600,44400,1,0.49179128,1
test,50,data_50.csv,onset_leak,50_52_75,24,52,75,31200,45000,1,0.5277085,1
test,50,data_50.csv,onset_leak,50_53_76,24,53,76,31800,45600,1,0.6059141,1
test,50,data_50.csv,onset_leak,50_54_77,24,54,77,32400,46200,1,0.6872536,1
test,50,data_50.csv,onset_leak,50_55_78,24,55,78,33000,46800,1,0.7317565,1
test,50,data_50.csv,onset_leak,50_56_79,24,56,79,33600,47400,1,0.77006334,1
test,50,data_50.csv,onset_leak,50_57_80,24,57,80,34200,48000,1,0.8115533,1
test,50,data_50.csv,onset_leak,50_58_81,24,58,81,34800,48600,1,0.8246479,1
test,50,data_50.csv,onset_leak,50_59_82,24,59,82,35400,49200,1,0.86702865,1
test,50,data_50.csv,onset_leak,50_60_83,24,60,83,36000,49800,1,0.88712716,1
test,50,data_50.csv,onset_leak,50_61_84,24,61,84,36600,50400,1,0.9067026,1
test,50,data_50.csv,onset_leak,50_62_85,24,62,85,37200,51000,1,0.91782975,1
test,50,data_50.csv,onset_leak,50_63_86,24,63,86,37800,51600,1,0.92935836,1
test,50,data_50.csv,onset_leak,50_64_87,24,64,87,38400,52200,1,0.9314442,1
test,50,data_50.csv,onset_leak,50_65_88,24,65,88,39000,52800,1,0.9413147,1
test,50,data_50.csv,onset_leak,50_66_89,24,66,89,39600,53400,1,0.9525441,1
test,50,data_50.csv,onset_leak,50_67_90,24,67,90,40200,54000,1,0.9579381,1
test,50,data_50.csv,onset_leak,50_68_91,24,68,91,40800,54600,1,0.96234024,1
test,50,data_50.csv,onset_leak,50_69_92,24,69,92,41400,55200,1,0.96722937,1
test,50,data_50.csv,onset_leak,50_70_93,24,70,93,42000,55800,1,0.96662897,1
test,50,data_50.csv,onset_leak,50_71_94,24,71,94,42600,56400,1,0.9742168,1
test,50,data_50.csv,onset_leak,50_72_95,24,72,95,43200,57000,1,0.9776473,1
test,50,data_50.csv,onset_leak,50_73_96,24,73,96,43800,57600,1,0.9804134,1
test,50,data_50.csv,onset_leak,50_74_97,24,74,97,44400,58200,1,0.9824003,1
test,50,data_50.csv,onset_leak,50_75_98,24,75,98,45000,58800,1,0.9830304,1
test,50,data_50.csv,onset_leak,50_76_99,24,76,99,45600,59400,1,0.98319244,1
test,50,data_50.csv,onset_leak,50_77_100,24,77,100,46200,60000,1,0.98511475,1
test,50,data_50.csv,onset_leak,50_78_101,24,78,101,46800,60600,1,0.9870466,1
test,50,data_50.csv,onset_leak,50_79_102,24,79,102,47400,61200,1,0.9888426,1
test,50,data_50.csv,onset_leak,50_80_103,24,80,103,48000,61800,1,0.9901632,1
test,50,data_50.csv,onset_leak,50_81_104,24,81,104,48600,62400,1,0.99078935,1
test,50,data_50.csv,onset_leak,50_82_105,24,82,105,49200,63000,1,0.99082655,1
test,50,data_50.csv,onset_leak,50_83_106,24,83,106,49800,63600,1,0.99205846,1
test,50,data_50.csv,onset_leak,50_84_107,24,84,107,50400,64200,1,0.9932614,1
test,50,data_50.csv,onset_leak,50_85_108,24,85,108,51000,64800,1,0.9937429,1
test,50,data_50.csv,onset_leak,50_86_109,24,86,109,51600,65400,1,0.99423593,1
test,50,data_50.csv,onset_leak,50_87_110,24,87,110,52200,66000,1,0.99475974,1
test,50,data_50.csv,onset_leak,50_88_111,24,88,111,52800,66600,1,0.9947336,1
test,50,data_50.csv,onset_leak,50_89_112,24,89,112,53400,67200,1,0.9953263,1
test,50,data_50.csv,onset_leak,50_90_113,24,90,113,54000,67800,1,0.9957502,1
test,50,data_50.csv,onset_leak,50_91_114,24,91,114,54600,68400,1,0.995447,1
test,50,data_50.csv,onset_leak,50_92_115,24,92,115,55200,69000,1,0.995337,1
test,50,data_50.csv,onset_leak,50_93_116,24,93,116,55800,69600,1,0.9956677,1
test,50,data_50.csv,onset_leak,50_94_117,24,94,117,56400,70200,1,0.9955894,1
test,50,data_50.csv,onset_leak,50_95_118,24,95,118,57000,70800,1,0.9956411,1
test,50,data_50.csv,onset_leak,50_96_119,24,96,119,57600,71400,1,0.9954399,1
test,50,data_50.csv,onset_leak,50_97_120,24,97,120,58200,72000,1,0.9943733,1
test,50,data_50.csv,onset_leak,50_98_121,24,98,121,58800,72600,1,0.9935557,1
test,50,data_50.csv,onset_leak,50_99_122,24,99,122,59400,73200,1,0.993772,1
test,50,data_50.csv,onset_leak,50_100_123,24,100,123,60000,73800,1,0.9937069,1
test,50,data_50.csv,onset_leak,50_101_124,24,101,124,60600,74400,1,0.9930782,1
test,50,data_50.csv,onset_leak,50_102_125,24,102,125,61200,75000,1,0.99149054,1
test,50,data_50.csv,onset_leak,50_103_126,24,103,126,61800,75600,1,0.98899174,1
test,50,data_50.csv,onset_leak,50_104_127,24,104,127,62400,76200,1,0.98654443,1
test,50,data_50.csv,onset_leak,50_105_128,24,105,128,63000,76800,1,0.9863543,1
test,50,data_50.csv,onset_leak,50_106_129,24,106,129,63600,77400,1,0.986289,1
test,50,data_50.csv,onset_leak,50_107_130,24,107,130,64200,78000,1,0.9833366,1
test,50,data_50.csv,onset_leak,50_108_131,24,108,131,64800,78600,1,0.9777158,1
test,50,data_50.csv,onset_leak,50_109_132,24,109,132,65400,79200,1,0.9720292,1
test,50,data_50.csv,onset_leak,50_110_133,24,110,133,66000,79800,1,0.96390545,1
test,50,data_50.csv,onset_leak,50_111_134,24,111,134,66600,80400,1,0.9593094,1
test,50,data_50.csv,onset_leak,50_112_135,24,112,135,67200,81000,1,0.95870507,1
test,50,data_50.csv,onset_leak,50_113_136,24,113,136,67800,81600,1,0.9471499,1
test,50,data_50.csv,onset_leak,50_114_137,24,114,137,68400,82200,1,0.93121666,1
test,50,data_50.csv,onset_leak,50_115_138,24,115,138,69000,82800,1,0.920133,1
test,50,data_50.csv,onset_leak,50_116_139,24,116,139,69600,83400,1,0.9031476,1
test,50,data_50.csv,onset_leak,50_117_140,24,117,140,70200,84000,1,0.8869481,1
test,50,data_50.csv,onset_leak,50_118_141,24,118,141,70800,84600,1,0.88725215,1
test,50,data_50.csv,onset_leak,50_119_142,24,119,142,71400,85200,1,0.8556062,1
test,50,data_50.csv,onset_leak,50_120_143,24,120,143,72000,85800,1,0.82804555,1
test,50,data_50.csv,onset_leak,50_121_144,24,121,144,72600,86400,1,0.7957925,1
test,53,data_53.csv,persistent_leak,53_0_23,24,0,23,0,13800,1,0.5965557,1
test,53,data_53.csv,persistent_leak,53_1_24,24,1,24,600,14400,1,0.5910493,1
test,53,data_53.csv,persistent_leak,53_2_25,24,2,25,1200,15000,1,0.5781,1
test,53,data_53.csv,persistent_leak,53_3_26,24,3,26,1800,15600,1,0.55819964,1
test,53,data_53.csv,persistent_leak,53_4_27,24,4,27,2400,16200,1,0.5373021,1
test,53,data_53.csv,persistent_leak,53_5_28,24,5,28,3000,16800,1,0.51370984,1
test,53,data_53.csv,persistent_leak,53_6_29,24,6,29,3600,17400,1,0.5057741,1
test,53,data_53.csv,persistent_leak,53_7_30,24,7,30,4200,18000,1,0.50428635,1
test,53,data_53.csv,persistent_leak,53_8_31,24,8,31,4800,18600,1,0.4976629,1
test,53,data_53.csv,persistent_leak,53_9_32,24,9,32,5400,19200,1,0.49586532,1
test,53,data_53.csv,persistent_leak,53_10_33,24,10,33,6000,19800,1,0.48758367,1
test,53,data_53.csv,persistent_leak,53_11_34,24,11,34,6600,20400,1,0.49475443,1
test,53,data_53.csv,persistent_leak,53_12_35,24,12,35,7200,21000,1,0.5102127,1
test,53,data_53.csv,persistent_leak,53_13_36,24,13,36,7800,21600,1,0.53976023,1
test,53,data_53.csv,persistent_leak,53_14_37,24,14,37,8400,22200,1,0.55741763,1
test,53,data_53.csv,persistent_leak,53_15_38,24,15,38,9000,22800,1,0.56881654,1
test,53,data_53.csv,persistent_leak,53_16_39,24,16,39,9600,23400,1,0.5794233,1
test,53,data_53.csv,persistent_leak,53_17_40,24,17,40,10200,24000,1,0.6036163,1
test,53,data_53.csv,persistent_leak,53_18_41,24,18,41,10800,24600,1,0.62525755,1
test,53,data_53.csv,persistent_leak,53_19_42,24,19,42,11400,25200,1,0.65933913,1
test,53,data_53.csv,persistent_leak,53_20_43,24,20,43,12000,25800,1,0.6808945,1
test,53,data_53.csv,persistent_leak,53_21_44,24,21,44,12600,26400,1,0.6929619,1
test,53,data_53.csv,persistent_leak,53_22_45,24,22,45,13200,27000,1,0.69861287,1
test,53,data_53.csv,persistent_leak,53_23_46,24,23,46,13800,27600,1,0.7242596,1
test,53,data_53.csv,persistent_leak,53_24_47,24,24,47,14400,28200,1,0.74804306,1
test,53,data_53.csv,persistent_leak,53_25_48,24,25,48,15000,28800,1,0.7766984,1
test,53,data_53.csv,persistent_leak,53_26_49,24,26,49,15600,29400,1,0.7997082,1
test,53,data_53.csv,persistent_leak,53_27_50,24,27,50,16200,30000,1,0.8096794,1
test,53,data_53.csv,persistent_leak,53_28_51,24,28,51,16800,30600,1,0.8131107,1
test,53,data_53.csv,persistent_leak,53_29_52,24,29,52,17400,31200,1,0.836403,1
test,53,data_53.csv,persistent_leak,53_30_53,24,30,53,18000,31800,1,0.85424405,1
test,53,data_53.csv,persistent_leak,53_31_54,24,31,54,18600,32400,1,0.8630387,1
test,53,data_53.csv,persistent_leak,53_32_55,24,32,55,19200,33000,1,0.8748524,1
test,53,data_53.csv,persistent_leak,53_33_56,24,33,56,19800,33600,1,0.88340396,1
test,53,data_53.csv,persistent_leak,53_34_57,24,34,57,20400,34200,1,0.88357073,1
test,53,data_53.csv,persistent_leak,53_35_58,24,35,58,21000,34800,1,0.89466643,1
test,53,data_53.csv,persistent_leak,53_36_59,24,36,59,21600,35400,1,0.9030207,1
test,53,data_53.csv,persistent_leak,53_37_60,24,37,60,22200,36000,1,0.9075486,1
test,53,data_53.csv,persistent_leak,53_38_61,24,38,61,22800,36600,1,0.91039616,1
test,53,data_53.csv,persistent_leak,53_39_62,24,39,62,23400,37200,1,0.9158458,1
test,53,data_53.csv,persistent_leak,53_40_63,24,40,63,24000,37800,1,0.91470414,1
test,53,data_53.csv,persistent_leak,53_41_64,24,41,64,24600,38400,1,0.92083836,1
test,53,data_53.csv,persistent_leak,53_42_65,24,42,65,25200,39000,1,0.9251677,1
test,53,data_53.csv,persistent_leak,53_43_66,24,43,66,25800,39600,1,0.9313859,1
test,53,data_53.csv,persistent_leak,53_44_67,24,44,67,26400,40200,1,0.9339232,1
test,53,data_53.csv,persistent_leak,53_45_68,24,45,68,27000,40800,1,0.93531436,1
test,53,data_53.csv,persistent_leak,53_46_69,24,46,69,27600,41400,1,0.935725,1
test,53,data_53.csv,persistent_leak,53_47_70,24,47,70,28200,42000,1,0.94196427,1
test,53,data_53.csv,persistent_leak,53_48_71,24,48,71,28800,42600,1,0.9465313,1
test,53,data_53.csv,persistent_leak,53_49_72,24,49,72,29400,43200,1,0.9506677,1
test,53,data_53.csv,persistent_leak,53_50_73,24,50,73,30000,43800,1,0.95416623,1
test,53,data_53.csv,persistent_leak,53_51_74,24,51,74,30600,44400,1,0.954952,1
test,53,data_53.csv,persistent_leak,53_52_75,24,52,75,31200,45000,1,0.9554528,1
test,53,data_53.csv,persistent_leak,53_53_76,24,53,76,31800,45600,1,0.9587032,1
test,53,data_53.csv,persistent_leak,53_54_77,24,54,77,32400,46200,1,0.9621327,1
test,53,data_53.csv,persistent_leak,53_55_78,24,55,78,33000,46800,1,0.9632354,1
test,53,data_53.csv,persistent_leak,53_56_79,24,56,79,33600,47400,1,0.9651662,1
test,53,data_53.csv,persistent_leak,53_57_80,24,57,80,34200,48000,1,0.9670311,1
test,53,data_53.csv,persistent_leak,53_58_81,24,58,81,34800,48600,1,0.9668123,1
test,53,data_53.csv,persistent_leak,53_59_82,24,59,82,35400,49200,1,0.9681321,1
test,53,data_53.csv,persistent_leak,53_60_83,24,60,83,36000,49800,1,0.96975726,1
test,53,data_53.csv,persistent_leak,53_61_84,24,61,84,36600,50400,1,0.9676106,1
test,53,data_53.csv,persistent_leak,53_62_85,24,62,85,37200,51000,1,0.96648484,1
test,53,data_53.csv,persistent_leak,53_63_86,24,63,86,37800,51600,1,0.96835816,1
test,53,data_53.csv,persistent_leak,53_64_87,24,64,87,38400,52200,1,0.9681939,1
test,53,data_53.csv,persistent_leak,53_65_88,24,65,88,39000,52800,1,0.9685814,1
test,53,data_53.csv,persistent_leak,53_66_89,24,66,89,39600,53400,1,0.9670106,1
test,53,data_53.csv,persistent_leak,53_67_90,24,67,90,40200,54000,1,0.9622583,1
test,53,data_53.csv,persistent_leak,53_68_91,24,68,91,40800,54600,1,0.9584259,1
test,53,data_53.csv,persistent_leak,53_69_92,24,69,92,41400,55200,1,0.9587388,1
test,53,data_53.csv,persistent_leak,53_70_93,24,70,93,42000,55800,1,0.958422,1
test,53,data_53.csv,persistent_leak,53_71_94,24,71,94,42600,56400,1,0.956721,1
test,53,data_53.csv,persistent_leak,53_72_95,24,72,95,43200,57000,1,0.9511647,1
test,53,data_53.csv,persistent_leak,53_73_96,24,73,96,43800,57600,1,0.9451925,1
test,53,data_53.csv,persistent_leak,53_74_97,24,74,97,44400,58200,1,0.9377348,1
test,53,data_53.csv,persistent_leak,53_75_98,24,75,98,45000,58800,1,0.93454856,1
test,53,data_53.csv,persistent_leak,53_76_99,24,76,99,45600,59400,1,0.93404514,1
test,53,data_53.csv,persistent_leak,53_77_100,24,77,100,46200,60000,1,0.9266866,1
test,53,data_53.csv,persistent_leak,53_78_101,24,78,101,46800,60600,1,0.91519505,1
test,53,data_53.csv,persistent_leak,53_79_102,24,79,102,47400,61200,1,0.90608644,1
test,53,data_53.csv,persistent_leak,53_80_103,24,80,103,48000,61800,1,0.89492434,1
test,53,data_53.csv,persistent_leak,53_81_104,24,81,104,48600,62400,1,0.8859154,1
test,53,data_53.csv,persistent_leak,53_82_105,24,82,105,49200,63000,1,0.88532263,1
test,53,data_53.csv,persistent_leak,53_83_106,24,83,106,49800,63600,1,0.86819214,1
test,53,data_53.csv,persistent_leak,53_84_107,24,84,107,50400,64200,1,0.85091597,1
test,53,data_53.csv,persistent_leak,53_85_108,24,85,108,51000,64800,1,0.8495872,1
test,53,data_53.csv,persistent_leak,53_86_109,24,86,109,51600,65400,1,0.842477,1
test,53,data_53.csv,persistent_leak,53_87_110,24,87,110,52200,66000,1,0.8282928,1
test,53,data_53.csv,persistent_leak,53_88_111,24,88,111,52800,66600,1,0.8271758,1
test,53,data_53.csv,persistent_leak,53_89_112,24,89,112,53400,67200,1,0.81355625,1
test,53,data_53.csv,persistent_leak,53_90_113,24,90,113,54000,67800,1,0.8087198,1
test,53,data_53.csv,persistent_leak,53_91_114,24,91,114,54600,68400,1,0.81525296,1
test,53,data_53.csv,persistent_leak,53_92_115,24,92,115,55200,69000,1,0.81898355,1
test,53,data_53.csv,persistent_leak,53_93_116,24,93,116,55800,69600,1,0.8147215,1
test,53,data_53.csv,persistent_leak,53_94_117,24,94,117,56400,70200,1,0.8172745,1
test,53,data_53.csv,persistent_leak,53_95_118,24,95,118,57000,70800,1,0.82013553,1
test,53,data_53.csv,persistent_leak,53_96_119,24,96,119,57600,71400,1,0.82677543,1
test,53,data_53.csv,persistent_leak,53_97_120,24,97,120,58200,72000,1,0.8360149,1
test,53,data_53.csv,persistent_leak,53_98_121,24,98,121,58800,72600,1,0.84485996,1
test,53,data_53.csv,persistent_leak,53_99_122,24,99,122,59400,73200,1,0.84818745,1
test,53,data_53.csv,persistent_leak,53_100_123,24,100,123,60000,73800,1,0.84815204,1
test,53,data_53.csv,persistent_leak,53_101_124,24,101,124,60600,74400,1,0.8536709,1
test,53,data_53.csv,persistent_leak,53_102_125,24,102,125,61200,75000,1,0.86315745,1
test,53,data_53.csv,persistent_leak,53_103_126,24,103,126,61800,75600,1,0.87370723,1
test,53,data_53.csv,persistent_leak,53_104_127,24,104,127,62400,76200,1,0.88056904,1
test,53,data_53.csv,persistent_leak,53_105_128,24,105,128,63000,76800,1,0.88545036,1
test,53,data_53.csv,persistent_leak,53_106_129,24,106,129,63600,77400,1,0.88542026,1
test,53,data_53.csv,persistent_leak,53_107_130,24,107,130,64200,78000,1,0.8948324,1
test,53,data_53.csv,persistent_leak,53_108_131,24,108,131,64800,78600,1,0.90352464,1
test,53,data_53.csv,persistent_leak,53_109_132,24,109,132,65400,79200,1,0.89936185,1
test,53,data_53.csv,persistent_leak,53_110_133,24,110,133,66000,79800,1,0.89967436,1
test,53,data_53.csv,persistent_leak,53_111_134,24,111,134,66600,80400,1,0.90489113,1
test,53,data_53.csv,persistent_leak,53_112_135,24,112,135,67200,81000,1,0.905226,1
test,53,data_53.csv,persistent_leak,53_113_136,24,113,136,67800,81600,1,0.9073858,1
test,53,data_53.csv,persistent_leak,53_114_137,24,114,137,68400,82200,1,0.9055908,1
test,53,data_53.csv,persistent_leak,53_115_138,24,115,138,69000,82800,1,0.8931205,1
test,53,data_53.csv,persistent_leak,53_116_139,24,116,139,69600,83400,1,0.8855102,1
test,53,data_53.csv,persistent_leak,53_117_140,24,117,140,70200,84000,1,0.8905935,1
test,53,data_53.csv,persistent_leak,53_118_141,24,118,141,70800,84600,1,0.8910334,1
test,53,data_53.csv,persistent_leak,53_119_142,24,119,142,71400,85200,1,0.88350093,1
test,53,data_53.csv,persistent_leak,53_120_143,24,120,143,72000,85800,1,0.87152314,1
test,53,data_53.csv,persistent_leak,53_121_144,24,121,144,72600,86400,1,0.8616853,1
