split,scenario_id,source_file,scenario_type,window_id,window_size,start_idx,end_idx,start_time_s,end_time_s,y_true,y_score,y_pred
train,1,data_1.csv,normal,1_0_23,24,0,23,0,13800,0,0.25327164,0
train,1,data_1.csv,normal,1_1_24,24,1,24,600,14400,0,0.24486801,0
train,1,data_1.csv,normal,1_2_25,24,2,25,1200,15000,0,0.23475727,0
train,1,data_1.csv,normal,1_3_26,24,3,26,1800,15600,0,0.22236645,0
train,1,data_1.csv,normal,1_4_27,24,4,27,2400,16200,0,0.21106973,0
train,1,data_1.csv,normal,1_5_28,24,5,28,3000,16800,0,0.20445825,0
train,1,data_1.csv,normal,1_6_29,24,6,29,3600,17400,0,0.19595131,0
train,1,data_1.csv,normal,1_7_30,24,7,30,4200,18000,0,0.18949004,0
train,1,data_1.csv,normal,1_8_31,24,8,31,4800,18600,0,0.18201467,0
train,1,data_1.csv,normal,1_9_32,24,9,32,5400,19200,0,0.17890647,0
train,1,data_1.csv,normal,1_10_33,24,10,33,6000,19800,0,0.17302945,0
train,1,data_1.csv,normal,1_11_34,24,11,34,6600,20400,0,0.17299622,0
train,1,data_1.csv,normal,1_12_35,24,12,35,7200,21000,0,0.17050137,0
train,1,data_1.csv,normal,1_13_36,24,13,36,7800,21600,0,0.16506849,0
train,1,data_1.csv,normal,1_14_37,24,14,37,8400,22200,0,0.1562705,0
train,1,data_1.csv,normal,1_15_38,24,15,38,9000,22800,0,0.15469627,0
train,1,data_1.csv,normal,1_16_39,24,16,39,9600,23400,0,0.15427522,0
train,1,data_1.csv,normal,1_17_40,24,17,40,10200,24000,0,0.15503097,0
train,1,data_1.csv,normal,1_18_41,24,18,41,10800,24600,0,0.15449569,0
train,1,data_1.csv,normal,1_19_42,24,19,42,11400,25200,0,0.15170221,0
train,1,data_1.csv,normal,1_20_43,24,20,43,12000,25800,0,0.14839835,0
train,1,data_1.csv,normal,1_21_44,24,21,44,12600,26400,0,0.15217397,0
train,1,data_1.csv,normal,1_22_45,24,22,45,13200,27000,0,0.15868677,0
train,1,data_1.csv,normal,1_23_46,24,23,46,13800,27600,0,0.16577499,0
train,1,data_1.csv,normal,1_24_47,24,24,47,14400,28200,0,0.1715102,0
train,1,data_1.csv,normal,1_25_48,24,25,48,15000,28800,0,0.16774032,0
train,1,data_1.csv,normal,1_26_49,24,26,49,15600,29400,0,0.16820015,0
train,1,data_1.csv,normal,1_27_50,24,27,50,16200,30000,0,0.17954808,0
train,1,data_1.csv,normal,1_28_51,24,28,51,16800,30600,0,0.19245675,0
train,1,data_1.csv,normal,1_29_52,24,29,52,17400,31200,0,0.20245291,0
train,1,data_1.csv,normal,1_30_53,24,30,53,18000,31800,0,0.21725324,0
train,1,data_1.csv,normal,1_31_54,24,31,54,18600,32400,0,0.23199841,0
train,1,data_1.csv,normal,1_32_55,24,32,55,19200,33000,0,0.23713358,0
train,1,data_1.csv,normal,1_33_56,24,33,56,19800,33600,0,0.24670057,0
train,1,data_1.csv,normal,1_34_57,24,34,57,20400,34200,0,0.27289915,0
train,1,data_1.csv,normal,1_35_58,24,35,58,21000,34800,0,0.2925344,0
train,1,data_1.csv,normal,1_36_59,24,36,59,21600,35400,0,0.31644064,1
train,1,data_1.csv,normal,1_37_60,24,37,60,22200,36000,0,0.34304813,1
train,1,data_1.csv,normal,1_38_61,24,38,61,22800,36600,0,0.35561112,1
train,1,data_1.csv,normal,1_39_62,24,39,62,23400,37200,0,0.38309163,1
train,1,data_1.csv,normal,1_40_63,24,40,63,24000,37800,0,0.42721647,1
train,1,data_1.csv,normal,1_41_64,24,41,64,24600,38400,0,0.44766518,1
train,1,data_1.csv,normal,1_42_65,24,42,65,25200,39000,0,0.48077708,1
train,1,data_1.csv,normal,1_43_66,24,43,66,25800,39600,0,0.52059937,1
train,1,data_1.csv,normal,1_44_67,24,44,67,26400,40200,0,0.54173505,1
train,1,data_1.csv,normal,1_45_68,24,45,68,27000,40800,0,0.57014394,1
train,1,data_1.csv,normal,1_46_69,24,46,69,27600,41400,0,0.5765706,1
train,1,data_1.csv,normal,1_47_70,24,47,70,28200,42000,0,0.6223181,1
train,1,data_1.csv,normal,1_48_71,24,48,71,28800,42600,0,0.66206276,1
train,1,data_1.csv,normal,1_49_72,24,49,72,29400,43200,0,0.6845492,1
train,1,data_1.csv,normal,1_50_73,24,50,73,30000,43800,0,0.70788103,1
train,1,data_1.csv,normal,1_51_74,24,51,74,30600,44400,0,0.7149392,1
train,1,data_1.csv,normal,1_52_75,24,52,75,31200,45000,0,0.731507,1
train,1,data_1.csv,normal,1_53_76,24,53,76,31800,45600,0,0.75213337,1
train,1,data_1.csv,normal,1_54_77,24,54,77,32400,46200,0,0.7663186,1
train,1,data_1.csv,normal,1_55_78,24,55,78,33000,46800,0,0.7437814,1
train,1,data_1.csv,normal,1_56_79,24,56,79,33600,47400,0,0.73814005,1
train,1,data_1.csv,normal,1_57_80,24,57,80,34200,48000,0,0.74261373,1
train,1,data_1.csv,normal,1_58_81,24,58,81,34800,48600,0,0.7285498,1
train,1,data_1.csv,normal,1_59_82,24,59,82,35400,49200,0,0.7190353,1
train,1,data_1.csv,normal,1_60_83,24,60,83,36000,49800,0,0.7185996,1
train,1,data_1.csv,normal,1_61_84,24,61,84,36600,50400,0,0.66965634,1
train,1,data_1.csv,normal,1_62_85,24,62,85,37200,51000,0,0.63138396,1
train,1,data_1.csv,normal,1_63_86,24,63,86,37800,51600,0,0.6323506,1
train,1,data_1.csv,normal,1_64_87,24,64,87,38400,52200,0,0.63024056,1
train,1,data_1.csv,normal,1_65_88,24,65,88,39000,52800,0,0.6397536,1
train,1,data_1.csv,normal,1_66_89,24,66,89,39600,53400,0,0.6235155,1
train,1,data_1.csv,normal,1_67_90,24,67,90,40200,54000,0,0.6023395,1
train,1,data_1.csv,normal,1_68_91,24,68,91,40800,54600,0,0.5846742,1
train,1,data_1.csv,normal,1_69_92,24,69,92,41400,55200,0,0.5897797,1
train,1,data_1.csv,normal,1_70_93,24,70,93,42000,55800,0,0.59831285,1
train,1,data_1.csv,normal,1_71_94,24,71,94,42600,56400,0,0.6166236,1
train,1,data_1.csv,normal,1_72_95,24,72,95,43200,57000,0,0.6127414,1
train,1,data_1.csv,normal,1_73_96,24,73,96,43800,57600,0,0.5949426,1
train,1,data_1.csv,normal,1_74_97,24,74,97,44400,58200,0,0.5865553,1
train,1,data_1.csv,normal,1_75_98,24,75,98,45000,58800,0,0.5811023,1
train,1,data_1.csv,normal,1_76_99,24,76,99,45600,59400,0,0.583015,1
train,1,data_1.csv,normal,1_77_100,24,77,100,46200,60000,0,0.5829076,1
train,1,data_1.csv,normal,1_78_101,24,78,101,46800,60600,0,0.58385366,1
train,1,data_1.csv,normal,1_79_102,24,79,102,47400,61200,0,0.5807667,1
train,1,data_1.csv,normal,1_80_103,24,80,103,48000,61800,0,0.57705104,1
train,1,data_1.csv,normal,1_81_104,24,81,104,48600,62400,0,0.56935644,1
train,1,data_1.csv,normal,1_82_105,24,82,105,49200,63000,0,0.5473316,1
train,1,data_1.csv,normal,1_83_106,24,83,106,49800,63600,0,0.5235687,1
train,1,data_1.csv,normal,1_84_107,24,84,107,50400,64200,0,0.50288445,1
train,1,data_1.csv,normal,1_85_108,24,85,108,51000,64800,0,0.47947955,1
train,1,data_1.csv,normal,1_86_109,24,86,109,51600,65400,0,0.450173,1
train,1,data_1.csv,normal,1_87_110,24,87,110,52200,66000,0,0.41770086,1
train,1,data_1.csv,normal,1_88_111,24,88,111,52800,66600,0,0.38356483,1
train,1,data_1.csv,normal,1_89_112,24,89,112,53400,67200,0,0.36423793,1
train,1,data_1.csv,normal,1_90_113,24,90,113,54000,67800,0,0.3379376,1
train,1,data_1.csv,normal,1_91_114,24,91,114,54600,68400,0,0.32287803,1
train,1,data_1.csv,normal,1_92_115,24,92,115,55200,69000,0,0.30347037,1
train,1,data_1.csv,normal,1_93_116,24,93,116,55800,69600,0,0.29301137,0
train,1,data_1.csv,normal,1_94_117,24,94,117,56400,70200,0,0.27995494,0
train,1,data_1.csv,normal,1_95_118,24,95,118,57000,70800,0,0.27591848,0
train,1,data_1.csv,normal,1_96_119,24,96,119,57600,71400,0,0.2677843,0
train,1,data_1.csv,normal,1_97_120,24,97,120,58200,72000,0,0.26577544,0
train,1,data_1.csv,normal,1_98_121,24,98,121,58800,72600,0,0.2577532,0
train,1,data_1.csv,normal,1_99_122,24,99,122,59400,73200,0,0.26196864,0
train,1,data_1.csv,normal,1_100_123,24,100,123,60000,73800,0,0.2728019,0
train,1,data_1.csv,normal,1_101_124,24,101,124,60600,74400,0,0.27487957,0
train,1,data_1.csv,normal,1_102_125,24,102,125,61200,75000,0,0.27863115,0
train,1,data_1.csv,normal,1_103_126,24,103,126,61800,75600,0,0.29302576,0
train,1,data_1.csv,normal,1_104_127,24,104,127,62400,76200,0,0.3069916,1
train,1,data_1.csv,normal,1_105_128,24,105,128,63000,76800,0,0.33020163,1
train,1,data_1.csv,normal,1_106_129,24,106,129,63600,77400,0,0.3696527,1
train,1,data_1.csv,normal,1_107_130,24,107,130,64200,78000,0,0.38522446,1
train,1,data_1.csv,normal,1_108_131,24,108,131,64800,78600,0,0.40850446,1
train,1,data_1.csv,normal,1_109_132,24,109,132,65400,79200,0,0.42082477,1
train,1,data_1.csv,normal,1_110_133,24,110,133,66000,79800,0,0.44676262,1
train,1,data_1.csv,normal,1_111_134,24,111,134,66600,80400,0,0.4756576,1
train,1,data_1.csv,normal,1_112_135,24,112,135,67200,81000,0,0.4977476,1
train,1,data_1.csv,normal,1_113_136,24,113,136,67800,81600,0,0.5124066,1
train,1,data_1.csv,normal,1_114_137,24,114,137,68400,82200,0,0.5253668,1
train,1,data_1.csv,normal,1_115_138,24,115,138,69000,82800,0,0.52912086,1
train,1,data_1.csv,normal,1_116_139,24,116,139,69600,83400,0,0.54069483,1
train,1,data_1.csv,normal,1_117_140,24,117,140,70200,84000,0,0.55112743,1
train,1,data_1.csv,normal,1_118_141,24,118,141,70800,84600,0,0.55635405,1
train,1,data_1.csv,normal,1_119_142,24,119,142,71400,85200,0,0.55783194,1
train,1,data_1.csv,normal,1_120_143,24,120,143,72000,85800,0,0.5637643,1
train,1,data_1.csv,normal,1_121_144,24,121,144,72600,86400,0,0.56707126,1
train,3,data_3.csv,normal,3_0_23,24,0,23,0,13800,0,0.25087366,0
train,3,data_3.csv,normal,3_1_24,24,1,24,600,14400,0,0.24978673,0
train,3,data_3.csv,normal,3_2_25,24,2,25,1200,15000,0,0.24857615,0
train,3,data_3.csv,normal,3_3_26,24,3,26,1800,15600,0,0.24621627,0
train,3,data_3.csv,normal,3_4_27,24,4,27,2400,16200,0,0.24322054,0
train,3,data_3.csv,normal,3_5_28,24,5,28,3000,16800,0,0.24095345,0
train,3,data_3.csv,normal,3_6_29,24,6,29,3600,17400,0,0.2388212,0
train,3,data_3.csv,normal,3_7_30,24,7,30,4200,18000,0,0.23678076,0
train,3,data_3.csv,normal,3_8_31,24,8,31,4800,18600,0,0.23482838,0
train,3,data_3.csv,normal,3_9_32,24,9,32,5400,19200,0,0.2319505,0
train,3,data_3.csv,normal,3_10_33,24,10,33,6000,19800,0,0.22828932,0
train,3,data_3.csv,normal,3_11_34,24,11,34,6600,20400,0,0.2265404,0
train,3,data_3.csv,normal,3_12_35,24,12,35,7200,21000,0,0.2245375,0
train,3,data_3.csv,normal,3_13_36,24,13,36,7800,21600,0,0.22211194,0
train,3,data_3.csv,normal,3_14_37,24,14,37,8400,22200,0,0.21913035,0
train,3,data_3.csv,normal,3_15_38,24,15,38,9000,22800,0,0.21704568,0
train,3,data_3.csv,normal,3_16_39,24,16,39,9600,23400,0,0.2145294,0
train,3,data_3.csv,normal,3_17_40,24,17,40,10200,24000,0,0.2135171,0
train,3,data_3.csv,normal,3_18_41,24,18,41,10800,24600,0,0.21176872,0
train,3,data_3.csv,normal,3_19_42,24,19,42,11400,25200,0,0.21072672,0
train,3,data_3.csv,normal,3_20_43,24,20,43,12000,25800,0,0.20861705,0
train,3,data_3.csv,normal,3_21_44,24,21,44,12600,26400,0,0.20789719,0
train,3,data_3.csv,normal,3_22_45,24,22,45,13200,27000,0,0.207857,0
train,3,data_3.csv,normal,3_23_46,24,23,46,13800,27600,0,0.2077997,0
train,3,data_3.csv,normal,3_24_47,24,24,47,14400,28200,0,0.20738083,0
train,3,data_3.csv,normal,3_25_48,24,25,48,15000,28800,0,0.20743051,0
train,3,data_3.csv,normal,3_26_49,24,26,49,15600,29400,0,0.20741616,0
train,3,data_3.csv,normal,3_27_50,24,27,50,16200,30000,0,0.20930728,0
train,3,data_3.csv,normal,3_28_51,24,28,51,16800,30600,0,0.21152101,0
train,3,data_3.csv,normal,3_29_52,24,29,52,17400,31200,0,0.21361665,0
train,3,data_3.csv,normal,3_30_53,24,30,53,18000,31800,0,0.21554646,0
train,3,data_3.csv,normal,3_31_54,24,31,54,18600,32400,0,0.21283528,0
train,3,data_3.csv,normal,3_32_55,24,32,55,19200,33000,0,0.21025246,0
train,3,data_3.csv,normal,3_33_56,24,33,56,19800,33600,0,0.20974721,0
train,3,data_3.csv,normal,3_34_57,24,34,57,20400,34200,0,0.20804654,0
train,3,data_3.csv,normal,3_35_58,24,35,58,21000,34800,0,0.21023118,0
train,3,data_3.csv,normal,3_36_59,24,36,59,21600,35400,0,0.21046019,0
train,3,data_3.csv,normal,3_37_60,24,37,60,22200,36000,0,0.19987229,0
train,3,data_3.csv,normal,3_38_61,24,38,61,22800,36600,0,0.18879208,0
train,3,data_3.csv,normal,3_39_62,24,39,62,23400,37200,0,0.18454249,0
train,3,data_3.csv,normal,3_40_63,24,40,63,24000,37800,0,0.17682669,0
train,3,data_3.csv,normal,3_41_64,24,41,64,24600,38400,0,0.1784151,0
train,3,data_3.csv,normal,3_42_65,24,42,65,25200,39000,0,0.17595863,0
train,3,data_3.csv,normal,3_43_66,24,43,66,25800,39600,0,0.1673009,0
train,3,data_3.csv,normal,3_44_67,24,44,67,26400,40200,0,0.1537261,0
train,3,data_3.csv,normal,3_45_68,24,45,68,27000,40800,0,0.15331027,0
train,3,data_3.csv,normal,3_46_69,24,46,69,27600,41400,0,0.15396947,0
train,3,data_3.csv,normal,3_47_70,24,47,70,28200,42000,0,0.15589055,0
train,3,data_3.csv,normal,3_48_71,24,48,71,28800,42600,0,0.15800886,0
train,3,data_3.csv,normal,3_49_72,24,49,72,29400,43200,0,0.17069992,0
train,3,data_3.csv,normal,3_50_73,24,50,73,30000,43800,0,0.17232366,0
train,3,data_3.csv,normal,3_51_74,24,51,74,30600,44400,0,0.18257459,0
train,3,data_3.csv,normal,3_52_75,24,52,75,31200,45000,0,0.21021897,0
train,3,data_3.csv,normal,3_53_76,24,53,76,31800,45600,0,0.22575063,0
train,3,data_3.csv,normal,3_54_77,24,54,77,32400,46200,0,0.24618714,0
train,3,data_3.csv,normal,3_55_78,24,55,78,33000,46800,0,0.26671308,0
train,3,data_3.csv,normal,3_56_79,24,56,79,33600,47400,0,0.2903947,0
train,3,data_3.csv,normal,3_57_80,24,57,80,34200,48000,0,0.32523575,1
train,3,data_3.csv,normal,3_58_81,24,58,81,34800,48600,0,0.37881613,1
train,3,data_3.csv,normal,3_59_82,24,59,82,35400,49200,0,0.40672603,1
train,3,data_3.csv,normal,3_60_83,24,60,83,36000,49800,0,0.4456219,1
train,3,data_3.csv,normal,3_61_84,24,61,84,36600,50400,0,0.45227218,1
train,3,data_3.csv,normal,3_62_85,24,62,85,37200,51000,0,0.46994677,1
train,3,data_3.csv,normal,3_63_86,24,63,86,37800,51600,0,0.49215367,1
train,3,data_3.csv,normal,3_64_87,24,64,87,38400,52200,0,0.5032877,1
train,3,data_3.csv,normal,3_65_88,24,65,88,39000,52800,0,0.51405007,1
train,3,data_3.csv,normal,3_66_89,24,66,89,39600,53400,0,0.52296996,1
train,3,data_3.csv,normal,3_67_90,24,67,90,40200,54000,0,0.5239778,1
train,3,data_3.csv,normal,3_68_91,24,68,91,40800,54600,0,0.52535963,1
train,3,data_3.csv,normal,3_69_92,24,69,92,41400,55200,0,0.5253335,1
train,3,data_3.csv,normal,3_70_93,24,70,93,42000,55800,0,0.5251131,1
train,3,data_3.csv,normal,3_71_94,24,71,94,42600,56400,0,0.5279401,1
train,3,data_3.csv,normal,3_72_95,24,72,95,43200,57000,0,0.52913606,1
train,3,data_3.csv,normal,3_73_96,24,73,96,43800,57600,0,0.5278111,1
train,3,data_3.csv,normal,3_74_97,24,74,97,44400,58200,0,0.5200263,1
train,3,data_3.csv,normal,3_75_98,24,75,98,45000,58800,0,0.51229674,1
train,3,data_3.csv,normal,3_76_99,24,76,99,45600,59400,0,0.49716067,1
train,3,data_3.csv,normal,3_77_100,24,77,100,46200,60000,0,0.49056292,1
train,3,data_3.csv,normal,3_78_101,24,78,101,46800,60600,0,0.48364368,1
train,3,data_3.csv,normal,3_79_102,24,79,102,47400,61200,0,0.48231712,1
train,3,data_3.csv,normal,3_80_103,24,80,103,48000,61800,0,0.46232966,1
train,3,data_3.csv,normal,3_81_104,24,81,104,48600,62400,0,0.4395479,1
train,3,data_3.csv,normal,3_82_105,24,82,105,49200,63000,0,0.42660037,1
train,3,data_3.csv,normal,3_83_106,24,83,106,49800,63600,0,0.4189503,1
train,3,data_3.csv,normal,3_84_107,24,84,107,50400,64200,0,0.41695693,1
train,3,data_3.csv,normal,3_85_108,24,85,108,51000,64800,0,0.4575482,1
train,3,data_3.csv,normal,3_86_109,24,86,109,51600,65400,0,0.47403818,1
train,3,data_3.csv,normal,3_87_110,24,87,110,52200,66000,0,0.4867981,1
train,3,data_3.csv,normal,3_88_111,24,88,111,52800,66600,0,0.502469,1
train,3,data_3.csv,normal,3_89_112,24,89,112,53400,67200,0,0.5453012,1
train,3,data_3.csv,normal,3_90_113,24,90,113,54000,67800,0,0.5961268,1
train,3,data_3.csv,normal,3_91_114,24,91,114,54600,68400,0,0.5607663,1
train,3,data_3.csv,normal,3_92_115,24,92,115,55200,69000,0,0.5379306,1
train,3,data_3.csv,normal,3_93_116,24,93,116,55800,69600,0,0.5527121,1
train,3,data_3.csv,normal,3_94_117,24,94,117,56400,70200,0,0.5469726,1
train,3,data_3.csv,normal,3_95_118,24,95,118,57000,70800,0,0.5429382,1
train,3,data_3.csv,normal,3_96_119,24,96,119,57600,71400,0,0.5495518,1
train,3,data_3.csv,normal,3_97_120,24,97,120,58200,72000,0,0.51586777,1
train,3,data_3.csv,normal,3_98_121,24,98,121,58800,72600,0,0.50953907,1
train,3,data_3.csv,normal,3_99_122,24,99,122,59400,73200,0,0.5254047,1
train,3,data_3.csv,normal,3_100_123,24,100,123,60000,73800,0,0.54743105,1
train,3,data_3.csv,normal,3_101_124,24,101,124,60600,74400,0,0.554849,1
train,3,data_3.csv,normal,3_102_125,24,102,125,61200,75000,0,0.55080986,1
train,3,data_3.csv,normal,3_103_126,24,103,126,61800,75600,0,0.5581931,1
train,3,data_3.csv,normal,3_104_127,24,104,127,62400,76200,0,0.5593944,1
train,3,data_3.csv,normal,3_105_128,24,105,128,63000,76800,0,0.5711323,1
train,3,data_3.csv,normal,3_106_129,24,106,129,63600,77400,0,0.5735192,1
train,3,data_3.csv,normal,3_107_130,24,107,130,64200,78000,0,0.5867005,1
train,3,data_3.csv,normal,3_108_131,24,108,131,64800,78600,0,0.6024756,1
train,3,data_3.csv,normal,3_109_132,24,109,132,65400,79200,0,0.6005815,1
train,3,data_3.csv,normal,3_110_133,24,110,133,66000,79800,0,0.59852195,1
train,3,data_3.csv,normal,3_111_134,24,111,134,66600,80400,0,0.5993599,1
train,3,data_3.csv,normal,3_112_135,24,112,135,67200,81000,0,0.5955174,1
train,3,data_3.csv,normal,3_113_136,24,113,136,67800,81600,0,0.5920011,1
train,3,data_3.csv,normal,3_114_137,24,114,137,68400,82200,0,0.58341193,1
train,3,data_3.csv,normal,3_115_138,24,115,138,69000,82800,0,0.56733924,1
train,3,data_3.csv,normal,3_116_139,24,116,139,69600,83400,0,0.5450397,1
train,3,data_3.csv,normal,3_117_140,24,117,140,70200,84000,0,0.4959993,1
train,3,data_3.csv,normal,3_118_141,24,118,141,70800,84600,0,0.44493827,1
train,3,data_3.csv,normal,3_119_142,24,119,142,71400,85200,0,0.4084543,1
train,3,data_3.csv,normal,3_120_143,24,120,143,72000,85800,0,0.36780113,1
train,3,data_3.csv,normal,3_121_144,24,121,144,72600,86400,0,0.36261094,1
train,4,data_4.csv,normal,4_0_23,24,0,23,0,13800,0,0.18428348,0
train,4,data_4.csv,normal,4_1_24,24,1,24,600,14400,0,0.18094072,0
train,4,data_4.csv,normal,4_2_25,24,2,25,1200,15000,0,0.17796437,0
train,4,data_4.csv,normal,4_3_26,24,3,26,1800,15600,0,0.17657661,0
train,4,data_4.csv,normal,4_4_27,24,4,27,2400,16200,0,0.17306133,0
train,4,data_4.csv,normal,4_5_28,24,5,28,3000,16800,0,0.17432302,0
train,4,data_4.csv,normal,4_6_29,24,6,29,3600,17400,0,0.17349882,0
train,4,data_4.csv,normal,4_7_30,24,7,30,4200,18000,0,0.16682553,0
train,4,data_4.csv,normal,4_8_31,24,8,31,4800,18600,0,0.15825477,0
train,4,data_4.csv,normal,4_9_32,24,9,32,5400,19200,0,0.15568742,0
train,4,data_4.csv,normal,4_10_33,24,10,33,6000,19800,0,0.15159635,0
train,4,data_4.csv,normal,4_11_34,24,11,34,6600,20400,0,0.15163098,0
train,4,data_4.csv,normal,4_12_35,24,12,35,7200,21000,0,0.1497069,0
train,4,data_4.csv,normal,4_13_36,24,13,36,7800,21600,0,0.14758761,0
train,4,data_4.csv,normal,4_14_37,24,14,37,8400,22200,0,0.14212783,0
train,4,data_4.csv,normal,4_15_38,24,15,38,9000,22800,0,0.14357172,0
train,4,data_4.csv,normal,4_16_39,24,16,39,9600,23400,0,0.1484457,0
train,4,data_4.csv,normal,4_17_40,24,17,40,10200,24000,0,0.1511599,0
train,4,data_4.csv,normal,4_18_41,24,18,41,10800,24600,0,0.15287331,0
train,4,data_4.csv,normal,4_19_42,24,19,42,11400,25200,0,0.15420409,0
train,4,data_4.csv,normal,4_20_43,24,20,43,12000,25800,0,0.15985021,0
train,4,data_4.csv,normal,4_21_44,24,21,44,12600,26400,0,0.1702311,0
train,4,data_4.csv,normal,4_22_45,24,22,45,13200,27000,0,0.18478917,0
train,4,data_4.csv,normal,4_23_46,24,23,46,13800,27600,0,0.196327,0
train,4,data_4.csv,normal,4_24_47,24,24,47,14400,28200,0,0.20860799,0
train,4,data_4.csv,normal,4_25_48,24,25,48,15000,28800,0,0.20726928,0
train,4,data_4.csv,normal,4_26_49,24,26,49,15600,29400,0,0.21140982,0
train,4,data_4.csv,normal,4_27_50,24,27,50,16200,30000,0,0.22192578,0
train,4,data_4.csv,normal,4_28_51,24,28,51,16800,30600,0,0.2326468,0
train,4,data_4.csv,normal,4_29_52,24,29,52,17400,31200,0,0.24572533,0
train,4,data_4.csv,normal,4_30_53,24,30,53,18000,31800,0,0.25806025,0
train,4,data_4.csv,normal,4_31_54,24,31,54,18600,32400,0,0.25866026,0
train,4,data_4.csv,normal,4_32_55,24,32,55,19200,33000,0,0.25761533,0
train,4,data_4.csv,normal,4_33_56,24,33,56,19800,33600,0,0.26880863,0
train,4,data_4.csv,normal,4_34_57,24,34,57,20400,34200,0,0.28292486,0
train,4,data_4.csv,normal,4_35_58,24,35,58,21000,34800,0,0.29005235,0
train,4,data_4.csv,normal,4_36_59,24,36,59,21600,35400,0,0.29832506,0
train,4,data_4.csv,normal,4_37_60,24,37,60,22200,36000,0,0.30558378,1
train,4,data_4.csv,normal,4_38_61,24,38,61,22800,36600,0,0.31733406,1
train,4,data_4.csv,normal,4_39_62,24,39,62,23400,37200,0,0.3304155,1
train,4,data_4.csv,normal,4_40_63,24,40,63,24000,37800,0,0.35701564,1
train,4,data_4.csv,normal,4_41_64,24,41,64,24600,38400,0,0.36797374,1
train,4,data_4.csv,normal,4_42_65,24,42,65,25200,39000,0,0.38081223,1
train,4,data_4.csv,normal,4_43_66,24,43,66,25800,39600,0,0.3892573,1
train,4,data_4.csv,normal,4_44_67,24,44,67,26400,40200,0,0.4026423,1
train,4,data_4.csv,normal,4_45_68,24,45,68,27000,40800,0,0.4226234,1
train,4,data_4.csv,normal,4_46_69,24,46,69,27600,41400,0,0.43691385,1
train,4,data_4.csv,normal,4_47_70,24,47,70,28200,42000,0,0.46345797,1
train,4,data_4.csv,normal,4_48_71,24,48,71,28800,42600,0,0.48848304,1
train,4,data_4.csv,normal,4_49_72,24,49,72,29400,43200,0,0.5021944,1
train,4,data_4.csv,normal,4_50_73,24,50,73,30000,43800,0,0.50106716,1
train,4,data_4.csv,normal,4_51_74,24,51,74,30600,44400,0,0.5000423,1
train,4,data_4.csv,normal,4_52_75,24,52,75,31200,45000,0,0.4987184,1
train,4,data_4.csv,normal,4_53_76,24,53,76,31800,45600,0,0.5180989,1
train,4,data_4.csv,normal,4_54_77,24,54,77,32400,46200,0,0.5418714,1
train,4,data_4.csv,normal,4_55_78,24,55,78,33000,46800,0,0.59366274,1
train,4,data_4.csv,normal,4_56_79,24,56,79,33600,47400,0,0.6205378,1
train,4,data_4.csv,normal,4_57_80,24,57,80,34200,48000,0,0.6399079,1
train,4,data_4.csv,normal,4_58_81,24,58,81,34800,48600,0,0.65125,1
train,4,data_4.csv,normal,4_59_82,24,59,82,35400,49200,0,0.6812295,1
train,4,data_4.csv,normal,4_60_83,24,60,83,36000,49800,0,0.70671153,1
train,4,data_4.csv,normal,4_61_84,24,61,84,36600,50400,0,0.7347554,1
train,4,data_4.csv,normal,4_62_85,24,62,85,37200,51000,0,0.7540069,1
train,4,data_4.csv,normal,4_63_86,24,63,86,37800,51600,0,0.7686984,1
train,4,data_4.csv,normal,4_64_87,24,64,87,38400,52200,0,0.7742626,1
train,4,data_4.csv,normal,4_65_88,24,65,88,39000,52800,0,0.7936225,1
train,4,data_4.csv,normal,4_66_89,24,66,89,39600,53400,0,0.81427294,1
train,4,data_4.csv,normal,4_67_90,24,67,90,40200,54000,0,0.82498276,1
train,4,data_4.csv,normal,4_68_91,24,68,91,40800,54600,0,0.8350115,1
train,4,data_4.csv,normal,4_69_92,24,69,92,41400,55200,0,0.846487,1
train,4,data_4.csv,normal,4_70_93,24,70,93,42000,55800,0,0.84846026,1
train,4,data_4.csv,normal,4_71_94,24,71,94,42600,56400,0,0.8622696,1
train,4,data_4.csv,normal,4_72_95,24,72,95,43200,57000,0,0.87202287,1
train,4,data_4.csv,normal,4_73_96,24,73,96,43800,57600,0,0.86819035,1
train,4,data_4.csv,normal,4_74_97,24,74,97,44400,58200,0,0.8676422,1
train,4,data_4.csv,normal,4_75_98,24,75,98,45000,58800,0,0.87258863,1
train,4,data_4.csv,normal,4_76_99,24,76,99,45600,59400,0,0.86996895,1
train,4,data_4.csv,normal,4_77_100,24,77,100,46200,60000,0,0.87317175,1
train,4,data_4.csv,normal,4_78_101,24,78,101,46800,60600,0,0.87467206,1
train,4,data_4.csv,normal,4_79_102,24,79,102,47400,61200,0,0.8711721,1
train,4,data_4.csv,normal,4_80_103,24,80,103,48000,61800,0,0.8679461,1
train,4,data_4.csv,normal,4_81_104,24,81,104,48600,62400,0,0.869472,1
train,4,data_4.csv,normal,4_82_105,24,82,105,49200,63000,0,0.867823,1
train,4,data_4.csv,normal,4_83_106,24,83,106,49800,63600,0,0.868851,1
train,4,data_4.csv,normal,4_84_107,24,84,107,50400,64200,0,0.86755663,1
train,4,data_4.csv,normal,4_85_108,24,85,108,51000,64800,0,0.8647878,1
train,4,data_4.csv,normal,4_86_109,24,86,109,51600,65400,0,0.86243814,1
train,4,data_4.csv,normal,4_87_110,24,87,110,52200,66000,0,0.8605517,1
train,4,data_4.csv,normal,4_88_111,24,88,111,52800,66600,0,0.86108613,1
train,4,data_4.csv,normal,4_89_112,24,89,112,53400,67200,0,0.8600173,1
train,4,data_4.csv,normal,4_90_113,24,90,113,54000,67800,0,0.85704243,1
train,4,data_4.csv,normal,4_91_114,24,91,114,54600,68400,0,0.86022925,1
train,4,data_4.csv,normal,4_92_115,24,92,115,55200,69000,0,0.86161274,1
train,4,data_4.csv,normal,4_93_116,24,93,116,55800,69600,0,0.85875034,1
train,4,data_4.csv,normal,4_94_117,24,94,117,56400,70200,0,0.8603238,1
train,4,data_4.csv,normal,4_95_118,24,95,118,57000,70800,0,0.8592165,1
train,4,data_4.csv,normal,4_96_119,24,96,119,57600,71400,0,0.85994226,1
train,4,data_4.csv,normal,4_97_120,24,97,120,58200,72000,0,0.8499408,1
train,4,data_4.csv,normal,4_98_121,24,98,121,58800,72600,0,0.8453536,1
train,4,data_4.csv,normal,4_99_122,24,99,122,59400,73200,0,0.84425426,1
train,4,data_4.csv,normal,4_100_123,24,100,123,60000,73800,0,0.84195405,1
train,4,data_4.csv,normal,4_101_124,24,101,124,60600,74400,0,0.8374889,1
train,4,data_4.csv,normal,4_102_125,24,102,125,61200,75000,0,0.831623,1
train,4,data_4.csv,normal,4_103_126,24,103,126,61800,75600,0,0.7890224,1
train,4,data_4.csv,normal,4_104_127,24,104,127,62400,76200,0,0.7587335,1
train,4,data_4.csv,normal,4_105_128,24,105,128,63000,76800,0,0.7594699,1
train,4,data_4.csv,normal,4_106_129,24,106,129,63600,77400,0,0.74391836,1
train,4,data_4.csv,normal,4_107_130,24,107,130,64200,78000,0,0.7180216,1
train,4,data_4.csv,normal,4_108_131,24,108,131,64800,78600,0,0.69315946,1
train,4,data_4.csv,normal,4_109_132,24,109,132,65400,79200,0,0.65094113,1
train,4,data_4.csv,normal,4_110_133,24,110,133,66000,79800,0,0.61860913,1
train,4,data_4.csv,normal,4_111_134,24,111,134,66600,80400,0,0.61797684,1
train,4,data_4.csv,normal,4_112_135,24,112,135,67200,81000,0,0.63064796,1
train,4,data_4.csv,normal,4_113_136,24,113,136,67800,81600,0,0.63123184,1
train,4,data_4.csv,normal,4_114_137,24,114,137,68400,82200,0,0.6154094,1
train,4,data_4.csv,normal,4_115_138,24,115,138,69000,82800,0,0.6025765,1
train,4,data_4.csv,normal,4_116_139,24,116,139,69600,83400,0,0.59272605,1
train,4,data_4.csv,normal,4_117_140,24,117,140,70200,84000,0,0.59801865,1
train,4,data_4.csv,normal,4_118_141,24,118,141,70800,84600,0,0.6010279,1
train,4,data_4.csv,normal,4_119_142,24,119,142,71400,85200,0,0.6004681,1
train,4,data_4.csv,normal,4_120_143,24,120,143,72000,85800,0,0.6035983,1
train,4,data_4.csv,normal,4_121_144,24,121,144,72600,86400,0,0.6051236,1
train,6,data_6.csv,normal,6_0_23,24,0,23,0,13800,0,0.2813899,0
train,6,data_6.csv,normal,6_1_24,24,1,24,600,14400,0,0.27744177,0
train,6,data_6.csv,normal,6_2_25,24,2,25,1200,15000,0,0.2725268,0
train,6,data_6.csv,normal,6_3_26,24,3,26,1800,15600,0,0.2650784,0
train,6,data_6.csv,normal,6_4_27,24,4,27,2400,16200,0,0.2562853,0
train,6,data_6.csv,normal,6_5_28,24,5,28,3000,16800,0,0.24971485,0
train,6,data_6.csv,normal,6_6_29,24,6,29,3600,17400,0,0.24349587,0
train,6,data_6.csv,normal,6_7_30,24,7,30,4200,18000,0,0.24006097,0
train,6,data_6.csv,normal,6_8_31,24,8,31,4800,18600,0,0.2361297,0
train,6,data_6.csv,normal,6_9_32,24,9,32,5400,19200,0,0.23082274,0
train,6,data_6.csv,normal,6_10_33,24,10,33,6000,19800,0,0.22452931,0
train,6,data_6.csv,normal,6_11_34,24,11,34,6600,20400,0,0.22070995,0
train,6,data_6.csv,normal,6_12_35,24,12,35,7200,21000,0,0.21675035,0
train,6,data_6.csv,normal,6_13_36,24,13,36,7800,21600,0,0.21311377,0
train,6,data_6.csv,normal,6_14_37,24,14,37,8400,22200,0,0.20909019,0
train,6,data_6.csv,normal,6_15_38,24,15,38,9000,22800,0,0.20539665,0
train,6,data_6.csv,normal,6_16_39,24,16,39,9600,23400,0,0.20130871,0
train,6,data_6.csv,normal,6_17_40,24,17,40,10200,24000,0,0.19969971,0
train,6,data_6.csv,normal,6_18_41,24,18,41,10800,24600,0,0.19693038,0
train,6,data_6.csv,normal,6_19_42,24,19,42,11400,25200,0,0.1943861,0
train,6,data_6.csv,normal,6_20_43,24,20,43,12000,25800,0,0.19046512,0
train,6,data_6.csv,normal,6_21_44,24,21,44,12600,26400,0,0.1890409,0
train,6,data_6.csv,normal,6_22_45,24,22,45,13200,27000,0,0.18754116,0
train,6,data_6.csv,normal,6_23_46,24,23,46,13800,27600,0,0.1874575,0
train,6,data_6.csv,normal,6_24_47,24,24,47,14400,28200,0,0.18634212,0
train,6,data_6.csv,normal,6_25_48,24,25,48,15000,28800,0,0.18522497,0
train,6,data_6.csv,normal,6_26_49,24,26,49,15600,29400,0,0.18303487,0
train,6,data_6.csv,normal,6_27_50,24,27,50,16200,30000,0,0.18426399,0
train,6,data_6.csv,normal,6_28_51,24,28,51,16800,30600,0,0.1863051,0
train,6,data_6.csv,normal,6_29_52,24,29,52,17400,31200,0,0.18843734,0
train,6,data_6.csv,normal,6_30_53,24,30,53,18000,31800,0,0.18995696,0
train,6,data_6.csv,normal,6_31_54,24,31,54,18600,32400,0,0.18735905,0
train,6,data_6.csv,normal,6_32_55,24,32,55,19200,33000,0,0.18468754,0
train,6,data_6.csv,normal,6_33_56,24,33,56,19800,33600,0,0.18601826,0
train,6,data_6.csv,normal,6_34_57,24,34,57,20400,34200,0,0.18686186,0
train,6,data_6.csv,normal,6_35_58,24,35,58,21000,34800,0,0.19070192,0
train,6,data_6.csv,normal,6_36_59,24,36,59,21600,35400,0,0.19296664,0
train,6,data_6.csv,normal,6_37_60,24,37,60,22200,36000,0,0.18505217,0
train,6,data_6.csv,normal,6_38_61,24,38,61,22800,36600,0,0.17639543,0
train,6,data_6.csv,normal,6_39_62,24,39,62,23400,37200,0,0.17597213,0
train,6,data_6.csv,normal,6_40_63,24,40,63,24000,37800,0,0.17335442,0
train,6,data_6.csv,normal,6_41_64,24,41,64,24600,38400,0,0.17721134,0
train,6,data_6.csv,normal,6_42_65,24,42,65,25200,39000,0,0.17800659,0
train,6,data_6.csv,normal,6_43_66,24,43,66,25800,39600,0,0.17216367,0
train,6,data_6.csv,normal,6_44_67,24,44,67,26400,40200,0,0.1619816,0
train,6,data_6.csv,normal,6_45_68,24,45,68,27000,40800,0,0.16427836,0
train,6,data_6.csv,normal,6_46_69,24,46,69,27600,41400,0,0.16946997,0
train,6,data_6.csv,normal,6_47_70,24,47,70,28200,42000,0,0.17408882,0
train,6,data_6.csv,normal,6_48_71,24,48,71,28800,42600,0,0.18021365,0
train,6,data_6.csv,normal,6_49_72,24,49,72,29400,43200,0,0.19380875,0
train,6,data_6.csv,normal,6_50_73,24,50,73,30000,43800,0,0.19954593,0
train,6,data_6.csv,normal,6_51_74,24,51,74,30600,44400,0,0.21194865,0
train,6,data_6.csv,normal,6_52_75,24,52,75,31200,45000,0,0.23999757,0
train,6,data_6.csv,normal,6_53_76,24,53,76,31800,45600,0,0.26042488,0
train,6,data_6.csv,normal,6_54_77,24,54,77,32400,46200,0,0.28940782,0
train,6,data_6.csv,normal,6_55_78,24,55,78,33000,46800,0,0.3226039,1
train,6,data_6.csv,normal,6_56_79,24,56,79,33600,47400,0,0.3507398,1
train,6,data_6.csv,normal,6_57_80,24,57,80,34200,48000,0,0.3869414,1
train,6,data_6.csv,normal,6_58_81,24,58,81,34800,48600,0,0.42629927,1
train,6,data_6.csv,normal,6_59_82,24,59,82,35400,49200,0,0.47617882,1
train,6,data_6.csv,normal,6_60_83,24,60,83,36000,49800,0,0.5426889,1
train,6,data_6.csv,normal,6_61_84,24,61,84,36600,50400,0,0.56899714,1
train,6,data_6.csv,normal,6_62_85,24,62,85,37200,51000,0,0.5819793,1
train,6,data_6.csv,normal,6_63_86,24,63,86,37800,51600,0,0.5988567,1
train,6,data_6.csv,normal,6_64_87,24,64,87,38400,52200,0,0.6036198,1
train,6,data_6.csv,normal,6_65_88,24,65,88,39000,52800,0,0.6262917,1
train,6,data_6.csv,normal,6_66_89,24,66,89,39600,53400,0,0.6425545,1
train,6,data_6.csv,normal,6_67_90,24,67,90,40200,54000,0,0.6387958,1
train,6,data_6.csv,normal,6_68_91,24,68,91,40800,54600,0,0.63869274,1
train,6,data_6.csv,normal,6_69_92,24,69,92,41400,55200,0,0.64378166,1
train,6,data_6.csv,normal,6_70_93,24,70,93,42000,55800,0,0.6423706,1
train,6,data_6.csv,normal,6_71_94,24,71,94,42600,56400,0,0.64679307,1
train,6,data_6.csv,normal,6_72_95,24,72,95,43200,57000,0,0.64865375,1
train,6,data_6.csv,normal,6_73_96,24,73,96,43800,57600,0,0.6385978,1
train,6,data_6.csv,normal,6_74_97,24,74,97,44400,58200,0,0.6325258,1
train,6,data_6.csv,normal,6_75_98,24,75,98,45000,58800,0,0.6340129,1
train,6,data_6.csv,normal,6_76_99,24,76,99,45600,59400,0,0.63109404,1
train,6,data_6.csv,normal,6_77_100,24,77,100,46200,60000,0,0.6290393,1
train,6,data_6.csv,normal,6_78_101,24,78,101,46800,60600,0,0.62533,1
train,6,data_6.csv,normal,6_79_102,24,79,102,47400,61200,0,0.6219224,1
train,6,data_6.csv,normal,6_80_103,24,80,103,48000,61800,0,0.61734986,1
train,6,data_6.csv,normal,6_81_104,24,81,104,48600,62400,0,0.6159686,1
train,6,data_6.csv,normal,6_82_105,24,82,105,49200,63000,0,0.61638904,1
train,6,data_6.csv,normal,6_83_106,24,83,106,49800,63600,0,0.61486506,1
train,6,data_6.csv,normal,6_84_107,24,84,107,50400,64200,0,0.6128909,1
train,6,data_6.csv,normal,6_85_108,24,85,108,51000,64800,0,0.6141738,1
train,6,data_6.csv,normal,6_86_109,24,86,109,51600,65400,0,0.61319506,1
train,6,data_6.csv,normal,6_87_110,24,87,110,52200,66000,0,0.60942346,1
train,6,data_6.csv,normal,6_88_111,24,88,111,52800,66600,0,0.6102242,1
train,6,data_6.csv,normal,6_89_112,24,89,112,53400,67200,0,0.6082493,1
train,6,data_6.csv,normal,6_90_113,24,90,113,54000,67800,0,0.6076903,1
train,6,data_6.csv,normal,6_91_114,24,91,114,54600,68400,0,0.5812223,1
train,6,data_6.csv,normal,6_92_115,24,92,115,55200,69000,0,0.5645742,1
train,6,data_6.csv,normal,6_93_116,24,93,116,55800,69600,0,0.56338704,1
train,6,data_6.csv,normal,6_94_117,24,94,117,56400,70200,0,0.5655094,1
train,6,data_6.csv,normal,6_95_118,24,95,118,57000,70800,0,0.54781973,1
train,6,data_6.csv,normal,6_96_119,24,96,119,57600,71400,0,0.5296735,1
train,6,data_6.csv,normal,6_97_120,24,97,120,58200,72000,0,0.5272703,1
train,6,data_6.csv,normal,6_98_121,24,98,121,58800,72600,0,0.52798045,1
train,6,data_6.csv,normal,6_99_122,24,99,122,59400,73200,0,0.5360027,1
train,6,data_6.csv,normal,6_100_123,24,100,123,60000,73800,0,0.54362714,1
train,6,data_6.csv,normal,6_101_124,24,101,124,60600,74400,0,0.5420165,1
train,6,data_6.csv,normal,6_102_125,24,102,125,61200,75000,0,0.5415195,1
train,6,data_6.csv,normal,6_103_126,24,103,126,61800,75600,0,0.54741675,1
train,6,data_6.csv,normal,6_104_127,24,104,127,62400,76200,0,0.55090296,1
train,6,data_6.csv,normal,6_105_128,24,105,128,63000,76800,0,0.56062055,1
train,6,data_6.csv,normal,6_106_129,24,106,129,63600,77400,0,0.55992556,1
train,6,data_6.csv,normal,6_107_130,24,107,130,64200,78000,0,0.5700622,1
train,6,data_6.csv,normal,6_108_131,24,108,131,64800,78600,0,0.58087754,1
train,6,data_6.csv,normal,6_109_132,24,109,132,65400,79200,0,0.58029515,1
train,6,data_6.csv,normal,6_110_133,24,110,133,66000,79800,0,0.5788035,1
train,6,data_6.csv,normal,6_111_134,24,111,134,66600,80400,0,0.5782675,1
train,6,data_6.csv,normal,6_112_135,24,112,135,67200,81000,0,0.5686696,1
train,6,data_6.csv,normal,6_113_136,24,113,136,67800,81600,0,0.5593218,1
train,6,data_6.csv,normal,6_114_137,24,114,137,68400,82200,0,0.5509392,1
train,6,data_6.csv,normal,6_115_138,24,115,138,69000,82800,0,0.5405258,1
train,6,data_6.csv,normal,6_116_139,24,116,139,69600,83400,0,0.5264502,1
train,6,data_6.csv,normal,6_117_140,24,117,140,70200,84000,0,0.49670133,1
train,6,data_6.csv,normal,6_118_141,24,118,141,70800,84600,0,0.46529046,1
train,6,data_6.csv,normal,6_119_142,24,119,142,71400,85200,0,0.437373,1
train,6,data_6.csv,normal,6_120_143,24,120,143,72000,85800,0,0.41205156,1
train,6,data_6.csv,normal,6_121_144,24,121,144,72600,86400,0,0.40763697,1
train,7,data_7.csv,normal,7_0_23,24,0,23,0,13800,0,0.19186606,0
train,7,data_7.csv,normal,7_1_24,24,1,24,600,14400,0,0.1915326,0
train,7,data_7.csv,normal,7_2_25,24,2,25,1200,15000,0,0.190974,0
train,7,data_7.csv,normal,7_3_26,24,3,26,1800,15600,0,0.19175415,0
train,7,data_7.csv,normal,7_4_27,24,4,27,2400,16200,0,0.19268909,0
train,7,data_7.csv,normal,7_5_28,24,5,28,3000,16800,0,0.19378376,0
train,7,data_7.csv,normal,7_6_29,24,6,29,3600,17400,0,0.19462721,0
train,7,data_7.csv,normal,7_7_30,24,7,30,4200,18000,0,0.19226475,0
train,7,data_7.csv,normal,7_8_31,24,8,31,4800,18600,0,0.18986559,0
train,7,data_7.csv,normal,7_9_32,24,9,32,5400,19200,0,0.18914062,0
train,7,data_7.csv,normal,7_10_33,24,10,33,6000,19800,0,0.1875343,0
train,7,data_7.csv,normal,7_11_34,24,11,34,6600,20400,0,0.18909068,0
train,7,data_7.csv,normal,7_12_35,24,12,35,7200,21000,0,0.18902412,0
train,7,data_7.csv,normal,7_13_36,24,13,36,7800,21600,0,0.18398562,0
train,7,data_7.csv,normal,7_14_37,24,14,37,8400,22200,0,0.17764997,0
train,7,data_7.csv,normal,7_15_38,24,15,38,9000,22800,0,0.17708664,0
train,7,data_7.csv,normal,7_16_39,24,16,39,9600,23400,0,0.17470805,0
train,7,data_7.csv,normal,7_17_40,24,17,40,10200,24000,0,0.17618026,0
train,7,data_7.csv,normal,7_18_41,24,18,41,10800,24600,0,0.17585485,0
train,7,data_7.csv,normal,7_19_42,24,19,42,11400,25200,0,0.17245053,0
train,7,data_7.csv,normal,7_20_43,24,20,43,12000,25800,0,0.16616234,0
train,7,data_7.csv,normal,7_21_44,24,21,44,12600,26400,0,0.16635318,0
train,7,data_7.csv,normal,7_22_45,24,22,45,13200,27000,0,0.1690115,0
train,7,data_7.csv,normal,7_23_46,24,23,46,13800,27600,0,0.1714789,0
train,7,data_7.csv,normal,7_24_47,24,24,47,14400,28200,0,0.17306834,0
train,7,data_7.csv,normal,7_25_48,24,25,48,15000,28800,0,0.17213435,0
train,7,data_7.csv,normal,7_26_49,24,26,49,15600,29400,0,0.1725452,0
train,7,data_7.csv,normal,7_27_50,24,27,50,16200,30000,0,0.18050458,0
train,7,data_7.csv,normal,7_28_51,24,28,51,16800,30600,0,0.19083373,0
train,7,data_7.csv,normal,7_29_52,24,29,52,17400,31200,0,0.2003453,0
train,7,data_7.csv,normal,7_30_53,24,30,53,18000,31800,0,0.20943044,0
train,7,data_7.csv,normal,7_31_54,24,31,54,18600,32400,0,0.20834279,0
train,7,data_7.csv,normal,7_32_55,24,32,55,19200,33000,0,0.21097086,0
train,7,data_7.csv,normal,7_33_56,24,33,56,19800,33600,0,0.22102322,0
train,7,data_7.csv,normal,7_34_57,24,34,57,20400,34200,0,0.23436092,0
train,7,data_7.csv,normal,7_35_58,24,35,58,21000,34800,0,0.24532409,0
train,7,data_7.csv,normal,7_36_59,24,36,59,21600,35400,0,0.25614142,0
train,7,data_7.csv,normal,7_37_60,24,37,60,22200,36000,0,0.25734815,0
train,7,data_7.csv,normal,7_38_61,24,38,61,22800,36600,0,0.26203898,0
train,7,data_7.csv,normal,7_39_62,24,39,62,23400,37200,0,0.27582937,0
train,7,data_7.csv,normal,7_40_63,24,40,63,24000,37800,0,0.29514897,0
train,7,data_7.csv,normal,7_41_64,24,41,64,24600,38400,0,0.3069331,1
train,7,data_7.csv,normal,7_42_65,24,42,65,25200,39000,0,0.3216568,1
train,7,data_7.csv,normal,7_43_66,24,43,66,25800,39600,0,0.33829516,1
train,7,data_7.csv,normal,7_44_67,24,44,67,26400,40200,0,0.35887566,1
train,7,data_7.csv,normal,7_45_68,24,45,68,27000,40800,0,0.3754346,1
train,7,data_7.csv,normal,7_46_69,24,46,69,27600,41400,0,0.39304328,1
train,7,data_7.csv,normal,7_47_70,24,47,70,28200,42000,0,0.4395069,1
train,7,data_7.csv,normal,7_48_71,24,48,71,28800,42600,0,0.4918282,1
train,7,data_7.csv,normal,7_49_72,24,49,72,29400,43200,0,0.55468524,1
train,7,data_7.csv,normal,7_50_73,24,50,73,30000,43800,0,0.60078347,1
train,7,data_7.csv,normal,7_51_74,24,51,74,30600,44400,0,0.6353227,1
train,7,data_7.csv,normal,7_52_75,24,52,75,31200,45000,0,0.65376705,1
train,7,data_7.csv,normal,7_53_76,24,53,76,31800,45600,0,0.69078153,1
train,7,data_7.csv,normal,7_54_77,24,54,77,32400,46200,0,0.71960145,1
train,7,data_7.csv,normal,7_55_78,24,55,78,33000,46800,0,0.71833193,1
train,7,data_7.csv,normal,7_56_79,24,56,79,33600,47400,0,0.72106814,1
train,7,data_7.csv,normal,7_57_80,24,57,80,34200,48000,0,0.7344655,1
train,7,data_7.csv,normal,7_58_81,24,58,81,34800,48600,0,0.7303024,1
train,7,data_7.csv,normal,7_59_82,24,59,82,35400,49200,0,0.7390441,1
train,7,data_7.csv,normal,7_60_83,24,60,83,36000,49800,0,0.75129426,1
train,7,data_7.csv,normal,7_61_84,24,61,84,36600,50400,0,0.74462414,1
train,7,data_7.csv,normal,7_62_85,24,62,85,37200,51000,0,0.73971385,1
train,7,data_7.csv,normal,7_63_86,24,63,86,37800,51600,0,0.7492309,1
train,7,data_7.csv,normal,7_64_87,24,64,87,38400,52200,0,0.74398327,1
train,7,data_7.csv,normal,7_65_88,24,65,88,39000,52800,0,0.7518633,1
train,7,data_7.csv,normal,7_66_89,24,66,89,39600,53400,0,0.7530404,1
train,7,data_7.csv,normal,7_67_90,24,67,90,40200,54000,0,0.7330077,1
train,7,data_7.csv,normal,7_68_91,24,68,91,40800,54600,0,0.7205929,1
train,7,data_7.csv,normal,7_69_92,24,69,92,41400,55200,0,0.720216,1
train,7,data_7.csv,normal,7_70_93,24,70,93,42000,55800,0,0.7177537,1
train,7,data_7.csv,normal,7_71_94,24,71,94,42600,56400,0,0.7153666,1
train,7,data_7.csv,normal,7_72_95,24,72,95,43200,57000,0,0.70368505,1
train,7,data_7.csv,normal,7_73_96,24,73,96,43800,57600,0,0.6694788,1
train,7,data_7.csv,normal,7_74_97,24,74,97,44400,58200,0,0.6460383,1
train,7,data_7.csv,normal,7_75_98,24,75,98,45000,58800,0,0.63980496,1
train,7,data_7.csv,normal,7_76_99,24,76,99,45600,59400,0,0.636142,1
train,7,data_7.csv,normal,7_77_100,24,77,100,46200,60000,0,0.61837566,1
train,7,data_7.csv,normal,7_78_101,24,78,101,46800,60600,0,0.5953446,1
train,7,data_7.csv,normal,7_79_102,24,79,102,47400,61200,0,0.58921194,1
train,7,data_7.csv,normal,7_80_103,24,80,103,48000,61800,0,0.5745135,1
train,7,data_7.csv,normal,7_81_104,24,81,104,48600,62400,0,0.5736678,1
train,7,data_7.csv,normal,7_82_105,24,82,105,49200,63000,0,0.57473755,1
train,7,data_7.csv,normal,7_83_106,24,83,106,49800,63600,0,0.5740799,1
train,7,data_7.csv,normal,7_84_107,24,84,107,50400,64200,0,0.56376565,1
train,7,data_7.csv,normal,7_85_108,24,85,108,51000,64800,0,0.5590302,1
train,7,data_7.csv,normal,7_86_109,24,86,109,51600,65400,0,0.54905087,1
train,7,data_7.csv,normal,7_87_110,24,87,110,52200,66000,0,0.5438718,1
train,7,data_7.csv,normal,7_88_111,24,88,111,52800,66600,0,0.5425491,1
train,7,data_7.csv,normal,7_89_112,24,89,112,53400,67200,0,0.54268026,1
train,7,data_7.csv,normal,7_90_113,24,90,113,54000,67800,0,0.54176575,1
train,7,data_7.csv,normal,7_91_114,24,91,114,54600,68400,0,0.55034095,1
train,7,data_7.csv,normal,7_92_115,24,92,115,55200,69000,0,0.5441526,1
train,7,data_7.csv,normal,7_93_116,24,93,116,55800,69600,0,0.5256734,1
train,7,data_7.csv,normal,7_94_117,24,94,117,56400,70200,0,0.51507455,1
train,7,data_7.csv,normal,7_95_118,24,95,118,57000,70800,0,0.49613893,1
train,7,data_7.csv,normal,7_96_119,24,96,119,57600,71400,0,0.48176855,1
train,7,data_7.csv,normal,7_97_120,24,97,120,58200,72000,0,0.47888508,1
train,7,data_7.csv,normal,7_98_121,24,98,121,58800,72600,0,0.47209454,1
train,7,data_7.csv,normal,7_99_122,24,99,122,59400,73200,0,0.467306,1
train,7,data_7.csv,normal,7_100_123,24,100,123,60000,73800,0,0.46173555,1
train,7,data_7.csv,normal,7_101_124,24,101,124,60600,74400,0,0.45696187,1
train,7,data_7.csv,normal,7_102_125,24,102,125,61200,75000,0,0.4547659,1
train,7,data_7.csv,normal,7_103_126,24,103,126,61800,75600,0,0.44714993,1
train,7,data_7.csv,normal,7_104_127,24,104,127,62400,76200,0,0.45269892,1
train,7,data_7.csv,normal,7_105_128,24,105,128,63000,76800,0,0.4677859,1
train,7,data_7.csv,normal,7_106_129,24,106,129,63600,77400,0,0.489863,1
train,7,data_7.csv,normal,7_107_130,24,107,130,64200,78000,0,0.48593572,1
train,7,data_7.csv,normal,7_108_131,24,108,131,64800,78600,0,0.4905932,1
train,7,data_7.csv,normal,7_109_132,24,109,132,65400,79200,0,0.50179565,1
train,7,data_7.csv,normal,7_110_133,24,110,133,66000,79800,0,0.51874506,1
train,7,data_7.csv,normal,7_111_134,24,111,134,66600,80400,0,0.53886116,1
train,7,data_7.csv,normal,7_112_135,24,112,135,67200,81000,0,0.5467806,1
train,7,data_7.csv,normal,7_113_136,24,113,136,67800,81600,0,0.5533979,1
train,7,data_7.csv,normal,7_114_137,24,114,137,68400,82200,0,0.5665055,1
train,7,data_7.csv,normal,7_115_138,24,115,138,69000,82800,0,0.572692,1
train,7,data_7.csv,normal,7_116_139,24,116,139,69600,83400,0,0.57385653,1
train,7,data_7.csv,normal,7_117_140,24,117,140,70200,84000,0,0.5862835,1
train,7,data_7.csv,normal,7_118_141,24,118,141,70800,84600,0,0.5875714,1
train,7,data_7.csv,normal,7_119_142,24,119,142,71400,85200,0,0.5953045,1
train,7,data_7.csv,normal,7_120_143,24,120,143,72000,85800,0,0.60468423,1
train,7,data_7.csv,normal,7_121_144,24,121,144,72600,86400,0,0.6053834,1
train,8,data_8.csv,normal,8_0_23,24,0,23,0,13800,0,0.19186606,0
train,8,data_8.csv,normal,8_1_24,24,1,24,600,14400,0,0.1915326,0
train,8,data_8.csv,normal,8_2_25,24,2,25,1200,15000,0,0.190974,0
train,8,data_8.csv,normal,8_3_26,24,3,26,1800,15600,0,0.19175415,0
train,8,data_8.csv,normal,8_4_27,24,4,27,2400,16200,0,0.19268909,0
train,8,data_8.csv,normal,8_5_28,24,5,28,3000,16800,0,0.19378376,0
train,8,data_8.csv,normal,8_6_29,24,6,29,3600,17400,0,0.19462721,0
train,8,data_8.csv,normal,8_7_30,24,7,30,4200,18000,0,0.19366269,0
train,8,data_8.csv,normal,8_8_31,24,8,31,4800,18600,0,0.19255647,0
train,8,data_8.csv,normal,8_9_32,24,9,32,5400,19200,0,0.19305724,0
train,8,data_8.csv,normal,8_10_33,24,10,33,6000,19800,0,0.19338821,0
train,8,data_8.csv,normal,8_11_34,24,11,34,6600,20400,0,0.19491291,0
train,8,data_8.csv,normal,8_12_35,24,12,35,7200,21000,0,0.19569519,0
train,8,data_8.csv,normal,8_13_36,24,13,36,7800,21600,0,0.19375956,0
train,8,data_8.csv,normal,8_14_37,24,14,37,8400,22200,0,0.19120114,0
train,8,data_8.csv,normal,8_15_38,24,15,38,9000,22800,0,0.19193174,0
train,8,data_8.csv,normal,8_16_39,24,16,39,9600,23400,0,0.19210981,0
train,8,data_8.csv,normal,8_17_40,24,17,40,10200,24000,0,0.19388518,0
train,8,data_8.csv,normal,8_18_41,24,18,41,10800,24600,0,0.1946937,0
train,8,data_8.csv,normal,8_19_42,24,19,42,11400,25200,0,0.19314955,0
train,8,data_8.csv,normal,8_20_43,24,20,43,12000,25800,0,0.19025883,0
train,8,data_8.csv,normal,8_21_44,24,21,44,12600,26400,0,0.19130732,0
train,8,data_8.csv,normal,8_22_45,24,22,45,13200,27000,0,0.19327667,0
train,8,data_8.csv,normal,8_23_46,24,23,46,13800,27600,0,0.1955658,0
train,8,data_8.csv,normal,8_24_47,24,24,47,14400,28200,0,0.19709897,0
train,8,data_8.csv,normal,8_25_48,24,25,48,15000,28800,0,0.19606674,0
train,8,data_8.csv,normal,8_26_49,24,26,49,15600,29400,0,0.19462246,0
train,8,data_8.csv,normal,8_27_50,24,27,50,16200,30000,0,0.19817379,0
train,8,data_8.csv,normal,8_28_51,24,28,51,16800,30600,0,0.20219988,0
train,8,data_8.csv,normal,8_29_52,24,29,52,17400,31200,0,0.20708276,0
train,8,data_8.csv,normal,8_30_53,24,30,53,18000,31800,0,0.21120553,0
train,8,data_8.csv,normal,8_31_54,24,31,54,18600,32400,0,0.20989802,0
train,8,data_8.csv,normal,8_32_55,24,32,55,19200,33000,0,0.2078776,0
train,8,data_8.csv,normal,8_33_56,24,33,56,19800,33600,0,0.21232149,0
train,8,data_8.csv,normal,8_34_57,24,34,57,20400,34200,0,0.21753863,0
train,8,data_8.csv,normal,8_35_58,24,35,58,21000,34800,0,0.22305866,0
train,8,data_8.csv,normal,8_36_59,24,36,59,21600,35400,0,0.22806211,0
train,8,data_8.csv,normal,8_37_60,24,37,60,22200,36000,0,0.2261229,0
train,8,data_8.csv,normal,8_38_61,24,38,61,22800,36600,0,0.22359872,0
train,8,data_8.csv,normal,8_39_62,24,39,62,23400,37200,0,0.22768684,0
train,8,data_8.csv,normal,8_40_63,24,40,63,24000,37800,0,0.2334392,0
train,8,data_8.csv,normal,8_41_64,24,41,64,24600,38400,0,0.24007815,0
train,8,data_8.csv,normal,8_42_65,24,42,65,25200,39000,0,0.24571851,0
train,8,data_8.csv,normal,8_43_66,24,43,66,25800,39600,0,0.24362732,0
train,8,data_8.csv,normal,8_44_67,24,44,67,26400,40200,0,0.24095933,0
train,8,data_8.csv,normal,8_45_68,24,45,68,27000,40800,0,0.24856973,0
train,8,data_8.csv,normal,8_46_69,24,46,69,27600,41400,0,0.25701964,0
train,8,data_8.csv,normal,8_47_70,24,47,70,28200,42000,0,0.26608813,0
train,8,data_8.csv,normal,8_48_71,24,48,71,28800,42600,0,0.2738727,0
train,8,data_8.csv,normal,8_49_72,24,49,72,29400,43200,0,0.27453625,0
train,8,data_8.csv,normal,8_50_73,24,50,73,30000,43800,0,0.2772196,0
train,8,data_8.csv,normal,8_51_74,24,51,74,30600,44400,0,0.28716156,0
train,8,data_8.csv,normal,8_52_75,24,52,75,31200,45000,0,0.305318,1
train,8,data_8.csv,normal,8_53_76,24,53,76,31800,45600,0,0.31329507,1
train,8,data_8.csv,normal,8_54_77,24,54,77,32400,46200,0,0.32465062,1
train,8,data_8.csv,normal,8_55_78,24,55,78,33000,46800,0,0.33416483,1
train,8,data_8.csv,normal,8_56_79,24,56,79,33600,47400,0,0.34751603,1
train,8,data_8.csv,normal,8_57_80,24,57,80,34200,48000,0,0.36765406,1
train,8,data_8.csv,normal,8_58_81,24,58,81,34800,48600,0,0.39601862,1
train,8,data_8.csv,normal,8_59_82,24,59,82,35400,49200,0,0.41183695,1
train,8,data_8.csv,normal,8_60_83,24,60,83,36000,49800,0,0.4299128,1
train,8,data_8.csv,normal,8_61_84,24,61,84,36600,50400,0,0.43699288,1
train,8,data_8.csv,normal,8_62_85,24,62,85,37200,51000,0,0.44599795,1
train,8,data_8.csv,normal,8_63_86,24,63,86,37800,51600,0,0.46118903,1
train,8,data_8.csv,normal,8_64_87,24,64,87,38400,52200,0,0.47428197,1
train,8,data_8.csv,normal,8_65_88,24,65,88,39000,52800,0,0.48332033,1
train,8,data_8.csv,normal,8_66_89,24,66,89,39600,53400,0,0.49506956,1
train,8,data_8.csv,normal,8_67_90,24,67,90,40200,54000,0,0.49564287,1
train,8,data_8.csv,normal,8_68_91,24,68,91,40800,54600,0,0.50068146,1
train,8,data_8.csv,normal,8_69_92,24,69,92,41400,55200,0,0.5037983,1
train,8,data_8.csv,normal,8_70_93,24,70,93,42000,55800,0,0.506209,1
train,8,data_8.csv,normal,8_71_94,24,71,94,42600,56400,0,0.50754523,1
train,8,data_8.csv,normal,8_72_95,24,72,95,43200,57000,0,0.50915974,1
train,8,data_8.csv,normal,8_73_96,24,73,96,43800,57600,0,0.5116494,1
train,8,data_8.csv,normal,8_74_97,24,74,97,44400,58200,0,0.5171343,1
train,8,data_8.csv,normal,8_75_98,24,75,98,45000,58800,0,0.5221795,1
train,8,data_8.csv,normal,8_76_99,24,76,99,45600,59400,0,0.52492744,1
train,8,data_8.csv,normal,8_77_100,24,77,100,46200,60000,0,0.52726525,1
train,8,data_8.csv,normal,8_78_101,24,78,101,46800,60600,0,0.530683,1
train,8,data_8.csv,normal,8_79_102,24,79,102,47400,61200,0,0.5322203,1
train,8,data_8.csv,normal,8_80_103,24,80,103,48000,61800,0,0.5350897,1
train,8,data_8.csv,normal,8_81_104,24,81,104,48600,62400,0,0.5368439,1
train,8,data_8.csv,normal,8_82_105,24,82,105,49200,63000,0,0.5352317,1
train,8,data_8.csv,normal,8_83_106,24,83,106,49800,63600,0,0.5365449,1
train,8,data_8.csv,normal,8_84_107,24,84,107,50400,64200,0,0.53637296,1
train,8,data_8.csv,normal,8_85_108,24,85,108,51000,64800,0,0.5330686,1
train,8,data_8.csv,normal,8_86_109,24,86,109,51600,65400,0,0.5268676,1
train,8,data_8.csv,normal,8_87_110,24,87,110,52200,66000,0,0.51637137,1
train,8,data_8.csv,normal,8_88_111,24,88,111,52800,66600,0,0.4979977,1
train,8,data_8.csv,normal,8_89_112,24,89,112,53400,67200,0,0.49251777,1
train,8,data_8.csv,normal,8_90_113,24,90,113,54000,67800,0,0.48507705,1
train,8,data_8.csv,normal,8_91_114,24,91,114,54600,68400,0,0.46784464,1
train,8,data_8.csv,normal,8_92_115,24,92,115,55200,69000,0,0.44493717,1
train,8,data_8.csv,normal,8_93_116,24,93,116,55800,69600,0,0.42674387,1
train,8,data_8.csv,normal,8_94_117,24,94,117,56400,70200,0,0.40482184,1
train,8,data_8.csv,normal,8_95_118,24,95,118,57000,70800,0,0.39313287,1
train,8,data_8.csv,normal,8_96_119,24,96,119,57600,71400,0,0.376402,1
train,8,data_8.csv,normal,8_97_120,24,97,120,58200,72000,0,0.37488237,1
train,8,data_8.csv,normal,8_98_121,24,98,121,58800,72600,0,0.36572188,1
train,8,data_8.csv,normal,8_99_122,24,99,122,59400,73200,0,0.35997495,1
train,8,data_8.csv,normal,8_100_123,24,100,123,60000,73800,0,0.36281857,1
train,8,data_8.csv,normal,8_101_124,24,101,124,60600,74400,0,0.35807985,1
train,8,data_8.csv,normal,8_102_125,24,102,125,61200,75000,0,0.3518701,1
train,8,data_8.csv,normal,8_103_126,24,103,126,61800,75600,0,0.3636171,1
train,8,data_8.csv,normal,8_104_127,24,104,127,62400,76200,0,0.37920216,1
train,8,data_8.csv,normal,8_105_128,24,105,128,63000,76800,0,0.39787918,1
train,8,data_8.csv,normal,8_106_129,24,106,129,63600,77400,0,0.42129612,1
train,8,data_8.csv,normal,8_107_130,24,107,130,64200,78000,0,0.43189672,1
train,8,data_8.csv,normal,8_108_131,24,108,131,64800,78600,0,0.4477544,1
train,8,data_8.csv,normal,8_109_132,24,109,132,65400,79200,0,0.4610833,1
train,8,data_8.csv,normal,8_110_133,24,110,133,66000,79800,0,0.4791754,1
train,8,data_8.csv,normal,8_111_134,24,111,134,66600,80400,0,0.49599004,1
train,8,data_8.csv,normal,8_112_135,24,112,135,67200,81000,0,0.51036507,1
train,8,data_8.csv,normal,8_113_136,24,113,136,67800,81600,0,0.5171198,1
train,8,data_8.csv,normal,8_114_137,24,114,137,68400,82200,0,0.52702695,1
train,8,data_8.csv,normal,8_115_138,24,115,138,69000,82800,0,0.5308009,1
train,8,data_8.csv,normal,8_116_139,24,116,139,69600,83400,0,0.5399283,1
train,8,data_8.csv,normal,8_117_140,24,117,140,70200,84000,0,0.5455974,1
train,8,data_8.csv,normal,8_118_141,24,118,141,70800,84600,0,0.5475375,1
train,8,data_8.csv,normal,8_119_142,24,119,142,71400,85200,0,0.55012625,1
train,8,data_8.csv,normal,8_120_143,24,120,143,72000,85800,0,0.5532819,1
train,8,data_8.csv,normal,8_121_144,24,121,144,72600,86400,0,0.55252653,1
train,12,data_12.csv,persistent_leak,12_0_23,24,0,23,0,13800,1,0.19181092,0
train,12,data_12.csv,persistent_leak,12_1_24,24,1,24,600,14400,1,0.19181256,0
train,12,data_12.csv,persistent_leak,12_2_25,24,2,25,1200,15000,1,0.19168207,0
train,12,data_12.csv,persistent_leak,12_3_26,24,3,26,1800,15600,1,0.19581613,0
train,12,data_12.csv,persistent_leak,12_4_27,24,4,27,2400,16200,1,0.2007297,0
train,12,data_12.csv,persistent_leak,12_5_28,24,5,28,3000,16800,1,0.20558234,0
train,12,data_12.csv,persistent_leak,12_6_29,24,6,29,3600,17400,1,0.21009994,0
train,12,data_12.csv,persistent_leak,12_7_30,24,7,30,4200,18000,1,0.2079023,0
train,12,data_12.csv,persistent_leak,12_8_31,24,8,31,4800,18600,1,0.2057057,0
train,12,data_12.csv,persistent_leak,12_9_32,24,9,32,5400,19200,1,0.20844081,0
train,12,data_12.csv,persistent_leak,12_10_33,24,10,33,6000,19800,1,0.21084033,0
train,12,data_12.csv,persistent_leak,12_11_34,24,11,34,6600,20400,1,0.21570043,0
train,12,data_12.csv,persistent_leak,12_12_35,24,12,35,7200,21000,1,0.21924229,0
train,12,data_12.csv,persistent_leak,12_13_36,24,13,36,7800,21600,1,0.21361113,0
train,12,data_12.csv,persistent_leak,12_14_37,24,14,37,8400,22200,1,0.20688102,0
train,12,data_12.csv,persistent_leak,12_15_38,24,15,38,9000,22800,1,0.20832807,0
train,12,data_12.csv,persistent_leak,12_16_39,24,16,39,9600,23400,1,0.20897746,0
train,12,data_12.csv,persistent_leak,12_17_40,24,17,40,10200,24000,1,0.21360749,0
train,12,data_12.csv,persistent_leak,12_18_41,24,18,41,10800,24600,1,0.21610214,0
train,12,data_12.csv,persistent_leak,12_19_42,24,19,42,11400,25200,1,0.21343842,0
train,12,data_12.csv,persistent_leak,12_20_43,24,20,43,12000,25800,1,0.20739526,0
train,12,data_12.csv,persistent_leak,12_21_44,24,21,44,12600,26400,1,0.21249768,0
train,12,data_12.csv,persistent_leak,12_22_45,24,22,45,13200,27000,1,0.22114804,0
train,12,data_12.csv,persistent_leak,12_23_46,24,23,46,13800,27600,1,0.22627383,0
train,12,data_12.csv,persistent_leak,12_24_47,24,24,47,14400,28200,1,0.23074609,0
train,12,data_12.csv,persistent_leak,12_25_48,24,25,48,15000,28800,1,0.23749459,0
train,12,data_12.csv,persistent_leak,12_26_49,24,26,49,15600,29400,1,0.2445757,0
train,12,data_12.csv,persistent_leak,12_27_50,24,27,50,16200,30000,1,0.26063973,0
train,12,data_12.csv,persistent_leak,12_28_51,24,28,51,16800,30600,1,0.28855148,0
train,12,data_12.csv,persistent_leak,12_29_52,24,29,52,17400,31200,1,0.30314854,1
train,12,data_12.csv,persistent_leak,12_30_53,24,30,53,18000,31800,1,0.3208767,1
train,12,data_12.csv,persistent_leak,12_31_54,24,31,54,18600,32400,1,0.3319713,1
train,12,data_12.csv,persistent_leak,12_32_55,24,32,55,19200,33000,1,0.3516993,1
train,12,data_12.csv,persistent_leak,12_33_56,24,33,56,19800,33600,1,0.3780093,1
train,12,data_12.csv,persistent_leak,12_34_57,24,34,57,20400,34200,1,0.41150966,1
train,12,data_12.csv,persistent_leak,12_35_58,24,35,58,21000,34800,1,0.42904556,1
train,12,data_12.csv,persistent_leak,12_36_59,24,36,59,21600,35400,1,0.45322797,1
train,12,data_12.csv,persistent_leak,12_37_60,24,37,60,22200,36000,1,0.45738146,1
train,12,data_12.csv,persistent_leak,12_38_61,24,38,61,22800,36600,1,0.46553957,1
train,12,data_12.csv,persistent_leak,12_39_62,24,39,62,23400,37200,1,0.47563085,1
train,12,data_12.csv,persistent_leak,12_40_63,24,40,63,24000,37800,1,0.4831027,1
train,12,data_12.csv,persistent_leak,12_41_64,24,41,64,24600,38400,1,0.49514687,1
train,12,data_12.csv,persistent_leak,12_42_65,24,42,65,25200,39000,1,0.5034467,1
train,12,data_12.csv,persistent_leak,12_43_66,24,43,66,25800,39600,1,0.50211936,1
train,12,data_12.csv,persistent_leak,12_44_67,24,44,67,26400,40200,1,0.50167257,1
train,12,data_12.csv,persistent_leak,12_45_68,24,45,68,27000,40800,1,0.50108117,1
train,12,data_12.csv,persistent_leak,12_46_69,24,46,69,27600,41400,1,0.5012902,1
train,12,data_12.csv,persistent_leak,12_47_70,24,47,70,28200,42000,1,0.5002266,1
train,12,data_12.csv,persistent_leak,12_48_71,24,48,71,28800,42600,1,0.4990099,1
train,12,data_12.csv,persistent_leak,12_49_72,24,49,72,29400,43200,1,0.49793753,1
train,12,data_12.csv,persistent_leak,12_50_73,24,50,73,30000,43800,1,0.5007516,1
train,12,data_12.csv,persistent_leak,12_51_74,24,51,74,30600,44400,1,0.5017341,1
train,12,data_12.csv,persistent_leak,12_52_75,24,52,75,31200,45000,1,0.502975,1
train,12,data_12.csv,persistent_leak,12_53_76,24,53,76,31800,45600,1,0.50209236,1
train,12,data_12.csv,persistent_leak,12_54_77,24,54,77,32400,46200,1,0.5018197,1
train,12,data_12.csv,persistent_leak,12_55_78,24,55,78,33000,46800,1,0.5038024,1
train,12,data_12.csv,persistent_leak,12_56_79,24,56,79,33600,47400,1,0.50858754,1
train,12,data_12.csv,persistent_leak,12_57_80,24,57,80,34200,48000,1,0.5121765,1
train,12,data_12.csv,persistent_leak,12_58_81,24,58,81,34800,48600,1,0.5143512,1
train,12,data_12.csv,persistent_leak,12_59_82,24,59,82,35400,49200,1,0.51647466,1
train,12,data_12.csv,persistent_leak,12_60_83,24,60,83,36000,49800,1,0.51858974,1
train,12,data_12.csv,persistent_leak,12_61_84,24,61,84,36600,50400,1,0.5196381,1
train,12,data_12.csv,persistent_leak,12_62_85,24,62,85,37200,51000,1,0.5224153,1
train,12,data_12.csv,persistent_leak,12_63_86,24,63,86,37800,51600,1,0.524682,1
train,12,data_12.csv,persistent_leak,12_64_87,24,64,87,38400,52200,1,0.5246054,1
train,12,data_12.csv,persistent_leak,12_65_88,24,65,88,39000,52800,1,0.52732587,1
train,12,data_12.csv,persistent_leak,12_66_89,24,66,89,39600,53400,1,0.52804476,1
train,12,data_12.csv,persistent_leak,12_67_90,24,67,90,40200,54000,1,0.5260892,1
train,12,data_12.csv,persistent_leak,12_68_91,24,68,91,40800,54600,1,0.52431047,1
train,12,data_12.csv,persistent_leak,12_69_92,24,69,92,41400,55200,1,0.51860285,1
train,12,data_12.csv,persistent_leak,12_70_93,24,70,93,42000,55800,1,0.5072517,1
train,12,data_12.csv,persistent_leak,12_71_94,24,71,94,42600,56400,1,0.50232375,1
train,12,data_12.csv,persistent_leak,12_72_95,24,72,95,43200,57000,1,0.498065,1
train,12,data_12.csv,persistent_leak,12_73_96,24,73,96,43800,57600,1,0.48908833,1
train,12,data_12.csv,persistent_leak,12_74_97,24,74,97,44400,58200,1,0.47645307,1
train,12,data_12.csv,persistent_leak,12_75_98,24,75,98,45000,58800,1,0.46267906,1
train,12,data_12.csv,persistent_leak,12_76_99,24,76,99,45600,59400,1,0.44559455,1
train,12,data_12.csv,persistent_leak,12_77_100,24,77,100,46200,60000,1,0.4368147,1
train,12,data_12.csv,persistent_leak,12_78_101,24,78,101,46800,60600,1,0.42440355,1
train,12,data_12.csv,persistent_leak,12_79_102,24,79,102,47400,61200,1,0.41670752,1
train,12,data_12.csv,persistent_leak,12_80_103,24,80,103,48000,61800,1,0.40475696,1
train,12,data_12.csv,persistent_leak,12_81_104,24,81,104,48600,62400,1,0.39647967,1
train,12,data_12.csv,persistent_leak,12_82_105,24,82,105,49200,63000,1,0.38782948,1
train,12,data_12.csv,persistent_leak,12_83_106,24,83,106,49800,63600,1,0.38347515,1
train,12,data_12.csv,persistent_leak,12_84_107,24,84,107,50400,64200,1,0.37612656,1
train,12,data_12.csv,persistent_leak,12_85_108,24,85,108,51000,64800,1,0.37346464,1
train,12,data_12.csv,persistent_leak,12_86_109,24,86,109,51600,65400,1,0.36800754,1
train,12,data_12.csv,persistent_leak,12_87_110,24,87,110,52200,66000,1,0.36769003,1
train,12,data_12.csv,persistent_leak,12_88_111,24,88,111,52800,66600,1,0.37007177,1
train,12,data_12.csv,persistent_leak,12_89_112,24,89,112,53400,67200,1,0.37267765,1
train,12,data_12.csv,persistent_leak,12_90_113,24,90,113,54000,67800,1,0.37390566,1
train,12,data_12.csv,persistent_leak,12_91_114,24,91,114,54600,68400,1,0.3758247,1
train,12,data_12.csv,persistent_leak,12_92_115,24,92,115,55200,69000,1,0.3763854,1
train,12,data_12.csv,persistent_leak,12_93_116,24,93,116,55800,69600,1,0.38238034,1
train,12,data_12.csv,persistent_leak,12_94_117,24,94,117,56400,70200,1,0.3925475,1
train,12,data_12.csv,persistent_leak,12_95_118,24,95,118,57000,70800,1,0.3998732,1
train,12,data_12.csv,persistent_leak,12_96_119,24,96,119,57600,71400,1,0.40574947,1
train,12,data_12.csv,persistent_leak,12_97_120,24,97,120,58200,72000,1,0.4107001,1
train,12,data_12.csv,persistent_leak,12_98_121,24,98,121,58800,72600,1,0.41756406,1
train,12,data_12.csv,persistent_leak,12_99_122,24,99,122,59400,73200,1,0.42663628,1
train,12,data_12.csv,persistent_leak,12_100_123,24,100,123,60000,73800,1,0.44089445,1
train,12,data_12.csv,persistent_leak,12_101_124,24,101,124,60600,74400,1,0.44741592,1
train,12,data_12.csv,persistent_leak,12_102_125,24,102,125,61200,75000,1,0.45753422,1
train,12,data_12.csv,persistent_leak,12_103_126,24,103,126,61800,75600,1,0.46013352,1
train,12,data_12.csv,persistent_leak,12_104_127,24,104,127,62400,76200,1,0.46699318,1
train,12,data_12.csv,persistent_leak,12_105_128,24,105,128,63000,76800,1,0.47603,1
train,12,data_12.csv,persistent_leak,12_106_129,24,106,129,63600,77400,1,0.48592967,1
train,12,data_12.csv,persistent_leak,12_107_130,24,107,130,64200,78000,1,0.4886541,1
train,12,data_12.csv,persistent_leak,12_108_131,24,108,131,64800,78600,1,0.4955497,1
train,12,data_12.csv,persistent_leak,12_109_132,24,109,132,65400,79200,1,0.49742424,1
train,12,data_12.csv,persistent_leak,12_110_133,24,110,133,66000,79800,1,0.50479335,1
train,12,data_12.csv,persistent_leak,12_111_134,24,111,134,66600,80400,1,0.5151551,1
train,12,data_12.csv,persistent_leak,12_112_135,24,112,135,67200,81000,1,0.5208774,1
train,12,data_12.csv,persistent_leak,12_113_136,24,113,136,67800,81600,1,0.5229619,1
train,12,data_12.csv,persistent_leak,12_114_137,24,114,137,68400,82200,1,0.527393,1
train,12,data_12.csv,persistent_leak,12_115_138,24,115,138,69000,82800,1,0.53245103,1
train,12,data_12.csv,persistent_leak,12_116_139,24,116,139,69600,83400,1,0.54619545,1
train,12,data_12.csv,persistent_leak,12_117_140,24,117,140,70200,84000,1,0.5589281,1
train,12,data_12.csv,persistent_leak,12_118_141,24,118,141,70800,84600,1,0.56478727,1
train,12,data_12.csv,persistent_leak,12_119_142,24,119,142,71400,85200,1,0.5647877,1
train,12,data_12.csv,persistent_leak,12_120_143,24,120,143,72000,85800,1,0.57269514,1
train,12,data_12.csv,persistent_leak,12_121_144,24,121,144,72600,86400,1,0.57816964,1
train,17,data_17.csv,onset_leak,17_0_23,24,0,23,0,13800,0,0.17414178,0
train,17,data_17.csv,onset_leak,17_1_24,24,1,24,600,14400,0,0.17342082,0
train,17,data_17.csv,onset_leak,17_2_25,24,2,25,1200,15000,0,0.17221627,0
train,17,data_17.csv,onset_leak,17_3_26,24,3,26,1800,15600,0,0.17389965,0
train,17,data_17.csv,onset_leak,17_4_27,24,4,27,2400,16200,0,0.17592731,0
train,17,data_17.csv,onset_leak,17_5_28,24,5,28,3000,16800,0,0.17831524,0
train,17,data_17.csv,onset_leak,17_6_29,24,6,29,3600,17400,0,0.1801654,0
train,17,data_17.csv,onset_leak,17_7_30,24,7,30,4200,18000,0,0.1795873,0
train,17,data_17.csv,onset_leak,17_8_31,24,8,31,4800,18600,0,0.17859581,0
train,17,data_17.csv,onset_leak,17_9_32,24,9,32,5400,19200,0,0.18106821,0
train,17,data_17.csv,onset_leak,17_10_33,24,10,33,6000,19800,0,0.18400492,0
train,17,data_17.csv,onset_leak,17_11_34,24,11,34,6600,20400,0,0.18723182,0
train,17,data_17.csv,onset_leak,17_12_35,24,12,35,7200,21000,0,0.18992287,0
train,17,data_17.csv,onset_leak,17_13_36,24,13,36,7800,21600,0,0.18919125,0
train,17,data_17.csv,onset_leak,17_14_37,24,14,37,8400,22200,0,0.18807171,0
train,17,data_17.csv,onset_leak,17_15_38,24,15,38,9000,22800,0,0.19106837,0
train,17,data_17.csv,onset_leak,17_16_39,24,16,39,9600,23400,0,0.19447467,0
train,17,data_17.csv,onset_leak,17_17_40,24,17,40,10200,24000,0,0.19840503,0
train,17,data_17.csv,onset_leak,17_18_41,24,18,41,10800,24600,0,0.20172888,0
train,17,data_17.csv,onset_leak,17_19_42,24,19,42,11400,25200,0,0.20050439,0
train,17,data_17.csv,onset_leak,17_20_43,24,20,43,12000,25800,0,0.1987251,0
train,17,data_17.csv,onset_leak,17_21_44,24,21,44,12600,26400,0,0.20197561,0
train,17,data_17.csv,onset_leak,17_22_45,24,22,45,13200,27000,0,0.20562696,0
train,17,data_17.csv,onset_leak,17_23_46,24,23,46,13800,27600,0,0.21018225,0
train,17,data_17.csv,onset_leak,17_24_47,24,24,47,14400,28200,0,0.21394107,0
train,17,data_17.csv,onset_leak,17_25_48,24,25,48,15000,28800,0,0.2110359,0
train,17,data_17.csv,onset_leak,17_26_49,24,26,49,15600,29400,0,0.2076646,0
train,17,data_17.csv,onset_leak,17_27_50,24,27,50,16200,30000,0,0.21025358,0
train,17,data_17.csv,onset_leak,17_28_51,24,28,51,16800,30600,0,0.2132369,0
train,17,data_17.csv,onset_leak,17_29_52,24,29,52,17400,31200,0,0.21834843,0
train,17,data_17.csv,onset_leak,17_30_53,24,30,53,18000,31800,0,0.22210713,0
train,17,data_17.csv,onset_leak,17_31_54,24,31,54,18600,32400,0,0.21676157,0
train,17,data_17.csv,onset_leak,17_32_55,24,32,55,19200,33000,0,0.21031338,0
train,17,data_17.csv,onset_leak,17_33_56,24,33,56,19800,33600,0,0.21305063,0
train,17,data_17.csv,onset_leak,17_34_57,24,34,57,20400,34200,0,0.21570715,0
train,17,data_17.csv,onset_leak,17_35_58,24,35,58,21000,34800,0,0.22200845,0
train,17,data_17.csv,onset_leak,17_36_59,24,36,59,21600,35400,0,0.22617795,0
train,17,data_17.csv,onset_leak,17_37_60,24,37,60,22200,36000,0,0.22179885,0
train,17,data_17.csv,onset_leak,17_38_61,24,38,61,22800,36600,0,0.22027029,0
train,17,data_17.csv,onset_leak,17_39_62,24,39,62,23400,37200,0,0.22548804,0
train,17,data_17.csv,onset_leak,17_40_63,24,40,63,24000,37800,0,0.23470925,0
train,17,data_17.csv,onset_leak,17_41_64,24,41,64,24600,38400,0,0.24713284,0
train,17,data_17.csv,onset_leak,17_42_65,24,42,65,25200,39000,0,0.26760116,0
train,17,data_17.csv,onset_leak,17_43_66,24,43,66,25800,39600,0,0.31545886,1
train,17,data_17.csv,onset_leak,17_44_67,24,44,67,26400,40200,0,0.34018213,1
train,17,data_17.csv,onset_leak,17_45_68,24,45,68,27000,40800,0,0.36014134,1
train,17,data_17.csv,onset_leak,17_46_69,24,46,69,27600,41400,0,0.38871932,1
train,17,data_17.csv,onset_leak,17_47_70,24,47,70,28200,42000,0,0.45287248,1
train,17,data_17.csv,onset_leak,17_48_71,24,48,71,28800,42600,0,0.53262794,1
train,17,data_17.csv,onset_leak,17_49_72,24,49,72,29400,43200,1,0.6136824,1
train,17,data_17.csv,onset_leak,17_50_73,24,50,73,30000,43800,1,0.6670821,1
train,17,data_17.csv,onset_leak,17_51_74,24,51,74,30600,44400,1,0.70699996,1
train,17,data_17.csv,onset_leak,17_52_75,24,52,75,31200,45000,1,0.71416086,1
train,17,data_17.csv,onset_leak,17_53_76,24,53,76,31800,45600,1,0.7478352,1
train,17,data_17.csv,onset_leak,17_54_77,24,54,77,32400,46200,1,0.77779424,1
train,17,data_17.csv,onset_leak,17_55_78,24,55,78,33000,46800,1,0.79424614,1
train,17,data_17.csv,onset_leak,17_56_79,24,56,79,33600,47400,1,0.80678356,1
train,17,data_17.csv,onset_leak,17_57_80,24,57,80,34200,48000,1,0.82169443,1
train,17,data_17.csv,onset_leak,17_58_81,24,58,81,34800,48600,1,0.824535,1
train,17,data_17.csv,onset_leak,17_59_82,24,59,82,35400,49200,1,0.8433784,1
train,17,data_17.csv,onset_leak,17_60_83,24,60,83,36000,49800,1,0.85693413,1
train,17,data_17.csv,onset_leak,17_61_84,24,61,84,36600,50400,1,0.8623734,1
train,17,data_17.csv,onset_leak,17_62_85,24,62,85,37200,51000,1,0.867525,1
train,17,data_17.csv,onset_leak,17_63_86,24,63,86,37800,51600,1,0.87403166,1
train,17,data_17.csv,onset_leak,17_64_87,24,64,87,38400,52200,1,0.8749819,1
train,17,data_17.csv,onset_leak,17_65_88,24,65,88,39000,52800,1,0.88322043,1
train,17,data_17.csv,onset_leak,17_66_89,24,66,89,39600,53400,1,0.8887996,1
train,17,data_17.csv,onset_leak,17_67_90,24,67,90,40200,54000,1,0.87765694,1
train,17,data_17.csv,onset_leak,17_68_91,24,68,91,40800,54600,1,0.87225705,1
train,17,data_17.csv,onset_leak,17_69_92,24,69,92,41400,55200,1,0.8743454,1
train,17,data_17.csv,onset_leak,17_70_93,24,70,93,42000,55800,1,0.8708109,1
train,17,data_17.csv,onset_leak,17_71_94,24,71,94,42600,56400,1,0.86891615,1
train,17,data_17.csv,onset_leak,17_72_95,24,72,95,43200,57000,1,0.8640318,1
train,17,data_17.csv,onset_leak,17_73_96,24,73,96,43800,57600,1,0.8325795,1
train,17,data_17.csv,onset_leak,17_74_97,24,74,97,44400,58200,1,0.807945,1
train,17,data_17.csv,onset_leak,17_75_98,24,75,98,45000,58800,1,0.8077275,1
train,17,data_17.csv,onset_leak,17_76_99,24,76,99,45600,59400,1,0.7960637,1
train,17,data_17.csv,onset_leak,17_77_100,24,77,100,46200,60000,1,0.77842253,1
train,17,data_17.csv,onset_leak,17_78_101,24,78,101,46800,60600,1,0.7551341,1
train,17,data_17.csv,onset_leak,17_79_102,24,79,102,47400,61200,1,0.7205378,1
train,17,data_17.csv,onset_leak,17_80_103,24,80,103,48000,61800,1,0.6901538,1
train,17,data_17.csv,onset_leak,17_81_104,24,81,104,48600,62400,1,0.68387884,1
train,17,data_17.csv,onset_leak,17_82_105,24,82,105,49200,63000,1,0.6842328,1
train,17,data_17.csv,onset_leak,17_83_106,24,83,106,49800,63600,1,0.6724611,1
train,17,data_17.csv,onset_leak,17_84_107,24,84,107,50400,64200,1,0.6548385,1
train,17,data_17.csv,onset_leak,17_85_108,24,85,108,51000,64800,1,0.6534525,1
train,17,data_17.csv,onset_leak,17_86_109,24,86,109,51600,65400,1,0.63256085,1
train,17,data_17.csv,onset_leak,17_87_110,24,87,110,52200,66000,1,0.6226456,1
train,17,data_17.csv,onset_leak,17_88_111,24,88,111,52800,66600,1,0.62240326,1
train,17,data_17.csv,onset_leak,17_89_112,24,89,112,53400,67200,1,0.6146824,1
train,17,data_17.csv,onset_leak,17_90_113,24,90,113,54000,67800,1,0.6065414,1
train,17,data_17.csv,onset_leak,17_91_114,24,91,114,54600,68400,1,0.6112764,1
train,17,data_17.csv,onset_leak,17_92_115,24,92,115,55200,69000,1,0.60240704,1
train,17,data_17.csv,onset_leak,17_93_116,24,93,116,55800,69600,1,0.5795958,1
train,17,data_17.csv,onset_leak,17_94_117,24,94,117,56400,70200,1,0.58022296,1
train,17,data_17.csv,onset_leak,17_95_118,24,95,118,57000,70800,1,0.56248844,1
train,17,data_17.csv,onset_leak,17_96_119,24,96,119,57600,71400,1,0.55405796,1
train,17,data_17.csv,onset_leak,17_97_120,24,97,120,58200,72000,1,0.5647581,1
train,17,data_17.csv,onset_leak,17_98_121,24,98,121,58800,72600,1,0.5750441,1
train,17,data_17.csv,onset_leak,17_99_122,24,99,122,59400,73200,1,0.567911,1
train,17,data_17.csv,onset_leak,17_100_123,24,100,123,60000,73800,1,0.5698797,1
train,17,data_17.csv,onset_leak,17_101_124,24,101,124,60600,74400,1,0.5734514,1
train,17,data_17.csv,onset_leak,17_102_125,24,102,125,61200,75000,1,0.58844644,1
train,17,data_17.csv,onset_leak,17_103_126,24,103,126,61800,75600,1,0.59945816,1
train,17,data_17.csv,onset_leak,17_104_127,24,104,127,62400,76200,1,0.6032926,1
train,17,data_17.csv,onset_leak,17_105_128,24,105,128,63000,76800,1,0.61281854,1
train,17,data_17.csv,onset_leak,17_106_129,24,106,129,63600,77400,1,0.6106199,1
train,17,data_17.csv,onset_leak,17_107_130,24,107,130,64200,78000,1,0.6176668,1
train,17,data_17.csv,onset_leak,17_108_131,24,108,131,64800,78600,1,0.63110346,1
train,17,data_17.csv,onset_leak,17_109_132,24,109,132,65400,79200,1,0.58286023,1
train,17,data_17.csv,onset_leak,17_110_133,24,110,133,66000,79800,1,0.55193114,1
train,17,data_17.csv,onset_leak,17_111_134,24,111,134,66600,80400,1,0.5579077,1
train,17,data_17.csv,onset_leak,17_112_135,24,112,135,67200,81000,1,0.56405103,1
train,17,data_17.csv,onset_leak,17_113_136,24,113,136,67800,81600,1,0.5752828,1
train,17,data_17.csv,onset_leak,17_114_137,24,114,137,68400,82200,1,0.56719726,1
train,17,data_17.csv,onset_leak,17_115_138,24,115,138,69000,82800,1,0.5602757,1
train,17,data_17.csv,onset_leak,17_116_139,24,116,139,69600,83400,1,0.54634964,1
train,17,data_17.csv,onset_leak,17_117_140,24,117,140,70200,84000,1,0.56307954,1
train,17,data_17.csv,onset_leak,17_118_141,24,118,141,70800,84600,1,0.5753651,1
train,17,data_17.csv,onset_leak,17_119_142,24,119,142,71400,85200,1,0.5801107,1
train,17,data_17.csv,onset_leak,17_120_143,24,120,143,72000,85800,1,0.5802106,1
train,17,data_17.csv,onset_leak,17_121_144,24,121,144,72600,86400,1,0.58610696,1
train,18,data_18.csv,onset_leak,18_0_23,24,0,23,0,13800,0,0.24298826,0
train,18,data_18.csv,onset_leak,18_1_24,24,1,24,600,14400,0,0.24204238,0
train,18,data_18.csv,onset_leak,18_2_25,24,2,25,1200,15000,0,0.241012,0
train,18,data_18.csv,onset_leak,18_3_26,24,3,26,1800,15600,0,0.24009398,0
train,18,data_18.csv,onset_leak,18_4_27,24,4,27,2400,16200,0,0.23911975,0
train,18,data_18.csv,onset_leak,18_5_28,24,5,28,3000,16800,0,0.23882006,0
train,18,data_18.csv,onset_leak,18_6_29,24,6,29,3600,17400,0,0.23817818,0
train,18,data_18.csv,onset_leak,18_7_30,24,7,30,4200,18000,0,0.23735893,0
train,18,data_18.csv,onset_leak,18_8_31,24,8,31,4800,18600,0,0.2361523,0
train,18,data_18.csv,onset_leak,18_9_32,24,9,32,5400,19200,0,0.23581406,0
train,18,data_18.csv,onset_leak,18_10_33,24,10,33,6000,19800,0,0.2353856,0
train,18,data_18.csv,onset_leak,18_11_34,24,11,34,6600,20400,0,0.23551947,0
train,18,data_18.csv,onset_leak,18_12_35,24,12,35,7200,21000,0,0.23527612,0
train,18,data_18.csv,onset_leak,18_13_36,24,13,36,7800,21600,0,0.23473579,0
train,18,data_18.csv,onset_leak,18_14_37,24,14,37,8400,22200,0,0.23378657,0
train,18,data_18.csv,onset_leak,18_15_38,24,15,38,9000,22800,0,0.23413016,0
train,18,data_18.csv,onset_leak,18_16_39,24,16,39,9600,23400,0,0.23467731,0
train,18,data_18.csv,onset_leak,18_17_40,24,17,40,10200,24000,0,0.23540571,0
train,18,data_18.csv,onset_leak,18_18_41,24,18,41,10800,24600,0,0.23584604,0
train,18,data_18.csv,onset_leak,18_19_42,24,19,42,11400,25200,0,0.23554698,0
train,18,data_18.csv,onset_leak,18_20_43,24,20,43,12000,25800,0,0.23504607,0
train,18,data_18.csv,onset_leak,18_21_44,24,21,44,12600,26400,0,0.23610935,0
train,18,data_18.csv,onset_leak,18_22_45,24,22,45,13200,27000,0,0.23738968,0
train,18,data_18.csv,onset_leak,18_23_46,24,23,46,13800,27600,0,0.23883611,0
train,18,data_18.csv,onset_leak,18_24_47,24,24,47,14400,28200,0,0.23999499,0
train,18,data_18.csv,onset_leak,18_25_48,24,25,48,15000,28800,0,0.2394435,0
train,18,data_18.csv,onset_leak,18_26_49,24,26,49,15600,29400,0,0.23872548,0
train,18,data_18.csv,onset_leak,18_27_50,24,27,50,16200,30000,0,0.23997252,0
train,18,data_18.csv,onset_leak,18_28_51,24,28,51,16800,30600,0,0.24123912,0
train,18,data_18.csv,onset_leak,18_29_52,24,29,52,17400,31200,0,0.24305676,0
train,18,data_18.csv,onset_leak,18_30_53,24,30,53,18000,31800,0,0.24440303,0
train,18,data_18.csv,onset_leak,18_31_54,24,31,54,18600,32400,0,0.23919444,0
train,18,data_18.csv,onset_leak,18_32_55,24,32,55,19200,33000,0,0.23383902,0
train,18,data_18.csv,onset_leak,18_33_56,24,33,56,19800,33600,0,0.23115027,0
train,18,data_18.csv,onset_leak,18_34_57,24,34,57,20400,34200,0,0.22642437,0
train,18,data_18.csv,onset_leak,18_35_58,24,35,58,21000,34800,0,0.22809188,0
train,18,data_18.csv,onset_leak,18_36_59,24,36,59,21600,35400,0,0.22688036,0
train,18,data_18.csv,onset_leak,18_37_60,24,37,60,22200,36000,0,0.2131724,0
train,18,data_18.csv,onset_leak,18_38_61,24,38,61,22800,36600,0,0.19803445,0
train,18,data_18.csv,onset_leak,18_39_62,24,39,62,23400,37200,0,0.19313316,0
train,18,data_18.csv,onset_leak,18_40_63,24,40,63,24000,37800,0,0.18417017,0
train,18,data_18.csv,onset_leak,18_41_64,24,41,64,24600,38400,0,0.18598045,0
train,18,data_18.csv,onset_leak,18_42_65,24,42,65,25200,39000,0,0.18311101,0
train,18,data_18.csv,onset_leak,18_43_66,24,43,66,25800,39600,0,0.18178008,0
train,18,data_18.csv,onset_leak,18_44_67,24,44,67,26400,40200,0,0.17843033,0
train,18,data_18.csv,onset_leak,18_45_68,24,45,68,27000,40800,0,0.17756803,0
train,18,data_18.csv,onset_leak,18_46_69,24,46,69,27600,41400,0,0.18139459,0
train,18,data_18.csv,onset_leak,18_47_70,24,47,70,28200,42000,0,0.19624011,0
train,18,data_18.csv,onset_leak,18_48_71,24,48,71,28800,42600,0,0.22005883,0
train,18,data_18.csv,onset_leak,18_49_72,24,49,72,29400,43200,1,0.25512943,0
train,18,data_18.csv,onset_leak,18_50_73,24,50,73,30000,43800,1,0.26830092,0
train,18,data_18.csv,onset_leak,18_51_74,24,51,74,30600,44400,1,0.290801,0
train,18,data_18.csv,onset_leak,18_52_75,24,52,75,31200,45000,1,0.33113185,1
train,18,data_18.csv,onset_leak,18_53_76,24,53,76,31800,45600,1,0.38255808,1
train,18,data_18.csv,onset_leak,18_54_77,24,54,77,32400,46200,1,0.44522104,1
train,18,data_18.csv,onset_leak,18_55_78,24,55,78,33000,46800,1,0.46640664,1
train,18,data_18.csv,onset_leak,18_56_79,24,56,79,33600,47400,1,0.48713586,1
train,18,data_18.csv,onset_leak,18_57_80,24,57,80,34200,48000,1,0.5439712,1
train,18,data_18.csv,onset_leak,18_58_81,24,58,81,34800,48600,1,0.5635422,1
train,18,data_18.csv,onset_leak,18_59_82,24,59,82,35400,49200,1,0.5961724,1
train,18,data_18.csv,onset_leak,18_60_83,24,60,83,36000,49800,1,0.61654145,1
train,18,data_18.csv,onset_leak,18_61_84,24,61,84,36600,50400,1,0.5963107,1
train,18,data_18.csv,onset_leak,18_62_85,24,62,85,37200,51000,1,0.58535737,1
train,18,data_18.csv,onset_leak,18_63_86,24,63,86,37800,51600,1,0.59571695,1
train,18,data_18.csv,onset_leak,18_64_87,24,64,87,38400,52200,1,0.59742105,1
train,18,data_18.csv,onset_leak,18_65_88,24,65,88,39000,52800,1,0.610469,1
train,18,data_18.csv,onset_leak,18_66_89,24,66,89,39600,53400,1,0.61103654,1
train,18,data_18.csv,onset_leak,18_67_90,24,67,90,40200,54000,1,0.61011446,1
train,18,data_18.csv,onset_leak,18_68_91,24,68,91,40800,54600,1,0.60028905,1
train,18,data_18.csv,onset_leak,18_69_92,24,69,92,41400,55200,1,0.59316397,1
train,18,data_18.csv,onset_leak,18_70_93,24,70,93,42000,55800,1,0.59370154,1
train,18,data_18.csv,onset_leak,18_71_94,24,71,94,42600,56400,1,0.58625466,1
train,18,data_18.csv,onset_leak,18_72_95,24,72,95,43200,57000,1,0.5812913,1
train,18,data_18.csv,onset_leak,18_73_96,24,73,96,43800,57600,1,0.5861802,1
train,18,data_18.csv,onset_leak,18_74_97,24,74,97,44400,58200,1,0.58548504,1
train,18,data_18.csv,onset_leak,18_75_98,24,75,98,45000,58800,1,0.57614714,1
train,18,data_18.csv,onset_leak,18_76_99,24,76,99,45600,59400,1,0.576773,1
train,18,data_18.csv,onset_leak,18_77_100,24,77,100,46200,60000,1,0.57264686,1
train,18,data_18.csv,onset_leak,18_78_101,24,78,101,46800,60600,1,0.57317126,1
train,18,data_18.csv,onset_leak,18_79_102,24,79,102,47400,61200,1,0.58781534,1
train,18,data_18.csv,onset_leak,18_80_103,24,80,103,48000,61800,1,0.5995725,1
train,18,data_18.csv,onset_leak,18_81_104,24,81,104,48600,62400,1,0.6030723,1
train,18,data_18.csv,onset_leak,18_82_105,24,82,105,49200,63000,1,0.60769325,1
train,18,data_18.csv,onset_leak,18_83_106,24,83,106,49800,63600,1,0.61592036,1
train,18,data_18.csv,onset_leak,18_84_107,24,84,107,50400,64200,1,0.6305195,1
train,18,data_18.csv,onset_leak,18_85_108,24,85,108,51000,64800,1,0.6453391,1
train,18,data_18.csv,onset_leak,18_86_109,24,86,109,51600,65400,1,0.6562673,1
train,18,data_18.csv,onset_leak,18_87_110,24,87,110,52200,66000,1,0.6667484,1
train,18,data_18.csv,onset_leak,18_88_111,24,88,111,52800,66600,1,0.66902333,1
train,18,data_18.csv,onset_leak,18_89_112,24,89,112,53400,67200,1,0.6818049,1
train,18,data_18.csv,onset_leak,18_90_113,24,90,113,54000,67800,1,0.6960332,1
train,18,data_18.csv,onset_leak,18_91_114,24,91,114,54600,68400,1,0.6501915,1
train,18,data_18.csv,onset_leak,18_92_115,24,92,115,55200,69000,1,0.6334962,1
train,18,data_18.csv,onset_leak,18_93_116,24,93,116,55800,69600,1,0.6365129,1
train,18,data_18.csv,onset_leak,18_94_117,24,94,117,56400,70200,1,0.62695146,1
train,18,data_18.csv,onset_leak,18_95_118,24,95,118,57000,70800,1,0.6164647,1
train,18,data_18.csv,onset_leak,18_96_119,24,96,119,57600,71400,1,0.605569,1
train,18,data_18.csv,onset_leak,18_97_120,24,97,120,58200,72000,1,0.5669565,1
train,18,data_18.csv,onset_leak,18_98_121,24,98,121,58800,72600,1,0.55002666,1
train,18,data_18.csv,onset_leak,18_99_122,24,99,122,59400,73200,1,0.5580972,1
train,18,data_18.csv,onset_leak,18_100_123,24,100,123,60000,73800,1,0.57353234,1
train,18,data_18.csv,onset_leak,18_101_124,24,101,124,60600,74400,1,0.5795732,1
train,18,data_18.csv,onset_leak,18_102_125,24,102,125,61200,75000,1,0.56858724,1
train,18,data_18.csv,onset_leak,18_103_126,24,103,126,61800,75600,1,0.5659235,1
train,18,data_18.csv,onset_leak,18_104_127,24,104,127,62400,76200,1,0.56395656,1
train,18,data_18.csv,onset_leak,18_105_128,24,105,128,63000,76800,1,0.5702919,1
train,18,data_18.csv,onset_leak,18_106_129,24,106,129,63600,77400,1,0.5705377,1
train,18,data_18.csv,onset_leak,18_107_130,24,107,130,64200,78000,1,0.58168745,1
train,18,data_18.csv,onset_leak,18_108_131,24,108,131,64800,78600,1,0.59021163,1
train,18,data_18.csv,onset_leak,18_109_132,24,109,132,65400,79200,1,0.58746725,1
train,18,data_18.csv,onset_leak,18_110_133,24,110,133,66000,79800,1,0.5868336,1
train,18,data_18.csv,onset_leak,18_111_134,24,111,134,66600,80400,1,0.5865211,1
train,18,data_18.csv,onset_leak,18_112_135,24,112,135,67200,81000,1,0.5834639,1
train,18,data_18.csv,onset_leak,18_113_136,24,113,136,67800,81600,1,0.57941073,1
train,18,data_18.csv,onset_leak,18_114_137,24,114,137,68400,82200,1,0.5728925,1
train,18,data_18.csv,onset_leak,18_115_138,24,115,138,69000,82800,1,0.56022453,1
train,18,data_18.csv,onset_leak,18_116_139,24,116,139,69600,83400,1,0.5443845,1
train,18,data_18.csv,onset_leak,18_117_140,24,117,140,70200,84000,1,0.50708294,1
train,18,data_18.csv,onset_leak,18_118_141,24,118,141,70800,84600,1,0.46536118,1
train,18,data_18.csv,onset_leak,18_119_142,24,119,142,71400,85200,1,0.43523166,1
train,18,data_18.csv,onset_leak,18_120_143,24,120,143,72000,85800,1,0.40124992,1
train,18,data_18.csv,onset_leak,18_121_144,24,121,144,72600,86400,1,0.39906552,1
train,20,data_20.csv,onset_leak,20_0_23,24,0,23,0,13800,0,0.2346641,0
train,20,data_20.csv,onset_leak,20_1_24,24,1,24,600,14400,0,0.22772978,0
train,20,data_20.csv,onset_leak,20_2_25,24,2,25,1200,15000,0,0.2194034,0
train,20,data_20.csv,onset_leak,20_3_26,24,3,26,1800,15600,0,0.21086366,0
train,20,data_20.csv,onset_leak,20_4_27,24,4,27,2400,16200,0,0.20312479,0
train,20,data_20.csv,onset_leak,20_5_28,24,5,28,3000,16800,0,0.19879748,0
train,20,data_20.csv,onset_leak,20_6_29,24,6,29,3600,17400,0,0.19262719,0
train,20,data_20.csv,onset_leak,20_7_30,24,7,30,4200,18000,0,0.18842766,0
train,20,data_20.csv,onset_leak,20_8_31,24,8,31,4800,18600,0,0.18300907,0
train,20,data_20.csv,onset_leak,20_9_32,24,9,32,5400,19200,0,0.18225813,0
train,20,data_20.csv,onset_leak,20_10_33,24,10,33,6000,19800,0,0.18008688,0
train,20,data_20.csv,onset_leak,20_11_34,24,11,34,6600,20400,0,0.18124112,0
train,20,data_20.csv,onset_leak,20_12_35,24,12,35,7200,21000,0,0.1807199,0
train,20,data_20.csv,onset_leak,20_13_36,24,13,36,7800,21600,0,0.1785748,0
train,20,data_20.csv,onset_leak,20_14_37,24,14,37,8400,22200,0,0.17385024,0
train,20,data_20.csv,onset_leak,20_15_38,24,15,38,9000,22800,0,0.17471749,0
train,20,data_20.csv,onset_leak,20_16_39,24,16,39,9600,23400,0,0.17772111,0
train,20,data_20.csv,onset_leak,20_17_40,24,17,40,10200,24000,0,0.17990899,0
train,20,data_20.csv,onset_leak,20_18_41,24,18,41,10800,24600,0,0.18163551,0
train,20,data_20.csv,onset_leak,20_19_42,24,19,42,11400,25200,0,0.18091498,0
train,20,data_20.csv,onset_leak,20_20_43,24,20,43,12000,25800,0,0.18046722,0
train,20,data_20.csv,onset_leak,20_21_44,24,21,44,12600,26400,0,0.18591984,0
train,20,data_20.csv,onset_leak,20_22_45,24,22,45,13200,27000,0,0.19281343,0
train,20,data_20.csv,onset_leak,20_23_46,24,23,46,13800,27600,0,0.20042934,0
train,20,data_20.csv,onset_leak,20_24_47,24,24,47,14400,28200,0,0.20739488,0
train,20,data_20.csv,onset_leak,20_25_48,24,25,48,15000,28800,0,0.20346932,0
train,20,data_20.csv,onset_leak,20_26_49,24,26,49,15600,29400,0,0.1994843,0
train,20,data_20.csv,onset_leak,20_27_50,24,27,50,16200,30000,0,0.20485717,0
train,20,data_20.csv,onset_leak,20_28_51,24,28,51,16800,30600,0,0.20963293,0
train,20,data_20.csv,onset_leak,20_29_52,24,29,52,17400,31200,0,0.21777716,0
train,20,data_20.csv,onset_leak,20_30_53,24,30,53,18000,31800,0,0.22424239,0
train,20,data_20.csv,onset_leak,20_31_54,24,31,54,18600,32400,0,0.2221156,0
train,20,data_20.csv,onset_leak,20_32_55,24,32,55,19200,33000,0,0.21865025,0
train,20,data_20.csv,onset_leak,20_33_56,24,33,56,19800,33600,0,0.22614922,0
train,20,data_20.csv,onset_leak,20_34_57,24,34,57,20400,34200,0,0.23869649,0
train,20,data_20.csv,onset_leak,20_35_58,24,35,58,21000,34800,0,0.24530073,0
train,20,data_20.csv,onset_leak,20_36_59,24,36,59,21600,35400,0,0.25362438,0
train,20,data_20.csv,onset_leak,20_37_60,24,37,60,22200,36000,0,0.26465112,0
train,20,data_20.csv,onset_leak,20_38_61,24,38,61,22800,36600,0,0.27367723,0
train,20,data_20.csv,onset_leak,20_39_62,24,39,62,23400,37200,0,0.28860182,0
train,20,data_20.csv,onset_leak,20_40_63,24,40,63,24000,37800,0,0.318044,1
train,20,data_20.csv,onset_leak,20_41_64,24,41,64,24600,38400,0,0.3359083,1
train,20,data_20.csv,onset_leak,20_42_65,24,42,65,25200,39000,0,0.36323678,1
train,20,data_20.csv,onset_leak,20_43_66,24,43,66,25800,39600,0,0.4187353,1
train,20,data_20.csv,onset_leak,20_44_67,24,44,67,26400,40200,0,0.4727088,1
train,20,data_20.csv,onset_leak,20_45_68,24,45,68,27000,40800,0,0.5210303,1
train,20,data_20.csv,onset_leak,20_46_69,24,46,69,27600,41400,0,0.5617323,1
train,20,data_20.csv,onset_leak,20_47_70,24,47,70,28200,42000,0,0.6405768,1
train,20,data_20.csv,onset_leak,20_48_71,24,48,71,28800,42600,0,0.69270295,1
train,20,data_20.csv,onset_leak,20_49_72,24,49,72,29400,43200,1,0.7450568,1
train,20,data_20.csv,onset_leak,20_50_73,24,50,73,30000,43800,1,0.77808625,1
train,20,data_20.csv,onset_leak,20_51_74,24,51,74,30600,44400,1,0.7981152,1
train,20,data_20.csv,onset_leak,20_52_75,24,52,75,31200,45000,1,0.8118893,1
train,20,data_20.csv,onset_leak,20_53_76,24,53,76,31800,45600,1,0.8420632,1
train,20,data_20.csv,onset_leak,20_54_77,24,54,77,32400,46200,1,0.86644906,1
train,20,data_20.csv,onset_leak,20_55_78,24,55,78,33000,46800,1,0.8776304,1
train,20,data_20.csv,onset_leak,20_56_79,24,56,79,33600,47400,1,0.8892019,1
train,20,data_20.csv,onset_leak,20_57_80,24,57,80,34200,48000,1,0.9000445,1
train,20,data_20.csv,onset_leak,20_58_81,24,58,81,34800,48600,1,0.9014123,1
train,20,data_20.csv,onset_leak,20_59_82,24,59,82,35400,49200,1,0.9119538,1
train,20,data_20.csv,onset_leak,20_60_83,24,60,83,36000,49800,1,0.92215914,1
train,20,data_20.csv,onset_leak,20_61_84,24,61,84,36600,50400,1,0.91551894,1
train,20,data_20.csv,onset_leak,20_62_85,24,62,85,37200,51000,1,0.9131775,1
train,20,data_20.csv,onset_leak,20_63_86,24,63,86,37800,51600,1,0.92042774,1
train,20,data_20.csv,onset_leak,20_64_87,24,64,87,38400,52200,1,0.9168192,1
train,20,data_20.csv,onset_leak,20_65_88,24,65,88,39000,52800,1,0.92143524,1
train,20,data_20.csv,onset_leak,20_66_89,24,66,89,39600,53400,1,0.92282706,1
train,20,data_20.csv,onset_leak,20_67_90,24,67,90,40200,54000,1,0.91012216,1
train,20,data_20.csv,onset_leak,20_68_91,24,68,91,40800,54600,1,0.8996879,1
train,20,data_20.csv,onset_leak,20_69_92,24,69,92,41400,55200,1,0.9015181,1
train,20,data_20.csv,onset_leak,20_70_93,24,70,93,42000,55800,1,0.89756113,1
train,20,data_20.csv,onset_leak,20_71_94,24,71,94,42600,56400,1,0.8951901,1
train,20,data_20.csv,onset_leak,20_72_95,24,72,95,43200,57000,1,0.8858687,1
train,20,data_20.csv,onset_leak,20_73_96,24,73,96,43800,57600,1,0.87023365,1
train,20,data_20.csv,onset_leak,20_74_97,24,74,97,44400,58200,1,0.8548294,1
train,20,data_20.csv,onset_leak,20_75_98,24,75,98,45000,58800,1,0.84784114,1
train,20,data_20.csv,onset_leak,20_76_99,24,76,99,45600,59400,1,0.8436489,1
train,20,data_20.csv,onset_leak,20_77_100,24,77,100,46200,60000,1,0.8326346,1
train,20,data_20.csv,onset_leak,20_78_101,24,78,101,46800,60600,1,0.81573987,1
train,20,data_20.csv,onset_leak,20_79_102,24,79,102,47400,61200,1,0.79063433,1
train,20,data_20.csv,onset_leak,20_80_103,24,80,103,48000,61800,1,0.7676262,1
train,20,data_20.csv,onset_leak,20_81_104,24,81,104,48600,62400,1,0.7534604,1
train,20,data_20.csv,onset_leak,20_82_105,24,82,105,49200,63000,1,0.7493167,1
train,20,data_20.csv,onset_leak,20_83_106,24,83,106,49800,63600,1,0.7203723,1
train,20,data_20.csv,onset_leak,20_84_107,24,84,107,50400,64200,1,0.69378966,1
train,20,data_20.csv,onset_leak,20_85_108,24,85,108,51000,64800,1,0.6813487,1
train,20,data_20.csv,onset_leak,20_86_109,24,86,109,51600,65400,1,0.66352713,1
train,20,data_20.csv,onset_leak,20_87_110,24,87,110,52200,66000,1,0.64632726,1
train,20,data_20.csv,onset_leak,20_88_111,24,88,111,52800,66600,1,0.64375174,1
train,20,data_20.csv,onset_leak,20_89_112,24,89,112,53400,67200,1,0.62165815,1
train,20,data_20.csv,onset_leak,20_90_113,24,90,113,54000,67800,1,0.6036323,1
train,20,data_20.csv,onset_leak,20_91_114,24,91,114,54600,68400,1,0.597466,1
train,20,data_20.csv,onset_leak,20_92_115,24,92,115,55200,69000,1,0.58372164,1
train,20,data_20.csv,onset_leak,20_93_116,24,93,116,55800,69600,1,0.57590455,1
train,20,data_20.csv,onset_leak,20_94_117,24,94,117,56400,70200,1,0.5776244,1
train,20,data_20.csv,onset_leak,20_95_118,24,95,118,57000,70800,1,0.56609994,1
train,20,data_20.csv,onset_leak,20_96_119,24,96,119,57600,71400,1,0.555756,1
train,20,data_20.csv,onset_leak,20_97_120,24,97,120,58200,72000,1,0.54455453,1
train,20,data_20.csv,onset_leak,20_98_121,24,98,121,58800,72600,1,0.5387208,1
train,20,data_20.csv,onset_leak,20_99_122,24,99,122,59400,73200,1,0.53392327,1
train,20,data_20.csv,onset_leak,20_100_123,24,100,123,60000,73800,1,0.53467923,1
train,20,data_20.csv,onset_leak,20_101_124,24,101,124,60600,74400,1,0.5250369,1
train,20,data_20.csv,onset_leak,20_102_125,24,102,125,61200,75000,1,0.51423514,1
train,20,data_20.csv,onset_leak,20_103_126,24,103,126,61800,75600,1,0.5157286,1
train,20,data_20.csv,onset_leak,20_104_127,24,104,127,62400,76200,1,0.5187941,1
train,20,data_20.csv,onset_leak,20_105_128,24,105,128,63000,76800,1,0.5196816,1
train,20,data_20.csv,onset_leak,20_106_129,24,106,129,63600,77400,1,0.520875,1
train,20,data_20.csv,onset_leak,20_107_130,24,107,130,64200,78000,1,0.52357286,1
train,20,data_20.csv,onset_leak,20_108_131,24,108,131,64800,78600,1,0.5251588,1
train,20,data_20.csv,onset_leak,20_109_132,24,109,132,65400,79200,1,0.52510756,1
train,20,data_20.csv,onset_leak,20_110_133,24,110,133,66000,79800,1,0.52658087,1
train,20,data_20.csv,onset_leak,20_111_134,24,111,134,66600,80400,1,0.5300777,1
train,20,data_20.csv,onset_leak,20_112_135,24,112,135,67200,81000,1,0.5318629,1
train,20,data_20.csv,onset_leak,20_113_136,24,113,136,67800,81600,1,0.5316622,1
train,20,data_20.csv,onset_leak,20_114_137,24,114,137,68400,82200,1,0.52894086,1
train,20,data_20.csv,onset_leak,20_115_138,24,115,138,69000,82800,1,0.5315951,1
train,20,data_20.csv,onset_leak,20_116_139,24,116,139,69600,83400,1,0.542372,1
train,20,data_20.csv,onset_leak,20_117_140,24,117,140,70200,84000,1,0.5458996,1
train,20,data_20.csv,onset_leak,20_118_141,24,118,141,70800,84600,1,0.5474116,1
train,20,data_20.csv,onset_leak,20_119_142,24,119,142,71400,85200,1,0.5436055,1
train,20,data_20.csv,onset_leak,20_120_143,24,120,143,72000,85800,1,0.54411805,1
train,20,data_20.csv,onset_leak,20_121_144,24,121,144,72600,86400,1,0.5485503,1
train,21,data_21.csv,persistent_leak,21_0_23,24,0,23,0,13800,1,0.46659508,1
train,21,data_21.csv,persistent_leak,21_1_24,24,1,24,600,14400,1,0.47102523,1
train,21,data_21.csv,persistent_leak,21_2_25,24,2,25,1200,15000,1,0.46925113,1
train,21,data_21.csv,persistent_leak,21_3_26,24,3,26,1800,15600,1,0.47235027,1
train,21,data_21.csv,persistent_leak,21_4_27,24,4,27,2400,16200,1,0.47249052,1
train,21,data_21.csv,persistent_leak,21_5_28,24,5,28,3000,16800,1,0.48023728,1
train,21,data_21.csv,persistent_leak,21_6_29,24,6,29,3600,17400,1,0.4945194,1
train,21,data_21.csv,persistent_leak,21_7_30,24,7,30,4200,18000,1,0.530115,1
train,21,data_21.csv,persistent_leak,21_8_31,24,8,31,4800,18600,1,0.5515537,1
train,21,data_21.csv,persistent_leak,21_9_32,24,9,32,5400,19200,1,0.5661833,1
train,21,data_21.csv,persistent_leak,21_10_33,24,10,33,6000,19800,1,0.58633494,1
train,21,data_21.csv,persistent_leak,21_11_34,24,11,34,6600,20400,1,0.6223668,1
train,21,data_21.csv,persistent_leak,21_12_35,24,12,35,7200,21000,1,0.65542555,1
train,21,data_21.csv,persistent_leak,21_13_36,24,13,36,7800,21600,1,0.6941264,1
train,21,data_21.csv,persistent_leak,21_14_37,24,14,37,8400,22200,1,0.7182593,1
train,21,data_21.csv,persistent_leak,21_15_38,24,15,38,9000,22800,1,0.7354847,1
train,21,data_21.csv,persistent_leak,21_16_39,24,16,39,9600,23400,1,0.7418699,1
train,21,data_21.csv,persistent_leak,21_17_40,24,17,40,10200,24000,1,0.76473397,1
train,21,data_21.csv,persistent_leak,21_18_41,24,18,41,10800,24600,1,0.7892093,1
train,21,data_21.csv,persistent_leak,21_19_42,24,19,42,11400,25200,1,0.8135667,1
train,21,data_21.csv,persistent_leak,21_20_43,24,20,43,12000,25800,1,0.83068913,1
train,21,data_21.csv,persistent_leak,21_21_44,24,21,44,12600,26400,1,0.8451534,1
train,21,data_21.csv,persistent_leak,21_22_45,24,22,45,13200,27000,1,0.8500143,1
train,21,data_21.csv,persistent_leak,21_23_46,24,23,46,13800,27600,1,0.8691635,1
train,21,data_21.csv,persistent_leak,21_24_47,24,24,47,14400,28200,1,0.88494503,1
train,21,data_21.csv,persistent_leak,21_25_48,24,25,48,15000,28800,1,0.90280765,1
train,21,data_21.csv,persistent_leak,21_26_49,24,26,49,15600,29400,1,0.9144112,1
train,21,data_21.csv,persistent_leak,21_27_50,24,27,50,16200,30000,1,0.921897,1
train,21,data_21.csv,persistent_leak,21_28_51,24,28,51,16800,30600,1,0.9257203,1
train,21,data_21.csv,persistent_leak,21_29_52,24,29,52,17400,31200,1,0.93686754,1
train,21,data_21.csv,persistent_leak,21_30_53,24,30,53,18000,31800,1,0.9455051,1
train,21,data_21.csv,persistent_leak,21_31_54,24,31,54,18600,32400,1,0.94442004,1
train,21,data_21.csv,persistent_leak,21_32_55,24,32,55,19200,33000,1,0.94604313,1
train,21,data_21.csv,persistent_leak,21_33_56,24,33,56,19800,33600,1,0.94926065,1
train,21,data_21.csv,persistent_leak,21_34_57,24,34,57,20400,34200,1,0.9489104,1
train,21,data_21.csv,persistent_leak,21_35_58,24,35,58,21000,34800,1,0.9514479,1
train,21,data_21.csv,persistent_leak,21_36_59,24,36,59,21600,35400,1,0.95235926,1
train,21,data_21.csv,persistent_leak,21_37_60,24,37,60,22200,36000,1,0.9536803,1
train,21,data_21.csv,persistent_leak,21_38_61,24,38,61,22800,36600,1,0.95400476,1
train,21,data_21.csv,persistent_leak,21_39_62,24,39,62,23400,37200,1,0.95596826,1
train,21,data_21.csv,persistent_leak,21_40_63,24,40,63,24000,37800,1,0.95505303,1
train,21,data_21.csv,persistent_leak,21_41_64,24,41,64,24600,38400,1,0.95642513,1
train,21,data_21.csv,persistent_leak,21_42_65,24,42,65,25200,39000,1,0.9584509,1
train,21,data_21.csv,persistent_leak,21_43_66,24,43,66,25800,39600,1,0.96022034,1
train,21,data_21.csv,persistent_leak,21_44_67,24,44,67,26400,40200,1,0.96164477,1
train,21,data_21.csv,persistent_leak,21_45_68,24,45,68,27000,40800,1,0.9626046,1
train,21,data_21.csv,persistent_leak,21_46_69,24,46,69,27600,41400,1,0.9638462,1
train,21,data_21.csv,persistent_leak,21_47_70,24,47,70,28200,42000,1,0.96669334,1
train,21,data_21.csv,persistent_leak,21_48_71,24,48,71,28800,42600,1,0.96761227,1
train,21,data_21.csv,persistent_leak,21_49_72,24,49,72,29400,43200,1,0.9725982,1
train,21,data_21.csv,persistent_leak,21_50_73,24,50,73,30000,43800,1,0.9753044,1
train,21,data_21.csv,persistent_leak,21_51_74,24,51,74,30600,44400,1,0.9754419,1
train,21,data_21.csv,persistent_leak,21_52_75,24,52,75,31200,45000,1,0.9767953,1
train,21,data_21.csv,persistent_leak,21_53_76,24,53,76,31800,45600,1,0.9782153,1
train,21,data_21.csv,persistent_leak,21_54_77,24,54,77,32400,46200,1,0.9802557,1
train,21,data_21.csv,persistent_leak,21_55_78,24,55,78,33000,46800,1,0.9830867,1
train,21,data_21.csv,persistent_leak,21_56_79,24,56,79,33600,47400,1,0.9851409,1
train,21,data_21.csv,persistent_leak,21_57_80,24,57,80,34200,48000,1,0.9860395,1
train,21,data_21.csv,persistent_leak,21_58_81,24,58,81,34800,48600,1,0.9868196,1
train,21,data_21.csv,persistent_leak,21_59_82,24,59,82,35400,49200,1,0.9882731,1
train,21,data_21.csv,persistent_leak,21_60_83,24,60,83,36000,49800,1,0.98954165,1
train,21,data_21.csv,persistent_leak,21_61_84,24,61,84,36600,50400,1,0.9909825,1
train,21,data_21.csv,persistent_leak,21_62_85,24,62,85,37200,51000,1,0.9920074,1
train,21,data_21.csv,persistent_leak,21_63_86,24,63,86,37800,51600,1,0.9926831,1
train,21,data_21.csv,persistent_leak,21_64_87,24,64,87,38400,52200,1,0.99289554,1
train,21,data_21.csv,persistent_leak,21_65_88,24,65,88,39000,52800,1,0.9936712,1
train,21,data_21.csv,persistent_leak,21_66_89,24,66,89,39600,53400,1,0.99446553,1
train,21,data_21.csv,persistent_leak,21_67_90,24,67,90,40200,54000,1,0.99468637,1
train,21,data_21.csv,persistent_leak,21_68_91,24,68,91,40800,54600,1,0.994987,1
train,21,data_21.csv,persistent_leak,21_69_92,24,69,92,41400,55200,1,0.99542964,1
train,21,data_21.csv,persistent_leak,21_70_93,24,70,93,42000,55800,1,0.9954501,1
train,21,data_21.csv,persistent_leak,21_71_94,24,71,94,42600,56400,1,0.9958923,1
train,21,data_21.csv,persistent_leak,21_72_95,24,72,95,43200,57000,1,0.99616677,1
train,21,data_21.csv,persistent_leak,21_73_96,24,73,96,43800,57600,1,0.9961159,1
train,21,data_21.csv,persistent_leak,21_74_97,24,74,97,44400,58200,1,0.9961067,1
train,21,data_21.csv,persistent_leak,21_75_98,24,75,98,45000,58800,1,0.9962852,1
train,21,data_21.csv,persistent_leak,21_76_99,24,76,99,45600,59400,1,0.9962084,1
train,21,data_21.csv,persistent_leak,21_77_100,24,77,100,46200,60000,1,0.99631447,1
train,21,data_21.csv,persistent_leak,21_78_101,24,78,101,46800,60600,1,0.99638605,1
train,21,data_21.csv,persistent_leak,21_79_102,24,79,102,47400,61200,1,0.9968804,1
train,21,data_21.csv,persistent_leak,21_80_103,24,80,103,48000,61800,1,0.9971175,1
train,21,data_21.csv,persistent_leak,21_81_104,24,81,104,48600,62400,1,0.9971986,1
train,21,data_21.csv,persistent_leak,21_82_105,24,82,105,49200,63000,1,0.9973193,1
train,21,data_21.csv,persistent_leak,21_83_106,24,83,106,49800,63600,1,0.99755645,1
train,21,data_21.csv,persistent_leak,21_84_107,24,84,107,50400,64200,1,0.9977719,1
train,21,data_21.csv,persistent_leak,21_85_108,24,85,108,51000,64800,1,0.9979658,1
train,21,data_21.csv,persistent_leak,21_86_109,24,86,109,51600,65400,1,0.99813384,1
train,21,data_21.csv,persistent_leak,21_87_110,24,87,110,52200,66000,1,0.9981723,1
train,21,data_21.csv,persistent_leak,21_88_111,24,88,111,52800,66600,1,0.9982646,1
train,21,data_21.csv,persistent_leak,21_89_112,24,89,112,53400,67200,1,0.9983884,1
train,21,data_21.csv,persistent_leak,21_90_113,24,90,113,54000,67800,1,0.9984676,1
train,21,data_21.csv,persistent_leak,21_91_114,24,91,114,54600,68400,1,0.99841356,1
train,21,data_21.csv,persistent_leak,21_92_115,24,92,115,55200,69000,1,0.9984061,1
train,21,data_21.csv,persistent_leak,21_93_116,24,93,116,55800,69600,1,0.998456,1
train,21,data_21.csv,persistent_leak,21_94_117,24,94,117,56400,70200,1,0.99840695,1
train,21,data_21.csv,persistent_leak,21_95_118,24,95,118,57000,70800,1,0.9983772,1
train,21,data_21.csv,persistent_leak,21_96_119,24,96,119,57600,71400,1,0.99838686,1
train,21,data_21.csv,persistent_leak,21_97_120,24,97,120,58200,72000,1,0.99800617,1
train,21,data_21.csv,persistent_leak,21_98_121,24,98,121,58800,72600,1,0.99773395,1
train,21,data_21.csv,persistent_leak,21_99_122,24,99,122,59400,73200,1,0.9978027,1
train,21,data_21.csv,persistent_leak,21_100_123,24,100,123,60000,73800,1,0.9976572,1
train,21,data_21.csv,persistent_leak,21_101_124,24,101,124,60600,74400,1,0.99757737,1
train,21,data_21.csv,persistent_leak,21_102_125,24,102,125,61200,75000,1,0.9973109,1
train,21,data_21.csv,persistent_leak,21_103_126,24,103,126,61800,75600,1,0.9960432,1
train,21,data_21.csv,persistent_leak,21_104_127,24,104,127,62400,76200,1,0.9947246,1
train,21,data_21.csv,persistent_leak,21_105_128,24,105,128,63000,76800,1,0.99450326,1
train,21,data_21.csv,persistent_leak,21_106_129,24,106,129,63600,77400,1,0.9938838,1
train,21,data_21.csv,persistent_leak,21_107_130,24,107,130,64200,78000,1,0.99266255,1
train,21,data_21.csv,persistent_leak,21_108_131,24,108,131,64800,78600,1,0.9903792,1
train,21,data_21.csv,persistent_leak,21_109_132,24,109,132,65400,79200,1,0.98546207,1
train,21,data_21.csv,persistent_leak,21_110_133,24,110,133,66000,79800,1,0.979627,1
train,21,data_21.csv,persistent_leak,21_111_134,24,111,134,66600,80400,1,0.9770115,1
train,21,data_21.csv,persistent_leak,21_112_135,24,112,135,67200,81000,1,0.97443944,1
train,21,data_21.csv,persistent_leak,21_113_136,24,113,136,67800,81600,1,0.96702486,1
train,21,data_21.csv,persistent_leak,21_114_137,24,114,137,68400,82200,1,0.9555719,1
train,21,data_21.csv,persistent_leak,21_115_138,24,115,138,69000,82800,1,0.9361053,1
train,21,data_21.csv,persistent_leak,21_116_139,24,116,139,69600,83400,1,0.9131165,1
train,21,data_21.csv,persistent_leak,21_117_140,24,117,140,70200,84000,1,0.9016117,1
train,21,data_21.csv,persistent_leak,21_118_141,24,118,141,70800,84600,1,0.8967926,1
train,21,data_21.csv,persistent_leak,21_119_142,24,119,142,71400,85200,1,0.86708754,1
train,21,data_21.csv,persistent_leak,21_120_143,24,120,143,72000,85800,1,0.8321188,1
train,21,data_21.csv,persistent_leak,21_121_144,24,121,144,72600,86400,1,0.8098819,1
train,22,data_22.csv,persistent_leak,22_0_23,24,0,23,0,13800,1,0.53359324,1
train,22,data_22.csv,persistent_leak,22_1_24,24,1,24,600,14400,1,0.53565055,1
train,22,data_22.csv,persistent_leak,22_2_25,24,2,25,1200,15000,1,0.53168017,1
train,22,data_22.csv,persistent_leak,22_3_26,24,3,26,1800,15600,1,0.5248424,1
train,22,data_22.csv,persistent_leak,22_4_27,24,4,27,2400,16200,1,0.52032036,1
train,22,data_22.csv,persistent_leak,22_5_28,24,5,28,3000,16800,1,0.514724,1
train,22,data_22.csv,persistent_leak,22_6_29,24,6,29,3600,17400,1,0.5093089,1
train,22,data_22.csv,persistent_leak,22_7_30,24,7,30,4200,18000,1,0.516403,1
train,22,data_22.csv,persistent_leak,22_8_31,24,8,31,4800,18600,1,0.5135897,1
train,22,data_22.csv,persistent_leak,22_9_32,24,9,32,5400,19200,1,0.5106146,1
train,22,data_22.csv,persistent_leak,22_10_33,24,10,33,6000,19800,1,0.5097494,1
train,22,data_22.csv,persistent_leak,22_11_34,24,11,34,6600,20400,1,0.5135952,1
train,22,data_22.csv,persistent_leak,22_12_35,24,12,35,7200,21000,1,0.52229697,1
train,22,data_22.csv,persistent_leak,22_13_36,24,13,36,7800,21600,1,0.54707295,1
train,22,data_22.csv,persistent_leak,22_14_37,24,14,37,8400,22200,1,0.56006473,1
train,22,data_22.csv,persistent_leak,22_15_38,24,15,38,9000,22800,1,0.567364,1
train,22,data_22.csv,persistent_leak,22_16_39,24,16,39,9600,23400,1,0.5740506,1
train,22,data_22.csv,persistent_leak,22_17_40,24,17,40,10200,24000,1,0.5885884,1
train,22,data_22.csv,persistent_leak,22_18_41,24,18,41,10800,24600,1,0.6101196,1
train,22,data_22.csv,persistent_leak,22_19_42,24,19,42,11400,25200,1,0.65875226,1
train,22,data_22.csv,persistent_leak,22_20_43,24,20,43,12000,25800,1,0.6848979,1
train,22,data_22.csv,persistent_leak,22_21_44,24,21,44,12600,26400,1,0.70322555,1
train,22,data_22.csv,persistent_leak,22_22_45,24,22,45,13200,27000,1,0.7139776,1
train,22,data_22.csv,persistent_leak,22_23_46,24,23,46,13800,27600,1,0.7430751,1
train,22,data_22.csv,persistent_leak,22_24_47,24,24,47,14400,28200,1,0.77160585,1
train,22,data_22.csv,persistent_leak,22_25_48,24,25,48,15000,28800,1,0.8060597,1
train,22,data_22.csv,persistent_leak,22_26_49,24,26,49,15600,29400,1,0.83028775,1
train,22,data_22.csv,persistent_leak,22_27_50,24,27,50,16200,30000,1,0.8433574,1
train,22,data_22.csv,persistent_leak,22_28_51,24,28,51,16800,30600,1,0.85327256,1
train,22,data_22.csv,persistent_leak,22_29_52,24,29,52,17400,31200,1,0.87420326,1
train,22,data_22.csv,persistent_leak,22_30_53,24,30,53,18000,31800,1,0.89094347,1
train,22,data_22.csv,persistent_leak,22_31_54,24,31,54,18600,32400,1,0.90222234,1
train,22,data_22.csv,persistent_leak,22_32_55,24,32,55,19200,33000,1,0.9120121,1
train,22,data_22.csv,persistent_leak,22_33_56,24,33,56,19800,33600,1,0.9192156,1
train,22,data_22.csv,persistent_leak,22_34_57,24,34,57,20400,34200,1,0.9212976,1
train,22,data_22.csv,persistent_leak,22_35_58,24,35,58,21000,34800,1,0.9294062,1
train,22,data_22.csv,persistent_leak,22_36_59,24,36,59,21600,35400,1,0.93675625,1
train,22,data_22.csv,persistent_leak,22_37_60,24,37,60,22200,36000,1,0.94677323,1
train,22,data_22.csv,persistent_leak,22_38_61,24,38,61,22800,36600,1,0.95302737,1
train,22,data_22.csv,persistent_leak,22_39_62,24,39,62,23400,37200,1,0.95759207,1
train,22,data_22.csv,persistent_leak,22_40_63,24,40,63,24000,37800,1,0.95899504,1
train,22,data_22.csv,persistent_leak,22_41_64,24,41,64,24600,38400,1,0.9648649,1
train,22,data_22.csv,persistent_leak,22_42_65,24,42,65,25200,39000,1,0.97005063,1
train,22,data_22.csv,persistent_leak,22_43_66,24,43,66,25800,39600,1,0.97706205,1
train,22,data_22.csv,persistent_leak,22_44_67,24,44,67,26400,40200,1,0.98118925,1
train,22,data_22.csv,persistent_leak,22_45_68,24,45,68,27000,40800,1,0.9830384,1
train,22,data_22.csv,persistent_leak,22_46_69,24,46,69,27600,41400,1,0.9845435,1
train,22,data_22.csv,persistent_leak,22_47_70,24,47,70,28200,42000,1,0.98762894,1
train,22,data_22.csv,persistent_leak,22_48_71,24,48,71,28800,42600,1,0.98988694,1
train,22,data_22.csv,persistent_leak,22_49_72,24,49,72,29400,43200,1,0.99103725,1
train,22,data_22.csv,persistent_leak,22_50_73,24,50,73,30000,43800,1,0.99214643,1
train,22,data_22.csv,persistent_leak,22_51_74,24,51,74,30600,44400,1,0.9928508,1
train,22,data_22.csv,persistent_leak,22_52_75,24,52,75,31200,45000,1,0.99313533,1
train,22,data_22.csv,persistent_leak,22_53_76,24,53,76,31800,45600,1,0.9939367,1
train,22,data_22.csv,persistent_leak,22_54_77,24,54,77,32400,46200,1,0.99458647,1
train,22,data_22.csv,persistent_leak,22_55_78,24,55,78,33000,46800,1,0.99398744,1
train,22,data_22.csv,persistent_leak,22_56_79,24,56,79,33600,47400,1,0.9937849,1
train,22,data_22.csv,persistent_leak,22_57_80,24,57,80,34200,48000,1,0.9942754,1
train,22,data_22.csv,persistent_leak,22_58_81,24,58,81,34800,48600,1,0.9938492,1
train,22,data_22.csv,persistent_leak,22_59_82,24,59,82,35400,49200,1,0.9939469,1
train,22,data_22.csv,persistent_leak,22_60_83,24,60,83,36000,49800,1,0.99401265,1
train,22,data_22.csv,persistent_leak,22_61_84,24,61,84,36600,50400,1,0.99211067,1
train,22,data_22.csv,persistent_leak,22_62_85,24,62,85,37200,51000,1,0.9904607,1
train,22,data_22.csv,persistent_leak,22_63_86,24,63,86,37800,51600,1,0.9907574,1
train,22,data_22.csv,persistent_leak,22_64_87,24,64,87,38400,52200,1,0.99000835,1
train,22,data_22.csv,persistent_leak,22_65_88,24,65,88,39000,52800,1,0.98942393,1
train,22,data_22.csv,persistent_leak,22_66_89,24,66,89,39600,53400,1,0.9876171,1
train,22,data_22.csv,persistent_leak,22_67_90,24,67,90,40200,54000,1,0.9843805,1
train,22,data_22.csv,persistent_leak,22_68_91,24,68,91,40800,54600,1,0.98072207,1
train,22,data_22.csv,persistent_leak,22_69_92,24,69,92,41400,55200,1,0.97914344,1
train,22,data_22.csv,persistent_leak,22_70_93,24,70,93,42000,55800,1,0.97794265,1
train,22,data_22.csv,persistent_leak,22_71_94,24,71,94,42600,56400,1,0.97486466,1
train,22,data_22.csv,persistent_leak,22_72_95,24,72,95,43200,57000,1,0.969899,1
train,22,data_22.csv,persistent_leak,22_73_96,24,73,96,43800,57600,1,0.9683696,1
train,22,data_22.csv,persistent_leak,22_74_97,24,74,97,44400,58200,1,0.965425,1
train,22,data_22.csv,persistent_leak,22_75_98,24,75,98,45000,58800,1,0.9602837,1
train,22,data_22.csv,persistent_leak,22_76_99,24,76,99,45600,59400,1,0.96083784,1
train,22,data_22.csv,persistent_leak,22_77_100,24,77,100,46200,60000,1,0.95681375,1
train,22,data_22.csv,persistent_leak,22_78_101,24,78,101,46800,60600,1,0.9532443,1
train,22,data_22.csv,persistent_leak,22_79_102,24,79,102,47400,61200,1,0.95503205,1
train,22,data_22.csv,persistent_leak,22_80_103,24,80,103,48000,61800,1,0.95609,1
train,22,data_22.csv,persistent_leak,22_81_104,24,81,104,48600,62400,1,0.95189005,1
train,22,data_22.csv,persistent_leak,22_82_105,24,82,105,49200,63000,1,0.95351356,1
train,22,data_22.csv,persistent_leak,22_83_106,24,83,106,49800,63600,1,0.95134175,1
train,22,data_22.csv,persistent_leak,22_84_107,24,84,107,50400,64200,1,0.9507915,1
train,22,data_22.csv,persistent_leak,22_85_108,24,85,108,51000,64800,1,0.9596968,1
train,22,data_22.csv,persistent_leak,22_86_109,24,86,109,51600,65400,1,0.96464676,1
train,22,data_22.csv,persistent_leak,22_87_110,24,87,110,52200,66000,1,0.96558464,1
train,22,data_22.csv,persistent_leak,22_88_111,24,88,111,52800,66600,1,0.96755475,1
train,22,data_22.csv,persistent_leak,22_89_112,24,89,112,53400,67200,1,0.9699137,1
train,22,data_22.csv,persistent_leak,22_90_113,24,90,113,54000,67800,1,0.9735652,1
train,22,data_22.csv,persistent_leak,22_91_114,24,91,114,54600,68400,1,0.97314703,1
train,22,data_22.csv,persistent_leak,22_92_115,24,92,115,55200,69000,1,0.97422975,1
train,22,data_22.csv,persistent_leak,22_93_116,24,93,116,55800,69600,1,0.9761214,1
train,22,data_22.csv,persistent_leak,22_94_117,24,94,117,56400,70200,1,0.97599673,1
train,22,data_22.csv,persistent_leak,22_95_118,24,95,118,57000,70800,1,0.97750115,1
train,22,data_22.csv,persistent_leak,22_96_119,24,96,119,57600,71400,1,0.9781034,1
train,22,data_22.csv,persistent_leak,22_97_120,24,97,120,58200,72000,1,0.97491986,1
train,22,data_22.csv,persistent_leak,22_98_121,24,98,121,58800,72600,1,0.9727092,1
train,22,data_22.csv,persistent_leak,22_99_122,24,99,122,59400,73200,1,0.97383004,1
train,22,data_22.csv,persistent_leak,22_100_123,24,100,123,60000,73800,1,0.9719615,1
train,22,data_22.csv,persistent_leak,22_101_124,24,101,124,60600,74400,1,0.97123456,1
train,22,data_22.csv,persistent_leak,22_102_125,24,102,125,61200,75000,1,0.9702247,1
train,22,data_22.csv,persistent_leak,22_103_126,24,103,126,61800,75600,1,0.97100407,1
train,22,data_22.csv,persistent_leak,22_104_127,24,104,127,62400,76200,1,0.97064495,1
train,22,data_22.csv,persistent_leak,22_105_128,24,105,128,63000,76800,1,0.9706534,1
train,22,data_22.csv,persistent_leak,22_106_129,24,106,129,63600,77400,1,0.9711745,1
train,22,data_22.csv,persistent_leak,22_107_130,24,107,130,64200,78000,1,0.972554,1
train,22,data_22.csv,persistent_leak,22_108_131,24,108,131,64800,78600,1,0.9731799,1
train,22,data_22.csv,persistent_leak,22_109_132,24,109,132,65400,79200,1,0.96852756,1
train,22,data_22.csv,persistent_leak,22_110_133,24,110,133,66000,79800,1,0.96589714,1
train,22,data_22.csv,persistent_leak,22_111_134,24,111,134,66600,80400,1,0.96355116,1
train,22,data_22.csv,persistent_leak,22_112_135,24,112,135,67200,81000,1,0.96332866,1
train,22,data_22.csv,persistent_leak,22_113_136,24,113,136,67800,81600,1,0.9598914,1
train,22,data_22.csv,persistent_leak,22_114_137,24,114,137,68400,82200,1,0.95429444,1
train,22,data_22.csv,persistent_leak,22_115_138,24,115,138,69000,82800,1,0.94163,1
train,22,data_22.csv,persistent_leak,22_116_139,24,116,139,69600,83400,1,0.9291127,1
train,22,data_22.csv,persistent_leak,22_117_140,24,117,140,70200,84000,1,0.9264553,1
train,22,data_22.csv,persistent_leak,22_118_141,24,118,141,70800,84600,1,0.918419,1
train,22,data_22.csv,persistent_leak,22_119_142,24,119,142,71400,85200,1,0.9026204,1
train,22,data_22.csv,persistent_leak,22_120_143,24,120,143,72000,85800,1,0.887215,1
train,22,data_22.csv,persistent_leak,22_121_144,24,121,144,72600,86400,1,0.86777353,1
train,23,data_23.csv,persistent_leak,23_0_23,24,0,23,0,13800,1,0.51146215,1
train,23,data_23.csv,persistent_leak,23_1_24,24,1,24,600,14400,1,0.51109946,1
train,23,data_23.csv,persistent_leak,23_2_25,24,2,25,1200,15000,1,0.5099732,1
train,23,data_23.csv,persistent_leak,23_3_26,24,3,26,1800,15600,1,0.5090539,1
train,23,data_23.csv,persistent_leak,23_4_27,24,4,27,2400,16200,1,0.50826734,1
train,23,data_23.csv,persistent_leak,23_5_28,24,5,28,3000,16800,1,0.5075733,1
train,23,data_23.csv,persistent_leak,23_6_29,24,6,29,3600,17400,1,0.50673825,1
train,23,data_23.csv,persistent_leak,23_7_30,24,7,30,4200,18000,1,0.5076976,1
train,23,data_23.csv,persistent_leak,23_8_31,24,8,31,4800,18600,1,0.5070445,1
train,23,data_23.csv,persistent_leak,23_9_32,24,9,32,5400,19200,1,0.5058717,1
train,23,data_23.csv,persistent_leak,23_10_33,24,10,33,6000,19800,1,0.50565034,1
train,23,data_23.csv,persistent_leak,23_11_34,24,11,34,6600,20400,1,0.5051389,1
train,23,data_23.csv,persistent_leak,23_12_35,24,12,35,7200,21000,1,0.50531733,1
train,23,data_23.csv,persistent_leak,23_13_36,24,13,36,7800,21600,1,0.50735927,1
train,23,data_23.csv,persistent_leak,23_14_37,24,14,37,8400,22200,1,0.50745654,1
train,23,data_23.csv,persistent_leak,23_15_38,24,15,38,9000,22800,1,0.5069831,1
train,23,data_23.csv,persistent_leak,23_16_39,24,16,39,9600,23400,1,0.5067245,1
train,23,data_23.csv,persistent_leak,23_17_40,24,17,40,10200,24000,1,0.50723505,1
train,23,data_23.csv,persistent_leak,23_18_41,24,18,41,10800,24600,1,0.50973743,1
train,23,data_23.csv,persistent_leak,23_19_42,24,19,42,11400,25200,1,0.5128769,1
train,23,data_23.csv,persistent_leak,23_20_43,24,20,43,12000,25800,1,0.51441896,1
train,23,data_23.csv,persistent_leak,23_21_44,24,21,44,12600,26400,1,0.5154495,1
train,23,data_23.csv,persistent_leak,23_22_45,24,22,45,13200,27000,1,0.515323,1
train,23,data_23.csv,persistent_leak,23_23_46,24,23,46,13800,27600,1,0.51853794,1
train,23,data_23.csv,persistent_leak,23_24_47,24,24,47,14400,28200,1,0.52330035,1
train,23,data_23.csv,persistent_leak,23_25_48,24,25,48,15000,28800,1,0.5332657,1
train,23,data_23.csv,persistent_leak,23_26_49,24,26,49,15600,29400,1,0.5378972,1
train,23,data_23.csv,persistent_leak,23_27_50,24,27,50,16200,30000,1,0.5432409,1
train,23,data_23.csv,persistent_leak,23_28_51,24,28,51,16800,30600,1,0.54426086,1
train,23,data_23.csv,persistent_leak,23_29_52,24,29,52,17400,31200,1,0.55324143,1
train,23,data_23.csv,persistent_leak,23_30_53,24,30,53,18000,31800,1,0.5634709,1
train,23,data_23.csv,persistent_leak,23_31_54,24,31,54,18600,32400,1,0.61541104,1
train,23,data_23.csv,persistent_leak,23_32_55,24,32,55,19200,33000,1,0.6434792,1
train,23,data_23.csv,persistent_leak,23_33_56,24,33,56,19800,33600,1,0.6585873,1
train,23,data_23.csv,persistent_leak,23_34_57,24,34,57,20400,34200,1,0.6748314,1
train,23,data_23.csv,persistent_leak,23_35_58,24,35,58,21000,34800,1,0.705165,1
train,23,data_23.csv,persistent_leak,23_36_59,24,36,59,21600,35400,1,0.7374293,1
train,23,data_23.csv,persistent_leak,23_37_60,24,37,60,22200,36000,1,0.80961674,1
train,23,data_23.csv,persistent_leak,23_38_61,24,38,61,22800,36600,1,0.8477687,1
train,23,data_23.csv,persistent_leak,23_39_62,24,39,62,23400,37200,1,0.8627999,1
train,23,data_23.csv,persistent_leak,23_40_63,24,40,63,24000,37800,1,0.88020355,1
train,23,data_23.csv,persistent_leak,23_41_64,24,41,64,24600,38400,1,0.9063675,1
train,23,data_23.csv,persistent_leak,23_42_65,24,42,65,25200,39000,1,0.9279503,1
train,23,data_23.csv,persistent_leak,23_43_66,24,43,66,25800,39600,1,0.94902235,1
train,23,data_23.csv,persistent_leak,23_44_67,24,44,67,26400,40200,1,0.96231407,1
train,23,data_23.csv,persistent_leak,23_45_68,24,45,68,27000,40800,1,0.96795326,1
train,23,data_23.csv,persistent_leak,23_46_69,24,46,69,27600,41400,1,0.9714867,1
train,23,data_23.csv,persistent_leak,23_47_70,24,47,70,28200,42000,1,0.9786179,1
train,23,data_23.csv,persistent_leak,23_48_71,24,48,71,28800,42600,1,0.98407215,1
train,23,data_23.csv,persistent_leak,23_49_72,24,49,72,29400,43200,1,0.9871907,1
train,23,data_23.csv,persistent_leak,23_50_73,24,50,73,30000,43800,1,0.98955816,1
train,23,data_23.csv,persistent_leak,23_51_74,24,51,74,30600,44400,1,0.99145573,1
train,23,data_23.csv,persistent_leak,23_52_75,24,52,75,31200,45000,1,0.99177855,1
train,23,data_23.csv,persistent_leak,23_53_76,24,53,76,31800,45600,1,0.9935821,1
train,23,data_23.csv,persistent_leak,23_54_77,24,54,77,32400,46200,1,0.9949588,1
train,23,data_23.csv,persistent_leak,23_55_78,24,55,78,33000,46800,1,0.99538934,1
train,23,data_23.csv,persistent_leak,23_56_79,24,56,79,33600,47400,1,0.9958189,1
train,23,data_23.csv,persistent_leak,23_57_80,24,57,80,34200,48000,1,0.99651814,1
train,23,data_23.csv,persistent_leak,23_58_81,24,58,81,34800,48600,1,0.9964729,1
train,23,data_23.csv,persistent_leak,23_59_82,24,59,82,35400,49200,1,0.9970938,1
train,23,data_23.csv,persistent_leak,23_60_83,24,60,83,36000,49800,1,0.9975011,1
train,23,data_23.csv,persistent_leak,23_61_84,24,61,84,36600,50400,1,0.9975497,1
train,23,data_23.csv,persistent_leak,23_62_85,24,62,85,37200,51000,1,0.9976139,1
train,23,data_23.csv,persistent_leak,23_63_86,24,63,86,37800,51600,1,0.9978157,1
train,23,data_23.csv,persistent_leak,23_64_87,24,64,87,38400,52200,1,0.9978029,1
train,23,data_23.csv,persistent_leak,23_65_88,24,65,88,39000,52800,1,0.99801314,1
train,23,data_23.csv,persistent_leak,23_66_89,24,66,89,39600,53400,1,0.9981123,1
train,23,data_23.csv,persistent_leak,23_67_90,24,67,90,40200,54000,1,0.9981786,1
train,23,data_23.csv,persistent_leak,23_68_91,24,68,91,40800,54600,1,0.9982157,1
train,23,data_23.csv,persistent_leak,23_69_92,24,69,92,41400,55200,1,0.9982451,1
train,23,data_23.csv,persistent_leak,23_70_93,24,70,93,42000,55800,1,0.9982628,1
train,23,data_23.csv,persistent_leak,23_71_94,24,71,94,42600,56400,1,0.9983222,1
train,23,data_23.csv,persistent_leak,23_72_95,24,72,95,43200,57000,1,0.99836534,1
train,23,data_23.csv,persistent_leak,23_73_96,24,73,96,43800,57600,1,0.99848664,1
train,23,data_23.csv,persistent_leak,23_74_97,24,74,97,44400,58200,1,0.9985631,1
train,23,data_23.csv,persistent_leak,23_75_98,24,75,98,45000,58800,1,0.9985753,1
train,23,data_23.csv,persistent_leak,23_76_99,24,76,99,45600,59400,1,0.99861753,1
train,23,data_23.csv,persistent_leak,23_77_100,24,77,100,46200,60000,1,0.9986753,1
train,23,data_23.csv,persistent_leak,23_78_101,24,78,101,46800,60600,1,0.9987318,1
train,23,data_23.csv,persistent_leak,23_79_102,24,79,102,47400,61200,1,0.9988286,1
train,23,data_23.csv,persistent_leak,23_80_103,24,80,103,48000,61800,1,0.99889886,1
train,23,data_23.csv,persistent_leak,23_81_104,24,81,104,48600,62400,1,0.99892527,1
train,23,data_23.csv,persistent_leak,23_82_105,24,82,105,49200,63000,1,0.99895287,1
train,23,data_23.csv,persistent_leak,23_83_106,24,83,106,49800,63600,1,0.9990023,1
train,23,data_23.csv,persistent_leak,23_84_107,24,84,107,50400,64200,1,0.99905556,1
train,23,data_23.csv,persistent_leak,23_85_108,24,85,108,51000,64800,1,0.9990681,1
train,23,data_23.csv,persistent_leak,23_86_109,24,86,109,51600,65400,1,0.9990903,1
train,23,data_23.csv,persistent_leak,23_87_110,24,87,110,52200,66000,1,0.9991246,1
train,23,data_23.csv,persistent_leak,23_88_111,24,88,111,52800,66600,1,0.9991221,1
train,23,data_23.csv,persistent_leak,23_89_112,24,89,112,53400,67200,1,0.99914944,1
train,23,data_23.csv,persistent_leak,23_90_113,24,90,113,54000,67800,1,0.999173,1
train,23,data_23.csv,persistent_leak,23_91_114,24,91,114,54600,68400,1,0.99884593,1
train,23,data_23.csv,persistent_leak,23_92_115,24,92,115,55200,69000,1,0.99861526,1
train,23,data_23.csv,persistent_leak,23_93_116,24,93,116,55800,69600,1,0.99862504,1
train,23,data_23.csv,persistent_leak,23_94_117,24,94,117,56400,70200,1,0.9985014,1
train,23,data_23.csv,persistent_leak,23_95_118,24,95,118,57000,70800,1,0.9983448,1
train,23,data_23.csv,persistent_leak,23_96_119,24,96,119,57600,71400,1,0.99802315,1
train,23,data_23.csv,persistent_leak,23_97_120,24,97,120,58200,72000,1,0.9969024,1
train,23,data_23.csv,persistent_leak,23_98_121,24,98,121,58800,72600,1,0.99557734,1
train,23,data_23.csv,persistent_leak,23_99_122,24,99,122,59400,73200,1,0.99538237,1
train,23,data_23.csv,persistent_leak,23_100_123,24,100,123,60000,73800,1,0.9946379,1
train,23,data_23.csv,persistent_leak,23_101_124,24,101,124,60600,74400,1,0.99327093,1
train,23,data_23.csv,persistent_leak,23_102_125,24,102,125,61200,75000,1,0.9908703,1
train,23,data_23.csv,persistent_leak,23_103_126,24,103,126,61800,75600,1,0.98713696,1
train,23,data_23.csv,persistent_leak,23_104_127,24,104,127,62400,76200,1,0.9825005,1
train,23,data_23.csv,persistent_leak,23_105_128,24,105,128,63000,76800,1,0.97984946,1
train,23,data_23.csv,persistent_leak,23_106_129,24,106,129,63600,77400,1,0.9783165,1
train,23,data_23.csv,persistent_leak,23_107_130,24,107,130,64200,78000,1,0.9733469,1
train,23,data_23.csv,persistent_leak,23_108_131,24,108,131,64800,78600,1,0.9652722,1
train,23,data_23.csv,persistent_leak,23_109_132,24,109,132,65400,79200,1,0.9544658,1
train,23,data_23.csv,persistent_leak,23_110_133,24,110,133,66000,79800,1,0.9409446,1
train,23,data_23.csv,persistent_leak,23_111_134,24,111,134,66600,80400,1,0.92904073,1
train,23,data_23.csv,persistent_leak,23_112_135,24,112,135,67200,81000,1,0.926027,1
train,23,data_23.csv,persistent_leak,23_113_136,24,113,136,67800,81600,1,0.9033407,1
train,23,data_23.csv,persistent_leak,23_114_137,24,114,137,68400,82200,1,0.8774013,1
train,23,data_23.csv,persistent_leak,23_115_138,24,115,138,69000,82800,1,0.8586134,1
train,23,data_23.csv,persistent_leak,23_116_139,24,116,139,69600,83400,1,0.8363022,1
train,23,data_23.csv,persistent_leak,23_117_140,24,117,140,70200,84000,1,0.8113546,1
train,23,data_23.csv,persistent_leak,23_118_141,24,118,141,70800,84600,1,0.80271035,1
train,23,data_23.csv,persistent_leak,23_119_142,24,119,142,71400,85200,1,0.7544864,1
train,23,data_23.csv,persistent_leak,23_120_143,24,120,143,72000,85800,1,0.7177968,1
train,23,data_23.csv,persistent_leak,23_121_144,24,121,144,72600,86400,1,0.6986693,1
train,24,data_24.csv,persistent_leak,24_0_23,24,0,23,0,13800,1,0.5117609,1
train,24,data_24.csv,persistent_leak,24_1_24,24,1,24,600,14400,1,0.5133963,1
train,24,data_24.csv,persistent_leak,24_2_25,24,2,25,1200,15000,1,0.50871533,1
train,24,data_24.csv,persistent_leak,24_3_26,24,3,26,1800,15600,1,0.50114125,1
train,24,data_24.csv,persistent_leak,24_4_27,24,4,27,2400,16200,1,0.49210587,1
train,24,data_24.csv,persistent_leak,24_5_28,24,5,28,3000,16800,1,0.48610753,1
train,24,data_24.csv,persistent_leak,24_6_29,24,6,29,3600,17400,1,0.48176518,1
train,24,data_24.csv,persistent_leak,24_7_30,24,7,30,4200,18000,1,0.48849973,1
train,24,data_24.csv,persistent_leak,24_8_31,24,8,31,4800,18600,1,0.4899616,1
train,24,data_24.csv,persistent_leak,24_9_32,24,9,32,5400,19200,1,0.4898647,1
train,24,data_24.csv,persistent_leak,24_10_33,24,10,33,6000,19800,1,0.48987502,1
train,24,data_24.csv,persistent_leak,24_11_34,24,11,34,6600,20400,1,0.5020806,1
train,24,data_24.csv,persistent_leak,24_12_35,24,12,35,7200,21000,1,0.51914257,1
train,24,data_24.csv,persistent_leak,24_13_36,24,13,36,7800,21600,1,0.5583156,1
train,24,data_24.csv,persistent_leak,24_14_37,24,14,37,8400,22200,1,0.5781135,1
train,24,data_24.csv,persistent_leak,24_15_38,24,15,38,9000,22800,1,0.59232867,1
train,24,data_24.csv,persistent_leak,24_16_39,24,16,39,9600,23400,1,0.60124063,1
train,24,data_24.csv,persistent_leak,24_17_40,24,17,40,10200,24000,1,0.6225503,1
train,24,data_24.csv,persistent_leak,24_18_41,24,18,41,10800,24600,1,0.64639896,1
train,24,data_24.csv,persistent_leak,24_19_42,24,19,42,11400,25200,1,0.692426,1
train,24,data_24.csv,persistent_leak,24_20_43,24,20,43,12000,25800,1,0.71858203,1
train,24,data_24.csv,persistent_leak,24_21_44,24,21,44,12600,26400,1,0.73599833,1
train,24,data_24.csv,persistent_leak,24_22_45,24,22,45,13200,27000,1,0.7468691,1
train,24,data_24.csv,persistent_leak,24_23_46,24,23,46,13800,27600,1,0.77519345,1
train,24,data_24.csv,persistent_leak,24_24_47,24,24,47,14400,28200,1,0.80146074,1
train,24,data_24.csv,persistent_leak,24_25_48,24,25,48,15000,28800,1,0.8369717,1
train,24,data_24.csv,persistent_leak,24_26_49,24,26,49,15600,29400,1,0.8601265,1
train,24,data_24.csv,persistent_leak,24_27_50,24,27,50,16200,30000,1,0.87225854,1
train,24,data_24.csv,persistent_leak,24_28_51,24,28,51,16800,30600,1,0.881234,1
train,24,data_24.csv,persistent_leak,24_29_52,24,29,52,17400,31200,1,0.9001447,1
train,24,data_24.csv,persistent_leak,24_30_53,24,30,53,18000,31800,1,0.9155483,1
train,24,data_24.csv,persistent_leak,24_31_54,24,31,54,18600,32400,1,0.92662764,1
train,24,data_24.csv,persistent_leak,24_32_55,24,32,55,19200,33000,1,0.9357229,1
train,24,data_24.csv,persistent_leak,24_33_56,24,33,56,19800,33600,1,0.94188386,1
train,24,data_24.csv,persistent_leak,24_34_57,24,34,57,20400,34200,1,0.944151,1
train,24,data_24.csv,persistent_leak,24_35_58,24,35,58,21000,34800,1,0.9513267,1
train,24,data_24.csv,persistent_leak,24_36_59,24,36,59,21600,35400,1,0.9574337,1
train,24,data_24.csv,persistent_leak,24_37_60,24,37,60,22200,36000,1,0.96348464,1
train,24,data_24.csv,persistent_leak,24_38_61,24,38,61,22800,36600,1,0.9676467,1
train,24,data_24.csv,persistent_leak,24_39_62,24,39,62,23400,37200,1,0.97108227,1
train,24,data_24.csv,persistent_leak,24_40_63,24,40,63,24000,37800,1,0.9717818,1
train,24,data_24.csv,persistent_leak,24_41_64,24,41,64,24600,38400,1,0.9756402,1
train,24,data_24.csv,persistent_leak,24_42_65,24,42,65,25200,39000,1,0.979087,1
train,24,data_24.csv,persistent_leak,24_43_66,24,43,66,25800,39600,1,0.9841547,1
train,24,data_24.csv,persistent_leak,24_44_67,24,44,67,26400,40200,1,0.987004,1
train,24,data_24.csv,persistent_leak,24_45_68,24,45,68,27000,40800,1,0.9883924,1
train,24,data_24.csv,persistent_leak,24_46_69,24,46,69,27600,41400,1,0.9893634,1
train,24,data_24.csv,persistent_leak,24_47_70,24,47,70,28200,42000,1,0.9915269,1
train,24,data_24.csv,persistent_leak,24_48_71,24,48,71,28800,42600,1,0.9931584,1
train,24,data_24.csv,persistent_leak,24_49_72,24,49,72,29400,43200,1,0.9946949,1
train,24,data_24.csv,persistent_leak,24_50_73,24,50,73,30000,43800,1,0.995707,1
train,24,data_24.csv,persistent_leak,24_51_74,24,51,74,30600,44400,1,0.9961551,1
train,24,data_24.csv,persistent_leak,24_52_75,24,52,75,31200,45000,1,0.9964889,1
train,24,data_24.csv,persistent_leak,24_53_76,24,53,76,31800,45600,1,0.99713683,1
train,24,data_24.csv,persistent_leak,24_54_77,24,54,77,32400,46200,1,0.9976412,1
train,24,data_24.csv,persistent_leak,24_55_78,24,55,78,33000,46800,1,0.99787617,1
train,24,data_24.csv,persistent_leak,24_56_79,24,56,79,33600,47400,1,0.9981147,1
train,24,data_24.csv,persistent_leak,24_57_80,24,57,80,34200,48000,1,0.9983322,1
train,24,data_24.csv,persistent_leak,24_58_81,24,58,81,34800,48600,1,0.9983487,1
train,24,data_24.csv,persistent_leak,24_59_82,24,59,82,35400,49200,1,0.9985392,1
train,24,data_24.csv,persistent_leak,24_60_83,24,60,83,36000,49800,1,0.9987155,1
train,24,data_24.csv,persistent_leak,24_61_84,24,61,84,36600,50400,1,0.99859375,1
train,24,data_24.csv,persistent_leak,24_62_85,24,62,85,37200,51000,1,0.9985501,1
train,24,data_24.csv,persistent_leak,24_63_86,24,63,86,37800,51600,1,0.998694,1
train,24,data_24.csv,persistent_leak,24_64_87,24,64,87,38400,52200,1,0.9986154,1
train,24,data_24.csv,persistent_leak,24_65_88,24,65,88,39000,52800,1,0.9986859,1
train,24,data_24.csv,persistent_leak,24_66_89,24,66,89,39600,53400,1,0.9987078,1
train,24,data_24.csv,persistent_leak,24_67_90,24,67,90,40200,54000,1,0.9984749,1
train,24,data_24.csv,persistent_leak,24_68_91,24,68,91,40800,54600,1,0.9982798,1
train,24,data_24.csv,persistent_leak,24_69_92,24,69,92,41400,55200,1,0.99831116,1
train,24,data_24.csv,persistent_leak,24_70_93,24,70,93,42000,55800,1,0.9982345,1
train,24,data_24.csv,persistent_leak,24_71_94,24,71,94,42600,56400,1,0.99819,1
train,24,data_24.csv,persistent_leak,24_72_95,24,72,95,43200,57000,1,0.9980082,1
train,24,data_24.csv,persistent_leak,24_73_96,24,73,96,43800,57600,1,0.99767023,1
train,24,data_24.csv,persistent_leak,24_74_97,24,74,97,44400,58200,1,0.9973309,1
train,24,data_24.csv,persistent_leak,24_75_98,24,75,98,45000,58800,1,0.9971583,1
train,24,data_24.csv,persistent_leak,24_76_99,24,76,99,45600,59400,1,0.99707246,1
train,24,data_24.csv,persistent_leak,24_77_100,24,77,100,46200,60000,1,0.9967764,1
train,24,data_24.csv,persistent_leak,24_78_101,24,78,101,46800,60600,1,0.996316,1
train,24,data_24.csv,persistent_leak,24_79_102,24,79,102,47400,61200,1,0.99560946,1
train,24,data_24.csv,persistent_leak,24_80_103,24,80,103,48000,61800,1,0.9949602,1
train,24,data_24.csv,persistent_leak,24_81_104,24,81,104,48600,62400,1,0.994447,1
train,24,data_24.csv,persistent_leak,24_82_105,24,82,105,49200,63000,1,0.9942304,1
train,24,data_24.csv,persistent_leak,24_83_106,24,83,106,49800,63600,1,0.9932969,1
train,24,data_24.csv,persistent_leak,24_84_107,24,84,107,50400,64200,1,0.99221474,1
train,24,data_24.csv,persistent_leak,24_85_108,24,85,108,51000,64800,1,0.99153167,1
train,24,data_24.csv,persistent_leak,24_86_109,24,86,109,51600,65400,1,0.99078333,1
train,24,data_24.csv,persistent_leak,24_87_110,24,87,110,52200,66000,1,0.9900559,1
train,24,data_24.csv,persistent_leak,24_88_111,24,88,111,52800,66600,1,0.9898308,1
train,24,data_24.csv,persistent_leak,24_89_112,24,89,112,53400,67200,1,0.98862517,1
train,24,data_24.csv,persistent_leak,24_90_113,24,90,113,54000,67800,1,0.98770905,1
train,24,data_24.csv,persistent_leak,24_91_114,24,91,114,54600,68400,1,0.9866149,1
train,24,data_24.csv,persistent_leak,24_92_115,24,92,115,55200,69000,1,0.98579353,1
train,24,data_24.csv,persistent_leak,24_93_116,24,93,116,55800,69600,1,0.98501277,1
train,24,data_24.csv,persistent_leak,24_94_117,24,94,117,56400,70200,1,0.9848489,1
train,24,data_24.csv,persistent_leak,24_95_118,24,95,118,57000,70800,1,0.98371416,1
train,24,data_24.csv,persistent_leak,24_96_119,24,96,119,57600,71400,1,0.9824524,1
train,24,data_24.csv,persistent_leak,24_97_120,24,97,120,58200,72000,1,0.98035574,1
train,24,data_24.csv,persistent_leak,24_98_121,24,98,121,58800,72600,1,0.9785711,1
train,24,data_24.csv,persistent_leak,24_99_122,24,99,122,59400,73200,1,0.97761303,1
train,24,data_24.csv,persistent_leak,24_100_123,24,100,123,60000,73800,1,0.9768013,1
train,24,data_24.csv,persistent_leak,24_101_124,24,101,124,60600,74400,1,0.97444326,1
train,24,data_24.csv,persistent_leak,24_102_125,24,102,125,61200,75000,1,0.972291,1
train,24,data_24.csv,persistent_leak,24_103_126,24,103,126,61800,75600,1,0.9708656,1
train,24,data_24.csv,persistent_leak,24_104_127,24,104,127,62400,76200,1,0.9692187,1
train,24,data_24.csv,persistent_leak,24_105_128,24,105,128,63000,76800,1,0.9683515,1
train,24,data_24.csv,persistent_leak,24_106_129,24,106,129,63600,77400,1,0.96794766,1
train,24,data_24.csv,persistent_leak,24_107_130,24,107,130,64200,78000,1,0.9664886,1
train,24,data_24.csv,persistent_leak,24_108_131,24,108,131,64800,78600,1,0.96510506,1
train,24,data_24.csv,persistent_leak,24_109_132,24,109,132,65400,79200,1,0.95779765,1
train,24,data_24.csv,persistent_leak,24_110_133,24,110,133,66000,79800,1,0.9523368,1
train,24,data_24.csv,persistent_leak,24_111_134,24,111,134,66600,80400,1,0.950428,1
train,24,data_24.csv,persistent_leak,24_112_135,24,112,135,67200,81000,1,0.9485281,1
train,24,data_24.csv,persistent_leak,24_113_136,24,113,136,67800,81600,1,0.9429587,1
train,24,data_24.csv,persistent_leak,24_114_137,24,114,137,68400,82200,1,0.934569,1
train,24,data_24.csv,persistent_leak,24_115_138,24,115,138,69000,82800,1,0.91451025,1
train,24,data_24.csv,persistent_leak,24_116_139,24,116,139,69600,83400,1,0.8950898,1
train,24,data_24.csv,persistent_leak,24_117_140,24,117,140,70200,84000,1,0.8908974,1
train,24,data_24.csv,persistent_leak,24_118_141,24,118,141,70800,84600,1,0.881192,1
train,24,data_24.csv,persistent_leak,24_119_142,24,119,142,71400,85200,1,0.8595865,1
train,24,data_24.csv,persistent_leak,24_120_143,24,120,143,72000,85800,1,0.8350801,1
train,24,data_24.csv,persistent_leak,24_121_144,24,121,144,72600,86400,1,0.80859214,1
train,26,data_26.csv,onset_leak,26_0_23,24,0,23,0,13800,0,0.18864165,0
train,26,data_26.csv,onset_leak,26_1_24,24,1,24,600,14400,0,0.1847746,0
train,26,data_26.csv,onset_leak,26_2_25,24,2,25,1200,15000,0,0.18177426,0
train,26,data_26.csv,onset_leak,26_3_26,24,3,26,1800,15600,0,0.1809908,0
train,26,data_26.csv,onset_leak,26_4_27,24,4,27,2400,16200,0,0.17736046,0
train,26,data_26.csv,onset_leak,26_5_28,24,5,28,3000,16800,0,0.17974134,0
train,26,data_26.csv,onset_leak,26_6_29,24,6,29,3600,17400,0,0.17958878,0
train,26,data_26.csv,onset_leak,26_7_30,24,7,30,4200,18000,0,0.16948286,0
train,26,data_26.csv,onset_leak,26_8_31,24,8,31,4800,18600,0,0.15744735,0
train,26,data_26.csv,onset_leak,26_9_32,24,9,32,5400,19200,0,0.15345997,0
train,26,data_26.csv,onset_leak,26_10_33,24,10,33,6000,19800,0,0.14694762,0
train,26,data_26.csv,onset_leak,26_11_34,24,11,34,6600,20400,0,0.14728412,0
train,26,data_26.csv,onset_leak,26_12_35,24,12,35,7200,21000,0,0.14451465,0
train,26,data_26.csv,onset_leak,26_13_36,24,13,36,7800,21600,0,0.13923888,0
train,26,data_26.csv,onset_leak,26_14_37,24,14,37,8400,22200,0,0.1294501,0
train,26,data_26.csv,onset_leak,26_15_38,24,15,38,9000,22800,0,0.12992729,0
train,26,data_26.csv,onset_leak,26_16_39,24,16,39,9600,23400,0,0.13364607,0
train,26,data_26.csv,onset_leak,26_17_40,24,17,40,10200,24000,0,0.13536078,0
train,26,data_26.csv,onset_leak,26_18_41,24,18,41,10800,24600,0,0.13677719,0
train,26,data_26.csv,onset_leak,26_19_42,24,19,42,11400,25200,0,0.14364177,0
train,26,data_26.csv,onset_leak,26_20_43,24,20,43,12000,25800,0,0.14971575,0
train,26,data_26.csv,onset_leak,26_21_44,24,21,44,12600,26400,0,0.16154139,0
train,26,data_26.csv,onset_leak,26_22_45,24,22,45,13200,27000,0,0.18570119,0
train,26,data_26.csv,onset_leak,26_23_46,24,23,46,13800,27600,0,0.20009148,0
train,26,data_26.csv,onset_leak,26_24_47,24,24,47,14400,28200,0,0.22194694,0
train,26,data_26.csv,onset_leak,26_25_48,24,25,48,15000,28800,0,0.24319486,0
train,26,data_26.csv,onset_leak,26_26_49,24,26,49,15600,29400,0,0.26733363,0
train,26,data_26.csv,onset_leak,26_27_50,24,27,50,16200,30000,0,0.29513392,0
train,26,data_26.csv,onset_leak,26_28_51,24,28,51,16800,30600,0,0.3288668,1
train,26,data_26.csv,onset_leak,26_29_52,24,29,52,17400,31200,0,0.380263,1
train,26,data_26.csv,onset_leak,26_30_53,24,30,53,18000,31800,0,0.43978235,1
train,26,data_26.csv,onset_leak,26_31_54,24,31,54,18600,32400,0,0.43084636,1
train,26,data_26.csv,onset_leak,26_32_55,24,32,55,19200,33000,0,0.42398074,1
train,26,data_26.csv,onset_leak,26_33_56,24,33,56,19800,33600,0,0.44779852,1
train,26,data_26.csv,onset_leak,26_34_57,24,34,57,20400,34200,0,0.47127447,1
train,26,data_26.csv,onset_leak,26_35_58,24,35,58,21000,34800,0,0.4843762,1
train,26,data_26.csv,onset_leak,26_36_59,24,36,59,21600,35400,0,0.50791526,1
train,26,data_26.csv,onset_leak,26_37_60,24,37,60,22200,36000,0,0.49661463,1
train,26,data_26.csv,onset_leak,26_38_61,24,38,61,22800,36600,0,0.49962607,1
train,26,data_26.csv,onset_leak,26_39_62,24,39,62,23400,37200,0,0.51117307,1
train,26,data_26.csv,onset_leak,26_40_63,24,40,63,24000,37800,0,0.52429396,1
train,26,data_26.csv,onset_leak,26_41_64,24,41,64,24600,38400,0,0.5347452,1
train,26,data_26.csv,onset_leak,26_42_65,24,42,65,25200,39000,0,0.5340244,1
train,26,data_26.csv,onset_leak,26_43_66,24,43,66,25800,39600,0,0.53509176,1
train,26,data_26.csv,onset_leak,26_44_67,24,44,67,26400,40200,0,0.53404695,1
train,26,data_26.csv,onset_leak,26_45_68,24,45,68,27000,40800,0,0.54208326,1
train,26,data_26.csv,onset_leak,26_46_69,24,46,69,27600,41400,0,0.54580367,1
train,26,data_26.csv,onset_leak,26_47_70,24,47,70,28200,42000,0,0.5593925,1
train,26,data_26.csv,onset_leak,26_48_71,24,48,71,28800,42600,0,0.5674189,1
train,26,data_26.csv,onset_leak,26_49_72,24,49,72,29400,43200,1,0.6026343,1
train,26,data_26.csv,onset_leak,26_50_73,24,50,73,30000,43800,1,0.615353,1
train,26,data_26.csv,onset_leak,26_51_74,24,51,74,30600,44400,1,0.59616184,1
train,26,data_26.csv,onset_leak,26_52_75,24,52,75,31200,45000,1,0.6092346,1
train,26,data_26.csv,onset_leak,26_53_76,24,53,76,31800,45600,1,0.6157826,1
train,26,data_26.csv,onset_leak,26_54_77,24,54,77,32400,46200,1,0.6927987,1
train,26,data_26.csv,onset_leak,26_55_78,24,55,78,33000,46800,1,0.71079624,1
train,26,data_26.csv,onset_leak,26_56_79,24,56,79,33600,47400,1,0.7383558,1
train,26,data_26.csv,onset_leak,26_57_80,24,57,80,34200,48000,1,0.74292916,1
train,26,data_26.csv,onset_leak,26_58_81,24,58,81,34800,48600,1,0.7689922,1
train,26,data_26.csv,onset_leak,26_59_82,24,59,82,35400,49200,1,0.80819744,1
train,26,data_26.csv,onset_leak,26_60_83,24,60,83,36000,49800,1,0.824708,1
train,26,data_26.csv,onset_leak,26_61_84,24,61,84,36600,50400,1,0.87835836,1
train,26,data_26.csv,onset_leak,26_62_85,24,62,85,37200,51000,1,0.8948714,1
train,26,data_26.csv,onset_leak,26_63_86,24,63,86,37800,51600,1,0.90896726,1
train,26,data_26.csv,onset_leak,26_64_87,24,64,87,38400,52200,1,0.9046186,1
train,26,data_26.csv,onset_leak,26_65_88,24,65,88,39000,52800,1,0.91236514,1
train,26,data_26.csv,onset_leak,26_66_89,24,66,89,39600,53400,1,0.9333564,1
train,26,data_26.csv,onset_leak,26_67_90,24,67,90,40200,54000,1,0.9470315,1
train,26,data_26.csv,onset_leak,26_68_91,24,68,91,40800,54600,1,0.9562426,1
train,26,data_26.csv,onset_leak,26_69_92,24,69,92,41400,55200,1,0.96619517,1
train,26,data_26.csv,onset_leak,26_70_93,24,70,93,42000,55800,1,0.9688283,1
train,26,data_26.csv,onset_leak,26_71_94,24,71,94,42600,56400,1,0.97950774,1
train,26,data_26.csv,onset_leak,26_72_95,24,72,95,43200,57000,1,0.9839499,1
train,26,data_26.csv,onset_leak,26_73_96,24,73,96,43800,57600,1,0.9867797,1
train,26,data_26.csv,onset_leak,26_74_97,24,74,97,44400,58200,1,0.98864424,1
train,26,data_26.csv,onset_leak,26_75_98,24,75,98,45000,58800,1,0.9895266,1
train,26,data_26.csv,onset_leak,26_76_99,24,76,99,45600,59400,1,0.9901724,1
train,26,data_26.csv,onset_leak,26_77_100,24,77,100,46200,60000,1,0.9915359,1
train,26,data_26.csv,onset_leak,26_78_101,24,78,101,46800,60600,1,0.9927031,1
train,26,data_26.csv,onset_leak,26_79_102,24,79,102,47400,61200,1,0.99398935,1
train,26,data_26.csv,onset_leak,26_80_103,24,80,103,48000,61800,1,0.9948619,1
train,26,data_26.csv,onset_leak,26_81_104,24,81,104,48600,62400,1,0.9953596,1
train,26,data_26.csv,onset_leak,26_82_105,24,82,105,49200,63000,1,0.9955928,1
train,26,data_26.csv,onset_leak,26_83_106,24,83,106,49800,63600,1,0.996229,1
train,26,data_26.csv,onset_leak,26_84_107,24,84,107,50400,64200,1,0.99679714,1
train,26,data_26.csv,onset_leak,26_85_108,24,85,108,51000,64800,1,0.9970139,1
train,26,data_26.csv,onset_leak,26_86_109,24,86,109,51600,65400,1,0.99725914,1
train,26,data_26.csv,onset_leak,26_87_110,24,87,110,52200,66000,1,0.99753064,1
train,26,data_26.csv,onset_leak,26_88_111,24,88,111,52800,66600,1,0.99755704,1
train,26,data_26.csv,onset_leak,26_89_112,24,89,112,53400,67200,1,0.9978283,1
train,26,data_26.csv,onset_leak,26_90_113,24,90,113,54000,67800,1,0.9980222,1
train,26,data_26.csv,onset_leak,26_91_114,24,91,114,54600,68400,1,0.99812037,1
train,26,data_26.csv,onset_leak,26_92_115,24,92,115,55200,69000,1,0.9981949,1
train,26,data_26.csv,onset_leak,26_93_116,24,93,116,55800,69600,1,0.99832815,1
train,26,data_26.csv,onset_leak,26_94_117,24,94,117,56400,70200,1,0.9983164,1
train,26,data_26.csv,onset_leak,26_95_118,24,95,118,57000,70800,1,0.99843866,1
train,26,data_26.csv,onset_leak,26_96_119,24,96,119,57600,71400,1,0.99854517,1
train,26,data_26.csv,onset_leak,26_97_120,24,97,120,58200,72000,1,0.9983468,1
train,26,data_26.csv,onset_leak,26_98_121,24,98,121,58800,72600,1,0.9982389,1
train,26,data_26.csv,onset_leak,26_99_122,24,99,122,59400,73200,1,0.99828243,1
train,26,data_26.csv,onset_leak,26_100_123,24,100,123,60000,73800,1,0.99821764,1
train,26,data_26.csv,onset_leak,26_101_124,24,101,124,60600,74400,1,0.9982048,1
train,26,data_26.csv,onset_leak,26_102_125,24,102,125,61200,75000,1,0.9980969,1
train,26,data_26.csv,onset_leak,26_103_126,24,103,126,61800,75600,1,0.99726,1
train,26,data_26.csv,onset_leak,26_104_127,24,104,127,62400,76200,1,0.9964629,1
train,26,data_26.csv,onset_leak,26_105_128,24,105,128,63000,76800,1,0.9963864,1
train,26,data_26.csv,onset_leak,26_106_129,24,106,129,63600,77400,1,0.99595046,1
train,26,data_26.csv,onset_leak,26_107_130,24,107,130,64200,78000,1,0.9951565,1
train,26,data_26.csv,onset_leak,26_108_131,24,108,131,64800,78600,1,0.9938518,1
train,26,data_26.csv,onset_leak,26_109_132,24,109,132,65400,79200,1,0.9906859,1
train,26,data_26.csv,onset_leak,26_110_133,24,110,133,66000,79800,1,0.9868662,1
train,26,data_26.csv,onset_leak,26_111_134,24,111,134,66600,80400,1,0.98566216,1
train,26,data_26.csv,onset_leak,26_112_135,24,112,135,67200,81000,1,0.9837944,1
train,26,data_26.csv,onset_leak,26_113_136,24,113,136,67800,81600,1,0.97969556,1
train,26,data_26.csv,onset_leak,26_114_137,24,114,137,68400,82200,1,0.9730338,1
train,26,data_26.csv,onset_leak,26_115_138,24,115,138,69000,82800,1,0.95858246,1
train,26,data_26.csv,onset_leak,26_116_139,24,116,139,69600,83400,1,0.9405763,1
train,26,data_26.csv,onset_leak,26_117_140,24,117,140,70200,84000,1,0.9329458,1
train,26,data_26.csv,onset_leak,26_118_141,24,118,141,70800,84600,1,0.92662007,1
train,26,data_26.csv,onset_leak,26_119_142,24,119,142,71400,85200,1,0.9069488,1
train,26,data_26.csv,onset_leak,26_120_143,24,120,143,72000,85800,1,0.8784425,1
train,26,data_26.csv,onset_leak,26_121_144,24,121,144,72600,86400,1,0.8038307,1
train,27,data_27.csv,onset_leak,27_0_23,24,0,23,0,13800,0,0.19863148,0
train,27,data_27.csv,onset_leak,27_1_24,24,1,24,600,14400,0,0.1942844,0
train,27,data_27.csv,onset_leak,27_2_25,24,2,25,1200,15000,0,0.19078583,0
train,27,data_27.csv,onset_leak,27_3_26,24,3,26,1800,15600,0,0.18830633,0
train,27,data_27.csv,onset_leak,27_4_27,24,4,27,2400,16200,0,0.18345502,0
train,27,data_27.csv,onset_leak,27_5_28,24,5,28,3000,16800,0,0.18387266,0
train,27,data_27.csv,onset_leak,27_6_29,24,6,29,3600,17400,0,0.18205321,0
train,27,data_27.csv,onset_leak,27_7_30,24,7,30,4200,18000,0,0.1749253,0
train,27,data_27.csv,onset_leak,27_8_31,24,8,31,4800,18600,0,0.16566747,0
train,27,data_27.csv,onset_leak,27_9_32,24,9,32,5400,19200,0,0.16229689,0
train,27,data_27.csv,onset_leak,27_10_33,24,10,33,6000,19800,0,0.15721218,0
train,27,data_27.csv,onset_leak,27_11_34,24,11,34,6600,20400,0,0.15659267,0
train,27,data_27.csv,onset_leak,27_12_35,24,12,35,7200,21000,0,0.1539208,0
train,27,data_27.csv,onset_leak,27_13_36,24,13,36,7800,21600,0,0.15170552,0
train,27,data_27.csv,onset_leak,27_14_37,24,14,37,8400,22200,0,0.1459966,0
train,27,data_27.csv,onset_leak,27_15_38,24,15,38,9000,22800,0,0.14705172,0
train,27,data_27.csv,onset_leak,27_16_39,24,16,39,9600,23400,0,0.15155981,0
train,27,data_27.csv,onset_leak,27_17_40,24,17,40,10200,24000,0,0.15383035,0
train,27,data_27.csv,onset_leak,27_18_41,24,18,41,10800,24600,0,0.15526047,0
train,27,data_27.csv,onset_leak,27_19_42,24,19,42,11400,25200,0,0.15693897,0
train,27,data_27.csv,onset_leak,27_20_43,24,20,43,12000,25800,0,0.16269508,0
train,27,data_27.csv,onset_leak,27_21_44,24,21,44,12600,26400,0,0.17317106,0
train,27,data_27.csv,onset_leak,27_22_45,24,22,45,13200,27000,0,0.18784824,0
train,27,data_27.csv,onset_leak,27_23_46,24,23,46,13800,27600,0,0.19916116,0
train,27,data_27.csv,onset_leak,27_24_47,24,24,47,14400,28200,0,0.21153316,0
train,27,data_27.csv,onset_leak,27_25_48,24,25,48,15000,28800,0,0.21087173,0
train,27,data_27.csv,onset_leak,27_26_49,24,26,49,15600,29400,0,0.21557997,0
train,27,data_27.csv,onset_leak,27_27_50,24,27,50,16200,30000,0,0.22616495,0
train,27,data_27.csv,onset_leak,27_28_51,24,28,51,16800,30600,0,0.23695032,0
train,27,data_27.csv,onset_leak,27_29_52,24,29,52,17400,31200,0,0.24974373,0
train,27,data_27.csv,onset_leak,27_30_53,24,30,53,18000,31800,0,0.26198775,0
train,27,data_27.csv,onset_leak,27_31_54,24,31,54,18600,32400,0,0.2628827,0
train,27,data_27.csv,onset_leak,27_32_55,24,32,55,19200,33000,0,0.2618043,0
train,27,data_27.csv,onset_leak,27_33_56,24,33,56,19800,33600,0,0.27214473,0
train,27,data_27.csv,onset_leak,27_34_57,24,34,57,20400,34200,0,0.28497225,0
train,27,data_27.csv,onset_leak,27_35_58,24,35,58,21000,34800,0,0.29206273,0
train,27,data_27.csv,onset_leak,27_36_59,24,36,59,21600,35400,0,0.2994117,0
train,27,data_27.csv,onset_leak,27_37_60,24,37,60,22200,36000,0,0.30445832,1
train,27,data_27.csv,onset_leak,27_38_61,24,38,61,22800,36600,0,0.3140609,1
train,27,data_27.csv,onset_leak,27_39_62,24,39,62,23400,37200,0,0.3236458,1
train,27,data_27.csv,onset_leak,27_40_63,24,40,63,24000,37800,0,0.34324452,1
train,27,data_27.csv,onset_leak,27_41_64,24,41,64,24600,38400,0,0.35456508,1
train,27,data_27.csv,onset_leak,27_42_65,24,42,65,25200,39000,0,0.36448887,1
train,27,data_27.csv,onset_leak,27_43_66,24,43,66,25800,39600,0,0.36975175,1
train,27,data_27.csv,onset_leak,27_44_67,24,44,67,26400,40200,0,0.37524372,1
train,27,data_27.csv,onset_leak,27_45_68,24,45,68,27000,40800,0,0.3888719,1
train,27,data_27.csv,onset_leak,27_46_69,24,46,69,27600,41400,0,0.4001226,1
train,27,data_27.csv,onset_leak,27_47_70,24,47,70,28200,42000,0,0.42466387,1
train,27,data_27.csv,onset_leak,27_48_71,24,48,71,28800,42600,0,0.45088145,1
train,27,data_27.csv,onset_leak,27_49_72,24,49,72,29400,43200,1,0.66574717,1
train,27,data_27.csv,onset_leak,27_50_73,24,50,73,30000,43800,1,0.75203466,1
train,27,data_27.csv,onset_leak,27_51_74,24,51,74,30600,44400,1,0.7862491,1
train,27,data_27.csv,onset_leak,27_52_75,24,52,75,31200,45000,1,0.8335002,1
train,27,data_27.csv,onset_leak,27_53_76,24,53,76,31800,45600,1,0.89008933,1
train,27,data_27.csv,onset_leak,27_54_77,24,54,77,32400,46200,1,0.93424374,1
train,27,data_27.csv,onset_leak,27_55_78,24,55,78,33000,46800,1,0.95339054,1
train,27,data_27.csv,onset_leak,27_56_79,24,56,79,33600,47400,1,0.9686122,1
train,27,data_27.csv,onset_leak,27_57_80,24,57,80,34200,48000,1,0.97606975,1
train,27,data_27.csv,onset_leak,27_58_81,24,58,81,34800,48600,1,0.9802192,1
train,27,data_27.csv,onset_leak,27_59_82,24,59,82,35400,49200,1,0.98709583,1
train,27,data_27.csv,onset_leak,27_60_83,24,60,83,36000,49800,1,0.99081576,1
train,27,data_27.csv,onset_leak,27_61_84,24,61,84,36600,50400,1,0.9937098,1
train,27,data_27.csv,onset_leak,27_62_85,24,62,85,37200,51000,1,0.9952253,1
train,27,data_27.csv,onset_leak,27_63_86,24,63,86,37800,51600,1,0.9964395,1
train,27,data_27.csv,onset_leak,27_64_87,24,64,87,38400,52200,1,0.99638796,1
train,27,data_27.csv,onset_leak,27_65_88,24,65,88,39000,52800,1,0.99721813,1
train,27,data_27.csv,onset_leak,27_66_89,24,66,89,39600,53400,1,0.9981688,1
train,27,data_27.csv,onset_leak,27_67_90,24,67,90,40200,54000,1,0.99848336,1
train,27,data_27.csv,onset_leak,27_68_91,24,68,91,40800,54600,1,0.9987595,1
train,27,data_27.csv,onset_leak,27_69_92,24,69,92,41400,55200,1,0.9991111,1
train,27,data_27.csv,onset_leak,27_70_93,24,70,93,42000,55800,1,0.99914896,1
train,27,data_27.csv,onset_leak,27_71_94,24,71,94,42600,56400,1,0.99945885,1
train,27,data_27.csv,onset_leak,27_72_95,24,72,95,43200,57000,1,0.9995832,1
train,27,data_27.csv,onset_leak,27_73_96,24,73,96,43800,57600,1,0.9996044,1
train,27,data_27.csv,onset_leak,27_74_97,24,74,97,44400,58200,1,0.9996265,1
train,27,data_27.csv,onset_leak,27_75_98,24,75,98,45000,58800,1,0.9996587,1
train,27,data_27.csv,onset_leak,27_76_99,24,76,99,45600,59400,1,0.99966,1
train,27,data_27.csv,onset_leak,27_77_100,24,77,100,46200,60000,1,0.9996923,1
train,27,data_27.csv,onset_leak,27_78_101,24,78,101,46800,60600,1,0.9997141,1
train,27,data_27.csv,onset_leak,27_79_102,24,79,102,47400,61200,1,0.9997055,1
train,27,data_27.csv,onset_leak,27_80_103,24,80,103,48000,61800,1,0.9997025,1
train,27,data_27.csv,onset_leak,27_81_104,24,81,104,48600,62400,1,0.99971527,1
train,27,data_27.csv,onset_leak,27_82_105,24,82,105,49200,63000,1,0.99970907,1
train,27,data_27.csv,onset_leak,27_83_106,24,83,106,49800,63600,1,0.9997161,1
train,27,data_27.csv,onset_leak,27_84_107,24,84,107,50400,64200,1,0.99971825,1
train,27,data_27.csv,onset_leak,27_85_108,24,85,108,51000,64800,1,0.9996687,1
train,27,data_27.csv,onset_leak,27_86_109,24,86,109,51600,65400,1,0.99963355,1
train,27,data_27.csv,onset_leak,27_87_110,24,87,110,52200,66000,1,0.9996314,1
train,27,data_27.csv,onset_leak,27_88_111,24,88,111,52800,66600,1,0.99961567,1
train,27,data_27.csv,onset_leak,27_89_112,24,89,112,53400,67200,1,0.9995937,1
train,27,data_27.csv,onset_leak,27_90_113,24,90,113,54000,67800,1,0.9995541,1
train,27,data_27.csv,onset_leak,27_91_114,24,91,114,54600,68400,1,0.99943954,1
train,27,data_27.csv,onset_leak,27_92_115,24,92,115,55200,69000,1,0.9993311,1
train,27,data_27.csv,onset_leak,27_93_116,24,93,116,55800,69600,1,0.9993019,1
train,27,data_27.csv,onset_leak,27_94_117,24,94,117,56400,70200,1,0.9992532,1
train,27,data_27.csv,onset_leak,27_95_118,24,95,118,57000,70800,1,0.9991541,1
train,27,data_27.csv,onset_leak,27_96_119,24,96,119,57600,71400,1,0.999003,1
train,27,data_27.csv,onset_leak,27_97_120,24,97,120,58200,72000,1,0.9985733,1
train,27,data_27.csv,onset_leak,27_98_121,24,98,121,58800,72600,1,0.99812454,1
train,27,data_27.csv,onset_leak,27_99_122,24,99,122,59400,73200,1,0.9979583,1
train,27,data_27.csv,onset_leak,27_100_123,24,100,123,60000,73800,1,0.9977617,1
train,27,data_27.csv,onset_leak,27_101_124,24,101,124,60600,74400,1,0.99724054,1
train,27,data_27.csv,onset_leak,27_102_125,24,102,125,61200,75000,1,0.9963851,1
train,27,data_27.csv,onset_leak,27_103_126,24,103,126,61800,75600,1,0.99429613,1
train,27,data_27.csv,onset_leak,27_104_127,24,104,127,62400,76200,1,0.99178,1
train,27,data_27.csv,onset_leak,27_105_128,24,105,128,63000,76800,1,0.99060833,1
train,27,data_27.csv,onset_leak,27_106_129,24,106,129,63600,77400,1,0.98934364,1
train,27,data_27.csv,onset_leak,27_107_130,24,107,130,64200,78000,1,0.98562884,1
train,27,data_27.csv,onset_leak,27_108_131,24,108,131,64800,78600,1,0.97995913,1
train,27,data_27.csv,onset_leak,27_109_132,24,109,132,65400,79200,1,0.9713309,1
train,27,data_27.csv,onset_leak,27_110_133,24,110,133,66000,79800,1,0.9602828,1
train,27,data_27.csv,onset_leak,27_111_134,24,111,134,66600,80400,1,0.95404863,1
train,27,data_27.csv,onset_leak,27_112_135,24,112,135,67200,81000,1,0.94909966,1
train,27,data_27.csv,onset_leak,27_113_136,24,113,136,67800,81600,1,0.93339455,1
train,27,data_27.csv,onset_leak,27_114_137,24,114,137,68400,82200,1,0.9132047,1
train,27,data_27.csv,onset_leak,27_115_138,24,115,138,69000,82800,1,0.8919973,1
train,27,data_27.csv,onset_leak,27_116_139,24,116,139,69600,83400,1,0.86740047,1
train,27,data_27.csv,onset_leak,27_117_140,24,117,140,70200,84000,1,0.84678423,1
train,27,data_27.csv,onset_leak,27_118_141,24,118,141,70800,84600,1,0.8429587,1
train,27,data_27.csv,onset_leak,27_119_142,24,119,142,71400,85200,1,0.8038916,1
train,27,data_27.csv,onset_leak,27_120_143,24,120,143,72000,85800,1,0.766379,1
train,27,data_27.csv,onset_leak,27_121_144,24,121,144,72600,86400,1,0.70026964,1
train,28,data_28.csv,onset_leak,28_0_23,24,0,23,0,13800,0,0.24298826,0
train,28,data_28.csv,onset_leak,28_1_24,24,1,24,600,14400,0,0.24204238,0
train,28,data_28.csv,onset_leak,28_2_25,24,2,25,1200,15000,0,0.241012,0
train,28,data_28.csv,onset_leak,28_3_26,24,3,26,1800,15600,0,0.24009398,0
train,28,data_28.csv,onset_leak,28_4_27,24,4,27,2400,16200,0,0.23911975,0
train,28,data_28.csv,onset_leak,28_5_28,24,5,28,3000,16800,0,0.23882006,0
train,28,data_28.csv,onset_leak,28_6_29,24,6,29,3600,17400,0,0.23817818,0
train,28,data_28.csv,onset_leak,28_7_30,24,7,30,4200,18000,0,0.23735893,0
train,28,data_28.csv,onset_leak,28_8_31,24,8,31,4800,18600,0,0.2361523,0
train,28,data_28.csv,onset_leak,28_9_32,24,9,32,5400,19200,0,0.23581406,0
train,28,data_28.csv,onset_leak,28_10_33,24,10,33,6000,19800,0,0.2353856,0
train,28,data_28.csv,onset_leak,28_11_34,24,11,34,6600,20400,0,0.23551947,0
train,28,data_28.csv,onset_leak,28_12_35,24,12,35,7200,21000,0,0.23527612,0
train,28,data_28.csv,onset_leak,28_13_36,24,13,36,7800,21600,0,0.23473579,0
train,28,data_28.csv,onset_leak,28_14_37,24,14,37,8400,22200,0,0.23378657,0
train,28,data_28.csv,onset_leak,28_15_38,24,15,38,9000,22800,0,0.23413016,0
train,28,data_28.csv,onset_leak,28_16_39,24,16,39,9600,23400,0,0.23467731,0
train,28,data_28.csv,onset_leak,28_17_40,24,17,40,10200,24000,0,0.23540571,0
train,28,data_28.csv,onset_leak,28_18_41,24,18,41,10800,24600,0,0.23584604,0
train,28,data_28.csv,onset_leak,28_19_42,24,19,42,11400,25200,0,0.23554698,0
train,28,data_28.csv,onset_leak,28_20_43,24,20,43,12000,25800,0,0.23504607,0
train,28,data_28.csv,onset_leak,28_21_44,24,21,44,12600,26400,0,0.23610935,0
train,28,data_28.csv,onset_leak,28_22_45,24,22,45,13200,27000,0,0.23738968,0
train,28,data_28.csv,onset_leak,28_23_46,24,23,46,13800,27600,0,0.23883611,0
train,28,data_28.csv,onset_leak,28_24_47,24,24,47,14400,28200,0,0.23999499,0
train,28,data_28.csv,onset_leak,28_25_48,24,25,48,15000,28800,0,0.2394435,0
train,28,data_28.csv,onset_leak,28_26_49,24,26,49,15600,29400,0,0.23872548,0
train,28,data_28.csv,onset_leak,28_27_50,24,27,50,16200,30000,0,0.23997252,0
train,28,data_28.csv,onset_leak,28_28_51,24,28,51,16800,30600,0,0.24123912,0
train,28,data_28.csv,onset_leak,28_29_52,24,29,52,17400,31200,0,0.24305676,0
train,28,data_28.csv,onset_leak,28_30_53,24,30,53,18000,31800,0,0.24440303,0
train,28,data_28.csv,onset_leak,28_31_54,24,31,54,18600,32400,0,0.23919444,0
train,28,data_28.csv,onset_leak,28_32_55,24,32,55,19200,33000,0,0.23383902,0
train,28,data_28.csv,onset_leak,28_33_56,24,33,56,19800,33600,0,0.23115027,0
train,28,data_28.csv,onset_leak,28_34_57,24,34,57,20400,34200,0,0.22642437,0
train,28,data_28.csv,onset_leak,28_35_58,24,35,58,21000,34800,0,0.22809188,0
train,28,data_28.csv,onset_leak,28_36_59,24,36,59,21600,35400,0,0.22688036,0
train,28,data_28.csv,onset_leak,28_37_60,24,37,60,22200,36000,0,0.2131724,0
train,28,data_28.csv,onset_leak,28_38_61,24,38,61,22800,36600,0,0.19803445,0
train,28,data_28.csv,onset_leak,28_39_62,24,39,62,23400,37200,0,0.19313316,0
train,28,data_28.csv,onset_leak,28_40_63,24,40,63,24000,37800,0,0.18417017,0
train,28,data_28.csv,onset_leak,28_41_64,24,41,64,24600,38400,0,0.18598045,0
train,28,data_28.csv,onset_leak,28_42_65,24,42,65,25200,39000,0,0.18311101,0
train,28,data_28.csv,onset_leak,28_43_66,24,43,66,25800,39600,0,0.18178008,0
train,28,data_28.csv,onset_leak,28_44_67,24,44,67,26400,40200,0,0.17843033,0
train,28,data_28.csv,onset_leak,28_45_68,24,45,68,27000,40800,0,0.17756803,0
train,28,data_28.csv,onset_leak,28_46_69,24,46,69,27600,41400,0,0.18139459,0
train,28,data_28.csv,onset_leak,28_47_70,24,47,70,28200,42000,0,0.19624011,0
train,28,data_28.csv,onset_leak,28_48_71,24,48,71,28800,42600,0,0.22005883,0
train,28,data_28.csv,onset_leak,28_49_72,24,49,72,29400,43200,1,0.3711136,1
train,28,data_28.csv,onset_leak,28_50_73,24,50,73,30000,43800,1,0.50772786,1
train,28,data_28.csv,onset_leak,28_51_74,24,51,74,30600,44400,1,0.593477,1
train,28,data_28.csv,onset_leak,28_52_75,24,52,75,31200,45000,1,0.69328797,1
train,28,data_28.csv,onset_leak,28_53_76,24,53,76,31800,45600,1,0.8229936,1
train,28,data_28.csv,onset_leak,28_54_77,24,54,77,32400,46200,1,0.89471,1
train,28,data_28.csv,onset_leak,28_55_78,24,55,78,33000,46800,1,0.9043916,1
train,28,data_28.csv,onset_leak,28_56_79,24,56,79,33600,47400,1,0.9206864,1
train,28,data_28.csv,onset_leak,28_57_80,24,57,80,34200,48000,1,0.9367412,1
train,28,data_28.csv,onset_leak,28_58_81,24,58,81,34800,48600,1,0.94034225,1
train,28,data_28.csv,onset_leak,28_59_82,24,59,82,35400,49200,1,0.9556608,1
train,28,data_28.csv,onset_leak,28_60_83,24,60,83,36000,49800,1,0.9636328,1
train,28,data_28.csv,onset_leak,28_61_84,24,61,84,36600,50400,1,0.9664423,1
train,28,data_28.csv,onset_leak,28_62_85,24,62,85,37200,51000,1,0.967628,1
train,28,data_28.csv,onset_leak,28_63_86,24,63,86,37800,51600,1,0.9723352,1
train,28,data_28.csv,onset_leak,28_64_87,24,64,87,38400,52200,1,0.97001755,1
train,28,data_28.csv,onset_leak,28_65_88,24,65,88,39000,52800,1,0.9727448,1
train,28,data_28.csv,onset_leak,28_66_89,24,66,89,39600,53400,1,0.97680885,1
train,28,data_28.csv,onset_leak,28_67_90,24,67,90,40200,54000,1,0.9773003,1
train,28,data_28.csv,onset_leak,28_68_91,24,68,91,40800,54600,1,0.9784354,1
train,28,data_28.csv,onset_leak,28_69_92,24,69,92,41400,55200,1,0.98065406,1
train,28,data_28.csv,onset_leak,28_70_93,24,70,93,42000,55800,1,0.98146,1
train,28,data_28.csv,onset_leak,28_71_94,24,71,94,42600,56400,1,0.98526174,1
train,28,data_28.csv,onset_leak,28_72_95,24,72,95,43200,57000,1,0.9859453,1
train,28,data_28.csv,onset_leak,28_73_96,24,73,96,43800,57600,1,0.9867551,1
train,28,data_28.csv,onset_leak,28_74_97,24,74,97,44400,58200,1,0.98717844,1
train,28,data_28.csv,onset_leak,28_75_98,24,75,98,45000,58800,1,0.9867111,1
train,28,data_28.csv,onset_leak,28_76_99,24,76,99,45600,59400,1,0.9871408,1
train,28,data_28.csv,onset_leak,28_77_100,24,77,100,46200,60000,1,0.98717415,1
train,28,data_28.csv,onset_leak,28_78_101,24,78,101,46800,60600,1,0.98739076,1
train,28,data_28.csv,onset_leak,28_79_102,24,79,102,47400,61200,1,0.98866385,1
train,28,data_28.csv,onset_leak,28_80_103,24,80,103,48000,61800,1,0.9894958,1
train,28,data_28.csv,onset_leak,28_81_104,24,81,104,48600,62400,1,0.989626,1
train,28,data_28.csv,onset_leak,28_82_105,24,82,105,49200,63000,1,0.9900017,1
train,28,data_28.csv,onset_leak,28_83_106,24,83,106,49800,63600,1,0.9904371,1
train,28,data_28.csv,onset_leak,28_84_107,24,84,107,50400,64200,1,0.9910184,1
train,28,data_28.csv,onset_leak,28_85_108,24,85,108,51000,64800,1,0.9915991,1
train,28,data_28.csv,onset_leak,28_86_109,24,86,109,51600,65400,1,0.9920946,1
train,28,data_28.csv,onset_leak,28_87_110,24,87,110,52200,66000,1,0.9924723,1
train,28,data_28.csv,onset_leak,28_88_111,24,88,111,52800,66600,1,0.9925817,1
train,28,data_28.csv,onset_leak,28_89_112,24,89,112,53400,67200,1,0.99301445,1
train,28,data_28.csv,onset_leak,28_90_113,24,90,113,54000,67800,1,0.993433,1
train,28,data_28.csv,onset_leak,28_91_114,24,91,114,54600,68400,1,0.99179584,1
train,28,data_28.csv,onset_leak,28_92_115,24,92,115,55200,69000,1,0.99081683,1
train,28,data_28.csv,onset_leak,28_93_116,24,93,116,55800,69600,1,0.9910615,1
train,28,data_28.csv,onset_leak,28_94_117,24,94,117,56400,70200,1,0.99045956,1
train,28,data_28.csv,onset_leak,28_95_118,24,95,118,57000,70800,1,0.9900158,1
train,28,data_28.csv,onset_leak,28_96_119,24,96,119,57600,71400,1,0.989057,1
train,28,data_28.csv,onset_leak,28_97_120,24,97,120,58200,72000,1,0.98479897,1
train,28,data_28.csv,onset_leak,28_98_121,24,98,121,58800,72600,1,0.98053694,1
train,28,data_28.csv,onset_leak,28_99_122,24,99,122,59400,73200,1,0.9803485,1
train,28,data_28.csv,onset_leak,28_100_123,24,100,123,60000,73800,1,0.9780824,1
train,28,data_28.csv,onset_leak,28_101_124,24,101,124,60600,74400,1,0.9747099,1
train,28,data_28.csv,onset_leak,28_102_125,24,102,125,61200,75000,1,0.9690184,1
train,28,data_28.csv,onset_leak,28_103_126,24,103,126,61800,75600,1,0.9612278,1
train,28,data_28.csv,onset_leak,28_104_127,24,104,127,62400,76200,1,0.9524824,1
train,28,data_28.csv,onset_leak,28_105_128,24,105,128,63000,76800,1,0.94793475,1
train,28,data_28.csv,onset_leak,28_106_129,24,106,129,63600,77400,1,0.94556797,1
train,28,data_28.csv,onset_leak,28_107_130,24,107,130,64200,78000,1,0.9384639,1
train,28,data_28.csv,onset_leak,28_108_131,24,108,131,64800,78600,1,0.92710334,1
train,28,data_28.csv,onset_leak,28_109_132,24,109,132,65400,79200,1,0.91370183,1
train,28,data_28.csv,onset_leak,28_110_133,24,110,133,66000,79800,1,0.89828324,1
train,28,data_28.csv,onset_leak,28_111_134,24,111,134,66600,80400,1,0.8837448,1
train,28,data_28.csv,onset_leak,28_112_135,24,112,135,67200,81000,1,0.881164,1
train,28,data_28.csv,onset_leak,28_113_136,24,113,136,67800,81600,1,0.8590623,1
train,28,data_28.csv,onset_leak,28_114_137,24,114,137,68400,82200,1,0.8338405,1
train,28,data_28.csv,onset_leak,28_115_138,24,115,138,69000,82800,1,0.82044894,1
train,28,data_28.csv,onset_leak,28_116_139,24,116,139,69600,83400,1,0.80286443,1
train,28,data_28.csv,onset_leak,28_117_140,24,117,140,70200,84000,1,0.78418654,1
train,28,data_28.csv,onset_leak,28_118_141,24,118,141,70800,84600,1,0.7790545,1
train,28,data_28.csv,onset_leak,28_119_142,24,119,142,71400,85200,1,0.74429077,1
train,28,data_28.csv,onset_leak,28_120_143,24,120,143,72000,85800,1,0.7217326,1
train,28,data_28.csv,onset_leak,28_121_144,24,121,144,72600,86400,1,0.6330944,1
train,29,data_29.csv,onset_leak,29_0_23,24,0,23,0,13800,0,0.17588793,0
train,29,data_29.csv,onset_leak,29_1_24,24,1,24,600,14400,0,0.17612681,0
train,29,data_29.csv,onset_leak,29_2_25,24,2,25,1200,15000,0,0.17629683,0
train,29,data_29.csv,onset_leak,29_3_26,24,3,26,1800,15600,0,0.18193443,0
train,29,data_29.csv,onset_leak,29_4_27,24,4,27,2400,16200,0,0.18877728,0
train,29,data_29.csv,onset_leak,29_5_28,24,5,28,3000,16800,0,0.19542131,0
train,29,data_29.csv,onset_leak,29_6_29,24,6,29,3600,17400,0,0.20183688,0
train,29,data_29.csv,onset_leak,29_7_30,24,7,30,4200,18000,0,0.19801314,0
train,29,data_29.csv,onset_leak,29_8_31,24,8,31,4800,18600,0,0.19474818,0
train,29,data_29.csv,onset_leak,29_9_32,24,9,32,5400,19200,0,0.1975844,0
train,29,data_29.csv,onset_leak,29_10_33,24,10,33,6000,19800,0,0.19985993,0
train,29,data_29.csv,onset_leak,29_11_34,24,11,34,6600,20400,0,0.20644246,0
train,29,data_29.csv,onset_leak,29_12_35,24,12,35,7200,21000,0,0.21087858,0
train,29,data_29.csv,onset_leak,29_13_36,24,13,36,7800,21600,0,0.20139615,0
train,29,data_29.csv,onset_leak,29_14_37,24,14,37,8400,22200,0,0.19124378,0
train,29,data_29.csv,onset_leak,29_15_38,24,15,38,9000,22800,0,0.19236784,0
train,29,data_29.csv,onset_leak,29_16_39,24,16,39,9600,23400,0,0.19177715,0
train,29,data_29.csv,onset_leak,29_17_40,24,17,40,10200,24000,0,0.19677694,0
train,29,data_29.csv,onset_leak,29_18_41,24,18,41,10800,24600,0,0.20392983,0
train,29,data_29.csv,onset_leak,29_19_42,24,19,42,11400,25200,0,0.22792034,0
train,29,data_29.csv,onset_leak,29_20_43,24,20,43,12000,25800,0,0.23894523,0
train,29,data_29.csv,onset_leak,29_21_44,24,21,44,12600,26400,0,0.24523653,0
train,29,data_29.csv,onset_leak,29_22_45,24,22,45,13200,27000,0,0.2628521,0
train,29,data_29.csv,onset_leak,29_23_46,24,23,46,13800,27600,0,0.30230206,1
train,29,data_29.csv,onset_leak,29_24_47,24,24,47,14400,28200,0,0.35307133,1
train,29,data_29.csv,onset_leak,29_25_48,24,25,48,15000,28800,0,0.40736648,1
train,29,data_29.csv,onset_leak,29_26_49,24,26,49,15600,29400,0,0.43808767,1
train,29,data_29.csv,onset_leak,29_27_50,24,27,50,16200,30000,0,0.48450717,1
train,29,data_29.csv,onset_leak,29_28_51,24,28,51,16800,30600,0,0.5322986,1
train,29,data_29.csv,onset_leak,29_29_52,24,29,52,17400,31200,0,0.60432863,1
train,29,data_29.csv,onset_leak,29_30_53,24,30,53,18000,31800,0,0.6655767,1
train,29,data_29.csv,onset_leak,29_31_54,24,31,54,18600,32400,0,0.6548125,1
train,29,data_29.csv,onset_leak,29_32_55,24,32,55,19200,33000,0,0.64898396,1
train,29,data_29.csv,onset_leak,29_33_56,24,33,56,19800,33600,0,0.66428286,1
train,29,data_29.csv,onset_leak,29_34_57,24,34,57,20400,34200,0,0.65948373,1
train,29,data_29.csv,onset_leak,29_35_58,24,35,58,21000,34800,0,0.6747438,1
train,29,data_29.csv,onset_leak,29_36_59,24,36,59,21600,35400,0,0.68035597,1
train,29,data_29.csv,onset_leak,29_37_60,24,37,60,22200,36000,0,0.64057344,1
train,29,data_29.csv,onset_leak,29_38_61,24,38,61,22800,36600,0,0.6184452,1
train,29,data_29.csv,onset_leak,29_39_62,24,39,62,23400,37200,0,0.62193066,1
train,29,data_29.csv,onset_leak,29_40_63,24,40,63,24000,37800,0,0.62520945,1
train,29,data_29.csv,onset_leak,29_41_64,24,41,64,24600,38400,0,0.6295401,1
train,29,data_29.csv,onset_leak,29_42_65,24,42,65,25200,39000,0,0.6195945,1
train,29,data_29.csv,onset_leak,29_43_66,24,43,66,25800,39600,0,0.6041364,1
train,29,data_29.csv,onset_leak,29_44_67,24,44,67,26400,40200,0,0.5850169,1
train,29,data_29.csv,onset_leak,29_45_68,24,45,68,27000,40800,0,0.58442414,1
train,29,data_29.csv,onset_leak,29_46_69,24,46,69,27600,41400,0,0.58881223,1
train,29,data_29.csv,onset_leak,29_47_70,24,47,70,28200,42000,0,0.58724064,1
train,29,data_29.csv,onset_leak,29_48_71,24,48,71,28800,42600,0,0.5724603,1
train,29,data_29.csv,onset_leak,29_49_72,24,49,72,29400,43200,1,0.5957868,1
train,29,data_29.csv,onset_leak,29_50_73,24,50,73,30000,43800,1,0.6004863,1
train,29,data_29.csv,onset_leak,29_51_74,24,51,74,30600,44400,1,0.5936101,1
train,29,data_29.csv,onset_leak,29_52_75,24,52,75,31200,45000,1,0.60249656,1
train,29,data_29.csv,onset_leak,29_53_76,24,53,76,31800,45600,1,0.6052608,1
train,29,data_29.csv,onset_leak,29_54_77,24,54,77,32400,46200,1,0.65514576,1
train,29,data_29.csv,onset_leak,29_55_78,24,55,78,33000,46800,1,0.63311493,1
train,29,data_29.csv,onset_leak,29_56_79,24,56,79,33600,47400,1,0.63385075,1
train,29,data_29.csv,onset_leak,29_57_80,24,57,80,34200,48000,1,0.63464427,1
train,29,data_29.csv,onset_leak,29_58_81,24,58,81,34800,48600,1,0.6357448,1
train,29,data_29.csv,onset_leak,29_59_82,24,59,82,35400,49200,1,0.62386817,1
train,29,data_29.csv,onset_leak,29_60_83,24,60,83,36000,49800,1,0.60294676,1
train,29,data_29.csv,onset_leak,29_61_84,24,61,84,36600,50400,1,0.64121765,1
train,29,data_29.csv,onset_leak,29_62_85,24,62,85,37200,51000,1,0.6305996,1
train,29,data_29.csv,onset_leak,29_63_86,24,63,86,37800,51600,1,0.6250584,1
train,29,data_29.csv,onset_leak,29_64_87,24,64,87,38400,52200,1,0.6241999,1
train,29,data_29.csv,onset_leak,29_65_88,24,65,88,39000,52800,1,0.6194602,1
train,29,data_29.csv,onset_leak,29_66_89,24,66,89,39600,53400,1,0.65837115,1
train,29,data_29.csv,onset_leak,29_67_90,24,67,90,40200,54000,1,0.6816508,1
train,29,data_29.csv,onset_leak,29_68_91,24,68,91,40800,54600,1,0.6915024,1
train,29,data_29.csv,onset_leak,29_69_92,24,69,92,41400,55200,1,0.72157246,1
train,29,data_29.csv,onset_leak,29_70_93,24,70,93,42000,55800,1,0.7307869,1
train,29,data_29.csv,onset_leak,29_71_94,24,71,94,42600,56400,1,0.7742616,1
train,29,data_29.csv,onset_leak,29_72_95,24,72,95,43200,57000,1,0.7860146,1
train,29,data_29.csv,onset_leak,29_73_96,24,73,96,43800,57600,1,0.801264,1
train,29,data_29.csv,onset_leak,29_74_97,24,74,97,44400,58200,1,0.8102273,1
train,29,data_29.csv,onset_leak,29_75_98,24,75,98,45000,58800,1,0.8072729,1
train,29,data_29.csv,onset_leak,29_76_99,24,76,99,45600,59400,1,0.8140456,1
train,29,data_29.csv,onset_leak,29_77_100,24,77,100,46200,60000,1,0.8189336,1
train,29,data_29.csv,onset_leak,29_78_101,24,78,101,46800,60600,1,0.82569396,1
train,29,data_29.csv,onset_leak,29_79_102,24,79,102,47400,61200,1,0.8498946,1
train,29,data_29.csv,onset_leak,29_80_103,24,80,103,48000,61800,1,0.8652429,1
train,29,data_29.csv,onset_leak,29_81_104,24,81,104,48600,62400,1,0.86967313,1
train,29,data_29.csv,onset_leak,29_82_105,24,82,105,49200,63000,1,0.87651867,1
train,29,data_29.csv,onset_leak,29_83_106,24,83,106,49800,63600,1,0.8867981,1
train,29,data_29.csv,onset_leak,29_84_107,24,84,107,50400,64200,1,0.89800715,1
train,29,data_29.csv,onset_leak,29_85_108,24,85,108,51000,64800,1,0.9150177,1
train,29,data_29.csv,onset_leak,29_86_109,24,86,109,51600,65400,1,0.9263585,1
train,29,data_29.csv,onset_leak,29_87_110,24,87,110,52200,66000,1,0.9319319,1
train,29,data_29.csv,onset_leak,29_88_111,24,88,111,52800,66600,1,0.93566865,1
train,29,data_29.csv,onset_leak,29_89_112,24,89,112,53400,67200,1,0.9440371,1
train,29,data_29.csv,onset_leak,29_90_113,24,90,113,54000,67800,1,0.95172405,1
train,29,data_29.csv,onset_leak,29_91_114,24,91,114,54600,68400,1,0.9615686,1
train,29,data_29.csv,onset_leak,29_92_115,24,92,115,55200,69000,1,0.96779466,1
train,29,data_29.csv,onset_leak,29_93_116,24,93,116,55800,69600,1,0.9712171,1
train,29,data_29.csv,onset_leak,29_94_117,24,94,117,56400,70200,1,0.9730042,1
train,29,data_29.csv,onset_leak,29_95_118,24,95,118,57000,70800,1,0.9775844,1
train,29,data_29.csv,onset_leak,29_96_119,24,96,119,57600,71400,1,0.9814777,1
train,29,data_29.csv,onset_leak,29_97_120,24,97,120,58200,72000,1,0.9845814,1
train,29,data_29.csv,onset_leak,29_98_121,24,98,121,58800,72600,1,0.98686635,1
train,29,data_29.csv,onset_leak,29_99_122,24,99,122,59400,73200,1,0.98838264,1
train,29,data_29.csv,onset_leak,29_100_123,24,100,123,60000,73800,1,0.98896325,1
train,29,data_29.csv,onset_leak,29_101_124,24,101,124,60600,74400,1,0.9908015,1
train,29,data_29.csv,onset_leak,29_102_125,24,102,125,61200,75000,1,0.9922064,1
train,29,data_29.csv,onset_leak,29_103_126,24,103,126,61800,75600,1,0.99187624,1
train,29,data_29.csv,onset_leak,29_104_127,24,104,127,62400,76200,1,0.9920229,1
train,29,data_29.csv,onset_leak,29_105_128,24,105,128,63000,76800,1,0.9927207,1
train,29,data_29.csv,onset_leak,29_106_129,24,106,129,63600,77400,1,0.9924739,1
train,29,data_29.csv,onset_leak,29_107_130,24,107,130,64200,78000,1,0.99288046,1
train,29,data_29.csv,onset_leak,29_108_131,24,108,131,64800,78600,1,0.9930861,1
train,29,data_29.csv,onset_leak,29_109_132,24,109,132,65400,79200,1,0.9906143,1
train,29,data_29.csv,onset_leak,29_110_133,24,110,133,66000,79800,1,0.98869205,1
train,29,data_29.csv,onset_leak,29_111_134,24,111,134,66600,80400,1,0.9891123,1
train,29,data_29.csv,onset_leak,29_112_135,24,112,135,67200,81000,1,0.9880085,1
train,29,data_29.csv,onset_leak,29_113_136,24,113,136,67800,81600,1,0.98707217,1
train,29,data_29.csv,onset_leak,29_114_137,24,114,137,68400,82200,1,0.98486114,1
train,29,data_29.csv,onset_leak,29_115_138,24,115,138,69000,82800,1,0.9730886,1
train,29,data_29.csv,onset_leak,29_116_139,24,116,139,69600,83400,1,0.9591897,1
train,29,data_29.csv,onset_leak,29_117_140,24,117,140,70200,84000,1,0.9575079,1
train,29,data_29.csv,onset_leak,29_118_141,24,118,141,70800,84600,1,0.9506958,1
train,29,data_29.csv,onset_leak,29_119_142,24,119,142,71400,85200,1,0.9371688,1
train,29,data_29.csv,onset_leak,29_120_143,24,120,143,72000,85800,1,0.914086,1
train,29,data_29.csv,onset_leak,29_121_144,24,121,144,72600,86400,1,0.85467213,1
train,31,data_31.csv,persistent_leak,31_0_23,24,0,23,0,13800,1,0.5167952,1
train,31,data_31.csv,persistent_leak,31_1_24,24,1,24,600,14400,1,0.5152678,1
train,31,data_31.csv,persistent_leak,31_2_25,24,2,25,1200,15000,1,0.5085098,1
train,31,data_31.csv,persistent_leak,31_3_26,24,3,26,1800,15600,1,0.5020157,1
train,31,data_31.csv,persistent_leak,31_4_27,24,4,27,2400,16200,1,0.48879728,1
train,31,data_31.csv,persistent_leak,31_5_28,24,5,28,3000,16800,1,0.486769,1
train,31,data_31.csv,persistent_leak,31_6_29,24,6,29,3600,17400,1,0.4835613,1
train,31,data_31.csv,persistent_leak,31_7_30,24,7,30,4200,18000,1,0.47721586,1
train,31,data_31.csv,persistent_leak,31_8_31,24,8,31,4800,18600,1,0.4571578,1
train,31,data_31.csv,persistent_leak,31_9_32,24,9,32,5400,19200,1,0.44488403,1
train,31,data_31.csv,persistent_leak,31_10_33,24,10,33,6000,19800,1,0.43006107,1
train,31,data_31.csv,persistent_leak,31_11_34,24,11,34,6600,20400,1,0.42668697,1
train,31,data_31.csv,persistent_leak,31_12_35,24,12,35,7200,21000,1,0.42082435,1
train,31,data_31.csv,persistent_leak,31_13_36,24,13,36,7800,21600,1,0.4327338,1
train,31,data_31.csv,persistent_leak,31_14_37,24,14,37,8400,22200,1,0.43735996,1
train,31,data_31.csv,persistent_leak,31_15_38,24,15,38,9000,22800,1,0.4356711,1
train,31,data_31.csv,persistent_leak,31_16_39,24,16,39,9600,23400,1,0.43919855,1
train,31,data_31.csv,persistent_leak,31_17_40,24,17,40,10200,24000,1,0.46075577,1
train,31,data_31.csv,persistent_leak,31_18_41,24,18,41,10800,24600,1,0.48778868,1
train,31,data_31.csv,persistent_leak,31_19_42,24,19,42,11400,25200,1,0.5577165,1
train,31,data_31.csv,persistent_leak,31_20_43,24,20,43,12000,25800,1,0.6044311,1
train,31,data_31.csv,persistent_leak,31_21_44,24,21,44,12600,26400,1,0.63811594,1
train,31,data_31.csv,persistent_leak,31_22_45,24,22,45,13200,27000,1,0.65323085,1
train,31,data_31.csv,persistent_leak,31_23_46,24,23,46,13800,27600,1,0.686241,1
train,31,data_31.csv,persistent_leak,31_24_47,24,24,47,14400,28200,1,0.71693766,1
train,31,data_31.csv,persistent_leak,31_25_48,24,25,48,15000,28800,1,0.75607777,1
train,31,data_31.csv,persistent_leak,31_26_49,24,26,49,15600,29400,1,0.781531,1
train,31,data_31.csv,persistent_leak,31_27_50,24,27,50,16200,30000,1,0.7979622,1
train,31,data_31.csv,persistent_leak,31_28_51,24,28,51,16800,30600,1,0.80846184,1
train,31,data_31.csv,persistent_leak,31_29_52,24,29,52,17400,31200,1,0.8349813,1
train,31,data_31.csv,persistent_leak,31_30_53,24,30,53,18000,31800,1,0.8564699,1
train,31,data_31.csv,persistent_leak,31_31_54,24,31,54,18600,32400,1,0.85538584,1
train,31,data_31.csv,persistent_leak,31_32_55,24,32,55,19200,33000,1,0.8603445,1
train,31,data_31.csv,persistent_leak,31_33_56,24,33,56,19800,33600,1,0.8691406,1
train,31,data_31.csv,persistent_leak,31_34_57,24,34,57,20400,34200,1,0.8684769,1
train,31,data_31.csv,persistent_leak,31_35_58,24,35,58,21000,34800,1,0.8757853,1
train,31,data_31.csv,persistent_leak,31_36_59,24,36,59,21600,35400,1,0.87921685,1
train,31,data_31.csv,persistent_leak,31_37_60,24,37,60,22200,36000,1,0.88340193,1
train,31,data_31.csv,persistent_leak,31_38_61,24,38,61,22800,36600,1,0.885087,1
train,31,data_31.csv,persistent_leak,31_39_62,24,39,62,23400,37200,1,0.89027774,1
train,31,data_31.csv,persistent_leak,31_40_63,24,40,63,24000,37800,1,0.8884304,1
train,31,data_31.csv,persistent_leak,31_41_64,24,41,64,24600,38400,1,0.89283186,1
train,31,data_31.csv,persistent_leak,31_42_65,24,42,65,25200,39000,1,0.89845705,1
train,31,data_31.csv,persistent_leak,31_43_66,24,43,66,25800,39600,1,0.9036599,1
train,31,data_31.csv,persistent_leak,31_44_67,24,44,67,26400,40200,1,0.907882,1
train,31,data_31.csv,persistent_leak,31_45_68,24,45,68,27000,40800,1,0.9105128,1
train,31,data_31.csv,persistent_leak,31_46_69,24,46,69,27600,41400,1,0.9135179,1
train,31,data_31.csv,persistent_leak,31_47_70,24,47,70,28200,42000,1,0.92086005,1
train,31,data_31.csv,persistent_leak,31_48_71,24,48,71,28800,42600,1,0.9237209,1
train,31,data_31.csv,persistent_leak,31_49_72,24,49,72,29400,43200,1,0.9377016,1
train,31,data_31.csv,persistent_leak,31_50_73,24,50,73,30000,43800,1,0.94509155,1
train,31,data_31.csv,persistent_leak,31_51_74,24,51,74,30600,44400,1,0.94587857,1
train,31,data_31.csv,persistent_leak,31_52_75,24,52,75,31200,45000,1,0.9495037,1
train,31,data_31.csv,persistent_leak,31_53_76,24,53,76,31800,45600,1,0.9537412,1
train,31,data_31.csv,persistent_leak,31_54_77,24,54,77,32400,46200,1,0.9591169,1
train,31,data_31.csv,persistent_leak,31_55_78,24,55,78,33000,46800,1,0.9671262,1
train,31,data_31.csv,persistent_leak,31_56_79,24,56,79,33600,47400,1,0.9724311,1
train,31,data_31.csv,persistent_leak,31_57_80,24,57,80,34200,48000,1,0.97455525,1
train,31,data_31.csv,persistent_leak,31_58_81,24,58,81,34800,48600,1,0.97652495,1
train,31,data_31.csv,persistent_leak,31_59_82,24,59,82,35400,49200,1,0.97998995,1
train,31,data_31.csv,persistent_leak,31_60_83,24,60,83,36000,49800,1,0.98294085,1
train,31,data_31.csv,persistent_leak,31_61_84,24,61,84,36600,50400,1,0.9860218,1
train,31,data_31.csv,persistent_leak,31_62_85,24,62,85,37200,51000,1,0.98815817,1
train,31,data_31.csv,persistent_leak,31_63_86,24,63,86,37800,51600,1,0.9894499,1
train,31,data_31.csv,persistent_leak,31_64_87,24,64,87,38400,52200,1,0.98991865,1
train,31,data_31.csv,persistent_leak,31_65_88,24,65,88,39000,52800,1,0.99138606,1
train,31,data_31.csv,persistent_leak,31_66_89,24,66,89,39600,53400,1,0.9927832,1
train,31,data_31.csv,persistent_leak,31_67_90,24,67,90,40200,54000,1,0.99343723,1
train,31,data_31.csv,persistent_leak,31_68_91,24,68,91,40800,54600,1,0.9940698,1
train,31,data_31.csv,persistent_leak,31_69_92,24,69,92,41400,55200,1,0.9947773,1
train,31,data_31.csv,persistent_leak,31_70_93,24,70,93,42000,55800,1,0.99483633,1
train,31,data_31.csv,persistent_leak,31_71_94,24,71,94,42600,56400,1,0.9955539,1
train,31,data_31.csv,persistent_leak,31_72_95,24,72,95,43200,57000,1,0.99605846,1
train,31,data_31.csv,persistent_leak,31_73_96,24,73,96,43800,57600,1,0.9959382,1
train,31,data_31.csv,persistent_leak,31_74_97,24,74,97,44400,58200,1,0.99593973,1
train,31,data_31.csv,persistent_leak,31_75_98,24,75,98,45000,58800,1,0.9962322,1
train,31,data_31.csv,persistent_leak,31_76_99,24,76,99,45600,59400,1,0.9961287,1
train,31,data_31.csv,persistent_leak,31_77_100,24,77,100,46200,60000,1,0.996317,1
train,31,data_31.csv,persistent_leak,31_78_101,24,78,101,46800,60600,1,0.9964037,1
train,31,data_31.csv,persistent_leak,31_79_102,24,79,102,47400,61200,1,0.9962286,1
train,31,data_31.csv,persistent_leak,31_80_103,24,80,103,48000,61800,1,0.99608314,1
train,31,data_31.csv,persistent_leak,31_81_104,24,81,104,48600,62400,1,0.99615663,1
train,31,data_31.csv,persistent_leak,31_82_105,24,82,105,49200,63000,1,0.9960781,1
train,31,data_31.csv,persistent_leak,31_83_106,24,83,106,49800,63600,1,0.99611294,1
train,31,data_31.csv,persistent_leak,31_84_107,24,84,107,50400,64200,1,0.9960473,1
train,31,data_31.csv,persistent_leak,31_85_108,24,85,108,51000,64800,1,0.99568343,1
train,31,data_31.csv,persistent_leak,31_86_109,24,86,109,51600,65400,1,0.9954158,1
train,31,data_31.csv,persistent_leak,31_87_110,24,87,110,52200,66000,1,0.99530137,1
train,31,data_31.csv,persistent_leak,31_88_111,24,88,111,52800,66600,1,0.9952348,1
train,31,data_31.csv,persistent_leak,31_89_112,24,89,112,53400,67200,1,0.99502015,1
train,31,data_31.csv,persistent_leak,31_90_113,24,90,113,54000,67800,1,0.99468106,1
train,31,data_31.csv,persistent_leak,31_91_114,24,91,114,54600,68400,1,0.9941929,1
train,31,data_31.csv,persistent_leak,31_92_115,24,92,115,55200,69000,1,0.99375904,1
train,31,data_31.csv,persistent_leak,31_93_116,24,93,116,55800,69600,1,0.9934769,1
train,31,data_31.csv,persistent_leak,31_94_117,24,94,117,56400,70200,1,0.9933181,1
train,31,data_31.csv,persistent_leak,31_95_118,24,95,118,57000,70800,1,0.99275017,1
train,31,data_31.csv,persistent_leak,31_96_119,24,96,119,57600,71400,1,0.99222165,1
train,31,data_31.csv,persistent_leak,31_97_120,24,97,120,58200,72000,1,0.9907189,1
train,31,data_31.csv,persistent_leak,31_98_121,24,98,121,58800,72600,1,0.9895196,1
train,31,data_31.csv,persistent_leak,31_99_122,24,99,122,59400,73200,1,0.98910064,1
train,31,data_31.csv,persistent_leak,31_100_123,24,100,123,60000,73800,1,0.9886057,1
train,31,data_31.csv,persistent_leak,31_101_124,24,101,124,60600,74400,1,0.9873864,1
train,31,data_31.csv,persistent_leak,31_102_125,24,102,125,61200,75000,1,0.9856946,1
train,31,data_31.csv,persistent_leak,31_103_126,24,103,126,61800,75600,1,0.9806209,1
train,31,data_31.csv,persistent_leak,31_104_127,24,104,127,62400,76200,1,0.97564834,1
train,31,data_31.csv,persistent_leak,31_105_128,24,105,128,63000,76800,1,0.9743265,1
train,31,data_31.csv,persistent_leak,31_106_129,24,106,129,63600,77400,1,0.9718693,1
train,31,data_31.csv,persistent_leak,31_107_130,24,107,130,64200,78000,1,0.9664411,1
train,31,data_31.csv,persistent_leak,31_108_131,24,108,131,64800,78600,1,0.9585677,1
train,31,data_31.csv,persistent_leak,31_109_132,24,109,132,65400,79200,1,0.94536614,1
train,31,data_31.csv,persistent_leak,31_110_133,24,110,133,66000,79800,1,0.93108755,1
train,31,data_31.csv,persistent_leak,31_111_134,24,111,134,66600,80400,1,0.9257802,1
train,31,data_31.csv,persistent_leak,31_112_135,24,112,135,67200,81000,1,0.9196953,1
train,31,data_31.csv,persistent_leak,31_113_136,24,113,136,67800,81600,1,0.9047439,1
train,31,data_31.csv,persistent_leak,31_114_137,24,114,137,68400,82200,1,0.88450116,1
train,31,data_31.csv,persistent_leak,31_115_138,24,115,138,69000,82800,1,0.85762066,1
train,31,data_31.csv,persistent_leak,31_116_139,24,116,139,69600,83400,1,0.83133703,1
train,31,data_31.csv,persistent_leak,31_117_140,24,117,140,70200,84000,1,0.8162993,1
train,31,data_31.csv,persistent_leak,31_118_141,24,118,141,70800,84600,1,0.8128233,1
train,31,data_31.csv,persistent_leak,31_119_142,24,119,142,71400,85200,1,0.781883,1
train,31,data_31.csv,persistent_leak,31_120_143,24,120,143,72000,85800,1,0.7500914,1
train,31,data_31.csv,persistent_leak,31_121_144,24,121,144,72600,86400,1,0.73199576,1
train,33,data_33.csv,persistent_leak,33_0_23,24,0,23,0,13800,1,0.52405035,1
train,33,data_33.csv,persistent_leak,33_1_24,24,1,24,600,14400,1,0.5211363,1
train,33,data_33.csv,persistent_leak,33_2_25,24,2,25,1200,15000,1,0.52058107,1
train,33,data_33.csv,persistent_leak,33_3_26,24,3,26,1800,15600,1,0.5198407,1
train,33,data_33.csv,persistent_leak,33_4_27,24,4,27,2400,16200,1,0.5188643,1
train,33,data_33.csv,persistent_leak,33_5_28,24,5,28,3000,16800,1,0.5163834,1
train,33,data_33.csv,persistent_leak,33_6_29,24,6,29,3600,17400,1,0.5131837,1
train,33,data_33.csv,persistent_leak,33_7_30,24,7,30,4200,18000,1,0.51238626,1
train,33,data_33.csv,persistent_leak,33_8_31,24,8,31,4800,18600,1,0.5104106,1
train,33,data_33.csv,persistent_leak,33_9_32,24,9,32,5400,19200,1,0.5085964,1
train,33,data_33.csv,persistent_leak,33_10_33,24,10,33,6000,19800,1,0.5052356,1
train,33,data_33.csv,persistent_leak,33_11_34,24,11,34,6600,20400,1,0.50214404,1
train,33,data_33.csv,persistent_leak,33_12_35,24,12,35,7200,21000,1,0.49860725,1
train,33,data_33.csv,persistent_leak,33_13_36,24,13,36,7800,21600,1,0.49792346,1
train,33,data_33.csv,persistent_leak,33_14_37,24,14,37,8400,22200,1,0.49285588,1
train,33,data_33.csv,persistent_leak,33_15_38,24,15,38,9000,22800,1,0.48877496,1
train,33,data_33.csv,persistent_leak,33_16_39,24,16,39,9600,23400,1,0.48359108,1
train,33,data_33.csv,persistent_leak,33_17_40,24,17,40,10200,24000,1,0.48179445,1
train,33,data_33.csv,persistent_leak,33_18_41,24,18,41,10800,24600,1,0.47943538,1
train,33,data_33.csv,persistent_leak,33_19_42,24,19,42,11400,25200,1,0.48039052,1
train,33,data_33.csv,persistent_leak,33_20_43,24,20,43,12000,25800,1,0.47485587,1
train,33,data_33.csv,persistent_leak,33_21_44,24,21,44,12600,26400,1,0.47144133,1
train,33,data_33.csv,persistent_leak,33_22_45,24,22,45,13200,27000,1,0.46788698,1
train,33,data_33.csv,persistent_leak,33_23_46,24,23,46,13800,27600,1,0.4684832,1
train,33,data_33.csv,persistent_leak,33_24_47,24,24,47,14400,28200,1,0.4683051,1
train,33,data_33.csv,persistent_leak,33_25_48,24,25,48,15000,28800,1,0.47526178,1
train,33,data_33.csv,persistent_leak,33_26_49,24,26,49,15600,29400,1,0.47621495,1
train,33,data_33.csv,persistent_leak,33_27_50,24,27,50,16200,30000,1,0.477178,1
train,33,data_33.csv,persistent_leak,33_28_51,24,28,51,16800,30600,1,0.48026016,1
train,33,data_33.csv,persistent_leak,33_29_52,24,29,52,17400,31200,1,0.48558167,1
train,33,data_33.csv,persistent_leak,33_30_53,24,30,53,18000,31800,1,0.49436054,1
train,33,data_33.csv,persistent_leak,33_31_54,24,31,54,18600,32400,1,0.5356893,1
train,33,data_33.csv,persistent_leak,33_32_55,24,32,55,19200,33000,1,0.5583484,1
train,33,data_33.csv,persistent_leak,33_33_56,24,33,56,19800,33600,1,0.5775715,1
train,33,data_33.csv,persistent_leak,33_34_57,24,34,57,20400,34200,1,0.59307575,1
train,33,data_33.csv,persistent_leak,33_35_58,24,35,58,21000,34800,1,0.6229335,1
train,33,data_33.csv,persistent_leak,33_36_59,24,36,59,21600,35400,1,0.65515035,1
train,33,data_33.csv,persistent_leak,33_37_60,24,37,60,22200,36000,1,0.72160155,1
train,33,data_33.csv,persistent_leak,33_38_61,24,38,61,22800,36600,1,0.75713325,1
train,33,data_33.csv,persistent_leak,33_39_62,24,39,62,23400,37200,1,0.7769756,1
train,33,data_33.csv,persistent_leak,33_40_63,24,40,63,24000,37800,1,0.79465544,1
train,33,data_33.csv,persistent_leak,33_41_64,24,41,64,24600,38400,1,0.8284567,1
train,33,data_33.csv,persistent_leak,33_42_65,24,42,65,25200,39000,1,0.8571363,1
train,33,data_33.csv,persistent_leak,33_43_66,24,43,66,25800,39600,1,0.88625824,1
train,33,data_33.csv,persistent_leak,33_44_67,24,44,67,26400,40200,1,0.90694165,1
train,33,data_33.csv,persistent_leak,33_45_68,24,45,68,27000,40800,1,0.9171029,1
train,33,data_33.csv,persistent_leak,33_46_69,24,46,69,27600,41400,1,0.9234353,1
train,33,data_33.csv,persistent_leak,33_47_70,24,47,70,28200,42000,1,0.93749994,1
train,33,data_33.csv,persistent_leak,33_48_71,24,48,71,28800,42600,1,0.94902754,1
train,33,data_33.csv,persistent_leak,33_49_72,24,49,72,29400,43200,1,0.9567786,1
train,33,data_33.csv,persistent_leak,33_50_73,24,50,73,30000,43800,1,0.9627955,1
train,33,data_33.csv,persistent_leak,33_51_74,24,51,74,30600,44400,1,0.9678017,1
train,33,data_33.csv,persistent_leak,33_52_75,24,52,75,31200,45000,1,0.96880174,1
train,33,data_33.csv,persistent_leak,33_53_76,24,53,76,31800,45600,1,0.97397625,1
train,33,data_33.csv,persistent_leak,33_54_77,24,54,77,32400,46200,1,0.9782073,1
train,33,data_33.csv,persistent_leak,33_55_78,24,55,78,33000,46800,1,0.98032445,1
train,33,data_33.csv,persistent_leak,33_56_79,24,56,79,33600,47400,1,0.98211306,1
train,33,data_33.csv,persistent_leak,33_57_80,24,57,80,34200,48000,1,0.98437226,1
train,33,data_33.csv,persistent_leak,33_58_81,24,58,81,34800,48600,1,0.9844637,1
train,33,data_33.csv,persistent_leak,33_59_82,24,59,82,35400,49200,1,0.9867756,1
train,33,data_33.csv,persistent_leak,33_60_83,24,60,83,36000,49800,1,0.9884066,1
train,33,data_33.csv,persistent_leak,33_61_84,24,61,84,36600,50400,1,0.9889221,1
train,33,data_33.csv,persistent_leak,33_62_85,24,62,85,37200,51000,1,0.98943454,1
train,33,data_33.csv,persistent_leak,33_63_86,24,63,86,37800,51600,1,0.99018294,1
train,33,data_33.csv,persistent_leak,33_64_87,24,64,87,38400,52200,1,0.9902762,1
train,33,data_33.csv,persistent_leak,33_65_88,24,65,88,39000,52800,1,0.99115306,1
train,33,data_33.csv,persistent_leak,33_66_89,24,66,89,39600,53400,1,0.9916722,1
train,33,data_33.csv,persistent_leak,33_67_90,24,67,90,40200,54000,1,0.9915366,1
train,33,data_33.csv,persistent_leak,33_68_91,24,68,91,40800,54600,1,0.9915193,1
train,33,data_33.csv,persistent_leak,33_69_92,24,69,92,41400,55200,1,0.9917209,1
train,33,data_33.csv,persistent_leak,33_70_93,24,70,93,42000,55800,1,0.99164116,1
train,33,data_33.csv,persistent_leak,33_71_94,24,71,94,42600,56400,1,0.99177307,1
train,33,data_33.csv,persistent_leak,33_72_95,24,72,95,43200,57000,1,0.9918047,1
train,33,data_33.csv,persistent_leak,33_73_96,24,73,96,43800,57600,1,0.991366,1
train,33,data_33.csv,persistent_leak,33_74_97,24,74,97,44400,58200,1,0.99106383,1
train,33,data_33.csv,persistent_leak,33_75_98,24,75,98,45000,58800,1,0.991078,1
train,33,data_33.csv,persistent_leak,33_76_99,24,76,99,45600,59400,1,0.99088377,1
train,33,data_33.csv,persistent_leak,33_77_100,24,77,100,46200,60000,1,0.99074006,1
train,33,data_33.csv,persistent_leak,33_78_101,24,78,101,46800,60600,1,0.99049115,1
train,33,data_33.csv,persistent_leak,33_79_102,24,79,102,47400,61200,1,0.9903356,1
train,33,data_33.csv,persistent_leak,33_80_103,24,80,103,48000,61800,1,0.99015737,1
train,33,data_33.csv,persistent_leak,33_81_104,24,81,104,48600,62400,1,0.9900422,1
train,33,data_33.csv,persistent_leak,33_82_105,24,82,105,49200,63000,1,0.9900294,1
train,33,data_33.csv,persistent_leak,33_83_106,24,83,106,49800,63600,1,0.9899121,1
train,33,data_33.csv,persistent_leak,33_84_107,24,84,107,50400,64200,1,0.98977786,1
train,33,data_33.csv,persistent_leak,33_85_108,24,85,108,51000,64800,1,0.9899248,1
train,33,data_33.csv,persistent_leak,33_86_109,24,86,109,51600,65400,1,0.9899873,1
train,33,data_33.csv,persistent_leak,33_87_110,24,87,110,52200,66000,1,0.9897938,1
train,33,data_33.csv,persistent_leak,33_88_111,24,88,111,52800,66600,1,0.9899386,1
train,33,data_33.csv,persistent_leak,33_89_112,24,89,112,53400,67200,1,0.98992234,1
train,33,data_33.csv,persistent_leak,33_90_113,24,90,113,54000,67800,1,0.98989654,1
train,33,data_33.csv,persistent_leak,33_91_114,24,91,114,54600,68400,1,0.98757255,1
train,33,data_33.csv,persistent_leak,33_92_115,24,92,115,55200,69000,1,0.986043,1
train,33,data_33.csv,persistent_leak,33_93_116,24,93,116,55800,69600,1,0.9857145,1
train,33,data_33.csv,persistent_leak,33_94_117,24,94,117,56400,70200,1,0.9849473,1
train,33,data_33.csv,persistent_leak,33_95_118,24,95,118,57000,70800,1,0.9834215,1
train,33,data_33.csv,persistent_leak,33_96_119,24,96,119,57600,71400,1,0.9813603,1
train,33,data_33.csv,persistent_leak,33_97_120,24,97,120,58200,72000,1,0.9756149,1
train,33,data_33.csv,persistent_leak,33_98_121,24,98,121,58800,72600,1,0.96983755,1
train,33,data_33.csv,persistent_leak,33_99_122,24,99,122,59400,73200,1,0.9691886,1
train,33,data_33.csv,persistent_leak,33_100_123,24,100,123,60000,73800,1,0.96601796,1
train,33,data_33.csv,persistent_leak,33_101_124,24,101,124,60600,74400,1,0.96086115,1
train,33,data_33.csv,persistent_leak,33_102_125,24,102,125,61200,75000,1,0.9536248,1
train,33,data_33.csv,persistent_leak,33_103_126,24,103,126,61800,75600,1,0.9444227,1
train,33,data_33.csv,persistent_leak,33_104_127,24,104,127,62400,76200,1,0.9346831,1
train,33,data_33.csv,persistent_leak,33_105_128,24,105,128,63000,76800,1,0.92974925,1
train,33,data_33.csv,persistent_leak,33_106_129,24,106,129,63600,77400,1,0.92745274,1
train,33,data_33.csv,persistent_leak,33_107_130,24,107,130,64200,78000,1,0.9203008,1
train,33,data_33.csv,persistent_leak,33_108_131,24,108,131,64800,78600,1,0.9086823,1
train,33,data_33.csv,persistent_leak,33_109_132,24,109,132,65400,79200,1,0.8924388,1
train,33,data_33.csv,persistent_leak,33_110_133,24,110,133,66000,79800,1,0.87521255,1
train,33,data_33.csv,persistent_leak,33_111_134,24,111,134,66600,80400,1,0.8613196,1
train,33,data_33.csv,persistent_leak,33_112_135,24,112,135,67200,81000,1,0.8579367,1
train,33,data_33.csv,persistent_leak,33_113_136,24,113,136,67800,81600,1,0.834599,1
train,33,data_33.csv,persistent_leak,33_114_137,24,114,137,68400,82200,1,0.8080287,1
train,33,data_33.csv,persistent_leak,33_115_138,24,115,138,69000,82800,1,0.7854977,1
train,33,data_33.csv,persistent_leak,33_116_139,24,116,139,69600,83400,1,0.76249045,1
train,33,data_33.csv,persistent_leak,33_117_140,24,117,140,70200,84000,1,0.7450831,1
train,33,data_33.csv,persistent_leak,33_118_141,24,118,141,70800,84600,1,0.7364786,1
train,33,data_33.csv,persistent_leak,33_119_142,24,119,142,71400,85200,1,0.69814986,1
train,33,data_33.csv,persistent_leak,33_120_143,24,120,143,72000,85800,1,0.6686336,1
train,33,data_33.csv,persistent_leak,33_121_144,24,121,144,72600,86400,1,0.66061187,1
train,35,data_35.csv,persistent_leak,35_0_23,24,0,23,0,13800,1,0.46864972,1
train,35,data_35.csv,persistent_leak,35_1_24,24,1,24,600,14400,1,0.47010446,1
train,35,data_35.csv,persistent_leak,35_2_25,24,2,25,1200,15000,1,0.4635552,1
train,35,data_35.csv,persistent_leak,35_3_26,24,3,26,1800,15600,1,0.4658195,1
train,35,data_35.csv,persistent_leak,35_4_27,24,4,27,2400,16200,1,0.4600883,1
train,35,data_35.csv,persistent_leak,35_5_28,24,5,28,3000,16800,1,0.46865407,1
train,35,data_35.csv,persistent_leak,35_6_29,24,6,29,3600,17400,1,0.4771246,1
train,35,data_35.csv,persistent_leak,35_7_30,24,7,30,4200,18000,1,0.50859874,1
train,35,data_35.csv,persistent_leak,35_8_31,24,8,31,4800,18600,1,0.52311707,1
train,35,data_35.csv,persistent_leak,35_9_32,24,9,32,5400,19200,1,0.5336351,1
train,35,data_35.csv,persistent_leak,35_10_33,24,10,33,6000,19800,1,0.5527614,1
train,35,data_35.csv,persistent_leak,35_11_34,24,11,34,6600,20400,1,0.59531516,1
train,35,data_35.csv,persistent_leak,35_12_35,24,12,35,7200,21000,1,0.6371091,1
train,35,data_35.csv,persistent_leak,35_13_36,24,13,36,7800,21600,1,0.6911678,1
train,35,data_35.csv,persistent_leak,35_14_37,24,14,37,8400,22200,1,0.71898055,1
train,35,data_35.csv,persistent_leak,35_15_38,24,15,38,9000,22800,1,0.7385666,1
train,35,data_35.csv,persistent_leak,35_16_39,24,16,39,9600,23400,1,0.7459719,1
train,35,data_35.csv,persistent_leak,35_17_40,24,17,40,10200,24000,1,0.7712059,1
train,35,data_35.csv,persistent_leak,35_18_41,24,18,41,10800,24600,1,0.79721075,1
train,35,data_35.csv,persistent_leak,35_19_42,24,19,42,11400,25200,1,0.82328016,1
train,35,data_35.csv,persistent_leak,35_20_43,24,20,43,12000,25800,1,0.8418533,1
train,35,data_35.csv,persistent_leak,35_21_44,24,21,44,12600,26400,1,0.85739696,1
train,35,data_35.csv,persistent_leak,35_22_45,24,22,45,13200,27000,1,0.86217374,1
train,35,data_35.csv,persistent_leak,35_23_46,24,23,46,13800,27600,1,0.8824291,1
train,35,data_35.csv,persistent_leak,35_24_47,24,24,47,14400,28200,1,0.89881885,1
train,35,data_35.csv,persistent_leak,35_25_48,24,25,48,15000,28800,1,0.91655344,1
train,35,data_35.csv,persistent_leak,35_26_49,24,26,49,15600,29400,1,0.92780614,1
train,35,data_35.csv,persistent_leak,35_27_50,24,27,50,16200,30000,1,0.9350518,1
train,35,data_35.csv,persistent_leak,35_28_51,24,28,51,16800,30600,1,0.9386835,1
train,35,data_35.csv,persistent_leak,35_29_52,24,29,52,17400,31200,1,0.94921243,1
train,35,data_35.csv,persistent_leak,35_30_53,24,30,53,18000,31800,1,0.9570813,1
train,35,data_35.csv,persistent_leak,35_31_54,24,31,54,18600,32400,1,0.9539436,1
train,35,data_35.csv,persistent_leak,35_32_55,24,32,55,19200,33000,1,0.9542311,1
train,35,data_35.csv,persistent_leak,35_33_56,24,33,56,19800,33600,1,0.9570329,1
train,35,data_35.csv,persistent_leak,35_34_57,24,34,57,20400,34200,1,0.9560675,1
train,35,data_35.csv,persistent_leak,35_35_58,24,35,58,21000,34800,1,0.9574549,1
train,35,data_35.csv,persistent_leak,35_36_59,24,36,59,21600,35400,1,0.9571147,1
train,35,data_35.csv,persistent_leak,35_37_60,24,37,60,22200,36000,1,0.95675,1
train,35,data_35.csv,persistent_leak,35_38_61,24,38,61,22800,36600,1,0.95544213,1
train,35,data_35.csv,persistent_leak,35_39_62,24,39,62,23400,37200,1,0.9571374,1
train,35,data_35.csv,persistent_leak,35_40_63,24,40,63,24000,37800,1,0.95562804,1
train,35,data_35.csv,persistent_leak,35_41_64,24,41,64,24600,38400,1,0.95578355,1
train,35,data_35.csv,persistent_leak,35_42_65,24,42,65,25200,39000,1,0.9569102,1
train,35,data_35.csv,persistent_leak,35_43_66,24,43,66,25800,39600,1,0.9572684,1
train,35,data_35.csv,persistent_leak,35_44_67,24,44,67,26400,40200,1,0.95776194,1
train,35,data_35.csv,persistent_leak,35_45_68,24,45,68,27000,40800,1,0.9580167,1
train,35,data_35.csv,persistent_leak,35_46_69,24,46,69,27600,41400,1,0.9594866,1
train,35,data_35.csv,persistent_leak,35_47_70,24,47,70,28200,42000,1,0.96200174,1
train,35,data_35.csv,persistent_leak,35_48_71,24,48,71,28800,42600,1,0.9619051,1
train,35,data_35.csv,persistent_leak,35_49_72,24,49,72,29400,43200,1,0.96777934,1
train,35,data_35.csv,persistent_leak,35_50_73,24,50,73,30000,43800,1,0.9708217,1
train,35,data_35.csv,persistent_leak,35_51_74,24,51,74,30600,44400,1,0.9701561,1
train,35,data_35.csv,persistent_leak,35_52_75,24,52,75,31200,45000,1,0.9719793,1
train,35,data_35.csv,persistent_leak,35_53_76,24,53,76,31800,45600,1,0.9731294,1
train,35,data_35.csv,persistent_leak,35_54_77,24,54,77,32400,46200,1,0.9754557,1
train,35,data_35.csv,persistent_leak,35_55_78,24,55,78,33000,46800,1,0.9793174,1
train,35,data_35.csv,persistent_leak,35_56_79,24,56,79,33600,47400,1,0.98205227,1
train,35,data_35.csv,persistent_leak,35_57_80,24,57,80,34200,48000,1,0.9830415,1
train,35,data_35.csv,persistent_leak,35_58_81,24,58,81,34800,48600,1,0.9841616,1
train,35,data_35.csv,persistent_leak,35_59_82,24,59,82,35400,49200,1,0.98593456,1
train,35,data_35.csv,persistent_leak,35_60_83,24,60,83,36000,49800,1,0.987507,1
train,35,data_35.csv,persistent_leak,35_61_84,24,61,84,36600,50400,1,0.989532,1
train,35,data_35.csv,persistent_leak,35_62_85,24,62,85,37200,51000,1,0.990908,1
train,35,data_35.csv,persistent_leak,35_63_86,24,63,86,37800,51600,1,0.99173874,1
train,35,data_35.csv,persistent_leak,35_64_87,24,64,87,38400,52200,1,0.9920306,1
train,35,data_35.csv,persistent_leak,35_65_88,24,65,88,39000,52800,1,0.9929811,1
train,35,data_35.csv,persistent_leak,35_66_89,24,66,89,39600,53400,1,0.99399275,1
train,35,data_35.csv,persistent_leak,35_67_90,24,67,90,40200,54000,1,0.9946051,1
train,35,data_35.csv,persistent_leak,35_68_91,24,68,91,40800,54600,1,0.99513596,1
train,35,data_35.csv,persistent_leak,35_69_92,24,69,92,41400,55200,1,0.99566156,1
train,35,data_35.csv,persistent_leak,35_70_93,24,70,93,42000,55800,1,0.99576735,1
train,35,data_35.csv,persistent_leak,35_71_94,24,71,94,42600,56400,1,0.99635506,1
train,35,data_35.csv,persistent_leak,35_72_95,24,72,95,43200,57000,1,0.99675685,1
train,35,data_35.csv,persistent_leak,35_73_96,24,73,96,43800,57600,1,0.9969406,1
train,35,data_35.csv,persistent_leak,35_74_97,24,74,97,44400,58200,1,0.99709964,1
train,35,data_35.csv,persistent_leak,35_75_98,24,75,98,45000,58800,1,0.9973042,1
train,35,data_35.csv,persistent_leak,35_76_99,24,76,99,45600,59400,1,0.9973156,1
train,35,data_35.csv,persistent_leak,35_77_100,24,77,100,46200,60000,1,0.99752504,1
train,35,data_35.csv,persistent_leak,35_78_101,24,78,101,46800,60600,1,0.99769187,1
train,35,data_35.csv,persistent_leak,35_79_102,24,79,102,47400,61200,1,0.99804294,1
train,35,data_35.csv,persistent_leak,35_80_103,24,80,103,48000,61800,1,0.9982376,1
train,35,data_35.csv,persistent_leak,35_81_104,24,81,104,48600,62400,1,0.9983399,1
train,35,data_35.csv,persistent_leak,35_82_105,24,82,105,49200,63000,1,0.99841094,1
train,35,data_35.csv,persistent_leak,35_83_106,24,83,106,49800,63600,1,0.9985892,1
train,35,data_35.csv,persistent_leak,35_84_107,24,84,107,50400,64200,1,0.9987469,1
train,35,data_35.csv,persistent_leak,35_85_108,24,85,108,51000,64800,1,0.9988237,1
train,35,data_35.csv,persistent_leak,35_86_109,24,86,109,51600,65400,1,0.99890625,1
train,35,data_35.csv,persistent_leak,35_87_110,24,87,110,52200,66000,1,0.99895525,1
train,35,data_35.csv,persistent_leak,35_88_111,24,88,111,52800,66600,1,0.99898905,1
train,35,data_35.csv,persistent_leak,35_89_112,24,89,112,53400,67200,1,0.99906665,1
train,35,data_35.csv,persistent_leak,35_90_113,24,90,113,54000,67800,1,0.9991122,1
train,35,data_35.csv,persistent_leak,35_91_114,24,91,114,54600,68400,1,0.9990669,1
train,35,data_35.csv,persistent_leak,35_92_115,24,92,115,55200,69000,1,0.99904805,1
train,35,data_35.csv,persistent_leak,35_93_116,24,93,116,55800,69600,1,0.9990815,1
train,35,data_35.csv,persistent_leak,35_94_117,24,94,117,56400,70200,1,0.99904543,1
train,35,data_35.csv,persistent_leak,35_95_118,24,95,118,57000,70800,1,0.99903,1
train,35,data_35.csv,persistent_leak,35_96_119,24,96,119,57600,71400,1,0.9990295,1
train,35,data_35.csv,persistent_leak,35_97_120,24,97,120,58200,72000,1,0.99875784,1
train,35,data_35.csv,persistent_leak,35_98_121,24,98,121,58800,72600,1,0.9985536,1
train,35,data_35.csv,persistent_leak,35_99_122,24,99,122,59400,73200,1,0.99857855,1
train,35,data_35.csv,persistent_leak,35_100_123,24,100,123,60000,73800,1,0.9984856,1
train,35,data_35.csv,persistent_leak,35_101_124,24,101,124,60600,74400,1,0.9983967,1
train,35,data_35.csv,persistent_leak,35_102_125,24,102,125,61200,75000,1,0.9981584,1
train,35,data_35.csv,persistent_leak,35_103_126,24,103,126,61800,75600,1,0.99712116,1
train,35,data_35.csv,persistent_leak,35_104_127,24,104,127,62400,76200,1,0.9959765,1
train,35,data_35.csv,persistent_leak,35_105_128,24,105,128,63000,76800,1,0.9957355,1
train,35,data_35.csv,persistent_leak,35_106_129,24,106,129,63600,77400,1,0.9951534,1
train,35,data_35.csv,persistent_leak,35_107_130,24,107,130,64200,78000,1,0.9939143,1
train,35,data_35.csv,persistent_leak,35_108_131,24,108,131,64800,78600,1,0.9916644,1
train,35,data_35.csv,persistent_leak,35_109_132,24,109,132,65400,79200,1,0.987129,1
train,35,data_35.csv,persistent_leak,35_110_133,24,110,133,66000,79800,1,0.98145366,1
train,35,data_35.csv,persistent_leak,35_111_134,24,111,134,66600,80400,1,0.97883534,1
train,35,data_35.csv,persistent_leak,35_112_135,24,112,135,67200,81000,1,0.97624403,1
train,35,data_35.csv,persistent_leak,35_113_136,24,113,136,67800,81600,1,0.9687648,1
train,35,data_35.csv,persistent_leak,35_114_137,24,114,137,68400,82200,1,0.9570669,1
train,35,data_35.csv,persistent_leak,35_115_138,24,115,138,69000,82800,1,0.9389487,1
train,35,data_35.csv,persistent_leak,35_116_139,24,116,139,69600,83400,1,0.917574,1
train,35,data_35.csv,persistent_leak,35_117_140,24,117,140,70200,84000,1,0.90463644,1
train,35,data_35.csv,persistent_leak,35_118_141,24,118,141,70800,84600,1,0.90121615,1
train,35,data_35.csv,persistent_leak,35_119_142,24,119,142,71400,85200,1,0.8712248,1
train,35,data_35.csv,persistent_leak,35_120_143,24,120,143,72000,85800,1,0.83660764,1
train,35,data_35.csv,persistent_leak,35_121_144,24,121,144,72600,86400,1,0.8129402,1
train,36,data_36.csv,onset_leak,36_0_23,24,0,23,0,13800,0,0.29080874,0
train,36,data_36.csv,onset_leak,36_1_24,24,1,24,600,14400,0,0.2807514,0
train,36,data_36.csv,onset_leak,36_2_25,24,2,25,1200,15000,0,0.26873338,0
train,36,data_36.csv,onset_leak,36_3_26,24,3,26,1800,15600,0,0.2533449,0
train,36,data_36.csv,onset_leak,36_4_27,24,4,27,2400,16200,0,0.23767285,0
train,36,data_36.csv,onset_leak,36_5_28,24,5,28,3000,16800,0,0.22892146,0
train,36,data_36.csv,onset_leak,36_6_29,24,6,29,3600,17400,0,0.21858722,0
train,36,data_36.csv,onset_leak,36_7_30,24,7,30,4200,18000,0,0.21218276,0
train,36,data_36.csv,onset_leak,36_8_31,24,8,31,4800,18600,0,0.20472132,0
train,36,data_36.csv,onset_leak,36_9_32,24,9,32,5400,19200,0,0.20144163,0
train,36,data_36.csv,onset_leak,36_10_33,24,10,33,6000,19800,0,0.19560796,0
train,36,data_36.csv,onset_leak,36_11_34,24,11,34,6600,20400,0,0.19465823,0
train,36,data_36.csv,onset_leak,36_12_35,24,12,35,7200,21000,0,0.19158182,0
train,36,data_36.csv,onset_leak,36_13_36,24,13,36,7800,21600,0,0.1888486,0
train,36,data_36.csv,onset_leak,36_14_37,24,14,37,8400,22200,0,0.18251677,0
train,36,data_36.csv,onset_leak,36_15_38,24,15,38,9000,22800,0,0.18133187,0
train,36,data_36.csv,onset_leak,36_16_39,24,16,39,9600,23400,0,0.1826902,0
train,36,data_36.csv,onset_leak,36_17_40,24,17,40,10200,24000,0,0.18301448,0
train,36,data_36.csv,onset_leak,36_18_41,24,18,41,10800,24600,0,0.18268725,0
train,36,data_36.csv,onset_leak,36_19_42,24,19,42,11400,25200,0,0.18218806,0
train,36,data_36.csv,onset_leak,36_20_43,24,20,43,12000,25800,0,0.18196034,0
train,36,data_36.csv,onset_leak,36_21_44,24,21,44,12600,26400,0,0.18700112,0
train,36,data_36.csv,onset_leak,36_22_45,24,22,45,13200,27000,0,0.19328545,0
train,36,data_36.csv,onset_leak,36_23_46,24,23,46,13800,27600,0,0.20051886,0
train,36,data_36.csv,onset_leak,36_24_47,24,24,47,14400,28200,0,0.20700942,0
train,36,data_36.csv,onset_leak,36_25_48,24,25,48,15000,28800,0,0.20316958,0
train,36,data_36.csv,onset_leak,36_26_49,24,26,49,15600,29400,0,0.19930695,0
train,36,data_36.csv,onset_leak,36_27_50,24,27,50,16200,30000,0,0.20465034,0
train,36,data_36.csv,onset_leak,36_28_51,24,28,51,16800,30600,0,0.2088684,0
train,36,data_36.csv,onset_leak,36_29_52,24,29,52,17400,31200,0,0.21636866,0
train,36,data_36.csv,onset_leak,36_30_53,24,30,53,18000,31800,0,0.22235042,0
train,36,data_36.csv,onset_leak,36_31_54,24,31,54,18600,32400,0,0.22166838,0
train,36,data_36.csv,onset_leak,36_32_55,24,32,55,19200,33000,0,0.21831475,0
train,36,data_36.csv,onset_leak,36_33_56,24,33,56,19800,33600,0,0.22496736,0
train,36,data_36.csv,onset_leak,36_34_57,24,34,57,20400,34200,0,0.23733926,0
train,36,data_36.csv,onset_leak,36_35_58,24,35,58,21000,34800,0,0.24193977,0
train,36,data_36.csv,onset_leak,36_36_59,24,36,59,21600,35400,0,0.24770139,0
train,36,data_36.csv,onset_leak,36_37_60,24,37,60,22200,36000,0,0.2522263,0
train,36,data_36.csv,onset_leak,36_38_61,24,38,61,22800,36600,0,0.26295552,0
train,36,data_36.csv,onset_leak,36_39_62,24,39,62,23400,37200,0,0.27985972,0
train,36,data_36.csv,onset_leak,36_40_63,24,40,63,24000,37800,0,0.30392945,1
train,36,data_36.csv,onset_leak,36_41_64,24,41,64,24600,38400,0,0.31873226,1
train,36,data_36.csv,onset_leak,36_42_65,24,42,65,25200,39000,0,0.33671165,1
train,36,data_36.csv,onset_leak,36_43_66,24,43,66,25800,39600,0,0.35875624,1
train,36,data_36.csv,onset_leak,36_44_67,24,44,67,26400,40200,0,0.38462612,1
train,36,data_36.csv,onset_leak,36_45_68,24,45,68,27000,40800,0,0.40998515,1
train,36,data_36.csv,onset_leak,36_46_69,24,46,69,27600,41400,0,0.4313557,1
train,36,data_36.csv,onset_leak,36_47_70,24,47,70,28200,42000,0,0.49968347,1
train,36,data_36.csv,onset_leak,36_48_71,24,48,71,28800,42600,0,0.5684783,1
train,36,data_36.csv,onset_leak,36_49_72,24,49,72,29400,43200,1,0.76570314,1
train,36,data_36.csv,onset_leak,36_50_73,24,50,73,30000,43800,1,0.8293004,1
train,36,data_36.csv,onset_leak,36_51_74,24,51,74,30600,44400,1,0.8560153,1
train,36,data_36.csv,onset_leak,36_52_75,24,52,75,31200,45000,1,0.8845971,1
train,36,data_36.csv,onset_leak,36_53_76,24,53,76,31800,45600,1,0.92355055,1
train,36,data_36.csv,onset_leak,36_54_77,24,54,77,32400,46200,1,0.9510045,1
train,36,data_36.csv,onset_leak,36_55_78,24,55,78,33000,46800,1,0.9511289,1
train,36,data_36.csv,onset_leak,36_56_79,24,56,79,33600,47400,1,0.9595305,1
train,36,data_36.csv,onset_leak,36_57_80,24,57,80,34200,48000,1,0.96642935,1
train,36,data_36.csv,onset_leak,36_58_81,24,58,81,34800,48600,1,0.967766,1
train,36,data_36.csv,onset_leak,36_59_82,24,59,82,35400,49200,1,0.97378707,1
train,36,data_36.csv,onset_leak,36_60_83,24,60,83,36000,49800,1,0.97711664,1
train,36,data_36.csv,onset_leak,36_61_84,24,61,84,36600,50400,1,0.9742211,1
train,36,data_36.csv,onset_leak,36_62_85,24,62,85,37200,51000,1,0.9716916,1
train,36,data_36.csv,onset_leak,36_63_86,24,63,86,37800,51600,1,0.9756621,1
train,36,data_36.csv,onset_leak,36_64_87,24,64,87,38400,52200,1,0.97187334,1
train,36,data_36.csv,onset_leak,36_65_88,24,65,88,39000,52800,1,0.97277135,1
train,36,data_36.csv,onset_leak,36_66_89,24,66,89,39600,53400,1,0.9749229,1
train,36,data_36.csv,onset_leak,36_67_90,24,67,90,40200,54000,1,0.97026664,1
train,36,data_36.csv,onset_leak,36_68_91,24,68,91,40800,54600,1,0.9662714,1
train,36,data_36.csv,onset_leak,36_69_92,24,69,92,41400,55200,1,0.9688042,1
train,36,data_36.csv,onset_leak,36_70_93,24,70,93,42000,55800,1,0.9690188,1
train,36,data_36.csv,onset_leak,36_71_94,24,71,94,42600,56400,1,0.9726102,1
train,36,data_36.csv,onset_leak,36_72_95,24,72,95,43200,57000,1,0.969899,1
train,36,data_36.csv,onset_leak,36_73_96,24,73,96,43800,57600,1,0.9683696,1
train,36,data_36.csv,onset_leak,36_74_97,24,74,97,44400,58200,1,0.965425,1
train,36,data_36.csv,onset_leak,36_75_98,24,75,98,45000,58800,1,0.9602837,1
train,36,data_36.csv,onset_leak,36_76_99,24,76,99,45600,59400,1,0.96083784,1
train,36,data_36.csv,onset_leak,36_77_100,24,77,100,46200,60000,1,0.95681375,1
train,36,data_36.csv,onset_leak,36_78_101,24,78,101,46800,60600,1,0.9532443,1
train,36,data_36.csv,onset_leak,36_79_102,24,79,102,47400,61200,1,0.95503205,1
train,36,data_36.csv,onset_leak,36_80_103,24,80,103,48000,61800,1,0.95609,1
train,36,data_36.csv,onset_leak,36_81_104,24,81,104,48600,62400,1,0.95189005,1
train,36,data_36.csv,onset_leak,36_82_105,24,82,105,49200,63000,1,0.95351356,1
train,36,data_36.csv,onset_leak,36_83_106,24,83,106,49800,63600,1,0.95134175,1
train,36,data_36.csv,onset_leak,36_84_107,24,84,107,50400,64200,1,0.9507915,1
train,36,data_36.csv,onset_leak,36_85_108,24,85,108,51000,64800,1,0.9596968,1
train,36,data_36.csv,onset_leak,36_86_109,24,86,109,51600,65400,1,0.96464676,1
train,36,data_36.csv,onset_leak,36_87_110,24,87,110,52200,66000,1,0.96558464,1
train,36,data_36.csv,onset_leak,36_88_111,24,88,111,52800,66600,1,0.96755475,1
train,36,data_36.csv,onset_leak,36_89_112,24,89,112,53400,67200,1,0.9699137,1
train,36,data_36.csv,onset_leak,36_90_113,24,90,113,54000,67800,1,0.9735652,1
train,36,data_36.csv,onset_leak,36_91_114,24,91,114,54600,68400,1,0.97314703,1
train,36,data_36.csv,onset_leak,36_92_115,24,92,115,55200,69000,1,0.97422975,1
train,36,data_36.csv,onset_leak,36_93_116,24,93,116,55800,69600,1,0.9761214,1
train,36,data_36.csv,onset_leak,36_94_117,24,94,117,56400,70200,1,0.97599673,1
train,36,data_36.csv,onset_leak,36_95_118,24,95,118,57000,70800,1,0.97750115,1
train,36,data_36.csv,onset_leak,36_96_119,24,96,119,57600,71400,1,0.9781034,1
train,36,data_36.csv,onset_leak,36_97_120,24,97,120,58200,72000,1,0.97491986,1
train,36,data_36.csv,onset_leak,36_98_121,24,98,121,58800,72600,1,0.9727092,1
train,36,data_36.csv,onset_leak,36_99_122,24,99,122,59400,73200,1,0.97383004,1
train,36,data_36.csv,onset_leak,36_100_123,24,100,123,60000,73800,1,0.9719615,1
train,36,data_36.csv,onset_leak,36_101_124,24,101,124,60600,74400,1,0.97123456,1
train,36,data_36.csv,onset_leak,36_102_125,24,102,125,61200,75000,1,0.9702247,1
train,36,data_36.csv,onset_leak,36_103_126,24,103,126,61800,75600,1,0.97100407,1
train,36,data_36.csv,onset_leak,36_104_127,24,104,127,62400,76200,1,0.97064495,1
train,36,data_36.csv,onset_leak,36_105_128,24,105,128,63000,76800,1,0.9706534,1
train,36,data_36.csv,onset_leak,36_106_129,24,106,129,63600,77400,1,0.9711745,1
train,36,data_36.csv,onset_leak,36_107_130,24,107,130,64200,78000,1,0.972554,1
train,36,data_36.csv,onset_leak,36_108_131,24,108,131,64800,78600,1,0.9731799,1
train,36,data_36.csv,onset_leak,36_109_132,24,109,132,65400,79200,1,0.96852756,1
train,36,data_36.csv,onset_leak,36_110_133,24,110,133,66000,79800,1,0.96589714,1
train,36,data_36.csv,onset_leak,36_111_134,24,111,134,66600,80400,1,0.96355116,1
train,36,data_36.csv,onset_leak,36_112_135,24,112,135,67200,81000,1,0.96332866,1
train,36,data_36.csv,onset_leak,36_113_136,24,113,136,67800,81600,1,0.9598914,1
train,36,data_36.csv,onset_leak,36_114_137,24,114,137,68400,82200,1,0.95429444,1
train,36,data_36.csv,onset_leak,36_115_138,24,115,138,69000,82800,1,0.94163,1
train,36,data_36.csv,onset_leak,36_116_139,24,116,139,69600,83400,1,0.9291127,1
train,36,data_36.csv,onset_leak,36_117_140,24,117,140,70200,84000,1,0.9264553,1
train,36,data_36.csv,onset_leak,36_118_141,24,118,141,70800,84600,1,0.918419,1
train,36,data_36.csv,onset_leak,36_119_142,24,119,142,71400,85200,1,0.9026204,1
train,36,data_36.csv,onset_leak,36_120_143,24,120,143,72000,85800,1,0.887215,1
train,36,data_36.csv,onset_leak,36_121_144,24,121,144,72600,86400,1,0.8001906,1
train,38,data_38.csv,onset_leak,38_0_23,24,0,23,0,13800,0,0.216557,0
train,38,data_38.csv,onset_leak,38_1_24,24,1,24,600,14400,0,0.215548,0
train,38,data_38.csv,onset_leak,38_2_25,24,2,25,1200,15000,0,0.21411727,0
train,38,data_38.csv,onset_leak,38_3_26,24,3,26,1800,15600,0,0.21358204,0
train,38,data_38.csv,onset_leak,38_4_27,24,4,27,2400,16200,0,0.21290362,0
train,38,data_38.csv,onset_leak,38_5_28,24,5,28,3000,16800,0,0.21300445,0
train,38,data_38.csv,onset_leak,38_6_29,24,6,29,3600,17400,0,0.21262105,0
train,38,data_38.csv,onset_leak,38_7_30,24,7,30,4200,18000,0,0.21159694,0
train,38,data_38.csv,onset_leak,38_8_31,24,8,31,4800,18600,0,0.210083,0
train,38,data_38.csv,onset_leak,38_9_32,24,9,32,5400,19200,0,0.21019462,0
train,38,data_38.csv,onset_leak,38_10_33,24,10,33,6000,19800,0,0.21028866,0
train,38,data_38.csv,onset_leak,38_11_34,24,11,34,6600,20400,0,0.211095,0
train,38,data_38.csv,onset_leak,38_12_35,24,12,35,7200,21000,0,0.2113524,0
train,38,data_38.csv,onset_leak,38_13_36,24,13,36,7800,21600,0,0.21042049,0
train,38,data_38.csv,onset_leak,38_14_37,24,14,37,8400,22200,0,0.20896664,0
train,38,data_38.csv,onset_leak,38_15_38,24,15,38,9000,22800,0,0.20982116,0
train,38,data_38.csv,onset_leak,38_16_39,24,16,39,9600,23400,0,0.21084619,0
train,38,data_38.csv,onset_leak,38_17_40,24,17,40,10200,24000,0,0.21243931,0
train,38,data_38.csv,onset_leak,38_18_41,24,18,41,10800,24600,0,0.21345593,0
train,38,data_38.csv,onset_leak,38_19_42,24,19,42,11400,25200,0,0.21256623,0
train,38,data_38.csv,onset_leak,38_20_43,24,20,43,12000,25800,0,0.21119708,0
train,38,data_38.csv,onset_leak,38_21_44,24,21,44,12600,26400,0,0.21282129,0
train,38,data_38.csv,onset_leak,38_22_45,24,22,45,13200,27000,0,0.21469393,0
train,38,data_38.csv,onset_leak,38_23_46,24,23,46,13800,27600,0,0.21716473,0
train,38,data_38.csv,onset_leak,38_24_47,24,24,47,14400,28200,0,0.2189791,0
train,38,data_38.csv,onset_leak,38_25_48,24,25,48,15000,28800,0,0.21739654,0
train,38,data_38.csv,onset_leak,38_26_49,24,26,49,15600,29400,0,0.21532664,0
train,38,data_38.csv,onset_leak,38_27_50,24,27,50,16200,30000,0,0.21705985,0
train,38,data_38.csv,onset_leak,38_28_51,24,28,51,16800,30600,0,0.21874857,0
train,38,data_38.csv,onset_leak,38_29_52,24,29,52,17400,31200,0,0.22195871,0
train,38,data_38.csv,onset_leak,38_30_53,24,30,53,18000,31800,0,0.2241171,0
train,38,data_38.csv,onset_leak,38_31_54,24,31,54,18600,32400,0,0.21826437,0
train,38,data_38.csv,onset_leak,38_32_55,24,32,55,19200,33000,0,0.2120723,0
train,38,data_38.csv,onset_leak,38_33_56,24,33,56,19800,33600,0,0.21120028,0
train,38,data_38.csv,onset_leak,38_34_57,24,34,57,20400,34200,0,0.20908053,0
train,38,data_38.csv,onset_leak,38_35_58,24,35,58,21000,34800,0,0.21255796,0
train,38,data_38.csv,onset_leak,38_36_59,24,36,59,21600,35400,0,0.21329696,0
train,38,data_38.csv,onset_leak,38_37_60,24,37,60,22200,36000,0,0.20257449,0
train,38,data_38.csv,onset_leak,38_38_61,24,38,61,22800,36600,0,0.19006835,0
train,38,data_38.csv,onset_leak,38_39_62,24,39,62,23400,37200,0,0.18864031,0
train,38,data_38.csv,onset_leak,38_40_63,24,40,63,24000,37800,0,0.18559873,0
train,38,data_38.csv,onset_leak,38_41_64,24,41,64,24600,38400,0,0.18948282,0
train,38,data_38.csv,onset_leak,38_42_65,24,42,65,25200,39000,0,0.19226505,0
train,38,data_38.csv,onset_leak,38_43_66,24,43,66,25800,39600,0,0.20800161,0
train,38,data_38.csv,onset_leak,38_44_67,24,44,67,26400,40200,0,0.2143593,0
train,38,data_38.csv,onset_leak,38_45_68,24,45,68,27000,40800,0,0.21925938,0
train,38,data_38.csv,onset_leak,38_46_69,24,46,69,27600,41400,0,0.23666073,0
train,38,data_38.csv,onset_leak,38_47_70,24,47,70,28200,42000,0,0.2718803,0
train,38,data_38.csv,onset_leak,38_48_71,24,48,71,28800,42600,0,0.3151356,1
train,38,data_38.csv,onset_leak,38_49_72,24,49,72,29400,43200,1,0.5785466,1
train,38,data_38.csv,onset_leak,38_50_73,24,50,73,30000,43800,1,0.7326819,1
train,38,data_38.csv,onset_leak,38_51_74,24,51,74,30600,44400,1,0.79577756,1
train,38,data_38.csv,onset_leak,38_52_75,24,52,75,31200,45000,1,0.8510626,1
train,38,data_38.csv,onset_leak,38_53_76,24,53,76,31800,45600,1,0.9058763,1
train,38,data_38.csv,onset_leak,38_54_77,24,54,77,32400,46200,1,0.94160515,1
train,38,data_38.csv,onset_leak,38_55_78,24,55,78,33000,46800,1,0.94946414,1
train,38,data_38.csv,onset_leak,38_56_79,24,56,79,33600,47400,1,0.9607657,1
train,38,data_38.csv,onset_leak,38_57_80,24,57,80,34200,48000,1,0.9688954,1
train,38,data_38.csv,onset_leak,38_58_81,24,58,81,34800,48600,1,0.9716661,1
train,38,data_38.csv,onset_leak,38_59_82,24,59,82,35400,49200,1,0.980078,1
train,38,data_38.csv,onset_leak,38_60_83,24,60,83,36000,49800,1,0.98415345,1
train,38,data_38.csv,onset_leak,38_61_84,24,61,84,36600,50400,1,0.9863505,1
train,38,data_38.csv,onset_leak,38_62_85,24,62,85,37200,51000,1,0.9875751,1
train,38,data_38.csv,onset_leak,38_63_86,24,63,86,37800,51600,1,0.98969406,1
train,38,data_38.csv,onset_leak,38_64_87,24,64,87,38400,52200,1,0.9890525,1
train,38,data_38.csv,onset_leak,38_65_88,24,65,88,39000,52800,1,0.9902997,1
train,38,data_38.csv,onset_leak,38_66_89,24,66,89,39600,53400,1,0.99219877,1
train,38,data_38.csv,onset_leak,38_67_90,24,67,90,40200,54000,1,0.99216014,1
train,38,data_38.csv,onset_leak,38_68_91,24,68,91,40800,54600,1,0.9925714,1
train,38,data_38.csv,onset_leak,38_69_92,24,69,92,41400,55200,1,0.9936422,1
train,38,data_38.csv,onset_leak,38_70_93,24,70,93,42000,55800,1,0.9937696,1
train,38,data_38.csv,onset_leak,38_71_94,24,71,94,42600,56400,1,0.99514633,1
train,38,data_38.csv,onset_leak,38_72_95,24,72,95,43200,57000,1,0.99539196,1
train,38,data_38.csv,onset_leak,38_73_96,24,73,96,43800,57600,1,0.995135,1
train,38,data_38.csv,onset_leak,38_74_97,24,74,97,44400,58200,1,0.99493057,1
train,38,data_38.csv,onset_leak,38_75_98,24,75,98,45000,58800,1,0.99481165,1
train,38,data_38.csv,onset_leak,38_76_99,24,76,99,45600,59400,1,0.9947306,1
train,38,data_38.csv,onset_leak,38_77_100,24,77,100,46200,60000,1,0.99448377,1
train,38,data_38.csv,onset_leak,38_78_101,24,78,101,46800,60600,1,0.9942549,1
train,38,data_38.csv,onset_leak,38_79_102,24,79,102,47400,61200,1,0.9942682,1
train,38,data_38.csv,onset_leak,38_80_103,24,80,103,48000,61800,1,0.9942179,1
train,38,data_38.csv,onset_leak,38_81_104,24,81,104,48600,62400,1,0.99411136,1
train,38,data_38.csv,onset_leak,38_82_105,24,82,105,49200,63000,1,0.99412376,1
train,38,data_38.csv,onset_leak,38_83_106,24,83,106,49800,63600,1,0.994038,1
train,38,data_38.csv,onset_leak,38_84_107,24,84,107,50400,64200,1,0.99400866,1
train,38,data_38.csv,onset_leak,38_85_108,24,85,108,51000,64800,1,0.9944759,1
train,38,data_38.csv,onset_leak,38_86_109,24,86,109,51600,65400,1,0.9947489,1
train,38,data_38.csv,onset_leak,38_87_110,24,87,110,52200,66000,1,0.99472564,1
train,38,data_38.csv,onset_leak,38_88_111,24,88,111,52800,66600,1,0.99491227,1
train,38,data_38.csv,onset_leak,38_89_112,24,89,112,53400,67200,1,0.9950924,1
train,38,data_38.csv,onset_leak,38_90_113,24,90,113,54000,67800,1,0.9952872,1
train,38,data_38.csv,onset_leak,38_91_114,24,91,114,54600,68400,1,0.9948144,1
train,38,data_38.csv,onset_leak,38_92_115,24,92,115,55200,69000,1,0.99462837,1
train,38,data_38.csv,onset_leak,38_93_116,24,93,116,55800,69600,1,0.9946238,1
train,38,data_38.csv,onset_leak,38_94_117,24,94,117,56400,70200,1,0.9944945,1
train,38,data_38.csv,onset_leak,38_95_118,24,95,118,57000,70800,1,0.99427795,1
train,38,data_38.csv,onset_leak,38_96_119,24,96,119,57600,71400,1,0.993964,1
train,38,data_38.csv,onset_leak,38_97_120,24,97,120,58200,72000,1,0.99277955,1
train,38,data_38.csv,onset_leak,38_98_121,24,98,121,58800,72600,1,0.9917602,1
train,38,data_38.csv,onset_leak,38_99_122,24,99,122,59400,73200,1,0.9917848,1
train,38,data_38.csv,onset_leak,38_100_123,24,100,123,60000,73800,1,0.9911668,1
train,38,data_38.csv,onset_leak,38_101_124,24,101,124,60600,74400,1,0.99045104,1
train,38,data_38.csv,onset_leak,38_102_125,24,102,125,61200,75000,1,0.98950654,1
train,38,data_38.csv,onset_leak,38_103_126,24,103,126,61800,75600,1,0.9877743,1
train,38,data_38.csv,onset_leak,38_104_127,24,104,127,62400,76200,1,0.9860422,1
train,38,data_38.csv,onset_leak,38_105_128,24,105,128,63000,76800,1,0.9855548,1
train,38,data_38.csv,onset_leak,38_106_129,24,106,129,63600,77400,1,0.9851071,1
train,38,data_38.csv,onset_leak,38_107_130,24,107,130,64200,78000,1,0.9841192,1
train,38,data_38.csv,onset_leak,38_108_131,24,108,131,64800,78600,1,0.98205906,1
train,38,data_38.csv,onset_leak,38_109_132,24,109,132,65400,79200,1,0.97714,1
train,38,data_38.csv,onset_leak,38_110_133,24,110,133,66000,79800,1,0.9725585,1
train,38,data_38.csv,onset_leak,38_111_134,24,111,134,66600,80400,1,0.9698585,1
train,38,data_38.csv,onset_leak,38_112_135,24,112,135,67200,81000,1,0.9683195,1
train,38,data_38.csv,onset_leak,38_113_136,24,113,136,67800,81600,1,0.96251035,1
train,38,data_38.csv,onset_leak,38_114_137,24,114,137,68400,82200,1,0.9546688,1
train,38,data_38.csv,onset_leak,38_115_138,24,115,138,69000,82800,1,0.9400868,1
train,38,data_38.csv,onset_leak,38_116_139,24,116,139,69600,83400,1,0.9247073,1
train,38,data_38.csv,onset_leak,38_117_140,24,117,140,70200,84000,1,0.9183699,1
train,38,data_38.csv,onset_leak,38_118_141,24,118,141,70800,84600,1,0.9114146,1
train,38,data_38.csv,onset_leak,38_119_142,24,119,142,71400,85200,1,0.8904773,1
train,38,data_38.csv,onset_leak,38_120_143,24,120,143,72000,85800,1,0.8670427,1
train,38,data_38.csv,onset_leak,38_121_144,24,121,144,72600,86400,1,0.77182007,1
train,39,data_39.csv,onset_leak,39_0_23,24,0,23,0,13800,0,0.197293,0
train,39,data_39.csv,onset_leak,39_1_24,24,1,24,600,14400,0,0.19721982,0
train,39,data_39.csv,onset_leak,39_2_25,24,2,25,1200,15000,0,0.19698738,0
train,39,data_39.csv,onset_leak,39_3_26,24,3,26,1800,15600,0,0.20056625,0
train,39,data_39.csv,onset_leak,39_4_27,24,4,27,2400,16200,0,0.2048032,0
train,39,data_39.csv,onset_leak,39_5_28,24,5,28,3000,16800,0,0.20902395,0
train,39,data_39.csv,onset_leak,39_6_29,24,6,29,3600,17400,0,0.21288289,0
train,39,data_39.csv,onset_leak,39_7_30,24,7,30,4200,18000,0,0.2111812,0
train,39,data_39.csv,onset_leak,39_8_31,24,8,31,4800,18600,0,0.20941295,0
train,39,data_39.csv,onset_leak,39_9_32,24,9,32,5400,19200,0,0.21205042,0
train,39,data_39.csv,onset_leak,39_10_33,24,10,33,6000,19800,0,0.21442628,0
train,39,data_39.csv,onset_leak,39_11_34,24,11,34,6600,20400,0,0.21884757,0
train,39,data_39.csv,onset_leak,39_12_35,24,12,35,7200,21000,0,0.22207792,0
train,39,data_39.csv,onset_leak,39_13_36,24,13,36,7800,21600,0,0.21779653,0
train,39,data_39.csv,onset_leak,39_14_37,24,14,37,8400,22200,0,0.21263687,0
train,39,data_39.csv,onset_leak,39_15_38,24,15,38,9000,22800,0,0.21430081,0
train,39,data_39.csv,onset_leak,39_16_39,24,16,39,9600,23400,0,0.21551089,0
train,39,data_39.csv,onset_leak,39_17_40,24,17,40,10200,24000,0,0.21969438,0
train,39,data_39.csv,onset_leak,39_18_41,24,18,41,10800,24600,0,0.2222266,0
train,39,data_39.csv,onset_leak,39_19_42,24,19,42,11400,25200,0,0.2201245,0
train,39,data_39.csv,onset_leak,39_20_43,24,20,43,12000,25800,0,0.2154271,0
train,39,data_39.csv,onset_leak,39_21_44,24,21,44,12600,26400,0,0.21992292,0
train,39,data_39.csv,onset_leak,39_22_45,24,22,45,13200,27000,0,0.22724558,0
train,39,data_39.csv,onset_leak,39_23_46,24,23,46,13800,27600,0,0.23298308,0
train,39,data_39.csv,onset_leak,39_24_47,24,24,47,14400,28200,0,0.23714414,0
train,39,data_39.csv,onset_leak,39_25_48,24,25,48,15000,28800,0,0.2401326,0
train,39,data_39.csv,onset_leak,39_26_49,24,26,49,15600,29400,0,0.24668841,0
train,39,data_39.csv,onset_leak,39_27_50,24,27,50,16200,30000,0,0.2595667,0
train,39,data_39.csv,onset_leak,39_28_51,24,28,51,16800,30600,0,0.28035963,0
train,39,data_39.csv,onset_leak,39_29_52,24,29,52,17400,31200,0,0.2910434,0
train,39,data_39.csv,onset_leak,39_30_53,24,30,53,18000,31800,0,0.30418923,1
train,39,data_39.csv,onset_leak,39_31_54,24,31,54,18600,32400,0,0.31042778,1
train,39,data_39.csv,onset_leak,39_32_55,24,32,55,19200,33000,0,0.3250452,1
train,39,data_39.csv,onset_leak,39_33_56,24,33,56,19800,33600,0,0.34379885,1
train,39,data_39.csv,onset_leak,39_34_57,24,34,57,20400,34200,0,0.36611474,1
train,39,data_39.csv,onset_leak,39_35_58,24,35,58,21000,34800,0,0.38291135,1
train,39,data_39.csv,onset_leak,39_36_59,24,36,59,21600,35400,0,0.40059698,1
train,39,data_39.csv,onset_leak,39_37_60,24,37,60,22200,36000,0,0.40311825,1
train,39,data_39.csv,onset_leak,39_38_61,24,38,61,22800,36600,0,0.40611637,1
train,39,data_39.csv,onset_leak,39_39_62,24,39,62,23400,37200,0,0.41618082,1
train,39,data_39.csv,onset_leak,39_40_63,24,40,63,24000,37800,0,0.42309675,1
train,39,data_39.csv,onset_leak,39_41_64,24,41,64,24600,38400,0,0.43370637,1
train,39,data_39.csv,onset_leak,39_42_65,24,42,65,25200,39000,0,0.44257775,1
train,39,data_39.csv,onset_leak,39_43_66,24,43,66,25800,39600,0,0.44328362,1
train,39,data_39.csv,onset_leak,39_44_67,24,44,67,26400,40200,0,0.43884897,1
train,39,data_39.csv,onset_leak,39_45_68,24,45,68,27000,40800,0,0.43751496,1
train,39,data_39.csv,onset_leak,39_46_69,24,46,69,27600,41400,0,0.4390724,1
train,39,data_39.csv,onset_leak,39_47_70,24,47,70,28200,42000,0,0.4394502,1
train,39,data_39.csv,onset_leak,39_48_71,24,48,71,28800,42600,0,0.4403313,1
train,39,data_39.csv,onset_leak,39_49_72,24,49,72,29400,43200,1,0.5162729,1
train,39,data_39.csv,onset_leak,39_50_73,24,50,73,30000,43800,1,0.5825536,1
train,39,data_39.csv,onset_leak,39_51_74,24,51,74,30600,44400,1,0.6183193,1
train,39,data_39.csv,onset_leak,39_52_75,24,52,75,31200,45000,1,0.665747,1
train,39,data_39.csv,onset_leak,39_53_76,24,53,76,31800,45600,1,0.7294537,1
train,39,data_39.csv,onset_leak,39_54_77,24,54,77,32400,46200,1,0.7963875,1
train,39,data_39.csv,onset_leak,39_55_78,24,55,78,33000,46800,1,0.80373734,1
train,39,data_39.csv,onset_leak,39_56_79,24,56,79,33600,47400,1,0.82613224,1
train,39,data_39.csv,onset_leak,39_57_80,24,57,80,34200,48000,1,0.8443342,1
train,39,data_39.csv,onset_leak,39_58_81,24,58,81,34800,48600,1,0.85476124,1
train,39,data_39.csv,onset_leak,39_59_82,24,59,82,35400,49200,1,0.8765115,1
train,39,data_39.csv,onset_leak,39_60_83,24,60,83,36000,49800,1,0.88543034,1
train,39,data_39.csv,onset_leak,39_61_84,24,61,84,36600,50400,1,0.89465755,1
train,39,data_39.csv,onset_leak,39_62_85,24,62,85,37200,51000,1,0.8979887,1
train,39,data_39.csv,onset_leak,39_63_86,24,63,86,37800,51600,1,0.90701586,1
train,39,data_39.csv,onset_leak,39_64_87,24,64,87,38400,52200,1,0.8997956,1
train,39,data_39.csv,onset_leak,39_65_88,24,65,88,39000,52800,1,0.9033748,1
train,39,data_39.csv,onset_leak,39_66_89,24,66,89,39600,53400,1,0.9160667,1
train,39,data_39.csv,onset_leak,39_67_90,24,67,90,40200,54000,1,0.91723585,1
train,39,data_39.csv,onset_leak,39_68_91,24,68,91,40800,54600,1,0.9208192,1
train,39,data_39.csv,onset_leak,39_69_92,24,69,92,41400,55200,1,0.92852205,1
train,39,data_39.csv,onset_leak,39_70_93,24,70,93,42000,55800,1,0.93114364,1
train,39,data_39.csv,onset_leak,39_71_94,24,71,94,42600,56400,1,0.9440612,1
train,39,data_39.csv,onset_leak,39_72_95,24,72,95,43200,57000,1,0.94582725,1
train,39,data_39.csv,onset_leak,39_73_96,24,73,96,43800,57600,1,0.9464781,1
train,39,data_39.csv,onset_leak,39_74_97,24,74,97,44400,58200,1,0.946572,1
train,39,data_39.csv,onset_leak,39_75_98,24,75,98,45000,58800,1,0.94484466,1
train,39,data_39.csv,onset_leak,39_76_99,24,76,99,45600,59400,1,0.9454154,1
train,39,data_39.csv,onset_leak,39_77_100,24,77,100,46200,60000,1,0.9443514,1
train,39,data_39.csv,onset_leak,39_78_101,24,78,101,46800,60600,1,0.9440031,1
train,39,data_39.csv,onset_leak,39_79_102,24,79,102,47400,61200,1,0.94676095,1
train,39,data_39.csv,onset_leak,39_80_103,24,80,103,48000,61800,1,0.9485516,1
train,39,data_39.csv,onset_leak,39_81_104,24,81,104,48600,62400,1,0.948451,1
train,39,data_39.csv,onset_leak,39_82_105,24,82,105,49200,63000,1,0.9494218,1
train,39,data_39.csv,onset_leak,39_83_106,24,83,106,49800,63600,1,0.9501581,1
train,39,data_39.csv,onset_leak,39_84_107,24,84,107,50400,64200,1,0.95146346,1
train,39,data_39.csv,onset_leak,39_85_108,24,85,108,51000,64800,1,0.9541277,1
train,39,data_39.csv,onset_leak,39_86_109,24,86,109,51600,65400,1,0.9560821,1
train,39,data_39.csv,onset_leak,39_87_110,24,87,110,52200,66000,1,0.9570469,1
train,39,data_39.csv,onset_leak,39_88_111,24,88,111,52800,66600,1,0.9577458,1
train,39,data_39.csv,onset_leak,39_89_112,24,89,112,53400,67200,1,0.95934737,1
train,39,data_39.csv,onset_leak,39_90_113,24,90,113,54000,67800,1,0.9610288,1
train,39,data_39.csv,onset_leak,39_91_114,24,91,114,54600,68400,1,0.961771,1
train,39,data_39.csv,onset_leak,39_92_115,24,92,115,55200,69000,1,0.96262515,1
train,39,data_39.csv,onset_leak,39_93_116,24,93,116,55800,69600,1,0.96368253,1
train,39,data_39.csv,onset_leak,39_94_117,24,94,117,56400,70200,1,0.9637499,1
train,39,data_39.csv,onset_leak,39_95_118,24,95,118,57000,70800,1,0.96484727,1
train,39,data_39.csv,onset_leak,39_96_119,24,96,119,57600,71400,1,0.9657435,1
train,39,data_39.csv,onset_leak,39_97_120,24,97,120,58200,72000,1,0.9649993,1
train,39,data_39.csv,onset_leak,39_98_121,24,98,121,58800,72600,1,0.9646734,1
train,39,data_39.csv,onset_leak,39_99_122,24,99,122,59400,73200,1,0.9653284,1
train,39,data_39.csv,onset_leak,39_100_123,24,100,123,60000,73800,1,0.9648631,1
train,39,data_39.csv,onset_leak,39_101_124,24,101,124,60600,74400,1,0.9650777,1
train,39,data_39.csv,onset_leak,39_102_125,24,102,125,61200,75000,1,0.96509945,1
train,39,data_39.csv,onset_leak,39_103_126,24,103,126,61800,75600,1,0.96203685,1
train,39,data_39.csv,onset_leak,39_104_127,24,104,127,62400,76200,1,0.95998913,1
train,39,data_39.csv,onset_leak,39_105_128,24,105,128,63000,76800,1,0.9598846,1
train,39,data_39.csv,onset_leak,39_106_129,24,106,129,63600,77400,1,0.9590477,1
train,39,data_39.csv,onset_leak,39_107_130,24,107,130,64200,78000,1,0.95797056,1
train,39,data_39.csv,onset_leak,39_108_131,24,108,131,64800,78600,1,0.9558235,1
train,39,data_39.csv,onset_leak,39_109_132,24,109,132,65400,79200,1,0.9473838,1
train,39,data_39.csv,onset_leak,39_110_133,24,110,133,66000,79800,1,0.9402844,1
train,39,data_39.csv,onset_leak,39_111_134,24,111,134,66600,80400,1,0.9389406,1
train,39,data_39.csv,onset_leak,39_112_135,24,112,135,67200,81000,1,0.9358661,1
train,39,data_39.csv,onset_leak,39_113_136,24,113,136,67800,81600,1,0.92980844,1
train,39,data_39.csv,onset_leak,39_114_137,24,114,137,68400,82200,1,0.9209515,1
train,39,data_39.csv,onset_leak,39_115_138,24,115,138,69000,82800,1,0.8977762,1
train,39,data_39.csv,onset_leak,39_116_139,24,116,139,69600,83400,1,0.8762715,1
train,39,data_39.csv,onset_leak,39_117_140,24,117,140,70200,84000,1,0.8716857,1
train,39,data_39.csv,onset_leak,39_118_141,24,118,141,70800,84600,1,0.8624598,1
train,39,data_39.csv,onset_leak,39_119_142,24,119,142,71400,85200,1,0.8419797,1
train,39,data_39.csv,onset_leak,39_120_143,24,120,143,72000,85800,1,0.8148775,1
train,39,data_39.csv,onset_leak,39_121_144,24,121,144,72600,86400,1,0.72490716,1
train,43,data_43.csv,persistent_leak,43_0_23,24,0,23,0,13800,1,0.2047984,0
train,43,data_43.csv,persistent_leak,43_1_24,24,1,24,600,14400,1,0.20391524,0
train,43,data_43.csv,persistent_leak,43_2_25,24,2,25,1200,15000,1,0.20254217,0
train,43,data_43.csv,persistent_leak,43_3_26,24,3,26,1800,15600,1,0.20324892,0
train,43,data_43.csv,persistent_leak,43_4_27,24,4,27,2400,16200,1,0.20409499,0
train,43,data_43.csv,persistent_leak,43_5_28,24,5,28,3000,16800,1,0.20548145,0
train,43,data_43.csv,persistent_leak,43_6_29,24,6,29,3600,17400,1,0.2063347,0
train,43,data_43.csv,persistent_leak,43_7_30,24,7,30,4200,18000,1,0.20562746,0
train,43,data_43.csv,persistent_leak,43_8_31,24,8,31,4800,18600,1,0.20446049,0
train,43,data_43.csv,persistent_leak,43_9_32,24,9,32,5400,19200,1,0.20599236,0
train,43,data_43.csv,persistent_leak,43_10_33,24,10,33,6000,19800,1,0.2078202,0
train,43,data_43.csv,persistent_leak,43_11_34,24,11,34,6600,20400,1,0.21001163,0
train,43,data_43.csv,persistent_leak,43_12_35,24,12,35,7200,21000,1,0.21168518,0
train,43,data_43.csv,persistent_leak,43_13_36,24,13,36,7800,21600,1,0.21115375,0
train,43,data_43.csv,persistent_leak,43_14_37,24,14,37,8400,22200,1,0.21021347,0
train,43,data_43.csv,persistent_leak,43_15_38,24,15,38,9000,22800,1,0.21249287,0
train,43,data_43.csv,persistent_leak,43_16_39,24,16,39,9600,23400,1,0.21521904,0
train,43,data_43.csv,persistent_leak,43_17_40,24,17,40,10200,24000,1,0.21816987,0
train,43,data_43.csv,persistent_leak,43_18_41,24,18,41,10800,24600,1,0.22061393,0
train,43,data_43.csv,persistent_leak,43_19_42,24,19,42,11400,25200,1,0.22011344,0
train,43,data_43.csv,persistent_leak,43_20_43,24,20,43,12000,25800,1,0.21926677,0
train,43,data_43.csv,persistent_leak,43_21_44,24,21,44,12600,26400,1,0.22216958,0
train,43,data_43.csv,persistent_leak,43_22_45,24,22,45,13200,27000,1,0.22554426,0
train,43,data_43.csv,persistent_leak,43_23_46,24,23,46,13800,27600,1,0.22917195,0
train,43,data_43.csv,persistent_leak,43_24_47,24,24,47,14400,28200,1,0.23230194,0
train,43,data_43.csv,persistent_leak,43_25_48,24,25,48,15000,28800,1,0.23082782,0
train,43,data_43.csv,persistent_leak,43_26_49,24,26,49,15600,29400,1,0.22903089,0
train,43,data_43.csv,persistent_leak,43_27_50,24,27,50,16200,30000,1,0.23156635,0
train,43,data_43.csv,persistent_leak,43_28_51,24,28,51,16800,30600,1,0.23418458,0
train,43,data_43.csv,persistent_leak,43_29_52,24,29,52,17400,31200,1,0.23831627,0
train,43,data_43.csv,persistent_leak,43_30_53,24,30,53,18000,31800,1,0.24139963,0
train,43,data_43.csv,persistent_leak,43_31_54,24,31,54,18600,32400,1,0.2361121,0
train,43,data_43.csv,persistent_leak,43_32_55,24,32,55,19200,33000,1,0.23045927,0
train,43,data_43.csv,persistent_leak,43_33_56,24,33,56,19800,33600,1,0.23092867,0
train,43,data_43.csv,persistent_leak,43_34_57,24,34,57,20400,34200,1,0.2304412,0
train,43,data_43.csv,persistent_leak,43_35_58,24,35,58,21000,34800,1,0.23468253,0
train,43,data_43.csv,persistent_leak,43_36_59,24,36,59,21600,35400,1,0.23653165,0
train,43,data_43.csv,persistent_leak,43_37_60,24,37,60,22200,36000,1,0.22778693,0
train,43,data_43.csv,persistent_leak,43_38_61,24,38,61,22800,36600,1,0.21717843,0
train,43,data_43.csv,persistent_leak,43_39_62,24,39,62,23400,37200,1,0.21705136,0
train,43,data_43.csv,persistent_leak,43_40_63,24,40,63,24000,37800,1,0.21654123,0
train,43,data_43.csv,persistent_leak,43_41_64,24,41,64,24600,38400,1,0.22132662,0
train,43,data_43.csv,persistent_leak,43_42_65,24,42,65,25200,39000,1,0.22481258,0
train,43,data_43.csv,persistent_leak,43_43_66,24,43,66,25800,39600,1,0.24196391,0
train,43,data_43.csv,persistent_leak,43_44_67,24,44,67,26400,40200,1,0.2524663,0
train,43,data_43.csv,persistent_leak,43_45_68,24,45,68,27000,40800,1,0.26065198,0
train,43,data_43.csv,persistent_leak,43_46_69,24,46,69,27600,41400,1,0.27701914,0
train,43,data_43.csv,persistent_leak,43_47_70,24,47,70,28200,42000,1,0.3189503,1
train,43,data_43.csv,persistent_leak,43_48_71,24,48,71,28800,42600,1,0.3765173,1
train,43,data_43.csv,persistent_leak,43_49_72,24,49,72,29400,43200,1,0.46811908,1
train,43,data_43.csv,persistent_leak,43_50_73,24,50,73,30000,43800,1,0.53699714,1
train,43,data_43.csv,persistent_leak,43_51_74,24,51,74,30600,44400,1,0.595179,1
train,43,data_43.csv,persistent_leak,43_52_75,24,52,75,31200,45000,1,0.6529123,1
train,43,data_43.csv,persistent_leak,43_53_76,24,53,76,31800,45600,1,0.7393085,1
train,43,data_43.csv,persistent_leak,43_54_77,24,54,77,32400,46200,1,0.7796326,1
train,43,data_43.csv,persistent_leak,43_55_78,24,55,78,33000,46800,1,0.8066404,1
train,43,data_43.csv,persistent_leak,43_56_79,24,56,79,33600,47400,1,0.8249757,1
train,43,data_43.csv,persistent_leak,43_57_80,24,57,80,34200,48000,1,0.84456414,1
train,43,data_43.csv,persistent_leak,43_58_81,24,58,81,34800,48600,1,0.8493221,1
train,43,data_43.csv,persistent_leak,43_59_82,24,59,82,35400,49200,1,0.8734378,1
train,43,data_43.csv,persistent_leak,43_60_83,24,60,83,36000,49800,1,0.8921181,1
train,43,data_43.csv,persistent_leak,43_61_84,24,61,84,36600,50400,1,0.89817023,1
train,43,data_43.csv,persistent_leak,43_62_85,24,62,85,37200,51000,1,0.9042126,1
train,43,data_43.csv,persistent_leak,43_63_86,24,63,86,37800,51600,1,0.9125714,1
train,43,data_43.csv,persistent_leak,43_64_87,24,64,87,38400,52200,1,0.91306835,1
train,43,data_43.csv,persistent_leak,43_65_88,24,65,88,39000,52800,1,0.92241794,1
train,43,data_43.csv,persistent_leak,43_66_89,24,66,89,39600,53400,1,0.9286398,1
train,43,data_43.csv,persistent_leak,43_67_90,24,67,90,40200,54000,1,0.9275185,1
train,43,data_43.csv,persistent_leak,43_68_91,24,68,91,40800,54600,1,0.9276826,1
train,43,data_43.csv,persistent_leak,43_69_92,24,69,92,41400,55200,1,0.9307318,1
train,43,data_43.csv,persistent_leak,43_70_93,24,70,93,42000,55800,1,0.92981696,1
train,43,data_43.csv,persistent_leak,43_71_94,24,71,94,42600,56400,1,0.93230176,1
train,43,data_43.csv,persistent_leak,43_72_95,24,72,95,43200,57000,1,0.9335525,1
train,43,data_43.csv,persistent_leak,43_73_96,24,73,96,43800,57600,1,0.92817795,1
train,43,data_43.csv,persistent_leak,43_74_97,24,74,97,44400,58200,1,0.92464614,1
train,43,data_43.csv,persistent_leak,43_75_98,24,75,98,45000,58800,1,0.92517793,1
train,43,data_43.csv,persistent_leak,43_76_99,24,76,99,45600,59400,1,0.92358047,1
train,43,data_43.csv,persistent_leak,43_77_100,24,77,100,46200,60000,1,0.92241436,1
train,43,data_43.csv,persistent_leak,43_78_101,24,78,101,46800,60600,1,0.9191161,1
train,43,data_43.csv,persistent_leak,43_79_102,24,79,102,47400,61200,1,0.9085535,1
train,43,data_43.csv,persistent_leak,43_80_103,24,80,103,48000,61800,1,0.8996728,1
train,43,data_43.csv,persistent_leak,43_81_104,24,81,104,48600,62400,1,0.8977418,1
train,43,data_43.csv,persistent_leak,43_82_105,24,82,105,49200,63000,1,0.8943365,1
train,43,data_43.csv,persistent_leak,43_83_106,24,83,106,49800,63600,1,0.88758826,1
train,43,data_43.csv,persistent_leak,43_84_107,24,84,107,50400,64200,1,0.8775667,1
train,43,data_43.csv,persistent_leak,43_85_108,24,85,108,51000,64800,1,0.8585346,1
train,43,data_43.csv,persistent_leak,43_86_109,24,86,109,51600,65400,1,0.8412486,1
train,43,data_43.csv,persistent_leak,43_87_110,24,87,110,52200,66000,1,0.83542246,1
train,43,data_43.csv,persistent_leak,43_88_111,24,88,111,52800,66600,1,0.829245,1
train,43,data_43.csv,persistent_leak,43_89_112,24,89,112,53400,67200,1,0.8134804,1
train,43,data_43.csv,persistent_leak,43_90_113,24,90,113,54000,67800,1,0.79420847,1
train,43,data_43.csv,persistent_leak,43_91_114,24,91,114,54600,68400,1,0.75379354,1
train,43,data_43.csv,persistent_leak,43_92_115,24,92,115,55200,69000,1,0.7239207,1
train,43,data_43.csv,persistent_leak,43_93_116,24,93,116,55800,69600,1,0.71465915,1
train,43,data_43.csv,persistent_leak,43_94_117,24,94,117,56400,70200,1,0.7098912,1
train,43,data_43.csv,persistent_leak,43_95_118,24,95,118,57000,70800,1,0.6826555,1
train,43,data_43.csv,persistent_leak,43_96_119,24,96,119,57600,71400,1,0.6524676,1
train,43,data_43.csv,persistent_leak,43_97_120,24,97,120,58200,72000,1,0.62870216,1
train,43,data_43.csv,persistent_leak,43_98_121,24,98,121,58800,72600,1,0.6041497,1
train,43,data_43.csv,persistent_leak,43_99_122,24,99,122,59400,73200,1,0.5999203,1
train,43,data_43.csv,persistent_leak,43_100_123,24,100,123,60000,73800,1,0.6077315,1
train,43,data_43.csv,persistent_leak,43_101_124,24,101,124,60600,74400,1,0.59885377,1
train,43,data_43.csv,persistent_leak,43_102_125,24,102,125,61200,75000,1,0.576154,1
train,43,data_43.csv,persistent_leak,43_103_126,24,103,126,61800,75600,1,0.5689541,1
train,43,data_43.csv,persistent_leak,43_104_127,24,104,127,62400,76200,1,0.5659685,1
train,43,data_43.csv,persistent_leak,43_105_128,24,105,128,63000,76800,1,0.5690472,1
train,43,data_43.csv,persistent_leak,43_106_129,24,106,129,63600,77400,1,0.57023096,1
train,43,data_43.csv,persistent_leak,43_107_130,24,107,130,64200,78000,1,0.5701457,1
train,43,data_43.csv,persistent_leak,43_108_131,24,108,131,64800,78600,1,0.5726691,1
train,43,data_43.csv,persistent_leak,43_109_132,24,109,132,65400,79200,1,0.5746904,1
train,43,data_43.csv,persistent_leak,43_110_133,24,110,133,66000,79800,1,0.5764202,1
train,43,data_43.csv,persistent_leak,43_111_134,24,111,134,66600,80400,1,0.5774394,1
train,43,data_43.csv,persistent_leak,43_112_135,24,112,135,67200,81000,1,0.5734609,1
train,43,data_43.csv,persistent_leak,43_113_136,24,113,136,67800,81600,1,0.56838804,1
train,43,data_43.csv,persistent_leak,43_114_137,24,114,137,68400,82200,1,0.5638936,1
train,43,data_43.csv,persistent_leak,43_115_138,24,115,138,69000,82800,1,0.55712485,1
train,43,data_43.csv,persistent_leak,43_116_139,24,116,139,69600,83400,1,0.5500747,1
train,43,data_43.csv,persistent_leak,43_117_140,24,117,140,70200,84000,1,0.52761835,1
train,43,data_43.csv,persistent_leak,43_118_141,24,118,141,70800,84600,1,0.502961,1
train,43,data_43.csv,persistent_leak,43_119_142,24,119,142,71400,85200,1,0.4826583,1
train,43,data_43.csv,persistent_leak,43_120_143,24,120,143,72000,85800,1,0.46187484,1
train,43,data_43.csv,persistent_leak,43_121_144,24,121,144,72600,86400,1,0.4542694,1
train,44,data_44.csv,persistent_leak,44_0_23,24,0,23,0,13800,1,0.1896544,0
train,44,data_44.csv,persistent_leak,44_1_24,24,1,24,600,14400,1,0.18904673,0
train,44,data_44.csv,persistent_leak,44_2_25,24,2,25,1200,15000,1,0.18801695,0
train,44,data_44.csv,persistent_leak,44_3_26,24,3,26,1800,15600,1,0.19035868,0
train,44,data_44.csv,persistent_leak,44_4_27,24,4,27,2400,16200,1,0.19312097,0
train,44,data_44.csv,persistent_leak,44_5_28,24,5,28,3000,16800,1,0.19619691,0
train,44,data_44.csv,persistent_leak,44_6_29,24,6,29,3600,17400,1,0.19871952,0
train,44,data_44.csv,persistent_leak,44_7_30,24,7,30,4200,18000,1,0.19819234,0
train,44,data_44.csv,persistent_leak,44_8_31,24,8,31,4800,18600,1,0.19724873,0
train,44,data_44.csv,persistent_leak,44_9_32,24,9,32,5400,19200,1,0.20027542,0
train,44,data_44.csv,persistent_leak,44_10_33,24,10,33,6000,19800,1,0.20384848,0
train,44,data_44.csv,persistent_leak,44_11_34,24,11,34,6600,20400,1,0.20759043,0
train,44,data_44.csv,persistent_leak,44_12_35,24,12,35,7200,21000,1,0.21087006,0
train,44,data_44.csv,persistent_leak,44_13_36,24,13,36,7800,21600,1,0.21045463,0
train,44,data_44.csv,persistent_leak,44_14_37,24,14,37,8400,22200,1,0.20959593,0
train,44,data_44.csv,persistent_leak,44_15_38,24,15,38,9000,22800,1,0.21326505,0
train,44,data_44.csv,persistent_leak,44_16_39,24,16,39,9600,23400,1,0.21764393,0
train,44,data_44.csv,persistent_leak,44_17_40,24,17,40,10200,24000,1,0.22212906,0
train,44,data_44.csv,persistent_leak,44_18_41,24,18,41,10800,24600,1,0.2261468,0
train,44,data_44.csv,persistent_leak,44_19_42,24,19,42,11400,25200,1,0.22582363,0
train,44,data_44.csv,persistent_leak,44_20_43,24,20,43,12000,25800,1,0.2250812,0
train,44,data_44.csv,persistent_leak,44_21_44,24,21,44,12600,26400,1,0.22943234,0
train,44,data_44.csv,persistent_leak,44_22_45,24,22,45,13200,27000,1,0.23466086,0
train,44,data_44.csv,persistent_leak,44_23_46,24,23,46,13800,27600,1,0.23990479,0
train,44,data_44.csv,persistent_leak,44_24_47,24,24,47,14400,28200,1,0.24467696,0
train,44,data_44.csv,persistent_leak,44_25_48,24,25,48,15000,28800,1,0.24365214,0
train,44,data_44.csv,persistent_leak,44_26_49,24,26,49,15600,29400,1,0.2422939,0
train,44,data_44.csv,persistent_leak,44_27_50,24,27,50,16200,30000,1,0.24660638,0
train,44,data_44.csv,persistent_leak,44_28_51,24,28,51,16800,30600,1,0.25161088,0
train,44,data_44.csv,persistent_leak,44_29_52,24,29,52,17400,31200,1,0.2573341,0
train,44,data_44.csv,persistent_leak,44_30_53,24,30,53,18000,31800,1,0.26236713,0
train,44,data_44.csv,persistent_leak,44_31_54,24,31,54,18600,32400,1,0.25903484,0
train,44,data_44.csv,persistent_leak,44_32_55,24,32,55,19200,33000,1,0.25533286,0
train,44,data_44.csv,persistent_leak,44_33_56,24,33,56,19800,33600,1,0.25887582,0
train,44,data_44.csv,persistent_leak,44_34_57,24,34,57,20400,34200,1,0.26251423,0
train,44,data_44.csv,persistent_leak,44_35_58,24,35,58,21000,34800,1,0.26869845,0
train,44,data_44.csv,persistent_leak,44_36_59,24,36,59,21600,35400,1,0.27336365,0
train,44,data_44.csv,persistent_leak,44_37_60,24,37,60,22200,36000,1,0.26856193,0
train,44,data_44.csv,persistent_leak,44_38_61,24,38,61,22800,36600,1,0.26233414,0
train,44,data_44.csv,persistent_leak,44_39_62,24,39,62,23400,37200,1,0.26577958,0
train,44,data_44.csv,persistent_leak,44_40_63,24,40,63,24000,37800,1,0.27072644,0
train,44,data_44.csv,persistent_leak,44_41_64,24,41,64,24600,38400,1,0.2774288,0
train,44,data_44.csv,persistent_leak,44_42_65,24,42,65,25200,39000,1,0.28217366,0
train,44,data_44.csv,persistent_leak,44_43_66,24,43,66,25800,39600,1,0.2963346,0
train,44,data_44.csv,persistent_leak,44_44_67,24,44,67,26400,40200,1,0.3085799,1
train,44,data_44.csv,persistent_leak,44_45_68,24,45,68,27000,40800,1,0.31844848,1
train,44,data_44.csv,persistent_leak,44_46_69,24,46,69,27600,41400,1,0.33174196,1
train,44,data_44.csv,persistent_leak,44_47_70,24,47,70,28200,42000,1,0.36989212,1
train,44,data_44.csv,persistent_leak,44_48_71,24,48,71,28800,42600,1,0.42031,1
train,44,data_44.csv,persistent_leak,44_49_72,24,49,72,29400,43200,1,0.5019167,1
train,44,data_44.csv,persistent_leak,44_50_73,24,50,73,30000,43800,1,0.56274635,1
train,44,data_44.csv,persistent_leak,44_51_74,24,51,74,30600,44400,1,0.6107537,1
train,44,data_44.csv,persistent_leak,44_52_75,24,52,75,31200,45000,1,0.66049963,1
train,44,data_44.csv,persistent_leak,44_53_76,24,53,76,31800,45600,1,0.71686256,1
train,44,data_44.csv,persistent_leak,44_54_77,24,54,77,32400,46200,1,0.7548611,1
train,44,data_44.csv,persistent_leak,44_55_78,24,55,78,33000,46800,1,0.78839546,1
train,44,data_44.csv,persistent_leak,44_56_79,24,56,79,33600,47400,1,0.810684,1
train,44,data_44.csv,persistent_leak,44_57_80,24,57,80,34200,48000,1,0.828776,1
train,44,data_44.csv,persistent_leak,44_58_81,24,58,81,34800,48600,1,0.8359178,1
train,44,data_44.csv,persistent_leak,44_59_82,24,59,82,35400,49200,1,0.86072344,1
train,44,data_44.csv,persistent_leak,44_60_83,24,60,83,36000,49800,1,0.8810656,1
train,44,data_44.csv,persistent_leak,44_61_84,24,61,84,36600,50400,1,0.8921548,1
train,44,data_44.csv,persistent_leak,44_62_85,24,62,85,37200,51000,1,0.90141666,1
train,44,data_44.csv,persistent_leak,44_63_86,24,63,86,37800,51600,1,0.9106634,1
train,44,data_44.csv,persistent_leak,44_64_87,24,64,87,38400,52200,1,0.91249067,1
train,44,data_44.csv,persistent_leak,44_65_88,24,65,88,39000,52800,1,0.9231294,1
train,44,data_44.csv,persistent_leak,44_66_89,24,66,89,39600,53400,1,0.93124175,1
train,44,data_44.csv,persistent_leak,44_67_90,24,67,90,40200,54000,1,0.92555875,1
train,44,data_44.csv,persistent_leak,44_68_91,24,68,91,40800,54600,1,0.92379576,1
train,44,data_44.csv,persistent_leak,44_69_92,24,69,92,41400,55200,1,0.9279783,1
train,44,data_44.csv,persistent_leak,44_70_93,24,70,93,42000,55800,1,0.92536217,1
train,44,data_44.csv,persistent_leak,44_71_94,24,71,94,42600,56400,1,0.92768383,1
train,44,data_44.csv,persistent_leak,44_72_95,24,72,95,43200,57000,1,0.92762107,1
train,44,data_44.csv,persistent_leak,44_73_96,24,73,96,43800,57600,1,0.9151961,1
train,44,data_44.csv,persistent_leak,44_74_97,24,74,97,44400,58200,1,0.9049932,1
train,44,data_44.csv,persistent_leak,44_75_98,24,75,98,45000,58800,1,0.9061168,1
train,44,data_44.csv,persistent_leak,44_76_99,24,76,99,45600,59400,1,0.9011956,1
train,44,data_44.csv,persistent_leak,44_77_100,24,77,100,46200,60000,1,0.89654803,1
train,44,data_44.csv,persistent_leak,44_78_101,24,78,101,46800,60600,1,0.8872724,1
train,44,data_44.csv,persistent_leak,44_79_102,24,79,102,47400,61200,1,0.8815311,1
train,44,data_44.csv,persistent_leak,44_80_103,24,80,103,48000,61800,1,0.8742045,1
train,44,data_44.csv,persistent_leak,44_81_104,24,81,104,48600,62400,1,0.8693031,1
train,44,data_44.csv,persistent_leak,44_82_105,24,82,105,49200,63000,1,0.86847025,1
train,44,data_44.csv,persistent_leak,44_83_106,24,83,106,49800,63600,1,0.86513466,1
train,44,data_44.csv,persistent_leak,44_84_107,24,84,107,50400,64200,1,0.85881835,1
train,44,data_44.csv,persistent_leak,44_85_108,24,85,108,51000,64800,1,0.8550809,1
train,44,data_44.csv,persistent_leak,44_86_109,24,86,109,51600,65400,1,0.8510295,1
train,44,data_44.csv,persistent_leak,44_87_110,24,87,110,52200,66000,1,0.840589,1
train,44,data_44.csv,persistent_leak,44_88_111,24,88,111,52800,66600,1,0.84341985,1
train,44,data_44.csv,persistent_leak,44_89_112,24,89,112,53400,67200,1,0.83673507,1
train,44,data_44.csv,persistent_leak,44_90_113,24,90,113,54000,67800,1,0.82917595,1
train,44,data_44.csv,persistent_leak,44_91_114,24,91,114,54600,68400,1,0.80728126,1
train,44,data_44.csv,persistent_leak,44_92_115,24,92,115,55200,69000,1,0.7928822,1
train,44,data_44.csv,persistent_leak,44_93_116,24,93,116,55800,69600,1,0.78574044,1
train,44,data_44.csv,persistent_leak,44_94_117,24,94,117,56400,70200,1,0.77854735,1
train,44,data_44.csv,persistent_leak,44_95_118,24,95,118,57000,70800,1,0.75619096,1
train,44,data_44.csv,persistent_leak,44_96_119,24,96,119,57600,71400,1,0.7402707,1
train,44,data_44.csv,persistent_leak,44_97_120,24,97,120,58200,72000,1,0.69982064,1
train,44,data_44.csv,persistent_leak,44_98_121,24,98,121,58800,72600,1,0.6721843,1
train,44,data_44.csv,persistent_leak,44_99_122,24,99,122,59400,73200,1,0.6740216,1
train,44,data_44.csv,persistent_leak,44_100_123,24,100,123,60000,73800,1,0.664815,1
train,44,data_44.csv,persistent_leak,44_101_124,24,101,124,60600,74400,1,0.65371436,1
train,44,data_44.csv,persistent_leak,44_102_125,24,102,125,61200,75000,1,0.6354926,1
train,44,data_44.csv,persistent_leak,44_103_126,24,103,126,61800,75600,1,0.60959864,1
train,44,data_44.csv,persistent_leak,44_104_127,24,104,127,62400,76200,1,0.5886241,1
train,44,data_44.csv,persistent_leak,44_105_128,24,105,128,63000,76800,1,0.5883985,1
train,44,data_44.csv,persistent_leak,44_106_129,24,106,129,63600,77400,1,0.5983962,1
train,44,data_44.csv,persistent_leak,44_107_130,24,107,130,64200,78000,1,0.603554,1
train,44,data_44.csv,persistent_leak,44_108_131,24,108,131,64800,78600,1,0.593754,1
train,44,data_44.csv,persistent_leak,44_109_132,24,109,132,65400,79200,1,0.57979816,1
train,44,data_44.csv,persistent_leak,44_110_133,24,110,133,66000,79800,1,0.571405,1
train,44,data_44.csv,persistent_leak,44_111_134,24,111,134,66600,80400,1,0.575091,1
train,44,data_44.csv,persistent_leak,44_112_135,24,112,135,67200,81000,1,0.57717854,1
train,44,data_44.csv,persistent_leak,44_113_136,24,113,136,67800,81600,1,0.57278216,1
train,44,data_44.csv,persistent_leak,44_114_137,24,114,137,68400,82200,1,0.5729148,1
train,44,data_44.csv,persistent_leak,44_115_138,24,115,138,69000,82800,1,0.5771573,1
train,44,data_44.csv,persistent_leak,44_116_139,24,116,139,69600,83400,1,0.58479744,1
train,44,data_44.csv,persistent_leak,44_117_140,24,117,140,70200,84000,1,0.59005326,1
train,44,data_44.csv,persistent_leak,44_118_141,24,118,141,70800,84600,1,0.59021616,1
train,44,data_44.csv,persistent_leak,44_119_142,24,119,142,71400,85200,1,0.5877009,1
train,44,data_44.csv,persistent_leak,44_120_143,24,120,143,72000,85800,1,0.5884241,1
train,44,data_44.csv,persistent_leak,44_121_144,24,121,144,72600,86400,1,0.5865151,1
train,45,data_45.csv,persistent_leak,45_0_23,24,0,23,0,13800,1,0.18371782,0
train,45,data_45.csv,persistent_leak,45_1_24,24,1,24,600,14400,1,0.18360233,0
train,45,data_45.csv,persistent_leak,45_2_25,24,2,25,1200,15000,1,0.1832241,0
train,45,data_45.csv,persistent_leak,45_3_26,24,3,26,1800,15600,1,0.18721946,0
train,45,data_45.csv,persistent_leak,45_4_27,24,4,27,2400,16200,1,0.19195735,0
train,45,data_45.csv,persistent_leak,45_5_28,24,5,28,3000,16800,1,0.19660945,0
train,45,data_45.csv,persistent_leak,45_6_29,24,6,29,3600,17400,1,0.2009386,0
train,45,data_45.csv,persistent_leak,45_7_30,24,7,30,4200,18000,1,0.20085996,0
train,45,data_45.csv,persistent_leak,45_8_31,24,8,31,4800,18600,1,0.20050012,0
train,45,data_45.csv,persistent_leak,45_9_32,24,9,32,5400,19200,1,0.20492028,0
train,45,data_45.csv,persistent_leak,45_10_33,24,10,33,6000,19800,1,0.21022268,0
train,45,data_45.csv,persistent_leak,45_11_34,24,11,34,6600,20400,1,0.21541114,0
train,45,data_45.csv,persistent_leak,45_12_35,24,12,35,7200,21000,1,0.2202487,0
train,45,data_45.csv,persistent_leak,45_13_36,24,13,36,7800,21600,1,0.22018375,0
train,45,data_45.csv,persistent_leak,45_14_37,24,14,37,8400,22200,1,0.2198162,0
train,45,data_45.csv,persistent_leak,45_15_38,24,15,38,9000,22800,1,0.22473645,0
train,45,data_45.csv,persistent_leak,45_16_39,24,16,39,9600,23400,1,0.23063703,0
train,45,data_45.csv,persistent_leak,45_17_40,24,17,40,10200,24000,1,0.23639108,0
train,45,data_45.csv,persistent_leak,45_18_41,24,18,41,10800,24600,1,0.24176256,0
train,45,data_45.csv,persistent_leak,45_19_42,24,19,42,11400,25200,1,0.2417124,0
train,45,data_45.csv,persistent_leak,45_20_43,24,20,43,12000,25800,1,0.24133879,0
train,45,data_45.csv,persistent_leak,45_21_44,24,21,44,12600,26400,1,0.24678834,0
train,45,data_45.csv,persistent_leak,45_22_45,24,22,45,13200,27000,1,0.25331667,0
train,45,data_45.csv,persistent_leak,45_23_46,24,23,46,13800,27600,1,0.25958368,0
train,45,data_45.csv,persistent_leak,45_24_47,24,24,47,14400,28200,1,0.2655543,0
train,45,data_45.csv,persistent_leak,45_25_48,24,25,48,15000,28800,1,0.26512918,0
train,45,data_45.csv,persistent_leak,45_26_49,24,26,49,15600,29400,1,0.26455277,0
train,45,data_45.csv,persistent_leak,45_27_50,24,27,50,16200,30000,1,0.27015308,0
train,45,data_45.csv,persistent_leak,45_28_51,24,28,51,16800,30600,1,0.27696168,0
train,45,data_45.csv,persistent_leak,45_29_52,24,29,52,17400,31200,1,0.2836133,0
train,45,data_45.csv,persistent_leak,45_30_53,24,30,53,18000,31800,1,0.28992897,0
train,45,data_45.csv,persistent_leak,45_31_54,24,31,54,18600,32400,1,0.28860703,0
train,45,data_45.csv,persistent_leak,45_32_55,24,32,55,19200,33000,1,0.28710207,0
train,45,data_45.csv,persistent_leak,45_33_56,24,33,56,19800,33600,1,0.29262996,0
train,45,data_45.csv,persistent_leak,45_34_57,24,34,57,20400,34200,1,0.29923996,0
train,45,data_45.csv,persistent_leak,45_35_58,24,35,58,21000,34800,1,0.3063747,1
train,45,data_45.csv,persistent_leak,45_36_59,24,36,59,21600,35400,1,0.31283137,1
train,45,data_45.csv,persistent_leak,45_37_60,24,37,60,22200,36000,1,0.31103876,1
train,45,data_45.csv,persistent_leak,45_38_61,24,38,61,22800,36600,1,0.30844986,1
train,45,data_45.csv,persistent_leak,45_39_62,24,39,62,23400,37200,1,0.314431,1
train,45,data_45.csv,persistent_leak,45_40_63,24,40,63,24000,37800,1,0.32203355,1
train,45,data_45.csv,persistent_leak,45_41_64,24,41,64,24600,38400,1,0.32982117,1
train,45,data_45.csv,persistent_leak,45_42_65,24,42,65,25200,39000,1,0.33717132,1
train,45,data_45.csv,persistent_leak,45_43_66,24,43,66,25800,39600,1,0.340051,1
train,45,data_45.csv,persistent_leak,45_44_67,24,44,67,26400,40200,1,0.34374672,1
train,45,data_45.csv,persistent_leak,45_45_68,24,45,68,27000,40800,1,0.34924397,1
train,45,data_45.csv,persistent_leak,45_46_69,24,46,69,27600,41400,1,0.3613138,1
train,45,data_45.csv,persistent_leak,45_47_70,24,47,70,28200,42000,1,0.37764952,1
train,45,data_45.csv,persistent_leak,45_48_71,24,48,71,28800,42600,1,0.39922005,1
train,45,data_45.csv,persistent_leak,45_49_72,24,49,72,29400,43200,1,0.43306935,1
train,45,data_45.csv,persistent_leak,45_50_73,24,50,73,30000,43800,1,0.4544387,1
train,45,data_45.csv,persistent_leak,45_51_74,24,51,74,30600,44400,1,0.47299084,1
train,45,data_45.csv,persistent_leak,45_52_75,24,52,75,31200,45000,1,0.4912616,1
train,45,data_45.csv,persistent_leak,45_53_76,24,53,76,31800,45600,1,0.5336676,1
train,45,data_45.csv,persistent_leak,45_54_77,24,54,77,32400,46200,1,0.5835764,1
train,45,data_45.csv,persistent_leak,45_55_78,24,55,78,33000,46800,1,0.621515,1
train,45,data_45.csv,persistent_leak,45_56_79,24,56,79,33600,47400,1,0.63949764,1
train,45,data_45.csv,persistent_leak,45_57_80,24,57,80,34200,48000,1,0.6579338,1
train,45,data_45.csv,persistent_leak,45_58_81,24,58,81,34800,48600,1,0.6640514,1
train,45,data_45.csv,persistent_leak,45_59_82,24,59,82,35400,49200,1,0.6886517,1
train,45,data_45.csv,persistent_leak,45_60_83,24,60,83,36000,49800,1,0.7112079,1
train,45,data_45.csv,persistent_leak,45_61_84,24,61,84,36600,50400,1,0.72418505,1
train,45,data_45.csv,persistent_leak,45_62_85,24,62,85,37200,51000,1,0.73532206,1
train,45,data_45.csv,persistent_leak,45_63_86,24,63,86,37800,51600,1,0.7478612,1
train,45,data_45.csv,persistent_leak,45_64_87,24,64,87,38400,52200,1,0.75009614,1
train,45,data_45.csv,persistent_leak,45_65_88,24,65,88,39000,52800,1,0.76528305,1
train,45,data_45.csv,persistent_leak,45_66_89,24,66,89,39600,53400,1,0.77762705,1
train,45,data_45.csv,persistent_leak,45_67_90,24,67,90,40200,54000,1,0.7486942,1
train,45,data_45.csv,persistent_leak,45_68_91,24,68,91,40800,54600,1,0.73617387,1
train,45,data_45.csv,persistent_leak,45_69_92,24,69,92,41400,55200,1,0.7417549,1
train,45,data_45.csv,persistent_leak,45_70_93,24,70,93,42000,55800,1,0.732411,1
train,45,data_45.csv,persistent_leak,45_71_94,24,71,94,42600,56400,1,0.7272406,1
train,45,data_45.csv,persistent_leak,45_72_95,24,72,95,43200,57000,1,0.71568155,1
train,45,data_45.csv,persistent_leak,45_73_96,24,73,96,43800,57600,1,0.6710661,1
train,45,data_45.csv,persistent_leak,45_74_97,24,74,97,44400,58200,1,0.6415808,1
train,45,data_45.csv,persistent_leak,45_75_98,24,75,98,45000,58800,1,0.64335924,1
train,45,data_45.csv,persistent_leak,45_76_99,24,76,99,45600,59400,1,0.64180994,1
train,45,data_45.csv,persistent_leak,45_77_100,24,77,100,46200,60000,1,0.6378523,1
train,45,data_45.csv,persistent_leak,45_78_101,24,78,101,46800,60600,1,0.6189825,1
train,45,data_45.csv,persistent_leak,45_79_102,24,79,102,47400,61200,1,0.6292677,1
train,45,data_45.csv,persistent_leak,45_80_103,24,80,103,48000,61800,1,0.61995727,1
train,45,data_45.csv,persistent_leak,45_81_104,24,81,104,48600,62400,1,0.61787313,1
train,45,data_45.csv,persistent_leak,45_82_105,24,82,105,49200,63000,1,0.6190864,1
train,45,data_45.csv,persistent_leak,45_83_106,24,83,106,49800,63600,1,0.62493795,1
train,45,data_45.csv,persistent_leak,45_84_107,24,84,107,50400,64200,1,0.6394265,1
train,45,data_45.csv,persistent_leak,45_85_108,24,85,108,51000,64800,1,0.6489262,1
train,45,data_45.csv,persistent_leak,45_86_109,24,86,109,51600,65400,1,0.6619305,1
train,45,data_45.csv,persistent_leak,45_87_110,24,87,110,52200,66000,1,0.63898546,1
train,45,data_45.csv,persistent_leak,45_88_111,24,88,111,52800,66600,1,0.65919745,1
train,45,data_45.csv,persistent_leak,45_89_112,24,89,112,53400,67200,1,0.66883296,1
train,45,data_45.csv,persistent_leak,45_90_113,24,90,113,54000,67800,1,0.6793757,1
train,45,data_45.csv,persistent_leak,45_91_114,24,91,114,54600,68400,1,0.67346704,1
train,45,data_45.csv,persistent_leak,45_92_115,24,92,115,55200,69000,1,0.6840525,1
train,45,data_45.csv,persistent_leak,45_93_116,24,93,116,55800,69600,1,0.6829616,1
train,45,data_45.csv,persistent_leak,45_94_117,24,94,117,56400,70200,1,0.67527217,1
train,45,data_45.csv,persistent_leak,45_95_118,24,95,118,57000,70800,1,0.66253424,1
train,45,data_45.csv,persistent_leak,45_96_119,24,96,119,57600,71400,1,0.6652669,1
train,45,data_45.csv,persistent_leak,45_97_120,24,97,120,58200,72000,1,0.64976585,1
train,45,data_45.csv,persistent_leak,45_98_121,24,98,121,58800,72600,1,0.63972265,1
train,45,data_45.csv,persistent_leak,45_99_122,24,99,122,59400,73200,1,0.65128386,1
train,45,data_45.csv,persistent_leak,45_100_123,24,100,123,60000,73800,1,0.64233387,1
train,45,data_45.csv,persistent_leak,45_101_124,24,101,124,60600,74400,1,0.64985853,1
train,45,data_45.csv,persistent_leak,45_102_125,24,102,125,61200,75000,1,0.65577453,1
train,45,data_45.csv,persistent_leak,45_103_126,24,103,126,61800,75600,1,0.61176497,1
train,45,data_45.csv,persistent_leak,45_104_127,24,104,127,62400,76200,1,0.5898085,1
train,45,data_45.csv,persistent_leak,45_105_128,24,105,128,63000,76800,1,0.5988089,1
train,45,data_45.csv,persistent_leak,45_106_129,24,106,129,63600,77400,1,0.60463953,1
train,45,data_45.csv,persistent_leak,45_107_130,24,107,130,64200,78000,1,0.61316997,1
train,45,data_45.csv,persistent_leak,45_108_131,24,108,131,64800,78600,1,0.6101503,1
train,45,data_45.csv,persistent_leak,45_109_132,24,109,132,65400,79200,1,0.59378344,1
train,45,data_45.csv,persistent_leak,45_110_133,24,110,133,66000,79800,1,0.57857114,1
train,45,data_45.csv,persistent_leak,45_111_134,24,111,134,66600,80400,1,0.58113515,1
train,45,data_45.csv,persistent_leak,45_112_135,24,112,135,67200,81000,1,0.58629286,1
train,45,data_45.csv,persistent_leak,45_113_136,24,113,136,67800,81600,1,0.57969123,1
train,45,data_45.csv,persistent_leak,45_114_137,24,114,137,68400,82200,1,0.5690164,1
train,45,data_45.csv,persistent_leak,45_115_138,24,115,138,69000,82800,1,0.5726828,1
train,45,data_45.csv,persistent_leak,45_116_139,24,116,139,69600,83400,1,0.58017236,1
train,45,data_45.csv,persistent_leak,45_117_140,24,117,140,70200,84000,1,0.5903288,1
train,45,data_45.csv,persistent_leak,45_118_141,24,118,141,70800,84600,1,0.59303087,1
train,45,data_45.csv,persistent_leak,45_119_142,24,119,142,71400,85200,1,0.59159493,1
train,45,data_45.csv,persistent_leak,45_120_143,24,120,143,72000,85800,1,0.5967675,1
train,45,data_45.csv,persistent_leak,45_121_144,24,121,144,72600,86400,1,0.6021321,1
train,47,data_47.csv,onset_leak,47_0_23,24,0,23,0,13800,0,0.21803612,0
train,47,data_47.csv,onset_leak,47_1_24,24,1,24,600,14400,0,0.21208684,0
train,47,data_47.csv,onset_leak,47_2_25,24,2,25,1200,15000,0,0.20464104,0
train,47,data_47.csv,onset_leak,47_3_26,24,3,26,1800,15600,0,0.19807395,0
train,47,data_47.csv,onset_leak,47_4_27,24,4,27,2400,16200,0,0.19190724,0
train,47,data_47.csv,onset_leak,47_5_28,24,5,28,3000,16800,0,0.18870758,0
train,47,data_47.csv,onset_leak,47_6_29,24,6,29,3600,17400,0,0.18369241,0
train,47,data_47.csv,onset_leak,47_7_30,24,7,30,4200,18000,0,0.17988917,0
train,47,data_47.csv,onset_leak,47_8_31,24,8,31,4800,18600,0,0.17499042,0
train,47,data_47.csv,onset_leak,47_9_32,24,9,32,5400,19200,0,0.17504618,0
train,47,data_47.csv,onset_leak,47_10_33,24,10,33,6000,19800,0,0.17385276,0
train,47,data_47.csv,onset_leak,47_11_34,24,11,34,6600,20400,0,0.17566246,0
train,47,data_47.csv,onset_leak,47_12_35,24,12,35,7200,21000,0,0.17592786,0
train,47,data_47.csv,onset_leak,47_13_36,24,13,36,7800,21600,0,0.17387417,0
train,47,data_47.csv,onset_leak,47_14_37,24,14,37,8400,22200,0,0.16942991,0
train,47,data_47.csv,onset_leak,47_15_38,24,15,38,9000,22800,0,0.1707423,0
train,47,data_47.csv,onset_leak,47_16_39,24,16,39,9600,23400,0,0.17422925,0
train,47,data_47.csv,onset_leak,47_17_40,24,17,40,10200,24000,0,0.17687745,0
train,47,data_47.csv,onset_leak,47_18_41,24,18,41,10800,24600,0,0.17910041,0
train,47,data_47.csv,onset_leak,47_19_42,24,19,42,11400,25200,0,0.17806749,0
train,47,data_47.csv,onset_leak,47_20_43,24,20,43,12000,25800,0,0.1773628,0
train,47,data_47.csv,onset_leak,47_21_44,24,21,44,12600,26400,0,0.18281592,0
train,47,data_47.csv,onset_leak,47_22_45,24,22,45,13200,27000,0,0.18967026,0
train,47,data_47.csv,onset_leak,47_23_46,24,23,46,13800,27600,0,0.19758323,0
train,47,data_47.csv,onset_leak,47_24_47,24,24,47,14400,28200,0,0.20470345,0
train,47,data_47.csv,onset_leak,47_25_48,24,25,48,15000,28800,0,0.20024872,0
train,47,data_47.csv,onset_leak,47_26_49,24,26,49,15600,29400,0,0.19554792,0
train,47,data_47.csv,onset_leak,47_27_50,24,27,50,16200,30000,0,0.2009137,0
train,47,data_47.csv,onset_leak,47_28_51,24,28,51,16800,30600,0,0.20569178,0
train,47,data_47.csv,onset_leak,47_29_52,24,29,52,17400,31200,0,0.2141263,0
train,47,data_47.csv,onset_leak,47_30_53,24,30,53,18000,31800,0,0.22071148,0
train,47,data_47.csv,onset_leak,47_31_54,24,31,54,18600,32400,0,0.21808225,0
train,47,data_47.csv,onset_leak,47_32_55,24,32,55,19200,33000,0,0.21713935,0
train,47,data_47.csv,onset_leak,47_33_56,24,33,56,19800,33600,0,0.22491467,0
train,47,data_47.csv,onset_leak,47_34_57,24,34,57,20400,34200,0,0.23984957,0
train,47,data_47.csv,onset_leak,47_35_58,24,35,58,21000,34800,0,0.24800226,0
train,47,data_47.csv,onset_leak,47_36_59,24,36,59,21600,35400,0,0.25987974,0
train,47,data_47.csv,onset_leak,47_37_60,24,37,60,22200,36000,0,0.27609426,0
train,47,data_47.csv,onset_leak,47_38_61,24,38,61,22800,36600,0,0.28872958,0
train,47,data_47.csv,onset_leak,47_39_62,24,39,62,23400,37200,0,0.30737603,1
train,47,data_47.csv,onset_leak,47_40_63,24,40,63,24000,37800,0,0.33936244,1
train,47,data_47.csv,onset_leak,47_41_64,24,41,64,24600,38400,0,0.3691757,1
train,47,data_47.csv,onset_leak,47_42_65,24,42,65,25200,39000,0,0.40161532,1
train,47,data_47.csv,onset_leak,47_43_66,24,43,66,25800,39600,0,0.4598479,1
train,47,data_47.csv,onset_leak,47_44_67,24,44,67,26400,40200,0,0.50992304,1
train,47,data_47.csv,onset_leak,47_45_68,24,45,68,27000,40800,0,0.5639336,1
train,47,data_47.csv,onset_leak,47_46_69,24,46,69,27600,41400,0,0.5938513,1
train,47,data_47.csv,onset_leak,47_47_70,24,47,70,28200,42000,0,0.64613575,1
train,47,data_47.csv,onset_leak,47_48_71,24,48,71,28800,42600,0,0.6841141,1
train,47,data_47.csv,onset_leak,47_49_72,24,49,72,29400,43200,1,0.7115341,1
train,47,data_47.csv,onset_leak,47_50_73,24,50,73,30000,43800,1,0.7323393,1
train,47,data_47.csv,onset_leak,47_51_74,24,51,74,30600,44400,1,0.74755216,1
train,47,data_47.csv,onset_leak,47_52_75,24,52,75,31200,45000,1,0.7574978,1
train,47,data_47.csv,onset_leak,47_53_76,24,53,76,31800,45600,1,0.7805661,1
train,47,data_47.csv,onset_leak,47_54_77,24,54,77,32400,46200,1,0.79910856,1
train,47,data_47.csv,onset_leak,47_55_78,24,55,78,33000,46800,1,0.7979998,1
train,47,data_47.csv,onset_leak,47_56_79,24,56,79,33600,47400,1,0.80217457,1
train,47,data_47.csv,onset_leak,47_57_80,24,57,80,34200,48000,1,0.8120013,1
train,47,data_47.csv,onset_leak,47_58_81,24,58,81,34800,48600,1,0.8086932,1
train,47,data_47.csv,onset_leak,47_59_82,24,59,82,35400,49200,1,0.8142935,1
train,47,data_47.csv,onset_leak,47_60_83,24,60,83,36000,49800,1,0.82058996,1
train,47,data_47.csv,onset_leak,47_61_84,24,61,84,36600,50400,1,0.79754007,1
train,47,data_47.csv,onset_leak,47_62_85,24,62,85,37200,51000,1,0.78310126,1
train,47,data_47.csv,onset_leak,47_63_86,24,63,86,37800,51600,1,0.7893382,1
train,47,data_47.csv,onset_leak,47_64_87,24,64,87,38400,52200,1,0.78005135,1
train,47,data_47.csv,onset_leak,47_65_88,24,65,88,39000,52800,1,0.7787432,1
train,47,data_47.csv,onset_leak,47_66_89,24,66,89,39600,53400,1,0.7677363,1
train,47,data_47.csv,onset_leak,47_67_90,24,67,90,40200,54000,1,0.72607166,1
train,47,data_47.csv,onset_leak,47_68_91,24,68,91,40800,54600,1,0.6952234,1
train,47,data_47.csv,onset_leak,47_69_92,24,69,92,41400,55200,1,0.69384867,1
train,47,data_47.csv,onset_leak,47_70_93,24,70,93,42000,55800,1,0.6898384,1
train,47,data_47.csv,onset_leak,47_71_94,24,71,94,42600,56400,1,0.6803388,1
train,47,data_47.csv,onset_leak,47_72_95,24,72,95,43200,57000,1,0.6604142,1
train,47,data_47.csv,onset_leak,47_73_96,24,73,96,43800,57600,1,0.6399895,1
train,47,data_47.csv,onset_leak,47_74_97,24,74,97,44400,58200,1,0.6142513,1
train,47,data_47.csv,onset_leak,47_75_98,24,75,98,45000,58800,1,0.6097631,1
train,47,data_47.csv,onset_leak,47_76_99,24,76,99,45600,59400,1,0.6152011,1
train,47,data_47.csv,onset_leak,47_77_100,24,77,100,46200,60000,1,0.6128643,1
train,47,data_47.csv,onset_leak,47_78_101,24,78,101,46800,60600,1,0.59643835,1
train,47,data_47.csv,onset_leak,47_79_102,24,79,102,47400,61200,1,0.5812392,1
train,47,data_47.csv,onset_leak,47_80_103,24,80,103,48000,61800,1,0.571055,1
train,47,data_47.csv,onset_leak,47_81_104,24,81,104,48600,62400,1,0.56564885,1
train,47,data_47.csv,onset_leak,47_82_105,24,82,105,49200,63000,1,0.5655542,1
train,47,data_47.csv,onset_leak,47_83_106,24,83,106,49800,63600,1,0.561693,1
train,47,data_47.csv,onset_leak,47_84_107,24,84,107,50400,64200,1,0.5589863,1
train,47,data_47.csv,onset_leak,47_85_108,24,85,108,51000,64800,1,0.5572725,1
train,47,data_47.csv,onset_leak,47_86_109,24,86,109,51600,65400,1,0.5532027,1
train,47,data_47.csv,onset_leak,47_87_110,24,87,110,52200,66000,1,0.5485969,1
train,47,data_47.csv,onset_leak,47_88_111,24,88,111,52800,66600,1,0.5369014,1
train,47,data_47.csv,onset_leak,47_89_112,24,89,112,53400,67200,1,0.5247163,1
train,47,data_47.csv,onset_leak,47_90_113,24,90,113,54000,67800,1,0.5128383,1
train,47,data_47.csv,onset_leak,47_91_114,24,91,114,54600,68400,1,0.49602342,1
train,47,data_47.csv,onset_leak,47_92_115,24,92,115,55200,69000,1,0.46022844,1
train,47,data_47.csv,onset_leak,47_93_116,24,93,116,55800,69600,1,0.4333591,1
train,47,data_47.csv,onset_leak,47_94_117,24,94,117,56400,70200,1,0.39850816,1
train,47,data_47.csv,onset_leak,47_95_118,24,95,118,57000,70800,1,0.38106766,1
train,47,data_47.csv,onset_leak,47_96_119,24,96,119,57600,71400,1,0.35772747,1
train,47,data_47.csv,onset_leak,47_97_120,24,97,120,58200,72000,1,0.35771543,1
train,47,data_47.csv,onset_leak,47_98_121,24,98,121,58800,72600,1,0.3405737,1
train,47,data_47.csv,onset_leak,47_99_122,24,99,122,59400,73200,1,0.32211858,1
train,47,data_47.csv,onset_leak,47_100_123,24,100,123,60000,73800,1,0.31389734,1
train,47,data_47.csv,onset_leak,47_101_124,24,101,124,60600,74400,1,0.315669,1
train,47,data_47.csv,onset_leak,47_102_125,24,102,125,61200,75000,1,0.32302153,1
train,47,data_47.csv,onset_leak,47_103_126,24,103,126,61800,75600,1,0.35729787,1
train,47,data_47.csv,onset_leak,47_104_127,24,104,127,62400,76200,1,0.37725508,1
train,47,data_47.csv,onset_leak,47_105_128,24,105,128,63000,76800,1,0.39659315,1
train,47,data_47.csv,onset_leak,47_106_129,24,106,129,63600,77400,1,0.42224878,1
train,47,data_47.csv,onset_leak,47_107_130,24,107,130,64200,78000,1,0.46670157,1
train,47,data_47.csv,onset_leak,47_108_131,24,108,131,64800,78600,1,0.5168542,1
train,47,data_47.csv,onset_leak,47_109_132,24,109,132,65400,79200,1,0.4875631,1
train,47,data_47.csv,onset_leak,47_110_133,24,110,133,66000,79800,1,0.48057127,1
train,47,data_47.csv,onset_leak,47_111_134,24,111,134,66600,80400,1,0.500918,1
train,47,data_47.csv,onset_leak,47_112_135,24,112,135,67200,81000,1,0.50701916,1
train,47,data_47.csv,onset_leak,47_113_136,24,113,136,67800,81600,1,0.5164952,1
train,47,data_47.csv,onset_leak,47_114_137,24,114,137,68400,82200,1,0.53335,1
train,47,data_47.csv,onset_leak,47_115_138,24,115,138,69000,82800,1,0.5162467,1
train,47,data_47.csv,onset_leak,47_116_139,24,116,139,69600,83400,1,0.5178431,1
train,47,data_47.csv,onset_leak,47_117_140,24,117,140,70200,84000,1,0.5358588,1
train,47,data_47.csv,onset_leak,47_118_141,24,118,141,70800,84600,1,0.5516016,1
train,47,data_47.csv,onset_leak,47_119_142,24,119,142,71400,85200,1,0.5544013,1
train,47,data_47.csv,onset_leak,47_120_143,24,120,143,72000,85800,1,0.5556457,1
train,47,data_47.csv,onset_leak,47_121_144,24,121,144,72600,86400,1,0.56549764,1
train,51,data_51.csv,persistent_leak,51_0_23,24,0,23,0,13800,1,0.23917316,0
train,51,data_51.csv,persistent_leak,51_1_24,24,1,24,600,14400,1,0.23838359,0
train,51,data_51.csv,persistent_leak,51_2_25,24,2,25,1200,15000,1,0.2375036,0
train,51,data_51.csv,persistent_leak,51_3_26,24,3,26,1800,15600,1,0.23578644,0
train,51,data_51.csv,persistent_leak,51_4_27,24,4,27,2400,16200,1,0.23360308,0
train,51,data_51.csv,persistent_leak,51_5_28,24,5,28,3000,16800,1,0.23194805,0
train,51,data_51.csv,persistent_leak,51_6_29,24,6,29,3600,17400,1,0.23038933,0
train,51,data_51.csv,persistent_leak,51_7_30,24,7,30,4200,18000,1,0.22637177,0
train,51,data_51.csv,persistent_leak,51_8_31,24,8,31,4800,18600,1,0.22356318,0
train,51,data_51.csv,persistent_leak,51_9_32,24,9,32,5400,19200,1,0.2192179,0
train,51,data_51.csv,persistent_leak,51_10_33,24,10,33,6000,19800,1,0.21418986,0
train,51,data_51.csv,persistent_leak,51_11_34,24,11,34,6600,20400,1,0.21323396,0
train,51,data_51.csv,persistent_leak,51_12_35,24,12,35,7200,21000,1,0.21058495,0
train,51,data_51.csv,persistent_leak,51_13_36,24,13,36,7800,21600,1,0.20499118,0
train,51,data_51.csv,persistent_leak,51_14_37,24,14,37,8400,22200,1,0.19782254,0
train,51,data_51.csv,persistent_leak,51_15_38,24,15,38,9000,22800,1,0.19504301,0
train,51,data_51.csv,persistent_leak,51_16_39,24,16,39,9600,23400,1,0.19000448,0
train,51,data_51.csv,persistent_leak,51_17_40,24,17,40,10200,24000,1,0.189448,0
train,51,data_51.csv,persistent_leak,51_18_41,24,18,41,10800,24600,1,0.18686594,0
train,51,data_51.csv,persistent_leak,51_19_42,24,19,42,11400,25200,1,0.183717,0
train,51,data_51.csv,persistent_leak,51_20_43,24,20,43,12000,25800,1,0.17734717,0
train,51,data_51.csv,persistent_leak,51_21_44,24,21,44,12600,26400,1,0.17616132,0
train,51,data_51.csv,persistent_leak,51_22_45,24,22,45,13200,27000,1,0.17721277,0
train,51,data_51.csv,persistent_leak,51_23_46,24,23,46,13800,27600,1,0.17786242,0
train,51,data_51.csv,persistent_leak,51_24_47,24,24,47,14400,28200,1,0.17779867,0
train,51,data_51.csv,persistent_leak,51_25_48,24,25,48,15000,28800,1,0.17873773,0
train,51,data_51.csv,persistent_leak,51_26_49,24,26,49,15600,29400,1,0.17944382,0
train,51,data_51.csv,persistent_leak,51_27_50,24,27,50,16200,30000,1,0.18678911,0
train,51,data_51.csv,persistent_leak,51_28_51,24,28,51,16800,30600,1,0.19601636,0
train,51,data_51.csv,persistent_leak,51_29_52,24,29,52,17400,31200,1,0.20382154,0
train,51,data_51.csv,persistent_leak,51_30_53,24,30,53,18000,31800,1,0.21194285,0
train,51,data_51.csv,persistent_leak,51_31_54,24,31,54,18600,32400,1,0.21200666,0
train,51,data_51.csv,persistent_leak,51_32_55,24,32,55,19200,33000,1,0.21263924,0
train,51,data_51.csv,persistent_leak,51_33_56,24,33,56,19800,33600,1,0.2191288,0
train,51,data_51.csv,persistent_leak,51_34_57,24,34,57,20400,34200,1,0.22733429,0
train,51,data_51.csv,persistent_leak,51_35_58,24,35,58,21000,34800,1,0.23579593,0
train,51,data_51.csv,persistent_leak,51_36_59,24,36,59,21600,35400,1,0.24379858,0
train,51,data_51.csv,persistent_leak,51_37_60,24,37,60,22200,36000,1,0.23912849,0
train,51,data_51.csv,persistent_leak,51_38_61,24,38,61,22800,36600,1,0.23494253,0
train,51,data_51.csv,persistent_leak,51_39_62,24,39,62,23400,37200,1,0.24001473,0
train,51,data_51.csv,persistent_leak,51_40_63,24,40,63,24000,37800,1,0.24358784,0
train,51,data_51.csv,persistent_leak,51_41_64,24,41,64,24600,38400,1,0.2519472,0
train,51,data_51.csv,persistent_leak,51_42_65,24,42,65,25200,39000,1,0.2580973,0
train,51,data_51.csv,persistent_leak,51_43_66,24,43,66,25800,39600,1,0.25487044,0
train,51,data_51.csv,persistent_leak,51_44_67,24,44,67,26400,40200,1,0.25164044,0
train,51,data_51.csv,persistent_leak,51_45_68,24,45,68,27000,40800,1,0.2549588,0
train,51,data_51.csv,persistent_leak,51_46_69,24,46,69,27600,41400,1,0.25892723,0
train,51,data_51.csv,persistent_leak,51_47_70,24,47,70,28200,42000,1,0.27863345,0
train,51,data_51.csv,persistent_leak,51_48_71,24,48,71,28800,42600,1,0.31496724,1
train,51,data_51.csv,persistent_leak,51_49_72,24,49,72,29400,43200,1,0.36218002,1
train,51,data_51.csv,persistent_leak,51_50_73,24,50,73,30000,43800,1,0.381436,1
train,51,data_51.csv,persistent_leak,51_51_74,24,51,74,30600,44400,1,0.40241206,1
train,51,data_51.csv,persistent_leak,51_52_75,24,52,75,31200,45000,1,0.4289369,1
train,51,data_51.csv,persistent_leak,51_53_76,24,53,76,31800,45600,1,0.4921929,1
train,51,data_51.csv,persistent_leak,51_54_77,24,54,77,32400,46200,1,0.55822724,1
train,51,data_51.csv,persistent_leak,51_55_78,24,55,78,33000,46800,1,0.5747547,1
train,51,data_51.csv,persistent_leak,51_56_79,24,56,79,33600,47400,1,0.5874338,1
train,51,data_51.csv,persistent_leak,51_57_80,24,57,80,34200,48000,1,0.61479264,1
train,51,data_51.csv,persistent_leak,51_58_81,24,58,81,34800,48600,1,0.6166745,1
train,51,data_51.csv,persistent_leak,51_59_82,24,59,82,35400,49200,1,0.63255703,1
train,51,data_51.csv,persistent_leak,51_60_83,24,60,83,36000,49800,1,0.64888394,1
train,51,data_51.csv,persistent_leak,51_61_84,24,61,84,36600,50400,1,0.6275368,1
train,51,data_51.csv,persistent_leak,51_62_85,24,62,85,37200,51000,1,0.6095677,1
train,51,data_51.csv,persistent_leak,51_63_86,24,63,86,37800,51600,1,0.61834276,1
train,51,data_51.csv,persistent_leak,51_64_87,24,64,87,38400,52200,1,0.6176479,1
train,51,data_51.csv,persistent_leak,51_65_88,24,65,88,39000,52800,1,0.63160187,1
train,51,data_51.csv,persistent_leak,51_66_89,24,66,89,39600,53400,1,0.6288339,1
train,51,data_51.csv,persistent_leak,51_67_90,24,67,90,40200,54000,1,0.62360424,1
train,51,data_51.csv,persistent_leak,51_68_91,24,68,91,40800,54600,1,0.61219066,1
train,51,data_51.csv,persistent_leak,51_69_92,24,69,92,41400,55200,1,0.6094676,1
train,51,data_51.csv,persistent_leak,51_70_93,24,70,93,42000,55800,1,0.61287844,1
train,51,data_51.csv,persistent_leak,51_71_94,24,71,94,42600,56400,1,0.6128058,1
train,51,data_51.csv,persistent_leak,51_72_95,24,72,95,43200,57000,1,0.6106263,1
train,51,data_51.csv,persistent_leak,51_73_96,24,73,96,43800,57600,1,0.60964096,1
train,51,data_51.csv,persistent_leak,51_74_97,24,74,97,44400,58200,1,0.59966946,1
train,51,data_51.csv,persistent_leak,51_75_98,24,75,98,45000,58800,1,0.5853196,1
train,51,data_51.csv,persistent_leak,51_76_99,24,76,99,45600,59400,1,0.58393997,1
train,51,data_51.csv,persistent_leak,51_77_100,24,77,100,46200,60000,1,0.56689954,1
train,51,data_51.csv,persistent_leak,51_78_101,24,78,101,46800,60600,1,0.5587797,1
train,51,data_51.csv,persistent_leak,51_79_102,24,79,102,47400,61200,1,0.5729883,1
train,51,data_51.csv,persistent_leak,51_80_103,24,80,103,48000,61800,1,0.57876307,1
train,51,data_51.csv,persistent_leak,51_81_104,24,81,104,48600,62400,1,0.575365,1
train,51,data_51.csv,persistent_leak,51_82_105,24,82,105,49200,63000,1,0.575467,1
train,51,data_51.csv,persistent_leak,51_83_106,24,83,106,49800,63600,1,0.5804687,1
train,51,data_51.csv,persistent_leak,51_84_107,24,84,107,50400,64200,1,0.5929739,1
train,51,data_51.csv,persistent_leak,51_85_108,24,85,108,51000,64800,1,0.617515,1
train,51,data_51.csv,persistent_leak,51_86_109,24,86,109,51600,65400,1,0.63518304,1
train,51,data_51.csv,persistent_leak,51_87_110,24,87,110,52200,66000,1,0.6482858,1
train,51,data_51.csv,persistent_leak,51_88_111,24,88,111,52800,66600,1,0.6571737,1
train,51,data_51.csv,persistent_leak,51_89_112,24,89,112,53400,67200,1,0.67600256,1
train,51,data_51.csv,persistent_leak,51_90_113,24,90,113,54000,67800,1,0.69364625,1
train,51,data_51.csv,persistent_leak,51_91_114,24,91,114,54600,68400,1,0.67832494,1
train,51,data_51.csv,persistent_leak,51_92_115,24,92,115,55200,69000,1,0.6749361,1
train,51,data_51.csv,persistent_leak,51_93_116,24,93,116,55800,69600,1,0.6829705,1
train,51,data_51.csv,persistent_leak,51_94_117,24,94,117,56400,70200,1,0.675083,1
train,51,data_51.csv,persistent_leak,51_95_118,24,95,118,57000,70800,1,0.67613757,1
train,51,data_51.csv,persistent_leak,51_96_119,24,96,119,57600,71400,1,0.6792654,1
train,51,data_51.csv,persistent_leak,51_97_120,24,97,120,58200,72000,1,0.62127,1
train,51,data_51.csv,persistent_leak,51_98_121,24,98,121,58800,72600,1,0.5855675,1
train,51,data_51.csv,persistent_leak,51_99_122,24,99,122,59400,73200,1,0.58907753,1
train,51,data_51.csv,persistent_leak,51_100_123,24,100,123,60000,73800,1,0.59397316,1
train,51,data_51.csv,persistent_leak,51_101_124,24,101,124,60600,74400,1,0.59669864,1
train,51,data_51.csv,persistent_leak,51_102_125,24,102,125,61200,75000,1,0.5820629,1
train,51,data_51.csv,persistent_leak,51_103_126,24,103,126,61800,75600,1,0.57463723,1
train,51,data_51.csv,persistent_leak,51_104_127,24,104,127,62400,76200,1,0.55897456,1
train,51,data_51.csv,persistent_leak,51_105_128,24,105,128,63000,76800,1,0.5720883,1
train,51,data_51.csv,persistent_leak,51_106_129,24,106,129,63600,77400,1,0.5808774,1
train,51,data_51.csv,persistent_leak,51_107_130,24,107,130,64200,78000,1,0.59065485,1
train,51,data_51.csv,persistent_leak,51_108_131,24,108,131,64800,78600,1,0.5880465,1
train,51,data_51.csv,persistent_leak,51_109_132,24,109,132,65400,79200,1,0.5872198,1
train,51,data_51.csv,persistent_leak,51_110_133,24,110,133,66000,79800,1,0.5891913,1
train,51,data_51.csv,persistent_leak,51_111_134,24,111,134,66600,80400,1,0.5958603,1
train,51,data_51.csv,persistent_leak,51_112_135,24,112,135,67200,81000,1,0.5941823,1
train,51,data_51.csv,persistent_leak,51_113_136,24,113,136,67800,81600,1,0.60215056,1
train,51,data_51.csv,persistent_leak,51_114_137,24,114,137,68400,82200,1,0.6120296,1
train,51,data_51.csv,persistent_leak,51_115_138,24,115,138,69000,82800,1,0.60991216,1
train,51,data_51.csv,persistent_leak,51_116_139,24,116,139,69600,83400,1,0.60591125,1
train,51,data_51.csv,persistent_leak,51_117_140,24,117,140,70200,84000,1,0.5999046,1
train,51,data_51.csv,persistent_leak,51_118_141,24,118,141,70800,84600,1,0.5736012,1
train,51,data_51.csv,persistent_leak,51_119_142,24,119,142,71400,85200,1,0.552723,1
train,51,data_51.csv,persistent_leak,51_120_143,24,120,143,72000,85800,1,0.5293639,1
train,51,data_51.csv,persistent_leak,51_121_144,24,121,144,72600,86400,1,0.50442743,1
train,52,data_52.csv,persistent_leak,52_0_23,24,0,23,0,13800,1,0.24461937,0
train,52,data_52.csv,persistent_leak,52_1_24,24,1,24,600,14400,1,0.24183913,0
train,52,data_52.csv,persistent_leak,52_2_25,24,2,25,1200,15000,1,0.23822734,0
train,52,data_52.csv,persistent_leak,52_3_26,24,3,26,1800,15600,1,0.23311321,0
train,52,data_52.csv,persistent_leak,52_4_27,24,4,27,2400,16200,1,0.22718291,0
train,52,data_52.csv,persistent_leak,52_5_28,24,5,28,3000,16800,1,0.22273695,0
train,52,data_52.csv,persistent_leak,52_6_29,24,6,29,3600,17400,1,0.21848941,0
train,52,data_52.csv,persistent_leak,52_7_30,24,7,30,4200,18000,1,0.21542734,0
train,52,data_52.csv,persistent_leak,52_8_31,24,8,31,4800,18600,1,0.21242672,0
train,52,data_52.csv,persistent_leak,52_9_32,24,9,32,5400,19200,1,0.20832567,0
train,52,data_52.csv,persistent_leak,52_10_33,24,10,33,6000,19800,1,0.20336185,0
train,52,data_52.csv,persistent_leak,52_11_34,24,11,34,6600,20400,1,0.20119755,0
train,52,data_52.csv,persistent_leak,52_12_35,24,12,35,7200,21000,1,0.19860193,0
train,52,data_52.csv,persistent_leak,52_13_36,24,13,36,7800,21600,1,0.19453815,0
train,52,data_52.csv,persistent_leak,52_14_37,24,14,37,8400,22200,1,0.19008939,0
train,52,data_52.csv,persistent_leak,52_15_38,24,15,38,9000,22800,1,0.18758792,0
train,52,data_52.csv,persistent_leak,52_16_39,24,16,39,9600,23400,1,0.18380561,0
train,52,data_52.csv,persistent_leak,52_17_40,24,17,40,10200,24000,1,0.18314344,0
train,52,data_52.csv,persistent_leak,52_18_41,24,18,41,10800,24600,1,0.18096316,0
train,52,data_52.csv,persistent_leak,52_19_42,24,19,42,11400,25200,1,0.17797668,0
train,52,data_52.csv,persistent_leak,52_20_43,24,20,43,12000,25800,1,0.17308027,0
train,52,data_52.csv,persistent_leak,52_21_44,24,21,44,12600,26400,1,0.17184,0
train,52,data_52.csv,persistent_leak,52_22_45,24,22,45,13200,27000,1,0.17099582,0
train,52,data_52.csv,persistent_leak,52_23_46,24,23,46,13800,27600,1,0.171387,0
train,52,data_52.csv,persistent_leak,52_24_47,24,24,47,14400,28200,1,0.17065582,0
train,52,data_52.csv,persistent_leak,52_25_48,24,25,48,15000,28800,1,0.1697052,0
train,52,data_52.csv,persistent_leak,52_26_49,24,26,49,15600,29400,1,0.1676629,0
train,52,data_52.csv,persistent_leak,52_27_50,24,27,50,16200,30000,1,0.17035286,0
train,52,data_52.csv,persistent_leak,52_28_51,24,28,51,16800,30600,1,0.17416096,0
train,52,data_52.csv,persistent_leak,52_29_52,24,29,52,17400,31200,1,0.17793816,0
train,52,data_52.csv,persistent_leak,52_30_53,24,30,53,18000,31800,1,0.18113314,0
train,52,data_52.csv,persistent_leak,52_31_54,24,31,54,18600,32400,1,0.18152954,0
train,52,data_52.csv,persistent_leak,52_32_55,24,32,55,19200,33000,1,0.1815151,0
train,52,data_52.csv,persistent_leak,52_33_56,24,33,56,19800,33600,1,0.18702616,0
train,52,data_52.csv,persistent_leak,52_34_57,24,34,57,20400,34200,1,0.19396876,0
train,52,data_52.csv,persistent_leak,52_35_58,24,35,58,21000,34800,1,0.20006855,0
train,52,data_52.csv,persistent_leak,52_36_59,24,36,59,21600,35400,1,0.20610638,0
train,52,data_52.csv,persistent_leak,52_37_60,24,37,60,22200,36000,1,0.20591308,0
train,52,data_52.csv,persistent_leak,52_38_61,24,38,61,22800,36600,1,0.2058548,0
train,52,data_52.csv,persistent_leak,52_39_62,24,39,62,23400,37200,1,0.21123175,0
train,52,data_52.csv,persistent_leak,52_40_63,24,40,63,24000,37800,1,0.21765165,0
train,52,data_52.csv,persistent_leak,52_41_64,24,41,64,24600,38400,1,0.22448368,0
train,52,data_52.csv,persistent_leak,52_42_65,24,42,65,25200,39000,1,0.23081593,0
train,52,data_52.csv,persistent_leak,52_43_66,24,43,66,25800,39600,1,0.22851141,0
train,52,data_52.csv,persistent_leak,52_44_67,24,44,67,26400,40200,1,0.22615094,0
train,52,data_52.csv,persistent_leak,52_45_68,24,45,68,27000,40800,1,0.23146576,0
train,52,data_52.csv,persistent_leak,52_46_69,24,46,69,27600,41400,1,0.23667702,0
train,52,data_52.csv,persistent_leak,52_47_70,24,47,70,28200,42000,1,0.24360187,0
train,52,data_52.csv,persistent_leak,52_48_71,24,48,71,28800,42600,1,0.24956855,0
train,52,data_52.csv,persistent_leak,52_49_72,24,49,72,29400,43200,1,0.24840936,0
train,52,data_52.csv,persistent_leak,52_50_73,24,50,73,30000,43800,1,0.24511409,0
train,52,data_52.csv,persistent_leak,52_51_74,24,51,74,30600,44400,1,0.25047493,0
train,52,data_52.csv,persistent_leak,52_52_75,24,52,75,31200,45000,1,0.2592302,0
train,52,data_52.csv,persistent_leak,52_53_76,24,53,76,31800,45600,1,0.26594636,0
train,52,data_52.csv,persistent_leak,52_54_77,24,54,77,32400,46200,1,0.27140352,0
train,52,data_52.csv,persistent_leak,52_55_78,24,55,78,33000,46800,1,0.27173784,0
train,52,data_52.csv,persistent_leak,52_56_79,24,56,79,33600,47400,1,0.2771038,0
train,52,data_52.csv,persistent_leak,52_57_80,24,57,80,34200,48000,1,0.2884333,0
train,52,data_52.csv,persistent_leak,52_58_81,24,58,81,34800,48600,1,0.3038621,1
train,52,data_52.csv,persistent_leak,52_59_82,24,59,82,35400,49200,1,0.31527513,1
train,52,data_52.csv,persistent_leak,52_60_83,24,60,83,36000,49800,1,0.32729778,1
train,52,data_52.csv,persistent_leak,52_61_84,24,61,84,36600,50400,1,0.33259815,1
train,52,data_52.csv,persistent_leak,52_62_85,24,62,85,37200,51000,1,0.33897787,1
train,52,data_52.csv,persistent_leak,52_63_86,24,63,86,37800,51600,1,0.35438117,1
train,52,data_52.csv,persistent_leak,52_64_87,24,64,87,38400,52200,1,0.37504065,1
train,52,data_52.csv,persistent_leak,52_65_88,24,65,88,39000,52800,1,0.38725576,1
train,52,data_52.csv,persistent_leak,52_66_89,24,66,89,39600,53400,1,0.40190125,1
train,52,data_52.csv,persistent_leak,52_67_90,24,67,90,40200,54000,1,0.41228113,1
train,52,data_52.csv,persistent_leak,52_68_91,24,68,91,40800,54600,1,0.4235952,1
train,52,data_52.csv,persistent_leak,52_69_92,24,69,92,41400,55200,1,0.43789256,1
train,52,data_52.csv,persistent_leak,52_70_93,24,70,93,42000,55800,1,0.4584233,1
train,52,data_52.csv,persistent_leak,52_71_94,24,71,94,42600,56400,1,0.46346495,1
train,52,data_52.csv,persistent_leak,52_72_95,24,72,95,43200,57000,1,0.47515938,1
train,52,data_52.csv,persistent_leak,52_73_96,24,73,96,43800,57600,1,0.4787662,1
train,52,data_52.csv,persistent_leak,52_74_97,24,74,97,44400,58200,1,0.4930047,1
train,52,data_52.csv,persistent_leak,52_75_98,24,75,98,45000,58800,1,0.50609916,1
train,52,data_52.csv,persistent_leak,52_76_99,24,76,99,45600,59400,1,0.51365846,1
train,52,data_52.csv,persistent_leak,52_77_100,24,77,100,46200,60000,1,0.5189655,1
train,52,data_52.csv,persistent_leak,52_78_101,24,78,101,46800,60600,1,0.52491957,1
train,52,data_52.csv,persistent_leak,52_79_102,24,79,102,47400,61200,1,0.5287365,1
train,52,data_52.csv,persistent_leak,52_80_103,24,80,103,48000,61800,1,0.5352333,1
train,52,data_52.csv,persistent_leak,52_81_104,24,81,104,48600,62400,1,0.5401106,1
train,52,data_52.csv,persistent_leak,52_82_105,24,82,105,49200,63000,1,0.54188246,1
train,52,data_52.csv,persistent_leak,52_83_106,24,83,106,49800,63600,1,0.5454012,1
train,52,data_52.csv,persistent_leak,52_84_107,24,84,107,50400,64200,1,0.55020076,1
train,52,data_52.csv,persistent_leak,52_85_108,24,85,108,51000,64800,1,0.5498815,1
train,52,data_52.csv,persistent_leak,52_86_109,24,86,109,51600,65400,1,0.5477164,1
train,52,data_52.csv,persistent_leak,52_87_110,24,87,110,52200,66000,1,0.5448727,1
train,52,data_52.csv,persistent_leak,52_88_111,24,88,111,52800,66600,1,0.5346144,1
train,52,data_52.csv,persistent_leak,52_89_112,24,89,112,53400,67200,1,0.53013253,1
train,52,data_52.csv,persistent_leak,52_90_113,24,90,113,54000,67800,1,0.52586406,1
train,52,data_52.csv,persistent_leak,52_91_114,24,91,114,54600,68400,1,0.5118193,1
train,52,data_52.csv,persistent_leak,52_92_115,24,92,115,55200,69000,1,0.4955023,1
train,52,data_52.csv,persistent_leak,52_93_116,24,93,116,55800,69600,1,0.47408023,1
train,52,data_52.csv,persistent_leak,52_94_117,24,94,117,56400,70200,1,0.44870308,1
train,52,data_52.csv,persistent_leak,52_95_118,24,95,118,57000,70800,1,0.4306113,1
train,52,data_52.csv,persistent_leak,52_96_119,24,96,119,57600,71400,1,0.40958816,1
train,52,data_52.csv,persistent_leak,52_97_120,24,97,120,58200,72000,1,0.40721694,1
train,52,data_52.csv,persistent_leak,52_98_121,24,98,121,58800,72600,1,0.3996951,1
train,52,data_52.csv,persistent_leak,52_99_122,24,99,122,59400,73200,1,0.38961685,1
train,52,data_52.csv,persistent_leak,52_100_123,24,100,123,60000,73800,1,0.38428533,1
train,52,data_52.csv,persistent_leak,52_101_124,24,101,124,60600,74400,1,0.3739693,1
train,52,data_52.csv,persistent_leak,52_102_125,24,102,125,61200,75000,1,0.3656685,1
train,52,data_52.csv,persistent_leak,52_103_126,24,103,126,61800,75600,1,0.37385574,1
train,52,data_52.csv,persistent_leak,52_104_127,24,104,127,62400,76200,1,0.3844729,1
train,52,data_52.csv,persistent_leak,52_105_128,24,105,128,63000,76800,1,0.39404577,1
train,52,data_52.csv,persistent_leak,52_106_129,24,106,129,63600,77400,1,0.4031772,1
train,52,data_52.csv,persistent_leak,52_107_130,24,107,130,64200,78000,1,0.40681168,1
train,52,data_52.csv,persistent_leak,52_108_131,24,108,131,64800,78600,1,0.4138534,1
train,52,data_52.csv,persistent_leak,52_109_132,24,109,132,65400,79200,1,0.41933748,1
train,52,data_52.csv,persistent_leak,52_110_133,24,110,133,66000,79800,1,0.4288428,1
train,52,data_52.csv,persistent_leak,52_111_134,24,111,134,66600,80400,1,0.4335051,1
train,52,data_52.csv,persistent_leak,52_112_135,24,112,135,67200,81000,1,0.43420622,1
train,52,data_52.csv,persistent_leak,52_113_136,24,113,136,67800,81600,1,0.43270177,1
train,52,data_52.csv,persistent_leak,52_114_137,24,114,137,68400,82200,1,0.4348703,1
train,52,data_52.csv,persistent_leak,52_115_138,24,115,138,69000,82800,1,0.43521243,1
train,52,data_52.csv,persistent_leak,52_116_139,24,116,139,69600,83400,1,0.44017228,1
train,52,data_52.csv,persistent_leak,52_117_140,24,117,140,70200,84000,1,0.43614095,1
train,52,data_52.csv,persistent_leak,52_118_141,24,118,141,70800,84600,1,0.4265684,1
train,52,data_52.csv,persistent_leak,52_119_142,24,119,142,71400,85200,1,0.41956684,1
train,52,data_52.csv,persistent_leak,52_120_143,24,120,143,72000,85800,1,0.41448453,1
train,52,data_52.csv,persistent_leak,52_121_144,24,121,144,72600,86400,1,0.40746856,1
train,54,data_54.csv,persistent_leak,54_0_23,24,0,23,0,13800,1,0.19624051,0
train,54,data_54.csv,persistent_leak,54_1_24,24,1,24,600,14400,1,0.19618306,0
train,54,data_54.csv,persistent_leak,54_2_25,24,2,25,1200,15000,1,0.19601235,0
train,54,data_54.csv,persistent_leak,54_3_26,24,3,26,1800,15600,1,0.19781882,0
train,54,data_54.csv,persistent_leak,54_4_27,24,4,27,2400,16200,1,0.19993366,0
train,54,data_54.csv,persistent_leak,54_5_28,24,5,28,3000,16800,1,0.20200977,0
train,54,data_54.csv,persistent_leak,54_6_29,24,6,29,3600,17400,1,0.20387177,0
train,54,data_54.csv,persistent_leak,54_7_30,24,7,30,4200,18000,1,0.20164469,0
train,54,data_54.csv,persistent_leak,54_8_31,24,8,31,4800,18600,1,0.19945388,0
train,54,data_54.csv,persistent_leak,54_9_32,24,9,32,5400,19200,1,0.19946015,0
train,54,data_54.csv,persistent_leak,54_10_33,24,10,33,6000,19800,1,0.19862117,0
train,54,data_54.csv,persistent_leak,54_11_34,24,11,34,6600,20400,1,0.20089413,0
train,54,data_54.csv,persistent_leak,54_12_35,24,12,35,7200,21000,1,0.20155841,0
train,54,data_54.csv,persistent_leak,54_13_36,24,13,36,7800,21600,1,0.19649227,0
train,54,data_54.csv,persistent_leak,54_14_37,24,14,37,8400,22200,1,0.1902241,0
train,54,data_54.csv,persistent_leak,54_15_38,24,15,38,9000,22800,1,0.1901699,0
train,54,data_54.csv,persistent_leak,54_16_39,24,16,39,9600,23400,1,0.18849158,0
train,54,data_54.csv,persistent_leak,54_17_40,24,17,40,10200,24000,1,0.1904676,0
train,54,data_54.csv,persistent_leak,54_18_41,24,18,41,10800,24600,1,0.19070446,0
train,54,data_54.csv,persistent_leak,54_19_42,24,19,42,11400,25200,1,0.1875691,0
train,54,data_54.csv,persistent_leak,54_20_43,24,20,43,12000,25800,1,0.18143605,0
train,54,data_54.csv,persistent_leak,54_21_44,24,21,44,12600,26400,1,0.18224113,0
train,54,data_54.csv,persistent_leak,54_22_45,24,22,45,13200,27000,1,0.18589959,0
train,54,data_54.csv,persistent_leak,54_23_46,24,23,46,13800,27600,1,0.18892123,0
train,54,data_54.csv,persistent_leak,54_24_47,24,24,47,14400,28200,1,0.19118695,0
train,54,data_54.csv,persistent_leak,54_25_48,24,25,48,15000,28800,1,0.19068624,0
train,54,data_54.csv,persistent_leak,54_26_49,24,26,49,15600,29400,1,0.19282238,0
train,54,data_54.csv,persistent_leak,54_27_50,24,27,50,16200,30000,1,0.20234448,0
train,54,data_54.csv,persistent_leak,54_28_51,24,28,51,16800,30600,1,0.21478699,0
train,54,data_54.csv,persistent_leak,54_29_52,24,29,52,17400,31200,1,0.22536024,0
train,54,data_54.csv,persistent_leak,54_30_53,24,30,53,18000,31800,1,0.23547895,0
train,54,data_54.csv,persistent_leak,54_31_54,24,31,54,18600,32400,1,0.23631665,0
train,54,data_54.csv,persistent_leak,54_32_55,24,32,55,19200,33000,1,0.24192782,0
train,54,data_54.csv,persistent_leak,54_33_56,24,33,56,19800,33600,1,0.2537583,0
train,54,data_54.csv,persistent_leak,54_34_57,24,34,57,20400,34200,1,0.26987028,0
train,54,data_54.csv,persistent_leak,54_35_58,24,35,58,21000,34800,1,0.28161538,0
train,54,data_54.csv,persistent_leak,54_36_59,24,36,59,21600,35400,1,0.29412177,0
train,54,data_54.csv,persistent_leak,54_37_60,24,37,60,22200,36000,1,0.29692936,0
train,54,data_54.csv,persistent_leak,54_38_61,24,38,61,22800,36600,1,0.3049894,1
train,54,data_54.csv,persistent_leak,54_39_62,24,39,62,23400,37200,1,0.31960618,1
train,54,data_54.csv,persistent_leak,54_40_63,24,40,63,24000,37800,1,0.33825287,1
train,54,data_54.csv,persistent_leak,54_41_64,24,41,64,24600,38400,1,0.35148108,1
train,54,data_54.csv,persistent_leak,54_42_65,24,42,65,25200,39000,1,0.366407,1
train,54,data_54.csv,persistent_leak,54_43_66,24,43,66,25800,39600,1,0.37030303,1
train,54,data_54.csv,persistent_leak,54_44_67,24,44,67,26400,40200,1,0.37748393,1
train,54,data_54.csv,persistent_leak,54_45_68,24,45,68,27000,40800,1,0.38859338,1
train,54,data_54.csv,persistent_leak,54_46_69,24,46,69,27600,41400,1,0.39627078,1
train,54,data_54.csv,persistent_leak,54_47_70,24,47,70,28200,42000,1,0.41867265,1
train,54,data_54.csv,persistent_leak,54_48_71,24,48,71,28800,42600,1,0.44589058,1
train,54,data_54.csv,persistent_leak,54_49_72,24,49,72,29400,43200,1,0.48750842,1
train,54,data_54.csv,persistent_leak,54_50_73,24,50,73,30000,43800,1,0.51017004,1
train,54,data_54.csv,persistent_leak,54_51_74,24,51,74,30600,44400,1,0.53194237,1
train,54,data_54.csv,persistent_leak,54_52_75,24,52,75,31200,45000,1,0.55060154,1
train,54,data_54.csv,persistent_leak,54_53_76,24,53,76,31800,45600,1,0.60189587,1
train,54,data_54.csv,persistent_leak,54_54_77,24,54,77,32400,46200,1,0.63609123,1
train,54,data_54.csv,persistent_leak,54_55_78,24,55,78,33000,46800,1,0.64048254,1
train,54,data_54.csv,persistent_leak,54_56_79,24,56,79,33600,47400,1,0.6450319,1
train,54,data_54.csv,persistent_leak,54_57_80,24,57,80,34200,48000,1,0.65595007,1
train,54,data_54.csv,persistent_leak,54_58_81,24,58,81,34800,48600,1,0.65056956,1
train,54,data_54.csv,persistent_leak,54_59_82,24,59,82,35400,49200,1,0.6576526,1
train,54,data_54.csv,persistent_leak,54_60_83,24,60,83,36000,49800,1,0.6702322,1
train,54,data_54.csv,persistent_leak,54_61_84,24,61,84,36600,50400,1,0.66661495,1
train,54,data_54.csv,persistent_leak,54_62_85,24,62,85,37200,51000,1,0.66243637,1
train,54,data_54.csv,persistent_leak,54_63_86,24,63,86,37800,51600,1,0.67330974,1
train,54,data_54.csv,persistent_leak,54_64_87,24,64,87,38400,52200,1,0.6682628,1
train,54,data_54.csv,persistent_leak,54_65_88,24,65,88,39000,52800,1,0.67774713,1
train,54,data_54.csv,persistent_leak,54_66_89,24,66,89,39600,53400,1,0.6821121,1
train,54,data_54.csv,persistent_leak,54_67_90,24,67,90,40200,54000,1,0.65632236,1
train,54,data_54.csv,persistent_leak,54_68_91,24,68,91,40800,54600,1,0.64218736,1
train,54,data_54.csv,persistent_leak,54_69_92,24,69,92,41400,55200,1,0.6433701,1
train,54,data_54.csv,persistent_leak,54_70_93,24,70,93,42000,55800,1,0.64370334,1
train,54,data_54.csv,persistent_leak,54_71_94,24,71,94,42600,56400,1,0.6422528,1
train,54,data_54.csv,persistent_leak,54_72_95,24,72,95,43200,57000,1,0.6334018,1
train,54,data_54.csv,persistent_leak,54_73_96,24,73,96,43800,57600,1,0.6128708,1
train,54,data_54.csv,persistent_leak,54_74_97,24,74,97,44400,58200,1,0.5912385,1
train,54,data_54.csv,persistent_leak,54_75_98,24,75,98,45000,58800,1,0.58482915,1
train,54,data_54.csv,persistent_leak,54_76_99,24,76,99,45600,59400,1,0.59031385,1
train,54,data_54.csv,persistent_leak,54_77_100,24,77,100,46200,60000,1,0.5793736,1
train,54,data_54.csv,persistent_leak,54_78_101,24,78,101,46800,60600,1,0.56322926,1
train,54,data_54.csv,persistent_leak,54_79_102,24,79,102,47400,61200,1,0.56531394,1
train,54,data_54.csv,persistent_leak,54_80_103,24,80,103,48000,61800,1,0.55558586,1
train,54,data_54.csv,persistent_leak,54_81_104,24,81,104,48600,62400,1,0.5528151,1
train,54,data_54.csv,persistent_leak,54_82_105,24,82,105,49200,63000,1,0.55075204,1
train,54,data_54.csv,persistent_leak,54_83_106,24,83,106,49800,63600,1,0.55574065,1
train,54,data_54.csv,persistent_leak,54_84_107,24,84,107,50400,64200,1,0.55753595,1
train,54,data_54.csv,persistent_leak,54_85_108,24,85,108,51000,64800,1,0.5593145,1
train,54,data_54.csv,persistent_leak,54_86_109,24,86,109,51600,65400,1,0.54903793,1
train,54,data_54.csv,persistent_leak,54_87_110,24,87,110,52200,66000,1,0.5384758,1
train,54,data_54.csv,persistent_leak,54_88_111,24,88,111,52800,66600,1,0.54217714,1
train,54,data_54.csv,persistent_leak,54_89_112,24,89,112,53400,67200,1,0.53956056,1
train,54,data_54.csv,persistent_leak,54_90_113,24,90,113,54000,67800,1,0.53469867,1
train,54,data_54.csv,persistent_leak,54_91_114,24,91,114,54600,68400,1,0.5387927,1
train,54,data_54.csv,persistent_leak,54_92_115,24,92,115,55200,69000,1,0.5310917,1
train,54,data_54.csv,persistent_leak,54_93_116,24,93,116,55800,69600,1,0.50581336,1
train,54,data_54.csv,persistent_leak,54_94_117,24,94,117,56400,70200,1,0.49132743,1
train,54,data_54.csv,persistent_leak,54_95_118,24,95,118,57000,70800,1,0.47799197,1
train,54,data_54.csv,persistent_leak,54_96_119,24,96,119,57600,71400,1,0.48190296,1
train,54,data_54.csv,persistent_leak,54_97_120,24,97,120,58200,72000,1,0.47559536,1
train,54,data_54.csv,persistent_leak,54_98_121,24,98,121,58800,72600,1,0.47345984,1
train,54,data_54.csv,persistent_leak,54_99_122,24,99,122,59400,73200,1,0.4846152,1
train,54,data_54.csv,persistent_leak,54_100_123,24,100,123,60000,73800,1,0.5003945,1
train,54,data_54.csv,persistent_leak,54_101_124,24,101,124,60600,74400,1,0.5066531,1
train,54,data_54.csv,persistent_leak,54_102_125,24,102,125,61200,75000,1,0.5176157,1
train,54,data_54.csv,persistent_leak,54_103_126,24,103,126,61800,75600,1,0.4989931,1
train,54,data_54.csv,persistent_leak,54_104_127,24,104,127,62400,76200,1,0.49630404,1
train,54,data_54.csv,persistent_leak,54_105_128,24,105,128,63000,76800,1,0.5147534,1
train,54,data_54.csv,persistent_leak,54_106_129,24,106,129,63600,77400,1,0.53194755,1
train,54,data_54.csv,persistent_leak,54_107_130,24,107,130,64200,78000,1,0.53369427,1
train,54,data_54.csv,persistent_leak,54_108_131,24,108,131,64800,78600,1,0.53650737,1
train,54,data_54.csv,persistent_leak,54_109_132,24,109,132,65400,79200,1,0.54814756,1
train,54,data_54.csv,persistent_leak,54_110_133,24,110,133,66000,79800,1,0.5535815,1
train,54,data_54.csv,persistent_leak,54_111_134,24,111,134,66600,80400,1,0.5665175,1
train,54,data_54.csv,persistent_leak,54_112_135,24,112,135,67200,81000,1,0.5698489,1
train,54,data_54.csv,persistent_leak,54_113_136,24,113,136,67800,81600,1,0.57746553,1
train,54,data_54.csv,persistent_leak,54_114_137,24,114,137,68400,82200,1,0.5899385,1
train,54,data_54.csv,persistent_leak,54_115_138,24,115,138,69000,82800,1,0.59264475,1
train,54,data_54.csv,persistent_leak,54_116_139,24,116,139,69600,83400,1,0.5946188,1
train,54,data_54.csv,persistent_leak,54_117_140,24,117,140,70200,84000,1,0.60282266,1
train,54,data_54.csv,persistent_leak,54_118_141,24,118,141,70800,84600,1,0.6034504,1
train,54,data_54.csv,persistent_leak,54_119_142,24,119,142,71400,85200,1,0.6089094,1
train,54,data_54.csv,persistent_leak,54_120_143,24,120,143,72000,85800,1,0.61395305,1
train,54,data_54.csv,persistent_leak,54_121_144,24,121,144,72600,86400,1,0.6044464,1
train,55,data_55.csv,persistent_leak,55_0_23,24,0,23,0,13800,1,0.20961173,0
train,55,data_55.csv,persistent_leak,55_1_24,24,1,24,600,14400,1,0.20947899,0
train,55,data_55.csv,persistent_leak,55_2_25,24,2,25,1200,15000,1,0.2092426,0
train,55,data_55.csv,persistent_leak,55_3_26,24,3,26,1800,15600,1,0.20995864,0
train,55,data_55.csv,persistent_leak,55_4_27,24,4,27,2400,16200,1,0.21079692,0
train,55,data_55.csv,persistent_leak,55_5_28,24,5,28,3000,16800,1,0.21168587,0
train,55,data_55.csv,persistent_leak,55_6_29,24,6,29,3600,17400,1,0.21243049,0
train,55,data_55.csv,persistent_leak,55_7_30,24,7,30,4200,18000,1,0.21010861,0
train,55,data_55.csv,persistent_leak,55_8_31,24,8,31,4800,18600,1,0.20784348,0
train,55,data_55.csv,persistent_leak,55_9_32,24,9,32,5400,19200,1,0.2067544,0
train,55,data_55.csv,persistent_leak,55_10_33,24,10,33,6000,19800,1,0.20467679,0
train,55,data_55.csv,persistent_leak,55_11_34,24,11,34,6600,20400,1,0.20591961,0
train,55,data_55.csv,persistent_leak,55_12_35,24,12,35,7200,21000,1,0.20549037,0
train,55,data_55.csv,persistent_leak,55_13_36,24,13,36,7800,21600,1,0.20043585,0
train,55,data_55.csv,persistent_leak,55_14_37,24,14,37,8400,22200,1,0.19407427,0
train,55,data_55.csv,persistent_leak,55_15_38,24,15,38,9000,22800,1,0.19312687,0
train,55,data_55.csv,persistent_leak,55_16_39,24,16,39,9600,23400,1,0.19021285,0
train,55,data_55.csv,persistent_leak,55_17_40,24,17,40,10200,24000,1,0.19129618,0
train,55,data_55.csv,persistent_leak,55_18_41,24,18,41,10800,24600,1,0.19052218,0
train,55,data_55.csv,persistent_leak,55_19_42,24,19,42,11400,25200,1,0.18732859,0
train,55,data_55.csv,persistent_leak,55_20_43,24,20,43,12000,25800,1,0.18118352,0
train,55,data_55.csv,persistent_leak,55_21_44,24,21,44,12600,26400,1,0.18101887,0
train,55,data_55.csv,persistent_leak,55_22_45,24,22,45,13200,27000,1,0.18340005,0
train,55,data_55.csv,persistent_leak,55_23_46,24,23,46,13800,27600,1,0.18536109,0
train,55,data_55.csv,persistent_leak,55_24_47,24,24,47,14400,28200,1,0.18654685,0
train,55,data_55.csv,persistent_leak,55_25_48,24,25,48,15000,28800,1,0.18687797,0
train,55,data_55.csv,persistent_leak,55_26_49,24,26,49,15600,29400,1,0.18766795,0
train,55,data_55.csv,persistent_leak,55_27_50,24,27,50,16200,30000,1,0.19583945,0
train,55,data_55.csv,persistent_leak,55_28_51,24,28,51,16800,30600,1,0.20642717,0
train,55,data_55.csv,persistent_leak,55_29_52,24,29,52,17400,31200,1,0.21546249,0
train,55,data_55.csv,persistent_leak,55_30_53,24,30,53,18000,31800,1,0.22490774,0
train,55,data_55.csv,persistent_leak,55_31_54,24,31,54,18600,32400,1,0.22463265,0
train,55,data_55.csv,persistent_leak,55_32_55,24,32,55,19200,33000,1,0.22731604,0
train,55,data_55.csv,persistent_leak,55_33_56,24,33,56,19800,33600,1,0.23634793,0
train,55,data_55.csv,persistent_leak,55_34_57,24,34,57,20400,34200,1,0.24834758,0
train,55,data_55.csv,persistent_leak,55_35_58,24,35,58,21000,34800,1,0.25874797,0
train,55,data_55.csv,persistent_leak,55_36_59,24,36,59,21600,35400,1,0.2694348,0
train,55,data_55.csv,persistent_leak,55_37_60,24,37,60,22200,36000,1,0.26809514,0
train,55,data_55.csv,persistent_leak,55_38_61,24,38,61,22800,36600,1,0.27051827,0
train,55,data_55.csv,persistent_leak,55_39_62,24,39,62,23400,37200,1,0.28074312,0
train,55,data_55.csv,persistent_leak,55_40_63,24,40,63,24000,37800,1,0.29240757,0
train,55,data_55.csv,persistent_leak,55_41_64,24,41,64,24600,38400,1,0.30388188,1
train,55,data_55.csv,persistent_leak,55_42_65,24,42,65,25200,39000,1,0.31500143,1
train,55,data_55.csv,persistent_leak,55_43_66,24,43,66,25800,39600,1,0.3152017,1
train,55,data_55.csv,persistent_leak,55_44_67,24,44,67,26400,40200,1,0.3182905,1
train,55,data_55.csv,persistent_leak,55_45_68,24,45,68,27000,40800,1,0.324606,1
train,55,data_55.csv,persistent_leak,55_46_69,24,46,69,27600,41400,1,0.33415422,1
train,55,data_55.csv,persistent_leak,55_47_70,24,47,70,28200,42000,1,0.356204,1
train,55,data_55.csv,persistent_leak,55_48_71,24,48,71,28800,42600,1,0.39023888,1
train,55,data_55.csv,persistent_leak,55_49_72,24,49,72,29400,43200,1,0.42738268,1
train,55,data_55.csv,persistent_leak,55_50_73,24,50,73,30000,43800,1,0.44792536,1
train,55,data_55.csv,persistent_leak,55_51_74,24,51,74,30600,44400,1,0.46470863,1
train,55,data_55.csv,persistent_leak,55_52_75,24,52,75,31200,45000,1,0.48572192,1
train,55,data_55.csv,persistent_leak,55_53_76,24,53,76,31800,45600,1,0.5370004,1
train,55,data_55.csv,persistent_leak,55_54_77,24,54,77,32400,46200,1,0.58941984,1
train,55,data_55.csv,persistent_leak,55_55_78,24,55,78,33000,46800,1,0.5964236,1
train,55,data_55.csv,persistent_leak,55_56_79,24,56,79,33600,47400,1,0.5962865,1
train,55,data_55.csv,persistent_leak,55_57_80,24,57,80,34200,48000,1,0.6050238,1
train,55,data_55.csv,persistent_leak,55_58_81,24,58,81,34800,48600,1,0.6026189,1
train,55,data_55.csv,persistent_leak,55_59_82,24,59,82,35400,49200,1,0.610479,1
train,55,data_55.csv,persistent_leak,55_60_83,24,60,83,36000,49800,1,0.6217197,1
train,55,data_55.csv,persistent_leak,55_61_84,24,61,84,36600,50400,1,0.6016759,1
train,55,data_55.csv,persistent_leak,55_62_85,24,62,85,37200,51000,1,0.5864587,1
train,55,data_55.csv,persistent_leak,55_63_86,24,63,86,37800,51600,1,0.59686166,1
train,55,data_55.csv,persistent_leak,55_64_87,24,64,87,38400,52200,1,0.5972332,1
train,55,data_55.csv,persistent_leak,55_65_88,24,65,88,39000,52800,1,0.60919154,1
train,55,data_55.csv,persistent_leak,55_66_89,24,66,89,39600,53400,1,0.6063719,1
train,55,data_55.csv,persistent_leak,55_67_90,24,67,90,40200,54000,1,0.59674394,1
train,55,data_55.csv,persistent_leak,55_68_91,24,68,91,40800,54600,1,0.58375317,1
train,55,data_55.csv,persistent_leak,55_69_92,24,69,92,41400,55200,1,0.58526427,1
train,55,data_55.csv,persistent_leak,55_70_93,24,70,93,42000,55800,1,0.5897255,1
train,55,data_55.csv,persistent_leak,55_71_94,24,71,94,42600,56400,1,0.5915054,1
train,55,data_55.csv,persistent_leak,55_72_95,24,72,95,43200,57000,1,0.5899978,1
train,55,data_55.csv,persistent_leak,55_73_96,24,73,96,43800,57600,1,0.5779052,1
train,55,data_55.csv,persistent_leak,55_74_97,24,74,97,44400,58200,1,0.5643885,1
train,55,data_55.csv,persistent_leak,55_75_98,24,75,98,45000,58800,1,0.5585713,1
train,55,data_55.csv,persistent_leak,55_76_99,24,76,99,45600,59400,1,0.5571002,1
train,55,data_55.csv,persistent_leak,55_77_100,24,77,100,46200,60000,1,0.5456005,1
train,55,data_55.csv,persistent_leak,55_78_101,24,78,101,46800,60600,1,0.5326157,1
train,55,data_55.csv,persistent_leak,55_79_102,24,79,102,47400,61200,1,0.5302501,1
train,55,data_55.csv,persistent_leak,55_80_103,24,80,103,48000,61800,1,0.5291956,1
train,55,data_55.csv,persistent_leak,55_81_104,24,81,104,48600,62400,1,0.5278722,1
train,55,data_55.csv,persistent_leak,55_82_105,24,82,105,49200,63000,1,0.52518,1
train,55,data_55.csv,persistent_leak,55_83_106,24,83,106,49800,63600,1,0.5232761,1
train,55,data_55.csv,persistent_leak,55_84_107,24,84,107,50400,64200,1,0.52092427,1
train,55,data_55.csv,persistent_leak,55_85_108,24,85,108,51000,64800,1,0.51948184,1
train,55,data_55.csv,persistent_leak,55_86_109,24,86,109,51600,65400,1,0.5152747,1
train,55,data_55.csv,persistent_leak,55_87_110,24,87,110,52200,66000,1,0.51393056,1
train,55,data_55.csv,persistent_leak,55_88_111,24,88,111,52800,66600,1,0.5119459,1
train,55,data_55.csv,persistent_leak,55_89_112,24,89,112,53400,67200,1,0.5099258,1
train,55,data_55.csv,persistent_leak,55_90_113,24,90,113,54000,67800,1,0.5062882,1
train,55,data_55.csv,persistent_leak,55_91_114,24,91,114,54600,68400,1,0.50379395,1
train,55,data_55.csv,persistent_leak,55_92_115,24,92,115,55200,69000,1,0.49778032,1
train,55,data_55.csv,persistent_leak,55_93_116,24,93,116,55800,69600,1,0.48863876,1
train,55,data_55.csv,persistent_leak,55_94_117,24,94,117,56400,70200,1,0.48054066,1
train,55,data_55.csv,persistent_leak,55_95_118,24,95,118,57000,70800,1,0.47280914,1
train,55,data_55.csv,persistent_leak,55_96_119,24,96,119,57600,71400,1,0.46355212,1
train,55,data_55.csv,persistent_leak,55_97_120,24,97,120,58200,72000,1,0.46551147,1
train,55,data_55.csv,persistent_leak,55_98_121,24,98,121,58800,72600,1,0.47037968,1
train,55,data_55.csv,persistent_leak,55_99_122,24,99,122,59400,73200,1,0.4749029,1
train,55,data_55.csv,persistent_leak,55_100_123,24,100,123,60000,73800,1,0.4839315,1
train,55,data_55.csv,persistent_leak,55_101_124,24,101,124,60600,74400,1,0.48048484,1
train,55,data_55.csv,persistent_leak,55_102_125,24,102,125,61200,75000,1,0.4859436,1
train,55,data_55.csv,persistent_leak,55_103_126,24,103,126,61800,75600,1,0.4927854,1
train,55,data_55.csv,persistent_leak,55_104_127,24,104,127,62400,76200,1,0.5064958,1
train,55,data_55.csv,persistent_leak,55_105_128,24,105,128,63000,76800,1,0.5196009,1
train,55,data_55.csv,persistent_leak,55_106_129,24,106,129,63600,77400,1,0.52947176,1
train,55,data_55.csv,persistent_leak,55_107_130,24,107,130,64200,78000,1,0.53046185,1
train,55,data_55.csv,persistent_leak,55_108_131,24,108,131,64800,78600,1,0.53609425,1
train,55,data_55.csv,persistent_leak,55_109_132,24,109,132,65400,79200,1,0.5423738,1
train,55,data_55.csv,persistent_leak,55_110_133,24,110,133,66000,79800,1,0.5553822,1
train,55,data_55.csv,persistent_leak,55_111_134,24,111,134,66600,80400,1,0.5651281,1
train,55,data_55.csv,persistent_leak,55_112_135,24,112,135,67200,81000,1,0.56937814,1
train,55,data_55.csv,persistent_leak,55_113_136,24,113,136,67800,81600,1,0.57882404,1
train,55,data_55.csv,persistent_leak,55_114_137,24,114,137,68400,82200,1,0.589393,1
train,55,data_55.csv,persistent_leak,55_115_138,24,115,138,69000,82800,1,0.58619976,1
train,55,data_55.csv,persistent_leak,55_116_139,24,116,139,69600,83400,1,0.5791678,1
train,55,data_55.csv,persistent_leak,55_117_140,24,117,140,70200,84000,1,0.57168347,1
train,55,data_55.csv,persistent_leak,55_118_141,24,118,141,70800,84600,1,0.55264866,1
train,55,data_55.csv,persistent_leak,55_119_142,24,119,142,71400,85200,1,0.5414021,1
train,55,data_55.csv,persistent_leak,55_120_143,24,120,143,72000,85800,1,0.5295022,1
train,55,data_55.csv,persistent_leak,55_121_144,24,121,144,72600,86400,1,0.50682133,1
train,56,data_56.csv,onset_leak,56_0_23,24,0,23,0,13800,0,0.28332847,0
train,56,data_56.csv,onset_leak,56_1_24,24,1,24,600,14400,0,0.27348652,0
train,56,data_56.csv,onset_leak,56_2_25,24,2,25,1200,15000,0,0.2614578,0
train,56,data_56.csv,onset_leak,56_3_26,24,3,26,1800,15600,0,0.24610162,0
train,56,data_56.csv,onset_leak,56_4_27,24,4,27,2400,16200,0,0.23004271,0
train,56,data_56.csv,onset_leak,56_5_28,24,5,28,3000,16800,0,0.2200074,0
train,56,data_56.csv,onset_leak,56_6_29,24,6,29,3600,17400,0,0.20993051,0
train,56,data_56.csv,onset_leak,56_7_30,24,7,30,4200,18000,0,0.20323761,0
train,56,data_56.csv,onset_leak,56_8_31,24,8,31,4800,18600,0,0.19600074,0
train,56,data_56.csv,onset_leak,56_9_32,24,9,32,5400,19200,0,0.19170684,0
train,56,data_56.csv,onset_leak,56_10_33,24,10,33,6000,19800,0,0.18538375,0
train,56,data_56.csv,onset_leak,56_11_34,24,11,34,6600,20400,0,0.18353309,0
train,56,data_56.csv,onset_leak,56_12_35,24,12,35,7200,21000,0,0.17971337,0
train,56,data_56.csv,onset_leak,56_13_36,24,13,36,7800,21600,0,0.17593016,0
train,56,data_56.csv,onset_leak,56_14_37,24,14,37,8400,22200,0,0.16925798,0
train,56,data_56.csv,onset_leak,56_15_38,24,15,38,9000,22800,0,0.16713229,0
train,56,data_56.csv,onset_leak,56_16_39,24,16,39,9600,23400,0,0.16609883,0
train,56,data_56.csv,onset_leak,56_17_40,24,17,40,10200,24000,0,0.16600549,0
train,56,data_56.csv,onset_leak,56_18_41,24,18,41,10800,24600,0,0.16480447,0
train,56,data_56.csv,onset_leak,56_19_42,24,19,42,11400,25200,0,0.16234042,0
train,56,data_56.csv,onset_leak,56_20_43,24,20,43,12000,25800,0,0.15932664,0
train,56,data_56.csv,onset_leak,56_21_44,24,21,44,12600,26400,0,0.1618099,0
train,56,data_56.csv,onset_leak,56_22_45,24,22,45,13200,27000,0,0.16508852,0
train,56,data_56.csv,onset_leak,56_23_46,24,23,46,13800,27600,0,0.17002898,0
train,56,data_56.csv,onset_leak,56_24_47,24,24,47,14400,28200,0,0.1737918,0
train,56,data_56.csv,onset_leak,56_25_48,24,25,48,15000,28800,0,0.17021894,0
train,56,data_56.csv,onset_leak,56_26_49,24,26,49,15600,29400,0,0.16577756,0
train,56,data_56.csv,onset_leak,56_27_50,24,27,50,16200,30000,0,0.17026827,0
train,56,data_56.csv,onset_leak,56_28_51,24,28,51,16800,30600,0,0.17497815,0
train,56,data_56.csv,onset_leak,56_29_52,24,29,52,17400,31200,0,0.18175429,0
train,56,data_56.csv,onset_leak,56_30_53,24,30,53,18000,31800,0,0.1872742,0
train,56,data_56.csv,onset_leak,56_31_54,24,31,54,18600,32400,0,0.18714367,0
train,56,data_56.csv,onset_leak,56_32_55,24,32,55,19200,33000,0,0.18757565,0
train,56,data_56.csv,onset_leak,56_33_56,24,33,56,19800,33600,0,0.19616026,0
train,56,data_56.csv,onset_leak,56_34_57,24,34,57,20400,34200,0,0.21215792,0
train,56,data_56.csv,onset_leak,56_35_58,24,35,58,21000,34800,0,0.2188531,0
train,56,data_56.csv,onset_leak,56_36_59,24,36,59,21600,35400,0,0.22750612,0
train,56,data_56.csv,onset_leak,56_37_60,24,37,60,22200,36000,0,0.23572662,0
train,56,data_56.csv,onset_leak,56_38_61,24,38,61,22800,36600,0,0.2507307,0
train,56,data_56.csv,onset_leak,56_39_62,24,39,62,23400,37200,0,0.27125925,0
train,56,data_56.csv,onset_leak,56_40_63,24,40,63,24000,37800,0,0.30243117,1
train,56,data_56.csv,onset_leak,56_41_64,24,41,64,24600,38400,0,0.3205883,1
train,56,data_56.csv,onset_leak,56_42_65,24,42,65,25200,39000,0,0.34170234,1
train,56,data_56.csv,onset_leak,56_43_66,24,43,66,25800,39600,0,0.34723556,1
train,56,data_56.csv,onset_leak,56_44_67,24,44,67,26400,40200,0,0.36056605,1
train,56,data_56.csv,onset_leak,56_45_68,24,45,68,27000,40800,0,0.3787916,1
train,56,data_56.csv,onset_leak,56_46_69,24,46,69,27600,41400,0,0.39225847,1
train,56,data_56.csv,onset_leak,56_47_70,24,47,70,28200,42000,0,0.41065028,1
train,56,data_56.csv,onset_leak,56_48_71,24,48,71,28800,42600,0,0.43698505,1
train,56,data_56.csv,onset_leak,56_49_72,24,49,72,29400,43200,1,0.4444601,1
train,56,data_56.csv,onset_leak,56_50_73,24,50,73,30000,43800,1,0.44134003,1
train,56,data_56.csv,onset_leak,56_51_74,24,51,74,30600,44400,1,0.44110405,1
train,56,data_56.csv,onset_leak,56_52_75,24,52,75,31200,45000,1,0.4396312,1
train,56,data_56.csv,onset_leak,56_53_76,24,53,76,31800,45600,1,0.46327087,1
train,56,data_56.csv,onset_leak,56_54_77,24,54,77,32400,46200,1,0.49116448,1
train,56,data_56.csv,onset_leak,56_55_78,24,55,78,33000,46800,1,0.52088237,1
train,56,data_56.csv,onset_leak,56_56_79,24,56,79,33600,47400,1,0.5336027,1
train,56,data_56.csv,onset_leak,56_57_80,24,57,80,34200,48000,1,0.54583055,1
train,56,data_56.csv,onset_leak,56_58_81,24,58,81,34800,48600,1,0.5597957,1
train,56,data_56.csv,onset_leak,56_59_82,24,59,82,35400,49200,1,0.5852815,1
train,56,data_56.csv,onset_leak,56_60_83,24,60,83,36000,49800,1,0.61797017,1
train,56,data_56.csv,onset_leak,56_61_84,24,61,84,36600,50400,1,0.6008822,1
train,56,data_56.csv,onset_leak,56_62_85,24,62,85,37200,51000,1,0.5951328,1
train,56,data_56.csv,onset_leak,56_63_86,24,63,86,37800,51600,1,0.6024571,1
train,56,data_56.csv,onset_leak,56_64_87,24,64,87,38400,52200,1,0.59933543,1
train,56,data_56.csv,onset_leak,56_65_88,24,65,88,39000,52800,1,0.60746247,1
train,56,data_56.csv,onset_leak,56_66_89,24,66,89,39600,53400,1,0.61057323,1
train,56,data_56.csv,onset_leak,56_67_90,24,67,90,40200,54000,1,0.5717446,1
train,56,data_56.csv,onset_leak,56_68_91,24,68,91,40800,54600,1,0.55105126,1
train,56,data_56.csv,onset_leak,56_69_92,24,69,92,41400,55200,1,0.5619448,1
train,56,data_56.csv,onset_leak,56_70_93,24,70,93,42000,55800,1,0.57343155,1
train,56,data_56.csv,onset_leak,56_71_94,24,71,94,42600,56400,1,0.5815587,1
train,56,data_56.csv,onset_leak,56_72_95,24,72,95,43200,57000,1,0.5744108,1
train,56,data_56.csv,onset_leak,56_73_96,24,73,96,43800,57600,1,0.56694967,1
train,56,data_56.csv,onset_leak,56_74_97,24,74,97,44400,58200,1,0.5569408,1
train,56,data_56.csv,onset_leak,56_75_98,24,75,98,45000,58800,1,0.5600639,1
train,56,data_56.csv,onset_leak,56_76_99,24,76,99,45600,59400,1,0.56603336,1
train,56,data_56.csv,onset_leak,56_77_100,24,77,100,46200,60000,1,0.56950533,1
train,56,data_56.csv,onset_leak,56_78_101,24,78,101,46800,60600,1,0.562831,1
train,56,data_56.csv,onset_leak,56_79_102,24,79,102,47400,61200,1,0.56018317,1
train,56,data_56.csv,onset_leak,56_80_103,24,80,103,48000,61800,1,0.5626183,1
train,56,data_56.csv,onset_leak,56_81_104,24,81,104,48600,62400,1,0.56553954,1
train,56,data_56.csv,onset_leak,56_82_105,24,82,105,49200,63000,1,0.56500036,1
train,56,data_56.csv,onset_leak,56_83_106,24,83,106,49800,63600,1,0.56512606,1
train,56,data_56.csv,onset_leak,56_84_107,24,84,107,50400,64200,1,0.56729,1
train,56,data_56.csv,onset_leak,56_85_108,24,85,108,51000,64800,1,0.5652835,1
train,56,data_56.csv,onset_leak,56_86_109,24,86,109,51600,65400,1,0.5620834,1
train,56,data_56.csv,onset_leak,56_87_110,24,87,110,52200,66000,1,0.5521273,1
train,56,data_56.csv,onset_leak,56_88_111,24,88,111,52800,66600,1,0.53056484,1
train,56,data_56.csv,onset_leak,56_89_112,24,89,112,53400,67200,1,0.5142382,1
train,56,data_56.csv,onset_leak,56_90_113,24,90,113,54000,67800,1,0.50138247,1
train,56,data_56.csv,onset_leak,56_91_114,24,91,114,54600,68400,1,0.4796961,1
train,56,data_56.csv,onset_leak,56_92_115,24,92,115,55200,69000,1,0.45209917,1
train,56,data_56.csv,onset_leak,56_93_116,24,93,116,55800,69600,1,0.4265803,1
train,56,data_56.csv,onset_leak,56_94_117,24,94,117,56400,70200,1,0.39316434,1
train,56,data_56.csv,onset_leak,56_95_118,24,95,118,57000,70800,1,0.37641954,1
train,56,data_56.csv,onset_leak,56_96_119,24,96,119,57600,71400,1,0.35328463,1
train,56,data_56.csv,onset_leak,56_97_120,24,97,120,58200,72000,1,0.34601027,1
train,56,data_56.csv,onset_leak,56_98_121,24,98,121,58800,72600,1,0.3308002,1
train,56,data_56.csv,onset_leak,56_99_122,24,99,122,59400,73200,1,0.3191745,1
train,56,data_56.csv,onset_leak,56_100_123,24,100,123,60000,73800,1,0.31365585,1
train,56,data_56.csv,onset_leak,56_101_124,24,101,124,60600,74400,1,0.3063861,1
train,56,data_56.csv,onset_leak,56_102_125,24,102,125,61200,75000,1,0.29840374,0
train,56,data_56.csv,onset_leak,56_103_126,24,103,126,61800,75600,1,0.3003499,1
train,56,data_56.csv,onset_leak,56_104_127,24,104,127,62400,76200,1,0.30482173,1
train,56,data_56.csv,onset_leak,56_105_128,24,105,128,63000,76800,1,0.3138698,1
train,56,data_56.csv,onset_leak,56_106_129,24,106,129,63600,77400,1,0.32616174,1
train,56,data_56.csv,onset_leak,56_107_130,24,107,130,64200,78000,1,0.33547762,1
train,56,data_56.csv,onset_leak,56_108_131,24,108,131,64800,78600,1,0.34574905,1
train,56,data_56.csv,onset_leak,56_109_132,24,109,132,65400,79200,1,0.35496148,1
train,56,data_56.csv,onset_leak,56_110_133,24,110,133,66000,79800,1,0.36402437,1
train,56,data_56.csv,onset_leak,56_111_134,24,111,134,66600,80400,1,0.38132483,1
train,56,data_56.csv,onset_leak,56_112_135,24,112,135,67200,81000,1,0.40120426,1
train,56,data_56.csv,onset_leak,56_113_136,24,113,136,67800,81600,1,0.41026998,1
train,56,data_56.csv,onset_leak,56_114_137,24,114,137,68400,82200,1,0.42406106,1
train,56,data_56.csv,onset_leak,56_115_138,24,115,138,69000,82800,1,0.4419623,1
train,56,data_56.csv,onset_leak,56_116_139,24,116,139,69600,83400,1,0.46416813,1
train,56,data_56.csv,onset_leak,56_117_140,24,117,140,70200,84000,1,0.4830796,1
train,56,data_56.csv,onset_leak,56_118_141,24,118,141,70800,84600,1,0.5060634,1
train,56,data_56.csv,onset_leak,56_119_142,24,119,142,71400,85200,1,0.5044683,1
train,56,data_56.csv,onset_leak,56_120_143,24,120,143,72000,85800,1,0.518463,1
train,56,data_56.csv,onset_leak,56_121_144,24,121,144,72600,86400,1,0.5251524,1
train,57,data_57.csv,onset_leak,57_0_23,24,0,23,0,13800,0,0.20346177,0
train,57,data_57.csv,onset_leak,57_1_24,24,1,24,600,14400,0,0.1979936,0
train,57,data_57.csv,onset_leak,57_2_25,24,2,25,1200,15000,0,0.19527082,0
train,57,data_57.csv,onset_leak,57_3_26,24,3,26,1800,15600,0,0.19095065,0
train,57,data_57.csv,onset_leak,57_4_27,24,4,27,2400,16200,0,0.18441084,0
train,57,data_57.csv,onset_leak,57_5_28,24,5,28,3000,16800,0,0.18442643,0
train,57,data_57.csv,onset_leak,57_6_29,24,6,29,3600,17400,0,0.18196999,0
train,57,data_57.csv,onset_leak,57_7_30,24,7,30,4200,18000,0,0.1715184,0
train,57,data_57.csv,onset_leak,57_8_31,24,8,31,4800,18600,0,0.15920918,0
train,57,data_57.csv,onset_leak,57_9_32,24,9,32,5400,19200,0,0.15288654,0
train,57,data_57.csv,onset_leak,57_10_33,24,10,33,6000,19800,0,0.14379475,0
train,57,data_57.csv,onset_leak,57_11_34,24,11,34,6600,20400,0,0.14197758,0
train,57,data_57.csv,onset_leak,57_12_35,24,12,35,7200,21000,0,0.137168,0
train,57,data_57.csv,onset_leak,57_13_36,24,13,36,7800,21600,0,0.1322433,0
train,57,data_57.csv,onset_leak,57_14_37,24,14,37,8400,22200,0,0.12297199,0
train,57,data_57.csv,onset_leak,57_15_38,24,15,38,9000,22800,0,0.12214358,0
train,57,data_57.csv,onset_leak,57_16_39,24,16,39,9600,23400,0,0.123867,0
train,57,data_57.csv,onset_leak,57_17_40,24,17,40,10200,24000,0,0.124929,0
train,57,data_57.csv,onset_leak,57_18_41,24,18,41,10800,24600,0,0.123601556,0
train,57,data_57.csv,onset_leak,57_19_42,24,19,42,11400,25200,0,0.12406267,0
train,57,data_57.csv,onset_leak,57_20_43,24,20,43,12000,25800,0,0.1279202,0
train,57,data_57.csv,onset_leak,57_21_44,24,21,44,12600,26400,0,0.13680752,0
train,57,data_57.csv,onset_leak,57_22_45,24,22,45,13200,27000,0,0.15306187,0
train,57,data_57.csv,onset_leak,57_23_46,24,23,46,13800,27600,0,0.16236308,0
train,57,data_57.csv,onset_leak,57_24_47,24,24,47,14400,28200,0,0.17366295,0
train,57,data_57.csv,onset_leak,57_25_48,24,25,48,15000,28800,0,0.17610924,0
train,57,data_57.csv,onset_leak,57_26_49,24,26,49,15600,29400,0,0.18459605,0
train,57,data_57.csv,onset_leak,57_27_50,24,27,50,16200,30000,0,0.20248207,0
train,57,data_57.csv,onset_leak,57_28_51,24,28,51,16800,30600,0,0.22506654,0
train,57,data_57.csv,onset_leak,57_29_52,24,29,52,17400,31200,0,0.24026698,0
train,57,data_57.csv,onset_leak,57_30_53,24,30,53,18000,31800,0,0.2597577,0
train,57,data_57.csv,onset_leak,57_31_54,24,31,54,18600,32400,0,0.2694719,0
train,57,data_57.csv,onset_leak,57_32_55,24,32,55,19200,33000,0,0.27579618,0
train,57,data_57.csv,onset_leak,57_33_56,24,33,56,19800,33600,0,0.2960087,0
train,57,data_57.csv,onset_leak,57_34_57,24,34,57,20400,34200,0,0.32154483,1
train,57,data_57.csv,onset_leak,57_35_58,24,35,58,21000,34800,0,0.33544338,1
train,57,data_57.csv,onset_leak,57_36_59,24,36,59,21600,35400,0,0.3516806,1
train,57,data_57.csv,onset_leak,57_37_60,24,37,60,22200,36000,0,0.37130585,1
train,57,data_57.csv,onset_leak,57_38_61,24,38,61,22800,36600,0,0.3974478,1
train,57,data_57.csv,onset_leak,57_39_62,24,39,62,23400,37200,0,0.41772965,1
train,57,data_57.csv,onset_leak,57_40_63,24,40,63,24000,37800,0,0.4532358,1
train,57,data_57.csv,onset_leak,57_41_64,24,41,64,24600,38400,0,0.46702367,1
train,57,data_57.csv,onset_leak,57_42_65,24,42,65,25200,39000,0,0.48531324,1
train,57,data_57.csv,onset_leak,57_43_66,24,43,66,25800,39600,0,0.4905233,1
train,57,data_57.csv,onset_leak,57_44_67,24,44,67,26400,40200,0,0.49631542,1
train,57,data_57.csv,onset_leak,57_45_68,24,45,68,27000,40800,0,0.5075464,1
train,57,data_57.csv,onset_leak,57_46_69,24,46,69,27600,41400,0,0.5133687,1
train,57,data_57.csv,onset_leak,57_47_70,24,47,70,28200,42000,0,0.5294927,1
train,57,data_57.csv,onset_leak,57_48_71,24,48,71,28800,42600,0,0.54296315,1
train,57,data_57.csv,onset_leak,57_49_72,24,49,72,29400,43200,1,0.5464738,1
train,57,data_57.csv,onset_leak,57_50_73,24,50,73,30000,43800,1,0.53138816,1
train,57,data_57.csv,onset_leak,57_51_74,24,51,74,30600,44400,1,0.50838554,1
train,57,data_57.csv,onset_leak,57_52_75,24,52,75,31200,45000,1,0.4870674,1
train,57,data_57.csv,onset_leak,57_53_76,24,53,76,31800,45600,1,0.4706752,1
train,57,data_57.csv,onset_leak,57_54_77,24,54,77,32400,46200,1,0.44942126,1
train,57,data_57.csv,onset_leak,57_55_78,24,55,78,33000,46800,1,0.45222542,1
train,57,data_57.csv,onset_leak,57_56_79,24,56,79,33600,47400,1,0.44298375,1
train,57,data_57.csv,onset_leak,57_57_80,24,57,80,34200,48000,1,0.4291296,1
train,57,data_57.csv,onset_leak,57_58_81,24,58,81,34800,48600,1,0.4208838,1
train,57,data_57.csv,onset_leak,57_59_82,24,59,82,35400,49200,1,0.42346936,1
train,57,data_57.csv,onset_leak,57_60_83,24,60,83,36000,49800,1,0.43320915,1
train,57,data_57.csv,onset_leak,57_61_84,24,61,84,36600,50400,1,0.4730261,1
train,57,data_57.csv,onset_leak,57_62_85,24,62,85,37200,51000,1,0.49954975,1
train,57,data_57.csv,onset_leak,57_63_86,24,63,86,37800,51600,1,0.5260697,1
train,57,data_57.csv,onset_leak,57_64_87,24,64,87,38400,52200,1,0.5553222,1
train,57,data_57.csv,onset_leak,57_65_88,24,65,88,39000,52800,1,0.59199417,1
train,57,data_57.csv,onset_leak,57_66_89,24,66,89,39600,53400,1,0.6258998,1
train,57,data_57.csv,onset_leak,57_67_90,24,67,90,40200,54000,1,0.6577624,1
train,57,data_57.csv,onset_leak,57_68_91,24,68,91,40800,54600,1,0.67732316,1
train,57,data_57.csv,onset_leak,57_69_92,24,69,92,41400,55200,1,0.69674504,1
train,57,data_57.csv,onset_leak,57_70_93,24,70,93,42000,55800,1,0.7071871,1
train,57,data_57.csv,onset_leak,57_71_94,24,71,94,42600,56400,1,0.7388456,1
train,57,data_57.csv,onset_leak,57_72_95,24,72,95,43200,57000,1,0.76005876,1
train,57,data_57.csv,onset_leak,57_73_96,24,73,96,43800,57600,1,0.77518636,1
train,57,data_57.csv,onset_leak,57_74_97,24,74,97,44400,58200,1,0.7880752,1
train,57,data_57.csv,onset_leak,57_75_98,24,75,98,45000,58800,1,0.7953598,1
train,57,data_57.csv,onset_leak,57_76_99,24,76,99,45600,59400,1,0.8002375,1
train,57,data_57.csv,onset_leak,57_77_100,24,77,100,46200,60000,1,0.81179136,1
train,57,data_57.csv,onset_leak,57_78_101,24,78,101,46800,60600,1,0.82194406,1
train,57,data_57.csv,onset_leak,57_79_102,24,79,102,47400,61200,1,0.8392983,1
train,57,data_57.csv,onset_leak,57_80_103,24,80,103,48000,61800,1,0.8508553,1
train,57,data_57.csv,onset_leak,57_81_104,24,81,104,48600,62400,1,0.85800827,1
train,57,data_57.csv,onset_leak,57_82_105,24,82,105,49200,63000,1,0.86122304,1
train,57,data_57.csv,onset_leak,57_83_106,24,83,106,49800,63600,1,0.87155366,1
train,57,data_57.csv,onset_leak,57_84_107,24,84,107,50400,64200,1,0.88266474,1
train,57,data_57.csv,onset_leak,57_85_108,24,85,108,51000,64800,1,0.8827794,1
train,57,data_57.csv,onset_leak,57_86_109,24,86,109,51600,65400,1,0.8857909,1
train,57,data_57.csv,onset_leak,57_87_110,24,87,110,52200,66000,1,0.8912129,1
train,57,data_57.csv,onset_leak,57_88_111,24,88,111,52800,66600,1,0.89129514,1
train,57,data_57.csv,onset_leak,57_89_112,24,89,112,53400,67200,1,0.89696866,1
train,57,data_57.csv,onset_leak,57_90_113,24,90,113,54000,67800,1,0.8993845,1
train,57,data_57.csv,onset_leak,57_91_114,24,91,114,54600,68400,1,0.9012658,1
train,57,data_57.csv,onset_leak,57_92_115,24,92,115,55200,69000,1,0.902087,1
train,57,data_57.csv,onset_leak,57_93_116,24,93,116,55800,69600,1,0.9045398,1
train,57,data_57.csv,onset_leak,57_94_117,24,94,117,56400,70200,1,0.9034698,1
train,57,data_57.csv,onset_leak,57_95_118,24,95,118,57000,70800,1,0.90536374,1
train,57,data_57.csv,onset_leak,57_96_119,24,96,119,57600,71400,1,0.90810734,1
train,57,data_57.csv,onset_leak,57_97_120,24,97,120,58200,72000,1,0.88605213,1
train,57,data_57.csv,onset_leak,57_98_121,24,98,121,58800,72600,1,0.8727221,1
train,57,data_57.csv,onset_leak,57_99_122,24,99,122,59400,73200,1,0.87356526,1
train,57,data_57.csv,onset_leak,57_100_123,24,100,123,60000,73800,1,0.8683389,1
train,57,data_57.csv,onset_leak,57_101_124,24,101,124,60600,74400,1,0.8602737,1
train,57,data_57.csv,onset_leak,57_102_125,24,102,125,61200,75000,1,0.8416252,1
train,57,data_57.csv,onset_leak,57_103_126,24,103,126,61800,75600,1,0.7641707,1
train,57,data_57.csv,onset_leak,57_104_127,24,104,127,62400,76200,1,0.70994693,1
train,57,data_57.csv,onset_leak,57_105_128,24,105,128,63000,76800,1,0.7046622,1
train,57,data_57.csv,onset_leak,57_106_129,24,106,129,63600,77400,1,0.7069819,1
train,57,data_57.csv,onset_leak,57_107_130,24,107,130,64200,78000,1,0.6842499,1
train,57,data_57.csv,onset_leak,57_108_131,24,108,131,64800,78600,1,0.6482586,1
train,57,data_57.csv,onset_leak,57_109_132,24,109,132,65400,79200,1,0.6413516,1
train,57,data_57.csv,onset_leak,57_110_133,24,110,133,66000,79800,1,0.6167547,1
train,57,data_57.csv,onset_leak,57_111_134,24,111,134,66600,80400,1,0.6236086,1
train,57,data_57.csv,onset_leak,57_112_135,24,112,135,67200,81000,1,0.62290156,1
train,57,data_57.csv,onset_leak,57_113_136,24,113,136,67800,81600,1,0.6429866,1
train,57,data_57.csv,onset_leak,57_114_137,24,114,137,68400,82200,1,0.6349364,1
train,57,data_57.csv,onset_leak,57_115_138,24,115,138,69000,82800,1,0.62292665,1
train,57,data_57.csv,onset_leak,57_116_139,24,116,139,69600,83400,1,0.6197582,1
train,57,data_57.csv,onset_leak,57_117_140,24,117,140,70200,84000,1,0.6234422,1
train,57,data_57.csv,onset_leak,57_118_141,24,118,141,70800,84600,1,0.6230227,1
train,57,data_57.csv,onset_leak,57_119_142,24,119,142,71400,85200,1,0.6297875,1
train,57,data_57.csv,onset_leak,57_120_143,24,120,143,72000,85800,1,0.63780385,1
train,57,data_57.csv,onset_leak,57_121_144,24,121,144,72600,86400,1,0.631564,1
train,58,data_58.csv,onset_leak,58_0_23,24,0,23,0,13800,0,0.18846993,0
train,58,data_58.csv,onset_leak,58_1_24,24,1,24,600,14400,0,0.18859367,0
train,58,data_58.csv,onset_leak,58_2_25,24,2,25,1200,15000,0,0.18868256,0
train,58,data_58.csv,onset_leak,58_3_26,24,3,26,1800,15600,0,0.19211666,0
train,58,data_58.csv,onset_leak,58_4_27,24,4,27,2400,16200,0,0.19618231,0
train,58,data_58.csv,onset_leak,58_5_28,24,5,28,3000,16800,0,0.20016833,0
train,58,data_58.csv,onset_leak,58_6_29,24,6,29,3600,17400,0,0.2038297,0
train,58,data_58.csv,onset_leak,58_7_30,24,7,30,4200,18000,0,0.20009725,0
train,58,data_58.csv,onset_leak,58_8_31,24,8,31,4800,18600,0,0.19658345,0
train,58,data_58.csv,onset_leak,58_9_32,24,9,32,5400,19200,0,0.19688351,0
train,58,data_58.csv,onset_leak,58_10_33,24,10,33,6000,19800,0,0.19583182,0
train,58,data_58.csv,onset_leak,58_11_34,24,11,34,6600,20400,0,0.1994996,0
train,58,data_58.csv,onset_leak,58_12_35,24,12,35,7200,21000,0,0.20094484,0
train,58,data_58.csv,onset_leak,58_13_36,24,13,36,7800,21600,0,0.1919711,0
train,58,data_58.csv,onset_leak,58_14_37,24,14,37,8400,22200,0,0.18140604,0
train,58,data_58.csv,onset_leak,58_15_38,24,15,38,9000,22800,0,0.18044813,0
train,58,data_58.csv,onset_leak,58_16_39,24,16,39,9600,23400,0,0.17717704,0
train,58,data_58.csv,onset_leak,58_17_40,24,17,40,10200,24000,0,0.1802501,0
train,58,data_58.csv,onset_leak,58_18_41,24,18,41,10800,24600,0,0.18027721,0
train,58,data_58.csv,onset_leak,58_19_42,24,19,42,11400,25200,0,0.17583264,0
train,58,data_58.csv,onset_leak,58_20_43,24,20,43,12000,25800,0,0.16645199,0
train,58,data_58.csv,onset_leak,58_21_44,24,21,44,12600,26400,0,0.16944917,0
train,58,data_58.csv,onset_leak,58_22_45,24,22,45,13200,27000,0,0.17784955,0
train,58,data_58.csv,onset_leak,58_23_46,24,23,46,13800,27600,0,0.18246616,0
train,58,data_58.csv,onset_leak,58_24_47,24,24,47,14400,28200,0,0.19062227,0
train,58,data_58.csv,onset_leak,58_25_48,24,25,48,15000,28800,0,0.20595506,0
train,58,data_58.csv,onset_leak,58_26_49,24,26,49,15600,29400,0,0.21397349,0
train,58,data_58.csv,onset_leak,58_27_50,24,27,50,16200,30000,0,0.23027356,0
train,58,data_58.csv,onset_leak,58_28_51,24,28,51,16800,30600,0,0.26313657,0
train,58,data_58.csv,onset_leak,58_29_52,24,29,52,17400,31200,0,0.2852448,0
train,58,data_58.csv,onset_leak,58_30_53,24,30,53,18000,31800,0,0.3136976,1
train,58,data_58.csv,onset_leak,58_31_54,24,31,54,18600,32400,0,0.33656073,1
train,58,data_58.csv,onset_leak,58_32_55,24,32,55,19200,33000,0,0.3529189,1
train,58,data_58.csv,onset_leak,58_33_56,24,33,56,19800,33600,0,0.3814216,1
train,58,data_58.csv,onset_leak,58_34_57,24,34,57,20400,34200,0,0.42065665,1
train,58,data_58.csv,onset_leak,58_35_58,24,35,58,21000,34800,0,0.4425234,1
train,58,data_58.csv,onset_leak,58_36_59,24,36,59,21600,35400,0,0.47420892,1
train,58,data_58.csv,onset_leak,58_37_60,24,37,60,22200,36000,0,0.4718307,1
train,58,data_58.csv,onset_leak,58_38_61,24,38,61,22800,36600,0,0.48193696,1
train,58,data_58.csv,onset_leak,58_39_62,24,39,62,23400,37200,0,0.49645618,1
train,58,data_58.csv,onset_leak,58_40_63,24,40,63,24000,37800,0,0.50733715,1
train,58,data_58.csv,onset_leak,58_41_64,24,41,64,24600,38400,0,0.5184421,1
train,58,data_58.csv,onset_leak,58_42_65,24,42,65,25200,39000,0,0.5245142,1
train,58,data_58.csv,onset_leak,58_43_66,24,43,66,25800,39600,0,0.5240171,1
train,58,data_58.csv,onset_leak,58_44_67,24,44,67,26400,40200,0,0.5231671,1
train,58,data_58.csv,onset_leak,58_45_68,24,45,68,27000,40800,0,0.52606016,1
train,58,data_58.csv,onset_leak,58_46_69,24,46,69,27600,41400,0,0.52742326,1
train,58,data_58.csv,onset_leak,58_47_70,24,47,70,28200,42000,0,0.5340667,1
train,58,data_58.csv,onset_leak,58_48_71,24,48,71,28800,42600,0,0.5352772,1
train,58,data_58.csv,onset_leak,58_49_72,24,49,72,29400,43200,1,0.5300144,1
train,58,data_58.csv,onset_leak,58_50_73,24,50,73,30000,43800,1,0.52535975,1
train,58,data_58.csv,onset_leak,58_51_74,24,51,74,30600,44400,1,0.5233829,1
train,58,data_58.csv,onset_leak,58_52_75,24,52,75,31200,45000,1,0.52398473,1
train,58,data_58.csv,onset_leak,58_53_76,24,53,76,31800,45600,1,0.5214171,1
train,58,data_58.csv,onset_leak,58_54_77,24,54,77,32400,46200,1,0.51861197,1
train,58,data_58.csv,onset_leak,58_55_78,24,55,78,33000,46800,1,0.51401484,1
train,58,data_58.csv,onset_leak,58_56_79,24,56,79,33600,47400,1,0.51667714,1
train,58,data_58.csv,onset_leak,58_57_80,24,57,80,34200,48000,1,0.5139231,1
train,58,data_58.csv,onset_leak,58_58_81,24,58,81,34800,48600,1,0.5127108,1
train,58,data_58.csv,onset_leak,58_59_82,24,59,82,35400,49200,1,0.5035717,1
train,58,data_58.csv,onset_leak,58_60_83,24,60,83,36000,49800,1,0.49790525,1
train,58,data_58.csv,onset_leak,58_61_84,24,61,84,36600,50400,1,0.50288075,1
train,58,data_58.csv,onset_leak,58_62_85,24,62,85,37200,51000,1,0.5101182,1
train,58,data_58.csv,onset_leak,58_63_86,24,63,86,37800,51600,1,0.5145626,1
train,58,data_58.csv,onset_leak,58_64_87,24,64,87,38400,52200,1,0.51744473,1
train,58,data_58.csv,onset_leak,58_65_88,24,65,88,39000,52800,1,0.5206982,1
train,58,data_58.csv,onset_leak,58_66_89,24,66,89,39600,53400,1,0.52423596,1
train,58,data_58.csv,onset_leak,58_67_90,24,67,90,40200,54000,1,0.52486444,1
train,58,data_58.csv,onset_leak,58_68_91,24,68,91,40800,54600,1,0.5250732,1
train,58,data_58.csv,onset_leak,58_69_92,24,69,92,41400,55200,1,0.5270996,1
train,58,data_58.csv,onset_leak,58_70_93,24,70,93,42000,55800,1,0.5257181,1
train,58,data_58.csv,onset_leak,58_71_94,24,71,94,42600,56400,1,0.52946645,1
train,58,data_58.csv,onset_leak,58_72_95,24,72,95,43200,57000,1,0.53066474,1
train,58,data_58.csv,onset_leak,58_73_96,24,73,96,43800,57600,1,0.52380717,1
train,58,data_58.csv,onset_leak,58_74_97,24,74,97,44400,58200,1,0.5132764,1
train,58,data_58.csv,onset_leak,58_75_98,24,75,98,45000,58800,1,0.49710742,1
train,58,data_58.csv,onset_leak,58_76_99,24,76,99,45600,59400,1,0.47876522,1
train,58,data_58.csv,onset_leak,58_77_100,24,77,100,46200,60000,1,0.46619985,1
train,58,data_58.csv,onset_leak,58_78_101,24,78,101,46800,60600,1,0.45107648,1
train,58,data_58.csv,onset_leak,58_79_102,24,79,102,47400,61200,1,0.4399639,1
train,58,data_58.csv,onset_leak,58_80_103,24,80,103,48000,61800,1,0.42647603,1
train,58,data_58.csv,onset_leak,58_81_104,24,81,104,48600,62400,1,0.41385996,1
train,58,data_58.csv,onset_leak,58_82_105,24,82,105,49200,63000,1,0.40152594,1
train,58,data_58.csv,onset_leak,58_83_106,24,83,106,49800,63600,1,0.39475432,1
train,58,data_58.csv,onset_leak,58_84_107,24,84,107,50400,64200,1,0.3836027,1
train,58,data_58.csv,onset_leak,58_85_108,24,85,108,51000,64800,1,0.37609577,1
train,58,data_58.csv,onset_leak,58_86_109,24,86,109,51600,65400,1,0.36610058,1
train,58,data_58.csv,onset_leak,58_87_110,24,87,110,52200,66000,1,0.3621804,1
train,58,data_58.csv,onset_leak,58_88_111,24,88,111,52800,66600,1,0.35748205,1
train,58,data_58.csv,onset_leak,58_89_112,24,89,112,53400,67200,1,0.35864532,1
train,58,data_58.csv,onset_leak,58_90_113,24,90,113,54000,67800,1,0.35653114,1
train,58,data_58.csv,onset_leak,58_91_114,24,91,114,54600,68400,1,0.35660654,1
train,58,data_58.csv,onset_leak,58_92_115,24,92,115,55200,69000,1,0.3497892,1
train,58,data_58.csv,onset_leak,58_93_116,24,93,116,55800,69600,1,0.3466831,1
train,58,data_58.csv,onset_leak,58_94_117,24,94,117,56400,70200,1,0.3445435,1
train,58,data_58.csv,onset_leak,58_95_118,24,95,118,57000,70800,1,0.35731158,1
train,58,data_58.csv,onset_leak,58_96_119,24,96,119,57600,71400,1,0.37742534,1
train,58,data_58.csv,onset_leak,58_97_120,24,97,120,58200,72000,1,0.40254745,1
train,58,data_58.csv,onset_leak,58_98_121,24,98,121,58800,72600,1,0.41337234,1
train,58,data_58.csv,onset_leak,58_99_122,24,99,122,59400,73200,1,0.42417714,1
train,58,data_58.csv,onset_leak,58_100_123,24,100,123,60000,73800,1,0.4375494,1
train,58,data_58.csv,onset_leak,58_101_124,24,101,124,60600,74400,1,0.46707478,1
train,58,data_58.csv,onset_leak,58_102_125,24,102,125,61200,75000,1,0.5011666,1
train,58,data_58.csv,onset_leak,58_103_126,24,103,126,61800,75600,1,0.4723992,1
train,58,data_58.csv,onset_leak,58_104_127,24,104,127,62400,76200,1,0.45805347,1
train,58,data_58.csv,onset_leak,58_105_128,24,105,128,63000,76800,1,0.47221172,1
train,58,data_58.csv,onset_leak,58_106_129,24,106,129,63600,77400,1,0.49423382,1
train,58,data_58.csv,onset_leak,58_107_130,24,107,130,64200,78000,1,0.49267572,1
train,58,data_58.csv,onset_leak,58_108_131,24,108,131,64800,78600,1,0.50241524,1
train,58,data_58.csv,onset_leak,58_109_132,24,109,132,65400,79200,1,0.49833485,1
train,58,data_58.csv,onset_leak,58_110_133,24,110,133,66000,79800,1,0.5105201,1
train,58,data_58.csv,onset_leak,58_111_134,24,111,134,66600,80400,1,0.529173,1
train,58,data_58.csv,onset_leak,58_112_135,24,112,135,67200,81000,1,0.5415457,1
train,58,data_58.csv,onset_leak,58_113_136,24,113,136,67800,81600,1,0.55139726,1
train,58,data_58.csv,onset_leak,58_114_137,24,114,137,68400,82200,1,0.55706227,1
train,58,data_58.csv,onset_leak,58_115_138,24,115,138,69000,82800,1,0.56376266,1
train,58,data_58.csv,onset_leak,58_116_139,24,116,139,69600,83400,1,0.56952566,1
train,58,data_58.csv,onset_leak,58_117_140,24,117,140,70200,84000,1,0.5854658,1
train,58,data_58.csv,onset_leak,58_118_141,24,118,141,70800,84600,1,0.5910087,1
train,58,data_58.csv,onset_leak,58_119_142,24,119,142,71400,85200,1,0.5967048,1
train,58,data_58.csv,onset_leak,58_120_143,24,120,143,72000,85800,1,0.6063003,1
train,58,data_58.csv,onset_leak,58_121_144,24,121,144,72600,86400,1,0.61043805,1
train,60,data_60.csv,onset_leak,60_0_23,24,0,23,0,13800,0,0.19777887,0
train,60,data_60.csv,onset_leak,60_1_24,24,1,24,600,14400,0,0.19649553,0
train,60,data_60.csv,onset_leak,60_2_25,24,2,25,1200,15000,0,0.19455382,0
train,60,data_60.csv,onset_leak,60_3_26,24,3,26,1800,15600,0,0.19456668,0
train,60,data_60.csv,onset_leak,60_4_27,24,4,27,2400,16200,0,0.19461226,0
train,60,data_60.csv,onset_leak,60_5_28,24,5,28,3000,16800,0,0.19548544,0
train,60,data_60.csv,onset_leak,60_6_29,24,6,29,3600,17400,0,0.19569476,0
train,60,data_60.csv,onset_leak,60_7_30,24,7,30,4200,18000,0,0.19463591,0
train,60,data_60.csv,onset_leak,60_8_31,24,8,31,4800,18600,0,0.19297017,0
train,60,data_60.csv,onset_leak,60_9_32,24,9,32,5400,19200,0,0.19409356,0
train,60,data_60.csv,onset_leak,60_10_33,24,10,33,6000,19800,0,0.19544199,0
train,60,data_60.csv,onset_leak,60_11_34,24,11,34,6600,20400,0,0.1974183,0
train,60,data_60.csv,onset_leak,60_12_35,24,12,35,7200,21000,0,0.1987299,0
train,60,data_60.csv,onset_leak,60_13_36,24,13,36,7800,21600,0,0.19787005,0
train,60,data_60.csv,onset_leak,60_14_37,24,14,37,8400,22200,0,0.19645053,0
train,60,data_60.csv,onset_leak,60_15_38,24,15,38,9000,22800,0,0.19858399,0
train,60,data_60.csv,onset_leak,60_16_39,24,16,39,9600,23400,0,0.201126,0
train,60,data_60.csv,onset_leak,60_17_40,24,17,40,10200,24000,0,0.2040963,0
train,60,data_60.csv,onset_leak,60_18_41,24,18,41,10800,24600,0,0.2064664,0
train,60,data_60.csv,onset_leak,60_19_42,24,19,42,11400,25200,0,0.20579134,0
train,60,data_60.csv,onset_leak,60_20_43,24,20,43,12000,25800,0,0.20459856,0
train,60,data_60.csv,onset_leak,60_21_44,24,21,44,12600,26400,0,0.20766504,0
train,60,data_60.csv,onset_leak,60_22_45,24,22,45,13200,27000,0,0.21131307,0
train,60,data_60.csv,onset_leak,60_23_46,24,23,46,13800,27600,0,0.2152123,0
train,60,data_60.csv,onset_leak,60_24_47,24,24,47,14400,28200,0,0.21858066,0
train,60,data_60.csv,onset_leak,60_25_48,24,25,48,15000,28800,0,0.21679386,0
train,60,data_60.csv,onset_leak,60_26_49,24,26,49,15600,29400,0,0.21465825,0
train,60,data_60.csv,onset_leak,60_27_50,24,27,50,16200,30000,0,0.2174221,0
train,60,data_60.csv,onset_leak,60_28_51,24,28,51,16800,30600,0,0.2202831,0
train,60,data_60.csv,onset_leak,60_29_52,24,29,52,17400,31200,0,0.22485165,0
train,60,data_60.csv,onset_leak,60_30_53,24,30,53,18000,31800,0,0.22833297,0
train,60,data_60.csv,onset_leak,60_31_54,24,31,54,18600,32400,0,0.22278416,0
train,60,data_60.csv,onset_leak,60_32_55,24,32,55,19200,33000,0,0.21671087,0
train,60,data_60.csv,onset_leak,60_33_56,24,33,56,19800,33600,0,0.2179841,0
train,60,data_60.csv,onset_leak,60_34_57,24,34,57,20400,34200,0,0.21828416,0
train,60,data_60.csv,onset_leak,60_35_58,24,35,58,21000,34800,0,0.22325987,0
train,60,data_60.csv,onset_leak,60_36_59,24,36,59,21600,35400,0,0.22584194,0
train,60,data_60.csv,onset_leak,60_37_60,24,37,60,22200,36000,0,0.21797304,0
train,60,data_60.csv,onset_leak,60_38_61,24,38,61,22800,36600,0,0.20891218,0
train,60,data_60.csv,onset_leak,60_39_62,24,39,62,23400,37200,0,0.21002136,0
train,60,data_60.csv,onset_leak,60_40_63,24,40,63,24000,37800,0,0.2117465,0
train,60,data_60.csv,onset_leak,60_41_64,24,41,64,24600,38400,0,0.21743447,0
train,60,data_60.csv,onset_leak,60_42_65,24,42,65,25200,39000,0,0.22480834,0
train,60,data_60.csv,onset_leak,60_43_66,24,43,66,25800,39600,0,0.26330355,0
train,60,data_60.csv,onset_leak,60_44_67,24,44,67,26400,40200,0,0.2920148,0
train,60,data_60.csv,onset_leak,60_45_68,24,45,68,27000,40800,0,0.30647978,1
train,60,data_60.csv,onset_leak,60_46_69,24,46,69,27600,41400,0,0.33090034,1
train,60,data_60.csv,onset_leak,60_47_70,24,47,70,28200,42000,0,0.40362334,1
train,60,data_60.csv,onset_leak,60_48_71,24,48,71,28800,42600,0,0.49807274,1
train,60,data_60.csv,onset_leak,60_49_72,24,49,72,29400,43200,1,0.65695083,1
train,60,data_60.csv,onset_leak,60_50_73,24,50,73,30000,43800,1,0.7404815,1
train,60,data_60.csv,onset_leak,60_51_74,24,51,74,30600,44400,1,0.7920066,1
train,60,data_60.csv,onset_leak,60_52_75,24,52,75,31200,45000,1,0.8156502,1
train,60,data_60.csv,onset_leak,60_53_76,24,53,76,31800,45600,1,0.8596484,1
train,60,data_60.csv,onset_leak,60_54_77,24,54,77,32400,46200,1,0.8906632,1
train,60,data_60.csv,onset_leak,60_55_78,24,55,78,33000,46800,1,0.9152971,1
train,60,data_60.csv,onset_leak,60_56_79,24,56,79,33600,47400,1,0.93246853,1
train,60,data_60.csv,onset_leak,60_57_80,24,57,80,34200,48000,1,0.9435453,1
train,60,data_60.csv,onset_leak,60_58_81,24,58,81,34800,48600,1,0.94724214,1
train,60,data_60.csv,onset_leak,60_59_82,24,59,82,35400,49200,1,0.96044123,1
train,60,data_60.csv,onset_leak,60_60_83,24,60,83,36000,49800,1,0.9695991,1
train,60,data_60.csv,onset_leak,60_61_84,24,61,84,36600,50400,1,0.97430474,1
train,60,data_60.csv,onset_leak,60_62_85,24,62,85,37200,51000,1,0.9780262,1
train,60,data_60.csv,onset_leak,60_63_86,24,63,86,37800,51600,1,0.98142,1
train,60,data_60.csv,onset_leak,60_64_87,24,64,87,38400,52200,1,0.9820092,1
train,60,data_60.csv,onset_leak,60_65_88,24,65,88,39000,52800,1,0.985465,1
train,60,data_60.csv,onset_leak,60_66_89,24,66,89,39600,53400,1,0.9879182,1
train,60,data_60.csv,onset_leak,60_67_90,24,67,90,40200,54000,1,0.9881334,1
train,60,data_60.csv,onset_leak,60_68_91,24,68,91,40800,54600,1,0.9886679,1
train,60,data_60.csv,onset_leak,60_69_92,24,69,92,41400,55200,1,0.9899064,1
train,60,data_60.csv,onset_leak,60_70_93,24,70,93,42000,55800,1,0.98972404,1
train,60,data_60.csv,onset_leak,60_71_94,24,71,94,42600,56400,1,0.9907809,1
train,60,data_60.csv,onset_leak,60_72_95,24,72,95,43200,57000,1,0.9914334,1
train,60,data_60.csv,onset_leak,60_73_96,24,73,96,43800,57600,1,0.99041194,1
train,60,data_60.csv,onset_leak,60_74_97,24,74,97,44400,58200,1,0.9897976,1
train,60,data_60.csv,onset_leak,60_75_98,24,75,98,45000,58800,1,0.99021155,1
train,60,data_60.csv,onset_leak,60_76_99,24,76,99,45600,59400,1,0.9897831,1
train,60,data_60.csv,onset_leak,60_77_100,24,77,100,46200,60000,1,0.9899074,1
train,60,data_60.csv,onset_leak,60_78_101,24,78,101,46800,60600,1,0.9894896,1
train,60,data_60.csv,onset_leak,60_79_102,24,79,102,47400,61200,1,0.9871432,1
train,60,data_60.csv,onset_leak,60_80_103,24,80,103,48000,61800,1,0.98507166,1
train,60,data_60.csv,onset_leak,60_81_104,24,81,104,48600,62400,1,0.98481846,1
train,60,data_60.csv,onset_leak,60_82_105,24,82,105,49200,63000,1,0.9839828,1
train,60,data_60.csv,onset_leak,60_83_106,24,83,106,49800,63600,1,0.98253167,1
train,60,data_60.csv,onset_leak,60_84_107,24,84,107,50400,64200,1,0.97991943,1
train,60,data_60.csv,onset_leak,60_85_108,24,85,108,51000,64800,1,0.97396547,1
train,60,data_60.csv,onset_leak,60_86_109,24,86,109,51600,65400,1,0.96797454,1
train,60,data_60.csv,onset_leak,60_87_110,24,87,110,52200,66000,1,0.96554106,1
train,60,data_60.csv,onset_leak,60_88_111,24,88,111,52800,66600,1,0.96314216,1
train,60,data_60.csv,onset_leak,60_89_112,24,89,112,53400,67200,1,0.9567712,1
train,60,data_60.csv,onset_leak,60_90_113,24,90,113,54000,67800,1,0.9478605,1
train,60,data_60.csv,onset_leak,60_91_114,24,91,114,54600,68400,1,0.9290811,1
train,60,data_60.csv,onset_leak,60_92_115,24,92,115,55200,69000,1,0.9094092,1
train,60,data_60.csv,onset_leak,60_93_116,24,93,116,55800,69600,1,0.9020836,1
train,60,data_60.csv,onset_leak,60_94_117,24,94,117,56400,70200,1,0.89381474,1
train,60,data_60.csv,onset_leak,60_95_118,24,95,118,57000,70800,1,0.8698288,1
train,60,data_60.csv,onset_leak,60_96_119,24,96,119,57600,71400,1,0.8411037,1
train,60,data_60.csv,onset_leak,60_97_120,24,97,120,58200,72000,1,0.7995228,1
train,60,data_60.csv,onset_leak,60_98_121,24,98,121,58800,72600,1,0.75961983,1
train,60,data_60.csv,onset_leak,60_99_122,24,99,122,59400,73200,1,0.741645,1
train,60,data_60.csv,onset_leak,60_100_123,24,100,123,60000,73800,1,0.73618895,1
train,60,data_60.csv,onset_leak,60_101_124,24,101,124,60600,74400,1,0.7024023,1
train,60,data_60.csv,onset_leak,60_102_125,24,102,125,61200,75000,1,0.66930616,1
train,60,data_60.csv,onset_leak,60_103_126,24,103,126,61800,75600,1,0.6523214,1
train,60,data_60.csv,onset_leak,60_104_127,24,104,127,62400,76200,1,0.6256785,1
train,60,data_60.csv,onset_leak,60_105_128,24,105,128,63000,76800,1,0.6196815,1
train,60,data_60.csv,onset_leak,60_106_129,24,106,129,63600,77400,1,0.6229751,1
train,60,data_60.csv,onset_leak,60_107_130,24,107,130,64200,78000,1,0.61344,1
train,60,data_60.csv,onset_leak,60_108_131,24,108,131,64800,78600,1,0.5904196,1
train,60,data_60.csv,onset_leak,60_109_132,24,109,132,65400,79200,1,0.58491415,1
train,60,data_60.csv,onset_leak,60_110_133,24,110,133,66000,79800,1,0.58751726,1
train,60,data_60.csv,onset_leak,60_111_134,24,111,134,66600,80400,1,0.5903676,1
train,60,data_60.csv,onset_leak,60_112_135,24,112,135,67200,81000,1,0.588869,1
train,60,data_60.csv,onset_leak,60_113_136,24,113,136,67800,81600,1,0.58679533,1
train,60,data_60.csv,onset_leak,60_114_137,24,114,137,68400,82200,1,0.5875325,1
train,60,data_60.csv,onset_leak,60_115_138,24,115,138,69000,82800,1,0.5885283,1
train,60,data_60.csv,onset_leak,60_116_139,24,116,139,69600,83400,1,0.58864903,1
train,60,data_60.csv,onset_leak,60_117_140,24,117,140,70200,84000,1,0.5791573,1
train,60,data_60.csv,onset_leak,60_118_141,24,118,141,70800,84600,1,0.5611589,1
train,60,data_60.csv,onset_leak,60_119_142,24,119,142,71400,85200,1,0.5441544,1
train,60,data_60.csv,onset_leak,60_120_143,24,120,143,72000,85800,1,0.52983856,1
train,60,data_60.csv,onset_leak,60_121_144,24,121,144,72600,86400,1,0.5174979,1
val,5,data_5.csv,normal,5_0_23,24,0,23,0,13800,0,0.23917316,0
val,5,data_5.csv,normal,5_1_24,24,1,24,600,14400,0,0.23838359,0
val,5,data_5.csv,normal,5_2_25,24,2,25,1200,15000,0,0.2375036,0
val,5,data_5.csv,normal,5_3_26,24,3,26,1800,15600,0,0.23578644,0
val,5,data_5.csv,normal,5_4_27,24,4,27,2400,16200,0,0.23360308,0
val,5,data_5.csv,normal,5_5_28,24,5,28,3000,16800,0,0.23194805,0
val,5,data_5.csv,normal,5_6_29,24,6,29,3600,17400,0,0.23038933,0
val,5,data_5.csv,normal,5_7_30,24,7,30,4200,18000,0,0.22637177,0
val,5,data_5.csv,normal,5_8_31,24,8,31,4800,18600,0,0.22356318,0
val,5,data_5.csv,normal,5_9_32,24,9,32,5400,19200,0,0.2192179,0
val,5,data_5.csv,normal,5_10_33,24,10,33,6000,19800,0,0.21418986,0
val,5,data_5.csv,normal,5_11_34,24,11,34,6600,20400,0,0.21323396,0
val,5,data_5.csv,normal,5_12_35,24,12,35,7200,21000,0,0.21058495,0
val,5,data_5.csv,normal,5_13_36,24,13,36,7800,21600,0,0.20499118,0
val,5,data_5.csv,normal,5_14_37,24,14,37,8400,22200,0,0.19782254,0
val,5,data_5.csv,normal,5_15_38,24,15,38,9000,22800,0,0.19504301,0
val,5,data_5.csv,normal,5_16_39,24,16,39,9600,23400,0,0.19000448,0
val,5,data_5.csv,normal,5_17_40,24,17,40,10200,24000,0,0.189448,0
val,5,data_5.csv,normal,5_18_41,24,18,41,10800,24600,0,0.18686594,0
val,5,data_5.csv,normal,5_19_42,24,19,42,11400,25200,0,0.183717,0
val,5,data_5.csv,normal,5_20_43,24,20,43,12000,25800,0,0.17734717,0
val,5,data_5.csv,normal,5_21_44,24,21,44,12600,26400,0,0.17616132,0
val,5,data_5.csv,normal,5_22_45,24,22,45,13200,27000,0,0.17721277,0
val,5,data_5.csv,normal,5_23_46,24,23,46,13800,27600,0,0.17786242,0
val,5,data_5.csv,normal,5_24_47,24,24,47,14400,28200,0,0.17779867,0
val,5,data_5.csv,normal,5_25_48,24,25,48,15000,28800,0,0.17873773,0
val,5,data_5.csv,normal,5_26_49,24,26,49,15600,29400,0,0.17944382,0
val,5,data_5.csv,normal,5_27_50,24,27,50,16200,30000,0,0.18678911,0
val,5,data_5.csv,normal,5_28_51,24,28,51,16800,30600,0,0.19601636,0
val,5,data_5.csv,normal,5_29_52,24,29,52,17400,31200,0,0.20382154,0
val,5,data_5.csv,normal,5_30_53,24,30,53,18000,31800,0,0.21194285,0
val,5,data_5.csv,normal,5_31_54,24,31,54,18600,32400,0,0.21200666,0
val,5,data_5.csv,normal,5_32_55,24,32,55,19200,33000,0,0.21263924,0
val,5,data_5.csv,normal,5_33_56,24,33,56,19800,33600,0,0.2191288,0
val,5,data_5.csv,normal,5_34_57,24,34,57,20400,34200,0,0.22733429,0
val,5,data_5.csv,normal,5_35_58,24,35,58,21000,34800,0,0.23579593,0
val,5,data_5.csv,normal,5_36_59,24,36,59,21600,35400,0,0.24379858,0
val,5,data_5.csv,normal,5_37_60,24,37,60,22200,36000,0,0.23912849,0
val,5,data_5.csv,normal,5_38_61,24,38,61,22800,36600,0,0.23494253,0
val,5,data_5.csv,normal,5_39_62,24,39,62,23400,37200,0,0.24001473,0
val,5,data_5.csv,normal,5_40_63,24,40,63,24000,37800,0,0.24358784,0
val,5,data_5.csv,normal,5_41_64,24,41,64,24600,38400,0,0.2519472,0
val,5,data_5.csv,normal,5_42_65,24,42,65,25200,39000,0,0.2580973,0
val,5,data_5.csv,normal,5_43_66,24,43,66,25800,39600,0,0.25487044,0
val,5,data_5.csv,normal,5_44_67,24,44,67,26400,40200,0,0.25164044,0
val,5,data_5.csv,normal,5_45_68,24,45,68,27000,40800,0,0.2549588,0
val,5,data_5.csv,normal,5_46_69,24,46,69,27600,41400,0,0.25892723,0
val,5,data_5.csv,normal,5_47_70,24,47,70,28200,42000,0,0.27863345,0
val,5,data_5.csv,normal,5_48_71,24,48,71,28800,42600,0,0.31496724,1
val,5,data_5.csv,normal,5_49_72,24,49,72,29400,43200,0,0.36218002,1
val,5,data_5.csv,normal,5_50_73,24,50,73,30000,43800,0,0.381436,1
val,5,data_5.csv,normal,5_51_74,24,51,74,30600,44400,0,0.40241206,1
val,5,data_5.csv,normal,5_52_75,24,52,75,31200,45000,0,0.4289369,1
val,5,data_5.csv,normal,5_53_76,24,53,76,31800,45600,0,0.4921929,1
val,5,data_5.csv,normal,5_54_77,24,54,77,32400,46200,0,0.55822724,1
val,5,data_5.csv,normal,5_55_78,24,55,78,33000,46800,0,0.5747547,1
val,5,data_5.csv,normal,5_56_79,24,56,79,33600,47400,0,0.5874338,1
val,5,data_5.csv,normal,5_57_80,24,57,80,34200,48000,0,0.61479264,1
val,5,data_5.csv,normal,5_58_81,24,58,81,34800,48600,0,0.6166745,1
val,5,data_5.csv,normal,5_59_82,24,59,82,35400,49200,0,0.63255703,1
val,5,data_5.csv,normal,5_60_83,24,60,83,36000,49800,0,0.64888394,1
val,5,data_5.csv,normal,5_61_84,24,61,84,36600,50400,0,0.6275368,1
val,5,data_5.csv,normal,5_62_85,24,62,85,37200,51000,0,0.6095677,1
val,5,data_5.csv,normal,5_63_86,24,63,86,37800,51600,0,0.61834276,1
val,5,data_5.csv,normal,5_64_87,24,64,87,38400,52200,0,0.6176479,1
val,5,data_5.csv,normal,5_65_88,24,65,88,39000,52800,0,0.63160187,1
val,5,data_5.csv,normal,5_66_89,24,66,89,39600,53400,0,0.6288339,1
val,5,data_5.csv,normal,5_67_90,24,67,90,40200,54000,0,0.62360424,1
val,5,data_5.csv,normal,5_68_91,24,68,91,40800,54600,0,0.61219066,1
val,5,data_5.csv,normal,5_69_92,24,69,92,41400,55200,0,0.6094676,1
val,5,data_5.csv,normal,5_70_93,24,70,93,42000,55800,0,0.61287844,1
val,5,data_5.csv,normal,5_71_94,24,71,94,42600,56400,0,0.6128058,1
val,5,data_5.csv,normal,5_72_95,24,72,95,43200,57000,0,0.6106263,1
val,5,data_5.csv,normal,5_73_96,24,73,96,43800,57600,0,0.60964096,1
val,5,data_5.csv,normal,5_74_97,24,74,97,44400,58200,0,0.59966946,1
val,5,data_5.csv,normal,5_75_98,24,75,98,45000,58800,0,0.5853196,1
val,5,data_5.csv,normal,5_76_99,24,76,99,45600,59400,0,0.58393997,1
val,5,data_5.csv,normal,5_77_100,24,77,100,46200,60000,0,0.56689954,1
val,5,data_5.csv,normal,5_78_101,24,78,101,46800,60600,0,0.5587797,1
val,5,data_5.csv,normal,5_79_102,24,79,102,47400,61200,0,0.5729883,1
val,5,data_5.csv,normal,5_80_103,24,80,103,48000,61800,0,0.57876307,1
val,5,data_5.csv,normal,5_81_104,24,81,104,48600,62400,0,0.575365,1
val,5,data_5.csv,normal,5_82_105,24,82,105,49200,63000,0,0.575467,1
val,5,data_5.csv,normal,5_83_106,24,83,106,49800,63600,0,0.5804687,1
val,5,data_5.csv,normal,5_84_107,24,84,107,50400,64200,0,0.5929739,1
val,5,data_5.csv,normal,5_85_108,24,85,108,51000,64800,0,0.617515,1
val,5,data_5.csv,normal,5_86_109,24,86,109,51600,65400,0,0.63518304,1
val,5,data_5.csv,normal,5_87_110,24,87,110,52200,66000,0,0.6482858,1
val,5,data_5.csv,normal,5_88_111,24,88,111,52800,66600,0,0.6571737,1
val,5,data_5.csv,normal,5_89_112,24,89,112,53400,67200,0,0.67600256,1
val,5,data_5.csv,normal,5_90_113,24,90,113,54000,67800,0,0.69364625,1
val,5,data_5.csv,normal,5_91_114,24,91,114,54600,68400,0,0.6845582,1
val,5,data_5.csv,normal,5_92_115,24,92,115,55200,69000,0,0.6848053,1
val,5,data_5.csv,normal,5_93_116,24,93,116,55800,69600,0,0.6936638,1
val,5,data_5.csv,normal,5_94_117,24,94,117,56400,70200,0,0.6876748,1
val,5,data_5.csv,normal,5_95_118,24,95,118,57000,70800,0,0.69038254,1
val,5,data_5.csv,normal,5_96_119,24,96,119,57600,71400,0,0.69644094,1
val,5,data_5.csv,normal,5_97_120,24,97,120,58200,72000,0,0.6423943,1
val,5,data_5.csv,normal,5_98_121,24,98,121,58800,72600,0,0.61047214,1
val,5,data_5.csv,normal,5_99_122,24,99,122,59400,73200,0,0.61173433,1
val,5,data_5.csv,normal,5_100_123,24,100,123,60000,73800,0,0.60968417,1
val,5,data_5.csv,normal,5_101_124,24,101,124,60600,74400,0,0.6098577,1
val,5,data_5.csv,normal,5_102_125,24,102,125,61200,75000,0,0.5955349,1
val,5,data_5.csv,normal,5_103_126,24,103,126,61800,75600,0,0.57750165,1
val,5,data_5.csv,normal,5_104_127,24,104,127,62400,76200,0,0.5623503,1
val,5,data_5.csv,normal,5_105_128,24,105,128,63000,76800,0,0.57305115,1
val,5,data_5.csv,normal,5_106_129,24,106,129,63600,77400,0,0.5824983,1
val,5,data_5.csv,normal,5_107_130,24,107,130,64200,78000,0,0.5919799,1
val,5,data_5.csv,normal,5_108_131,24,108,131,64800,78600,0,0.5852131,1
val,5,data_5.csv,normal,5_109_132,24,109,132,65400,79200,0,0.584865,1
val,5,data_5.csv,normal,5_110_133,24,110,133,66000,79800,0,0.5851601,1
val,5,data_5.csv,normal,5_111_134,24,111,134,66600,80400,0,0.59282076,1
val,5,data_5.csv,normal,5_112_135,24,112,135,67200,81000,0,0.5923609,1
val,5,data_5.csv,normal,5_113_136,24,113,136,67800,81600,0,0.59985197,1
val,5,data_5.csv,normal,5_114_137,24,114,137,68400,82200,0,0.6102128,1
val,5,data_5.csv,normal,5_115_138,24,115,138,69000,82800,0,0.60886234,1
val,5,data_5.csv,normal,5_116_139,24,116,139,69600,83400,0,0.6069291,1
val,5,data_5.csv,normal,5_117_140,24,117,140,70200,84000,0,0.604182,1
val,5,data_5.csv,normal,5_118_141,24,118,141,70800,84600,0,0.5875689,1
val,5,data_5.csv,normal,5_119_142,24,119,142,71400,85200,0,0.57332176,1
val,5,data_5.csv,normal,5_120_143,24,120,143,72000,85800,0,0.5580056,1
val,5,data_5.csv,normal,5_121_144,24,121,144,72600,86400,0,0.5345036,1
val,10,data_10.csv,normal,10_0_23,24,0,23,0,13800,0,0.2881938,0
val,10,data_10.csv,normal,10_1_24,24,1,24,600,14400,0,0.28611857,0
val,10,data_10.csv,normal,10_2_25,24,2,25,1200,15000,0,0.28381065,0
val,10,data_10.csv,normal,10_3_26,24,3,26,1800,15600,0,0.27932382,0
val,10,data_10.csv,normal,10_4_27,24,4,27,2400,16200,0,0.2736493,0
val,10,data_10.csv,normal,10_5_28,24,5,28,3000,16800,0,0.26937222,0
val,10,data_10.csv,normal,10_6_29,24,6,29,3600,17400,0,0.26536343,0
val,10,data_10.csv,normal,10_7_30,24,7,30,4200,18000,0,0.26303607,0
val,10,data_10.csv,normal,10_8_31,24,8,31,4800,18600,0,0.26020312,0
val,10,data_10.csv,normal,10_9_32,24,9,32,5400,19200,0,0.2561704,0
val,10,data_10.csv,normal,10_10_33,24,10,33,6000,19800,0,0.25123006,0
val,10,data_10.csv,normal,10_11_34,24,11,34,6600,20400,0,0.24774465,0
val,10,data_10.csv,normal,10_12_35,24,12,35,7200,21000,0,0.24432933,0
val,10,data_10.csv,normal,10_13_36,24,13,36,7800,21600,0,0.24274734,0
val,10,data_10.csv,normal,10_14_37,24,14,37,8400,22200,0,0.24048665,0
val,10,data_10.csv,normal,10_15_38,24,15,38,9000,22800,0,0.23780051,0
val,10,data_10.csv,normal,10_16_39,24,16,39,9600,23400,0,0.23483557,0
val,10,data_10.csv,normal,10_17_40,24,17,40,10200,24000,0,0.23255318,0
val,10,data_10.csv,normal,10_18_41,24,18,41,10800,24600,0,0.230329,0
val,10,data_10.csv,normal,10_19_42,24,19,42,11400,25200,0,0.22984438,0
val,10,data_10.csv,normal,10_20_43,24,20,43,12000,25800,0,0.2290347,0
val,10,data_10.csv,normal,10_21_44,24,21,44,12600,26400,0,0.22807823,0
val,10,data_10.csv,normal,10_22_45,24,22,45,13200,27000,0,0.2271888,0
val,10,data_10.csv,normal,10_23_46,24,23,46,13800,27600,0,0.22638895,0
val,10,data_10.csv,normal,10_24_47,24,24,47,14400,28200,0,0.22563599,0
val,10,data_10.csv,normal,10_25_48,24,25,48,15000,28800,0,0.22563599,0
val,10,data_10.csv,normal,10_26_49,24,26,49,15600,29400,0,0.22563599,0
val,10,data_10.csv,normal,10_27_50,24,27,50,16200,30000,0,0.22563599,0
val,10,data_10.csv,normal,10_28_51,24,28,51,16800,30600,0,0.22563599,0
val,10,data_10.csv,normal,10_29_52,24,29,52,17400,31200,0,0.22563599,0
val,10,data_10.csv,normal,10_30_53,24,30,53,18000,31800,0,0.22563599,0
val,10,data_10.csv,normal,10_31_54,24,31,54,18600,32400,0,0.2193777,0
val,10,data_10.csv,normal,10_32_55,24,32,55,19200,33000,0,0.21386713,0
val,10,data_10.csv,normal,10_33_56,24,33,56,19800,33600,0,0.20871592,0
val,10,data_10.csv,normal,10_34_57,24,34,57,20400,34200,0,0.20048289,0
val,10,data_10.csv,normal,10_35_58,24,35,58,21000,34800,0,0.20042232,0
val,10,data_10.csv,normal,10_36_59,24,36,59,21600,35400,0,0.19696952,0
val,10,data_10.csv,normal,10_37_60,24,37,60,22200,36000,0,0.17944214,0
val,10,data_10.csv,normal,10_38_61,24,38,61,22800,36600,0,0.1610894,0
val,10,data_10.csv,normal,10_39_62,24,39,62,23400,37200,0,0.15287428,0
val,10,data_10.csv,normal,10_40_63,24,40,63,24000,37800,0,0.13932747,0
val,10,data_10.csv,normal,10_41_64,24,41,64,24600,38400,0,0.13924548,0
val,10,data_10.csv,normal,10_42_65,24,42,65,25200,39000,0,0.1338203,0
val,10,data_10.csv,normal,10_43_66,24,43,66,25800,39600,0,0.13053687,0
val,10,data_10.csv,normal,10_44_67,24,44,67,26400,40200,0,0.12560463,0
val,10,data_10.csv,normal,10_45_68,24,45,68,27000,40800,0,0.122660525,0
val,10,data_10.csv,normal,10_46_69,24,46,69,27600,41400,0,0.12407181,0
val,10,data_10.csv,normal,10_47_70,24,47,70,28200,42000,0,0.13741063,0
val,10,data_10.csv,normal,10_48_71,24,48,71,28800,42600,0,0.1591916,0
val,10,data_10.csv,normal,10_49_72,24,49,72,29400,43200,0,0.19548135,0
val,10,data_10.csv,normal,10_50_73,24,50,73,30000,43800,0,0.20648359,0
val,10,data_10.csv,normal,10_51_74,24,51,74,30600,44400,0,0.23061587,0
val,10,data_10.csv,normal,10_52_75,24,52,75,31200,45000,0,0.27471876,0
val,10,data_10.csv,normal,10_53_76,24,53,76,31800,45600,0,0.33680263,1
val,10,data_10.csv,normal,10_54_77,24,54,77,32400,46200,0,0.41588363,1
val,10,data_10.csv,normal,10_55_78,24,55,78,33000,46800,0,0.45110813,1
val,10,data_10.csv,normal,10_56_79,24,56,79,33600,47400,0,0.47352558,1
val,10,data_10.csv,normal,10_57_80,24,57,80,34200,48000,0,0.5492672,1
val,10,data_10.csv,normal,10_58_81,24,58,81,34800,48600,0,0.58327806,1
val,10,data_10.csv,normal,10_59_82,24,59,82,35400,49200,0,0.62541634,1
val,10,data_10.csv,normal,10_60_83,24,60,83,36000,49800,0,0.65251166,1
val,10,data_10.csv,normal,10_61_84,24,61,84,36600,50400,0,0.6280266,1
val,10,data_10.csv,normal,10_62_85,24,62,85,37200,51000,0,0.61221117,1
val,10,data_10.csv,normal,10_63_86,24,63,86,37800,51600,0,0.6230624,1
val,10,data_10.csv,normal,10_64_87,24,64,87,38400,52200,0,0.6239103,1
val,10,data_10.csv,normal,10_65_88,24,65,88,39000,52800,0,0.63998616,1
val,10,data_10.csv,normal,10_66_89,24,66,89,39600,53400,0,0.64116794,1
val,10,data_10.csv,normal,10_67_90,24,67,90,40200,54000,0,0.6452398,1
val,10,data_10.csv,normal,10_68_91,24,68,91,40800,54600,0,0.6393527,1
val,10,data_10.csv,normal,10_69_92,24,69,92,41400,55200,0,0.62586844,1
val,10,data_10.csv,normal,10_70_93,24,70,93,42000,55800,0,0.6270427,1
val,10,data_10.csv,normal,10_71_94,24,71,94,42600,56400,0,0.6199302,1
val,10,data_10.csv,normal,10_72_95,24,72,95,43200,57000,0,0.6217999,1
val,10,data_10.csv,normal,10_73_96,24,73,96,43800,57600,0,0.65391654,1
val,10,data_10.csv,normal,10_74_97,24,74,97,44400,58200,0,0.6769282,1
val,10,data_10.csv,normal,10_75_98,24,75,98,45000,58800,0,0.67107165,1
val,10,data_10.csv,normal,10_76_99,24,76,99,45600,59400,0,0.6882974,1
val,10,data_10.csv,normal,10_77_100,24,77,100,46200,60000,0,0.7054907,1
val,10,data_10.csv,normal,10_78_101,24,78,101,46800,60600,0,0.7288693,1
val,10,data_10.csv,normal,10_79_102,24,79,102,47400,61200,0,0.78142554,1
val,10,data_10.csv,normal,10_80_103,24,80,103,48000,61800,0,0.8139886,1
val,10,data_10.csv,normal,10_81_104,24,81,104,48600,62400,0,0.82592607,1
val,10,data_10.csv,normal,10_82_105,24,82,105,49200,63000,0,0.8403048,1
val,10,data_10.csv,normal,10_83_106,24,83,106,49800,63600,0,0.8616066,1
val,10,data_10.csv,normal,10_84_107,24,84,107,50400,64200,0,0.8835925,1
val,10,data_10.csv,normal,10_85_108,24,85,108,51000,64800,0,0.9033062,1
val,10,data_10.csv,normal,10_86_109,24,86,109,51600,65400,0,0.91870034,1
val,10,data_10.csv,normal,10_87_110,24,87,110,52200,66000,0,0.92837775,1
val,10,data_10.csv,normal,10_88_111,24,88,111,52800,66600,0,0.9320249,1
val,10,data_10.csv,normal,10_89_112,24,89,112,53400,67200,0,0.9436861,1
val,10,data_10.csv,normal,10_90_113,24,90,113,54000,67800,0,0.95346427,1
val,10,data_10.csv,normal,10_91_114,24,91,114,54600,68400,0,0.93272763,1
val,10,data_10.csv,normal,10_92_115,24,92,115,55200,69000,0,0.92079055,1
val,10,data_10.csv,normal,10_93_116,24,93,116,55800,69600,0,0.92854774,1
val,10,data_10.csv,normal,10_94_117,24,94,117,56400,70200,0,0.9205362,1
val,10,data_10.csv,normal,10_95_118,24,95,118,57000,70800,0,0.9166154,1
val,10,data_10.csv,normal,10_96_119,24,96,119,57600,71400,0,0.9068918,1
val,10,data_10.csv,normal,10_97_120,24,97,120,58200,72000,0,0.8500102,1
val,10,data_10.csv,normal,10_98_121,24,98,121,58800,72600,0,0.79002404,1
val,10,data_10.csv,normal,10_99_122,24,99,122,59400,73200,0,0.79249007,1
val,10,data_10.csv,normal,10_100_123,24,100,123,60000,73800,0,0.77429324,1
val,10,data_10.csv,normal,10_101_124,24,101,124,60600,74400,0,0.7730088,1
val,10,data_10.csv,normal,10_102_125,24,102,125,61200,75000,0,0.733797,1
val,10,data_10.csv,normal,10_103_126,24,103,126,61800,75600,0,0.72075015,1
val,10,data_10.csv,normal,10_104_127,24,104,127,62400,76200,0,0.6874338,1
val,10,data_10.csv,normal,10_105_128,24,105,128,63000,76800,0,0.68319285,1
val,10,data_10.csv,normal,10_106_129,24,106,129,63600,77400,0,0.6890952,1
val,10,data_10.csv,normal,10_107_130,24,107,130,64200,78000,0,0.71568805,1
val,10,data_10.csv,normal,10_108_131,24,108,131,64800,78600,0,0.71164936,1
val,10,data_10.csv,normal,10_109_132,24,109,132,65400,79200,0,0.68903023,1
val,10,data_10.csv,normal,10_110_133,24,110,133,66000,79800,0,0.6555961,1
val,10,data_10.csv,normal,10_111_134,24,111,134,66600,80400,0,0.63981843,1
val,10,data_10.csv,normal,10_112_135,24,112,135,67200,81000,0,0.63716215,1
val,10,data_10.csv,normal,10_113_136,24,113,136,67800,81600,0,0.6230645,1
val,10,data_10.csv,normal,10_114_137,24,114,137,68400,82200,0,0.6145079,1
val,10,data_10.csv,normal,10_115_138,24,115,138,69000,82800,0,0.60488313,1
val,10,data_10.csv,normal,10_116_139,24,116,139,69600,83400,0,0.5926001,1
val,10,data_10.csv,normal,10_117_140,24,117,140,70200,84000,0,0.5439979,1
val,10,data_10.csv,normal,10_118_141,24,118,141,70800,84600,0,0.47919804,1
val,10,data_10.csv,normal,10_119_142,24,119,142,71400,85200,0,0.423398,1
val,10,data_10.csv,normal,10_120_143,24,120,143,72000,85800,0,0.36522046,1
val,10,data_10.csv,normal,10_121_144,24,121,144,72600,86400,0,0.36277208,1
val,11,data_11.csv,persistent_leak,11_0_23,24,0,23,0,13800,1,0.20130463,0
val,11,data_11.csv,persistent_leak,11_1_24,24,1,24,600,14400,1,0.19189864,0
val,11,data_11.csv,persistent_leak,11_2_25,24,2,25,1200,15000,1,0.1872477,0
val,11,data_11.csv,persistent_leak,11_3_26,24,3,26,1800,15600,1,0.18019354,0
val,11,data_11.csv,persistent_leak,11_4_27,24,4,27,2400,16200,1,0.16914883,0
val,11,data_11.csv,persistent_leak,11_5_28,24,5,28,3000,16800,1,0.16862893,0
val,11,data_11.csv,persistent_leak,11_6_29,24,6,29,3600,17400,1,0.16419213,0
val,11,data_11.csv,persistent_leak,11_7_30,24,7,30,4200,18000,1,0.15029609,0
val,11,data_11.csv,persistent_leak,11_8_31,24,8,31,4800,18600,1,0.13345018,0
val,11,data_11.csv,persistent_leak,11_9_32,24,9,32,5400,19200,1,0.12591994,0
val,11,data_11.csv,persistent_leak,11_10_33,24,10,33,6000,19800,1,0.115318514,0
val,11,data_11.csv,persistent_leak,11_11_34,24,11,34,6600,20400,1,0.11271273,0
val,11,data_11.csv,persistent_leak,11_12_35,24,12,35,7200,21000,1,0.10694447,0
val,11,data_11.csv,persistent_leak,11_13_36,24,13,36,7800,21600,1,0.10388636,0
val,11,data_11.csv,persistent_leak,11_14_37,24,14,37,8400,22200,1,0.09541914,0
val,11,data_11.csv,persistent_leak,11_15_38,24,15,38,9000,22800,1,0.095709145,0
val,11,data_11.csv,persistent_leak,11_16_39,24,16,39,9600,23400,1,0.10114527,0
val,11,data_11.csv,persistent_leak,11_17_40,24,17,40,10200,24000,1,0.10042344,0
val,11,data_11.csv,persistent_leak,11_18_41,24,18,41,10800,24600,1,0.10118464,0
val,11,data_11.csv,persistent_leak,11_19_42,24,19,42,11400,25200,1,0.107295215,0
val,11,data_11.csv,persistent_leak,11_20_43,24,20,43,12000,25800,1,0.11642216,0
val,11,data_11.csv,persistent_leak,11_21_44,24,21,44,12600,26400,1,0.13142355,0
val,11,data_11.csv,persistent_leak,11_22_45,24,22,45,13200,27000,1,0.16100673,0
val,11,data_11.csv,persistent_leak,11_23_46,24,23,46,13800,27600,1,0.17829144,0
val,11,data_11.csv,persistent_leak,11_24_47,24,24,47,14400,28200,1,0.20125481,0
val,11,data_11.csv,persistent_leak,11_25_48,24,25,48,15000,28800,1,0.20722882,0
val,11,data_11.csv,persistent_leak,11_26_49,24,26,49,15600,29400,1,0.2249653,0
val,11,data_11.csv,persistent_leak,11_27_50,24,27,50,16200,30000,1,0.24824025,0
val,11,data_11.csv,persistent_leak,11_28_51,24,28,51,16800,30600,1,0.27656215,0
val,11,data_11.csv,persistent_leak,11_29_52,24,29,52,17400,31200,1,0.30277985,1
val,11,data_11.csv,persistent_leak,11_30_53,24,30,53,18000,31800,1,0.34913856,1
val,11,data_11.csv,persistent_leak,11_31_54,24,31,54,18600,32400,1,0.34367454,1
val,11,data_11.csv,persistent_leak,11_32_55,24,32,55,19200,33000,1,0.33957154,1
val,11,data_11.csv,persistent_leak,11_33_56,24,33,56,19800,33600,1,0.36266452,1
val,11,data_11.csv,persistent_leak,11_34_57,24,34,57,20400,34200,1,0.38368422,1
val,11,data_11.csv,persistent_leak,11_35_58,24,35,58,21000,34800,1,0.39292252,1
val,11,data_11.csv,persistent_leak,11_36_59,24,36,59,21600,35400,1,0.40492755,1
val,11,data_11.csv,persistent_leak,11_37_60,24,37,60,22200,36000,1,0.4240332,1
val,11,data_11.csv,persistent_leak,11_38_61,24,38,61,22800,36600,1,0.45686838,1
val,11,data_11.csv,persistent_leak,11_39_62,24,39,62,23400,37200,1,0.4711147,1
val,11,data_11.csv,persistent_leak,11_40_63,24,40,63,24000,37800,1,0.49817118,1
val,11,data_11.csv,persistent_leak,11_41_64,24,41,64,24600,38400,1,0.5079615,1
val,11,data_11.csv,persistent_leak,11_42_65,24,42,65,25200,39000,1,0.5159384,1
val,11,data_11.csv,persistent_leak,11_43_66,24,43,66,25800,39600,1,0.5248692,1
val,11,data_11.csv,persistent_leak,11_44_67,24,44,67,26400,40200,1,0.524214,1
val,11,data_11.csv,persistent_leak,11_45_68,24,45,68,27000,40800,1,0.53539497,1
val,11,data_11.csv,persistent_leak,11_46_69,24,46,69,27600,41400,1,0.5389095,1
val,11,data_11.csv,persistent_leak,11_47_70,24,47,70,28200,42000,1,0.5595255,1
val,11,data_11.csv,persistent_leak,11_48_71,24,48,71,28800,42600,1,0.57770944,1
val,11,data_11.csv,persistent_leak,11_49_72,24,49,72,29400,43200,1,0.57780313,1
val,11,data_11.csv,persistent_leak,11_50_73,24,50,73,30000,43800,1,0.56817937,1
val,11,data_11.csv,persistent_leak,11_51_74,24,51,74,30600,44400,1,0.54716283,1
val,11,data_11.csv,persistent_leak,11_52_75,24,52,75,31200,45000,1,0.50343794,1
val,11,data_11.csv,persistent_leak,11_53_76,24,53,76,31800,45600,1,0.4692774,1
val,11,data_11.csv,persistent_leak,11_54_77,24,54,77,32400,46200,1,0.4291157,1
val,11,data_11.csv,persistent_leak,11_55_78,24,55,78,33000,46800,1,0.41717714,1
val,11,data_11.csv,persistent_leak,11_56_79,24,56,79,33600,47400,1,0.38520354,1
val,11,data_11.csv,persistent_leak,11_57_80,24,57,80,34200,48000,1,0.3538473,1
val,11,data_11.csv,persistent_leak,11_58_81,24,58,81,34800,48600,1,0.33304936,1
val,11,data_11.csv,persistent_leak,11_59_82,24,59,82,35400,49200,1,0.32646868,1
val,11,data_11.csv,persistent_leak,11_60_83,24,60,83,36000,49800,1,0.32513988,1
val,11,data_11.csv,persistent_leak,11_61_84,24,61,84,36600,50400,1,0.38300404,1
val,11,data_11.csv,persistent_leak,11_62_85,24,62,85,37200,51000,1,0.40575162,1
val,11,data_11.csv,persistent_leak,11_63_86,24,63,86,37800,51600,1,0.40936658,1
val,11,data_11.csv,persistent_leak,11_64_87,24,64,87,38400,52200,1,0.4406979,1
val,11,data_11.csv,persistent_leak,11_65_88,24,65,88,39000,52800,1,0.4953836,1
val,11,data_11.csv,persistent_leak,11_66_89,24,66,89,39600,53400,1,0.57273006,1
val,11,data_11.csv,persistent_leak,11_67_90,24,67,90,40200,54000,1,0.7142344,1
val,11,data_11.csv,persistent_leak,11_68_91,24,68,91,40800,54600,1,0.7670469,1
val,11,data_11.csv,persistent_leak,11_69_92,24,69,92,41400,55200,1,0.8014998,1
val,11,data_11.csv,persistent_leak,11_70_93,24,70,93,42000,55800,1,0.81584555,1
val,11,data_11.csv,persistent_leak,11_71_94,24,71,94,42600,56400,1,0.8568123,1
val,11,data_11.csv,persistent_leak,11_72_95,24,72,95,43200,57000,1,0.88734686,1
val,11,data_11.csv,persistent_leak,11_73_96,24,73,96,43800,57600,1,0.9105565,1
val,11,data_11.csv,persistent_leak,11_74_97,24,74,97,44400,58200,1,0.92680854,1
val,11,data_11.csv,persistent_leak,11_75_98,24,75,98,45000,58800,1,0.9360851,1
val,11,data_11.csv,persistent_leak,11_76_99,24,76,99,45600,59400,1,0.9410132,1
val,11,data_11.csv,persistent_leak,11_77_100,24,77,100,46200,60000,1,0.95344824,1
val,11,data_11.csv,persistent_leak,11_78_101,24,78,101,46800,60600,1,0.96249324,1
val,11,data_11.csv,persistent_leak,11_79_102,24,79,102,47400,61200,1,0.9693786,1
val,11,data_11.csv,persistent_leak,11_80_103,24,80,103,48000,61800,1,0.9742579,1
val,11,data_11.csv,persistent_leak,11_81_104,24,81,104,48600,62400,1,0.977809,1
val,11,data_11.csv,persistent_leak,11_82_105,24,82,105,49200,63000,1,0.97876143,1
val,11,data_11.csv,persistent_leak,11_83_106,24,83,106,49800,63600,1,0.9825708,1
val,11,data_11.csv,persistent_leak,11_84_107,24,84,107,50400,64200,1,0.9856733,1
val,11,data_11.csv,persistent_leak,11_85_108,24,85,108,51000,64800,1,0.9852974,1
val,11,data_11.csv,persistent_leak,11_86_109,24,86,109,51600,65400,1,0.9857669,1
val,11,data_11.csv,persistent_leak,11_87_110,24,87,110,52200,66000,1,0.98734134,1
val,11,data_11.csv,persistent_leak,11_88_111,24,88,111,52800,66600,1,0.9869732,1
val,11,data_11.csv,persistent_leak,11_89_112,24,89,112,53400,67200,1,0.98814744,1
val,11,data_11.csv,persistent_leak,11_90_113,24,90,113,54000,67800,1,0.9887101,1
val,11,data_11.csv,persistent_leak,11_91_114,24,91,114,54600,68400,1,0.98762333,1
val,11,data_11.csv,persistent_leak,11_92_115,24,92,115,55200,69000,1,0.9867842,1
val,11,data_11.csv,persistent_leak,11_93_116,24,93,116,55800,69600,1,0.9874024,1
val,11,data_11.csv,persistent_leak,11_94_117,24,94,117,56400,70200,1,0.9867523,1
val,11,data_11.csv,persistent_leak,11_95_118,24,95,118,57000,70800,1,0.9869244,1
val,11,data_11.csv,persistent_leak,11_96_119,24,96,119,57600,71400,1,0.9866072,1
val,11,data_11.csv,persistent_leak,11_97_120,24,97,120,58200,72000,1,0.98128533,1
val,11,data_11.csv,persistent_leak,11_98_121,24,98,121,58800,72600,1,0.97661066,1
val,11,data_11.csv,persistent_leak,11_99_122,24,99,122,59400,73200,1,0.9761762,1
val,11,data_11.csv,persistent_leak,11_100_123,24,100,123,60000,73800,1,0.9743551,1
val,11,data_11.csv,persistent_leak,11_101_124,24,101,124,60600,74400,1,0.9708548,1
val,11,data_11.csv,persistent_leak,11_102_125,24,102,125,61200,75000,1,0.96326804,1
val,11,data_11.csv,persistent_leak,11_103_126,24,103,126,61800,75600,1,0.9347438,1
val,11,data_11.csv,persistent_leak,11_104_127,24,104,127,62400,76200,1,0.9019377,1
val,11,data_11.csv,persistent_leak,11_105_128,24,105,128,63000,76800,1,0.89668983,1
val,11,data_11.csv,persistent_leak,11_106_129,24,106,129,63600,77400,1,0.87989855,1
val,11,data_11.csv,persistent_leak,11_107_130,24,107,130,64200,78000,1,0.84500515,1
val,11,data_11.csv,persistent_leak,11_108_131,24,108,131,64800,78600,1,0.7990767,1
val,11,data_11.csv,persistent_leak,11_109_132,24,109,132,65400,79200,1,0.76518714,1
val,11,data_11.csv,persistent_leak,11_110_133,24,110,133,66000,79800,1,0.7231199,1
val,11,data_11.csv,persistent_leak,11_111_134,24,111,134,66600,80400,1,0.7076996,1
val,11,data_11.csv,persistent_leak,11_112_135,24,112,135,67200,81000,1,0.7177225,1
val,11,data_11.csv,persistent_leak,11_113_136,24,113,136,67800,81600,1,0.7169855,1
val,11,data_11.csv,persistent_leak,11_114_137,24,114,137,68400,82200,1,0.69318897,1
val,11,data_11.csv,persistent_leak,11_115_138,24,115,138,69000,82800,1,0.6674099,1
val,11,data_11.csv,persistent_leak,11_116_139,24,116,139,69600,83400,1,0.6522766,1
val,11,data_11.csv,persistent_leak,11_117_140,24,117,140,70200,84000,1,0.6426266,1
val,11,data_11.csv,persistent_leak,11_118_141,24,118,141,70800,84600,1,0.64124674,1
val,11,data_11.csv,persistent_leak,11_119_142,24,119,142,71400,85200,1,0.64121896,1
val,11,data_11.csv,persistent_leak,11_120_143,24,120,143,72000,85800,1,0.64148504,1
val,11,data_11.csv,persistent_leak,11_121_144,24,121,144,72600,86400,1,0.6381234,1
val,13,data_13.csv,persistent_leak,13_0_23,24,0,23,0,13800,1,0.20961173,0
val,13,data_13.csv,persistent_leak,13_1_24,24,1,24,600,14400,1,0.20947899,0
val,13,data_13.csv,persistent_leak,13_2_25,24,2,25,1200,15000,1,0.2092426,0
val,13,data_13.csv,persistent_leak,13_3_26,24,3,26,1800,15600,1,0.20995864,0
val,13,data_13.csv,persistent_leak,13_4_27,24,4,27,2400,16200,1,0.21079692,0
val,13,data_13.csv,persistent_leak,13_5_28,24,5,28,3000,16800,1,0.21168587,0
val,13,data_13.csv,persistent_leak,13_6_29,24,6,29,3600,17400,1,0.21243049,0
val,13,data_13.csv,persistent_leak,13_7_30,24,7,30,4200,18000,1,0.21010861,0
val,13,data_13.csv,persistent_leak,13_8_31,24,8,31,4800,18600,1,0.20784348,0
val,13,data_13.csv,persistent_leak,13_9_32,24,9,32,5400,19200,1,0.2067544,0
val,13,data_13.csv,persistent_leak,13_10_33,24,10,33,6000,19800,1,0.20467679,0
val,13,data_13.csv,persistent_leak,13_11_34,24,11,34,6600,20400,1,0.20591961,0
val,13,data_13.csv,persistent_leak,13_12_35,24,12,35,7200,21000,1,0.20549037,0
val,13,data_13.csv,persistent_leak,13_13_36,24,13,36,7800,21600,1,0.20043585,0
val,13,data_13.csv,persistent_leak,13_14_37,24,14,37,8400,22200,1,0.19407427,0
val,13,data_13.csv,persistent_leak,13_15_38,24,15,38,9000,22800,1,0.19312687,0
val,13,data_13.csv,persistent_leak,13_16_39,24,16,39,9600,23400,1,0.19021285,0
val,13,data_13.csv,persistent_leak,13_17_40,24,17,40,10200,24000,1,0.19129618,0
val,13,data_13.csv,persistent_leak,13_18_41,24,18,41,10800,24600,1,0.19052218,0
val,13,data_13.csv,persistent_leak,13_19_42,24,19,42,11400,25200,1,0.18732859,0
val,13,data_13.csv,persistent_leak,13_20_43,24,20,43,12000,25800,1,0.18118352,0
val,13,data_13.csv,persistent_leak,13_21_44,24,21,44,12600,26400,1,0.18101887,0
val,13,data_13.csv,persistent_leak,13_22_45,24,22,45,13200,27000,1,0.18340005,0
val,13,data_13.csv,persistent_leak,13_23_46,24,23,46,13800,27600,1,0.18536109,0
val,13,data_13.csv,persistent_leak,13_24_47,24,24,47,14400,28200,1,0.18654685,0
val,13,data_13.csv,persistent_leak,13_25_48,24,25,48,15000,28800,1,0.18687797,0
val,13,data_13.csv,persistent_leak,13_26_49,24,26,49,15600,29400,1,0.18766795,0
val,13,data_13.csv,persistent_leak,13_27_50,24,27,50,16200,30000,1,0.19583945,0
val,13,data_13.csv,persistent_leak,13_28_51,24,28,51,16800,30600,1,0.20642717,0
val,13,data_13.csv,persistent_leak,13_29_52,24,29,52,17400,31200,1,0.21546249,0
val,13,data_13.csv,persistent_leak,13_30_53,24,30,53,18000,31800,1,0.22490774,0
val,13,data_13.csv,persistent_leak,13_31_54,24,31,54,18600,32400,1,0.22463265,0
val,13,data_13.csv,persistent_leak,13_32_55,24,32,55,19200,33000,1,0.22731604,0
val,13,data_13.csv,persistent_leak,13_33_56,24,33,56,19800,33600,1,0.23634793,0
val,13,data_13.csv,persistent_leak,13_34_57,24,34,57,20400,34200,1,0.24834758,0
val,13,data_13.csv,persistent_leak,13_35_58,24,35,58,21000,34800,1,0.25874797,0
val,13,data_13.csv,persistent_leak,13_36_59,24,36,59,21600,35400,1,0.2694348,0
val,13,data_13.csv,persistent_leak,13_37_60,24,37,60,22200,36000,1,0.26809514,0
val,13,data_13.csv,persistent_leak,13_38_61,24,38,61,22800,36600,1,0.27051827,0
val,13,data_13.csv,persistent_leak,13_39_62,24,39,62,23400,37200,1,0.28074312,0
val,13,data_13.csv,persistent_leak,13_40_63,24,40,63,24000,37800,1,0.29240757,0
val,13,data_13.csv,persistent_leak,13_41_64,24,41,64,24600,38400,1,0.30388188,1
val,13,data_13.csv,persistent_leak,13_42_65,24,42,65,25200,39000,1,0.31500143,1
val,13,data_13.csv,persistent_leak,13_43_66,24,43,66,25800,39600,1,0.3152017,1
val,13,data_13.csv,persistent_leak,13_44_67,24,44,67,26400,40200,1,0.3182905,1
val,13,data_13.csv,persistent_leak,13_45_68,24,45,68,27000,40800,1,0.324606,1
val,13,data_13.csv,persistent_leak,13_46_69,24,46,69,27600,41400,1,0.33415422,1
val,13,data_13.csv,persistent_leak,13_47_70,24,47,70,28200,42000,1,0.356204,1
val,13,data_13.csv,persistent_leak,13_48_71,24,48,71,28800,42600,1,0.39023888,1
val,13,data_13.csv,persistent_leak,13_49_72,24,49,72,29400,43200,1,0.42738268,1
val,13,data_13.csv,persistent_leak,13_50_73,24,50,73,30000,43800,1,0.44792536,1
val,13,data_13.csv,persistent_leak,13_51_74,24,51,74,30600,44400,1,0.46470863,1
val,13,data_13.csv,persistent_leak,13_52_75,24,52,75,31200,45000,1,0.48572192,1
val,13,data_13.csv,persistent_leak,13_53_76,24,53,76,31800,45600,1,0.5370004,1
val,13,data_13.csv,persistent_leak,13_54_77,24,54,77,32400,46200,1,0.58941984,1
val,13,data_13.csv,persistent_leak,13_55_78,24,55,78,33000,46800,1,0.5964236,1
val,13,data_13.csv,persistent_leak,13_56_79,24,56,79,33600,47400,1,0.5962865,1
val,13,data_13.csv,persistent_leak,13_57_80,24,57,80,34200,48000,1,0.6050238,1
val,13,data_13.csv,persistent_leak,13_58_81,24,58,81,34800,48600,1,0.6026189,1
val,13,data_13.csv,persistent_leak,13_59_82,24,59,82,35400,49200,1,0.610479,1
val,13,data_13.csv,persistent_leak,13_60_83,24,60,83,36000,49800,1,0.6217197,1
val,13,data_13.csv,persistent_leak,13_61_84,24,61,84,36600,50400,1,0.6016759,1
val,13,data_13.csv,persistent_leak,13_62_85,24,62,85,37200,51000,1,0.5864587,1
val,13,data_13.csv,persistent_leak,13_63_86,24,63,86,37800,51600,1,0.59686166,1
val,13,data_13.csv,persistent_leak,13_64_87,24,64,87,38400,52200,1,0.5972332,1
val,13,data_13.csv,persistent_leak,13_65_88,24,65,88,39000,52800,1,0.60919154,1
val,13,data_13.csv,persistent_leak,13_66_89,24,66,89,39600,53400,1,0.6063719,1
val,13,data_13.csv,persistent_leak,13_67_90,24,67,90,40200,54000,1,0.59674394,1
val,13,data_13.csv,persistent_leak,13_68_91,24,68,91,40800,54600,1,0.58375317,1
val,13,data_13.csv,persistent_leak,13_69_92,24,69,92,41400,55200,1,0.58526427,1
val,13,data_13.csv,persistent_leak,13_70_93,24,70,93,42000,55800,1,0.5897255,1
val,13,data_13.csv,persistent_leak,13_71_94,24,71,94,42600,56400,1,0.5915054,1
val,13,data_13.csv,persistent_leak,13_72_95,24,72,95,43200,57000,1,0.5899978,1
val,13,data_13.csv,persistent_leak,13_73_96,24,73,96,43800,57600,1,0.5779052,1
val,13,data_13.csv,persistent_leak,13_74_97,24,74,97,44400,58200,1,0.5643885,1
val,13,data_13.csv,persistent_leak,13_75_98,24,75,98,45000,58800,1,0.5585713,1
val,13,data_13.csv,persistent_leak,13_76_99,24,76,99,45600,59400,1,0.5571002,1
val,13,data_13.csv,persistent_leak,13_77_100,24,77,100,46200,60000,1,0.5456005,1
val,13,data_13.csv,persistent_leak,13_78_101,24,78,101,46800,60600,1,0.5326157,1
val,13,data_13.csv,persistent_leak,13_79_102,24,79,102,47400,61200,1,0.5302501,1
val,13,data_13.csv,persistent_leak,13_80_103,24,80,103,48000,61800,1,0.5291956,1
val,13,data_13.csv,persistent_leak,13_81_104,24,81,104,48600,62400,1,0.5278722,1
val,13,data_13.csv,persistent_leak,13_82_105,24,82,105,49200,63000,1,0.52518,1
val,13,data_13.csv,persistent_leak,13_83_106,24,83,106,49800,63600,1,0.5232761,1
val,13,data_13.csv,persistent_leak,13_84_107,24,84,107,50400,64200,1,0.52092427,1
val,13,data_13.csv,persistent_leak,13_85_108,24,85,108,51000,64800,1,0.51948184,1
val,13,data_13.csv,persistent_leak,13_86_109,24,86,109,51600,65400,1,0.5152747,1
val,13,data_13.csv,persistent_leak,13_87_110,24,87,110,52200,66000,1,0.51393056,1
val,13,data_13.csv,persistent_leak,13_88_111,24,88,111,52800,66600,1,0.5119459,1
val,13,data_13.csv,persistent_leak,13_89_112,24,89,112,53400,67200,1,0.5099258,1
val,13,data_13.csv,persistent_leak,13_90_113,24,90,113,54000,67800,1,0.5062882,1
val,13,data_13.csv,persistent_leak,13_91_114,24,91,114,54600,68400,1,0.50379395,1
val,13,data_13.csv,persistent_leak,13_92_115,24,92,115,55200,69000,1,0.49778032,1
val,13,data_13.csv,persistent_leak,13_93_116,24,93,116,55800,69600,1,0.48863876,1
val,13,data_13.csv,persistent_leak,13_94_117,24,94,117,56400,70200,1,0.48054066,1
val,13,data_13.csv,persistent_leak,13_95_118,24,95,118,57000,70800,1,0.47280914,1
val,13,data_13.csv,persistent_leak,13_96_119,24,96,119,57600,71400,1,0.46355212,1
val,13,data_13.csv,persistent_leak,13_97_120,24,97,120,58200,72000,1,0.46551147,1
val,13,data_13.csv,persistent_leak,13_98_121,24,98,121,58800,72600,1,0.47037968,1
val,13,data_13.csv,persistent_leak,13_99_122,24,99,122,59400,73200,1,0.4749029,1
val,13,data_13.csv,persistent_leak,13_100_123,24,100,123,60000,73800,1,0.4839315,1
val,13,data_13.csv,persistent_leak,13_101_124,24,101,124,60600,74400,1,0.48048484,1
val,13,data_13.csv,persistent_leak,13_102_125,24,102,125,61200,75000,1,0.4859436,1
val,13,data_13.csv,persistent_leak,13_103_126,24,103,126,61800,75600,1,0.4927854,1
val,13,data_13.csv,persistent_leak,13_104_127,24,104,127,62400,76200,1,0.5064958,1
val,13,data_13.csv,persistent_leak,13_105_128,24,105,128,63000,76800,1,0.5196009,1
val,13,data_13.csv,persistent_leak,13_106_129,24,106,129,63600,77400,1,0.52947176,1
val,13,data_13.csv,persistent_leak,13_107_130,24,107,130,64200,78000,1,0.53046185,1
val,13,data_13.csv,persistent_leak,13_108_131,24,108,131,64800,78600,1,0.53609425,1
val,13,data_13.csv,persistent_leak,13_109_132,24,109,132,65400,79200,1,0.5423738,1
val,13,data_13.csv,persistent_leak,13_110_133,24,110,133,66000,79800,1,0.5553822,1
val,13,data_13.csv,persistent_leak,13_111_134,24,111,134,66600,80400,1,0.5651281,1
val,13,data_13.csv,persistent_leak,13_112_135,24,112,135,67200,81000,1,0.56937814,1
val,13,data_13.csv,persistent_leak,13_113_136,24,113,136,67800,81600,1,0.57882404,1
val,13,data_13.csv,persistent_leak,13_114_137,24,114,137,68400,82200,1,0.589393,1
val,13,data_13.csv,persistent_leak,13_115_138,24,115,138,69000,82800,1,0.58619976,1
val,13,data_13.csv,persistent_leak,13_116_139,24,116,139,69600,83400,1,0.5791678,1
val,13,data_13.csv,persistent_leak,13_117_140,24,117,140,70200,84000,1,0.57168347,1
val,13,data_13.csv,persistent_leak,13_118_141,24,118,141,70800,84600,1,0.55264866,1
val,13,data_13.csv,persistent_leak,13_119_142,24,119,142,71400,85200,1,0.5414021,1
val,13,data_13.csv,persistent_leak,13_120_143,24,120,143,72000,85800,1,0.5295022,1
val,13,data_13.csv,persistent_leak,13_121_144,24,121,144,72600,86400,1,0.50682133,1
val,14,data_14.csv,persistent_leak,14_0_23,24,0,23,0,13800,1,0.22712445,0
val,14,data_14.csv,persistent_leak,14_1_24,24,1,24,600,14400,1,0.22412065,0
val,14,data_14.csv,persistent_leak,14_2_25,24,2,25,1200,15000,1,0.22027574,0
val,14,data_14.csv,persistent_leak,14_3_26,24,3,26,1800,15600,1,0.21597558,0
val,14,data_14.csv,persistent_leak,14_4_27,24,4,27,2400,16200,1,0.21112853,0
val,14,data_14.csv,persistent_leak,14_5_28,24,5,28,3000,16800,1,0.2080908,0
val,14,data_14.csv,persistent_leak,14_6_29,24,6,29,3600,17400,1,0.20490213,0
val,14,data_14.csv,persistent_leak,14_7_30,24,7,30,4200,18000,1,0.20263067,0
val,14,data_14.csv,persistent_leak,14_8_31,24,8,31,4800,18600,1,0.1998848,0
val,14,data_14.csv,persistent_leak,14_9_32,24,9,32,5400,19200,1,0.1979791,0
val,14,data_14.csv,persistent_leak,14_10_33,24,10,33,6000,19800,1,0.19578066,0
val,14,data_14.csv,persistent_leak,14_11_34,24,11,34,6600,20400,1,0.19515654,0
val,14,data_14.csv,persistent_leak,14_12_35,24,12,35,7200,21000,1,0.19365707,0
val,14,data_14.csv,persistent_leak,14_13_36,24,13,36,7800,21600,1,0.19109555,0
val,14,data_14.csv,persistent_leak,14_14_37,24,14,37,8400,22200,1,0.18775134,0
val,14,data_14.csv,persistent_leak,14_15_38,24,15,38,9000,22800,1,0.18696992,0
val,14,data_14.csv,persistent_leak,14_16_39,24,16,39,9600,23400,1,0.18556169,0
val,14,data_14.csv,persistent_leak,14_17_40,24,17,40,10200,24000,1,0.18639259,0
val,14,data_14.csv,persistent_leak,14_18_41,24,18,41,10800,24600,1,0.18594582,0
val,14,data_14.csv,persistent_leak,14_19_42,24,19,42,11400,25200,1,0.18315753,0
val,14,data_14.csv,persistent_leak,14_20_43,24,20,43,12000,25800,1,0.17897229,0
val,14,data_14.csv,persistent_leak,14_21_44,24,21,44,12600,26400,1,0.17916863,0
val,14,data_14.csv,persistent_leak,14_22_45,24,22,45,13200,27000,1,0.17937694,0
val,14,data_14.csv,persistent_leak,14_23_46,24,23,46,13800,27600,1,0.18126656,0
val,14,data_14.csv,persistent_leak,14_24_47,24,24,47,14400,28200,1,0.1819064,0
val,14,data_14.csv,persistent_leak,14_25_48,24,25,48,15000,28800,1,0.1797501,0
val,14,data_14.csv,persistent_leak,14_26_49,24,26,49,15600,29400,1,0.17632954,0
val,14,data_14.csv,persistent_leak,14_27_50,24,27,50,16200,30000,1,0.17849767,0
val,14,data_14.csv,persistent_leak,14_28_51,24,28,51,16800,30600,1,0.1816499,0
val,14,data_14.csv,persistent_leak,14_29_52,24,29,52,17400,31200,1,0.18548344,0
val,14,data_14.csv,persistent_leak,14_30_53,24,30,53,18000,31800,1,0.18850328,0
val,14,data_14.csv,persistent_leak,14_31_54,24,31,54,18600,32400,1,0.1862272,0
val,14,data_14.csv,persistent_leak,14_32_55,24,32,55,19200,33000,1,0.18338646,0
val,14,data_14.csv,persistent_leak,14_33_56,24,33,56,19800,33600,1,0.18769798,0
val,14,data_14.csv,persistent_leak,14_34_57,24,34,57,20400,34200,1,0.19295458,0
val,14,data_14.csv,persistent_leak,14_35_58,24,35,58,21000,34800,1,0.1994265,0
val,14,data_14.csv,persistent_leak,14_36_59,24,36,59,21600,35400,1,0.20494063,0
val,14,data_14.csv,persistent_leak,14_37_60,24,37,60,22200,36000,1,0.20258789,0
val,14,data_14.csv,persistent_leak,14_38_61,24,38,61,22800,36600,1,0.1990941,0
val,14,data_14.csv,persistent_leak,14_39_62,24,39,62,23400,37200,1,0.20507805,0
val,14,data_14.csv,persistent_leak,14_40_63,24,40,63,24000,37800,1,0.21293853,0
val,14,data_14.csv,persistent_leak,14_41_64,24,41,64,24600,38400,1,0.22114523,0
val,14,data_14.csv,persistent_leak,14_42_65,24,42,65,25200,39000,1,0.22776014,0
val,14,data_14.csv,persistent_leak,14_43_66,24,43,66,25800,39600,1,0.2261367,0
val,14,data_14.csv,persistent_leak,14_44_67,24,44,67,26400,40200,1,0.2273937,0
val,14,data_14.csv,persistent_leak,14_45_68,24,45,68,27000,40800,1,0.23772463,0
val,14,data_14.csv,persistent_leak,14_46_69,24,46,69,27600,41400,1,0.25396162,0
val,14,data_14.csv,persistent_leak,14_47_70,24,47,70,28200,42000,1,0.26385182,0
val,14,data_14.csv,persistent_leak,14_48_71,24,48,71,28800,42600,1,0.2766673,0
val,14,data_14.csv,persistent_leak,14_49_72,24,49,72,29400,43200,1,0.29075518,0
val,14,data_14.csv,persistent_leak,14_50_73,24,50,73,30000,43800,1,0.30677092,1
val,14,data_14.csv,persistent_leak,14_51_74,24,51,74,30600,44400,1,0.3216071,1
val,14,data_14.csv,persistent_leak,14_52_75,24,52,75,31200,45000,1,0.34527677,1
val,14,data_14.csv,persistent_leak,14_53_76,24,53,76,31800,45600,1,0.37783623,1
val,14,data_14.csv,persistent_leak,14_54_77,24,54,77,32400,46200,1,0.42164555,1
val,14,data_14.csv,persistent_leak,14_55_78,24,55,78,33000,46800,1,0.47633278,1
val,14,data_14.csv,persistent_leak,14_56_79,24,56,79,33600,47400,1,0.5246443,1
val,14,data_14.csv,persistent_leak,14_57_80,24,57,80,34200,48000,1,0.56731886,1
val,14,data_14.csv,persistent_leak,14_58_81,24,58,81,34800,48600,1,0.6050292,1
val,14,data_14.csv,persistent_leak,14_59_82,24,59,82,35400,49200,1,0.6537163,1
val,14,data_14.csv,persistent_leak,14_60_83,24,60,83,36000,49800,1,0.6880691,1
val,14,data_14.csv,persistent_leak,14_61_84,24,61,84,36600,50400,1,0.7115236,1
val,14,data_14.csv,persistent_leak,14_62_85,24,62,85,37200,51000,1,0.7286763,1
val,14,data_14.csv,persistent_leak,14_63_86,24,63,86,37800,51600,1,0.7444695,1
val,14,data_14.csv,persistent_leak,14_64_87,24,64,87,38400,52200,1,0.75102675,1
val,14,data_14.csv,persistent_leak,14_65_88,24,65,88,39000,52800,1,0.7733104,1
val,14,data_14.csv,persistent_leak,14_66_89,24,66,89,39600,53400,1,0.79247797,1
val,14,data_14.csv,persistent_leak,14_67_90,24,67,90,40200,54000,1,0.77839065,1
val,14,data_14.csv,persistent_leak,14_68_91,24,68,91,40800,54600,1,0.77420795,1
val,14,data_14.csv,persistent_leak,14_69_92,24,69,92,41400,55200,1,0.7838298,1
val,14,data_14.csv,persistent_leak,14_70_93,24,70,93,42000,55800,1,0.77810836,1
val,14,data_14.csv,persistent_leak,14_71_94,24,71,94,42600,56400,1,0.7819758,1
val,14,data_14.csv,persistent_leak,14_72_95,24,72,95,43200,57000,1,0.7813222,1
val,14,data_14.csv,persistent_leak,14_73_96,24,73,96,43800,57600,1,0.73739946,1
val,14,data_14.csv,persistent_leak,14_74_97,24,74,97,44400,58200,1,0.70755655,1
val,14,data_14.csv,persistent_leak,14_75_98,24,75,98,45000,58800,1,0.7108119,1
val,14,data_14.csv,persistent_leak,14_76_99,24,76,99,45600,59400,1,0.6984783,1
val,14,data_14.csv,persistent_leak,14_77_100,24,77,100,46200,60000,1,0.685905,1
val,14,data_14.csv,persistent_leak,14_78_101,24,78,101,46800,60600,1,0.66826653,1
val,14,data_14.csv,persistent_leak,14_79_102,24,79,102,47400,61200,1,0.64024,1
val,14,data_14.csv,persistent_leak,14_80_103,24,80,103,48000,61800,1,0.61438704,1
val,14,data_14.csv,persistent_leak,14_81_104,24,81,104,48600,62400,1,0.61363184,1
val,14,data_14.csv,persistent_leak,14_82_105,24,82,105,49200,63000,1,0.621957,1
val,14,data_14.csv,persistent_leak,14_83_106,24,83,106,49800,63600,1,0.62542737,1
val,14,data_14.csv,persistent_leak,14_84_107,24,84,107,50400,64200,1,0.6176518,1
val,14,data_14.csv,persistent_leak,14_85_108,24,85,108,51000,64800,1,0.60837156,1
val,14,data_14.csv,persistent_leak,14_86_109,24,86,109,51600,65400,1,0.58863837,1
val,14,data_14.csv,persistent_leak,14_87_110,24,87,110,52200,66000,1,0.58318955,1
val,14,data_14.csv,persistent_leak,14_88_111,24,88,111,52800,66600,1,0.58061576,1
val,14,data_14.csv,persistent_leak,14_89_112,24,89,112,53400,67200,1,0.5797568,1
val,14,data_14.csv,persistent_leak,14_90_113,24,90,113,54000,67800,1,0.57217926,1
val,14,data_14.csv,persistent_leak,14_91_114,24,91,114,54600,68400,1,0.56567305,1
val,14,data_14.csv,persistent_leak,14_92_115,24,92,115,55200,69000,1,0.5590387,1
val,14,data_14.csv,persistent_leak,14_93_116,24,93,116,55800,69600,1,0.5507052,1
val,14,data_14.csv,persistent_leak,14_94_117,24,94,117,56400,70200,1,0.54236877,1
val,14,data_14.csv,persistent_leak,14_95_118,24,95,118,57000,70800,1,0.5259168,1
val,14,data_14.csv,persistent_leak,14_96_119,24,96,119,57600,71400,1,0.5088615,1
val,14,data_14.csv,persistent_leak,14_97_120,24,97,120,58200,72000,1,0.49851027,1
val,14,data_14.csv,persistent_leak,14_98_121,24,98,121,58800,72600,1,0.47944877,1
val,14,data_14.csv,persistent_leak,14_99_122,24,99,122,59400,73200,1,0.45727384,1
val,14,data_14.csv,persistent_leak,14_100_123,24,100,123,60000,73800,1,0.43998024,1
val,14,data_14.csv,persistent_leak,14_101_124,24,101,124,60600,74400,1,0.42290285,1
val,14,data_14.csv,persistent_leak,14_102_125,24,102,125,61200,75000,1,0.40498406,1
val,14,data_14.csv,persistent_leak,14_103_126,24,103,126,61800,75600,1,0.41050458,1
val,14,data_14.csv,persistent_leak,14_104_127,24,104,127,62400,76200,1,0.41464794,1
val,14,data_14.csv,persistent_leak,14_105_128,24,105,128,63000,76800,1,0.42002088,1
val,14,data_14.csv,persistent_leak,14_106_129,24,106,129,63600,77400,1,0.4318297,1
val,14,data_14.csv,persistent_leak,14_107_130,24,107,130,64200,78000,1,0.43339458,1
val,14,data_14.csv,persistent_leak,14_108_131,24,108,131,64800,78600,1,0.43934852,1
val,14,data_14.csv,persistent_leak,14_109_132,24,109,132,65400,79200,1,0.45003736,1
val,14,data_14.csv,persistent_leak,14_110_133,24,110,133,66000,79800,1,0.4659731,1
val,14,data_14.csv,persistent_leak,14_111_134,24,111,134,66600,80400,1,0.4814189,1
val,14,data_14.csv,persistent_leak,14_112_135,24,112,135,67200,81000,1,0.49867743,1
val,14,data_14.csv,persistent_leak,14_113_136,24,113,136,67800,81600,1,0.5011777,1
val,14,data_14.csv,persistent_leak,14_114_137,24,114,137,68400,82200,1,0.5124842,1
val,14,data_14.csv,persistent_leak,14_115_138,24,115,138,69000,82800,1,0.5181059,1
val,14,data_14.csv,persistent_leak,14_116_139,24,116,139,69600,83400,1,0.5299408,1
val,14,data_14.csv,persistent_leak,14_117_140,24,117,140,70200,84000,1,0.5419052,1
val,14,data_14.csv,persistent_leak,14_118_141,24,118,141,70800,84600,1,0.5500084,1
val,14,data_14.csv,persistent_leak,14_119_142,24,119,142,71400,85200,1,0.55562466,1
val,14,data_14.csv,persistent_leak,14_120_143,24,120,143,72000,85800,1,0.56182253,1
val,14,data_14.csv,persistent_leak,14_121_144,24,121,144,72600,86400,1,0.5641436,1
val,15,data_15.csv,persistent_leak,15_0_23,24,0,23,0,13800,1,0.20346852,0
val,15,data_15.csv,persistent_leak,15_1_24,24,1,24,600,14400,1,0.1980058,0
val,15,data_15.csv,persistent_leak,15_2_25,24,2,25,1200,15000,1,0.19526866,0
val,15,data_15.csv,persistent_leak,15_3_26,24,3,26,1800,15600,1,0.19095244,0
val,15,data_15.csv,persistent_leak,15_4_27,24,4,27,2400,16200,1,0.18440391,0
val,15,data_15.csv,persistent_leak,15_5_28,24,5,28,3000,16800,1,0.18442234,0
val,15,data_15.csv,persistent_leak,15_6_29,24,6,29,3600,17400,1,0.18196277,0
val,15,data_15.csv,persistent_leak,15_7_30,24,7,30,4200,18000,1,0.17150925,0
val,15,data_15.csv,persistent_leak,15_8_31,24,8,31,4800,18600,1,0.15920125,0
val,15,data_15.csv,persistent_leak,15_9_32,24,9,32,5400,19200,1,0.15287104,0
val,15,data_15.csv,persistent_leak,15_10_33,24,10,33,6000,19800,1,0.14378406,0
val,15,data_15.csv,persistent_leak,15_11_34,24,11,34,6600,20400,1,0.14195968,0
val,15,data_15.csv,persistent_leak,15_12_35,24,12,35,7200,21000,1,0.13714938,0
val,15,data_15.csv,persistent_leak,15_13_36,24,13,36,7800,21600,1,0.1322199,0
val,15,data_15.csv,persistent_leak,15_14_37,24,14,37,8400,22200,1,0.12295555,0
val,15,data_15.csv,persistent_leak,15_15_38,24,15,38,9000,22800,1,0.122128956,0
val,15,data_15.csv,persistent_leak,15_16_39,24,16,39,9600,23400,1,0.123862796,0
val,15,data_15.csv,persistent_leak,15_17_40,24,17,40,10200,24000,1,0.124926016,0
val,15,data_15.csv,persistent_leak,15_18_41,24,18,41,10800,24600,1,0.12360694,0
val,15,data_15.csv,persistent_leak,15_19_42,24,19,42,11400,25200,1,0.12406406,0
val,15,data_15.csv,persistent_leak,15_20_43,24,20,43,12000,25800,1,0.12792204,0
val,15,data_15.csv,persistent_leak,15_21_44,24,21,44,12600,26400,1,0.13680598,0
val,15,data_15.csv,persistent_leak,15_22_45,24,22,45,13200,27000,1,0.15306026,0
val,15,data_15.csv,persistent_leak,15_23_46,24,23,46,13800,27600,1,0.16236232,0
val,15,data_15.csv,persistent_leak,15_24_47,24,24,47,14400,28200,1,0.17366295,0
val,15,data_15.csv,persistent_leak,15_25_48,24,25,48,15000,28800,1,0.17610924,0
val,15,data_15.csv,persistent_leak,15_26_49,24,26,49,15600,29400,1,0.18459605,0
val,15,data_15.csv,persistent_leak,15_27_50,24,27,50,16200,30000,1,0.20248207,0
val,15,data_15.csv,persistent_leak,15_28_51,24,28,51,16800,30600,1,0.22506654,0
val,15,data_15.csv,persistent_leak,15_29_52,24,29,52,17400,31200,1,0.24026698,0
val,15,data_15.csv,persistent_leak,15_30_53,24,30,53,18000,31800,1,0.2597577,0
val,15,data_15.csv,persistent_leak,15_31_54,24,31,54,18600,32400,1,0.2694719,0
val,15,data_15.csv,persistent_leak,15_32_55,24,32,55,19200,33000,1,0.27579618,0
val,15,data_15.csv,persistent_leak,15_33_56,24,33,56,19800,33600,1,0.2960087,0
val,15,data_15.csv,persistent_leak,15_34_57,24,34,57,20400,34200,1,0.32154483,1
val,15,data_15.csv,persistent_leak,15_35_58,24,35,58,21000,34800,1,0.33544338,1
val,15,data_15.csv,persistent_leak,15_36_59,24,36,59,21600,35400,1,0.3516806,1
val,15,data_15.csv,persistent_leak,15_37_60,24,37,60,22200,36000,1,0.37130585,1
val,15,data_15.csv,persistent_leak,15_38_61,24,38,61,22800,36600,1,0.3974478,1
val,15,data_15.csv,persistent_leak,15_39_62,24,39,62,23400,37200,1,0.41772965,1
val,15,data_15.csv,persistent_leak,15_40_63,24,40,63,24000,37800,1,0.4532358,1
val,15,data_15.csv,persistent_leak,15_41_64,24,41,64,24600,38400,1,0.46702367,1
val,15,data_15.csv,persistent_leak,15_42_65,24,42,65,25200,39000,1,0.48531324,1
val,15,data_15.csv,persistent_leak,15_43_66,24,43,66,25800,39600,1,0.4905233,1
val,15,data_15.csv,persistent_leak,15_44_67,24,44,67,26400,40200,1,0.49631542,1
val,15,data_15.csv,persistent_leak,15_45_68,24,45,68,27000,40800,1,0.5075464,1
val,15,data_15.csv,persistent_leak,15_46_69,24,46,69,27600,41400,1,0.5133687,1
val,15,data_15.csv,persistent_leak,15_47_70,24,47,70,28200,42000,1,0.5294927,1
val,15,data_15.csv,persistent_leak,15_48_71,24,48,71,28800,42600,1,0.54296315,1
val,15,data_15.csv,persistent_leak,15_49_72,24,49,72,29400,43200,1,0.5464738,1
val,15,data_15.csv,persistent_leak,15_50_73,24,50,73,30000,43800,1,0.53138816,1
val,15,data_15.csv,persistent_leak,15_51_74,24,51,74,30600,44400,1,0.50838554,1
val,15,data_15.csv,persistent_leak,15_52_75,24,52,75,31200,45000,1,0.4870674,1
val,15,data_15.csv,persistent_leak,15_53_76,24,53,76,31800,45600,1,0.4706752,1
val,15,data_15.csv,persistent_leak,15_54_77,24,54,77,32400,46200,1,0.44942126,1
val,15,data_15.csv,persistent_leak,15_55_78,24,55,78,33000,46800,1,0.45222542,1
val,15,data_15.csv,persistent_leak,15_56_79,24,56,79,33600,47400,1,0.44298375,1
val,15,data_15.csv,persistent_leak,15_57_80,24,57,80,34200,48000,1,0.4291296,1
val,15,data_15.csv,persistent_leak,15_58_81,24,58,81,34800,48600,1,0.4208838,1
val,15,data_15.csv,persistent_leak,15_59_82,24,59,82,35400,49200,1,0.42346936,1
val,15,data_15.csv,persistent_leak,15_60_83,24,60,83,36000,49800,1,0.43320915,1
val,15,data_15.csv,persistent_leak,15_61_84,24,61,84,36600,50400,1,0.4730261,1
val,15,data_15.csv,persistent_leak,15_62_85,24,62,85,37200,51000,1,0.49954975,1
val,15,data_15.csv,persistent_leak,15_63_86,24,63,86,37800,51600,1,0.5260697,1
val,15,data_15.csv,persistent_leak,15_64_87,24,64,87,38400,52200,1,0.5553222,1
val,15,data_15.csv,persistent_leak,15_65_88,24,65,88,39000,52800,1,0.59199417,1
val,15,data_15.csv,persistent_leak,15_66_89,24,66,89,39600,53400,1,0.6258998,1
val,15,data_15.csv,persistent_leak,15_67_90,24,67,90,40200,54000,1,0.6577624,1
val,15,data_15.csv,persistent_leak,15_68_91,24,68,91,40800,54600,1,0.67732316,1
val,15,data_15.csv,persistent_leak,15_69_92,24,69,92,41400,55200,1,0.69674504,1
val,15,data_15.csv,persistent_leak,15_70_93,24,70,93,42000,55800,1,0.7071871,1
val,15,data_15.csv,persistent_leak,15_71_94,24,71,94,42600,56400,1,0.7388456,1
val,15,data_15.csv,persistent_leak,15_72_95,24,72,95,43200,57000,1,0.76005876,1
val,15,data_15.csv,persistent_leak,15_73_96,24,73,96,43800,57600,1,0.77518636,1
val,15,data_15.csv,persistent_leak,15_74_97,24,74,97,44400,58200,1,0.7880752,1
val,15,data_15.csv,persistent_leak,15_75_98,24,75,98,45000,58800,1,0.7953598,1
val,15,data_15.csv,persistent_leak,15_76_99,24,76,99,45600,59400,1,0.8002375,1
val,15,data_15.csv,persistent_leak,15_77_100,24,77,100,46200,60000,1,0.81179136,1
val,15,data_15.csv,persistent_leak,15_78_101,24,78,101,46800,60600,1,0.82194406,1
val,15,data_15.csv,persistent_leak,15_79_102,24,79,102,47400,61200,1,0.8392983,1
val,15,data_15.csv,persistent_leak,15_80_103,24,80,103,48000,61800,1,0.8508553,1
val,15,data_15.csv,persistent_leak,15_81_104,24,81,104,48600,62400,1,0.85800827,1
val,15,data_15.csv,persistent_leak,15_82_105,24,82,105,49200,63000,1,0.86122304,1
val,15,data_15.csv,persistent_leak,15_83_106,24,83,106,49800,63600,1,0.87155366,1
val,15,data_15.csv,persistent_leak,15_84_107,24,84,107,50400,64200,1,0.88266474,1
val,15,data_15.csv,persistent_leak,15_85_108,24,85,108,51000,64800,1,0.8827794,1
val,15,data_15.csv,persistent_leak,15_86_109,24,86,109,51600,65400,1,0.8857909,1
val,15,data_15.csv,persistent_leak,15_87_110,24,87,110,52200,66000,1,0.8912129,1
val,15,data_15.csv,persistent_leak,15_88_111,24,88,111,52800,66600,1,0.89129514,1
val,15,data_15.csv,persistent_leak,15_89_112,24,89,112,53400,67200,1,0.89696866,1
val,15,data_15.csv,persistent_leak,15_90_113,24,90,113,54000,67800,1,0.8993845,1
val,15,data_15.csv,persistent_leak,15_91_114,24,91,114,54600,68400,1,0.9012658,1
val,15,data_15.csv,persistent_leak,15_92_115,24,92,115,55200,69000,1,0.902087,1
val,15,data_15.csv,persistent_leak,15_93_116,24,93,116,55800,69600,1,0.9045398,1
val,15,data_15.csv,persistent_leak,15_94_117,24,94,117,56400,70200,1,0.9034698,1
val,15,data_15.csv,persistent_leak,15_95_118,24,95,118,57000,70800,1,0.90536374,1
val,15,data_15.csv,persistent_leak,15_96_119,24,96,119,57600,71400,1,0.90810734,1
val,15,data_15.csv,persistent_leak,15_97_120,24,97,120,58200,72000,1,0.88605213,1
val,15,data_15.csv,persistent_leak,15_98_121,24,98,121,58800,72600,1,0.8727221,1
val,15,data_15.csv,persistent_leak,15_99_122,24,99,122,59400,73200,1,0.87356526,1
val,15,data_15.csv,persistent_leak,15_100_123,24,100,123,60000,73800,1,0.8683389,1
val,15,data_15.csv,persistent_leak,15_101_124,24,101,124,60600,74400,1,0.8602737,1
val,15,data_15.csv,persistent_leak,15_102_125,24,102,125,61200,75000,1,0.8416252,1
val,15,data_15.csv,persistent_leak,15_103_126,24,103,126,61800,75600,1,0.7641707,1
val,15,data_15.csv,persistent_leak,15_104_127,24,104,127,62400,76200,1,0.70994693,1
val,15,data_15.csv,persistent_leak,15_105_128,24,105,128,63000,76800,1,0.7046622,1
val,15,data_15.csv,persistent_leak,15_106_129,24,106,129,63600,77400,1,0.7069819,1
val,15,data_15.csv,persistent_leak,15_107_130,24,107,130,64200,78000,1,0.6842499,1
val,15,data_15.csv,persistent_leak,15_108_131,24,108,131,64800,78600,1,0.6482586,1
val,15,data_15.csv,persistent_leak,15_109_132,24,109,132,65400,79200,1,0.6413516,1
val,15,data_15.csv,persistent_leak,15_110_133,24,110,133,66000,79800,1,0.6167547,1
val,15,data_15.csv,persistent_leak,15_111_134,24,111,134,66600,80400,1,0.6236086,1
val,15,data_15.csv,persistent_leak,15_112_135,24,112,135,67200,81000,1,0.62290156,1
val,15,data_15.csv,persistent_leak,15_113_136,24,113,136,67800,81600,1,0.6429866,1
val,15,data_15.csv,persistent_leak,15_114_137,24,114,137,68400,82200,1,0.6349364,1
val,15,data_15.csv,persistent_leak,15_115_138,24,115,138,69000,82800,1,0.62292665,1
val,15,data_15.csv,persistent_leak,15_116_139,24,116,139,69600,83400,1,0.6197582,1
val,15,data_15.csv,persistent_leak,15_117_140,24,117,140,70200,84000,1,0.6234422,1
val,15,data_15.csv,persistent_leak,15_118_141,24,118,141,70800,84600,1,0.6230227,1
val,15,data_15.csv,persistent_leak,15_119_142,24,119,142,71400,85200,1,0.6297875,1
val,15,data_15.csv,persistent_leak,15_120_143,24,120,143,72000,85800,1,0.63780385,1
val,15,data_15.csv,persistent_leak,15_121_144,24,121,144,72600,86400,1,0.631564,1
val,30,data_30.csv,onset_leak,30_0_23,24,0,23,0,13800,0,0.23462306,0
val,30,data_30.csv,onset_leak,30_1_24,24,1,24,600,14400,0,0.23259488,0
val,30,data_30.csv,onset_leak,30_2_25,24,2,25,1200,15000,0,0.22995473,0
val,30,data_30.csv,onset_leak,30_3_26,24,3,26,1800,15600,0,0.22620581,0
val,30,data_30.csv,onset_leak,30_4_27,24,4,27,2400,16200,0,0.22184192,0
val,30,data_30.csv,onset_leak,30_5_28,24,5,28,3000,16800,0,0.21855792,0
val,30,data_30.csv,onset_leak,30_6_29,24,6,29,3600,17400,0,0.21541004,0
val,30,data_30.csv,onset_leak,30_7_30,24,7,30,4200,18000,0,0.2107363,0
val,30,data_30.csv,onset_leak,30_8_31,24,8,31,4800,18600,0,0.20720446,0
val,30,data_30.csv,onset_leak,30_9_32,24,9,32,5400,19200,0,0.20213658,0
val,30,data_30.csv,onset_leak,30_10_33,24,10,33,6000,19800,0,0.19644031,0
val,30,data_30.csv,onset_leak,30_11_34,24,11,34,6600,20400,0,0.19515553,0
val,30,data_30.csv,onset_leak,30_12_35,24,12,35,7200,21000,0,0.19197054,0
val,30,data_30.csv,onset_leak,30_13_36,24,13,36,7800,21600,0,0.1854979,0
val,30,data_30.csv,onset_leak,30_14_37,24,14,37,8400,22200,0,0.17751548,0
val,30,data_30.csv,onset_leak,30_15_38,24,15,38,9000,22800,0,0.17428851,0
val,30,data_30.csv,onset_leak,30_16_39,24,16,39,9600,23400,0,0.16856658,0
val,30,data_30.csv,onset_leak,30_17_40,24,17,40,10200,24000,0,0.16799946,0
val,30,data_30.csv,onset_leak,30_18_41,24,18,41,10800,24600,0,0.16520354,0
val,30,data_30.csv,onset_leak,30_19_42,24,19,42,11400,25200,0,0.1608475,0
val,30,data_30.csv,onset_leak,30_20_43,24,20,43,12000,25800,0,0.15321752,0
val,30,data_30.csv,onset_leak,30_21_44,24,21,44,12600,26400,0,0.15157682,0
val,30,data_30.csv,onset_leak,30_22_45,24,22,45,13200,27000,0,0.15197736,0
val,30,data_30.csv,onset_leak,30_23_46,24,23,46,13800,27600,0,0.15275471,0
val,30,data_30.csv,onset_leak,30_24_47,24,24,47,14400,28200,0,0.15246189,0
val,30,data_30.csv,onset_leak,30_25_48,24,25,48,15000,28800,0,0.1523281,0
val,30,data_30.csv,onset_leak,30_26_49,24,26,49,15600,29400,0,0.15202342,0
val,30,data_30.csv,onset_leak,30_27_50,24,27,50,16200,30000,0,0.15905425,0
val,30,data_30.csv,onset_leak,30_28_51,24,28,51,16800,30600,0,0.16877472,0
val,30,data_30.csv,onset_leak,30_29_52,24,29,52,17400,31200,0,0.17692281,0
val,30,data_30.csv,onset_leak,30_30_53,24,30,53,18000,31800,0,0.18489157,0
val,30,data_30.csv,onset_leak,30_31_54,24,31,54,18600,32400,0,0.18571769,0
val,30,data_30.csv,onset_leak,30_32_55,24,32,55,19200,33000,0,0.19047341,0
val,30,data_30.csv,onset_leak,30_33_56,24,33,56,19800,33600,0,0.20125502,0
val,30,data_30.csv,onset_leak,30_34_57,24,34,57,20400,34200,0,0.21604729,0
val,30,data_30.csv,onset_leak,30_35_58,24,35,58,21000,34800,0,0.22734137,0
val,30,data_30.csv,onset_leak,30_36_59,24,36,59,21600,35400,0,0.23905788,0
val,30,data_30.csv,onset_leak,30_37_60,24,37,60,22200,36000,0,0.24143398,0
val,30,data_30.csv,onset_leak,30_38_61,24,38,61,22800,36600,0,0.24956831,0
val,30,data_30.csv,onset_leak,30_39_62,24,39,62,23400,37200,0,0.26377785,0
val,30,data_30.csv,onset_leak,30_40_63,24,40,63,24000,37800,0,0.28103042,0
val,30,data_30.csv,onset_leak,30_41_64,24,41,64,24600,38400,0,0.2946891,0
val,30,data_30.csv,onset_leak,30_42_65,24,42,65,25200,39000,0,0.30923405,1
val,30,data_30.csv,onset_leak,30_43_66,24,43,66,25800,39600,0,0.30742458,1
val,30,data_30.csv,onset_leak,30_44_67,24,44,67,26400,40200,0,0.31040516,1
val,30,data_30.csv,onset_leak,30_45_68,24,45,68,27000,40800,0,0.31927556,1
val,30,data_30.csv,onset_leak,30_46_69,24,46,69,27600,41400,0,0.32777894,1
val,30,data_30.csv,onset_leak,30_47_70,24,47,70,28200,42000,0,0.33821544,1
val,30,data_30.csv,onset_leak,30_48_71,24,48,71,28800,42600,0,0.3500656,1
val,30,data_30.csv,onset_leak,30_49_72,24,49,72,29400,43200,1,0.45304826,1
val,30,data_30.csv,onset_leak,30_50_73,24,50,73,30000,43800,1,0.56861895,1
val,30,data_30.csv,onset_leak,30_51_74,24,51,74,30600,44400,1,0.6128241,1
val,30,data_30.csv,onset_leak,30_52_75,24,52,75,31200,45000,1,0.6991441,1
val,30,data_30.csv,onset_leak,30_53_76,24,53,76,31800,45600,1,0.80871177,1
val,30,data_30.csv,onset_leak,30_54_77,24,54,77,32400,46200,1,0.8713428,1
val,30,data_30.csv,onset_leak,30_55_78,24,55,78,33000,46800,1,0.8921722,1
val,30,data_30.csv,onset_leak,30_56_79,24,56,79,33600,47400,1,0.9152646,1
val,30,data_30.csv,onset_leak,30_57_80,24,57,80,34200,48000,1,0.931156,1
val,30,data_30.csv,onset_leak,30_58_81,24,58,81,34800,48600,1,0.93736786,1
val,30,data_30.csv,onset_leak,30_59_82,24,59,82,35400,49200,1,0.9520983,1
val,30,data_30.csv,onset_leak,30_60_83,24,60,83,36000,49800,1,0.96057343,1
val,30,data_30.csv,onset_leak,30_61_84,24,61,84,36600,50400,1,0.966907,1
val,30,data_30.csv,onset_leak,30_62_85,24,62,85,37200,51000,1,0.9702279,1
val,30,data_30.csv,onset_leak,30_63_86,24,63,86,37800,51600,1,0.9758326,1
val,30,data_30.csv,onset_leak,30_64_87,24,64,87,38400,52200,1,0.9738395,1
val,30,data_30.csv,onset_leak,30_65_88,24,65,88,39000,52800,1,0.97734106,1
val,30,data_30.csv,onset_leak,30_66_89,24,66,89,39600,53400,1,0.982745,1
val,30,data_30.csv,onset_leak,30_67_90,24,67,90,40200,54000,1,0.98183167,1
val,30,data_30.csv,onset_leak,30_68_91,24,68,91,40800,54600,1,0.9827099,1
val,30,data_30.csv,onset_leak,30_69_92,24,69,92,41400,55200,1,0.98542935,1
val,30,data_30.csv,onset_leak,30_70_93,24,70,93,42000,55800,1,0.9856917,1
val,30,data_30.csv,onset_leak,30_71_94,24,71,94,42600,56400,1,0.9891139,1
val,30,data_30.csv,onset_leak,30_72_95,24,72,95,43200,57000,1,0.9893994,1
val,30,data_30.csv,onset_leak,30_73_96,24,73,96,43800,57600,1,0.9871954,1
val,30,data_30.csv,onset_leak,30_74_97,24,74,97,44400,58200,1,0.98526865,1
val,30,data_30.csv,onset_leak,30_75_98,24,75,98,45000,58800,1,0.98483604,1
val,30,data_30.csv,onset_leak,30_76_99,24,76,99,45600,59400,1,0.98395836,1
val,30,data_30.csv,onset_leak,30_77_100,24,77,100,46200,60000,1,0.9821571,1
val,30,data_30.csv,onset_leak,30_78_101,24,78,101,46800,60600,1,0.97964704,1
val,30,data_30.csv,onset_leak,30_79_102,24,79,102,47400,61200,1,0.9772043,1
val,30,data_30.csv,onset_leak,30_80_103,24,80,103,48000,61800,1,0.9744366,1
val,30,data_30.csv,onset_leak,30_81_104,24,81,104,48600,62400,1,0.9729908,1
val,30,data_30.csv,onset_leak,30_82_105,24,82,105,49200,63000,1,0.97205657,1
val,30,data_30.csv,onset_leak,30_83_106,24,83,106,49800,63600,1,0.9695087,1
val,30,data_30.csv,onset_leak,30_84_107,24,84,107,50400,64200,1,0.96649164,1
val,30,data_30.csv,onset_leak,30_85_108,24,85,108,51000,64800,1,0.964618,1
val,30,data_30.csv,onset_leak,30_86_109,24,86,109,51600,65400,1,0.96279097,1
val,30,data_30.csv,onset_leak,30_87_110,24,87,110,52200,66000,1,0.95995003,1
val,30,data_30.csv,onset_leak,30_88_111,24,88,111,52800,66600,1,0.96022654,1
val,30,data_30.csv,onset_leak,30_89_112,24,89,112,53400,67200,1,0.95769715,1
val,30,data_30.csv,onset_leak,30_90_113,24,90,113,54000,67800,1,0.95501995,1
val,30,data_30.csv,onset_leak,30_91_114,24,91,114,54600,68400,1,0.95755404,1
val,30,data_30.csv,onset_leak,30_92_115,24,92,115,55200,69000,1,0.95868796,1
val,30,data_30.csv,onset_leak,30_93_116,24,93,116,55800,69600,1,0.95649743,1
val,30,data_30.csv,onset_leak,30_94_117,24,94,117,56400,70200,1,0.9575853,1
val,30,data_30.csv,onset_leak,30_95_118,24,95,118,57000,70800,1,0.9564775,1
val,30,data_30.csv,onset_leak,30_96_119,24,96,119,57600,71400,1,0.957104,1
val,30,data_30.csv,onset_leak,30_97_120,24,97,120,58200,72000,1,0.95391494,1
val,30,data_30.csv,onset_leak,30_98_121,24,98,121,58800,72600,1,0.95294696,1
val,30,data_30.csv,onset_leak,30_99_122,24,99,122,59400,73200,1,0.95297706,1
val,30,data_30.csv,onset_leak,30_100_123,24,100,123,60000,73800,1,0.9521634,1
val,30,data_30.csv,onset_leak,30_101_124,24,101,124,60600,74400,1,0.95077384,1
val,30,data_30.csv,onset_leak,30_102_125,24,102,125,61200,75000,1,0.9489005,1
val,30,data_30.csv,onset_leak,30_103_126,24,103,126,61800,75600,1,0.9331595,1
val,30,data_30.csv,onset_leak,30_104_127,24,104,127,62400,76200,1,0.9205654,1
val,30,data_30.csv,onset_leak,30_105_128,24,105,128,63000,76800,1,0.92080075,1
val,30,data_30.csv,onset_leak,30_106_129,24,106,129,63600,77400,1,0.91326195,1
val,30,data_30.csv,onset_leak,30_107_130,24,107,130,64200,78000,1,0.9028715,1
val,30,data_30.csv,onset_leak,30_108_131,24,108,131,64800,78600,1,0.88757783,1
val,30,data_30.csv,onset_leak,30_109_132,24,109,132,65400,79200,1,0.86475015,1
val,30,data_30.csv,onset_leak,30_110_133,24,110,133,66000,79800,1,0.84258014,1
val,30,data_30.csv,onset_leak,30_111_134,24,111,134,66600,80400,1,0.8389959,1
val,30,data_30.csv,onset_leak,30_112_135,24,112,135,67200,81000,1,0.828859,1
val,30,data_30.csv,onset_leak,30_113_136,24,113,136,67800,81600,1,0.8170191,1
val,30,data_30.csv,onset_leak,30_114_137,24,114,137,68400,82200,1,0.79928267,1
val,30,data_30.csv,onset_leak,30_115_138,24,115,138,69000,82800,1,0.77151704,1
val,30,data_30.csv,onset_leak,30_116_139,24,116,139,69600,83400,1,0.74515337,1
val,30,data_30.csv,onset_leak,30_117_140,24,117,140,70200,84000,1,0.7257898,1
val,30,data_30.csv,onset_leak,30_118_141,24,118,141,70800,84600,1,0.72814846,1
val,30,data_30.csv,onset_leak,30_119_142,24,119,142,71400,85200,1,0.7036045,1
val,30,data_30.csv,onset_leak,30_120_143,24,120,143,72000,85800,1,0.6794454,1
val,30,data_30.csv,onset_leak,30_121_144,24,121,144,72600,86400,1,0.6367021,1
val,32,data_32.csv,persistent_leak,32_0_23,24,0,23,0,13800,1,0.53359324,1
val,32,data_32.csv,persistent_leak,32_1_24,24,1,24,600,14400,1,0.53565055,1
val,32,data_32.csv,persistent_leak,32_2_25,24,2,25,1200,15000,1,0.53168017,1
val,32,data_32.csv,persistent_leak,32_3_26,24,3,26,1800,15600,1,0.5248424,1
val,32,data_32.csv,persistent_leak,32_4_27,24,4,27,2400,16200,1,0.52032036,1
val,32,data_32.csv,persistent_leak,32_5_28,24,5,28,3000,16800,1,0.514724,1
val,32,data_32.csv,persistent_leak,32_6_29,24,6,29,3600,17400,1,0.5093089,1
val,32,data_32.csv,persistent_leak,32_7_30,24,7,30,4200,18000,1,0.516403,1
val,32,data_32.csv,persistent_leak,32_8_31,24,8,31,4800,18600,1,0.5135897,1
val,32,data_32.csv,persistent_leak,32_9_32,24,9,32,5400,19200,1,0.5106146,1
val,32,data_32.csv,persistent_leak,32_10_33,24,10,33,6000,19800,1,0.5097494,1
val,32,data_32.csv,persistent_leak,32_11_34,24,11,34,6600,20400,1,0.5135952,1
val,32,data_32.csv,persistent_leak,32_12_35,24,12,35,7200,21000,1,0.52229697,1
val,32,data_32.csv,persistent_leak,32_13_36,24,13,36,7800,21600,1,0.54707295,1
val,32,data_32.csv,persistent_leak,32_14_37,24,14,37,8400,22200,1,0.56006473,1
val,32,data_32.csv,persistent_leak,32_15_38,24,15,38,9000,22800,1,0.567364,1
val,32,data_32.csv,persistent_leak,32_16_39,24,16,39,9600,23400,1,0.5740506,1
val,32,data_32.csv,persistent_leak,32_17_40,24,17,40,10200,24000,1,0.5885884,1
val,32,data_32.csv,persistent_leak,32_18_41,24,18,41,10800,24600,1,0.6101196,1
val,32,data_32.csv,persistent_leak,32_19_42,24,19,42,11400,25200,1,0.65875226,1
val,32,data_32.csv,persistent_leak,32_20_43,24,20,43,12000,25800,1,0.6848979,1
val,32,data_32.csv,persistent_leak,32_21_44,24,21,44,12600,26400,1,0.70322555,1
val,32,data_32.csv,persistent_leak,32_22_45,24,22,45,13200,27000,1,0.7139776,1
val,32,data_32.csv,persistent_leak,32_23_46,24,23,46,13800,27600,1,0.7430751,1
val,32,data_32.csv,persistent_leak,32_24_47,24,24,47,14400,28200,1,0.77160585,1
val,32,data_32.csv,persistent_leak,32_25_48,24,25,48,15000,28800,1,0.8060597,1
val,32,data_32.csv,persistent_leak,32_26_49,24,26,49,15600,29400,1,0.83028775,1
val,32,data_32.csv,persistent_leak,32_27_50,24,27,50,16200,30000,1,0.8433574,1
val,32,data_32.csv,persistent_leak,32_28_51,24,28,51,16800,30600,1,0.85327256,1
val,32,data_32.csv,persistent_leak,32_29_52,24,29,52,17400,31200,1,0.87420326,1
val,32,data_32.csv,persistent_leak,32_30_53,24,30,53,18000,31800,1,0.89094347,1
val,32,data_32.csv,persistent_leak,32_31_54,24,31,54,18600,32400,1,0.90222234,1
val,32,data_32.csv,persistent_leak,32_32_55,24,32,55,19200,33000,1,0.9120121,1
val,32,data_32.csv,persistent_leak,32_33_56,24,33,56,19800,33600,1,0.9192156,1
val,32,data_32.csv,persistent_leak,32_34_57,24,34,57,20400,34200,1,0.9212976,1
val,32,data_32.csv,persistent_leak,32_35_58,24,35,58,21000,34800,1,0.9294062,1
val,32,data_32.csv,persistent_leak,32_36_59,24,36,59,21600,35400,1,0.93675625,1
val,32,data_32.csv,persistent_leak,32_37_60,24,37,60,22200,36000,1,0.94677323,1
val,32,data_32.csv,persistent_leak,32_38_61,24,38,61,22800,36600,1,0.95302737,1
val,32,data_32.csv,persistent_leak,32_39_62,24,39,62,23400,37200,1,0.95759207,1
val,32,data_32.csv,persistent_leak,32_40_63,24,40,63,24000,37800,1,0.95899504,1
val,32,data_32.csv,persistent_leak,32_41_64,24,41,64,24600,38400,1,0.9648649,1
val,32,data_32.csv,persistent_leak,32_42_65,24,42,65,25200,39000,1,0.97005063,1
val,32,data_32.csv,persistent_leak,32_43_66,24,43,66,25800,39600,1,0.97706205,1
val,32,data_32.csv,persistent_leak,32_44_67,24,44,67,26400,40200,1,0.98118925,1
val,32,data_32.csv,persistent_leak,32_45_68,24,45,68,27000,40800,1,0.9830384,1
val,32,data_32.csv,persistent_leak,32_46_69,24,46,69,27600,41400,1,0.9845435,1
val,32,data_32.csv,persistent_leak,32_47_70,24,47,70,28200,42000,1,0.98762894,1
val,32,data_32.csv,persistent_leak,32_48_71,24,48,71,28800,42600,1,0.98988694,1
val,32,data_32.csv,persistent_leak,32_49_72,24,49,72,29400,43200,1,0.99103725,1
val,32,data_32.csv,persistent_leak,32_50_73,24,50,73,30000,43800,1,0.99214643,1
val,32,data_32.csv,persistent_leak,32_51_74,24,51,74,30600,44400,1,0.9928508,1
val,32,data_32.csv,persistent_leak,32_52_75,24,52,75,31200,45000,1,0.99313533,1
val,32,data_32.csv,persistent_leak,32_53_76,24,53,76,31800,45600,1,0.9939367,1
val,32,data_32.csv,persistent_leak,32_54_77,24,54,77,32400,46200,1,0.99458647,1
val,32,data_32.csv,persistent_leak,32_55_78,24,55,78,33000,46800,1,0.99398744,1
val,32,data_32.csv,persistent_leak,32_56_79,24,56,79,33600,47400,1,0.9937849,1
val,32,data_32.csv,persistent_leak,32_57_80,24,57,80,34200,48000,1,0.9942754,1
val,32,data_32.csv,persistent_leak,32_58_81,24,58,81,34800,48600,1,0.9938492,1
val,32,data_32.csv,persistent_leak,32_59_82,24,59,82,35400,49200,1,0.9939469,1
val,32,data_32.csv,persistent_leak,32_60_83,24,60,83,36000,49800,1,0.99401265,1
val,32,data_32.csv,persistent_leak,32_61_84,24,61,84,36600,50400,1,0.99211067,1
val,32,data_32.csv,persistent_leak,32_62_85,24,62,85,37200,51000,1,0.9904607,1
val,32,data_32.csv,persistent_leak,32_63_86,24,63,86,37800,51600,1,0.9907574,1
val,32,data_32.csv,persistent_leak,32_64_87,24,64,87,38400,52200,1,0.99000835,1
val,32,data_32.csv,persistent_leak,32_65_88,24,65,88,39000,52800,1,0.98942393,1
val,32,data_32.csv,persistent_leak,32_66_89,24,66,89,39600,53400,1,0.9876171,1
val,32,data_32.csv,persistent_leak,32_67_90,24,67,90,40200,54000,1,0.9843805,1
val,32,data_32.csv,persistent_leak,32_68_91,24,68,91,40800,54600,1,0.98072207,1
val,32,data_32.csv,persistent_leak,32_69_92,24,69,92,41400,55200,1,0.97914344,1
val,32,data_32.csv,persistent_leak,32_70_93,24,70,93,42000,55800,1,0.97794265,1
val,32,data_32.csv,persistent_leak,32_71_94,24,71,94,42600,56400,1,0.97486466,1
val,32,data_32.csv,persistent_leak,32_72_95,24,72,95,43200,57000,1,0.969899,1
val,32,data_32.csv,persistent_leak,32_73_96,24,73,96,43800,57600,1,0.9683696,1
val,32,data_32.csv,persistent_leak,32_74_97,24,74,97,44400,58200,1,0.965425,1
val,32,data_32.csv,persistent_leak,32_75_98,24,75,98,45000,58800,1,0.9602837,1
val,32,data_32.csv,persistent_leak,32_76_99,24,76,99,45600,59400,1,0.96083784,1
val,32,data_32.csv,persistent_leak,32_77_100,24,77,100,46200,60000,1,0.95681375,1
val,32,data_32.csv,persistent_leak,32_78_101,24,78,101,46800,60600,1,0.9532443,1
val,32,data_32.csv,persistent_leak,32_79_102,24,79,102,47400,61200,1,0.95503205,1
val,32,data_32.csv,persistent_leak,32_80_103,24,80,103,48000,61800,1,0.95609,1
val,32,data_32.csv,persistent_leak,32_81_104,24,81,104,48600,62400,1,0.95189005,1
val,32,data_32.csv,persistent_leak,32_82_105,24,82,105,49200,63000,1,0.95351356,1
val,32,data_32.csv,persistent_leak,32_83_106,24,83,106,49800,63600,1,0.95134175,1
val,32,data_32.csv,persistent_leak,32_84_107,24,84,107,50400,64200,1,0.9507915,1
val,32,data_32.csv,persistent_leak,32_85_108,24,85,108,51000,64800,1,0.9596968,1
val,32,data_32.csv,persistent_leak,32_86_109,24,86,109,51600,65400,1,0.96464676,1
val,32,data_32.csv,persistent_leak,32_87_110,24,87,110,52200,66000,1,0.96558464,1
val,32,data_32.csv,persistent_leak,32_88_111,24,88,111,52800,66600,1,0.96755475,1
val,32,data_32.csv,persistent_leak,32_89_112,24,89,112,53400,67200,1,0.9699137,1
val,32,data_32.csv,persistent_leak,32_90_113,24,90,113,54000,67800,1,0.9735652,1
val,32,data_32.csv,persistent_leak,32_91_114,24,91,114,54600,68400,1,0.97314703,1
val,32,data_32.csv,persistent_leak,32_92_115,24,92,115,55200,69000,1,0.97422975,1
val,32,data_32.csv,persistent_leak,32_93_116,24,93,116,55800,69600,1,0.9761214,1
val,32,data_32.csv,persistent_leak,32_94_117,24,94,117,56400,70200,1,0.97599673,1
val,32,data_32.csv,persistent_leak,32_95_118,24,95,118,57000,70800,1,0.97750115,1
val,32,data_32.csv,persistent_leak,32_96_119,24,96,119,57600,71400,1,0.9781034,1
val,32,data_32.csv,persistent_leak,32_97_120,24,97,120,58200,72000,1,0.97491986,1
val,32,data_32.csv,persistent_leak,32_98_121,24,98,121,58800,72600,1,0.9727092,1
val,32,data_32.csv,persistent_leak,32_99_122,24,99,122,59400,73200,1,0.97383004,1
val,32,data_32.csv,persistent_leak,32_100_123,24,100,123,60000,73800,1,0.9719615,1
val,32,data_32.csv,persistent_leak,32_101_124,24,101,124,60600,74400,1,0.97123456,1
val,32,data_32.csv,persistent_leak,32_102_125,24,102,125,61200,75000,1,0.9702247,1
val,32,data_32.csv,persistent_leak,32_103_126,24,103,126,61800,75600,1,0.97100407,1
val,32,data_32.csv,persistent_leak,32_104_127,24,104,127,62400,76200,1,0.97064495,1
val,32,data_32.csv,persistent_leak,32_105_128,24,105,128,63000,76800,1,0.9706534,1
val,32,data_32.csv,persistent_leak,32_106_129,24,106,129,63600,77400,1,0.9711745,1
val,32,data_32.csv,persistent_leak,32_107_130,24,107,130,64200,78000,1,0.972554,1
val,32,data_32.csv,persistent_leak,32_108_131,24,108,131,64800,78600,1,0.9731799,1
val,32,data_32.csv,persistent_leak,32_109_132,24,109,132,65400,79200,1,0.96852756,1
val,32,data_32.csv,persistent_leak,32_110_133,24,110,133,66000,79800,1,0.96589714,1
val,32,data_32.csv,persistent_leak,32_111_134,24,111,134,66600,80400,1,0.96355116,1
val,32,data_32.csv,persistent_leak,32_112_135,24,112,135,67200,81000,1,0.96332866,1
val,32,data_32.csv,persistent_leak,32_113_136,24,113,136,67800,81600,1,0.9598914,1
val,32,data_32.csv,persistent_leak,32_114_137,24,114,137,68400,82200,1,0.95429444,1
val,32,data_32.csv,persistent_leak,32_115_138,24,115,138,69000,82800,1,0.94163,1
val,32,data_32.csv,persistent_leak,32_116_139,24,116,139,69600,83400,1,0.9291127,1
val,32,data_32.csv,persistent_leak,32_117_140,24,117,140,70200,84000,1,0.9264553,1
val,32,data_32.csv,persistent_leak,32_118_141,24,118,141,70800,84600,1,0.918419,1
val,32,data_32.csv,persistent_leak,32_119_142,24,119,142,71400,85200,1,0.9026204,1
val,32,data_32.csv,persistent_leak,32_120_143,24,120,143,72000,85800,1,0.887215,1
val,32,data_32.csv,persistent_leak,32_121_144,24,121,144,72600,86400,1,0.86777353,1
val,37,data_37.csv,onset_leak,37_0_23,24,0,23,0,13800,0,0.2398725,0
val,37,data_37.csv,onset_leak,37_1_24,24,1,24,600,14400,0,0.23640893,0
val,37,data_37.csv,onset_leak,37_2_25,24,2,25,1200,15000,0,0.23200086,0
val,37,data_37.csv,onset_leak,37_3_26,24,3,26,1800,15600,0,0.22671124,0
val,37,data_37.csv,onset_leak,37_4_27,24,4,27,2400,16200,0,0.22067912,0
val,37,data_37.csv,onset_leak,37_5_28,24,5,28,3000,16800,0,0.21670717,0
val,37,data_37.csv,onset_leak,37_6_29,24,6,29,3600,17400,0,0.21266615,0
val,37,data_37.csv,onset_leak,37_7_30,24,7,30,4200,18000,0,0.20988408,0
val,37,data_37.csv,onset_leak,37_8_31,24,8,31,4800,18600,0,0.20674837,0
val,37,data_37.csv,onset_leak,37_9_32,24,9,32,5400,19200,0,0.20386073,0
val,37,data_37.csv,onset_leak,37_10_33,24,10,33,6000,19800,0,0.20084909,0
val,37,data_37.csv,onset_leak,37_11_34,24,11,34,6600,20400,0,0.19960311,0
val,37,data_37.csv,onset_leak,37_12_35,24,12,35,7200,21000,0,0.19744794,0
val,37,data_37.csv,onset_leak,37_13_36,24,13,36,7800,21600,0,0.19480497,0
val,37,data_37.csv,onset_leak,37_14_37,24,14,37,8400,22200,0,0.1913012,0
val,37,data_37.csv,onset_leak,37_15_38,24,15,38,9000,22800,0,0.19010021,0
val,37,data_37.csv,onset_leak,37_16_39,24,16,39,9600,23400,0,0.18826686,0
val,37,data_37.csv,onset_leak,37_17_40,24,17,40,10200,24000,0,0.18870384,0
val,37,data_37.csv,onset_leak,37_18_41,24,18,41,10800,24600,0,0.18784592,0
val,37,data_37.csv,onset_leak,37_19_42,24,19,42,11400,25200,0,0.18527289,0
val,37,data_37.csv,onset_leak,37_20_43,24,20,43,12000,25800,0,0.18129207,0
val,37,data_37.csv,onset_leak,37_21_44,24,21,44,12600,26400,0,0.18138218,0
val,37,data_37.csv,onset_leak,37_22_45,24,22,45,13200,27000,0,0.1815634,0
val,37,data_37.csv,onset_leak,37_23_46,24,23,46,13800,27600,0,0.18316701,0
val,37,data_37.csv,onset_leak,37_24_47,24,24,47,14400,28200,0,0.18365052,0
val,37,data_37.csv,onset_leak,37_25_48,24,25,48,15000,28800,0,0.18191226,0
val,37,data_37.csv,onset_leak,37_26_49,24,26,49,15600,29400,0,0.17896168,0
val,37,data_37.csv,onset_leak,37_27_50,24,27,50,16200,30000,0,0.18115908,0
val,37,data_37.csv,onset_leak,37_28_51,24,28,51,16800,30600,0,0.18423423,0
val,37,data_37.csv,onset_leak,37_29_52,24,29,52,17400,31200,0,0.18794313,0
val,37,data_37.csv,onset_leak,37_30_53,24,30,53,18000,31800,0,0.19086081,0
val,37,data_37.csv,onset_leak,37_31_54,24,31,54,18600,32400,0,0.18852538,0
val,37,data_37.csv,onset_leak,37_32_55,24,32,55,19200,33000,0,0.1858478,0
val,37,data_37.csv,onset_leak,37_33_56,24,33,56,19800,33600,0,0.18961269,0
val,37,data_37.csv,onset_leak,37_34_57,24,34,57,20400,34200,0,0.19396736,0
val,37,data_37.csv,onset_leak,37_35_58,24,35,58,21000,34800,0,0.19991775,0
val,37,data_37.csv,onset_leak,37_36_59,24,36,59,21600,35400,0,0.20479988,0
val,37,data_37.csv,onset_leak,37_37_60,24,37,60,22200,36000,0,0.20124574,0
val,37,data_37.csv,onset_leak,37_38_61,24,38,61,22800,36600,0,0.19652387,0
val,37,data_37.csv,onset_leak,37_39_62,24,39,62,23400,37200,0,0.20081584,0
val,37,data_37.csv,onset_leak,37_40_63,24,40,63,24000,37800,0,0.20610239,0
val,37,data_37.csv,onset_leak,37_41_64,24,41,64,24600,38400,0,0.21310796,0
val,37,data_37.csv,onset_leak,37_42_65,24,42,65,25200,39000,0,0.21878488,0
val,37,data_37.csv,onset_leak,37_43_66,24,43,66,25800,39600,0,0.21435405,0
val,37,data_37.csv,onset_leak,37_44_67,24,44,67,26400,40200,0,0.21220341,0
val,37,data_37.csv,onset_leak,37_45_68,24,45,68,27000,40800,0,0.21994375,0
val,37,data_37.csv,onset_leak,37_46_69,24,46,69,27600,41400,0,0.23169401,0
val,37,data_37.csv,onset_leak,37_47_70,24,47,70,28200,42000,0,0.24023703,0
val,37,data_37.csv,onset_leak,37_48_71,24,48,71,28800,42600,0,0.25222293,0
val,37,data_37.csv,onset_leak,37_49_72,24,49,72,29400,43200,1,0.39785594,1
val,37,data_37.csv,onset_leak,37_50_73,24,50,73,30000,43800,1,0.547427,1
val,37,data_37.csv,onset_leak,37_51_74,24,51,74,30600,44400,1,0.61808205,1
val,37,data_37.csv,onset_leak,37_52_75,24,52,75,31200,45000,1,0.7207567,1
val,37,data_37.csv,onset_leak,37_53_76,24,53,76,31800,45600,1,0.84480095,1
val,37,data_37.csv,onset_leak,37_54_77,24,54,77,32400,46200,1,0.90685284,1
val,37,data_37.csv,onset_leak,37_55_78,24,55,78,33000,46800,1,0.9352209,1
val,37,data_37.csv,onset_leak,37_56_79,24,56,79,33600,47400,1,0.9558968,1
val,37,data_37.csv,onset_leak,37_57_80,24,57,80,34200,48000,1,0.96692866,1
val,37,data_37.csv,onset_leak,37_58_81,24,58,81,34800,48600,1,0.97204584,1
val,37,data_37.csv,onset_leak,37_59_82,24,59,82,35400,49200,1,0.98210895,1
val,37,data_37.csv,onset_leak,37_60_83,24,60,83,36000,49800,1,0.98736936,1
val,37,data_37.csv,onset_leak,37_61_84,24,61,84,36600,50400,1,0.99086785,1
val,37,data_37.csv,onset_leak,37_62_85,24,62,85,37200,51000,1,0.9928559,1
val,37,data_37.csv,onset_leak,37_63_86,24,63,86,37800,51600,1,0.99462306,1
val,37,data_37.csv,onset_leak,37_64_87,24,64,87,38400,52200,1,0.9945009,1
val,37,data_37.csv,onset_leak,37_65_88,24,65,88,39000,52800,1,0.995719,1
val,37,data_37.csv,onset_leak,37_66_89,24,66,89,39600,53400,1,0.99708015,1
val,37,data_37.csv,onset_leak,37_67_90,24,67,90,40200,54000,1,0.9971276,1
val,37,data_37.csv,onset_leak,37_68_91,24,68,91,40800,54600,1,0.9973667,1
val,37,data_37.csv,onset_leak,37_69_92,24,69,92,41400,55200,1,0.9980233,1
val,37,data_37.csv,onset_leak,37_70_93,24,70,93,42000,55800,1,0.99800533,1
val,37,data_37.csv,onset_leak,37_71_94,24,71,94,42600,56400,1,0.99856853,1
val,37,data_37.csv,onset_leak,37_72_95,24,72,95,43200,57000,1,0.9987637,1
val,37,data_37.csv,onset_leak,37_73_96,24,73,96,43800,57600,1,0.99850154,1
val,37,data_37.csv,onset_leak,37_74_97,24,74,97,44400,58200,1,0.9983113,1
val,37,data_37.csv,onset_leak,37_75_98,24,75,98,45000,58800,1,0.9983632,1
val,37,data_37.csv,onset_leak,37_76_99,24,76,99,45600,59400,1,0.9982577,1
val,37,data_37.csv,onset_leak,37_77_100,24,77,100,46200,60000,1,0.99821365,1
val,37,data_37.csv,onset_leak,37_78_101,24,78,101,46800,60600,1,0.9980421,1
val,37,data_37.csv,onset_leak,37_79_102,24,79,102,47400,61200,1,0.9975425,1
val,37,data_37.csv,onset_leak,37_80_103,24,80,103,48000,61800,1,0.9970414,1
val,37,data_37.csv,onset_leak,37_81_104,24,81,104,48600,62400,1,0.9969273,1
val,37,data_37.csv,onset_leak,37_82_105,24,82,105,49200,63000,1,0.9967398,1
val,37,data_37.csv,onset_leak,37_83_106,24,83,106,49800,63600,1,0.9963691,1
val,37,data_37.csv,onset_leak,37_84_107,24,84,107,50400,64200,1,0.9957015,1
val,37,data_37.csv,onset_leak,37_85_108,24,85,108,51000,64800,1,0.9947162,1
val,37,data_37.csv,onset_leak,37_86_109,24,86,109,51600,65400,1,0.993679,1
val,37,data_37.csv,onset_leak,37_87_110,24,87,110,52200,66000,1,0.99297994,1
val,37,data_37.csv,onset_leak,37_88_111,24,88,111,52800,66600,1,0.9926731,1
val,37,data_37.csv,onset_leak,37_89_112,24,89,112,53400,67200,1,0.99142426,1
val,37,data_37.csv,onset_leak,37_90_113,24,90,113,54000,67800,1,0.9897456,1
val,37,data_37.csv,onset_leak,37_91_114,24,91,114,54600,68400,1,0.98746234,1
val,37,data_37.csv,onset_leak,37_92_115,24,92,115,55200,69000,1,0.9851745,1
val,37,data_37.csv,onset_leak,37_93_116,24,93,116,55800,69600,1,0.983421,1
val,37,data_37.csv,onset_leak,37_94_117,24,94,117,56400,70200,1,0.9825981,1
val,37,data_37.csv,onset_leak,37_95_118,24,95,118,57000,70800,1,0.9791653,1
val,37,data_37.csv,onset_leak,37_96_119,24,96,119,57600,71400,1,0.97529036,1
val,37,data_37.csv,onset_leak,37_97_120,24,97,120,58200,72000,1,0.9703472,1
val,37,data_37.csv,onset_leak,37_98_121,24,98,121,58800,72600,1,0.96538234,1
val,37,data_37.csv,onset_leak,37_99_122,24,99,122,59400,73200,1,0.96237963,1
val,37,data_37.csv,onset_leak,37_100_123,24,100,123,60000,73800,1,0.96024346,1
val,37,data_37.csv,onset_leak,37_101_124,24,101,124,60600,74400,1,0.9535366,1
val,37,data_37.csv,onset_leak,37_102_125,24,102,125,61200,75000,1,0.94642216,1
val,37,data_37.csv,onset_leak,37_103_126,24,103,126,61800,75600,1,0.9364536,1
val,37,data_37.csv,onset_leak,37_104_127,24,104,127,62400,76200,1,0.9269386,1
val,37,data_37.csv,onset_leak,37_105_128,24,105,128,63000,76800,1,0.9218584,1
val,37,data_37.csv,onset_leak,37_106_129,24,106,129,63600,77400,1,0.91871595,1
val,37,data_37.csv,onset_leak,37_107_130,24,107,130,64200,78000,1,0.9081002,1
val,37,data_37.csv,onset_leak,37_108_131,24,108,131,64800,78600,1,0.89546245,1
val,37,data_37.csv,onset_leak,37_109_132,24,109,132,65400,79200,1,0.87620044,1
val,37,data_37.csv,onset_leak,37_110_133,24,110,133,66000,79800,1,0.8577344,1
val,37,data_37.csv,onset_leak,37_111_134,24,111,134,66600,80400,1,0.8494359,1
val,37,data_37.csv,onset_leak,37_112_135,24,112,135,67200,81000,1,0.8424215,1
val,37,data_37.csv,onset_leak,37_113_136,24,113,136,67800,81600,1,0.8221176,1
val,37,data_37.csv,onset_leak,37_114_137,24,114,137,68400,82200,1,0.79860884,1
val,37,data_37.csv,onset_leak,37_115_138,24,115,138,69000,82800,1,0.7680378,1
val,37,data_37.csv,onset_leak,37_116_139,24,116,139,69600,83400,1,0.74196446,1
val,37,data_37.csv,onset_leak,37_117_140,24,117,140,70200,84000,1,0.7299113,1
val,37,data_37.csv,onset_leak,37_118_141,24,118,141,70800,84600,1,0.72308105,1
val,37,data_37.csv,onset_leak,37_119_142,24,119,142,71400,85200,1,0.6953446,1
val,37,data_37.csv,onset_leak,37_120_143,24,120,143,72000,85800,1,0.6666817,1
val,37,data_37.csv,onset_leak,37_121_144,24,121,144,72600,86400,1,0.62139064,1
val,40,data_40.csv,onset_leak,40_0_23,24,0,23,0,13800,0,0.23295632,0
val,40,data_40.csv,onset_leak,40_1_24,24,1,24,600,14400,0,0.23123454,0
val,40,data_40.csv,onset_leak,40_2_25,24,2,25,1200,15000,0,0.22924484,0
val,40,data_40.csv,onset_leak,40_3_26,24,3,26,1800,15600,0,0.22720966,0
val,40,data_40.csv,onset_leak,40_4_27,24,4,27,2400,16200,0,0.22500612,0
val,40,data_40.csv,onset_leak,40_5_28,24,5,28,3000,16800,0,0.22403397,0
val,40,data_40.csv,onset_leak,40_6_29,24,6,29,3600,17400,0,0.22252248,0
val,40,data_40.csv,onset_leak,40_7_30,24,7,30,4200,18000,0,0.2211858,0
val,40,data_40.csv,onset_leak,40_8_31,24,8,31,4800,18600,0,0.2192383,0
val,40,data_40.csv,onset_leak,40_9_32,24,9,32,5400,19200,0,0.21841788,0
val,40,data_40.csv,onset_leak,40_10_33,24,10,33,6000,19800,0,0.21743451,0
val,40,data_40.csv,onset_leak,40_11_34,24,11,34,6600,20400,0,0.2173941,0
val,40,data_40.csv,onset_leak,40_12_35,24,12,35,7200,21000,0,0.21675667,0
val,40,data_40.csv,onset_leak,40_13_36,24,13,36,7800,21600,0,0.21574502,0
val,40,data_40.csv,onset_leak,40_14_37,24,14,37,8400,22200,0,0.21410547,0
val,40,data_40.csv,onset_leak,40_15_38,24,15,38,9000,22800,0,0.21437958,0
val,40,data_40.csv,onset_leak,40_16_39,24,16,39,9600,23400,0,0.21482107,0
val,40,data_40.csv,onset_leak,40_17_40,24,17,40,10200,24000,0,0.21577218,0
val,40,data_40.csv,onset_leak,40_18_41,24,18,41,10800,24600,0,0.216201,0
val,40,data_40.csv,onset_leak,40_19_42,24,19,42,11400,25200,0,0.21564682,0
val,40,data_40.csv,onset_leak,40_20_43,24,20,43,12000,25800,0,0.21464238,0
val,40,data_40.csv,onset_leak,40_21_44,24,21,44,12600,26400,0,0.21609114,0
val,40,data_40.csv,onset_leak,40_22_45,24,22,45,13200,27000,0,0.21792424,0
val,40,data_40.csv,onset_leak,40_23_46,24,23,46,13800,27600,0,0.21993119,0
val,40,data_40.csv,onset_leak,40_24_47,24,24,47,14400,28200,0,0.22151747,0
val,40,data_40.csv,onset_leak,40_25_48,24,25,48,15000,28800,0,0.22051284,0
val,40,data_40.csv,onset_leak,40_26_49,24,26,49,15600,29400,0,0.21928126,0
val,40,data_40.csv,onset_leak,40_27_50,24,27,50,16200,30000,0,0.22094136,0
val,40,data_40.csv,onset_leak,40_28_51,24,28,51,16800,30600,0,0.22263673,0
val,40,data_40.csv,onset_leak,40_29_52,24,29,52,17400,31200,0,0.22548145,0
val,40,data_40.csv,onset_leak,40_30_53,24,30,53,18000,31800,0,0.22746979,0
val,40,data_40.csv,onset_leak,40_31_54,24,31,54,18600,32400,0,0.22166419,0
val,40,data_40.csv,onset_leak,40_32_55,24,32,55,19200,33000,0,0.21565159,0
val,40,data_40.csv,onset_leak,40_33_56,24,33,56,19800,33600,0,0.21399252,0
val,40,data_40.csv,onset_leak,40_34_57,24,34,57,20400,34200,0,0.21051699,0
val,40,data_40.csv,onset_leak,40_35_58,24,35,58,21000,34800,0,0.21324934,0
val,40,data_40.csv,onset_leak,40_36_59,24,36,59,21600,35400,0,0.21311086,0
val,40,data_40.csv,onset_leak,40_37_60,24,37,60,22200,36000,0,0.20076452,0
val,40,data_40.csv,onset_leak,40_38_61,24,38,61,22800,36600,0,0.18647626,0
val,40,data_40.csv,onset_leak,40_39_62,24,39,62,23400,37200,0,0.18312216,0
val,40,data_40.csv,onset_leak,40_40_63,24,40,63,24000,37800,0,0.17707644,0
val,40,data_40.csv,onset_leak,40_41_64,24,41,64,24600,38400,0,0.1799001,0
val,40,data_40.csv,onset_leak,40_42_65,24,42,65,25200,39000,0,0.17933662,0
val,40,data_40.csv,onset_leak,40_43_66,24,43,66,25800,39600,0,0.1909147,0
val,40,data_40.csv,onset_leak,40_44_67,24,44,67,26400,40200,0,0.19588597,0
val,40,data_40.csv,onset_leak,40_45_68,24,45,68,27000,40800,0,0.19866928,0
val,40,data_40.csv,onset_leak,40_46_69,24,46,69,27600,41400,0,0.2134841,0
val,40,data_40.csv,onset_leak,40_47_70,24,47,70,28200,42000,0,0.2515224,0
val,40,data_40.csv,onset_leak,40_48_71,24,48,71,28800,42600,0,0.30218914,1
val,40,data_40.csv,onset_leak,40_49_72,24,49,72,29400,43200,1,0.6061631,1
val,40,data_40.csv,onset_leak,40_50_73,24,50,73,30000,43800,1,0.7730037,1
val,40,data_40.csv,onset_leak,40_51_74,24,51,74,30600,44400,1,0.8317261,1
val,40,data_40.csv,onset_leak,40_52_75,24,52,75,31200,45000,1,0.8869224,1
val,40,data_40.csv,onset_leak,40_53_76,24,53,76,31800,45600,1,0.93476415,1
val,40,data_40.csv,onset_leak,40_54_77,24,54,77,32400,46200,1,0.9629855,1
val,40,data_40.csv,onset_leak,40_55_78,24,55,78,33000,46800,1,0.9712279,1
val,40,data_40.csv,onset_leak,40_56_79,24,56,79,33600,47400,1,0.9795816,1
val,40,data_40.csv,onset_leak,40_57_80,24,57,80,34200,48000,1,0.9847839,1
val,40,data_40.csv,onset_leak,40_58_81,24,58,81,34800,48600,1,0.9866036,1
val,40,data_40.csv,onset_leak,40_59_82,24,59,82,35400,49200,1,0.99143183,1
val,40,data_40.csv,onset_leak,40_60_83,24,60,83,36000,49800,1,0.99381644,1
val,40,data_40.csv,onset_leak,40_61_84,24,61,84,36600,50400,1,0.99505866,1
val,40,data_40.csv,onset_leak,40_62_85,24,62,85,37200,51000,1,0.9957754,1
val,40,data_40.csv,onset_leak,40_63_86,24,63,86,37800,51600,1,0.99670666,1
val,40,data_40.csv,onset_leak,40_64_87,24,64,87,38400,52200,1,0.99655724,1
val,40,data_40.csv,onset_leak,40_65_88,24,65,88,39000,52800,1,0.99717003,1
val,40,data_40.csv,onset_leak,40_66_89,24,66,89,39600,53400,1,0.9979091,1
val,40,data_40.csv,onset_leak,40_67_90,24,67,90,40200,54000,1,0.99805164,1
val,40,data_40.csv,onset_leak,40_68_91,24,68,91,40800,54600,1,0.99822587,1
val,40,data_40.csv,onset_leak,40_69_92,24,69,92,41400,55200,1,0.99859756,1
val,40,data_40.csv,onset_leak,40_70_93,24,70,93,42000,55800,1,0.99862075,1
val,40,data_40.csv,onset_leak,40_71_94,24,71,94,42600,56400,1,0.9989956,1
val,40,data_40.csv,onset_leak,40_72_95,24,72,95,43200,57000,1,0.9991308,1
val,40,data_40.csv,onset_leak,40_73_96,24,73,96,43800,57600,1,0.9991561,1
val,40,data_40.csv,onset_leak,40_74_97,24,74,97,44400,58200,1,0.999175,1
val,40,data_40.csv,onset_leak,40_75_98,24,75,98,45000,58800,1,0.9991892,1
val,40,data_40.csv,onset_leak,40_76_99,24,76,99,45600,59400,1,0.9991968,1
val,40,data_40.csv,onset_leak,40_77_100,24,77,100,46200,60000,1,0.9992211,1
val,40,data_40.csv,onset_leak,40_78_101,24,78,101,46800,60600,1,0.9992391,1
val,40,data_40.csv,onset_leak,40_79_102,24,79,102,47400,61200,1,0.99924326,1
val,40,data_40.csv,onset_leak,40_80_103,24,80,103,48000,61800,1,0.9992499,1
val,40,data_40.csv,onset_leak,40_81_104,24,81,104,48600,62400,1,0.9992567,1
val,40,data_40.csv,onset_leak,40_82_105,24,82,105,49200,63000,1,0.99925786,1
val,40,data_40.csv,onset_leak,40_83_106,24,83,106,49800,63600,1,0.9992648,1
val,40,data_40.csv,onset_leak,40_84_107,24,84,107,50400,64200,1,0.99927026,1
val,40,data_40.csv,onset_leak,40_85_108,24,85,108,51000,64800,1,0.9992274,1
val,40,data_40.csv,onset_leak,40_86_109,24,86,109,51600,65400,1,0.99920243,1
val,40,data_40.csv,onset_leak,40_87_110,24,87,110,52200,66000,1,0.9992048,1
val,40,data_40.csv,onset_leak,40_88_111,24,88,111,52800,66600,1,0.9991874,1
val,40,data_40.csv,onset_leak,40_89_112,24,89,112,53400,67200,1,0.9991691,1
val,40,data_40.csv,onset_leak,40_90_113,24,90,113,54000,67800,1,0.9991454,1
val,40,data_40.csv,onset_leak,40_91_114,24,91,114,54600,68400,1,0.9988172,1
val,40,data_40.csv,onset_leak,40_92_115,24,92,115,55200,69000,1,0.9985513,1
val,40,data_40.csv,onset_leak,40_93_116,24,93,116,55800,69600,1,0.99853337,1
val,40,data_40.csv,onset_leak,40_94_117,24,94,117,56400,70200,1,0.9984028,1
val,40,data_40.csv,onset_leak,40_95_118,24,95,118,57000,70800,1,0.9981756,1
val,40,data_40.csv,onset_leak,40_96_119,24,96,119,57600,71400,1,0.99777055,1
val,40,data_40.csv,onset_leak,40_97_120,24,97,120,58200,72000,1,0.9965738,1
val,40,data_40.csv,onset_leak,40_98_121,24,98,121,58800,72600,1,0.9951683,1
val,40,data_40.csv,onset_leak,40_99_122,24,99,122,59400,73200,1,0.9948394,1
val,40,data_40.csv,onset_leak,40_100_123,24,100,123,60000,73800,1,0.9940753,1
val,40,data_40.csv,onset_leak,40_101_124,24,101,124,60600,74400,1,0.9924892,1
val,40,data_40.csv,onset_leak,40_102_125,24,102,125,61200,75000,1,0.9898477,1
val,40,data_40.csv,onset_leak,40_103_126,24,103,126,61800,75600,1,0.98579943,1
val,40,data_40.csv,onset_leak,40_104_127,24,104,127,62400,76200,1,0.980843,1
val,40,data_40.csv,onset_leak,40_105_128,24,105,128,63000,76800,1,0.97792095,1
val,40,data_40.csv,onset_leak,40_106_129,24,106,129,63600,77400,1,0.97621185,1
val,40,data_40.csv,onset_leak,40_107_130,24,107,130,64200,78000,1,0.9704743,1
val,40,data_40.csv,onset_leak,40_108_131,24,108,131,64800,78600,1,0.9616065,1
val,40,data_40.csv,onset_leak,40_109_132,24,109,132,65400,79200,1,0.94985086,1
val,40,data_40.csv,onset_leak,40_110_133,24,110,133,66000,79800,1,0.9353231,1
val,40,data_40.csv,onset_leak,40_111_134,24,111,134,66600,80400,1,0.92353946,1
val,40,data_40.csv,onset_leak,40_112_135,24,112,135,67200,81000,1,0.9196926,1
val,40,data_40.csv,onset_leak,40_113_136,24,113,136,67800,81600,1,0.89651054,1
val,40,data_40.csv,onset_leak,40_114_137,24,114,137,68400,82200,1,0.86999434,1
val,40,data_40.csv,onset_leak,40_115_138,24,115,138,69000,82800,1,0.8496111,1
val,40,data_40.csv,onset_leak,40_116_139,24,116,139,69600,83400,1,0.825877,1
val,40,data_40.csv,onset_leak,40_117_140,24,117,140,70200,84000,1,0.8017541,1
val,40,data_40.csv,onset_leak,40_118_141,24,118,141,70800,84600,1,0.79338545,1
val,40,data_40.csv,onset_leak,40_119_142,24,119,142,71400,85200,1,0.74573934,1
val,40,data_40.csv,onset_leak,40_120_143,24,120,143,72000,85800,1,0.70928836,1
val,40,data_40.csv,onset_leak,40_121_144,24,121,144,72600,86400,1,0.6402574,1
val,49,data_49.csv,onset_leak,49_0_23,24,0,23,0,13800,0,0.2881938,0
val,49,data_49.csv,onset_leak,49_1_24,24,1,24,600,14400,0,0.28611857,0
val,49,data_49.csv,onset_leak,49_2_25,24,2,25,1200,15000,0,0.28381065,0
val,49,data_49.csv,onset_leak,49_3_26,24,3,26,1800,15600,0,0.27932382,0
val,49,data_49.csv,onset_leak,49_4_27,24,4,27,2400,16200,0,0.2736493,0
val,49,data_49.csv,onset_leak,49_5_28,24,5,28,3000,16800,0,0.26937222,0
val,49,data_49.csv,onset_leak,49_6_29,24,6,29,3600,17400,0,0.26536343,0
val,49,data_49.csv,onset_leak,49_7_30,24,7,30,4200,18000,0,0.26303607,0
val,49,data_49.csv,onset_leak,49_8_31,24,8,31,4800,18600,0,0.26020312,0
val,49,data_49.csv,onset_leak,49_9_32,24,9,32,5400,19200,0,0.2561704,0
val,49,data_49.csv,onset_leak,49_10_33,24,10,33,6000,19800,0,0.25123006,0
val,49,data_49.csv,onset_leak,49_11_34,24,11,34,6600,20400,0,0.24774465,0
val,49,data_49.csv,onset_leak,49_12_35,24,12,35,7200,21000,0,0.24432933,0
val,49,data_49.csv,onset_leak,49_13_36,24,13,36,7800,21600,0,0.24274734,0
val,49,data_49.csv,onset_leak,49_14_37,24,14,37,8400,22200,0,0.24048665,0
val,49,data_49.csv,onset_leak,49_15_38,24,15,38,9000,22800,0,0.23780051,0
val,49,data_49.csv,onset_leak,49_16_39,24,16,39,9600,23400,0,0.23483557,0
val,49,data_49.csv,onset_leak,49_17_40,24,17,40,10200,24000,0,0.23255318,0
val,49,data_49.csv,onset_leak,49_18_41,24,18,41,10800,24600,0,0.230329,0
val,49,data_49.csv,onset_leak,49_19_42,24,19,42,11400,25200,0,0.22984438,0
val,49,data_49.csv,onset_leak,49_20_43,24,20,43,12000,25800,0,0.2290347,0
val,49,data_49.csv,onset_leak,49_21_44,24,21,44,12600,26400,0,0.22807823,0
val,49,data_49.csv,onset_leak,49_22_45,24,22,45,13200,27000,0,0.2271888,0
val,49,data_49.csv,onset_leak,49_23_46,24,23,46,13800,27600,0,0.22638895,0
val,49,data_49.csv,onset_leak,49_24_47,24,24,47,14400,28200,0,0.22563599,0
val,49,data_49.csv,onset_leak,49_25_48,24,25,48,15000,28800,0,0.22563599,0
val,49,data_49.csv,onset_leak,49_26_49,24,26,49,15600,29400,0,0.22563599,0
val,49,data_49.csv,onset_leak,49_27_50,24,27,50,16200,30000,0,0.22563599,0
val,49,data_49.csv,onset_leak,49_28_51,24,28,51,16800,30600,0,0.22563599,0
val,49,data_49.csv,onset_leak,49_29_52,24,29,52,17400,31200,0,0.22563599,0
val,49,data_49.csv,onset_leak,49_30_53,24,30,53,18000,31800,0,0.22563599,0
val,49,data_49.csv,onset_leak,49_31_54,24,31,54,18600,32400,0,0.2193777,0
val,49,data_49.csv,onset_leak,49_32_55,24,32,55,19200,33000,0,0.21386713,0
val,49,data_49.csv,onset_leak,49_33_56,24,33,56,19800,33600,0,0.20871592,0
val,49,data_49.csv,onset_leak,49_34_57,24,34,57,20400,34200,0,0.20048289,0
val,49,data_49.csv,onset_leak,49_35_58,24,35,58,21000,34800,0,0.20042232,0
val,49,data_49.csv,onset_leak,49_36_59,24,36,59,21600,35400,0,0.19696952,0
val,49,data_49.csv,onset_leak,49_37_60,24,37,60,22200,36000,0,0.17944214,0
val,49,data_49.csv,onset_leak,49_38_61,24,38,61,22800,36600,0,0.1610894,0
val,49,data_49.csv,onset_leak,49_39_62,24,39,62,23400,37200,0,0.15287428,0
val,49,data_49.csv,onset_leak,49_40_63,24,40,63,24000,37800,0,0.13932747,0
val,49,data_49.csv,onset_leak,49_41_64,24,41,64,24600,38400,0,0.13924548,0
val,49,data_49.csv,onset_leak,49_42_65,24,42,65,25200,39000,0,0.1338203,0
val,49,data_49.csv,onset_leak,49_43_66,24,43,66,25800,39600,0,0.13053687,0
val,49,data_49.csv,onset_leak,49_44_67,24,44,67,26400,40200,0,0.12560463,0
val,49,data_49.csv,onset_leak,49_45_68,24,45,68,27000,40800,0,0.122660525,0
val,49,data_49.csv,onset_leak,49_46_69,24,46,69,27600,41400,0,0.12407181,0
val,49,data_49.csv,onset_leak,49_47_70,24,47,70,28200,42000,0,0.13741063,0
val,49,data_49.csv,onset_leak,49_48_71,24,48,71,28800,42600,0,0.1591916,0
val,49,data_49.csv,onset_leak,49_49_72,24,49,72,29400,43200,1,0.19548135,0
val,49,data_49.csv,onset_leak,49_50_73,24,50,73,30000,43800,1,0.20648359,0
val,49,data_49.csv,onset_leak,49_51_74,24,51,74,30600,44400,1,0.23061587,0
val,49,data_49.csv,onset_leak,49_52_75,24,52,75,31200,45000,1,0.27471876,0
val,49,data_49.csv,onset_leak,49_53_76,24,53,76,31800,45600,1,0.33680263,1
val,49,data_49.csv,onset_leak,49_54_77,24,54,77,32400,46200,1,0.41588363,1
val,49,data_49.csv,onset_leak,49_55_78,24,55,78,33000,46800,1,0.45110813,1
val,49,data_49.csv,onset_leak,49_56_79,24,56,79,33600,47400,1,0.47352558,1
val,49,data_49.csv,onset_leak,49_57_80,24,57,80,34200,48000,1,0.5492672,1
val,49,data_49.csv,onset_leak,49_58_81,24,58,81,34800,48600,1,0.58327806,1
val,49,data_49.csv,onset_leak,49_59_82,24,59,82,35400,49200,1,0.62541634,1
val,49,data_49.csv,onset_leak,49_60_83,24,60,83,36000,49800,1,0.65251166,1
val,49,data_49.csv,onset_leak,49_61_84,24,61,84,36600,50400,1,0.6280266,1
val,49,data_49.csv,onset_leak,49_62_85,24,62,85,37200,51000,1,0.61221117,1
val,49,data_49.csv,onset_leak,49_63_86,24,63,86,37800,51600,1,0.6230624,1
val,49,data_49.csv,onset_leak,49_64_87,24,64,87,38400,52200,1,0.6239103,1
val,49,data_49.csv,onset_leak,49_65_88,24,65,88,39000,52800,1,0.63998616,1
val,49,data_49.csv,onset_leak,49_66_89,24,66,89,39600,53400,1,0.64116794,1
val,49,data_49.csv,onset_leak,49_67_90,24,67,90,40200,54000,1,0.6452398,1
val,49,data_49.csv,onset_leak,49_68_91,24,68,91,40800,54600,1,0.6393527,1
val,49,data_49.csv,onset_leak,49_69_92,24,69,92,41400,55200,1,0.62586844,1
val,49,data_49.csv,onset_leak,49_70_93,24,70,93,42000,55800,1,0.6270427,1
val,49,data_49.csv,onset_leak,49_71_94,24,71,94,42600,56400,1,0.6199302,1
val,49,data_49.csv,onset_leak,49_72_95,24,72,95,43200,57000,1,0.6217999,1
val,49,data_49.csv,onset_leak,49_73_96,24,73,96,43800,57600,1,0.65391654,1
val,49,data_49.csv,onset_leak,49_74_97,24,74,97,44400,58200,1,0.6769282,1
val,49,data_49.csv,onset_leak,49_75_98,24,75,98,45000,58800,1,0.67107165,1
val,49,data_49.csv,onset_leak,49_76_99,24,76,99,45600,59400,1,0.6882974,1
val,49,data_49.csv,onset_leak,49_77_100,24,77,100,46200,60000,1,0.7054907,1
val,49,data_49.csv,onset_leak,49_78_101,24,78,101,46800,60600,1,0.7288693,1
val,49,data_49.csv,onset_leak,49_79_102,24,79,102,47400,61200,1,0.78142554,1
val,49,data_49.csv,onset_leak,49_80_103,24,80,103,48000,61800,1,0.8139886,1
val,49,data_49.csv,onset_leak,49_81_104,24,81,104,48600,62400,1,0.82592607,1
val,49,data_49.csv,onset_leak,49_82_105,24,82,105,49200,63000,1,0.8403048,1
val,49,data_49.csv,onset_leak,49_83_106,24,83,106,49800,63600,1,0.8616066,1
val,49,data_49.csv,onset_leak,49_84_107,24,84,107,50400,64200,1,0.8835925,1
val,49,data_49.csv,onset_leak,49_85_108,24,85,108,51000,64800,1,0.9033062,1
val,49,data_49.csv,onset_leak,49_86_109,24,86,109,51600,65400,1,0.91870034,1
val,49,data_49.csv,onset_leak,49_87_110,24,87,110,52200,66000,1,0.92837775,1
val,49,data_49.csv,onset_leak,49_88_111,24,88,111,52800,66600,1,0.9320249,1
val,49,data_49.csv,onset_leak,49_89_112,24,89,112,53400,67200,1,0.9436861,1
val,49,data_49.csv,onset_leak,49_90_113,24,90,113,54000,67800,1,0.95346427,1
val,49,data_49.csv,onset_leak,49_91_114,24,91,114,54600,68400,1,0.93272763,1
val,49,data_49.csv,onset_leak,49_92_115,24,92,115,55200,69000,1,0.92079055,1
val,49,data_49.csv,onset_leak,49_93_116,24,93,116,55800,69600,1,0.92854774,1
val,49,data_49.csv,onset_leak,49_94_117,24,94,117,56400,70200,1,0.9205362,1
val,49,data_49.csv,onset_leak,49_95_118,24,95,118,57000,70800,1,0.9166154,1
val,49,data_49.csv,onset_leak,49_96_119,24,96,119,57600,71400,1,0.9068918,1
val,49,data_49.csv,onset_leak,49_97_120,24,97,120,58200,72000,1,0.8500102,1
val,49,data_49.csv,onset_leak,49_98_121,24,98,121,58800,72600,1,0.79002404,1
val,49,data_49.csv,onset_leak,49_99_122,24,99,122,59400,73200,1,0.79249007,1
val,49,data_49.csv,onset_leak,49_100_123,24,100,123,60000,73800,1,0.77429324,1
val,49,data_49.csv,onset_leak,49_101_124,24,101,124,60600,74400,1,0.7730088,1
val,49,data_49.csv,onset_leak,49_102_125,24,102,125,61200,75000,1,0.733797,1
val,49,data_49.csv,onset_leak,49_103_126,24,103,126,61800,75600,1,0.72075015,1
val,49,data_49.csv,onset_leak,49_104_127,24,104,127,62400,76200,1,0.6874338,1
val,49,data_49.csv,onset_leak,49_105_128,24,105,128,63000,76800,1,0.68319285,1
val,49,data_49.csv,onset_leak,49_106_129,24,106,129,63600,77400,1,0.6890952,1
val,49,data_49.csv,onset_leak,49_107_130,24,107,130,64200,78000,1,0.71568805,1
val,49,data_49.csv,onset_leak,49_108_131,24,108,131,64800,78600,1,0.71164936,1
val,49,data_49.csv,onset_leak,49_109_132,24,109,132,65400,79200,1,0.68903023,1
val,49,data_49.csv,onset_leak,49_110_133,24,110,133,66000,79800,1,0.6555961,1
val,49,data_49.csv,onset_leak,49_111_134,24,111,134,66600,80400,1,0.63981843,1
val,49,data_49.csv,onset_leak,49_112_135,24,112,135,67200,81000,1,0.63716215,1
val,49,data_49.csv,onset_leak,49_113_136,24,113,136,67800,81600,1,0.6230645,1
val,49,data_49.csv,onset_leak,49_114_137,24,114,137,68400,82200,1,0.6145079,1
val,49,data_49.csv,onset_leak,49_115_138,24,115,138,69000,82800,1,0.60488313,1
val,49,data_49.csv,onset_leak,49_116_139,24,116,139,69600,83400,1,0.5926001,1
val,49,data_49.csv,onset_leak,49_117_140,24,117,140,70200,84000,1,0.5439979,1
val,49,data_49.csv,onset_leak,49_118_141,24,118,141,70800,84600,1,0.47919804,1
val,49,data_49.csv,onset_leak,49_119_142,24,119,142,71400,85200,1,0.423398,1
val,49,data_49.csv,onset_leak,49_120_143,24,120,143,72000,85800,1,0.36522046,1
val,49,data_49.csv,onset_leak,49_121_144,24,121,144,72600,86400,1,0.36277208,1
val,59,data_59.csv,onset_leak,59_0_23,24,0,23,0,13800,0,0.23462306,0
val,59,data_59.csv,onset_leak,59_1_24,24,1,24,600,14400,0,0.23259488,0
val,59,data_59.csv,onset_leak,59_2_25,24,2,25,1200,15000,0,0.22995473,0
val,59,data_59.csv,onset_leak,59_3_26,24,3,26,1800,15600,0,0.22620581,0
val,59,data_59.csv,onset_leak,59_4_27,24,4,27,2400,16200,0,0.22184192,0
val,59,data_59.csv,onset_leak,59_5_28,24,5,28,3000,16800,0,0.21855792,0
val,59,data_59.csv,onset_leak,59_6_29,24,6,29,3600,17400,0,0.21541004,0
val,59,data_59.csv,onset_leak,59_7_30,24,7,30,4200,18000,0,0.2107363,0
val,59,data_59.csv,onset_leak,59_8_31,24,8,31,4800,18600,0,0.20720446,0
val,59,data_59.csv,onset_leak,59_9_32,24,9,32,5400,19200,0,0.20213658,0
val,59,data_59.csv,onset_leak,59_10_33,24,10,33,6000,19800,0,0.19644031,0
val,59,data_59.csv,onset_leak,59_11_34,24,11,34,6600,20400,0,0.19515553,0
val,59,data_59.csv,onset_leak,59_12_35,24,12,35,7200,21000,0,0.19197054,0
val,59,data_59.csv,onset_leak,59_13_36,24,13,36,7800,21600,0,0.1854979,0
val,59,data_59.csv,onset_leak,59_14_37,24,14,37,8400,22200,0,0.17751548,0
val,59,data_59.csv,onset_leak,59_15_38,24,15,38,9000,22800,0,0.17428851,0
val,59,data_59.csv,onset_leak,59_16_39,24,16,39,9600,23400,0,0.16856658,0
val,59,data_59.csv,onset_leak,59_17_40,24,17,40,10200,24000,0,0.16799946,0
val,59,data_59.csv,onset_leak,59_18_41,24,18,41,10800,24600,0,0.16520354,0
val,59,data_59.csv,onset_leak,59_19_42,24,19,42,11400,25200,0,0.1608475,0
val,59,data_59.csv,onset_leak,59_20_43,24,20,43,12000,25800,0,0.15321752,0
val,59,data_59.csv,onset_leak,59_21_44,24,21,44,12600,26400,0,0.15157682,0
val,59,data_59.csv,onset_leak,59_22_45,24,22,45,13200,27000,0,0.15197736,0
val,59,data_59.csv,onset_leak,59_23_46,24,23,46,13800,27600,0,0.15275471,0
val,59,data_59.csv,onset_leak,59_24_47,24,24,47,14400,28200,0,0.15246189,0
val,59,data_59.csv,onset_leak,59_25_48,24,25,48,15000,28800,0,0.1523281,0
val,59,data_59.csv,onset_leak,59_26_49,24,26,49,15600,29400,0,0.15202342,0
val,59,data_59.csv,onset_leak,59_27_50,24,27,50,16200,30000,0,0.15905425,0
val,59,data_59.csv,onset_leak,59_28_51,24,28,51,16800,30600,0,0.16877472,0
val,59,data_59.csv,onset_leak,59_29_52,24,29,52,17400,31200,0,0.17692281,0
val,59,data_59.csv,onset_leak,59_30_53,24,30,53,18000,31800,0,0.18489157,0
val,59,data_59.csv,onset_leak,59_31_54,24,31,54,18600,32400,0,0.18571769,0
val,59,data_59.csv,onset_leak,59_32_55,24,32,55,19200,33000,0,0.19047341,0
val,59,data_59.csv,onset_leak,59_33_56,24,33,56,19800,33600,0,0.20125502,0
val,59,data_59.csv,onset_leak,59_34_57,24,34,57,20400,34200,0,0.21604729,0
val,59,data_59.csv,onset_leak,59_35_58,24,35,58,21000,34800,0,0.22734137,0
val,59,data_59.csv,onset_leak,59_36_59,24,36,59,21600,35400,0,0.23905788,0
val,59,data_59.csv,onset_leak,59_37_60,24,37,60,22200,36000,0,0.24143398,0
val,59,data_59.csv,onset_leak,59_38_61,24,38,61,22800,36600,0,0.24956831,0
val,59,data_59.csv,onset_leak,59_39_62,24,39,62,23400,37200,0,0.26377785,0
val,59,data_59.csv,onset_leak,59_40_63,24,40,63,24000,37800,0,0.28103042,0
val,59,data_59.csv,onset_leak,59_41_64,24,41,64,24600,38400,0,0.2946891,0
val,59,data_59.csv,onset_leak,59_42_65,24,42,65,25200,39000,0,0.30923405,1
val,59,data_59.csv,onset_leak,59_43_66,24,43,66,25800,39600,0,0.30742458,1
val,59,data_59.csv,onset_leak,59_44_67,24,44,67,26400,40200,0,0.31040516,1
val,59,data_59.csv,onset_leak,59_45_68,24,45,68,27000,40800,0,0.31927556,1
val,59,data_59.csv,onset_leak,59_46_69,24,46,69,27600,41400,0,0.32777894,1
val,59,data_59.csv,onset_leak,59_47_70,24,47,70,28200,42000,0,0.33821544,1
val,59,data_59.csv,onset_leak,59_48_71,24,48,71,28800,42600,0,0.3500656,1
val,59,data_59.csv,onset_leak,59_49_72,24,49,72,29400,43200,1,0.35771066,1
val,59,data_59.csv,onset_leak,59_50_73,24,50,73,30000,43800,1,0.36145017,1
val,59,data_59.csv,onset_leak,59_51_74,24,51,74,30600,44400,1,0.36798564,1
val,59,data_59.csv,onset_leak,59_52_75,24,52,75,31200,45000,1,0.37049988,1
val,59,data_59.csv,onset_leak,59_53_76,24,53,76,31800,45600,1,0.40098962,1
val,59,data_59.csv,onset_leak,59_54_77,24,54,77,32400,46200,1,0.4336946,1
val,59,data_59.csv,onset_leak,59_55_78,24,55,78,33000,46800,1,0.45712322,1
val,59,data_59.csv,onset_leak,59_56_79,24,56,79,33600,47400,1,0.46691042,1
val,59,data_59.csv,onset_leak,59_57_80,24,57,80,34200,48000,1,0.4746518,1
val,59,data_59.csv,onset_leak,59_58_81,24,58,81,34800,48600,1,0.49196872,1
val,59,data_59.csv,onset_leak,59_59_82,24,59,82,35400,49200,1,0.5198428,1
val,59,data_59.csv,onset_leak,59_60_83,24,60,83,36000,49800,1,0.55728084,1
val,59,data_59.csv,onset_leak,59_61_84,24,61,84,36600,50400,1,0.57833064,1
val,59,data_59.csv,onset_leak,59_62_85,24,62,85,37200,51000,1,0.5860467,1
val,59,data_59.csv,onset_leak,59_63_86,24,63,86,37800,51600,1,0.5994561,1
val,59,data_59.csv,onset_leak,59_64_87,24,64,87,38400,52200,1,0.6005884,1
val,59,data_59.csv,onset_leak,59_65_88,24,65,88,39000,52800,1,0.61832947,1
val,59,data_59.csv,onset_leak,59_66_89,24,66,89,39600,53400,1,0.63448083,1
val,59,data_59.csv,onset_leak,59_67_90,24,67,90,40200,54000,1,0.6164269,1
val,59,data_59.csv,onset_leak,59_68_91,24,68,91,40800,54600,1,0.6079744,1
val,59,data_59.csv,onset_leak,59_69_92,24,69,92,41400,55200,1,0.6117865,1
val,59,data_59.csv,onset_leak,59_70_93,24,70,93,42000,55800,1,0.61149776,1
val,59,data_59.csv,onset_leak,59_71_94,24,71,94,42600,56400,1,0.6167015,1
val,59,data_59.csv,onset_leak,59_72_95,24,72,95,43200,57000,1,0.61402506,1
val,59,data_59.csv,onset_leak,59_73_96,24,73,96,43800,57600,1,0.59110194,1
val,59,data_59.csv,onset_leak,59_74_97,24,74,97,44400,58200,1,0.5719404,1
val,59,data_59.csv,onset_leak,59_75_98,24,75,98,45000,58800,1,0.57087845,1
val,59,data_59.csv,onset_leak,59_76_99,24,76,99,45600,59400,1,0.57796663,1
val,59,data_59.csv,onset_leak,59_77_100,24,77,100,46200,60000,1,0.57007176,1
val,59,data_59.csv,onset_leak,59_78_101,24,78,101,46800,60600,1,0.5541793,1
val,59,data_59.csv,onset_leak,59_79_102,24,79,102,47400,61200,1,0.5499886,1
val,59,data_59.csv,onset_leak,59_80_103,24,80,103,48000,61800,1,0.5439327,1
val,59,data_59.csv,onset_leak,59_81_104,24,81,104,48600,62400,1,0.5440068,1
val,59,data_59.csv,onset_leak,59_82_105,24,82,105,49200,63000,1,0.5478512,1
val,59,data_59.csv,onset_leak,59_83_106,24,83,106,49800,63600,1,0.5514009,1
val,59,data_59.csv,onset_leak,59_84_107,24,84,107,50400,64200,1,0.5472037,1
val,59,data_59.csv,onset_leak,59_85_108,24,85,108,51000,64800,1,0.5415026,1
val,59,data_59.csv,onset_leak,59_86_109,24,86,109,51600,65400,1,0.53794885,1
val,59,data_59.csv,onset_leak,59_87_110,24,87,110,52200,66000,1,0.53865564,1
val,59,data_59.csv,onset_leak,59_88_111,24,88,111,52800,66600,1,0.5393581,1
val,59,data_59.csv,onset_leak,59_89_112,24,89,112,53400,67200,1,0.54077226,1
val,59,data_59.csv,onset_leak,59_90_113,24,90,113,54000,67800,1,0.5405354,1
val,59,data_59.csv,onset_leak,59_91_114,24,91,114,54600,68400,1,0.536073,1
val,59,data_59.csv,onset_leak,59_92_115,24,92,115,55200,69000,1,0.52808416,1
val,59,data_59.csv,onset_leak,59_93_116,24,93,116,55800,69600,1,0.51144177,1
val,59,data_59.csv,onset_leak,59_94_117,24,94,117,56400,70200,1,0.48699266,1
val,59,data_59.csv,onset_leak,59_95_118,24,95,118,57000,70800,1,0.46862066,1
val,59,data_59.csv,onset_leak,59_96_119,24,96,119,57600,71400,1,0.44519734,1
val,59,data_59.csv,onset_leak,59_97_120,24,97,120,58200,72000,1,0.44384706,1
val,59,data_59.csv,onset_leak,59_98_121,24,98,121,58800,72600,1,0.43844095,1
val,59,data_59.csv,onset_leak,59_99_122,24,99,122,59400,73200,1,0.435824,1
val,59,data_59.csv,onset_leak,59_100_123,24,100,123,60000,73800,1,0.43778974,1
val,59,data_59.csv,onset_leak,59_101_124,24,101,124,60600,74400,1,0.43229106,1
val,59,data_59.csv,onset_leak,59_102_125,24,102,125,61200,75000,1,0.42941815,1
val,59,data_59.csv,onset_leak,59_103_126,24,103,126,61800,75600,1,0.44343242,1
val,59,data_59.csv,onset_leak,59_104_127,24,104,127,62400,76200,1,0.45947632,1
val,59,data_59.csv,onset_leak,59_105_128,24,105,128,63000,76800,1,0.47457734,1
val,59,data_59.csv,onset_leak,59_106_129,24,106,129,63600,77400,1,0.49734023,1
val,59,data_59.csv,onset_leak,59_107_130,24,107,130,64200,78000,1,0.4921754,1
val,59,data_59.csv,onset_leak,59_108_131,24,108,131,64800,78600,1,0.5036217,1
val,59,data_59.csv,onset_leak,59_109_132,24,109,132,65400,79200,1,0.5157815,1
val,59,data_59.csv,onset_leak,59_110_133,24,110,133,66000,79800,1,0.5353403,1
val,59,data_59.csv,onset_leak,59_111_134,24,111,134,66600,80400,1,0.54904455,1
val,59,data_59.csv,onset_leak,59_112_135,24,112,135,67200,81000,1,0.55740076,1
val,59,data_59.csv,onset_leak,59_113_136,24,113,136,67800,81600,1,0.5700867,1
val,59,data_59.csv,onset_leak,59_114_137,24,114,137,68400,82200,1,0.5821719,1
val,59,data_59.csv,onset_leak,59_115_138,24,115,138,69000,82800,1,0.58042425,1
val,59,data_59.csv,onset_leak,59_116_139,24,116,139,69600,83400,1,0.57793343,1
val,59,data_59.csv,onset_leak,59_117_140,24,117,140,70200,84000,1,0.5760252,1
val,59,data_59.csv,onset_leak,59_118_141,24,118,141,70800,84600,1,0.5659852,1
val,59,data_59.csv,onset_leak,59_119_142,24,119,142,71400,85200,1,0.5637176,1
val,59,data_59.csv,onset_leak,59_120_143,24,120,143,72000,85800,1,0.5581443,1
val,59,data_59.csv,onset_leak,59_121_144,24,121,144,72600,86400,1,0.53649133,1
test,2,data_2.csv,normal,2_0_23,24,0,23,0,13800,0,0.2856727,0
test,2,data_2.csv,normal,2_1_24,24,1,24,600,14400,0,0.27430442,0
test,2,data_2.csv,normal,2_2_25,24,2,25,1200,15000,0,0.2605311,0
test,2,data_2.csv,normal,2_3_26,24,3,26,1800,15600,0,0.24327792,0
test,2,data_2.csv,normal,2_4_27,24,4,27,2400,16200,0,0.2255971,0
test,2,data_2.csv,normal,2_5_28,24,5,28,3000,16800,0,0.21551248,0
test,2,data_2.csv,normal,2_6_29,24,6,29,3600,17400,0,0.20417169,0
test,2,data_2.csv,normal,2_7_30,24,7,30,4200,18000,0,0.19722486,0
test,2,data_2.csv,normal,2_8_31,24,8,31,4800,18600,0,0.1893323,0
test,2,data_2.csv,normal,2_9_32,24,9,32,5400,19200,0,0.18539795,0
test,2,data_2.csv,normal,2_10_33,24,10,33,6000,19800,0,0.179017,0
test,2,data_2.csv,normal,2_11_34,24,11,34,6600,20400,0,0.17775239,0
test,2,data_2.csv,normal,2_12_35,24,12,35,7200,21000,0,0.17424479,0
test,2,data_2.csv,normal,2_13_36,24,13,36,7800,21600,0,0.17045636,0
test,2,data_2.csv,normal,2_14_37,24,14,37,8400,22200,0,0.16340923,0
test,2,data_2.csv,normal,2_15_38,24,15,38,9000,22800,0,0.16172133,0
test,2,data_2.csv,normal,2_16_39,24,16,39,9600,23400,0,0.16190459,0
test,2,data_2.csv,normal,2_17_40,24,17,40,10200,24000,0,0.16211253,0
test,2,data_2.csv,normal,2_18_41,24,18,41,10800,24600,0,0.16148755,0
test,2,data_2.csv,normal,2_19_42,24,19,42,11400,25200,0,0.15947169,0
test,2,data_2.csv,normal,2_20_43,24,20,43,12000,25800,0,0.15734002,0
test,2,data_2.csv,normal,2_21_44,24,21,44,12600,26400,0,0.16119523,0
test,2,data_2.csv,normal,2_22_45,24,22,45,13200,27000,0,0.16621795,0
test,2,data_2.csv,normal,2_23_46,24,23,46,13800,27600,0,0.17288545,0
test,2,data_2.csv,normal,2_24_47,24,24,47,14400,28200,0,0.17841329,0
test,2,data_2.csv,normal,2_25_48,24,25,48,15000,28800,0,0.1741851,0
test,2,data_2.csv,normal,2_26_49,24,26,49,15600,29400,0,0.16930056,0
test,2,data_2.csv,normal,2_27_50,24,27,50,16200,30000,0,0.17479908,0
test,2,data_2.csv,normal,2_28_51,24,28,51,16800,30600,0,0.1800514,0
test,2,data_2.csv,normal,2_29_52,24,29,52,17400,31200,0,0.18820557,0
test,2,data_2.csv,normal,2_30_53,24,30,53,18000,31800,0,0.19451176,0
test,2,data_2.csv,normal,2_31_54,24,31,54,18600,32400,0,0.19471925,0
test,2,data_2.csv,normal,2_32_55,24,32,55,19200,33000,0,0.19513954,0
test,2,data_2.csv,normal,2_33_56,24,33,56,19800,33600,0,0.20514476,0
test,2,data_2.csv,normal,2_34_57,24,34,57,20400,34200,0,0.22458203,0
test,2,data_2.csv,normal,2_35_58,24,35,58,21000,34800,0,0.23353736,0
test,2,data_2.csv,normal,2_36_59,24,36,59,21600,35400,0,0.24480295,0
test,2,data_2.csv,normal,2_37_60,24,37,60,22200,36000,0,0.2582386,0
test,2,data_2.csv,normal,2_38_61,24,38,61,22800,36600,0,0.27436116,0
test,2,data_2.csv,normal,2_39_62,24,39,62,23400,37200,0,0.30042994,1
test,2,data_2.csv,normal,2_40_63,24,40,63,24000,37800,0,0.340928,1
test,2,data_2.csv,normal,2_41_64,24,41,64,24600,38400,0,0.36364073,1
test,2,data_2.csv,normal,2_42_65,24,42,65,25200,39000,0,0.38940606,1
test,2,data_2.csv,normal,2_43_66,24,43,66,25800,39600,0,0.39897743,1
test,2,data_2.csv,normal,2_44_67,24,44,67,26400,40200,0,0.4178987,1
test,2,data_2.csv,normal,2_45_68,24,45,68,27000,40800,0,0.44151726,1
test,2,data_2.csv,normal,2_46_69,24,46,69,27600,41400,0,0.45694095,1
test,2,data_2.csv,normal,2_47_70,24,47,70,28200,42000,0,0.49028915,1
test,2,data_2.csv,normal,2_48_71,24,48,71,28800,42600,0,0.5213894,1
test,2,data_2.csv,normal,2_49_72,24,49,72,29400,43200,0,0.54099303,1
test,2,data_2.csv,normal,2_50_73,24,50,73,30000,43800,0,0.54605204,1
test,2,data_2.csv,normal,2_51_74,24,51,74,30600,44400,0,0.55635023,1
test,2,data_2.csv,normal,2_52_75,24,52,75,31200,45000,0,0.5684211,1
test,2,data_2.csv,normal,2_53_76,24,53,76,31800,45600,0,0.59705615,1
test,2,data_2.csv,normal,2_54_77,24,54,77,32400,46200,0,0.62039566,1
test,2,data_2.csv,normal,2_55_78,24,55,78,33000,46800,0,0.62914526,1
test,2,data_2.csv,normal,2_56_79,24,56,79,33600,47400,0,0.63661045,1
test,2,data_2.csv,normal,2_57_80,24,57,80,34200,48000,0,0.64418834,1
test,2,data_2.csv,normal,2_58_81,24,58,81,34800,48600,0,0.64136994,1
test,2,data_2.csv,normal,2_59_82,24,59,82,35400,49200,0,0.64568055,1
test,2,data_2.csv,normal,2_60_83,24,60,83,36000,49800,0,0.65610725,1
test,2,data_2.csv,normal,2_61_84,24,61,84,36600,50400,0,0.6261884,1
test,2,data_2.csv,normal,2_62_85,24,62,85,37200,51000,0,0.60651636,1
test,2,data_2.csv,normal,2_63_86,24,63,86,37800,51600,0,0.61246115,1
test,2,data_2.csv,normal,2_64_87,24,64,87,38400,52200,0,0.60439897,1
test,2,data_2.csv,normal,2_65_88,24,65,88,39000,52800,0,0.6090277,1
test,2,data_2.csv,normal,2_66_89,24,66,89,39600,53400,0,0.60360867,1
test,2,data_2.csv,normal,2_67_90,24,67,90,40200,54000,0,0.57259667,1
test,2,data_2.csv,normal,2_68_91,24,68,91,40800,54600,0,0.5531451,1
test,2,data_2.csv,normal,2_69_92,24,69,92,41400,55200,0,0.5628684,1
test,2,data_2.csv,normal,2_70_93,24,70,93,42000,55800,0,0.5757644,1
test,2,data_2.csv,normal,2_71_94,24,71,94,42600,56400,0,0.58835906,1
test,2,data_2.csv,normal,2_72_95,24,72,95,43200,57000,0,0.582769,1
test,2,data_2.csv,normal,2_73_96,24,73,96,43800,57600,0,0.5734023,1
test,2,data_2.csv,normal,2_74_97,24,74,97,44400,58200,0,0.5663551,1
test,2,data_2.csv,normal,2_75_98,24,75,98,45000,58800,0,0.56762093,1
test,2,data_2.csv,normal,2_76_99,24,76,99,45600,59400,0,0.5703167,1
test,2,data_2.csv,normal,2_77_100,24,77,100,46200,60000,0,0.5725052,1
test,2,data_2.csv,normal,2_78_101,24,78,101,46800,60600,0,0.5741021,1
test,2,data_2.csv,normal,2_79_102,24,79,102,47400,61200,0,0.572486,1
test,2,data_2.csv,normal,2_80_103,24,80,103,48000,61800,0,0.57460713,1
test,2,data_2.csv,normal,2_81_104,24,81,104,48600,62400,0,0.57453716,1
test,2,data_2.csv,normal,2_82_105,24,82,105,49200,63000,0,0.5711625,1
test,2,data_2.csv,normal,2_83_106,24,83,106,49800,63600,0,0.5690178,1
test,2,data_2.csv,normal,2_84_107,24,84,107,50400,64200,0,0.56585467,1
test,2,data_2.csv,normal,2_85_108,24,85,108,51000,64800,0,0.5555811,1
test,2,data_2.csv,normal,2_86_109,24,86,109,51600,65400,0,0.5416112,1
test,2,data_2.csv,normal,2_87_110,24,87,110,52200,66000,0,0.5126076,1
test,2,data_2.csv,normal,2_88_111,24,88,111,52800,66600,0,0.47494167,1
test,2,data_2.csv,normal,2_89_112,24,89,112,53400,67200,0,0.45443982,1
test,2,data_2.csv,normal,2_90_113,24,90,113,54000,67800,0,0.43082,1
test,2,data_2.csv,normal,2_91_114,24,91,114,54600,68400,0,0.40781018,1
test,2,data_2.csv,normal,2_92_115,24,92,115,55200,69000,0,0.3820947,1
test,2,data_2.csv,normal,2_93_116,24,93,116,55800,69600,0,0.3597523,1
test,2,data_2.csv,normal,2_94_117,24,94,117,56400,70200,0,0.3347071,1
test,2,data_2.csv,normal,2_95_118,24,95,118,57000,70800,0,0.32320988,1
test,2,data_2.csv,normal,2_96_119,24,96,119,57600,71400,0,0.3063946,1
test,2,data_2.csv,normal,2_97_120,24,97,120,58200,72000,0,0.29982322,0
test,2,data_2.csv,normal,2_98_121,24,98,121,58800,72600,0,0.2848935,0
test,2,data_2.csv,normal,2_99_122,24,99,122,59400,73200,0,0.277668,0
test,2,data_2.csv,normal,2_100_123,24,100,123,60000,73800,0,0.2760623,0
test,2,data_2.csv,normal,2_101_124,24,101,124,60600,74400,0,0.27171892,0
test,2,data_2.csv,normal,2_102_125,24,102,125,61200,75000,0,0.265038,0
test,2,data_2.csv,normal,2_103_126,24,103,126,61800,75600,0,0.26668206,0
test,2,data_2.csv,normal,2_104_127,24,104,127,62400,76200,0,0.27404815,0
test,2,data_2.csv,normal,2_105_128,24,105,128,63000,76800,0,0.28557748,0
test,2,data_2.csv,normal,2_106_129,24,106,129,63600,77400,0,0.30128178,1
test,2,data_2.csv,normal,2_107_130,24,107,130,64200,78000,0,0.3138804,1
test,2,data_2.csv,normal,2_108_131,24,108,131,64800,78600,0,0.32694125,1
test,2,data_2.csv,normal,2_109_132,24,109,132,65400,79200,0,0.33588272,1
test,2,data_2.csv,normal,2_110_133,24,110,133,66000,79800,0,0.34610108,1
test,2,data_2.csv,normal,2_111_134,24,111,134,66600,80400,0,0.36778247,1
test,2,data_2.csv,normal,2_112_135,24,112,135,67200,81000,0,0.39293402,1
test,2,data_2.csv,normal,2_113_136,24,113,136,67800,81600,0,0.40592802,1
test,2,data_2.csv,normal,2_114_137,24,114,137,68400,82200,0,0.42174017,1
test,2,data_2.csv,normal,2_115_138,24,115,138,69000,82800,0,0.4386777,1
test,2,data_2.csv,normal,2_116_139,24,116,139,69600,83400,0,0.46264762,1
test,2,data_2.csv,normal,2_117_140,24,117,140,70200,84000,0,0.48498672,1
test,2,data_2.csv,normal,2_118_141,24,118,141,70800,84600,0,0.5078555,1
test,2,data_2.csv,normal,2_119_142,24,119,142,71400,85200,0,0.5107458,1
test,2,data_2.csv,normal,2_120_143,24,120,143,72000,85800,0,0.5248441,1
test,2,data_2.csv,normal,2_121_144,24,121,144,72600,86400,0,0.53156894,1
test,9,data_9.csv,normal,9_0_23,24,0,23,0,13800,0,0.21081243,0
test,9,data_9.csv,normal,9_1_24,24,1,24,600,14400,0,0.21063472,0
test,9,data_9.csv,normal,9_2_25,24,2,25,1200,15000,0,0.21031825,0
test,9,data_9.csv,normal,9_3_26,24,3,26,1800,15600,0,0.21127696,0
test,9,data_9.csv,normal,9_4_27,24,4,27,2400,16200,0,0.2124004,0
test,9,data_9.csv,normal,9_5_28,24,5,28,3000,16800,0,0.21359281,0
test,9,data_9.csv,normal,9_6_29,24,6,29,3600,17400,0,0.21459259,0
test,9,data_9.csv,normal,9_7_30,24,7,30,4200,18000,0,0.21279028,0
test,9,data_9.csv,normal,9_8_31,24,8,31,4800,18600,0,0.21096984,0
test,9,data_9.csv,normal,9_9_32,24,9,32,5400,19200,0,0.21065488,0
test,9,data_9.csv,normal,9_10_33,24,10,33,6000,19800,0,0.20967487,0
test,9,data_9.csv,normal,9_11_34,24,11,34,6600,20400,0,0.21123865,0
test,9,data_9.csv,normal,9_12_35,24,12,35,7200,21000,0,0.21145998,0
test,9,data_9.csv,normal,9_13_36,24,13,36,7800,21600,0,0.20757487,0
test,9,data_9.csv,normal,9_14_37,24,14,37,8400,22200,0,0.2026123,0
test,9,data_9.csv,normal,9_15_38,24,15,38,9000,22800,0,0.20243399,0
test,9,data_9.csv,normal,9_16_39,24,16,39,9600,23400,0,0.20083077,0
test,9,data_9.csv,normal,9_17_40,24,17,40,10200,24000,0,0.20242982,0
test,9,data_9.csv,normal,9_18_41,24,18,41,10800,24600,0,0.2023969,0
test,9,data_9.csv,normal,9_19_42,24,19,42,11400,25200,0,0.19983934,0
test,9,data_9.csv,normal,9_20_43,24,20,43,12000,25800,0,0.19481994,0
test,9,data_9.csv,normal,9_21_44,24,21,44,12600,26400,0,0.1953268,0
test,9,data_9.csv,normal,9_22_45,24,22,45,13200,27000,0,0.19784774,0
test,9,data_9.csv,normal,9_23_46,24,23,46,13800,27600,0,0.20004384,0
test,9,data_9.csv,normal,9_24_47,24,24,47,14400,28200,0,0.2015792,0
test,9,data_9.csv,normal,9_25_48,24,25,48,15000,28800,0,0.20183624,0
test,9,data_9.csv,normal,9_26_49,24,26,49,15600,29400,0,0.2018976,0
test,9,data_9.csv,normal,9_27_50,24,27,50,16200,30000,0,0.2088884,0
test,9,data_9.csv,normal,9_28_51,24,28,51,16800,30600,0,0.21763642,0
test,9,data_9.csv,normal,9_29_52,24,29,52,17400,31200,0,0.2253976,0
test,9,data_9.csv,normal,9_30_53,24,30,53,18000,31800,0,0.2332627,0
test,9,data_9.csv,normal,9_31_54,24,31,54,18600,32400,0,0.23292972,0
test,9,data_9.csv,normal,9_32_55,24,32,55,19200,33000,0,0.23278394,0
test,9,data_9.csv,normal,9_33_56,24,33,56,19800,33600,0,0.23947483,0
test,9,data_9.csv,normal,9_34_57,24,34,57,20400,34200,0,0.24810879,0
test,9,data_9.csv,normal,9_35_58,24,35,58,21000,34800,0,0.2566835,0
test,9,data_9.csv,normal,9_36_59,24,36,59,21600,35400,0,0.26483655,0
test,9,data_9.csv,normal,9_37_60,24,37,60,22200,36000,0,0.2623299,0
test,9,data_9.csv,normal,9_38_61,24,38,61,22800,36600,0,0.2599019,0
test,9,data_9.csv,normal,9_39_62,24,39,62,23400,37200,0,0.26696852,0
test,9,data_9.csv,normal,9_40_63,24,40,63,24000,37800,0,0.2743792,0
test,9,data_9.csv,normal,9_41_64,24,41,64,24600,38400,0,0.2837297,0
test,9,data_9.csv,normal,9_42_65,24,42,65,25200,39000,0,0.29190442,0
test,9,data_9.csv,normal,9_43_66,24,43,66,25800,39600,0,0.29104033,0
test,9,data_9.csv,normal,9_44_67,24,44,67,26400,40200,0,0.29298645,0
test,9,data_9.csv,normal,9_45_68,24,45,68,27000,40800,0,0.29847968,0
test,9,data_9.csv,normal,9_46_69,24,46,69,27600,41400,0,0.30792162,1
test,9,data_9.csv,normal,9_47_70,24,47,70,28200,42000,0,0.32732096,1
test,9,data_9.csv,normal,9_48_71,24,48,71,28800,42600,0,0.35884896,1
test,9,data_9.csv,normal,9_49_72,24,49,72,29400,43200,0,0.39611697,1
test,9,data_9.csv,normal,9_50_73,24,50,73,30000,43800,0,0.41513437,1
test,9,data_9.csv,normal,9_51_74,24,51,74,30600,44400,0,0.43114495,1
test,9,data_9.csv,normal,9_52_75,24,52,75,31200,45000,0,0.4535734,1
test,9,data_9.csv,normal,9_53_76,24,53,76,31800,45600,0,0.50106007,1
test,9,data_9.csv,normal,9_54_77,24,54,77,32400,46200,0,0.5558032,1
test,9,data_9.csv,normal,9_55_78,24,55,78,33000,46800,0,0.5672978,1
test,9,data_9.csv,normal,9_56_79,24,56,79,33600,47400,0,0.5743919,1
test,9,data_9.csv,normal,9_57_80,24,57,80,34200,48000,0,0.58797157,1
test,9,data_9.csv,normal,9_58_81,24,58,81,34800,48600,0,0.58853257,1
test,9,data_9.csv,normal,9_59_82,24,59,82,35400,49200,0,0.60115814,1
test,9,data_9.csv,normal,9_60_83,24,60,83,36000,49800,0,0.61361825,1
test,9,data_9.csv,normal,9_61_84,24,61,84,36600,50400,0,0.5936381,1
test,9,data_9.csv,normal,9_62_85,24,62,85,37200,51000,0,0.5803777,1
test,9,data_9.csv,normal,9_63_86,24,63,86,37800,51600,0,0.590729,1
test,9,data_9.csv,normal,9_64_87,24,64,87,38400,52200,0,0.5918396,1
test,9,data_9.csv,normal,9_65_88,24,65,88,39000,52800,0,0.6038119,1
test,9,data_9.csv,normal,9_66_89,24,66,89,39600,53400,0,0.6019117,1
test,9,data_9.csv,normal,9_67_90,24,67,90,40200,54000,0,0.59319395,1
test,9,data_9.csv,normal,9_68_91,24,68,91,40800,54600,0,0.58039516,1
test,9,data_9.csv,normal,9_69_92,24,69,92,41400,55200,0,0.58122,1
test,9,data_9.csv,normal,9_70_93,24,70,93,42000,55800,0,0.58503115,1
test,9,data_9.csv,normal,9_71_94,24,71,94,42600,56400,0,0.5846909,1
test,9,data_9.csv,normal,9_72_95,24,72,95,43200,57000,0,0.5823431,1
test,9,data_9.csv,normal,9_73_96,24,73,96,43800,57600,0,0.571792,1
test,9,data_9.csv,normal,9_74_97,24,74,97,44400,58200,0,0.55964833,1
test,9,data_9.csv,normal,9_75_98,24,75,98,45000,58800,0,0.55403847,1
test,9,data_9.csv,normal,9_76_99,24,76,99,45600,59400,0,0.55215746,1
test,9,data_9.csv,normal,9_77_100,24,77,100,46200,60000,0,0.54263604,1
test,9,data_9.csv,normal,9_78_101,24,78,101,46800,60600,0,0.5309121,1
test,9,data_9.csv,normal,9_79_102,24,79,102,47400,61200,0,0.5285368,1
test,9,data_9.csv,normal,9_80_103,24,80,103,48000,61800,0,0.52737385,1
test,9,data_9.csv,normal,9_81_104,24,81,104,48600,62400,0,0.5256925,1
test,9,data_9.csv,normal,9_82_105,24,82,105,49200,63000,0,0.52346915,1
test,9,data_9.csv,normal,9_83_106,24,83,106,49800,63600,0,0.52118206,1
test,9,data_9.csv,normal,9_84_107,24,84,107,50400,64200,0,0.5184418,1
test,9,data_9.csv,normal,9_85_108,24,85,108,51000,64800,0,0.5170851,1
test,9,data_9.csv,normal,9_86_109,24,86,109,51600,65400,0,0.5141603,1
test,9,data_9.csv,normal,9_87_110,24,87,110,52200,66000,0,0.5133032,1
test,9,data_9.csv,normal,9_88_111,24,88,111,52800,66600,0,0.5124006,1
test,9,data_9.csv,normal,9_89_112,24,89,112,53400,67200,0,0.5104606,1
test,9,data_9.csv,normal,9_90_113,24,90,113,54000,67800,0,0.5072336,1
test,9,data_9.csv,normal,9_91_114,24,91,114,54600,68400,0,0.50513107,1
test,9,data_9.csv,normal,9_92_115,24,92,115,55200,69000,0,0.5033238,1
test,9,data_9.csv,normal,9_93_116,24,93,116,55800,69600,0,0.49706334,1
test,9,data_9.csv,normal,9_94_117,24,94,117,56400,70200,0,0.49246538,1
test,9,data_9.csv,normal,9_95_118,24,95,118,57000,70800,0,0.48550445,1
test,9,data_9.csv,normal,9_96_119,24,96,119,57600,71400,0,0.48044714,1
test,9,data_9.csv,normal,9_97_120,24,97,120,58200,72000,0,0.48284954,1
test,9,data_9.csv,normal,9_98_121,24,98,121,58800,72600,0,0.4873009,1
test,9,data_9.csv,normal,9_99_122,24,99,122,59400,73200,0,0.4936271,1
test,9,data_9.csv,normal,9_100_123,24,100,123,60000,73800,0,0.50098,1
test,9,data_9.csv,normal,9_101_124,24,101,124,60600,74400,0,0.4981767,1
test,9,data_9.csv,normal,9_102_125,24,102,125,61200,75000,0,0.5014703,1
test,9,data_9.csv,normal,9_103_126,24,103,126,61800,75600,0,0.5077939,1
test,9,data_9.csv,normal,9_104_127,24,104,127,62400,76200,0,0.518041,1
test,9,data_9.csv,normal,9_105_128,24,105,128,63000,76800,0,0.5278965,1
test,9,data_9.csv,normal,9_106_129,24,106,129,63600,77400,0,0.5345371,1
test,9,data_9.csv,normal,9_107_130,24,107,130,64200,78000,0,0.53577673,1
test,9,data_9.csv,normal,9_108_131,24,108,131,64800,78600,0,0.5399911,1
test,9,data_9.csv,normal,9_109_132,24,109,132,65400,79200,0,0.5441794,1
test,9,data_9.csv,normal,9_110_133,24,110,133,66000,79800,0,0.5532826,1
test,9,data_9.csv,normal,9_111_134,24,111,134,66600,80400,0,0.5594616,1
test,9,data_9.csv,normal,9_112_135,24,112,135,67200,81000,0,0.5609792,1
test,9,data_9.csv,normal,9_113_136,24,113,136,67800,81600,0,0.5686423,1
test,9,data_9.csv,normal,9_114_137,24,114,137,68400,82200,0,0.574868,1
test,9,data_9.csv,normal,9_115_138,24,115,138,69000,82800,0,0.5680019,1
test,9,data_9.csv,normal,9_116_139,24,116,139,69600,83400,0,0.56010103,1
test,9,data_9.csv,normal,9_117_140,24,117,140,70200,84000,0,0.54604167,1
test,9,data_9.csv,normal,9_118_141,24,118,141,70800,84600,0,0.51871675,1
test,9,data_9.csv,normal,9_119_142,24,119,142,71400,85200,0,0.506705,1
test,9,data_9.csv,normal,9_120_143,24,120,143,72000,85800,0,0.49097165,1
test,9,data_9.csv,normal,9_121_144,24,121,144,72600,86400,0,0.47287667,1
test,16,data_16.csv,onset_leak,16_0_23,24,0,23,0,13800,0,0.20961173,0
test,16,data_16.csv,onset_leak,16_1_24,24,1,24,600,14400,0,0.20947899,0
test,16,data_16.csv,onset_leak,16_2_25,24,2,25,1200,15000,0,0.2092426,0
test,16,data_16.csv,onset_leak,16_3_26,24,3,26,1800,15600,0,0.20995864,0
test,16,data_16.csv,onset_leak,16_4_27,24,4,27,2400,16200,0,0.21079692,0
test,16,data_16.csv,onset_leak,16_5_28,24,5,28,3000,16800,0,0.21168587,0
test,16,data_16.csv,onset_leak,16_6_29,24,6,29,3600,17400,0,0.21243049,0
test,16,data_16.csv,onset_leak,16_7_30,24,7,30,4200,18000,0,0.21160188,0
test,16,data_16.csv,onset_leak,16_8_31,24,8,31,4800,18600,0,0.21072212,0
test,16,data_16.csv,onset_leak,16_9_32,24,9,32,5400,19200,0,0.21093981,0
test,16,data_16.csv,onset_leak,16_10_33,24,10,33,6000,19800,0,0.21092528,0
test,16,data_16.csv,onset_leak,16_11_34,24,11,34,6600,20400,0,0.21203735,0
test,16,data_16.csv,onset_leak,16_12_35,24,12,35,7200,21000,0,0.21250668,0
test,16,data_16.csv,onset_leak,16_13_36,24,13,36,7800,21600,0,0.21077149,0
test,16,data_16.csv,onset_leak,16_14_37,24,14,37,8400,22200,0,0.20847635,0
test,16,data_16.csv,onset_leak,16_15_38,24,15,38,9000,22800,0,0.20885304,0
test,16,data_16.csv,onset_leak,16_16_39,24,16,39,9600,23400,0,0.20865554,0
test,16,data_16.csv,onset_leak,16_17_40,24,17,40,10200,24000,0,0.20991601,0
test,16,data_16.csv,onset_leak,16_18_41,24,18,41,10800,24600,0,0.21028575,0
test,16,data_16.csv,onset_leak,16_19_42,24,19,42,11400,25200,0,0.20908181,0
test,16,data_16.csv,onset_leak,16_20_43,24,20,43,12000,25800,0,0.20667902,0
test,16,data_16.csv,onset_leak,16_21_44,24,21,44,12600,26400,0,0.2073696,0
test,16,data_16.csv,onset_leak,16_22_45,24,22,45,13200,27000,0,0.20898321,0
test,16,data_16.csv,onset_leak,16_23_46,24,23,46,13800,27600,0,0.21065222,0
test,16,data_16.csv,onset_leak,16_24_47,24,24,47,14400,28200,0,0.21170643,0
test,16,data_16.csv,onset_leak,16_25_48,24,25,48,15000,28800,0,0.21139547,0
test,16,data_16.csv,onset_leak,16_26_49,24,26,49,15600,29400,0,0.2108834,0
test,16,data_16.csv,onset_leak,16_27_50,24,27,50,16200,30000,0,0.21430235,0
test,16,data_16.csv,onset_leak,16_28_51,24,28,51,16800,30600,0,0.21819502,0
test,16,data_16.csv,onset_leak,16_29_52,24,29,52,17400,31200,0,0.22227779,0
test,16,data_16.csv,onset_leak,16_30_53,24,30,53,18000,31800,0,0.22592661,0
test,16,data_16.csv,onset_leak,16_31_54,24,31,54,18600,32400,0,0.22503869,0
test,16,data_16.csv,onset_leak,16_32_55,24,32,55,19200,33000,0,0.22378534,0
test,16,data_16.csv,onset_leak,16_33_56,24,33,56,19800,33600,0,0.22699052,0
test,16,data_16.csv,onset_leak,16_34_57,24,34,57,20400,34200,0,0.23059379,0
test,16,data_16.csv,onset_leak,16_35_58,24,35,58,21000,34800,0,0.23496643,0
test,16,data_16.csv,onset_leak,16_36_59,24,36,59,21600,35400,0,0.23858953,0
test,16,data_16.csv,onset_leak,16_37_60,24,37,60,22200,36000,0,0.23468587,0
test,16,data_16.csv,onset_leak,16_38_61,24,38,61,22800,36600,0,0.23053631,0
test,16,data_16.csv,onset_leak,16_39_62,24,39,62,23400,37200,0,0.23173033,0
test,16,data_16.csv,onset_leak,16_40_63,24,40,63,24000,37800,0,0.23249264,0
test,16,data_16.csv,onset_leak,16_41_64,24,41,64,24600,38400,0,0.23700166,0
test,16,data_16.csv,onset_leak,16_42_65,24,42,65,25200,39000,0,0.23952992,0
test,16,data_16.csv,onset_leak,16_43_66,24,43,66,25800,39600,0,0.23471868,0
test,16,data_16.csv,onset_leak,16_44_67,24,44,67,26400,40200,0,0.2278236,0
test,16,data_16.csv,onset_leak,16_45_68,24,45,68,27000,40800,0,0.2312425,0
test,16,data_16.csv,onset_leak,16_46_69,24,46,69,27600,41400,0,0.23473635,0
test,16,data_16.csv,onset_leak,16_47_70,24,47,70,28200,42000,0,0.24000624,0
test,16,data_16.csv,onset_leak,16_48_71,24,48,71,28800,42600,0,0.2437384,0
test,16,data_16.csv,onset_leak,16_49_72,24,49,72,29400,43200,1,0.24513999,0
test,16,data_16.csv,onset_leak,16_50_73,24,50,73,30000,43800,1,0.24699128,0
test,16,data_16.csv,onset_leak,16_51_74,24,51,74,30600,44400,1,0.2559684,0
test,16,data_16.csv,onset_leak,16_52_75,24,52,75,31200,45000,1,0.27499592,0
test,16,data_16.csv,onset_leak,16_53_76,24,53,76,31800,45600,1,0.28158912,0
test,16,data_16.csv,onset_leak,16_54_77,24,54,77,32400,46200,1,0.29093575,0
test,16,data_16.csv,onset_leak,16_55_78,24,55,78,33000,46800,1,0.30196807,1
test,16,data_16.csv,onset_leak,16_56_79,24,56,79,33600,47400,1,0.3211952,1
test,16,data_16.csv,onset_leak,16_57_80,24,57,80,34200,48000,1,0.34605435,1
test,16,data_16.csv,onset_leak,16_58_81,24,58,81,34800,48600,1,0.3792194,1
test,16,data_16.csv,onset_leak,16_59_82,24,59,82,35400,49200,1,0.3981329,1
test,16,data_16.csv,onset_leak,16_60_83,24,60,83,36000,49800,1,0.4219525,1
test,16,data_16.csv,onset_leak,16_61_84,24,61,84,36600,50400,1,0.43209514,1
test,16,data_16.csv,onset_leak,16_62_85,24,62,85,37200,51000,1,0.44789636,1
test,16,data_16.csv,onset_leak,16_63_86,24,63,86,37800,51600,1,0.4659647,1
test,16,data_16.csv,onset_leak,16_64_87,24,64,87,38400,52200,1,0.48094487,1
test,16,data_16.csv,onset_leak,16_65_88,24,65,88,39000,52800,1,0.49348736,1
test,16,data_16.csv,onset_leak,16_66_89,24,66,89,39600,53400,1,0.50591815,1
test,16,data_16.csv,onset_leak,16_67_90,24,67,90,40200,54000,1,0.5083551,1
test,16,data_16.csv,onset_leak,16_68_91,24,68,91,40800,54600,1,0.513438,1
test,16,data_16.csv,onset_leak,16_69_92,24,69,92,41400,55200,1,0.5144895,1
test,16,data_16.csv,onset_leak,16_70_93,24,70,93,42000,55800,1,0.51449215,1
test,16,data_16.csv,onset_leak,16_71_94,24,71,94,42600,56400,1,0.5154077,1
test,16,data_16.csv,onset_leak,16_72_95,24,72,95,43200,57000,1,0.5156375,1
test,16,data_16.csv,onset_leak,16_73_96,24,73,96,43800,57600,1,0.5148815,1
test,16,data_16.csv,onset_leak,16_74_97,24,74,97,44400,58200,1,0.5132873,1
test,16,data_16.csv,onset_leak,16_75_98,24,75,98,45000,58800,1,0.5097553,1
test,16,data_16.csv,onset_leak,16_76_99,24,76,99,45600,59400,1,0.50232214,1
test,16,data_16.csv,onset_leak,16_77_100,24,77,100,46200,60000,1,0.5011904,1
test,16,data_16.csv,onset_leak,16_78_101,24,78,101,46800,60600,1,0.49955383,1
test,16,data_16.csv,onset_leak,16_79_102,24,79,102,47400,61200,1,0.4928913,1
test,16,data_16.csv,onset_leak,16_80_103,24,80,103,48000,61800,1,0.48449206,1
test,16,data_16.csv,onset_leak,16_81_104,24,81,104,48600,62400,1,0.47233856,1
test,16,data_16.csv,onset_leak,16_82_105,24,82,105,49200,63000,1,0.4575946,1
test,16,data_16.csv,onset_leak,16_83_106,24,83,106,49800,63600,1,0.44671774,1
test,16,data_16.csv,onset_leak,16_84_107,24,84,107,50400,64200,1,0.43622816,1
test,16,data_16.csv,onset_leak,16_85_108,24,85,108,51000,64800,1,0.43045107,1
test,16,data_16.csv,onset_leak,16_86_109,24,86,109,51600,65400,1,0.42429948,1
test,16,data_16.csv,onset_leak,16_87_110,24,87,110,52200,66000,1,0.4163588,1
test,16,data_16.csv,onset_leak,16_88_111,24,88,111,52800,66600,1,0.40810987,1
test,16,data_16.csv,onset_leak,16_89_112,24,89,112,53400,67200,1,0.40387076,1
test,16,data_16.csv,onset_leak,16_90_113,24,90,113,54000,67800,1,0.39748374,1
test,16,data_16.csv,onset_leak,16_91_114,24,91,114,54600,68400,1,0.39701268,1
test,16,data_16.csv,onset_leak,16_92_115,24,92,115,55200,69000,1,0.3942464,1
test,16,data_16.csv,onset_leak,16_93_116,24,93,116,55800,69600,1,0.39457762,1
test,16,data_16.csv,onset_leak,16_94_117,24,94,117,56400,70200,1,0.39483324,1
test,16,data_16.csv,onset_leak,16_95_118,24,95,118,57000,70800,1,0.39337978,1
test,16,data_16.csv,onset_leak,16_96_119,24,96,119,57600,71400,1,0.39251047,1
test,16,data_16.csv,onset_leak,16_97_120,24,97,120,58200,72000,1,0.40042257,1
test,16,data_16.csv,onset_leak,16_98_121,24,98,121,58800,72600,1,0.4079291,1
test,16,data_16.csv,onset_leak,16_99_122,24,99,122,59400,73200,1,0.4119553,1
test,16,data_16.csv,onset_leak,16_100_123,24,100,123,60000,73800,1,0.4217005,1
test,16,data_16.csv,onset_leak,16_101_124,24,101,124,60600,74400,1,0.4196329,1
test,16,data_16.csv,onset_leak,16_102_125,24,102,125,61200,75000,1,0.42450866,1
test,16,data_16.csv,onset_leak,16_103_126,24,103,126,61800,75600,1,0.43470985,1
test,16,data_16.csv,onset_leak,16_104_127,24,104,127,62400,76200,1,0.4520915,1
test,16,data_16.csv,onset_leak,16_105_128,24,105,128,63000,76800,1,0.463932,1
test,16,data_16.csv,onset_leak,16_106_129,24,106,129,63600,77400,1,0.4704875,1
test,16,data_16.csv,onset_leak,16_107_130,24,107,130,64200,78000,1,0.47768342,1
test,16,data_16.csv,onset_leak,16_108_131,24,108,131,64800,78600,1,0.48605305,1
test,16,data_16.csv,onset_leak,16_109_132,24,109,132,65400,79200,1,0.48201677,1
test,16,data_16.csv,onset_leak,16_110_133,24,110,133,66000,79800,1,0.48416868,1
test,16,data_16.csv,onset_leak,16_111_134,24,111,134,66600,80400,1,0.48061115,1
test,16,data_16.csv,onset_leak,16_112_135,24,112,135,67200,81000,1,0.4685077,1
test,16,data_16.csv,onset_leak,16_113_136,24,113,136,67800,81600,1,0.4611445,1
test,16,data_16.csv,onset_leak,16_114_137,24,114,137,68400,82200,1,0.455049,1
test,16,data_16.csv,onset_leak,16_115_138,24,115,138,69000,82800,1,0.4450512,1
test,16,data_16.csv,onset_leak,16_116_139,24,116,139,69600,83400,1,0.43673843,1
test,16,data_16.csv,onset_leak,16_117_140,24,117,140,70200,84000,1,0.42004636,1
test,16,data_16.csv,onset_leak,16_118_141,24,118,141,70800,84600,1,0.39795068,1
test,16,data_16.csv,onset_leak,16_119_142,24,119,142,71400,85200,1,0.38371778,1
test,16,data_16.csv,onset_leak,16_120_143,24,120,143,72000,85800,1,0.36887506,1
test,16,data_16.csv,onset_leak,16_121_144,24,121,144,72600,86400,1,0.36500973,1
test,19,data_19.csv,onset_leak,19_0_23,24,0,23,0,13800,0,0.23462306,0
test,19,data_19.csv,onset_leak,19_1_24,24,1,24,600,14400,0,0.23259488,0
test,19,data_19.csv,onset_leak,19_2_25,24,2,25,1200,15000,0,0.22995473,0
test,19,data_19.csv,onset_leak,19_3_26,24,3,26,1800,15600,0,0.22620581,0
test,19,data_19.csv,onset_leak,19_4_27,24,4,27,2400,16200,0,0.22184192,0
test,19,data_19.csv,onset_leak,19_5_28,24,5,28,3000,16800,0,0.21855792,0
test,19,data_19.csv,onset_leak,19_6_29,24,6,29,3600,17400,0,0.21541004,0
test,19,data_19.csv,onset_leak,19_7_30,24,7,30,4200,18000,0,0.21270235,0
test,19,data_19.csv,onset_leak,19_8_31,24,8,31,4800,18600,0,0.21023187,0
test,19,data_19.csv,onset_leak,19_9_32,24,9,32,5400,19200,0,0.20678578,0
test,19,data_19.csv,onset_leak,19_10_33,24,10,33,6000,19800,0,0.20253223,0
test,19,data_19.csv,onset_leak,19_11_34,24,11,34,6600,20400,0,0.2010055,0
test,19,data_19.csv,onset_leak,19_12_35,24,12,35,7200,21000,0,0.19894056,0
test,19,data_19.csv,onset_leak,19_13_36,24,13,36,7800,21600,0,0.19521077,0
test,19,data_19.csv,onset_leak,19_14_37,24,14,37,8400,22200,0,0.19095582,0
test,19,data_19.csv,onset_leak,19_15_38,24,15,38,9000,22800,0,0.18882231,0
test,19,data_19.csv,onset_leak,19_16_39,24,16,39,9600,23400,0,0.18541493,0
test,19,data_19.csv,onset_leak,19_17_40,24,17,40,10200,24000,0,0.18496986,0
test,19,data_19.csv,onset_leak,19_18_41,24,18,41,10800,24600,0,0.18306786,0
test,19,data_19.csv,onset_leak,19_19_42,24,19,42,11400,25200,0,0.18037038,0
test,19,data_19.csv,onset_leak,19_20_43,24,20,43,12000,25800,0,0.1757706,0
test,19,data_19.csv,onset_leak,19_21_44,24,21,44,12600,26400,0,0.17472173,0
test,19,data_19.csv,onset_leak,19_22_45,24,22,45,13200,27000,0,0.17427059,0
test,19,data_19.csv,onset_leak,19_23_46,24,23,46,13800,27600,0,0.17473379,0
test,19,data_19.csv,onset_leak,19_24_47,24,24,47,14400,28200,0,0.17418574,0
test,19,data_19.csv,onset_leak,19_25_48,24,25,48,15000,28800,0,0.17349525,0
test,19,data_19.csv,onset_leak,19_26_49,24,26,49,15600,29400,0,0.17193258,0
test,19,data_19.csv,onset_leak,19_27_50,24,27,50,16200,30000,0,0.17493469,0
test,19,data_19.csv,onset_leak,19_28_51,24,28,51,16800,30600,0,0.17897968,0
test,19,data_19.csv,onset_leak,19_29_52,24,29,52,17400,31200,0,0.18294291,0
test,19,data_19.csv,onset_leak,19_30_53,24,30,53,18000,31800,0,0.18641005,0
test,19,data_19.csv,onset_leak,19_31_54,24,31,54,18600,32400,0,0.18706809,0
test,19,data_19.csv,onset_leak,19_32_55,24,32,55,19200,33000,0,0.18734413,0
test,19,data_19.csv,onset_leak,19_33_56,24,33,56,19800,33600,0,0.19286026,0
test,19,data_19.csv,onset_leak,19_34_57,24,34,57,20400,34200,0,0.19986016,0
test,19,data_19.csv,onset_leak,19_35_58,24,35,58,21000,34800,0,0.20567766,0
test,19,data_19.csv,onset_leak,19_36_59,24,36,59,21600,35400,0,0.21160668,0
test,19,data_19.csv,onset_leak,19_37_60,24,37,60,22200,36000,0,0.21155885,0
test,19,data_19.csv,onset_leak,19_38_61,24,38,61,22800,36600,0,0.21184668,0
test,19,data_19.csv,onset_leak,19_39_62,24,39,62,23400,37200,0,0.21680126,0
test,19,data_19.csv,onset_leak,19_40_63,24,40,63,24000,37800,0,0.22267039,0
test,19,data_19.csv,onset_leak,19_41_64,24,41,64,24600,38400,0,0.22916518,0
test,19,data_19.csv,onset_leak,19_42_65,24,42,65,25200,39000,0,0.23504551,0
test,19,data_19.csv,onset_leak,19_43_66,24,43,66,25800,39600,0,0.2322071,0
test,19,data_19.csv,onset_leak,19_44_67,24,44,67,26400,40200,0,0.22948015,0
test,19,data_19.csv,onset_leak,19_45_68,24,45,68,27000,40800,0,0.2341496,0
test,19,data_19.csv,onset_leak,19_46_69,24,46,69,27600,41400,0,0.23793074,0
test,19,data_19.csv,onset_leak,19_47_70,24,47,70,28200,42000,0,0.2442075,0
test,19,data_19.csv,onset_leak,19_48_71,24,48,71,28800,42600,0,0.2493003,0
test,19,data_19.csv,onset_leak,19_49_72,24,49,72,29400,43200,1,0.24815536,0
test,19,data_19.csv,onset_leak,19_50_73,24,50,73,30000,43800,1,0.24422505,0
test,19,data_19.csv,onset_leak,19_51_74,24,51,74,30600,44400,1,0.24857907,0
test,19,data_19.csv,onset_leak,19_52_75,24,52,75,31200,45000,1,0.25670093,0
test,19,data_19.csv,onset_leak,19_53_76,24,53,76,31800,45600,1,0.2620528,0
test,19,data_19.csv,onset_leak,19_54_77,24,54,77,32400,46200,1,0.26629332,0
test,19,data_19.csv,onset_leak,19_55_78,24,55,78,33000,46800,1,0.26809222,0
test,19,data_19.csv,onset_leak,19_56_79,24,56,79,33600,47400,1,0.27500668,0
test,19,data_19.csv,onset_leak,19_57_80,24,57,80,34200,48000,1,0.28692228,0
test,19,data_19.csv,onset_leak,19_58_81,24,58,81,34800,48600,1,0.3030175,1
test,19,data_19.csv,onset_leak,19_59_82,24,59,82,35400,49200,1,0.31517512,1
test,19,data_19.csv,onset_leak,19_60_83,24,60,83,36000,49800,1,0.32777372,1
test,19,data_19.csv,onset_leak,19_61_84,24,61,84,36600,50400,1,0.33293423,1
test,19,data_19.csv,onset_leak,19_62_85,24,62,85,37200,51000,1,0.342025,1
test,19,data_19.csv,onset_leak,19_63_86,24,63,86,37800,51600,1,0.35828474,1
test,19,data_19.csv,onset_leak,19_64_87,24,64,87,38400,52200,1,0.3780458,1
test,19,data_19.csv,onset_leak,19_65_88,24,65,88,39000,52800,1,0.39086172,1
test,19,data_19.csv,onset_leak,19_66_89,24,66,89,39600,53400,1,0.40522277,1
test,19,data_19.csv,onset_leak,19_67_90,24,67,90,40200,54000,1,0.41469714,1
test,19,data_19.csv,onset_leak,19_68_91,24,68,91,40800,54600,1,0.4276136,1
test,19,data_19.csv,onset_leak,19_69_92,24,69,92,41400,55200,1,0.43962404,1
test,19,data_19.csv,onset_leak,19_70_93,24,70,93,42000,55800,1,0.4576753,1
test,19,data_19.csv,onset_leak,19_71_94,24,71,94,42600,56400,1,0.4614414,1
test,19,data_19.csv,onset_leak,19_72_95,24,72,95,43200,57000,1,0.47262043,1
test,19,data_19.csv,onset_leak,19_73_96,24,73,96,43800,57600,1,0.47946987,1
test,19,data_19.csv,onset_leak,19_74_97,24,74,97,44400,58200,1,0.4932601,1
test,19,data_19.csv,onset_leak,19_75_98,24,75,98,45000,58800,1,0.50615245,1
test,19,data_19.csv,onset_leak,19_76_99,24,76,99,45600,59400,1,0.5132727,1
test,19,data_19.csv,onset_leak,19_77_100,24,77,100,46200,60000,1,0.5198928,1
test,19,data_19.csv,onset_leak,19_78_101,24,78,101,46800,60600,1,0.5253794,1
test,19,data_19.csv,onset_leak,19_79_102,24,79,102,47400,61200,1,0.52687013,1
test,19,data_19.csv,onset_leak,19_80_103,24,80,103,48000,61800,1,0.53031284,1
test,19,data_19.csv,onset_leak,19_81_104,24,81,104,48600,62400,1,0.53271645,1
test,19,data_19.csv,onset_leak,19_82_105,24,82,105,49200,63000,1,0.53194475,1
test,19,data_19.csv,onset_leak,19_83_106,24,83,106,49800,63600,1,0.53344727,1
test,19,data_19.csv,onset_leak,19_84_107,24,84,107,50400,64200,1,0.5341821,1
test,19,data_19.csv,onset_leak,19_85_108,24,85,108,51000,64800,1,0.5298727,1
test,19,data_19.csv,onset_leak,19_86_109,24,86,109,51600,65400,1,0.5222155,1
test,19,data_19.csv,onset_leak,19_87_110,24,87,110,52200,66000,1,0.50882095,1
test,19,data_19.csv,onset_leak,19_88_111,24,88,111,52800,66600,1,0.49068177,1
test,19,data_19.csv,onset_leak,19_89_112,24,89,112,53400,67200,1,0.48417032,1
test,19,data_19.csv,onset_leak,19_90_113,24,90,113,54000,67800,1,0.47458905,1
test,19,data_19.csv,onset_leak,19_91_114,24,91,114,54600,68400,1,0.4604743,1
test,19,data_19.csv,onset_leak,19_92_115,24,92,115,55200,69000,1,0.44289932,1
test,19,data_19.csv,onset_leak,19_93_116,24,93,116,55800,69600,1,0.42625,1
test,19,data_19.csv,onset_leak,19_94_117,24,94,117,56400,70200,1,0.40508106,1
test,19,data_19.csv,onset_leak,19_95_118,24,95,118,57000,70800,1,0.3908563,1
test,19,data_19.csv,onset_leak,19_96_119,24,96,119,57600,71400,1,0.37467006,1
test,19,data_19.csv,onset_leak,19_97_120,24,97,120,58200,72000,1,0.37530935,1
test,19,data_19.csv,onset_leak,19_98_121,24,98,121,58800,72600,1,0.37136048,1
test,19,data_19.csv,onset_leak,19_99_122,24,99,122,59400,73200,1,0.36519167,1
test,19,data_19.csv,onset_leak,19_100_123,24,100,123,60000,73800,1,0.36554492,1
test,19,data_19.csv,onset_leak,19_101_124,24,101,124,60600,74400,1,0.35816273,1
test,19,data_19.csv,onset_leak,19_102_125,24,102,125,61200,75000,1,0.35330176,1
test,19,data_19.csv,onset_leak,19_103_126,24,103,126,61800,75600,1,0.36250812,1
test,19,data_19.csv,onset_leak,19_104_127,24,104,127,62400,76200,1,0.3762666,1
test,19,data_19.csv,onset_leak,19_105_128,24,105,128,63000,76800,1,0.38895875,1
test,19,data_19.csv,onset_leak,19_106_129,24,106,129,63600,77400,1,0.4012608,1
test,19,data_19.csv,onset_leak,19_107_130,24,107,130,64200,78000,1,0.40719786,1
test,19,data_19.csv,onset_leak,19_108_131,24,108,131,64800,78600,1,0.4170068,1
test,19,data_19.csv,onset_leak,19_109_132,24,109,132,65400,79200,1,0.42222816,1
test,19,data_19.csv,onset_leak,19_110_133,24,110,133,66000,79800,1,0.4324266,1
test,19,data_19.csv,onset_leak,19_111_134,24,111,134,66600,80400,1,0.4373287,1
test,19,data_19.csv,onset_leak,19_112_135,24,112,135,67200,81000,1,0.4371153,1
test,19,data_19.csv,onset_leak,19_113_136,24,113,136,67800,81600,1,0.43590933,1
test,19,data_19.csv,onset_leak,19_114_137,24,114,137,68400,82200,1,0.43797907,1
test,19,data_19.csv,onset_leak,19_115_138,24,115,138,69000,82800,1,0.43611467,1
test,19,data_19.csv,onset_leak,19_116_139,24,116,139,69600,83400,1,0.4386293,1
test,19,data_19.csv,onset_leak,19_117_140,24,117,140,70200,84000,1,0.4319333,1
test,19,data_19.csv,onset_leak,19_118_141,24,118,141,70800,84600,1,0.41912177,1
test,19,data_19.csv,onset_leak,19_119_142,24,119,142,71400,85200,1,0.41089988,1
test,19,data_19.csv,onset_leak,19_120_143,24,120,143,72000,85800,1,0.40338495,1
test,19,data_19.csv,onset_leak,19_121_144,24,121,144,72600,86400,1,0.3960206,1
test,25,data_25.csv,persistent_leak,25_0_23,24,0,23,0,13800,1,0.4739682,1
test,25,data_25.csv,persistent_leak,25_1_24,24,1,24,600,14400,1,0.4801337,1
test,25,data_25.csv,persistent_leak,25_2_25,24,2,25,1200,15000,1,0.48197782,1
test,25,data_25.csv,persistent_leak,25_3_26,24,3,26,1800,15600,1,0.484501,1
test,25,data_25.csv,persistent_leak,25_4_27,24,4,27,2400,16200,1,0.48742855,1
test,25,data_25.csv,persistent_leak,25_5_28,24,5,28,3000,16800,1,0.49401292,1
test,25,data_25.csv,persistent_leak,25_6_29,24,6,29,3600,17400,1,0.5023342,1
test,25,data_25.csv,persistent_leak,25_7_30,24,7,30,4200,18000,1,0.5315258,1
test,25,data_25.csv,persistent_leak,25_8_31,24,8,31,4800,18600,1,0.547345,1
test,25,data_25.csv,persistent_leak,25_9_32,24,9,32,5400,19200,1,0.56458306,1
test,25,data_25.csv,persistent_leak,25_10_33,24,10,33,6000,19800,1,0.5764171,1
test,25,data_25.csv,persistent_leak,25_11_34,24,11,34,6600,20400,1,0.6060872,1
test,25,data_25.csv,persistent_leak,25_12_35,24,12,35,7200,21000,1,0.64128065,1
test,25,data_25.csv,persistent_leak,25_13_36,24,13,36,7800,21600,1,0.6990226,1
test,25,data_25.csv,persistent_leak,25_14_37,24,14,37,8400,22200,1,0.7325198,1
test,25,data_25.csv,persistent_leak,25_15_38,24,15,38,9000,22800,1,0.7518377,1
test,25,data_25.csv,persistent_leak,25_16_39,24,16,39,9600,23400,1,0.76936907,1
test,25,data_25.csv,persistent_leak,25_17_40,24,17,40,10200,24000,1,0.8026819,1
test,25,data_25.csv,persistent_leak,25_18_41,24,18,41,10800,24600,1,0.8307326,1
test,25,data_25.csv,persistent_leak,25_19_42,24,19,42,11400,25200,1,0.8623024,1
test,25,data_25.csv,persistent_leak,25_20_43,24,20,43,12000,25800,1,0.8844574,1
test,25,data_25.csv,persistent_leak,25_21_44,24,21,44,12600,26400,1,0.8960396,1
test,25,data_25.csv,persistent_leak,25_22_45,24,22,45,13200,27000,1,0.9024221,1
test,25,data_25.csv,persistent_leak,25_23_46,24,23,46,13800,27600,1,0.91795594,1
test,25,data_25.csv,persistent_leak,25_24_47,24,24,47,14400,28200,1,0.9320686,1
test,25,data_25.csv,persistent_leak,25_25_48,24,25,48,15000,28800,1,0.9405544,1
test,25,data_25.csv,persistent_leak,25_26_49,24,26,49,15600,29400,1,0.947626,1
test,25,data_25.csv,persistent_leak,25_27_50,24,27,50,16200,30000,1,0.9542277,1
test,25,data_25.csv,persistent_leak,25_28_51,24,28,51,16800,30600,1,0.9554334,1
test,25,data_25.csv,persistent_leak,25_29_52,24,29,52,17400,31200,1,0.96245325,1
test,25,data_25.csv,persistent_leak,25_30_53,24,30,53,18000,31800,1,0.96776,1
test,25,data_25.csv,persistent_leak,25_31_54,24,31,54,18600,32400,1,0.96873033,1
test,25,data_25.csv,persistent_leak,25_32_55,24,32,55,19200,33000,1,0.9701496,1
test,25,data_25.csv,persistent_leak,25_33_56,24,33,56,19800,33600,1,0.9731503,1
test,25,data_25.csv,persistent_leak,25_34_57,24,34,57,20400,34200,1,0.9727586,1
test,25,data_25.csv,persistent_leak,25_35_58,24,35,58,21000,34800,1,0.97547305,1
test,25,data_25.csv,persistent_leak,25_36_59,24,36,59,21600,35400,1,0.9772996,1
test,25,data_25.csv,persistent_leak,25_37_60,24,37,60,22200,36000,1,0.97604555,1
test,25,data_25.csv,persistent_leak,25_38_61,24,38,61,22800,36600,1,0.9754008,1
test,25,data_25.csv,persistent_leak,25_39_62,24,39,62,23400,37200,1,0.97639376,1
test,25,data_25.csv,persistent_leak,25_40_63,24,40,63,24000,37800,1,0.97585756,1
test,25,data_25.csv,persistent_leak,25_41_64,24,41,64,24600,38400,1,0.9766202,1
test,25,data_25.csv,persistent_leak,25_42_65,24,42,65,25200,39000,1,0.97640854,1
test,25,data_25.csv,persistent_leak,25_43_66,24,43,66,25800,39600,1,0.9772867,1
test,25,data_25.csv,persistent_leak,25_44_67,24,44,67,26400,40200,1,0.9775074,1
test,25,data_25.csv,persistent_leak,25_45_68,24,45,68,27000,40800,1,0.97747755,1
test,25,data_25.csv,persistent_leak,25_46_69,24,46,69,27600,41400,1,0.9777925,1
test,25,data_25.csv,persistent_leak,25_47_70,24,47,70,28200,42000,1,0.97830075,1
test,25,data_25.csv,persistent_leak,25_48_71,24,48,71,28800,42600,1,0.97886276,1
test,25,data_25.csv,persistent_leak,25_49_72,24,49,72,29400,43200,1,0.9791894,1
test,25,data_25.csv,persistent_leak,25_50_73,24,50,73,30000,43800,1,0.9795744,1
test,25,data_25.csv,persistent_leak,25_51_74,24,51,74,30600,44400,1,0.9793412,1
test,25,data_25.csv,persistent_leak,25_52_75,24,52,75,31200,45000,1,0.97986573,1
test,25,data_25.csv,persistent_leak,25_53_76,24,53,76,31800,45600,1,0.9801737,1
test,25,data_25.csv,persistent_leak,25_54_77,24,54,77,32400,46200,1,0.98011565,1
test,25,data_25.csv,persistent_leak,25_55_78,24,55,78,33000,46800,1,0.97783077,1
test,25,data_25.csv,persistent_leak,25_56_79,24,56,79,33600,47400,1,0.9765028,1
test,25,data_25.csv,persistent_leak,25_57_80,24,57,80,34200,48000,1,0.9762088,1
test,25,data_25.csv,persistent_leak,25_58_81,24,58,81,34800,48600,1,0.9751737,1
test,25,data_25.csv,persistent_leak,25_59_82,24,59,82,35400,49200,1,0.9734789,1
test,25,data_25.csv,persistent_leak,25_60_83,24,60,83,36000,49800,1,0.97213125,1
test,25,data_25.csv,persistent_leak,25_61_84,24,61,84,36600,50400,1,0.9692844,1
test,25,data_25.csv,persistent_leak,25_62_85,24,62,85,37200,51000,1,0.9665933,1
test,25,data_25.csv,persistent_leak,25_63_86,24,63,86,37800,51600,1,0.96670794,1
test,25,data_25.csv,persistent_leak,25_64_87,24,64,87,38400,52200,1,0.96548826,1
test,25,data_25.csv,persistent_leak,25_65_88,24,65,88,39000,52800,1,0.964367,1
test,25,data_25.csv,persistent_leak,25_66_89,24,66,89,39600,53400,1,0.9623519,1
test,25,data_25.csv,persistent_leak,25_67_90,24,67,90,40200,54000,1,0.9596574,1
test,25,data_25.csv,persistent_leak,25_68_91,24,68,91,40800,54600,1,0.9571417,1
test,25,data_25.csv,persistent_leak,25_69_92,24,69,92,41400,55200,1,0.95543236,1
test,25,data_25.csv,persistent_leak,25_70_93,24,70,93,42000,55800,1,0.9553533,1
test,25,data_25.csv,persistent_leak,25_71_94,24,71,94,42600,56400,1,0.9536256,1
test,25,data_25.csv,persistent_leak,25_72_95,24,72,95,43200,57000,1,0.9504304,1
test,25,data_25.csv,persistent_leak,25_73_96,24,73,96,43800,57600,1,0.947724,1
test,25,data_25.csv,persistent_leak,25_74_97,24,74,97,44400,58200,1,0.94534504,1
test,25,data_25.csv,persistent_leak,25_75_98,24,75,98,45000,58800,1,0.94204825,1
test,25,data_25.csv,persistent_leak,25_76_99,24,76,99,45600,59400,1,0.94158417,1
test,25,data_25.csv,persistent_leak,25_77_100,24,77,100,46200,60000,1,0.9370658,1
test,25,data_25.csv,persistent_leak,25_78_101,24,78,101,46800,60600,1,0.9335617,1
test,25,data_25.csv,persistent_leak,25_79_102,24,79,102,47400,61200,1,0.93791586,1
test,25,data_25.csv,persistent_leak,25_80_103,24,80,103,48000,61800,1,0.9399225,1
test,25,data_25.csv,persistent_leak,25_81_104,24,81,104,48600,62400,1,0.93862844,1
test,25,data_25.csv,persistent_leak,25_82_105,24,82,105,49200,63000,1,0.94002664,1
test,25,data_25.csv,persistent_leak,25_83_106,24,83,106,49800,63600,1,0.9402592,1
test,25,data_25.csv,persistent_leak,25_84_107,24,84,107,50400,64200,1,0.9421543,1
test,25,data_25.csv,persistent_leak,25_85_108,24,85,108,51000,64800,1,0.9478481,1
test,25,data_25.csv,persistent_leak,25_86_109,24,86,109,51600,65400,1,0.95174456,1
test,25,data_25.csv,persistent_leak,25_87_110,24,87,110,52200,66000,1,0.95265007,1
test,25,data_25.csv,persistent_leak,25_88_111,24,88,111,52800,66600,1,0.9547161,1
test,25,data_25.csv,persistent_leak,25_89_112,24,89,112,53400,67200,1,0.95765066,1
test,25,data_25.csv,persistent_leak,25_90_113,24,90,113,54000,67800,1,0.96022916,1
test,25,data_25.csv,persistent_leak,25_91_114,24,91,114,54600,68400,1,0.967453,1
test,25,data_25.csv,persistent_leak,25_92_115,24,92,115,55200,69000,1,0.9715988,1
test,25,data_25.csv,persistent_leak,25_93_116,24,93,116,55800,69600,1,0.9730666,1
test,25,data_25.csv,persistent_leak,25_94_117,24,94,117,56400,70200,1,0.9746035,1
test,25,data_25.csv,persistent_leak,25_95_118,24,95,118,57000,70800,1,0.9772956,1
test,25,data_25.csv,persistent_leak,25_96_119,24,96,119,57600,71400,1,0.9803091,1
test,25,data_25.csv,persistent_leak,25_97_120,24,97,120,58200,72000,1,0.9807226,1
test,25,data_25.csv,persistent_leak,25_98_121,24,98,121,58800,72600,1,0.98186684,1
test,25,data_25.csv,persistent_leak,25_99_122,24,99,122,59400,73200,1,0.983226,1
test,25,data_25.csv,persistent_leak,25_100_123,24,100,123,60000,73800,1,0.9833519,1
test,25,data_25.csv,persistent_leak,25_101_124,24,101,124,60600,74400,1,0.9846527,1
test,25,data_25.csv,persistent_leak,25_102_125,24,102,125,61200,75000,1,0.9853799,1
test,25,data_25.csv,persistent_leak,25_103_126,24,103,126,61800,75600,1,0.98058116,1
test,25,data_25.csv,persistent_leak,25_104_127,24,104,127,62400,76200,1,0.9772947,1
test,25,data_25.csv,persistent_leak,25_105_128,24,105,128,63000,76800,1,0.978224,1
test,25,data_25.csv,persistent_leak,25_106_129,24,106,129,63600,77400,1,0.97583234,1
test,25,data_25.csv,persistent_leak,25_107_130,24,107,130,64200,78000,1,0.97390294,1
test,25,data_25.csv,persistent_leak,25_108_131,24,108,131,64800,78600,1,0.97070426,1
test,25,data_25.csv,persistent_leak,25_109_132,24,109,132,65400,79200,1,0.9613698,1
test,25,data_25.csv,persistent_leak,25_110_133,24,110,133,66000,79800,1,0.9515184,1
test,25,data_25.csv,persistent_leak,25_111_134,24,111,134,66600,80400,1,0.9507784,1
test,25,data_25.csv,persistent_leak,25_112_135,24,112,135,67200,81000,1,0.9464672,1
test,25,data_25.csv,persistent_leak,25_113_136,24,113,136,67800,81600,1,0.94082695,1
test,25,data_25.csv,persistent_leak,25_114_137,24,114,137,68400,82200,1,0.93061334,1
test,25,data_25.csv,persistent_leak,25_115_138,24,115,138,69000,82800,1,0.90253276,1
test,25,data_25.csv,persistent_leak,25_116_139,24,116,139,69600,83400,1,0.8738306,1
test,25,data_25.csv,persistent_leak,25_117_140,24,117,140,70200,84000,1,0.8637846,1
test,25,data_25.csv,persistent_leak,25_118_141,24,118,141,70800,84600,1,0.8599803,1
test,25,data_25.csv,persistent_leak,25_119_142,24,119,142,71400,85200,1,0.8372242,1
test,25,data_25.csv,persistent_leak,25_120_143,24,120,143,72000,85800,1,0.80557495,1
test,25,data_25.csv,persistent_leak,25_121_144,24,121,144,72600,86400,1,0.7870743,1
test,34,data_34.csv,persistent_leak,34_0_23,24,0,23,0,13800,1,0.51885015,1
test,34,data_34.csv,persistent_leak,34_1_24,24,1,24,600,14400,1,0.5207248,1
test,34,data_34.csv,persistent_leak,34_2_25,24,2,25,1200,15000,1,0.516953,1
test,34,data_34.csv,persistent_leak,34_3_26,24,3,26,1800,15600,1,0.5081362,1
test,34,data_34.csv,persistent_leak,34_4_27,24,4,27,2400,16200,1,0.49745727,1
test,34,data_34.csv,persistent_leak,34_5_28,24,5,28,3000,16800,1,0.488565,1
test,34,data_34.csv,persistent_leak,34_6_29,24,6,29,3600,17400,1,0.48202932,1
test,34,data_34.csv,persistent_leak,34_7_30,24,7,30,4200,18000,1,0.49019656,1
test,34,data_34.csv,persistent_leak,34_8_31,24,8,31,4800,18600,1,0.4921265,1
test,34,data_34.csv,persistent_leak,34_9_32,24,9,32,5400,19200,1,0.49256554,1
test,34,data_34.csv,persistent_leak,34_10_33,24,10,33,6000,19800,1,0.49150532,1
test,34,data_34.csv,persistent_leak,34_11_34,24,11,34,6600,20400,1,0.51174456,1
test,34,data_34.csv,persistent_leak,34_12_35,24,12,35,7200,21000,1,0.53145194,1
test,34,data_34.csv,persistent_leak,34_13_36,24,13,36,7800,21600,1,0.5798337,1
test,34,data_34.csv,persistent_leak,34_14_37,24,14,37,8400,22200,1,0.60237074,1
test,34,data_34.csv,persistent_leak,34_15_38,24,15,38,9000,22800,1,0.6188518,1
test,34,data_34.csv,persistent_leak,34_16_39,24,16,39,9600,23400,1,0.62790155,1
test,34,data_34.csv,persistent_leak,34_17_40,24,17,40,10200,24000,1,0.65139717,1
test,34,data_34.csv,persistent_leak,34_18_41,24,18,41,10800,24600,1,0.6771138,1
test,34,data_34.csv,persistent_leak,34_19_42,24,19,42,11400,25200,1,0.7277691,1
test,34,data_34.csv,persistent_leak,34_20_43,24,20,43,12000,25800,1,0.75635076,1
test,34,data_34.csv,persistent_leak,34_21_44,24,21,44,12600,26400,1,0.77464634,1
test,34,data_34.csv,persistent_leak,34_22_45,24,22,45,13200,27000,1,0.7860816,1
test,34,data_34.csv,persistent_leak,34_23_46,24,23,46,13800,27600,1,0.815607,1
test,34,data_34.csv,persistent_leak,34_24_47,24,24,47,14400,28200,1,0.8417421,1
test,34,data_34.csv,persistent_leak,34_25_48,24,25,48,15000,28800,1,0.87477505,1
test,34,data_34.csv,persistent_leak,34_26_49,24,26,49,15600,29400,1,0.8957747,1
test,34,data_34.csv,persistent_leak,34_27_50,24,27,50,16200,30000,1,0.90645194,1
test,34,data_34.csv,persistent_leak,34_28_51,24,28,51,16800,30600,1,0.9142761,1
test,34,data_34.csv,persistent_leak,34_29_52,24,29,52,17400,31200,1,0.93021744,1
test,34,data_34.csv,persistent_leak,34_30_53,24,30,53,18000,31800,1,0.942637,1
test,34,data_34.csv,persistent_leak,34_31_54,24,31,54,18600,32400,1,0.9489177,1
test,34,data_34.csv,persistent_leak,34_32_55,24,32,55,19200,33000,1,0.9550041,1
test,34,data_34.csv,persistent_leak,34_33_56,24,33,56,19800,33600,1,0.9597867,1
test,34,data_34.csv,persistent_leak,34_34_57,24,34,57,20400,34200,1,0.9608744,1
test,34,data_34.csv,persistent_leak,34_35_58,24,35,58,21000,34800,1,0.9657339,1
test,34,data_34.csv,persistent_leak,34_36_59,24,36,59,21600,35400,1,0.96977407,1
test,34,data_34.csv,persistent_leak,34_37_60,24,37,60,22200,36000,1,0.9727567,1
test,34,data_34.csv,persistent_leak,34_38_61,24,38,61,22800,36600,1,0.97498363,1
test,34,data_34.csv,persistent_leak,34_39_62,24,39,62,23400,37200,1,0.97767663,1
test,34,data_34.csv,persistent_leak,34_40_63,24,40,63,24000,37800,1,0.97764605,1
test,34,data_34.csv,persistent_leak,34_41_64,24,41,64,24600,38400,1,0.9802515,1
test,34,data_34.csv,persistent_leak,34_42_65,24,42,65,25200,39000,1,0.9826157,1
test,34,data_34.csv,persistent_leak,34_43_66,24,43,66,25800,39600,1,0.9865487,1
test,34,data_34.csv,persistent_leak,34_44_67,24,44,67,26400,40200,1,0.98867744,1
test,34,data_34.csv,persistent_leak,34_45_68,24,45,68,27000,40800,1,0.9897227,1
test,34,data_34.csv,persistent_leak,34_46_69,24,46,69,27600,41400,1,0.9905357,1
test,34,data_34.csv,persistent_leak,34_47_70,24,47,70,28200,42000,1,0.99233854,1
test,34,data_34.csv,persistent_leak,34_48_71,24,48,71,28800,42600,1,0.9936506,1
test,34,data_34.csv,persistent_leak,34_49_72,24,49,72,29400,43200,1,0.9949326,1
test,34,data_34.csv,persistent_leak,34_50_73,24,50,73,30000,43800,1,0.995795,1
test,34,data_34.csv,persistent_leak,34_51_74,24,51,74,30600,44400,1,0.9961146,1
test,34,data_34.csv,persistent_leak,34_52_75,24,52,75,31200,45000,1,0.99644744,1
test,34,data_34.csv,persistent_leak,34_53_76,24,53,76,31800,45600,1,0.9970049,1
test,34,data_34.csv,persistent_leak,34_54_77,24,54,77,32400,46200,1,0.9974443,1
test,34,data_34.csv,persistent_leak,34_55_78,24,55,78,33000,46800,1,0.99755436,1
test,34,data_34.csv,persistent_leak,34_56_79,24,56,79,33600,47400,1,0.9977356,1
test,34,data_34.csv,persistent_leak,34_57_80,24,57,80,34200,48000,1,0.99794334,1
test,34,data_34.csv,persistent_leak,34_58_81,24,58,81,34800,48600,1,0.9979231,1
test,34,data_34.csv,persistent_leak,34_59_82,24,59,82,35400,49200,1,0.998061,1
test,34,data_34.csv,persistent_leak,34_60_83,24,60,83,36000,49800,1,0.9982139,1
test,34,data_34.csv,persistent_leak,34_61_84,24,61,84,36600,50400,1,0.99786854,1
test,34,data_34.csv,persistent_leak,34_62_85,24,62,85,37200,51000,1,0.99765813,1
test,34,data_34.csv,persistent_leak,34_63_86,24,63,86,37800,51600,1,0.9978398,1
test,34,data_34.csv,persistent_leak,34_64_87,24,64,87,38400,52200,1,0.9976701,1
test,34,data_34.csv,persistent_leak,34_65_88,24,65,88,39000,52800,1,0.9977094,1
test,34,data_34.csv,persistent_leak,34_66_89,24,66,89,39600,53400,1,0.997617,1
test,34,data_34.csv,persistent_leak,34_67_90,24,67,90,40200,54000,1,0.996999,1
test,34,data_34.csv,persistent_leak,34_68_91,24,68,91,40800,54600,1,0.99641573,1
test,34,data_34.csv,persistent_leak,34_69_92,24,69,92,41400,55200,1,0.9963999,1
test,34,data_34.csv,persistent_leak,34_70_93,24,70,93,42000,55800,1,0.99617356,1
test,34,data_34.csv,persistent_leak,34_71_94,24,71,94,42600,56400,1,0.9958832,1
test,34,data_34.csv,persistent_leak,34_72_95,24,72,95,43200,57000,1,0.9952047,1
test,34,data_34.csv,persistent_leak,34_73_96,24,73,96,43800,57600,1,0.9942668,1
test,34,data_34.csv,persistent_leak,34_74_97,24,74,97,44400,58200,1,0.9932545,1
test,34,data_34.csv,persistent_leak,34_75_98,24,75,98,45000,58800,1,0.99254143,1
test,34,data_34.csv,persistent_leak,34_76_99,24,76,99,45600,59400,1,0.9923159,1
test,34,data_34.csv,persistent_leak,34_77_100,24,77,100,46200,60000,1,0.99123037,1
test,34,data_34.csv,persistent_leak,34_78_101,24,78,101,46800,60600,1,0.989677,1
test,34,data_34.csv,persistent_leak,34_79_102,24,79,102,47400,61200,1,0.9878214,1
test,34,data_34.csv,persistent_leak,34_80_103,24,80,103,48000,61800,1,0.9860534,1
test,34,data_34.csv,persistent_leak,34_81_104,24,81,104,48600,62400,1,0.98428404,1
test,34,data_34.csv,persistent_leak,34_82_105,24,82,105,49200,63000,1,0.9837483,1
test,34,data_34.csv,persistent_leak,34_83_106,24,83,106,49800,63600,1,0.98076916,1
test,34,data_34.csv,persistent_leak,34_84_107,24,84,107,50400,64200,1,0.97765607,1
test,34,data_34.csv,persistent_leak,34_85_108,24,85,108,51000,64800,1,0.977123,1
test,34,data_34.csv,persistent_leak,34_86_109,24,86,109,51600,65400,1,0.9761829,1
test,34,data_34.csv,persistent_leak,34_87_110,24,87,110,52200,66000,1,0.97435445,1
test,34,data_34.csv,persistent_leak,34_88_111,24,88,111,52800,66600,1,0.97415334,1
test,34,data_34.csv,persistent_leak,34_89_112,24,89,112,53400,67200,1,0.97177345,1
test,34,data_34.csv,persistent_leak,34_90_113,24,90,113,54000,67800,1,0.9708426,1
test,34,data_34.csv,persistent_leak,34_91_114,24,91,114,54600,68400,1,0.97094506,1
test,34,data_34.csv,persistent_leak,34_92_115,24,92,115,55200,69000,1,0.97107667,1
test,34,data_34.csv,persistent_leak,34_93_116,24,93,116,55800,69600,1,0.97027326,1
test,34,data_34.csv,persistent_leak,34_94_117,24,94,117,56400,70200,1,0.9707946,1
test,34,data_34.csv,persistent_leak,34_95_118,24,95,118,57000,70800,1,0.9706151,1
test,34,data_34.csv,persistent_leak,34_96_119,24,96,119,57600,71400,1,0.97018844,1
test,34,data_34.csv,persistent_leak,34_97_120,24,97,120,58200,72000,1,0.96924233,1
test,34,data_34.csv,persistent_leak,34_98_121,24,98,121,58800,72600,1,0.96874183,1
test,34,data_34.csv,persistent_leak,34_99_122,24,99,122,59400,73200,1,0.9683727,1
test,34,data_34.csv,persistent_leak,34_100_123,24,100,123,60000,73800,1,0.9678618,1
test,34,data_34.csv,persistent_leak,34_101_124,24,101,124,60600,74400,1,0.96656466,1
test,34,data_34.csv,persistent_leak,34_102_125,24,102,125,61200,75000,1,0.9659414,1
test,34,data_34.csv,persistent_leak,34_103_126,24,103,126,61800,75600,1,0.96739936,1
test,34,data_34.csv,persistent_leak,34_104_127,24,104,127,62400,76200,1,0.96797657,1
test,34,data_34.csv,persistent_leak,34_105_128,24,105,128,63000,76800,1,0.9684419,1
test,34,data_34.csv,persistent_leak,34_106_129,24,106,129,63600,77400,1,0.96863055,1
test,34,data_34.csv,persistent_leak,34_107_130,24,107,130,64200,78000,1,0.9694877,1
test,34,data_34.csv,persistent_leak,34_108_131,24,108,131,64800,78600,1,0.9704972,1
test,34,data_34.csv,persistent_leak,34_109_132,24,109,132,65400,79200,1,0.96489257,1
test,34,data_34.csv,persistent_leak,34_110_133,24,110,133,66000,79800,1,0.9617808,1
test,34,data_34.csv,persistent_leak,34_111_134,24,111,134,66600,80400,1,0.9614301,1
test,34,data_34.csv,persistent_leak,34_112_135,24,112,135,67200,81000,1,0.9603273,1
test,34,data_34.csv,persistent_leak,34_113_136,24,113,136,67800,81600,1,0.9579701,1
test,34,data_34.csv,persistent_leak,34_114_137,24,114,137,68400,82200,1,0.9533108,1
test,34,data_34.csv,persistent_leak,34_115_138,24,115,138,69000,82800,1,0.9374095,1
test,34,data_34.csv,persistent_leak,34_116_139,24,116,139,69600,83400,1,0.92179465,1
test,34,data_34.csv,persistent_leak,34_117_140,24,117,140,70200,84000,1,0.91998094,1
test,34,data_34.csv,persistent_leak,34_118_141,24,118,141,70800,84600,1,0.9112009,1
test,34,data_34.csv,persistent_leak,34_119_142,24,119,142,71400,85200,1,0.8956394,1
test,34,data_34.csv,persistent_leak,34_120_143,24,120,143,72000,85800,1,0.87601215,1
test,34,data_34.csv,persistent_leak,34_121_144,24,121,144,72600,86400,1,0.85286415,1
test,41,data_41.csv,persistent_leak,41_0_23,24,0,23,0,13800,1,0.20961173,0
test,41,data_41.csv,persistent_leak,41_1_24,24,1,24,600,14400,1,0.20947899,0
test,41,data_41.csv,persistent_leak,41_2_25,24,2,25,1200,15000,1,0.2092426,0
test,41,data_41.csv,persistent_leak,41_3_26,24,3,26,1800,15600,1,0.20995864,0
test,41,data_41.csv,persistent_leak,41_4_27,24,4,27,2400,16200,1,0.21079692,0
test,41,data_41.csv,persistent_leak,41_5_28,24,5,28,3000,16800,1,0.21168587,0
test,41,data_41.csv,persistent_leak,41_6_29,24,6,29,3600,17400,1,0.21243049,0
test,41,data_41.csv,persistent_leak,41_7_30,24,7,30,4200,18000,1,0.21010861,0
test,41,data_41.csv,persistent_leak,41_8_31,24,8,31,4800,18600,1,0.20784348,0
test,41,data_41.csv,persistent_leak,41_9_32,24,9,32,5400,19200,1,0.2067544,0
test,41,data_41.csv,persistent_leak,41_10_33,24,10,33,6000,19800,1,0.20467679,0
test,41,data_41.csv,persistent_leak,41_11_34,24,11,34,6600,20400,1,0.20591961,0
test,41,data_41.csv,persistent_leak,41_12_35,24,12,35,7200,21000,1,0.20549037,0
test,41,data_41.csv,persistent_leak,41_13_36,24,13,36,7800,21600,1,0.20043585,0
test,41,data_41.csv,persistent_leak,41_14_37,24,14,37,8400,22200,1,0.19407427,0
test,41,data_41.csv,persistent_leak,41_15_38,24,15,38,9000,22800,1,0.19312687,0
test,41,data_41.csv,persistent_leak,41_16_39,24,16,39,9600,23400,1,0.19021285,0
test,41,data_41.csv,persistent_leak,41_17_40,24,17,40,10200,24000,1,0.19129618,0
test,41,data_41.csv,persistent_leak,41_18_41,24,18,41,10800,24600,1,0.19052218,0
test,41,data_41.csv,persistent_leak,41_19_42,24,19,42,11400,25200,1,0.18732859,0
test,41,data_41.csv,persistent_leak,41_20_43,24,20,43,12000,25800,1,0.18118352,0
test,41,data_41.csv,persistent_leak,41_21_44,24,21,44,12600,26400,1,0.18101887,0
test,41,data_41.csv,persistent_leak,41_22_45,24,22,45,13200,27000,1,0.18340005,0
test,41,data_41.csv,persistent_leak,41_23_46,24,23,46,13800,27600,1,0.18536109,0
test,41,data_41.csv,persistent_leak,41_24_47,24,24,47,14400,28200,1,0.18654685,0
test,41,data_41.csv,persistent_leak,41_25_48,24,25,48,15000,28800,1,0.18687797,0
test,41,data_41.csv,persistent_leak,41_26_49,24,26,49,15600,29400,1,0.18766795,0
test,41,data_41.csv,persistent_leak,41_27_50,24,27,50,16200,30000,1,0.19583945,0
test,41,data_41.csv,persistent_leak,41_28_51,24,28,51,16800,30600,1,0.20642717,0
test,41,data_41.csv,persistent_leak,41_29_52,24,29,52,17400,31200,1,0.21546249,0
test,41,data_41.csv,persistent_leak,41_30_53,24,30,53,18000,31800,1,0.22490774,0
test,41,data_41.csv,persistent_leak,41_31_54,24,31,54,18600,32400,1,0.22463265,0
test,41,data_41.csv,persistent_leak,41_32_55,24,32,55,19200,33000,1,0.22731604,0
test,41,data_41.csv,persistent_leak,41_33_56,24,33,56,19800,33600,1,0.23634793,0
test,41,data_41.csv,persistent_leak,41_34_57,24,34,57,20400,34200,1,0.24834758,0
test,41,data_41.csv,persistent_leak,41_35_58,24,35,58,21000,34800,1,0.25874797,0
test,41,data_41.csv,persistent_leak,41_36_59,24,36,59,21600,35400,1,0.2694348,0
test,41,data_41.csv,persistent_leak,41_37_60,24,37,60,22200,36000,1,0.26809514,0
test,41,data_41.csv,persistent_leak,41_38_61,24,38,61,22800,36600,1,0.27051827,0
test,41,data_41.csv,persistent_leak,41_39_62,24,39,62,23400,37200,1,0.28074312,0
test,41,data_41.csv,persistent_leak,41_40_63,24,40,63,24000,37800,1,0.29240757,0
test,41,data_41.csv,persistent_leak,41_41_64,24,41,64,24600,38400,1,0.30388188,1
test,41,data_41.csv,persistent_leak,41_42_65,24,42,65,25200,39000,1,0.31500143,1
test,41,data_41.csv,persistent_leak,41_43_66,24,43,66,25800,39600,1,0.3152017,1
test,41,data_41.csv,persistent_leak,41_44_67,24,44,67,26400,40200,1,0.3182905,1
test,41,data_41.csv,persistent_leak,41_45_68,24,45,68,27000,40800,1,0.324606,1
test,41,data_41.csv,persistent_leak,41_46_69,24,46,69,27600,41400,1,0.33415422,1
test,41,data_41.csv,persistent_leak,41_47_70,24,47,70,28200,42000,1,0.356204,1
test,41,data_41.csv,persistent_leak,41_48_71,24,48,71,28800,42600,1,0.39023888,1
test,41,data_41.csv,persistent_leak,41_49_72,24,49,72,29400,43200,1,0.42738268,1
test,41,data_41.csv,persistent_leak,41_50_73,24,50,73,30000,43800,1,0.44792536,1
test,41,data_41.csv,persistent_leak,41_51_74,24,51,74,30600,44400,1,0.46470863,1
test,41,data_41.csv,persistent_leak,41_52_75,24,52,75,31200,45000,1,0.48572192,1
test,41,data_41.csv,persistent_leak,41_53_76,24,53,76,31800,45600,1,0.5370004,1
test,41,data_41.csv,persistent_leak,41_54_77,24,54,77,32400,46200,1,0.58941984,1
test,41,data_41.csv,persistent_leak,41_55_78,24,55,78,33000,46800,1,0.5964236,1
test,41,data_41.csv,persistent_leak,41_56_79,24,56,79,33600,47400,1,0.5962865,1
test,41,data_41.csv,persistent_leak,41_57_80,24,57,80,34200,48000,1,0.6050238,1
test,41,data_41.csv,persistent_leak,41_58_81,24,58,81,34800,48600,1,0.6026189,1
test,41,data_41.csv,persistent_leak,41_59_82,24,59,82,35400,49200,1,0.610479,1
test,41,data_41.csv,persistent_leak,41_60_83,24,60,83,36000,49800,1,0.6217197,1
test,41,data_41.csv,persistent_leak,41_61_84,24,61,84,36600,50400,1,0.6016759,1
test,41,data_41.csv,persistent_leak,41_62_85,24,62,85,37200,51000,1,0.5864587,1
test,41,data_41.csv,persistent_leak,41_63_86,24,63,86,37800,51600,1,0.59686166,1
test,41,data_41.csv,persistent_leak,41_64_87,24,64,87,38400,52200,1,0.5972332,1
test,41,data_41.csv,persistent_leak,41_65_88,24,65,88,39000,52800,1,0.60919154,1
test,41,data_41.csv,persistent_leak,41_66_89,24,66,89,39600,53400,1,0.6063719,1
test,41,data_41.csv,persistent_leak,41_67_90,24,67,90,40200,54000,1,0.59674394,1
test,41,data_41.csv,persistent_leak,41_68_91,24,68,91,40800,54600,1,0.58375317,1
test,41,data_41.csv,persistent_leak,41_69_92,24,69,92,41400,55200,1,0.58526427,1
test,41,data_41.csv,persistent_leak,41_70_93,24,70,93,42000,55800,1,0.5897255,1
test,41,data_41.csv,persistent_leak,41_71_94,24,71,94,42600,56400,1,0.5915054,1
test,41,data_41.csv,persistent_leak,41_72_95,24,72,95,43200,57000,1,0.5899978,1
test,41,data_41.csv,persistent_leak,41_73_96,24,73,96,43800,57600,1,0.5779052,1
test,41,data_41.csv,persistent_leak,41_74_97,24,74,97,44400,58200,1,0.5643885,1
test,41,data_41.csv,persistent_leak,41_75_98,24,75,98,45000,58800,1,0.5585713,1
test,41,data_41.csv,persistent_leak,41_76_99,24,76,99,45600,59400,1,0.5571002,1
test,41,data_41.csv,persistent_leak,41_77_100,24,77,100,46200,60000,1,0.5456005,1
test,41,data_41.csv,persistent_leak,41_78_101,24,78,101,46800,60600,1,0.5326157,1
test,41,data_41.csv,persistent_leak,41_79_102,24,79,102,47400,61200,1,0.5302501,1
test,41,data_41.csv,persistent_leak,41_80_103,24,80,103,48000,61800,1,0.5291956,1
test,41,data_41.csv,persistent_leak,41_81_104,24,81,104,48600,62400,1,0.5278722,1
test,41,data_41.csv,persistent_leak,41_82_105,24,82,105,49200,63000,1,0.52518,1
test,41,data_41.csv,persistent_leak,41_83_106,24,83,106,49800,63600,1,0.5232761,1
test,41,data_41.csv,persistent_leak,41_84_107,24,84,107,50400,64200,1,0.52092427,1
test,41,data_41.csv,persistent_leak,41_85_108,24,85,108,51000,64800,1,0.51948184,1
test,41,data_41.csv,persistent_leak,41_86_109,24,86,109,51600,65400,1,0.5152747,1
test,41,data_41.csv,persistent_leak,41_87_110,24,87,110,52200,66000,1,0.51393056,1
test,41,data_41.csv,persistent_leak,41_88_111,24,88,111,52800,66600,1,0.5119459,1
test,41,data_41.csv,persistent_leak,41_89_112,24,89,112,53400,67200,1,0.5099258,1
test,41,data_41.csv,persistent_leak,41_90_113,24,90,113,54000,67800,1,0.5062882,1
test,41,data_41.csv,persistent_leak,41_91_114,24,91,114,54600,68400,1,0.50379395,1
test,41,data_41.csv,persistent_leak,41_92_115,24,92,115,55200,69000,1,0.49778032,1
test,41,data_41.csv,persistent_leak,41_93_116,24,93,116,55800,69600,1,0.48863876,1
test,41,data_41.csv,persistent_leak,41_94_117,24,94,117,56400,70200,1,0.48054066,1
test,41,data_41.csv,persistent_leak,41_95_118,24,95,118,57000,70800,1,0.47280914,1
test,41,data_41.csv,persistent_leak,41_96_119,24,96,119,57600,71400,1,0.46355212,1
test,41,data_41.csv,persistent_leak,41_97_120,24,97,120,58200,72000,1,0.46551147,1
test,41,data_41.csv,persistent_leak,41_98_121,24,98,121,58800,72600,1,0.47037968,1
test,41,data_41.csv,persistent_leak,41_99_122,24,99,122,59400,73200,1,0.4749029,1
test,41,data_41.csv,persistent_leak,41_100_123,24,100,123,60000,73800,1,0.4839315,1
test,41,data_41.csv,persistent_leak,41_101_124,24,101,124,60600,74400,1,0.48048484,1
test,41,data_41.csv,persistent_leak,41_102_125,24,102,125,61200,75000,1,0.4859436,1
test,41,data_41.csv,persistent_leak,41_103_126,24,103,126,61800,75600,1,0.4927854,1
test,41,data_41.csv,persistent_leak,41_104_127,24,104,127,62400,76200,1,0.5064958,1
test,41,data_41.csv,persistent_leak,41_105_128,24,105,128,63000,76800,1,0.5196009,1
test,41,data_41.csv,persistent_leak,41_106_129,24,106,129,63600,77400,1,0.52947176,1
test,41,data_41.csv,persistent_leak,41_107_130,24,107,130,64200,78000,1,0.53046185,1
test,41,data_41.csv,persistent_leak,41_108_131,24,108,131,64800,78600,1,0.53609425,1
test,41,data_41.csv,persistent_leak,41_109_132,24,109,132,65400,79200,1,0.5423738,1
test,41,data_41.csv,persistent_leak,41_110_133,24,110,133,66000,79800,1,0.5553822,1
test,41,data_41.csv,persistent_leak,41_111_134,24,111,134,66600,80400,1,0.5651281,1
test,41,data_41.csv,persistent_leak,41_112_135,24,112,135,67200,81000,1,0.56937814,1
test,41,data_41.csv,persistent_leak,41_113_136,24,113,136,67800,81600,1,0.57882404,1
test,41,data_41.csv,persistent_leak,41_114_137,24,114,137,68400,82200,1,0.589393,1
test,41,data_41.csv,persistent_leak,41_115_138,24,115,138,69000,82800,1,0.58619976,1
test,41,data_41.csv,persistent_leak,41_116_139,24,116,139,69600,83400,1,0.5791678,1
test,41,data_41.csv,persistent_leak,41_117_140,24,117,140,70200,84000,1,0.57168347,1
test,41,data_41.csv,persistent_leak,41_118_141,24,118,141,70800,84600,1,0.55264866,1
test,41,data_41.csv,persistent_leak,41_119_142,24,119,142,71400,85200,1,0.5414021,1
test,41,data_41.csv,persistent_leak,41_120_143,24,120,143,72000,85800,1,0.5295022,1
test,41,data_41.csv,persistent_leak,41_121_144,24,121,144,72600,86400,1,0.50682133,1
test,42,data_42.csv,persistent_leak,42_0_23,24,0,23,0,13800,1,0.28332847,0
test,42,data_42.csv,persistent_leak,42_1_24,24,1,24,600,14400,1,0.27348652,0
test,42,data_42.csv,persistent_leak,42_2_25,24,2,25,1200,15000,1,0.2614578,0
test,42,data_42.csv,persistent_leak,42_3_26,24,3,26,1800,15600,1,0.24610162,0
test,42,data_42.csv,persistent_leak,42_4_27,24,4,27,2400,16200,1,0.23004271,0
test,42,data_42.csv,persistent_leak,42_5_28,24,5,28,3000,16800,1,0.2200074,0
test,42,data_42.csv,persistent_leak,42_6_29,24,6,29,3600,17400,1,0.20993051,0
test,42,data_42.csv,persistent_leak,42_7_30,24,7,30,4200,18000,1,0.20323761,0
test,42,data_42.csv,persistent_leak,42_8_31,24,8,31,4800,18600,1,0.19600074,0
test,42,data_42.csv,persistent_leak,42_9_32,24,9,32,5400,19200,1,0.19170684,0
test,42,data_42.csv,persistent_leak,42_10_33,24,10,33,6000,19800,1,0.18538375,0
test,42,data_42.csv,persistent_leak,42_11_34,24,11,34,6600,20400,1,0.18353309,0
test,42,data_42.csv,persistent_leak,42_12_35,24,12,35,7200,21000,1,0.17971337,0
test,42,data_42.csv,persistent_leak,42_13_36,24,13,36,7800,21600,1,0.17593016,0
test,42,data_42.csv,persistent_leak,42_14_37,24,14,37,8400,22200,1,0.16925798,0
test,42,data_42.csv,persistent_leak,42_15_38,24,15,38,9000,22800,1,0.16713229,0
test,42,data_42.csv,persistent_leak,42_16_39,24,16,39,9600,23400,1,0.16609883,0
test,42,data_42.csv,persistent_leak,42_17_40,24,17,40,10200,24000,1,0.16600549,0
test,42,data_42.csv,persistent_leak,42_18_41,24,18,41,10800,24600,1,0.16480447,0
test,42,data_42.csv,persistent_leak,42_19_42,24,19,42,11400,25200,1,0.16234042,0
test,42,data_42.csv,persistent_leak,42_20_43,24,20,43,12000,25800,1,0.15932664,0
test,42,data_42.csv,persistent_leak,42_21_44,24,21,44,12600,26400,1,0.1618099,0
test,42,data_42.csv,persistent_leak,42_22_45,24,22,45,13200,27000,1,0.16508852,0
test,42,data_42.csv,persistent_leak,42_23_46,24,23,46,13800,27600,1,0.17002898,0
test,42,data_42.csv,persistent_leak,42_24_47,24,24,47,14400,28200,1,0.1737918,0
test,42,data_42.csv,persistent_leak,42_25_48,24,25,48,15000,28800,1,0.17021894,0
test,42,data_42.csv,persistent_leak,42_26_49,24,26,49,15600,29400,1,0.16577756,0
test,42,data_42.csv,persistent_leak,42_27_50,24,27,50,16200,30000,1,0.17026827,0
test,42,data_42.csv,persistent_leak,42_28_51,24,28,51,16800,30600,1,0.17497815,0
test,42,data_42.csv,persistent_leak,42_29_52,24,29,52,17400,31200,1,0.18175429,0
test,42,data_42.csv,persistent_leak,42_30_53,24,30,53,18000,31800,1,0.1872742,0
test,42,data_42.csv,persistent_leak,42_31_54,24,31,54,18600,32400,1,0.18714367,0
test,42,data_42.csv,persistent_leak,42_32_55,24,32,55,19200,33000,1,0.18757565,0
test,42,data_42.csv,persistent_leak,42_33_56,24,33,56,19800,33600,1,0.19616026,0
test,42,data_42.csv,persistent_leak,42_34_57,24,34,57,20400,34200,1,0.21215792,0
test,42,data_42.csv,persistent_leak,42_35_58,24,35,58,21000,34800,1,0.2188531,0
test,42,data_42.csv,persistent_leak,42_36_59,24,36,59,21600,35400,1,0.22750612,0
test,42,data_42.csv,persistent_leak,42_37_60,24,37,60,22200,36000,1,0.23572662,0
test,42,data_42.csv,persistent_leak,42_38_61,24,38,61,22800,36600,1,0.2507307,0
test,42,data_42.csv,persistent_leak,42_39_62,24,39,62,23400,37200,1,0.27125925,0
test,42,data_42.csv,persistent_leak,42_40_63,24,40,63,24000,37800,1,0.30243117,1
test,42,data_42.csv,persistent_leak,42_41_64,24,41,64,24600,38400,1,0.3205883,1
test,42,data_42.csv,persistent_leak,42_42_65,24,42,65,25200,39000,1,0.34170234,1
test,42,data_42.csv,persistent_leak,42_43_66,24,43,66,25800,39600,1,0.34723556,1
test,42,data_42.csv,persistent_leak,42_44_67,24,44,67,26400,40200,1,0.36056605,1
test,42,data_42.csv,persistent_leak,42_45_68,24,45,68,27000,40800,1,0.3787916,1
test,42,data_42.csv,persistent_leak,42_46_69,24,46,69,27600,41400,1,0.39225847,1
test,42,data_42.csv,persistent_leak,42_47_70,24,47,70,28200,42000,1,0.41065028,1
test,42,data_42.csv,persistent_leak,42_48_71,24,48,71,28800,42600,1,0.43698505,1
test,42,data_42.csv,persistent_leak,42_49_72,24,49,72,29400,43200,1,0.4444601,1
test,42,data_42.csv,persistent_leak,42_50_73,24,50,73,30000,43800,1,0.44134003,1
test,42,data_42.csv,persistent_leak,42_51_74,24,51,74,30600,44400,1,0.44110405,1
test,42,data_42.csv,persistent_leak,42_52_75,24,52,75,31200,45000,1,0.4396312,1
test,42,data_42.csv,persistent_leak,42_53_76,24,53,76,31800,45600,1,0.46327087,1
test,42,data_42.csv,persistent_leak,42_54_77,24,54,77,32400,46200,1,0.49116448,1
test,42,data_42.csv,persistent_leak,42_55_78,24,55,78,33000,46800,1,0.52088237,1
test,42,data_42.csv,persistent_leak,42_56_79,24,56,79,33600,47400,1,0.5336027,1
test,42,data_42.csv,persistent_leak,42_57_80,24,57,80,34200,48000,1,0.54583055,1
test,42,data_42.csv,persistent_leak,42_58_81,24,58,81,34800,48600,1,0.5597957,1
test,42,data_42.csv,persistent_leak,42_59_82,24,59,82,35400,49200,1,0.5852815,1
test,42,data_42.csv,persistent_leak,42_60_83,24,60,83,36000,49800,1,0.61797017,1
test,42,data_42.csv,persistent_leak,42_61_84,24,61,84,36600,50400,1,0.6008822,1
test,42,data_42.csv,persistent_leak,42_62_85,24,62,85,37200,51000,1,0.5951328,1
test,42,data_42.csv,persistent_leak,42_63_86,24,63,86,37800,51600,1,0.6024571,1
test,42,data_42.csv,persistent_leak,42_64_87,24,64,87,38400,52200,1,0.59933543,1
test,42,data_42.csv,persistent_leak,42_65_88,24,65,88,39000,52800,1,0.60746247,1
test,42,data_42.csv,persistent_leak,42_66_89,24,66,89,39600,53400,1,0.61057323,1
test,42,data_42.csv,persistent_leak,42_67_90,24,67,90,40200,54000,1,0.5717446,1
test,42,data_42.csv,persistent_leak,42_68_91,24,68,91,40800,54600,1,0.55105126,1
test,42,data_42.csv,persistent_leak,42_69_92,24,69,92,41400,55200,1,0.5619448,1
test,42,data_42.csv,persistent_leak,42_70_93,24,70,93,42000,55800,1,0.57343155,1
test,42,data_42.csv,persistent_leak,42_71_94,24,71,94,42600,56400,1,0.5815587,1
test,42,data_42.csv,persistent_leak,42_72_95,24,72,95,43200,57000,1,0.5744108,1
test,42,data_42.csv,persistent_leak,42_73_96,24,73,96,43800,57600,1,0.56694967,1
test,42,data_42.csv,persistent_leak,42_74_97,24,74,97,44400,58200,1,0.5569408,1
test,42,data_42.csv,persistent_leak,42_75_98,24,75,98,45000,58800,1,0.5600639,1
test,42,data_42.csv,persistent_leak,42_76_99,24,76,99,45600,59400,1,0.56603336,1
test,42,data_42.csv,persistent_leak,42_77_100,24,77,100,46200,60000,1,0.56950533,1
test,42,data_42.csv,persistent_leak,42_78_101,24,78,101,46800,60600,1,0.562831,1
test,42,data_42.csv,persistent_leak,42_79_102,24,79,102,47400,61200,1,0.56018317,1
test,42,data_42.csv,persistent_leak,42_80_103,24,80,103,48000,61800,1,0.5626183,1
test,42,data_42.csv,persistent_leak,42_81_104,24,81,104,48600,62400,1,0.56553954,1
test,42,data_42.csv,persistent_leak,42_82_105,24,82,105,49200,63000,1,0.56500036,1
test,42,data_42.csv,persistent_leak,42_83_106,24,83,106,49800,63600,1,0.56512606,1
test,42,data_42.csv,persistent_leak,42_84_107,24,84,107,50400,64200,1,0.56729,1
test,42,data_42.csv,persistent_leak,42_85_108,24,85,108,51000,64800,1,0.5652835,1
test,42,data_42.csv,persistent_leak,42_86_109,24,86,109,51600,65400,1,0.5620834,1
test,42,data_42.csv,persistent_leak,42_87_110,24,87,110,52200,66000,1,0.5521273,1
test,42,data_42.csv,persistent_leak,42_88_111,24,88,111,52800,66600,1,0.53056484,1
test,42,data_42.csv,persistent_leak,42_89_112,24,89,112,53400,67200,1,0.5142382,1
test,42,data_42.csv,persistent_leak,42_90_113,24,90,113,54000,67800,1,0.50138247,1
test,42,data_42.csv,persistent_leak,42_91_114,24,91,114,54600,68400,1,0.4796961,1
test,42,data_42.csv,persistent_leak,42_92_115,24,92,115,55200,69000,1,0.45209917,1
test,42,data_42.csv,persistent_leak,42_93_116,24,93,116,55800,69600,1,0.4265803,1
test,42,data_42.csv,persistent_leak,42_94_117,24,94,117,56400,70200,1,0.39316434,1
test,42,data_42.csv,persistent_leak,42_95_118,24,95,118,57000,70800,1,0.37641954,1
test,42,data_42.csv,persistent_leak,42_96_119,24,96,119,57600,71400,1,0.35328463,1
test,42,data_42.csv,persistent_leak,42_97_120,24,97,120,58200,72000,1,0.34601027,1
test,42,data_42.csv,persistent_leak,42_98_121,24,98,121,58800,72600,1,0.3308002,1
test,42,data_42.csv,persistent_leak,42_99_122,24,99,122,59400,73200,1,0.3191745,1
test,42,data_42.csv,persistent_leak,42_100_123,24,100,123,60000,73800,1,0.31365585,1
test,42,data_42.csv,persistent_leak,42_101_124,24,101,124,60600,74400,1,0.3063861,1
test,42,data_42.csv,persistent_leak,42_102_125,24,102,125,61200,75000,1,0.29840374,0
test,42,data_42.csv,persistent_leak,42_103_126,24,103,126,61800,75600,1,0.3003499,1
test,42,data_42.csv,persistent_leak,42_104_127,24,104,127,62400,76200,1,0.30482173,1
test,42,data_42.csv,persistent_leak,42_105_128,24,105,128,63000,76800,1,0.3138698,1
test,42,data_42.csv,persistent_leak,42_106_129,24,106,129,63600,77400,1,0.32616174,1
test,42,data_42.csv,persistent_leak,42_107_130,24,107,130,64200,78000,1,0.33547762,1
test,42,data_42.csv,persistent_leak,42_108_131,24,108,131,64800,78600,1,0.34574905,1
test,42,data_42.csv,persistent_leak,42_109_132,24,109,132,65400,79200,1,0.35496148,1
test,42,data_42.csv,persistent_leak,42_110_133,24,110,133,66000,79800,1,0.36402437,1
test,42,data_42.csv,persistent_leak,42_111_134,24,111,134,66600,80400,1,0.38132483,1
test,42,data_42.csv,persistent_leak,42_112_135,24,112,135,67200,81000,1,0.40120426,1
test,42,data_42.csv,persistent_leak,42_113_136,24,113,136,67800,81600,1,0.41026998,1
test,42,data_42.csv,persistent_leak,42_114_137,24,114,137,68400,82200,1,0.42406106,1
test,42,data_42.csv,persistent_leak,42_115_138,24,115,138,69000,82800,1,0.4419623,1
test,42,data_42.csv,persistent_leak,42_116_139,24,116,139,69600,83400,1,0.46416813,1
test,42,data_42.csv,persistent_leak,42_117_140,24,117,140,70200,84000,1,0.4830796,1
test,42,data_42.csv,persistent_leak,42_118_141,24,118,141,70800,84600,1,0.5060634,1
test,42,data_42.csv,persistent_leak,42_119_142,24,119,142,71400,85200,1,0.5044683,1
test,42,data_42.csv,persistent_leak,42_120_143,24,120,143,72000,85800,1,0.518463,1
test,42,data_42.csv,persistent_leak,42_121_144,24,121,144,72600,86400,1,0.5251524,1
test,46,data_46.csv,onset_leak,46_0_23,24,0,23,0,13800,0,0.24215087,0
test,46,data_46.csv,onset_leak,46_1_24,24,1,24,600,14400,0,0.23477814,0
test,46,data_46.csv,onset_leak,46_2_25,24,2,25,1200,15000,0,0.22893304,0
test,46,data_46.csv,onset_leak,46_3_26,24,3,26,1800,15600,0,0.22024822,0
test,46,data_46.csv,onset_leak,46_4_27,24,4,27,2400,16200,0,0.20846915,0
test,46,data_46.csv,onset_leak,46_5_28,24,5,28,3000,16800,0,0.20455155,0
test,46,data_46.csv,onset_leak,46_6_29,24,6,29,3600,17400,0,0.19933271,0
test,46,data_46.csv,onset_leak,46_7_30,24,7,30,4200,18000,0,0.18901084,0
test,46,data_46.csv,onset_leak,46_8_31,24,8,31,4800,18600,0,0.17787567,0
test,46,data_46.csv,onset_leak,46_9_32,24,9,32,5400,19200,0,0.17113397,0
test,46,data_46.csv,onset_leak,46_10_33,24,10,33,6000,19800,0,0.16198288,0
test,46,data_46.csv,onset_leak,46_11_34,24,11,34,6600,20400,0,0.1588308,0
test,46,data_46.csv,onset_leak,46_12_35,24,12,35,7200,21000,0,0.15321866,0
test,46,data_46.csv,onset_leak,46_13_36,24,13,36,7800,21600,0,0.14948066,0
test,46,data_46.csv,onset_leak,46_14_37,24,14,37,8400,22200,0,0.14210933,0
test,46,data_46.csv,onset_leak,46_15_38,24,15,38,9000,22800,0,0.14055873,0
test,46,data_46.csv,onset_leak,46_16_39,24,16,39,9600,23400,0,0.14141744,0
test,46,data_46.csv,onset_leak,46_17_40,24,17,40,10200,24000,0,0.14160444,0
test,46,data_46.csv,onset_leak,46_18_41,24,18,41,10800,24600,0,0.14115794,0
test,46,data_46.csv,onset_leak,46_19_42,24,19,42,11400,25200,0,0.14185368,0
test,46,data_46.csv,onset_leak,46_20_43,24,20,43,12000,25800,0,0.14327963,0
test,46,data_46.csv,onset_leak,46_21_44,24,21,44,12600,26400,0,0.15041234,0
test,46,data_46.csv,onset_leak,46_22_45,24,22,45,13200,27000,0,0.16072285,0
test,46,data_46.csv,onset_leak,46_23_46,24,23,46,13800,27600,0,0.16891252,0
test,46,data_46.csv,onset_leak,46_24_47,24,24,47,14400,28200,0,0.17775024,0
test,46,data_46.csv,onset_leak,46_25_48,24,25,48,15000,28800,0,0.17712289,0
test,46,data_46.csv,onset_leak,46_26_49,24,26,49,15600,29400,0,0.17976423,0
test,46,data_46.csv,onset_leak,46_27_50,24,27,50,16200,30000,0,0.18883272,0
test,46,data_46.csv,onset_leak,46_28_51,24,28,51,16800,30600,0,0.19891626,0
test,46,data_46.csv,onset_leak,46_29_52,24,29,52,17400,31200,0,0.20985179,0
test,46,data_46.csv,onset_leak,46_30_53,24,30,53,18000,31800,0,0.2205662,0
test,46,data_46.csv,onset_leak,46_31_54,24,31,54,18600,32400,0,0.22377375,0
test,46,data_46.csv,onset_leak,46_32_55,24,32,55,19200,33000,0,0.22635442,0
test,46,data_46.csv,onset_leak,46_33_56,24,33,56,19800,33600,0,0.23843618,0
test,46,data_46.csv,onset_leak,46_34_57,24,34,57,20400,34200,0,0.25481617,0
test,46,data_46.csv,onset_leak,46_35_58,24,35,58,21000,34800,0,0.26303586,0
test,46,data_46.csv,onset_leak,46_36_59,24,36,59,21600,35400,0,0.27250877,0
test,46,data_46.csv,onset_leak,46_37_60,24,37,60,22200,36000,0,0.28192636,0
test,46,data_46.csv,onset_leak,46_38_61,24,38,61,22800,36600,0,0.29758766,0
test,46,data_46.csv,onset_leak,46_39_62,24,39,62,23400,37200,0,0.31155846,1
test,46,data_46.csv,onset_leak,46_40_63,24,40,63,24000,37800,0,0.3356853,1
test,46,data_46.csv,onset_leak,46_41_64,24,41,64,24600,38400,0,0.34741622,1
test,46,data_46.csv,onset_leak,46_42_65,24,42,65,25200,39000,0,0.36259624,1
test,46,data_46.csv,onset_leak,46_43_66,24,43,66,25800,39600,0,0.36741793,1
test,46,data_46.csv,onset_leak,46_44_67,24,44,67,26400,40200,0,0.37868902,1
test,46,data_46.csv,onset_leak,46_45_68,24,45,68,27000,40800,0,0.39552626,1
test,46,data_46.csv,onset_leak,46_46_69,24,46,69,27600,41400,0,0.40309593,1
test,46,data_46.csv,onset_leak,46_47_70,24,47,70,28200,42000,0,0.4202845,1
test,46,data_46.csv,onset_leak,46_48_71,24,48,71,28800,42600,0,0.4348493,1
test,46,data_46.csv,onset_leak,46_49_72,24,49,72,29400,43200,1,0.42054814,1
test,46,data_46.csv,onset_leak,46_50_73,24,50,73,30000,43800,1,0.40022182,1
test,46,data_46.csv,onset_leak,46_51_74,24,51,74,30600,44400,1,0.38189042,1
test,46,data_46.csv,onset_leak,46_52_75,24,52,75,31200,45000,1,0.36205348,1
test,46,data_46.csv,onset_leak,46_53_76,24,53,76,31800,45600,1,0.35509926,1
test,46,data_46.csv,onset_leak,46_54_77,24,54,77,32400,46200,1,0.3426644,1
test,46,data_46.csv,onset_leak,46_55_78,24,55,78,33000,46800,1,0.34205866,1
test,46,data_46.csv,onset_leak,46_56_79,24,56,79,33600,47400,1,0.33558327,1
test,46,data_46.csv,onset_leak,46_57_80,24,57,80,34200,48000,1,0.3297898,1
test,46,data_46.csv,onset_leak,46_58_81,24,58,81,34800,48600,1,0.32702497,1
test,46,data_46.csv,onset_leak,46_59_82,24,59,82,35400,49200,1,0.34745738,1
test,46,data_46.csv,onset_leak,46_60_83,24,60,83,36000,49800,1,0.374159,1
test,46,data_46.csv,onset_leak,46_61_84,24,61,84,36600,50400,1,0.4281688,1
test,46,data_46.csv,onset_leak,46_62_85,24,62,85,37200,51000,1,0.45973682,1
test,46,data_46.csv,onset_leak,46_63_86,24,63,86,37800,51600,1,0.48612082,1
test,46,data_46.csv,onset_leak,46_64_87,24,64,87,38400,52200,1,0.5165585,1
test,46,data_46.csv,onset_leak,46_65_88,24,65,88,39000,52800,1,0.58280516,1
test,46,data_46.csv,onset_leak,46_66_89,24,66,89,39600,53400,1,0.6502945,1
test,46,data_46.csv,onset_leak,46_67_90,24,67,90,40200,54000,1,0.6971366,1
test,46,data_46.csv,onset_leak,46_68_91,24,68,91,40800,54600,1,0.7142304,1
test,46,data_46.csv,onset_leak,46_69_92,24,69,92,41400,55200,1,0.73779863,1
test,46,data_46.csv,onset_leak,46_70_93,24,70,93,42000,55800,1,0.74091274,1
test,46,data_46.csv,onset_leak,46_71_94,24,71,94,42600,56400,1,0.76991224,1
test,46,data_46.csv,onset_leak,46_72_95,24,72,95,43200,57000,1,0.7934349,1
test,46,data_46.csv,onset_leak,46_73_96,24,73,96,43800,57600,1,0.78823346,1
test,46,data_46.csv,onset_leak,46_74_97,24,74,97,44400,58200,1,0.78809476,1
test,46,data_46.csv,onset_leak,46_75_98,24,75,98,45000,58800,1,0.79935825,1
test,46,data_46.csv,onset_leak,46_76_99,24,76,99,45600,59400,1,0.7956832,1
test,46,data_46.csv,onset_leak,46_77_100,24,77,100,46200,60000,1,0.8047939,1
test,46,data_46.csv,onset_leak,46_78_101,24,78,101,46800,60600,1,0.8092922,1
test,46,data_46.csv,onset_leak,46_79_102,24,79,102,47400,61200,1,0.80156404,1
test,46,data_46.csv,onset_leak,46_80_103,24,80,103,48000,61800,1,0.7954093,1
test,46,data_46.csv,onset_leak,46_81_104,24,81,104,48600,62400,1,0.7983179,1
test,46,data_46.csv,onset_leak,46_82_105,24,82,105,49200,63000,1,0.7958285,1
test,46,data_46.csv,onset_leak,46_83_106,24,83,106,49800,63600,1,0.7978876,1
test,46,data_46.csv,onset_leak,46_84_107,24,84,107,50400,64200,1,0.7945911,1
test,46,data_46.csv,onset_leak,46_85_108,24,85,108,51000,64800,1,0.780667,1
test,46,data_46.csv,onset_leak,46_86_109,24,86,109,51600,65400,1,0.7699381,1
test,46,data_46.csv,onset_leak,46_87_110,24,87,110,52200,66000,1,0.7663766,1
test,46,data_46.csv,onset_leak,46_88_111,24,88,111,52800,66600,1,0.7646236,1
test,46,data_46.csv,onset_leak,46_89_112,24,89,112,53400,67200,1,0.7585698,1
test,46,data_46.csv,onset_leak,46_90_113,24,90,113,54000,67800,1,0.7473588,1
test,46,data_46.csv,onset_leak,46_91_114,24,91,114,54600,68400,1,0.7310913,1
test,46,data_46.csv,onset_leak,46_92_115,24,92,115,55200,69000,1,0.71697813,1
test,46,data_46.csv,onset_leak,46_93_116,24,93,116,55800,69600,1,0.7101938,1
test,46,data_46.csv,onset_leak,46_94_117,24,94,117,56400,70200,1,0.7047708,1
test,46,data_46.csv,onset_leak,46_95_118,24,95,118,57000,70800,1,0.68777394,1
test,46,data_46.csv,onset_leak,46_96_119,24,96,119,57600,71400,1,0.6731743,1
test,46,data_46.csv,onset_leak,46_97_120,24,97,120,58200,72000,1,0.64300585,1
test,46,data_46.csv,onset_leak,46_98_121,24,98,121,58800,72600,1,0.6233513,1
test,46,data_46.csv,onset_leak,46_99_122,24,99,122,59400,73200,1,0.6197326,1
test,46,data_46.csv,onset_leak,46_100_123,24,100,123,60000,73800,1,0.6178733,1
test,46,data_46.csv,onset_leak,46_101_124,24,101,124,60600,74400,1,0.60509485,1
test,46,data_46.csv,onset_leak,46_102_125,24,102,125,61200,75000,1,0.58656615,1
test,46,data_46.csv,onset_leak,46_103_126,24,103,126,61800,75600,1,0.5698499,1
test,46,data_46.csv,onset_leak,46_104_127,24,104,127,62400,76200,1,0.55696905,1
test,46,data_46.csv,onset_leak,46_105_128,24,105,128,63000,76800,1,0.55996305,1
test,46,data_46.csv,onset_leak,46_106_129,24,106,129,63600,77400,1,0.5666922,1
test,46,data_46.csv,onset_leak,46_107_130,24,107,130,64200,78000,1,0.5584306,1
test,46,data_46.csv,onset_leak,46_108_131,24,108,131,64800,78600,1,0.54943633,1
test,46,data_46.csv,onset_leak,46_109_132,24,109,132,65400,79200,1,0.55485517,1
test,46,data_46.csv,onset_leak,46_110_133,24,110,133,66000,79800,1,0.56044644,1
test,46,data_46.csv,onset_leak,46_111_134,24,111,134,66600,80400,1,0.568579,1
test,46,data_46.csv,onset_leak,46_112_135,24,112,135,67200,81000,1,0.5705874,1
test,46,data_46.csv,onset_leak,46_113_136,24,113,136,67800,81600,1,0.57344097,1
test,46,data_46.csv,onset_leak,46_114_137,24,114,137,68400,82200,1,0.58023083,1
test,46,data_46.csv,onset_leak,46_115_138,24,115,138,69000,82800,1,0.5844421,1
test,46,data_46.csv,onset_leak,46_116_139,24,116,139,69600,83400,1,0.5873165,1
test,46,data_46.csv,onset_leak,46_117_140,24,117,140,70200,84000,1,0.5925399,1
test,46,data_46.csv,onset_leak,46_118_141,24,118,141,70800,84600,1,0.59123087,1
test,46,data_46.csv,onset_leak,46_119_142,24,119,142,71400,85200,1,0.59312135,1
test,46,data_46.csv,onset_leak,46_120_143,24,120,143,72000,85800,1,0.5933212,1
test,46,data_46.csv,onset_leak,46_121_144,24,121,144,72600,86400,1,0.5831379,1
test,48,data_48.csv,onset_leak,48_0_23,24,0,23,0,13800,0,0.24091333,0
test,48,data_48.csv,onset_leak,48_1_24,24,1,24,600,14400,0,0.23480427,0
test,48,data_48.csv,onset_leak,48_2_25,24,2,25,1200,15000,0,0.22741242,0
test,48,data_48.csv,onset_leak,48_3_26,24,3,26,1800,15600,0,0.2182838,0
test,48,data_48.csv,onset_leak,48_4_27,24,4,27,2400,16200,0,0.20980391,0
test,48,data_48.csv,onset_leak,48_5_28,24,5,28,3000,16800,0,0.20485283,0
test,48,data_48.csv,onset_leak,48_6_29,24,6,29,3600,17400,0,0.19843794,0
test,48,data_48.csv,onset_leak,48_7_30,24,7,30,4200,18000,0,0.19267385,0
test,48,data_48.csv,onset_leak,48_8_31,24,8,31,4800,18600,0,0.18612827,0
test,48,data_48.csv,onset_leak,48_9_32,24,9,32,5400,19200,0,0.1829601,0
test,48,data_48.csv,onset_leak,48_10_33,24,10,33,6000,19800,0,0.17721328,0
test,48,data_48.csv,onset_leak,48_11_34,24,11,34,6600,20400,0,0.17725343,0
test,48,data_48.csv,onset_leak,48_12_35,24,12,35,7200,21000,0,0.17481025,0
test,48,data_48.csv,onset_leak,48_13_36,24,13,36,7800,21600,0,0.1686896,0
test,48,data_48.csv,onset_leak,48_14_37,24,14,37,8400,22200,0,0.15962909,0
test,48,data_48.csv,onset_leak,48_15_38,24,15,38,9000,22800,0,0.15768208,0
test,48,data_48.csv,onset_leak,48_16_39,24,16,39,9600,23400,0,0.15589857,0
test,48,data_48.csv,onset_leak,48_17_40,24,17,40,10200,24000,0,0.15643518,0
test,48,data_48.csv,onset_leak,48_18_41,24,18,41,10800,24600,0,0.15538575,0
test,48,data_48.csv,onset_leak,48_19_42,24,19,42,11400,25200,0,0.15243247,0
test,48,data_48.csv,onset_leak,48_20_43,24,20,43,12000,25800,0,0.14740808,0
test,48,data_48.csv,onset_leak,48_21_44,24,21,44,12600,26400,0,0.14983667,0
test,48,data_48.csv,onset_leak,48_22_45,24,22,45,13200,27000,0,0.15516429,0
test,48,data_48.csv,onset_leak,48_23_46,24,23,46,13800,27600,0,0.16072653,0
test,48,data_48.csv,onset_leak,48_24_47,24,24,47,14400,28200,0,0.16473255,0
test,48,data_48.csv,onset_leak,48_25_48,24,25,48,15000,28800,0,0.16164759,0
test,48,data_48.csv,onset_leak,48_26_49,24,26,49,15600,29400,0,0.16205788,0
test,48,data_48.csv,onset_leak,48_27_50,24,27,50,16200,30000,0,0.17274553,0
test,48,data_48.csv,onset_leak,48_28_51,24,28,51,16800,30600,0,0.1862038,0
test,48,data_48.csv,onset_leak,48_29_52,24,29,52,17400,31200,0,0.1962899,0
test,48,data_48.csv,onset_leak,48_30_53,24,30,53,18000,31800,0,0.20932224,0
test,48,data_48.csv,onset_leak,48_31_54,24,31,54,18600,32400,0,0.22109547,0
test,48,data_48.csv,onset_leak,48_32_55,24,32,55,19200,33000,0,0.2247787,0
test,48,data_48.csv,onset_leak,48_33_56,24,33,56,19800,33600,0,0.23699011,0
test,48,data_48.csv,onset_leak,48_34_57,24,34,57,20400,34200,0,0.26301637,0
test,48,data_48.csv,onset_leak,48_35_58,24,35,58,21000,34800,0,0.2788542,0
test,48,data_48.csv,onset_leak,48_36_59,24,36,59,21600,35400,0,0.29907668,0
test,48,data_48.csv,onset_leak,48_37_60,24,37,60,22200,36000,0,0.31972256,1
test,48,data_48.csv,onset_leak,48_38_61,24,38,61,22800,36600,0,0.33485094,1
test,48,data_48.csv,onset_leak,48_39_62,24,39,62,23400,37200,0,0.3610644,1
test,48,data_48.csv,onset_leak,48_40_63,24,40,63,24000,37800,0,0.4035091,1
test,48,data_48.csv,onset_leak,48_41_64,24,41,64,24600,38400,0,0.42447817,1
test,48,data_48.csv,onset_leak,48_42_65,24,42,65,25200,39000,0,0.45105714,1
test,48,data_48.csv,onset_leak,48_43_66,24,43,66,25800,39600,0,0.47503215,1
test,48,data_48.csv,onset_leak,48_44_67,24,44,67,26400,40200,0,0.5062877,1
test,48,data_48.csv,onset_leak,48_45_68,24,45,68,27000,40800,0,0.53436786,1
test,48,data_48.csv,onset_leak,48_46_69,24,46,69,27600,41400,0,0.54162604,1
test,48,data_48.csv,onset_leak,48_47_70,24,47,70,28200,42000,0,0.5863959,1
test,48,data_48.csv,onset_leak,48_48_71,24,48,71,28800,42600,0,0.6270639,1
test,48,data_48.csv,onset_leak,48_49_72,24,49,72,29400,43200,1,0.65271115,1
test,48,data_48.csv,onset_leak,48_50_73,24,50,73,30000,43800,1,0.6753562,1
test,48,data_48.csv,onset_leak,48_51_74,24,51,74,30600,44400,1,0.68784004,1
test,48,data_48.csv,onset_leak,48_52_75,24,52,75,31200,45000,1,0.7037522,1
test,48,data_48.csv,onset_leak,48_53_76,24,53,76,31800,45600,1,0.7287681,1
test,48,data_48.csv,onset_leak,48_54_77,24,54,77,32400,46200,1,0.7455405,1
test,48,data_48.csv,onset_leak,48_55_78,24,55,78,33000,46800,1,0.7225264,1
test,48,data_48.csv,onset_leak,48_56_79,24,56,79,33600,47400,1,0.7163393,1
test,48,data_48.csv,onset_leak,48_57_80,24,57,80,34200,48000,1,0.72189033,1
test,48,data_48.csv,onset_leak,48_58_81,24,58,81,34800,48600,1,0.7079282,1
test,48,data_48.csv,onset_leak,48_59_82,24,59,82,35400,49200,1,0.69967884,1
test,48,data_48.csv,onset_leak,48_60_83,24,60,83,36000,49800,1,0.70096445,1
test,48,data_48.csv,onset_leak,48_61_84,24,61,84,36600,50400,1,0.6593778,1
test,48,data_48.csv,onset_leak,48_62_85,24,62,85,37200,51000,1,0.62601805,1
test,48,data_48.csv,onset_leak,48_63_86,24,63,86,37800,51600,1,0.6278486,1
test,48,data_48.csv,onset_leak,48_64_87,24,64,87,38400,52200,1,0.625253,1
test,48,data_48.csv,onset_leak,48_65_88,24,65,88,39000,52800,1,0.63568175,1
test,48,data_48.csv,onset_leak,48_66_89,24,66,89,39600,53400,1,0.6229075,1
test,48,data_48.csv,onset_leak,48_67_90,24,67,90,40200,54000,1,0.6000848,1
test,48,data_48.csv,onset_leak,48_68_91,24,68,91,40800,54600,1,0.58320296,1
test,48,data_48.csv,onset_leak,48_69_92,24,69,92,41400,55200,1,0.58701706,1
test,48,data_48.csv,onset_leak,48_70_93,24,70,93,42000,55800,1,0.5949658,1
test,48,data_48.csv,onset_leak,48_71_94,24,71,94,42600,56400,1,0.6128496,1
test,48,data_48.csv,onset_leak,48_72_95,24,72,95,43200,57000,1,0.609705,1
test,48,data_48.csv,onset_leak,48_73_96,24,73,96,43800,57600,1,0.5926546,1
test,48,data_48.csv,onset_leak,48_74_97,24,74,97,44400,58200,1,0.58222884,1
test,48,data_48.csv,onset_leak,48_75_98,24,75,98,45000,58800,1,0.57450145,1
test,48,data_48.csv,onset_leak,48_76_99,24,76,99,45600,59400,1,0.5750232,1
test,48,data_48.csv,onset_leak,48_77_100,24,77,100,46200,60000,1,0.57248265,1
test,48,data_48.csv,onset_leak,48_78_101,24,78,101,46800,60600,1,0.57078236,1
test,48,data_48.csv,onset_leak,48_79_102,24,79,102,47400,61200,1,0.5683302,1
test,48,data_48.csv,onset_leak,48_80_103,24,80,103,48000,61800,1,0.5662682,1
test,48,data_48.csv,onset_leak,48_81_104,24,81,104,48600,62400,1,0.5611622,1
test,48,data_48.csv,onset_leak,48_82_105,24,82,105,49200,63000,1,0.54706424,1
test,48,data_48.csv,onset_leak,48_83_106,24,83,106,49800,63600,1,0.53033704,1
test,48,data_48.csv,onset_leak,48_84_107,24,84,107,50400,64200,1,0.5159039,1
test,48,data_48.csv,onset_leak,48_85_108,24,85,108,51000,64800,1,0.49873316,1
test,48,data_48.csv,onset_leak,48_86_109,24,86,109,51600,65400,1,0.47368908,1
test,48,data_48.csv,onset_leak,48_87_110,24,87,110,52200,66000,1,0.44641578,1
test,48,data_48.csv,onset_leak,48_88_111,24,88,111,52800,66600,1,0.41619387,1
test,48,data_48.csv,onset_leak,48_89_112,24,89,112,53400,67200,1,0.40035823,1
test,48,data_48.csv,onset_leak,48_90_113,24,90,113,54000,67800,1,0.37667844,1
test,48,data_48.csv,onset_leak,48_91_114,24,91,114,54600,68400,1,0.36286053,1
test,48,data_48.csv,onset_leak,48_92_115,24,92,115,55200,69000,1,0.3436404,1
test,48,data_48.csv,onset_leak,48_93_116,24,93,116,55800,69600,1,0.32715598,1
test,48,data_48.csv,onset_leak,48_94_117,24,94,117,56400,70200,1,0.31293815,1
test,48,data_48.csv,onset_leak,48_95_118,24,95,118,57000,70800,1,0.30743355,1
test,48,data_48.csv,onset_leak,48_96_119,24,96,119,57600,71400,1,0.2974028,0
test,48,data_48.csv,onset_leak,48_97_120,24,97,120,58200,72000,1,0.29690486,0
test,48,data_48.csv,onset_leak,48_98_121,24,98,121,58800,72600,1,0.2912886,0
test,48,data_48.csv,onset_leak,48_99_122,24,99,122,59400,73200,1,0.29675353,0
test,48,data_48.csv,onset_leak,48_100_123,24,100,123,60000,73800,1,0.3088725,1
test,48,data_48.csv,onset_leak,48_101_124,24,101,124,60600,74400,1,0.31154627,1
test,48,data_48.csv,onset_leak,48_102_125,24,102,125,61200,75000,1,0.3157206,1
test,48,data_48.csv,onset_leak,48_103_126,24,103,126,61800,75600,1,0.33420047,1
test,48,data_48.csv,onset_leak,48_104_127,24,104,127,62400,76200,1,0.35316846,1
test,48,data_48.csv,onset_leak,48_105_128,24,105,128,63000,76800,1,0.37627,1
test,48,data_48.csv,onset_leak,48_106_129,24,106,129,63600,77400,1,0.41585654,1
test,48,data_48.csv,onset_leak,48_107_130,24,107,130,64200,78000,1,0.422658,1
test,48,data_48.csv,onset_leak,48_108_131,24,108,131,64800,78600,1,0.44533724,1
test,48,data_48.csv,onset_leak,48_109_132,24,109,132,65400,79200,1,0.45470718,1
test,48,data_48.csv,onset_leak,48_110_133,24,110,133,66000,79800,1,0.4832295,1
test,48,data_48.csv,onset_leak,48_111_134,24,111,134,66600,80400,1,0.5112175,1
test,48,data_48.csv,onset_leak,48_112_135,24,112,135,67200,81000,1,0.52567303,1
test,48,data_48.csv,onset_leak,48_113_136,24,113,136,67800,81600,1,0.53676087,1
test,48,data_48.csv,onset_leak,48_114_137,24,114,137,68400,82200,1,0.54789317,1
test,48,data_48.csv,onset_leak,48_115_138,24,115,138,69000,82800,1,0.55366844,1
test,48,data_48.csv,onset_leak,48_116_139,24,116,139,69600,83400,1,0.5599413,1
test,48,data_48.csv,onset_leak,48_117_140,24,117,140,70200,84000,1,0.56766826,1
test,48,data_48.csv,onset_leak,48_118_141,24,118,141,70800,84600,1,0.5714791,1
test,48,data_48.csv,onset_leak,48_119_142,24,119,142,71400,85200,1,0.5739146,1
test,48,data_48.csv,onset_leak,48_120_143,24,120,143,72000,85800,1,0.57916874,1
test,48,data_48.csv,onset_leak,48_121_144,24,121,144,72600,86400,1,0.5775706,1
test,50,data_50.csv,onset_leak,50_0_23,24,0,23,0,13800,0,0.2398725,0
test,50,data_50.csv,onset_leak,50_1_24,24,1,24,600,14400,0,0.23640893,0
test,50,data_50.csv,onset_leak,50_2_25,24,2,25,1200,15000,0,0.23200086,0
test,50,data_50.csv,onset_leak,50_3_26,24,3,26,1800,15600,0,0.22671124,0
test,50,data_50.csv,onset_leak,50_4_27,24,4,27,2400,16200,0,0.22067912,0
test,50,data_50.csv,onset_leak,50_5_28,24,5,28,3000,16800,0,0.21670717,0
test,50,data_50.csv,onset_leak,50_6_29,24,6,29,3600,17400,0,0.21266615,0
test,50,data_50.csv,onset_leak,50_7_30,24,7,30,4200,18000,0,0.20988408,0
test,50,data_50.csv,onset_leak,50_8_31,24,8,31,4800,18600,0,0.20674837,0
test,50,data_50.csv,onset_leak,50_9_32,24,9,32,5400,19200,0,0.20386073,0
test,50,data_50.csv,onset_leak,50_10_33,24,10,33,6000,19800,0,0.20084909,0
test,50,data_50.csv,onset_leak,50_11_34,24,11,34,6600,20400,0,0.19960311,0
test,50,data_50.csv,onset_leak,50_12_35,24,12,35,7200,21000,0,0.19744794,0
test,50,data_50.csv,onset_leak,50_13_36,24,13,36,7800,21600,0,0.19480497,0
test,50,data_50.csv,onset_leak,50_14_37,24,14,37,8400,22200,0,0.1913012,0
test,50,data_50.csv,onset_leak,50_15_38,24,15,38,9000,22800,0,0.19010021,0
test,50,data_50.csv,onset_leak,50_16_39,24,16,39,9600,23400,0,0.18826686,0
test,50,data_50.csv,onset_leak,50_17_40,24,17,40,10200,24000,0,0.18870384,0
test,50,data_50.csv,onset_leak,50_18_41,24,18,41,10800,24600,0,0.18784592,0
test,50,data_50.csv,onset_leak,50_19_42,24,19,42,11400,25200,0,0.18527289,0
test,50,data_50.csv,onset_leak,50_20_43,24,20,43,12000,25800,0,0.18129207,0
test,50,data_50.csv,onset_leak,50_21_44,24,21,44,12600,26400,0,0.18138218,0
test,50,data_50.csv,onset_leak,50_22_45,24,22,45,13200,27000,0,0.1815634,0
test,50,data_50.csv,onset_leak,50_23_46,24,23,46,13800,27600,0,0.18316701,0
test,50,data_50.csv,onset_leak,50_24_47,24,24,47,14400,28200,0,0.18365052,0
test,50,data_50.csv,onset_leak,50_25_48,24,25,48,15000,28800,0,0.18191226,0
test,50,data_50.csv,onset_leak,50_26_49,24,26,49,15600,29400,0,0.17896168,0
test,50,data_50.csv,onset_leak,50_27_50,24,27,50,16200,30000,0,0.18115908,0
test,50,data_50.csv,onset_leak,50_28_51,24,28,51,16800,30600,0,0.18423423,0
test,50,data_50.csv,onset_leak,50_29_52,24,29,52,17400,31200,0,0.18794313,0
test,50,data_50.csv,onset_leak,50_30_53,24,30,53,18000,31800,0,0.19086081,0
test,50,data_50.csv,onset_leak,50_31_54,24,31,54,18600,32400,0,0.18852538,0
test,50,data_50.csv,onset_leak,50_32_55,24,32,55,19200,33000,0,0.1858478,0
test,50,data_50.csv,onset_leak,50_33_56,24,33,56,19800,33600,0,0.18961269,0
test,50,data_50.csv,onset_leak,50_34_57,24,34,57,20400,34200,0,0.19396736,0
test,50,data_50.csv,onset_leak,50_35_58,24,35,58,21000,34800,0,0.19991775,0
test,50,data_50.csv,onset_leak,50_36_59,24,36,59,21600,35400,0,0.20479988,0
test,50,data_50.csv,onset_leak,50_37_60,24,37,60,22200,36000,0,0.20124574,0
test,50,data_50.csv,onset_leak,50_38_61,24,38,61,22800,36600,0,0.19652387,0
test,50,data_50.csv,onset_leak,50_39_62,24,39,62,23400,37200,0,0.20081584,0
test,50,data_50.csv,onset_leak,50_40_63,24,40,63,24000,37800,0,0.20610239,0
test,50,data_50.csv,onset_leak,50_41_64,24,41,64,24600,38400,0,0.21310796,0
test,50,data_50.csv,onset_leak,50_42_65,24,42,65,25200,39000,0,0.21878488,0
test,50,data_50.csv,onset_leak,50_43_66,24,43,66,25800,39600,0,0.21435405,0
test,50,data_50.csv,onset_leak,50_44_67,24,44,67,26400,40200,0,0.21220341,0
test,50,data_50.csv,onset_leak,50_45_68,24,45,68,27000,40800,0,0.21994375,0
test,50,data_50.csv,onset_leak,50_46_69,24,46,69,27600,41400,0,0.23169401,0
test,50,data_50.csv,onset_leak,50_47_70,24,47,70,28200,42000,0,0.24023703,0
test,50,data_50.csv,onset_leak,50_48_71,24,48,71,28800,42600,0,0.25222293,0
test,50,data_50.csv,onset_leak,50_49_72,24,49,72,29400,43200,1,0.28237492,0
test,50,data_50.csv,onset_leak,50_50_73,24,50,73,30000,43800,1,0.308177,1
test,50,data_50.csv,onset_leak,50_51_74,24,51,74,30600,44400,1,0.32675564,1
test,50,data_50.csv,onset_leak,50_52_75,24,52,75,31200,45000,1,0.34973556,1
test,50,data_50.csv,onset_leak,50_53_76,24,53,76,31800,45600,1,0.4082857,1
test,50,data_50.csv,onset_leak,50_54_77,24,54,77,32400,46200,1,0.48353583,1
test,50,data_50.csv,onset_leak,50_55_78,24,55,78,33000,46800,1,0.59818447,1
test,50,data_50.csv,onset_leak,50_56_79,24,56,79,33600,47400,1,0.66935354,1
test,50,data_50.csv,onset_leak,50_57_80,24,57,80,34200,48000,1,0.7191149,1
test,50,data_50.csv,onset_leak,50_58_81,24,58,81,34800,48600,1,0.7403417,1
test,50,data_50.csv,onset_leak,50_59_82,24,59,82,35400,49200,1,0.7845091,1
test,50,data_50.csv,onset_leak,50_60_83,24,60,83,36000,49800,1,0.818356,1
test,50,data_50.csv,onset_leak,50_61_84,24,61,84,36600,50400,1,0.8403808,1
test,50,data_50.csv,onset_leak,50_62_85,24,62,85,37200,51000,1,0.85894233,1
test,50,data_50.csv,onset_leak,50_63_86,24,63,86,37800,51600,1,0.87393075,1
test,50,data_50.csv,onset_leak,50_64_87,24,64,87,38400,52200,1,0.87853694,1
test,50,data_50.csv,onset_leak,50_65_88,24,65,88,39000,52800,1,0.8974087,1
test,50,data_50.csv,onset_leak,50_66_89,24,66,89,39600,53400,1,0.9120547,1
test,50,data_50.csv,onset_leak,50_67_90,24,67,90,40200,54000,1,0.9096759,1
test,50,data_50.csv,onset_leak,50_68_91,24,68,91,40800,54600,1,0.9111555,1
test,50,data_50.csv,onset_leak,50_69_92,24,69,92,41400,55200,1,0.91854745,1
test,50,data_50.csv,onset_leak,50_70_93,24,70,93,42000,55800,1,0.9162187,1
test,50,data_50.csv,onset_leak,50_71_94,24,71,94,42600,56400,1,0.92149645,1
test,50,data_50.csv,onset_leak,50_72_95,24,72,95,43200,57000,1,0.92483634,1
test,50,data_50.csv,onset_leak,50_73_96,24,73,96,43800,57600,1,0.9111672,1
test,50,data_50.csv,onset_leak,50_74_97,24,74,97,44400,58200,1,0.9013115,1
test,50,data_50.csv,onset_leak,50_75_98,24,75,98,45000,58800,1,0.90414983,1
test,50,data_50.csv,onset_leak,50_76_99,24,76,99,45600,59400,1,0.8989258,1
test,50,data_50.csv,onset_leak,50_77_100,24,77,100,46200,60000,1,0.8963914,1
test,50,data_50.csv,onset_leak,50_78_101,24,78,101,46800,60600,1,0.88760203,1
test,50,data_50.csv,onset_leak,50_79_102,24,79,102,47400,61200,1,0.86267644,1
test,50,data_50.csv,onset_leak,50_80_103,24,80,103,48000,61800,1,0.8410735,1
test,50,data_50.csv,onset_leak,50_81_104,24,81,104,48600,62400,1,0.8379962,1
test,50,data_50.csv,onset_leak,50_82_105,24,82,105,49200,63000,1,0.8291683,1
test,50,data_50.csv,onset_leak,50_83_106,24,83,106,49800,63600,1,0.8156135,1
test,50,data_50.csv,onset_leak,50_84_107,24,84,107,50400,64200,1,0.7945449,1
test,50,data_50.csv,onset_leak,50_85_108,24,85,108,51000,64800,1,0.7672018,1
test,50,data_50.csv,onset_leak,50_86_109,24,86,109,51600,65400,1,0.74104935,1
test,50,data_50.csv,onset_leak,50_87_110,24,87,110,52200,66000,1,0.7254127,1
test,50,data_50.csv,onset_leak,50_88_111,24,88,111,52800,66600,1,0.72313136,1
test,50,data_50.csv,onset_leak,50_89_112,24,89,112,53400,67200,1,0.69846106,1
test,50,data_50.csv,onset_leak,50_90_113,24,90,113,54000,67800,1,0.6720086,1
test,50,data_50.csv,onset_leak,50_91_114,24,91,114,54600,68400,1,0.6566795,1
test,50,data_50.csv,onset_leak,50_92_115,24,92,115,55200,69000,1,0.6269254,1
test,50,data_50.csv,onset_leak,50_93_116,24,93,116,55800,69600,1,0.6117968,1
test,50,data_50.csv,onset_leak,50_94_117,24,94,117,56400,70200,1,0.6135211,1
test,50,data_50.csv,onset_leak,50_95_118,24,95,118,57000,70800,1,0.59607774,1
test,50,data_50.csv,onset_leak,50_96_119,24,96,119,57600,71400,1,0.5709789,1
test,50,data_50.csv,onset_leak,50_97_120,24,97,120,58200,72000,1,0.55876434,1
test,50,data_50.csv,onset_leak,50_98_121,24,98,121,58800,72600,1,0.55212027,1
test,50,data_50.csv,onset_leak,50_99_122,24,99,122,59400,73200,1,0.5511064,1
test,50,data_50.csv,onset_leak,50_100_123,24,100,123,60000,73800,1,0.5518922,1
test,50,data_50.csv,onset_leak,50_101_124,24,101,124,60600,74400,1,0.5448103,1
test,50,data_50.csv,onset_leak,50_102_125,24,102,125,61200,75000,1,0.5414227,1
test,50,data_50.csv,onset_leak,50_103_126,24,103,126,61800,75600,1,0.54443806,1
test,50,data_50.csv,onset_leak,50_104_127,24,104,127,62400,76200,1,0.5484091,1
test,50,data_50.csv,onset_leak,50_105_128,24,105,128,63000,76800,1,0.55053526,1
test,50,data_50.csv,onset_leak,50_106_129,24,106,129,63600,77400,1,0.5498233,1
test,50,data_50.csv,onset_leak,50_107_130,24,107,130,64200,78000,1,0.5497294,1
test,50,data_50.csv,onset_leak,50_108_131,24,108,131,64800,78600,1,0.5487701,1
test,50,data_50.csv,onset_leak,50_109_132,24,109,132,65400,79200,1,0.5480158,1
test,50,data_50.csv,onset_leak,50_110_133,24,110,133,66000,79800,1,0.5504915,1
test,50,data_50.csv,onset_leak,50_111_134,24,111,134,66600,80400,1,0.54839474,1
test,50,data_50.csv,onset_leak,50_112_135,24,112,135,67200,81000,1,0.54198986,1
test,50,data_50.csv,onset_leak,50_113_136,24,113,136,67800,81600,1,0.535751,1
test,50,data_50.csv,onset_leak,50_114_137,24,114,137,68400,82200,1,0.53167766,1
test,50,data_50.csv,onset_leak,50_115_138,24,115,138,69000,82800,1,0.5289233,1
test,50,data_50.csv,onset_leak,50_116_139,24,116,139,69600,83400,1,0.528303,1
test,50,data_50.csv,onset_leak,50_117_140,24,117,140,70200,84000,1,0.5193298,1
test,50,data_50.csv,onset_leak,50_118_141,24,118,141,70800,84600,1,0.50656945,1
test,50,data_50.csv,onset_leak,50_119_142,24,119,142,71400,85200,1,0.49447575,1
test,50,data_50.csv,onset_leak,50_120_143,24,120,143,72000,85800,1,0.48608962,1
test,50,data_50.csv,onset_leak,50_121_144,24,121,144,72600,86400,1,0.47544894,1
test,53,data_53.csv,persistent_leak,53_0_23,24,0,23,0,13800,1,0.19624051,0
test,53,data_53.csv,persistent_leak,53_1_24,24,1,24,600,14400,1,0.19618306,0
test,53,data_53.csv,persistent_leak,53_2_25,24,2,25,1200,15000,1,0.19601235,0
test,53,data_53.csv,persistent_leak,53_3_26,24,3,26,1800,15600,1,0.19781882,0
test,53,data_53.csv,persistent_leak,53_4_27,24,4,27,2400,16200,1,0.19993366,0
test,53,data_53.csv,persistent_leak,53_5_28,24,5,28,3000,16800,1,0.20200977,0
test,53,data_53.csv,persistent_leak,53_6_29,24,6,29,3600,17400,1,0.20387177,0
test,53,data_53.csv,persistent_leak,53_7_30,24,7,30,4200,18000,1,0.20164469,0
test,53,data_53.csv,persistent_leak,53_8_31,24,8,31,4800,18600,1,0.19945388,0
test,53,data_53.csv,persistent_leak,53_9_32,24,9,32,5400,19200,1,0.19946015,0
test,53,data_53.csv,persistent_leak,53_10_33,24,10,33,6000,19800,1,0.19862117,0
test,53,data_53.csv,persistent_leak,53_11_34,24,11,34,6600,20400,1,0.20089413,0
test,53,data_53.csv,persistent_leak,53_12_35,24,12,35,7200,21000,1,0.20155841,0
test,53,data_53.csv,persistent_leak,53_13_36,24,13,36,7800,21600,1,0.19649227,0
test,53,data_53.csv,persistent_leak,53_14_37,24,14,37,8400,22200,1,0.1902241,0
test,53,data_53.csv,persistent_leak,53_15_38,24,15,38,9000,22800,1,0.1901699,0
test,53,data_53.csv,persistent_leak,53_16_39,24,16,39,9600,23400,1,0.18849158,0
test,53,data_53.csv,persistent_leak,53_17_40,24,17,40,10200,24000,1,0.1904676,0
test,53,data_53.csv,persistent_leak,53_18_41,24,18,41,10800,24600,1,0.19070446,0
test,53,data_53.csv,persistent_leak,53_19_42,24,19,42,11400,25200,1,0.1875691,0
test,53,data_53.csv,persistent_leak,53_20_43,24,20,43,12000,25800,1,0.18143605,0
test,53,data_53.csv,persistent_leak,53_21_44,24,21,44,12600,26400,1,0.18224113,0
test,53,data_53.csv,persistent_leak,53_22_45,24,22,45,13200,27000,1,0.18589959,0
test,53,data_53.csv,persistent_leak,53_23_46,24,23,46,13800,27600,1,0.18892123,0
test,53,data_53.csv,persistent_leak,53_24_47,24,24,47,14400,28200,1,0.19118695,0
test,53,data_53.csv,persistent_leak,53_25_48,24,25,48,15000,28800,1,0.19068624,0
test,53,data_53.csv,persistent_leak,53_26_49,24,26,49,15600,29400,1,0.19282238,0
test,53,data_53.csv,persistent_leak,53_27_50,24,27,50,16200,30000,1,0.20234448,0
test,53,data_53.csv,persistent_leak,53_28_51,24,28,51,16800,30600,1,0.21478699,0
test,53,data_53.csv,persistent_leak,53_29_52,24,29,52,17400,31200,1,0.22536024,0
test,53,data_53.csv,persistent_leak,53_30_53,24,30,53,18000,31800,1,0.23547895,0
test,53,data_53.csv,persistent_leak,53_31_54,24,31,54,18600,32400,1,0.23631665,0
test,53,data_53.csv,persistent_leak,53_32_55,24,32,55,19200,33000,1,0.24192782,0
test,53,data_53.csv,persistent_leak,53_33_56,24,33,56,19800,33600,1,0.2537583,0
test,53,data_53.csv,persistent_leak,53_34_57,24,34,57,20400,34200,1,0.26987028,0
test,53,data_53.csv,persistent_leak,53_35_58,24,35,58,21000,34800,1,0.28161538,0
test,53,data_53.csv,persistent_leak,53_36_59,24,36,59,21600,35400,1,0.29412177,0
test,53,data_53.csv,persistent_leak,53_37_60,24,37,60,22200,36000,1,0.29692936,0
test,53,data_53.csv,persistent_leak,53_38_61,24,38,61,22800,36600,1,0.3049894,1
test,53,data_53.csv,persistent_leak,53_39_62,24,39,62,23400,37200,1,0.31960618,1
test,53,data_53.csv,persistent_leak,53_40_63,24,40,63,24000,37800,1,0.33825287,1
test,53,data_53.csv,persistent_leak,53_41_64,24,41,64,24600,38400,1,0.35148108,1
test,53,data_53.csv,persistent_leak,53_42_65,24,42,65,25200,39000,1,0.366407,1
test,53,data_53.csv,persistent_leak,53_43_66,24,43,66,25800,39600,1,0.37030303,1
test,53,data_53.csv,persistent_leak,53_44_67,24,44,67,26400,40200,1,0.37748393,1
test,53,data_53.csv,persistent_leak,53_45_68,24,45,68,27000,40800,1,0.38859338,1
test,53,data_53.csv,persistent_leak,53_46_69,24,46,69,27600,41400,1,0.39627078,1
test,53,data_53.csv,persistent_leak,53_47_70,24,47,70,28200,42000,1,0.41867265,1
test,53,data_53.csv,persistent_leak,53_48_71,24,48,71,28800,42600,1,0.44589058,1
test,53,data_53.csv,persistent_leak,53_49_72,24,49,72,29400,43200,1,0.48750842,1
test,53,data_53.csv,persistent_leak,53_50_73,24,50,73,30000,43800,1,0.51017004,1
test,53,data_53.csv,persistent_leak,53_51_74,24,51,74,30600,44400,1,0.53194237,1
test,53,data_53.csv,persistent_leak,53_52_75,24,52,75,31200,45000,1,0.55060154,1
test,53,data_53.csv,persistent_leak,53_53_76,24,53,76,31800,45600,1,0.60189587,1
test,53,data_53.csv,persistent_leak,53_54_77,24,54,77,32400,46200,1,0.63609123,1
test,53,data_53.csv,persistent_leak,53_55_78,24,55,78,33000,46800,1,0.64048254,1
test,53,data_53.csv,persistent_leak,53_56_79,24,56,79,33600,47400,1,0.6450319,1
test,53,data_53.csv,persistent_leak,53_57_80,24,57,80,34200,48000,1,0.65595007,1
test,53,data_53.csv,persistent_leak,53_58_81,24,58,81,34800,48600,1,0.65056956,1
test,53,data_53.csv,persistent_leak,53_59_82,24,59,82,35400,49200,1,0.6576526,1
test,53,data_53.csv,persistent_leak,53_60_83,24,60,83,36000,49800,1,0.6702322,1
test,53,data_53.csv,persistent_leak,53_61_84,24,61,84,36600,50400,1,0.66661495,1
test,53,data_53.csv,persistent_leak,53_62_85,24,62,85,37200,51000,1,0.66243637,1
test,53,data_53.csv,persistent_leak,53_63_86,24,63,86,37800,51600,1,0.67330974,1
test,53,data_53.csv,persistent_leak,53_64_87,24,64,87,38400,52200,1,0.6682628,1
test,53,data_53.csv,persistent_leak,53_65_88,24,65,88,39000,52800,1,0.67774713,1
test,53,data_53.csv,persistent_leak,53_66_89,24,66,89,39600,53400,1,0.6821121,1
test,53,data_53.csv,persistent_leak,53_67_90,24,67,90,40200,54000,1,0.65632236,1
test,53,data_53.csv,persistent_leak,53_68_91,24,68,91,40800,54600,1,0.64218736,1
test,53,data_53.csv,persistent_leak,53_69_92,24,69,92,41400,55200,1,0.6433701,1
test,53,data_53.csv,persistent_leak,53_70_93,24,70,93,42000,55800,1,0.64370334,1
test,53,data_53.csv,persistent_leak,53_71_94,24,71,94,42600,56400,1,0.6422528,1
test,53,data_53.csv,persistent_leak,53_72_95,24,72,95,43200,57000,1,0.6334018,1
test,53,data_53.csv,persistent_leak,53_73_96,24,73,96,43800,57600,1,0.6128708,1
test,53,data_53.csv,persistent_leak,53_74_97,24,74,97,44400,58200,1,0.5912385,1
test,53,data_53.csv,persistent_leak,53_75_98,24,75,98,45000,58800,1,0.58482915,1
test,53,data_53.csv,persistent_leak,53_76_99,24,76,99,45600,59400,1,0.59031385,1
test,53,data_53.csv,persistent_leak,53_77_100,24,77,100,46200,60000,1,0.5793736,1
test,53,data_53.csv,persistent_leak,53_78_101,24,78,101,46800,60600,1,0.56322926,1
test,53,data_53.csv,persistent_leak,53_79_102,24,79,102,47400,61200,1,0.56531394,1
test,53,data_53.csv,persistent_leak,53_80_103,24,80,103,48000,61800,1,0.55558586,1
test,53,data_53.csv,persistent_leak,53_81_104,24,81,104,48600,62400,1,0.5528151,1
test,53,data_53.csv,persistent_leak,53_82_105,24,82,105,49200,63000,1,0.55075204,1
test,53,data_53.csv,persistent_leak,53_83_106,24,83,106,49800,63600,1,0.55574065,1
test,53,data_53.csv,persistent_leak,53_84_107,24,84,107,50400,64200,1,0.55753595,1
test,53,data_53.csv,persistent_leak,53_85_108,24,85,108,51000,64800,1,0.5593145,1
test,53,data_53.csv,persistent_leak,53_86_109,24,86,109,51600,65400,1,0.54903793,1
test,53,data_53.csv,persistent_leak,53_87_110,24,87,110,52200,66000,1,0.5384758,1
test,53,data_53.csv,persistent_leak,53_88_111,24,88,111,52800,66600,1,0.54217714,1
test,53,data_53.csv,persistent_leak,53_89_112,24,89,112,53400,67200,1,0.53956056,1
test,53,data_53.csv,persistent_leak,53_90_113,24,90,113,54000,67800,1,0.53469867,1
test,53,data_53.csv,persistent_leak,53_91_114,24,91,114,54600,68400,1,0.5387927,1
test,53,data_53.csv,persistent_leak,53_92_115,24,92,115,55200,69000,1,0.5310917,1
test,53,data_53.csv,persistent_leak,53_93_116,24,93,116,55800,69600,1,0.50581336,1
test,53,data_53.csv,persistent_leak,53_94_117,24,94,117,56400,70200,1,0.49132743,1
test,53,data_53.csv,persistent_leak,53_95_118,24,95,118,57000,70800,1,0.47799197,1
test,53,data_53.csv,persistent_leak,53_96_119,24,96,119,57600,71400,1,0.48190296,1
test,53,data_53.csv,persistent_leak,53_97_120,24,97,120,58200,72000,1,0.47559536,1
test,53,data_53.csv,persistent_leak,53_98_121,24,98,121,58800,72600,1,0.47345984,1
test,53,data_53.csv,persistent_leak,53_99_122,24,99,122,59400,73200,1,0.4846152,1
test,53,data_53.csv,persistent_leak,53_100_123,24,100,123,60000,73800,1,0.5003945,1
test,53,data_53.csv,persistent_leak,53_101_124,24,101,124,60600,74400,1,0.5066531,1
test,53,data_53.csv,persistent_leak,53_102_125,24,102,125,61200,75000,1,0.5176157,1
test,53,data_53.csv,persistent_leak,53_103_126,24,103,126,61800,75600,1,0.4989931,1
test,53,data_53.csv,persistent_leak,53_104_127,24,104,127,62400,76200,1,0.49630404,1
test,53,data_53.csv,persistent_leak,53_105_128,24,105,128,63000,76800,1,0.5147534,1
test,53,data_53.csv,persistent_leak,53_106_129,24,106,129,63600,77400,1,0.53194755,1
test,53,data_53.csv,persistent_leak,53_107_130,24,107,130,64200,78000,1,0.53369427,1
test,53,data_53.csv,persistent_leak,53_108_131,24,108,131,64800,78600,1,0.53650737,1
test,53,data_53.csv,persistent_leak,53_109_132,24,109,132,65400,79200,1,0.54814756,1
test,53,data_53.csv,persistent_leak,53_110_133,24,110,133,66000,79800,1,0.5535815,1
test,53,data_53.csv,persistent_leak,53_111_134,24,111,134,66600,80400,1,0.5665175,1
test,53,data_53.csv,persistent_leak,53_112_135,24,112,135,67200,81000,1,0.5698489,1
test,53,data_53.csv,persistent_leak,53_113_136,24,113,136,67800,81600,1,0.57746553,1
test,53,data_53.csv,persistent_leak,53_114_137,24,114,137,68400,82200,1,0.5899385,1
test,53,data_53.csv,persistent_leak,53_115_138,24,115,138,69000,82800,1,0.59264475,1
test,53,data_53.csv,persistent_leak,53_116_139,24,116,139,69600,83400,1,0.5946188,1
test,53,data_53.csv,persistent_leak,53_117_140,24,117,140,70200,84000,1,0.60282266,1
test,53,data_53.csv,persistent_leak,53_118_141,24,118,141,70800,84600,1,0.60345036,1
test,53,data_53.csv,persistent_leak,53_119_142,24,119,142,71400,85200,1,0.6089094,1
test,53,data_53.csv,persistent_leak,53_120_143,24,120,143,72000,85800,1,0.61395305,1
test,53,data_53.csv,persistent_leak,53_121_144,24,121,144,72600,86400,1,0.6044464,1
