split,scenario_id,source_file,scenario_type,window_id,window_size,start_idx,end_idx,start_time_s,end_time_s,label_col,y_true,V_N9_t-23,V_N9_t-22,V_N9_t-21,V_N9_t-20,V_N9_t-19,V_N9_t-18,V_N9_t-17,V_N9_t-16,V_N9_t-15,V_N9_t-14,V_N9_t-13,V_N9_t-12,V_N9_t-11,V_N9_t-10,V_N9_t-9,V_N9_t-8,V_N9_t-7,V_N9_t-6,V_N9_t-5,V_N9_t-4,V_N9_t-3,V_N9_t-2,V_N9_t-1,V_N9_t-0
train,1,data_1.csv,normal,1_0_23,24,0,23,0,13800,leak_binary,0,13.0,13.0,13.0,13.0,13.0,13.0,7.0,7.0,7.0,7.0,7.0,7.0,7.0,7.0,7.0,7.0,7.0,7.0,7.0,7.0,7.0,7.0,7.0,7.0
train,1,data_1.csv,normal,1_1_24,24,1,24,600,14400,leak_binary,0,13.0,13.0,13.0,13.0,13.0,7.0,7.0,7.0,7.0,7.0,7.0,7.0,7.0,7.0,7.0,7.0,7.0,7.0,7.0,7.0,7.0,7.0,7.0,13.0
train,1,data_1.csv,normal,1_2_25,24,2,25,1200,15000,leak_binary,0,13.0,13.0,13.0,13.0,7.0,7.0,7.0,7.0,7.0,7.0,7.0,7.0,7.0,7.0,7.0,7.0,7.0,7.0,7.0,7.0,7.0,7.0,13.0,13.0
train,1,data_1.csv,normal,1_3_26,24,3,26,1800,15600,leak_binary,0,13.0,13.0,13.0,7.0,7.0,7.0,7.0,7.0,7.0,7.0,7.0,7.0,7.0,7.0,7.0,7.0,7.0,7.0,7.0,7.0,7.0,13.0,13.0,13.0
train,1,data_1.csv,normal,1_4_27,24,4,27,2400,16200,leak_binary,0,13.0,13.0,7.0,7.0,7.0,7.0,7.0,7.0,7.0,7.0,7.0,7.0,7.0,7.0,7.0,7.0,7.0,7.0,7.0,7.0,13.0,13.0,13.0,13.0
train,1,data_1.csv,normal,1_5_28,24,5,28,3000,16800,leak_binary,0,13.0,7.0,7.0,7.0,7.0,7.0,7.0,7.0,7.0,7.0,7.0,7.0,7.0,7.0,7.0,7.0,7.0,7.0,7.0,13.0,13.0,13.0,13.0,13.0
train,1,data_1.csv,normal,1_6_29,24,6,29,3600,17400,leak_binary,0,7.0,7.0,7.0,7.0,7.0,7.0,7.0,7.0,7.0,7.0,7.0,7.0,7.0,7.0,7.0,7.0,7.0,7.0,13.0,13.0,13.0,13.0,13.0,13.0
train,1,data_1.csv,normal,1_7_30,24,7,30,4200,18000,leak_binary,0,7.0,7.0,7.0,7.0,7.0,7.0,7.0,7.0,7.0,7.0,7.0,7.0,7.0,7.0,7.0,7.0,7.0,13.0,13.0,13.0,13.0,13.0,13.0,23.5
train,1,data_1.csv,normal,1_8_31,24,8,31,4800,18600,leak_binary,0,7.0,7.0,7.0,7.0,7.0,7.0,7.0,7.0,7.0,7.0,7.0,7.0,7.0,7.0,7.0,7.0,13.0,13.0,13.0,13.0,13.0,13.0,23.5,23.5
train,1,data_1.csv,normal,1_9_32,24,9,32,5400,19200,leak_binary,0,7.0,7.0,7.0,7.0,7.0,7.0,7.0,7.0,7.0,7.0,7.0,7.0,7.0,7.0,7.0,13.0,13.0,13.0,13.0,13.0,13.0,23.5,23.5,23.5
train,1,data_1.csv,normal,1_10_33,24,10,33,6000,19800,leak_binary,0,7.0,7.0,7.0,7.0,7.0,7.0,7.0,7.0,7.0,7.0,7.0,7.0,7.0,7.0,13.0,13.0,13.0,13.0,13.0,13.0,23.5,23.5,23.5,23.5
train,1,data_1.csv,normal,1_11_34,24,11,34,6600,20400,leak_binary,0,7.0,7.0,7.0,7.0,7.0,7.0,7.0,7.0,7.0,7.0,7.0,7.0,7.0,13.0,13.0,13.0,13.0,13.0,13.0,23.5,23.5,23.5,23.5,23.5
train,1,data_1.csv,normal,1_12_35,24,12,35,7200,21000,leak_binary,0,7.0,7.0,7.0,7.0,7.0,7.0,7.0,7.0,7.0,7.0,7.0,7.0,13.0,13.0,13.0,13.0,13.0,13.0,23.5,23.5,23.5,23.5,23.5,23.5
train,1,data_1.csv,normal,1_13_36,24,13,36,7800,21600,leak_binary,0,7.0,7.0,7.0,7.0,7.0,7.0,7.0,7.0,7.0,7.0,7.0,13.0,13.0,13.0,13.0,13.0,13.0,23.5,23.5,23.5,23.5,23.5,23.5,32.0
train,1,data_1.csv,normal,1_14_37,24,14,37,8400,22200,leak_binary,0,7.0,7.0,7.0,7.0,7.0,7.0,7.0,7.0,7.0,7.0,13.0,13.0,13.0,13.0,13.0,13.0,23.5,23.5,23.5,23.5,23.5,23.5,32.0,32.0
train,1,data_1.csv,normal,1_15_38,24,15,38,9000,22800,leak_binary,0,7.0,7.0,7.0,7.0,7.0,7.0,7.0,7.0,7.0,13.0,13.0,13.0,13.0,13.0,13.0,23.5,23.5,23.5,23.5,23.5,23.5,32.0,32.0,32.0
train,1,data_1.csv,normal,1_16_39,24,16,39,9600,23400,leak_binary,0,7.0,7.0,7.0,7.0,7.0,7.0,7.0,7.0,13.0,13.0,13.0,13.0,13.0,13.0,23.5,23.5,23.5,23.5,23.5,23.5,32.0,32.0,32.0,32.0
train,1,data_1.csv,normal,1_17_40,24,17,40,10200,24000,leak_binary,0,7.0,7.0,7.0,7.0,7.0,7.0,7.0,13.0,13.0,13.0,13.0,13.0,13.0,23.5,23.5,23.5,23.5,23.5,23.5,32.0,32.0,32.0,32.0,32.0
train,1,data_1.csv,normal,1_18_41,24,18,41,10800,24600,leak_binary,0,7.0,7.0,7.0,7.0,7.0,7.0,13.0,13.0,13.0,13.0,13.0,13.0,23.5,23.5,23.5,23.5,23.5,23.5,32.0,32.0,32.0,32.0,32.0,32.0
train,1,data_1.csv,normal,1_19_42,24,19,42,11400,25200,leak_binary,0,7.0,7.0,7.0,7.0,7.0,13.0,13.0,13.0,13.0,13.0,13.0,23.5,23.5,23.5,23.5,23.5,23.5,32.0,32.0,32.0,32.0,32.0,32.0,46.5
train,1,data_1.csv,normal,1_20_43,24,20,43,12000,25800,leak_binary,0,7.0,7.0,7.0,7.0,13.0,13.0,13.0,13.0,13.0,13.0,23.5,23.5,23.5,23.5,23.5,23.5,32.0,32.0,32.0,32.0,32.0,32.0,46.5,46.5
train,1,data_1.csv,normal,1_21_44,24,21,44,12600,26400,leak_binary,0,7.0,7.0,7.0,13.0,13.0,13.0,13.0,13.0,13.0,23.5,23.5,23.5,23.5,23.5,23.5,32.0,32.0,32.0,32.0,32.0,32.0,46.5,46.5,46.5
train,1,data_1.csv,normal,1_22_45,24,22,45,13200,27000,leak_binary,0,7.0,7.0,13.0,13.0,13.0,13.0,13.0,13.0,23.5,23.5,23.5,23.5,23.5,23.5,32.0,32.0,32.0,32.0,32.0,32.0,46.5,46.5,46.5,46.5
train,1,data_1.csv,normal,1_23_46,24,23,46,13800,27600,leak_binary,0,7.0,13.0,13.0,13.0,13.0,13.0,13.0,23.5,23.5,23.5,23.5,23.5,23.5,32.0,32.0,32.0,32.0,32.0,32.0,46.5,46.5,46.5,46.5,46.5
train,1,data_1.csv,normal,1_24_47,24,24,47,14400,28200,leak_binary,0,13.0,13.0,13.0,13.0,13.0,13.0,23.5,23.5,23.5,23.5,23.5,23.5,32.0,32.0,32.0,32.0,32.0,32.0,46.5,46.5,46.5,46.5,46.5,46.5
train,1,data_1.csv,normal,1_25_48,24,25,48,15000,28800,leak_binary,0,13.0,13.0,13.0,13.0,13.0,23.5,23.5,23.5,23.5,23.5,23.5,32.0,32.0,32.0,32.0,32.0,32.0,46.5,46.5,46.5,46.5,46.5,46.5,59.5
train,1,data_1.csv,normal,1_26_49,24,26,49,15600,29400,leak_binary,0,13.0,13.0,13.0,13.0,23.5,23.5,23.5,23.5,23.5,23.5,32.0,32.0,32.0,32.0,32.0,32.0,46.5,46.5,46.5,46.5,46.5,46.5,59.5,59.5
train,1,data_1.csv,normal,1_27_50,24,27,50,16200,30000,leak_binary,0,13.0,13.0,13.0,23.5,23.5,23.5,23.5,23.5,23.5,32.0,32.0,32.0,32.0,32.0,32.0,46.5,46.5,46.5,46.5,46.5,46.5,59.5,59.5,59.5
train,1,data_1.csv,normal,1_28_51,24,28,51,16800,30600,leak_binary,0,13.0,13.0,23.5,23.5,23.5,23.5,23.5,23.5,32.0,32.0,32.0,32.0,32.0,32.0,46.5,46.5,46.5,46.5,46.5,46.5,59.5,59.5,59.5,59.5
train,1,data_1.csv,normal,1_29_52,24,29,52,17400,31200,leak_binary,0,13.0,23.5,23.5,23.5,23.5,23.5,23.5,32.0,32.0,32.0,32.0,32.0,32.0,46.5,46.5,46.5,46.5,46.5,46.5,59.5,59.5,59.5,59.5,59.5
train,1,data_1.csv,normal,1_30_53,24,30,53,18000,31800,leak_binary,0,23.5,23.5,23.5,23.5,23.5,23.5,32.0,32.0,32.0,32.0,32.0,32.0,46.5,46.5,46.5,46.5,46.5,46.5,59.5,59.5,59.5,59.5,59.5,59.5
train,1,data_1.csv,normal,1_31_54,24,31,54,18600,32400,leak_binary,0,23.5,23.5,23.5,23.5,23.5,32.0,32.0,32.0,32.0,32.0,32.0,46.5,46.5,46.5,46.5,46.5,46.5,59.5,59.5,59.5,59.5,59.5,59.5,57.0
train,1,data_1.csv,normal,1_32_55,24,32,55,19200,33000,leak_binary,0,23.5,23.5,23.5,23.5,32.0,32.0,32.0,32.0,32.0,32.0,46.5,46.5,46.5,46.5,46.5,46.5,59.5,59.5,59.5,59.5,59.5,59.5,57.0,57.0
train,1,data_1.csv,normal,1_33_56,24,33,56,19800,33600,leak_binary,0,23.5,23.5,23.5,32.0,32.0,32.0,32.0,32.0,32.0,46.5,46.5,46.5,46.5,46.5,46.5,59.5,59.5,59.5,59.5,59.5,59.5,57.0,57.0,57.0
train,1,data_1.csv,normal,1_34_57,24,34,57,20400,34200,leak_binary,0,23.5,23.5,32.0,32.0,32.0,32.0,32.0,32.0,46.5,46.5,46.5,46.5,46.5,46.5,59.5,59.5,59.5,59.5,59.5,59.5,57.0,57.0,57.0,57.0
train,1,data_1.csv,normal,1_35_58,24,35,58,21000,34800,leak_binary,0,23.5,32.0,32.0,32.0,32.0,32.0,32.0,46.5,46.5,46.5,46.5,46.5,46.5,59.5,59.5,59.5,59.5,59.5,59.5,57.0,57.0,57.0,57.0,57.0
train,1,data_1.csv,normal,1_36_59,24,36,59,21600,35400,leak_binary,0,32.0,32.0,32.0,32.0,32.0,32.0,46.5,46.5,46.5,46.5,46.5,46.5,59.5,59.5,59.5,59.5,59.5,59.5,57.0,57.0,57.0,57.0,57.0,57.0
train,1,data_1.csv,normal,1_37_60,24,37,60,22200,36000,leak_binary,0,32.0,32.0,32.0,32.0,32.0,46.5,46.5,46.5,46.5,46.5,46.5,59.5,59.5,59.5,59.5,59.5,59.5,57.0,57.0,57.0,57.0,57.0,57.0,53.0
train,1,data_1.csv,normal,1_38_61,24,38,61,22800,36600,leak_binary,0,32.0,32.0,32.0,32.0,46.5,46.5,46.5,46.5,46.5,46.5,59.5,59.5,59.5,59.5,59.5,59.5,57.0,57.0,57.0,57.0,57.0,57.0,53.0,53.0
train,1,data_1.csv,normal,1_39_62,24,39,62,23400,37200,leak_binary,0,32.0,32.0,32.0,46.5,46.5,46.5,46.5,46.5,46.5,59.5,59.5,59.5,59.5,59.5,59.5,57.0,57.0,57.0,57.0,57.0,57.0,53.0,53.0,53.0
train,1,data_1.csv,normal,1_40_63,24,40,63,24000,37800,leak_binary,0,32.0,32.0,46.5,46.5,46.5,46.5,46.5,46.5,59.5,59.5,59.5,59.5,59.5,59.5,57.0,57.0,57.0,57.0,57.0,57.0,53.0,53.0,53.0,53.0
train,1,data_1.csv,normal,1_41_64,24,41,64,24600,38400,leak_binary,0,32.0,46.5,46.5,46.5,46.5,46.5,46.5,59.5,59.5,59.5,59.5,59.5,59.5,57.0,57.0,57.0,57.0,57.0,57.0,53.0,53.0,53.0,53.0,53.0
train,1,data_1.csv,normal,1_42_65,24,42,65,25200,39000,leak_binary,0,46.5,46.5,46.5,46.5,46.5,46.5,59.5,59.5,59.5,59.5,59.5,59.5,57.0,57.0,57.0,57.0,57.0,57.0,53.0,53.0,53.0,53.0,53.0,53.0
train,1,data_1.csv,normal,1_43_66,24,43,66,25800,39600,leak_binary,0,46.5,46.5,46.5,46.5,46.5,59.5,59.5,59.5,59.5,59.5,59.5,57.0,57.0,57.0,57.0,57.0,57.0,53.0,53.0,53.0,53.0,53.0,53.0,67.0
train,1,data_1.csv,normal,1_44_67,24,44,67,26400,40200,leak_binary,0,46.5,46.5,46.5,46.5,59.5,59.5,59.5,59.5,59.5,59.5,57.0,57.0,57.0,57.0,57.0,57.0,53.0,53.0,53.0,53.0,53.0,53.0,67.0,67.0
train,1,data_1.csv,normal,1_45_68,24,45,68,27000,40800,leak_binary,0,46.5,46.5,46.5,59.5,59.5,59.5,59.5,59.5,59.5,57.0,57.0,57.0,57.0,57.0,57.0,53.0,53.0,53.0,53.0,53.0,53.0,67.0,67.0,67.0
train,1,data_1.csv,normal,1_46_69,24,46,69,27600,41400,leak_binary,0,46.5,46.5,59.5,59.5,59.5,59.5,59.5,59.5,57.0,57.0,57.0,57.0,57.0,57.0,53.0,53.0,53.0,53.0,53.0,53.0,67.0,67.0,67.0,67.0
train,1,data_1.csv,normal,1_47_70,24,47,70,28200,42000,leak_binary,0,46.5,59.5,59.5,59.5,59.5,59.5,59.5,57.0,57.0,57.0,57.0,57.0,57.0,53.0,53.0,53.0,53.0,53.0,53.0,67.0,67.0,67.0,67.0,67.0
train,1,data_1.csv,normal,1_48_71,24,48,71,28800,42600,leak_binary,0,59.5,59.5,59.5,59.5,59.5,59.5,57.0,57.0,57.0,57.0,57.0,57.0,53.0,53.0,53.0,53.0,53.0,53.0,67.0,67.0,67.0,67.0,67.0,67.0
train,1,data_1.csv,normal,1_49_72,24,49,72,29400,43200,leak_binary,0,59.5,59.5,59.5,59.5,59.5,57.0,57.0,57.0,57.0,57.0,57.0,53.0,53.0,53.0,53.0,53.0,53.0,67.0,67.0,67.0,67.0,67.0,67.0,74.0
train,1,data_1.csv,normal,1_50_73,24,50,73,30000,43800,leak_binary,0,59.5,59.5,59.5,59.5,57.0,57.0,57.0,57.0,57.0,57.0,53.0,53.0,53.0,53.0,53.0,53.0,67.0,67.0,67.0,67.0,67.0,67.0,74.0,74.0
train,1,data_1.csv,normal,1_51_74,24,51,74,30600,44400,leak_binary,0,59.5,59.5,59.5,57.0,57.0,57.0,57.0,57.0,57.0,53.0,53.0,53.0,53.0,53.0,53.0,67.0,67.0,67.0,67.0,67.0,67.0,74.0,74.0,74.0
train,1,data_1.csv,normal,1_52_75,24,52,75,31200,45000,leak_binary,0,59.5,59.5,57.0,57.0,57.0,57.0,57.0,57.0,53.0,53.0,53.0,53.0,53.0,53.0,67.0,67.0,67.0,67.0,67.0,67.0,74.0,74.0,74.0,74.0
train,1,data_1.csv,normal,1_53_76,24,53,76,31800,45600,leak_binary,0,59.5,57.0,57.0,57.0,57.0,57.0,57.0,53.0,53.0,53.0,53.0,53.0,53.0,67.0,67.0,67.0,67.0,67.0,67.0,74.0,74.0,74.0,74.0,74.0
train,1,data_1.csv,normal,1_54_77,24,54,77,32400,46200,leak_binary,0,57.0,57.0,57.0,57.0,57.0,57.0,53.0,53.0,53.0,53.0,53.0,53.0,67.0,67.0,67.0,67.0,67.0,67.0,74.0,74.0,74.0,74.0,74.0,74.0
train,1,data_1.csv,normal,1_55_78,24,55,78,33000,46800,leak_binary,0,57.0,57.0,57.0,57.0,57.0,53.0,53.0,53.0,53.0,53.0,53.0,67.0,67.0,67.0,67.0,67.0,67.0,74.0,74.0,74.0,74.0,74.0,74.0,61.5
train,1,data_1.csv,normal,1_56_79,24,56,79,33600,47400,leak_binary,0,57.0,57.0,57.0,57.0,53.0,53.0,53.0,53.0,53.0,53.0,67.0,67.0,67.0,67.0,67.0,67.0,74.0,74.0,74.0,74.0,74.0,74.0,61.5,61.5
train,1,data_1.csv,normal,1_57_80,24,57,80,34200,48000,leak_binary,0,57.0,57.0,57.0,53.0,53.0,53.0,53.0,53.0,53.0,67.0,67.0,67.0,67.0,67.0,67.0,74.0,74.0,74.0,74.0,74.0,74.0,61.5,61.5,61.5
train,1,data_1.csv,normal,1_58_81,24,58,81,34800,48600,leak_binary,0,57.0,57.0,53.0,53.0,53.0,53.0,53.0,53.0,67.0,67.0,67.0,67.0,67.0,67.0,74.0,74.0,74.0,74.0,74.0,74.0,61.5,61.5,61.5,61.5
train,1,data_1.csv,normal,1_59_82,24,59,82,35400,49200,leak_binary,0,57.0,53.0,53.0,53.0,53.0,53.0,53.0,67.0,67.0,67.0,67.0,67.0,67.0,74.0,74.0,74.0,74.0,74.0,74.0,61.5,61.5,61.5,61.5,61.5
train,1,data_1.csv,normal,1_60_83,24,60,83,36000,49800,leak_binary,0,53.0,53.0,53.0,53.0,53.0,53.0,67.0,67.0,67.0,67.0,67.0,67.0,74.0,74.0,74.0,74.0,74.0,74.0,61.5,61.5,61.5,61.5,61.5,61.5
train,1,data_1.csv,normal,1_61_84,24,61,84,36600,50400,leak_binary,0,53.0,53.0,53.0,53.0,53.0,67.0,67.0,67.0,67.0,67.0,67.0,74.0,74.0,74.0,74.0,74.0,74.0,61.5,61.5,61.5,61.5,61.5,61.5,42.5
train,1,data_1.csv,normal,1_62_85,24,62,85,37200,51000,leak_binary,0,53.0,53.0,53.0,53.0,67.0,67.0,67.0,67.0,67.0,67.0,74.0,74.0,74.0,74.0,74.0,74.0,61.5,61.5,61.5,61.5,61.5,61.5,42.5,42.5
train,1,data_1.csv,normal,1_63_86,24,63,86,37800,51600,leak_binary,0,53.0,53.0,53.0,67.0,67.0,67.0,67.0,67.0,67.0,74.0,74.0,74.0,74.0,74.0,74.0,61.5,61.5,61.5,61.5,61.5,61.5,42.5,42.5,42.5
train,1,data_1.csv,normal,1_64_87,24,64,87,38400,52200,leak_binary,0,53.0,53.0,67.0,67.0,67.0,67.0,67.0,67.0,74.0,74.0,74.0,74.0,74.0,74.0,61.5,61.5,61.5,61.5,61.5,61.5,42.5,42.5,42.5,42.5
train,1,data_1.csv,normal,1_65_88,24,65,88,39000,52800,leak_binary,0,53.0,67.0,67.0,67.0,67.0,67.0,67.0,74.0,74.0,74.0,74.0,74.0,74.0,61.5,61.5,61.5,61.5,61.5,61.5,42.5,42.5,42.5,42.5,42.5
train,1,data_1.csv,normal,1_66_89,24,66,89,39600,53400,leak_binary,0,67.0,67.0,67.0,67.0,67.0,67.0,74.0,74.0,74.0,74.0,74.0,74.0,61.5,61.5,61.5,61.5,61.5,61.5,42.5,42.5,42.5,42.5,42.5,42.5
train,1,data_1.csv,normal,1_67_90,24,67,90,40200,54000,leak_binary,0,67.0,67.0,67.0,67.0,67.0,74.0,74.0,74.0,74.0,74.0,74.0,61.5,61.5,61.5,61.5,61.5,61.5,42.5,42.5,42.5,42.5,42.5,42.5,31.0
train,1,data_1.csv,normal,1_68_91,24,68,91,40800,54600,leak_binary,0,67.0,67.0,67.0,67.0,74.0,74.0,74.0,74.0,74.0,74.0,61.5,61.5,61.5,61.5,61.5,61.5,42.5,42.5,42.5,42.5,42.5,42.5,31.0,31.0
train,1,data_1.csv,normal,1_69_92,24,69,92,41400,55200,leak_binary,0,67.0,67.0,67.0,74.0,74.0,74.0,74.0,74.0,74.0,61.5,61.5,61.5,61.5,61.5,61.5,42.5,42.5,42.5,42.5,42.5,42.5,31.0,31.0,31.0
train,1,data_1.csv,normal,1_70_93,24,70,93,42000,55800,leak_binary,0,67.0,67.0,74.0,74.0,74.0,74.0,74.0,74.0,61.5,61.5,61.5,61.5,61.5,61.5,42.5,42.5,42.5,42.5,42.5,42.5,31.0,31.0,31.0,31.0
train,1,data_1.csv,normal,1_71_94,24,71,94,42600,56400,leak_binary,0,67.0,74.0,74.0,74.0,74.0,74.0,74.0,61.5,61.5,61.5,61.5,61.5,61.5,42.5,42.5,42.5,42.5,42.5,42.5,31.0,31.0,31.0,31.0,31.0
train,1,data_1.csv,normal,1_72_95,24,72,95,43200,57000,leak_binary,0,74.0,74.0,74.0,74.0,74.0,74.0,61.5,61.5,61.5,61.5,61.5,61.5,42.5,42.5,42.5,42.5,42.5,42.5,31.0,31.0,31.0,31.0,31.0,31.0
train,1,data_1.csv,normal,1_73_96,24,73,96,43800,57600,leak_binary,0,74.0,74.0,74.0,74.0,74.0,61.5,61.5,61.5,61.5,61.5,61.5,42.5,42.5,42.5,42.5,42.5,42.5,31.0,31.0,31.0,31.0,31.0,31.0,28.0
train,1,data_1.csv,normal,1_74_97,24,74,97,44400,58200,leak_binary,0,74.0,74.0,74.0,74.0,61.5,61.5,61.5,61.5,61.5,61.5,42.5,42.5,42.5,42.5,42.5,42.5,31.0,31.0,31.0,31.0,31.0,31.0,28.0,28.0
train,1,data_1.csv,normal,1_75_98,24,75,98,45000,58800,leak_binary,0,74.0,74.0,74.0,61.5,61.5,61.5,61.5,61.5,61.5,42.5,42.5,42.5,42.5,42.5,42.5,31.0,31.0,31.0,31.0,31.0,31.0,28.0,28.0,28.0
train,1,data_1.csv,normal,1_76_99,24,76,99,45600,59400,leak_binary,0,74.0,74.0,61.5,61.5,61.5,61.5,61.5,61.5,42.5,42.5,42.5,42.5,42.5,42.5,31.0,31.0,31.0,31.0,31.0,31.0,28.0,28.0,28.0,28.0
train,1,data_1.csv,normal,1_77_100,24,77,100,46200,60000,leak_binary,0,74.0,61.5,61.5,61.5,61.5,61.5,61.5,42.5,42.5,42.5,42.5,42.5,42.5,31.0,31.0,31.0,31.0,31.0,31.0,28.0,28.0,28.0,28.0,28.0
train,1,data_1.csv,normal,1_78_101,24,78,101,46800,60600,leak_binary,0,61.5,61.5,61.5,61.5,61.5,61.5,42.5,42.5,42.5,42.5,42.5,42.5,31.0,31.0,31.0,31.0,31.0,31.0,28.0,28.0,28.0,28.0,28.0,28.0
train,1,data_1.csv,normal,1_79_102,24,79,102,47400,61200,leak_binary,0,61.5,61.5,61.5,61.5,61.5,42.5,42.5,42.5,42.5,42.5,42.5,31.0,31.0,31.0,31.0,31.0,31.0,28.0,28.0,28.0,28.0,28.0,28.0,29.5
train,1,data_1.csv,normal,1_80_103,24,80,103,48000,61800,leak_binary,0,61.5,61.5,61.5,61.5,42.5,42.5,42.5,42.5,42.5,42.5,31.0,31.0,31.0,31.0,31.0,31.0,28.0,28.0,28.0,28.0,28.0,28.0,29.5,29.5
train,1,data_1.csv,normal,1_81_104,24,81,104,48600,62400,leak_binary,0,61.5,61.5,61.5,42.5,42.5,42.5,42.5,42.5,42.5,31.0,31.0,31.0,31.0,31.0,31.0,28.0,28.0,28.0,28.0,28.0,28.0,29.5,29.5,29.5
train,1,data_1.csv,normal,1_82_105,24,82,105,49200,63000,leak_binary,0,61.5,61.5,42.5,42.5,42.5,42.5,42.5,42.5,31.0,31.0,31.0,31.0,31.0,31.0,28.0,28.0,28.0,28.0,28.0,28.0,29.5,29.5,29.5,29.5
train,1,data_1.csv,normal,1_83_106,24,83,106,49800,63600,leak_binary,0,61.5,42.5,42.5,42.5,42.5,42.5,42.5,31.0,31.0,31.0,31.0,31.0,31.0,28.0,28.0,28.0,28.0,28.0,28.0,29.5,29.5,29.5,29.5,29.5
train,1,data_1.csv,normal,1_84_107,24,84,107,50400,64200,leak_binary,0,42.5,42.5,42.5,42.5,42.5,42.5,31.0,31.0,31.0,31.0,31.0,31.0,28.0,28.0,28.0,28.0,28.0,28.0,29.5,29.5,29.5,29.5,29.5,29.5
train,1,data_1.csv,normal,1_85_108,24,85,108,51000,64800,leak_binary,0,42.5,42.5,42.5,42.5,42.5,31.0,31.0,31.0,31.0,31.0,31.0,28.0,28.0,28.0,28.0,28.0,28.0,29.5,29.5,29.5,29.5,29.5,29.5,39.0
train,1,data_1.csv,normal,1_86_109,24,86,109,51600,65400,leak_binary,0,42.5,42.5,42.5,42.5,31.0,31.0,31.0,31.0,31.0,31.0,28.0,28.0,28.0,28.0,28.0,28.0,29.5,29.5,29.5,29.5,29.5,29.5,39.0,39.0
train,1,data_1.csv,normal,1_87_110,24,87,110,52200,66000,leak_binary,0,42.5,42.5,42.5,31.0,31.0,31.0,31.0,31.0,31.0,28.0,28.0,28.0,28.0,28.0,28.0,29.5,29.5,29.5,29.5,29.5,29.5,39.0,39.0,39.0
train,1,data_1.csv,normal,1_88_111,24,88,111,52800,66600,leak_binary,0,42.5,42.5,31.0,31.0,31.0,31.0,31.0,31.0,28.0,28.0,28.0,28.0,28.0,28.0,29.5,29.5,29.5,29.5,29.5,29.5,39.0,39.0,39.0,39.0
train,1,data_1.csv,normal,1_89_112,24,89,112,53400,67200,leak_binary,0,42.5,31.0,31.0,31.0,31.0,31.0,31.0,28.0,28.0,28.0,28.0,28.0,28.0,29.5,29.5,29.5,29.5,29.5,29.5,39.0,39.0,39.0,39.0,39.0
train,1,data_1.csv,normal,1_90_113,24,90,113,54000,67800,leak_binary,0,31.0,31.0,31.0,31.0,31.0,31.0,28.0,28.0,28.0,28.0,28.0,28.0,29.5,29.5,29.5,29.5,29.5,29.5,39.0,39.0,39.0,39.0,39.0,39.0
train,1,data_1.csv,normal,1_91_114,24,91,114,54600,68400,leak_binary,0,31.0,31.0,31.0,31.0,31.0,28.0,28.0,28.0,28.0,28.0,28.0,29.5,29.5,29.5,29.5,29.5,29.5,39.0,39.0,39.0,39.0,39.0,39.0,51.5
train,1,data_1.csv,normal,1_92_115,24,92,115,55200,69000,leak_binary,0,31.0,31.0,31.0,31.0,28.0,28.0,28.0,28.0,28.0,28.0,29.5,29.5,29.5,29.5,29.5,29.5,39.0,39.0,39.0,39.0,39.0,39.0,51.5,51.5
train,1,data_1.csv,normal,1_93_116,24,93,116,55800,69600,leak_binary,0,31.0,31.0,31.0,28.0,28.0,28.0,28.0,28.0,28.0,29.5,29.5,29.5,29.5,29.5,29.5,39.0,39.0,39.0,39.0,39.0,39.0,51.5,51.5,51.5
train,1,data_1.csv,normal,1_94_117,24,94,117,56400,70200,leak_binary,0,31.0,31.0,28.0,28.0,28.0,28.0,28.0,28.0,29.5,29.5,29.5,29.5,29.5,29.5,39.0,39.0,39.0,39.0,39.0,39.0,51.5,51.5,51.5,51.5
train,1,data_1.csv,normal,1_95_118,24,95,118,57000,70800,leak_binary,0,31.0,28.0,28.0,28.0,28.0,28.0,28.0,29.5,29.5,29.5,29.5,29.5,29.5,39.0,39.0,39.0,39.0,39.0,39.0,51.5,51.5,51.5,51.5,51.5
train,1,data_1.csv,normal,1_96_119,24,96,119,57600,71400,leak_binary,0,28.0,28.0,28.0,28.0,28.0,28.0,29.5,29.5,29.5,29.5,29.5,29.5,39.0,39.0,39.0,39.0,39.0,39.0,51.5,51.5,51.5,51.5,51.5,51.5
train,1,data_1.csv,normal,1_97_120,24,97,120,58200,72000,leak_binary,0,28.0,28.0,28.0,28.0,28.0,29.5,29.5,29.5,29.5,29.5,29.5,39.0,39.0,39.0,39.0,39.0,39.0,51.5,51.5,51.5,51.5,51.5,51.5,51.0
train,1,data_1.csv,normal,1_98_121,24,98,121,58800,72600,leak_binary,0,28.0,28.0,28.0,28.0,29.5,29.5,29.5,29.5,29.5,29.5,39.0,39.0,39.0,39.0,39.0,39.0,51.5,51.5,51.5,51.5,51.5,51.5,51.0,51.0
train,1,data_1.csv,normal,1_99_122,24,99,122,59400,73200,leak_binary,0,28.0,28.0,28.0,29.5,29.5,29.5,29.5,29.5,29.5,39.0,39.0,39.0,39.0,39.0,39.0,51.5,51.5,51.5,51.5,51.5,51.5,51.0,51.0,51.0
train,1,data_1.csv,normal,1_100_123,24,100,123,60000,73800,leak_binary,0,28.0,28.0,29.5,29.5,29.5,29.5,29.5,29.5,39.0,39.0,39.0,39.0,39.0,39.0,51.5,51.5,51.5,51.5,51.5,51.5,51.0,51.0,51.0,51.0
train,1,data_1.csv,normal,1_101_124,24,101,124,60600,74400,leak_binary,0,28.0,29.5,29.5,29.5,29.5,29.5,29.5,39.0,39.0,39.0,39.0,39.0,39.0,51.5,51.5,51.5,51.5,51.5,51.5,51.0,51.0,51.0,51.0,51.0
train,1,data_1.csv,normal,1_102_125,24,102,125,61200,75000,leak_binary,0,29.5,29.5,29.5,29.5,29.5,29.5,39.0,39.0,39.0,39.0,39.0,39.0,51.5,51.5,51.5,51.5,51.5,51.5,51.0,51.0,51.0,51.0,51.0,51.0
train,1,data_1.csv,normal,1_103_126,24,103,126,61800,75600,leak_binary,0,29.5,29.5,29.5,29.5,29.5,39.0,39.0,39.0,39.0,39.0,39.0,51.5,51.5,51.5,51.5,51.5,51.5,51.0,51.0,51.0,51.0,51.0,51.0,45.5
train,1,data_1.csv,normal,1_104_127,24,104,127,62400,76200,leak_binary,0,29.5,29.5,29.5,29.5,39.0,39.0,39.0,39.0,39.0,39.0,51.5,51.5,51.5,51.5,51.5,51.5,51.0,51.0,51.0,51.0,51.0,51.0,45.5,45.5
train,1,data_1.csv,normal,1_105_128,24,105,128,63000,76800,leak_binary,0,29.5,29.5,29.5,39.0,39.0,39.0,39.0,39.0,39.0,51.5,51.5,51.5,51.5,51.5,51.5,51.0,51.0,51.0,51.0,51.0,51.0,45.5,45.5,45.5
train,1,data_1.csv,normal,1_106_129,24,106,129,63600,77400,leak_binary,0,29.5,29.5,39.0,39.0,39.0,39.0,39.0,39.0,51.5,51.5,51.5,51.5,51.5,51.5,51.0,51.0,51.0,51.0,51.0,51.0,45.5,45.5,45.5,45.5
train,1,data_1.csv,normal,1_107_130,24,107,130,64200,78000,leak_binary,0,29.5,39.0,39.0,39.0,39.0,39.0,39.0,51.5,51.5,51.5,51.5,51.5,51.5,51.0,51.0,51.0,51.0,51.0,51.0,45.5,45.5,45.5,45.5,45.5
train,1,data_1.csv,normal,1_108_131,24,108,131,64800,78600,leak_binary,0,39.0,39.0,39.0,39.0,39.0,39.0,51.5,51.5,51.5,51.5,51.5,51.5,51.0,51.0,51.0,51.0,51.0,51.0,45.5,45.5,45.5,45.5,45.5,45.5
train,1,data_1.csv,normal,1_109_132,24,109,132,65400,79200,leak_binary,0,39.0,39.0,39.0,39.0,39.0,51.5,51.5,51.5,51.5,51.5,51.5,51.0,51.0,51.0,51.0,51.0,51.0,45.5,45.5,45.5,45.5,45.5,45.5,34.5
train,1,data_1.csv,normal,1_110_133,24,110,133,66000,79800,leak_binary,0,39.0,39.0,39.0,39.0,51.5,51.5,51.5,51.5,51.5,51.5,51.0,51.0,51.0,51.0,51.0,51.0,45.5,45.5,45.5,45.5,45.5,45.5,34.5,34.5
train,1,data_1.csv,normal,1_111_134,24,111,134,66600,80400,leak_binary,0,39.0,39.0,39.0,51.5,51.5,51.5,51.5,51.5,51.5,51.0,51.0,51.0,51.0,51.0,51.0,45.5,45.5,45.5,45.5,45.5,45.5,34.5,34.5,34.5
train,1,data_1.csv,normal,1_112_135,24,112,135,67200,81000,leak_binary,0,39.0,39.0,51.5,51.5,51.5,51.5,51.5,51.5,51.0,51.0,51.0,51.0,51.0,51.0,45.5,45.5,45.5,45.5,45.5,45.5,34.5,34.5,34.5,34.5
train,1,data_1.csv,normal,1_113_136,24,113,136,67800,81600,leak_binary,0,39.0,51.5,51.5,51.5,51.5,51.5,51.5,51.0,51.0,51.0,51.0,51.0,51.0,45.5,45.5,45.5,45.5,45.5,45.5,34.5,34.5,34.5,34.5,34.5
train,1,data_1.csv,normal,1_114_137,24,114,137,68400,82200,leak_binary,0,51.5,51.5,51.5,51.5,51.5,51.5,51.0,51.0,51.0,51.0,51.0,51.0,45.5,45.5,45.5,45.5,45.5,45.5,34.5,34.5,34.5,34.5,34.5,34.5
train,1,data_1.csv,normal,1_115_138,24,115,138,69000,82800,leak_binary,0,51.5,51.5,51.5,51.5,51.5,51.0,51.0,51.0,51.0,51.0,51.0,45.5,45.5,45.5,45.5,45.5,45.5,34.5,34.5,34.5,34.5,34.5,34.5,17.0
train,1,data_1.csv,normal,1_116_139,24,116,139,69600,83400,leak_binary,0,51.5,51.5,51.5,51.5,51.0,51.0,51.0,51.0,51.0,51.0,45.5,45.5,45.5,45.5,45.5,45.5,34.5,34.5,34.5,34.5,34.5,34.5,17.0,17.0
train,1,data_1.csv,normal,1_117_140,24,117,140,70200,84000,leak_binary,0,51.5,51.5,51.5,51.0,51.0,51.0,51.0,51.0,51.0,45.5,45.5,45.5,45.5,45.5,45.5,34.5,34.5,34.5,34.5,34.5,34.5,17.0,17.0,17.0
train,1,data_1.csv,normal,1_118_141,24,118,141,70800,84600,leak_binary,0,51.5,51.5,51.0,51.0,51.0,51.0,51.0,51.0,45.5,45.5,45.5,45.5,45.5,45.5,34.5,34.5,34.5,34.5,34.5,34.5,17.0,17.0,17.0,17.0
train,1,data_1.csv,normal,1_119_142,24,119,142,71400,85200,leak_binary,0,51.5,51.0,51.0,51.0,51.0,51.0,51.0,45.5,45.5,45.5,45.5,45.5,45.5,34.5,34.5,34.5,34.5,34.5,34.5,17.0,17.0,17.0,17.0,17.0
train,1,data_1.csv,normal,1_120_143,24,120,143,72000,85800,leak_binary,0,51.0,51.0,51.0,51.0,51.0,51.0,45.5,45.5,45.5,45.5,45.5,45.5,34.5,34.5,34.5,34.5,34.5,34.5,17.0,17.0,17.0,17.0,17.0,17.0
train,1,data_1.csv,normal,1_121_144,24,121,144,72600,86400,leak_binary,0,51.0,51.0,51.0,51.0,51.0,45.5,45.5,45.5,45.5,45.5,45.5,34.5,34.5,34.5,34.5,34.5,34.5,17.0,17.0,17.0,17.0,17.0,17.0,13.0
train,3,data_3.csv,normal,3_0_23,24,0,23,0,13800,leak_binary,0,13.0,13.0,13.0,13.0,13.0,13.0,11.532,11.532,11.532,11.532,11.532,11.532,10.25,10.25,10.25,10.25,10.25,10.25,9.344,9.344,9.344,9.344,9.344,9.344
train,3,data_3.csv,normal,3_1_24,24,1,24,600,14400,leak_binary,0,13.0,13.0,13.0,13.0,13.0,11.532,11.532,11.532,11.532,11.532,11.532,10.25,10.25,10.25,10.25,10.25,10.25,9.344,9.344,9.344,9.344,9.344,9.344,9.0
train,3,data_3.csv,normal,3_2_25,24,2,25,1200,15000,leak_binary,0,13.0,13.0,13.0,13.0,11.532,11.532,11.532,11.532,11.532,11.532,10.25,10.25,10.25,10.25,10.25,10.25,9.344,9.344,9.344,9.344,9.344,9.344,9.0,9.0
train,3,data_3.csv,normal,3_3_26,24,3,26,1800,15600,leak_binary,0,13.0,13.0,13.0,11.532,11.532,11.532,11.532,11.532,11.532,10.25,10.25,10.25,10.25,10.25,10.25,9.344,9.344,9.344,9.344,9.344,9.344,9.0,9.0,9.0
train,3,data_3.csv,normal,3_4_27,24,4,27,2400,16200,leak_binary,0,13.0,13.0,11.532,11.532,11.532,11.532,11.532,11.532,10.25,10.25,10.25,10.25,10.25,10.25,9.344,9.344,9.344,9.344,9.344,9.344,9.0,9.0,9.0,9.0
train,3,data_3.csv,normal,3_5_28,24,5,28,3000,16800,leak_binary,0,13.0,11.532,11.532,11.532,11.532,11.532,11.532,10.25,10.25,10.25,10.25,10.25,10.25,9.344,9.344,9.344,9.344,9.344,9.344,9.0,9.0,9.0,9.0,9.0
train,3,data_3.csv,normal,3_6_29,24,6,29,3600,17400,leak_binary,0,11.532,11.532,11.532,11.532,11.532,11.532,10.25,10.25,10.25,10.25,10.25,10.25,9.344,9.344,9.344,9.344,9.344,9.344,9.0,9.0,9.0,9.0,9.0,9.0
train,3,data_3.csv,normal,3_7_30,24,7,30,4200,18000,leak_binary,0,11.532,11.532,11.532,11.532,11.532,10.25,10.25,10.25,10.25,10.25,10.25,9.344,9.344,9.344,9.344,9.344,9.344,9.0,9.0,9.0,9.0,9.0,9.0,10.5
train,3,data_3.csv,normal,3_8_31,24,8,31,4800,18600,leak_binary,0,11.532,11.532,11.532,11.532,10.25,10.25,10.25,10.25,10.25,10.25,9.344,9.344,9.344,9.344,9.344,9.344,9.0,9.0,9.0,9.0,9.0,9.0,10.5,10.5
train,3,data_3.csv,normal,3_9_32,24,9,32,5400,19200,leak_binary,0,11.532,11.532,11.532,10.25,10.25,10.25,10.25,10.25,10.25,9.344,9.344,9.344,9.344,9.344,9.344,9.0,9.0,9.0,9.0,9.0,9.0,10.5,10.5,10.5
train,3,data_3.csv,normal,3_10_33,24,10,33,6000,19800,leak_binary,0,11.532,11.532,10.25,10.25,10.25,10.25,10.25,10.25,9.344,9.344,9.344,9.344,9.344,9.344,9.0,9.0,9.0,9.0,9.0,9.0,10.5,10.5,10.5,10.5
train,3,data_3.csv,normal,3_11_34,24,11,34,6600,20400,leak_binary,0,11.532,10.25,10.25,10.25,10.25,10.25,10.25,9.344,9.344,9.344,9.344,9.344,9.344,9.0,9.0,9.0,9.0,9.0,9.0,10.5,10.5,10.5,10.5,10.5
train,3,data_3.csv,normal,3_12_35,24,12,35,7200,21000,leak_binary,0,10.25,10.25,10.25,10.25,10.25,10.25,9.344,9.344,9.344,9.344,9.344,9.344,9.0,9.0,9.0,9.0,9.0,9.0,10.5,10.5,10.5,10.5,10.5,10.5
train,3,data_3.csv,normal,3_13_36,24,13,36,7800,21600,leak_binary,0,10.25,10.25,10.25,10.25,10.25,9.344,9.344,9.344,9.344,9.344,9.344,9.0,9.0,9.0,9.0,9.0,9.0,10.5,10.5,10.5,10.5,10.5,10.5,12.0
train,3,data_3.csv,normal,3_14_37,24,14,37,8400,22200,leak_binary,0,10.25,10.25,10.25,10.25,9.344,9.344,9.344,9.344,9.344,9.344,9.0,9.0,9.0,9.0,9.0,9.0,10.5,10.5,10.5,10.5,10.5,10.5,12.0,12.0
train,3,data_3.csv,normal,3_15_38,24,15,38,9000,22800,leak_binary,0,10.25,10.25,10.25,9.344,9.344,9.344,9.344,9.344,9.344,9.0,9.0,9.0,9.0,9.0,9.0,10.5,10.5,10.5,10.5,10.5,10.5,12.0,12.0,12.0
train,3,data_3.csv,normal,3_16_39,24,16,39,9600,23400,leak_binary,0,10.25,10.25,9.344,9.344,9.344,9.344,9.344,9.344,9.0,9.0,9.0,9.0,9.0,9.0,10.5,10.5,10.5,10.5,10.5,10.5,12.0,12.0,12.0,12.0
train,3,data_3.csv,normal,3_17_40,24,17,40,10200,24000,leak_binary,0,10.25,9.344,9.344,9.344,9.344,9.344,9.344,9.0,9.0,9.0,9.0,9.0,9.0,10.5,10.5,10.5,10.5,10.5,10.5,12.0,12.0,12.0,12.0,12.0
train,3,data_3.csv,normal,3_18_41,24,18,41,10800,24600,leak_binary,0,9.344,9.344,9.344,9.344,9.344,9.344,9.0,9.0,9.0,9.0,9.0,9.0,10.5,10.5,10.5,10.5,10.5,10.5,12.0,12.0,12.0,12.0,12.0,12.0
train,3,data_3.csv,normal,3_19_42,24,19,42,11400,25200,leak_binary,0,9.344,9.344,9.344,9.344,9.344,9.0,9.0,9.0,9.0,9.0,9.0,10.5,10.5,10.5,10.5,10.5,10.5,12.0,12.0,12.0,12.0,12.0,12.0,13.5
train,3,data_3.csv,normal,3_20_43,24,20,43,12000,25800,leak_binary,0,9.344,9.344,9.344,9.344,9.0,9.0,9.0,9.0,9.0,9.0,10.5,10.5,10.5,10.5,10.5,10.5,12.0,12.0,12.0,12.0,12.0,12.0,13.5,13.5
train,3,data_3.csv,normal,3_21_44,24,21,44,12600,26400,leak_binary,0,9.344,9.344,9.344,9.0,9.0,9.0,9.0,9.0,9.0,10.5,10.5,10.5,10.5,10.5,10.5,12.0,12.0,12.0,12.0,12.0,12.0,13.5,13.5,13.5
train,3,data_3.csv,normal,3_22_45,24,22,45,13200,27000,leak_binary,0,9.344,9.344,9.0,9.0,9.0,9.0,9.0,9.0,10.5,10.5,10.5,10.5,10.5,10.5,12.0,12.0,12.0,12.0,12.0,12.0,13.5,13.5,13.5,13.5
train,3,data_3.csv,normal,3_23_46,24,23,46,13800,27600,leak_binary,0,9.344,9.0,9.0,9.0,9.0,9.0,9.0,10.5,10.5,10.5,10.5,10.5,10.5,12.0,12.0,12.0,12.0,12.0,12.0,13.5,13.5,13.5,13.5,13.5
train,3,data_3.csv,normal,3_24_47,24,24,47,14400,28200,leak_binary,0,9.0,9.0,9.0,9.0,9.0,9.0,10.5,10.5,10.5,10.5,10.5,10.5,12.0,12.0,12.0,12.0,12.0,12.0,13.5,13.5,13.5,13.5,13.5,13.5
train,3,data_3.csv,normal,3_25_48,24,25,48,15000,28800,leak_binary,0,9.0,9.0,9.0,9.0,9.0,10.5,10.5,10.5,10.5,10.5,10.5,12.0,12.0,12.0,12.0,12.0,12.0,13.5,13.5,13.5,13.5,13.5,13.5,15.0
train,3,data_3.csv,normal,3_26_49,24,26,49,15600,29400,leak_binary,0,9.0,9.0,9.0,9.0,10.5,10.5,10.5,10.5,10.5,10.5,12.0,12.0,12.0,12.0,12.0,12.0,13.5,13.5,13.5,13.5,13.5,13.5,15.0,15.0
train,3,data_3.csv,normal,3_27_50,24,27,50,16200,30000,leak_binary,0,9.0,9.0,9.0,10.5,10.5,10.5,10.5,10.5,10.5,12.0,12.0,12.0,12.0,12.0,12.0,13.5,13.5,13.5,13.5,13.5,13.5,15.0,15.0,15.0
train,3,data_3.csv,normal,3_28_51,24,28,51,16800,30600,leak_binary,0,9.0,9.0,10.5,10.5,10.5,10.5,10.5,10.5,12.0,12.0,12.0,12.0,12.0,12.0,13.5,13.5,13.5,13.5,13.5,13.5,15.0,15.0,15.0,15.0
train,3,data_3.csv,normal,3_29_52,24,29,52,17400,31200,leak_binary,0,9.0,10.5,10.5,10.5,10.5,10.5,10.5,12.0,12.0,12.0,12.0,12.0,12.0,13.5,13.5,13.5,13.5,13.5,13.5,15.0,15.0,15.0,15.0,15.0
train,3,data_3.csv,normal,3_30_53,24,30,53,18000,31800,leak_binary,0,10.5,10.5,10.5,10.5,10.5,10.5,12.0,12.0,12.0,12.0,12.0,12.0,13.5,13.5,13.5,13.5,13.5,13.5,15.0,15.0,15.0,15.0,15.0,15.0
train,3,data_3.csv,normal,3_31_54,24,31,54,18600,32400,leak_binary,0,10.5,10.5,10.5,10.5,10.5,12.0,12.0,12.0,12.0,12.0,12.0,13.5,13.5,13.5,13.5,13.5,13.5,15.0,15.0,15.0,15.0,15.0,15.0,23.814
train,3,data_3.csv,normal,3_32_55,24,32,55,19200,33000,leak_binary,0,10.5,10.5,10.5,10.5,12.0,12.0,12.0,12.0,12.0,12.0,13.5,13.5,13.5,13.5,13.5,13.5,15.0,15.0,15.0,15.0,15.0,15.0,23.814,23.814
train,3,data_3.csv,normal,3_33_56,24,33,56,19800,33600,leak_binary,0,10.5,10.5,10.5,12.0,12.0,12.0,12.0,12.0,12.0,13.5,13.5,13.5,13.5,13.5,13.5,15.0,15.0,15.0,15.0,15.0,15.0,23.814,23.814,23.814
train,3,data_3.csv,normal,3_34_57,24,34,57,20400,34200,leak_binary,0,10.5,10.5,12.0,12.0,12.0,12.0,12.0,12.0,13.5,13.5,13.5,13.5,13.5,13.5,15.0,15.0,15.0,15.0,15.0,15.0,23.814,23.814,23.814,23.814
train,3,data_3.csv,normal,3_35_58,24,35,58,21000,34800,leak_binary,0,10.5,12.0,12.0,12.0,12.0,12.0,12.0,13.5,13.5,13.5,13.5,13.5,13.5,15.0,15.0,15.0,15.0,15.0,15.0,23.814,23.814,23.814,23.814,23.814
train,3,data_3.csv,normal,3_36_59,24,36,59,21600,35400,leak_binary,0,12.0,12.0,12.0,12.0,12.0,12.0,13.5,13.5,13.5,13.5,13.5,13.5,15.0,15.0,15.0,15.0,15.0,15.0,23.814,23.814,23.814,23.814,23.814,23.814
train,3,data_3.csv,normal,3_37_60,24,37,60,22200,36000,leak_binary,0,12.0,12.0,12.0,12.0,12.0,13.5,13.5,13.5,13.5,13.5,13.5,15.0,15.0,15.0,15.0,15.0,15.0,23.814,23.814,23.814,23.814,23.814,23.814,43.186
train,3,data_3.csv,normal,3_38_61,24,38,61,22800,36600,leak_binary,0,12.0,12.0,12.0,12.0,13.5,13.5,13.5,13.5,13.5,13.5,15.0,15.0,15.0,15.0,15.0,15.0,23.814,23.814,23.814,23.814,23.814,23.814,43.186,43.186
train,3,data_3.csv,normal,3_39_62,24,39,62,23400,37200,leak_binary,0,12.0,12.0,12.0,13.5,13.5,13.5,13.5,13.5,13.5,15.0,15.0,15.0,15.0,15.0,15.0,23.814,23.814,23.814,23.814,23.814,23.814,43.186,43.186,43.186
train,3,data_3.csv,normal,3_40_63,24,40,63,24000,37800,leak_binary,0,12.0,12.0,13.5,13.5,13.5,13.5,13.5,13.5,15.0,15.0,15.0,15.0,15.0,15.0,23.814,23.814,23.814,23.814,23.814,23.814,43.186,43.186,43.186,43.186
train,3,data_3.csv,normal,3_41_64,24,41,64,24600,38400,leak_binary,0,12.0,13.5,13.5,13.5,13.5,13.5,13.5,15.0,15.0,15.0,15.0,15.0,15.0,23.814,23.814,23.814,23.814,23.814,23.814,43.186,43.186,43.186,43.186,43.186
train,3,data_3.csv,normal,3_42_65,24,42,65,25200,39000,leak_binary,0,13.5,13.5,13.5,13.5,13.5,13.5,15.0,15.0,15.0,15.0,15.0,15.0,23.814,23.814,23.814,23.814,23.814,23.814,43.186,43.186,43.186,43.186,43.186,43.186
train,3,data_3.csv,normal,3_43_66,24,43,66,25800,39600,leak_binary,0,13.5,13.5,13.5,13.5,13.5,15.0,15.0,15.0,15.0,15.0,15.0,23.814,23.814,23.814,23.814,23.814,23.814,43.186,43.186,43.186,43.186,43.186,43.186,55.0
train,3,data_3.csv,normal,3_44_67,24,44,67,26400,40200,leak_binary,0,13.5,13.5,13.5,13.5,15.0,15.0,15.0,15.0,15.0,15.0,23.814,23.814,23.814,23.814,23.814,23.814,43.186,43.186,43.186,43.186,43.186,43.186,55.0,55.0
train,3,data_3.csv,normal,3_45_68,24,45,68,27000,40800,leak_binary,0,13.5,13.5,13.5,15.0,15.0,15.0,15.0,15.0,15.0,23.814,23.814,23.814,23.814,23.814,23.814,43.186,43.186,43.186,43.186,43.186,43.186,55.0,55.0,55.0
train,3,data_3.csv,normal,3_46_69,24,46,69,27600,41400,leak_binary,0,13.5,13.5,15.0,15.0,15.0,15.0,15.0,15.0,23.814,23.814,23.814,23.814,23.814,23.814,43.186,43.186,43.186,43.186,43.186,43.186,55.0,55.0,55.0,55.0
train,3,data_3.csv,normal,3_47_70,24,47,70,28200,42000,leak_binary,0,13.5,15.0,15.0,15.0,15.0,15.0,15.0,23.814,23.814,23.814,23.814,23.814,23.814,43.186,43.186,43.186,43.186,43.186,43.186,55.0,55.0,55.0,55.0,55.0
train,3,data_3.csv,normal,3_48_71,24,48,71,28800,42600,leak_binary,0,15.0,15.0,15.0,15.0,15.0,15.0,23.814,23.814,23.814,23.814,23.814,23.814,43.186,43.186,43.186,43.186,43.186,43.186,55.0,55.0,55.0,55.0,55.0,55.0
train,3,data_3.csv,normal,3_49_72,24,49,72,29400,43200,leak_binary,0,15.0,15.0,15.0,15.0,15.0,23.814,23.814,23.814,23.814,23.814,23.814,43.186,43.186,43.186,43.186,43.186,43.186,55.0,55.0,55.0,55.0,55.0,55.0,52.408
train,3,data_3.csv,normal,3_50_73,24,50,73,30000,43800,leak_binary,0,15.0,15.0,15.0,15.0,23.814,23.814,23.814,23.814,23.814,23.814,43.186,43.186,43.186,43.186,43.186,43.186,55.0,55.0,55.0,55.0,55.0,55.0,52.408,52.408
train,3,data_3.csv,normal,3_51_74,24,51,74,30600,44400,leak_binary,0,15.0,15.0,15.0,23.814,23.814,23.814,23.814,23.814,23.814,43.186,43.186,43.186,43.186,43.186,43.186,55.0,55.0,55.0,55.0,55.0,55.0,52.408,52.408,52.408
train,3,data_3.csv,normal,3_52_75,24,52,75,31200,45000,leak_binary,0,15.0,15.0,23.814,23.814,23.814,23.814,23.814,23.814,43.186,43.186,43.186,43.186,43.186,43.186,55.0,55.0,55.0,55.0,55.0,55.0,52.408,52.408,52.408,52.408
train,3,data_3.csv,normal,3_53_76,24,53,76,31800,45600,leak_binary,0,15.0,23.814,23.814,23.814,23.814,23.814,23.814,43.186,43.186,43.186,43.186,43.186,43.186,55.0,55.0,55.0,55.0,55.0,55.0,52.408,52.408,52.408,52.408,52.408
train,3,data_3.csv,normal,3_54_77,24,54,77,32400,46200,leak_binary,0,23.814,23.814,23.814,23.814,23.814,23.814,43.186,43.186,43.186,43.186,43.186,43.186,55.0,55.0,55.0,55.0,55.0,55.0,52.408,52.408,52.408,52.408,52.408,52.408
train,3,data_3.csv,normal,3_55_78,24,55,78,33000,46800,leak_binary,0,23.814,23.814,23.814,23.814,23.814,43.186,43.186,43.186,43.186,43.186,43.186,55.0,55.0,55.0,55.0,55.0,55.0,52.408,52.408,52.408,52.408,52.408,52.408,47.592
train,3,data_3.csv,normal,3_56_79,24,56,79,33600,47400,leak_binary,0,23.814,23.814,23.814,23.814,43.186,43.186,43.186,43.186,43.186,43.186,55.0,55.0,55.0,55.0,55.0,55.0,52.408,52.408,52.408,52.408,52.408,52.408,47.592,47.592
train,3,data_3.csv,normal,3_57_80,24,57,80,34200,48000,leak_binary,0,23.814,23.814,23.814,43.186,43.186,43.186,43.186,43.186,43.186,55.0,55.0,55.0,55.0,55.0,55.0,52.408,52.408,52.408,52.408,52.408,52.408,47.592,47.592,47.592
train,3,data_3.csv,normal,3_58_81,24,58,81,34800,48600,leak_binary,0,23.814,23.814,43.186,43.186,43.186,43.186,43.186,43.186,55.0,55.0,55.0,55.0,55.0,55.0,52.408,52.408,52.408,52.408,52.408,52.408,47.592,47.592,47.592,47.592
train,3,data_3.csv,normal,3_59_82,24,59,82,35400,49200,leak_binary,0,23.814,43.186,43.186,43.186,43.186,43.186,43.186,55.0,55.0,55.0,55.0,55.0,55.0,52.408,52.408,52.408,52.408,52.408,52.408,47.592,47.592,47.592,47.592,47.592
train,3,data_3.csv,normal,3_60_83,24,60,83,36000,49800,leak_binary,0,43.186,43.186,43.186,43.186,43.186,43.186,55.0,55.0,55.0,55.0,55.0,55.0,52.408,52.408,52.408,52.408,52.408,52.408,47.592,47.592,47.592,47.592,47.592,47.592
train,3,data_3.csv,normal,3_61_84,24,61,84,36600,50400,leak_binary,0,43.186,43.186,43.186,43.186,43.186,55.0,55.0,55.0,55.0,55.0,55.0,52.408,52.408,52.408,52.408,52.408,52.408,47.592,47.592,47.592,47.592,47.592,47.592,42.0
train,3,data_3.csv,normal,3_62_85,24,62,85,37200,51000,leak_binary,0,43.186,43.186,43.186,43.186,55.0,55.0,55.0,55.0,55.0,55.0,52.408,52.408,52.408,52.408,52.408,52.408,47.592,47.592,47.592,47.592,47.592,47.592,42.0,42.0
train,3,data_3.csv,normal,3_63_86,24,63,86,37800,51600,leak_binary,0,43.186,43.186,43.186,55.0,55.0,55.0,55.0,55.0,55.0,52.408,52.408,52.408,52.408,52.408,52.408,47.592,47.592,47.592,47.592,47.592,47.592,42.0,42.0,42.0
train,3,data_3.csv,normal,3_64_87,24,64,87,38400,52200,leak_binary,0,43.186,43.186,55.0,55.0,55.0,55.0,55.0,55.0,52.408,52.408,52.408,52.408,52.408,52.408,47.592,47.592,47.592,47.592,47.592,47.592,42.0,42.0,42.0,42.0
train,3,data_3.csv,normal,3_65_88,24,65,88,39000,52800,leak_binary,0,43.186,55.0,55.0,55.0,55.0,55.0,55.0,52.408,52.408,52.408,52.408,52.408,52.408,47.592,47.592,47.592,47.592,47.592,47.592,42.0,42.0,42.0,42.0,42.0
train,3,data_3.csv,normal,3_66_89,24,66,89,39600,53400,leak_binary,0,55.0,55.0,55.0,55.0,55.0,55.0,52.408,52.408,52.408,52.408,52.408,52.408,47.592,47.592,47.592,47.592,47.592,47.592,42.0,42.0,42.0,42.0,42.0,42.0
train,3,data_3.csv,normal,3_67_90,24,67,90,40200,54000,leak_binary,0,55.0,55.0,55.0,55.0,55.0,52.408,52.408,52.408,52.408,52.408,52.408,47.592,47.592,47.592,47.592,47.592,47.592,42.0,42.0,42.0,42.0,42.0,42.0,44.25
train,3,data_3.csv,normal,3_68_91,24,68,91,40800,54600,leak_binary,0,55.0,55.0,55.0,55.0,52.408,52.408,52.408,52.408,52.408,52.408,47.592,47.592,47.592,47.592,47.592,47.592,42.0,42.0,42.0,42.0,42.0,42.0,44.25,44.25
train,3,data_3.csv,normal,3_69_92,24,69,92,41400,55200,leak_binary,0,55.0,55.0,55.0,52.408,52.408,52.408,52.408,52.408,52.408,47.592,47.592,47.592,47.592,47.592,47.592,42.0,42.0,42.0,42.0,42.0,42.0,44.25,44.25,44.25
train,3,data_3.csv,normal,3_70_93,24,70,93,42000,55800,leak_binary,0,55.0,55.0,52.408,52.408,52.408,52.408,52.408,52.408,47.592,47.592,47.592,47.592,47.592,47.592,42.0,42.0,42.0,42.0,42.0,42.0,44.25,44.25,44.25,44.25
train,3,data_3.csv,normal,3_71_94,24,71,94,42600,56400,leak_binary,0,55.0,52.408,52.408,52.408,52.408,52.408,52.408,47.592,47.592,47.592,47.592,47.592,47.592,42.0,42.0,42.0,42.0,42.0,42.0,44.25,44.25,44.25,44.25,44.25
train,3,data_3.csv,normal,3_72_95,24,72,95,43200,57000,leak_binary,0,52.408,52.408,52.408,52.408,52.408,52.408,47.592,47.592,47.592,47.592,47.592,47.592,42.0,42.0,42.0,42.0,42.0,42.0,44.25,44.25,44.25,44.25,44.25,44.25
train,3,data_3.csv,normal,3_73_96,24,73,96,43800,57600,leak_binary,0,52.408,52.408,52.408,52.408,52.408,47.592,47.592,47.592,47.592,47.592,47.592,42.0,42.0,42.0,42.0,42.0,42.0,44.25,44.25,44.25,44.25,44.25,44.25,52.5
train,3,data_3.csv,normal,3_74_97,24,74,97,44400,58200,leak_binary,0,52.408,52.408,52.408,52.408,47.592,47.592,47.592,47.592,47.592,47.592,42.0,42.0,42.0,42.0,42.0,42.0,44.25,44.25,44.25,44.25,44.25,44.25,52.5,52.5
train,3,data_3.csv,normal,3_75_98,24,75,98,45000,58800,leak_binary,0,52.408,52.408,52.408,47.592,47.592,47.592,47.592,47.592,47.592,42.0,42.0,42.0,42.0,42.0,42.0,44.25,44.25,44.25,44.25,44.25,44.25,52.5,52.5,52.5
train,3,data_3.csv,normal,3_76_99,24,76,99,45600,59400,leak_binary,0,52.408,52.408,47.592,47.592,47.592,47.592,47.592,47.592,42.0,42.0,42.0,42.0,42.0,42.0,44.25,44.25,44.25,44.25,44.25,44.25,52.5,52.5,52.5,52.5
train,3,data_3.csv,normal,3_77_100,24,77,100,46200,60000,leak_binary,0,52.408,47.592,47.592,47.592,47.592,47.592,47.592,42.0,42.0,42.0,42.0,42.0,42.0,44.25,44.25,44.25,44.25,44.25,44.25,52.5,52.5,52.5,52.5,52.5
train,3,data_3.csv,normal,3_78_101,24,78,101,46800,60600,leak_binary,0,47.592,47.592,47.592,47.592,47.592,47.592,42.0,42.0,42.0,42.0,42.0,42.0,44.25,44.25,44.25,44.25,44.25,44.25,52.5,52.5,52.5,52.5,52.5,52.5
train,3,data_3.csv,normal,3_79_102,24,79,102,47400,61200,leak_binary,0,47.592,47.592,47.592,47.592,47.592,42.0,42.0,42.0,42.0,42.0,42.0,44.25,44.25,44.25,44.25,44.25,44.25,52.5,52.5,52.5,52.5,52.5,52.5,60.75
train,3,data_3.csv,normal,3_80_103,24,80,103,48000,61800,leak_binary,0,47.592,47.592,47.592,47.592,42.0,42.0,42.0,42.0,42.0,42.0,44.25,44.25,44.25,44.25,44.25,44.25,52.5,52.5,52.5,52.5,52.5,52.5,60.75,60.75
train,3,data_3.csv,normal,3_81_104,24,81,104,48600,62400,leak_binary,0,47.592,47.592,47.592,42.0,42.0,42.0,42.0,42.0,42.0,44.25,44.25,44.25,44.25,44.25,44.25,52.5,52.5,52.5,52.5,52.5,52.5,60.75,60.75,60.75
train,3,data_3.csv,normal,3_82_105,24,82,105,49200,63000,leak_binary,0,47.592,47.592,42.0,42.0,42.0,42.0,42.0,42.0,44.25,44.25,44.25,44.25,44.25,44.25,52.5,52.5,52.5,52.5,52.5,52.5,60.75,60.75,60.75,60.75
train,3,data_3.csv,normal,3_83_106,24,83,106,49800,63600,leak_binary,0,47.592,42.0,42.0,42.0,42.0,42.0,42.0,44.25,44.25,44.25,44.25,44.25,44.25,52.5,52.5,52.5,52.5,52.5,52.5,60.75,60.75,60.75,60.75,60.75
train,3,data_3.csv,normal,3_84_107,24,84,107,50400,64200,leak_binary,0,42.0,42.0,42.0,42.0,42.0,42.0,44.25,44.25,44.25,44.25,44.25,44.25,52.5,52.5,52.5,52.5,52.5,52.5,60.75,60.75,60.75,60.75,60.75,60.75
train,3,data_3.csv,normal,3_85_108,24,85,108,51000,64800,leak_binary,0,42.0,42.0,42.0,42.0,42.0,44.25,44.25,44.25,44.25,44.25,44.25,52.5,52.5,52.5,52.5,52.5,52.5,60.75,60.75,60.75,60.75,60.75,60.75,67.5
train,3,data_3.csv,normal,3_86_109,24,86,109,51600,65400,leak_binary,0,42.0,42.0,42.0,42.0,44.25,44.25,44.25,44.25,44.25,44.25,52.5,52.5,52.5,52.5,52.5,52.5,60.75,60.75,60.75,60.75,60.75,60.75,67.5,67.5
train,3,data_3.csv,normal,3_87_110,24,87,110,52200,66000,leak_binary,0,42.0,42.0,42.0,44.25,44.25,44.25,44.25,44.25,44.25,52.5,52.5,52.5,52.5,52.5,52.5,60.75,60.75,60.75,60.75,60.75,60.75,67.5,67.5,67.5
train,3,data_3.csv,normal,3_88_111,24,88,111,52800,66600,leak_binary,0,42.0,42.0,44.25,44.25,44.25,44.25,44.25,44.25,52.5,52.5,52.5,52.5,52.5,52.5,60.75,60.75,60.75,60.75,60.75,60.75,67.5,67.5,67.5,67.5
train,3,data_3.csv,normal,3_89_112,24,89,112,53400,67200,leak_binary,0,42.0,44.25,44.25,44.25,44.25,44.25,44.25,52.5,52.5,52.5,52.5,52.5,52.5,60.75,60.75,60.75,60.75,60.75,60.75,67.5,67.5,67.5,67.5,67.5
train,3,data_3.csv,normal,3_90_113,24,90,113,54000,67800,leak_binary,0,44.25,44.25,44.25,44.25,44.25,44.25,52.5,52.5,52.5,52.5,52.5,52.5,60.75,60.75,60.75,60.75,60.75,60.75,67.5,67.5,67.5,67.5,67.5,67.5
train,3,data_3.csv,normal,3_91_114,24,91,114,54600,68400,leak_binary,0,44.25,44.25,44.25,44.25,44.25,52.5,52.5,52.5,52.5,52.5,52.5,60.75,60.75,60.75,60.75,60.75,60.75,67.5,67.5,67.5,67.5,67.5,67.5,49.162
train,3,data_3.csv,normal,3_92_115,24,92,115,55200,69000,leak_binary,0,44.25,44.25,44.25,44.25,52.5,52.5,52.5,52.5,52.5,52.5,60.75,60.75,60.75,60.75,60.75,60.75,67.5,67.5,67.5,67.5,67.5,67.5,49.162,49.162
train,3,data_3.csv,normal,3_93_116,24,93,116,55800,69600,leak_binary,0,44.25,44.25,44.25,52.5,52.5,52.5,52.5,52.5,52.5,60.75,60.75,60.75,60.75,60.75,60.75,67.5,67.5,67.5,67.5,67.5,67.5,49.162,49.162,49.162
train,3,data_3.csv,normal,3_94_117,24,94,117,56400,70200,leak_binary,0,44.25,44.25,52.5,52.5,52.5,52.5,52.5,52.5,60.75,60.75,60.75,60.75,60.75,60.75,67.5,67.5,67.5,67.5,67.5,67.5,49.162,49.162,49.162,49.162
train,3,data_3.csv,normal,3_95_118,24,95,118,57000,70800,leak_binary,0,44.25,52.5,52.5,52.5,52.5,52.5,52.5,60.75,60.75,60.75,60.75,60.75,60.75,67.5,67.5,67.5,67.5,67.5,67.5,49.162,49.162,49.162,49.162,49.162
train,3,data_3.csv,normal,3_96_119,24,96,119,57600,71400,leak_binary,0,52.5,52.5,52.5,52.5,52.5,52.5,60.75,60.75,60.75,60.75,60.75,60.75,67.5,67.5,67.5,67.5,67.5,67.5,49.162,49.162,49.162,49.162,49.162,49.162
train,3,data_3.csv,normal,3_97_120,24,97,120,58200,72000,leak_binary,0,52.5,52.5,52.5,52.5,52.5,60.75,60.75,60.75,60.75,60.75,60.75,67.5,67.5,67.5,67.5,67.5,67.5,49.162,49.162,49.162,49.162,49.162,49.162,26.5
train,3,data_3.csv,normal,3_98_121,24,98,121,58800,72600,leak_binary,0,52.5,52.5,52.5,52.5,60.75,60.75,60.75,60.75,60.75,60.75,67.5,67.5,67.5,67.5,67.5,67.5,49.162,49.162,49.162,49.162,49.162,49.162,26.5,26.5
train,3,data_3.csv,normal,3_99_122,24,99,122,59400,73200,leak_binary,0,52.5,52.5,52.5,60.75,60.75,60.75,60.75,60.75,60.75,67.5,67.5,67.5,67.5,67.5,67.5,49.162,49.162,49.162,49.162,49.162,49.162,26.5,26.5,26.5
train,3,data_3.csv,normal,3_100_123,24,100,123,60000,73800,leak_binary,0,52.5,52.5,60.75,60.75,60.75,60.75,60.75,60.75,67.5,67.5,67.5,67.5,67.5,67.5,49.162,49.162,49.162,49.162,49.162,49.162,26.5,26.5,26.5,26.5
train,3,data_3.csv,normal,3_101_124,24,101,124,60600,74400,leak_binary,0,52.5,60.75,60.75,60.75,60.75,60.75,60.75,67.5,67.5,67.5,67.5,67.5,67.5,49.162,49.162,49.162,49.162,49.162,49.162,26.5,26.5,26.5,26.5,26.5
train,3,data_3.csv,normal,3_102_125,24,102,125,61200,75000,leak_binary,0,60.75,60.75,60.75,60.75,60.75,60.75,67.5,67.5,67.5,67.5,67.5,67.5,49.162,49.162,49.162,49.162,49.162,49.162,26.5,26.5,26.5,26.5,26.5,26.5
train,3,data_3.csv,normal,3_103_126,24,103,126,61800,75600,leak_binary,0,60.75,60.75,60.75,60.75,60.75,67.5,67.5,67.5,67.5,67.5,67.5,49.162,49.162,49.162,49.162,49.162,49.162,26.5,26.5,26.5,26.5,26.5,26.5,21.288
train,3,data_3.csv,normal,3_104_127,24,104,127,62400,76200,leak_binary,0,60.75,60.75,60.75,60.75,67.5,67.5,67.5,67.5,67.5,67.5,49.162,49.162,49.162,49.162,49.162,49.162,26.5,26.5,26.5,26.5,26.5,26.5,21.288,21.288
train,3,data_3.csv,normal,3_105_128,24,105,128,63000,76800,leak_binary,0,60.75,60.75,60.75,67.5,67.5,67.5,67.5,67.5,67.5,49.162,49.162,49.162,49.162,49.162,49.162,26.5,26.5,26.5,26.5,26.5,26.5,21.288,21.288,21.288
train,3,data_3.csv,normal,3_106_129,24,106,129,63600,77400,leak_binary,0,60.75,60.75,67.5,67.5,67.5,67.5,67.5,67.5,49.162,49.162,49.162,49.162,49.162,49.162,26.5,26.5,26.5,26.5,26.5,26.5,21.288,21.288,21.288,21.288
train,3,data_3.csv,normal,3_107_130,24,107,130,64200,78000,leak_binary,0,60.75,67.5,67.5,67.5,67.5,67.5,67.5,49.162,49.162,49.162,49.162,49.162,49.162,26.5,26.5,26.5,26.5,26.5,26.5,21.288,21.288,21.288,21.288,21.288
train,3,data_3.csv,normal,3_108_131,24,108,131,64800,78600,leak_binary,0,67.5,67.5,67.5,67.5,67.5,67.5,49.162,49.162,49.162,49.162,49.162,49.162,26.5,26.5,26.5,26.5,26.5,26.5,21.288,21.288,21.288,21.288,21.288,21.288
train,3,data_3.csv,normal,3_109_132,24,109,132,65400,79200,leak_binary,0,67.5,67.5,67.5,67.5,67.5,49.162,49.162,49.162,49.162,49.162,49.162,26.5,26.5,26.5,26.5,26.5,26.5,21.288,21.288,21.288,21.288,21.288,21.288,16.95
train,3,data_3.csv,normal,3_110_133,24,110,133,66000,79800,leak_binary,0,67.5,67.5,67.5,67.5,49.162,49.162,49.162,49.162,49.162,49.162,26.5,26.5,26.5,26.5,26.5,26.5,21.288,21.288,21.288,21.288,21.288,21.288,16.95,16.95
train,3,data_3.csv,normal,3_111_134,24,111,134,66600,80400,leak_binary,0,67.5,67.5,67.5,49.162,49.162,49.162,49.162,49.162,49.162,26.5,26.5,26.5,26.5,26.5,26.5,21.288,21.288,21.288,21.288,21.288,21.288,16.95,16.95,16.95
train,3,data_3.csv,normal,3_112_135,24,112,135,67200,81000,leak_binary,0,67.5,67.5,49.162,49.162,49.162,49.162,49.162,49.162,26.5,26.5,26.5,26.5,26.5,26.5,21.288,21.288,21.288,21.288,21.288,21.288,16.95,16.95,16.95,16.95
train,3,data_3.csv,normal,3_113_136,24,113,136,67800,81600,leak_binary,0,67.5,49.162,49.162,49.162,49.162,49.162,49.162,26.5,26.5,26.5,26.5,26.5,26.5,21.288,21.288,21.288,21.288,21.288,21.288,16.95,16.95,16.95,16.95,16.95
train,3,data_3.csv,normal,3_114_137,24,114,137,68400,82200,leak_binary,0,49.162,49.162,49.162,49.162,49.162,49.162,26.5,26.5,26.5,26.5,26.5,26.5,21.288,21.288,21.288,21.288,21.288,21.288,16.95,16.95,16.95,16.95,16.95,16.95
train,3,data_3.csv,normal,3_115_138,24,115,138,69000,82800,leak_binary,0,49.162,49.162,49.162,49.162,49.162,26.5,26.5,26.5,26.5,26.5,26.5,21.288,21.288,21.288,21.288,21.288,21.288,16.95,16.95,16.95,16.95,16.95,16.95,16.5
train,3,data_3.csv,normal,3_116_139,24,116,139,69600,83400,leak_binary,0,49.162,49.162,49.162,49.162,26.5,26.5,26.5,26.5,26.5,26.5,21.288,21.288,21.288,21.288,21.288,21.288,16.95,16.95,16.95,16.95,16.95,16.95,16.5,16.5
train,3,data_3.csv,normal,3_117_140,24,117,140,70200,84000,leak_binary,0,49.162,49.162,49.162,26.5,26.5,26.5,26.5,26.5,26.5,21.288,21.288,21.288,21.288,21.288,21.288,16.95,16.95,16.95,16.95,16.95,16.95,16.5,16.5,16.5
train,3,data_3.csv,normal,3_118_141,24,118,141,70800,84600,leak_binary,0,49.162,49.162,26.5,26.5,26.5,26.5,26.5,26.5,21.288,21.288,21.288,21.288,21.288,21.288,16.95,16.95,16.95,16.95,16.95,16.95,16.5,16.5,16.5,16.5
train,3,data_3.csv,normal,3_119_142,24,119,142,71400,85200,leak_binary,0,49.162,26.5,26.5,26.5,26.5,26.5,26.5,21.288,21.288,21.288,21.288,21.288,21.288,16.95,16.95,16.95,16.95,16.95,16.95,16.5,16.5,16.5,16.5,16.5
train,3,data_3.csv,normal,3_120_143,24,120,143,72000,85800,leak_binary,0,26.5,26.5,26.5,26.5,26.5,26.5,21.288,21.288,21.288,21.288,21.288,21.288,16.95,16.95,16.95,16.95,16.95,16.95,16.5,16.5,16.5,16.5,16.5,16.5
train,3,data_3.csv,normal,3_121_144,24,121,144,72600,86400,leak_binary,0,26.5,26.5,26.5,26.5,26.5,21.288,21.288,21.288,21.288,21.288,21.288,16.95,16.95,16.95,16.95,16.95,16.95,16.5,16.5,16.5,16.5,16.5,16.5,13.0
train,4,data_4.csv,normal,4_0_23,24,0,23,0,13800,leak_binary,0,3.5,3.5,3.5,3.5,3.5,3.5,4.542,4.542,4.542,4.542,4.542,4.542,4.4411,4.4504,4.4478,4.444,4.4431,4.4472,6.1292,6.124,6.1309,6.124,6.1254,6.1226
train,4,data_4.csv,normal,4_1_24,24,1,24,600,14400,leak_binary,0,3.5,3.5,3.5,3.5,3.5,4.542,4.542,4.542,4.542,4.542,4.542,4.4411,4.4504,4.4478,4.444,4.4431,4.4472,6.1292,6.124,6.1309,6.124,6.1254,6.1226,15.5
train,4,data_4.csv,normal,4_2_25,24,2,25,1200,15000,leak_binary,0,3.5,3.5,3.5,3.5,4.542,4.542,4.542,4.542,4.542,4.542,4.4411,4.4504,4.4478,4.444,4.4431,4.4472,6.1292,6.124,6.1309,6.124,6.1254,6.1226,15.5,15.5
train,4,data_4.csv,normal,4_3_26,24,3,26,1800,15600,leak_binary,0,3.5,3.5,3.5,4.542,4.542,4.542,4.542,4.542,4.542,4.4411,4.4504,4.4478,4.444,4.4431,4.4472,6.1292,6.124,6.1309,6.124,6.1254,6.1226,15.5,15.5,15.5
train,4,data_4.csv,normal,4_4_27,24,4,27,2400,16200,leak_binary,0,3.5,3.5,4.542,4.542,4.542,4.542,4.542,4.542,4.4411,4.4504,4.4478,4.444,4.4431,4.4472,6.1292,6.124,6.1309,6.124,6.1254,6.1226,15.5,15.5,15.5,15.5
train,4,data_4.csv,normal,4_5_28,24,5,28,3000,16800,leak_binary,0,3.5,4.542,4.542,4.542,4.542,4.542,4.542,4.4411,4.4504,4.4478,4.444,4.4431,4.4472,6.1292,6.124,6.1309,6.124,6.1254,6.1226,15.5,15.5,15.5,15.5,15.5
train,4,data_4.csv,normal,4_6_29,24,6,29,3600,17400,leak_binary,0,4.542,4.542,4.542,4.542,4.542,4.542,4.4411,4.4504,4.4478,4.444,4.4431,4.4472,6.1292,6.124,6.1309,6.124,6.1254,6.1226,15.5,15.5,15.5,15.5,15.5,15.5
train,4,data_4.csv,normal,4_7_30,24,7,30,4200,18000,leak_binary,0,4.542,4.542,4.542,4.542,4.542,4.4411,4.4504,4.4478,4.444,4.4431,4.4472,6.1292,6.124,6.1309,6.124,6.1254,6.1226,15.5,15.5,15.5,15.5,15.5,15.5,25.134
train,4,data_4.csv,normal,4_8_31,24,8,31,4800,18600,leak_binary,0,4.542,4.542,4.542,4.542,4.4411,4.4504,4.4478,4.444,4.4431,4.4472,6.1292,6.124,6.1309,6.124,6.1254,6.1226,15.5,15.5,15.5,15.5,15.5,15.5,25.134,25.134
train,4,data_4.csv,normal,4_9_32,24,9,32,5400,19200,leak_binary,0,4.542,4.542,4.542,4.4411,4.4504,4.4478,4.444,4.4431,4.4472,6.1292,6.124,6.1309,6.124,6.1254,6.1226,15.5,15.5,15.5,15.5,15.5,15.5,25.134,25.134,25.134
train,4,data_4.csv,normal,4_10_33,24,10,33,6000,19800,leak_binary,0,4.542,4.542,4.4411,4.4504,4.4478,4.444,4.4431,4.4472,6.1292,6.124,6.1309,6.124,6.1254,6.1226,15.5,15.5,15.5,15.5,15.5,15.5,25.134,25.134,25.134,25.134
train,4,data_4.csv,normal,4_11_34,24,11,34,6600,20400,leak_binary,0,4.542,4.4411,4.4504,4.4478,4.444,4.4431,4.4472,6.1292,6.124,6.1309,6.124,6.1254,6.1226,15.5,15.5,15.5,15.5,15.5,15.5,25.134,25.134,25.134,25.134,25.134
train,4,data_4.csv,normal,4_12_35,24,12,35,7200,21000,leak_binary,0,4.4411,4.4504,4.4478,4.444,4.4431,4.4472,6.1292,6.124,6.1309,6.124,6.1254,6.1226,15.5,15.5,15.5,15.5,15.5,15.5,25.134,25.134,25.134,25.134,25.134,25.134
train,4,data_4.csv,normal,4_13_36,24,13,36,7800,21600,leak_binary,0,4.4504,4.4478,4.444,4.4431,4.4472,6.1292,6.124,6.1309,6.124,6.1254,6.1226,15.5,15.5,15.5,15.5,15.5,15.5,25.134,25.134,25.134,25.134,25.134,25.134,30.746
train,4,data_4.csv,normal,4_14_37,24,14,37,8400,22200,leak_binary,0,4.4478,4.444,4.4431,4.4472,6.1292,6.124,6.1309,6.124,6.1254,6.1226,15.5,15.5,15.5,15.5,15.5,15.5,25.134,25.134,25.134,25.134,25.134,25.134,30.746,30.746
train,4,data_4.csv,normal,4_15_38,24,15,38,9000,22800,leak_binary,0,4.444,4.4431,4.4472,6.1292,6.124,6.1309,6.124,6.1254,6.1226,15.5,15.5,15.5,15.5,15.5,15.5,25.134,25.134,25.134,25.134,25.134,25.134,30.746,30.746,30.746
train,4,data_4.csv,normal,4_16_39,24,16,39,9600,23400,leak_binary,0,4.4431,4.4472,6.1292,6.124,6.1309,6.124,6.1254,6.1226,15.5,15.5,15.5,15.5,15.5,15.5,25.134,25.134,25.134,25.134,25.134,25.134,30.746,30.746,30.746,30.746
train,4,data_4.csv,normal,4_17_40,24,17,40,10200,24000,leak_binary,0,4.4472,6.1292,6.124,6.1309,6.124,6.1254,6.1226,15.5,15.5,15.5,15.5,15.5,15.5,25.134,25.134,25.134,25.134,25.134,25.134,30.746,30.746,30.746,30.746,30.746
train,4,data_4.csv,normal,4_18_41,24,18,41,10800,24600,leak_binary,0,6.1292,6.124,6.1309,6.124,6.1254,6.1226,15.5,15.5,15.5,15.5,15.5,15.5,25.134,25.134,25.134,25.134,25.134,25.134,30.746,30.746,30.746,30.746,30.746,30.746
train,4,data_4.csv,normal,4_19_42,24,19,42,11400,25200,leak_binary,0,6.124,6.1309,6.124,6.1254,6.1226,15.5,15.5,15.5,15.5,15.5,15.5,25.134,25.134,25.134,25.134,25.134,25.134,30.746,30.746,30.746,30.746,30.746,30.746,37.0
train,4,data_4.csv,normal,4_20_43,24,20,43,12000,25800,leak_binary,0,6.1309,6.124,6.1254,6.1226,15.5,15.5,15.5,15.5,15.5,15.5,25.134,25.134,25.134,25.134,25.134,25.134,30.746,30.746,30.746,30.746,30.746,30.746,37.0,37.0
train,4,data_4.csv,normal,4_21_44,24,21,44,12600,26400,leak_binary,0,6.124,6.1254,6.1226,15.5,15.5,15.5,15.5,15.5,15.5,25.134,25.134,25.134,25.134,25.134,25.134,30.746,30.746,30.746,30.746,30.746,30.746,37.0,37.0,37.0
train,4,data_4.csv,normal,4_22_45,24,22,45,13200,27000,leak_binary,0,6.1254,6.1226,15.5,15.5,15.5,15.5,15.5,15.5,25.134,25.134,25.134,25.134,25.134,25.134,30.746,30.746,30.746,30.746,30.746,30.746,37.0,37.0,37.0,37.0
train,4,data_4.csv,normal,4_23_46,24,23,46,13800,27600,leak_binary,0,6.1226,15.5,15.5,15.5,15.5,15.5,15.5,25.134,25.134,25.134,25.134,25.134,25.134,30.746,30.746,30.746,30.746,30.746,30.746,37.0,37.0,37.0,37.0,37.0
train,4,data_4.csv,normal,4_24_47,24,24,47,14400,28200,leak_binary,0,15.5,15.5,15.5,15.5,15.5,15.5,25.134,25.134,25.134,25.134,25.134,25.134,30.746,30.746,30.746,30.746,30.746,30.746,37.0,37.0,37.0,37.0,37.0,37.0
train,4,data_4.csv,normal,4_25_48,24,25,48,15000,28800,leak_binary,0,15.5,15.5,15.5,15.5,15.5,25.134,25.134,25.134,25.134,25.134,25.134,30.746,30.746,30.746,30.746,30.746,30.746,37.0,37.0,37.0,37.0,37.0,37.0,48.392
train,4,data_4.csv,normal,4_26_49,24,26,49,15600,29400,leak_binary,0,15.5,15.5,15.5,15.5,25.134,25.134,25.134,25.134,25.134,25.134,30.746,30.746,30.746,30.746,30.746,30.746,37.0,37.0,37.0,37.0,37.0,37.0,48.392,48.392
train,4,data_4.csv,normal,4_27_50,24,27,50,16200,30000,leak_binary,0,15.5,15.5,15.5,25.134,25.134,25.134,25.134,25.134,25.134,30.746,30.746,30.746,30.746,30.746,30.746,37.0,37.0,37.0,37.0,37.0,37.0,48.392,48.392,48.392
train,4,data_4.csv,normal,4_28_51,24,28,51,16800,30600,leak_binary,0,15.5,15.5,25.134,25.134,25.134,25.134,25.134,25.134,30.746,30.746,30.746,30.746,30.746,30.746,37.0,37.0,37.0,37.0,37.0,37.0,48.392,48.392,48.392,48.392
train,4,data_4.csv,normal,4_29_52,24,29,52,17400,31200,leak_binary,0,15.5,25.134,25.134,25.134,25.134,25.134,25.134,30.746,30.746,30.746,30.746,30.746,30.746,37.0,37.0,37.0,37.0,37.0,37.0,48.392,48.392,48.392,48.392,48.392
train,4,data_4.csv,normal,4_30_53,24,30,53,18000,31800,leak_binary,0,25.134,25.134,25.134,25.134,25.134,25.134,30.746,30.746,30.746,30.746,30.746,30.746,37.0,37.0,37.0,37.0,37.0,37.0,48.392,48.392,48.392,48.392,48.392,48.392
train,4,data_4.csv,normal,4_31_54,24,31,54,18600,32400,leak_binary,0,25.134,25.134,25.134,25.134,25.134,30.746,30.746,30.746,30.746,30.746,30.746,37.0,37.0,37.0,37.0,37.0,37.0,48.392,48.392,48.392,48.392,48.392,48.392,46.754
train,4,data_4.csv,normal,4_32_55,24,32,55,19200,33000,leak_binary,0,25.134,25.134,25.134,25.134,30.746,30.746,30.746,30.746,30.746,30.746,37.0,37.0,37.0,37.0,37.0,37.0,48.392,48.392,48.392,48.392,48.392,48.392,46.754,46.754
train,4,data_4.csv,normal,4_33_56,24,33,56,19800,33600,leak_binary,0,25.134,25.134,25.134,30.746,30.746,30.746,30.746,30.746,30.746,37.0,37.0,37.0,37.0,37.0,37.0,48.392,48.392,48.392,48.392,48.392,48.392,46.754,46.754,46.754
train,4,data_4.csv,normal,4_34_57,24,34,57,20400,34200,leak_binary,0,25.134,25.134,30.746,30.746,30.746,30.746,30.746,30.746,37.0,37.0,37.0,37.0,37.0,37.0,48.392,48.392,48.392,48.392,48.392,48.392,46.754,46.754,46.754,46.754
train,4,data_4.csv,normal,4_35_58,24,35,58,21000,34800,leak_binary,0,25.134,30.746,30.746,30.746,30.746,30.746,30.746,37.0,37.0,37.0,37.0,37.0,37.0,48.392,48.392,48.392,48.392,48.392,48.392,46.754,46.754,46.754,46.754,46.754
train,4,data_4.csv,normal,4_36_59,24,36,59,21600,35400,leak_binary,0,30.746,30.746,30.746,30.746,30.746,30.746,37.0,37.0,37.0,37.0,37.0,37.0,48.392,48.392,48.392,48.392,48.392,48.392,46.754,46.754,46.754,46.754,46.754,46.754
train,4,data_4.csv,normal,4_37_60,24,37,60,22200,36000,leak_binary,0,30.746,30.746,30.746,30.746,30.746,37.0,37.0,37.0,37.0,37.0,37.0,48.392,48.392,48.392,48.392,48.392,48.392,46.754,46.754,46.754,46.754,46.754,46.754,50.738
train,4,data_4.csv,normal,4_38_61,24,38,61,22800,36600,leak_binary,0,30.746,30.746,30.746,30.746,37.0,37.0,37.0,37.0,37.0,37.0,48.392,48.392,48.392,48.392,48.392,48.392,46.754,46.754,46.754,46.754,46.754,46.754,50.738,50.738
train,4,data_4.csv,normal,4_39_62,24,39,62,23400,37200,leak_binary,0,30.746,30.746,30.746,37.0,37.0,37.0,37.0,37.0,37.0,48.392,48.392,48.392,48.392,48.392,48.392,46.754,46.754,46.754,46.754,46.754,46.754,50.738,50.738,50.738
train,4,data_4.csv,normal,4_40_63,24,40,63,24000,37800,leak_binary,0,30.746,30.746,37.0,37.0,37.0,37.0,37.0,37.0,48.392,48.392,48.392,48.392,48.392,48.392,46.754,46.754,46.754,46.754,46.754,46.754,50.738,50.738,50.738,50.738
train,4,data_4.csv,normal,4_41_64,24,41,64,24600,38400,leak_binary,0,30.746,37.0,37.0,37.0,37.0,37.0,37.0,48.392,48.392,48.392,48.392,48.392,48.392,46.754,46.754,46.754,46.754,46.754,46.754,50.738,50.738,50.738,50.738,50.738
train,4,data_4.csv,normal,4_42_65,24,42,65,25200,39000,leak_binary,0,37.0,37.0,37.0,37.0,37.0,37.0,48.392,48.392,48.392,48.392,48.392,48.392,46.754,46.754,46.754,46.754,46.754,46.754,50.738,50.738,50.738,50.738,50.738,50.738
train,4,data_4.csv,normal,4_43_66,24,43,66,25800,39600,leak_binary,0,37.0,37.0,37.0,37.0,37.0,48.392,48.392,48.392,48.392,48.392,48.392,46.754,46.754,46.754,46.754,46.754,46.754,50.738,50.738,50.738,50.738,50.738,50.738,55.0
train,4,data_4.csv,normal,4_44_67,24,44,67,26400,40200,leak_binary,0,37.0,37.0,37.0,37.0,48.392,48.392,48.392,48.392,48.392,48.392,46.754,46.754,46.754,46.754,46.754,46.754,50.738,50.738,50.738,50.738,50.738,50.738,55.0,55.0
train,4,data_4.csv,normal,4_45_68,24,45,68,27000,40800,leak_binary,0,37.0,37.0,37.0,48.392,48.392,48.392,48.392,48.392,48.392,46.754,46.754,46.754,46.754,46.754,46.754,50.738,50.738,50.738,50.738,50.738,50.738,55.0,55.0,55.0
train,4,data_4.csv,normal,4_46_69,24,46,69,27600,41400,leak_binary,0,37.0,37.0,48.392,48.392,48.392,48.392,48.392,48.392,46.754,46.754,46.754,46.754,46.754,46.754,50.738,50.738,50.738,50.738,50.738,50.738,55.0,55.0,55.0,55.0
train,4,data_4.csv,normal,4_47_70,24,47,70,28200,42000,leak_binary,0,37.0,48.392,48.392,48.392,48.392,48.392,48.392,46.754,46.754,46.754,46.754,46.754,46.754,50.738,50.738,50.738,50.738,50.738,50.738,55.0,55.0,55.0,55.0,55.0
train,4,data_4.csv,normal,4_48_71,24,48,71,28800,42600,leak_binary,0,48.392,48.392,48.392,48.392,48.392,48.392,46.754,46.754,46.754,46.754,46.754,46.754,50.738,50.738,50.738,50.738,50.738,50.738,55.0,55.0,55.0,55.0,55.0,55.0
train,4,data_4.csv,normal,4_49_72,24,49,72,29400,43200,leak_binary,0,48.392,48.392,48.392,48.392,48.392,46.754,46.754,46.754,46.754,46.754,46.754,50.738,50.738,50.738,50.738,50.738,50.738,55.0,55.0,55.0,55.0,55.0,55.0,64.478
train,4,data_4.csv,normal,4_50_73,24,50,73,30000,43800,leak_binary,0,48.392,48.392,48.392,48.392,46.754,46.754,46.754,46.754,46.754,46.754,50.738,50.738,50.738,50.738,50.738,50.738,55.0,55.0,55.0,55.0,55.0,55.0,64.478,64.478
train,4,data_4.csv,normal,4_51_74,24,51,74,30600,44400,leak_binary,0,48.392,48.392,48.392,46.754,46.754,46.754,46.754,46.754,46.754,50.738,50.738,50.738,50.738,50.738,50.738,55.0,55.0,55.0,55.0,55.0,55.0,64.478,64.478,64.478
train,4,data_4.csv,normal,4_52_75,24,52,75,31200,45000,leak_binary,0,48.392,48.392,46.754,46.754,46.754,46.754,46.754,46.754,50.738,50.738,50.738,50.738,50.738,50.738,55.0,55.0,55.0,55.0,55.0,55.0,64.478,64.478,64.478,64.478
train,4,data_4.csv,normal,4_53_76,24,53,76,31800,45600,leak_binary,0,48.392,46.754,46.754,46.754,46.754,46.754,46.754,50.738,50.738,50.738,50.738,50.738,50.738,55.0,55.0,55.0,55.0,55.0,55.0,64.478,64.478,64.478,64.478,64.478
train,4,data_4.csv,normal,4_54_77,24,54,77,32400,46200,leak_binary,0,46.754,46.754,46.754,46.754,46.754,46.754,50.738,50.738,50.738,50.738,50.738,50.738,55.0,55.0,55.0,55.0,55.0,55.0,64.478,64.478,64.478,64.478,64.478,64.478
train,4,data_4.csv,normal,4_55_78,24,55,78,33000,46800,leak_binary,0,46.754,46.754,46.754,46.754,46.754,50.738,50.738,50.738,50.738,50.738,50.738,55.0,55.0,55.0,55.0,55.0,55.0,64.478,64.478,64.478,64.478,64.478,64.478,70.434
train,4,data_4.csv,normal,4_56_79,24,56,79,33600,47400,leak_binary,0,46.754,46.754,46.754,46.754,50.738,50.738,50.738,50.738,50.738,50.738,55.0,55.0,55.0,55.0,55.0,55.0,64.478,64.478,64.478,64.478,64.478,64.478,70.434,70.434
train,4,data_4.csv,normal,4_57_80,24,57,80,34200,48000,leak_binary,0,46.754,46.754,46.754,50.738,50.738,50.738,50.738,50.738,50.738,55.0,55.0,55.0,55.0,55.0,55.0,64.478,64.478,64.478,64.478,64.478,64.478,70.434,70.434,70.434
train,4,data_4.csv,normal,4_58_81,24,58,81,34800,48600,leak_binary,0,46.754,46.754,50.738,50.738,50.738,50.738,50.738,50.738,55.0,55.0,55.0,55.0,55.0,55.0,64.478,64.478,64.478,64.478,64.478,64.478,70.434,70.434,70.434,70.434
train,4,data_4.csv,normal,4_59_82,24,59,82,35400,49200,leak_binary,0,46.754,50.738,50.738,50.738,50.738,50.738,50.738,55.0,55.0,55.0,55.0,55.0,55.0,64.478,64.478,64.478,64.478,64.478,64.478,70.434,70.434,70.434,70.434,70.434
train,4,data_4.csv,normal,4_60_83,24,60,83,36000,49800,leak_binary,0,50.738,50.738,50.738,50.738,50.738,50.738,55.0,55.0,55.0,55.0,55.0,55.0,64.478,64.478,64.478,64.478,64.478,64.478,70.434,70.434,70.434,70.434,70.434,70.434
train,4,data_4.csv,normal,4_61_84,24,61,84,36600,50400,leak_binary,0,50.738,50.738,50.738,50.738,50.738,55.0,55.0,55.0,55.0,55.0,55.0,64.478,64.478,64.478,64.478,64.478,64.478,70.434,70.434,70.434,70.434,70.434,70.434,75.5
train,4,data_4.csv,normal,4_62_85,24,62,85,37200,51000,leak_binary,0,50.738,50.738,50.738,50.738,55.0,55.0,55.0,55.0,55.0,55.0,64.478,64.478,64.478,64.478,64.478,64.478,70.434,70.434,70.434,70.434,70.434,70.434,75.5,75.5
train,4,data_4.csv,normal,4_63_86,24,63,86,37800,51600,leak_binary,0,50.738,50.738,50.738,55.0,55.0,55.0,55.0,55.0,55.0,64.478,64.478,64.478,64.478,64.478,64.478,70.434,70.434,70.434,70.434,70.434,70.434,75.5,75.5,75.5
train,4,data_4.csv,normal,4_64_87,24,64,87,38400,52200,leak_binary,0,50.738,50.738,55.0,55.0,55.0,55.0,55.0,55.0,64.478,64.478,64.478,64.478,64.478,64.478,70.434,70.434,70.434,70.434,70.434,70.434,75.5,75.5,75.5,75.5
train,4,data_4.csv,normal,4_65_88,24,65,88,39000,52800,leak_binary,0,50.738,55.0,55.0,55.0,55.0,55.0,55.0,64.478,64.478,64.478,64.478,64.478,64.478,70.434,70.434,70.434,70.434,70.434,70.434,75.5,75.5,75.5,75.5,75.5
train,4,data_4.csv,normal,4_66_89,24,66,89,39600,53400,leak_binary,0,55.0,55.0,55.0,55.0,55.0,55.0,64.478,64.478,64.478,64.478,64.478,64.478,70.434,70.434,70.434,70.434,70.434,70.434,75.5,75.5,75.5,75.5,75.5,75.5
train,4,data_4.csv,normal,4_67_90,24,67,90,40200,54000,leak_binary,0,55.0,55.0,55.0,55.0,55.0,64.478,64.478,64.478,64.478,64.478,64.478,70.434,70.434,70.434,70.434,70.434,70.434,75.5,75.5,75.5,75.5,75.5,75.5,76.834
train,4,data_4.csv,normal,4_68_91,24,68,91,40800,54600,leak_binary,0,55.0,55.0,55.0,55.0,64.478,64.478,64.478,64.478,64.478,64.478,70.434,70.434,70.434,70.434,70.434,70.434,75.5,75.5,75.5,75.5,75.5,75.5,76.834,76.834
train,4,data_4.csv,normal,4_69_92,24,69,92,41400,55200,leak_binary,0,55.0,55.0,55.0,64.478,64.478,64.478,64.478,64.478,64.478,70.434,70.434,70.434,70.434,70.434,70.434,75.5,75.5,75.5,75.5,75.5,75.5,76.834,76.834,76.834
train,4,data_4.csv,normal,4_70_93,24,70,93,42000,55800,leak_binary,0,55.0,55.0,64.478,64.478,64.478,64.478,64.478,64.478,70.434,70.434,70.434,70.434,70.434,70.434,75.5,75.5,75.5,75.5,75.5,75.5,76.834,76.834,76.834,76.834
train,4,data_4.csv,normal,4_71_94,24,71,94,42600,56400,leak_binary,0,55.0,64.478,64.478,64.478,64.478,64.478,64.478,70.434,70.434,70.434,70.434,70.434,70.434,75.5,75.5,75.5,75.5,75.5,75.5,76.834,76.834,76.834,76.834,76.834
train,4,data_4.csv,normal,4_72_95,24,72,95,43200,57000,leak_binary,0,64.478,64.478,64.478,64.478,64.478,64.478,70.434,70.434,70.434,70.434,70.434,70.434,75.5,75.5,75.5,75.5,75.5,75.5,76.834,76.834,76.834,76.834,76.834,76.834
train,4,data_4.csv,normal,4_73_96,24,73,96,43800,57600,leak_binary,0,64.478,64.478,64.478,64.478,64.478,70.434,70.434,70.434,70.434,70.434,70.434,75.5,75.5,75.5,75.5,75.5,75.5,76.834,76.834,76.834,76.834,76.834,76.834,72.666
train,4,data_4.csv,normal,4_74_97,24,74,97,44400,58200,leak_binary,0,64.478,64.478,64.478,64.478,70.434,70.434,70.434,70.434,70.434,70.434,75.5,75.5,75.5,75.5,75.5,75.5,76.834,76.834,76.834,76.834,76.834,76.834,72.666,72.666
train,4,data_4.csv,normal,4_75_98,24,75,98,45000,58800,leak_binary,0,64.478,64.478,64.478,70.434,70.434,70.434,70.434,70.434,70.434,75.5,75.5,75.5,75.5,75.5,75.5,76.834,76.834,76.834,76.834,76.834,76.834,72.666,72.666,72.666
train,4,data_4.csv,normal,4_76_99,24,76,99,45600,59400,leak_binary,0,64.478,64.478,70.434,70.434,70.434,70.434,70.434,70.434,75.5,75.5,75.5,75.5,75.5,75.5,76.834,76.834,76.834,76.834,76.834,76.834,72.666,72.666,72.666,72.666
train,4,data_4.csv,normal,4_77_100,24,77,100,46200,60000,leak_binary,0,64.478,70.434,70.434,70.434,70.434,70.434,70.434,75.5,75.5,75.5,75.5,75.5,75.5,76.834,76.834,76.834,76.834,76.834,76.834,72.666,72.666,72.666,72.666,72.666
train,4,data_4.csv,normal,4_78_101,24,78,101,46800,60600,leak_binary,0,70.434,70.434,70.434,70.434,70.434,70.434,75.5,75.5,75.5,75.5,75.5,75.5,76.834,76.834,76.834,76.834,76.834,76.834,72.666,72.666,72.666,72.666,72.666,72.666
train,4,data_4.csv,normal,4_79_102,24,79,102,47400,61200,leak_binary,0,70.434,70.434,70.434,70.434,70.434,75.5,75.5,75.5,75.5,75.5,75.5,76.834,76.834,76.834,76.834,76.834,76.834,72.666,72.666,72.666,72.666,72.666,72.666,71.0
train,4,data_4.csv,normal,4_80_103,24,80,103,48000,61800,leak_binary,0,70.434,70.434,70.434,70.434,75.5,75.5,75.5,75.5,75.5,75.5,76.834,76.834,76.834,76.834,76.834,76.834,72.666,72.666,72.666,72.666,72.666,72.666,71.0,71.0
train,4,data_4.csv,normal,4_81_104,24,81,104,48600,62400,leak_binary,0,70.434,70.434,70.434,75.5,75.5,75.5,75.5,75.5,75.5,76.834,76.834,76.834,76.834,76.834,76.834,72.666,72.666,72.666,72.666,72.666,72.666,71.0,71.0,71.0
train,4,data_4.csv,normal,4_82_105,24,82,105,49200,63000,leak_binary,0,70.434,70.434,75.5,75.5,75.5,75.5,75.5,75.5,76.834,76.834,76.834,76.834,76.834,76.834,72.666,72.666,72.666,72.666,72.666,72.666,71.0,71.0,71.0,71.0
train,4,data_4.csv,normal,4_83_106,24,83,106,49800,63600,leak_binary,0,70.434,75.5,75.5,75.5,75.5,75.5,75.5,76.834,76.834,76.834,76.834,76.834,76.834,72.666,72.666,72.666,72.666,72.666,72.666,71.0,71.0,71.0,71.0,71.0
train,4,data_4.csv,normal,4_84_107,24,84,107,50400,64200,leak_binary,0,75.5,75.5,75.5,75.5,75.5,75.5,76.834,76.834,76.834,76.834,76.834,76.834,72.666,72.666,72.666,72.666,72.666,72.666,71.0,71.0,71.0,71.0,71.0,71.0
train,4,data_4.csv,normal,4_85_108,24,85,108,51000,64800,leak_binary,0,75.5,75.5,75.5,75.5,75.5,76.834,76.834,76.834,76.834,76.834,76.834,72.666,72.666,72.666,72.666,72.666,72.666,71.0,71.0,71.0,71.0,71.0,71.0,71.112
train,4,data_4.csv,normal,4_86_109,24,86,109,51600,65400,leak_binary,0,75.5,75.5,75.5,75.5,76.834,76.834,76.834,76.834,76.834,76.834,72.666,72.666,72.666,72.666,72.666,72.666,71.0,71.0,71.0,71.0,71.0,71.0,71.112,71.112
train,4,data_4.csv,normal,4_87_110,24,87,110,52200,66000,leak_binary,0,75.5,75.5,75.5,76.834,76.834,76.834,76.834,76.834,76.834,72.666,72.666,72.666,72.666,72.666,72.666,71.0,71.0,71.0,71.0,71.0,71.0,71.112,71.112,71.112
train,4,data_4.csv,normal,4_88_111,24,88,111,52800,66600,leak_binary,0,75.5,75.5,76.834,76.834,76.834,76.834,76.834,76.834,72.666,72.666,72.666,72.666,72.666,72.666,71.0,71.0,71.0,71.0,71.0,71.0,71.112,71.112,71.112,71.112
train,4,data_4.csv,normal,4_89_112,24,89,112,53400,67200,leak_binary,0,75.5,76.834,76.834,76.834,76.834,76.834,76.834,72.666,72.666,72.666,72.666,72.666,72.666,71.0,71.0,71.0,71.0,71.0,71.0,71.112,71.112,71.112,71.112,71.112
train,4,data_4.csv,normal,4_90_113,24,90,113,54000,67800,leak_binary,0,76.834,76.834,76.834,76.834,76.834,76.834,72.666,72.666,72.666,72.666,72.666,72.666,71.0,71.0,71.0,71.0,71.0,71.0,71.112,71.112,71.112,71.112,71.112,71.112
train,4,data_4.csv,normal,4_91_114,24,91,114,54600,68400,leak_binary,0,76.834,76.834,76.834,76.834,76.834,72.666,72.666,72.666,72.666,72.666,72.666,71.0,71.0,71.0,71.0,71.0,71.0,71.112,71.112,71.112,71.112,71.112,71.112,73.888
train,4,data_4.csv,normal,4_92_115,24,92,115,55200,69000,leak_binary,0,76.834,76.834,76.834,76.834,72.666,72.666,72.666,72.666,72.666,72.666,71.0,71.0,71.0,71.0,71.0,71.0,71.112,71.112,71.112,71.112,71.112,71.112,73.888,73.888
train,4,data_4.csv,normal,4_93_116,24,93,116,55800,69600,leak_binary,0,76.834,76.834,76.834,72.666,72.666,72.666,72.666,72.666,72.666,71.0,71.0,71.0,71.0,71.0,71.0,71.112,71.112,71.112,71.112,71.112,71.112,73.888,73.888,73.888
train,4,data_4.csv,normal,4_94_117,24,94,117,56400,70200,leak_binary,0,76.834,76.834,72.666,72.666,72.666,72.666,72.666,72.666,71.0,71.0,71.0,71.0,71.0,71.0,71.112,71.112,71.112,71.112,71.112,71.112,73.888,73.888,73.888,73.888
train,4,data_4.csv,normal,4_95_118,24,95,118,57000,70800,leak_binary,0,76.834,72.666,72.666,72.666,72.666,72.666,72.666,71.0,71.0,71.0,71.0,71.0,71.0,71.112,71.112,71.112,71.112,71.112,71.112,73.888,73.888,73.888,73.888,73.888
train,4,data_4.csv,normal,4_96_119,24,96,119,57600,71400,leak_binary,0,72.666,72.666,72.666,72.666,72.666,72.666,71.0,71.0,71.0,71.0,71.0,71.0,71.112,71.112,71.112,71.112,71.112,71.112,73.888,73.888,73.888,73.888,73.888,73.888
train,4,data_4.csv,normal,4_97_120,24,97,120,58200,72000,leak_binary,0,72.666,72.666,72.666,72.666,72.666,71.0,71.0,71.0,71.0,71.0,71.0,71.112,71.112,71.112,71.112,71.112,71.112,73.888,73.888,73.888,73.888,73.888,73.888,68.0
train,4,data_4.csv,normal,4_98_121,24,98,121,58800,72600,leak_binary,0,72.666,72.666,72.666,72.666,71.0,71.0,71.0,71.0,71.0,71.0,71.112,71.112,71.112,71.112,71.112,71.112,73.888,73.888,73.888,73.888,73.888,73.888,68.0,68.0
train,4,data_4.csv,normal,4_99_122,24,99,122,59400,73200,leak_binary,0,72.666,72.666,72.666,71.0,71.0,71.0,71.0,71.0,71.0,71.112,71.112,71.112,71.112,71.112,71.112,73.888,73.888,73.888,73.888,73.888,73.888,68.0,68.0,68.0
train,4,data_4.csv,normal,4_100_123,24,100,123,60000,73800,leak_binary,0,72.666,72.666,71.0,71.0,71.0,71.0,71.0,71.0,71.112,71.112,71.112,71.112,71.112,71.112,73.888,73.888,73.888,73.888,73.888,73.888,68.0,68.0,68.0,68.0
train,4,data_4.csv,normal,4_101_124,24,101,124,60600,74400,leak_binary,0,72.666,71.0,71.0,71.0,71.0,71.0,71.0,71.112,71.112,71.112,71.112,71.112,71.112,73.888,73.888,73.888,73.888,73.888,73.888,68.0,68.0,68.0,68.0,68.0
train,4,data_4.csv,normal,4_102_125,24,102,125,61200,75000,leak_binary,0,71.0,71.0,71.0,71.0,71.0,71.0,71.112,71.112,71.112,71.112,71.112,71.112,73.888,73.888,73.888,73.888,73.888,73.888,68.0,68.0,68.0,68.0,68.0,68.0
train,4,data_4.csv,normal,4_103_126,24,103,126,61800,75600,leak_binary,0,71.0,71.0,71.0,71.0,71.0,71.112,71.112,71.112,71.112,71.112,71.112,73.888,73.888,73.888,73.888,73.888,73.888,68.0,68.0,68.0,68.0,68.0,68.0,49.296
train,4,data_4.csv,normal,4_104_127,24,104,127,62400,76200,leak_binary,0,71.0,71.0,71.0,71.0,71.112,71.112,71.112,71.112,71.112,71.112,73.888,73.888,73.888,73.888,73.888,73.888,68.0,68.0,68.0,68.0,68.0,68.0,49.296,49.296
train,4,data_4.csv,normal,4_105_128,24,105,128,63000,76800,leak_binary,0,71.0,71.0,71.0,71.112,71.112,71.112,71.112,71.112,71.112,73.888,73.888,73.888,73.888,73.888,73.888,68.0,68.0,68.0,68.0,68.0,68.0,49.296,49.296,49.296
train,4,data_4.csv,normal,4_106_129,24,106,129,63600,77400,leak_binary,0,71.0,71.0,71.112,71.112,71.112,71.112,71.112,71.112,73.888,73.888,73.888,73.888,73.888,73.888,68.0,68.0,68.0,68.0,68.0,68.0,49.296,49.296,49.296,49.296
train,4,data_4.csv,normal,4_107_130,24,107,130,64200,78000,leak_binary,0,71.0,71.112,71.112,71.112,71.112,71.112,71.112,73.888,73.888,73.888,73.888,73.888,73.888,68.0,68.0,68.0,68.0,68.0,68.0,49.296,49.296,49.296,49.296,49.296
train,4,data_4.csv,normal,4_108_131,24,108,131,64800,78600,leak_binary,0,71.112,71.112,71.112,71.112,71.112,71.112,73.888,73.888,73.888,73.888,73.888,73.888,68.0,68.0,68.0,68.0,68.0,68.0,49.296,49.296,49.296,49.296,49.296,49.296
train,4,data_4.csv,normal,4_109_132,24,109,132,65400,79200,leak_binary,0,71.112,71.112,71.112,71.112,71.112,73.888,73.888,73.888,73.888,73.888,73.888,68.0,68.0,68.0,68.0,68.0,68.0,49.296,49.296,49.296,49.296,49.296,49.296,31.87
train,4,data_4.csv,normal,4_110_133,24,110,133,66000,79800,leak_binary,0,71.112,71.112,71.112,71.112,73.888,73.888,73.888,73.888,73.888,73.888,68.0,68.0,68.0,68.0,68.0,68.0,49.296,49.296,49.296,49.296,49.296,49.296,31.87,31.87
train,4,data_4.csv,normal,4_111_134,24,111,134,66600,80400,leak_binary,0,71.112,71.112,71.112,73.888,73.888,73.888,73.888,73.888,73.888,68.0,68.0,68.0,68.0,68.0,68.0,49.296,49.296,49.296,49.296,49.296,49.296,31.87,31.87,31.87
train,4,data_4.csv,normal,4_112_135,24,112,135,67200,81000,leak_binary,0,71.112,71.112,73.888,73.888,73.888,73.888,73.888,73.888,68.0,68.0,68.0,68.0,68.0,68.0,49.296,49.296,49.296,49.296,49.296,49.296,31.87,31.87,31.87,31.87
train,4,data_4.csv,normal,4_113_136,24,113,136,67800,81600,leak_binary,0,71.112,73.888,73.888,73.888,73.888,73.888,73.888,68.0,68.0,68.0,68.0,68.0,68.0,49.296,49.296,49.296,49.296,49.296,49.296,31.87,31.87,31.87,31.87,31.87
train,4,data_4.csv,normal,4_114_137,24,114,137,68400,82200,leak_binary,0,73.888,73.888,73.888,73.888,73.888,73.888,68.0,68.0,68.0,68.0,68.0,68.0,49.296,49.296,49.296,49.296,49.296,49.296,31.87,31.87,31.87,31.87,31.87,31.87
train,4,data_4.csv,normal,4_115_138,24,115,138,69000,82800,leak_binary,0,73.888,73.888,73.888,73.888,73.888,68.0,68.0,68.0,68.0,68.0,68.0,49.296,49.296,49.296,49.296,49.296,49.296,31.87,31.87,31.87,31.87,31.87,31.87,14.5
train,4,data_4.csv,normal,4_116_139,24,116,139,69600,83400,leak_binary,0,73.888,73.888,73.888,73.888,68.0,68.0,68.0,68.0,68.0,68.0,49.296,49.296,49.296,49.296,49.296,49.296,31.87,31.87,31.87,31.87,31.87,31.87,14.5,14.5
train,4,data_4.csv,normal,4_117_140,24,117,140,70200,84000,leak_binary,0,73.888,73.888,73.888,68.0,68.0,68.0,68.0,68.0,68.0,49.296,49.296,49.296,49.296,49.296,49.296,31.87,31.87,31.87,31.87,31.87,31.87,14.5,14.5,14.5
train,4,data_4.csv,normal,4_118_141,24,118,141,70800,84600,leak_binary,0,73.888,73.888,68.0,68.0,68.0,68.0,68.0,68.0,49.296,49.296,49.296,49.296,49.296,49.296,31.87,31.87,31.87,31.87,31.87,31.87,14.5,14.5,14.5,14.5
train,4,data_4.csv,normal,4_119_142,24,119,142,71400,85200,leak_binary,0,73.888,68.0,68.0,68.0,68.0,68.0,68.0,49.296,49.296,49.296,49.296,49.296,49.296,31.87,31.87,31.87,31.87,31.87,31.87,14.5,14.5,14.5,14.5,14.5
train,4,data_4.csv,normal,4_120_143,24,120,143,72000,85800,leak_binary,0,68.0,68.0,68.0,68.0,68.0,68.0,49.296,49.296,49.296,49.296,49.296,49.296,31.87,31.87,31.87,31.87,31.87,31.87,14.5,14.5,14.5,14.5,14.5,14.5
train,4,data_4.csv,normal,4_121_144,24,121,144,72600,86400,leak_binary,0,68.0,68.0,68.0,68.0,68.0,49.296,49.296,49.296,49.296,49.296,49.296,31.87,31.87,31.87,31.87,31.87,31.87,14.5,14.5,14.5,14.5,14.5,14.5,3.5
train,6,data_6.csv,normal,6_0_23,24,0,23,0,13800,leak_binary,0,15.5,15.5,15.5,15.5,15.5,15.5,11.279,11.279,11.279,11.279,11.279,11.279,8.4975,8.4975,8.4975,8.4975,8.4975,8.4975,6.968,6.968,6.968,6.968,6.968,6.968
train,6,data_6.csv,normal,6_1_24,24,1,24,600,14400,leak_binary,0,15.5,15.5,15.5,15.5,15.5,11.279,11.279,11.279,11.279,11.279,11.279,8.4975,8.4975,8.4975,8.4975,8.4975,8.4975,6.968,6.968,6.968,6.968,6.968,6.968,6.5
train,6,data_6.csv,normal,6_2_25,24,2,25,1200,15000,leak_binary,0,15.5,15.5,15.5,15.5,11.279,11.279,11.279,11.279,11.279,11.279,8.4975,8.4975,8.4975,8.4975,8.4975,8.4975,6.968,6.968,6.968,6.968,6.968,6.968,6.5,6.5
train,6,data_6.csv,normal,6_3_26,24,3,26,1800,15600,leak_binary,0,15.5,15.5,15.5,11.279,11.279,11.279,11.279,11.279,11.279,8.4975,8.4975,8.4975,8.4975,8.4975,8.4975,6.968,6.968,6.968,6.968,6.968,6.968,6.5,6.5,6.5
train,6,data_6.csv,normal,6_4_27,24,4,27,2400,16200,leak_binary,0,15.5,15.5,11.279,11.279,11.279,11.279,11.279,11.279,8.4975,8.4975,8.4975,8.4975,8.4975,8.4975,6.968,6.968,6.968,6.968,6.968,6.968,6.5,6.5,6.5,6.5
train,6,data_6.csv,normal,6_5_28,24,5,28,3000,16800,leak_binary,0,15.5,11.279,11.279,11.279,11.279,11.279,11.279,8.4975,8.4975,8.4975,8.4975,8.4975,8.4975,6.968,6.968,6.968,6.968,6.968,6.968,6.5,6.5,6.5,6.5,6.5
train,6,data_6.csv,normal,6_6_29,24,6,29,3600,17400,leak_binary,0,11.279,11.279,11.279,11.279,11.279,11.279,8.4975,8.4975,8.4975,8.4975,8.4975,8.4975,6.968,6.968,6.968,6.968,6.968,6.968,6.5,6.5,6.5,6.5,6.5,6.5
train,6,data_6.csv,normal,6_7_30,24,7,30,4200,18000,leak_binary,0,11.279,11.279,11.279,11.279,11.279,8.4975,8.4975,8.4975,8.4975,8.4975,8.4975,6.968,6.968,6.968,6.968,6.968,6.968,6.5,6.5,6.5,6.5,6.5,6.5,7.87
train,6,data_6.csv,normal,6_8_31,24,8,31,4800,18600,leak_binary,0,11.279,11.279,11.279,11.279,8.4975,8.4975,8.4975,8.4975,8.4975,8.4975,6.968,6.968,6.968,6.968,6.968,6.968,6.5,6.5,6.5,6.5,6.5,6.5,7.87,7.87
train,6,data_6.csv,normal,6_9_32,24,9,32,5400,19200,leak_binary,0,11.279,11.279,11.279,8.4975,8.4975,8.4975,8.4975,8.4975,8.4975,6.968,6.968,6.968,6.968,6.968,6.968,6.5,6.5,6.5,6.5,6.5,6.5,7.87,7.87,7.87
train,6,data_6.csv,normal,6_10_33,24,10,33,6000,19800,leak_binary,0,11.279,11.279,8.4975,8.4975,8.4975,8.4975,8.4975,8.4975,6.968,6.968,6.968,6.968,6.968,6.968,6.5,6.5,6.5,6.5,6.5,6.5,7.87,7.87,7.87,7.87
train,6,data_6.csv,normal,6_11_34,24,11,34,6600,20400,leak_binary,0,11.279,8.4975,8.4975,8.4975,8.4975,8.4975,8.4975,6.968,6.968,6.968,6.968,6.968,6.968,6.5,6.5,6.5,6.5,6.5,6.5,7.87,7.87,7.87,7.87,7.87
train,6,data_6.csv,normal,6_12_35,24,12,35,7200,21000,leak_binary,0,8.4975,8.4975,8.4975,8.4975,8.4975,8.4975,6.968,6.968,6.968,6.968,6.968,6.968,6.5,6.5,6.5,6.5,6.5,6.5,7.87,7.87,7.87,7.87,7.87,7.87
train,6,data_6.csv,normal,6_13_36,24,13,36,7800,21600,leak_binary,0,8.4975,8.4975,8.4975,8.4975,8.4975,6.968,6.968,6.968,6.968,6.968,6.968,6.5,6.5,6.5,6.5,6.5,6.5,7.87,7.87,7.87,7.87,7.87,7.87,11.018
train,6,data_6.csv,normal,6_14_37,24,14,37,8400,22200,leak_binary,0,8.4975,8.4975,8.4975,8.4975,6.968,6.968,6.968,6.968,6.968,6.968,6.5,6.5,6.5,6.5,6.5,6.5,7.87,7.87,7.87,7.87,7.87,7.87,11.018,11.018
train,6,data_6.csv,normal,6_15_38,24,15,38,9000,22800,leak_binary,0,8.4975,8.4975,8.4975,6.968,6.968,6.968,6.968,6.968,6.968,6.5,6.5,6.5,6.5,6.5,6.5,7.87,7.87,7.87,7.87,7.87,7.87,11.018,11.018,11.018
train,6,data_6.csv,normal,6_16_39,24,16,39,9600,23400,leak_binary,0,8.4975,8.4975,6.968,6.968,6.968,6.968,6.968,6.968,6.5,6.5,6.5,6.5,6.5,6.5,7.87,7.87,7.87,7.87,7.87,7.87,11.018,11.018,11.018,11.018
train,6,data_6.csv,normal,6_17_40,24,17,40,10200,24000,leak_binary,0,8.4975,6.968,6.968,6.968,6.968,6.968,6.968,6.5,6.5,6.5,6.5,6.5,6.5,7.87,7.87,7.87,7.87,7.87,7.87,11.018,11.018,11.018,11.018,11.018
train,6,data_6.csv,normal,6_18_41,24,18,41,10800,24600,leak_binary,0,6.968,6.968,6.968,6.968,6.968,6.968,6.5,6.5,6.5,6.5,6.5,6.5,7.87,7.87,7.87,7.87,7.87,7.87,11.018,11.018,11.018,11.018,11.018,11.018
train,6,data_6.csv,normal,6_19_42,24,19,42,11400,25200,leak_binary,0,6.968,6.968,6.968,6.968,6.968,6.5,6.5,6.5,6.5,6.5,6.5,7.87,7.87,7.87,7.87,7.87,7.87,11.018,11.018,11.018,11.018,11.018,11.018,14.5
train,6,data_6.csv,normal,6_20_43,24,20,43,12000,25800,leak_binary,0,6.968,6.968,6.968,6.968,6.5,6.5,6.5,6.5,6.5,6.5,7.87,7.87,7.87,7.87,7.87,7.87,11.018,11.018,11.018,11.018,11.018,11.018,14.5,14.5
train,6,data_6.csv,normal,6_21_44,24,21,44,12600,26400,leak_binary,0,6.968,6.968,6.968,6.5,6.5,6.5,6.5,6.5,6.5,7.87,7.87,7.87,7.87,7.87,7.87,11.018,11.018,11.018,11.018,11.018,11.018,14.5,14.5,14.5
train,6,data_6.csv,normal,6_22_45,24,22,45,13200,27000,leak_binary,0,6.968,6.968,6.5,6.5,6.5,6.5,6.5,6.5,7.87,7.87,7.87,7.87,7.87,7.87,11.018,11.018,11.018,11.018,11.018,11.018,14.5,14.5,14.5,14.5
train,6,data_6.csv,normal,6_23_46,24,23,46,13800,27600,leak_binary,0,6.968,6.5,6.5,6.5,6.5,6.5,6.5,7.87,7.87,7.87,7.87,7.87,7.87,11.018,11.018,11.018,11.018,11.018,11.018,14.5,14.5,14.5,14.5,14.5
train,6,data_6.csv,normal,6_24_47,24,24,47,14400,28200,leak_binary,0,6.5,6.5,6.5,6.5,6.5,6.5,7.87,7.87,7.87,7.87,7.87,7.87,11.018,11.018,11.018,11.018,11.018,11.018,14.5,14.5,14.5,14.5,14.5,14.5
train,6,data_6.csv,normal,6_25_48,24,25,48,15000,28800,leak_binary,0,6.5,6.5,6.5,6.5,6.5,7.87,7.87,7.87,7.87,7.87,7.87,11.018,11.018,11.018,11.018,11.018,11.018,14.5,14.5,14.5,14.5,14.5,14.5,17.972
train,6,data_6.csv,normal,6_26_49,24,26,49,15600,29400,leak_binary,0,6.5,6.5,6.5,6.5,7.87,7.87,7.87,7.87,7.87,7.87,11.018,11.018,11.018,11.018,11.018,11.018,14.5,14.5,14.5,14.5,14.5,14.5,17.972,17.972
train,6,data_6.csv,normal,6_27_50,24,27,50,16200,30000,leak_binary,0,6.5,6.5,6.5,7.87,7.87,7.87,7.87,7.87,7.87,11.018,11.018,11.018,11.018,11.018,11.018,14.5,14.5,14.5,14.5,14.5,14.5,17.972,17.972,17.972
train,6,data_6.csv,normal,6_28_51,24,28,51,16800,30600,leak_binary,0,6.5,6.5,7.87,7.87,7.87,7.87,7.87,7.87,11.018,11.018,11.018,11.018,11.018,11.018,14.5,14.5,14.5,14.5,14.5,14.5,17.972,17.972,17.972,17.972
train,6,data_6.csv,normal,6_29_52,24,29,52,17400,31200,leak_binary,0,6.5,7.87,7.87,7.87,7.87,7.87,7.87,11.018,11.018,11.018,11.018,11.018,11.018,14.5,14.5,14.5,14.5,14.5,14.5,17.972,17.972,17.972,17.972,17.972
train,6,data_6.csv,normal,6_30_53,24,30,53,18000,31800,leak_binary,0,7.87,7.87,7.87,7.87,7.87,7.87,11.018,11.018,11.018,11.018,11.018,11.018,14.5,14.5,14.5,14.5,14.5,14.5,17.972,17.972,17.972,17.972,17.972,17.972
train,6,data_6.csv,normal,6_31_54,24,31,54,18600,32400,leak_binary,0,7.87,7.87,7.87,7.87,7.87,11.018,11.018,11.018,11.018,11.018,11.018,14.5,14.5,14.5,14.5,14.5,14.5,17.972,17.972,17.972,17.972,17.972,17.972,28.534
train,6,data_6.csv,normal,6_32_55,24,32,55,19200,33000,leak_binary,0,7.87,7.87,7.87,7.87,11.018,11.018,11.018,11.018,11.018,11.018,14.5,14.5,14.5,14.5,14.5,14.5,17.972,17.972,17.972,17.972,17.972,17.972,28.534,28.535
train,6,data_6.csv,normal,6_33_56,24,33,56,19800,33600,leak_binary,0,7.87,7.87,7.87,11.018,11.018,11.018,11.018,11.018,11.018,14.5,14.5,14.5,14.5,14.5,14.5,17.972,17.972,17.972,17.972,17.972,17.972,28.534,28.535,28.535
train,6,data_6.csv,normal,6_34_57,24,34,57,20400,34200,leak_binary,0,7.87,7.87,11.018,11.018,11.018,11.018,11.018,11.018,14.5,14.5,14.5,14.5,14.5,14.5,17.972,17.972,17.972,17.972,17.972,17.972,28.534,28.535,28.535,28.534
train,6,data_6.csv,normal,6_35_58,24,35,58,21000,34800,leak_binary,0,7.87,11.018,11.018,11.018,11.018,11.018,11.018,14.5,14.5,14.5,14.5,14.5,14.5,17.972,17.972,17.972,17.972,17.972,17.972,28.534,28.535,28.535,28.534,28.534
train,6,data_6.csv,normal,6_36_59,24,36,59,21600,35400,leak_binary,0,11.018,11.018,11.018,11.018,11.018,11.018,14.5,14.5,14.5,14.5,14.5,14.5,17.972,17.972,17.972,17.972,17.972,17.972,28.534,28.535,28.535,28.534,28.534,28.535
train,6,data_6.csv,normal,6_37_60,24,37,60,22200,36000,leak_binary,0,11.018,11.018,11.018,11.018,11.018,14.5,14.5,14.5,14.5,14.5,14.5,17.972,17.972,17.972,17.972,17.972,17.972,28.534,28.535,28.535,28.534,28.534,28.535,45.052
train,6,data_6.csv,normal,6_38_61,24,38,61,22800,36600,leak_binary,0,11.018,11.018,11.018,11.018,14.5,14.5,14.5,14.5,14.5,14.5,17.972,17.972,17.972,17.972,17.972,17.972,28.534,28.535,28.535,28.534,28.534,28.535,45.052,45.052
train,6,data_6.csv,normal,6_39_62,24,39,62,23400,37200,leak_binary,0,11.018,11.018,11.018,14.5,14.5,14.5,14.5,14.5,14.5,17.972,17.972,17.972,17.972,17.972,17.972,28.534,28.535,28.535,28.534,28.534,28.535,45.052,45.052,45.052
train,6,data_6.csv,normal,6_40_63,24,40,63,24000,37800,leak_binary,0,11.018,11.018,14.5,14.5,14.5,14.5,14.5,14.5,17.972,17.972,17.972,17.972,17.972,17.972,28.534,28.535,28.535,28.534,28.534,28.535,45.052,45.052,45.052,45.052
train,6,data_6.csv,normal,6_41_64,24,41,64,24600,38400,leak_binary,0,11.018,14.5,14.5,14.5,14.5,14.5,14.5,17.972,17.972,17.972,17.972,17.972,17.972,28.534,28.535,28.535,28.534,28.534,28.535,45.052,45.052,45.052,45.052,45.052
train,6,data_6.csv,normal,6_42_65,24,42,65,25200,39000,leak_binary,0,14.5,14.5,14.5,14.5,14.5,14.5,17.972,17.972,17.972,17.972,17.972,17.972,28.534,28.535,28.535,28.534,28.534,28.535,45.052,45.052,45.052,45.052,45.052,45.052
train,6,data_6.csv,normal,6_43_66,24,43,66,25800,39600,leak_binary,0,14.5,14.5,14.5,14.5,14.5,17.972,17.972,17.972,17.972,17.972,17.972,28.534,28.535,28.535,28.534,28.534,28.535,45.052,45.052,45.052,45.052,45.052,45.052,56.0
train,6,data_6.csv,normal,6_44_67,24,44,67,26400,40200,leak_binary,0,14.5,14.5,14.5,14.5,17.972,17.972,17.972,17.972,17.972,17.972,28.534,28.535,28.535,28.534,28.534,28.535,45.052,45.052,45.052,45.052,45.052,45.052,56.0,56.0
train,6,data_6.csv,normal,6_45_68,24,45,68,27000,40800,leak_binary,0,14.5,14.5,14.5,17.972,17.972,17.972,17.972,17.972,17.972,28.534,28.535,28.535,28.534,28.534,28.535,45.052,45.052,45.052,45.052,45.052,45.052,56.0,56.0,56.0
train,6,data_6.csv,normal,6_46_69,24,46,69,27600,41400,leak_binary,0,14.5,14.5,17.972,17.972,17.972,17.972,17.972,17.972,28.534,28.535,28.535,28.534,28.534,28.535,45.052,45.052,45.052,45.052,45.052,45.052,56.0,56.0,56.0,56.0
train,6,data_6.csv,normal,6_47_70,24,47,70,28200,42000,leak_binary,0,14.5,17.972,17.972,17.972,17.972,17.972,17.972,28.534,28.535,28.535,28.534,28.534,28.535,45.052,45.052,45.052,45.052,45.052,45.052,56.0,56.0,56.0,56.0,56.0
train,6,data_6.csv,normal,6_48_71,24,48,71,28800,42600,leak_binary,0,17.972,17.972,17.972,17.972,17.972,17.972,28.534,28.535,28.535,28.534,28.534,28.535,45.052,45.052,45.052,45.052,45.052,45.052,56.0,56.0,56.0,56.0,56.0,56.0
train,6,data_6.csv,normal,6_49_72,24,49,72,29400,43200,leak_binary,0,17.972,17.972,17.972,17.972,17.972,28.534,28.535,28.535,28.534,28.534,28.535,45.052,45.052,45.052,45.052,45.052,45.052,56.0,56.0,56.0,56.0,56.0,56.0,59.608
train,6,data_6.csv,normal,6_50_73,24,50,73,30000,43800,leak_binary,0,17.972,17.972,17.972,17.972,28.534,28.535,28.535,28.534,28.534,28.535,45.052,45.052,45.052,45.052,45.052,45.052,56.0,56.0,56.0,56.0,56.0,56.0,59.608,59.608
train,6,data_6.csv,normal,6_51_74,24,51,74,30600,44400,leak_binary,0,17.972,17.972,17.972,28.534,28.535,28.535,28.534,28.534,28.535,45.052,45.052,45.052,45.052,45.052,45.052,56.0,56.0,56.0,56.0,56.0,56.0,59.608,59.608,59.608
train,6,data_6.csv,normal,6_52_75,24,52,75,31200,45000,leak_binary,0,17.972,17.972,28.534,28.535,28.535,28.534,28.534,28.535,45.052,45.052,45.052,45.052,45.052,45.052,56.0,56.0,56.0,56.0,56.0,56.0,59.608,59.608,59.608,59.608
train,6,data_6.csv,normal,6_53_76,24,53,76,31800,45600,leak_binary,0,17.972,28.534,28.535,28.535,28.534,28.534,28.535,45.052,45.052,45.052,45.052,45.052,45.052,56.0,56.0,56.0,56.0,56.0,56.0,59.608,59.608,59.608,59.608,59.608
train,6,data_6.csv,normal,6_54_77,24,54,77,32400,46200,leak_binary,0,28.534,28.535,28.535,28.534,28.534,28.535,45.052,45.052,45.052,45.052,45.052,45.052,56.0,56.0,56.0,56.0,56.0,56.0,59.608,59.608,59.608,59.608,59.608,59.608
train,6,data_6.csv,normal,6_55_78,24,55,78,33000,46800,leak_binary,0,28.535,28.535,28.534,28.534,28.535,45.052,45.052,45.052,45.052,45.052,45.052,56.0,56.0,56.0,56.0,56.0,56.0,59.608,59.608,59.608,59.608,59.608,59.608,61.776
train,6,data_6.csv,normal,6_56_79,24,56,79,33600,47400,leak_binary,0,28.535,28.534,28.534,28.535,45.052,45.052,45.052,45.052,45.052,45.052,56.0,56.0,56.0,56.0,56.0,56.0,59.608,59.608,59.608,59.608,59.608,59.608,61.776,61.776
train,6,data_6.csv,normal,6_57_80,24,57,80,34200,48000,leak_binary,0,28.534,28.534,28.535,45.052,45.052,45.052,45.052,45.052,45.052,56.0,56.0,56.0,56.0,56.0,56.0,59.608,59.608,59.608,59.608,59.608,59.608,61.776,61.776,61.776
train,6,data_6.csv,normal,6_58_81,24,58,81,34800,48600,leak_binary,0,28.534,28.535,45.052,45.052,45.052,45.052,45.052,45.052,56.0,56.0,56.0,56.0,56.0,56.0,59.608,59.608,59.608,59.608,59.608,59.608,61.776,61.776,61.776,61.776
train,6,data_6.csv,normal,6_59_82,24,59,82,35400,49200,leak_binary,0,28.535,45.052,45.052,45.052,45.052,45.052,45.052,56.0,56.0,56.0,56.0,56.0,56.0,59.608,59.608,59.608,59.608,59.608,59.608,61.776,61.776,61.776,61.776,61.776
train,6,data_6.csv,normal,6_60_83,24,60,83,36000,49800,leak_binary,0,45.052,45.052,45.052,45.052,45.052,45.052,56.0,56.0,56.0,56.0,56.0,56.0,59.608,59.608,59.608,59.608,59.608,59.608,61.776,61.776,61.776,61.776,61.776,61.776
train,6,data_6.csv,normal,6_61_84,24,61,84,36600,50400,leak_binary,0,45.052,45.052,45.052,45.052,45.052,56.0,56.0,56.0,56.0,56.0,56.0,59.608,59.608,59.608,59.608,59.608,59.608,61.776,61.776,61.776,61.776,61.776,61.776,62.5
train,6,data_6.csv,normal,6_62_85,24,62,85,37200,51000,leak_binary,0,45.052,45.052,45.052,45.052,56.0,56.0,56.0,56.0,56.0,56.0,59.608,59.608,59.608,59.608,59.608,59.608,61.776,61.776,61.776,61.776,61.776,61.776,62.5,62.5
train,6,data_6.csv,normal,6_63_86,24,63,86,37800,51600,leak_binary,0,45.052,45.052,45.052,56.0,56.0,56.0,56.0,56.0,56.0,59.608,59.608,59.608,59.608,59.608,59.608,61.776,61.776,61.776,61.776,61.776,61.776,62.5,62.5,62.5
train,6,data_6.csv,normal,6_64_87,24,64,87,38400,52200,leak_binary,0,45.052,45.052,56.0,56.0,56.0,56.0,56.0,56.0,59.608,59.608,59.608,59.608,59.608,59.608,61.776,61.776,61.776,61.776,61.776,61.776,62.5,62.5,62.5,62.5
train,6,data_6.csv,normal,6_65_88,24,65,88,39000,52800,leak_binary,0,45.052,56.0,56.0,56.0,56.0,56.0,56.0,59.608,59.608,59.608,59.608,59.608,59.608,61.776,61.776,61.776,61.776,61.776,61.776,62.5,62.5,62.5,62.5,62.5
train,6,data_6.csv,normal,6_66_89,24,66,89,39600,53400,leak_binary,0,56.0,56.0,56.0,56.0,56.0,56.0,59.608,59.608,59.608,59.608,59.608,59.608,61.776,61.776,61.776,61.776,61.776,61.776,62.5,62.5,62.5,62.5,62.5,62.5
train,6,data_6.csv,normal,6_67_90,24,67,90,40200,54000,leak_binary,0,56.0,56.0,56.0,56.0,56.0,59.608,59.608,59.608,59.608,59.608,59.608,61.776,61.776,61.776,61.776,61.776,61.776,62.5,62.5,62.5,62.5,62.5,62.5,60.396
train,6,data_6.csv,normal,6_68_91,24,68,91,40800,54600,leak_binary,0,56.0,56.0,56.0,56.0,59.608,59.608,59.608,59.608,59.608,59.608,61.776,61.776,61.776,61.776,61.776,61.776,62.5,62.5,62.5,62.5,62.5,62.5,60.396,60.396
train,6,data_6.csv,normal,6_69_92,24,69,92,41400,55200,leak_binary,0,56.0,56.0,56.0,59.608,59.608,59.608,59.608,59.608,59.608,61.776,61.776,61.776,61.776,61.776,61.776,62.5,62.5,62.5,62.5,62.5,62.5,60.396,60.396,60.396
train,6,data_6.csv,normal,6_70_93,24,70,93,42000,55800,leak_binary,0,56.0,56.0,59.608,59.608,59.608,59.608,59.608,59.608,61.776,61.776,61.776,61.776,61.776,61.776,62.5,62.5,62.5,62.5,62.5,62.5,60.396,60.396,60.396,60.396
train,6,data_6.csv,normal,6_71_94,24,71,94,42600,56400,leak_binary,0,56.0,59.608,59.608,59.608,59.608,59.608,59.608,61.776,61.776,61.776,61.776,61.776,61.776,62.5,62.5,62.5,62.5,62.5,62.5,60.396,60.396,60.396,60.396,60.396
train,6,data_6.csv,normal,6_72_95,24,72,95,43200,57000,leak_binary,0,59.608,59.608,59.608,59.608,59.608,59.608,61.776,61.776,61.776,61.776,61.776,61.776,62.5,62.5,62.5,62.5,62.5,62.5,60.396,60.396,60.396,60.396,60.396,60.396
train,6,data_6.csv,normal,6_73_96,24,73,96,43800,57600,leak_binary,0,59.608,59.608,59.608,59.608,59.608,61.776,61.776,61.776,61.776,61.776,61.776,62.5,62.5,62.5,62.5,62.5,62.5,60.396,60.396,60.396,60.396,60.396,60.396,57.224
train,6,data_6.csv,normal,6_74_97,24,74,97,44400,58200,leak_binary,0,59.608,59.608,59.608,59.608,61.776,61.776,61.776,61.776,61.776,61.776,62.5,62.5,62.5,62.5,62.5,62.5,60.396,60.396,60.396,60.396,60.396,60.396,57.224,57.224
train,6,data_6.csv,normal,6_75_98,24,75,98,45000,58800,leak_binary,0,59.608,59.608,59.608,61.776,61.776,61.776,61.776,61.776,61.776,62.5,62.5,62.5,62.5,62.5,62.5,60.396,60.396,60.396,60.396,60.396,60.396,57.224,57.224,57.224
train,6,data_6.csv,normal,6_76_99,24,76,99,45600,59400,leak_binary,0,59.608,59.608,61.776,61.776,61.776,61.776,61.776,61.776,62.5,62.5,62.5,62.5,62.5,62.5,60.396,60.396,60.396,60.396,60.396,60.396,57.224,57.224,57.224,57.224
train,6,data_6.csv,normal,6_77_100,24,77,100,46200,60000,leak_binary,0,59.608,61.776,61.776,61.776,61.776,61.776,61.776,62.5,62.5,62.5,62.5,62.5,62.5,60.396,60.396,60.396,60.396,60.396,60.396,57.224,57.224,57.224,57.224,57.224
train,6,data_6.csv,normal,6_78_101,24,78,101,46800,60600,leak_binary,0,61.776,61.776,61.776,61.776,61.776,61.776,62.5,62.5,62.5,62.5,62.5,62.5,60.396,60.396,60.396,60.396,60.396,60.396,57.224,57.224,57.224,57.224,57.224,57.224
train,6,data_6.csv,normal,6_79_102,24,79,102,47400,61200,leak_binary,0,61.776,61.776,61.776,61.776,61.776,62.5,62.5,62.5,62.5,62.5,62.5,60.396,60.396,60.396,60.396,60.396,60.396,57.224,57.224,57.224,57.224,57.224,57.224,57.687
train,6,data_6.csv,normal,6_80_103,24,80,103,48000,61800,leak_binary,0,61.776,61.776,61.776,61.776,62.5,62.5,62.5,62.5,62.5,62.5,60.396,60.396,60.396,60.396,60.396,60.396,57.224,57.224,57.224,57.224,57.224,57.224,57.687,57.687
train,6,data_6.csv,normal,6_81_104,24,81,104,48600,62400,leak_binary,0,61.776,61.776,61.776,62.5,62.5,62.5,62.5,62.5,62.5,60.396,60.396,60.396,60.396,60.396,60.396,57.224,57.224,57.224,57.224,57.224,57.224,57.687,57.687,57.687
train,6,data_6.csv,normal,6_82_105,24,82,105,49200,63000,leak_binary,0,61.776,61.776,62.5,62.5,62.5,62.5,62.5,62.5,60.396,60.396,60.396,60.396,60.396,60.396,57.224,57.224,57.224,57.224,57.224,57.224,57.687,57.687,57.687,57.687
train,6,data_6.csv,normal,6_83_106,24,83,106,49800,63600,leak_binary,0,61.776,62.5,62.5,62.5,62.5,62.5,62.5,60.396,60.396,60.396,60.396,60.396,60.396,57.224,57.224,57.224,57.224,57.224,57.224,57.687,57.687,57.687,57.687,57.687
train,6,data_6.csv,normal,6_84_107,24,84,107,50400,64200,leak_binary,0,62.5,62.5,62.5,62.5,62.5,62.5,60.396,60.396,60.396,60.396,60.396,60.396,57.224,57.224,57.224,57.224,57.224,57.224,57.687,57.687,57.687,57.687,57.687,57.687
train,6,data_6.csv,normal,6_85_108,24,85,108,51000,64800,leak_binary,0,62.5,62.5,62.5,62.5,62.5,60.396,60.396,60.396,60.396,60.396,60.396,57.224,57.224,57.224,57.224,57.224,57.224,57.687,57.687,57.687,57.687,57.687,57.687,59.696
train,6,data_6.csv,normal,6_86_109,24,86,109,51600,65400,leak_binary,0,62.5,62.5,62.5,62.5,60.396,60.396,60.396,60.396,60.396,60.396,57.224,57.224,57.224,57.224,57.224,57.224,57.687,57.687,57.687,57.687,57.687,57.687,59.696,59.696
train,6,data_6.csv,normal,6_87_110,24,87,110,52200,66000,leak_binary,0,62.5,62.5,62.5,60.396,60.396,60.396,60.396,60.396,60.396,57.224,57.224,57.224,57.224,57.224,57.224,57.687,57.687,57.687,57.687,57.687,57.687,59.696,59.696,59.696
train,6,data_6.csv,normal,6_88_111,24,88,111,52800,66600,leak_binary,0,62.5,62.5,60.396,60.396,60.396,60.396,60.396,60.396,57.224,57.224,57.224,57.224,57.224,57.224,57.687,57.687,57.687,57.687,57.687,57.687,59.696,59.696,59.696,59.696
train,6,data_6.csv,normal,6_89_112,24,89,112,53400,67200,leak_binary,0,62.5,60.396,60.396,60.396,60.396,60.396,60.396,57.224,57.224,57.224,57.224,57.224,57.224,57.687,57.687,57.687,57.687,57.687,57.687,59.696,59.696,59.696,59.696,59.696
train,6,data_6.csv,normal,6_90_113,24,90,113,54000,67800,leak_binary,0,60.396,60.396,60.396,60.396,60.396,60.396,57.224,57.224,57.224,57.224,57.224,57.224,57.687,57.687,57.687,57.687,57.687,57.687,59.696,59.696,59.696,59.696,59.696,59.696
train,6,data_6.csv,normal,6_91_114,24,91,114,54600,68400,leak_binary,0,60.396,60.396,60.396,60.396,60.396,57.224,57.224,57.224,57.224,57.224,57.224,57.687,57.687,57.687,57.687,57.687,57.687,59.696,59.696,59.696,59.696,59.696,59.696,45.504
train,6,data_6.csv,normal,6_92_115,24,92,115,55200,69000,leak_binary,0,60.396,60.396,60.396,60.396,57.224,57.224,57.224,57.224,57.224,57.224,57.687,57.687,57.687,57.687,57.687,57.687,59.696,59.696,59.696,59.696,59.696,59.696,45.504,45.504
train,6,data_6.csv,normal,6_93_116,24,93,116,55800,69600,leak_binary,0,60.396,60.396,60.396,57.224,57.224,57.224,57.224,57.224,57.224,57.687,57.687,57.687,57.687,57.687,57.687,59.696,59.696,59.696,59.696,59.696,59.696,45.504,45.504,45.504
train,6,data_6.csv,normal,6_94_117,24,94,117,56400,70200,leak_binary,0,60.396,60.396,57.224,57.224,57.224,57.224,57.224,57.224,57.687,57.687,57.687,57.687,57.687,57.687,59.696,59.696,59.696,59.696,59.696,59.696,45.504,45.504,45.504,45.504
train,6,data_6.csv,normal,6_95_118,24,95,118,57000,70800,leak_binary,0,60.396,57.224,57.224,57.224,57.224,57.224,57.224,57.687,57.687,57.687,57.687,57.687,57.687,59.696,59.696,59.696,59.696,59.696,59.696,45.504,45.504,45.504,45.504,45.504
train,6,data_6.csv,normal,6_96_119,24,96,119,57600,71400,leak_binary,0,57.224,57.224,57.224,57.224,57.224,57.224,57.687,57.687,57.687,57.687,57.687,57.687,59.696,59.696,59.696,59.696,59.696,59.696,45.504,45.504,45.504,45.504,45.504,45.504
train,6,data_6.csv,normal,6_97_120,24,97,120,58200,72000,leak_binary,0,57.224,57.224,57.224,57.224,57.224,57.687,57.687,57.687,57.687,57.687,57.687,59.696,59.696,59.696,59.696,59.696,59.696,45.504,45.504,45.504,45.504,45.504,45.504,30.0
train,6,data_6.csv,normal,6_98_121,24,98,121,58800,72600,leak_binary,0,57.224,57.224,57.224,57.224,57.687,57.687,57.687,57.687,57.687,57.687,59.696,59.696,59.696,59.696,59.696,59.696,45.504,45.504,45.504,45.504,45.504,45.504,30.0,30.0
train,6,data_6.csv,normal,6_99_122,24,99,122,59400,73200,leak_binary,0,57.224,57.224,57.224,57.687,57.687,57.687,57.687,57.687,57.687,59.696,59.696,59.696,59.696,59.696,59.696,45.504,45.504,45.504,45.504,45.504,45.504,30.0,30.0,30.0
train,6,data_6.csv,normal,6_100_123,24,100,123,60000,73800,leak_binary,0,57.224,57.224,57.687,57.687,57.687,57.687,57.687,57.687,59.696,59.696,59.696,59.696,59.696,59.696,45.504,45.504,45.504,45.504,45.504,45.504,30.0,30.0,30.0,30.0
train,6,data_6.csv,normal,6_101_124,24,101,124,60600,74400,leak_binary,0,57.224,57.687,57.687,57.687,57.687,57.687,57.687,59.696,59.696,59.696,59.696,59.696,59.696,45.504,45.504,45.504,45.504,45.504,45.504,30.0,30.0,30.0,30.0,30.0
train,6,data_6.csv,normal,6_102_125,24,102,125,61200,75000,leak_binary,0,57.687,57.687,57.687,57.687,57.687,57.687,59.696,59.696,59.696,59.696,59.696,59.696,45.504,45.504,45.504,45.504,45.504,45.504,30.0,30.0,30.0,30.0,30.0,30.0
train,6,data_6.csv,normal,6_103_126,24,103,126,61800,75600,leak_binary,0,57.687,57.687,57.687,57.687,57.687,59.696,59.696,59.696,59.696,59.696,59.696,45.504,45.504,45.504,45.504,45.504,45.504,30.0,30.0,30.0,30.0,30.0,30.0,25.981
train,6,data_6.csv,normal,6_104_127,24,104,127,62400,76200,leak_binary,0,57.687,57.687,57.687,57.687,59.696,59.696,59.696,59.696,59.696,59.696,45.504,45.504,45.504,45.504,45.504,45.504,30.0,30.0,30.0,30.0,30.0,30.0,25.981,25.981
train,6,data_6.csv,normal,6_105_128,24,105,128,63000,76800,leak_binary,0,57.687,57.687,57.687,59.696,59.696,59.696,59.696,59.696,59.696,45.504,45.504,45.504,45.504,45.504,45.504,30.0,30.0,30.0,30.0,30.0,30.0,25.981,25.981,25.981
train,6,data_6.csv,normal,6_106_129,24,106,129,63600,77400,leak_binary,0,57.687,57.687,59.696,59.696,59.696,59.696,59.696,59.696,45.504,45.504,45.504,45.504,45.504,45.504,30.0,30.0,30.0,30.0,30.0,30.0,25.981,25.981,25.981,25.981
train,6,data_6.csv,normal,6_107_130,24,107,130,64200,78000,leak_binary,0,57.687,59.696,59.696,59.696,59.696,59.696,59.696,45.504,45.504,45.504,45.504,45.504,45.504,30.0,30.0,30.0,30.0,30.0,30.0,25.981,25.981,25.981,25.981,25.981
train,6,data_6.csv,normal,6_108_131,24,108,131,64800,78600,leak_binary,0,59.696,59.696,59.696,59.696,59.696,59.696,45.504,45.504,45.504,45.504,45.504,45.504,30.0,30.0,30.0,30.0,30.0,30.0,25.981,25.981,25.981,25.981,25.981,25.981
train,6,data_6.csv,normal,6_109_132,24,109,132,65400,79200,leak_binary,0,59.696,59.696,59.696,59.696,59.696,45.504,45.504,45.504,45.504,45.504,45.504,30.0,30.0,30.0,30.0,30.0,30.0,25.981,25.981,25.981,25.981,25.981,25.981,20.713
train,6,data_6.csv,normal,6_110_133,24,110,133,66000,79800,leak_binary,0,59.696,59.696,59.696,59.696,45.504,45.504,45.504,45.504,45.504,45.504,30.0,30.0,30.0,30.0,30.0,30.0,25.981,25.981,25.981,25.981,25.981,25.981,20.713,20.713
train,6,data_6.csv,normal,6_111_134,24,111,134,66600,80400,leak_binary,0,59.696,59.696,59.696,45.504,45.504,45.504,45.504,45.504,45.504,30.0,30.0,30.0,30.0,30.0,30.0,25.981,25.981,25.981,25.981,25.981,25.981,20.713,20.713,20.713
train,6,data_6.csv,normal,6_112_135,24,112,135,67200,81000,leak_binary,0,59.696,59.696,45.504,45.504,45.504,45.504,45.504,45.504,30.0,30.0,30.0,30.0,30.0,30.0,25.981,25.981,25.981,25.981,25.981,25.981,20.713,20.713,20.713,20.713
train,6,data_6.csv,normal,6_113_136,24,113,136,67800,81600,leak_binary,0,59.696,45.504,45.504,45.504,45.504,45.504,45.504,30.0,30.0,30.0,30.0,30.0,30.0,25.981,25.981,25.981,25.981,25.981,25.981,20.713,20.713,20.713,20.713,20.713
train,6,data_6.csv,normal,6_114_137,24,114,137,68400,82200,leak_binary,0,45.504,45.504,45.504,45.504,45.504,45.504,30.0,30.0,30.0,30.0,30.0,30.0,25.981,25.981,25.981,25.981,25.981,25.981,20.713,20.713,20.713,20.713,20.713,20.713
train,6,data_6.csv,normal,6_115_138,24,115,138,69000,82800,leak_binary,0,45.504,45.504,45.504,45.504,45.504,30.0,30.0,30.0,30.0,30.0,30.0,25.981,25.981,25.981,25.981,25.981,25.981,20.713,20.713,20.713,20.713,20.713,20.713,15.0
train,6,data_6.csv,normal,6_116_139,24,116,139,69600,83400,leak_binary,0,45.504,45.504,45.504,45.504,30.0,30.0,30.0,30.0,30.0,30.0,25.981,25.981,25.981,25.981,25.981,25.981,20.713,20.713,20.713,20.713,20.713,20.713,15.0,15.0
train,6,data_6.csv,normal,6_117_140,24,117,140,70200,84000,leak_binary,0,45.504,45.504,45.504,30.0,30.0,30.0,30.0,30.0,30.0,25.981,25.981,25.981,25.981,25.981,25.981,20.713,20.713,20.713,20.713,20.713,20.713,15.0,15.0,15.0
train,6,data_6.csv,normal,6_118_141,24,118,141,70800,84600,leak_binary,0,45.504,45.504,30.0,30.0,30.0,30.0,30.0,30.0,25.981,25.981,25.981,25.981,25.981,25.981,20.713,20.713,20.713,20.713,20.713,20.713,15.0,15.0,15.0,15.0
train,6,data_6.csv,normal,6_119_142,24,119,142,71400,85200,leak_binary,0,45.504,30.0,30.0,30.0,30.0,30.0,30.0,25.981,25.981,25.981,25.981,25.981,25.981,20.713,20.713,20.713,20.713,20.713,20.713,15.0,15.0,15.0,15.0,15.0
train,6,data_6.csv,normal,6_120_143,24,120,143,72000,85800,leak_binary,0,30.0,30.0,30.0,30.0,30.0,30.0,25.981,25.981,25.981,25.981,25.981,25.981,20.713,20.713,20.713,20.713,20.713,20.713,15.0,15.0,15.0,15.0,15.0,15.0
train,6,data_6.csv,normal,6_121_144,24,121,144,72600,86400,leak_binary,0,30.0,30.0,30.0,30.0,30.0,25.981,25.981,25.981,25.981,25.981,25.981,20.713,20.713,20.713,20.713,20.713,20.713,15.0,15.0,15.0,15.0,15.0,15.0,15.5
train,7,data_7.csv,normal,7_0_23,24,0,23,0,13800,leak_binary,0,5.5,5.5,5.5,5.5,5.5,5.5,6.2815,6.2815,6.2815,6.2815,6.2815,6.2815,7.333,7.333,7.333,7.333,7.333,7.333,8.593,8.593,8.593,8.593,8.593,8.593
train,7,data_7.csv,normal,7_1_24,24,1,24,600,14400,leak_binary,0,5.5,5.5,5.5,5.5,5.5,6.2815,6.2815,6.2815,6.2815,6.2815,6.2815,7.333,7.333,7.333,7.333,7.333,7.333,8.593,8.593,8.593,8.593,8.593,8.593,10.0
train,7,data_7.csv,normal,7_2_25,24,2,25,1200,15000,leak_binary,0,5.5,5.5,5.5,5.5,6.2815,6.2815,6.2815,6.2815,6.2815,6.2815,7.333,7.333,7.333,7.333,7.333,7.333,8.593,8.593,8.593,8.593,8.593,8.593,10.0,10.0
train,7,data_7.csv,normal,7_3_26,24,3,26,1800,15600,leak_binary,0,5.5,5.5,5.5,6.2815,6.2815,6.2815,6.2815,6.2815,6.2815,7.333,7.333,7.333,7.333,7.333,7.333,8.593,8.593,8.593,8.593,8.593,8.593,10.0,10.0,10.0
train,7,data_7.csv,normal,7_4_27,24,4,27,2400,16200,leak_binary,0,5.5,5.5,6.2815,6.2815,6.2815,6.2815,6.2815,6.2815,7.333,7.333,7.333,7.333,7.333,7.333,8.593,8.593,8.593,8.593,8.593,8.593,10.0,10.0,10.0,10.0
train,7,data_7.csv,normal,7_5_28,24,5,28,3000,16800,leak_binary,0,5.5,6.2815,6.2815,6.2815,6.2815,6.2815,6.2815,7.333,7.333,7.333,7.333,7.333,7.333,8.593,8.593,8.593,8.593,8.593,8.593,10.0,10.0,10.0,10.0,10.0
train,7,data_7.csv,normal,7_6_29,24,6,29,3600,17400,leak_binary,0,6.2815,6.2815,6.2815,6.2815,6.2815,6.2815,7.333,7.333,7.333,7.333,7.333,7.333,8.593,8.593,8.593,8.593,8.593,8.593,10.0,10.0,10.0,10.0,10.0,10.0
train,7,data_7.csv,normal,7_7_30,24,7,30,4200,18000,leak_binary,0,6.2815,6.2815,6.2815,6.2815,6.2815,7.333,7.333,7.333,7.333,7.333,7.333,8.593,8.593,8.593,8.593,8.593,8.593,10.0,10.0,10.0,10.0,10.0,10.0,17.601
train,7,data_7.csv,normal,7_8_31,24,8,31,4800,18600,leak_binary,0,6.2815,6.2815,6.2815,6.2815,7.333,7.333,7.333,7.333,7.333,7.333,8.593,8.593,8.593,8.593,8.593,8.593,10.0,10.0,10.0,10.0,10.0,10.0,17.601,17.601
train,7,data_7.csv,normal,7_9_32,24,9,32,5400,19200,leak_binary,0,6.2815,6.2815,6.2815,7.333,7.333,7.333,7.333,7.333,7.333,8.593,8.593,8.593,8.593,8.593,8.593,10.0,10.0,10.0,10.0,10.0,10.0,17.601,17.601,17.601
train,7,data_7.csv,normal,7_10_33,24,10,33,6000,19800,leak_binary,0,6.2815,6.2815,7.333,7.333,7.333,7.333,7.333,7.333,8.593,8.593,8.593,8.593,8.593,8.593,10.0,10.0,10.0,10.0,10.0,10.0,17.601,17.601,17.601,17.601
train,7,data_7.csv,normal,7_11_34,24,11,34,6600,20400,leak_binary,0,6.2815,7.333,7.333,7.333,7.333,7.333,7.333,8.593,8.593,8.593,8.593,8.593,8.593,10.0,10.0,10.0,10.0,10.0,10.0,17.601,17.601,17.601,17.601,17.601
train,7,data_7.csv,normal,7_12_35,24,12,35,7200,21000,leak_binary,0,7.333,7.333,7.333,7.333,7.333,7.333,8.593,8.593,8.593,8.593,8.593,8.593,10.0,10.0,10.0,10.0,10.0,10.0,17.601,17.601,17.601,17.601,17.601,17.601
train,7,data_7.csv,normal,7_13_36,24,13,36,7800,21600,leak_binary,0,7.333,7.333,7.333,7.333,7.333,8.593,8.593,8.593,8.593,8.593,8.593,10.0,10.0,10.0,10.0,10.0,10.0,17.601,17.601,17.601,17.601,17.601,17.601,25.559
train,7,data_7.csv,normal,7_14_37,24,14,37,8400,22200,leak_binary,0,7.333,7.333,7.333,7.333,8.593,8.593,8.593,8.593,8.593,8.593,10.0,10.0,10.0,10.0,10.0,10.0,17.601,17.601,17.601,17.601,17.601,17.601,25.559,25.559
train,7,data_7.csv,normal,7_15_38,24,15,38,9000,22800,leak_binary,0,7.333,7.333,7.333,8.593,8.593,8.593,8.593,8.593,8.593,10.0,10.0,10.0,10.0,10.0,10.0,17.601,17.601,17.601,17.601,17.601,17.601,25.559,25.559,25.559
train,7,data_7.csv,normal,7_16_39,24,16,39,9600,23400,leak_binary,0,7.333,7.333,8.593,8.593,8.593,8.593,8.593,8.593,10.0,10.0,10.0,10.0,10.0,10.0,17.601,17.601,17.601,17.601,17.601,17.601,25.559,25.559,25.559,25.559
train,7,data_7.csv,normal,7_17_40,24,17,40,10200,24000,leak_binary,0,7.333,8.593,8.593,8.593,8.593,8.593,8.593,10.0,10.0,10.0,10.0,10.0,10.0,17.601,17.601,17.601,17.601,17.601,17.601,25.559,25.559,25.559,25.559,25.559
train,7,data_7.csv,normal,7_18_41,24,18,41,10800,24600,leak_binary,0,8.593,8.593,8.593,8.593,8.593,8.593,10.0,10.0,10.0,10.0,10.0,10.0,17.601,17.601,17.601,17.601,17.601,17.601,25.559,25.559,25.559,25.559,25.559,25.559
train,7,data_7.csv,normal,7_19_42,24,19,42,11400,25200,leak_binary,0,8.593,8.593,8.593,8.593,8.593,10.0,10.0,10.0,10.0,10.0,10.0,17.601,17.601,17.601,17.601,17.601,17.601,25.559,25.559,25.559,25.559,25.559,25.559,34.0
train,7,data_7.csv,normal,7_20_43,24,20,43,12000,25800,leak_binary,0,8.593,8.593,8.593,8.593,10.0,10.0,10.0,10.0,10.0,10.0,17.601,17.601,17.601,17.601,17.601,17.601,25.559,25.559,25.559,25.559,25.559,25.559,34.0,34.0
train,7,data_7.csv,normal,7_21_44,24,21,44,12600,26400,leak_binary,0,8.593,8.593,8.593,10.0,10.0,10.0,10.0,10.0,10.0,17.601,17.601,17.601,17.601,17.601,17.601,25.559,25.559,25.559,25.559,25.559,25.559,34.0,34.0,34.0
train,7,data_7.csv,normal,7_22_45,24,22,45,13200,27000,leak_binary,0,8.593,8.593,10.0,10.0,10.0,10.0,10.0,10.0,17.601,17.601,17.601,17.601,17.601,17.601,25.559,25.559,25.559,25.559,25.559,25.559,34.0,34.0,34.0,34.0
train,7,data_7.csv,normal,7_23_46,24,23,46,13800,27600,leak_binary,0,8.593,10.0,10.0,10.0,10.0,10.0,10.0,17.601,17.601,17.601,17.601,17.601,17.601,25.559,25.559,25.559,25.559,25.559,25.559,34.0,34.0,34.0,34.0,34.0
train,7,data_7.csv,normal,7_24_47,24,24,47,14400,28200,leak_binary,0,10.0,10.0,10.0,10.0,10.0,10.0,17.601,17.601,17.601,17.601,17.601,17.601,25.559,25.559,25.559,25.559,25.559,25.559,34.0,34.0,34.0,34.0,34.0,34.0
train,7,data_7.csv,normal,7_25_48,24,25,48,15000,28800,leak_binary,0,10.0,10.0,10.0,10.0,10.0,17.601,17.601,17.601,17.601,17.601,17.601,25.559,25.559,25.559,25.559,25.559,25.559,34.0,34.0,34.0,34.0,34.0,34.0,42.044
train,7,data_7.csv,normal,7_26_49,24,26,49,15600,29400,leak_binary,0,10.0,10.0,10.0,10.0,17.601,17.601,17.601,17.601,17.601,17.601,25.559,25.559,25.559,25.559,25.559,25.559,34.0,34.0,34.0,34.0,34.0,34.0,42.044,42.044
train,7,data_7.csv,normal,7_27_50,24,27,50,16200,30000,leak_binary,0,10.0,10.0,10.0,17.601,17.601,17.601,17.601,17.601,17.601,25.559,25.559,25.559,25.559,25.559,25.559,34.0,34.0,34.0,34.0,34.0,34.0,42.044,42.044,42.044
train,7,data_7.csv,normal,7_28_51,24,28,51,16800,30600,leak_binary,0,10.0,10.0,17.601,17.601,17.601,17.601,17.601,17.601,25.559,25.559,25.559,25.559,25.559,25.559,34.0,34.0,34.0,34.0,34.0,34.0,42.044,42.044,42.044,42.044
train,7,data_7.csv,normal,7_29_52,24,29,52,17400,31200,leak_binary,0,10.0,17.601,17.601,17.601,17.601,17.601,17.601,25.559,25.559,25.559,25.559,25.559,25.559,34.0,34.0,34.0,34.0,34.0,34.0,42.044,42.044,42.044,42.044,42.044
train,7,data_7.csv,normal,7_30_53,24,30,53,18000,31800,leak_binary,0,17.601,17.601,17.601,17.601,17.601,17.601,25.559,25.559,25.559,25.559,25.559,25.559,34.0,34.0,34.0,34.0,34.0,34.0,42.044,42.044,42.044,42.044,42.044,42.044
train,7,data_7.csv,normal,7_31_54,24,31,54,18600,32400,leak_binary,0,17.601,17.601,17.601,17.601,17.601,25.559,25.559,25.559,25.559,25.559,25.559,34.0,34.0,34.0,34.0,34.0,34.0,42.044,42.044,42.044,42.044,42.044,42.044,49.566
train,7,data_7.csv,normal,7_32_55,24,32,55,19200,33000,leak_binary,0,17.601,17.601,17.601,17.601,25.559,25.559,25.559,25.559,25.559,25.559,34.0,34.0,34.0,34.0,34.0,34.0,42.044,42.044,42.044,42.044,42.044,42.044,49.566,49.566
train,7,data_7.csv,normal,7_33_56,24,33,56,19800,33600,leak_binary,0,17.601,17.601,17.601,25.559,25.559,25.559,25.559,25.559,25.559,34.0,34.0,34.0,34.0,34.0,34.0,42.044,42.044,42.044,42.044,42.044,42.044,49.566,49.566,49.566
train,7,data_7.csv,normal,7_34_57,24,34,57,20400,34200,leak_binary,0,17.601,17.601,25.559,25.559,25.559,25.559,25.559,25.559,34.0,34.0,34.0,34.0,34.0,34.0,42.044,42.044,42.044,42.044,42.044,42.044,49.566,49.566,49.566,49.566
train,7,data_7.csv,normal,7_35_58,24,35,58,21000,34800,leak_binary,0,17.601,25.559,25.559,25.559,25.559,25.559,25.559,34.0,34.0,34.0,34.0,34.0,34.0,42.044,42.044,42.044,42.044,42.044,42.044,49.566,49.566,49.566,49.566,49.566
train,7,data_7.csv,normal,7_36_59,24,36,59,21600,35400,leak_binary,0,25.559,25.559,25.559,25.559,25.559,25.559,34.0,34.0,34.0,34.0,34.0,34.0,42.044,42.044,42.044,42.044,42.044,42.044,49.566,49.566,49.566,49.566,49.566,49.566
train,7,data_7.csv,normal,7_37_60,24,37,60,22200,36000,leak_binary,0,25.559,25.559,25.559,25.559,25.559,34.0,34.0,34.0,34.0,34.0,34.0,42.044,42.044,42.044,42.044,42.044,42.044,49.566,49.566,49.566,49.566,49.566,49.566,54.804
train,7,data_7.csv,normal,7_38_61,24,38,61,22800,36600,leak_binary,0,25.559,25.559,25.559,25.559,34.0,34.0,34.0,34.0,34.0,34.0,42.044,42.044,42.044,42.044,42.044,42.044,49.566,49.566,49.566,49.566,49.566,49.566,54.804,54.804
train,7,data_7.csv,normal,7_39_62,24,39,62,23400,37200,leak_binary,0,25.559,25.559,25.559,34.0,34.0,34.0,34.0,34.0,34.0,42.044,42.044,42.044,42.044,42.044,42.044,49.566,49.566,49.566,49.566,49.566,49.566,54.804,54.804,54.804
train,7,data_7.csv,normal,7_40_63,24,40,63,24000,37800,leak_binary,0,25.559,25.559,34.0,34.0,34.0,34.0,34.0,34.0,42.044,42.044,42.044,42.044,42.044,42.044,49.566,49.566,49.566,49.566,49.566,49.566,54.804,54.804,54.804,54.804
train,7,data_7.csv,normal,7_41_64,24,41,64,24600,38400,leak_binary,0,25.559,34.0,34.0,34.0,34.0,34.0,34.0,42.044,42.044,42.044,42.044,42.044,42.044,49.566,49.566,49.566,49.566,49.566,49.566,54.804,54.804,54.804,54.804,54.804
train,7,data_7.csv,normal,7_42_65,24,42,65,25200,39000,leak_binary,0,34.0,34.0,34.0,34.0,34.0,34.0,42.044,42.044,42.044,42.044,42.044,42.044,49.566,49.566,49.566,49.566,49.566,49.566,54.804,54.804,54.804,54.804,54.804,54.804
train,7,data_7.csv,normal,7_43_66,24,43,66,25800,39600,leak_binary,0,34.0,34.0,34.0,34.0,34.0,42.044,42.044,42.044,42.044,42.044,42.044,49.566,49.566,49.566,49.566,49.566,49.566,54.804,54.804,54.804,54.804,54.804,54.804,66.0
train,7,data_7.csv,normal,7_44_67,24,44,67,26400,40200,leak_binary,0,34.0,34.0,34.0,34.0,42.044,42.044,42.044,42.044,42.044,42.044,49.566,49.566,49.566,49.566,49.566,49.566,54.804,54.804,54.804,54.804,54.804,54.804,66.0,66.0
train,7,data_7.csv,normal,7_45_68,24,45,68,27000,40800,leak_binary,0,34.0,34.0,34.0,42.044,42.044,42.044,42.044,42.044,42.044,49.566,49.566,49.566,49.566,49.566,49.566,54.804,54.804,54.804,54.804,54.804,54.804,66.0,66.0,66.0
train,7,data_7.csv,normal,7_46_69,24,46,69,27600,41400,leak_binary,0,34.0,34.0,42.044,42.044,42.044,42.044,42.044,42.044,49.566,49.566,49.566,49.566,49.566,49.566,54.804,54.804,54.804,54.804,54.804,54.804,66.0,66.0,66.0,66.0
train,7,data_7.csv,normal,7_47_70,24,47,70,28200,42000,leak_binary,0,34.0,42.044,42.044,42.044,42.044,42.044,42.044,49.566,49.566,49.566,49.566,49.566,49.566,54.804,54.804,54.804,54.804,54.804,54.804,66.0,66.0,66.0,66.0,66.0
train,7,data_7.csv,normal,7_48_71,24,48,71,28800,42600,leak_binary,0,42.044,42.044,42.044,42.044,42.044,42.044,49.566,49.566,49.566,49.566,49.566,49.566,54.804,54.804,54.804,54.804,54.804,54.804,66.0,66.0,66.0,66.0,66.0,66.0
train,7,data_7.csv,normal,7_49_72,24,49,72,29400,43200,leak_binary,0,42.044,42.044,42.044,42.044,42.044,49.566,49.566,49.566,49.566,49.566,49.566,54.804,54.804,54.804,54.804,54.804,54.804,66.0,66.0,66.0,66.0,66.0,66.0,71.483
train,7,data_7.csv,normal,7_50_73,24,50,73,30000,43800,leak_binary,0,42.044,42.044,42.044,42.044,49.566,49.566,49.566,49.566,49.566,49.566,54.804,54.804,54.804,54.804,54.804,54.804,66.0,66.0,66.0,66.0,66.0,66.0,71.483,71.483
train,7,data_7.csv,normal,7_51_74,24,51,74,30600,44400,leak_binary,0,42.044,42.044,42.044,49.566,49.566,49.566,49.566,49.566,49.566,54.804,54.804,54.804,54.804,54.804,54.804,66.0,66.0,66.0,66.0,66.0,66.0,71.483,71.483,71.483
train,7,data_7.csv,normal,7_52_75,24,52,75,31200,45000,leak_binary,0,42.044,42.044,49.566,49.566,49.566,49.566,49.566,49.566,54.804,54.804,54.804,54.804,54.804,54.804,66.0,66.0,66.0,66.0,66.0,66.0,71.483,71.483,71.483,71.483
train,7,data_7.csv,normal,7_53_76,24,53,76,31800,45600,leak_binary,0,42.044,49.566,49.566,49.566,49.566,49.566,49.566,54.804,54.804,54.804,54.804,54.804,54.804,66.0,66.0,66.0,66.0,66.0,66.0,71.483,71.483,71.483,71.483,71.483
train,7,data_7.csv,normal,7_54_77,24,54,77,32400,46200,leak_binary,0,49.566,49.566,49.566,49.566,49.566,49.566,54.804,54.804,54.804,54.804,54.804,54.804,66.0,66.0,66.0,66.0,66.0,66.0,71.483,71.483,71.483,71.483,71.483,71.483
train,7,data_7.csv,normal,7_55_78,24,55,78,33000,46800,leak_binary,0,49.566,49.566,49.566,49.566,49.566,54.804,54.804,54.804,54.804,54.804,54.804,66.0,66.0,66.0,66.0,66.0,66.0,71.483,71.483,71.483,71.483,71.483,71.483,66.575
train,7,data_7.csv,normal,7_56_79,24,56,79,33600,47400,leak_binary,0,49.566,49.566,49.566,49.566,54.804,54.804,54.804,54.804,54.804,54.804,66.0,66.0,66.0,66.0,66.0,66.0,71.483,71.483,71.483,71.483,71.483,71.483,66.575,66.575
train,7,data_7.csv,normal,7_57_80,24,57,80,34200,48000,leak_binary,0,49.566,49.566,49.566,54.804,54.804,54.804,54.804,54.804,54.804,66.0,66.0,66.0,66.0,66.0,66.0,71.483,71.483,71.483,71.483,71.483,71.483,66.575,66.575,66.575
train,7,data_7.csv,normal,7_58_81,24,58,81,34800,48600,leak_binary,0,49.566,49.566,54.804,54.804,54.804,54.804,54.804,54.804,66.0,66.0,66.0,66.0,66.0,66.0,71.483,71.483,71.483,71.483,71.483,71.483,66.575,66.575,66.575,66.575
train,7,data_7.csv,normal,7_59_82,24,59,82,35400,49200,leak_binary,0,49.566,54.804,54.804,54.804,54.804,54.804,54.804,66.0,66.0,66.0,66.0,66.0,66.0,71.483,71.483,71.483,71.483,71.483,71.483,66.575,66.575,66.575,66.575,66.575
train,7,data_7.csv,normal,7_60_83,24,60,83,36000,49800,leak_binary,0,54.804,54.804,54.804,54.804,54.804,54.804,66.0,66.0,66.0,66.0,66.0,66.0,71.483,71.483,71.483,71.483,71.483,71.483,66.575,66.575,66.575,66.575,66.575,66.575
train,7,data_7.csv,normal,7_61_84,24,61,84,36600,50400,leak_binary,0,54.804,54.804,54.804,54.804,54.804,66.0,66.0,66.0,66.0,66.0,66.0,71.483,71.483,71.483,71.483,71.483,71.483,66.575,66.575,66.575,66.575,66.575,66.575,63.0
train,7,data_7.csv,normal,7_62_85,24,62,85,37200,51000,leak_binary,0,54.804,54.804,54.804,54.804,66.0,66.0,66.0,66.0,66.0,66.0,71.483,71.483,71.483,71.483,71.483,71.483,66.575,66.575,66.575,66.575,66.575,66.575,63.0,63.0
train,7,data_7.csv,normal,7_63_86,24,63,86,37800,51600,leak_binary,0,54.804,54.804,54.804,66.0,66.0,66.0,66.0,66.0,66.0,71.483,71.483,71.483,71.483,71.483,71.483,66.575,66.575,66.575,66.575,66.575,66.575,63.0,63.0,63.0
train,7,data_7.csv,normal,7_64_87,24,64,87,38400,52200,leak_binary,0,54.804,54.804,66.0,66.0,66.0,66.0,66.0,66.0,71.483,71.483,71.483,71.483,71.483,71.483,66.575,66.575,66.575,66.575,66.575,66.575,63.0,63.0,63.0,63.0
train,7,data_7.csv,normal,7_65_88,24,65,88,39000,52800,leak_binary,0,54.804,66.0,66.0,66.0,66.0,66.0,66.0,71.483,71.483,71.483,71.483,71.483,71.483,66.575,66.575,66.575,66.575,66.575,66.575,63.0,63.0,63.0,63.0,63.0
train,7,data_7.csv,normal,7_66_89,24,66,89,39600,53400,leak_binary,0,66.0,66.0,66.0,66.0,66.0,66.0,71.483,71.483,71.483,71.483,71.483,71.483,66.575,66.575,66.575,66.575,66.575,66.575,63.0,63.0,63.0,63.0,63.0,63.0
train,7,data_7.csv,normal,7_67_90,24,67,90,40200,54000,leak_binary,0,66.0,66.0,66.0,66.0,66.0,71.483,71.483,71.483,71.483,71.483,71.483,66.575,66.575,66.575,66.575,66.575,66.575,63.0,63.0,63.0,63.0,63.0,63.0,57.501
train,7,data_7.csv,normal,7_68_91,24,68,91,40800,54600,leak_binary,0,66.0,66.0,66.0,66.0,71.483,71.483,71.483,71.483,71.483,71.483,66.575,66.575,66.575,66.575,66.575,66.575,63.0,63.0,63.0,63.0,63.0,63.0,57.501,57.501
train,7,data_7.csv,normal,7_69_92,24,69,92,41400,55200,leak_binary,0,66.0,66.0,66.0,71.483,71.483,71.483,71.483,71.483,71.483,66.575,66.575,66.575,66.575,66.575,66.575,63.0,63.0,63.0,63.0,63.0,63.0,57.501,57.501,57.501
train,7,data_7.csv,normal,7_70_93,24,70,93,42000,55800,leak_binary,0,66.0,66.0,71.483,71.483,71.483,71.483,71.483,71.483,66.575,66.575,66.575,66.575,66.575,66.575,63.0,63.0,63.0,63.0,63.0,63.0,57.501,57.501,57.501,57.501
train,7,data_7.csv,normal,7_71_94,24,71,94,42600,56400,leak_binary,0,66.0,71.483,71.483,71.483,71.483,71.483,71.483,66.575,66.575,66.575,66.575,66.575,66.575,63.0,63.0,63.0,63.0,63.0,63.0,57.501,57.501,57.501,57.501,57.501
train,7,data_7.csv,normal,7_72_95,24,72,95,43200,57000,leak_binary,0,71.483,71.483,71.483,71.483,71.483,71.483,66.575,66.575,66.575,66.575,66.575,66.575,63.0,63.0,63.0,63.0,63.0,63.0,57.501,57.501,57.501,57.501,57.501,57.501
train,7,data_7.csv,normal,7_73_96,24,73,96,43800,57600,leak_binary,0,71.483,71.483,71.483,71.483,71.483,66.575,66.575,66.575,66.575,66.575,66.575,63.0,63.0,63.0,63.0,63.0,63.0,57.501,57.501,57.501,57.501,57.501,57.501,47.0
train,7,data_7.csv,normal,7_74_97,24,74,97,44400,58200,leak_binary,0,71.483,71.483,71.483,71.483,66.575,66.575,66.575,66.575,66.575,66.575,63.0,63.0,63.0,63.0,63.0,63.0,57.501,57.501,57.501,57.501,57.501,57.501,47.0,47.0
train,7,data_7.csv,normal,7_75_98,24,75,98,45000,58800,leak_binary,0,71.483,71.483,71.483,66.575,66.575,66.575,66.575,66.575,66.575,63.0,63.0,63.0,63.0,63.0,63.0,57.501,57.501,57.501,57.501,57.501,57.501,47.0,47.0,47.0
train,7,data_7.csv,normal,7_76_99,24,76,99,45600,59400,leak_binary,0,71.483,71.483,66.575,66.575,66.575,66.575,66.575,66.575,63.0,63.0,63.0,63.0,63.0,63.0,57.501,57.501,57.501,57.501,57.501,57.501,47.0,47.0,47.0,47.0
train,7,data_7.csv,normal,7_77_100,24,77,100,46200,60000,leak_binary,0,71.483,66.575,66.575,66.575,66.575,66.575,66.575,63.0,63.0,63.0,63.0,63.0,63.0,57.501,57.501,57.501,57.501,57.501,57.501,47.0,47.0,47.0,47.0,47.0
train,7,data_7.csv,normal,7_78_101,24,78,101,46800,60600,leak_binary,0,66.575,66.575,66.575,66.575,66.575,66.575,63.0,63.0,63.0,63.0,63.0,63.0,57.501,57.501,57.501,57.501,57.501,57.501,47.0,47.0,47.0,47.0,47.0,47.0
train,7,data_7.csv,normal,7_79_102,24,79,102,47400,61200,leak_binary,0,66.575,66.575,66.575,66.575,66.575,63.0,63.0,63.0,63.0,63.0,63.0,57.501,57.501,57.501,57.501,57.501,57.501,47.0,47.0,47.0,47.0,47.0,47.0,45.5
train,7,data_7.csv,normal,7_80_103,24,80,103,48000,61800,leak_binary,0,66.575,66.575,66.575,66.575,63.0,63.0,63.0,63.0,63.0,63.0,57.501,57.501,57.501,57.501,57.501,57.501,47.0,47.0,47.0,47.0,47.0,47.0,45.5,45.5
train,7,data_7.csv,normal,7_81_104,24,81,104,48600,62400,leak_binary,0,66.575,66.575,66.575,63.0,63.0,63.0,63.0,63.0,63.0,57.501,57.501,57.501,57.501,57.501,57.501,47.0,47.0,47.0,47.0,47.0,47.0,45.5,45.5,45.5
train,7,data_7.csv,normal,7_82_105,24,82,105,49200,63000,leak_binary,0,66.575,66.575,63.0,63.0,63.0,63.0,63.0,63.0,57.501,57.501,57.501,57.501,57.501,57.501,47.0,47.0,47.0,47.0,47.0,47.0,45.5,45.5,45.5,45.5
train,7,data_7.csv,normal,7_83_106,24,83,106,49800,63600,leak_binary,0,66.575,63.0,63.0,63.0,63.0,63.0,63.0,57.501,57.501,57.501,57.501,57.501,57.501,47.0,47.0,47.0,47.0,47.0,47.0,45.5,45.5,45.5,45.5,45.5
train,7,data_7.csv,normal,7_84_107,24,84,107,50400,64200,leak_binary,0,63.0,63.0,63.0,63.0,63.0,63.0,57.501,57.501,57.501,57.501,57.501,57.501,47.0,47.0,47.0,47.0,47.0,47.0,45.5,45.5,45.5,45.5,45.5,45.5
train,7,data_7.csv,normal,7_85_108,24,85,108,51000,64800,leak_binary,0,63.0,63.0,63.0,63.0,63.0,57.501,57.501,57.501,57.501,57.501,57.501,47.0,47.0,47.0,47.0,47.0,47.0,45.5,45.5,45.5,45.5,45.5,45.5,49.834
train,7,data_7.csv,normal,7_86_109,24,86,109,51600,65400,leak_binary,0,63.0,63.0,63.0,63.0,57.501,57.501,57.501,57.501,57.501,57.501,47.0,47.0,47.0,47.0,47.0,47.0,45.5,45.5,45.5,45.5,45.5,45.5,49.834,49.834
train,7,data_7.csv,normal,7_87_110,24,87,110,52200,66000,leak_binary,0,63.0,63.0,63.0,57.501,57.501,57.501,57.501,57.501,57.501,47.0,47.0,47.0,47.0,47.0,47.0,45.5,45.5,45.5,45.5,45.5,45.5,49.834,49.834,49.834
train,7,data_7.csv,normal,7_88_111,24,88,111,52800,66600,leak_binary,0,63.0,63.0,57.501,57.501,57.501,57.501,57.501,57.501,47.0,47.0,47.0,47.0,47.0,47.0,45.5,45.5,45.5,45.5,45.5,45.5,49.834,49.834,49.834,49.834
train,7,data_7.csv,normal,7_89_112,24,89,112,53400,67200,leak_binary,0,63.0,57.501,57.501,57.501,57.501,57.501,57.501,47.0,47.0,47.0,47.0,47.0,47.0,45.5,45.5,45.5,45.5,45.5,45.5,49.834,49.834,49.834,49.834,49.834
train,7,data_7.csv,normal,7_90_113,24,90,113,54000,67800,leak_binary,0,57.501,57.501,57.501,57.501,57.501,57.501,47.0,47.0,47.0,47.0,47.0,47.0,45.5,45.5,45.5,45.5,45.5,45.5,49.834,49.834,49.834,49.834,49.834,49.834
train,7,data_7.csv,normal,7_91_114,24,91,114,54600,68400,leak_binary,0,57.501,57.501,57.501,57.501,57.501,47.0,47.0,47.0,47.0,47.0,47.0,45.5,45.5,45.5,45.5,45.5,45.5,49.834,49.834,49.834,49.834,49.834,49.834,60.166
train,7,data_7.csv,normal,7_92_115,24,92,115,55200,69000,leak_binary,0,57.501,57.501,57.501,57.501,47.0,47.0,47.0,47.0,47.0,47.0,45.5,45.5,45.5,45.5,45.5,45.5,49.834,49.834,49.834,49.834,49.834,49.834,60.166,60.166
train,7,data_7.csv,normal,7_93_116,24,93,116,55800,69600,leak_binary,0,57.501,57.501,57.501,47.0,47.0,47.0,47.0,47.0,47.0,45.5,45.5,45.5,45.5,45.5,45.5,49.834,49.834,49.834,49.834,49.834,49.834,60.166,60.166,60.166
train,7,data_7.csv,normal,7_94_117,24,94,117,56400,70200,leak_binary,0,57.501,57.501,47.0,47.0,47.0,47.0,47.0,47.0,45.5,45.5,45.5,45.5,45.5,45.5,49.834,49.834,49.834,49.834,49.834,49.834,60.166,60.166,60.166,60.166
train,7,data_7.csv,normal,7_95_118,24,95,118,57000,70800,leak_binary,0,57.501,47.0,47.0,47.0,47.0,47.0,47.0,45.5,45.5,45.5,45.5,45.5,45.5,49.834,49.834,49.834,49.834,49.834,49.834,60.166,60.166,60.166,60.166,60.166
train,7,data_7.csv,normal,7_96_119,24,96,119,57600,71400,leak_binary,0,47.0,47.0,47.0,47.0,47.0,47.0,45.5,45.5,45.5,45.5,45.5,45.5,49.834,49.834,49.834,49.834,49.834,49.834,60.166,60.166,60.166,60.166,60.166,60.166
train,7,data_7.csv,normal,7_97_120,24,97,120,58200,72000,leak_binary,0,47.0,47.0,47.0,47.0,47.0,45.5,45.5,45.5,45.5,45.5,45.5,49.834,49.834,49.834,49.834,49.834,49.834,60.166,60.166,60.166,60.166,60.166,60.166,56.5
train,7,data_7.csv,normal,7_98_121,24,98,121,58800,72600,leak_binary,0,47.0,47.0,47.0,47.0,45.5,45.5,45.5,45.5,45.5,45.5,49.834,49.834,49.834,49.834,49.834,49.834,60.166,60.166,60.166,60.166,60.166,60.166,56.5,56.5
train,7,data_7.csv,normal,7_99_122,24,99,122,59400,73200,leak_binary,0,47.0,47.0,47.0,45.5,45.5,45.5,45.5,45.5,45.5,49.834,49.834,49.834,49.834,49.834,49.834,60.166,60.166,60.166,60.166,60.166,60.166,56.5,56.5,56.5
train,7,data_7.csv,normal,7_100_123,24,100,123,60000,73800,leak_binary,0,47.0,47.0,45.5,45.5,45.5,45.5,45.5,45.5,49.834,49.834,49.834,49.834,49.834,49.834,60.166,60.166,60.166,60.166,60.166,60.166,56.5,56.5,56.5,56.5
train,7,data_7.csv,normal,7_101_124,24,101,124,60600,74400,leak_binary,0,47.0,45.5,45.5,45.5,45.5,45.5,45.5,49.834,49.834,49.834,49.834,49.834,49.834,60.166,60.166,60.166,60.166,60.166,60.166,56.5,56.5,56.5,56.5,56.5
train,7,data_7.csv,normal,7_102_125,24,102,125,61200,75000,leak_binary,0,45.5,45.5,45.5,45.5,45.5,45.5,49.834,49.834,49.834,49.834,49.834,49.834,60.166,60.166,60.166,60.166,60.166,60.166,56.5,56.5,56.5,56.5,56.5,56.5
train,7,data_7.csv,normal,7_103_126,24,103,126,61800,75600,leak_binary,0,45.5,45.5,45.5,45.5,45.5,49.834,49.834,49.834,49.834,49.834,49.834,60.166,60.166,60.166,60.166,60.166,60.166,56.5,56.5,56.5,56.5,56.5,56.5,35.722
train,7,data_7.csv,normal,7_104_127,24,104,127,62400,76200,leak_binary,0,45.5,45.5,45.5,45.5,49.834,49.834,49.834,49.834,49.834,49.834,60.166,60.166,60.166,60.166,60.166,60.166,56.5,56.5,56.5,56.5,56.5,56.5,35.722,35.722
train,7,data_7.csv,normal,7_105_128,24,105,128,63000,76800,leak_binary,0,45.5,45.5,45.5,49.834,49.834,49.834,49.834,49.834,49.834,60.166,60.166,60.166,60.166,60.166,60.166,56.5,56.5,56.5,56.5,56.5,56.5,35.722,35.722,35.722
train,7,data_7.csv,normal,7_106_129,24,106,129,63600,77400,leak_binary,0,45.5,45.5,49.834,49.834,49.834,49.834,49.834,49.834,60.166,60.166,60.166,60.166,60.166,60.166,56.5,56.5,56.5,56.5,56.5,56.5,35.722,35.722,35.722,35.722
train,7,data_7.csv,normal,7_107_130,24,107,130,64200,78000,leak_binary,0,45.5,49.834,49.834,49.834,49.834,49.834,49.834,60.166,60.166,60.166,60.166,60.166,60.166,56.5,56.5,56.5,56.5,56.5,56.5,35.722,35.722,35.722,35.722,35.722
train,7,data_7.csv,normal,7_108_131,24,108,131,64800,78600,leak_binary,0,49.834,49.834,49.834,49.834,49.834,49.834,60.166,60.166,60.166,60.166,60.166,60.166,56.5,56.5,56.5,56.5,56.5,56.5,35.722,35.722,35.722,35.722,35.722,35.722
train,7,data_7.csv,normal,7_109_132,24,109,132,65400,79200,leak_binary,0,49.834,49.834,49.834,49.834,49.834,60.166,60.166,60.166,60.166,60.166,60.166,56.5,56.5,56.5,56.5,56.5,56.5,35.722,35.722,35.722,35.722,35.722,35.722,24.278
train,7,data_7.csv,normal,7_110_133,24,110,133,66000,79800,leak_binary,0,49.834,49.834,49.834,49.834,60.166,60.166,60.166,60.166,60.166,60.166,56.5,56.5,56.5,56.5,56.5,56.5,35.722,35.722,35.722,35.722,35.722,35.722,24.278,24.278
train,7,data_7.csv,normal,7_111_134,24,111,134,66600,80400,leak_binary,0,49.834,49.834,49.834,60.166,60.166,60.166,60.166,60.166,60.166,56.5,56.5,56.5,56.5,56.5,56.5,35.722,35.722,35.722,35.722,35.722,35.722,24.278,24.278,24.278
train,7,data_7.csv,normal,7_112_135,24,112,135,67200,81000,leak_binary,0,49.834,49.834,60.166,60.166,60.166,60.166,60.166,60.166,56.5,56.5,56.5,56.5,56.5,56.5,35.722,35.722,35.722,35.722,35.722,35.722,24.278,24.278,24.278,24.278
train,7,data_7.csv,normal,7_113_136,24,113,136,67800,81600,leak_binary,0,49.834,60.166,60.166,60.166,60.166,60.166,60.166,56.5,56.5,56.5,56.5,56.5,56.5,35.722,35.722,35.722,35.722,35.722,35.722,24.278,24.278,24.278,24.278,24.278
train,7,data_7.csv,normal,7_114_137,24,114,137,68400,82200,leak_binary,0,60.166,60.166,60.166,60.166,60.166,60.166,56.5,56.5,56.5,56.5,56.5,56.5,35.722,35.722,35.722,35.722,35.722,35.722,24.278,24.278,24.278,24.278,24.278,24.278
train,7,data_7.csv,normal,7_115_138,24,115,138,69000,82800,leak_binary,0,60.166,60.166,60.166,60.166,60.166,56.5,56.5,56.5,56.5,56.5,56.5,35.722,35.722,35.722,35.722,35.722,35.722,24.278,24.278,24.278,24.278,24.278,24.278,11.5
train,7,data_7.csv,normal,7_116_139,24,116,139,69600,83400,leak_binary,0,60.166,60.166,60.166,60.166,56.5,56.5,56.5,56.5,56.5,56.5,35.722,35.722,35.722,35.722,35.722,35.722,24.278,24.278,24.278,24.278,24.278,24.278,11.5,11.5
train,7,data_7.csv,normal,7_117_140,24,117,140,70200,84000,leak_binary,0,60.166,60.166,60.166,56.5,56.5,56.5,56.5,56.5,56.5,35.722,35.722,35.722,35.722,35.722,35.722,24.278,24.278,24.278,24.278,24.278,24.278,11.5,11.5,11.5
train,7,data_7.csv,normal,7_118_141,24,118,141,70800,84600,leak_binary,0,60.166,60.166,56.5,56.5,56.5,56.5,56.5,56.5,35.722,35.722,35.722,35.722,35.722,35.722,24.278,24.278,24.278,24.278,24.278,24.278,11.5,11.5,11.5,11.5
train,7,data_7.csv,normal,7_119_142,24,119,142,71400,85200,leak_binary,0,60.166,56.5,56.5,56.5,56.5,56.5,56.5,35.722,35.722,35.722,35.722,35.722,35.722,24.278,24.278,24.278,24.278,24.278,24.278,11.5,11.5,11.5,11.5,11.5
train,7,data_7.csv,normal,7_120_143,24,120,143,72000,85800,leak_binary,0,56.5,56.5,56.5,56.5,56.5,56.5,35.722,35.722,35.722,35.722,35.722,35.722,24.278,24.278,24.278,24.278,24.278,24.278,11.5,11.5,11.5,11.5,11.5,11.5
train,7,data_7.csv,normal,7_121_144,24,121,144,72600,86400,leak_binary,0,56.5,56.5,56.5,56.5,56.5,35.722,35.722,35.722,35.722,35.722,35.722,24.278,24.278,24.278,24.278,24.278,24.278,11.5,11.5,11.5,11.5,11.5,11.5,5.5
train,8,data_8.csv,normal,8_0_23,24,0,23,0,13800,leak_binary,0,5.5,5.5,5.5,5.5,5.5,5.5,6.2815,6.2815,6.2815,6.2815,6.2815,6.2815,7.333,7.333,7.333,7.333,7.333,7.333,8.593,8.593,8.593,8.593,8.593,8.593
train,8,data_8.csv,normal,8_1_24,24,1,24,600,14400,leak_binary,0,5.5,5.5,5.5,5.5,5.5,6.2815,6.2815,6.2815,6.2815,6.2815,6.2815,7.333,7.333,7.333,7.333,7.333,7.333,8.593,8.593,8.593,8.593,8.593,8.593,10.0
train,8,data_8.csv,normal,8_2_25,24,2,25,1200,15000,leak_binary,0,5.5,5.5,5.5,5.5,6.2815,6.2815,6.2815,6.2815,6.2815,6.2815,7.333,7.333,7.333,7.333,7.333,7.333,8.593,8.593,8.593,8.593,8.593,8.593,10.0,10.0
train,8,data_8.csv,normal,8_3_26,24,3,26,1800,15600,leak_binary,0,5.5,5.5,5.5,6.2815,6.2815,6.2815,6.2815,6.2815,6.2815,7.333,7.333,7.333,7.333,7.333,7.333,8.593,8.593,8.593,8.593,8.593,8.593,10.0,10.0,10.0
train,8,data_8.csv,normal,8_4_27,24,4,27,2400,16200,leak_binary,0,5.5,5.5,6.2815,6.2815,6.2815,6.2815,6.2815,6.2815,7.333,7.333,7.333,7.333,7.333,7.333,8.593,8.593,8.593,8.593,8.593,8.593,10.0,10.0,10.0,10.0
train,8,data_8.csv,normal,8_5_28,24,5,28,3000,16800,leak_binary,0,5.5,6.2815,6.2815,6.2815,6.2815,6.2815,6.2815,7.333,7.333,7.333,7.333,7.333,7.333,8.593,8.593,8.593,8.593,8.593,8.593,10.0,10.0,10.0,10.0,10.0
train,8,data_8.csv,normal,8_6_29,24,6,29,3600,17400,leak_binary,0,6.2815,6.2815,6.2815,6.2815,6.2815,6.2815,7.333,7.333,7.333,7.333,7.333,7.333,8.593,8.593,8.593,8.593,8.593,8.593,10.0,10.0,10.0,10.0,10.0,10.0
train,8,data_8.csv,normal,8_7_30,24,7,30,4200,18000,leak_binary,0,6.2815,6.2815,6.2815,6.2815,6.2815,7.333,7.333,7.333,7.333,7.333,7.333,8.593,8.593,8.593,8.593,8.593,8.593,10.0,10.0,10.0,10.0,10.0,10.0,13.6
train,8,data_8.csv,normal,8_8_31,24,8,31,4800,18600,leak_binary,0,6.2815,6.2815,6.2815,6.2815,7.333,7.333,7.333,7.333,7.333,7.333,8.593,8.593,8.593,8.593,8.593,8.593,10.0,10.0,10.0,10.0,10.0,10.0,13.6,13.6
train,8,data_8.csv,normal,8_9_32,24,9,32,5400,19200,leak_binary,0,6.2815,6.2815,6.2815,7.333,7.333,7.333,7.333,7.333,7.333,8.593,8.593,8.593,8.593,8.593,8.593,10.0,10.0,10.0,10.0,10.0,10.0,13.6,13.6,13.6
train,8,data_8.csv,normal,8_10_33,24,10,33,6000,19800,leak_binary,0,6.2815,6.2815,7.333,7.333,7.333,7.333,7.333,7.333,8.593,8.593,8.593,8.593,8.593,8.593,10.0,10.0,10.0,10.0,10.0,10.0,13.6,13.6,13.6,13.6
train,8,data_8.csv,normal,8_11_34,24,11,34,6600,20400,leak_binary,0,6.2815,7.333,7.333,7.333,7.333,7.333,7.333,8.593,8.593,8.593,8.593,8.593,8.593,10.0,10.0,10.0,10.0,10.0,10.0,13.6,13.6,13.6,13.6,13.6
train,8,data_8.csv,normal,8_12_35,24,12,35,7200,21000,leak_binary,0,7.333,7.333,7.333,7.333,7.333,7.333,8.593,8.593,8.593,8.593,8.593,8.593,10.0,10.0,10.0,10.0,10.0,10.0,13.6,13.6,13.6,13.6,13.6,13.6
train,8,data_8.csv,normal,8_13_36,24,13,36,7800,21600,leak_binary,0,7.333,7.333,7.333,7.333,7.333,8.593,8.593,8.593,8.593,8.593,8.593,10.0,10.0,10.0,10.0,10.0,10.0,13.6,13.6,13.6,13.6,13.6,13.6,17.56
train,8,data_8.csv,normal,8_14_37,24,14,37,8400,22200,leak_binary,0,7.333,7.333,7.333,7.333,8.593,8.593,8.593,8.593,8.593,8.593,10.0,10.0,10.0,10.0,10.0,10.0,13.6,13.6,13.6,13.6,13.6,13.6,17.56,17.56
train,8,data_8.csv,normal,8_15_38,24,15,38,9000,22800,leak_binary,0,7.333,7.333,7.333,8.593,8.593,8.593,8.593,8.593,8.593,10.0,10.0,10.0,10.0,10.0,10.0,13.6,13.6,13.6,13.6,13.6,13.6,17.56,17.56,17.56
train,8,data_8.csv,normal,8_16_39,24,16,39,9600,23400,leak_binary,0,7.333,7.333,8.593,8.593,8.593,8.593,8.593,8.593,10.0,10.0,10.0,10.0,10.0,10.0,13.6,13.6,13.6,13.6,13.6,13.6,17.56,17.56,17.56,17.56
train,8,data_8.csv,normal,8_17_40,24,17,40,10200,24000,leak_binary,0,7.333,8.593,8.593,8.593,8.593,8.593,8.593,10.0,10.0,10.0,10.0,10.0,10.0,13.6,13.6,13.6,13.6,13.6,13.6,17.56,17.56,17.56,17.56,17.56
train,8,data_8.csv,normal,8_18_41,24,18,41,10800,24600,leak_binary,0,8.593,8.593,8.593,8.593,8.593,8.593,10.0,10.0,10.0,10.0,10.0,10.0,13.6,13.6,13.6,13.6,13.6,13.6,17.56,17.56,17.56,17.56,17.56,17.56
train,8,data_8.csv,normal,8_19_42,24,19,42,11400,25200,leak_binary,0,8.593,8.593,8.593,8.593,8.593,10.0,10.0,10.0,10.0,10.0,10.0,13.6,13.6,13.6,13.6,13.6,13.6,17.56,17.56,17.56,17.56,17.56,17.56,22.0
train,8,data_8.csv,normal,8_20_43,24,20,43,12000,25800,leak_binary,0,8.593,8.593,8.593,8.593,10.0,10.0,10.0,10.0,10.0,10.0,13.6,13.6,13.6,13.6,13.6,13.6,17.56,17.56,17.56,17.56,17.56,17.56,22.0,22.0
train,8,data_8.csv,normal,8_21_44,24,21,44,12600,26400,leak_binary,0,8.593,8.593,8.593,10.0,10.0,10.0,10.0,10.0,10.0,13.6,13.6,13.6,13.6,13.6,13.6,17.56,17.56,17.56,17.56,17.56,17.56,22.0,22.0,22.0
train,8,data_8.csv,normal,8_22_45,24,22,45,13200,27000,leak_binary,0,8.593,8.593,10.0,10.0,10.0,10.0,10.0,10.0,13.6,13.6,13.6,13.6,13.6,13.6,17.56,17.56,17.56,17.56,17.56,17.56,22.0,22.0,22.0,22.0
train,8,data_8.csv,normal,8_23_46,24,23,46,13800,27600,leak_binary,0,8.593,10.0,10.0,10.0,10.0,10.0,10.0,13.6,13.6,13.6,13.6,13.6,13.6,17.56,17.56,17.56,17.56,17.56,17.56,22.0,22.0,22.0,22.0,22.0
train,8,data_8.csv,normal,8_24_47,24,24,47,14400,28200,leak_binary,0,10.0,10.0,10.0,10.0,10.0,10.0,13.6,13.6,13.6,13.6,13.6,13.6,17.56,17.56,17.56,17.56,17.56,17.56,22.0,22.0,22.0,22.0,22.0,22.0
train,8,data_8.csv,normal,8_25_48,24,25,48,15000,28800,leak_binary,0,10.0,10.0,10.0,10.0,10.0,13.6,13.6,13.6,13.6,13.6,13.6,17.56,17.56,17.56,17.56,17.56,17.56,22.0,22.0,22.0,22.0,22.0,22.0,28.044
train,8,data_8.csv,normal,8_26_49,24,26,49,15600,29400,leak_binary,0,10.0,10.0,10.0,10.0,13.6,13.6,13.6,13.6,13.6,13.6,17.56,17.56,17.56,17.56,17.56,17.56,22.0,22.0,22.0,22.0,22.0,22.0,28.044,28.044
train,8,data_8.csv,normal,8_27_50,24,27,50,16200,30000,leak_binary,0,10.0,10.0,10.0,13.6,13.6,13.6,13.6,13.6,13.6,17.56,17.56,17.56,17.56,17.56,17.56,22.0,22.0,22.0,22.0,22.0,22.0,28.044,28.044,28.044
train,8,data_8.csv,normal,8_28_51,24,28,51,16800,30600,leak_binary,0,10.0,10.0,13.6,13.6,13.6,13.6,13.6,13.6,17.56,17.56,17.56,17.56,17.56,17.56,22.0,22.0,22.0,22.0,22.0,22.0,28.044,28.044,28.044,28.044
train,8,data_8.csv,normal,8_29_52,24,29,52,17400,31200,leak_binary,0,10.0,13.6,13.6,13.6,13.6,13.6,13.6,17.56,17.56,17.56,17.56,17.56,17.56,22.0,22.0,22.0,22.0,22.0,22.0,28.044,28.044,28.044,28.044,28.044
train,8,data_8.csv,normal,8_30_53,24,30,53,18000,31800,leak_binary,0,13.6,13.6,13.6,13.6,13.6,13.6,17.56,17.56,17.56,17.56,17.56,17.56,22.0,22.0,22.0,22.0,22.0,22.0,28.044,28.044,28.044,28.044,28.044,28.044
train,8,data_8.csv,normal,8_31_54,24,31,54,18600,32400,leak_binary,0,13.6,13.6,13.6,13.6,13.6,17.56,17.56,17.56,17.56,17.56,17.56,22.0,22.0,22.0,22.0,22.0,22.0,28.044,28.044,28.044,28.044,28.044,28.044,33.566
train,8,data_8.csv,normal,8_32_55,24,32,55,19200,33000,leak_binary,0,13.6,13.6,13.6,13.6,17.56,17.56,17.56,17.56,17.56,17.56,22.0,22.0,22.0,22.0,22.0,22.0,28.044,28.044,28.044,28.044,28.044,28.044,33.566,33.566
train,8,data_8.csv,normal,8_33_56,24,33,56,19800,33600,leak_binary,0,13.6,13.6,13.6,17.56,17.56,17.56,17.56,17.56,17.56,22.0,22.0,22.0,22.0,22.0,22.0,28.044,28.044,28.044,28.044,28.044,28.044,33.566,33.566,33.566
train,8,data_8.csv,normal,8_34_57,24,34,57,20400,34200,leak_binary,0,13.6,13.6,17.56,17.56,17.56,17.56,17.56,17.56,22.0,22.0,22.0,22.0,22.0,22.0,28.044,28.044,28.044,28.044,28.044,28.044,33.566,33.566,33.566,33.566
train,8,data_8.csv,normal,8_35_58,24,35,58,21000,34800,leak_binary,0,13.6,17.56,17.56,17.56,17.56,17.56,17.56,22.0,22.0,22.0,22.0,22.0,22.0,28.044,28.044,28.044,28.044,28.044,28.044,33.566,33.566,33.566,33.566,33.566
train,8,data_8.csv,normal,8_36_59,24,36,59,21600,35400,leak_binary,0,17.56,17.56,17.56,17.56,17.56,17.56,22.0,22.0,22.0,22.0,22.0,22.0,28.044,28.044,28.044,28.044,28.044,28.044,33.566,33.566,33.566,33.566,33.566,33.566
train,8,data_8.csv,normal,8_37_60,24,37,60,22200,36000,leak_binary,0,17.56,17.56,17.56,17.56,17.56,22.0,22.0,22.0,22.0,22.0,22.0,28.044,28.044,28.044,28.044,28.044,28.044,33.566,33.566,33.566,33.566,33.566,33.566,42.804
train,8,data_8.csv,normal,8_38_61,24,38,61,22800,36600,leak_binary,0,17.56,17.56,17.56,17.56,22.0,22.0,22.0,22.0,22.0,22.0,28.044,28.044,28.044,28.044,28.044,28.044,33.566,33.566,33.566,33.566,33.566,33.566,42.804,42.804
train,8,data_8.csv,normal,8_39_62,24,39,62,23400,37200,leak_binary,0,17.56,17.56,17.56,22.0,22.0,22.0,22.0,22.0,22.0,28.044,28.044,28.044,28.044,28.044,28.044,33.566,33.566,33.566,33.566,33.566,33.566,42.804,42.804,42.804
train,8,data_8.csv,normal,8_40_63,24,40,63,24000,37800,leak_binary,0,17.56,17.56,22.0,22.0,22.0,22.0,22.0,22.0,28.044,28.044,28.044,28.044,28.044,28.044,33.566,33.566,33.566,33.566,33.566,33.566,42.804,42.804,42.804,42.804
train,8,data_8.csv,normal,8_41_64,24,41,64,24600,38400,leak_binary,0,17.56,22.0,22.0,22.0,22.0,22.0,22.0,28.044,28.044,28.044,28.044,28.044,28.044,33.566,33.566,33.566,33.566,33.566,33.566,42.804,42.804,42.804,42.804,42.804
train,8,data_8.csv,normal,8_42_65,24,42,65,25200,39000,leak_binary,0,22.0,22.0,22.0,22.0,22.0,22.0,28.044,28.044,28.044,28.044,28.044,28.044,33.566,33.566,33.566,33.566,33.566,33.566,42.804,42.804,42.804,42.804,42.804,42.804
train,8,data_8.csv,normal,8_43_66,24,43,66,25800,39600,leak_binary,0,22.0,22.0,22.0,22.0,22.0,28.044,28.044,28.044,28.044,28.044,28.044,33.566,33.566,33.566,33.566,33.566,33.566,42.804,42.804,42.804,42.804,42.804,42.804,50.0
train,8,data_8.csv,normal,8_44_67,24,44,67,26400,40200,leak_binary,0,22.0,22.0,22.0,22.0,28.044,28.044,28.044,28.044,28.044,28.044,33.566,33.566,33.566,33.566,33.566,33.566,42.804,42.804,42.804,42.804,42.804,42.804,50.0,50.0
train,8,data_8.csv,normal,8_45_68,24,45,68,27000,40800,leak_binary,0,22.0,22.0,22.0,28.044,28.044,28.044,28.044,28.044,28.044,33.566,33.566,33.566,33.566,33.566,33.566,42.804,42.804,42.804,42.804,42.804,42.804,50.0,50.0,50.0
train,8,data_8.csv,normal,8_46_69,24,46,69,27600,41400,leak_binary,0,22.0,22.0,28.044,28.044,28.044,28.044,28.044,28.044,33.566,33.566,33.566,33.566,33.566,33.566,42.804,42.804,42.804,42.804,42.804,42.804,50.0,50.0,50.0,50.0
train,8,data_8.csv,normal,8_47_70,24,47,70,28200,42000,leak_binary,0,22.0,28.044,28.044,28.044,28.044,28.044,28.044,33.566,33.566,33.566,33.566,33.566,33.566,42.804,42.804,42.804,42.804,42.804,42.804,50.0,50.0,50.0,50.0,50.0
train,8,data_8.csv,normal,8_48_71,24,48,71,28800,42600,leak_binary,0,28.044,28.044,28.044,28.044,28.044,28.044,33.566,33.566,33.566,33.566,33.566,33.566,42.804,42.804,42.804,42.804,42.804,42.804,50.0,50.0,50.0,50.0,50.0,50.0
train,8,data_8.csv,normal,8_49_72,24,49,72,29400,43200,leak_binary,0,28.044,28.044,28.044,28.044,28.044,33.566,33.566,33.566,33.566,33.566,33.566,42.804,42.804,42.804,42.804,42.804,42.804,50.0,50.0,50.0,50.0,50.0,50.0,51.484
train,8,data_8.csv,normal,8_50_73,24,50,73,30000,43800,leak_binary,0,28.044,28.044,28.044,28.044,33.566,33.566,33.566,33.566,33.566,33.566,42.804,42.804,42.804,42.804,42.804,42.804,50.0,50.0,50.0,50.0,50.0,50.0,51.484,51.484
train,8,data_8.csv,normal,8_51_74,24,51,74,30600,44400,leak_binary,0,28.044,28.044,28.044,33.566,33.566,33.566,33.566,33.566,33.566,42.804,42.804,42.804,42.804,42.804,42.804,50.0,50.0,50.0,50.0,50.0,50.0,51.484,51.484,51.484
train,8,data_8.csv,normal,8_52_75,24,52,75,31200,45000,leak_binary,0,28.044,28.044,33.566,33.566,33.566,33.566,33.566,33.566,42.804,42.804,42.804,42.804,42.804,42.804,50.0,50.0,50.0,50.0,50.0,50.0,51.484,51.484,51.484,51.484
train,8,data_8.csv,normal,8_53_76,24,53,76,31800,45600,leak_binary,0,28.044,33.566,33.566,33.566,33.566,33.566,33.566,42.804,42.804,42.804,42.804,42.804,42.804,50.0,50.0,50.0,50.0,50.0,50.0,51.484,51.484,51.484,51.484,51.484
train,8,data_8.csv,normal,8_54_77,24,54,77,32400,46200,leak_binary,0,33.566,33.566,33.566,33.566,33.566,33.566,42.804,42.804,42.804,42.804,42.804,42.804,50.0,50.0,50.0,50.0,50.0,50.0,51.484,51.484,51.484,51.484,51.484,51.484
train,8,data_8.csv,normal,8_55_78,24,55,78,33000,46800,leak_binary,0,33.566,33.566,33.566,33.566,33.566,42.804,42.804,42.804,42.804,42.804,42.804,50.0,50.0,50.0,50.0,50.0,50.0,51.484,51.484,51.484,51.484,51.484,51.484,52.575
train,8,data_8.csv,normal,8_56_79,24,56,79,33600,47400,leak_binary,0,33.566,33.566,33.566,33.566,42.804,42.804,42.804,42.804,42.804,42.804,50.0,50.0,50.0,50.0,50.0,50.0,51.484,51.484,51.484,51.484,51.484,51.484,52.575,52.575
train,8,data_8.csv,normal,8_57_80,24,57,80,34200,48000,leak_binary,0,33.566,33.566,33.566,42.804,42.804,42.804,42.804,42.804,42.804,50.0,50.0,50.0,50.0,50.0,50.0,51.484,51.484,51.484,51.484,51.484,51.484,52.575,52.575,52.575
train,8,data_8.csv,normal,8_58_81,24,58,81,34800,48600,leak_binary,0,33.566,33.566,42.804,42.804,42.804,42.804,42.804,42.804,50.0,50.0,50.0,50.0,50.0,50.0,51.484,51.484,51.484,51.484,51.484,51.484,52.575,52.575,52.575,52.575
train,8,data_8.csv,normal,8_59_82,24,59,82,35400,49200,leak_binary,0,33.566,42.804,42.804,42.804,42.804,42.804,42.804,50.0,50.0,50.0,50.0,50.0,50.0,51.484,51.484,51.484,51.484,51.484,51.484,52.575,52.575,52.575,52.575,52.575
train,8,data_8.csv,normal,8_60_83,24,60,83,36000,49800,leak_binary,0,42.804,42.804,42.804,42.804,42.804,42.804,50.0,50.0,50.0,50.0,50.0,50.0,51.484,51.484,51.484,51.484,51.484,51.484,52.575,52.575,52.575,52.575,52.575,52.575
train,8,data_8.csv,normal,8_61_84,24,61,84,36600,50400,leak_binary,0,42.804,42.804,42.804,42.804,42.804,50.0,50.0,50.0,50.0,50.0,50.0,51.484,51.484,51.484,51.484,51.484,51.484,52.575,52.575,52.575,52.575,52.575,52.575,49.0
train,8,data_8.csv,normal,8_62_85,24,62,85,37200,51000,leak_binary,0,42.804,42.804,42.804,42.804,50.0,50.0,50.0,50.0,50.0,50.0,51.484,51.484,51.484,51.484,51.484,51.484,52.575,52.575,52.575,52.575,52.575,52.575,49.0,49.0
train,8,data_8.csv,normal,8_63_86,24,63,86,37800,51600,leak_binary,0,42.804,42.804,42.804,50.0,50.0,50.0,50.0,50.0,50.0,51.484,51.484,51.484,51.484,51.484,51.484,52.575,52.575,52.575,52.575,52.575,52.575,49.0,49.0,49.0
train,8,data_8.csv,normal,8_64_87,24,64,87,38400,52200,leak_binary,0,42.804,42.804,50.0,50.0,50.0,50.0,50.0,50.0,51.484,51.484,51.484,51.484,51.484,51.484,52.575,52.575,52.575,52.575,52.575,52.575,49.0,49.0,49.0,49.0
train,8,data_8.csv,normal,8_65_88,24,65,88,39000,52800,leak_binary,0,42.804,50.0,50.0,50.0,50.0,50.0,50.0,51.484,51.484,51.484,51.484,51.484,51.484,52.575,52.575,52.575,52.575,52.575,52.575,49.0,49.0,49.0,49.0,49.0
train,8,data_8.csv,normal,8_66_89,24,66,89,39600,53400,leak_binary,0,50.0,50.0,50.0,50.0,50.0,50.0,51.484,51.484,51.484,51.484,51.484,51.484,52.575,52.575,52.575,52.575,52.575,52.575,49.0,49.0,49.0,49.0,49.0,49.0
train,8,data_8.csv,normal,8_67_90,24,67,90,40200,54000,leak_binary,0,50.0,50.0,50.0,50.0,50.0,51.484,51.484,51.484,51.484,51.484,51.484,52.575,52.575,52.575,52.575,52.575,52.575,49.0,49.0,49.0,49.0,49.0,49.0,43.5
train,8,data_8.csv,normal,8_68_91,24,68,91,40800,54600,leak_binary,0,50.0,50.0,50.0,50.0,51.484,51.484,51.484,51.484,51.484,51.484,52.575,52.575,52.575,52.575,52.575,52.575,49.0,49.0,49.0,49.0,49.0,49.0,43.5,43.5
train,8,data_8.csv,normal,8_69_92,24,69,92,41400,55200,leak_binary,0,50.0,50.0,50.0,51.484,51.484,51.484,51.484,51.484,51.484,52.575,52.575,52.575,52.575,52.575,52.575,49.0,49.0,49.0,49.0,49.0,49.0,43.5,43.5,43.5
train,8,data_8.csv,normal,8_70_93,24,70,93,42000,55800,leak_binary,0,50.0,50.0,51.484,51.484,51.484,51.484,51.484,51.484,52.575,52.575,52.575,52.575,52.575,52.575,49.0,49.0,49.0,49.0,49.0,49.0,43.5,43.5,43.5,43.5
train,8,data_8.csv,normal,8_71_94,24,71,94,42600,56400,leak_binary,0,50.0,51.484,51.484,51.484,51.484,51.484,51.484,52.575,52.575,52.575,52.575,52.575,52.575,49.0,49.0,49.0,49.0,49.0,49.0,43.5,43.5,43.5,43.5,43.5
train,8,data_8.csv,normal,8_72_95,24,72,95,43200,57000,leak_binary,0,51.484,51.484,51.484,51.484,51.484,51.484,52.575,52.575,52.575,52.575,52.575,52.575,49.0,49.0,49.0,49.0,49.0,49.0,43.5,43.5,43.5,43.5,43.5,43.5
train,8,data_8.csv,normal,8_73_96,24,73,96,43800,57600,leak_binary,0,51.484,51.484,51.484,51.484,51.484,52.575,52.575,52.575,52.575,52.575,52.575,49.0,49.0,49.0,49.0,49.0,49.0,43.5,43.5,43.5,43.5,43.5,43.5,37.0
train,8,data_8.csv,normal,8_74_97,24,74,97,44400,58200,leak_binary,0,51.484,51.484,51.484,51.484,52.575,52.575,52.575,52.575,52.575,52.575,49.0,49.0,49.0,49.0,49.0,49.0,43.5,43.5,43.5,43.5,43.5,43.5,37.0,37.0
train,8,data_8.csv,normal,8_75_98,24,75,98,45000,58800,leak_binary,0,51.484,51.484,51.484,52.575,52.575,52.575,52.575,52.575,52.575,49.0,49.0,49.0,49.0,49.0,49.0,43.5,43.5,43.5,43.5,43.5,43.5,37.0,37.0,37.0
train,8,data_8.csv,normal,8_76_99,24,76,99,45600,59400,leak_binary,0,51.484,51.484,52.575,52.575,52.575,52.575,52.575,52.575,49.0,49.0,49.0,49.0,49.0,49.0,43.5,43.5,43.5,43.5,43.5,43.5,37.0,37.0,37.0,37.0
train,8,data_8.csv,normal,8_77_100,24,77,100,46200,60000,leak_binary,0,51.484,52.575,52.575,52.575,52.575,52.575,52.575,49.0,49.0,49.0,49.0,49.0,49.0,43.5,43.5,43.5,43.5,43.5,43.5,37.0,37.0,37.0,37.0,37.0
train,8,data_8.csv,normal,8_78_101,24,78,101,46800,60600,leak_binary,0,52.575,52.575,52.575,52.575,52.575,52.575,49.0,49.0,49.0,49.0,49.0,49.0,43.5,43.5,43.5,43.5,43.5,43.5,37.0,37.0,37.0,37.0,37.0,37.0
train,8,data_8.csv,normal,8_79_102,24,79,102,47400,61200,leak_binary,0,52.575,52.575,52.575,52.575,52.575,49.0,49.0,49.0,49.0,49.0,49.0,43.5,43.5,43.5,43.5,43.5,43.5,37.0,37.0,37.0,37.0,37.0,37.0,33.5
train,8,data_8.csv,normal,8_80_103,24,80,103,48000,61800,leak_binary,0,52.575,52.575,52.575,52.575,49.0,49.0,49.0,49.0,49.0,49.0,43.5,43.5,43.5,43.5,43.5,43.5,37.0,37.0,37.0,37.0,37.0,37.0,33.5,33.5
train,8,data_8.csv,normal,8_81_104,24,81,104,48600,62400,leak_binary,0,52.575,52.575,52.575,49.0,49.0,49.0,49.0,49.0,49.0,43.5,43.5,43.5,43.5,43.5,43.5,37.0,37.0,37.0,37.0,37.0,37.0,33.5,33.5,33.5
train,8,data_8.csv,normal,8_82_105,24,82,105,49200,63000,leak_binary,0,52.575,52.575,49.0,49.0,49.0,49.0,49.0,49.0,43.5,43.5,43.5,43.5,43.5,43.5,37.0,37.0,37.0,37.0,37.0,37.0,33.5,33.5,33.5,33.5
train,8,data_8.csv,normal,8_83_106,24,83,106,49800,63600,leak_binary,0,52.575,49.0,49.0,49.0,49.0,49.0,49.0,43.5,43.5,43.5,43.5,43.5,43.5,37.0,37.0,37.0,37.0,37.0,37.0,33.5,33.5,33.5,33.5,33.5
train,8,data_8.csv,normal,8_84_107,24,84,107,50400,64200,leak_binary,0,49.0,49.0,49.0,49.0,49.0,49.0,43.5,43.5,43.5,43.5,43.5,43.5,37.0,37.0,37.0,37.0,37.0,37.0,33.5,33.5,33.5,33.5,33.5,33.5
train,8,data_8.csv,normal,8_85_108,24,85,108,51000,64800,leak_binary,0,49.0,49.0,49.0,49.0,49.0,43.5,43.5,43.5,43.5,43.5,43.5,37.0,37.0,37.0,37.0,37.0,37.0,33.5,33.5,33.5,33.5,33.5,33.5,39.834
train,8,data_8.csv,normal,8_86_109,24,86,109,51600,65400,leak_binary,0,49.0,49.0,49.0,49.0,43.5,43.5,43.5,43.5,43.5,43.5,37.0,37.0,37.0,37.0,37.0,37.0,33.5,33.5,33.5,33.5,33.5,33.5,39.834,39.834
train,8,data_8.csv,normal,8_87_110,24,87,110,52200,66000,leak_binary,0,49.0,49.0,49.0,43.5,43.5,43.5,43.5,43.5,43.5,37.0,37.0,37.0,37.0,37.0,37.0,33.5,33.5,33.5,33.5,33.5,33.5,39.834,39.834,39.834
train,8,data_8.csv,normal,8_88_111,24,88,111,52800,66600,leak_binary,0,49.0,49.0,43.5,43.5,43.5,43.5,43.5,43.5,37.0,37.0,37.0,37.0,37.0,37.0,33.5,33.5,33.5,33.5,33.5,33.5,39.834,39.834,39.834,39.834
train,8,data_8.csv,normal,8_89_112,24,89,112,53400,67200,leak_binary,0,49.0,43.5,43.5,43.5,43.5,43.5,43.5,37.0,37.0,37.0,37.0,37.0,37.0,33.5,33.5,33.5,33.5,33.5,33.5,39.834,39.834,39.834,39.834,39.834
train,8,data_8.csv,normal,8_90_113,24,90,113,54000,67800,leak_binary,0,43.5,43.5,43.5,43.5,43.5,43.5,37.0,37.0,37.0,37.0,37.0,37.0,33.5,33.5,33.5,33.5,33.5,33.5,39.834,39.834,39.834,39.834,39.834,39.834
train,8,data_8.csv,normal,8_91_114,24,91,114,54600,68400,leak_binary,0,43.5,43.5,43.5,43.5,43.5,37.0,37.0,37.0,37.0,37.0,37.0,33.5,33.5,33.5,33.5,33.5,33.5,39.834,39.834,39.834,39.834,39.834,39.834,44.166
train,8,data_8.csv,normal,8_92_115,24,92,115,55200,69000,leak_binary,0,43.5,43.5,43.5,43.5,37.0,37.0,37.0,37.0,37.0,37.0,33.5,33.5,33.5,33.5,33.5,33.5,39.834,39.834,39.834,39.834,39.834,39.834,44.166,44.166
train,8,data_8.csv,normal,8_93_116,24,93,116,55800,69600,leak_binary,0,43.5,43.5,43.5,37.0,37.0,37.0,37.0,37.0,37.0,33.5,33.5,33.5,33.5,33.5,33.5,39.834,39.834,39.834,39.834,39.834,39.834,44.166,44.166,44.166
train,8,data_8.csv,normal,8_94_117,24,94,117,56400,70200,leak_binary,0,43.5,43.5,37.0,37.0,37.0,37.0,37.0,37.0,33.5,33.5,33.5,33.5,33.5,33.5,39.834,39.834,39.834,39.834,39.834,39.834,44.166,44.166,44.166,44.166
train,8,data_8.csv,normal,8_95_118,24,95,118,57000,70800,leak_binary,0,43.5,37.0,37.0,37.0,37.0,37.0,37.0,33.5,33.5,33.5,33.5,33.5,33.5,39.834,39.834,39.834,39.834,39.834,39.834,44.166,44.166,44.166,44.166,44.166
train,8,data_8.csv,normal,8_96_119,24,96,119,57600,71400,leak_binary,0,37.0,37.0,37.0,37.0,37.0,37.0,33.5,33.5,33.5,33.5,33.5,33.5,39.834,39.834,39.834,39.834,39.834,39.834,44.166,44.166,44.166,44.166,44.166,44.166
train,8,data_8.csv,normal,8_97_120,24,97,120,58200,72000,leak_binary,0,37.0,37.0,37.0,37.0,37.0,33.5,33.5,33.5,33.5,33.5,33.5,39.834,39.834,39.834,39.834,39.834,39.834,44.166,44.166,44.166,44.166,44.166,44.166,42.5
train,8,data_8.csv,normal,8_98_121,24,98,121,58800,72600,leak_binary,0,37.0,37.0,37.0,37.0,33.5,33.5,33.5,33.5,33.5,33.5,39.834,39.834,39.834,39.834,39.834,39.834,44.166,44.166,44.166,44.166,44.166,44.166,42.5,42.5
train,8,data_8.csv,normal,8_99_122,24,99,122,59400,73200,leak_binary,0,37.0,37.0,37.0,33.5,33.5,33.5,33.5,33.5,33.5,39.834,39.834,39.834,39.834,39.834,39.834,44.166,44.166,44.166,44.166,44.166,44.166,42.5,42.5,42.5
train,8,data_8.csv,normal,8_100_123,24,100,123,60000,73800,leak_binary,0,37.0,37.0,33.5,33.5,33.5,33.5,33.5,33.5,39.834,39.834,39.834,39.834,39.834,39.834,44.166,44.166,44.166,44.166,44.166,44.166,42.5,42.5,42.5,42.5
train,8,data_8.csv,normal,8_101_124,24,101,124,60600,74400,leak_binary,0,37.0,33.5,33.5,33.5,33.5,33.5,33.5,39.834,39.834,39.834,39.834,39.834,39.834,44.166,44.166,44.166,44.166,44.166,44.166,42.5,42.5,42.5,42.5,42.5
train,8,data_8.csv,normal,8_102_125,24,102,125,61200,75000,leak_binary,0,33.5,33.5,33.5,33.5,33.5,33.5,39.834,39.834,39.834,39.834,39.834,39.834,44.166,44.166,44.166,44.166,44.166,44.166,42.5,42.5,42.5,42.5,42.5,42.5
train,8,data_8.csv,normal,8_103_126,24,103,126,61800,75600,leak_binary,0,33.5,33.5,33.5,33.5,33.5,39.834,39.834,39.834,39.834,39.834,39.834,44.166,44.166,44.166,44.166,44.166,44.166,42.5,42.5,42.5,42.5,42.5,42.5,35.722
train,8,data_8.csv,normal,8_104_127,24,104,127,62400,76200,leak_binary,0,33.5,33.5,33.5,33.5,39.834,39.834,39.834,39.834,39.834,39.834,44.166,44.166,44.166,44.166,44.166,44.166,42.5,42.5,42.5,42.5,42.5,42.5,35.722,35.722
train,8,data_8.csv,normal,8_105_128,24,105,128,63000,76800,leak_binary,0,33.5,33.5,33.5,39.834,39.834,39.834,39.834,39.834,39.834,44.166,44.166,44.166,44.166,44.166,44.166,42.5,42.5,42.5,42.5,42.5,42.5,35.722,35.722,35.722
train,8,data_8.csv,normal,8_106_129,24,106,129,63600,77400,leak_binary,0,33.5,33.5,39.834,39.834,39.834,39.834,39.834,39.834,44.166,44.166,44.166,44.166,44.166,44.166,42.5,42.5,42.5,42.5,42.5,42.5,35.722,35.722,35.722,35.722
train,8,data_8.csv,normal,8_107_130,24,107,130,64200,78000,leak_binary,0,33.5,39.834,39.834,39.834,39.834,39.834,39.834,44.166,44.166,44.166,44.166,44.166,44.166,42.5,42.5,42.5,42.5,42.5,42.5,35.722,35.722,35.722,35.722,35.722
train,8,data_8.csv,normal,8_108_131,24,108,131,64800,78600,leak_binary,0,39.834,39.834,39.834,39.834,39.834,39.834,44.166,44.166,44.166,44.166,44.166,44.166,42.5,42.5,42.5,42.5,42.5,42.5,35.722,35.722,35.722,35.722,35.722,35.722
train,8,data_8.csv,normal,8_109_132,24,109,132,65400,79200,leak_binary,0,39.834,39.834,39.834,39.834,39.834,44.166,44.166,44.166,44.166,44.166,44.166,42.5,42.5,42.5,42.5,42.5,42.5,35.722,35.722,35.722,35.722,35.722,35.722,24.278
train,8,data_8.csv,normal,8_110_133,24,110,133,66000,79800,leak_binary,0,39.834,39.834,39.834,39.834,44.166,44.166,44.166,44.166,44.166,44.166,42.5,42.5,42.5,42.5,42.5,42.5,35.722,35.722,35.722,35.722,35.722,35.722,24.278,24.278
train,8,data_8.csv,normal,8_111_134,24,111,134,66600,80400,leak_binary,0,39.834,39.834,39.834,44.166,44.166,44.166,44.166,44.166,44.166,42.5,42.5,42.5,42.5,42.5,42.5,35.722,35.722,35.722,35.722,35.722,35.722,24.278,24.278,24.278
train,8,data_8.csv,normal,8_112_135,24,112,135,67200,81000,leak_binary,0,39.834,39.834,44.166,44.166,44.166,44.166,44.166,44.166,42.5,42.5,42.5,42.5,42.5,42.5,35.722,35.722,35.722,35.722,35.722,35.722,24.278,24.278,24.278,24.278
train,8,data_8.csv,normal,8_113_136,24,113,136,67800,81600,leak_binary,0,39.834,44.166,44.166,44.166,44.166,44.166,44.166,42.5,42.5,42.5,42.5,42.5,42.5,35.722,35.722,35.722,35.722,35.722,35.722,24.278,24.278,24.278,24.278,24.278
train,8,data_8.csv,normal,8_114_137,24,114,137,68400,82200,leak_binary,0,44.166,44.166,44.166,44.166,44.166,44.166,42.5,42.5,42.5,42.5,42.5,42.5,35.722,35.722,35.722,35.722,35.722,35.722,24.278,24.278,24.278,24.278,24.278,24.278
train,8,data_8.csv,normal,8_115_138,24,115,138,69000,82800,leak_binary,0,44.166,44.166,44.166,44.166,44.166,42.5,42.5,42.5,42.5,42.5,42.5,35.722,35.722,35.722,35.722,35.722,35.722,24.278,24.278,24.278,24.278,24.278,24.278,13.5
train,8,data_8.csv,normal,8_116_139,24,116,139,69600,83400,leak_binary,0,44.166,44.166,44.166,44.166,42.5,42.5,42.5,42.5,42.5,42.5,35.722,35.722,35.722,35.722,35.722,35.722,24.278,24.278,24.278,24.278,24.278,24.278,13.5,13.5
train,8,data_8.csv,normal,8_117_140,24,117,140,70200,84000,leak_binary,0,44.166,44.166,44.166,42.5,42.5,42.5,42.5,42.5,42.5,35.722,35.722,35.722,35.722,35.722,35.722,24.278,24.278,24.278,24.278,24.278,24.278,13.5,13.5,13.5
train,8,data_8.csv,normal,8_118_141,24,118,141,70800,84600,leak_binary,0,44.166,44.166,42.5,42.5,42.5,42.5,42.5,42.5,35.722,35.722,35.722,35.722,35.722,35.722,24.278,24.278,24.278,24.278,24.278,24.278,13.5,13.5,13.5,13.5
train,8,data_8.csv,normal,8_119_142,24,119,142,71400,85200,leak_binary,0,44.166,42.5,42.5,42.5,42.5,42.5,42.5,35.722,35.722,35.722,35.722,35.722,35.722,24.278,24.278,24.278,24.278,24.278,24.278,13.5,13.5,13.5,13.5,13.5
train,8,data_8.csv,normal,8_120_143,24,120,143,72000,85800,leak_binary,0,42.5,42.5,42.5,42.5,42.5,42.5,35.722,35.722,35.722,35.722,35.722,35.722,24.278,24.278,24.278,24.278,24.278,24.278,13.5,13.5,13.5,13.5,13.5,13.5
train,8,data_8.csv,normal,8_121_144,24,121,144,72600,86400,leak_binary,0,42.5,42.5,42.5,42.5,42.5,35.722,35.722,35.722,35.722,35.722,35.722,24.278,24.278,24.278,24.278,24.278,24.278,13.5,13.5,13.5,13.5,13.5,13.5,5.5
train,12,data_12.csv,persistent_leak,12_0_23,24,0,23,0,13800,leak_binary,1,8.5,8.5,8.5,8.5,8.5,8.5,12.117,12.117,12.117,12.117,12.117,12.117,15.831,15.831,15.831,15.831,15.831,15.831,19.322,19.322,19.322,19.322,19.322,19.322
train,12,data_12.csv,persistent_leak,12_1_24,24,1,24,600,14400,leak_binary,1,8.5,8.5,8.5,8.5,8.5,12.117,12.117,12.117,12.117,12.117,12.117,15.831,15.831,15.831,15.831,15.831,15.831,19.322,19.322,19.322,19.322,19.322,19.322,23.5
train,12,data_12.csv,persistent_leak,12_2_25,24,2,25,1200,15000,leak_binary,1,8.5,8.5,8.5,8.5,12.117,12.117,12.117,12.117,12.117,12.117,15.831,15.831,15.831,15.831,15.831,15.831,19.322,19.322,19.322,19.322,19.322,19.322,23.5,23.5
train,12,data_12.csv,persistent_leak,12_3_26,24,3,26,1800,15600,leak_binary,1,8.5,8.5,8.5,12.117,12.117,12.117,12.117,12.117,12.117,15.831,15.831,15.831,15.831,15.831,15.831,19.322,19.322,19.322,19.322,19.322,19.322,23.5,23.5,23.5
train,12,data_12.csv,persistent_leak,12_4_27,24,4,27,2400,16200,leak_binary,1,8.5,8.5,12.117,12.117,12.117,12.117,12.117,12.117,15.831,15.831,15.831,15.831,15.831,15.831,19.322,19.322,19.322,19.322,19.322,19.322,23.5,23.5,23.5,23.5
train,12,data_12.csv,persistent_leak,12_5_28,24,5,28,3000,16800,leak_binary,1,8.5,12.117,12.117,12.117,12.117,12.117,12.117,15.831,15.831,15.831,15.831,15.831,15.831,19.322,19.322,19.322,19.322,19.322,19.322,23.5,23.5,23.5,23.5,23.5
train,12,data_12.csv,persistent_leak,12_6_29,24,6,29,3600,17400,leak_binary,1,12.117,12.117,12.117,12.117,12.117,12.117,15.831,15.831,15.831,15.831,15.831,15.831,19.322,19.322,19.322,19.322,19.322,19.322,23.5,23.5,23.5,23.5,23.5,23.5
train,12,data_12.csv,persistent_leak,12_7_30,24,7,30,4200,18000,leak_binary,1,12.117,12.117,12.117,12.117,12.117,15.831,15.831,15.831,15.831,15.831,15.831,19.322,19.322,19.322,19.322,19.322,19.322,23.5,23.5,23.5,23.5,23.5,23.5,32.459
train,12,data_12.csv,persistent_leak,12_8_31,24,8,31,4800,18600,leak_binary,1,12.117,12.117,12.117,12.117,15.831,15.831,15.831,15.831,15.831,15.831,19.322,19.322,19.322,19.322,19.322,19.322,23.5,23.5,23.5,23.5,23.5,23.5,32.459,32.459
train,12,data_12.csv,persistent_leak,12_9_32,24,9,32,5400,19200,leak_binary,1,12.117,12.117,12.117,15.831,15.831,15.831,15.831,15.831,15.831,19.322,19.322,19.322,19.322,19.322,19.322,23.5,23.5,23.5,23.5,23.5,23.5,32.459,32.459,32.459
train,12,data_12.csv,persistent_leak,12_10_33,24,10,33,6000,19800,leak_binary,1,12.117,12.117,15.831,15.831,15.831,15.831,15.831,15.831,19.322,19.322,19.322,19.322,19.322,19.322,23.5,23.5,23.5,23.5,23.5,23.5,32.459,32.459,32.459,32.459
train,12,data_12.csv,persistent_leak,12_11_34,24,11,34,6600,20400,leak_binary,1,12.117,15.831,15.831,15.831,15.831,15.831,15.831,19.322,19.322,19.322,19.322,19.322,19.322,23.5,23.5,23.5,23.5,23.5,23.5,32.459,32.459,32.459,32.459,32.459
train,12,data_12.csv,persistent_leak,12_12_35,24,12,35,7200,21000,leak_binary,1,15.831,15.831,15.831,15.831,15.831,15.831,19.322,19.322,19.322,19.322,19.322,19.322,23.5,23.5,23.5,23.5,23.5,23.5,32.459,32.459,32.459,32.459,32.459,32.459
train,12,data_12.csv,persistent_leak,12_13_36,24,13,36,7800,21600,leak_binary,1,15.831,15.831,15.831,15.831,15.831,19.322,19.322,19.322,19.322,19.322,19.322,23.5,23.5,23.5,23.5,23.5,23.5,32.459,32.459,32.459,32.459,32.459,32.459,43.972
train,12,data_12.csv,persistent_leak,12_14_37,24,14,37,8400,22200,leak_binary,1,15.831,15.831,15.831,15.831,19.322,19.322,19.322,19.322,19.322,19.322,23.5,23.5,23.5,23.5,23.5,23.5,32.459,32.459,32.459,32.459,32.459,32.459,43.972,43.972
train,12,data_12.csv,persistent_leak,12_15_38,24,15,38,9000,22800,leak_binary,1,15.831,15.831,15.831,19.322,19.322,19.322,19.322,19.322,19.322,23.5,23.5,23.5,23.5,23.5,23.5,32.459,32.459,32.459,32.459,32.459,32.459,43.972,43.972,43.972
train,12,data_12.csv,persistent_leak,12_16_39,24,16,39,9600,23400,leak_binary,1,15.831,15.831,19.322,19.322,19.322,19.322,19.322,19.322,23.5,23.5,23.5,23.5,23.5,23.5,32.459,32.459,32.459,32.459,32.459,32.459,43.972,43.972,43.972,43.972
train,12,data_12.csv,persistent_leak,12_17_40,24,17,40,10200,24000,leak_binary,1,15.831,19.322,19.322,19.322,19.322,19.322,19.322,23.5,23.5,23.5,23.5,23.5,23.5,32.459,32.459,32.459,32.459,32.459,32.459,43.972,43.972,43.972,43.972,43.972
train,12,data_12.csv,persistent_leak,12_18_41,24,18,41,10800,24600,leak_binary,1,19.322,19.322,19.322,19.322,19.322,19.322,23.5,23.5,23.5,23.5,23.5,23.5,32.459,32.459,32.459,32.459,32.459,32.459,43.972,43.972,43.972,43.972,43.972,43.972
train,12,data_12.csv,persistent_leak,12_19_42,24,19,42,11400,25200,leak_binary,1,19.322,19.322,19.322,19.322,19.322,23.5,23.5,23.5,23.5,23.5,23.5,32.459,32.459,32.459,32.459,32.459,32.459,43.972,43.972,43.972,43.972,43.972,43.972,50.401
train,12,data_12.csv,persistent_leak,12_20_43,24,20,43,12000,25800,leak_binary,1,19.322,19.322,19.322,19.322,23.5,23.5,23.5,23.5,23.5,23.5,32.459,32.459,32.459,32.459,32.459,32.459,43.972,43.972,43.972,43.972,43.972,43.972,50.401,50.401
train,12,data_12.csv,persistent_leak,12_21_44,24,21,44,12600,26400,leak_binary,1,19.322,19.322,19.322,23.5,23.5,23.5,23.5,23.5,23.5,32.459,32.459,32.459,32.459,32.459,32.459,43.972,43.972,43.972,43.972,43.972,43.972,50.401,50.401,50.401
train,12,data_12.csv,persistent_leak,12_22_45,24,22,45,13200,27000,leak_binary,1,19.322,19.322,23.5,23.5,23.5,23.5,23.5,23.5,32.459,32.459,32.459,32.459,32.459,32.459,43.972,43.972,43.972,43.972,43.972,43.972,50.401,50.401,50.401,50.401
train,12,data_12.csv,persistent_leak,12_23_46,24,23,46,13800,27600,leak_binary,1,19.322,23.5,23.5,23.5,23.5,23.5,23.5,32.459,32.459,32.459,32.459,32.459,32.459,43.972,43.972,43.972,43.972,43.972,43.972,50.401,50.401,50.401,50.401,50.401
train,12,data_12.csv,persistent_leak,12_24_47,24,24,47,14400,28200,leak_binary,1,23.5,23.5,23.5,23.5,23.5,23.5,32.459,32.459,32.459,32.459,32.459,32.459,43.972,43.972,43.972,43.972,43.972,43.972,50.401,50.401,50.401,50.401,50.401,50.401
train,12,data_12.csv,persistent_leak,12_25_48,24,25,48,15000,28800,leak_binary,1,23.5,23.5,23.5,23.5,23.5,32.459,32.459,32.459,32.459,32.459,32.459,43.972,43.972,43.972,43.972,43.972,43.972,50.401,50.401,50.401,50.401,50.401,50.401,49.808
train,12,data_12.csv,persistent_leak,12_26_49,24,26,49,15600,29400,leak_binary,1,23.5,23.5,23.5,23.5,32.459,32.459,32.459,32.459,32.459,32.459,43.972,43.972,43.972,43.972,43.972,43.972,50.401,50.401,50.401,50.401,50.401,50.401,49.808,49.808
train,12,data_12.csv,persistent_leak,12_27_50,24,27,50,16200,30000,leak_binary,1,23.5,23.5,23.5,32.459,32.459,32.459,32.459,32.459,32.459,43.972,43.972,43.972,43.972,43.972,43.972,50.401,50.401,50.401,50.401,50.401,50.401,49.808,49.808,49.808
train,12,data_12.csv,persistent_leak,12_28_51,24,28,51,16800,30600,leak_binary,1,23.5,23.5,32.459,32.459,32.459,32.459,32.459,32.459,43.972,43.972,43.972,43.972,43.972,43.972,50.401,50.401,50.401,50.401,50.401,50.401,49.808,49.808,49.808,49.808
train,12,data_12.csv,persistent_leak,12_29_52,24,29,52,17400,31200,leak_binary,1,23.5,32.459,32.459,32.459,32.459,32.459,32.459,43.972,43.972,43.972,43.972,43.972,43.972,50.401,50.401,50.401,50.401,50.401,50.401,49.808,49.808,49.808,49.808,49.808
train,12,data_12.csv,persistent_leak,12_30_53,24,30,53,18000,31800,leak_binary,1,32.459,32.459,32.459,32.459,32.459,32.459,43.972,43.972,43.972,43.972,43.972,43.972,50.401,50.401,50.401,50.401,50.401,50.401,49.808,49.808,49.808,49.808,49.808,49.808
train,12,data_12.csv,persistent_leak,12_31_54,24,31,54,18600,32400,leak_binary,1,32.459,32.459,32.459,32.459,32.459,43.972,43.972,43.972,43.972,43.972,43.972,50.401,50.401,50.401,50.401,50.401,50.401,49.808,49.808,49.808,49.808,49.808,49.808,49.385
train,12,data_12.csv,persistent_leak,12_32_55,24,32,55,19200,33000,leak_binary,1,32.459,32.459,32.459,32.459,43.972,43.972,43.972,43.972,43.972,43.972,50.401,50.401,50.401,50.401,50.401,50.401,49.808,49.808,49.808,49.808,49.808,49.808,49.385,49.385
train,12,data_12.csv,persistent_leak,12_33_56,24,33,56,19800,33600,leak_binary,1,32.459,32.459,32.459,43.972,43.972,43.972,43.972,43.972,43.972,50.401,50.401,50.401,50.401,50.401,50.401,49.808,49.808,49.808,49.808,49.808,49.808,49.385,49.385,49.385
train,12,data_12.csv,persistent_leak,12_34_57,24,34,57,20400,34200,leak_binary,1,32.459,32.459,43.972,43.972,43.972,43.972,43.972,43.972,50.401,50.401,50.401,50.401,50.401,50.401,49.808,49.808,49.808,49.808,49.808,49.808,49.385,49.385,49.385,49.385
train,12,data_12.csv,persistent_leak,12_35_58,24,35,58,21000,34800,leak_binary,1,32.459,43.972,43.972,43.972,43.972,43.972,43.972,50.401,50.401,50.401,50.401,50.401,50.401,49.808,49.808,49.808,49.808,49.808,49.808,49.385,49.385,49.385,49.385,49.385
train,12,data_12.csv,persistent_leak,12_36_59,24,36,59,21600,35400,leak_binary,1,43.972,43.972,43.972,43.972,43.972,43.972,50.401,50.401,50.401,50.401,50.401,50.401,49.808,49.808,49.808,49.808,49.808,49.808,49.385,49.385,49.385,49.385,49.385,49.385
train,12,data_12.csv,persistent_leak,12_37_60,24,37,60,22200,36000,leak_binary,1,43.972,43.972,43.972,43.972,43.972,50.401,50.401,50.401,50.401,50.401,50.401,49.808,49.808,49.808,49.808,49.808,49.808,49.385,49.385,49.385,49.385,49.385,49.385,50.206
train,12,data_12.csv,persistent_leak,12_38_61,24,38,61,22800,36600,leak_binary,1,43.972,43.972,43.972,43.972,50.401,50.401,50.401,50.401,50.401,50.401,49.808,49.808,49.808,49.808,49.808,49.808,49.385,49.385,49.385,49.385,49.385,49.385,50.206,50.206
train,12,data_12.csv,persistent_leak,12_39_62,24,39,62,23400,37200,leak_binary,1,43.972,43.972,43.972,50.401,50.401,50.401,50.401,50.401,50.401,49.808,49.808,49.808,49.808,49.808,49.808,49.385,49.385,49.385,49.385,49.385,49.385,50.206,50.206,50.206
train,12,data_12.csv,persistent_leak,12_40_63,24,40,63,24000,37800,leak_binary,1,43.972,43.972,50.401,50.401,50.401,50.401,50.401,50.401,49.808,49.808,49.808,49.808,49.808,49.808,49.385,49.385,49.385,49.385,49.385,49.385,50.206,50.206,50.206,50.206
train,12,data_12.csv,persistent_leak,12_41_64,24,41,64,24600,38400,leak_binary,1,43.972,50.401,50.401,50.401,50.401,50.401,50.401,49.808,49.808,49.808,49.808,49.808,49.808,49.385,49.385,49.385,49.385,49.385,49.385,50.206,50.206,50.206,50.206,50.206
train,12,data_12.csv,persistent_leak,12_42_65,24,42,65,25200,39000,leak_binary,1,50.401,50.401,50.401,50.401,50.401,50.401,49.808,49.808,49.808,49.808,49.808,49.808,49.385,49.385,49.385,49.385,49.385,49.385,50.206,50.206,50.206,50.206,50.206,50.206
train,12,data_12.csv,persistent_leak,12_43_66,24,43,66,25800,39600,leak_binary,1,50.401,50.401,50.401,50.401,50.401,49.808,49.808,49.808,49.808,49.808,49.808,49.385,49.385,49.385,49.385,49.385,49.385,50.206,50.206,50.206,50.206,50.206,50.206,49.0
train,12,data_12.csv,persistent_leak,12_44_67,24,44,67,26400,40200,leak_binary,1,50.401,50.401,50.401,50.401,49.808,49.808,49.808,49.808,49.808,49.808,49.385,49.385,49.385,49.385,49.385,49.385,50.206,50.206,50.206,50.206,50.206,50.206,49.0,49.0
train,12,data_12.csv,persistent_leak,12_45_68,24,45,68,27000,40800,leak_binary,1,50.401,50.401,50.401,49.808,49.808,49.808,49.808,49.808,49.808,49.385,49.385,49.385,49.385,49.385,49.385,50.206,50.206,50.206,50.206,50.206,50.206,49.0,49.0,49.0
train,12,data_12.csv,persistent_leak,12_46_69,24,46,69,27600,41400,leak_binary,1,50.401,50.401,49.808,49.808,49.808,49.808,49.808,49.808,49.385,49.385,49.385,49.385,49.385,49.385,50.206,50.206,50.206,50.206,50.206,50.206,49.0,49.0,49.0,49.0
train,12,data_12.csv,persistent_leak,12_47_70,24,47,70,28200,42000,leak_binary,1,50.401,49.808,49.808,49.808,49.808,49.808,49.808,49.385,49.385,49.385,49.385,49.385,49.385,50.206,50.206,50.206,50.206,50.206,50.206,49.0,49.0,49.0,49.0,49.0
train,12,data_12.csv,persistent_leak,12_48_71,24,48,71,28800,42600,leak_binary,1,49.808,49.808,49.808,49.808,49.808,49.808,49.385,49.385,49.385,49.385,49.385,49.385,50.206,50.206,50.206,50.206,50.206,50.206,49.0,49.0,49.0,49.0,49.0,49.0
train,12,data_12.csv,persistent_leak,12_49_72,24,49,72,29400,43200,leak_binary,1,49.808,49.808,49.808,49.808,49.808,49.385,49.385,49.385,49.385,49.385,49.385,50.206,50.206,50.206,50.206,50.206,50.206,49.0,49.0,49.0,49.0,49.0,49.0,44.516
train,12,data_12.csv,persistent_leak,12_50_73,24,50,73,30000,43800,leak_binary,1,49.808,49.808,49.808,49.808,49.385,49.385,49.385,49.385,49.385,49.385,50.206,50.206,50.206,50.206,50.206,50.206,49.0,49.0,49.0,49.0,49.0,49.0,44.516,44.516
train,12,data_12.csv,persistent_leak,12_51_74,24,51,74,30600,44400,leak_binary,1,49.808,49.808,49.808,49.385,49.385,49.385,49.385,49.385,49.385,50.206,50.206,50.206,50.206,50.206,50.206,49.0,49.0,49.0,49.0,49.0,49.0,44.516,44.516,44.516
train,12,data_12.csv,persistent_leak,12_52_75,24,52,75,31200,45000,leak_binary,1,49.808,49.808,49.385,49.385,49.385,49.385,49.385,49.385,50.206,50.206,50.206,50.206,50.206,50.206,49.0,49.0,49.0,49.0,49.0,49.0,44.516,44.516,44.516,44.516
train,12,data_12.csv,persistent_leak,12_53_76,24,53,76,31800,45600,leak_binary,1,49.808,49.385,49.385,49.385,49.385,49.385,49.385,50.206,50.206,50.206,50.206,50.206,50.206,49.0,49.0,49.0,49.0,49.0,49.0,44.516,44.516,44.516,44.516,44.516
train,12,data_12.csv,persistent_leak,12_54_77,24,54,77,32400,46200,leak_binary,1,49.385,49.385,49.385,49.385,49.385,49.385,50.206,50.206,50.206,50.206,50.206,50.206,49.0,49.0,49.0,49.0,49.0,49.0,44.516,44.516,44.516,44.516,44.516,44.516
train,12,data_12.csv,persistent_leak,12_55_78,24,55,78,33000,46800,leak_binary,1,49.385,49.385,49.385,49.385,49.385,50.206,50.206,50.206,50.206,50.206,50.206,49.0,49.0,49.0,49.0,49.0,49.0,44.516,44.516,44.516,44.516,44.516,44.516,39.457
train,12,data_12.csv,persistent_leak,12_56_79,24,56,79,33600,47400,leak_binary,1,49.385,49.385,49.385,49.385,50.206,50.206,50.206,50.206,50.206,50.206,49.0,49.0,49.0,49.0,49.0,49.0,44.516,44.516,44.516,44.516,44.516,44.516,39.457,39.457
train,12,data_12.csv,persistent_leak,12_57_80,24,57,80,34200,48000,leak_binary,1,49.385,49.385,49.385,50.206,50.206,50.206,50.206,50.206,50.206,49.0,49.0,49.0,49.0,49.0,49.0,44.516,44.516,44.516,44.516,44.516,44.516,39.457,39.457,39.457
train,12,data_12.csv,persistent_leak,12_58_81,24,58,81,34800,48600,leak_binary,1,49.385,49.385,50.206,50.206,50.206,50.206,50.206,50.206,49.0,49.0,49.0,49.0,49.0,49.0,44.516,44.516,44.516,44.516,44.516,44.516,39.457,39.457,39.457,39.457
train,12,data_12.csv,persistent_leak,12_59_82,24,59,82,35400,49200,leak_binary,1,49.385,50.206,50.206,50.206,50.206,50.206,50.206,49.0,49.0,49.0,49.0,49.0,49.0,44.516,44.516,44.516,44.516,44.516,44.516,39.457,39.457,39.457,39.457,39.457
train,12,data_12.csv,persistent_leak,12_60_83,24,60,83,36000,49800,leak_binary,1,50.206,50.206,50.206,50.206,50.206,50.206,49.0,49.0,49.0,49.0,49.0,49.0,44.516,44.516,44.516,44.516,44.516,44.516,39.457,39.457,39.457,39.457,39.457,39.457
train,12,data_12.csv,persistent_leak,12_61_84,24,61,84,36600,50400,leak_binary,1,50.206,50.206,50.206,50.206,50.206,49.0,49.0,49.0,49.0,49.0,49.0,44.516,44.516,44.516,44.516,44.516,44.516,39.457,39.457,39.457,39.457,39.457,39.457,36.5
train,12,data_12.csv,persistent_leak,12_62_85,24,62,85,37200,51000,leak_binary,1,50.206,50.206,50.206,50.206,49.0,49.0,49.0,49.0,49.0,49.0,44.516,44.516,44.516,44.516,44.516,44.516,39.457,39.457,39.457,39.457,39.457,39.457,36.5,36.5
train,12,data_12.csv,persistent_leak,12_63_86,24,63,86,37800,51600,leak_binary,1,50.206,50.206,50.206,49.0,49.0,49.0,49.0,49.0,49.0,44.516,44.516,44.516,44.516,44.516,44.516,39.457,39.457,39.457,39.457,39.457,39.457,36.5,36.5,36.5
train,12,data_12.csv,persistent_leak,12_64_87,24,64,87,38400,52200,leak_binary,1,50.206,50.206,49.0,49.0,49.0,49.0,49.0,49.0,44.516,44.516,44.516,44.516,44.516,44.516,39.457,39.457,39.457,39.457,39.457,39.457,36.5,36.5,36.5,36.5
train,12,data_12.csv,persistent_leak,12_65_88,24,65,88,39000,52800,leak_binary,1,50.206,49.0,49.0,49.0,49.0,49.0,49.0,44.516,44.516,44.516,44.516,44.516,44.516,39.457,39.457,39.457,39.457,39.457,39.457,36.5,36.5,36.5,36.5,36.5
train,12,data_12.csv,persistent_leak,12_66_89,24,66,89,39600,53400,leak_binary,1,49.0,49.0,49.0,49.0,49.0,49.0,44.516,44.516,44.516,44.516,44.516,44.516,39.457,39.457,39.457,39.457,39.457,39.457,36.5,36.5,36.5,36.5,36.5,36.5
train,12,data_12.csv,persistent_leak,12_67_90,24,67,90,40200,54000,leak_binary,1,49.0,49.0,49.0,49.0,49.0,44.516,44.516,44.516,44.516,44.516,44.516,39.457,39.457,39.457,39.457,39.457,39.457,36.5,36.5,36.5,36.5,36.5,36.5,37.369
train,12,data_12.csv,persistent_leak,12_68_91,24,68,91,40800,54600,leak_binary,1,49.0,49.0,49.0,49.0,44.516,44.516,44.516,44.516,44.516,44.516,39.457,39.457,39.457,39.457,39.457,39.457,36.5,36.5,36.5,36.5,36.5,36.5,37.369,37.369
train,12,data_12.csv,persistent_leak,12_69_92,24,69,92,41400,55200,leak_binary,1,49.0,49.0,49.0,44.516,44.516,44.516,44.516,44.516,44.516,39.457,39.457,39.457,39.457,39.457,39.457,36.5,36.5,36.5,36.5,36.5,36.5,37.369,37.369,37.369
train,12,data_12.csv,persistent_leak,12_70_93,24,70,93,42000,55800,leak_binary,1,49.0,49.0,44.516,44.516,44.516,44.516,44.516,44.516,39.457,39.457,39.457,39.457,39.457,39.457,36.5,36.5,36.5,36.5,36.5,36.5,37.369,37.369,37.369,37.369
train,12,data_12.csv,persistent_leak,12_71_94,24,71,94,42600,56400,leak_binary,1,49.0,44.516,44.516,44.516,44.516,44.516,44.516,39.457,39.457,39.457,39.457,39.457,39.457,36.5,36.5,36.5,36.5,36.5,36.5,37.369,37.369,37.369,37.369,37.369
train,12,data_12.csv,persistent_leak,12_72_95,24,72,95,43200,57000,leak_binary,1,44.516,44.516,44.516,44.516,44.516,44.516,39.457,39.457,39.457,39.457,39.457,39.457,36.5,36.5,36.5,36.5,36.5,36.5,37.369,37.369,37.369,37.369,37.369,37.369
train,12,data_12.csv,persistent_leak,12_73_96,24,73,96,43800,57600,leak_binary,1,44.516,44.516,44.516,44.516,44.516,39.457,39.457,39.457,39.457,39.457,39.457,36.5,36.5,36.5,36.5,36.5,36.5,37.369,37.369,37.369,37.369,37.369,37.369,40.917
train,12,data_12.csv,persistent_leak,12_74_97,24,74,97,44400,58200,leak_binary,1,44.516,44.516,44.516,44.516,39.457,39.457,39.457,39.457,39.457,39.457,36.5,36.5,36.5,36.5,36.5,36.5,37.369,37.369,37.369,37.369,37.369,37.369,40.917,40.917
train,12,data_12.csv,persistent_leak,12_75_98,24,75,98,45000,58800,leak_binary,1,44.516,44.516,44.516,39.457,39.457,39.457,39.457,39.457,39.457,36.5,36.5,36.5,36.5,36.5,36.5,37.369,37.369,37.369,37.369,37.369,37.369,40.917,40.917,40.917
train,12,data_12.csv,persistent_leak,12_76_99,24,76,99,45600,59400,leak_binary,1,44.516,44.516,39.457,39.457,39.457,39.457,39.457,39.457,36.5,36.5,36.5,36.5,36.5,36.5,37.369,37.369,37.369,37.369,37.369,37.369,40.917,40.917,40.917,40.917
train,12,data_12.csv,persistent_leak,12_77_100,24,77,100,46200,60000,leak_binary,1,44.516,39.457,39.457,39.457,39.457,39.457,39.457,36.5,36.5,36.5,36.5,36.5,36.5,37.369,37.369,37.369,37.369,37.369,37.369,40.917,40.917,40.917,40.917,40.917
train,12,data_12.csv,persistent_leak,12_78_101,24,78,101,46800,60600,leak_binary,1,39.457,39.457,39.457,39.457,39.457,39.457,36.5,36.5,36.5,36.5,36.5,36.5,37.369,37.369,37.369,37.369,37.369,37.369,40.917,40.917,40.917,40.917,40.917,40.917
train,12,data_12.csv,persistent_leak,12_79_102,24,79,102,47400,61200,leak_binary,1,39.457,39.457,39.457,39.457,39.457,36.5,36.5,36.5,36.5,36.5,36.5,37.369,37.369,37.369,37.369,37.369,37.369,40.917,40.917,40.917,40.917,40.917,40.917,45.506
train,12,data_12.csv,persistent_leak,12_80_103,24,80,103,48000,61800,leak_binary,1,39.457,39.457,39.457,39.457,36.5,36.5,36.5,36.5,36.5,36.5,37.369,37.369,37.369,37.369,37.369,37.369,40.917,40.917,40.917,40.917,40.917,40.917,45.506,45.506
train,12,data_12.csv,persistent_leak,12_81_104,24,81,104,48600,62400,leak_binary,1,39.457,39.457,39.457,36.5,36.5,36.5,36.5,36.5,36.5,37.369,37.369,37.369,37.369,37.369,37.369,40.917,40.917,40.917,40.917,40.917,40.917,45.506,45.506,45.506
train,12,data_12.csv,persistent_leak,12_82_105,24,82,105,49200,63000,leak_binary,1,39.457,39.457,36.5,36.5,36.5,36.5,36.5,36.5,37.369,37.369,37.369,37.369,37.369,37.369,40.917,40.917,40.917,40.917,40.917,40.917,45.506,45.506,45.506,45.506
train,12,data_12.csv,persistent_leak,12_83_106,24,83,106,49800,63600,leak_binary,1,39.457,36.5,36.5,36.5,36.5,36.5,36.5,37.369,37.369,37.369,37.369,37.369,37.369,40.917,40.917,40.917,40.917,40.917,40.917,45.506,45.506,45.506,45.506,45.506
train,12,data_12.csv,persistent_leak,12_84_107,24,84,107,50400,64200,leak_binary,1,36.5,36.5,36.5,36.5,36.5,36.5,37.369,37.369,37.369,37.369,37.369,37.369,40.917,40.917,40.917,40.917,40.917,40.917,45.506,45.506,45.506,45.506,45.506,45.506
train,12,data_12.csv,persistent_leak,12_85_108,24,85,108,51000,64800,leak_binary,1,36.5,36.5,36.5,36.5,36.5,37.369,37.369,37.369,37.369,37.369,37.369,40.917,40.917,40.917,40.917,40.917,40.917,45.506,45.506,45.506,45.506,45.506,45.506,49.5
train,12,data_12.csv,persistent_leak,12_86_109,24,86,109,51600,65400,leak_binary,1,36.5,36.5,36.5,36.5,37.369,37.369,37.369,37.369,37.369,37.369,40.917,40.917,40.917,40.917,40.917,40.917,45.506,45.506,45.506,45.506,45.506,45.506,49.5,49.5
train,12,data_12.csv,persistent_leak,12_87_110,24,87,110,52200,66000,leak_binary,1,36.5,36.5,36.5,37.369,37.369,37.369,37.369,37.369,37.369,40.917,40.917,40.917,40.917,40.917,40.917,45.506,45.506,45.506,45.506,45.506,45.506,49.5,49.5,49.5
train,12,data_12.csv,persistent_leak,12_88_111,24,88,111,52800,66600,leak_binary,1,36.5,36.5,37.369,37.369,37.369,37.369,37.369,37.369,40.917,40.917,40.917,40.917,40.917,40.917,45.506,45.506,45.506,45.506,45.506,45.506,49.5,49.5,49.5,49.5
train,12,data_12.csv,persistent_leak,12_89_112,24,89,112,53400,67200,leak_binary,1,36.5,37.369,37.369,37.369,37.369,37.369,37.369,40.917,40.917,40.917,40.917,40.917,40.917,45.506,45.506,45.506,45.506,45.506,45.506,49.5,49.5,49.5,49.5,49.5
train,12,data_12.csv,persistent_leak,12_90_113,24,90,113,54000,67800,leak_binary,1,37.369,37.369,37.369,37.369,37.369,37.369,40.917,40.917,40.917,40.917,40.917,40.917,45.506,45.506,45.506,45.506,45.506,45.506,49.5,49.5,49.5,49.5,49.5,49.5
train,12,data_12.csv,persistent_leak,12_91_114,24,91,114,54600,68400,leak_binary,1,37.369,37.369,37.369,37.369,37.369,40.917,40.917,40.917,40.917,40.917,40.917,45.506,45.506,45.506,45.506,45.506,45.506,49.5,49.5,49.5,49.5,49.5,49.5,51.947
train,12,data_12.csv,persistent_leak,12_92_115,24,92,115,55200,69000,leak_binary,1,37.369,37.369,37.369,37.369,40.917,40.917,40.917,40.917,40.917,40.917,45.506,45.506,45.506,45.506,45.506,45.506,49.5,49.5,49.5,49.5,49.5,49.5,51.947,51.947
train,12,data_12.csv,persistent_leak,12_93_116,24,93,116,55800,69600,leak_binary,1,37.369,37.369,37.369,40.917,40.917,40.917,40.917,40.917,40.917,45.506,45.506,45.506,45.506,45.506,45.506,49.5,49.5,49.5,49.5,49.5,49.5,51.947,51.947,51.947
train,12,data_12.csv,persistent_leak,12_94_117,24,94,117,56400,70200,leak_binary,1,37.369,37.369,40.917,40.917,40.917,40.917,40.917,40.917,45.506,45.506,45.506,45.506,45.506,45.506,49.5,49.5,49.5,49.5,49.5,49.5,51.947,51.947,51.947,51.947
train,12,data_12.csv,persistent_leak,12_95_118,24,95,118,57000,70800,leak_binary,1,37.369,40.917,40.917,40.917,40.917,40.917,40.917,45.506,45.506,45.506,45.506,45.506,45.506,49.5,49.5,49.5,49.5,49.5,49.5,51.947,51.947,51.947,51.947,51.947
train,12,data_12.csv,persistent_leak,12_96_119,24,96,119,57600,71400,leak_binary,1,40.917,40.917,40.917,40.917,40.917,40.917,45.506,45.506,45.506,45.506,45.506,45.506,49.5,49.5,49.5,49.5,49.5,49.5,51.947,51.947,51.947,51.947,51.947,51.947
train,12,data_12.csv,persistent_leak,12_97_120,24,97,120,58200,72000,leak_binary,1,40.917,40.917,40.917,40.917,40.917,45.506,45.506,45.506,45.506,45.506,45.506,49.5,49.5,49.5,49.5,49.5,49.5,51.947,51.947,51.947,51.947,51.947,51.947,52.0
train,12,data_12.csv,persistent_leak,12_98_121,24,98,121,58800,72600,leak_binary,1,40.917,40.917,40.917,40.917,45.506,45.506,45.506,45.506,45.506,45.506,49.5,49.5,49.5,49.5,49.5,49.5,51.947,51.947,51.947,51.947,51.947,51.947,52.0,52.0
train,12,data_12.csv,persistent_leak,12_99_122,24,99,122,59400,73200,leak_binary,1,40.917,40.917,40.917,45.506,45.506,45.506,45.506,45.506,45.506,49.5,49.5,49.5,49.5,49.5,49.5,51.947,51.947,51.947,51.947,51.947,51.947,52.0,52.0,52.0
train,12,data_12.csv,persistent_leak,12_100_123,24,100,123,60000,73800,leak_binary,1,40.917,40.917,45.506,45.506,45.506,45.506,45.506,45.506,49.5,49.5,49.5,49.5,49.5,49.5,51.947,51.947,51.947,51.947,51.947,51.947,52.0,52.0,52.0,52.0
train,12,data_12.csv,persistent_leak,12_101_124,24,101,124,60600,74400,leak_binary,1,40.917,45.506,45.506,45.506,45.506,45.506,45.506,49.5,49.5,49.5,49.5,49.5,49.5,51.947,51.947,51.947,51.947,51.947,51.947,52.0,52.0,52.0,52.0,52.0
train,12,data_12.csv,persistent_leak,12_102_125,24,102,125,61200,75000,leak_binary,1,45.506,45.506,45.506,45.506,45.506,45.506,49.5,49.5,49.5,49.5,49.5,49.5,51.947,51.947,51.947,51.947,51.947,51.947,52.0,52.0,52.0,52.0,52.0,52.0
train,12,data_12.csv,persistent_leak,12_103_126,24,103,126,61800,75600,leak_binary,1,45.506,45.506,45.506,45.506,45.506,49.5,49.5,49.5,49.5,49.5,49.5,51.947,51.947,51.947,51.947,51.947,51.947,52.0,52.0,52.0,52.0,52.0,52.0,46.093
train,12,data_12.csv,persistent_leak,12_104_127,24,104,127,62400,76200,leak_binary,1,45.506,45.506,45.506,45.506,49.5,49.5,49.5,49.5,49.5,49.5,51.947,51.947,51.947,51.947,51.947,51.947,52.0,52.0,52.0,52.0,52.0,52.0,46.093,46.093
train,12,data_12.csv,persistent_leak,12_105_128,24,105,128,63000,76800,leak_binary,1,45.506,45.506,45.506,49.5,49.5,49.5,49.5,49.5,49.5,51.947,51.947,51.947,51.947,51.947,51.947,52.0,52.0,52.0,52.0,52.0,52.0,46.093,46.093,46.093
train,12,data_12.csv,persistent_leak,12_106_129,24,106,129,63600,77400,leak_binary,1,45.506,45.506,49.5,49.5,49.5,49.5,49.5,49.5,51.947,51.947,51.947,51.947,51.947,51.947,52.0,52.0,52.0,52.0,52.0,52.0,46.093,46.093,46.093,46.093
train,12,data_12.csv,persistent_leak,12_107_130,24,107,130,64200,78000,leak_binary,1,45.506,49.5,49.5,49.5,49.5,49.5,49.5,51.947,51.947,51.947,51.947,51.947,51.947,52.0,52.0,52.0,52.0,52.0,52.0,46.093,46.093,46.093,46.093,46.093
train,12,data_12.csv,persistent_leak,12_108_131,24,108,131,64800,78600,leak_binary,1,49.5,49.5,49.5,49.5,49.5,49.5,51.947,51.947,51.947,51.947,51.947,51.947,52.0,52.0,52.0,52.0,52.0,52.0,46.093,46.093,46.093,46.093,46.093,46.093
train,12,data_12.csv,persistent_leak,12_109_132,24,109,132,65400,79200,leak_binary,1,49.5,49.5,49.5,49.5,49.5,51.947,51.947,51.947,51.947,51.947,51.947,52.0,52.0,52.0,52.0,52.0,52.0,46.093,46.093,46.093,46.093,46.093,46.093,32.613
train,12,data_12.csv,persistent_leak,12_110_133,24,110,133,66000,79800,leak_binary,1,49.5,49.5,49.5,49.5,51.947,51.947,51.947,51.947,51.947,51.947,52.0,52.0,52.0,52.0,52.0,52.0,46.093,46.093,46.093,46.093,46.093,46.093,32.613,32.613
train,12,data_12.csv,persistent_leak,12_111_134,24,111,134,66600,80400,leak_binary,1,49.5,49.5,49.5,51.947,51.947,51.947,51.947,51.947,51.947,52.0,52.0,52.0,52.0,52.0,52.0,46.093,46.093,46.093,46.093,46.093,46.093,32.613,32.613,32.613
train,12,data_12.csv,persistent_leak,12_112_135,24,112,135,67200,81000,leak_binary,1,49.5,49.5,51.947,51.947,51.947,51.947,51.947,51.947,52.0,52.0,52.0,52.0,52.0,52.0,46.093,46.093,46.093,46.093,46.093,46.093,32.613,32.613,32.613,32.613
train,12,data_12.csv,persistent_leak,12_113_136,24,113,136,67800,81600,leak_binary,1,49.5,51.947,51.947,51.947,51.947,51.947,51.947,52.0,52.0,52.0,52.0,52.0,52.0,46.093,46.093,46.093,46.093,46.093,46.093,32.613,32.613,32.613,32.613,32.613
train,12,data_12.csv,persistent_leak,12_114_137,24,114,137,68400,82200,leak_binary,1,51.947,51.947,51.947,51.947,51.947,51.947,52.0,52.0,52.0,52.0,52.0,52.0,46.093,46.093,46.093,46.093,46.093,46.093,32.613,32.613,32.613,32.613,32.613,32.613
train,12,data_12.csv,persistent_leak,12_115_138,24,115,138,69000,82800,leak_binary,1,51.947,51.947,51.947,51.947,51.947,52.0,52.0,52.0,52.0,52.0,52.0,46.093,46.093,46.093,46.093,46.093,46.093,32.613,32.613,32.613,32.613,32.613,32.613,13.0
train,12,data_12.csv,persistent_leak,12_116_139,24,116,139,69600,83400,leak_binary,1,51.947,51.947,51.947,51.947,52.0,52.0,52.0,52.0,52.0,52.0,46.093,46.093,46.093,46.093,46.093,46.093,32.613,32.613,32.613,32.613,32.613,32.613,13.0,13.0
train,12,data_12.csv,persistent_leak,12_117_140,24,117,140,70200,84000,leak_binary,1,51.947,51.947,51.947,52.0,52.0,52.0,52.0,52.0,52.0,46.093,46.093,46.093,46.093,46.093,46.093,32.613,32.613,32.613,32.613,32.613,32.613,13.0,13.0,13.0
train,12,data_12.csv,persistent_leak,12_118_141,24,118,141,70800,84600,leak_binary,1,51.947,51.947,52.0,52.0,52.0,52.0,52.0,52.0,46.093,46.093,46.093,46.093,46.093,46.093,32.613,32.613,32.613,32.613,32.613,32.613,13.0,13.0,13.0,13.0
train,12,data_12.csv,persistent_leak,12_119_142,24,119,142,71400,85200,leak_binary,1,51.947,52.0,52.0,52.0,52.0,52.0,52.0,46.093,46.093,46.093,46.093,46.093,46.093,32.613,32.613,32.613,32.613,32.613,32.613,13.0,13.0,13.0,13.0,13.0
train,12,data_12.csv,persistent_leak,12_120_143,24,120,143,72000,85800,leak_binary,1,52.0,52.0,52.0,52.0,52.0,52.0,46.093,46.093,46.093,46.093,46.093,46.093,32.613,32.613,32.613,32.613,32.613,32.613,13.0,13.0,13.0,13.0,13.0,13.0
train,12,data_12.csv,persistent_leak,12_121_144,24,121,144,72600,86400,leak_binary,1,52.0,52.0,52.0,52.0,52.0,46.093,46.093,46.093,46.093,46.093,46.093,32.613,32.613,32.613,32.613,32.613,32.613,13.0,13.0,13.0,13.0,13.0,13.0,8.5
train,17,data_17.csv,onset_leak,17_0_23,24,0,23,0,13800,leak_binary,0,3.5,3.5,3.5,3.5,3.5,3.5,5.3235,5.3235,5.3235,5.3235,5.3235,5.3235,7.777,7.777,7.777,7.777,7.777,7.777,10.717,10.717,10.717,10.717,10.717,10.717
train,17,data_17.csv,onset_leak,17_1_24,24,1,24,600,14400,leak_binary,0,3.5,3.5,3.5,3.5,3.5,5.3235,5.3235,5.3235,5.3235,5.3235,5.3235,7.777,7.777,7.777,7.777,7.777,7.777,10.717,10.717,10.717,10.717,10.717,10.717,14.0
train,17,data_17.csv,onset_leak,17_2_25,24,2,25,1200,15000,leak_binary,0,3.5,3.5,3.5,3.5,5.3235,5.3235,5.3235,5.3235,5.3235,5.3235,7.777,7.777,7.777,7.777,7.777,7.777,10.717,10.717,10.717,10.717,10.717,10.717,14.0,14.0
train,17,data_17.csv,onset_leak,17_3_26,24,3,26,1800,15600,leak_binary,0,3.5,3.5,3.5,5.3235,5.3235,5.3235,5.3235,5.3235,5.3235,7.777,7.777,7.777,7.777,7.777,7.777,10.717,10.717,10.717,10.717,10.717,10.717,14.0,14.0,14.0
train,17,data_17.csv,onset_leak,17_4_27,24,4,27,2400,16200,leak_binary,0,3.5,3.5,5.3235,5.3235,5.3235,5.3235,5.3235,5.3235,7.777,7.777,7.777,7.777,7.777,7.777,10.717,10.717,10.717,10.717,10.717,10.717,14.0,14.0,14.0,14.0
train,17,data_17.csv,onset_leak,17_5_28,24,5,28,3000,16800,leak_binary,0,3.5,5.3235,5.3235,5.3235,5.3235,5.3235,5.3235,7.777,7.777,7.777,7.777,7.777,7.777,10.717,10.717,10.717,10.717,10.717,10.717,14.0,14.0,14.0,14.0,14.0
train,17,data_17.csv,onset_leak,17_6_29,24,6,29,3600,17400,leak_binary,0,5.3235,5.3235,5.3235,5.3235,5.3235,5.3235,7.777,7.777,7.777,7.777,7.777,7.777,10.717,10.717,10.717,10.717,10.717,10.717,14.0,14.0,14.0,14.0,14.0,14.0
train,17,data_17.csv,onset_leak,17_7_30,24,7,30,4200,18000,leak_binary,0,5.3235,5.3235,5.3235,5.3235,5.3235,7.777,7.777,7.777,7.777,7.777,7.777,10.717,10.717,10.717,10.717,10.717,10.717,14.0,14.0,14.0,14.0,14.0,14.0,17.735
train,17,data_17.csv,onset_leak,17_8_31,24,8,31,4800,18600,leak_binary,0,5.3235,5.3235,5.3235,5.3235,7.777,7.777,7.777,7.777,7.777,7.777,10.717,10.717,10.717,10.717,10.717,10.717,14.0,14.0,14.0,14.0,14.0,14.0,17.735,17.735
train,17,data_17.csv,onset_leak,17_9_32,24,9,32,5400,19200,leak_binary,0,5.3235,5.3235,5.3235,7.777,7.777,7.777,7.777,7.777,7.777,10.717,10.717,10.717,10.717,10.717,10.717,14.0,14.0,14.0,14.0,14.0,14.0,17.735,17.735,17.735
train,17,data_17.csv,onset_leak,17_10_33,24,10,33,6000,19800,leak_binary,0,5.3235,5.3235,7.777,7.777,7.777,7.777,7.777,7.777,10.717,10.717,10.717,10.717,10.717,10.717,14.0,14.0,14.0,14.0,14.0,14.0,17.735,17.735,17.735,17.735
train,17,data_17.csv,onset_leak,17_11_34,24,11,34,6600,20400,leak_binary,0,5.3235,7.777,7.777,7.777,7.777,7.777,7.777,10.717,10.717,10.717,10.717,10.717,10.717,14.0,14.0,14.0,14.0,14.0,14.0,17.735,17.735,17.735,17.735,17.735
train,17,data_17.csv,onset_leak,17_12_35,24,12,35,7200,21000,leak_binary,0,7.777,7.777,7.777,7.777,7.777,7.777,10.717,10.717,10.717,10.717,10.717,10.717,14.0,14.0,14.0,14.0,14.0,14.0,17.735,17.735,17.735,17.735,17.735,17.735
train,17,data_17.csv,onset_leak,17_13_36,24,13,36,7800,21600,leak_binary,0,7.777,7.777,7.777,7.777,7.777,10.717,10.717,10.717,10.717,10.717,10.717,14.0,14.0,14.0,14.0,14.0,14.0,17.735,17.735,17.735,17.735,17.735,17.735,22.306
train,17,data_17.csv,onset_leak,17_14_37,24,14,37,8400,22200,leak_binary,0,7.777,7.777,7.777,7.777,10.717,10.717,10.717,10.717,10.717,10.717,14.0,14.0,14.0,14.0,14.0,14.0,17.735,17.735,17.735,17.735,17.735,17.735,22.306,22.306
train,17,data_17.csv,onset_leak,17_15_38,24,15,38,9000,22800,leak_binary,0,7.777,7.777,7.777,10.717,10.717,10.717,10.717,10.717,10.717,14.0,14.0,14.0,14.0,14.0,14.0,17.735,17.735,17.735,17.735,17.735,17.735,22.306,22.306,22.306
train,17,data_17.csv,onset_leak,17_16_39,24,16,39,9600,23400,leak_binary,0,7.777,7.777,10.717,10.717,10.717,10.717,10.717,10.717,14.0,14.0,14.0,14.0,14.0,14.0,17.735,17.735,17.735,17.735,17.735,17.735,22.306,22.306,22.306,22.306
train,17,data_17.csv,onset_leak,17_17_40,24,17,40,10200,24000,leak_binary,0,7.777,10.717,10.717,10.717,10.717,10.717,10.717,14.0,14.0,14.0,14.0,14.0,14.0,17.735,17.735,17.735,17.735,17.735,17.735,22.306,22.306,22.306,22.306,22.306
train,17,data_17.csv,onset_leak,17_18_41,24,18,41,10800,24600,leak_binary,0,10.717,10.717,10.717,10.717,10.717,10.717,14.0,14.0,14.0,14.0,14.0,14.0,17.735,17.735,17.735,17.735,17.735,17.735,22.306,22.306,22.306,22.306,22.306,22.306
train,17,data_17.csv,onset_leak,17_19_42,24,19,42,11400,25200,leak_binary,0,10.717,10.717,10.717,10.717,10.717,14.0,14.0,14.0,14.0,14.0,14.0,17.735,17.735,17.735,17.735,17.735,17.735,22.306,22.306,22.306,22.306,22.306,22.306,28.0
train,17,data_17.csv,onset_leak,17_20_43,24,20,43,12000,25800,leak_binary,0,10.717,10.717,10.717,10.717,14.0,14.0,14.0,14.0,14.0,14.0,17.735,17.735,17.735,17.735,17.735,17.735,22.306,22.306,22.306,22.306,22.306,22.306,28.0,28.0
train,17,data_17.csv,onset_leak,17_21_44,24,21,44,12600,26400,leak_binary,0,10.717,10.717,10.717,14.0,14.0,14.0,14.0,14.0,14.0,17.735,17.735,17.735,17.735,17.735,17.735,22.306,22.306,22.306,22.306,22.306,22.306,28.0,28.0,28.0
train,17,data_17.csv,onset_leak,17_22_45,24,22,45,13200,27000,leak_binary,0,10.717,10.717,14.0,14.0,14.0,14.0,14.0,14.0,17.735,17.735,17.735,17.735,17.735,17.735,22.306,22.306,22.306,22.306,22.306,22.306,28.0,28.0,28.0,28.0
train,17,data_17.csv,onset_leak,17_23_46,24,23,46,13800,27600,leak_binary,0,10.717,14.0,14.0,14.0,14.0,14.0,14.0,17.735,17.735,17.735,17.735,17.735,17.735,22.306,22.306,22.306,22.306,22.306,22.306,28.0,28.0,28.0,28.0,28.0
train,17,data_17.csv,onset_leak,17_24_47,24,24,47,14400,28200,leak_binary,0,14.0,14.0,14.0,14.0,14.0,14.0,17.735,17.735,17.735,17.735,17.735,17.735,22.306,22.306,22.306,22.306,22.306,22.306,28.0,28.0,28.0,28.0,28.0,28.0
train,17,data_17.csv,onset_leak,17_25_48,24,25,48,15000,28800,leak_binary,0,14.0,14.0,14.0,14.0,14.0,17.735,17.735,17.735,17.735,17.735,17.735,22.306,22.306,22.306,22.306,22.306,22.306,28.0,28.0,28.0,28.0,28.0,28.0,37.436
train,17,data_17.csv,onset_leak,17_26_49,24,26,49,15600,29400,leak_binary,0,14.0,14.0,14.0,14.0,17.735,17.735,17.735,17.735,17.735,17.735,22.306,22.306,22.306,22.306,22.306,22.306,28.0,28.0,28.0,28.0,28.0,28.0,37.436,37.436
train,17,data_17.csv,onset_leak,17_27_50,24,27,50,16200,30000,leak_binary,0,14.0,14.0,14.0,17.735,17.735,17.735,17.735,17.735,17.735,22.306,22.306,22.306,22.306,22.306,22.306,28.0,28.0,28.0,28.0,28.0,28.0,37.436,37.436,37.436
train,17,data_17.csv,onset_leak,17_28_51,24,28,51,16800,30600,leak_binary,0,14.0,14.0,17.735,17.735,17.735,17.735,17.735,17.735,22.306,22.306,22.306,22.306,22.306,22.306,28.0,28.0,28.0,28.0,28.0,28.0,37.436,37.436,37.436,37.436
train,17,data_17.csv,onset_leak,17_29_52,24,29,52,17400,31200,leak_binary,0,14.0,17.735,17.735,17.735,17.735,17.735,17.735,22.306,22.306,22.306,22.306,22.306,22.306,28.0,28.0,28.0,28.0,28.0,28.0,37.436,37.436,37.436,37.436,37.436
train,17,data_17.csv,onset_leak,17_30_53,24,30,53,18000,31800,leak_binary,0,17.735,17.735,17.735,17.735,17.735,17.735,22.306,22.306,22.306,22.306,22.306,22.306,28.0,28.0,28.0,28.0,28.0,28.0,37.436,37.436,37.436,37.436,37.436,37.436
train,17,data_17.csv,onset_leak,17_31_54,24,31,54,18600,32400,leak_binary,0,17.735,17.735,17.735,17.735,17.735,22.306,22.306,22.306,22.306,22.306,22.306,28.0,28.0,28.0,28.0,28.0,28.0,37.436,37.436,37.436,37.436,37.436,37.436,50.319
train,17,data_17.csv,onset_leak,17_32_55,24,32,55,19200,33000,leak_binary,0,17.735,17.735,17.735,17.735,22.306,22.306,22.306,22.306,22.306,22.306,28.0,28.0,28.0,28.0,28.0,28.0,37.436,37.436,37.436,37.436,37.436,37.436,50.319,50.319
train,17,data_17.csv,onset_leak,17_33_56,24,33,56,19800,33600,leak_binary,0,17.735,17.735,17.735,22.306,22.306,22.306,22.306,22.306,22.306,28.0,28.0,28.0,28.0,28.0,28.0,37.436,37.436,37.436,37.436,37.436,37.436,50.319,50.319,50.319
train,17,data_17.csv,onset_leak,17_34_57,24,34,57,20400,34200,leak_binary,0,17.735,17.735,22.306,22.306,22.306,22.306,22.306,22.306,28.0,28.0,28.0,28.0,28.0,28.0,37.436,37.436,37.436,37.436,37.436,37.436,50.319,50.319,50.319,50.319
train,17,data_17.csv,onset_leak,17_35_58,24,35,58,21000,34800,leak_binary,0,17.735,22.306,22.306,22.306,22.306,22.306,22.306,28.0,28.0,28.0,28.0,28.0,28.0,37.436,37.436,37.436,37.436,37.436,37.436,50.319,50.319,50.319,50.319,50.319
train,17,data_17.csv,onset_leak,17_36_59,24,36,59,21600,35400,leak_binary,0,22.306,22.306,22.306,22.306,22.306,22.306,28.0,28.0,28.0,28.0,28.0,28.0,37.436,37.436,37.436,37.436,37.436,37.436,50.319,50.319,50.319,50.319,50.319,50.319
train,17,data_17.csv,onset_leak,17_37_60,24,37,60,22200,36000,leak_binary,0,22.306,22.306,22.306,22.306,22.306,28.0,28.0,28.0,28.0,28.0,28.0,37.436,37.436,37.436,37.436,37.436,37.436,50.319,50.319,50.319,50.319,50.319,50.319,62.541
train,17,data_17.csv,onset_leak,17_38_61,24,38,61,22800,36600,leak_binary,0,22.306,22.306,22.306,22.306,28.0,28.0,28.0,28.0,28.0,28.0,37.436,37.436,37.436,37.436,37.436,37.436,50.319,50.319,50.319,50.319,50.319,50.319,62.541,62.541
train,17,data_17.csv,onset_leak,17_39_62,24,39,62,23400,37200,leak_binary,0,22.306,22.306,22.306,28.0,28.0,28.0,28.0,28.0,28.0,37.436,37.436,37.436,37.436,37.436,37.436,50.319,50.319,50.319,50.319,50.319,50.319,62.541,62.541,62.541
train,17,data_17.csv,onset_leak,17_40_63,24,40,63,24000,37800,leak_binary,0,22.306,22.306,28.0,28.0,28.0,28.0,28.0,28.0,37.436,37.436,37.436,37.436,37.436,37.436,50.319,50.319,50.319,50.319,50.319,50.319,62.541,62.541,62.541,62.541
train,17,data_17.csv,onset_leak,17_41_64,24,41,64,24600,38400,leak_binary,0,22.306,28.0,28.0,28.0,28.0,28.0,28.0,37.436,37.436,37.436,37.436,37.436,37.436,50.319,50.319,50.319,50.319,50.319,50.319,62.541,62.541,62.541,62.541,62.541
train,17,data_17.csv,onset_leak,17_42_65,24,42,65,25200,39000,leak_binary,0,28.0,28.0,28.0,28.0,28.0,28.0,37.436,37.436,37.436,37.436,37.436,37.436,50.319,50.319,50.319,50.319,50.319,50.319,62.541,62.541,62.541,62.541,62.541,62.541
train,17,data_17.csv,onset_leak,17_43_66,24,43,66,25800,39600,leak_binary,0,28.0,28.0,28.0,28.0,28.0,37.436,37.436,37.436,37.436,37.436,37.436,50.319,50.319,50.319,50.319,50.319,50.319,62.541,62.541,62.541,62.541,62.541,62.541,70.0
train,17,data_17.csv,onset_leak,17_44_67,24,44,67,26400,40200,leak_binary,0,28.0,28.0,28.0,28.0,37.436,37.436,37.436,37.436,37.436,37.436,50.319,50.319,50.319,50.319,50.319,50.319,62.541,62.541,62.541,62.541,62.541,62.541,70.0,70.0
train,17,data_17.csv,onset_leak,17_45_68,24,45,68,27000,40800,leak_binary,0,28.0,28.0,28.0,37.436,37.436,37.436,37.436,37.436,37.436,50.319,50.319,50.319,50.319,50.319,50.319,62.541,62.541,62.541,62.541,62.541,62.541,70.0,70.0,70.0
train,17,data_17.csv,onset_leak,17_46_69,24,46,69,27600,41400,leak_binary,0,28.0,28.0,37.436,37.436,37.436,37.436,37.436,37.436,50.319,50.319,50.319,50.319,50.319,50.319,62.541,62.541,62.541,62.541,62.541,62.541,70.0,70.0,70.0,70.0
train,17,data_17.csv,onset_leak,17_47_70,24,47,70,28200,42000,leak_binary,0,28.0,37.436,37.436,37.436,37.436,37.436,37.436,50.319,50.319,50.319,50.319,50.319,50.319,62.541,62.541,62.541,62.541,62.541,62.541,70.0,70.0,70.0,70.0,70.0
train,17,data_17.csv,onset_leak,17_48_71,24,48,71,28800,42600,leak_binary,0,37.436,37.436,37.436,37.436,37.436,37.436,50.319,50.319,50.319,50.319,50.319,50.319,62.541,62.541,62.541,62.541,62.541,62.541,70.0,70.0,70.0,70.0,70.0,70.0
train,17,data_17.csv,onset_leak,17_49_72,24,49,72,29400,43200,leak_binary,1,37.436,37.436,37.436,37.436,37.436,50.319,50.319,50.319,50.319,50.319,50.319,62.541,62.541,62.541,62.541,62.541,62.541,70.0,70.0,70.0,70.0,70.0,70.0,73.461
train,17,data_17.csv,onset_leak,17_50_73,24,50,73,30000,43800,leak_binary,1,37.436,37.436,37.436,37.436,50.319,50.319,50.319,50.319,50.319,50.319,62.541,62.541,62.541,62.541,62.541,62.541,70.0,70.0,70.0,70.0,70.0,70.0,73.461,73.461
train,17,data_17.csv,onset_leak,17_51_74,24,51,74,30600,44400,leak_binary,1,37.436,37.436,37.436,50.319,50.319,50.319,50.319,50.319,50.319,62.541,62.541,62.541,62.541,62.541,62.541,70.0,70.0,70.0,70.0,70.0,70.0,73.461,73.461,73.461
train,17,data_17.csv,onset_leak,17_52_75,24,52,75,31200,45000,leak_binary,1,37.436,37.436,50.319,50.319,50.319,50.319,50.319,50.319,62.541,62.541,62.541,62.541,62.541,62.541,70.0,70.0,70.0,70.0,70.0,70.0,73.461,73.461,73.461,73.461
train,17,data_17.csv,onset_leak,17_53_76,24,53,76,31800,45600,leak_binary,1,37.436,50.319,50.319,50.319,50.319,50.319,50.319,62.541,62.541,62.541,62.541,62.541,62.541,70.0,70.0,70.0,70.0,70.0,70.0,73.461,73.461,73.461,73.461,73.461
train,17,data_17.csv,onset_leak,17_54_77,24,54,77,32400,46200,leak_binary,1,50.319,50.319,50.319,50.319,50.319,50.319,62.541,62.541,62.541,62.541,62.541,62.541,70.0,70.0,70.0,70.0,70.0,70.0,73.461,73.461,73.461,73.461,73.461,73.461
train,17,data_17.csv,onset_leak,17_55_78,24,55,78,33000,46800,leak_binary,1,50.319,50.319,50.319,50.319,50.319,62.541,62.541,62.541,62.541,62.541,62.541,70.0,70.0,70.0,70.0,70.0,70.0,73.461,73.461,73.461,73.461,73.461,73.461,76.01
train,17,data_17.csv,onset_leak,17_56_79,24,56,79,33600,47400,leak_binary,1,50.319,50.319,50.319,50.319,62.541,62.541,62.541,62.541,62.541,62.541,70.0,70.0,70.0,70.0,70.0,70.0,73.461,73.461,73.461,73.461,73.461,73.461,76.01,76.01
train,17,data_17.csv,onset_leak,17_57_80,24,57,80,34200,48000,leak_binary,1,50.319,50.319,50.319,62.541,62.541,62.541,62.541,62.541,62.541,70.0,70.0,70.0,70.0,70.0,70.0,73.461,73.461,73.461,73.461,73.461,73.461,76.01,76.01,76.01
train,17,data_17.csv,onset_leak,17_58_81,24,58,81,34800,48600,leak_binary,1,50.319,50.319,62.541,62.541,62.541,62.541,62.541,62.541,70.0,70.0,70.0,70.0,70.0,70.0,73.461,73.461,73.461,73.461,73.461,73.461,76.01,76.01,76.01,76.01
train,17,data_17.csv,onset_leak,17_59_82,24,59,82,35400,49200,leak_binary,1,50.319,62.541,62.541,62.541,62.541,62.541,62.541,70.0,70.0,70.0,70.0,70.0,70.0,73.461,73.461,73.461,73.461,73.461,73.461,76.01,76.01,76.01,76.01,76.01
train,17,data_17.csv,onset_leak,17_60_83,24,60,83,36000,49800,leak_binary,1,62.541,62.541,62.541,62.541,62.541,62.541,70.0,70.0,70.0,70.0,70.0,70.0,73.461,73.461,73.461,73.461,73.461,73.461,76.01,76.01,76.01,76.01,76.01,76.01
train,17,data_17.csv,onset_leak,17_61_84,24,61,84,36600,50400,leak_binary,1,62.541,62.541,62.541,62.541,62.541,70.0,70.0,70.0,70.0,70.0,70.0,73.461,73.461,73.461,73.461,73.461,73.461,76.01,76.01,76.01,76.01,76.01,76.01,77.0
train,17,data_17.csv,onset_leak,17_62_85,24,62,85,37200,51000,leak_binary,1,62.541,62.541,62.541,62.541,70.0,70.0,70.0,70.0,70.0,70.0,73.461,73.461,73.461,73.461,73.461,73.461,76.01,76.01,76.01,76.01,76.01,76.01,77.0,77.0
train,17,data_17.csv,onset_leak,17_63_86,24,63,86,37800,51600,leak_binary,1,62.541,62.541,62.541,70.0,70.0,70.0,70.0,70.0,70.0,73.461,73.461,73.461,73.461,73.461,73.461,76.01,76.01,76.01,76.01,76.01,76.01,77.0,77.0,77.0
train,17,data_17.csv,onset_leak,17_64_87,24,64,87,38400,52200,leak_binary,1,62.541,62.541,70.0,70.0,70.0,70.0,70.0,70.0,73.461,73.461,73.461,73.461,73.461,73.461,76.01,76.01,76.01,76.01,76.01,76.01,77.0,77.0,77.0,77.0
train,17,data_17.csv,onset_leak,17_65_88,24,65,88,39000,52800,leak_binary,1,62.541,70.0,70.0,70.0,70.0,70.0,70.0,73.461,73.461,73.461,73.461,73.461,73.461,76.01,76.01,76.01,76.01,76.01,76.01,77.0,77.0,77.0,77.0,77.0
train,17,data_17.csv,onset_leak,17_66_89,24,66,89,39600,53400,leak_binary,1,70.0,70.0,70.0,70.0,70.0,70.0,73.461,73.461,73.461,73.461,73.461,73.461,76.01,76.01,76.01,76.01,76.01,76.01,77.0,77.0,77.0,77.0,77.0,77.0
train,17,data_17.csv,onset_leak,17_67_90,24,67,90,40200,54000,leak_binary,1,70.0,70.0,70.0,70.0,70.0,73.461,73.461,73.461,73.461,73.461,73.461,76.01,76.01,76.01,76.01,76.01,76.01,77.0,77.0,77.0,77.0,77.0,77.0,68.835
train,17,data_17.csv,onset_leak,17_68_91,24,68,91,40800,54600,leak_binary,1,70.0,70.0,70.0,70.0,73.461,73.461,73.461,73.461,73.461,73.461,76.01,76.01,76.01,76.01,76.01,76.01,77.0,77.0,77.0,77.0,77.0,77.0,68.835,68.835
train,17,data_17.csv,onset_leak,17_69_92,24,69,92,41400,55200,leak_binary,1,70.0,70.0,70.0,73.461,73.461,73.461,73.461,73.461,73.461,76.01,76.01,76.01,76.01,76.01,76.01,77.0,77.0,77.0,77.0,77.0,77.0,68.835,68.835,68.835
train,17,data_17.csv,onset_leak,17_70_93,24,70,93,42000,55800,leak_binary,1,70.0,70.0,73.461,73.461,73.461,73.461,73.461,73.461,76.01,76.01,76.01,76.01,76.01,76.01,77.0,77.0,77.0,77.0,77.0,77.0,68.835,68.835,68.835,68.835
train,17,data_17.csv,onset_leak,17_71_94,24,71,94,42600,56400,leak_binary,1,70.0,73.461,73.461,73.461,73.461,73.461,73.461,76.01,76.01,76.01,76.01,76.01,76.01,77.0,77.0,77.0,77.0,77.0,77.0,68.835,68.835,68.835,68.835,68.835
train,17,data_17.csv,onset_leak,17_72_95,24,72,95,43200,57000,leak_binary,1,73.461,73.461,73.461,73.461,73.461,73.461,76.01,76.01,76.01,76.01,76.01,76.01,77.0,77.0,77.0,77.0,77.0,77.0,68.835,68.835,68.835,68.835,68.835,68.835
train,17,data_17.csv,onset_leak,17_73_96,24,73,96,43800,57600,leak_binary,1,73.461,73.461,73.461,73.461,73.461,76.01,76.01,76.01,76.01,76.01,76.01,77.0,77.0,77.0,77.0,77.0,77.0,68.835,68.835,68.835,68.835,68.835,68.835,53.665
train,17,data_17.csv,onset_leak,17_74_97,24,74,97,44400,58200,leak_binary,1,73.461,73.461,73.461,73.461,76.01,76.01,76.01,76.01,76.01,76.01,77.0,77.0,77.0,77.0,77.0,77.0,68.835,68.835,68.835,68.835,68.835,68.835,53.665,53.665
train,17,data_17.csv,onset_leak,17_75_98,24,75,98,45000,58800,leak_binary,1,73.461,73.461,73.461,76.01,76.01,76.01,76.01,76.01,76.01,77.0,77.0,77.0,77.0,77.0,77.0,68.835,68.835,68.835,68.835,68.835,68.835,53.665,53.665,53.665
train,17,data_17.csv,onset_leak,17_76_99,24,76,99,45600,59400,leak_binary,1,73.461,73.461,76.01,76.01,76.01,76.01,76.01,76.01,77.0,77.0,77.0,77.0,77.0,77.0,68.835,68.835,68.835,68.835,68.835,68.835,53.665,53.665,53.665,53.665
train,17,data_17.csv,onset_leak,17_77_100,24,77,100,46200,60000,leak_binary,1,73.461,76.01,76.01,76.01,76.01,76.01,76.01,77.0,77.0,77.0,77.0,77.0,77.0,68.835,68.835,68.835,68.835,68.835,68.835,53.665,53.665,53.665,53.665,53.665
train,17,data_17.csv,onset_leak,17_78_101,24,78,101,46800,60600,leak_binary,1,76.01,76.01,76.01,76.01,76.01,76.01,77.0,77.0,77.0,77.0,77.0,77.0,68.835,68.835,68.835,68.835,68.835,68.835,53.665,53.665,53.665,53.665,53.665,53.665
train,17,data_17.csv,onset_leak,17_79_102,24,79,102,47400,61200,leak_binary,1,76.01,76.01,76.01,76.01,76.01,77.0,77.0,77.0,77.0,77.0,77.0,68.835,68.835,68.835,68.835,68.835,68.835,53.665,53.665,53.665,53.665,53.665,53.665,45.5
train,17,data_17.csv,onset_leak,17_80_103,24,80,103,48000,61800,leak_binary,1,76.01,76.01,76.01,76.01,77.0,77.0,77.0,77.0,77.0,77.0,68.835,68.835,68.835,68.835,68.835,68.835,53.665,53.665,53.665,53.665,53.665,53.665,45.5,45.5
train,17,data_17.csv,onset_leak,17_81_104,24,81,104,48600,62400,leak_binary,1,76.01,76.01,76.01,77.0,77.0,77.0,77.0,77.0,77.0,68.835,68.835,68.835,68.835,68.835,68.835,53.665,53.665,53.665,53.665,53.665,53.665,45.5,45.5,45.5
train,17,data_17.csv,onset_leak,17_82_105,24,82,105,49200,63000,leak_binary,1,76.01,76.01,77.0,77.0,77.0,77.0,77.0,77.0,68.835,68.835,68.835,68.835,68.835,68.835,53.665,53.665,53.665,53.665,53.665,53.665,45.5,45.5,45.5,45.5
train,17,data_17.csv,onset_leak,17_83_106,24,83,106,49800,63600,leak_binary,1,76.01,77.0,77.0,77.0,77.0,77.0,77.0,68.835,68.835,68.835,68.835,68.835,68.835,53.665,53.665,53.665,53.665,53.665,53.665,45.5,45.5,45.5,45.5,45.5
train,17,data_17.csv,onset_leak,17_84_107,24,84,107,50400,64200,leak_binary,1,77.0,77.0,77.0,77.0,77.0,77.0,68.835,68.835,68.835,68.835,68.835,68.835,53.665,53.665,53.665,53.665,53.665,53.665,45.5,45.5,45.5,45.5,45.5,45.5
train,17,data_17.csv,onset_leak,17_85_108,24,85,108,51000,64800,leak_binary,1,77.0,77.0,77.0,77.0,77.0,68.835,68.835,68.835,68.835,68.835,68.835,53.665,53.665,53.665,53.665,53.665,53.665,45.5,45.5,45.5,45.5,45.5,45.5,50.946
train,17,data_17.csv,onset_leak,17_86_109,24,86,109,51600,65400,leak_binary,1,77.0,77.0,77.0,77.0,68.835,68.835,68.835,68.835,68.835,68.835,53.665,53.665,53.665,53.665,53.665,53.665,45.5,45.5,45.5,45.5,45.5,45.5,50.946,50.946
train,17,data_17.csv,onset_leak,17_87_110,24,87,110,52200,66000,leak_binary,1,77.0,77.0,77.0,68.835,68.835,68.835,68.835,68.835,68.835,53.665,53.665,53.665,53.665,53.665,53.665,45.5,45.5,45.5,45.5,45.5,45.5,50.946,50.946,50.946
train,17,data_17.csv,onset_leak,17_88_111,24,88,111,52800,66600,leak_binary,1,77.0,77.0,68.835,68.835,68.835,68.835,68.835,68.835,53.665,53.665,53.665,53.665,53.665,53.665,45.5,45.5,45.5,45.5,45.5,45.5,50.946,50.946,50.946,50.946
train,17,data_17.csv,onset_leak,17_89_112,24,89,112,53400,67200,leak_binary,1,77.0,68.835,68.835,68.835,68.835,68.835,68.835,53.665,53.665,53.665,53.665,53.665,53.665,45.5,45.5,45.5,45.5,45.5,45.5,50.946,50.946,50.946,50.946,50.946
train,17,data_17.csv,onset_leak,17_90_113,24,90,113,54000,67800,leak_binary,1,68.835,68.835,68.835,68.835,68.835,68.835,53.665,53.665,53.665,53.665,53.665,53.665,45.5,45.5,45.5,45.5,45.5,45.5,50.946,50.946,50.946,50.946,50.946,50.946
train,17,data_17.csv,onset_leak,17_91_114,24,91,114,54600,68400,leak_binary,1,68.835,68.835,68.835,68.835,68.835,53.665,53.665,53.665,53.665,53.665,53.665,45.5,45.5,45.5,45.5,45.5,45.5,50.946,50.946,50.946,50.946,50.946,50.946,61.054
train,17,data_17.csv,onset_leak,17_92_115,24,92,115,55200,69000,leak_binary,1,68.835,68.835,68.835,68.835,53.665,53.665,53.665,53.665,53.665,53.665,45.5,45.5,45.5,45.5,45.5,45.5,50.946,50.946,50.946,50.946,50.946,50.946,61.054,61.054
train,17,data_17.csv,onset_leak,17_93_116,24,93,116,55800,69600,leak_binary,1,68.835,68.835,68.835,53.665,53.665,53.665,53.665,53.665,53.665,45.5,45.5,45.5,45.5,45.5,45.5,50.946,50.946,50.946,50.946,50.946,50.946,61.054,61.054,61.054
train,17,data_17.csv,onset_leak,17_94_117,24,94,117,56400,70200,leak_binary,1,68.835,68.835,53.665,53.665,53.665,53.665,53.665,53.665,45.5,45.5,45.5,45.5,45.5,45.5,50.946,50.946,50.946,50.946,50.946,50.946,61.054,61.054,61.054,61.054
train,17,data_17.csv,onset_leak,17_95_118,24,95,118,57000,70800,leak_binary,1,68.835,53.665,53.665,53.665,53.665,53.665,53.665,45.5,45.5,45.5,45.5,45.5,45.5,50.946,50.946,50.946,50.946,50.946,50.946,61.054,61.054,61.054,61.054,61.054
train,17,data_17.csv,onset_leak,17_96_119,24,96,119,57600,71400,leak_binary,1,53.665,53.665,53.665,53.665,53.665,53.665,45.5,45.5,45.5,45.5,45.5,45.5,50.946,50.946,50.946,50.946,50.946,50.946,61.054,61.054,61.054,61.054,61.054,61.054
train,17,data_17.csv,onset_leak,17_97_120,24,97,120,58200,72000,leak_binary,1,53.665,53.665,53.665,53.665,53.665,45.5,45.5,45.5,45.5,45.5,45.5,50.946,50.946,50.946,50.946,50.946,50.946,61.054,61.054,61.054,61.054,61.054,61.054,66.5
train,17,data_17.csv,onset_leak,17_98_121,24,98,121,58800,72600,leak_binary,1,53.665,53.665,53.665,53.665,45.5,45.5,45.5,45.5,45.5,45.5,50.946,50.946,50.946,50.946,50.946,50.946,61.054,61.054,61.054,61.054,61.054,61.054,66.5,66.5
train,17,data_17.csv,onset_leak,17_99_122,24,99,122,59400,73200,leak_binary,1,53.665,53.665,53.665,45.5,45.5,45.5,45.5,45.5,45.5,50.946,50.946,50.946,50.946,50.946,50.946,61.054,61.054,61.054,61.054,61.054,61.054,66.5,66.5,66.5
train,17,data_17.csv,onset_leak,17_100_123,24,100,123,60000,73800,leak_binary,1,53.665,53.665,45.5,45.5,45.5,45.5,45.5,45.5,50.946,50.946,50.946,50.946,50.946,50.946,61.054,61.054,61.054,61.054,61.054,61.054,66.5,66.5,66.5,66.5
train,17,data_17.csv,onset_leak,17_101_124,24,101,124,60600,74400,leak_binary,1,53.665,45.5,45.5,45.5,45.5,45.5,45.5,50.946,50.946,50.946,50.946,50.946,50.946,61.054,61.054,61.054,61.054,61.054,61.054,66.5,66.5,66.5,66.5,66.5
train,17,data_17.csv,onset_leak,17_102_125,24,102,125,61200,75000,leak_binary,1,45.5,45.5,45.5,45.5,45.5,45.5,50.946,50.946,50.946,50.946,50.946,50.946,61.054,61.054,61.054,61.054,61.054,61.054,66.5,66.5,66.5,66.5,66.5,66.5
train,17,data_17.csv,onset_leak,17_103_126,24,103,126,61800,75600,leak_binary,1,45.5,45.5,45.5,45.5,45.5,50.946,50.946,50.946,50.946,50.946,50.946,61.054,61.054,61.054,61.054,61.054,61.054,66.5,66.5,66.5,66.5,66.5,66.5,60.018
train,17,data_17.csv,onset_leak,17_104_127,24,104,127,62400,76200,leak_binary,1,45.5,45.5,45.5,45.5,50.946,50.946,50.946,50.946,50.946,50.946,61.054,61.054,61.054,61.054,61.054,61.054,66.5,66.5,66.5,66.5,66.5,66.5,60.018,60.018
train,17,data_17.csv,onset_leak,17_105_128,24,105,128,63000,76800,leak_binary,1,45.5,45.5,45.5,50.946,50.946,50.946,50.946,50.946,50.946,61.054,61.054,61.054,61.054,61.054,61.054,66.5,66.5,66.5,66.5,66.5,66.5,60.018,60.018,60.018
train,17,data_17.csv,onset_leak,17_106_129,24,106,129,63600,77400,leak_binary,1,45.5,45.5,50.946,50.946,50.946,50.946,50.946,50.946,61.054,61.054,61.054,61.054,61.054,61.054,66.5,66.5,66.5,66.5,66.5,66.5,60.018,60.018,60.018,60.018
train,17,data_17.csv,onset_leak,17_107_130,24,107,130,64200,78000,leak_binary,1,45.5,50.946,50.946,50.946,50.946,50.946,50.946,61.054,61.054,61.054,61.054,61.054,61.054,66.5,66.5,66.5,66.5,66.5,66.5,60.018,60.018,60.018,60.018,60.018
train,17,data_17.csv,onset_leak,17_108_131,24,108,131,64800,78600,leak_binary,1,50.946,50.946,50.946,50.946,50.946,50.946,61.054,61.054,61.054,61.054,61.054,61.054,66.5,66.5,66.5,66.5,66.5,66.5,60.018,60.018,60.018,60.018,60.018,60.018
train,17,data_17.csv,onset_leak,17_109_132,24,109,132,65400,79200,leak_binary,1,50.946,50.946,50.946,50.946,50.946,61.054,61.054,61.054,61.054,61.054,61.054,66.5,66.5,66.5,66.5,66.5,66.5,60.018,60.018,60.018,60.018,60.018,60.018,42.648
train,17,data_17.csv,onset_leak,17_110_133,24,110,133,66000,79800,leak_binary,1,50.946,50.946,50.946,50.946,61.054,61.054,61.054,61.054,61.054,61.054,66.5,66.5,66.5,66.5,66.5,66.5,60.018,60.018,60.018,60.018,60.018,60.018,42.648,42.648
train,17,data_17.csv,onset_leak,17_111_134,24,111,134,66600,80400,leak_binary,1,50.946,50.946,50.946,61.054,61.054,61.054,61.054,61.054,61.054,66.5,66.5,66.5,66.5,66.5,66.5,60.018,60.018,60.018,60.018,60.018,60.018,42.648,42.648,42.648
train,17,data_17.csv,onset_leak,17_112_135,24,112,135,67200,81000,leak_binary,1,50.946,50.946,61.054,61.054,61.054,61.054,61.054,61.054,66.5,66.5,66.5,66.5,66.5,66.5,60.018,60.018,60.018,60.018,60.018,60.018,42.648,42.648,42.648,42.648
train,17,data_17.csv,onset_leak,17_113_136,24,113,136,67800,81600,leak_binary,1,50.946,61.054,61.054,61.054,61.054,61.054,61.054,66.5,66.5,66.5,66.5,66.5,66.5,60.018,60.018,60.018,60.018,60.018,60.018,42.648,42.648,42.648,42.648,42.648
train,17,data_17.csv,onset_leak,17_114_137,24,114,137,68400,82200,leak_binary,1,61.054,61.054,61.054,61.054,61.054,61.054,66.5,66.5,66.5,66.5,66.5,66.5,60.018,60.018,60.018,60.018,60.018,60.018,42.648,42.648,42.648,42.648,42.648,42.648
train,17,data_17.csv,onset_leak,17_115_138,24,115,138,69000,82800,leak_binary,1,61.054,61.054,61.054,61.054,61.054,66.5,66.5,66.5,66.5,66.5,66.5,60.018,60.018,60.018,60.018,60.018,60.018,42.648,42.648,42.648,42.648,42.648,42.648,17.5
train,17,data_17.csv,onset_leak,17_116_139,24,116,139,69600,83400,leak_binary,1,61.054,61.054,61.054,61.054,66.5,66.5,66.5,66.5,66.5,66.5,60.018,60.018,60.018,60.018,60.018,60.018,42.648,42.648,42.648,42.648,42.648,42.648,17.5,17.5
train,17,data_17.csv,onset_leak,17_117_140,24,117,140,70200,84000,leak_binary,1,61.054,61.054,61.054,66.5,66.5,66.5,66.5,66.5,66.5,60.018,60.018,60.018,60.018,60.018,60.018,42.648,42.648,42.648,42.648,42.648,42.648,17.5,17.5,17.5
train,17,data_17.csv,onset_leak,17_118_141,24,118,141,70800,84600,leak_binary,1,61.054,61.054,66.5,66.5,66.5,66.5,66.5,66.5,60.018,60.018,60.018,60.018,60.018,60.018,42.648,42.648,42.648,42.648,42.648,42.648,17.5,17.5,17.5,17.5
train,17,data_17.csv,onset_leak,17_119_142,24,119,142,71400,85200,leak_binary,1,61.054,66.5,66.5,66.5,66.5,66.5,66.5,60.018,60.018,60.018,60.018,60.018,60.018,42.648,42.648,42.648,42.648,42.648,42.648,17.5,17.5,17.5,17.5,17.5
train,17,data_17.csv,onset_leak,17_120_143,24,120,143,72000,85800,leak_binary,1,66.5,66.5,66.5,66.5,66.5,66.5,60.018,60.018,60.018,60.018,60.018,60.018,42.648,42.648,42.648,42.648,42.648,42.648,17.5,17.5,17.5,17.5,17.5,17.5
train,17,data_17.csv,onset_leak,17_121_144,24,121,144,72600,86400,leak_binary,1,66.5,66.5,66.5,66.5,66.5,60.018,60.018,60.018,60.018,60.018,60.018,42.648,42.648,42.648,42.648,42.648,42.648,17.5,17.5,17.5,17.5,17.5,17.5,3.5
train,18,data_18.csv,onset_leak,18_0_23,24,0,23,0,13800,leak_binary,0,13.5,13.5,13.5,13.5,13.5,13.5,13.221,13.221,13.221,13.221,13.221,13.221,13.211,13.211,13.211,13.211,13.211,13.211,13.598,13.598,13.598,13.598,13.598,13.598
train,18,data_18.csv,onset_leak,18_1_24,24,1,24,600,14400,leak_binary,0,13.5,13.5,13.5,13.5,13.5,13.221,13.221,13.221,13.221,13.221,13.221,13.211,13.211,13.211,13.211,13.211,13.211,13.598,13.598,13.598,13.598,13.598,13.598,14.5
train,18,data_18.csv,onset_leak,18_2_25,24,2,25,1200,15000,leak_binary,0,13.5,13.5,13.5,13.5,13.221,13.221,13.221,13.221,13.221,13.221,13.211,13.211,13.211,13.211,13.211,13.211,13.598,13.598,13.598,13.598,13.598,13.598,14.5,14.5
train,18,data_18.csv,onset_leak,18_3_26,24,3,26,1800,15600,leak_binary,0,13.5,13.5,13.5,13.221,13.221,13.221,13.221,13.221,13.221,13.211,13.211,13.211,13.211,13.211,13.211,13.598,13.598,13.598,13.598,13.598,13.598,14.5,14.5,14.5
train,18,data_18.csv,onset_leak,18_4_27,24,4,27,2400,16200,leak_binary,0,13.5,13.5,13.221,13.221,13.221,13.221,13.221,13.221,13.211,13.211,13.211,13.211,13.211,13.211,13.598,13.598,13.598,13.598,13.598,13.598,14.5,14.5,14.5,14.5
train,18,data_18.csv,onset_leak,18_5_28,24,5,28,3000,16800,leak_binary,0,13.5,13.221,13.221,13.221,13.221,13.221,13.221,13.211,13.211,13.211,13.211,13.211,13.211,13.598,13.598,13.598,13.598,13.598,13.598,14.5,14.5,14.5,14.5,14.5
train,18,data_18.csv,onset_leak,18_6_29,24,6,29,3600,17400,leak_binary,0,13.221,13.221,13.221,13.221,13.221,13.221,13.211,13.211,13.211,13.211,13.211,13.211,13.598,13.598,13.598,13.598,13.598,13.598,14.5,14.5,14.5,14.5,14.5,14.5
train,18,data_18.csv,onset_leak,18_7_30,24,7,30,4200,18000,leak_binary,0,13.221,13.221,13.221,13.221,13.221,13.211,13.211,13.211,13.211,13.211,13.211,13.598,13.598,13.598,13.598,13.598,13.598,14.5,14.5,14.5,14.5,14.5,14.5,15.64
train,18,data_18.csv,onset_leak,18_8_31,24,8,31,4800,18600,leak_binary,0,13.221,13.221,13.221,13.221,13.211,13.211,13.211,13.211,13.211,13.211,13.598,13.598,13.598,13.598,13.598,13.598,14.5,14.5,14.5,14.5,14.5,14.5,15.64,15.64
train,18,data_18.csv,onset_leak,18_9_32,24,9,32,5400,19200,leak_binary,0,13.221,13.221,13.221,13.211,13.211,13.211,13.211,13.211,13.211,13.598,13.598,13.598,13.598,13.598,13.598,14.5,14.5,14.5,14.5,14.5,14.5,15.64,15.64,15.64
train,18,data_18.csv,onset_leak,18_10_33,24,10,33,6000,19800,leak_binary,0,13.221,13.221,13.211,13.211,13.211,13.211,13.211,13.211,13.598,13.598,13.598,13.598,13.598,13.598,14.5,14.5,14.5,14.5,14.5,14.5,15.64,15.64,15.64,15.64
train,18,data_18.csv,onset_leak,18_11_34,24,11,34,6600,20400,leak_binary,0,13.221,13.211,13.211,13.211,13.211,13.211,13.211,13.598,13.598,13.598,13.598,13.598,13.598,14.5,14.5,14.5,14.5,14.5,14.5,15.64,15.64,15.64,15.64,15.64
train,18,data_18.csv,onset_leak,18_12_35,24,12,35,7200,21000,leak_binary,0,13.211,13.211,13.211,13.211,13.211,13.211,13.598,13.598,13.598,13.598,13.598,13.598,14.5,14.5,14.5,14.5,14.5,14.5,15.64,15.64,15.64,15.64,15.64,15.64
train,18,data_18.csv,onset_leak,18_13_36,24,13,36,7800,21600,leak_binary,0,13.211,13.211,13.211,13.211,13.211,13.598,13.598,13.598,13.598,13.598,13.598,14.5,14.5,14.5,14.5,14.5,14.5,15.64,15.64,15.64,15.64,15.64,15.64,16.838
train,18,data_18.csv,onset_leak,18_14_37,24,14,37,8400,22200,leak_binary,0,13.211,13.211,13.211,13.211,13.598,13.598,13.598,13.598,13.598,13.598,14.5,14.5,14.5,14.5,14.5,14.5,15.64,15.64,15.64,15.64,15.64,15.64,16.838,16.838
train,18,data_18.csv,onset_leak,18_15_38,24,15,38,9000,22800,leak_binary,0,13.211,13.211,13.211,13.598,13.598,13.598,13.598,13.598,13.598,14.5,14.5,14.5,14.5,14.5,14.5,15.64,15.64,15.64,15.64,15.64,15.64,16.838,16.838,16.838
train,18,data_18.csv,onset_leak,18_16_39,24,16,39,9600,23400,leak_binary,0,13.211,13.211,13.598,13.598,13.598,13.598,13.598,13.598,14.5,14.5,14.5,14.5,14.5,14.5,15.64,15.64,15.64,15.64,15.64,15.64,16.838,16.838,16.838,16.838
train,18,data_18.csv,onset_leak,18_17_40,24,17,40,10200,24000,leak_binary,0,13.211,13.598,13.598,13.598,13.598,13.598,13.598,14.5,14.5,14.5,14.5,14.5,14.5,15.64,15.64,15.64,15.64,15.64,15.64,16.838,16.838,16.838,16.838,16.838
train,18,data_18.csv,onset_leak,18_18_41,24,18,41,10800,24600,leak_binary,0,13.598,13.598,13.598,13.598,13.598,13.598,14.5,14.5,14.5,14.5,14.5,14.5,15.64,15.64,15.64,15.64,15.64,15.64,16.838,16.838,16.838,16.838,16.838,16.838
train,18,data_18.csv,onset_leak,18_19_42,24,19,42,11400,25200,leak_binary,0,13.598,13.598,13.598,13.598,13.598,14.5,14.5,14.5,14.5,14.5,14.5,15.64,15.64,15.64,15.64,15.64,15.64,16.838,16.838,16.838,16.838,16.838,16.838,18.368
train,18,data_18.csv,onset_leak,18_20_43,24,20,43,12000,25800,leak_binary,0,13.598,13.598,13.598,13.598,14.5,14.5,14.5,14.5,14.5,14.5,15.64,15.64,15.64,15.64,15.64,15.64,16.838,16.838,16.838,16.838,16.838,16.838,18.368,18.368
train,18,data_18.csv,onset_leak,18_21_44,24,21,44,12600,26400,leak_binary,0,13.598,13.598,13.598,14.5,14.5,14.5,14.5,14.5,14.5,15.64,15.64,15.64,15.64,15.64,15.64,16.838,16.838,16.838,16.838,16.838,16.838,18.368,18.368,18.368
train,18,data_18.csv,onset_leak,18_22_45,24,22,45,13200,27000,leak_binary,0,13.598,13.598,14.5,14.5,14.5,14.5,14.5,14.5,15.64,15.64,15.64,15.64,15.64,15.64,16.838,16.838,16.838,16.838,16.838,16.838,18.368,18.368,18.368,18.368
train,18,data_18.csv,onset_leak,18_23_46,24,23,46,13800,27600,leak_binary,0,13.598,14.5,14.5,14.5,14.5,14.5,14.5,15.64,15.64,15.64,15.64,15.64,15.64,16.838,16.838,16.838,16.838,16.838,16.838,18.368,18.368,18.368,18.368,18.368
train,18,data_18.csv,onset_leak,18_24_47,24,24,47,14400,28200,leak_binary,0,14.5,14.5,14.5,14.5,14.5,14.5,15.64,15.64,15.64,15.64,15.64,15.64,16.838,16.838,16.838,16.838,16.838,16.838,18.368,18.368,18.368,18.368,18.368,18.368
train,18,data_18.csv,onset_leak,18_25_48,24,25,48,15000,28800,leak_binary,0,14.5,14.5,14.5,14.5,14.5,15.64,15.64,15.64,15.64,15.64,15.64,16.838,16.838,16.838,16.838,16.838,16.838,18.368,18.368,18.368,18.368,18.368,18.368,20.5
train,18,data_18.csv,onset_leak,18_26_49,24,26,49,15600,29400,leak_binary,0,14.5,14.5,14.5,14.5,15.64,15.64,15.64,15.64,15.64,15.64,16.838,16.838,16.838,16.838,16.838,16.838,18.368,18.368,18.368,18.368,18.368,18.368,20.5,20.5
train,18,data_18.csv,onset_leak,18_27_50,24,27,50,16200,30000,leak_binary,0,14.5,14.5,14.5,15.64,15.64,15.64,15.64,15.64,15.64,16.838,16.838,16.838,16.838,16.838,16.838,18.368,18.368,18.368,18.368,18.368,18.368,20.5,20.5,20.5
train,18,data_18.csv,onset_leak,18_28_51,24,28,51,16800,30600,leak_binary,0,14.5,14.5,15.64,15.64,15.64,15.64,15.64,15.64,16.838,16.838,16.838,16.838,16.838,16.838,18.368,18.368,18.368,18.368,18.368,18.368,20.5,20.5,20.5,20.5
train,18,data_18.csv,onset_leak,18_29_52,24,29,52,17400,31200,leak_binary,0,14.5,15.64,15.64,15.64,15.64,15.64,15.64,16.838,16.838,16.838,16.838,16.838,16.838,18.368,18.368,18.368,18.368,18.368,18.368,20.5,20.5,20.5,20.5,20.5
train,18,data_18.csv,onset_leak,18_30_53,24,30,53,18000,31800,leak_binary,0,15.64,15.64,15.64,15.64,15.64,15.64,16.838,16.838,16.838,16.838,16.838,16.838,18.368,18.368,18.368,18.368,18.368,18.368,20.5,20.5,20.5,20.5,20.5,20.5
train,18,data_18.csv,onset_leak,18_31_54,24,31,54,18600,32400,leak_binary,0,15.64,15.64,15.64,15.64,15.64,16.838,16.838,16.838,16.838,16.838,16.838,18.368,18.368,18.368,18.368,18.368,18.368,20.5,20.5,20.5,20.5,20.5,20.5,33.419
train,18,data_18.csv,onset_leak,18_32_55,24,32,55,19200,33000,leak_binary,0,15.64,15.64,15.64,15.64,16.838,16.838,16.838,16.838,16.838,16.838,18.368,18.368,18.368,18.368,18.368,18.368,20.5,20.5,20.5,20.5,20.5,20.5,33.419,33.419
train,18,data_18.csv,onset_leak,18_33_56,24,33,56,19800,33600,leak_binary,0,15.64,15.64,15.64,16.838,16.838,16.838,16.838,16.838,16.838,18.368,18.368,18.368,18.368,18.368,18.368,20.5,20.5,20.5,20.5,20.5,20.5,33.419,33.419,33.419
train,18,data_18.csv,onset_leak,18_34_57,24,34,57,20400,34200,leak_binary,0,15.64,15.64,16.838,16.838,16.838,16.838,16.838,16.838,18.368,18.368,18.368,18.368,18.368,18.368,20.5,20.5,20.5,20.5,20.5,20.5,33.419,33.419,33.419,33.419
train,18,data_18.csv,onset_leak,18_35_58,24,35,58,21000,34800,leak_binary,0,15.64,16.838,16.838,16.838,16.838,16.838,16.838,18.368,18.368,18.368,18.368,18.368,18.368,20.5,20.5,20.5,20.5,20.5,20.5,33.419,33.419,33.419,33.419,33.419
train,18,data_18.csv,onset_leak,18_36_59,24,36,59,21600,35400,leak_binary,0,16.838,16.838,16.838,16.838,16.838,16.838,18.368,18.368,18.368,18.368,18.368,18.368,20.5,20.5,20.5,20.5,20.5,20.5,33.419,33.419,33.419,33.419,33.419,33.419
train,18,data_18.csv,onset_leak,18_37_60,24,37,60,22200,36000,leak_binary,0,16.838,16.838,16.838,16.838,16.838,18.368,18.368,18.368,18.368,18.368,18.368,20.5,20.5,20.5,20.5,20.5,20.5,33.419,33.419,33.419,33.419,33.419,33.419,54.766
train,18,data_18.csv,onset_leak,18_38_61,24,38,61,22800,36600,leak_binary,0,16.838,16.838,16.838,16.838,18.368,18.368,18.368,18.368,18.368,18.368,20.5,20.5,20.5,20.5,20.5,20.5,33.419,33.419,33.419,33.419,33.419,33.419,54.766,54.766
train,18,data_18.csv,onset_leak,18_39_62,24,39,62,23400,37200,leak_binary,0,16.838,16.838,16.838,18.368,18.368,18.368,18.368,18.368,18.368,20.5,20.5,20.5,20.5,20.5,20.5,33.419,33.419,33.419,33.419,33.419,33.419,54.766,54.766,54.766
train,18,data_18.csv,onset_leak,18_40_63,24,40,63,24000,37800,leak_binary,0,16.838,16.838,18.368,18.368,18.368,18.368,18.368,18.368,20.5,20.5,20.5,20.5,20.5,20.5,33.419,33.419,33.419,33.419,33.419,33.419,54.766,54.766,54.766,54.766
train,18,data_18.csv,onset_leak,18_41_64,24,41,64,24600,38400,leak_binary,0,16.838,18.368,18.368,18.368,18.368,18.368,18.368,20.5,20.5,20.5,20.5,20.5,20.5,33.419,33.419,33.419,33.419,33.419,33.419,54.766,54.766,54.766,54.766,54.766
train,18,data_18.csv,onset_leak,18_42_65,24,42,65,25200,39000,leak_binary,0,18.368,18.368,18.368,18.368,18.368,18.368,20.5,20.5,20.5,20.5,20.5,20.5,33.419,33.419,33.419,33.419,33.419,33.419,54.766,54.766,54.766,54.766,54.766,54.766
train,18,data_18.csv,onset_leak,18_43_66,24,43,66,25800,39600,leak_binary,0,18.368,18.368,18.368,18.368,18.368,20.5,20.5,20.5,20.5,20.5,20.5,33.419,33.419,33.419,33.419,33.419,33.419,54.766,54.766,54.766,54.766,54.766,54.766,66.0
train,18,data_18.csv,onset_leak,18_44_67,24,44,67,26400,40200,leak_binary,0,18.368,18.368,18.368,18.368,20.5,20.5,20.5,20.5,20.5,20.5,33.419,33.419,33.419,33.419,33.419,33.419,54.766,54.766,54.766,54.766,54.766,54.766,66.0,66.0
train,18,data_18.csv,onset_leak,18_45_68,24,45,68,27000,40800,leak_binary,0,18.368,18.368,18.368,20.5,20.5,20.5,20.5,20.5,20.5,33.419,33.419,33.419,33.419,33.419,33.419,54.766,54.766,54.766,54.766,54.766,54.766,66.0,66.0,66.0
train,18,data_18.csv,onset_leak,18_46_69,24,46,69,27600,41400,leak_binary,0,18.368,18.368,20.5,20.5,20.5,20.5,20.5,20.5,33.419,33.419,33.419,33.419,33.419,33.419,54.766,54.766,54.766,54.766,54.766,54.766,66.0,66.0,66.0,66.0
train,18,data_18.csv,onset_leak,18_47_70,24,47,70,28200,42000,leak_binary,0,18.368,20.5,20.5,20.5,20.5,20.5,20.5,33.419,33.419,33.419,33.419,33.419,33.419,54.766,54.766,54.766,54.766,54.766,54.766,66.0,66.0,66.0,66.0,66.0
train,18,data_18.csv,onset_leak,18_48_71,24,48,71,28800,42600,leak_binary,0,20.5,20.5,20.5,20.5,20.5,20.5,33.419,33.419,33.419,33.419,33.419,33.419,54.766,54.766,54.766,54.766,54.766,54.766,66.0,66.0,66.0,66.0,66.0,66.0
train,18,data_18.csv,onset_leak,18_49_72,24,49,72,29400,43200,leak_binary,1,20.5,20.5,20.5,20.5,20.5,33.419,33.419,33.419,33.419,33.419,33.419,54.766,54.766,54.766,54.766,54.766,54.766,66.0,66.0,66.0,66.0,66.0,66.0,62.802
train,18,data_18.csv,onset_leak,18_50_73,24,50,73,30000,43800,leak_binary,1,20.5,20.5,20.5,20.5,33.419,33.419,33.419,33.419,33.419,33.419,54.766,54.766,54.766,54.766,54.766,54.766,66.0,66.0,66.0,66.0,66.0,66.0,62.802,62.802
train,18,data_18.csv,onset_leak,18_51_74,24,51,74,30600,44400,leak_binary,1,20.5,20.5,20.5,33.419,33.419,33.419,33.419,33.419,33.419,54.766,54.766,54.766,54.766,54.766,54.766,66.0,66.0,66.0,66.0,66.0,66.0,62.802,62.802,62.802
train,18,data_18.csv,onset_leak,18_52_75,24,52,75,31200,45000,leak_binary,1,20.5,20.5,33.419,33.419,33.419,33.419,33.419,33.419,54.766,54.766,54.766,54.766,54.766,54.766,66.0,66.0,66.0,66.0,66.0,66.0,62.802,62.802,62.802,62.802
train,18,data_18.csv,onset_leak,18_53_76,24,53,76,31800,45600,leak_binary,1,20.5,33.419,33.419,33.419,33.419,33.419,33.419,54.766,54.766,54.766,54.766,54.766,54.766,66.0,66.0,66.0,66.0,66.0,66.0,62.802,62.802,62.802,62.802,62.802
train,18,data_18.csv,onset_leak,18_54_77,24,54,77,32400,46200,leak_binary,1,33.419,33.419,33.419,33.419,33.419,33.419,54.766,54.766,54.766,54.766,54.766,54.766,66.0,66.0,66.0,66.0,66.0,66.0,62.802,62.802,62.802,62.802,62.802,62.802
train,18,data_18.csv,onset_leak,18_55_78,24,55,78,33000,46800,leak_binary,1,33.419,33.419,33.419,33.419,33.419,54.766,54.766,54.766,54.766,54.766,54.766,66.0,66.0,66.0,66.0,66.0,66.0,62.802,62.802,62.802,62.802,62.802,62.802,56.602
train,18,data_18.csv,onset_leak,18_56_79,24,56,79,33600,47400,leak_binary,1,33.419,33.419,33.419,33.419,54.766,54.766,54.766,54.766,54.766,54.766,66.0,66.0,66.0,66.0,66.0,66.0,62.802,62.802,62.802,62.802,62.802,62.802,56.602,56.602
train,18,data_18.csv,onset_leak,18_57_80,24,57,80,34200,48000,leak_binary,1,33.419,33.419,33.419,54.766,54.766,54.766,54.766,54.766,54.766,66.0,66.0,66.0,66.0,66.0,66.0,62.802,62.802,62.802,62.802,62.802,62.802,56.602,56.602,56.602
train,18,data_18.csv,onset_leak,18_58_81,24,58,81,34800,48600,leak_binary,1,33.419,33.419,54.766,54.766,54.766,54.766,54.766,54.766,66.0,66.0,66.0,66.0,66.0,66.0,62.802,62.802,62.802,62.802,62.802,62.802,56.602,56.602,56.602,56.602
train,18,data_18.csv,onset_leak,18_59_82,24,59,82,35400,49200,leak_binary,1,33.419,54.766,54.766,54.766,54.766,54.766,54.766,66.0,66.0,66.0,66.0,66.0,66.0,62.802,62.802,62.802,62.802,62.802,62.802,56.602,56.602,56.602,56.602,56.602
train,18,data_18.csv,onset_leak,18_60_83,24,60,83,36000,49800,leak_binary,1,54.766,54.766,54.766,54.766,54.766,54.766,66.0,66.0,66.0,66.0,66.0,66.0,62.802,62.802,62.802,62.802,62.802,62.802,56.602,56.602,56.602,56.602,56.602,56.602
train,18,data_18.csv,onset_leak,18_61_84,24,61,84,36600,50400,leak_binary,1,54.766,54.766,54.766,54.766,54.766,66.0,66.0,66.0,66.0,66.0,66.0,62.802,62.802,62.802,62.802,62.802,62.802,56.602,56.602,56.602,56.602,56.602,56.602,52.5
train,18,data_18.csv,onset_leak,18_62_85,24,62,85,37200,51000,leak_binary,1,54.766,54.766,54.766,54.766,66.0,66.0,66.0,66.0,66.0,66.0,62.802,62.802,62.802,62.802,62.802,62.802,56.602,56.602,56.602,56.602,56.602,56.602,52.5,52.5
train,18,data_18.csv,onset_leak,18_63_86,24,63,86,37800,51600,leak_binary,1,54.766,54.766,54.766,66.0,66.0,66.0,66.0,66.0,66.0,62.802,62.802,62.802,62.802,62.802,62.802,56.602,56.602,56.602,56.602,56.602,56.602,52.5,52.5,52.5
train,18,data_18.csv,onset_leak,18_64_87,24,64,87,38400,52200,leak_binary,1,54.766,54.766,66.0,66.0,66.0,66.0,66.0,66.0,62.802,62.802,62.802,62.802,62.802,62.802,56.602,56.602,56.602,56.602,56.602,56.602,52.5,52.5,52.5,52.5
train,18,data_18.csv,onset_leak,18_65_88,24,65,88,39000,52800,leak_binary,1,54.766,66.0,66.0,66.0,66.0,66.0,66.0,62.802,62.802,62.802,62.802,62.802,62.802,56.602,56.602,56.602,56.602,56.602,56.602,52.5,52.5,52.5,52.5,52.5
train,18,data_18.csv,onset_leak,18_66_89,24,66,89,39600,53400,leak_binary,1,66.0,66.0,66.0,66.0,66.0,66.0,62.802,62.802,62.802,62.802,62.802,62.802,56.602,56.602,56.602,56.602,56.602,56.602,52.5,52.5,52.5,52.5,52.5,52.5
train,18,data_18.csv,onset_leak,18_67_90,24,67,90,40200,54000,leak_binary,1,66.0,66.0,66.0,66.0,66.0,62.802,62.802,62.802,62.802,62.802,62.802,56.602,56.602,56.602,56.602,56.602,56.602,52.5,52.5,52.5,52.5,52.5,52.5,54.262
train,18,data_18.csv,onset_leak,18_68_91,24,68,91,40800,54600,leak_binary,1,66.0,66.0,66.0,66.0,62.802,62.802,62.802,62.802,62.802,62.802,56.602,56.602,56.602,56.602,56.602,56.602,52.5,52.5,52.5,52.5,52.5,52.5,54.262,54.262
train,18,data_18.csv,onset_leak,18_69_92,24,69,92,41400,55200,leak_binary,1,66.0,66.0,66.0,62.802,62.802,62.802,62.802,62.802,62.802,56.602,56.602,56.602,56.602,56.602,56.602,52.5,52.5,52.5,52.5,52.5,52.5,54.262,54.262,54.262
train,18,data_18.csv,onset_leak,18_70_93,24,70,93,42000,55800,leak_binary,1,66.0,66.0,62.802,62.802,62.802,62.802,62.802,62.802,56.602,56.602,56.602,56.602,56.602,56.602,52.5,52.5,52.5,52.5,52.5,52.5,54.262,54.262,54.262,54.262
train,18,data_18.csv,onset_leak,18_71_94,24,71,94,42600,56400,leak_binary,1,66.0,62.802,62.802,62.802,62.802,62.802,62.802,56.602,56.602,56.602,56.602,56.602,56.602,52.5,52.5,52.5,52.5,52.5,52.5,54.262,54.262,54.262,54.262,54.262
train,18,data_18.csv,onset_leak,18_72_95,24,72,95,43200,57000,leak_binary,1,62.802,62.802,62.802,62.802,62.802,62.802,56.602,56.602,56.602,56.602,56.602,56.602,52.5,52.5,52.5,52.5,52.5,52.5,54.262,54.262,54.262,54.262,54.262,54.262
train,18,data_18.csv,onset_leak,18_73_96,24,73,96,43800,57600,leak_binary,1,62.802,62.802,62.802,62.802,62.802,56.602,56.602,56.602,56.602,56.602,56.602,52.5,52.5,52.5,52.5,52.5,52.5,54.262,54.262,54.262,54.262,54.262,54.262,59.722
train,18,data_18.csv,onset_leak,18_74_97,24,74,97,44400,58200,leak_binary,1,62.802,62.802,62.802,62.802,56.602,56.602,56.602,56.602,56.602,56.602,52.5,52.5,52.5,52.5,52.5,52.5,54.262,54.262,54.262,54.262,54.262,54.262,59.722,59.722
train,18,data_18.csv,onset_leak,18_75_98,24,75,98,45000,58800,leak_binary,1,62.802,62.802,62.802,56.602,56.602,56.602,56.602,56.602,56.602,52.5,52.5,52.5,52.5,52.5,52.5,54.262,54.262,54.262,54.262,54.262,54.262,59.722,59.722,59.722
train,18,data_18.csv,onset_leak,18_76_99,24,76,99,45600,59400,leak_binary,1,62.802,62.802,56.602,56.602,56.602,56.602,56.602,56.602,52.5,52.5,52.5,52.5,52.5,52.5,54.262,54.262,54.262,54.262,54.262,54.262,59.722,59.722,59.722,59.722
train,18,data_18.csv,onset_leak,18_77_100,24,77,100,46200,60000,leak_binary,1,62.802,56.602,56.602,56.602,56.602,56.602,56.602,52.5,52.5,52.5,52.5,52.5,52.5,54.262,54.262,54.262,54.262,54.262,54.262,59.722,59.722,59.722,59.722,59.722
train,18,data_18.csv,onset_leak,18_78_101,24,78,101,46800,60600,leak_binary,1,56.602,56.602,56.602,56.602,56.602,56.602,52.5,52.5,52.5,52.5,52.5,52.5,54.262,54.262,54.262,54.262,54.262,54.262,59.722,59.722,59.722,59.722,59.722,59.722
train,18,data_18.csv,onset_leak,18_79_102,24,79,102,47400,61200,leak_binary,1,56.602,56.602,56.602,56.602,56.602,52.5,52.5,52.5,52.5,52.5,52.5,54.262,54.262,54.262,54.262,54.262,54.262,59.722,59.722,59.722,59.722,59.722,59.722,65.071
train,18,data_18.csv,onset_leak,18_80_103,24,80,103,48000,61800,leak_binary,1,56.602,56.602,56.602,56.602,52.5,52.5,52.5,52.5,52.5,52.5,54.262,54.262,54.262,54.262,54.262,54.262,59.722,59.722,59.722,59.722,59.722,59.722,65.071,65.071
train,18,data_18.csv,onset_leak,18_81_104,24,81,104,48600,62400,leak_binary,1,56.602,56.602,56.602,52.5,52.5,52.5,52.5,52.5,52.5,54.262,54.262,54.262,54.262,54.262,54.262,59.722,59.722,59.722,59.722,59.722,59.722,65.071,65.071,65.071
train,18,data_18.csv,onset_leak,18_82_105,24,82,105,49200,63000,leak_binary,1,56.602,56.602,52.5,52.5,52.5,52.5,52.5,52.5,54.262,54.262,54.262,54.262,54.262,54.262,59.722,59.722,59.722,59.722,59.722,59.722,65.071,65.071,65.071,65.071
train,18,data_18.csv,onset_leak,18_83_106,24,83,106,49800,63600,leak_binary,1,56.602,52.5,52.5,52.5,52.5,52.5,52.5,54.262,54.262,54.262,54.262,54.262,54.262,59.722,59.722,59.722,59.722,59.722,59.722,65.071,65.071,65.071,65.071,65.071
train,18,data_18.csv,onset_leak,18_84_107,24,84,107,50400,64200,leak_binary,1,52.5,52.5,52.5,52.5,52.5,52.5,54.262,54.262,54.262,54.262,54.262,54.262,59.722,59.722,59.722,59.722,59.722,59.722,65.071,65.071,65.071,65.071,65.071,65.071
train,18,data_18.csv,onset_leak,18_85_108,24,85,108,51000,64800,leak_binary,1,52.5,52.5,52.5,52.5,52.5,54.262,54.262,54.262,54.262,54.262,54.262,59.722,59.722,59.722,59.722,59.722,59.722,65.071,65.071,65.071,65.071,65.071,65.071,66.5
train,18,data_18.csv,onset_leak,18_86_109,24,86,109,51600,65400,leak_binary,1,52.5,52.5,52.5,52.5,54.262,54.262,54.262,54.262,54.262,54.262,59.722,59.722,59.722,59.722,59.722,59.722,65.071,65.071,65.071,65.071,65.071,65.071,66.5,66.5
train,18,data_18.csv,onset_leak,18_87_110,24,87,110,52200,66000,leak_binary,1,52.5,52.5,52.5,54.262,54.262,54.262,54.262,54.262,54.262,59.722,59.722,59.722,59.722,59.722,59.722,65.071,65.071,65.071,65.071,65.071,65.071,66.5,66.5,66.5
train,18,data_18.csv,onset_leak,18_88_111,24,88,111,52800,66600,leak_binary,1,52.5,52.5,54.262,54.262,54.262,54.262,54.262,54.262,59.722,59.722,59.722,59.722,59.722,59.722,65.071,65.071,65.071,65.071,65.071,65.071,66.5,66.5,66.5,66.5
train,18,data_18.csv,onset_leak,18_89_112,24,89,112,53400,67200,leak_binary,1,52.5,54.262,54.262,54.262,54.262,54.262,54.262,59.722,59.722,59.722,59.722,59.722,59.722,65.071,65.071,65.071,65.071,65.071,65.071,66.5,66.5,66.5,66.5,66.5
train,18,data_18.csv,onset_leak,18_90_113,24,90,113,54000,67800,leak_binary,1,54.262,54.262,54.262,54.262,54.262,54.262,59.722,59.722,59.722,59.722,59.722,59.722,65.071,65.071,65.071,65.071,65.071,65.071,66.5,66.5,66.5,66.5,66.5,66.5
train,18,data_18.csv,onset_leak,18_91_114,24,91,114,54600,68400,leak_binary,1,54.262,54.262,54.262,54.262,54.262,59.722,59.722,59.722,59.722,59.722,59.722,65.071,65.071,65.071,65.071,65.071,65.071,66.5,66.5,66.5,66.5,66.5,66.5,49.757
train,18,data_18.csv,onset_leak,18_92_115,24,92,115,55200,69000,leak_binary,1,54.262,54.262,54.262,54.262,59.722,59.722,59.722,59.722,59.722,59.722,65.071,65.071,65.071,65.071,65.071,65.071,66.5,66.5,66.5,66.5,66.5,66.5,49.757,49.757
train,18,data_18.csv,onset_leak,18_93_116,24,93,116,55800,69600,leak_binary,1,54.262,54.262,54.262,59.722,59.722,59.722,59.722,59.722,59.722,65.071,65.071,65.071,65.071,65.071,65.071,66.5,66.5,66.5,66.5,66.5,66.5,49.757,49.757,49.757
train,18,data_18.csv,onset_leak,18_94_117,24,94,117,56400,70200,leak_binary,1,54.262,54.262,59.722,59.722,59.722,59.722,59.722,59.722,65.071,65.071,65.071,65.071,65.071,65.071,66.5,66.5,66.5,66.5,66.5,66.5,49.757,49.757,49.757,49.757
train,18,data_18.csv,onset_leak,18_95_118,24,95,118,57000,70800,leak_binary,1,54.262,59.722,59.722,59.722,59.722,59.722,59.722,65.071,65.071,65.071,65.071,65.071,65.071,66.5,66.5,66.5,66.5,66.5,66.5,49.757,49.757,49.757,49.757,49.757
train,18,data_18.csv,onset_leak,18_96_119,24,96,119,57600,71400,leak_binary,1,59.722,59.722,59.722,59.722,59.722,59.722,65.071,65.071,65.071,65.071,65.071,65.071,66.5,66.5,66.5,66.5,66.5,66.5,49.757,49.757,49.757,49.757,49.757,49.757
train,18,data_18.csv,onset_leak,18_97_120,24,97,120,58200,72000,leak_binary,1,59.722,59.722,59.722,59.722,59.722,65.071,65.071,65.071,65.071,65.071,65.071,66.5,66.5,66.5,66.5,66.5,66.5,49.757,49.757,49.757,49.757,49.757,49.757,31.0
train,18,data_18.csv,onset_leak,18_98_121,24,98,121,58800,72600,leak_binary,1,59.722,59.722,59.722,59.722,65.071,65.071,65.071,65.071,65.071,65.071,66.5,66.5,66.5,66.5,66.5,66.5,49.757,49.757,49.757,49.757,49.757,49.757,31.0,31.0
train,18,data_18.csv,onset_leak,18_99_122,24,99,122,59400,73200,leak_binary,1,59.722,59.722,59.722,65.071,65.071,65.071,65.071,65.071,65.071,66.5,66.5,66.5,66.5,66.5,66.5,49.757,49.757,49.757,49.757,49.757,49.757,31.0,31.0,31.0
train,18,data_18.csv,onset_leak,18_100_123,24,100,123,60000,73800,leak_binary,1,59.722,59.722,65.071,65.071,65.071,65.071,65.071,65.071,66.5,66.5,66.5,66.5,66.5,66.5,49.757,49.757,49.757,49.757,49.757,49.757,31.0,31.0,31.0,31.0
train,18,data_18.csv,onset_leak,18_101_124,24,101,124,60600,74400,leak_binary,1,59.722,65.071,65.071,65.071,65.071,65.071,65.071,66.5,66.5,66.5,66.5,66.5,66.5,49.757,49.757,49.757,49.757,49.757,49.757,31.0,31.0,31.0,31.0,31.0
train,18,data_18.csv,onset_leak,18_102_125,24,102,125,61200,75000,leak_binary,1,65.071,65.071,65.071,65.071,65.071,65.071,66.5,66.5,66.5,66.5,66.5,66.5,49.757,49.757,49.757,49.757,49.757,49.757,31.0,31.0,31.0,31.0,31.0,31.0
train,18,data_18.csv,onset_leak,18_103_126,24,103,126,61800,75600,leak_binary,1,65.071,65.071,65.071,65.071,65.071,66.5,66.5,66.5,66.5,66.5,66.5,49.757,49.757,49.757,49.757,49.757,49.757,31.0,31.0,31.0,31.0,31.0,31.0,25.819
train,18,data_18.csv,onset_leak,18_104_127,24,104,127,62400,76200,leak_binary,1,65.071,65.071,65.071,65.071,66.5,66.5,66.5,66.5,66.5,66.5,49.757,49.757,49.757,49.757,49.757,49.757,31.0,31.0,31.0,31.0,31.0,31.0,25.819,25.819
train,18,data_18.csv,onset_leak,18_105_128,24,105,128,63000,76800,leak_binary,1,65.071,65.071,65.071,66.5,66.5,66.5,66.5,66.5,66.5,49.757,49.757,49.757,49.757,49.757,49.757,31.0,31.0,31.0,31.0,31.0,31.0,25.819,25.819,25.819
train,18,data_18.csv,onset_leak,18_106_129,24,106,129,63600,77400,leak_binary,1,65.071,65.071,66.5,66.5,66.5,66.5,66.5,66.5,49.757,49.757,49.757,49.757,49.757,49.757,31.0,31.0,31.0,31.0,31.0,31.0,25.819,25.819,25.819,25.819
train,18,data_18.csv,onset_leak,18_107_130,24,107,130,64200,78000,leak_binary,1,65.071,66.5,66.5,66.5,66.5,66.5,66.5,49.757,49.757,49.757,49.757,49.757,49.757,31.0,31.0,31.0,31.0,31.0,31.0,25.819,25.819,25.819,25.819,25.819
train,18,data_18.csv,onset_leak,18_108_131,24,108,131,64800,78600,leak_binary,1,66.5,66.5,66.5,66.5,66.5,66.5,49.757,49.757,49.757,49.757,49.757,49.757,31.0,31.0,31.0,31.0,31.0,31.0,25.819,25.819,25.819,25.819,25.819,25.819
train,18,data_18.csv,onset_leak,18_109_132,24,109,132,65400,79200,leak_binary,1,66.5,66.5,66.5,66.5,66.5,49.757,49.757,49.757,49.757,49.757,49.757,31.0,31.0,31.0,31.0,31.0,31.0,25.819,25.819,25.819,25.819,25.819,25.819,22.299
train,18,data_18.csv,onset_leak,18_110_133,24,110,133,66000,79800,leak_binary,1,66.5,66.5,66.5,66.5,49.757,49.757,49.757,49.757,49.757,49.757,31.0,31.0,31.0,31.0,31.0,31.0,25.819,25.819,25.819,25.819,25.819,25.819,22.299,22.299
train,18,data_18.csv,onset_leak,18_111_134,24,111,134,66600,80400,leak_binary,1,66.5,66.5,66.5,49.757,49.757,49.757,49.757,49.757,49.757,31.0,31.0,31.0,31.0,31.0,31.0,25.819,25.819,25.819,25.819,25.819,25.819,22.299,22.299,22.299
train,18,data_18.csv,onset_leak,18_112_135,24,112,135,67200,81000,leak_binary,1,66.5,66.5,49.757,49.757,49.757,49.757,49.757,49.757,31.0,31.0,31.0,31.0,31.0,31.0,25.819,25.819,25.819,25.819,25.819,25.819,22.299,22.299,22.299,22.299
train,18,data_18.csv,onset_leak,18_113_136,24,113,136,67800,81600,leak_binary,1,66.5,49.757,49.757,49.757,49.757,49.757,49.757,31.0,31.0,31.0,31.0,31.0,31.0,25.819,25.819,25.819,25.819,25.819,25.819,22.299,22.299,22.299,22.299,22.299
train,18,data_18.csv,onset_leak,18_114_137,24,114,137,68400,82200,leak_binary,1,49.757,49.757,49.757,49.757,49.757,49.757,31.0,31.0,31.0,31.0,31.0,31.0,25.819,25.819,25.819,25.819,25.819,25.819,22.299,22.299,22.299,22.299,22.299,22.299
train,18,data_18.csv,onset_leak,18_115_138,24,115,138,69000,82800,leak_binary,1,49.757,49.757,49.757,49.757,49.757,31.0,31.0,31.0,31.0,31.0,31.0,25.819,25.819,25.819,25.819,25.819,25.819,22.299,22.299,22.299,22.299,22.299,22.299,21.0
train,18,data_18.csv,onset_leak,18_116_139,24,116,139,69600,83400,leak_binary,1,49.757,49.757,49.757,49.757,31.0,31.0,31.0,31.0,31.0,31.0,25.819,25.819,25.819,25.819,25.819,25.819,22.299,22.299,22.299,22.299,22.299,22.299,21.0,21.0
train,18,data_18.csv,onset_leak,18_117_140,24,117,140,70200,84000,leak_binary,1,49.757,49.757,49.757,31.0,31.0,31.0,31.0,31.0,31.0,25.819,25.819,25.819,25.819,25.819,25.819,22.299,22.299,22.299,22.299,22.299,22.299,21.0,21.0,21.0
train,18,data_18.csv,onset_leak,18_118_141,24,118,141,70800,84600,leak_binary,1,49.757,49.757,31.0,31.0,31.0,31.0,31.0,31.0,25.819,25.819,25.819,25.819,25.819,25.819,22.299,22.299,22.299,22.299,22.299,22.299,21.0,21.0,21.0,21.0
train,18,data_18.csv,onset_leak,18_119_142,24,119,142,71400,85200,leak_binary,1,49.757,31.0,31.0,31.0,31.0,31.0,31.0,25.819,25.819,25.819,25.819,25.819,25.819,22.299,22.299,22.299,22.299,22.299,22.299,21.0,21.0,21.0,21.0,21.0
train,18,data_18.csv,onset_leak,18_120_143,24,120,143,72000,85800,leak_binary,1,31.0,31.0,31.0,31.0,31.0,31.0,25.819,25.819,25.819,25.819,25.819,25.819,22.299,22.299,22.299,22.299,22.299,22.299,21.0,21.0,21.0,21.0,21.0,21.0
train,18,data_18.csv,onset_leak,18_121_144,24,121,144,72600,86400,leak_binary,1,31.0,31.0,31.0,31.0,31.0,25.819,25.819,25.819,25.819,25.819,25.819,22.299,22.299,22.299,22.299,22.299,22.299,21.0,21.0,21.0,21.0,21.0,21.0,13.5
train,20,data_20.csv,onset_leak,20_0_23,24,0,23,0,13800,leak_binary,0,11.5,11.5,11.5,11.5,11.5,11.5,7.266,7.266,7.266,7.266,7.266,7.266,8.024,8.024,8.024,8.024,8.024,8.024,9.212,9.212,9.212,9.212,9.212,9.212
train,20,data_20.csv,onset_leak,20_1_24,24,1,24,600,14400,leak_binary,0,11.5,11.5,11.5,11.5,11.5,7.266,7.266,7.266,7.266,7.266,7.266,8.024,8.024,8.024,8.024,8.024,8.024,9.212,9.212,9.212,9.212,9.212,9.212,15.266
train,20,data_20.csv,onset_leak,20_2_25,24,2,25,1200,15000,leak_binary,0,11.5,11.5,11.5,11.5,7.266,7.266,7.266,7.266,7.266,7.266,8.024,8.024,8.024,8.024,8.024,8.024,9.212,9.212,9.212,9.212,9.212,9.212,15.266,15.266
train,20,data_20.csv,onset_leak,20_3_26,24,3,26,1800,15600,leak_binary,0,11.5,11.5,11.5,7.266,7.266,7.266,7.266,7.266,7.266,8.024,8.024,8.024,8.024,8.024,8.024,9.212,9.212,9.212,9.212,9.212,9.212,15.266,15.266,15.266
train,20,data_20.csv,onset_leak,20_4_27,24,4,27,2400,16200,leak_binary,0,11.5,11.5,7.266,7.266,7.266,7.266,7.266,7.266,8.024,8.024,8.024,8.024,8.024,8.024,9.212,9.212,9.212,9.212,9.212,9.212,15.266,15.266,15.266,15.266
train,20,data_20.csv,onset_leak,20_5_28,24,5,28,3000,16800,leak_binary,0,11.5,7.266,7.266,7.266,7.266,7.266,7.266,8.024,8.024,8.024,8.024,8.024,8.024,9.212,9.212,9.212,9.212,9.212,9.212,15.266,15.266,15.266,15.266,15.266
train,20,data_20.csv,onset_leak,20_6_29,24,6,29,3600,17400,leak_binary,0,7.266,7.266,7.266,7.266,7.266,7.266,8.024,8.024,8.024,8.024,8.024,8.024,9.212,9.212,9.212,9.212,9.212,9.212,15.266,15.266,15.266,15.266,15.266,15.266
train,20,data_20.csv,onset_leak,20_7_30,24,7,30,4200,18000,leak_binary,0,7.266,7.266,7.266,7.266,7.266,8.024,8.024,8.024,8.024,8.024,8.024,9.212,9.212,9.212,9.212,9.212,9.212,15.266,15.266,15.266,15.266,15.266,15.266,21.622
train,20,data_20.csv,onset_leak,20_8_31,24,8,31,4800,18600,leak_binary,0,7.266,7.266,7.266,7.266,8.024,8.024,8.024,8.024,8.024,8.024,9.212,9.212,9.212,9.212,9.212,9.212,15.266,15.266,15.266,15.266,15.266,15.266,21.622,21.622
train,20,data_20.csv,onset_leak,20_9_32,24,9,32,5400,19200,leak_binary,0,7.266,7.266,7.266,8.024,8.024,8.024,8.024,8.024,8.024,9.212,9.212,9.212,9.212,9.212,9.212,15.266,15.266,15.266,15.266,15.266,15.266,21.622,21.622,21.622
train,20,data_20.csv,onset_leak,20_10_33,24,10,33,6000,19800,leak_binary,0,7.266,7.266,8.024,8.024,8.024,8.024,8.024,8.024,9.212,9.212,9.212,9.212,9.212,9.212,15.266,15.266,15.266,15.266,15.266,15.266,21.622,21.622,21.622,21.622
train,20,data_20.csv,onset_leak,20_11_34,24,11,34,6600,20400,leak_binary,0,7.266,8.024,8.024,8.024,8.024,8.024,8.024,9.212,9.212,9.212,9.212,9.212,9.212,15.266,15.266,15.266,15.266,15.266,15.266,21.622,21.622,21.622,21.622,21.622
train,20,data_20.csv,onset_leak,20_12_35,24,12,35,7200,21000,leak_binary,0,8.024,8.024,8.024,8.024,8.024,8.024,9.212,9.212,9.212,9.212,9.212,9.212,15.266,15.266,15.266,15.266,15.266,15.266,21.622,21.622,21.622,21.622,21.622,21.622
train,20,data_20.csv,onset_leak,20_13_36,24,13,36,7800,21600,leak_binary,0,8.024,8.024,8.024,8.024,8.024,9.212,9.212,9.212,9.212,9.212,9.212,15.266,15.266,15.266,15.266,15.266,15.266,21.622,21.622,21.622,21.622,21.622,21.622,26.722
train,20,data_20.csv,onset_leak,20_14_37,24,14,37,8400,22200,leak_binary,0,8.024,8.024,8.024,8.024,9.212,9.212,9.212,9.212,9.212,9.212,15.266,15.266,15.266,15.266,15.266,15.266,21.622,21.622,21.622,21.622,21.622,21.622,26.722,26.722
train,20,data_20.csv,onset_leak,20_15_38,24,15,38,9000,22800,leak_binary,0,8.024,8.024,8.024,9.212,9.212,9.212,9.212,9.212,9.212,15.266,15.266,15.266,15.266,15.266,15.266,21.622,21.622,21.622,21.622,21.622,21.622,26.722,26.722,26.722
train,20,data_20.csv,onset_leak,20_16_39,24,16,39,9600,23400,leak_binary,0,8.024,8.024,9.212,9.212,9.212,9.212,9.212,9.212,15.266,15.266,15.266,15.266,15.266,15.266,21.622,21.622,21.622,21.622,21.622,21.622,26.722,26.722,26.722,26.722
train,20,data_20.csv,onset_leak,20_17_40,24,17,40,10200,24000,leak_binary,0,8.024,9.212,9.212,9.212,9.212,9.212,9.212,15.266,15.266,15.266,15.266,15.266,15.266,21.622,21.622,21.622,21.622,21.622,21.622,26.722,26.722,26.722,26.722,26.722
train,20,data_20.csv,onset_leak,20_18_41,24,18,41,10800,24600,leak_binary,0,9.212,9.212,9.212,9.212,9.212,9.212,15.266,15.266,15.266,15.266,15.266,15.266,21.622,21.622,21.622,21.622,21.622,21.622,26.722,26.722,26.722,26.722,26.722,26.722
train,20,data_20.csv,onset_leak,20_19_42,24,19,42,11400,25200,leak_binary,0,9.212,9.212,9.212,9.212,9.212,15.266,15.266,15.266,15.266,15.266,15.266,21.622,21.622,21.622,21.622,21.622,21.622,26.722,26.722,26.722,26.722,26.722,26.722,36.5
train,20,data_20.csv,onset_leak,20_20_43,24,20,43,12000,25800,leak_binary,0,9.212,9.212,9.212,9.212,15.266,15.266,15.266,15.266,15.266,15.266,21.622,21.622,21.622,21.622,21.622,21.622,26.722,26.722,26.722,26.722,26.722,26.722,36.5,36.5
train,20,data_20.csv,onset_leak,20_21_44,24,21,44,12600,26400,leak_binary,0,9.212,9.212,9.212,15.266,15.266,15.266,15.266,15.266,15.266,21.622,21.622,21.622,21.622,21.622,21.622,26.722,26.722,26.722,26.722,26.722,26.722,36.5,36.5,36.5
train,20,data_20.csv,onset_leak,20_22_45,24,22,45,13200,27000,leak_binary,0,9.212,9.212,15.266,15.266,15.266,15.266,15.266,15.266,21.622,21.622,21.622,21.622,21.622,21.622,26.722,26.722,26.722,26.722,26.722,26.722,36.5,36.5,36.5,36.5
train,20,data_20.csv,onset_leak,20_23_46,24,23,46,13800,27600,leak_binary,0,9.212,15.266,15.266,15.266,15.266,15.266,15.266,21.622,21.622,21.622,21.622,21.622,21.622,26.722,26.722,26.722,26.722,26.722,26.722,36.5,36.5,36.5,36.5,36.5
train,20,data_20.csv,onset_leak,20_24_47,24,24,47,14400,28200,leak_binary,0,15.266,15.266,15.266,15.266,15.266,15.266,21.622,21.622,21.622,21.622,21.622,21.622,26.722,26.722,26.722,26.722,26.722,26.722,36.5,36.5,36.5,36.5,36.5,36.5
train,20,data_20.csv,onset_leak,20_25_48,24,25,48,15000,28800,leak_binary,0,15.266,15.266,15.266,15.266,15.266,21.622,21.622,21.622,21.622,21.622,21.622,26.722,26.722,26.722,26.722,26.722,26.722,36.5,36.5,36.5,36.5,36.5,36.5,48.272
train,20,data_20.csv,onset_leak,20_26_49,24,26,49,15600,29400,leak_binary,0,15.266,15.266,15.266,15.266,21.622,21.622,21.622,21.622,21.622,21.622,26.722,26.722,26.722,26.722,26.722,26.722,36.5,36.5,36.5,36.5,36.5,36.5,48.272,48.272
train,20,data_20.csv,onset_leak,20_27_50,24,27,50,16200,30000,leak_binary,0,15.266,15.266,15.266,21.622,21.622,21.622,21.622,21.622,21.622,26.722,26.722,26.722,26.722,26.722,26.722,36.5,36.5,36.5,36.5,36.5,36.5,48.272,48.272,48.272
train,20,data_20.csv,onset_leak,20_28_51,24,28,51,16800,30600,leak_binary,0,15.266,15.266,21.622,21.622,21.622,21.622,21.622,21.622,26.722,26.722,26.722,26.722,26.722,26.722,36.5,36.5,36.5,36.5,36.5,36.5,48.272,48.272,48.272,48.272
train,20,data_20.csv,onset_leak,20_29_52,24,29,52,17400,31200,leak_binary,0,15.266,21.622,21.622,21.622,21.622,21.622,21.622,26.722,26.722,26.722,26.722,26.722,26.722,36.5,36.5,36.5,36.5,36.5,36.5,48.272,48.272,48.272,48.272,48.272
train,20,data_20.csv,onset_leak,20_30_53,24,30,53,18000,31800,leak_binary,0,21.622,21.622,21.622,21.622,21.622,21.622,26.722,26.722,26.722,26.722,26.722,26.722,36.5,36.5,36.5,36.5,36.5,36.5,48.272,48.272,48.272,48.272,48.272,48.272
train,20,data_20.csv,onset_leak,20_31_54,24,31,54,18600,32400,leak_binary,0,21.622,21.622,21.622,21.622,21.622,26.722,26.722,26.722,26.722,26.722,26.722,36.5,36.5,36.5,36.5,36.5,36.5,48.272,48.272,48.272,48.272,48.272,48.272,52.514
train,20,data_20.csv,onset_leak,20_32_55,24,32,55,19200,33000,leak_binary,0,21.622,21.622,21.622,21.622,26.722,26.722,26.722,26.722,26.722,26.722,36.5,36.5,36.5,36.5,36.5,36.5,48.272,48.272,48.272,48.272,48.272,48.272,52.514,52.514
train,20,data_20.csv,onset_leak,20_33_56,24,33,56,19800,33600,leak_binary,0,21.622,21.622,21.622,26.722,26.722,26.722,26.722,26.722,26.722,36.5,36.5,36.5,36.5,36.5,36.5,48.272,48.272,48.272,48.272,48.272,48.272,52.514,52.514,52.514
train,20,data_20.csv,onset_leak,20_34_57,24,34,57,20400,34200,leak_binary,0,21.622,21.622,26.722,26.722,26.722,26.722,26.722,26.722,36.5,36.5,36.5,36.5,36.5,36.5,48.272,48.272,48.272,48.272,48.272,48.272,52.514,52.514,52.514,52.514
train,20,data_20.csv,onset_leak,20_35_58,24,35,58,21000,34800,leak_binary,0,21.622,26.722,26.722,26.722,26.722,26.722,26.722,36.5,36.5,36.5,36.5,36.5,36.5,48.272,48.272,48.272,48.272,48.272,48.272,52.514,52.514,52.514,52.514,52.514
train,20,data_20.csv,onset_leak,20_36_59,24,36,59,21600,35400,leak_binary,0,26.722,26.722,26.722,26.722,26.722,26.722,36.5,36.5,36.5,36.5,36.5,36.5,48.272,48.272,48.272,48.272,48.272,48.272,52.514,52.514,52.514,52.514,52.514,52.514
train,20,data_20.csv,onset_leak,20_37_60,24,37,60,22200,36000,leak_binary,0,26.722,26.722,26.722,26.722,26.722,36.5,36.5,36.5,36.5,36.5,36.5,48.272,48.272,48.272,48.272,48.272,48.272,52.514,52.514,52.514,52.514,52.514,52.514,58.404
train,20,data_20.csv,onset_leak,20_38_61,24,38,61,22800,36600,leak_binary,0,26.722,26.722,26.722,26.722,36.5,36.5,36.5,36.5,36.5,36.5,48.272,48.272,48.272,48.272,48.272,48.272,52.514,52.514,52.514,52.514,52.514,52.514,58.404,58.404
train,20,data_20.csv,onset_leak,20_39_62,24,39,62,23400,37200,leak_binary,0,26.722,26.722,26.722,36.5,36.5,36.5,36.5,36.5,36.5,48.272,48.272,48.272,48.272,48.272,48.272,52.514,52.514,52.514,52.514,52.514,52.514,58.404,58.404,58.404
train,20,data_20.csv,onset_leak,20_40_63,24,40,63,24000,37800,leak_binary,0,26.722,26.722,36.5,36.5,36.5,36.5,36.5,36.5,48.272,48.272,48.272,48.272,48.272,48.272,52.514,52.514,52.514,52.514,52.514,52.514,58.404,58.404,58.404,58.404
train,20,data_20.csv,onset_leak,20_41_64,24,41,64,24600,38400,leak_binary,0,26.722,36.5,36.5,36.5,36.5,36.5,36.5,48.272,48.272,48.272,48.272,48.272,48.272,52.514,52.514,52.514,52.514,52.514,52.514,58.404,58.404,58.404,58.404,58.404
train,20,data_20.csv,onset_leak,20_42_65,24,42,65,25200,39000,leak_binary,0,36.5,36.5,36.5,36.5,36.5,36.5,48.272,48.272,48.272,48.272,48.272,48.272,52.514,52.514,52.514,52.514,52.514,52.514,58.404,58.404,58.404,58.404,58.404,58.404
train,20,data_20.csv,onset_leak,20_43_66,24,43,66,25800,39600,leak_binary,0,36.5,36.5,36.5,36.5,36.5,48.272,48.272,48.272,48.272,48.272,48.272,52.514,52.514,52.514,52.514,52.514,52.514,58.404,58.404,58.404,58.404,58.404,58.404,73.62
train,20,data_20.csv,onset_leak,20_44_67,24,44,67,26400,40200,leak_binary,0,36.5,36.5,36.5,36.5,48.272,48.272,48.272,48.272,48.272,48.272,52.514,52.514,52.514,52.514,52.514,52.514,58.404,58.404,58.404,58.404,58.404,58.404,73.62,73.62
train,20,data_20.csv,onset_leak,20_45_68,24,45,68,27000,40800,leak_binary,0,36.5,36.5,36.5,48.272,48.272,48.272,48.272,48.272,48.272,52.514,52.514,52.514,52.514,52.514,52.514,58.404,58.404,58.404,58.404,58.404,58.404,73.62,73.62,73.62
train,20,data_20.csv,onset_leak,20_46_69,24,46,69,27600,41400,leak_binary,0,36.5,36.5,48.272,48.272,48.272,48.272,48.272,48.272,52.514,52.514,52.514,52.514,52.514,52.514,58.404,58.404,58.404,58.404,58.404,58.404,73.62,73.62,73.62,73.62
train,20,data_20.csv,onset_leak,20_47_70,24,47,70,28200,42000,leak_binary,0,36.5,48.272,48.272,48.272,48.272,48.272,48.272,52.514,52.514,52.514,52.514,52.514,52.514,58.404,58.404,58.404,58.404,58.404,58.404,73.62,73.62,73.62,73.62,73.62
train,20,data_20.csv,onset_leak,20_48_71,24,48,71,28800,42600,leak_binary,0,48.272,48.272,48.272,48.272,48.272,48.272,52.514,52.514,52.514,52.514,52.514,52.514,58.404,58.404,58.404,58.404,58.404,58.404,73.62,73.62,73.62,73.62,73.62,73.62
train,20,data_20.csv,onset_leak,20_49_72,24,49,72,29400,43200,leak_binary,1,48.272,48.272,48.272,48.272,48.272,52.514,52.514,52.514,52.514,52.514,52.514,58.404,58.404,58.404,58.404,58.404,58.404,73.62,73.62,73.62,73.62,73.62,73.62,84.838
train,20,data_20.csv,onset_leak,20_50_73,24,50,73,30000,43800,leak_binary,1,48.272,48.272,48.272,48.272,52.514,52.514,52.514,52.514,52.514,52.514,58.404,58.404,58.404,58.404,58.404,58.404,73.62,73.62,73.62,73.62,73.62,73.62,84.838,84.838
train,20,data_20.csv,onset_leak,20_51_74,24,51,74,30600,44400,leak_binary,1,48.272,48.272,48.272,52.514,52.514,52.514,52.514,52.514,52.514,58.404,58.404,58.404,58.404,58.404,58.404,73.62,73.62,73.62,73.62,73.62,73.62,84.838,84.838,84.838
train,20,data_20.csv,onset_leak,20_52_75,24,52,75,31200,45000,leak_binary,1,48.272,48.272,52.514,52.514,52.514,52.514,52.514,52.514,58.404,58.404,58.404,58.404,58.404,58.404,73.62,73.62,73.62,73.62,73.62,73.62,84.838,84.838,84.838,84.838
train,20,data_20.csv,onset_leak,20_53_76,24,53,76,31800,45600,leak_binary,1,48.272,52.514,52.514,52.514,52.514,52.514,52.514,58.404,58.404,58.404,58.404,58.404,58.404,73.62,73.62,73.62,73.62,73.62,73.62,84.838,84.838,84.838,84.838,84.838
train,20,data_20.csv,onset_leak,20_54_77,24,54,77,32400,46200,leak_binary,1,52.514,52.514,52.514,52.514,52.514,52.514,58.404,58.404,58.404,58.404,58.404,58.404,73.62,73.62,73.62,73.62,73.62,73.62,84.838,84.838,84.838,84.838,84.838,84.838
train,20,data_20.csv,onset_leak,20_55_78,24,55,78,33000,46800,leak_binary,1,52.514,52.514,52.514,52.514,52.514,58.404,58.404,58.404,58.404,58.404,58.404,73.62,73.62,73.62,73.62,73.62,73.62,84.838,84.838,84.838,84.838,84.838,84.838,84.74
train,20,data_20.csv,onset_leak,20_56_79,24,56,79,33600,47400,leak_binary,1,52.514,52.514,52.514,52.514,58.404,58.404,58.404,58.404,58.404,58.404,73.62,73.62,73.62,73.62,73.62,73.62,84.838,84.838,84.838,84.838,84.838,84.838,84.74,84.74
train,20,data_20.csv,onset_leak,20_57_80,24,57,80,34200,48000,leak_binary,1,52.514,52.514,52.514,58.404,58.404,58.404,58.404,58.404,58.404,73.62,73.62,73.62,73.62,73.62,73.62,84.838,84.838,84.838,84.838,84.838,84.838,84.74,84.74,84.74
train,20,data_20.csv,onset_leak,20_58_81,24,58,81,34800,48600,leak_binary,1,52.514,52.514,58.404,58.404,58.404,58.404,58.404,58.404,73.62,73.62,73.62,73.62,73.62,73.62,84.838,84.838,84.838,84.838,84.838,84.838,84.74,84.74,84.74,84.74
train,20,data_20.csv,onset_leak,20_59_82,24,59,82,35400,49200,leak_binary,1,52.514,58.404,58.404,58.404,58.404,58.404,58.404,73.62,73.62,73.62,73.62,73.62,73.62,84.838,84.838,84.838,84.838,84.838,84.838,84.74,84.74,84.74,84.74,84.74
train,20,data_20.csv,onset_leak,20_60_83,24,60,83,36000,49800,leak_binary,1,58.404,58.404,58.404,58.404,58.404,58.404,73.62,73.62,73.62,73.62,73.62,73.62,84.838,84.838,84.838,84.838,84.838,84.838,84.74,84.74,84.74,84.74,84.74,84.74
train,20,data_20.csv,onset_leak,20_61_84,24,61,84,36600,50400,leak_binary,1,58.404,58.404,58.404,58.404,58.404,73.62,73.62,73.62,73.62,73.62,73.62,84.838,84.838,84.838,84.838,84.838,84.838,84.74,84.74,84.74,84.74,84.74,84.74,75.0
train,20,data_20.csv,onset_leak,20_62_85,24,62,85,37200,51000,leak_binary,1,58.404,58.404,58.404,58.404,73.62,73.62,73.62,73.62,73.62,73.62,84.838,84.838,84.838,84.838,84.838,84.838,84.74,84.74,84.74,84.74,84.74,84.74,75.0,75.0
train,20,data_20.csv,onset_leak,20_63_86,24,63,86,37800,51600,leak_binary,1,58.404,58.404,58.404,73.62,73.62,73.62,73.62,73.62,73.62,84.838,84.838,84.838,84.838,84.838,84.838,84.74,84.74,84.74,84.74,84.74,84.74,75.0,75.0,75.0
train,20,data_20.csv,onset_leak,20_64_87,24,64,87,38400,52200,leak_binary,1,58.404,58.404,73.62,73.62,73.62,73.62,73.62,73.62,84.838,84.838,84.838,84.838,84.838,84.838,84.74,84.74,84.74,84.74,84.74,84.74,75.0,75.0,75.0,75.0
train,20,data_20.csv,onset_leak,20_65_88,24,65,88,39000,52800,leak_binary,1,58.404,73.62,73.62,73.62,73.62,73.62,73.62,84.838,84.838,84.838,84.838,84.838,84.838,84.74,84.74,84.74,84.74,84.74,84.74,75.0,75.0,75.0,75.0,75.0
train,20,data_20.csv,onset_leak,20_66_89,24,66,89,39600,53400,leak_binary,1,73.62,73.62,73.62,73.62,73.62,73.62,84.838,84.838,84.838,84.838,84.838,84.838,84.74,84.74,84.74,84.74,84.74,84.74,75.0,75.0,75.0,75.0,75.0,75.0
train,20,data_20.csv,onset_leak,20_67_90,24,67,90,40200,54000,leak_binary,1,73.62,73.62,73.62,73.62,73.62,84.838,84.838,84.838,84.838,84.838,84.838,84.74,84.74,84.74,84.74,84.74,84.74,75.0,75.0,75.0,75.0,75.0,75.0,65.62
train,20,data_20.csv,onset_leak,20_68_91,24,68,91,40800,54600,leak_binary,1,73.62,73.62,73.62,73.62,84.838,84.838,84.838,84.838,84.838,84.838,84.74,84.74,84.74,84.74,84.74,84.74,75.0,75.0,75.0,75.0,75.0,75.0,65.62,65.62
train,20,data_20.csv,onset_leak,20_69_92,24,69,92,41400,55200,leak_binary,1,73.62,73.62,73.62,84.838,84.838,84.838,84.838,84.838,84.838,84.74,84.74,84.74,84.74,84.74,84.74,75.0,75.0,75.0,75.0,75.0,75.0,65.62,65.62,65.62
train,20,data_20.csv,onset_leak,20_70_93,24,70,93,42000,55800,leak_binary,1,73.62,73.62,84.838,84.838,84.838,84.838,84.838,84.838,84.74,84.74,84.74,84.74,84.74,84.74,75.0,75.0,75.0,75.0,75.0,75.0,65.62,65.62,65.62,65.62
train,20,data_20.csv,onset_leak,20_71_94,24,71,94,42600,56400,leak_binary,1,73.62,84.838,84.838,84.838,84.838,84.838,84.838,84.74,84.74,84.74,84.74,84.74,84.74,75.0,75.0,75.0,75.0,75.0,75.0,65.62,65.62,65.62,65.62,65.62
train,20,data_20.csv,onset_leak,20_72_95,24,72,95,43200,57000,leak_binary,1,84.838,84.838,84.838,84.838,84.838,84.838,84.74,84.74,84.74,84.74,84.74,84.74,75.0,75.0,75.0,75.0,75.0,75.0,65.62,65.62,65.62,65.62,65.62,65.62
train,20,data_20.csv,onset_leak,20_73_96,24,73,96,43800,57600,leak_binary,1,84.838,84.838,84.838,84.838,84.838,84.74,84.74,84.74,84.74,84.74,84.74,75.0,75.0,75.0,75.0,75.0,75.0,65.62,65.62,65.62,65.62,65.62,65.62,60.82
train,20,data_20.csv,onset_leak,20_74_97,24,74,97,44400,58200,leak_binary,1,84.838,84.838,84.838,84.838,84.74,84.74,84.74,84.74,84.74,84.74,75.0,75.0,75.0,75.0,75.0,75.0,65.62,65.62,65.62,65.62,65.62,65.62,60.82,60.82
train,20,data_20.csv,onset_leak,20_75_98,24,75,98,45000,58800,leak_binary,1,84.838,84.838,84.838,84.74,84.74,84.74,84.74,84.74,84.74,75.0,75.0,75.0,75.0,75.0,75.0,65.62,65.62,65.62,65.62,65.62,65.62,60.82,60.82,60.82
train,20,data_20.csv,onset_leak,20_76_99,24,76,99,45600,59400,leak_binary,1,84.838,84.838,84.74,84.74,84.74,84.74,84.74,84.74,75.0,75.0,75.0,75.0,75.0,75.0,65.62,65.62,65.62,65.62,65.62,65.62,60.82,60.82,60.82,60.82
train,20,data_20.csv,onset_leak,20_77_100,24,77,100,46200,60000,leak_binary,1,84.838,84.74,84.74,84.74,84.74,84.74,84.74,75.0,75.0,75.0,75.0,75.0,75.0,65.62,65.62,65.62,65.62,65.62,65.62,60.82,60.82,60.82,60.82,60.82
train,20,data_20.csv,onset_leak,20_78_101,24,78,101,46800,60600,leak_binary,1,84.74,84.74,84.74,84.74,84.74,84.74,75.0,75.0,75.0,75.0,75.0,75.0,65.62,65.62,65.62,65.62,65.62,65.62,60.82,60.82,60.82,60.82,60.82,60.82
train,20,data_20.csv,onset_leak,20_79_102,24,79,102,47400,61200,leak_binary,1,84.74,84.74,84.74,84.74,84.74,75.0,75.0,75.0,75.0,75.0,75.0,65.62,65.62,65.62,65.62,65.62,65.62,60.82,60.82,60.82,60.82,60.82,60.82,54.36
train,20,data_20.csv,onset_leak,20_80_103,24,80,103,48000,61800,leak_binary,1,84.74,84.74,84.74,84.74,75.0,75.0,75.0,75.0,75.0,75.0,65.62,65.62,65.62,65.62,65.62,65.62,60.82,60.82,60.82,60.82,60.82,60.82,54.36,54.36
train,20,data_20.csv,onset_leak,20_81_104,24,81,104,48600,62400,leak_binary,1,84.74,84.74,84.74,75.0,75.0,75.0,75.0,75.0,75.0,65.62,65.62,65.62,65.62,65.62,65.62,60.82,60.82,60.82,60.82,60.82,60.82,54.36,54.36,54.36
train,20,data_20.csv,onset_leak,20_82_105,24,82,105,49200,63000,leak_binary,1,84.74,84.74,75.0,75.0,75.0,75.0,75.0,75.0,65.62,65.62,65.62,65.62,65.62,65.62,60.82,60.82,60.82,60.82,60.82,60.82,54.36,54.36,54.36,54.36
train,20,data_20.csv,onset_leak,20_83_106,24,83,106,49800,63600,leak_binary,1,84.74,75.0,75.0,75.0,75.0,75.0,75.0,65.62,65.62,65.62,65.62,65.62,65.62,60.82,60.82,60.82,60.82,60.82,60.82,54.36,54.36,54.36,54.36,54.36
train,20,data_20.csv,onset_leak,20_84_107,24,84,107,50400,64200,leak_binary,1,75.0,75.0,75.0,75.0,75.0,75.0,65.62,65.62,65.62,65.62,65.62,65.62,60.82,60.82,60.82,60.82,60.82,60.82,54.36,54.36,54.36,54.36,54.36,54.36
train,20,data_20.csv,onset_leak,20_85_108,24,85,108,51000,64800,leak_binary,1,75.0,75.0,75.0,75.0,75.0,65.62,65.62,65.62,65.62,65.62,65.62,60.82,60.82,60.82,60.82,60.82,60.82,54.36,54.36,54.36,54.36,54.36,54.36,53.5
train,20,data_20.csv,onset_leak,20_86_109,24,86,109,51600,65400,leak_binary,1,75.0,75.0,75.0,75.0,65.62,65.62,65.62,65.62,65.62,65.62,60.82,60.82,60.82,60.82,60.82,60.82,54.36,54.36,54.36,54.36,54.36,54.36,53.5,53.5
train,20,data_20.csv,onset_leak,20_87_110,24,87,110,52200,66000,leak_binary,1,75.0,75.0,75.0,65.62,65.62,65.62,65.62,65.62,65.62,60.82,60.82,60.82,60.82,60.82,60.82,54.36,54.36,54.36,54.36,54.36,54.36,53.5,53.5,53.5
train,20,data_20.csv,onset_leak,20_88_111,24,88,111,52800,66600,leak_binary,1,75.0,75.0,65.62,65.62,65.62,65.62,65.62,65.62,60.82,60.82,60.82,60.82,60.82,60.82,54.36,54.36,54.36,54.36,54.36,54.36,53.5,53.5,53.5,53.5
train,20,data_20.csv,onset_leak,20_89_112,24,89,112,53400,67200,leak_binary,1,75.0,65.62,65.62,65.62,65.62,65.62,65.62,60.82,60.82,60.82,60.82,60.82,60.82,54.36,54.36,54.36,54.36,54.36,54.36,53.5,53.5,53.5,53.5,53.5
train,20,data_20.csv,onset_leak,20_90_113,24,90,113,54000,67800,leak_binary,1,65.62,65.62,65.62,65.62,65.62,65.62,60.82,60.82,60.82,60.82,60.82,60.82,54.36,54.36,54.36,54.36,54.36,54.36,53.5,53.5,53.5,53.5,53.5,53.5
train,20,data_20.csv,onset_leak,20_91_114,24,91,114,54600,68400,leak_binary,1,65.62,65.62,65.62,65.62,65.62,60.82,60.82,60.82,60.82,60.82,60.82,54.36,54.36,54.36,54.36,54.36,54.36,53.5,53.5,53.5,53.5,53.5,53.5,50.544
train,20,data_20.csv,onset_leak,20_92_115,24,92,115,55200,69000,leak_binary,1,65.62,65.62,65.62,65.62,60.82,60.82,60.82,60.82,60.82,60.82,54.36,54.36,54.36,54.36,54.36,54.36,53.5,53.5,53.5,53.5,53.5,53.5,50.544,50.544
train,20,data_20.csv,onset_leak,20_93_116,24,93,116,55800,69600,leak_binary,1,65.62,65.62,65.62,60.82,60.82,60.82,60.82,60.82,60.82,54.36,54.36,54.36,54.36,54.36,54.36,53.5,53.5,53.5,53.5,53.5,53.5,50.544,50.544,50.544
train,20,data_20.csv,onset_leak,20_94_117,24,94,117,56400,70200,leak_binary,1,65.62,65.62,60.82,60.82,60.82,60.82,60.82,60.82,54.36,54.36,54.36,54.36,54.36,54.36,53.5,53.5,53.5,53.5,53.5,53.5,50.544,50.544,50.544,50.544
train,20,data_20.csv,onset_leak,20_95_118,24,95,118,57000,70800,leak_binary,1,65.62,60.82,60.82,60.82,60.82,60.82,60.82,54.36,54.36,54.36,54.36,54.36,54.36,53.5,53.5,53.5,53.5,53.5,53.5,50.544,50.544,50.544,50.544,50.544
train,20,data_20.csv,onset_leak,20_96_119,24,96,119,57600,71400,leak_binary,1,60.82,60.82,60.82,60.82,60.82,60.82,54.36,54.36,54.36,54.36,54.36,54.36,53.5,53.5,53.5,53.5,53.5,53.5,50.544,50.544,50.544,50.544,50.544,50.544
train,20,data_20.csv,onset_leak,20_97_120,24,97,120,58200,72000,leak_binary,1,60.82,60.82,60.82,60.82,60.82,54.36,54.36,54.36,54.36,54.36,54.36,53.5,53.5,53.5,53.5,53.5,53.5,50.544,50.544,50.544,50.544,50.544,50.544,44.5
train,20,data_20.csv,onset_leak,20_98_121,24,98,121,58800,72600,leak_binary,1,60.82,60.82,60.82,60.82,54.36,54.36,54.36,54.36,54.36,54.36,53.5,53.5,53.5,53.5,53.5,53.5,50.544,50.544,50.544,50.544,50.544,50.544,44.5,44.5
train,20,data_20.csv,onset_leak,20_99_122,24,99,122,59400,73200,leak_binary,1,60.82,60.82,60.82,54.36,54.36,54.36,54.36,54.36,54.36,53.5,53.5,53.5,53.5,53.5,53.5,50.544,50.544,50.544,50.544,50.544,50.544,44.5,44.5,44.5
train,20,data_20.csv,onset_leak,20_100_123,24,100,123,60000,73800,leak_binary,1,60.82,60.82,54.36,54.36,54.36,54.36,54.36,54.36,53.5,53.5,53.5,53.5,53.5,53.5,50.544,50.544,50.544,50.544,50.544,50.544,44.5,44.5,44.5,44.5
train,20,data_20.csv,onset_leak,20_101_124,24,101,124,60600,74400,leak_binary,1,60.82,54.36,54.36,54.36,54.36,54.36,54.36,53.5,53.5,53.5,53.5,53.5,53.5,50.544,50.544,50.544,50.544,50.544,50.544,44.5,44.5,44.5,44.5,44.5
train,20,data_20.csv,onset_leak,20_102_125,24,102,125,61200,75000,leak_binary,1,54.36,54.36,54.36,54.36,54.36,54.36,53.5,53.5,53.5,53.5,53.5,53.5,50.544,50.544,50.544,50.544,50.544,50.544,44.5,44.5,44.5,44.5,44.5,44.5
train,20,data_20.csv,onset_leak,20_103_126,24,103,126,61800,75600,leak_binary,1,54.36,54.36,54.36,54.36,54.36,53.5,53.5,53.5,53.5,53.5,53.5,50.544,50.544,50.544,50.544,50.544,50.544,44.5,44.5,44.5,44.5,44.5,44.5,44.02
train,20,data_20.csv,onset_leak,20_104_127,24,104,127,62400,76200,leak_binary,1,54.36,54.36,54.36,54.36,53.5,53.5,53.5,53.5,53.5,53.5,50.544,50.544,50.544,50.544,50.544,50.544,44.5,44.5,44.5,44.5,44.5,44.5,44.02,44.02
train,20,data_20.csv,onset_leak,20_105_128,24,105,128,63000,76800,leak_binary,1,54.36,54.36,54.36,53.5,53.5,53.5,53.5,53.5,53.5,50.544,50.544,50.544,50.544,50.544,50.544,44.5,44.5,44.5,44.5,44.5,44.5,44.02,44.02,44.02
train,20,data_20.csv,onset_leak,20_106_129,24,106,129,63600,77400,leak_binary,1,54.36,54.36,53.5,53.5,53.5,53.5,53.5,53.5,50.544,50.544,50.544,50.544,50.544,50.544,44.5,44.5,44.5,44.5,44.5,44.5,44.02,44.02,44.02,44.02
train,20,data_20.csv,onset_leak,20_107_130,24,107,130,64200,78000,leak_binary,1,54.36,53.5,53.5,53.5,53.5,53.5,53.5,50.544,50.544,50.544,50.544,50.544,50.544,44.5,44.5,44.5,44.5,44.5,44.5,44.02,44.02,44.02,44.02,44.02
train,20,data_20.csv,onset_leak,20_108_131,24,108,131,64800,78600,leak_binary,1,53.5,53.5,53.5,53.5,53.5,53.5,50.544,50.544,50.544,50.544,50.544,50.544,44.5,44.5,44.5,44.5,44.5,44.5,44.02,44.02,44.02,44.02,44.02,44.02
train,20,data_20.csv,onset_leak,20_109_132,24,109,132,65400,79200,leak_binary,1,53.5,53.5,53.5,53.5,53.5,50.544,50.544,50.544,50.544,50.544,50.544,44.5,44.5,44.5,44.5,44.5,44.5,44.02,44.02,44.02,44.02,44.02,44.02,32.526
train,20,data_20.csv,onset_leak,20_110_133,24,110,133,66000,79800,leak_binary,1,53.5,53.5,53.5,53.5,50.544,50.544,50.544,50.544,50.544,50.544,44.5,44.5,44.5,44.5,44.5,44.5,44.02,44.02,44.02,44.02,44.02,44.02,32.526,32.526
train,20,data_20.csv,onset_leak,20_111_134,24,111,134,66600,80400,leak_binary,1,53.5,53.5,53.5,50.544,50.544,50.544,50.544,50.544,50.544,44.5,44.5,44.5,44.5,44.5,44.5,44.02,44.02,44.02,44.02,44.02,44.02,32.526,32.526,32.526
train,20,data_20.csv,onset_leak,20_112_135,24,112,135,67200,81000,leak_binary,1,53.5,53.5,50.544,50.544,50.544,50.544,50.544,50.544,44.5,44.5,44.5,44.5,44.5,44.5,44.02,44.02,44.02,44.02,44.02,44.02,32.526,32.526,32.526,32.526
train,20,data_20.csv,onset_leak,20_113_136,24,113,136,67800,81600,leak_binary,1,53.5,50.544,50.544,50.544,50.544,50.544,50.544,44.5,44.5,44.5,44.5,44.5,44.5,44.02,44.02,44.02,44.02,44.02,44.02,32.526,32.526,32.526,32.526,32.526
train,20,data_20.csv,onset_leak,20_114_137,24,114,137,68400,82200,leak_binary,1,50.544,50.544,50.544,50.544,50.544,50.544,44.5,44.5,44.5,44.5,44.5,44.5,44.02,44.02,44.02,44.02,44.02,44.02,32.526,32.526,32.526,32.526,32.526,32.526
train,20,data_20.csv,onset_leak,20_115_138,24,115,138,69000,82800,leak_binary,1,50.544,50.544,50.544,50.544,50.544,44.5,44.5,44.5,44.5,44.5,44.5,44.02,44.02,44.02,44.02,44.02,44.02,32.526,32.526,32.526,32.526,32.526,32.526,16.5
train,20,data_20.csv,onset_leak,20_116_139,24,116,139,69600,83400,leak_binary,1,50.544,50.544,50.544,50.544,44.5,44.5,44.5,44.5,44.5,44.5,44.02,44.02,44.02,44.02,44.02,44.02,32.526,32.526,32.526,32.526,32.526,32.526,16.5,16.5
train,20,data_20.csv,onset_leak,20_117_140,24,117,140,70200,84000,leak_binary,1,50.544,50.544,50.544,44.5,44.5,44.5,44.5,44.5,44.5,44.02,44.02,44.02,44.02,44.02,44.02,32.526,32.526,32.526,32.526,32.526,32.526,16.5,16.5,16.5
train,20,data_20.csv,onset_leak,20_118_141,24,118,141,70800,84600,leak_binary,1,50.544,50.544,44.5,44.5,44.5,44.5,44.5,44.5,44.02,44.02,44.02,44.02,44.02,44.02,32.526,32.526,32.526,32.526,32.526,32.526,16.5,16.5,16.5,16.5
train,20,data_20.csv,onset_leak,20_119_142,24,119,142,71400,85200,leak_binary,1,50.544,44.5,44.5,44.5,44.5,44.5,44.5,44.02,44.02,44.02,44.02,44.02,44.02,32.526,32.526,32.526,32.526,32.526,32.526,16.5,16.5,16.5,16.5,16.5
train,20,data_20.csv,onset_leak,20_120_143,24,120,143,72000,85800,leak_binary,1,44.5,44.5,44.5,44.5,44.5,44.5,44.02,44.02,44.02,44.02,44.02,44.02,32.526,32.526,32.526,32.526,32.526,32.526,16.5,16.5,16.5,16.5,16.5,16.5
train,20,data_20.csv,onset_leak,20_121_144,24,121,144,72600,86400,leak_binary,1,44.5,44.5,44.5,44.5,44.5,44.02,44.02,44.02,44.02,44.02,44.02,32.526,32.526,32.526,32.526,32.526,32.526,16.5,16.5,16.5,16.5,16.5,16.5,11.5
train,21,data_21.csv,persistent_leak,21_0_23,24,0,23,0,13800,leak_binary,1,45.5,45.5,45.5,45.5,45.5,45.5,47.544,47.544,47.544,47.544,47.544,47.544,48.176,48.18,48.176,48.179,48.176,48.182,50.39,50.39,50.389,50.396,50.39,50.396
train,21,data_21.csv,persistent_leak,21_1_24,24,1,24,600,14400,leak_binary,1,45.5,45.5,45.5,45.5,45.5,47.544,47.544,47.544,47.544,47.544,47.544,48.176,48.18,48.176,48.179,48.176,48.182,50.39,50.39,50.389,50.396,50.39,50.396,60.184
train,21,data_21.csv,persistent_leak,21_2_25,24,2,25,1200,15000,leak_binary,1,45.5,45.5,45.5,45.5,47.544,47.544,47.544,47.544,47.544,47.544,48.176,48.18,48.176,48.179,48.176,48.182,50.39,50.39,50.389,50.396,50.39,50.396,60.184,60.184
train,21,data_21.csv,persistent_leak,21_3_26,24,3,26,1800,15600,leak_binary,1,45.5,45.5,45.5,47.544,47.544,47.544,47.544,47.544,47.544,48.176,48.18,48.176,48.179,48.176,48.182,50.39,50.39,50.389,50.396,50.39,50.396,60.184,60.184,60.184
train,21,data_21.csv,persistent_leak,21_4_27,24,4,27,2400,16200,leak_binary,1,45.5,45.5,47.544,47.544,47.544,47.544,47.544,47.544,48.176,48.18,48.176,48.179,48.176,48.182,50.39,50.39,50.389,50.396,50.39,50.396,60.184,60.184,60.184,60.184
train,21,data_21.csv,persistent_leak,21_5_28,24,5,28,3000,16800,leak_binary,1,45.5,47.544,47.544,47.544,47.544,47.544,47.544,48.176,48.18,48.176,48.179,48.176,48.182,50.39,50.39,50.389,50.396,50.39,50.396,60.184,60.184,60.184,60.184,60.184
train,21,data_21.csv,persistent_leak,21_6_29,24,6,29,3600,17400,leak_binary,1,47.544,47.544,47.544,47.544,47.544,47.544,48.176,48.18,48.176,48.179,48.176,48.182,50.39,50.39,50.389,50.396,50.39,50.396,60.184,60.184,60.184,60.184,60.184,60.184
train,21,data_21.csv,persistent_leak,21_7_30,24,7,30,4200,18000,leak_binary,1,47.544,47.544,47.544,47.544,47.544,48.176,48.18,48.176,48.179,48.176,48.182,50.39,50.39,50.389,50.396,50.39,50.396,60.184,60.184,60.184,60.184,60.184,60.184,70.052
train,21,data_21.csv,persistent_leak,21_8_31,24,8,31,4800,18600,leak_binary,1,47.544,47.544,47.544,47.544,48.176,48.18,48.176,48.179,48.176,48.182,50.39,50.39,50.389,50.396,50.39,50.396,60.184,60.184,60.184,60.184,60.184,60.184,70.052,70.052
train,21,data_21.csv,persistent_leak,21_9_32,24,9,32,5400,19200,leak_binary,1,47.544,47.544,47.544,48.176,48.18,48.176,48.179,48.176,48.182,50.39,50.39,50.389,50.396,50.39,50.396,60.184,60.184,60.184,60.184,60.184,60.184,70.052,70.052,70.052
train,21,data_21.csv,persistent_leak,21_10_33,24,10,33,6000,19800,leak_binary,1,47.544,47.544,48.176,48.18,48.176,48.179,48.176,48.182,50.39,50.39,50.389,50.396,50.39,50.396,60.184,60.184,60.184,60.184,60.184,60.184,70.052,70.052,70.052,70.052
train,21,data_21.csv,persistent_leak,21_11_34,24,11,34,6600,20400,leak_binary,1,47.544,48.176,48.18,48.176,48.179,48.176,48.182,50.39,50.39,50.389,50.396,50.39,50.396,60.184,60.184,60.184,60.184,60.184,60.184,70.052,70.052,70.052,70.052,70.052
train,21,data_21.csv,persistent_leak,21_12_35,24,12,35,7200,21000,leak_binary,1,48.176,48.18,48.176,48.179,48.176,48.182,50.39,50.39,50.389,50.396,50.39,50.396,60.184,60.184,60.184,60.184,60.184,60.184,70.052,70.052,70.052,70.052,70.052,70.052
train,21,data_21.csv,persistent_leak,21_13_36,24,13,36,7800,21600,leak_binary,1,48.18,48.176,48.179,48.176,48.182,50.39,50.39,50.389,50.396,50.39,50.396,60.184,60.184,60.184,60.184,60.184,60.184,70.052,70.052,70.052,70.052,70.052,70.052,75.492
train,21,data_21.csv,persistent_leak,21_14_37,24,14,37,8400,22200,leak_binary,1,48.176,48.179,48.176,48.182,50.39,50.39,50.389,50.396,50.39,50.396,60.184,60.184,60.184,60.184,60.184,60.184,70.052,70.052,70.052,70.052,70.052,70.052,75.492,75.492
train,21,data_21.csv,persistent_leak,21_15_38,24,15,38,9000,22800,leak_binary,1,48.179,48.176,48.182,50.39,50.39,50.389,50.396,50.39,50.396,60.184,60.184,60.184,60.184,60.184,60.184,70.052,70.052,70.052,70.052,70.052,70.052,75.492,75.492,75.492
train,21,data_21.csv,persistent_leak,21_16_39,24,16,39,9600,23400,leak_binary,1,48.176,48.182,50.39,50.39,50.389,50.396,50.39,50.396,60.184,60.184,60.184,60.184,60.184,60.184,70.052,70.052,70.052,70.052,70.052,70.052,75.492,75.492,75.492,75.492
train,21,data_21.csv,persistent_leak,21_17_40,24,17,40,10200,24000,leak_binary,1,48.182,50.39,50.39,50.389,50.396,50.39,50.396,60.184,60.184,60.184,60.184,60.184,60.184,70.052,70.052,70.052,70.052,70.052,70.052,75.492,75.492,75.492,75.492,75.492
train,21,data_21.csv,persistent_leak,21_18_41,24,18,41,10800,24600,leak_binary,1,50.39,50.39,50.389,50.396,50.39,50.396,60.184,60.184,60.184,60.184,60.184,60.184,70.052,70.052,70.052,70.052,70.052,70.052,75.492,75.492,75.492,75.492,75.492,75.492
train,21,data_21.csv,persistent_leak,21_19_42,24,19,42,11400,25200,leak_binary,1,50.39,50.389,50.396,50.39,50.396,60.184,60.184,60.184,60.184,60.184,60.184,70.052,70.052,70.052,70.052,70.052,70.052,75.492,75.492,75.492,75.492,75.492,75.492,81.0
train,21,data_21.csv,persistent_leak,21_20_43,24,20,43,12000,25800,leak_binary,1,50.389,50.396,50.39,50.396,60.184,60.184,60.184,60.184,60.184,60.184,70.052,70.052,70.052,70.052,70.052,70.052,75.492,75.492,75.492,75.492,75.492,75.492,81.0,81.0
train,21,data_21.csv,persistent_leak,21_21_44,24,21,44,12600,26400,leak_binary,1,50.396,50.39,50.396,60.184,60.184,60.184,60.184,60.184,60.184,70.052,70.052,70.052,70.052,70.052,70.052,75.492,75.492,75.492,75.492,75.492,75.492,81.0,81.0,81.0
train,21,data_21.csv,persistent_leak,21_22_45,24,22,45,13200,27000,leak_binary,1,50.39,50.396,60.184,60.184,60.184,60.184,60.184,60.184,70.052,70.052,70.052,70.052,70.052,70.052,75.492,75.492,75.492,75.492,75.492,75.492,81.0,81.0,81.0,81.0
train,21,data_21.csv,persistent_leak,21_23_46,24,23,46,13800,27600,leak_binary,1,50.396,60.184,60.184,60.184,60.184,60.184,60.184,70.052,70.052,70.052,70.052,70.052,70.052,75.492,75.492,75.492,75.492,75.492,75.492,81.0,81.0,81.0,81.0,81.0
train,21,data_21.csv,persistent_leak,21_24_47,24,24,47,14400,28200,leak_binary,1,60.184,60.184,60.184,60.184,60.184,60.184,70.052,70.052,70.052,70.052,70.052,70.052,75.492,75.492,75.492,75.492,75.492,75.492,81.0,81.0,81.0,81.0,81.0,81.0
train,21,data_21.csv,persistent_leak,21_25_48,24,25,48,15000,28800,leak_binary,1,60.184,60.184,60.184,60.184,60.184,70.052,70.052,70.052,70.052,70.052,70.052,75.492,75.492,75.492,75.492,75.492,75.492,81.0,81.0,81.0,81.0,81.0,81.0,89.974
train,21,data_21.csv,persistent_leak,21_26_49,24,26,49,15600,29400,leak_binary,1,60.184,60.184,60.184,60.184,70.052,70.052,70.052,70.052,70.052,70.052,75.492,75.492,75.492,75.492,75.492,75.492,81.0,81.0,81.0,81.0,81.0,81.0,89.974,89.974
train,21,data_21.csv,persistent_leak,21_27_50,24,27,50,16200,30000,leak_binary,1,60.184,60.184,60.184,70.052,70.052,70.052,70.052,70.052,70.052,75.492,75.492,75.492,75.492,75.492,75.492,81.0,81.0,81.0,81.0,81.0,81.0,89.974,89.974,89.974
train,21,data_21.csv,persistent_leak,21_28_51,24,28,51,16800,30600,leak_binary,1,60.184,60.184,70.052,70.052,70.052,70.052,70.052,70.052,75.492,75.492,75.492,75.492,75.492,75.492,81.0,81.0,81.0,81.0,81.0,81.0,89.974,89.974,89.974,89.974
train,21,data_21.csv,persistent_leak,21_29_52,24,29,52,17400,31200,leak_binary,1,60.184,70.052,70.052,70.052,70.052,70.052,70.052,75.492,75.492,75.492,75.492,75.492,75.492,81.0,81.0,81.0,81.0,81.0,81.0,89.974,89.974,89.974,89.974,89.974
train,21,data_21.csv,persistent_leak,21_30_53,24,30,53,18000,31800,leak_binary,1,70.052,70.052,70.052,70.052,70.052,70.052,75.492,75.492,75.492,75.492,75.492,75.492,81.0,81.0,81.0,81.0,81.0,81.0,89.974,89.974,89.974,89.974,89.974,89.974
train,21,data_21.csv,persistent_leak,21_31_54,24,31,54,18600,32400,leak_binary,1,70.052,70.052,70.052,70.052,70.052,75.492,75.492,75.492,75.492,75.492,75.492,81.0,81.0,81.0,81.0,81.0,81.0,89.974,89.974,89.974,89.974,89.974,89.974,84.556
train,21,data_21.csv,persistent_leak,21_32_55,24,32,55,19200,33000,leak_binary,1,70.052,70.052,70.052,70.052,75.492,75.492,75.492,75.492,75.492,75.492,81.0,81.0,81.0,81.0,81.0,81.0,89.974,89.974,89.974,89.974,89.974,89.974,84.556,84.556
train,21,data_21.csv,persistent_leak,21_33_56,24,33,56,19800,33600,leak_binary,1,70.052,70.052,70.052,75.492,75.492,75.492,75.492,75.492,75.492,81.0,81.0,81.0,81.0,81.0,81.0,89.974,89.974,89.974,89.974,89.974,89.974,84.556,84.556,84.556
train,21,data_21.csv,persistent_leak,21_34_57,24,34,57,20400,34200,leak_binary,1,70.052,70.052,75.492,75.492,75.492,75.492,75.492,75.492,81.0,81.0,81.0,81.0,81.0,81.0,89.974,89.974,89.974,89.974,89.974,89.974,84.556,84.556,84.556,84.556
train,21,data_21.csv,persistent_leak,21_35_58,24,35,58,21000,34800,leak_binary,1,70.052,75.492,75.492,75.492,75.492,75.492,75.492,81.0,81.0,81.0,81.0,81.0,81.0,89.974,89.974,89.974,89.974,89.974,89.974,84.556,84.556,84.556,84.556,84.556
train,21,data_21.csv,persistent_leak,21_36_59,24,36,59,21600,35400,leak_binary,1,75.492,75.492,75.492,75.492,75.492,75.492,81.0,81.0,81.0,81.0,81.0,81.0,89.974,89.974,89.974,89.974,89.974,89.974,84.556,84.556,84.556,84.556,84.556,84.556
train,21,data_21.csv,persistent_leak,21_37_60,24,37,60,22200,36000,leak_binary,1,75.492,75.492,75.492,75.492,75.492,81.0,81.0,81.0,81.0,81.0,81.0,89.974,89.974,89.974,89.974,89.974,89.974,84.556,84.556,84.556,84.556,84.556,84.556,85.36
train,21,data_21.csv,persistent_leak,21_38_61,24,38,61,22800,36600,leak_binary,1,75.492,75.492,75.492,75.492,81.0,81.0,81.0,81.0,81.0,81.0,89.974,89.974,89.974,89.974,89.974,89.974,84.556,84.556,84.556,84.556,84.556,84.556,85.36,85.36
train,21,data_21.csv,persistent_leak,21_39_62,24,39,62,23400,37200,leak_binary,1,75.492,75.492,75.492,81.0,81.0,81.0,81.0,81.0,81.0,89.974,89.974,89.974,89.974,89.974,89.974,84.556,84.556,84.556,84.556,84.556,84.556,85.36,85.36,85.36
train,21,data_21.csv,persistent_leak,21_40_63,24,40,63,24000,37800,leak_binary,1,75.492,75.492,81.0,81.0,81.0,81.0,81.0,81.0,89.974,89.974,89.974,89.974,89.974,89.974,84.556,84.556,84.556,84.556,84.556,84.556,85.36,85.36,85.36,85.36
train,21,data_21.csv,persistent_leak,21_41_64,24,41,64,24600,38400,leak_binary,1,75.492,81.0,81.0,81.0,81.0,81.0,81.0,89.974,89.974,89.974,89.974,89.974,89.974,84.556,84.556,84.556,84.556,84.556,84.556,85.36,85.36,85.36,85.36,85.36
train,21,data_21.csv,persistent_leak,21_42_65,24,42,65,25200,39000,leak_binary,1,81.0,81.0,81.0,81.0,81.0,81.0,89.974,89.974,89.974,89.974,89.974,89.974,84.556,84.556,84.556,84.556,84.556,84.556,85.36,85.36,85.36,85.36,85.36,85.36
train,21,data_21.csv,persistent_leak,21_43_66,24,43,66,25800,39600,leak_binary,1,81.0,81.0,81.0,81.0,81.0,89.974,89.974,89.974,89.974,89.974,89.974,84.556,84.556,84.556,84.556,84.556,84.556,85.36,85.36,85.36,85.36,85.36,85.36,88.994
train,21,data_21.csv,persistent_leak,21_44_67,24,44,67,26400,40200,leak_binary,1,81.0,81.0,81.0,81.0,89.974,89.974,89.974,89.974,89.974,89.974,84.556,84.556,84.556,84.556,84.556,84.556,85.36,85.36,85.36,85.36,85.36,85.36,88.994,88.994
train,21,data_21.csv,persistent_leak,21_45_68,24,45,68,27000,40800,leak_binary,1,81.0,81.0,81.0,89.974,89.974,89.974,89.974,89.974,89.974,84.556,84.556,84.556,84.556,84.556,84.556,85.36,85.36,85.36,85.36,85.36,85.36,88.994,88.994,88.994
train,21,data_21.csv,persistent_leak,21_46_69,24,46,69,27600,41400,leak_binary,1,81.0,81.0,89.974,89.974,89.974,89.974,89.974,89.974,84.556,84.556,84.556,84.556,84.556,84.556,85.36,85.36,85.36,85.36,85.36,85.36,88.994,88.994,88.994,88.994
train,21,data_21.csv,persistent_leak,21_47_70,24,47,70,28200,42000,leak_binary,1,81.0,89.974,89.974,89.974,89.974,89.974,89.974,84.556,84.556,84.556,84.556,84.556,84.556,85.36,85.36,85.36,85.36,85.36,85.36,88.994,88.994,88.994,88.994,88.994
train,21,data_21.csv,persistent_leak,21_48_71,24,48,71,28800,42600,leak_binary,1,89.974,89.974,89.974,89.974,89.974,89.974,84.556,84.556,84.556,84.556,84.556,84.556,85.36,85.36,85.36,85.36,85.36,85.36,88.994,88.994,88.994,88.994,88.994,88.994
train,21,data_21.csv,persistent_leak,21_49_72,24,49,72,29400,43200,leak_binary,1,89.974,89.974,89.974,89.974,89.974,84.556,84.556,84.556,84.556,84.556,84.556,85.36,85.36,85.36,85.36,85.36,85.36,88.994,88.994,88.994,88.994,88.994,88.994,99.572
train,21,data_21.csv,persistent_leak,21_50_73,24,50,73,30000,43800,leak_binary,1,89.974,89.974,89.974,89.974,84.556,84.556,84.556,84.556,84.556,84.556,85.36,85.36,85.36,85.36,85.36,85.36,88.994,88.994,88.994,88.994,88.994,88.994,99.572,99.572
train,21,data_21.csv,persistent_leak,21_51_74,24,51,74,30600,44400,leak_binary,1,89.974,89.974,89.974,84.556,84.556,84.556,84.556,84.556,84.556,85.36,85.36,85.36,85.36,85.36,85.36,88.994,88.994,88.994,88.994,88.994,88.994,99.572,99.572,99.572
train,21,data_21.csv,persistent_leak,21_52_75,24,52,75,31200,45000,leak_binary,1,89.974,89.974,84.556,84.556,84.556,84.556,84.556,84.556,85.36,85.36,85.36,85.36,85.36,85.36,88.994,88.994,88.994,88.994,88.994,88.994,99.572,99.572,99.572,99.572
train,21,data_21.csv,persistent_leak,21_53_76,24,53,76,31800,45600,leak_binary,1,89.974,84.556,84.556,84.556,84.556,84.556,84.556,85.36,85.36,85.36,85.36,85.36,85.36,88.994,88.994,88.994,88.994,88.994,88.994,99.572,99.572,99.572,99.572,99.572
train,21,data_21.csv,persistent_leak,21_54_77,24,54,77,32400,46200,leak_binary,1,84.556,84.556,84.556,84.556,84.556,84.556,85.36,85.36,85.36,85.36,85.36,85.36,88.994,88.994,88.994,88.994,88.994,88.994,99.572,99.572,99.572,99.572,99.572,99.572
train,21,data_21.csv,persistent_leak,21_55_78,24,55,78,33000,46800,leak_binary,1,84.556,84.556,84.556,84.556,84.556,85.36,85.36,85.36,85.36,85.36,85.36,88.994,88.994,88.994,88.994,88.994,88.994,99.572,99.572,99.572,99.572,99.572,99.572,106.2
train,21,data_21.csv,persistent_leak,21_56_79,24,56,79,33600,47400,leak_binary,1,84.556,84.556,84.556,84.556,85.36,85.36,85.36,85.36,85.36,85.36,88.994,88.994,88.994,88.994,88.994,88.994,99.572,99.572,99.572,99.572,99.572,99.572,106.2,106.2
train,21,data_21.csv,persistent_leak,21_57_80,24,57,80,34200,48000,leak_binary,1,84.556,84.556,84.556,85.36,85.36,85.36,85.36,85.36,85.36,88.994,88.994,88.994,88.994,88.994,88.994,99.572,99.572,99.572,99.572,99.572,99.572,106.2,106.2,106.2
train,21,data_21.csv,persistent_leak,21_58_81,24,58,81,34800,48600,leak_binary,1,84.556,84.556,85.36,85.36,85.36,85.36,85.36,85.36,88.994,88.994,88.994,88.994,88.994,88.994,99.572,99.572,99.572,99.572,99.572,99.572,106.2,106.2,106.2,106.2
train,21,data_21.csv,persistent_leak,21_59_82,24,59,82,35400,49200,leak_binary,1,84.556,85.36,85.36,85.36,85.36,85.36,85.36,88.994,88.994,88.994,88.994,88.994,88.994,99.572,99.572,99.572,99.572,99.572,99.572,106.2,106.2,106.2,106.2,106.2
train,21,data_21.csv,persistent_leak,21_60_83,24,60,83,36000,49800,leak_binary,1,85.36,85.36,85.36,85.36,85.36,85.36,88.994,88.994,88.994,88.994,88.994,88.994,99.572,99.572,99.572,99.572,99.572,99.572,106.2,106.2,106.2,106.2,106.2,106.2
train,21,data_21.csv,persistent_leak,21_61_84,24,61,84,36600,50400,leak_binary,1,85.36,85.36,85.36,85.36,85.36,88.994,88.994,88.994,88.994,88.994,88.994,99.572,99.572,99.572,99.572,99.572,99.572,106.2,106.2,106.2,106.2,106.2,106.2,111.5
train,21,data_21.csv,persistent_leak,21_62_85,24,62,85,37200,51000,leak_binary,1,85.36,85.36,85.36,85.36,88.994,88.994,88.994,88.994,88.994,88.994,99.572,99.572,99.572,99.572,99.572,99.572,106.2,106.2,106.2,106.2,106.2,106.2,111.5,111.5
train,21,data_21.csv,persistent_leak,21_63_86,24,63,86,37800,51600,leak_binary,1,85.36,85.36,85.36,88.994,88.994,88.994,88.994,88.994,88.994,99.572,99.572,99.572,99.572,99.572,99.572,106.2,106.2,106.2,106.2,106.2,106.2,111.5,111.5,111.5
train,21,data_21.csv,persistent_leak,21_64_87,24,64,87,38400,52200,leak_binary,1,85.36,85.36,88.994,88.994,88.994,88.994,88.994,88.994,99.572,99.572,99.572,99.572,99.572,99.572,106.2,106.2,106.2,106.2,106.2,106.2,111.5,111.5,111.5,111.5
train,21,data_21.csv,persistent_leak,21_65_88,24,65,88,39000,52800,leak_binary,1,85.36,88.994,88.994,88.994,88.994,88.994,88.994,99.572,99.572,99.572,99.572,99.572,99.572,106.2,106.2,106.2,106.2,106.2,106.2,111.5,111.5,111.5,111.5,111.5
train,21,data_21.csv,persistent_leak,21_66_89,24,66,89,39600,53400,leak_binary,1,88.994,88.994,88.994,88.994,88.994,88.994,99.572,99.572,99.572,99.572,99.572,99.572,106.2,106.2,106.2,106.2,106.2,106.2,111.5,111.5,111.5,111.5,111.5,111.5
train,21,data_21.csv,persistent_leak,21_67_90,24,67,90,40200,54000,leak_binary,1,88.994,88.994,88.994,88.994,88.994,99.572,99.572,99.572,99.572,99.572,99.572,106.2,106.2,106.2,106.2,106.2,106.2,111.5,111.5,111.5,111.5,111.5,111.5,110.5
train,21,data_21.csv,persistent_leak,21_68_91,24,68,91,40800,54600,leak_binary,1,88.994,88.994,88.994,88.994,99.572,99.572,99.572,99.572,99.572,99.572,106.2,106.2,106.2,106.2,106.2,106.2,111.5,111.5,111.5,111.5,111.5,111.5,110.5,110.5
train,21,data_21.csv,persistent_leak,21_69_92,24,69,92,41400,55200,leak_binary,1,88.994,88.994,88.994,99.572,99.572,99.572,99.572,99.572,99.572,106.2,106.2,106.2,106.2,106.2,106.2,111.5,111.5,111.5,111.5,111.5,111.5,110.5,110.5,110.5
train,21,data_21.csv,persistent_leak,21_70_93,24,70,93,42000,55800,leak_binary,1,88.994,88.994,99.572,99.572,99.572,99.572,99.572,99.572,106.2,106.2,106.2,106.2,106.2,106.2,111.5,111.5,111.5,111.5,111.5,111.5,110.5,110.5,110.5,110.5
train,21,data_21.csv,persistent_leak,21_71_94,24,71,94,42600,56400,leak_binary,1,88.994,99.572,99.572,99.572,99.572,99.572,99.572,106.2,106.2,106.2,106.2,106.2,106.2,111.5,111.5,111.5,111.5,111.5,111.5,110.5,110.5,110.5,110.5,110.5
train,21,data_21.csv,persistent_leak,21_72_95,24,72,95,43200,57000,leak_binary,1,99.572,99.572,99.572,99.572,99.572,99.572,106.2,106.2,106.2,106.2,106.2,106.2,111.5,111.5,111.5,111.5,111.5,111.5,110.5,110.5,110.5,110.5,110.5,110.5
train,21,data_21.csv,persistent_leak,21_73_96,24,73,96,43800,57600,leak_binary,1,99.572,99.572,99.572,99.572,99.572,106.2,106.2,106.2,106.2,106.2,106.2,111.5,111.5,111.5,111.5,111.5,111.5,110.5,110.5,110.5,110.5,110.5,110.5,108.0
train,21,data_21.csv,persistent_leak,21_74_97,24,74,97,44400,58200,leak_binary,1,99.572,99.572,99.572,99.572,106.2,106.2,106.2,106.2,106.2,106.2,111.5,111.5,111.5,111.5,111.5,111.5,110.5,110.5,110.5,110.5,110.5,110.5,108.0,108.0
train,21,data_21.csv,persistent_leak,21_75_98,24,75,98,45000,58800,leak_binary,1,99.572,99.572,99.572,106.2,106.2,106.2,106.2,106.2,106.2,111.5,111.5,111.5,111.5,111.5,111.5,110.5,110.5,110.5,110.5,110.5,110.5,108.0,108.0,108.0
train,21,data_21.csv,persistent_leak,21_76_99,24,76,99,45600,59400,leak_binary,1,99.572,99.572,106.2,106.2,106.2,106.2,106.2,106.2,111.5,111.5,111.5,111.5,111.5,111.5,110.5,110.5,110.5,110.5,110.5,110.5,108.0,108.0,108.0,108.0
train,21,data_21.csv,persistent_leak,21_77_100,24,77,100,46200,60000,leak_binary,1,99.572,106.2,106.2,106.2,106.2,106.2,106.2,111.5,111.5,111.5,111.5,111.5,111.5,110.5,110.5,110.5,110.5,110.5,110.5,108.0,108.0,108.0,108.0,108.0
train,21,data_21.csv,persistent_leak,21_78_101,24,78,101,46800,60600,leak_binary,1,106.2,106.2,106.2,106.2,106.2,106.2,111.5,111.5,111.5,111.5,111.5,111.5,110.5,110.5,110.5,110.5,110.5,110.5,108.0,108.0,108.0,108.0,108.0,108.0
train,21,data_21.csv,persistent_leak,21_79_102,24,79,102,47400,61200,leak_binary,1,106.2,106.2,106.2,106.2,106.2,111.5,111.5,111.5,111.5,111.5,111.5,110.5,110.5,110.5,110.5,110.5,110.5,108.0,108.0,108.0,108.0,108.0,108.0,118.0
train,21,data_21.csv,persistent_leak,21_80_103,24,80,103,48000,61800,leak_binary,1,106.2,106.2,106.2,106.2,111.5,111.5,111.5,111.5,111.5,111.5,110.5,110.5,110.5,110.5,110.5,110.5,108.0,108.0,108.0,108.0,108.0,108.0,118.0,118.0
train,21,data_21.csv,persistent_leak,21_81_104,24,81,104,48600,62400,leak_binary,1,106.2,106.2,106.2,111.5,111.5,111.5,111.5,111.5,111.5,110.5,110.5,110.5,110.5,110.5,110.5,108.0,108.0,108.0,108.0,108.0,108.0,118.0,118.0,118.0
train,21,data_21.csv,persistent_leak,21_82_105,24,82,105,49200,63000,leak_binary,1,106.2,106.2,111.5,111.5,111.5,111.5,111.5,111.5,110.5,110.5,110.5,110.5,110.5,110.5,108.0,108.0,108.0,108.0,108.0,108.0,118.0,118.0,118.0,118.0
train,21,data_21.csv,persistent_leak,21_83_106,24,83,106,49800,63600,leak_binary,1,106.2,111.5,111.5,111.5,111.5,111.5,111.5,110.5,110.5,110.5,110.5,110.5,110.5,108.0,108.0,108.0,108.0,108.0,108.0,118.0,118.0,118.0,118.0,118.0
train,21,data_21.csv,persistent_leak,21_84_107,24,84,107,50400,64200,leak_binary,1,111.5,111.5,111.5,111.5,111.5,111.5,110.5,110.5,110.5,110.5,110.5,110.5,108.0,108.0,108.0,108.0,108.0,108.0,118.0,118.0,118.0,118.0,118.0,118.0
train,21,data_21.csv,persistent_leak,21_85_108,24,85,108,51000,64800,leak_binary,1,111.5,111.5,111.5,111.5,111.5,110.5,110.5,110.5,110.5,110.5,110.5,108.0,108.0,108.0,108.0,108.0,108.0,118.0,118.0,118.0,118.0,118.0,118.0,122.0
train,21,data_21.csv,persistent_leak,21_86_109,24,86,109,51600,65400,leak_binary,1,111.5,111.5,111.5,111.5,110.5,110.5,110.5,110.5,110.5,110.5,108.0,108.0,108.0,108.0,108.0,108.0,118.0,118.0,118.0,118.0,118.0,118.0,122.0,122.0
train,21,data_21.csv,persistent_leak,21_87_110,24,87,110,52200,66000,leak_binary,1,111.5,111.5,111.5,110.5,110.5,110.5,110.5,110.5,110.5,108.0,108.0,108.0,108.0,108.0,108.0,118.0,118.0,118.0,118.0,118.0,118.0,122.0,122.0,122.0
train,21,data_21.csv,persistent_leak,21_88_111,24,88,111,52800,66600,leak_binary,1,111.5,111.5,110.5,110.5,110.5,110.5,110.5,110.5,108.0,108.0,108.0,108.0,108.0,108.0,118.0,118.0,118.0,118.0,118.0,118.0,122.0,122.0,122.0,122.0
train,21,data_21.csv,persistent_leak,21_89_112,24,89,112,53400,67200,leak_binary,1,111.5,110.5,110.5,110.5,110.5,110.5,110.5,108.0,108.0,108.0,108.0,108.0,108.0,118.0,118.0,118.0,118.0,118.0,118.0,122.0,122.0,122.0,122.0,122.0
train,21,data_21.csv,persistent_leak,21_90_113,24,90,113,54000,67800,leak_binary,1,110.5,110.5,110.5,110.5,110.5,110.5,108.0,108.0,108.0,108.0,108.0,108.0,118.0,118.0,118.0,118.0,118.0,118.0,122.0,122.0,122.0,122.0,122.0,122.0
train,21,data_21.csv,persistent_leak,21_91_114,24,91,114,54600,68400,leak_binary,1,110.5,110.5,110.5,110.5,110.5,108.0,108.0,108.0,108.0,108.0,108.0,118.0,118.0,118.0,118.0,118.0,118.0,122.0,122.0,122.0,122.0,122.0,122.0,116.36
train,21,data_21.csv,persistent_leak,21_92_115,24,92,115,55200,69000,leak_binary,1,110.5,110.5,110.5,110.5,108.0,108.0,108.0,108.0,108.0,108.0,118.0,118.0,118.0,118.0,118.0,118.0,122.0,122.0,122.0,122.0,122.0,122.0,116.36,116.36
train,21,data_21.csv,persistent_leak,21_93_116,24,93,116,55800,69600,leak_binary,1,110.5,110.5,110.5,108.0,108.0,108.0,108.0,108.0,108.0,118.0,118.0,118.0,118.0,118.0,118.0,122.0,122.0,122.0,122.0,122.0,122.0,116.36,116.36,116.36
train,21,data_21.csv,persistent_leak,21_94_117,24,94,117,56400,70200,leak_binary,1,110.5,110.5,108.0,108.0,108.0,108.0,108.0,108.0,118.0,118.0,118.0,118.0,118.0,118.0,122.0,122.0,122.0,122.0,122.0,122.0,116.36,116.36,116.36,116.36
train,21,data_21.csv,persistent_leak,21_95_118,24,95,118,57000,70800,leak_binary,1,110.5,108.0,108.0,108.0,108.0,108.0,108.0,118.0,118.0,118.0,118.0,118.0,118.0,122.0,122.0,122.0,122.0,122.0,122.0,116.36,116.36,116.36,116.36,116.36
train,21,data_21.csv,persistent_leak,21_96_119,24,96,119,57600,71400,leak_binary,1,108.0,108.0,108.0,108.0,108.0,108.0,118.0,118.0,118.0,118.0,118.0,118.0,122.0,122.0,122.0,122.0,122.0,122.0,116.36,116.36,116.36,116.36,116.36,116.36
train,21,data_21.csv,persistent_leak,21_97_120,24,97,120,58200,72000,leak_binary,1,108.0,108.0,108.0,108.0,108.0,118.0,118.0,118.0,118.0,118.0,118.0,122.0,122.0,122.0,122.0,122.0,122.0,116.36,116.36,116.36,116.36,116.36,116.36,102.0
train,21,data_21.csv,persistent_leak,21_98_121,24,98,121,58800,72600,leak_binary,1,108.0,108.0,108.0,108.0,118.0,118.0,118.0,118.0,118.0,118.0,122.0,122.0,122.0,122.0,122.0,122.0,116.36,116.36,116.36,116.36,116.36,116.36,102.0,102.0
train,21,data_21.csv,persistent_leak,21_99_122,24,99,122,59400,73200,leak_binary,1,108.0,108.0,108.0,118.0,118.0,118.0,118.0,118.0,118.0,122.0,122.0,122.0,122.0,122.0,122.0,116.36,116.36,116.36,116.36,116.36,116.36,102.0,102.0,102.0
train,21,data_21.csv,persistent_leak,21_100_123,24,100,123,60000,73800,leak_binary,1,108.0,108.0,118.0,118.0,118.0,118.0,118.0,118.0,122.0,122.0,122.0,122.0,122.0,122.0,116.36,116.36,116.36,116.36,116.36,116.36,102.0,102.0,102.0,102.0
train,21,data_21.csv,persistent_leak,21_101_124,24,101,124,60600,74400,leak_binary,1,108.0,118.0,118.0,118.0,118.0,118.0,118.0,122.0,122.0,122.0,122.0,122.0,122.0,116.36,116.36,116.36,116.36,116.36,116.36,102.0,102.0,102.0,102.0,102.0
train,21,data_21.csv,persistent_leak,21_102_125,24,102,125,61200,75000,leak_binary,1,118.0,118.0,118.0,118.0,118.0,118.0,122.0,122.0,122.0,122.0,122.0,122.0,116.36,116.36,116.36,116.36,116.36,116.36,102.0,102.0,102.0,102.0,102.0,102.0
train,21,data_21.csv,persistent_leak,21_103_126,24,103,126,61800,75600,leak_binary,1,118.0,118.0,118.0,118.0,118.0,122.0,122.0,122.0,122.0,122.0,122.0,116.36,116.36,116.36,116.36,116.36,116.36,102.0,102.0,102.0,102.0,102.0,102.0,80.102
train,21,data_21.csv,persistent_leak,21_104_127,24,104,127,62400,76200,leak_binary,1,118.0,118.0,118.0,118.0,122.0,122.0,122.0,122.0,122.0,122.0,116.36,116.36,116.36,116.36,116.36,116.36,102.0,102.0,102.0,102.0,102.0,102.0,80.102,80.102
train,21,data_21.csv,persistent_leak,21_105_128,24,105,128,63000,76800,leak_binary,1,118.0,118.0,118.0,122.0,122.0,122.0,122.0,122.0,122.0,116.36,116.36,116.36,116.36,116.36,116.36,102.0,102.0,102.0,102.0,102.0,102.0,80.102,80.102,80.102
train,21,data_21.csv,persistent_leak,21_106_129,24,106,129,63600,77400,leak_binary,1,118.0,118.0,122.0,122.0,122.0,122.0,122.0,122.0,116.36,116.36,116.36,116.36,116.36,116.36,102.0,102.0,102.0,102.0,102.0,102.0,80.102,80.102,80.102,80.102
train,21,data_21.csv,persistent_leak,21_107_130,24,107,130,64200,78000,leak_binary,1,118.0,122.0,122.0,122.0,122.0,122.0,122.0,116.36,116.36,116.36,116.36,116.36,116.36,102.0,102.0,102.0,102.0,102.0,102.0,80.102,80.102,80.102,80.102,80.102
train,21,data_21.csv,persistent_leak,21_108_131,24,108,131,64800,78600,leak_binary,1,122.0,122.0,122.0,122.0,122.0,122.0,116.36,116.36,116.36,116.36,116.36,116.36,102.0,102.0,102.0,102.0,102.0,102.0,80.102,80.102,80.102,80.102,80.102,80.102
train,21,data_21.csv,persistent_leak,21_109_132,24,109,132,65400,79200,leak_binary,1,122.0,122.0,122.0,122.0,122.0,116.36,116.36,116.36,116.36,116.36,116.36,102.0,102.0,102.0,102.0,102.0,102.0,80.102,80.102,80.102,80.102,80.102,80.102,63.118
train,21,data_21.csv,persistent_leak,21_110_133,24,110,133,66000,79800,leak_binary,1,122.0,122.0,122.0,122.0,116.36,116.36,116.36,116.36,116.36,116.36,102.0,102.0,102.0,102.0,102.0,102.0,80.102,80.102,80.102,80.102,80.102,80.102,63.118,63.118
train,21,data_21.csv,persistent_leak,21_111_134,24,111,134,66600,80400,leak_binary,1,122.0,122.0,122.0,116.36,116.36,116.36,116.36,116.36,116.36,102.0,102.0,102.0,102.0,102.0,102.0,80.102,80.102,80.102,80.102,80.102,80.102,63.118,63.118,63.118
train,21,data_21.csv,persistent_leak,21_112_135,24,112,135,67200,81000,leak_binary,1,122.0,122.0,116.36,116.36,116.36,116.36,116.36,116.36,102.0,102.0,102.0,102.0,102.0,102.0,80.102,80.102,80.102,80.102,80.102,80.102,63.118,63.118,63.118,63.118
train,21,data_21.csv,persistent_leak,21_113_136,24,113,136,67800,81600,leak_binary,1,122.0,116.36,116.36,116.36,116.36,116.36,116.36,102.0,102.0,102.0,102.0,102.0,102.0,80.102,80.102,80.102,80.102,80.102,80.102,63.118,63.118,63.118,63.118,63.118
train,21,data_21.csv,persistent_leak,21_114_137,24,114,137,68400,82200,leak_binary,1,116.36,116.36,116.36,116.36,116.36,116.36,102.0,102.0,102.0,102.0,102.0,102.0,80.102,80.102,80.102,80.102,80.102,80.102,63.118,63.118,63.118,63.118,63.118,63.118
train,21,data_21.csv,persistent_leak,21_115_138,24,115,138,69000,82800,leak_binary,1,116.36,116.36,116.36,116.36,116.36,102.0,102.0,102.0,102.0,102.0,102.0,80.102,80.102,80.102,80.102,80.102,80.102,63.118,63.118,63.118,63.118,63.118,63.118,48.5
train,21,data_21.csv,persistent_leak,21_116_139,24,116,139,69600,83400,leak_binary,1,116.36,116.36,116.36,116.36,102.0,102.0,102.0,102.0,102.0,102.0,80.102,80.102,80.102,80.102,80.102,80.102,63.118,63.118,63.118,63.118,63.118,63.118,48.5,48.5
train,21,data_21.csv,persistent_leak,21_117_140,24,117,140,70200,84000,leak_binary,1,116.36,116.36,116.36,102.0,102.0,102.0,102.0,102.0,102.0,80.102,80.102,80.102,80.102,80.102,80.102,63.118,63.118,63.118,63.118,63.118,63.118,48.5,48.5,48.5
train,21,data_21.csv,persistent_leak,21_118_141,24,118,141,70800,84600,leak_binary,1,116.36,116.36,102.0,102.0,102.0,102.0,102.0,102.0,80.102,80.102,80.102,80.102,80.102,80.102,63.118,63.118,63.118,63.118,63.118,63.118,48.5,48.5,48.5,48.5
train,21,data_21.csv,persistent_leak,21_119_142,24,119,142,71400,85200,leak_binary,1,116.36,102.0,102.0,102.0,102.0,102.0,102.0,80.102,80.102,80.102,80.102,80.102,80.102,63.118,63.118,63.118,63.118,63.118,63.118,48.5,48.5,48.5,48.5,48.5
train,21,data_21.csv,persistent_leak,21_120_143,24,120,143,72000,85800,leak_binary,1,102.0,102.0,102.0,102.0,102.0,102.0,80.102,80.102,80.102,80.102,80.102,80.102,63.118,63.118,63.118,63.118,63.118,63.118,48.5,48.5,48.5,48.5,48.5,48.5
train,21,data_21.csv,persistent_leak,21_121_144,24,121,144,72600,86400,leak_binary,1,102.0,102.0,102.0,102.0,102.0,80.102,80.102,80.102,80.102,80.102,80.102,63.118,63.118,63.118,63.118,63.118,63.118,48.5,48.5,48.5,48.5,48.5,48.5,45.5
train,22,data_22.csv,persistent_leak,22_0_23,24,0,23,0,13800,leak_binary,1,57.5,57.5,57.5,57.5,57.5,57.5,50.399,50.399,50.399,50.399,50.399,50.399,49.437,49.437,49.437,49.437,49.437,49.437,48.758,48.758,48.758,48.758,48.758,48.758
train,22,data_22.csv,persistent_leak,22_1_24,24,1,24,600,14400,leak_binary,1,57.5,57.5,57.5,57.5,57.5,50.399,50.399,50.399,50.399,50.399,50.399,49.437,49.437,49.437,49.437,49.437,49.437,48.758,48.758,48.758,48.758,48.758,48.758,54.5
train,22,data_22.csv,persistent_leak,22_2_25,24,2,25,1200,15000,leak_binary,1,57.5,57.5,57.5,57.5,50.399,50.399,50.399,50.399,50.399,50.399,49.437,49.437,49.437,49.437,49.437,49.437,48.758,48.758,48.758,48.758,48.758,48.758,54.5,54.5
train,22,data_22.csv,persistent_leak,22_3_26,24,3,26,1800,15600,leak_binary,1,57.5,57.5,57.5,50.399,50.399,50.399,50.399,50.399,50.399,49.437,49.437,49.437,49.437,49.437,49.437,48.758,48.758,48.758,48.758,48.758,48.758,54.5,54.5,54.5
train,22,data_22.csv,persistent_leak,22_4_27,24,4,27,2400,16200,leak_binary,1,57.5,57.5,50.399,50.399,50.399,50.399,50.399,50.399,49.437,49.437,49.437,49.437,49.437,49.437,48.758,48.758,48.758,48.758,48.758,48.758,54.5,54.5,54.5,54.5
train,22,data_22.csv,persistent_leak,22_5_28,24,5,28,3000,16800,leak_binary,1,57.5,50.399,50.399,50.399,50.399,50.399,50.399,49.437,49.437,49.437,49.437,49.437,49.437,48.758,48.758,48.758,48.758,48.758,48.758,54.5,54.5,54.5,54.5,54.5
train,22,data_22.csv,persistent_leak,22_6_29,24,6,29,3600,17400,leak_binary,1,50.399,50.399,50.399,50.399,50.399,50.399,49.437,49.437,49.437,49.437,49.437,49.437,48.758,48.758,48.758,48.758,48.758,48.758,54.5,54.5,54.5,54.5,54.5,54.5
train,22,data_22.csv,persistent_leak,22_7_30,24,7,30,4200,18000,leak_binary,1,50.399,50.399,50.399,50.399,50.399,49.437,49.437,49.437,49.437,49.437,49.437,48.758,48.758,48.758,48.758,48.758,48.758,54.5,54.5,54.5,54.5,54.5,54.5,60.5
train,22,data_22.csv,persistent_leak,22_8_31,24,8,31,4800,18600,leak_binary,1,50.399,50.399,50.399,50.399,49.437,49.437,49.437,49.437,49.437,49.437,48.758,48.758,48.758,48.758,48.758,48.758,54.5,54.5,54.5,54.5,54.5,54.5,60.5,60.5
train,22,data_22.csv,persistent_leak,22_9_32,24,9,32,5400,19200,leak_binary,1,50.399,50.399,50.399,49.437,49.437,49.437,49.437,49.437,49.437,48.758,48.758,48.758,48.758,48.758,48.758,54.5,54.5,54.5,54.5,54.5,54.5,60.5,60.5,60.5
train,22,data_22.csv,persistent_leak,22_10_33,24,10,33,6000,19800,leak_binary,1,50.399,50.399,49.437,49.437,49.437,49.437,49.437,49.437,48.758,48.758,48.758,48.758,48.758,48.758,54.5,54.5,54.5,54.5,54.5,54.5,60.5,60.5,60.5,60.5
train,22,data_22.csv,persistent_leak,22_11_34,24,11,34,6600,20400,leak_binary,1,50.399,49.437,49.437,49.437,49.437,49.437,49.437,48.758,48.758,48.758,48.758,48.758,48.758,54.5,54.5,54.5,54.5,54.5,54.5,60.5,60.5,60.5,60.5,60.5
train,22,data_22.csv,persistent_leak,22_12_35,24,12,35,7200,21000,leak_binary,1,49.437,49.437,49.437,49.437,49.437,49.437,48.758,48.758,48.758,48.758,48.758,48.758,54.5,54.5,54.5,54.5,54.5,54.5,60.5,60.5,60.5,60.5,60.5,60.5
train,22,data_22.csv,persistent_leak,22_13_36,24,13,36,7800,21600,leak_binary,1,49.437,49.437,49.437,49.437,49.437,48.758,48.758,48.758,48.758,48.758,48.758,54.5,54.5,54.5,54.5,54.5,54.5,60.5,60.5,60.5,60.5,60.5,60.5,64.5
train,22,data_22.csv,persistent_leak,22_14_37,24,14,37,8400,22200,leak_binary,1,49.437,49.437,49.437,49.437,48.758,48.758,48.758,48.758,48.758,48.758,54.5,54.5,54.5,54.5,54.5,54.5,60.5,60.5,60.5,60.5,60.5,60.5,64.5,64.5
train,22,data_22.csv,persistent_leak,22_15_38,24,15,38,9000,22800,leak_binary,1,49.437,49.437,49.437,48.758,48.758,48.758,48.758,48.758,48.758,54.5,54.5,54.5,54.5,54.5,54.5,60.5,60.5,60.5,60.5,60.5,60.5,64.5,64.5,64.5
train,22,data_22.csv,persistent_leak,22_16_39,24,16,39,9600,23400,leak_binary,1,49.437,49.437,48.758,48.758,48.758,48.758,48.758,48.758,54.5,54.5,54.5,54.5,54.5,54.5,60.5,60.5,60.5,60.5,60.5,60.5,64.5,64.5,64.5,64.5
train,22,data_22.csv,persistent_leak,22_17_40,24,17,40,10200,24000,leak_binary,1,49.437,48.758,48.758,48.758,48.758,48.758,48.758,54.5,54.5,54.5,54.5,54.5,54.5,60.5,60.5,60.5,60.5,60.5,60.5,64.5,64.5,64.5,64.5,64.5
train,22,data_22.csv,persistent_leak,22_18_41,24,18,41,10800,24600,leak_binary,1,48.758,48.758,48.758,48.758,48.758,48.758,54.5,54.5,54.5,54.5,54.5,54.5,60.5,60.5,60.5,60.5,60.5,60.5,64.5,64.5,64.5,64.5,64.5,64.5
train,22,data_22.csv,persistent_leak,22_19_42,24,19,42,11400,25200,leak_binary,1,48.758,48.758,48.758,48.758,48.758,54.5,54.5,54.5,54.5,54.5,54.5,60.5,60.5,60.5,60.5,60.5,60.5,64.5,64.5,64.5,64.5,64.5,64.5,74.5
train,22,data_22.csv,persistent_leak,22_20_43,24,20,43,12000,25800,leak_binary,1,48.758,48.758,48.758,48.758,54.5,54.5,54.5,54.5,54.5,54.5,60.5,60.5,60.5,60.5,60.5,60.5,64.5,64.5,64.5,64.5,64.5,64.5,74.5,74.5
train,22,data_22.csv,persistent_leak,22_21_44,24,21,44,12600,26400,leak_binary,1,48.758,48.758,48.758,54.5,54.5,54.5,54.5,54.5,54.5,60.5,60.5,60.5,60.5,60.5,60.5,64.5,64.5,64.5,64.5,64.5,64.5,74.5,74.5,74.5
train,22,data_22.csv,persistent_leak,22_22_45,24,22,45,13200,27000,leak_binary,1,48.758,48.758,54.5,54.5,54.5,54.5,54.5,54.5,60.5,60.5,60.5,60.5,60.5,60.5,64.5,64.5,64.5,64.5,64.5,64.5,74.5,74.5,74.5,74.5
train,22,data_22.csv,persistent_leak,22_23_46,24,23,46,13800,27600,leak_binary,1,48.758,54.5,54.5,54.5,54.5,54.5,54.5,60.5,60.5,60.5,60.5,60.5,60.5,64.5,64.5,64.5,64.5,64.5,64.5,74.5,74.5,74.5,74.5,74.5
train,22,data_22.csv,persistent_leak,22_24_47,24,24,47,14400,28200,leak_binary,1,54.5,54.5,54.5,54.5,54.5,54.5,60.5,60.5,60.5,60.5,60.5,60.5,64.5,64.5,64.5,64.5,64.5,64.5,74.5,74.5,74.5,74.5,74.5,74.5
train,22,data_22.csv,persistent_leak,22_25_48,24,25,48,15000,28800,leak_binary,1,54.5,54.5,54.5,54.5,54.5,60.5,60.5,60.5,60.5,60.5,60.5,64.5,64.5,64.5,64.5,64.5,64.5,74.5,74.5,74.5,74.5,74.5,74.5,84.5
train,22,data_22.csv,persistent_leak,22_26_49,24,26,49,15600,29400,leak_binary,1,54.5,54.5,54.5,54.5,60.5,60.5,60.5,60.5,60.5,60.5,64.5,64.5,64.5,64.5,64.5,64.5,74.5,74.5,74.5,74.5,74.5,74.5,84.5,84.5
train,22,data_22.csv,persistent_leak,22_27_50,24,27,50,16200,30000,leak_binary,1,54.5,54.5,54.5,60.5,60.5,60.5,60.5,60.5,60.5,64.5,64.5,64.5,64.5,64.5,64.5,74.5,74.5,74.5,74.5,74.5,74.5,84.5,84.5,84.5
train,22,data_22.csv,persistent_leak,22_28_51,24,28,51,16800,30600,leak_binary,1,54.5,54.5,60.5,60.5,60.5,60.5,60.5,60.5,64.5,64.5,64.5,64.5,64.5,64.5,74.5,74.5,74.5,74.5,74.5,74.5,84.5,84.5,84.5,84.5
train,22,data_22.csv,persistent_leak,22_29_52,24,29,52,17400,31200,leak_binary,1,54.5,60.5,60.5,60.5,60.5,60.5,60.5,64.5,64.5,64.5,64.5,64.5,64.5,74.5,74.5,74.5,74.5,74.5,74.5,84.5,84.5,84.5,84.5,84.5
train,22,data_22.csv,persistent_leak,22_30_53,24,30,53,18000,31800,leak_binary,1,60.5,60.5,60.5,60.5,60.5,60.5,64.5,64.5,64.5,64.5,64.5,64.5,74.5,74.5,74.5,74.5,74.5,74.5,84.5,84.5,84.5,84.5,84.5,84.5
train,22,data_22.csv,persistent_leak,22_31_54,24,31,54,18600,32400,leak_binary,1,60.5,60.5,60.5,60.5,60.5,64.5,64.5,64.5,64.5,64.5,64.5,74.5,74.5,74.5,74.5,74.5,74.5,84.5,84.5,84.5,84.5,84.5,84.5,87.111
train,22,data_22.csv,persistent_leak,22_32_55,24,32,55,19200,33000,leak_binary,1,60.5,60.5,60.5,60.5,64.5,64.5,64.5,64.5,64.5,64.5,74.5,74.5,74.5,74.5,74.5,74.5,84.5,84.5,84.5,84.5,84.5,84.5,87.111,87.111
train,22,data_22.csv,persistent_leak,22_33_56,24,33,56,19800,33600,leak_binary,1,60.5,60.5,60.5,64.5,64.5,64.5,64.5,64.5,64.5,74.5,74.5,74.5,74.5,74.5,74.5,84.5,84.5,84.5,84.5,84.5,84.5,87.111,87.111,87.111
train,22,data_22.csv,persistent_leak,22_34_57,24,34,57,20400,34200,leak_binary,1,60.5,60.5,64.5,64.5,64.5,64.5,64.5,64.5,74.5,74.5,74.5,74.5,74.5,74.5,84.5,84.5,84.5,84.5,84.5,84.5,87.111,87.111,87.111,87.111
train,22,data_22.csv,persistent_leak,22_35_58,24,35,58,21000,34800,leak_binary,1,60.5,64.5,64.5,64.5,64.5,64.5,64.5,74.5,74.5,74.5,74.5,74.5,74.5,84.5,84.5,84.5,84.5,84.5,84.5,87.111,87.111,87.111,87.111,87.111
train,22,data_22.csv,persistent_leak,22_36_59,24,36,59,21600,35400,leak_binary,1,64.5,64.5,64.5,64.5,64.5,64.5,74.5,74.5,74.5,74.5,74.5,74.5,84.5,84.5,84.5,84.5,84.5,84.5,87.111,87.111,87.111,87.111,87.111,87.111
train,22,data_22.csv,persistent_leak,22_37_60,24,37,60,22200,36000,leak_binary,1,64.5,64.5,64.5,64.5,64.5,74.5,74.5,74.5,74.5,74.5,74.5,84.5,84.5,84.5,84.5,84.5,84.5,87.111,87.111,87.111,87.111,87.111,87.111,95.389
train,22,data_22.csv,persistent_leak,22_38_61,24,38,61,22800,36600,leak_binary,1,64.5,64.5,64.5,64.5,74.5,74.5,74.5,74.5,74.5,74.5,84.5,84.5,84.5,84.5,84.5,84.5,87.111,87.111,87.111,87.111,87.111,87.111,95.389,95.389
train,22,data_22.csv,persistent_leak,22_39_62,24,39,62,23400,37200,leak_binary,1,64.5,64.5,64.5,74.5,74.5,74.5,74.5,74.5,74.5,84.5,84.5,84.5,84.5,84.5,84.5,87.111,87.111,87.111,87.111,87.111,87.111,95.389,95.389,95.389
train,22,data_22.csv,persistent_leak,22_40_63,24,40,63,24000,37800,leak_binary,1,64.5,64.5,74.5,74.5,74.5,74.5,74.5,74.5,84.5,84.5,84.5,84.5,84.5,84.5,87.111,87.111,87.111,87.111,87.111,87.111,95.389,95.389,95.389,95.389
train,22,data_22.csv,persistent_leak,22_41_64,24,41,64,24600,38400,leak_binary,1,64.5,74.5,74.5,74.5,74.5,74.5,74.5,84.5,84.5,84.5,84.5,84.5,84.5,87.111,87.111,87.111,87.111,87.111,87.111,95.389,95.389,95.389,95.389,95.389
train,22,data_22.csv,persistent_leak,22_42_65,24,42,65,25200,39000,leak_binary,1,74.5,74.5,74.5,74.5,74.5,74.5,84.5,84.5,84.5,84.5,84.5,84.5,87.111,87.111,87.111,87.111,87.111,87.111,95.389,95.389,95.389,95.389,95.389,95.389
train,22,data_22.csv,persistent_leak,22_43_66,24,43,66,25800,39600,leak_binary,1,74.5,74.5,74.5,74.5,74.5,84.5,84.5,84.5,84.5,84.5,84.5,87.111,87.111,87.111,87.111,87.111,87.111,95.389,95.389,95.389,95.389,95.389,95.389,110.0
train,22,data_22.csv,persistent_leak,22_44_67,24,44,67,26400,40200,leak_binary,1,74.5,74.5,74.5,74.5,84.5,84.5,84.5,84.5,84.5,84.5,87.111,87.111,87.111,87.111,87.111,87.111,95.389,95.389,95.389,95.389,95.389,95.389,110.0,110.0
train,22,data_22.csv,persistent_leak,22_45_68,24,45,68,27000,40800,leak_binary,1,74.5,74.5,74.5,84.5,84.5,84.5,84.5,84.5,84.5,87.111,87.111,87.111,87.111,87.111,87.111,95.389,95.389,95.389,95.389,95.389,95.389,110.0,110.0,110.0
train,22,data_22.csv,persistent_leak,22_46_69,24,46,69,27600,41400,leak_binary,1,74.5,74.5,84.5,84.5,84.5,84.5,84.5,84.5,87.111,87.111,87.111,87.111,87.111,87.111,95.389,95.389,95.389,95.389,95.389,95.389,110.0,110.0,110.0,110.0
train,22,data_22.csv,persistent_leak,22_47_70,24,47,70,28200,42000,leak_binary,1,74.5,84.5,84.5,84.5,84.5,84.5,84.5,87.111,87.111,87.111,87.111,87.111,87.111,95.389,95.389,95.389,95.389,95.389,95.389,110.0,110.0,110.0,110.0,110.0
train,22,data_22.csv,persistent_leak,22_48_71,24,48,71,28800,42600,leak_binary,1,84.5,84.5,84.5,84.5,84.5,84.5,87.111,87.111,87.111,87.111,87.111,87.111,95.389,95.389,95.389,95.389,95.389,95.389,110.0,110.0,110.0,110.0,110.0,110.0
train,22,data_22.csv,persistent_leak,22_49_72,24,49,72,29400,43200,leak_binary,1,84.5,84.5,84.5,84.5,84.5,87.111,87.111,87.111,87.111,87.111,87.111,95.389,95.389,95.389,95.389,95.389,95.389,110.0,110.0,110.0,110.0,110.0,110.0,112.06
train,22,data_22.csv,persistent_leak,22_50_73,24,50,73,30000,43800,leak_binary,1,84.5,84.5,84.5,84.5,87.111,87.111,87.111,87.111,87.111,87.111,95.389,95.389,95.389,95.389,95.389,95.389,110.0,110.0,110.0,110.0,110.0,110.0,112.06,112.06
train,22,data_22.csv,persistent_leak,22_51_74,24,51,74,30600,44400,leak_binary,1,84.5,84.5,84.5,87.111,87.111,87.111,87.111,87.111,87.111,95.389,95.389,95.389,95.389,95.389,95.389,110.0,110.0,110.0,110.0,110.0,110.0,112.06,112.06,112.06
train,22,data_22.csv,persistent_leak,22_52_75,24,52,75,31200,45000,leak_binary,1,84.5,84.5,87.111,87.111,87.111,87.111,87.111,87.111,95.389,95.389,95.389,95.389,95.389,95.389,110.0,110.0,110.0,110.0,110.0,110.0,112.06,112.06,112.06,112.06
train,22,data_22.csv,persistent_leak,22_53_76,24,53,76,31800,45600,leak_binary,1,84.5,87.111,87.111,87.111,87.111,87.111,87.111,95.389,95.389,95.389,95.389,95.389,95.389,110.0,110.0,110.0,110.0,110.0,110.0,112.06,112.06,112.06,112.06,112.06
train,22,data_22.csv,persistent_leak,22_54_77,24,54,77,32400,46200,leak_binary,1,87.111,87.111,87.111,87.111,87.111,87.111,95.389,95.389,95.389,95.389,95.389,95.389,110.0,110.0,110.0,110.0,110.0,110.0,112.06,112.06,112.06,112.06,112.06,112.06
train,22,data_22.csv,persistent_leak,22_55_78,24,55,78,33000,46800,leak_binary,1,87.111,87.111,87.111,87.111,87.111,95.389,95.389,95.389,95.389,95.389,95.389,110.0,110.0,110.0,110.0,110.0,110.0,112.06,112.06,112.06,112.06,112.06,112.06,100.44
train,22,data_22.csv,persistent_leak,22_56_79,24,56,79,33600,47400,leak_binary,1,87.111,87.111,87.111,87.111,95.389,95.389,95.389,95.389,95.389,95.389,110.0,110.0,110.0,110.0,110.0,110.0,112.06,112.06,112.06,112.06,112.06,112.06,100.44,100.44
train,22,data_22.csv,persistent_leak,22_57_80,24,57,80,34200,48000,leak_binary,1,87.111,87.111,87.111,95.389,95.389,95.389,95.389,95.389,95.389,110.0,110.0,110.0,110.0,110.0,110.0,112.06,112.06,112.06,112.06,112.06,112.06,100.44,100.44,100.44
train,22,data_22.csv,persistent_leak,22_58_81,24,58,81,34800,48600,leak_binary,1,87.111,87.111,95.389,95.389,95.389,95.389,95.389,95.389,110.0,110.0,110.0,110.0,110.0,110.0,112.06,112.06,112.06,112.06,112.06,112.06,100.44,100.44,100.44,100.44
train,22,data_22.csv,persistent_leak,22_59_82,24,59,82,35400,49200,leak_binary,1,87.111,95.389,95.389,95.389,95.389,95.389,95.389,110.0,110.0,110.0,110.0,110.0,110.0,112.06,112.06,112.06,112.06,112.06,112.06,100.44,100.44,100.44,100.44,100.44
train,22,data_22.csv,persistent_leak,22_60_83,24,60,83,36000,49800,leak_binary,1,95.389,95.389,95.389,95.389,95.389,95.389,110.0,110.0,110.0,110.0,110.0,110.0,112.06,112.06,112.06,112.06,112.06,112.06,100.44,100.44,100.44,100.44,100.44,100.44
train,22,data_22.csv,persistent_leak,22_61_84,24,61,84,36600,50400,leak_binary,1,95.389,95.389,95.389,95.389,95.389,110.0,110.0,110.0,110.0,110.0,110.0,112.06,112.06,112.06,112.06,112.06,112.06,100.44,100.44,100.44,100.44,100.44,100.44,82.5
train,22,data_22.csv,persistent_leak,22_62_85,24,62,85,37200,51000,leak_binary,1,95.389,95.389,95.389,95.389,110.0,110.0,110.0,110.0,110.0,110.0,112.06,112.06,112.06,112.06,112.06,112.06,100.44,100.44,100.44,100.44,100.44,100.44,82.5,82.5
train,22,data_22.csv,persistent_leak,22_63_86,24,63,86,37800,51600,leak_binary,1,95.389,95.389,95.389,110.0,110.0,110.0,110.0,110.0,110.0,112.06,112.06,112.06,112.06,112.06,112.06,100.44,100.44,100.44,100.44,100.44,100.44,82.5,82.5,82.5
train,22,data_22.csv,persistent_leak,22_64_87,24,64,87,38400,52200,leak_binary,1,95.389,95.389,110.0,110.0,110.0,110.0,110.0,110.0,112.06,112.06,112.06,112.06,112.06,112.06,100.44,100.44,100.44,100.44,100.44,100.44,82.5,82.5,82.5,82.5
train,22,data_22.csv,persistent_leak,22_65_88,24,65,88,39000,52800,leak_binary,1,95.389,110.0,110.0,110.0,110.0,110.0,110.0,112.06,112.06,112.06,112.06,112.06,112.06,100.44,100.44,100.44,100.44,100.44,100.44,82.5,82.5,82.5,82.5,82.5
train,22,data_22.csv,persistent_leak,22_66_89,24,66,89,39600,53400,leak_binary,1,110.0,110.0,110.0,110.0,110.0,110.0,112.06,112.06,112.06,112.06,112.06,112.06,100.44,100.44,100.44,100.44,100.44,100.44,82.5,82.5,82.5,82.5,82.5,82.5
train,22,data_22.csv,persistent_leak,22_67_90,24,67,90,40200,54000,leak_binary,1,110.0,110.0,110.0,110.0,110.0,112.06,112.06,112.06,112.06,112.06,112.06,100.44,100.44,100.44,100.44,100.44,100.44,82.5,82.5,82.5,82.5,82.5,82.5,75.313
train,22,data_22.csv,persistent_leak,22_68_91,24,68,91,40800,54600,leak_binary,1,110.0,110.0,110.0,110.0,112.06,112.06,112.06,112.06,112.06,112.06,100.44,100.44,100.44,100.44,100.44,100.44,82.5,82.5,82.5,82.5,82.5,82.5,75.313,75.313
train,22,data_22.csv,persistent_leak,22_69_92,24,69,92,41400,55200,leak_binary,1,110.0,110.0,110.0,112.06,112.06,112.06,112.06,112.06,112.06,100.44,100.44,100.44,100.44,100.44,100.44,82.5,82.5,82.5,82.5,82.5,82.5,75.313,75.313,75.313
train,22,data_22.csv,persistent_leak,22_70_93,24,70,93,42000,55800,leak_binary,1,110.0,110.0,112.06,112.06,112.06,112.06,112.06,112.06,100.44,100.44,100.44,100.44,100.44,100.44,82.5,82.5,82.5,82.5,82.5,82.5,75.313,75.313,75.313,75.313
train,22,data_22.csv,persistent_leak,22_71_94,24,71,94,42600,56400,leak_binary,1,110.0,112.06,112.06,112.06,112.06,112.06,112.06,100.44,100.44,100.44,100.44,100.44,100.44,82.5,82.5,82.5,82.5,82.5,82.5,75.313,75.313,75.313,75.313,75.313
train,22,data_22.csv,persistent_leak,22_72_95,24,72,95,43200,57000,leak_binary,1,112.06,112.06,112.06,112.06,112.06,112.06,100.44,100.44,100.44,100.44,100.44,100.44,82.5,82.5,82.5,82.5,82.5,82.5,75.313,75.313,75.313,75.313,75.313,75.313
train,22,data_22.csv,persistent_leak,22_73_96,24,73,96,43800,57600,leak_binary,1,112.06,112.06,112.06,112.06,112.06,100.44,100.44,100.44,100.44,100.44,100.44,82.5,82.5,82.5,82.5,82.5,82.5,75.313,75.313,75.313,75.313,75.313,75.313,81.5
train,22,data_22.csv,persistent_leak,22_74_97,24,74,97,44400,58200,leak_binary,1,112.06,112.06,112.06,112.06,100.44,100.44,100.44,100.44,100.44,100.44,82.5,82.5,82.5,82.5,82.5,82.5,75.313,75.313,75.313,75.313,75.313,75.313,81.5,81.5
train,22,data_22.csv,persistent_leak,22_75_98,24,75,98,45000,58800,leak_binary,1,112.06,112.06,112.06,100.44,100.44,100.44,100.44,100.44,100.44,82.5,82.5,82.5,82.5,82.5,82.5,75.313,75.313,75.313,75.313,75.313,75.313,81.5,81.5,81.5
train,22,data_22.csv,persistent_leak,22_76_99,24,76,99,45600,59400,leak_binary,1,112.06,112.06,100.44,100.44,100.44,100.44,100.44,100.44,82.5,82.5,82.5,82.5,82.5,82.5,75.313,75.313,75.313,75.313,75.313,75.313,81.5,81.5,81.5,81.5
train,22,data_22.csv,persistent_leak,22_77_100,24,77,100,46200,60000,leak_binary,1,112.06,100.44,100.44,100.44,100.44,100.44,100.44,82.5,82.5,82.5,82.5,82.5,82.5,75.313,75.313,75.313,75.313,75.313,75.313,81.5,81.5,81.5,81.5,81.5
train,22,data_22.csv,persistent_leak,22_78_101,24,78,101,46800,60600,leak_binary,1,100.44,100.44,100.44,100.44,100.44,100.44,82.5,82.5,82.5,82.5,82.5,82.5,75.313,75.313,75.313,75.313,75.313,75.313,81.5,81.5,81.5,81.5,81.5,81.5
train,22,data_22.csv,persistent_leak,22_79_102,24,79,102,47400,61200,leak_binary,1,100.44,100.44,100.44,100.44,100.44,82.5,82.5,82.5,82.5,82.5,82.5,75.313,75.313,75.313,75.313,75.313,75.313,81.5,81.5,81.5,81.5,81.5,81.5,87.688
train,22,data_22.csv,persistent_leak,22_80_103,24,80,103,48000,61800,leak_binary,1,100.44,100.44,100.44,100.44,82.5,82.5,82.5,82.5,82.5,82.5,75.313,75.313,75.313,75.313,75.313,75.313,81.5,81.5,81.5,81.5,81.5,81.5,87.688,87.688
train,22,data_22.csv,persistent_leak,22_81_104,24,81,104,48600,62400,leak_binary,1,100.44,100.44,100.44,82.5,82.5,82.5,82.5,82.5,82.5,75.313,75.313,75.313,75.313,75.313,75.313,81.5,81.5,81.5,81.5,81.5,81.5,87.688,87.688,87.688
train,22,data_22.csv,persistent_leak,22_82_105,24,82,105,49200,63000,leak_binary,1,100.44,100.44,82.5,82.5,82.5,82.5,82.5,82.5,75.313,75.313,75.313,75.313,75.313,75.313,81.5,81.5,81.5,81.5,81.5,81.5,87.688,87.688,87.688,87.688
train,22,data_22.csv,persistent_leak,22_83_106,24,83,106,49800,63600,leak_binary,1,100.44,82.5,82.5,82.5,82.5,82.5,82.5,75.313,75.313,75.313,75.313,75.313,75.313,81.5,81.5,81.5,81.5,81.5,81.5,87.688,87.688,87.688,87.688,87.688
train,22,data_22.csv,persistent_leak,22_84_107,24,84,107,50400,64200,leak_binary,1,82.5,82.5,82.5,82.5,82.5,82.5,75.313,75.313,75.313,75.313,75.313,75.313,81.5,81.5,81.5,81.5,81.5,81.5,87.688,87.688,87.688,87.688,87.688,87.688
train,22,data_22.csv,persistent_leak,22_85_108,24,85,108,51000,64800,leak_binary,1,82.5,82.5,82.5,82.5,82.5,75.313,75.313,75.313,75.313,75.313,75.313,81.5,81.5,81.5,81.5,81.5,81.5,87.688,87.688,87.688,87.688,87.688,87.688,98.5
train,22,data_22.csv,persistent_leak,22_86_109,24,86,109,51600,65400,leak_binary,1,82.5,82.5,82.5,82.5,75.313,75.313,75.313,75.313,75.313,75.313,81.5,81.5,81.5,81.5,81.5,81.5,87.688,87.688,87.688,87.688,87.688,87.688,98.5,98.5
train,22,data_22.csv,persistent_leak,22_87_110,24,87,110,52200,66000,leak_binary,1,82.5,82.5,82.5,75.313,75.313,75.313,75.313,75.313,75.313,81.5,81.5,81.5,81.5,81.5,81.5,87.688,87.688,87.688,87.688,87.688,87.688,98.5,98.5,98.5
train,22,data_22.csv,persistent_leak,22_88_111,24,88,111,52800,66600,leak_binary,1,82.5,82.5,75.313,75.313,75.313,75.313,75.313,75.313,81.5,81.5,81.5,81.5,81.5,81.5,87.688,87.688,87.688,87.688,87.688,87.688,98.5,98.5,98.5,98.5
train,22,data_22.csv,persistent_leak,22_89_112,24,89,112,53400,67200,leak_binary,1,82.5,75.313,75.313,75.313,75.313,75.313,75.313,81.5,81.5,81.5,81.5,81.5,81.5,87.688,87.688,87.688,87.688,87.688,87.688,98.5,98.5,98.5,98.5,98.5
train,22,data_22.csv,persistent_leak,22_90_113,24,90,113,54000,67800,leak_binary,1,75.313,75.313,75.313,75.313,75.313,75.313,81.5,81.5,81.5,81.5,81.5,81.5,87.688,87.688,87.688,87.688,87.688,87.688,98.5,98.5,98.5,98.5,98.5,98.5
train,22,data_22.csv,persistent_leak,22_91_114,24,91,114,54600,68400,leak_binary,1,75.313,75.313,75.313,75.313,75.313,81.5,81.5,81.5,81.5,81.5,81.5,87.688,87.688,87.688,87.688,87.688,87.688,98.5,98.5,98.5,98.5,98.5,98.5,92.747
train,22,data_22.csv,persistent_leak,22_92_115,24,92,115,55200,69000,leak_binary,1,75.313,75.313,75.313,75.313,81.5,81.5,81.5,81.5,81.5,81.5,87.688,87.688,87.688,87.688,87.688,87.688,98.5,98.5,98.5,98.5,98.5,98.5,92.747,92.747
train,22,data_22.csv,persistent_leak,22_93_116,24,93,116,55800,69600,leak_binary,1,75.313,75.313,75.313,81.5,81.5,81.5,81.5,81.5,81.5,87.688,87.688,87.688,87.688,87.688,87.688,98.5,98.5,98.5,98.5,98.5,98.5,92.747,92.747,92.747
train,22,data_22.csv,persistent_leak,22_94_117,24,94,117,56400,70200,leak_binary,1,75.313,75.313,81.5,81.5,81.5,81.5,81.5,81.5,87.688,87.688,87.688,87.688,87.688,87.688,98.5,98.5,98.5,98.5,98.5,98.5,92.747,92.747,92.747,92.747
train,22,data_22.csv,persistent_leak,22_95_118,24,95,118,57000,70800,leak_binary,1,75.313,81.5,81.5,81.5,81.5,81.5,81.5,87.688,87.688,87.688,87.688,87.688,87.688,98.5,98.5,98.5,98.5,98.5,98.5,92.747,92.747,92.747,92.747,92.747
train,22,data_22.csv,persistent_leak,22_96_119,24,96,119,57600,71400,leak_binary,1,81.5,81.5,81.5,81.5,81.5,81.5,87.688,87.688,87.688,87.688,87.688,87.688,98.5,98.5,98.5,98.5,98.5,98.5,92.747,92.747,92.747,92.747,92.747,92.747
train,22,data_22.csv,persistent_leak,22_97_120,24,97,120,58200,72000,leak_binary,1,81.5,81.5,81.5,81.5,81.5,87.688,87.688,87.688,87.688,87.688,87.688,98.5,98.5,98.5,98.5,98.5,98.5,92.747,92.747,92.747,92.747,92.747,92.747,82.0
train,22,data_22.csv,persistent_leak,22_98_121,24,98,121,58800,72600,leak_binary,1,81.5,81.5,81.5,81.5,87.688,87.688,87.688,87.688,87.688,87.688,98.5,98.5,98.5,98.5,98.5,98.5,92.747,92.747,92.747,92.747,92.747,92.747,82.0,82.0
train,22,data_22.csv,persistent_leak,22_99_122,24,99,122,59400,73200,leak_binary,1,81.5,81.5,81.5,87.688,87.688,87.688,87.688,87.688,87.688,98.5,98.5,98.5,98.5,98.5,98.5,92.747,92.747,92.747,92.747,92.747,92.747,82.0,82.0,82.0
train,22,data_22.csv,persistent_leak,22_100_123,24,100,123,60000,73800,leak_binary,1,81.5,81.5,87.688,87.688,87.688,87.688,87.688,87.688,98.5,98.5,98.5,98.5,98.5,98.5,92.747,92.747,92.747,92.747,92.747,92.747,82.0,82.0,82.0,82.0
train,22,data_22.csv,persistent_leak,22_101_124,24,101,124,60600,74400,leak_binary,1,81.5,87.688,87.688,87.688,87.688,87.688,87.688,98.5,98.5,98.5,98.5,98.5,98.5,92.747,92.747,92.747,92.747,92.747,92.747,82.0,82.0,82.0,82.0,82.0
train,22,data_22.csv,persistent_leak,22_102_125,24,102,125,61200,75000,leak_binary,1,87.688,87.688,87.688,87.688,87.688,87.688,98.5,98.5,98.5,98.5,98.5,98.5,92.747,92.747,92.747,92.747,92.747,92.747,82.0,82.0,82.0,82.0,82.0,82.0
train,22,data_22.csv,persistent_leak,22_103_126,24,103,126,61800,75600,leak_binary,1,87.688,87.688,87.688,87.688,87.688,98.5,98.5,98.5,98.5,98.5,98.5,92.747,92.747,92.747,92.747,92.747,92.747,82.0,82.0,82.0,82.0,82.0,82.0,88.341
train,22,data_22.csv,persistent_leak,22_104_127,24,104,127,62400,76200,leak_binary,1,87.688,87.688,87.688,87.688,98.5,98.5,98.5,98.5,98.5,98.5,92.747,92.747,92.747,92.747,92.747,92.747,82.0,82.0,82.0,82.0,82.0,82.0,88.341,88.341
train,22,data_22.csv,persistent_leak,22_105_128,24,105,128,63000,76800,leak_binary,1,87.688,87.688,87.688,98.5,98.5,98.5,98.5,98.5,98.5,92.747,92.747,92.747,92.747,92.747,92.747,82.0,82.0,82.0,82.0,82.0,82.0,88.341,88.341,88.341
train,22,data_22.csv,persistent_leak,22_106_129,24,106,129,63600,77400,leak_binary,1,87.688,87.688,98.5,98.5,98.5,98.5,98.5,98.5,92.747,92.747,92.747,92.747,92.747,92.747,82.0,82.0,82.0,82.0,82.0,82.0,88.341,88.341,88.341,88.341
train,22,data_22.csv,persistent_leak,22_107_130,24,107,130,64200,78000,leak_binary,1,87.688,98.5,98.5,98.5,98.5,98.5,98.5,92.747,92.747,92.747,92.747,92.747,92.747,82.0,82.0,82.0,82.0,82.0,82.0,88.341,88.341,88.341,88.341,88.341
train,22,data_22.csv,persistent_leak,22_108_131,24,108,131,64800,78600,leak_binary,1,98.5,98.5,98.5,98.5,98.5,98.5,92.747,92.747,92.747,92.747,92.747,92.747,82.0,82.0,82.0,82.0,82.0,82.0,88.341,88.341,88.341,88.341,88.341,88.341
train,22,data_22.csv,persistent_leak,22_109_132,24,109,132,65400,79200,leak_binary,1,98.5,98.5,98.5,98.5,98.5,92.747,92.747,92.747,92.747,92.747,92.747,82.0,82.0,82.0,82.0,82.0,82.0,88.341,88.341,88.341,88.341,88.341,88.341,79.338
train,22,data_22.csv,persistent_leak,22_110_133,24,110,133,66000,79800,leak_binary,1,98.5,98.5,98.5,98.5,92.747,92.747,92.747,92.747,92.747,92.747,82.0,82.0,82.0,82.0,82.0,82.0,88.341,88.341,88.341,88.341,88.341,88.341,79.338,79.338
train,22,data_22.csv,persistent_leak,22_111_134,24,111,134,66600,80400,leak_binary,1,98.5,98.5,98.5,92.747,92.747,92.747,92.747,92.747,92.747,82.0,82.0,82.0,82.0,82.0,82.0,88.341,88.341,88.341,88.341,88.341,88.341,79.338,79.338,79.338
train,22,data_22.csv,persistent_leak,22_112_135,24,112,135,67200,81000,leak_binary,1,98.5,98.5,92.747,92.747,92.747,92.747,92.747,92.747,82.0,82.0,82.0,82.0,82.0,82.0,88.341,88.341,88.341,88.341,88.341,88.341,79.338,79.338,79.338,79.338
train,22,data_22.csv,persistent_leak,22_113_136,24,113,136,67800,81600,leak_binary,1,98.5,92.747,92.747,92.747,92.747,92.747,92.747,82.0,82.0,82.0,82.0,82.0,82.0,88.341,88.341,88.341,88.341,88.341,88.341,79.338,79.338,79.338,79.338,79.338
train,22,data_22.csv,persistent_leak,22_114_137,24,114,137,68400,82200,leak_binary,1,92.747,92.747,92.747,92.747,92.747,92.747,82.0,82.0,82.0,82.0,82.0,82.0,88.341,88.341,88.341,88.341,88.341,88.341,79.338,79.338,79.338,79.338,79.338,79.338
train,22,data_22.csv,persistent_leak,22_115_138,24,115,138,69000,82800,leak_binary,1,92.747,92.747,92.747,92.747,92.747,82.0,82.0,82.0,82.0,82.0,82.0,88.341,88.341,88.341,88.341,88.341,88.341,79.338,79.338,79.338,79.338,79.338,79.338,63.0
train,22,data_22.csv,persistent_leak,22_116_139,24,116,139,69600,83400,leak_binary,1,92.747,92.747,92.747,92.747,82.0,82.0,82.0,82.0,82.0,82.0,88.341,88.341,88.341,88.341,88.341,88.341,79.338,79.338,79.338,79.338,79.338,79.338,63.0,63.0
train,22,data_22.csv,persistent_leak,22_117_140,24,117,140,70200,84000,leak_binary,1,92.747,92.747,92.747,82.0,82.0,82.0,82.0,82.0,82.0,88.341,88.341,88.341,88.341,88.341,88.341,79.338,79.338,79.338,79.338,79.338,79.338,63.0,63.0,63.0
train,22,data_22.csv,persistent_leak,22_118_141,24,118,141,70800,84600,leak_binary,1,92.747,92.747,82.0,82.0,82.0,82.0,82.0,82.0,88.341,88.341,88.341,88.341,88.341,88.341,79.338,79.338,79.338,79.338,79.338,79.338,63.0,63.0,63.0,63.0
train,22,data_22.csv,persistent_leak,22_119_142,24,119,142,71400,85200,leak_binary,1,92.747,82.0,82.0,82.0,82.0,82.0,82.0,88.341,88.341,88.341,88.341,88.341,88.341,79.338,79.338,79.338,79.338,79.338,79.338,63.0,63.0,63.0,63.0,63.0
train,22,data_22.csv,persistent_leak,22_120_143,24,120,143,72000,85800,leak_binary,1,82.0,82.0,82.0,82.0,82.0,82.0,88.341,88.341,88.341,88.341,88.341,88.341,79.338,79.338,79.338,79.338,79.338,79.338,63.0,63.0,63.0,63.0,63.0,63.0
train,22,data_22.csv,persistent_leak,22_121_144,24,121,144,72600,86400,leak_binary,1,82.0,82.0,82.0,82.0,82.0,88.341,88.341,88.341,88.341,88.341,88.341,79.338,79.338,79.338,79.338,79.338,79.338,63.0,63.0,63.0,63.0,63.0,63.0,57.5
train,23,data_23.csv,persistent_leak,23_0_23,24,0,23,0,13800,leak_binary,1,53.0,53.0,53.0,53.0,53.0,53.0,51.732,51.732,51.732,51.732,51.732,51.732,51.018,51.018,51.018,51.018,51.018,51.018,51.003,51.003,51.003,51.003,51.003,51.003
train,23,data_23.csv,persistent_leak,23_1_24,24,1,24,600,14400,leak_binary,1,53.0,53.0,53.0,53.0,53.0,51.732,51.732,51.732,51.732,51.732,51.732,51.018,51.018,51.018,51.018,51.018,51.018,51.003,51.003,51.003,51.003,51.003,51.003,51.824
train,23,data_23.csv,persistent_leak,23_2_25,24,2,25,1200,15000,leak_binary,1,53.0,53.0,53.0,53.0,51.732,51.732,51.732,51.732,51.732,51.732,51.018,51.018,51.018,51.018,51.018,51.018,51.003,51.003,51.003,51.003,51.003,51.003,51.824,51.824
train,23,data_23.csv,persistent_leak,23_3_26,24,3,26,1800,15600,leak_binary,1,53.0,53.0,53.0,51.732,51.732,51.732,51.732,51.732,51.732,51.018,51.018,51.018,51.018,51.018,51.018,51.003,51.003,51.003,51.003,51.003,51.003,51.824,51.824,51.824
train,23,data_23.csv,persistent_leak,23_4_27,24,4,27,2400,16200,leak_binary,1,53.0,53.0,51.732,51.732,51.732,51.732,51.732,51.732,51.018,51.018,51.018,51.018,51.018,51.018,51.003,51.003,51.003,51.003,51.003,51.003,51.824,51.824,51.824,51.824
train,23,data_23.csv,persistent_leak,23_5_28,24,5,28,3000,16800,leak_binary,1,53.0,51.732,51.732,51.732,51.732,51.732,51.732,51.018,51.018,51.018,51.018,51.018,51.018,51.003,51.003,51.003,51.003,51.003,51.003,51.824,51.824,51.824,51.824,51.824
train,23,data_23.csv,persistent_leak,23_6_29,24,6,29,3600,17400,leak_binary,1,51.732,51.732,51.732,51.732,51.732,51.732,51.018,51.018,51.018,51.018,51.018,51.018,51.003,51.003,51.003,51.003,51.003,51.003,51.824,51.824,51.824,51.824,51.824,51.824
train,23,data_23.csv,persistent_leak,23_7_30,24,7,30,4200,18000,leak_binary,1,51.732,51.732,51.732,51.732,51.732,51.018,51.018,51.018,51.018,51.018,51.018,51.003,51.003,51.003,51.003,51.003,51.003,51.824,51.824,51.824,51.824,51.824,51.824,53.217
train,23,data_23.csv,persistent_leak,23_8_31,24,8,31,4800,18600,leak_binary,1,51.732,51.732,51.732,51.732,51.018,51.018,51.018,51.018,51.018,51.018,51.003,51.003,51.003,51.003,51.003,51.003,51.824,51.824,51.824,51.824,51.824,51.824,53.217,53.217
train,23,data_23.csv,persistent_leak,23_9_32,24,9,32,5400,19200,leak_binary,1,51.732,51.732,51.732,51.018,51.018,51.018,51.018,51.018,51.018,51.003,51.003,51.003,51.003,51.003,51.003,51.824,51.824,51.824,51.824,51.824,51.824,53.217,53.217,53.217
train,23,data_23.csv,persistent_leak,23_10_33,24,10,33,6000,19800,leak_binary,1,51.732,51.732,51.018,51.018,51.018,51.018,51.018,51.018,51.003,51.003,51.003,51.003,51.003,51.003,51.824,51.824,51.824,51.824,51.824,51.824,53.217,53.217,53.217,53.217
train,23,data_23.csv,persistent_leak,23_11_34,24,11,34,6600,20400,leak_binary,1,51.732,51.018,51.018,51.018,51.018,51.018,51.018,51.003,51.003,51.003,51.003,51.003,51.003,51.824,51.824,51.824,51.824,51.824,51.824,53.217,53.217,53.217,53.217,53.217
train,23,data_23.csv,persistent_leak,23_12_35,24,12,35,7200,21000,leak_binary,1,51.018,51.018,51.018,51.018,51.018,51.018,51.003,51.003,51.003,51.003,51.003,51.003,51.824,51.824,51.824,51.824,51.824,51.824,53.217,53.217,53.217,53.217,53.217,53.217
train,23,data_23.csv,persistent_leak,23_13_36,24,13,36,7800,21600,leak_binary,1,51.018,51.018,51.018,51.018,51.018,51.003,51.003,51.003,51.003,51.003,51.003,51.824,51.824,51.824,51.824,51.824,51.824,53.217,53.217,53.217,53.217,53.217,53.217,54.792
train,23,data_23.csv,persistent_leak,23_14_37,24,14,37,8400,22200,leak_binary,1,51.018,51.018,51.018,51.018,51.003,51.003,51.003,51.003,51.003,51.003,51.824,51.824,51.824,51.824,51.824,51.824,53.217,53.217,53.217,53.217,53.217,53.217,54.792,54.792
train,23,data_23.csv,persistent_leak,23_15_38,24,15,38,9000,22800,leak_binary,1,51.018,51.018,51.018,51.003,51.003,51.003,51.003,51.003,51.003,51.824,51.824,51.824,51.824,51.824,51.824,53.217,53.217,53.217,53.217,53.217,53.217,54.792,54.792,54.792
train,23,data_23.csv,persistent_leak,23_16_39,24,16,39,9600,23400,leak_binary,1,51.018,51.018,51.003,51.003,51.003,51.003,51.003,51.003,51.824,51.824,51.824,51.824,51.824,51.824,53.217,53.217,53.217,53.217,53.217,53.217,54.792,54.792,54.792,54.792
train,23,data_23.csv,persistent_leak,23_17_40,24,17,40,10200,24000,leak_binary,1,51.018,51.003,51.003,51.003,51.003,51.003,51.003,51.824,51.824,51.824,51.824,51.824,51.824,53.217,53.217,53.217,53.217,53.217,53.217,54.792,54.792,54.792,54.792,54.792
train,23,data_23.csv,persistent_leak,23_18_41,24,18,41,10800,24600,leak_binary,1,51.003,51.003,51.003,51.003,51.003,51.003,51.824,51.824,51.824,51.824,51.824,51.824,53.217,53.217,53.217,53.217,53.217,53.217,54.792,54.792,54.792,54.792,54.792,54.792
train,23,data_23.csv,persistent_leak,23_19_42,24,19,42,11400,25200,leak_binary,1,51.003,51.003,51.003,51.003,51.003,51.824,51.824,51.824,51.824,51.824,51.824,53.217,53.217,53.217,53.217,53.217,53.217,54.792,54.792,54.792,54.792,54.792,54.792,56.5
train,23,data_23.csv,persistent_leak,23_20_43,24,20,43,12000,25800,leak_binary,1,51.003,51.003,51.003,51.003,51.824,51.824,51.824,51.824,51.824,51.824,53.217,53.217,53.217,53.217,53.217,53.217,54.792,54.792,54.792,54.792,54.792,54.792,56.5,56.5
train,23,data_23.csv,persistent_leak,23_21_44,24,21,44,12600,26400,leak_binary,1,51.003,51.003,51.003,51.824,51.824,51.824,51.824,51.824,51.824,53.217,53.217,53.217,53.217,53.217,53.217,54.792,54.792,54.792,54.792,54.792,54.792,56.5,56.5,56.5
train,23,data_23.csv,persistent_leak,23_22_45,24,22,45,13200,27000,leak_binary,1,51.003,51.003,51.824,51.824,51.824,51.824,51.824,51.824,53.217,53.217,53.217,53.217,53.217,53.217,54.792,54.792,54.792,54.792,54.792,54.792,56.5,56.5,56.5,56.5
train,23,data_23.csv,persistent_leak,23_23_46,24,23,46,13800,27600,leak_binary,1,51.003,51.824,51.824,51.824,51.824,51.824,51.824,53.217,53.217,53.217,53.217,53.217,53.217,54.792,54.792,54.792,54.792,54.792,54.792,56.5,56.5,56.5,56.5,56.5
train,23,data_23.csv,persistent_leak,23_24_47,24,24,47,14400,28200,leak_binary,1,51.824,51.824,51.824,51.824,51.824,51.824,53.217,53.217,53.217,53.217,53.217,53.217,54.792,54.792,54.792,54.792,54.792,54.792,56.5,56.5,56.5,56.5,56.5,56.5
train,23,data_23.csv,persistent_leak,23_25_48,24,25,48,15000,28800,leak_binary,1,51.824,51.824,51.824,51.824,51.824,53.217,53.217,53.217,53.217,53.217,53.217,54.792,54.792,54.792,54.792,54.792,54.792,56.5,56.5,56.5,56.5,56.5,56.5,59.704
train,23,data_23.csv,persistent_leak,23_26_49,24,26,49,15600,29400,leak_binary,1,51.824,51.824,51.824,51.824,53.217,53.217,53.217,53.217,53.217,53.217,54.792,54.792,54.792,54.792,54.792,54.792,56.5,56.5,56.5,56.5,56.5,56.5,59.704,59.704
train,23,data_23.csv,persistent_leak,23_27_50,24,27,50,16200,30000,leak_binary,1,51.824,51.824,51.824,53.217,53.217,53.217,53.217,53.217,53.217,54.792,54.792,54.792,54.792,54.792,54.792,56.5,56.5,56.5,56.5,56.5,56.5,59.704,59.704,59.704
train,23,data_23.csv,persistent_leak,23_28_51,24,28,51,16800,30600,leak_binary,1,51.824,51.824,53.217,53.217,53.217,53.217,53.217,53.217,54.792,54.792,54.792,54.792,54.792,54.792,56.5,56.5,56.5,56.5,56.5,56.5,59.704,59.704,59.704,59.704
train,23,data_23.csv,persistent_leak,23_29_52,24,29,52,17400,31200,leak_binary,1,51.824,53.217,53.217,53.217,53.217,53.217,53.217,54.792,54.792,54.792,54.792,54.792,54.792,56.5,56.5,56.5,56.5,56.5,56.5,59.704,59.704,59.704,59.704,59.704
train,23,data_23.csv,persistent_leak,23_30_53,24,30,53,18000,31800,leak_binary,1,53.217,53.217,53.217,53.217,53.217,53.217,54.792,54.792,54.792,54.792,54.792,54.792,56.5,56.5,56.5,56.5,56.5,56.5,59.704,59.704,59.704,59.704,59.704,59.704
train,23,data_23.csv,persistent_leak,23_31_54,24,31,54,18600,32400,leak_binary,1,53.217,53.217,53.217,53.217,53.217,54.792,54.792,54.792,54.792,54.792,54.792,56.5,56.5,56.5,56.5,56.5,56.5,59.704,59.704,59.704,59.704,59.704,59.704,73.949
train,23,data_23.csv,persistent_leak,23_32_55,24,32,55,19200,33000,leak_binary,1,53.217,53.217,53.217,53.217,54.792,54.792,54.792,54.792,54.792,54.792,56.5,56.5,56.5,56.5,56.5,56.5,59.704,59.704,59.704,59.704,59.704,59.704,73.949,73.949
train,23,data_23.csv,persistent_leak,23_33_56,24,33,56,19800,33600,leak_binary,1,53.217,53.217,53.217,54.792,54.792,54.792,54.792,54.792,54.792,56.5,56.5,56.5,56.5,56.5,56.5,59.704,59.704,59.704,59.704,59.704,59.704,73.949,73.949,73.949
train,23,data_23.csv,persistent_leak,23_34_57,24,34,57,20400,34200,leak_binary,1,53.217,53.217,54.792,54.792,54.792,54.792,54.792,54.792,56.5,56.5,56.5,56.5,56.5,56.5,59.704,59.704,59.704,59.704,59.704,59.704,73.949,73.949,73.949,73.949
train,23,data_23.csv,persistent_leak,23_35_58,24,35,58,21000,34800,leak_binary,1,53.217,54.792,54.792,54.792,54.792,54.792,54.792,56.5,56.5,56.5,56.5,56.5,56.5,59.704,59.704,59.704,59.704,59.704,59.704,73.949,73.949,73.949,73.949,73.949
train,23,data_23.csv,persistent_leak,23_36_59,24,36,59,21600,35400,leak_binary,1,54.792,54.792,54.792,54.792,54.792,54.792,56.5,56.5,56.5,56.5,56.5,56.5,59.704,59.704,59.704,59.704,59.704,59.704,73.949,73.949,73.949,73.949,73.949,73.949
train,23,data_23.csv,persistent_leak,23_37_60,24,37,60,22200,36000,leak_binary,1,54.792,54.792,54.792,54.792,54.792,56.5,56.5,56.5,56.5,56.5,56.5,59.704,59.704,59.704,59.704,59.704,59.704,73.949,73.949,73.949,73.949,73.949,73.949,96.989
train,23,data_23.csv,persistent_leak,23_38_61,24,38,61,22800,36600,leak_binary,1,54.792,54.792,54.792,54.792,56.5,56.5,56.5,56.5,56.5,56.5,59.704,59.704,59.704,59.704,59.704,59.704,73.949,73.949,73.949,73.949,73.949,73.949,96.989,96.989
train,23,data_23.csv,persistent_leak,23_39_62,24,39,62,23400,37200,leak_binary,1,54.792,54.792,54.792,56.5,56.5,56.5,56.5,56.5,56.5,59.704,59.704,59.704,59.704,59.704,59.704,73.949,73.949,73.949,73.949,73.949,73.949,96.989,96.989,96.989
train,23,data_23.csv,persistent_leak,23_40_63,24,40,63,24000,37800,leak_binary,1,54.792,54.792,56.5,56.5,56.5,56.5,56.5,56.5,59.704,59.704,59.704,59.704,59.704,59.704,73.949,73.949,73.949,73.949,73.949,73.949,96.989,96.989,96.989,96.989
train,23,data_23.csv,persistent_leak,23_41_64,24,41,64,24600,38400,leak_binary,1,54.792,56.5,56.5,56.5,56.5,56.5,56.5,59.704,59.704,59.704,59.704,59.704,59.704,73.949,73.949,73.949,73.949,73.949,73.949,96.989,96.989,96.989,96.989,96.989
train,23,data_23.csv,persistent_leak,23_42_65,24,42,65,25200,39000,leak_binary,1,56.5,56.5,56.5,56.5,56.5,56.5,59.704,59.704,59.704,59.704,59.704,59.704,73.949,73.949,73.949,73.949,73.949,73.949,96.989,96.989,96.989,96.989,96.989,96.989
train,23,data_23.csv,persistent_leak,23_43_66,24,43,66,25800,39600,leak_binary,1,56.5,56.5,56.5,56.5,56.5,59.704,59.704,59.704,59.704,59.704,59.704,73.949,73.949,73.949,73.949,73.949,73.949,96.989,96.989,96.989,96.989,96.989,96.989,112.72
train,23,data_23.csv,persistent_leak,23_44_67,24,44,67,26400,40200,leak_binary,1,56.5,56.5,56.5,56.5,59.704,59.704,59.704,59.704,59.704,59.704,73.949,73.949,73.949,73.949,73.949,73.949,96.989,96.989,96.989,96.989,96.989,96.989,112.72,112.72
train,23,data_23.csv,persistent_leak,23_45_68,24,45,68,27000,40800,leak_binary,1,56.5,56.5,56.5,59.704,59.704,59.704,59.704,59.704,59.704,73.949,73.949,73.949,73.949,73.949,73.949,96.989,96.989,96.989,96.989,96.989,96.989,112.72,112.72,112.72
train,23,data_23.csv,persistent_leak,23_46_69,24,46,69,27600,41400,leak_binary,1,56.5,56.5,59.704,59.704,59.704,59.704,59.704,59.704,73.949,73.949,73.949,73.949,73.949,73.949,96.989,96.989,96.989,96.989,96.989,96.989,112.72,112.72,112.72,112.72
train,23,data_23.csv,persistent_leak,23_47_70,24,47,70,28200,42000,leak_binary,1,56.5,59.704,59.704,59.704,59.704,59.704,59.704,73.949,73.949,73.949,73.949,73.949,73.949,96.989,96.989,96.989,96.989,96.989,96.989,112.72,112.72,112.72,112.72,112.72
train,23,data_23.csv,persistent_leak,23_48_71,24,48,71,28800,42600,leak_binary,1,59.704,59.704,59.704,59.704,59.704,59.704,73.949,73.949,73.949,73.949,73.949,73.949,96.989,96.989,96.989,96.989,96.989,96.989,112.72,112.72,112.72,112.72,112.72,112.72
train,23,data_23.csv,persistent_leak,23_49_72,24,49,72,29400,43200,leak_binary,1,59.704,59.704,59.704,59.704,59.704,73.949,73.949,73.949,73.949,73.949,73.949,96.989,96.989,96.989,96.989,96.989,96.989,112.72,112.72,112.72,112.72,112.72,112.72,116.29
train,23,data_23.csv,persistent_leak,23_50_73,24,50,73,30000,43800,leak_binary,1,59.704,59.704,59.704,59.704,73.949,73.949,73.949,73.949,73.949,73.949,96.989,96.989,96.989,96.989,96.989,96.989,112.72,112.72,112.72,112.72,112.72,112.72,116.29,116.29
train,23,data_23.csv,persistent_leak,23_51_74,24,51,74,30600,44400,leak_binary,1,59.704,59.704,59.704,73.949,73.949,73.949,73.949,73.949,73.949,96.989,96.989,96.989,96.989,96.989,96.989,112.72,112.72,112.72,112.72,112.72,112.72,116.29,116.29,116.29
train,23,data_23.csv,persistent_leak,23_52_75,24,52,75,31200,45000,leak_binary,1,59.704,59.704,73.949,73.949,73.949,73.949,73.949,73.949,96.989,96.989,96.989,96.989,96.989,96.989,112.72,112.72,112.72,112.72,112.72,112.72,116.29,116.29,116.29,116.29
train,23,data_23.csv,persistent_leak,23_53_76,24,53,76,31800,45600,leak_binary,1,59.704,73.949,73.949,73.949,73.949,73.949,73.949,96.989,96.989,96.989,96.989,96.989,96.989,112.72,112.72,112.72,112.72,112.72,112.72,116.29,116.29,116.29,116.29,116.29
train,23,data_23.csv,persistent_leak,23_54_77,24,54,77,32400,46200,leak_binary,1,73.949,73.949,73.949,73.949,73.949,73.949,96.989,96.989,96.989,96.989,96.989,96.989,112.72,112.72,112.72,112.72,112.72,112.72,116.29,116.29,116.29,116.29,116.29,116.29
train,23,data_23.csv,persistent_leak,23_55_78,24,55,78,33000,46800,leak_binary,1,73.949,73.949,73.949,73.949,73.949,96.989,96.989,96.989,96.989,96.989,96.989,112.72,112.72,112.72,112.72,112.72,112.72,116.29,116.29,116.29,116.29,116.29,116.29,115.9
train,23,data_23.csv,persistent_leak,23_56_79,24,56,79,33600,47400,leak_binary,1,73.949,73.949,73.949,73.949,96.989,96.989,96.989,96.989,96.989,96.989,112.72,112.72,112.72,112.72,112.72,112.72,116.29,116.29,116.29,116.29,116.29,116.29,115.9,115.9
train,23,data_23.csv,persistent_leak,23_57_80,24,57,80,34200,48000,leak_binary,1,73.949,73.949,73.949,96.989,96.989,96.989,96.989,96.989,96.989,112.72,112.72,112.72,112.72,112.72,112.72,116.29,116.29,116.29,116.29,116.29,116.29,115.9,115.9,115.9
train,23,data_23.csv,persistent_leak,23_58_81,24,58,81,34800,48600,leak_binary,1,73.949,73.949,96.989,96.989,96.989,96.989,96.989,96.989,112.72,112.72,112.72,112.72,112.72,112.72,116.29,116.29,116.29,116.29,116.29,116.29,115.9,115.9,115.9,115.9
train,23,data_23.csv,persistent_leak,23_59_82,24,59,82,35400,49200,leak_binary,1,73.949,96.989,96.989,96.989,96.989,96.989,96.989,112.72,112.72,112.72,112.72,112.72,112.72,116.29,116.29,116.29,116.29,116.29,116.29,115.9,115.9,115.9,115.9,115.9
train,23,data_23.csv,persistent_leak,23_60_83,24,60,83,36000,49800,leak_binary,1,96.989,96.989,96.989,96.989,96.989,96.989,112.72,112.72,112.72,112.72,112.72,112.72,116.29,116.29,116.29,116.29,116.29,116.29,115.9,115.9,115.9,115.9,115.9,115.9
train,23,data_23.csv,persistent_leak,23_61_84,24,61,84,36600,50400,leak_binary,1,96.989,96.989,96.989,96.989,96.989,112.72,112.72,112.72,112.72,112.72,112.72,116.29,116.29,116.29,116.29,116.29,116.29,115.9,115.9,115.9,115.9,115.9,115.9,115.0
train,23,data_23.csv,persistent_leak,23_62_85,24,62,85,37200,51000,leak_binary,1,96.989,96.989,96.989,96.989,112.72,112.72,112.72,112.72,112.72,112.72,116.29,116.29,116.29,116.29,116.29,116.29,115.9,115.9,115.9,115.9,115.9,115.9,115.0,115.0
train,23,data_23.csv,persistent_leak,23_63_86,24,63,86,37800,51600,leak_binary,1,96.989,96.989,96.989,112.72,112.72,112.72,112.72,112.72,112.72,116.29,116.29,116.29,116.29,116.29,116.29,115.9,115.9,115.9,115.9,115.9,115.9,115.0,115.0,115.0
train,23,data_23.csv,persistent_leak,23_64_87,24,64,87,38400,52200,leak_binary,1,96.989,96.989,112.72,112.72,112.72,112.72,112.72,112.72,116.29,116.29,116.29,116.29,116.29,116.29,115.9,115.9,115.9,115.9,115.9,115.9,115.0,115.0,115.0,115.0
train,23,data_23.csv,persistent_leak,23_65_88,24,65,88,39000,52800,leak_binary,1,96.989,112.72,112.72,112.72,112.72,112.72,112.72,116.29,116.29,116.29,116.29,116.29,116.29,115.9,115.9,115.9,115.9,115.9,115.9,115.0,115.0,115.0,115.0,115.0
train,23,data_23.csv,persistent_leak,23_66_89,24,66,89,39600,53400,leak_binary,1,112.72,112.72,112.72,112.72,112.72,112.72,116.29,116.29,116.29,116.29,116.29,116.29,115.9,115.9,115.9,115.9,115.9,115.9,115.0,115.0,115.0,115.0,115.0,115.0
train,23,data_23.csv,persistent_leak,23_67_90,24,67,90,40200,54000,leak_binary,1,112.72,112.72,112.72,112.72,112.72,116.29,116.29,116.29,116.29,116.29,116.29,115.9,115.9,115.9,115.9,115.9,115.9,115.0,115.0,115.0,115.0,115.0,115.0,117.34
train,23,data_23.csv,persistent_leak,23_68_91,24,68,91,40800,54600,leak_binary,1,112.72,112.72,112.72,112.72,116.29,116.29,116.29,116.29,116.29,116.29,115.9,115.9,115.9,115.9,115.9,115.9,115.0,115.0,115.0,115.0,115.0,115.0,117.34,117.34
train,23,data_23.csv,persistent_leak,23_69_92,24,69,92,41400,55200,leak_binary,1,112.72,112.72,112.72,116.29,116.29,116.29,116.29,116.29,116.29,115.9,115.9,115.9,115.9,115.9,115.9,115.0,115.0,115.0,115.0,115.0,115.0,117.34,117.34,117.34
train,23,data_23.csv,persistent_leak,23_70_93,24,70,93,42000,55800,leak_binary,1,112.72,112.72,116.29,116.29,116.29,116.29,116.29,116.29,115.9,115.9,115.9,115.9,115.9,115.9,115.0,115.0,115.0,115.0,115.0,115.0,117.34,117.34,117.34,117.34
train,23,data_23.csv,persistent_leak,23_71_94,24,71,94,42600,56400,leak_binary,1,112.72,116.29,116.29,116.29,116.29,116.29,116.29,115.9,115.9,115.9,115.9,115.9,115.9,115.0,115.0,115.0,115.0,115.0,115.0,117.34,117.34,117.34,117.34,117.34
train,23,data_23.csv,persistent_leak,23_72_95,24,72,95,43200,57000,leak_binary,1,116.29,116.29,116.29,116.29,116.29,116.29,115.9,115.9,115.9,115.9,115.9,115.9,115.0,115.0,115.0,115.0,115.0,115.0,117.34,117.34,117.34,117.34,117.34,117.34
train,23,data_23.csv,persistent_leak,23_73_96,24,73,96,43800,57600,leak_binary,1,116.29,116.29,116.29,116.29,116.29,115.9,115.9,115.9,115.9,115.9,115.9,115.0,115.0,115.0,115.0,115.0,115.0,117.34,117.34,117.34,117.34,117.34,117.34,121.99
train,23,data_23.csv,persistent_leak,23_74_97,24,74,97,44400,58200,leak_binary,1,116.29,116.29,116.29,116.29,115.9,115.9,115.9,115.9,115.9,115.9,115.0,115.0,115.0,115.0,115.0,115.0,117.34,117.34,117.34,117.34,117.34,117.34,121.99,121.99
train,23,data_23.csv,persistent_leak,23_75_98,24,75,98,45000,58800,leak_binary,1,116.29,116.29,116.29,115.9,115.9,115.9,115.9,115.9,115.9,115.0,115.0,115.0,115.0,115.0,115.0,117.34,117.34,117.34,117.34,117.34,117.34,121.99,121.99,121.99
train,23,data_23.csv,persistent_leak,23_76_99,24,76,99,45600,59400,leak_binary,1,116.29,116.29,115.9,115.9,115.9,115.9,115.9,115.9,115.0,115.0,115.0,115.0,115.0,115.0,117.34,117.34,117.34,117.34,117.34,117.34,121.99,121.99,121.99,121.99
train,23,data_23.csv,persistent_leak,23_77_100,24,77,100,46200,60000,leak_binary,1,116.29,115.9,115.9,115.9,115.9,115.9,115.9,115.0,115.0,115.0,115.0,115.0,115.0,117.34,117.34,117.34,117.34,117.34,117.34,121.99,121.99,121.99,121.99,121.99
train,23,data_23.csv,persistent_leak,23_78_101,24,78,101,46800,60600,leak_binary,1,115.9,115.9,115.9,115.9,115.9,115.9,115.0,115.0,115.0,115.0,115.0,115.0,117.34,117.34,117.34,117.34,117.34,117.34,121.99,121.99,121.99,121.99,121.99,121.99
train,23,data_23.csv,persistent_leak,23_79_102,24,79,102,47400,61200,leak_binary,1,115.9,115.9,115.9,115.9,115.9,115.0,115.0,115.0,115.0,115.0,115.0,117.34,117.34,117.34,117.34,117.34,117.34,121.99,121.99,121.99,121.99,121.99,121.99,125.4
train,23,data_23.csv,persistent_leak,23_80_103,24,80,103,48000,61800,leak_binary,1,115.9,115.9,115.9,115.9,115.0,115.0,115.0,115.0,115.0,115.0,117.34,117.34,117.34,117.34,117.34,117.34,121.99,121.99,121.99,121.99,121.99,121.99,125.4,125.4
train,23,data_23.csv,persistent_leak,23_81_104,24,81,104,48600,62400,leak_binary,1,115.9,115.9,115.9,115.0,115.0,115.0,115.0,115.0,115.0,117.34,117.34,117.34,117.34,117.34,117.34,121.99,121.99,121.99,121.99,121.99,121.99,125.4,125.4,125.4
train,23,data_23.csv,persistent_leak,23_82_105,24,82,105,49200,63000,leak_binary,1,115.9,115.9,115.0,115.0,115.0,115.0,115.0,115.0,117.34,117.34,117.34,117.34,117.34,117.34,121.99,121.99,121.99,121.99,121.99,121.99,125.4,125.4,125.4,125.4
train,23,data_23.csv,persistent_leak,23_83_106,24,83,106,49800,63600,leak_binary,1,115.9,115.0,115.0,115.0,115.0,115.0,115.0,117.34,117.34,117.34,117.34,117.34,117.34,121.99,121.99,121.99,121.99,121.99,121.99,125.4,125.4,125.4,125.4,125.4
train,23,data_23.csv,persistent_leak,23_84_107,24,84,107,50400,64200,leak_binary,1,115.0,115.0,115.0,115.0,115.0,115.0,117.34,117.34,117.34,117.34,117.34,117.34,121.99,121.99,121.99,121.99,121.99,121.99,125.4,125.4,125.4,125.4,125.4,125.4
train,23,data_23.csv,persistent_leak,23_85_108,24,85,108,51000,64800,leak_binary,1,115.0,115.0,115.0,115.0,115.0,117.34,117.34,117.34,117.34,117.34,117.34,121.99,121.99,121.99,121.99,121.99,121.99,125.4,125.4,125.4,125.4,125.4,125.4,124.0
train,23,data_23.csv,persistent_leak,23_86_109,24,86,109,51600,65400,leak_binary,1,115.0,115.0,115.0,115.0,117.34,117.34,117.34,117.34,117.34,117.34,121.99,121.99,121.99,121.99,121.99,121.99,125.4,125.4,125.4,125.4,125.4,125.4,124.0,124.0
train,23,data_23.csv,persistent_leak,23_87_110,24,87,110,52200,66000,leak_binary,1,115.0,115.0,115.0,117.34,117.34,117.34,117.34,117.34,117.34,121.99,121.99,121.99,121.99,121.99,121.99,125.4,125.4,125.4,125.4,125.4,125.4,124.0,124.0,124.0
train,23,data_23.csv,persistent_leak,23_88_111,24,88,111,52800,66600,leak_binary,1,115.0,115.0,117.34,117.34,117.34,117.34,117.34,117.34,121.99,121.99,121.99,121.99,121.99,121.99,125.4,125.4,125.4,125.4,125.4,125.4,124.0,124.0,124.0,124.0
train,23,data_23.csv,persistent_leak,23_89_112,24,89,112,53400,67200,leak_binary,1,115.0,117.34,117.34,117.34,117.34,117.34,117.34,121.99,121.99,121.99,121.99,121.99,121.99,125.4,125.4,125.4,125.4,125.4,125.4,124.0,124.0,124.0,124.0,124.0
train,23,data_23.csv,persistent_leak,23_90_113,24,90,113,54000,67800,leak_binary,1,117.34,117.34,117.34,117.34,117.34,117.34,121.99,121.99,121.99,121.99,121.99,121.99,125.4,125.4,125.4,125.4,125.4,125.4,124.0,124.0,124.0,124.0,124.0,124.0
train,23,data_23.csv,persistent_leak,23_91_114,24,91,114,54600,68400,leak_binary,1,117.34,117.34,117.34,117.34,117.34,121.99,121.99,121.99,121.99,121.99,121.99,125.4,125.4,125.4,125.4,125.4,125.4,124.0,124.0,124.0,124.0,124.0,124.0,101.49
train,23,data_23.csv,persistent_leak,23_92_115,24,92,115,55200,69000,leak_binary,1,117.34,117.34,117.34,117.34,121.99,121.99,121.99,121.99,121.99,121.99,125.4,125.4,125.4,125.4,125.4,125.4,124.0,124.0,124.0,124.0,124.0,124.0,101.49,101.49
train,23,data_23.csv,persistent_leak,23_93_116,24,93,116,55800,69600,leak_binary,1,117.34,117.34,117.34,121.99,121.99,121.99,121.99,121.99,121.99,125.4,125.4,125.4,125.4,125.4,125.4,124.0,124.0,124.0,124.0,124.0,124.0,101.49,101.49,101.49
train,23,data_23.csv,persistent_leak,23_94_117,24,94,117,56400,70200,leak_binary,1,117.34,117.34,121.99,121.99,121.99,121.99,121.99,121.99,125.4,125.4,125.4,125.4,125.4,125.4,124.0,124.0,124.0,124.0,124.0,124.0,101.49,101.49,101.49,101.49
train,23,data_23.csv,persistent_leak,23_95_118,24,95,118,57000,70800,leak_binary,1,117.34,121.99,121.99,121.99,121.99,121.99,121.99,125.4,125.4,125.4,125.4,125.4,125.4,124.0,124.0,124.0,124.0,124.0,124.0,101.49,101.49,101.49,101.49,101.49
train,23,data_23.csv,persistent_leak,23_96_119,24,96,119,57600,71400,leak_binary,1,121.99,121.99,121.99,121.99,121.99,121.99,125.4,125.4,125.4,125.4,125.4,125.4,124.0,124.0,124.0,124.0,124.0,124.0,101.49,101.49,101.49,101.49,101.49,101.49
train,23,data_23.csv,persistent_leak,23_97_120,24,97,120,58200,72000,leak_binary,1,121.99,121.99,121.99,121.99,121.99,125.4,125.4,125.4,125.4,125.4,125.4,124.0,124.0,124.0,124.0,124.0,124.0,101.49,101.49,101.49,101.49,101.49,101.49,76.5
train,23,data_23.csv,persistent_leak,23_98_121,24,98,121,58800,72600,leak_binary,1,121.99,121.99,121.99,121.99,125.4,125.4,125.4,125.4,125.4,125.4,124.0,124.0,124.0,124.0,124.0,124.0,101.49,101.49,101.49,101.49,101.49,101.49,76.5,76.5
train,23,data_23.csv,persistent_leak,23_99_122,24,99,122,59400,73200,leak_binary,1,121.99,121.99,121.99,125.4,125.4,125.4,125.4,125.4,125.4,124.0,124.0,124.0,124.0,124.0,124.0,101.49,101.49,101.49,101.49,101.49,101.49,76.5,76.5,76.5
train,23,data_23.csv,persistent_leak,23_100_123,24,100,123,60000,73800,leak_binary,1,121.99,121.99,125.4,125.4,125.4,125.4,125.4,125.4,124.0,124.0,124.0,124.0,124.0,124.0,101.49,101.49,101.49,101.49,101.49,101.49,76.5,76.5,76.5,76.5
train,23,data_23.csv,persistent_leak,23_101_124,24,101,124,60600,74400,leak_binary,1,121.99,125.4,125.4,125.4,125.4,125.4,125.4,124.0,124.0,124.0,124.0,124.0,124.0,101.49,101.49,101.49,101.49,101.49,101.49,76.5,76.5,76.5,76.5,76.5
train,23,data_23.csv,persistent_leak,23_102_125,24,102,125,61200,75000,leak_binary,1,125.4,125.4,125.4,125.4,125.4,125.4,124.0,124.0,124.0,124.0,124.0,124.0,101.49,101.49,101.49,101.49,101.49,101.49,76.5,76.5,76.5,76.5,76.5,76.5
train,23,data_23.csv,persistent_leak,23_103_126,24,103,126,61800,75600,leak_binary,1,125.4,125.4,125.4,125.4,125.4,124.0,124.0,124.0,124.0,124.0,124.0,101.49,101.49,101.49,101.49,101.49,101.49,76.5,76.5,76.5,76.5,76.5,76.5,67.412
train,23,data_23.csv,persistent_leak,23_104_127,24,104,127,62400,76200,leak_binary,1,125.4,125.4,125.4,125.4,124.0,124.0,124.0,124.0,124.0,124.0,101.49,101.49,101.49,101.49,101.49,101.49,76.5,76.5,76.5,76.5,76.5,76.5,67.412,67.412
train,23,data_23.csv,persistent_leak,23_105_128,24,105,128,63000,76800,leak_binary,1,125.4,125.4,125.4,124.0,124.0,124.0,124.0,124.0,124.0,101.49,101.49,101.49,101.49,101.49,101.49,76.5,76.5,76.5,76.5,76.5,76.5,67.412,67.412,67.412
train,23,data_23.csv,persistent_leak,23_106_129,24,106,129,63600,77400,leak_binary,1,125.4,125.4,124.0,124.0,124.0,124.0,124.0,124.0,101.49,101.49,101.49,101.49,101.49,101.49,76.5,76.5,76.5,76.5,76.5,76.5,67.412,67.412,67.412,67.412
train,23,data_23.csv,persistent_leak,23_107_130,24,107,130,64200,78000,leak_binary,1,125.4,124.0,124.0,124.0,124.0,124.0,124.0,101.49,101.49,101.49,101.49,101.49,101.49,76.5,76.5,76.5,76.5,76.5,76.5,67.412,67.412,67.412,67.412,67.412
train,23,data_23.csv,persistent_leak,23_108_131,24,108,131,64800,78600,leak_binary,1,124.0,124.0,124.0,124.0,124.0,124.0,101.49,101.49,101.49,101.49,101.49,101.49,76.5,76.5,76.5,76.5,76.5,76.5,67.412,67.412,67.412,67.412,67.412,67.412
train,23,data_23.csv,persistent_leak,23_109_132,24,109,132,65400,79200,leak_binary,1,124.0,124.0,124.0,124.0,124.0,101.49,101.49,101.49,101.49,101.49,101.49,76.5,76.5,76.5,76.5,76.5,76.5,67.412,67.412,67.412,67.412,67.412,67.412,60.518
train,23,data_23.csv,persistent_leak,23_110_133,24,110,133,66000,79800,leak_binary,1,124.0,124.0,124.0,124.0,101.49,101.49,101.49,101.49,101.49,101.49,76.5,76.5,76.5,76.5,76.5,76.5,67.412,67.412,67.412,67.412,67.412,67.412,60.518,60.518
train,23,data_23.csv,persistent_leak,23_111_134,24,111,134,66600,80400,leak_binary,1,124.0,124.0,124.0,101.49,101.49,101.49,101.49,101.49,101.49,76.5,76.5,76.5,76.5,76.5,76.5,67.412,67.412,67.412,67.412,67.412,67.412,60.518,60.518,60.518
train,23,data_23.csv,persistent_leak,23_112_135,24,112,135,67200,81000,leak_binary,1,124.0,124.0,101.49,101.49,101.49,101.49,101.49,101.49,76.5,76.5,76.5,76.5,76.5,76.5,67.412,67.412,67.412,67.412,67.412,67.412,60.518,60.518,60.518,60.518
train,23,data_23.csv,persistent_leak,23_113_136,24,113,136,67800,81600,leak_binary,1,124.0,101.49,101.49,101.49,101.49,101.49,101.49,76.5,76.5,76.5,76.5,76.5,76.5,67.412,67.412,67.412,67.412,67.412,67.412,60.518,60.518,60.518,60.518,60.518
train,23,data_23.csv,persistent_leak,23_114_137,24,114,137,68400,82200,leak_binary,1,101.49,101.49,101.49,101.49,101.49,101.49,76.5,76.5,76.5,76.5,76.5,76.5,67.412,67.412,67.412,67.412,67.412,67.412,60.518,60.518,60.518,60.518,60.518,60.518
train,23,data_23.csv,persistent_leak,23_115_138,24,115,138,69000,82800,leak_binary,1,101.49,101.49,101.49,101.49,101.49,76.5,76.5,76.5,76.5,76.5,76.5,67.412,67.412,67.412,67.412,67.412,67.412,60.518,60.518,60.518,60.518,60.518,60.518,56.5
train,23,data_23.csv,persistent_leak,23_116_139,24,116,139,69600,83400,leak_binary,1,101.49,101.49,101.49,101.49,76.5,76.5,76.5,76.5,76.5,76.5,67.412,67.412,67.412,67.412,67.412,67.412,60.518,60.518,60.518,60.518,60.518,60.518,56.5,56.5
train,23,data_23.csv,persistent_leak,23_117_140,24,117,140,70200,84000,leak_binary,1,101.49,101.49,101.49,76.5,76.5,76.5,76.5,76.5,76.5,67.412,67.412,67.412,67.412,67.412,67.412,60.518,60.518,60.518,60.518,60.518,60.518,56.5,56.5,56.5
train,23,data_23.csv,persistent_leak,23_118_141,24,118,141,70800,84600,leak_binary,1,101.49,101.49,76.5,76.5,76.5,76.5,76.5,76.5,67.412,67.412,67.412,67.412,67.412,67.412,60.518,60.518,60.518,60.518,60.518,60.518,56.5,56.5,56.5,56.5
train,23,data_23.csv,persistent_leak,23_119_142,24,119,142,71400,85200,leak_binary,1,101.49,76.5,76.5,76.5,76.5,76.5,76.5,67.412,67.412,67.412,67.412,67.412,67.412,60.518,60.518,60.518,60.518,60.518,60.518,56.5,56.5,56.5,56.5,56.5
train,23,data_23.csv,persistent_leak,23_120_143,24,120,143,72000,85800,leak_binary,1,76.5,76.5,76.5,76.5,76.5,76.5,67.412,67.412,67.412,67.412,67.412,67.412,60.518,60.518,60.518,60.518,60.518,60.518,56.5,56.5,56.5,56.5,56.5,56.5
train,23,data_23.csv,persistent_leak,23_121_144,24,121,144,72600,86400,leak_binary,1,76.5,76.5,76.5,76.5,76.5,67.412,67.412,67.412,67.412,67.412,67.412,60.518,60.518,60.518,60.518,60.518,60.518,56.5,56.5,56.5,56.5,56.5,56.5,53.0
train,24,data_24.csv,persistent_leak,24_0_23,24,0,23,0,13800,leak_binary,1,51.5,51.5,51.5,51.5,51.5,51.5,47.266,47.266,47.266,47.266,47.266,47.266,48.024,48.024,48.024,48.024,48.024,48.024,49.212,49.212,49.212,49.212,49.212,49.212
train,24,data_24.csv,persistent_leak,24_1_24,24,1,24,600,14400,leak_binary,1,51.5,51.5,51.5,51.5,51.5,47.266,47.266,47.266,47.266,47.266,47.266,48.024,48.024,48.024,48.024,48.024,48.024,49.212,49.212,49.212,49.212,49.212,49.212,55.266
train,24,data_24.csv,persistent_leak,24_2_25,24,2,25,1200,15000,leak_binary,1,51.5,51.5,51.5,51.5,47.266,47.266,47.266,47.266,47.266,47.266,48.024,48.024,48.024,48.024,48.024,48.024,49.212,49.212,49.212,49.212,49.212,49.212,55.266,55.266
train,24,data_24.csv,persistent_leak,24_3_26,24,3,26,1800,15600,leak_binary,1,51.5,51.5,51.5,47.266,47.266,47.266,47.266,47.266,47.266,48.024,48.024,48.024,48.024,48.024,48.024,49.212,49.212,49.212,49.212,49.212,49.212,55.266,55.266,55.266
train,24,data_24.csv,persistent_leak,24_4_27,24,4,27,2400,16200,leak_binary,1,51.5,51.5,47.266,47.266,47.266,47.266,47.266,47.266,48.024,48.024,48.024,48.024,48.024,48.024,49.212,49.212,49.212,49.212,49.212,49.212,55.266,55.266,55.266,55.266
train,24,data_24.csv,persistent_leak,24_5_28,24,5,28,3000,16800,leak_binary,1,51.5,47.266,47.266,47.266,47.266,47.266,47.266,48.024,48.024,48.024,48.024,48.024,48.024,49.212,49.212,49.212,49.212,49.212,49.212,55.266,55.266,55.266,55.266,55.266
train,24,data_24.csv,persistent_leak,24_6_29,24,6,29,3600,17400,leak_binary,1,47.266,47.266,47.266,47.266,47.266,47.266,48.024,48.024,48.024,48.024,48.024,48.024,49.212,49.212,49.212,49.212,49.212,49.212,55.266,55.266,55.266,55.266,55.266,55.266
train,24,data_24.csv,persistent_leak,24_7_30,24,7,30,4200,18000,leak_binary,1,47.266,47.266,47.266,47.266,47.266,48.024,48.024,48.024,48.024,48.024,48.024,49.212,49.212,49.212,49.212,49.212,49.212,55.266,55.266,55.266,55.266,55.266,55.266,61.622
train,24,data_24.csv,persistent_leak,24_8_31,24,8,31,4800,18600,leak_binary,1,47.266,47.266,47.266,47.266,48.024,48.024,48.024,48.024,48.024,48.024,49.212,49.212,49.212,49.212,49.212,49.212,55.266,55.266,55.266,55.266,55.266,55.266,61.622,61.622
train,24,data_24.csv,persistent_leak,24_9_32,24,9,32,5400,19200,leak_binary,1,47.266,47.266,47.266,48.024,48.024,48.024,48.024,48.024,48.024,49.212,49.212,49.212,49.212,49.212,49.212,55.266,55.266,55.266,55.266,55.266,55.266,61.622,61.622,61.622
train,24,data_24.csv,persistent_leak,24_10_33,24,10,33,6000,19800,leak_binary,1,47.266,47.266,48.024,48.024,48.024,48.024,48.024,48.024,49.212,49.212,49.212,49.212,49.212,49.212,55.266,55.266,55.266,55.266,55.266,55.266,61.622,61.622,61.622,61.622
train,24,data_24.csv,persistent_leak,24_11_34,24,11,34,6600,20400,leak_binary,1,47.266,48.024,48.024,48.024,48.024,48.024,48.024,49.212,49.212,49.212,49.212,49.212,49.212,55.266,55.266,55.266,55.266,55.266,55.266,61.622,61.622,61.622,61.622,61.622
train,24,data_24.csv,persistent_leak,24_12_35,24,12,35,7200,21000,leak_binary,1,48.024,48.024,48.024,48.024,48.024,48.024,49.212,49.212,49.212,49.212,49.212,49.212,55.266,55.266,55.266,55.266,55.266,55.266,61.622,61.622,61.622,61.622,61.622,61.622
train,24,data_24.csv,persistent_leak,24_13_36,24,13,36,7800,21600,leak_binary,1,48.024,48.024,48.024,48.024,48.024,49.212,49.212,49.212,49.212,49.212,49.212,55.266,55.266,55.266,55.266,55.266,55.266,61.622,61.622,61.622,61.622,61.622,61.622,66.722
train,24,data_24.csv,persistent_leak,24_14_37,24,14,37,8400,22200,leak_binary,1,48.024,48.024,48.024,48.024,49.212,49.212,49.212,49.212,49.212,49.212,55.266,55.266,55.266,55.266,55.266,55.266,61.622,61.622,61.622,61.622,61.622,61.622,66.722,66.722
train,24,data_24.csv,persistent_leak,24_15_38,24,15,38,9000,22800,leak_binary,1,48.024,48.024,48.024,49.212,49.212,49.212,49.212,49.212,49.212,55.266,55.266,55.266,55.266,55.266,55.266,61.622,61.622,61.622,61.622,61.622,61.622,66.722,66.722,66.722
train,24,data_24.csv,persistent_leak,24_16_39,24,16,39,9600,23400,leak_binary,1,48.024,48.024,49.212,49.212,49.212,49.212,49.212,49.212,55.266,55.266,55.266,55.266,55.266,55.266,61.622,61.622,61.622,61.622,61.622,61.622,66.722,66.722,66.722,66.722
train,24,data_24.csv,persistent_leak,24_17_40,24,17,40,10200,24000,leak_binary,1,48.024,49.212,49.212,49.212,49.212,49.212,49.212,55.266,55.266,55.266,55.266,55.266,55.266,61.622,61.622,61.622,61.622,61.622,61.622,66.722,66.722,66.722,66.722,66.722
train,24,data_24.csv,persistent_leak,24_18_41,24,18,41,10800,24600,leak_binary,1,49.212,49.212,49.212,49.212,49.212,49.212,55.266,55.266,55.266,55.266,55.266,55.266,61.622,61.622,61.622,61.622,61.622,61.622,66.722,66.722,66.722,66.722,66.722,66.722
train,24,data_24.csv,persistent_leak,24_19_42,24,19,42,11400,25200,leak_binary,1,49.212,49.212,49.212,49.212,49.212,55.266,55.266,55.266,55.266,55.266,55.266,61.622,61.622,61.622,61.622,61.622,61.622,66.722,66.722,66.722,66.722,66.722,66.722,76.5
train,24,data_24.csv,persistent_leak,24_20_43,24,20,43,12000,25800,leak_binary,1,49.212,49.212,49.212,49.212,55.266,55.266,55.266,55.266,55.266,55.266,61.622,61.622,61.622,61.622,61.622,61.622,66.722,66.722,66.722,66.722,66.722,66.722,76.5,76.5
train,24,data_24.csv,persistent_leak,24_21_44,24,21,44,12600,26400,leak_binary,1,49.212,49.212,49.212,55.266,55.266,55.266,55.266,55.266,55.266,61.622,61.622,61.622,61.622,61.622,61.622,66.722,66.722,66.722,66.722,66.722,66.722,76.5,76.5,76.5
train,24,data_24.csv,persistent_leak,24_22_45,24,22,45,13200,27000,leak_binary,1,49.212,49.212,55.266,55.266,55.266,55.266,55.266,55.266,61.622,61.622,61.622,61.622,61.622,61.622,66.722,66.722,66.722,66.722,66.722,66.722,76.5,76.5,76.5,76.5
train,24,data_24.csv,persistent_leak,24_23_46,24,23,46,13800,27600,leak_binary,1,49.212,55.266,55.266,55.266,55.266,55.266,55.266,61.622,61.622,61.622,61.622,61.622,61.622,66.722,66.722,66.722,66.722,66.722,66.722,76.5,76.5,76.5,76.5,76.5
train,24,data_24.csv,persistent_leak,24_24_47,24,24,47,14400,28200,leak_binary,1,55.266,55.266,55.266,55.266,55.266,55.266,61.622,61.622,61.622,61.622,61.622,61.622,66.722,66.722,66.722,66.722,66.722,66.722,76.5,76.5,76.5,76.5,76.5,76.5
train,24,data_24.csv,persistent_leak,24_25_48,24,25,48,15000,28800,leak_binary,1,55.266,55.266,55.266,55.266,55.266,61.622,61.622,61.622,61.622,61.622,61.622,66.722,66.722,66.722,66.722,66.722,66.722,76.5,76.5,76.5,76.5,76.5,76.5,88.272
train,24,data_24.csv,persistent_leak,24_26_49,24,26,49,15600,29400,leak_binary,1,55.266,55.266,55.266,55.266,61.622,61.622,61.622,61.622,61.622,61.622,66.722,66.722,66.722,66.722,66.722,66.722,76.5,76.5,76.5,76.5,76.5,76.5,88.272,88.272
train,24,data_24.csv,persistent_leak,24_27_50,24,27,50,16200,30000,leak_binary,1,55.266,55.266,55.266,61.622,61.622,61.622,61.622,61.622,61.622,66.722,66.722,66.722,66.722,66.722,66.722,76.5,76.5,76.5,76.5,76.5,76.5,88.272,88.272,88.272
train,24,data_24.csv,persistent_leak,24_28_51,24,28,51,16800,30600,leak_binary,1,55.266,55.266,61.622,61.622,61.622,61.622,61.622,61.622,66.722,66.722,66.722,66.722,66.722,66.722,76.5,76.5,76.5,76.5,76.5,76.5,88.272,88.272,88.272,88.272
train,24,data_24.csv,persistent_leak,24_29_52,24,29,52,17400,31200,leak_binary,1,55.266,61.622,61.622,61.622,61.622,61.622,61.622,66.722,66.722,66.722,66.722,66.722,66.722,76.5,76.5,76.5,76.5,76.5,76.5,88.272,88.272,88.272,88.272,88.272
train,24,data_24.csv,persistent_leak,24_30_53,24,30,53,18000,31800,leak_binary,1,61.622,61.622,61.622,61.622,61.622,61.622,66.722,66.722,66.722,66.722,66.722,66.722,76.5,76.5,76.5,76.5,76.5,76.5,88.272,88.272,88.272,88.272,88.272,88.272
train,24,data_24.csv,persistent_leak,24_31_54,24,31,54,18600,32400,leak_binary,1,61.622,61.622,61.622,61.622,61.622,66.722,66.722,66.722,66.722,66.722,66.722,76.5,76.5,76.5,76.5,76.5,76.5,88.272,88.272,88.272,88.272,88.272,88.272,92.514
train,24,data_24.csv,persistent_leak,24_32_55,24,32,55,19200,33000,leak_binary,1,61.622,61.622,61.622,61.622,66.722,66.722,66.722,66.722,66.722,66.722,76.5,76.5,76.5,76.5,76.5,76.5,88.272,88.272,88.272,88.272,88.272,88.272,92.514,92.514
train,24,data_24.csv,persistent_leak,24_33_56,24,33,56,19800,33600,leak_binary,1,61.622,61.622,61.622,66.722,66.722,66.722,66.722,66.722,66.722,76.5,76.5,76.5,76.5,76.5,76.5,88.272,88.272,88.272,88.272,88.272,88.272,92.514,92.514,92.514
train,24,data_24.csv,persistent_leak,24_34_57,24,34,57,20400,34200,leak_binary,1,61.622,61.622,66.722,66.722,66.722,66.722,66.722,66.722,76.5,76.5,76.5,76.5,76.5,76.5,88.272,88.272,88.272,88.272,88.272,88.272,92.514,92.514,92.514,92.514
train,24,data_24.csv,persistent_leak,24_35_58,24,35,58,21000,34800,leak_binary,1,61.622,66.722,66.722,66.722,66.722,66.722,66.722,76.5,76.5,76.5,76.5,76.5,76.5,88.272,88.272,88.272,88.272,88.272,88.272,92.514,92.514,92.514,92.514,92.514
train,24,data_24.csv,persistent_leak,24_36_59,24,36,59,21600,35400,leak_binary,1,66.722,66.722,66.722,66.722,66.722,66.722,76.5,76.5,76.5,76.5,76.5,76.5,88.272,88.272,88.272,88.272,88.272,88.272,92.514,92.514,92.514,92.514,92.514,92.514
train,24,data_24.csv,persistent_leak,24_37_60,24,37,60,22200,36000,leak_binary,1,66.722,66.722,66.722,66.722,66.722,76.5,76.5,76.5,76.5,76.5,76.5,88.272,88.272,88.272,88.272,88.272,88.272,92.514,92.514,92.514,92.514,92.514,92.514,98.404
train,24,data_24.csv,persistent_leak,24_38_61,24,38,61,22800,36600,leak_binary,1,66.722,66.722,66.722,66.722,76.5,76.5,76.5,76.5,76.5,76.5,88.272,88.272,88.272,88.272,88.272,88.272,92.514,92.514,92.514,92.514,92.514,92.514,98.404,98.404
train,24,data_24.csv,persistent_leak,24_39_62,24,39,62,23400,37200,leak_binary,1,66.722,66.722,66.722,76.5,76.5,76.5,76.5,76.5,76.5,88.272,88.272,88.272,88.272,88.272,88.272,92.514,92.514,92.514,92.514,92.514,92.514,98.404,98.404,98.404
train,24,data_24.csv,persistent_leak,24_40_63,24,40,63,24000,37800,leak_binary,1,66.722,66.722,76.5,76.5,76.5,76.5,76.5,76.5,88.272,88.272,88.272,88.272,88.272,88.272,92.514,92.514,92.514,92.514,92.514,92.514,98.404,98.404,98.404,98.404
train,24,data_24.csv,persistent_leak,24_41_64,24,41,64,24600,38400,leak_binary,1,66.722,76.5,76.5,76.5,76.5,76.5,76.5,88.272,88.272,88.272,88.272,88.272,88.272,92.514,92.514,92.514,92.514,92.514,92.514,98.404,98.404,98.404,98.404,98.404
train,24,data_24.csv,persistent_leak,24_42_65,24,42,65,25200,39000,leak_binary,1,76.5,76.5,76.5,76.5,76.5,76.5,88.272,88.272,88.272,88.272,88.272,88.272,92.514,92.514,92.514,92.514,92.514,92.514,98.404,98.404,98.404,98.404,98.404,98.404
train,24,data_24.csv,persistent_leak,24_43_66,24,43,66,25800,39600,leak_binary,1,76.5,76.5,76.5,76.5,76.5,88.272,88.272,88.272,88.272,88.272,88.272,92.514,92.514,92.514,92.514,92.514,92.514,98.404,98.404,98.404,98.404,98.404,98.404,113.62
train,24,data_24.csv,persistent_leak,24_44_67,24,44,67,26400,40200,leak_binary,1,76.5,76.5,76.5,76.5,88.272,88.272,88.272,88.272,88.272,88.272,92.514,92.514,92.514,92.514,92.514,92.514,98.404,98.404,98.404,98.404,98.404,98.404,113.62,113.62
train,24,data_24.csv,persistent_leak,24_45_68,24,45,68,27000,40800,leak_binary,1,76.5,76.5,76.5,88.272,88.272,88.272,88.272,88.272,88.272,92.514,92.514,92.514,92.514,92.514,92.514,98.404,98.404,98.404,98.404,98.404,98.404,113.62,113.62,113.62
train,24,data_24.csv,persistent_leak,24_46_69,24,46,69,27600,41400,leak_binary,1,76.5,76.5,88.272,88.272,88.272,88.272,88.272,88.272,92.514,92.514,92.514,92.514,92.514,92.514,98.404,98.404,98.404,98.404,98.404,98.404,113.62,113.62,113.62,113.62
train,24,data_24.csv,persistent_leak,24_47_70,24,47,70,28200,42000,leak_binary,1,76.5,88.272,88.272,88.272,88.272,88.272,88.272,92.514,92.514,92.514,92.514,92.514,92.514,98.404,98.404,98.404,98.404,98.404,98.404,113.62,113.62,113.62,113.62,113.62
train,24,data_24.csv,persistent_leak,24_48_71,24,48,71,28800,42600,leak_binary,1,88.272,88.272,88.272,88.272,88.272,88.272,92.514,92.514,92.514,92.514,92.514,92.514,98.404,98.404,98.404,98.404,98.404,98.404,113.62,113.62,113.62,113.62,113.62,113.62
train,24,data_24.csv,persistent_leak,24_49_72,24,49,72,29400,43200,leak_binary,1,88.272,88.272,88.272,88.272,88.272,92.514,92.514,92.514,92.514,92.514,92.514,98.404,98.404,98.404,98.404,98.404,98.404,113.62,113.62,113.62,113.62,113.62,113.62,124.84
train,24,data_24.csv,persistent_leak,24_50_73,24,50,73,30000,43800,leak_binary,1,88.272,88.272,88.272,88.272,92.514,92.514,92.514,92.514,92.514,92.514,98.404,98.404,98.404,98.404,98.404,98.404,113.62,113.62,113.62,113.62,113.62,113.62,124.84,124.84
train,24,data_24.csv,persistent_leak,24_51_74,24,51,74,30600,44400,leak_binary,1,88.272,88.272,88.272,92.514,92.514,92.514,92.514,92.514,92.514,98.404,98.404,98.404,98.404,98.404,98.404,113.62,113.62,113.62,113.62,113.62,113.62,124.84,124.84,124.84
train,24,data_24.csv,persistent_leak,24_52_75,24,52,75,31200,45000,leak_binary,1,88.272,88.272,92.514,92.514,92.514,92.514,92.514,92.514,98.404,98.404,98.404,98.404,98.404,98.404,113.62,113.62,113.62,113.62,113.62,113.62,124.84,124.84,124.84,124.84
train,24,data_24.csv,persistent_leak,24_53_76,24,53,76,31800,45600,leak_binary,1,88.272,92.514,92.514,92.514,92.514,92.514,92.514,98.404,98.404,98.404,98.404,98.404,98.404,113.62,113.62,113.62,113.62,113.62,113.62,124.84,124.84,124.84,124.84,124.84
train,24,data_24.csv,persistent_leak,24_54_77,24,54,77,32400,46200,leak_binary,1,92.514,92.514,92.514,92.514,92.514,92.514,98.404,98.404,98.404,98.404,98.404,98.404,113.62,113.62,113.62,113.62,113.62,113.62,124.84,124.84,124.84,124.84,124.84,124.84
train,24,data_24.csv,persistent_leak,24_55_78,24,55,78,33000,46800,leak_binary,1,92.514,92.514,92.514,92.514,92.514,98.404,98.404,98.404,98.404,98.404,98.404,113.62,113.62,113.62,113.62,113.62,113.62,124.84,124.84,124.84,124.84,124.84,124.84,124.74
train,24,data_24.csv,persistent_leak,24_56_79,24,56,79,33600,47400,leak_binary,1,92.514,92.514,92.514,92.514,98.404,98.404,98.404,98.404,98.404,98.404,113.62,113.62,113.62,113.62,113.62,113.62,124.84,124.84,124.84,124.84,124.84,124.84,124.74,124.74
train,24,data_24.csv,persistent_leak,24_57_80,24,57,80,34200,48000,leak_binary,1,92.514,92.514,92.514,98.404,98.404,98.404,98.404,98.404,98.404,113.62,113.62,113.62,113.62,113.62,113.62,124.84,124.84,124.84,124.84,124.84,124.84,124.74,124.74,124.74
train,24,data_24.csv,persistent_leak,24_58_81,24,58,81,34800,48600,leak_binary,1,92.514,92.514,98.404,98.404,98.404,98.404,98.404,98.404,113.62,113.62,113.62,113.62,113.62,113.62,124.84,124.84,124.84,124.84,124.84,124.84,124.74,124.74,124.74,124.74
train,24,data_24.csv,persistent_leak,24_59_82,24,59,82,35400,49200,leak_binary,1,92.514,98.404,98.404,98.404,98.404,98.404,98.404,113.62,113.62,113.62,113.62,113.62,113.62,124.84,124.84,124.84,124.84,124.84,124.84,124.74,124.74,124.74,124.74,124.74
train,24,data_24.csv,persistent_leak,24_60_83,24,60,83,36000,49800,leak_binary,1,98.404,98.404,98.404,98.404,98.404,98.404,113.62,113.62,113.62,113.62,113.62,113.62,124.84,124.84,124.84,124.84,124.84,124.84,124.74,124.74,124.74,124.74,124.74,124.74
train,24,data_24.csv,persistent_leak,24_61_84,24,61,84,36600,50400,leak_binary,1,98.404,98.404,98.404,98.404,98.404,113.62,113.62,113.62,113.62,113.62,113.62,124.84,124.84,124.84,124.84,124.84,124.84,124.74,124.74,124.74,124.74,124.74,124.74,115.0
train,24,data_24.csv,persistent_leak,24_62_85,24,62,85,37200,51000,leak_binary,1,98.404,98.404,98.404,98.404,113.62,113.62,113.62,113.62,113.62,113.62,124.84,124.84,124.84,124.84,124.84,124.84,124.74,124.74,124.74,124.74,124.74,124.74,115.0,115.0
train,24,data_24.csv,persistent_leak,24_63_86,24,63,86,37800,51600,leak_binary,1,98.404,98.404,98.404,113.62,113.62,113.62,113.62,113.62,113.62,124.84,124.84,124.84,124.84,124.84,124.84,124.74,124.74,124.74,124.74,124.74,124.74,115.0,115.0,115.0
train,24,data_24.csv,persistent_leak,24_64_87,24,64,87,38400,52200,leak_binary,1,98.404,98.404,113.62,113.62,113.62,113.62,113.62,113.62,124.84,124.84,124.84,124.84,124.84,124.84,124.74,124.74,124.74,124.74,124.74,124.74,115.0,115.0,115.0,115.0
train,24,data_24.csv,persistent_leak,24_65_88,24,65,88,39000,52800,leak_binary,1,98.404,113.62,113.62,113.62,113.62,113.62,113.62,124.84,124.84,124.84,124.84,124.84,124.84,124.74,124.74,124.74,124.74,124.74,124.74,115.0,115.0,115.0,115.0,115.0
train,24,data_24.csv,persistent_leak,24_66_89,24,66,89,39600,53400,leak_binary,1,113.62,113.62,113.62,113.62,113.62,113.62,124.84,124.84,124.84,124.84,124.84,124.84,124.74,124.74,124.74,124.74,124.74,124.74,115.0,115.0,115.0,115.0,115.0,115.0
train,24,data_24.csv,persistent_leak,24_67_90,24,67,90,40200,54000,leak_binary,1,113.62,113.62,113.62,113.62,113.62,124.84,124.84,124.84,124.84,124.84,124.84,124.74,124.74,124.74,124.74,124.74,124.74,115.0,115.0,115.0,115.0,115.0,115.0,105.62
train,24,data_24.csv,persistent_leak,24_68_91,24,68,91,40800,54600,leak_binary,1,113.62,113.62,113.62,113.62,124.84,124.84,124.84,124.84,124.84,124.84,124.74,124.74,124.74,124.74,124.74,124.74,115.0,115.0,115.0,115.0,115.0,115.0,105.62,105.62
train,24,data_24.csv,persistent_leak,24_69_92,24,69,92,41400,55200,leak_binary,1,113.62,113.62,113.62,124.84,124.84,124.84,124.84,124.84,124.84,124.74,124.74,124.74,124.74,124.74,124.74,115.0,115.0,115.0,115.0,115.0,115.0,105.62,105.62,105.62
train,24,data_24.csv,persistent_leak,24_70_93,24,70,93,42000,55800,leak_binary,1,113.62,113.62,124.84,124.84,124.84,124.84,124.84,124.84,124.74,124.74,124.74,124.74,124.74,124.74,115.0,115.0,115.0,115.0,115.0,115.0,105.62,105.62,105.62,105.62
train,24,data_24.csv,persistent_leak,24_71_94,24,71,94,42600,56400,leak_binary,1,113.62,124.84,124.84,124.84,124.84,124.84,124.84,124.74,124.74,124.74,124.74,124.74,124.74,115.0,115.0,115.0,115.0,115.0,115.0,105.62,105.62,105.62,105.62,105.62
train,24,data_24.csv,persistent_leak,24_72_95,24,72,95,43200,57000,leak_binary,1,124.84,124.84,124.84,124.84,124.84,124.84,124.74,124.74,124.74,124.74,124.74,124.74,115.0,115.0,115.0,115.0,115.0,115.0,105.62,105.62,105.62,105.62,105.62,105.62
train,24,data_24.csv,persistent_leak,24_73_96,24,73,96,43800,57600,leak_binary,1,124.84,124.84,124.84,124.84,124.84,124.74,124.74,124.74,124.74,124.74,124.74,115.0,115.0,115.0,115.0,115.0,115.0,105.62,105.62,105.62,105.62,105.62,105.62,100.82
train,24,data_24.csv,persistent_leak,24_74_97,24,74,97,44400,58200,leak_binary,1,124.84,124.84,124.84,124.84,124.74,124.74,124.74,124.74,124.74,124.74,115.0,115.0,115.0,115.0,115.0,115.0,105.62,105.62,105.62,105.62,105.62,105.62,100.82,100.82
train,24,data_24.csv,persistent_leak,24_75_98,24,75,98,45000,58800,leak_binary,1,124.84,124.84,124.84,124.74,124.74,124.74,124.74,124.74,124.74,115.0,115.0,115.0,115.0,115.0,115.0,105.62,105.62,105.62,105.62,105.62,105.62,100.82,100.82,100.82
train,24,data_24.csv,persistent_leak,24_76_99,24,76,99,45600,59400,leak_binary,1,124.84,124.84,124.74,124.74,124.74,124.74,124.74,124.74,115.0,115.0,115.0,115.0,115.0,115.0,105.62,105.62,105.62,105.62,105.62,105.62,100.82,100.82,100.82,100.82
train,24,data_24.csv,persistent_leak,24_77_100,24,77,100,46200,60000,leak_binary,1,124.84,124.74,124.74,124.74,124.74,124.74,124.74,115.0,115.0,115.0,115.0,115.0,115.0,105.62,105.62,105.62,105.62,105.62,105.62,100.82,100.82,100.82,100.82,100.82
train,24,data_24.csv,persistent_leak,24_78_101,24,78,101,46800,60600,leak_binary,1,124.74,124.74,124.74,124.74,124.74,124.74,115.0,115.0,115.0,115.0,115.0,115.0,105.62,105.62,105.62,105.62,105.62,105.62,100.82,100.82,100.82,100.82,100.82,100.82
train,24,data_24.csv,persistent_leak,24_79_102,24,79,102,47400,61200,leak_binary,1,124.74,124.74,124.74,124.74,124.74,115.0,115.0,115.0,115.0,115.0,115.0,105.62,105.62,105.62,105.62,105.62,105.62,100.82,100.82,100.82,100.82,100.82,100.82,94.36
train,24,data_24.csv,persistent_leak,24_80_103,24,80,103,48000,61800,leak_binary,1,124.74,124.74,124.74,124.74,115.0,115.0,115.0,115.0,115.0,115.0,105.62,105.62,105.62,105.62,105.62,105.62,100.82,100.82,100.82,100.82,100.82,100.82,94.36,94.36
train,24,data_24.csv,persistent_leak,24_81_104,24,81,104,48600,62400,leak_binary,1,124.74,124.74,124.74,115.0,115.0,115.0,115.0,115.0,115.0,105.62,105.62,105.62,105.62,105.62,105.62,100.82,100.82,100.82,100.82,100.82,100.82,94.36,94.36,94.36
train,24,data_24.csv,persistent_leak,24_82_105,24,82,105,49200,63000,leak_binary,1,124.74,124.74,115.0,115.0,115.0,115.0,115.0,115.0,105.62,105.62,105.62,105.62,105.62,105.62,100.82,100.82,100.82,100.82,100.82,100.82,94.36,94.36,94.36,94.36
train,24,data_24.csv,persistent_leak,24_83_106,24,83,106,49800,63600,leak_binary,1,124.74,115.0,115.0,115.0,115.0,115.0,115.0,105.62,105.62,105.62,105.62,105.62,105.62,100.82,100.82,100.82,100.82,100.82,100.82,94.36,94.36,94.36,94.36,94.36
train,24,data_24.csv,persistent_leak,24_84_107,24,84,107,50400,64200,leak_binary,1,115.0,115.0,115.0,115.0,115.0,115.0,105.62,105.62,105.62,105.62,105.62,105.62,100.82,100.82,100.82,100.82,100.82,100.82,94.36,94.36,94.36,94.36,94.36,94.36
train,24,data_24.csv,persistent_leak,24_85_108,24,85,108,51000,64800,leak_binary,1,115.0,115.0,115.0,115.0,115.0,105.62,105.62,105.62,105.62,105.62,105.62,100.82,100.82,100.82,100.82,100.82,100.82,94.36,94.36,94.36,94.36,94.36,94.36,93.5
train,24,data_24.csv,persistent_leak,24_86_109,24,86,109,51600,65400,leak_binary,1,115.0,115.0,115.0,115.0,105.62,105.62,105.62,105.62,105.62,105.62,100.82,100.82,100.82,100.82,100.82,100.82,94.36,94.36,94.36,94.36,94.36,94.36,93.5,93.5
train,24,data_24.csv,persistent_leak,24_87_110,24,87,110,52200,66000,leak_binary,1,115.0,115.0,115.0,105.62,105.62,105.62,105.62,105.62,105.62,100.82,100.82,100.82,100.82,100.82,100.82,94.36,94.36,94.36,94.36,94.36,94.36,93.5,93.5,93.5
train,24,data_24.csv,persistent_leak,24_88_111,24,88,111,52800,66600,leak_binary,1,115.0,115.0,105.62,105.62,105.62,105.62,105.62,105.62,100.82,100.82,100.82,100.82,100.82,100.82,94.36,94.36,94.36,94.36,94.36,94.36,93.5,93.5,93.5,93.5
train,24,data_24.csv,persistent_leak,24_89_112,24,89,112,53400,67200,leak_binary,1,115.0,105.62,105.62,105.62,105.62,105.62,105.62,100.82,100.82,100.82,100.82,100.82,100.82,94.36,94.36,94.36,94.36,94.36,94.36,93.5,93.5,93.5,93.5,93.5
train,24,data_24.csv,persistent_leak,24_90_113,24,90,113,54000,67800,leak_binary,1,105.62,105.62,105.62,105.62,105.62,105.62,100.82,100.82,100.82,100.82,100.82,100.82,94.36,94.36,94.36,94.36,94.36,94.36,93.5,93.5,93.5,93.5,93.5,93.5
train,24,data_24.csv,persistent_leak,24_91_114,24,91,114,54600,68400,leak_binary,1,105.62,105.62,105.62,105.62,105.62,100.82,100.82,100.82,100.82,100.82,100.82,94.36,94.36,94.36,94.36,94.36,94.36,93.5,93.5,93.5,93.5,93.5,93.5,90.544
train,24,data_24.csv,persistent_leak,24_92_115,24,92,115,55200,69000,leak_binary,1,105.62,105.62,105.62,105.62,100.82,100.82,100.82,100.82,100.82,100.82,94.36,94.36,94.36,94.36,94.36,94.36,93.5,93.5,93.5,93.5,93.5,93.5,90.544,90.544
train,24,data_24.csv,persistent_leak,24_93_116,24,93,116,55800,69600,leak_binary,1,105.62,105.62,105.62,100.82,100.82,100.82,100.82,100.82,100.82,94.36,94.36,94.36,94.36,94.36,94.36,93.5,93.5,93.5,93.5,93.5,93.5,90.544,90.544,90.544
train,24,data_24.csv,persistent_leak,24_94_117,24,94,117,56400,70200,leak_binary,1,105.62,105.62,100.82,100.82,100.82,100.82,100.82,100.82,94.36,94.36,94.36,94.36,94.36,94.36,93.5,93.5,93.5,93.5,93.5,93.5,90.544,90.544,90.544,90.544
train,24,data_24.csv,persistent_leak,24_95_118,24,95,118,57000,70800,leak_binary,1,105.62,100.82,100.82,100.82,100.82,100.82,100.82,94.36,94.36,94.36,94.36,94.36,94.36,93.5,93.5,93.5,93.5,93.5,93.5,90.544,90.544,90.544,90.544,90.544
train,24,data_24.csv,persistent_leak,24_96_119,24,96,119,57600,71400,leak_binary,1,100.82,100.82,100.82,100.82,100.82,100.82,94.36,94.36,94.36,94.36,94.36,94.36,93.5,93.5,93.5,93.5,93.5,93.5,90.544,90.544,90.544,90.544,90.544,90.544
train,24,data_24.csv,persistent_leak,24_97_120,24,97,120,58200,72000,leak_binary,1,100.82,100.82,100.82,100.82,100.82,94.36,94.36,94.36,94.36,94.36,94.36,93.5,93.5,93.5,93.5,93.5,93.5,90.544,90.544,90.544,90.544,90.544,90.544,84.5
train,24,data_24.csv,persistent_leak,24_98_121,24,98,121,58800,72600,leak_binary,1,100.82,100.82,100.82,100.82,94.36,94.36,94.36,94.36,94.36,94.36,93.5,93.5,93.5,93.5,93.5,93.5,90.544,90.544,90.544,90.544,90.544,90.544,84.5,84.5
train,24,data_24.csv,persistent_leak,24_99_122,24,99,122,59400,73200,leak_binary,1,100.82,100.82,100.82,94.36,94.36,94.36,94.36,94.36,94.36,93.5,93.5,93.5,93.5,93.5,93.5,90.544,90.544,90.544,90.544,90.544,90.544,84.5,84.5,84.5
train,24,data_24.csv,persistent_leak,24_100_123,24,100,123,60000,73800,leak_binary,1,100.82,100.82,94.36,94.36,94.36,94.36,94.36,94.36,93.5,93.5,93.5,93.5,93.5,93.5,90.544,90.544,90.544,90.544,90.544,90.544,84.5,84.5,84.5,84.5
train,24,data_24.csv,persistent_leak,24_101_124,24,101,124,60600,74400,leak_binary,1,100.82,94.36,94.36,94.36,94.36,94.36,94.36,93.5,93.5,93.5,93.5,93.5,93.5,90.544,90.544,90.544,90.544,90.544,90.544,84.5,84.5,84.5,84.5,84.5
train,24,data_24.csv,persistent_leak,24_102_125,24,102,125,61200,75000,leak_binary,1,94.36,94.36,94.36,94.36,94.36,94.36,93.5,93.5,93.5,93.5,93.5,93.5,90.544,90.544,90.544,90.544,90.544,90.544,84.5,84.5,84.5,84.5,84.5,84.5
train,24,data_24.csv,persistent_leak,24_103_126,24,103,126,61800,75600,leak_binary,1,94.36,94.36,94.36,94.36,94.36,93.5,93.5,93.5,93.5,93.5,93.5,90.544,90.544,90.544,90.544,90.544,90.544,84.5,84.5,84.5,84.5,84.5,84.5,84.02
train,24,data_24.csv,persistent_leak,24_104_127,24,104,127,62400,76200,leak_binary,1,94.36,94.36,94.36,94.36,93.5,93.5,93.5,93.5,93.5,93.5,90.544,90.544,90.544,90.544,90.544,90.544,84.5,84.5,84.5,84.5,84.5,84.5,84.02,84.02
train,24,data_24.csv,persistent_leak,24_105_128,24,105,128,63000,76800,leak_binary,1,94.36,94.36,94.36,93.5,93.5,93.5,93.5,93.5,93.5,90.544,90.544,90.544,90.544,90.544,90.544,84.5,84.5,84.5,84.5,84.5,84.5,84.02,84.02,84.02
train,24,data_24.csv,persistent_leak,24_106_129,24,106,129,63600,77400,leak_binary,1,94.36,94.36,93.5,93.5,93.5,93.5,93.5,93.5,90.544,90.544,90.544,90.544,90.544,90.544,84.5,84.5,84.5,84.5,84.5,84.5,84.02,84.02,84.02,84.02
train,24,data_24.csv,persistent_leak,24_107_130,24,107,130,64200,78000,leak_binary,1,94.36,93.5,93.5,93.5,93.5,93.5,93.5,90.544,90.544,90.544,90.544,90.544,90.544,84.5,84.5,84.5,84.5,84.5,84.5,84.02,84.02,84.02,84.02,84.02
train,24,data_24.csv,persistent_leak,24_108_131,24,108,131,64800,78600,leak_binary,1,93.5,93.5,93.5,93.5,93.5,93.5,90.544,90.544,90.544,90.544,90.544,90.544,84.5,84.5,84.5,84.5,84.5,84.5,84.02,84.02,84.02,84.02,84.02,84.02
train,24,data_24.csv,persistent_leak,24_109_132,24,109,132,65400,79200,leak_binary,1,93.5,93.5,93.5,93.5,93.5,90.544,90.544,90.544,90.544,90.544,90.544,84.5,84.5,84.5,84.5,84.5,84.5,84.02,84.02,84.02,84.02,84.02,84.02,72.526
train,24,data_24.csv,persistent_leak,24_110_133,24,110,133,66000,79800,leak_binary,1,93.5,93.5,93.5,93.5,90.544,90.544,90.544,90.544,90.544,90.544,84.5,84.5,84.5,84.5,84.5,84.5,84.02,84.02,84.02,84.02,84.02,84.02,72.526,72.526
train,24,data_24.csv,persistent_leak,24_111_134,24,111,134,66600,80400,leak_binary,1,93.5,93.5,93.5,90.544,90.544,90.544,90.544,90.544,90.544,84.5,84.5,84.5,84.5,84.5,84.5,84.02,84.02,84.02,84.02,84.02,84.02,72.526,72.526,72.526
train,24,data_24.csv,persistent_leak,24_112_135,24,112,135,67200,81000,leak_binary,1,93.5,93.5,90.544,90.544,90.544,90.544,90.544,90.544,84.5,84.5,84.5,84.5,84.5,84.5,84.02,84.02,84.02,84.02,84.02,84.02,72.526,72.526,72.526,72.526
train,24,data_24.csv,persistent_leak,24_113_136,24,113,136,67800,81600,leak_binary,1,93.5,90.544,90.544,90.544,90.544,90.544,90.544,84.5,84.5,84.5,84.5,84.5,84.5,84.02,84.02,84.02,84.02,84.02,84.02,72.526,72.526,72.526,72.526,72.526
train,24,data_24.csv,persistent_leak,24_114_137,24,114,137,68400,82200,leak_binary,1,90.544,90.544,90.544,90.544,90.544,90.544,84.5,84.5,84.5,84.5,84.5,84.5,84.02,84.02,84.02,84.02,84.02,84.02,72.526,72.526,72.526,72.526,72.526,72.526
train,24,data_24.csv,persistent_leak,24_115_138,24,115,138,69000,82800,leak_binary,1,90.544,90.544,90.544,90.544,90.544,84.5,84.5,84.5,84.5,84.5,84.5,84.02,84.02,84.02,84.02,84.02,84.02,72.526,72.526,72.526,72.526,72.526,72.526,56.5
train,24,data_24.csv,persistent_leak,24_116_139,24,116,139,69600,83400,leak_binary,1,90.544,90.544,90.544,90.544,84.5,84.5,84.5,84.5,84.5,84.5,84.02,84.02,84.02,84.02,84.02,84.02,72.526,72.526,72.526,72.526,72.526,72.526,56.5,56.5
train,24,data_24.csv,persistent_leak,24_117_140,24,117,140,70200,84000,leak_binary,1,90.544,90.544,90.544,84.5,84.5,84.5,84.5,84.5,84.5,84.02,84.02,84.02,84.02,84.02,84.02,72.526,72.526,72.526,72.526,72.526,72.526,56.5,56.5,56.5
train,24,data_24.csv,persistent_leak,24_118_141,24,118,141,70800,84600,leak_binary,1,90.544,90.544,84.5,84.5,84.5,84.5,84.5,84.5,84.02,84.02,84.02,84.02,84.02,84.02,72.526,72.526,72.526,72.526,72.526,72.526,56.5,56.5,56.5,56.5
train,24,data_24.csv,persistent_leak,24_119_142,24,119,142,71400,85200,leak_binary,1,90.544,84.5,84.5,84.5,84.5,84.5,84.5,84.02,84.02,84.02,84.02,84.02,84.02,72.526,72.526,72.526,72.526,72.526,72.526,56.5,56.5,56.5,56.5,56.5
train,24,data_24.csv,persistent_leak,24_120_143,24,120,143,72000,85800,leak_binary,1,84.5,84.5,84.5,84.5,84.5,84.5,84.02,84.02,84.02,84.02,84.02,84.02,72.526,72.526,72.526,72.526,72.526,72.526,56.5,56.5,56.5,56.5,56.5,56.5
train,24,data_24.csv,persistent_leak,24_121_144,24,121,144,72600,86400,leak_binary,1,84.5,84.5,84.5,84.5,84.5,84.02,84.02,84.02,84.02,84.02,84.02,72.526,72.526,72.526,72.526,72.526,72.526,56.5,56.5,56.5,56.5,56.5,56.5,51.5
train,26,data_26.csv,onset_leak,26_0_23,24,0,23,0,13800,leak_binary,0,5.0,5.0,5.0,5.0,5.0,5.0,7.25,7.25,7.25,7.25,7.25,7.25,7.5,7.5087,7.5,7.5078,7.5,7.5068,9.519,9.5187,9.5144,9.519,9.5196,9.519
train,26,data_26.csv,onset_leak,26_1_24,24,1,24,600,14400,leak_binary,0,5.0,5.0,5.0,5.0,5.0,7.25,7.25,7.25,7.25,7.25,7.25,7.5,7.5087,7.5,7.5078,7.5,7.5068,9.519,9.5187,9.5144,9.519,9.5196,9.519,22.0
train,26,data_26.csv,onset_leak,26_2_25,24,2,25,1200,15000,leak_binary,0,5.0,5.0,5.0,5.0,7.25,7.25,7.25,7.25,7.25,7.25,7.5,7.5087,7.5,7.5078,7.5,7.5068,9.519,9.5187,9.5144,9.519,9.5196,9.519,22.0,22.0
train,26,data_26.csv,onset_leak,26_3_26,24,3,26,1800,15600,leak_binary,0,5.0,5.0,5.0,7.25,7.25,7.25,7.25,7.25,7.25,7.5,7.5087,7.5,7.5078,7.5,7.5068,9.519,9.5187,9.5144,9.519,9.5196,9.519,22.0,22.0,22.0
train,26,data_26.csv,onset_leak,26_4_27,24,4,27,2400,16200,leak_binary,0,5.0,5.0,7.25,7.25,7.25,7.25,7.25,7.25,7.5,7.5087,7.5,7.5078,7.5,7.5068,9.519,9.5187,9.5144,9.519,9.5196,9.519,22.0,22.0,22.0,22.0
train,26,data_26.csv,onset_leak,26_5_28,24,5,28,3000,16800,leak_binary,0,5.0,7.25,7.25,7.25,7.25,7.25,7.25,7.5,7.5087,7.5,7.5078,7.5,7.5068,9.519,9.5187,9.5144,9.519,9.5196,9.519,22.0,22.0,22.0,22.0,22.0
train,26,data_26.csv,onset_leak,26_6_29,24,6,29,3600,17400,leak_binary,0,7.25,7.25,7.25,7.25,7.25,7.25,7.5,7.5087,7.5,7.5078,7.5,7.5068,9.519,9.5187,9.5144,9.519,9.5196,9.519,22.0,22.0,22.0,22.0,22.0,22.0
train,26,data_26.csv,onset_leak,26_7_30,24,7,30,4200,18000,leak_binary,0,7.25,7.25,7.25,7.25,7.25,7.5,7.5087,7.5,7.5078,7.5,7.5068,9.519,9.5187,9.5144,9.519,9.5196,9.519,22.0,22.0,22.0,22.0,22.0,22.0,38.078
train,26,data_26.csv,onset_leak,26_8_31,24,8,31,4800,18600,leak_binary,0,7.25,7.25,7.25,7.25,7.5,7.5087,7.5,7.5078,7.5,7.5068,9.519,9.5187,9.5144,9.519,9.5196,9.519,22.0,22.0,22.0,22.0,22.0,22.0,38.078,38.078
train,26,data_26.csv,onset_leak,26_9_32,24,9,32,5400,19200,leak_binary,0,7.25,7.25,7.25,7.5,7.5087,7.5,7.5078,7.5,7.5068,9.519,9.5187,9.5144,9.519,9.5196,9.519,22.0,22.0,22.0,22.0,22.0,22.0,38.078,38.078,38.078
train,26,data_26.csv,onset_leak,26_10_33,24,10,33,6000,19800,leak_binary,0,7.25,7.25,7.5,7.5087,7.5,7.5078,7.5,7.5068,9.519,9.5187,9.5144,9.519,9.5196,9.519,22.0,22.0,22.0,22.0,22.0,22.0,38.078,38.078,38.078,38.078
train,26,data_26.csv,onset_leak,26_11_34,24,11,34,6600,20400,leak_binary,0,7.25,7.5,7.5087,7.5,7.5078,7.5,7.5068,9.519,9.5187,9.5144,9.519,9.5196,9.519,22.0,22.0,22.0,22.0,22.0,22.0,38.078,38.078,38.078,38.078,38.078
train,26,data_26.csv,onset_leak,26_12_35,24,12,35,7200,21000,leak_binary,0,7.5,7.5087,7.5,7.5078,7.5,7.5068,9.519,9.5187,9.5144,9.519,9.5196,9.519,22.0,22.0,22.0,22.0,22.0,22.0,38.078,38.078,38.078,38.078,38.078,38.078
train,26,data_26.csv,onset_leak,26_13_36,24,13,36,7800,21600,leak_binary,0,7.5087,7.5,7.5078,7.5,7.5068,9.519,9.5187,9.5144,9.519,9.5196,9.519,22.0,22.0,22.0,22.0,22.0,22.0,38.078,38.078,38.078,38.078,38.078,38.078,50.038
train,26,data_26.csv,onset_leak,26_14_37,24,14,37,8400,22200,leak_binary,0,7.5,7.5078,7.5,7.5068,9.519,9.5187,9.5144,9.519,9.5196,9.519,22.0,22.0,22.0,22.0,22.0,22.0,38.078,38.078,38.078,38.078,38.078,38.078,50.038,50.038
train,26,data_26.csv,onset_leak,26_15_38,24,15,38,9000,22800,leak_binary,0,7.5078,7.5,7.5068,9.519,9.5187,9.5144,9.519,9.5196,9.519,22.0,22.0,22.0,22.0,22.0,22.0,38.078,38.078,38.078,38.078,38.078,38.078,50.038,50.038,50.038
train,26,data_26.csv,onset_leak,26_16_39,24,16,39,9600,23400,leak_binary,0,7.5,7.5068,9.519,9.5187,9.5144,9.519,9.5196,9.519,22.0,22.0,22.0,22.0,22.0,22.0,38.078,38.078,38.078,38.078,38.078,38.078,50.038,50.038,50.038,50.038
train,26,data_26.csv,onset_leak,26_17_40,24,17,40,10200,24000,leak_binary,0,7.5068,9.519,9.5187,9.5144,9.519,9.5196,9.519,22.0,22.0,22.0,22.0,22.0,22.0,38.078,38.078,38.078,38.078,38.078,38.078,50.038,50.038,50.038,50.038,50.038
train,26,data_26.csv,onset_leak,26_18_41,24,18,41,10800,24600,leak_binary,0,9.519,9.5187,9.5144,9.519,9.5196,9.519,22.0,22.0,22.0,22.0,22.0,22.0,38.078,38.078,38.078,38.078,38.078,38.078,50.038,50.038,50.038,50.038,50.038,50.038
train,26,data_26.csv,onset_leak,26_19_42,24,19,42,11400,25200,leak_binary,0,9.5187,9.5144,9.519,9.5196,9.519,22.0,22.0,22.0,22.0,22.0,22.0,38.078,38.078,38.078,38.078,38.078,38.078,50.038,50.038,50.038,50.038,50.038,50.038,58.0
train,26,data_26.csv,onset_leak,26_20_43,24,20,43,12000,25800,leak_binary,0,9.5144,9.519,9.5196,9.519,22.0,22.0,22.0,22.0,22.0,22.0,38.078,38.078,38.078,38.078,38.078,38.078,50.038,50.038,50.038,50.038,50.038,50.038,58.0,58.0
train,26,data_26.csv,onset_leak,26_21_44,24,21,44,12600,26400,leak_binary,0,9.519,9.5196,9.519,22.0,22.0,22.0,22.0,22.0,22.0,38.078,38.078,38.078,38.078,38.078,38.078,50.038,50.038,50.038,50.038,50.038,50.038,58.0,58.0,58.0
train,26,data_26.csv,onset_leak,26_22_45,24,22,45,13200,27000,leak_binary,0,9.5196,9.519,22.0,22.0,22.0,22.0,22.0,22.0,38.078,38.078,38.078,38.078,38.078,38.078,50.038,50.038,50.038,50.038,50.038,50.038,58.0,58.0,58.0,58.0
train,26,data_26.csv,onset_leak,26_23_46,24,23,46,13800,27600,leak_binary,0,9.519,22.0,22.0,22.0,22.0,22.0,22.0,38.078,38.078,38.078,38.078,38.078,38.078,50.038,50.038,50.038,50.038,50.038,50.038,58.0,58.0,58.0,58.0,58.0
train,26,data_26.csv,onset_leak,26_24_47,24,24,47,14400,28200,leak_binary,0,22.0,22.0,22.0,22.0,22.0,22.0,38.078,38.078,38.078,38.078,38.078,38.078,50.038,50.038,50.038,50.038,50.038,50.038,58.0,58.0,58.0,58.0,58.0,58.0
train,26,data_26.csv,onset_leak,26_25_48,24,25,48,15000,28800,leak_binary,0,22.0,22.0,22.0,22.0,22.0,38.078,38.078,38.078,38.078,38.078,38.078,50.038,50.038,50.038,50.038,50.038,50.038,58.0,58.0,58.0,58.0,58.0,58.0,64.356
train,26,data_26.csv,onset_leak,26_26_49,24,26,49,15600,29400,leak_binary,0,22.0,22.0,22.0,22.0,38.078,38.078,38.078,38.078,38.078,38.078,50.038,50.038,50.038,50.038,50.038,50.038,58.0,58.0,58.0,58.0,58.0,58.0,64.356,64.356
train,26,data_26.csv,onset_leak,26_27_50,24,27,50,16200,30000,leak_binary,0,22.0,22.0,22.0,38.078,38.078,38.078,38.078,38.078,38.078,50.038,50.038,50.038,50.038,50.038,50.038,58.0,58.0,58.0,58.0,58.0,58.0,64.356,64.356,64.356
train,26,data_26.csv,onset_leak,26_28_51,24,28,51,16800,30600,leak_binary,0,22.0,22.0,38.078,38.078,38.078,38.078,38.078,38.078,50.038,50.038,50.038,50.038,50.038,50.038,58.0,58.0,58.0,58.0,58.0,58.0,64.356,64.356,64.356,64.356
train,26,data_26.csv,onset_leak,26_29_52,24,29,52,17400,31200,leak_binary,0,22.0,38.078,38.078,38.078,38.078,38.078,38.078,50.038,50.038,50.038,50.038,50.038,50.038,58.0,58.0,58.0,58.0,58.0,58.0,64.356,64.356,64.356,64.356,64.356
train,26,data_26.csv,onset_leak,26_30_53,24,30,53,18000,31800,leak_binary,0,38.078,38.078,38.078,38.078,38.078,38.078,50.038,50.038,50.038,50.038,50.038,50.038,58.0,58.0,58.0,58.0,58.0,58.0,64.356,64.356,64.356,64.356,64.356,64.356
train,26,data_26.csv,onset_leak,26_31_54,24,31,54,18600,32400,leak_binary,0,38.078,38.078,38.078,38.078,38.078,50.038,50.038,50.038,50.038,50.038,50.038,58.0,58.0,58.0,58.0,58.0,58.0,64.356,64.356,64.356,64.356,64.356,64.356,48.491
train,26,data_26.csv,onset_leak,26_32_55,24,32,55,19200,33000,leak_binary,0,38.078,38.078,38.078,38.078,50.038,50.038,50.038,50.038,50.038,50.038,58.0,58.0,58.0,58.0,58.0,58.0,64.356,64.356,64.356,64.356,64.356,64.356,48.491,48.491
train,26,data_26.csv,onset_leak,26_33_56,24,33,56,19800,33600,leak_binary,0,38.078,38.078,38.078,50.038,50.038,50.038,50.038,50.038,50.038,58.0,58.0,58.0,58.0,58.0,58.0,64.356,64.356,64.356,64.356,64.356,64.356,48.491,48.491,48.491
train,26,data_26.csv,onset_leak,26_34_57,24,34,57,20400,34200,leak_binary,0,38.078,38.078,50.038,50.038,50.038,50.038,50.038,50.038,58.0,58.0,58.0,58.0,58.0,58.0,64.356,64.356,64.356,64.356,64.356,64.356,48.491,48.491,48.491,48.491
train,26,data_26.csv,onset_leak,26_35_58,24,35,58,21000,34800,leak_binary,0,38.078,50.038,50.038,50.038,50.038,50.038,50.038,58.0,58.0,58.0,58.0,58.0,58.0,64.356,64.356,64.356,64.356,64.356,64.356,48.491,48.491,48.491,48.491,48.491
train,26,data_26.csv,onset_leak,26_36_59,24,36,59,21600,35400,leak_binary,0,50.038,50.038,50.038,50.038,50.038,50.038,58.0,58.0,58.0,58.0,58.0,58.0,64.356,64.356,64.356,64.356,64.356,64.356,48.491,48.491,48.491,48.491,48.491,48.491
train,26,data_26.csv,onset_leak,26_37_60,24,37,60,22200,36000,leak_binary,0,50.038,50.038,50.038,50.038,50.038,58.0,58.0,58.0,58.0,58.0,58.0,64.356,64.356,64.356,64.356,64.356,64.356,48.491,48.491,48.491,48.491,48.491,48.491,40.006
train,26,data_26.csv,onset_leak,26_38_61,24,38,61,22800,36600,leak_binary,0,50.038,50.038,50.038,50.038,58.0,58.0,58.0,58.0,58.0,58.0,64.356,64.356,64.356,64.356,64.356,64.356,48.491,48.491,48.491,48.491,48.491,48.491,40.006,40.006
train,26,data_26.csv,onset_leak,26_39_62,24,39,62,23400,37200,leak_binary,0,50.038,50.038,50.038,58.0,58.0,58.0,58.0,58.0,58.0,64.356,64.356,64.356,64.356,64.356,64.356,48.491,48.491,48.491,48.491,48.491,48.491,40.006,40.006,40.006
train,26,data_26.csv,onset_leak,26_40_63,24,40,63,24000,37800,leak_binary,0,50.038,50.038,58.0,58.0,58.0,58.0,58.0,58.0,64.356,64.356,64.356,64.356,64.356,64.356,48.491,48.491,48.491,48.491,48.491,48.491,40.006,40.006,40.006,40.006
train,26,data_26.csv,onset_leak,26_41_64,24,41,64,24600,38400,leak_binary,0,50.038,58.0,58.0,58.0,58.0,58.0,58.0,64.356,64.356,64.356,64.356,64.356,64.356,48.491,48.491,48.491,48.491,48.491,48.491,40.006,40.006,40.006,40.006,40.006
train,26,data_26.csv,onset_leak,26_42_65,24,42,65,25200,39000,leak_binary,0,58.0,58.0,58.0,58.0,58.0,58.0,64.356,64.356,64.356,64.356,64.356,64.356,48.491,48.491,48.491,48.491,48.491,48.491,40.006,40.006,40.006,40.006,40.006,40.006
train,26,data_26.csv,onset_leak,26_43_66,24,43,66,25800,39600,leak_binary,0,58.0,58.0,58.0,58.0,58.0,64.356,64.356,64.356,64.356,64.356,64.356,48.491,48.491,48.491,48.491,48.491,48.491,40.006,40.006,40.006,40.006,40.006,40.006,36.5
train,26,data_26.csv,onset_leak,26_44_67,24,44,67,26400,40200,leak_binary,0,58.0,58.0,58.0,58.0,64.356,64.356,64.356,64.356,64.356,64.356,48.491,48.491,48.491,48.491,48.491,48.491,40.006,40.006,40.006,40.006,40.006,40.006,36.5,36.5
train,26,data_26.csv,onset_leak,26_45_68,24,45,68,27000,40800,leak_binary,0,58.0,58.0,58.0,64.356,64.356,64.356,64.356,64.356,64.356,48.491,48.491,48.491,48.491,48.491,48.491,40.006,40.006,40.006,40.006,40.006,40.006,36.5,36.5,36.5
train,26,data_26.csv,onset_leak,26_46_69,24,46,69,27600,41400,leak_binary,0,58.0,58.0,64.356,64.356,64.356,64.356,64.356,64.356,48.491,48.491,48.491,48.491,48.491,48.491,40.006,40.006,40.006,40.006,40.006,40.006,36.5,36.5,36.5,36.5
train,26,data_26.csv,onset_leak,26_47_70,24,47,70,28200,42000,leak_binary,0,58.0,64.356,64.356,64.356,64.356,64.356,64.356,48.491,48.491,48.491,48.491,48.491,48.491,40.006,40.006,40.006,40.006,40.006,40.006,36.5,36.5,36.5,36.5,36.5
train,26,data_26.csv,onset_leak,26_48_71,24,48,71,28800,42600,leak_binary,0,64.356,64.356,64.356,64.356,64.356,64.356,48.491,48.491,48.491,48.491,48.491,48.491,40.006,40.006,40.006,40.006,40.006,40.006,36.5,36.5,36.5,36.5,36.5,36.5
train,26,data_26.csv,onset_leak,26_49_72,24,49,72,29400,43200,leak_binary,1,64.356,64.356,64.356,64.356,64.356,48.491,48.491,48.491,48.491,48.491,48.491,40.006,40.006,40.006,40.006,40.006,40.006,36.5,36.5,36.5,36.5,36.5,36.5,83.842
train,26,data_26.csv,onset_leak,26_50_73,24,50,73,30000,43800,leak_binary,1,64.356,64.356,64.356,64.356,48.491,48.491,48.491,48.491,48.491,48.491,40.006,40.006,40.006,40.006,40.006,40.006,36.5,36.5,36.5,36.5,36.5,36.5,83.842,83.842
train,26,data_26.csv,onset_leak,26_51_74,24,51,74,30600,44400,leak_binary,1,64.356,64.356,64.356,48.491,48.491,48.491,48.491,48.491,48.491,40.006,40.006,40.006,40.006,40.006,40.006,36.5,36.5,36.5,36.5,36.5,36.5,83.842,83.842,83.842
train,26,data_26.csv,onset_leak,26_52_75,24,52,75,31200,45000,leak_binary,1,64.356,64.356,48.491,48.491,48.491,48.491,48.491,48.491,40.006,40.006,40.006,40.006,40.006,40.006,36.5,36.5,36.5,36.5,36.5,36.5,83.842,83.842,83.842,83.842
train,26,data_26.csv,onset_leak,26_53_76,24,53,76,31800,45600,leak_binary,1,64.356,48.491,48.491,48.491,48.491,48.491,48.491,40.006,40.006,40.006,40.006,40.006,40.006,36.5,36.5,36.5,36.5,36.5,36.5,83.842,83.842,83.842,83.842,83.842
train,26,data_26.csv,onset_leak,26_54_77,24,54,77,32400,46200,leak_binary,1,48.491,48.491,48.491,48.491,48.491,48.491,40.006,40.006,40.006,40.006,40.006,40.006,36.5,36.5,36.5,36.5,36.5,36.5,83.842,83.842,83.842,83.842,83.842,83.842
train,26,data_26.csv,onset_leak,26_55_78,24,55,78,33000,46800,leak_binary,1,48.491,48.491,48.491,48.491,48.491,40.006,40.006,40.006,40.006,40.006,40.006,36.5,36.5,36.5,36.5,36.5,36.5,83.842,83.842,83.842,83.842,83.842,83.842,87.503
train,26,data_26.csv,onset_leak,26_56_79,24,56,79,33600,47400,leak_binary,1,48.491,48.491,48.491,48.491,40.006,40.006,40.006,40.006,40.006,40.006,36.5,36.5,36.5,36.5,36.5,36.5,83.842,83.842,83.842,83.842,83.842,83.842,87.503,87.503
train,26,data_26.csv,onset_leak,26_57_80,24,57,80,34200,48000,leak_binary,1,48.491,48.491,48.491,40.006,40.006,40.006,40.006,40.006,40.006,36.5,36.5,36.5,36.5,36.5,36.5,83.842,83.842,83.842,83.842,83.842,83.842,87.503,87.503,87.503
train,26,data_26.csv,onset_leak,26_58_81,24,58,81,34800,48600,leak_binary,1,48.491,48.491,40.006,40.006,40.006,40.006,40.006,40.006,36.5,36.5,36.5,36.5,36.5,36.5,83.842,83.842,83.842,83.842,83.842,83.842,87.503,87.503,87.503,87.503
train,26,data_26.csv,onset_leak,26_59_82,24,59,82,35400,49200,leak_binary,1,48.491,40.006,40.006,40.006,40.006,40.006,40.006,36.5,36.5,36.5,36.5,36.5,36.5,83.842,83.842,83.842,83.842,83.842,83.842,87.503,87.503,87.503,87.503,87.503
train,26,data_26.csv,onset_leak,26_60_83,24,60,83,36000,49800,leak_binary,1,40.006,40.006,40.006,40.006,40.006,40.006,36.5,36.5,36.5,36.5,36.5,36.5,83.842,83.842,83.842,83.842,83.842,83.842,87.503,87.503,87.503,87.503,87.503,87.503
train,26,data_26.csv,onset_leak,26_61_84,24,61,84,36600,50400,leak_binary,1,40.006,40.006,40.006,40.006,40.006,36.5,36.5,36.5,36.5,36.5,36.5,83.842,83.842,83.842,83.842,83.842,83.842,87.503,87.503,87.503,87.503,87.503,87.503,92.5
train,26,data_26.csv,onset_leak,26_62_85,24,62,85,37200,51000,leak_binary,1,40.006,40.006,40.006,40.006,36.5,36.5,36.5,36.5,36.5,36.5,83.842,83.842,83.842,83.842,83.842,83.842,87.503,87.503,87.503,87.503,87.503,87.503,92.5,92.5
train,26,data_26.csv,onset_leak,26_63_86,24,63,86,37800,51600,leak_binary,1,40.006,40.006,40.006,36.5,36.5,36.5,36.5,36.5,36.5,83.842,83.842,83.842,83.842,83.842,83.842,87.503,87.503,87.503,87.503,87.503,87.503,92.5,92.5,92.5
train,26,data_26.csv,onset_leak,26_64_87,24,64,87,38400,52200,leak_binary,1,40.006,40.006,36.5,36.5,36.5,36.5,36.5,36.5,83.842,83.842,83.842,83.842,83.842,83.842,87.503,87.503,87.503,87.503,87.503,87.503,92.5,92.5,92.5,92.5
train,26,data_26.csv,onset_leak,26_65_88,24,65,88,39000,52800,leak_binary,1,40.006,36.5,36.5,36.5,36.5,36.5,36.5,83.842,83.842,83.842,83.842,83.842,83.842,87.503,87.503,87.503,87.503,87.503,87.503,92.5,92.5,92.5,92.5,92.5
train,26,data_26.csv,onset_leak,26_66_89,24,66,89,39600,53400,leak_binary,1,36.5,36.5,36.5,36.5,36.5,36.5,83.842,83.842,83.842,83.842,83.842,83.842,87.503,87.503,87.503,87.503,87.503,87.503,92.5,92.5,92.5,92.5,92.5,92.5
train,26,data_26.csv,onset_leak,26_67_90,24,67,90,40200,54000,leak_binary,1,36.5,36.5,36.5,36.5,36.5,83.842,83.842,83.842,83.842,83.842,83.842,87.503,87.503,87.503,87.503,87.503,87.503,92.5,92.5,92.5,92.5,92.5,92.5,101.74
train,26,data_26.csv,onset_leak,26_68_91,24,68,91,40800,54600,leak_binary,1,36.5,36.5,36.5,36.5,83.842,83.842,83.842,83.842,83.842,83.842,87.503,87.503,87.503,87.503,87.503,87.503,92.5,92.5,92.5,92.5,92.5,92.5,101.74,101.74
train,26,data_26.csv,onset_leak,26_69_92,24,69,92,41400,55200,leak_binary,1,36.5,36.5,36.5,83.842,83.842,83.842,83.842,83.842,83.842,87.503,87.503,87.503,87.503,87.503,87.503,92.5,92.5,92.5,92.5,92.5,92.5,101.74,101.74,101.74
train,26,data_26.csv,onset_leak,26_70_93,24,70,93,42000,55800,leak_binary,1,36.5,36.5,83.842,83.842,83.842,83.842,83.842,83.842,87.503,87.503,87.503,87.503,87.503,87.503,92.5,92.5,92.5,92.5,92.5,92.5,101.74,101.74,101.74,101.74
train,26,data_26.csv,onset_leak,26_71_94,24,71,94,42600,56400,leak_binary,1,36.5,83.842,83.842,83.842,83.842,83.842,83.842,87.503,87.503,87.503,87.503,87.503,87.503,92.5,92.5,92.5,92.5,92.5,92.5,101.74,101.74,101.74,101.74,101.74
train,26,data_26.csv,onset_leak,26_72_95,24,72,95,43200,57000,leak_binary,1,83.842,83.842,83.842,83.842,83.842,83.842,87.503,87.503,87.503,87.503,87.503,87.503,92.5,92.5,92.5,92.5,92.5,92.5,101.74,101.74,101.74,101.74,101.74,101.74
train,26,data_26.csv,onset_leak,26_73_96,24,73,96,43800,57600,leak_binary,1,83.842,83.842,83.842,83.842,83.842,87.503,87.503,87.503,87.503,87.503,87.503,92.5,92.5,92.5,92.5,92.5,92.5,101.74,101.74,101.74,101.74,101.74,101.74,110.81
train,26,data_26.csv,onset_leak,26_74_97,24,74,97,44400,58200,leak_binary,1,83.842,83.842,83.842,83.842,87.503,87.503,87.503,87.503,87.503,87.503,92.5,92.5,92.5,92.5,92.5,92.5,101.74,101.74,101.74,101.74,101.74,101.74,110.81,110.81
train,26,data_26.csv,onset_leak,26_75_98,24,75,98,45000,58800,leak_binary,1,83.842,83.842,83.842,87.503,87.503,87.503,87.503,87.503,87.503,92.5,92.5,92.5,92.5,92.5,92.5,101.74,101.74,101.74,101.74,101.74,101.74,110.81,110.81,110.81
train,26,data_26.csv,onset_leak,26_76_99,24,76,99,45600,59400,leak_binary,1,83.842,83.842,87.503,87.503,87.503,87.503,87.503,87.503,92.5,92.5,92.5,92.5,92.5,92.5,101.74,101.74,101.74,101.74,101.74,101.74,110.81,110.81,110.81,110.81
train,26,data_26.csv,onset_leak,26_77_100,24,77,100,46200,60000,leak_binary,1,83.842,87.503,87.503,87.503,87.503,87.503,87.503,92.5,92.5,92.5,92.5,92.5,92.5,101.74,101.74,101.74,101.74,101.74,101.74,110.81,110.81,110.81,110.81,110.81
train,26,data_26.csv,onset_leak,26_78_101,24,78,101,46800,60600,leak_binary,1,87.503,87.503,87.503,87.503,87.503,87.503,92.5,92.5,92.5,92.5,92.5,92.5,101.74,101.74,101.74,101.74,101.74,101.74,110.81,110.81,110.81,110.81,110.81,110.81
train,26,data_26.csv,onset_leak,26_79_102,24,79,102,47400,61200,leak_binary,1,87.503,87.503,87.503,87.503,87.503,92.5,92.5,92.5,92.5,92.5,92.5,101.74,101.74,101.74,101.74,101.74,101.74,110.81,110.81,110.81,110.81,110.81,110.81,118.73
train,26,data_26.csv,onset_leak,26_80_103,24,80,103,48000,61800,leak_binary,1,87.503,87.503,87.503,87.503,92.5,92.5,92.5,92.5,92.5,92.5,101.74,101.74,101.74,101.74,101.74,101.74,110.81,110.81,110.81,110.81,110.81,110.81,118.73,118.73
train,26,data_26.csv,onset_leak,26_81_104,24,81,104,48600,62400,leak_binary,1,87.503,87.503,87.503,92.5,92.5,92.5,92.5,92.5,92.5,101.74,101.74,101.74,101.74,101.74,101.74,110.81,110.81,110.81,110.81,110.81,110.81,118.73,118.73,118.73
train,26,data_26.csv,onset_leak,26_82_105,24,82,105,49200,63000,leak_binary,1,87.503,87.503,92.5,92.5,92.5,92.5,92.5,92.5,101.74,101.74,101.74,101.74,101.74,101.74,110.81,110.81,110.81,110.81,110.81,110.81,118.73,118.73,118.73,118.73
train,26,data_26.csv,onset_leak,26_83_106,24,83,106,49800,63600,leak_binary,1,87.503,92.5,92.5,92.5,92.5,92.5,92.5,101.74,101.74,101.74,101.74,101.74,101.74,110.81,110.81,110.81,110.81,110.81,110.81,118.73,118.73,118.73,118.73,118.73
train,26,data_26.csv,onset_leak,26_84_107,24,84,107,50400,64200,leak_binary,1,92.5,92.5,92.5,92.5,92.5,92.5,101.74,101.74,101.74,101.74,101.74,101.74,110.81,110.81,110.81,110.81,110.81,110.81,118.73,118.73,118.73,118.73,118.73,118.73
train,26,data_26.csv,onset_leak,26_85_108,24,85,108,51000,64800,leak_binary,1,92.5,92.5,92.5,92.5,92.5,101.74,101.74,101.74,101.74,101.74,101.74,110.81,110.81,110.81,110.81,110.81,110.81,118.73,118.73,118.73,118.73,118.73,118.73,118.5
train,26,data_26.csv,onset_leak,26_86_109,24,86,109,51600,65400,leak_binary,1,92.5,92.5,92.5,92.5,101.74,101.74,101.74,101.74,101.74,101.74,110.81,110.81,110.81,110.81,110.81,110.81,118.73,118.73,118.73,118.73,118.73,118.73,118.5,118.5
train,26,data_26.csv,onset_leak,26_87_110,24,87,110,52200,66000,leak_binary,1,92.5,92.5,92.5,101.74,101.74,101.74,101.74,101.74,101.74,110.81,110.81,110.81,110.81,110.81,110.81,118.73,118.73,118.73,118.73,118.73,118.73,118.5,118.5,118.5
train,26,data_26.csv,onset_leak,26_88_111,24,88,111,52800,66600,leak_binary,1,92.5,92.5,101.74,101.74,101.74,101.74,101.74,101.74,110.81,110.81,110.81,110.81,110.81,110.81,118.73,118.73,118.73,118.73,118.73,118.73,118.5,118.5,118.5,118.5
train,26,data_26.csv,onset_leak,26_89_112,24,89,112,53400,67200,leak_binary,1,92.5,101.74,101.74,101.74,101.74,101.74,101.74,110.81,110.81,110.81,110.81,110.81,110.81,118.73,118.73,118.73,118.73,118.73,118.73,118.5,118.5,118.5,118.5,118.5
train,26,data_26.csv,onset_leak,26_90_113,24,90,113,54000,67800,leak_binary,1,101.74,101.74,101.74,101.74,101.74,101.74,110.81,110.81,110.81,110.81,110.81,110.81,118.73,118.73,118.73,118.73,118.73,118.73,118.5,118.5,118.5,118.5,118.5,118.5
train,26,data_26.csv,onset_leak,26_91_114,24,91,114,54600,68400,leak_binary,1,101.74,101.74,101.74,101.74,101.74,110.81,110.81,110.81,110.81,110.81,110.81,118.73,118.73,118.73,118.73,118.73,118.73,118.5,118.5,118.5,118.5,118.5,118.5,119.09
train,26,data_26.csv,onset_leak,26_92_115,24,92,115,55200,69000,leak_binary,1,101.74,101.74,101.74,101.74,110.81,110.81,110.81,110.81,110.81,110.81,118.73,118.73,118.73,118.73,118.73,118.73,118.5,118.5,118.5,118.5,118.5,118.5,119.09,119.09
train,26,data_26.csv,onset_leak,26_93_116,24,93,116,55800,69600,leak_binary,1,101.74,101.74,101.74,110.81,110.81,110.81,110.81,110.81,110.81,118.73,118.73,118.73,118.73,118.73,118.73,118.5,118.5,118.5,118.5,118.5,118.5,119.09,119.09,119.09
train,26,data_26.csv,onset_leak,26_94_117,24,94,117,56400,70200,leak_binary,1,101.74,101.74,110.81,110.81,110.81,110.81,110.81,110.81,118.73,118.73,118.73,118.73,118.73,118.73,118.5,118.5,118.5,118.5,118.5,118.5,119.09,119.09,119.09,119.09
train,26,data_26.csv,onset_leak,26_95_118,24,95,118,57000,70800,leak_binary,1,101.74,110.81,110.81,110.81,110.81,110.81,110.81,118.73,118.73,118.73,118.73,118.73,118.73,118.5,118.5,118.5,118.5,118.5,118.5,119.09,119.09,119.09,119.09,119.09
train,26,data_26.csv,onset_leak,26_96_119,24,96,119,57600,71400,leak_binary,1,110.81,110.81,110.81,110.81,110.81,110.81,118.73,118.73,118.73,118.73,118.73,118.73,118.5,118.5,118.5,118.5,118.5,118.5,119.09,119.09,119.09,119.09,119.09,119.09
train,26,data_26.csv,onset_leak,26_97_120,24,97,120,58200,72000,leak_binary,1,110.81,110.81,110.81,110.81,110.81,118.73,118.73,118.73,118.73,118.73,118.73,118.5,118.5,118.5,118.5,118.5,118.5,119.09,119.09,119.09,119.09,119.09,119.09,110.0
train,26,data_26.csv,onset_leak,26_98_121,24,98,121,58800,72600,leak_binary,1,110.81,110.81,110.81,110.81,118.73,118.73,118.73,118.73,118.73,118.73,118.5,118.5,118.5,118.5,118.5,118.5,119.09,119.09,119.09,119.09,119.09,119.09,110.0,110.0
train,26,data_26.csv,onset_leak,26_99_122,24,99,122,59400,73200,leak_binary,1,110.81,110.81,110.81,118.73,118.73,118.73,118.73,118.73,118.73,118.5,118.5,118.5,118.5,118.5,118.5,119.09,119.09,119.09,119.09,119.09,119.09,110.0,110.0,110.0
train,26,data_26.csv,onset_leak,26_100_123,24,100,123,60000,73800,leak_binary,1,110.81,110.81,118.73,118.73,118.73,118.73,118.73,118.73,118.5,118.5,118.5,118.5,118.5,118.5,119.09,119.09,119.09,119.09,119.09,119.09,110.0,110.0,110.0,110.0
train,26,data_26.csv,onset_leak,26_101_124,24,101,124,60600,74400,leak_binary,1,110.81,118.73,118.73,118.73,118.73,118.73,118.73,118.5,118.5,118.5,118.5,118.5,118.5,119.09,119.09,119.09,119.09,119.09,119.09,110.0,110.0,110.0,110.0,110.0
train,26,data_26.csv,onset_leak,26_102_125,24,102,125,61200,75000,leak_binary,1,118.73,118.73,118.73,118.73,118.73,118.73,118.5,118.5,118.5,118.5,118.5,118.5,119.09,119.09,119.09,119.09,119.09,119.09,110.0,110.0,110.0,110.0,110.0,110.0
train,26,data_26.csv,onset_leak,26_103_126,24,103,126,61800,75600,leak_binary,1,118.73,118.73,118.73,118.73,118.73,118.5,118.5,118.5,118.5,118.5,118.5,119.09,119.09,119.09,119.09,119.09,119.09,110.0,110.0,110.0,110.0,110.0,110.0,86.7
train,26,data_26.csv,onset_leak,26_104_127,24,104,127,62400,76200,leak_binary,1,118.73,118.73,118.73,118.73,118.5,118.5,118.5,118.5,118.5,118.5,119.09,119.09,119.09,119.09,119.09,119.09,110.0,110.0,110.0,110.0,110.0,110.0,86.7,86.7
train,26,data_26.csv,onset_leak,26_105_128,24,105,128,63000,76800,leak_binary,1,118.73,118.73,118.73,118.5,118.5,118.5,118.5,118.5,118.5,119.09,119.09,119.09,119.09,119.09,119.09,110.0,110.0,110.0,110.0,110.0,110.0,86.7,86.7,86.7
train,26,data_26.csv,onset_leak,26_106_129,24,106,129,63600,77400,leak_binary,1,118.73,118.73,118.5,118.5,118.5,118.5,118.5,118.5,119.09,119.09,119.09,119.09,119.09,119.09,110.0,110.0,110.0,110.0,110.0,110.0,86.7,86.7,86.7,86.7
train,26,data_26.csv,onset_leak,26_107_130,24,107,130,64200,78000,leak_binary,1,118.73,118.5,118.5,118.5,118.5,118.5,118.5,119.09,119.09,119.09,119.09,119.09,119.09,110.0,110.0,110.0,110.0,110.0,110.0,86.7,86.7,86.7,86.7,86.7
train,26,data_26.csv,onset_leak,26_108_131,24,108,131,64800,78600,leak_binary,1,118.5,118.5,118.5,118.5,118.5,118.5,119.09,119.09,119.09,119.09,119.09,119.09,110.0,110.0,110.0,110.0,110.0,110.0,86.7,86.7,86.7,86.7,86.7,86.7
train,26,data_26.csv,onset_leak,26_109_132,24,109,132,65400,79200,leak_binary,1,118.5,118.5,118.5,118.5,118.5,119.09,119.09,119.09,119.09,119.09,119.09,110.0,110.0,110.0,110.0,110.0,110.0,86.7,86.7,86.7,86.7,86.7,86.7,67.4
train,26,data_26.csv,onset_leak,26_110_133,24,110,133,66000,79800,leak_binary,1,118.5,118.5,118.5,118.5,119.09,119.09,119.09,119.09,119.09,119.09,110.0,110.0,110.0,110.0,110.0,110.0,86.7,86.7,86.7,86.7,86.7,86.7,67.4,67.4
train,26,data_26.csv,onset_leak,26_111_134,24,111,134,66600,80400,leak_binary,1,118.5,118.5,118.5,119.09,119.09,119.09,119.09,119.09,119.09,110.0,110.0,110.0,110.0,110.0,110.0,86.7,86.7,86.7,86.7,86.7,86.7,67.4,67.4,67.4
train,26,data_26.csv,onset_leak,26_112_135,24,112,135,67200,81000,leak_binary,1,118.5,118.5,119.09,119.09,119.09,119.09,119.09,119.09,110.0,110.0,110.0,110.0,110.0,110.0,86.7,86.7,86.7,86.7,86.7,86.7,67.4,67.4,67.4,67.4
train,26,data_26.csv,onset_leak,26_113_136,24,113,136,67800,81600,leak_binary,1,118.5,119.09,119.09,119.09,119.09,119.09,119.09,110.0,110.0,110.0,110.0,110.0,110.0,86.7,86.7,86.7,86.7,86.7,86.7,67.4,67.4,67.4,67.4,67.4
train,26,data_26.csv,onset_leak,26_114_137,24,114,137,68400,82200,leak_binary,1,119.09,119.09,119.09,119.09,119.09,119.09,110.0,110.0,110.0,110.0,110.0,110.0,86.7,86.7,86.7,86.7,86.7,86.7,67.4,67.4,67.4,67.4,67.4,67.4
train,26,data_26.csv,onset_leak,26_115_138,24,115,138,69000,82800,leak_binary,1,119.09,119.09,119.09,119.09,119.09,110.0,110.0,110.0,110.0,110.0,110.0,86.7,86.7,86.7,86.7,86.7,86.7,67.4,67.4,67.4,67.4,67.4,67.4,49.0
train,26,data_26.csv,onset_leak,26_116_139,24,116,139,69600,83400,leak_binary,1,119.09,119.09,119.09,119.09,110.0,110.0,110.0,110.0,110.0,110.0,86.7,86.7,86.7,86.7,86.7,86.7,67.4,67.4,67.4,67.4,67.4,67.4,49.0,49.0
train,26,data_26.csv,onset_leak,26_117_140,24,117,140,70200,84000,leak_binary,1,119.09,119.09,119.09,110.0,110.0,110.0,110.0,110.0,110.0,86.7,86.7,86.7,86.7,86.7,86.7,67.4,67.4,67.4,67.4,67.4,67.4,49.0,49.0,49.0
train,26,data_26.csv,onset_leak,26_118_141,24,118,141,70800,84600,leak_binary,1,119.09,119.09,110.0,110.0,110.0,110.0,110.0,110.0,86.7,86.7,86.7,86.7,86.7,86.7,67.4,67.4,67.4,67.4,67.4,67.4,49.0,49.0,49.0,49.0
train,26,data_26.csv,onset_leak,26_119_142,24,119,142,71400,85200,leak_binary,1,119.09,110.0,110.0,110.0,110.0,110.0,110.0,86.7,86.7,86.7,86.7,86.7,86.7,67.4,67.4,67.4,67.4,67.4,67.4,49.0,49.0,49.0,49.0,49.0
train,26,data_26.csv,onset_leak,26_120_143,24,120,143,72000,85800,leak_binary,1,110.0,110.0,110.0,110.0,110.0,110.0,86.7,86.7,86.7,86.7,86.7,86.7,67.4,67.4,67.4,67.4,67.4,67.4,49.0,49.0,49.0,49.0,49.0,49.0
train,26,data_26.csv,onset_leak,26_121_144,24,121,144,72600,86400,leak_binary,1,110.0,110.0,110.0,110.0,110.0,86.7,86.7,86.7,86.7,86.7,86.7,67.4,67.4,67.4,67.4,67.4,67.4,49.0,49.0,49.0,49.0,49.0,49.0,5.0
train,27,data_27.csv,onset_leak,27_0_23,24,0,23,0,13800,leak_binary,0,5.5,5.5,5.5,5.5,5.5,5.5,5.766,5.766,5.766,5.766,5.766,5.766,5.0275,5.024,5.0271,5.024,5.0291,5.024,6.2186,6.212,6.2165,6.212,6.2164,6.212
train,27,data_27.csv,onset_leak,27_1_24,24,1,24,600,14400,leak_binary,0,5.5,5.5,5.5,5.5,5.5,5.766,5.766,5.766,5.766,5.766,5.766,5.0275,5.024,5.0271,5.024,5.0291,5.024,6.2186,6.212,6.2165,6.212,6.2164,6.212,15.266
train,27,data_27.csv,onset_leak,27_2_25,24,2,25,1200,15000,leak_binary,0,5.5,5.5,5.5,5.5,5.766,5.766,5.766,5.766,5.766,5.766,5.0275,5.024,5.0271,5.024,5.0291,5.024,6.2186,6.212,6.2165,6.212,6.2164,6.212,15.266,15.266
train,27,data_27.csv,onset_leak,27_3_26,24,3,26,1800,15600,leak_binary,0,5.5,5.5,5.5,5.766,5.766,5.766,5.766,5.766,5.766,5.0275,5.024,5.0271,5.024,5.0291,5.024,6.2186,6.212,6.2165,6.212,6.2164,6.212,15.266,15.266,15.266
train,27,data_27.csv,onset_leak,27_4_27,24,4,27,2400,16200,leak_binary,0,5.5,5.5,5.766,5.766,5.766,5.766,5.766,5.766,5.0275,5.024,5.0271,5.024,5.0291,5.024,6.2186,6.212,6.2165,6.212,6.2164,6.212,15.266,15.266,15.266,15.266
train,27,data_27.csv,onset_leak,27_5_28,24,5,28,3000,16800,leak_binary,0,5.5,5.766,5.766,5.766,5.766,5.766,5.766,5.0275,5.024,5.0271,5.024,5.0291,5.024,6.2186,6.212,6.2165,6.212,6.2164,6.212,15.266,15.266,15.266,15.266,15.266
train,27,data_27.csv,onset_leak,27_6_29,24,6,29,3600,17400,leak_binary,0,5.766,5.766,5.766,5.766,5.766,5.766,5.0275,5.024,5.0271,5.024,5.0291,5.024,6.2186,6.212,6.2165,6.212,6.2164,6.212,15.266,15.266,15.266,15.266,15.266,15.266
train,27,data_27.csv,onset_leak,27_7_30,24,7,30,4200,18000,leak_binary,0,5.766,5.766,5.766,5.766,5.766,5.0275,5.024,5.0271,5.024,5.0291,5.024,6.2186,6.212,6.2165,6.212,6.2164,6.212,15.266,15.266,15.266,15.266,15.266,15.266,24.622
train,27,data_27.csv,onset_leak,27_8_31,24,8,31,4800,18600,leak_binary,0,5.766,5.766,5.766,5.766,5.0275,5.024,5.0271,5.024,5.0291,5.024,6.2186,6.212,6.2165,6.212,6.2164,6.212,15.266,15.266,15.266,15.266,15.266,15.266,24.622,24.622
train,27,data_27.csv,onset_leak,27_9_32,24,9,32,5400,19200,leak_binary,0,5.766,5.766,5.766,5.0275,5.024,5.0271,5.024,5.0291,5.024,6.2186,6.212,6.2165,6.212,6.2164,6.212,15.266,15.266,15.266,15.266,15.266,15.266,24.622,24.622,24.622
train,27,data_27.csv,onset_leak,27_10_33,24,10,33,6000,19800,leak_binary,0,5.766,5.766,5.0275,5.024,5.0271,5.024,5.0291,5.024,6.2186,6.212,6.2165,6.212,6.2164,6.212,15.266,15.266,15.266,15.266,15.266,15.266,24.622,24.622,24.622,24.622
train,27,data_27.csv,onset_leak,27_11_34,24,11,34,6600,20400,leak_binary,0,5.766,5.0275,5.024,5.0271,5.024,5.0291,5.024,6.2186,6.212,6.2165,6.212,6.2164,6.212,15.266,15.266,15.266,15.266,15.266,15.266,24.622,24.622,24.622,24.622,24.622
train,27,data_27.csv,onset_leak,27_12_35,24,12,35,7200,21000,leak_binary,0,5.0275,5.024,5.0271,5.024,5.0291,5.024,6.2186,6.212,6.2165,6.212,6.2164,6.212,15.266,15.266,15.266,15.266,15.266,15.266,24.622,24.622,24.622,24.622,24.622,24.622
train,27,data_27.csv,onset_leak,27_13_36,24,13,36,7800,21600,leak_binary,0,5.024,5.0271,5.024,5.0291,5.024,6.2186,6.212,6.2165,6.212,6.2164,6.212,15.266,15.266,15.266,15.266,15.266,15.266,24.622,24.622,24.622,24.622,24.622,24.622,29.722
train,27,data_27.csv,onset_leak,27_14_37,24,14,37,8400,22200,leak_binary,0,5.0271,5.024,5.0291,5.024,6.2186,6.212,6.2165,6.212,6.2164,6.212,15.266,15.266,15.266,15.266,15.266,15.266,24.622,24.622,24.622,24.622,24.622,24.622,29.722,29.722
train,27,data_27.csv,onset_leak,27_15_38,24,15,38,9000,22800,leak_binary,0,5.024,5.0291,5.024,6.2186,6.212,6.2165,6.212,6.2164,6.212,15.266,15.266,15.266,15.266,15.266,15.266,24.622,24.622,24.622,24.622,24.622,24.622,29.722,29.722,29.722
train,27,data_27.csv,onset_leak,27_16_39,24,16,39,9600,23400,leak_binary,0,5.0291,5.024,6.2186,6.212,6.2165,6.212,6.2164,6.212,15.266,15.266,15.266,15.266,15.266,15.266,24.622,24.622,24.622,24.622,24.622,24.622,29.722,29.722,29.722,29.722
train,27,data_27.csv,onset_leak,27_17_40,24,17,40,10200,24000,leak_binary,0,5.024,6.2186,6.212,6.2165,6.212,6.2164,6.212,15.266,15.266,15.266,15.266,15.266,15.266,24.622,24.622,24.622,24.622,24.622,24.622,29.722,29.722,29.722,29.722,29.722
train,27,data_27.csv,onset_leak,27_18_41,24,18,41,10800,24600,leak_binary,0,6.2186,6.212,6.2165,6.212,6.2164,6.212,15.266,15.266,15.266,15.266,15.266,15.266,24.622,24.622,24.622,24.622,24.622,24.622,29.722,29.722,29.722,29.722,29.722,29.722
train,27,data_27.csv,onset_leak,27_19_42,24,19,42,11400,25200,leak_binary,0,6.212,6.2165,6.212,6.2164,6.212,15.266,15.266,15.266,15.266,15.266,15.266,24.622,24.622,24.622,24.622,24.622,24.622,29.722,29.722,29.722,29.722,29.722,29.722,35.0
train,27,data_27.csv,onset_leak,27_20_43,24,20,43,12000,25800,leak_binary,0,6.2165,6.212,6.2164,6.212,15.266,15.266,15.266,15.266,15.266,15.266,24.622,24.622,24.622,24.622,24.622,24.622,29.722,29.722,29.722,29.722,29.722,29.722,35.0,35.0
train,27,data_27.csv,onset_leak,27_21_44,24,21,44,12600,26400,leak_binary,0,6.212,6.2164,6.212,15.266,15.266,15.266,15.266,15.266,15.266,24.622,24.622,24.622,24.622,24.622,24.622,29.722,29.722,29.722,29.722,29.722,29.722,35.0,35.0,35.0
train,27,data_27.csv,onset_leak,27_22_45,24,22,45,13200,27000,leak_binary,0,6.2164,6.212,15.266,15.266,15.266,15.266,15.266,15.266,24.622,24.622,24.622,24.622,24.622,24.622,29.722,29.722,29.722,29.722,29.722,29.722,35.0,35.0,35.0,35.0
train,27,data_27.csv,onset_leak,27_23_46,24,23,46,13800,27600,leak_binary,0,6.212,15.266,15.266,15.266,15.266,15.266,15.266,24.622,24.622,24.622,24.622,24.622,24.622,29.722,29.722,29.722,29.722,29.722,29.722,35.0,35.0,35.0,35.0,35.0
train,27,data_27.csv,onset_leak,27_24_47,24,24,47,14400,28200,leak_binary,0,15.266,15.266,15.266,15.266,15.266,15.266,24.622,24.622,24.622,24.622,24.622,24.622,29.722,29.722,29.722,29.722,29.722,29.722,35.0,35.0,35.0,35.0,35.0,35.0
train,27,data_27.csv,onset_leak,27_25_48,24,25,48,15000,28800,leak_binary,0,15.266,15.266,15.266,15.266,15.266,24.622,24.622,24.622,24.622,24.622,24.622,29.722,29.722,29.722,29.722,29.722,29.722,35.0,35.0,35.0,35.0,35.0,35.0,45.272
train,27,data_27.csv,onset_leak,27_26_49,24,26,49,15600,29400,leak_binary,0,15.266,15.266,15.266,15.266,24.622,24.622,24.622,24.622,24.622,24.622,29.722,29.722,29.722,29.722,29.722,29.722,35.0,35.0,35.0,35.0,35.0,35.0,45.272,45.272
train,27,data_27.csv,onset_leak,27_27_50,24,27,50,16200,30000,leak_binary,0,15.266,15.266,15.266,24.622,24.622,24.622,24.622,24.622,24.622,29.722,29.722,29.722,29.722,29.722,29.722,35.0,35.0,35.0,35.0,35.0,35.0,45.272,45.272,45.272
train,27,data_27.csv,onset_leak,27_28_51,24,28,51,16800,30600,leak_binary,0,15.266,15.266,24.622,24.622,24.622,24.622,24.622,24.622,29.722,29.722,29.722,29.722,29.722,29.722,35.0,35.0,35.0,35.0,35.0,35.0,45.272,45.272,45.272,45.272
train,27,data_27.csv,onset_leak,27_29_52,24,29,52,17400,31200,leak_binary,0,15.266,24.622,24.622,24.622,24.622,24.622,24.622,29.722,29.722,29.722,29.722,29.722,29.722,35.0,35.0,35.0,35.0,35.0,35.0,45.272,45.272,45.272,45.272,45.272
train,27,data_27.csv,onset_leak,27_30_53,24,30,53,18000,31800,leak_binary,0,24.622,24.622,24.622,24.622,24.622,24.622,29.722,29.722,29.722,29.722,29.722,29.722,35.0,35.0,35.0,35.0,35.0,35.0,45.272,45.272,45.272,45.272,45.272,45.272
train,27,data_27.csv,onset_leak,27_31_54,24,31,54,18600,32400,leak_binary,0,24.622,24.622,24.622,24.622,24.622,29.722,29.722,29.722,29.722,29.722,29.722,35.0,35.0,35.0,35.0,35.0,35.0,45.272,45.272,45.272,45.272,45.272,45.272,43.514
train,27,data_27.csv,onset_leak,27_32_55,24,32,55,19200,33000,leak_binary,0,24.622,24.622,24.622,24.622,29.722,29.722,29.722,29.722,29.722,29.722,35.0,35.0,35.0,35.0,35.0,35.0,45.272,45.272,45.272,45.272,45.272,45.272,43.514,43.514
train,27,data_27.csv,onset_leak,27_33_56,24,33,56,19800,33600,leak_binary,0,24.622,24.622,24.622,29.722,29.722,29.722,29.722,29.722,29.722,35.0,35.0,35.0,35.0,35.0,35.0,45.272,45.272,45.272,45.272,45.272,45.272,43.514,43.514,43.514
train,27,data_27.csv,onset_leak,27_34_57,24,34,57,20400,34200,leak_binary,0,24.622,24.622,29.722,29.722,29.722,29.722,29.722,29.722,35.0,35.0,35.0,35.0,35.0,35.0,45.272,45.272,45.272,45.272,45.272,45.272,43.514,43.514,43.514,43.514
train,27,data_27.csv,onset_leak,27_35_58,24,35,58,21000,34800,leak_binary,0,24.622,29.722,29.722,29.722,29.722,29.722,29.722,35.0,35.0,35.0,35.0,35.0,35.0,45.272,45.272,45.272,45.272,45.272,45.272,43.514,43.514,43.514,43.514,43.514
train,27,data_27.csv,onset_leak,27_36_59,24,36,59,21600,35400,leak_binary,0,29.722,29.722,29.722,29.722,29.722,29.722,35.0,35.0,35.0,35.0,35.0,35.0,45.272,45.272,45.272,45.272,45.272,45.272,43.514,43.514,43.514,43.514,43.514,43.514
train,27,data_27.csv,onset_leak,27_37_60,24,37,60,22200,36000,leak_binary,0,29.722,29.722,29.722,29.722,29.722,35.0,35.0,35.0,35.0,35.0,35.0,45.272,45.272,45.272,45.272,45.272,45.272,43.514,43.514,43.514,43.514,43.514,43.514,49.404
train,27,data_27.csv,onset_leak,27_38_61,24,38,61,22800,36600,leak_binary,0,29.722,29.722,29.722,29.722,35.0,35.0,35.0,35.0,35.0,35.0,45.272,45.272,45.272,45.272,45.272,45.272,43.514,43.514,43.514,43.514,43.514,43.514,49.404,49.404
train,27,data_27.csv,onset_leak,27_39_62,24,39,62,23400,37200,leak_binary,0,29.722,29.722,29.722,35.0,35.0,35.0,35.0,35.0,35.0,45.272,45.272,45.272,45.272,45.272,45.272,43.514,43.514,43.514,43.514,43.514,43.514,49.404,49.404,49.404
train,27,data_27.csv,onset_leak,27_40_63,24,40,63,24000,37800,leak_binary,0,29.722,29.722,35.0,35.0,35.0,35.0,35.0,35.0,45.272,45.272,45.272,45.272,45.272,45.272,43.514,43.514,43.514,43.514,43.514,43.514,49.404,49.404,49.404,49.404
train,27,data_27.csv,onset_leak,27_41_64,24,41,64,24600,38400,leak_binary,0,29.722,35.0,35.0,35.0,35.0,35.0,35.0,45.272,45.272,45.272,45.272,45.272,45.272,43.514,43.514,43.514,43.514,43.514,43.514,49.404,49.404,49.404,49.404,49.404
train,27,data_27.csv,onset_leak,27_42_65,24,42,65,25200,39000,leak_binary,0,35.0,35.0,35.0,35.0,35.0,35.0,45.272,45.272,45.272,45.272,45.272,45.272,43.514,43.514,43.514,43.514,43.514,43.514,49.404,49.404,49.404,49.404,49.404,49.404
train,27,data_27.csv,onset_leak,27_43_66,24,43,66,25800,39600,leak_binary,0,35.0,35.0,35.0,35.0,35.0,45.272,45.272,45.272,45.272,45.272,45.272,43.514,43.514,43.514,43.514,43.514,43.514,49.404,49.404,49.404,49.404,49.404,49.404,58.62
train,27,data_27.csv,onset_leak,27_44_67,24,44,67,26400,40200,leak_binary,0,35.0,35.0,35.0,35.0,45.272,45.272,45.272,45.272,45.272,45.272,43.514,43.514,43.514,43.514,43.514,43.514,49.404,49.404,49.404,49.404,49.404,49.404,58.62,58.62
train,27,data_27.csv,onset_leak,27_45_68,24,45,68,27000,40800,leak_binary,0,35.0,35.0,35.0,45.272,45.272,45.272,45.272,45.272,45.272,43.514,43.514,43.514,43.514,43.514,43.514,49.404,49.404,49.404,49.404,49.404,49.404,58.62,58.62,58.62
train,27,data_27.csv,onset_leak,27_46_69,24,46,69,27600,41400,leak_binary,0,35.0,35.0,45.272,45.272,45.272,45.272,45.272,45.272,43.514,43.514,43.514,43.514,43.514,43.514,49.404,49.404,49.404,49.404,49.404,49.404,58.62,58.62,58.62,58.62
train,27,data_27.csv,onset_leak,27_47_70,24,47,70,28200,42000,leak_binary,0,35.0,45.272,45.272,45.272,45.272,45.272,45.272,43.514,43.514,43.514,43.514,43.514,43.514,49.404,49.404,49.404,49.404,49.404,49.404,58.62,58.62,58.62,58.62,58.62
train,27,data_27.csv,onset_leak,27_48_71,24,48,71,28800,42600,leak_binary,0,45.272,45.272,45.272,45.272,45.272,45.272,43.514,43.514,43.514,43.514,43.514,43.514,49.404,49.404,49.404,49.404,49.404,49.404,58.62,58.62,58.62,58.62,58.62,58.62
train,27,data_27.csv,onset_leak,27_49_72,24,49,72,29400,43200,leak_binary,1,45.272,45.272,45.272,45.272,45.272,43.514,43.514,43.514,43.514,43.514,43.514,49.404,49.404,49.404,49.404,49.404,49.404,58.62,58.62,58.62,58.62,58.62,58.62,114.34
train,27,data_27.csv,onset_leak,27_50_73,24,50,73,30000,43800,leak_binary,1,45.272,45.272,45.272,45.272,43.514,43.514,43.514,43.514,43.514,43.514,49.404,49.404,49.404,49.404,49.404,49.404,58.62,58.62,58.62,58.62,58.62,58.62,114.34,114.34
train,27,data_27.csv,onset_leak,27_51_74,24,51,74,30600,44400,leak_binary,1,45.272,45.272,45.272,43.514,43.514,43.514,43.514,43.514,43.514,49.404,49.404,49.404,49.404,49.404,49.404,58.62,58.62,58.62,58.62,58.62,58.62,114.34,114.34,114.34
train,27,data_27.csv,onset_leak,27_52_75,24,52,75,31200,45000,leak_binary,1,45.272,45.272,43.514,43.514,43.514,43.514,43.514,43.514,49.404,49.404,49.404,49.404,49.404,49.404,58.62,58.62,58.62,58.62,58.62,58.62,114.34,114.34,114.34,114.34
train,27,data_27.csv,onset_leak,27_53_76,24,53,76,31800,45600,leak_binary,1,45.272,43.514,43.514,43.514,43.514,43.514,43.514,49.404,49.404,49.404,49.404,49.404,49.404,58.62,58.62,58.62,58.62,58.62,58.62,114.34,114.34,114.34,114.34,114.34
train,27,data_27.csv,onset_leak,27_54_77,24,54,77,32400,46200,leak_binary,1,43.514,43.514,43.514,43.514,43.514,43.514,49.404,49.404,49.404,49.404,49.404,49.404,58.62,58.62,58.62,58.62,58.62,58.62,114.34,114.34,114.34,114.34,114.34,114.34
train,27,data_27.csv,onset_leak,27_55_78,24,55,78,33000,46800,leak_binary,1,43.514,43.514,43.514,43.514,43.514,49.404,49.404,49.404,49.404,49.404,49.404,58.62,58.62,58.62,58.62,58.62,58.62,114.34,114.34,114.34,114.34,114.34,114.34,124.74
train,27,data_27.csv,onset_leak,27_56_79,24,56,79,33600,47400,leak_binary,1,43.514,43.514,43.514,43.514,49.404,49.404,49.404,49.404,49.404,49.404,58.62,58.62,58.62,58.62,58.62,58.62,114.34,114.34,114.34,114.34,114.34,114.34,124.74,124.74
train,27,data_27.csv,onset_leak,27_57_80,24,57,80,34200,48000,leak_binary,1,43.514,43.514,43.514,49.404,49.404,49.404,49.404,49.404,49.404,58.62,58.62,58.62,58.62,58.62,58.62,114.34,114.34,114.34,114.34,114.34,114.34,124.74,124.74,124.74
train,27,data_27.csv,onset_leak,27_58_81,24,58,81,34800,48600,leak_binary,1,43.514,43.514,49.404,49.404,49.404,49.404,49.404,49.404,58.62,58.62,58.62,58.62,58.62,58.62,114.34,114.34,114.34,114.34,114.34,114.34,124.74,124.74,124.74,124.74
train,27,data_27.csv,onset_leak,27_59_82,24,59,82,35400,49200,leak_binary,1,43.514,49.404,49.404,49.404,49.404,49.404,49.404,58.62,58.62,58.62,58.62,58.62,58.62,114.34,114.34,114.34,114.34,114.34,114.34,124.74,124.74,124.74,124.74,124.74
train,27,data_27.csv,onset_leak,27_60_83,24,60,83,36000,49800,leak_binary,1,49.404,49.404,49.404,49.404,49.404,49.404,58.62,58.62,58.62,58.62,58.62,58.62,114.34,114.34,114.34,114.34,114.34,114.34,124.74,124.74,124.74,124.74,124.74,124.74
train,27,data_27.csv,onset_leak,27_61_84,24,61,84,36600,50400,leak_binary,1,49.404,49.404,49.404,49.404,49.404,58.62,58.62,58.62,58.62,58.62,58.62,114.34,114.34,114.34,114.34,114.34,114.34,124.74,124.74,124.74,124.74,124.74,124.74,131.5
train,27,data_27.csv,onset_leak,27_62_85,24,62,85,37200,51000,leak_binary,1,49.404,49.404,49.404,49.404,58.62,58.62,58.62,58.62,58.62,58.62,114.34,114.34,114.34,114.34,114.34,114.34,124.74,124.74,124.74,124.74,124.74,124.74,131.5,131.5
train,27,data_27.csv,onset_leak,27_63_86,24,63,86,37800,51600,leak_binary,1,49.404,49.404,49.404,58.62,58.62,58.62,58.62,58.62,58.62,114.34,114.34,114.34,114.34,114.34,114.34,124.74,124.74,124.74,124.74,124.74,124.74,131.5,131.5,131.5
train,27,data_27.csv,onset_leak,27_64_87,24,64,87,38400,52200,leak_binary,1,49.404,49.404,58.62,58.62,58.62,58.62,58.62,58.62,114.34,114.34,114.34,114.34,114.34,114.34,124.74,124.74,124.74,124.74,124.74,124.74,131.5,131.5,131.5,131.5
train,27,data_27.csv,onset_leak,27_65_88,24,65,88,39000,52800,leak_binary,1,49.404,58.62,58.62,58.62,58.62,58.62,58.62,114.34,114.34,114.34,114.34,114.34,114.34,124.74,124.74,124.74,124.74,124.74,124.74,131.5,131.5,131.5,131.5,131.5
train,27,data_27.csv,onset_leak,27_66_89,24,66,89,39600,53400,leak_binary,1,58.62,58.62,58.62,58.62,58.62,58.62,114.34,114.34,114.34,114.34,114.34,114.34,124.74,124.74,124.74,124.74,124.74,124.74,131.5,131.5,131.5,131.5,131.5,131.5
train,27,data_27.csv,onset_leak,27_67_90,24,67,90,40200,54000,leak_binary,1,58.62,58.62,58.62,58.62,58.62,114.34,114.34,114.34,114.34,114.34,114.34,124.74,124.74,124.74,124.74,124.74,124.74,131.5,131.5,131.5,131.5,131.5,131.5,135.62
train,27,data_27.csv,onset_leak,27_68_91,24,68,91,40800,54600,leak_binary,1,58.62,58.62,58.62,58.62,114.34,114.34,114.34,114.34,114.34,114.34,124.74,124.74,124.74,124.74,124.74,124.74,131.5,131.5,131.5,131.5,131.5,131.5,135.62,135.62
train,27,data_27.csv,onset_leak,27_69_92,24,69,92,41400,55200,leak_binary,1,58.62,58.62,58.62,114.34,114.34,114.34,114.34,114.34,114.34,124.74,124.74,124.74,124.74,124.74,124.74,131.5,131.5,131.5,131.5,131.5,131.5,135.62,135.62,135.62
train,27,data_27.csv,onset_leak,27_70_93,24,70,93,42000,55800,leak_binary,1,58.62,58.62,114.34,114.34,114.34,114.34,114.34,114.34,124.74,124.74,124.74,124.74,124.74,124.74,131.5,131.5,131.5,131.5,131.5,131.5,135.62,135.62,135.62,135.62
train,27,data_27.csv,onset_leak,27_71_94,24,71,94,42600,56400,leak_binary,1,58.62,114.34,114.34,114.34,114.34,114.34,114.34,124.74,124.74,124.74,124.74,124.74,124.74,131.5,131.5,131.5,131.5,131.5,131.5,135.62,135.62,135.62,135.62,135.62
train,27,data_27.csv,onset_leak,27_72_95,24,72,95,43200,57000,leak_binary,1,114.34,114.34,114.34,114.34,114.34,114.34,124.74,124.74,124.74,124.74,124.74,124.74,131.5,131.5,131.5,131.5,131.5,131.5,135.62,135.62,135.62,135.62,135.62,135.62
train,27,data_27.csv,onset_leak,27_73_96,24,73,96,43800,57600,leak_binary,1,114.34,114.34,114.34,114.34,114.34,124.74,124.74,124.74,124.74,124.74,124.74,131.5,131.5,131.5,131.5,131.5,131.5,135.62,135.62,135.62,135.62,135.62,135.62,135.32
train,27,data_27.csv,onset_leak,27_74_97,24,74,97,44400,58200,leak_binary,1,114.34,114.34,114.34,114.34,124.74,124.74,124.74,124.74,124.74,124.74,131.5,131.5,131.5,131.5,131.5,131.5,135.62,135.62,135.62,135.62,135.62,135.62,135.32,135.32
train,27,data_27.csv,onset_leak,27_75_98,24,75,98,45000,58800,leak_binary,1,114.34,114.34,114.34,124.74,124.74,124.74,124.74,124.74,124.74,131.5,131.5,131.5,131.5,131.5,131.5,135.62,135.62,135.62,135.62,135.62,135.62,135.32,135.32,135.32
train,27,data_27.csv,onset_leak,27_76_99,24,76,99,45600,59400,leak_binary,1,114.34,114.34,124.74,124.74,124.74,124.74,124.74,124.74,131.5,131.5,131.5,131.5,131.5,131.5,135.62,135.62,135.62,135.62,135.62,135.62,135.32,135.32,135.32,135.32
train,27,data_27.csv,onset_leak,27_77_100,24,77,100,46200,60000,leak_binary,1,114.34,124.74,124.74,124.74,124.74,124.74,124.74,131.5,131.5,131.5,131.5,131.5,131.5,135.62,135.62,135.62,135.62,135.62,135.62,135.32,135.32,135.32,135.32,135.32
train,27,data_27.csv,onset_leak,27_78_101,24,78,101,46800,60600,leak_binary,1,124.74,124.74,124.74,124.74,124.74,124.74,131.5,131.5,131.5,131.5,131.5,131.5,135.62,135.62,135.62,135.62,135.62,135.62,135.32,135.32,135.32,135.32,135.32,135.32
train,27,data_27.csv,onset_leak,27_79_102,24,79,102,47400,61200,leak_binary,1,124.74,124.74,124.74,124.74,124.74,131.5,131.5,131.5,131.5,131.5,131.5,135.62,135.62,135.62,135.62,135.62,135.62,135.32,135.32,135.32,135.32,135.32,135.32,131.86
train,27,data_27.csv,onset_leak,27_80_103,24,80,103,48000,61800,leak_binary,1,124.74,124.74,124.74,124.74,131.5,131.5,131.5,131.5,131.5,131.5,135.62,135.62,135.62,135.62,135.62,135.62,135.32,135.32,135.32,135.32,135.32,135.32,131.86,131.86
train,27,data_27.csv,onset_leak,27_81_104,24,81,104,48600,62400,leak_binary,1,124.74,124.74,124.74,131.5,131.5,131.5,131.5,131.5,131.5,135.62,135.62,135.62,135.62,135.62,135.62,135.32,135.32,135.32,135.32,135.32,135.32,131.86,131.86,131.86
train,27,data_27.csv,onset_leak,27_82_105,24,82,105,49200,63000,leak_binary,1,124.74,124.74,131.5,131.5,131.5,131.5,131.5,131.5,135.62,135.62,135.62,135.62,135.62,135.62,135.32,135.32,135.32,135.32,135.32,135.32,131.86,131.86,131.86,131.86
train,27,data_27.csv,onset_leak,27_83_106,24,83,106,49800,63600,leak_binary,1,124.74,131.5,131.5,131.5,131.5,131.5,131.5,135.62,135.62,135.62,135.62,135.62,135.62,135.32,135.32,135.32,135.32,135.32,135.32,131.86,131.86,131.86,131.86,131.86
train,27,data_27.csv,onset_leak,27_84_107,24,84,107,50400,64200,leak_binary,1,131.5,131.5,131.5,131.5,131.5,131.5,135.62,135.62,135.62,135.62,135.62,135.62,135.32,135.32,135.32,135.32,135.32,135.32,131.86,131.86,131.86,131.86,131.86,131.86
train,27,data_27.csv,onset_leak,27_85_108,24,85,108,51000,64800,leak_binary,1,131.5,131.5,131.5,131.5,131.5,135.62,135.62,135.62,135.62,135.62,135.62,135.32,135.32,135.32,135.32,135.32,135.32,131.86,131.86,131.86,131.86,131.86,131.86,122.0
train,27,data_27.csv,onset_leak,27_86_109,24,86,109,51600,65400,leak_binary,1,131.5,131.5,131.5,131.5,135.62,135.62,135.62,135.62,135.62,135.62,135.32,135.32,135.32,135.32,135.32,135.32,131.86,131.86,131.86,131.86,131.86,131.86,122.0,122.0
train,27,data_27.csv,onset_leak,27_87_110,24,87,110,52200,66000,leak_binary,1,131.5,131.5,131.5,135.62,135.62,135.62,135.62,135.62,135.62,135.32,135.32,135.32,135.32,135.32,135.32,131.86,131.86,131.86,131.86,131.86,131.86,122.0,122.0,122.0
train,27,data_27.csv,onset_leak,27_88_111,24,88,111,52800,66600,leak_binary,1,131.5,131.5,135.62,135.62,135.62,135.62,135.62,135.62,135.32,135.32,135.32,135.32,135.32,135.32,131.86,131.86,131.86,131.86,131.86,131.86,122.0,122.0,122.0,122.0
train,27,data_27.csv,onset_leak,27_89_112,24,89,112,53400,67200,leak_binary,1,131.5,135.62,135.62,135.62,135.62,135.62,135.62,135.32,135.32,135.32,135.32,135.32,135.32,131.86,131.86,131.86,131.86,131.86,131.86,122.0,122.0,122.0,122.0,122.0
train,27,data_27.csv,onset_leak,27_90_113,24,90,113,54000,67800,leak_binary,1,135.62,135.62,135.62,135.62,135.62,135.62,135.32,135.32,135.32,135.32,135.32,135.32,131.86,131.86,131.86,131.86,131.86,131.86,122.0,122.0,122.0,122.0,122.0,122.0
train,27,data_27.csv,onset_leak,27_91_114,24,91,114,54600,68400,leak_binary,1,135.62,135.62,135.62,135.62,135.62,135.32,135.32,135.32,135.32,135.32,135.32,131.86,131.86,131.86,131.86,131.86,131.86,122.0,122.0,122.0,122.0,122.0,122.0,110.04
train,27,data_27.csv,onset_leak,27_92_115,24,92,115,55200,69000,leak_binary,1,135.62,135.62,135.62,135.62,135.32,135.32,135.32,135.32,135.32,135.32,131.86,131.86,131.86,131.86,131.86,131.86,122.0,122.0,122.0,122.0,122.0,122.0,110.04,110.04
train,27,data_27.csv,onset_leak,27_93_116,24,93,116,55800,69600,leak_binary,1,135.62,135.62,135.62,135.32,135.32,135.32,135.32,135.32,135.32,131.86,131.86,131.86,131.86,131.86,131.86,122.0,122.0,122.0,122.0,122.0,122.0,110.04,110.04,110.04
train,27,data_27.csv,onset_leak,27_94_117,24,94,117,56400,70200,leak_binary,1,135.62,135.62,135.32,135.32,135.32,135.32,135.32,135.32,131.86,131.86,131.86,131.86,131.86,131.86,122.0,122.0,122.0,122.0,122.0,122.0,110.04,110.04,110.04,110.04
train,27,data_27.csv,onset_leak,27_95_118,24,95,118,57000,70800,leak_binary,1,135.62,135.32,135.32,135.32,135.32,135.32,135.32,131.86,131.86,131.86,131.86,131.86,131.86,122.0,122.0,122.0,122.0,122.0,122.0,110.04,110.04,110.04,110.04,110.04
train,27,data_27.csv,onset_leak,27_96_119,24,96,119,57600,71400,leak_binary,1,135.32,135.32,135.32,135.32,135.32,135.32,131.86,131.86,131.86,131.86,131.86,131.86,122.0,122.0,122.0,122.0,122.0,122.0,110.04,110.04,110.04,110.04,110.04,110.04
train,27,data_27.csv,onset_leak,27_97_120,24,97,120,58200,72000,leak_binary,1,135.32,135.32,135.32,135.32,135.32,131.86,131.86,131.86,131.86,131.86,131.86,122.0,122.0,122.0,122.0,122.0,122.0,110.04,110.04,110.04,110.04,110.04,110.04,92.0
train,27,data_27.csv,onset_leak,27_98_121,24,98,121,58800,72600,leak_binary,1,135.32,135.32,135.32,135.32,131.86,131.86,131.86,131.86,131.86,131.86,122.0,122.0,122.0,122.0,122.0,122.0,110.04,110.04,110.04,110.04,110.04,110.04,92.0,92.0
train,27,data_27.csv,onset_leak,27_99_122,24,99,122,59400,73200,leak_binary,1,135.32,135.32,135.32,131.86,131.86,131.86,131.86,131.86,131.86,122.0,122.0,122.0,122.0,122.0,122.0,110.04,110.04,110.04,110.04,110.04,110.04,92.0,92.0,92.0
train,27,data_27.csv,onset_leak,27_100_123,24,100,123,60000,73800,leak_binary,1,135.32,135.32,131.86,131.86,131.86,131.86,131.86,131.86,122.0,122.0,122.0,122.0,122.0,122.0,110.04,110.04,110.04,110.04,110.04,110.04,92.0,92.0,92.0,92.0
train,27,data_27.csv,onset_leak,27_101_124,24,101,124,60600,74400,leak_binary,1,135.32,131.86,131.86,131.86,131.86,131.86,131.86,122.0,122.0,122.0,122.0,122.0,122.0,110.04,110.04,110.04,110.04,110.04,110.04,92.0,92.0,92.0,92.0,92.0
train,27,data_27.csv,onset_leak,27_102_125,24,102,125,61200,75000,leak_binary,1,131.86,131.86,131.86,131.86,131.86,131.86,122.0,122.0,122.0,122.0,122.0,122.0,110.04,110.04,110.04,110.04,110.04,110.04,92.0,92.0,92.0,92.0,92.0,92.0
train,27,data_27.csv,onset_leak,27_103_126,24,103,126,61800,75600,leak_binary,1,131.86,131.86,131.86,131.86,131.86,122.0,122.0,122.0,122.0,122.0,122.0,110.04,110.04,110.04,110.04,110.04,110.04,92.0,92.0,92.0,92.0,92.0,92.0,70.52
train,27,data_27.csv,onset_leak,27_104_127,24,104,127,62400,76200,leak_binary,1,131.86,131.86,131.86,131.86,122.0,122.0,122.0,122.0,122.0,122.0,110.04,110.04,110.04,110.04,110.04,110.04,92.0,92.0,92.0,92.0,92.0,92.0,70.52,70.52
train,27,data_27.csv,onset_leak,27_105_128,24,105,128,63000,76800,leak_binary,1,131.86,131.86,131.86,122.0,122.0,122.0,122.0,122.0,122.0,110.04,110.04,110.04,110.04,110.04,110.04,92.0,92.0,92.0,92.0,92.0,92.0,70.52,70.52,70.52
train,27,data_27.csv,onset_leak,27_106_129,24,106,129,63600,77400,leak_binary,1,131.86,131.86,122.0,122.0,122.0,122.0,122.0,122.0,110.04,110.04,110.04,110.04,110.04,110.04,92.0,92.0,92.0,92.0,92.0,92.0,70.52,70.52,70.52,70.52
train,27,data_27.csv,onset_leak,27_107_130,24,107,130,64200,78000,leak_binary,1,131.86,122.0,122.0,122.0,122.0,122.0,122.0,110.04,110.04,110.04,110.04,110.04,110.04,92.0,92.0,92.0,92.0,92.0,92.0,70.52,70.52,70.52,70.52,70.52
train,27,data_27.csv,onset_leak,27_108_131,24,108,131,64800,78600,leak_binary,1,122.0,122.0,122.0,122.0,122.0,122.0,110.04,110.04,110.04,110.04,110.04,110.04,92.0,92.0,92.0,92.0,92.0,92.0,70.52,70.52,70.52,70.52,70.52,70.52
train,27,data_27.csv,onset_leak,27_109_132,24,109,132,65400,79200,leak_binary,1,122.0,122.0,122.0,122.0,122.0,110.04,110.04,110.04,110.04,110.04,110.04,92.0,92.0,92.0,92.0,92.0,92.0,70.52,70.52,70.52,70.52,70.52,70.52,57.526
train,27,data_27.csv,onset_leak,27_110_133,24,110,133,66000,79800,leak_binary,1,122.0,122.0,122.0,122.0,110.04,110.04,110.04,110.04,110.04,110.04,92.0,92.0,92.0,92.0,92.0,92.0,70.52,70.52,70.52,70.52,70.52,70.52,57.526,57.526
train,27,data_27.csv,onset_leak,27_111_134,24,111,134,66600,80400,leak_binary,1,122.0,122.0,122.0,110.04,110.04,110.04,110.04,110.04,110.04,92.0,92.0,92.0,92.0,92.0,92.0,70.52,70.52,70.52,70.52,70.52,70.52,57.526,57.526,57.526
train,27,data_27.csv,onset_leak,27_112_135,24,112,135,67200,81000,leak_binary,1,122.0,122.0,110.04,110.04,110.04,110.04,110.04,110.04,92.0,92.0,92.0,92.0,92.0,92.0,70.52,70.52,70.52,70.52,70.52,70.52,57.526,57.526,57.526,57.526
train,27,data_27.csv,onset_leak,27_113_136,24,113,136,67800,81600,leak_binary,1,122.0,110.04,110.04,110.04,110.04,110.04,110.04,92.0,92.0,92.0,92.0,92.0,92.0,70.52,70.52,70.52,70.52,70.52,70.52,57.526,57.526,57.526,57.526,57.526
train,27,data_27.csv,onset_leak,27_114_137,24,114,137,68400,82200,leak_binary,1,110.04,110.04,110.04,110.04,110.04,110.04,92.0,92.0,92.0,92.0,92.0,92.0,70.52,70.52,70.52,70.52,70.52,70.52,57.526,57.526,57.526,57.526,57.526,57.526
train,27,data_27.csv,onset_leak,27_115_138,24,115,138,69000,82800,leak_binary,1,110.04,110.04,110.04,110.04,110.04,92.0,92.0,92.0,92.0,92.0,92.0,70.52,70.52,70.52,70.52,70.52,70.52,57.526,57.526,57.526,57.526,57.526,57.526,50.5
train,27,data_27.csv,onset_leak,27_116_139,24,116,139,69600,83400,leak_binary,1,110.04,110.04,110.04,110.04,92.0,92.0,92.0,92.0,92.0,92.0,70.52,70.52,70.52,70.52,70.52,70.52,57.526,57.526,57.526,57.526,57.526,57.526,50.5,50.5
train,27,data_27.csv,onset_leak,27_117_140,24,117,140,70200,84000,leak_binary,1,110.04,110.04,110.04,92.0,92.0,92.0,92.0,92.0,92.0,70.52,70.52,70.52,70.52,70.52,70.52,57.526,57.526,57.526,57.526,57.526,57.526,50.5,50.5,50.5
train,27,data_27.csv,onset_leak,27_118_141,24,118,141,70800,84600,leak_binary,1,110.04,110.04,92.0,92.0,92.0,92.0,92.0,92.0,70.52,70.52,70.52,70.52,70.52,70.52,57.526,57.526,57.526,57.526,57.526,57.526,50.5,50.5,50.5,50.5
train,27,data_27.csv,onset_leak,27_119_142,24,119,142,71400,85200,leak_binary,1,110.04,92.0,92.0,92.0,92.0,92.0,92.0,70.52,70.52,70.52,70.52,70.52,70.52,57.526,57.526,57.526,57.526,57.526,57.526,50.5,50.5,50.5,50.5,50.5
train,27,data_27.csv,onset_leak,27_120_143,24,120,143,72000,85800,leak_binary,1,92.0,92.0,92.0,92.0,92.0,92.0,70.52,70.52,70.52,70.52,70.52,70.52,57.526,57.526,57.526,57.526,57.526,57.526,50.5,50.5,50.5,50.5,50.5,50.5
train,27,data_27.csv,onset_leak,27_121_144,24,121,144,72600,86400,leak_binary,1,92.0,92.0,92.0,92.0,92.0,70.52,70.52,70.52,70.52,70.52,70.52,57.526,57.526,57.526,57.526,57.526,57.526,50.5,50.5,50.5,50.5,50.5,50.5,5.5
train,28,data_28.csv,onset_leak,28_0_23,24,0,23,0,13800,leak_binary,0,13.5,13.5,13.5,13.5,13.5,13.5,13.221,13.221,13.221,13.221,13.221,13.221,13.211,13.211,13.211,13.211,13.211,13.211,13.598,13.598,13.598,13.598,13.598,13.598
train,28,data_28.csv,onset_leak,28_1_24,24,1,24,600,14400,leak_binary,0,13.5,13.5,13.5,13.5,13.5,13.221,13.221,13.221,13.221,13.221,13.221,13.211,13.211,13.211,13.211,13.211,13.211,13.598,13.598,13.598,13.598,13.598,13.598,14.5
train,28,data_28.csv,onset_leak,28_2_25,24,2,25,1200,15000,leak_binary,0,13.5,13.5,13.5,13.5,13.221,13.221,13.221,13.221,13.221,13.221,13.211,13.211,13.211,13.211,13.211,13.211,13.598,13.598,13.598,13.598,13.598,13.598,14.5,14.5
train,28,data_28.csv,onset_leak,28_3_26,24,3,26,1800,15600,leak_binary,0,13.5,13.5,13.5,13.221,13.221,13.221,13.221,13.221,13.221,13.211,13.211,13.211,13.211,13.211,13.211,13.598,13.598,13.598,13.598,13.598,13.598,14.5,14.5,14.5
train,28,data_28.csv,onset_leak,28_4_27,24,4,27,2400,16200,leak_binary,0,13.5,13.5,13.221,13.221,13.221,13.221,13.221,13.221,13.211,13.211,13.211,13.211,13.211,13.211,13.598,13.598,13.598,13.598,13.598,13.598,14.5,14.5,14.5,14.5
train,28,data_28.csv,onset_leak,28_5_28,24,5,28,3000,16800,leak_binary,0,13.5,13.221,13.221,13.221,13.221,13.221,13.221,13.211,13.211,13.211,13.211,13.211,13.211,13.598,13.598,13.598,13.598,13.598,13.598,14.5,14.5,14.5,14.5,14.5
train,28,data_28.csv,onset_leak,28_6_29,24,6,29,3600,17400,leak_binary,0,13.221,13.221,13.221,13.221,13.221,13.221,13.211,13.211,13.211,13.211,13.211,13.211,13.598,13.598,13.598,13.598,13.598,13.598,14.5,14.5,14.5,14.5,14.5,14.5
train,28,data_28.csv,onset_leak,28_7_30,24,7,30,4200,18000,leak_binary,0,13.221,13.221,13.221,13.221,13.221,13.211,13.211,13.211,13.211,13.211,13.211,13.598,13.598,13.598,13.598,13.598,13.598,14.5,14.5,14.5,14.5,14.5,14.5,15.64
train,28,data_28.csv,onset_leak,28_8_31,24,8,31,4800,18600,leak_binary,0,13.221,13.221,13.221,13.221,13.211,13.211,13.211,13.211,13.211,13.211,13.598,13.598,13.598,13.598,13.598,13.598,14.5,14.5,14.5,14.5,14.5,14.5,15.64,15.64
train,28,data_28.csv,onset_leak,28_9_32,24,9,32,5400,19200,leak_binary,0,13.221,13.221,13.221,13.211,13.211,13.211,13.211,13.211,13.211,13.598,13.598,13.598,13.598,13.598,13.598,14.5,14.5,14.5,14.5,14.5,14.5,15.64,15.64,15.64
train,28,data_28.csv,onset_leak,28_10_33,24,10,33,6000,19800,leak_binary,0,13.221,13.221,13.211,13.211,13.211,13.211,13.211,13.211,13.598,13.598,13.598,13.598,13.598,13.598,14.5,14.5,14.5,14.5,14.5,14.5,15.64,15.64,15.64,15.64
train,28,data_28.csv,onset_leak,28_11_34,24,11,34,6600,20400,leak_binary,0,13.221,13.211,13.211,13.211,13.211,13.211,13.211,13.598,13.598,13.598,13.598,13.598,13.598,14.5,14.5,14.5,14.5,14.5,14.5,15.64,15.64,15.64,15.64,15.64
train,28,data_28.csv,onset_leak,28_12_35,24,12,35,7200,21000,leak_binary,0,13.211,13.211,13.211,13.211,13.211,13.211,13.598,13.598,13.598,13.598,13.598,13.598,14.5,14.5,14.5,14.5,14.5,14.5,15.64,15.64,15.64,15.64,15.64,15.64
train,28,data_28.csv,onset_leak,28_13_36,24,13,36,7800,21600,leak_binary,0,13.211,13.211,13.211,13.211,13.211,13.598,13.598,13.598,13.598,13.598,13.598,14.5,14.5,14.5,14.5,14.5,14.5,15.64,15.64,15.64,15.64,15.64,15.64,16.838
train,28,data_28.csv,onset_leak,28_14_37,24,14,37,8400,22200,leak_binary,0,13.211,13.211,13.211,13.211,13.598,13.598,13.598,13.598,13.598,13.598,14.5,14.5,14.5,14.5,14.5,14.5,15.64,15.64,15.64,15.64,15.64,15.64,16.838,16.838
train,28,data_28.csv,onset_leak,28_15_38,24,15,38,9000,22800,leak_binary,0,13.211,13.211,13.211,13.598,13.598,13.598,13.598,13.598,13.598,14.5,14.5,14.5,14.5,14.5,14.5,15.64,15.64,15.64,15.64,15.64,15.64,16.838,16.838,16.838
train,28,data_28.csv,onset_leak,28_16_39,24,16,39,9600,23400,leak_binary,0,13.211,13.211,13.598,13.598,13.598,13.598,13.598,13.598,14.5,14.5,14.5,14.5,14.5,14.5,15.64,15.64,15.64,15.64,15.64,15.64,16.838,16.838,16.838,16.838
train,28,data_28.csv,onset_leak,28_17_40,24,17,40,10200,24000,leak_binary,0,13.211,13.598,13.598,13.598,13.598,13.598,13.598,14.5,14.5,14.5,14.5,14.5,14.5,15.64,15.64,15.64,15.64,15.64,15.64,16.838,16.838,16.838,16.838,16.838
train,28,data_28.csv,onset_leak,28_18_41,24,18,41,10800,24600,leak_binary,0,13.598,13.598,13.598,13.598,13.598,13.598,14.5,14.5,14.5,14.5,14.5,14.5,15.64,15.64,15.64,15.64,15.64,15.64,16.838,16.838,16.838,16.838,16.838,16.838
train,28,data_28.csv,onset_leak,28_19_42,24,19,42,11400,25200,leak_binary,0,13.598,13.598,13.598,13.598,13.598,14.5,14.5,14.5,14.5,14.5,14.5,15.64,15.64,15.64,15.64,15.64,15.64,16.838,16.838,16.838,16.838,16.838,16.838,18.368
train,28,data_28.csv,onset_leak,28_20_43,24,20,43,12000,25800,leak_binary,0,13.598,13.598,13.598,13.598,14.5,14.5,14.5,14.5,14.5,14.5,15.64,15.64,15.64,15.64,15.64,15.64,16.838,16.838,16.838,16.838,16.838,16.838,18.368,18.368
train,28,data_28.csv,onset_leak,28_21_44,24,21,44,12600,26400,leak_binary,0,13.598,13.598,13.598,14.5,14.5,14.5,14.5,14.5,14.5,15.64,15.64,15.64,15.64,15.64,15.64,16.838,16.838,16.838,16.838,16.838,16.838,18.368,18.368,18.368
train,28,data_28.csv,onset_leak,28_22_45,24,22,45,13200,27000,leak_binary,0,13.598,13.598,14.5,14.5,14.5,14.5,14.5,14.5,15.64,15.64,15.64,15.64,15.64,15.64,16.838,16.838,16.838,16.838,16.838,16.838,18.368,18.368,18.368,18.368
train,28,data_28.csv,onset_leak,28_23_46,24,23,46,13800,27600,leak_binary,0,13.598,14.5,14.5,14.5,14.5,14.5,14.5,15.64,15.64,15.64,15.64,15.64,15.64,16.838,16.838,16.838,16.838,16.838,16.838,18.368,18.368,18.368,18.368,18.368
train,28,data_28.csv,onset_leak,28_24_47,24,24,47,14400,28200,leak_binary,0,14.5,14.5,14.5,14.5,14.5,14.5,15.64,15.64,15.64,15.64,15.64,15.64,16.838,16.838,16.838,16.838,16.838,16.838,18.368,18.368,18.368,18.368,18.368,18.368
train,28,data_28.csv,onset_leak,28_25_48,24,25,48,15000,28800,leak_binary,0,14.5,14.5,14.5,14.5,14.5,15.64,15.64,15.64,15.64,15.64,15.64,16.838,16.838,16.838,16.838,16.838,16.838,18.368,18.368,18.368,18.368,18.368,18.368,20.5
train,28,data_28.csv,onset_leak,28_26_49,24,26,49,15600,29400,leak_binary,0,14.5,14.5,14.5,14.5,15.64,15.64,15.64,15.64,15.64,15.64,16.838,16.838,16.838,16.838,16.838,16.838,18.368,18.368,18.368,18.368,18.368,18.368,20.5,20.5
train,28,data_28.csv,onset_leak,28_27_50,24,27,50,16200,30000,leak_binary,0,14.5,14.5,14.5,15.64,15.64,15.64,15.64,15.64,15.64,16.838,16.838,16.838,16.838,16.838,16.838,18.368,18.368,18.368,18.368,18.368,18.368,20.5,20.5,20.5
train,28,data_28.csv,onset_leak,28_28_51,24,28,51,16800,30600,leak_binary,0,14.5,14.5,15.64,15.64,15.64,15.64,15.64,15.64,16.838,16.838,16.838,16.838,16.838,16.838,18.368,18.368,18.368,18.368,18.368,18.368,20.5,20.5,20.5,20.5
train,28,data_28.csv,onset_leak,28_29_52,24,29,52,17400,31200,leak_binary,0,14.5,15.64,15.64,15.64,15.64,15.64,15.64,16.838,16.838,16.838,16.838,16.838,16.838,18.368,18.368,18.368,18.368,18.368,18.368,20.5,20.5,20.5,20.5,20.5
train,28,data_28.csv,onset_leak,28_30_53,24,30,53,18000,31800,leak_binary,0,15.64,15.64,15.64,15.64,15.64,15.64,16.838,16.838,16.838,16.838,16.838,16.838,18.368,18.368,18.368,18.368,18.368,18.368,20.5,20.5,20.5,20.5,20.5,20.5
train,28,data_28.csv,onset_leak,28_31_54,24,31,54,18600,32400,leak_binary,0,15.64,15.64,15.64,15.64,15.64,16.838,16.838,16.838,16.838,16.838,16.838,18.368,18.368,18.368,18.368,18.368,18.368,20.5,20.5,20.5,20.5,20.5,20.5,33.419
train,28,data_28.csv,onset_leak,28_32_55,24,32,55,19200,33000,leak_binary,0,15.64,15.64,15.64,15.64,16.838,16.838,16.838,16.838,16.838,16.838,18.368,18.368,18.368,18.368,18.368,18.368,20.5,20.5,20.5,20.5,20.5,20.5,33.419,33.419
train,28,data_28.csv,onset_leak,28_33_56,24,33,56,19800,33600,leak_binary,0,15.64,15.64,15.64,16.838,16.838,16.838,16.838,16.838,16.838,18.368,18.368,18.368,18.368,18.368,18.368,20.5,20.5,20.5,20.5,20.5,20.5,33.419,33.419,33.419
train,28,data_28.csv,onset_leak,28_34_57,24,34,57,20400,34200,leak_binary,0,15.64,15.64,16.838,16.838,16.838,16.838,16.838,16.838,18.368,18.368,18.368,18.368,18.368,18.368,20.5,20.5,20.5,20.5,20.5,20.5,33.419,33.419,33.419,33.419
train,28,data_28.csv,onset_leak,28_35_58,24,35,58,21000,34800,leak_binary,0,15.64,16.838,16.838,16.838,16.838,16.838,16.838,18.368,18.368,18.368,18.368,18.368,18.368,20.5,20.5,20.5,20.5,20.5,20.5,33.419,33.419,33.419,33.419,33.419
train,28,data_28.csv,onset_leak,28_36_59,24,36,59,21600,35400,leak_binary,0,16.838,16.838,16.838,16.838,16.838,16.838,18.368,18.368,18.368,18.368,18.368,18.368,20.5,20.5,20.5,20.5,20.5,20.5,33.419,33.419,33.419,33.419,33.419,33.419
train,28,data_28.csv,onset_leak,28_37_60,24,37,60,22200,36000,leak_binary,0,16.838,16.838,16.838,16.838,16.838,18.368,18.368,18.368,18.368,18.368,18.368,20.5,20.5,20.5,20.5,20.5,20.5,33.419,33.419,33.419,33.419,33.419,33.419,54.766
train,28,data_28.csv,onset_leak,28_38_61,24,38,61,22800,36600,leak_binary,0,16.838,16.838,16.838,16.838,18.368,18.368,18.368,18.368,18.368,18.368,20.5,20.5,20.5,20.5,20.5,20.5,33.419,33.419,33.419,33.419,33.419,33.419,54.766,54.766
train,28,data_28.csv,onset_leak,28_39_62,24,39,62,23400,37200,leak_binary,0,16.838,16.838,16.838,18.368,18.368,18.368,18.368,18.368,18.368,20.5,20.5,20.5,20.5,20.5,20.5,33.419,33.419,33.419,33.419,33.419,33.419,54.766,54.766,54.766
train,28,data_28.csv,onset_leak,28_40_63,24,40,63,24000,37800,leak_binary,0,16.838,16.838,18.368,18.368,18.368,18.368,18.368,18.368,20.5,20.5,20.5,20.5,20.5,20.5,33.419,33.419,33.419,33.419,33.419,33.419,54.766,54.766,54.766,54.766
train,28,data_28.csv,onset_leak,28_41_64,24,41,64,24600,38400,leak_binary,0,16.838,18.368,18.368,18.368,18.368,18.368,18.368,20.5,20.5,20.5,20.5,20.5,20.5,33.419,33.419,33.419,33.419,33.419,33.419,54.766,54.766,54.766,54.766,54.766
train,28,data_28.csv,onset_leak,28_42_65,24,42,65,25200,39000,leak_binary,0,18.368,18.368,18.368,18.368,18.368,18.368,20.5,20.5,20.5,20.5,20.5,20.5,33.419,33.419,33.419,33.419,33.419,33.419,54.766,54.766,54.766,54.766,54.766,54.766
train,28,data_28.csv,onset_leak,28_43_66,24,43,66,25800,39600,leak_binary,0,18.368,18.368,18.368,18.368,18.368,20.5,20.5,20.5,20.5,20.5,20.5,33.419,33.419,33.419,33.419,33.419,33.419,54.766,54.766,54.766,54.766,54.766,54.766,66.0
train,28,data_28.csv,onset_leak,28_44_67,24,44,67,26400,40200,leak_binary,0,18.368,18.368,18.368,18.368,20.5,20.5,20.5,20.5,20.5,20.5,33.419,33.419,33.419,33.419,33.419,33.419,54.766,54.766,54.766,54.766,54.766,54.766,66.0,66.0
train,28,data_28.csv,onset_leak,28_45_68,24,45,68,27000,40800,leak_binary,0,18.368,18.368,18.368,20.5,20.5,20.5,20.5,20.5,20.5,33.419,33.419,33.419,33.419,33.419,33.419,54.766,54.766,54.766,54.766,54.766,54.766,66.0,66.0,66.0
train,28,data_28.csv,onset_leak,28_46_69,24,46,69,27600,41400,leak_binary,0,18.368,18.368,20.5,20.5,20.5,20.5,20.5,20.5,33.419,33.419,33.419,33.419,33.419,33.419,54.766,54.766,54.766,54.766,54.766,54.766,66.0,66.0,66.0,66.0
train,28,data_28.csv,onset_leak,28_47_70,24,47,70,28200,42000,leak_binary,0,18.368,20.5,20.5,20.5,20.5,20.5,20.5,33.419,33.419,33.419,33.419,33.419,33.419,54.766,54.766,54.766,54.766,54.766,54.766,66.0,66.0,66.0,66.0,66.0
train,28,data_28.csv,onset_leak,28_48_71,24,48,71,28800,42600,leak_binary,0,20.5,20.5,20.5,20.5,20.5,20.5,33.419,33.419,33.419,33.419,33.419,33.419,54.766,54.766,54.766,54.766,54.766,54.766,66.0,66.0,66.0,66.0,66.0,66.0
train,28,data_28.csv,onset_leak,28_49_72,24,49,72,29400,43200,leak_binary,1,20.5,20.5,20.5,20.5,20.5,33.419,33.419,33.419,33.419,33.419,33.419,54.766,54.766,54.766,54.766,54.766,54.766,66.0,66.0,66.0,66.0,66.0,66.0,102.8
train,28,data_28.csv,onset_leak,28_50_73,24,50,73,30000,43800,leak_binary,1,20.5,20.5,20.5,20.5,33.419,33.419,33.419,33.419,33.419,33.419,54.766,54.766,54.766,54.766,54.766,54.766,66.0,66.0,66.0,66.0,66.0,66.0,102.8,102.8
train,28,data_28.csv,onset_leak,28_51_74,24,51,74,30600,44400,leak_binary,1,20.5,20.5,20.5,33.419,33.419,33.419,33.419,33.419,33.419,54.766,54.766,54.766,54.766,54.766,54.766,66.0,66.0,66.0,66.0,66.0,66.0,102.8,102.8,102.8
train,28,data_28.csv,onset_leak,28_52_75,24,52,75,31200,45000,leak_binary,1,20.5,20.5,33.419,33.419,33.419,33.419,33.419,33.419,54.766,54.766,54.766,54.766,54.766,54.766,66.0,66.0,66.0,66.0,66.0,66.0,102.8,102.8,102.8,102.8
train,28,data_28.csv,onset_leak,28_53_76,24,53,76,31800,45600,leak_binary,1,20.5,33.419,33.419,33.419,33.419,33.419,33.419,54.766,54.766,54.766,54.766,54.766,54.766,66.0,66.0,66.0,66.0,66.0,66.0,102.8,102.8,102.8,102.8,102.8
train,28,data_28.csv,onset_leak,28_54_77,24,54,77,32400,46200,leak_binary,1,33.419,33.419,33.419,33.419,33.419,33.419,54.766,54.766,54.766,54.766,54.766,54.766,66.0,66.0,66.0,66.0,66.0,66.0,102.8,102.8,102.8,102.8,102.8,102.8
train,28,data_28.csv,onset_leak,28_55_78,24,55,78,33000,46800,leak_binary,1,33.419,33.419,33.419,33.419,33.419,54.766,54.766,54.766,54.766,54.766,54.766,66.0,66.0,66.0,66.0,66.0,66.0,102.8,102.8,102.8,102.8,102.8,102.8,96.602
train,28,data_28.csv,onset_leak,28_56_79,24,56,79,33600,47400,leak_binary,1,33.419,33.419,33.419,33.419,54.766,54.766,54.766,54.766,54.766,54.766,66.0,66.0,66.0,66.0,66.0,66.0,102.8,102.8,102.8,102.8,102.8,102.8,96.602,96.602
train,28,data_28.csv,onset_leak,28_57_80,24,57,80,34200,48000,leak_binary,1,33.419,33.419,33.419,54.766,54.766,54.766,54.766,54.766,54.766,66.0,66.0,66.0,66.0,66.0,66.0,102.8,102.8,102.8,102.8,102.8,102.8,96.602,96.602,96.602
train,28,data_28.csv,onset_leak,28_58_81,24,58,81,34800,48600,leak_binary,1,33.419,33.419,54.766,54.766,54.766,54.766,54.766,54.766,66.0,66.0,66.0,66.0,66.0,66.0,102.8,102.8,102.8,102.8,102.8,102.8,96.602,96.602,96.602,96.602
train,28,data_28.csv,onset_leak,28_59_82,24,59,82,35400,49200,leak_binary,1,33.419,54.766,54.766,54.766,54.766,54.766,54.766,66.0,66.0,66.0,66.0,66.0,66.0,102.8,102.8,102.8,102.8,102.8,102.8,96.602,96.602,96.602,96.602,96.602
train,28,data_28.csv,onset_leak,28_60_83,24,60,83,36000,49800,leak_binary,1,54.766,54.766,54.766,54.766,54.766,54.766,66.0,66.0,66.0,66.0,66.0,66.0,102.8,102.8,102.8,102.8,102.8,102.8,96.602,96.602,96.602,96.602,96.602,96.602
train,28,data_28.csv,onset_leak,28_61_84,24,61,84,36600,50400,leak_binary,1,54.766,54.766,54.766,54.766,54.766,66.0,66.0,66.0,66.0,66.0,66.0,102.8,102.8,102.8,102.8,102.8,102.8,96.602,96.602,96.602,96.602,96.602,96.602,92.5
train,28,data_28.csv,onset_leak,28_62_85,24,62,85,37200,51000,leak_binary,1,54.766,54.766,54.766,54.766,66.0,66.0,66.0,66.0,66.0,66.0,102.8,102.8,102.8,102.8,102.8,102.8,96.602,96.602,96.602,96.602,96.602,96.602,92.5,92.5
train,28,data_28.csv,onset_leak,28_63_86,24,63,86,37800,51600,leak_binary,1,54.766,54.766,54.766,66.0,66.0,66.0,66.0,66.0,66.0,102.8,102.8,102.8,102.8,102.8,102.8,96.602,96.602,96.602,96.602,96.602,96.602,92.5,92.5,92.5
train,28,data_28.csv,onset_leak,28_64_87,24,64,87,38400,52200,leak_binary,1,54.766,54.766,66.0,66.0,66.0,66.0,66.0,66.0,102.8,102.8,102.8,102.8,102.8,102.8,96.602,96.602,96.602,96.602,96.602,96.602,92.5,92.5,92.5,92.5
train,28,data_28.csv,onset_leak,28_65_88,24,65,88,39000,52800,leak_binary,1,54.766,66.0,66.0,66.0,66.0,66.0,66.0,102.8,102.8,102.8,102.8,102.8,102.8,96.602,96.602,96.602,96.602,96.602,96.602,92.5,92.5,92.5,92.5,92.5
train,28,data_28.csv,onset_leak,28_66_89,24,66,89,39600,53400,leak_binary,1,66.0,66.0,66.0,66.0,66.0,66.0,102.8,102.8,102.8,102.8,102.8,102.8,96.602,96.602,96.602,96.602,96.602,96.602,92.5,92.5,92.5,92.5,92.5,92.5
train,28,data_28.csv,onset_leak,28_67_90,24,67,90,40200,54000,leak_binary,1,66.0,66.0,66.0,66.0,66.0,102.8,102.8,102.8,102.8,102.8,102.8,96.602,96.602,96.602,96.602,96.602,96.602,92.5,92.5,92.5,92.5,92.5,92.5,94.263
train,28,data_28.csv,onset_leak,28_68_91,24,68,91,40800,54600,leak_binary,1,66.0,66.0,66.0,66.0,102.8,102.8,102.8,102.8,102.8,102.8,96.602,96.602,96.602,96.602,96.602,96.602,92.5,92.5,92.5,92.5,92.5,92.5,94.263,94.263
train,28,data_28.csv,onset_leak,28_69_92,24,69,92,41400,55200,leak_binary,1,66.0,66.0,66.0,102.8,102.8,102.8,102.8,102.8,102.8,96.602,96.602,96.602,96.602,96.602,96.602,92.5,92.5,92.5,92.5,92.5,92.5,94.263,94.263,94.263
train,28,data_28.csv,onset_leak,28_70_93,24,70,93,42000,55800,leak_binary,1,66.0,66.0,102.8,102.8,102.8,102.8,102.8,102.8,96.602,96.602,96.602,96.602,96.602,96.602,92.5,92.5,92.5,92.5,92.5,92.5,94.263,94.263,94.263,94.263
train,28,data_28.csv,onset_leak,28_71_94,24,71,94,42600,56400,leak_binary,1,66.0,102.8,102.8,102.8,102.8,102.8,102.8,96.602,96.602,96.602,96.602,96.602,96.602,92.5,92.5,92.5,92.5,92.5,92.5,94.263,94.263,94.263,94.263,94.263
train,28,data_28.csv,onset_leak,28_72_95,24,72,95,43200,57000,leak_binary,1,102.8,102.8,102.8,102.8,102.8,102.8,96.602,96.602,96.602,96.602,96.602,96.602,92.5,92.5,92.5,92.5,92.5,92.5,94.263,94.263,94.263,94.263,94.263,94.263
train,28,data_28.csv,onset_leak,28_73_96,24,73,96,43800,57600,leak_binary,1,102.8,102.8,102.8,102.8,102.8,96.602,96.602,96.602,96.602,96.602,96.602,92.5,92.5,92.5,92.5,92.5,92.5,94.263,94.263,94.263,94.263,94.263,94.263,99.722
train,28,data_28.csv,onset_leak,28_74_97,24,74,97,44400,58200,leak_binary,1,102.8,102.8,102.8,102.8,96.602,96.602,96.602,96.602,96.602,96.602,92.5,92.5,92.5,92.5,92.5,92.5,94.263,94.263,94.263,94.263,94.263,94.263,99.722,99.722
train,28,data_28.csv,onset_leak,28_75_98,24,75,98,45000,58800,leak_binary,1,102.8,102.8,102.8,96.602,96.602,96.602,96.602,96.602,96.602,92.5,92.5,92.5,92.5,92.5,92.5,94.263,94.263,94.263,94.263,94.263,94.263,99.722,99.722,99.722
train,28,data_28.csv,onset_leak,28_76_99,24,76,99,45600,59400,leak_binary,1,102.8,102.8,96.602,96.602,96.602,96.602,96.602,96.602,92.5,92.5,92.5,92.5,92.5,92.5,94.263,94.263,94.263,94.263,94.263,94.263,99.722,99.722,99.722,99.722
train,28,data_28.csv,onset_leak,28_77_100,24,77,100,46200,60000,leak_binary,1,102.8,96.602,96.602,96.602,96.602,96.602,96.602,92.5,92.5,92.5,92.5,92.5,92.5,94.263,94.263,94.263,94.263,94.263,94.263,99.722,99.722,99.722,99.722,99.722
train,28,data_28.csv,onset_leak,28_78_101,24,78,101,46800,60600,leak_binary,1,96.602,96.602,96.602,96.602,96.602,96.602,92.5,92.5,92.5,92.5,92.5,92.5,94.263,94.263,94.263,94.263,94.263,94.263,99.722,99.722,99.722,99.722,99.722,99.722
train,28,data_28.csv,onset_leak,28_79_102,24,79,102,47400,61200,leak_binary,1,96.602,96.602,96.602,96.602,96.602,92.5,92.5,92.5,92.5,92.5,92.5,94.263,94.263,94.263,94.263,94.263,94.263,99.722,99.722,99.722,99.722,99.722,99.722,105.07
train,28,data_28.csv,onset_leak,28_80_103,24,80,103,48000,61800,leak_binary,1,96.602,96.602,96.602,96.602,92.5,92.5,92.5,92.5,92.5,92.5,94.263,94.263,94.263,94.263,94.263,94.263,99.722,99.722,99.722,99.722,99.722,99.722,105.07,105.07
train,28,data_28.csv,onset_leak,28_81_104,24,81,104,48600,62400,leak_binary,1,96.602,96.602,96.602,92.5,92.5,92.5,92.5,92.5,92.5,94.263,94.263,94.263,94.263,94.263,94.263,99.722,99.722,99.722,99.722,99.722,99.722,105.07,105.07,105.07
train,28,data_28.csv,onset_leak,28_82_105,24,82,105,49200,63000,leak_binary,1,96.602,96.602,92.5,92.5,92.5,92.5,92.5,92.5,94.263,94.263,94.263,94.263,94.263,94.263,99.722,99.722,99.722,99.722,99.722,99.722,105.07,105.07,105.07,105.07
train,28,data_28.csv,onset_leak,28_83_106,24,83,106,49800,63600,leak_binary,1,96.602,92.5,92.5,92.5,92.5,92.5,92.5,94.263,94.263,94.263,94.263,94.263,94.263,99.722,99.722,99.722,99.722,99.722,99.722,105.07,105.07,105.07,105.07,105.07
train,28,data_28.csv,onset_leak,28_84_107,24,84,107,50400,64200,leak_binary,1,92.5,92.5,92.5,92.5,92.5,92.5,94.263,94.263,94.263,94.263,94.263,94.263,99.722,99.722,99.722,99.722,99.722,99.722,105.07,105.07,105.07,105.07,105.07,105.07
train,28,data_28.csv,onset_leak,28_85_108,24,85,108,51000,64800,leak_binary,1,92.5,92.5,92.5,92.5,92.5,94.263,94.263,94.263,94.263,94.263,94.263,99.722,99.722,99.722,99.722,99.722,99.722,105.07,105.07,105.07,105.07,105.07,105.07,106.5
train,28,data_28.csv,onset_leak,28_86_109,24,86,109,51600,65400,leak_binary,1,92.5,92.5,92.5,92.5,94.263,94.263,94.263,94.263,94.263,94.263,99.722,99.722,99.722,99.722,99.722,99.722,105.07,105.07,105.07,105.07,105.07,105.07,106.5,106.5
train,28,data_28.csv,onset_leak,28_87_110,24,87,110,52200,66000,leak_binary,1,92.5,92.5,92.5,94.263,94.263,94.263,94.263,94.263,94.263,99.722,99.722,99.722,99.722,99.722,99.722,105.07,105.07,105.07,105.07,105.07,105.07,106.5,106.5,106.5
train,28,data_28.csv,onset_leak,28_88_111,24,88,111,52800,66600,leak_binary,1,92.5,92.5,94.263,94.263,94.263,94.263,94.263,94.263,99.722,99.722,99.722,99.722,99.722,99.722,105.07,105.07,105.07,105.07,105.07,105.07,106.5,106.5,106.5,106.5
train,28,data_28.csv,onset_leak,28_89_112,24,89,112,53400,67200,leak_binary,1,92.5,94.263,94.263,94.263,94.263,94.263,94.263,99.722,99.722,99.722,99.722,99.722,99.722,105.07,105.07,105.07,105.07,105.07,105.07,106.5,106.5,106.5,106.5,106.5
train,28,data_28.csv,onset_leak,28_90_113,24,90,113,54000,67800,leak_binary,1,94.263,94.263,94.263,94.263,94.263,94.263,99.722,99.722,99.722,99.722,99.722,99.722,105.07,105.07,105.07,105.07,105.07,105.07,106.5,106.5,106.5,106.5,106.5,106.5
train,28,data_28.csv,onset_leak,28_91_114,24,91,114,54600,68400,leak_binary,1,94.263,94.263,94.263,94.263,94.263,99.722,99.722,99.722,99.722,99.722,99.722,105.07,105.07,105.07,105.07,105.07,105.07,106.5,106.5,106.5,106.5,106.5,106.5,89.757
train,28,data_28.csv,onset_leak,28_92_115,24,92,115,55200,69000,leak_binary,1,94.263,94.263,94.263,94.263,99.722,99.722,99.722,99.722,99.722,99.722,105.07,105.07,105.07,105.07,105.07,105.07,106.5,106.5,106.5,106.5,106.5,106.5,89.757,89.757
train,28,data_28.csv,onset_leak,28_93_116,24,93,116,55800,69600,leak_binary,1,94.263,94.263,94.263,99.722,99.722,99.722,99.722,99.722,99.722,105.07,105.07,105.07,105.07,105.07,105.07,106.5,106.5,106.5,106.5,106.5,106.5,89.757,89.757,89.757
train,28,data_28.csv,onset_leak,28_94_117,24,94,117,56400,70200,leak_binary,1,94.263,94.263,99.722,99.722,99.722,99.722,99.722,99.722,105.07,105.07,105.07,105.07,105.07,105.07,106.5,106.5,106.5,106.5,106.5,106.5,89.757,89.757,89.757,89.757
train,28,data_28.csv,onset_leak,28_95_118,24,95,118,57000,70800,leak_binary,1,94.263,99.722,99.722,99.722,99.722,99.722,99.722,105.07,105.07,105.07,105.07,105.07,105.07,106.5,106.5,106.5,106.5,106.5,106.5,89.757,89.757,89.757,89.757,89.757
train,28,data_28.csv,onset_leak,28_96_119,24,96,119,57600,71400,leak_binary,1,99.722,99.722,99.722,99.722,99.722,99.722,105.07,105.07,105.07,105.07,105.07,105.07,106.5,106.5,106.5,106.5,106.5,106.5,89.757,89.757,89.757,89.757,89.757,89.757
train,28,data_28.csv,onset_leak,28_97_120,24,97,120,58200,72000,leak_binary,1,99.722,99.722,99.722,99.722,99.722,105.07,105.07,105.07,105.07,105.07,105.07,106.5,106.5,106.5,106.5,106.5,106.5,89.757,89.757,89.757,89.757,89.757,89.757,71.0
train,28,data_28.csv,onset_leak,28_98_121,24,98,121,58800,72600,leak_binary,1,99.722,99.722,99.722,99.722,105.07,105.07,105.07,105.07,105.07,105.07,106.5,106.5,106.5,106.5,106.5,106.5,89.757,89.757,89.757,89.757,89.757,89.757,71.0,71.0
train,28,data_28.csv,onset_leak,28_99_122,24,99,122,59400,73200,leak_binary,1,99.722,99.722,99.722,105.07,105.07,105.07,105.07,105.07,105.07,106.5,106.5,106.5,106.5,106.5,106.5,89.757,89.757,89.757,89.757,89.757,89.757,71.0,71.0,71.0
train,28,data_28.csv,onset_leak,28_100_123,24,100,123,60000,73800,leak_binary,1,99.722,99.722,105.07,105.07,105.07,105.07,105.07,105.07,106.5,106.5,106.5,106.5,106.5,106.5,89.757,89.757,89.757,89.757,89.757,89.757,71.0,71.0,71.0,71.0
train,28,data_28.csv,onset_leak,28_101_124,24,101,124,60600,74400,leak_binary,1,99.722,105.07,105.07,105.07,105.07,105.07,105.07,106.5,106.5,106.5,106.5,106.5,106.5,89.757,89.757,89.757,89.757,89.757,89.757,71.0,71.0,71.0,71.0,71.0
train,28,data_28.csv,onset_leak,28_102_125,24,102,125,61200,75000,leak_binary,1,105.07,105.07,105.07,105.07,105.07,105.07,106.5,106.5,106.5,106.5,106.5,106.5,89.757,89.757,89.757,89.757,89.757,89.757,71.0,71.0,71.0,71.0,71.0,71.0
train,28,data_28.csv,onset_leak,28_103_126,24,103,126,61800,75600,leak_binary,1,105.07,105.07,105.07,105.07,105.07,106.5,106.5,106.5,106.5,106.5,106.5,89.757,89.757,89.757,89.757,89.757,89.757,71.0,71.0,71.0,71.0,71.0,71.0,65.819
train,28,data_28.csv,onset_leak,28_104_127,24,104,127,62400,76200,leak_binary,1,105.07,105.07,105.07,105.07,106.5,106.5,106.5,106.5,106.5,106.5,89.757,89.757,89.757,89.757,89.757,89.757,71.0,71.0,71.0,71.0,71.0,71.0,65.819,65.819
train,28,data_28.csv,onset_leak,28_105_128,24,105,128,63000,76800,leak_binary,1,105.07,105.07,105.07,106.5,106.5,106.5,106.5,106.5,106.5,89.757,89.757,89.757,89.757,89.757,89.757,71.0,71.0,71.0,71.0,71.0,71.0,65.819,65.819,65.819
train,28,data_28.csv,onset_leak,28_106_129,24,106,129,63600,77400,leak_binary,1,105.07,105.07,106.5,106.5,106.5,106.5,106.5,106.5,89.757,89.757,89.757,89.757,89.757,89.757,71.0,71.0,71.0,71.0,71.0,71.0,65.819,65.819,65.819,65.819
train,28,data_28.csv,onset_leak,28_107_130,24,107,130,64200,78000,leak_binary,1,105.07,106.5,106.5,106.5,106.5,106.5,106.5,89.757,89.757,89.757,89.757,89.757,89.757,71.0,71.0,71.0,71.0,71.0,71.0,65.819,65.819,65.819,65.819,65.819
train,28,data_28.csv,onset_leak,28_108_131,24,108,131,64800,78600,leak_binary,1,106.5,106.5,106.5,106.5,106.5,106.5,89.757,89.757,89.757,89.757,89.757,89.757,71.0,71.0,71.0,71.0,71.0,71.0,65.819,65.819,65.819,65.819,65.819,65.819
train,28,data_28.csv,onset_leak,28_109_132,24,109,132,65400,79200,leak_binary,1,106.5,106.5,106.5,106.5,106.5,89.757,89.757,89.757,89.757,89.757,89.757,71.0,71.0,71.0,71.0,71.0,71.0,65.819,65.819,65.819,65.819,65.819,65.819,62.298
train,28,data_28.csv,onset_leak,28_110_133,24,110,133,66000,79800,leak_binary,1,106.5,106.5,106.5,106.5,89.757,89.757,89.757,89.757,89.757,89.757,71.0,71.0,71.0,71.0,71.0,71.0,65.819,65.819,65.819,65.819,65.819,65.819,62.298,62.298
train,28,data_28.csv,onset_leak,28_111_134,24,111,134,66600,80400,leak_binary,1,106.5,106.5,106.5,89.757,89.757,89.757,89.757,89.757,89.757,71.0,71.0,71.0,71.0,71.0,71.0,65.819,65.819,65.819,65.819,65.819,65.819,62.298,62.298,62.298
train,28,data_28.csv,onset_leak,28_112_135,24,112,135,67200,81000,leak_binary,1,106.5,106.5,89.757,89.757,89.757,89.757,89.757,89.757,71.0,71.0,71.0,71.0,71.0,71.0,65.819,65.819,65.819,65.819,65.819,65.819,62.298,62.298,62.298,62.298
train,28,data_28.csv,onset_leak,28_113_136,24,113,136,67800,81600,leak_binary,1,106.5,89.757,89.757,89.757,89.757,89.757,89.757,71.0,71.0,71.0,71.0,71.0,71.0,65.819,65.819,65.819,65.819,65.819,65.819,62.298,62.298,62.298,62.298,62.298
train,28,data_28.csv,onset_leak,28_114_137,24,114,137,68400,82200,leak_binary,1,89.757,89.757,89.757,89.757,89.757,89.757,71.0,71.0,71.0,71.0,71.0,71.0,65.819,65.819,65.819,65.819,65.819,65.819,62.298,62.298,62.298,62.298,62.298,62.298
train,28,data_28.csv,onset_leak,28_115_138,24,115,138,69000,82800,leak_binary,1,89.757,89.757,89.757,89.757,89.757,71.0,71.0,71.0,71.0,71.0,71.0,65.819,65.819,65.819,65.819,65.819,65.819,62.298,62.298,62.298,62.298,62.298,62.298,61.0
train,28,data_28.csv,onset_leak,28_116_139,24,116,139,69600,83400,leak_binary,1,89.757,89.757,89.757,89.757,71.0,71.0,71.0,71.0,71.0,71.0,65.819,65.819,65.819,65.819,65.819,65.819,62.298,62.298,62.298,62.298,62.298,62.298,61.0,61.0
train,28,data_28.csv,onset_leak,28_117_140,24,117,140,70200,84000,leak_binary,1,89.757,89.757,89.757,71.0,71.0,71.0,71.0,71.0,71.0,65.819,65.819,65.819,65.819,65.819,65.819,62.298,62.298,62.298,62.298,62.298,62.298,61.0,61.0,61.0
train,28,data_28.csv,onset_leak,28_118_141,24,118,141,70800,84600,leak_binary,1,89.757,89.757,71.0,71.0,71.0,71.0,71.0,71.0,65.819,65.819,65.819,65.819,65.819,65.819,62.298,62.298,62.298,62.298,62.298,62.298,61.0,61.0,61.0,61.0
train,28,data_28.csv,onset_leak,28_119_142,24,119,142,71400,85200,leak_binary,1,89.757,71.0,71.0,71.0,71.0,71.0,71.0,65.819,65.819,65.819,65.819,65.819,65.819,62.298,62.298,62.298,62.298,62.298,62.298,61.0,61.0,61.0,61.0,61.0
train,28,data_28.csv,onset_leak,28_120_143,24,120,143,72000,85800,leak_binary,1,71.0,71.0,71.0,71.0,71.0,71.0,65.819,65.819,65.819,65.819,65.819,65.819,62.298,62.298,62.298,62.298,62.298,62.298,61.0,61.0,61.0,61.0,61.0,61.0
train,28,data_28.csv,onset_leak,28_121_144,24,121,144,72600,86400,leak_binary,1,71.0,71.0,71.0,71.0,71.0,65.819,65.819,65.819,65.819,65.819,65.819,62.298,62.298,62.298,62.298,62.298,62.298,61.0,61.0,61.0,61.0,61.0,61.0,13.5
train,29,data_29.csv,onset_leak,29_0_23,24,0,23,0,13800,leak_binary,0,7.0,7.0,7.0,7.0,7.0,7.0,12.25,12.25,12.25,12.25,12.25,12.25,17.5,17.5,17.5,17.5,17.5,17.5,22.211,22.211,22.211,22.211,22.211,22.211
train,29,data_29.csv,onset_leak,29_1_24,24,1,24,600,14400,leak_binary,0,7.0,7.0,7.0,7.0,7.0,12.25,12.25,12.25,12.25,12.25,12.25,17.5,17.5,17.5,17.5,17.5,17.5,22.211,22.211,22.211,22.211,22.211,22.211,28.0
train,29,data_29.csv,onset_leak,29_2_25,24,2,25,1200,15000,leak_binary,0,7.0,7.0,7.0,7.0,12.25,12.25,12.25,12.25,12.25,12.25,17.5,17.5,17.5,17.5,17.5,17.5,22.211,22.211,22.211,22.211,22.211,22.211,28.0,28.0
train,29,data_29.csv,onset_leak,29_3_26,24,3,26,1800,15600,leak_binary,0,7.0,7.0,7.0,12.25,12.25,12.25,12.25,12.25,12.25,17.5,17.5,17.5,17.5,17.5,17.5,22.211,22.211,22.211,22.211,22.211,22.211,28.0,28.0,28.0
train,29,data_29.csv,onset_leak,29_4_27,24,4,27,2400,16200,leak_binary,0,7.0,7.0,12.25,12.25,12.25,12.25,12.25,12.25,17.5,17.5,17.5,17.5,17.5,17.5,22.211,22.211,22.211,22.211,22.211,22.211,28.0,28.0,28.0,28.0
train,29,data_29.csv,onset_leak,29_5_28,24,5,28,3000,16800,leak_binary,0,7.0,12.25,12.25,12.25,12.25,12.25,12.25,17.5,17.5,17.5,17.5,17.5,17.5,22.211,22.211,22.211,22.211,22.211,22.211,28.0,28.0,28.0,28.0,28.0
train,29,data_29.csv,onset_leak,29_6_29,24,6,29,3600,17400,leak_binary,0,12.25,12.25,12.25,12.25,12.25,12.25,17.5,17.5,17.5,17.5,17.5,17.5,22.211,22.211,22.211,22.211,22.211,22.211,28.0,28.0,28.0,28.0,28.0,28.0
train,29,data_29.csv,onset_leak,29_7_30,24,7,30,4200,18000,leak_binary,0,12.25,12.25,12.25,12.25,12.25,17.5,17.5,17.5,17.5,17.5,17.5,22.211,22.211,22.211,22.211,22.211,22.211,28.0,28.0,28.0,28.0,28.0,28.0,42.182
train,29,data_29.csv,onset_leak,29_8_31,24,8,31,4800,18600,leak_binary,0,12.25,12.25,12.25,12.25,17.5,17.5,17.5,17.5,17.5,17.5,22.211,22.211,22.211,22.211,22.211,22.211,28.0,28.0,28.0,28.0,28.0,28.0,42.182,42.182
train,29,data_29.csv,onset_leak,29_9_32,24,9,32,5400,19200,leak_binary,0,12.25,12.25,12.25,17.5,17.5,17.5,17.5,17.5,17.5,22.211,22.211,22.211,22.211,22.211,22.211,28.0,28.0,28.0,28.0,28.0,28.0,42.182,42.182,42.182
train,29,data_29.csv,onset_leak,29_10_33,24,10,33,6000,19800,leak_binary,0,12.25,12.25,17.5,17.5,17.5,17.5,17.5,17.5,22.211,22.211,22.211,22.211,22.211,22.211,28.0,28.0,28.0,28.0,28.0,28.0,42.182,42.182,42.182,42.182
train,29,data_29.csv,onset_leak,29_11_34,24,11,34,6600,20400,leak_binary,0,12.25,17.5,17.5,17.5,17.5,17.5,17.5,22.211,22.211,22.211,22.211,22.211,22.211,28.0,28.0,28.0,28.0,28.0,28.0,42.182,42.182,42.182,42.182,42.182
train,29,data_29.csv,onset_leak,29_12_35,24,12,35,7200,21000,leak_binary,0,17.5,17.5,17.5,17.5,17.5,17.5,22.211,22.211,22.211,22.211,22.211,22.211,28.0,28.0,28.0,28.0,28.0,28.0,42.182,42.182,42.182,42.182,42.182,42.182
train,29,data_29.csv,onset_leak,29_13_36,24,13,36,7800,21600,leak_binary,0,17.5,17.5,17.5,17.5,17.5,22.211,22.211,22.211,22.211,22.211,22.211,28.0,28.0,28.0,28.0,28.0,28.0,42.182,42.182,42.182,42.182,42.182,42.182,60.757
train,29,data_29.csv,onset_leak,29_14_37,24,14,37,8400,22200,leak_binary,0,17.5,17.5,17.5,17.5,22.211,22.211,22.211,22.211,22.211,22.211,28.0,28.0,28.0,28.0,28.0,28.0,42.182,42.182,42.182,42.182,42.182,42.182,60.757,60.757
train,29,data_29.csv,onset_leak,29_15_38,24,15,38,9000,22800,leak_binary,0,17.5,17.5,17.5,22.211,22.211,22.211,22.211,22.211,22.211,28.0,28.0,28.0,28.0,28.0,28.0,42.182,42.182,42.182,42.182,42.182,42.182,60.757,60.757,60.757
train,29,data_29.csv,onset_leak,29_16_39,24,16,39,9600,23400,leak_binary,0,17.5,17.5,22.211,22.211,22.211,22.211,22.211,22.211,28.0,28.0,28.0,28.0,28.0,28.0,42.182,42.182,42.182,42.182,42.182,42.182,60.757,60.757,60.757,60.757
train,29,data_29.csv,onset_leak,29_17_40,24,17,40,10200,24000,leak_binary,0,17.5,22.211,22.211,22.211,22.211,22.211,22.211,28.0,28.0,28.0,28.0,28.0,28.0,42.182,42.182,42.182,42.182,42.182,42.182,60.757,60.757,60.757,60.757,60.757
train,29,data_29.csv,onset_leak,29_18_41,24,18,41,10800,24600,leak_binary,0,22.211,22.211,22.211,22.211,22.211,22.211,28.0,28.0,28.0,28.0,28.0,28.0,42.182,42.182,42.182,42.182,42.182,42.182,60.757,60.757,60.757,60.757,60.757,60.757
train,29,data_29.csv,onset_leak,29_19_42,24,19,42,11400,25200,leak_binary,0,22.211,22.211,22.211,22.211,22.211,28.0,28.0,28.0,28.0,28.0,28.0,42.182,42.182,42.182,42.182,42.182,42.182,60.757,60.757,60.757,60.757,60.757,60.757,70.0
train,29,data_29.csv,onset_leak,29_20_43,24,20,43,12000,25800,leak_binary,0,22.211,22.211,22.211,22.211,28.0,28.0,28.0,28.0,28.0,28.0,42.182,42.182,42.182,42.182,42.182,42.182,60.757,60.757,60.757,60.757,60.757,60.757,70.0,70.0
train,29,data_29.csv,onset_leak,29_21_44,24,21,44,12600,26400,leak_binary,0,22.211,22.211,22.211,28.0,28.0,28.0,28.0,28.0,28.0,42.182,42.182,42.182,42.182,42.182,42.182,60.757,60.757,60.757,60.757,60.757,60.757,70.0,70.0,70.0
train,29,data_29.csv,onset_leak,29_22_45,24,22,45,13200,27000,leak_binary,0,22.211,22.211,28.0,28.0,28.0,28.0,28.0,28.0,42.182,42.182,42.182,42.182,42.182,42.182,60.757,60.757,60.757,60.757,60.757,60.757,70.0,70.0,70.0,70.0
train,29,data_29.csv,onset_leak,29_23_46,24,23,46,13800,27600,leak_binary,0,22.211,28.0,28.0,28.0,28.0,28.0,28.0,42.182,42.182,42.182,42.182,42.182,42.182,60.757,60.757,60.757,60.757,60.757,60.757,70.0,70.0,70.0,70.0,70.0
train,29,data_29.csv,onset_leak,29_24_47,24,24,47,14400,28200,leak_binary,0,28.0,28.0,28.0,28.0,28.0,28.0,42.182,42.182,42.182,42.182,42.182,42.182,60.757,60.757,60.757,60.757,60.757,60.757,70.0,70.0,70.0,70.0,70.0,70.0
train,29,data_29.csv,onset_leak,29_25_48,24,25,48,15000,28800,leak_binary,0,28.0,28.0,28.0,28.0,28.0,42.182,42.182,42.182,42.182,42.182,42.182,60.757,60.757,60.757,60.757,60.757,60.757,70.0,70.0,70.0,70.0,70.0,70.0,66.164
train,29,data_29.csv,onset_leak,29_26_49,24,26,49,15600,29400,leak_binary,0,28.0,28.0,28.0,28.0,42.182,42.182,42.182,42.182,42.182,42.182,60.757,60.757,60.757,60.757,60.757,60.757,70.0,70.0,70.0,70.0,70.0,70.0,66.164,66.164
train,29,data_29.csv,onset_leak,29_27_50,24,27,50,16200,30000,leak_binary,0,28.0,28.0,28.0,42.182,42.182,42.182,42.182,42.182,42.182,60.757,60.757,60.757,60.757,60.757,60.757,70.0,70.0,70.0,70.0,70.0,70.0,66.164,66.164,66.164
train,29,data_29.csv,onset_leak,29_28_51,24,28,51,16800,30600,leak_binary,0,28.0,28.0,42.182,42.182,42.182,42.182,42.182,42.182,60.757,60.757,60.757,60.757,60.757,60.757,70.0,70.0,70.0,70.0,70.0,70.0,66.164,66.164,66.164,66.164
train,29,data_29.csv,onset_leak,29_29_52,24,29,52,17400,31200,leak_binary,0,28.0,42.182,42.182,42.182,42.182,42.182,42.182,60.757,60.757,60.757,60.757,60.757,60.757,70.0,70.0,70.0,70.0,70.0,70.0,66.164,66.164,66.164,66.164,66.164
train,29,data_29.csv,onset_leak,29_30_53,24,30,53,18000,31800,leak_binary,0,42.182,42.182,42.182,42.182,42.182,42.182,60.757,60.757,60.757,60.757,60.757,60.757,70.0,70.0,70.0,70.0,70.0,70.0,66.164,66.164,66.164,66.164,66.164,66.164
train,29,data_29.csv,onset_leak,29_31_54,24,31,54,18600,32400,leak_binary,0,42.182,42.182,42.182,42.182,42.182,60.757,60.757,60.757,60.757,60.757,60.757,70.0,70.0,70.0,70.0,70.0,70.0,66.164,66.164,66.164,66.164,66.164,66.164,57.144
train,29,data_29.csv,onset_leak,29_32_55,24,32,55,19200,33000,leak_binary,0,42.182,42.182,42.182,42.182,60.757,60.757,60.757,60.757,60.757,60.757,70.0,70.0,70.0,70.0,70.0,70.0,66.164,66.164,66.164,66.164,66.164,66.164,57.144,57.144
train,29,data_29.csv,onset_leak,29_33_56,24,33,56,19800,33600,leak_binary,0,42.182,42.182,42.182,60.757,60.757,60.757,60.757,60.757,60.757,70.0,70.0,70.0,70.0,70.0,70.0,66.164,66.164,66.164,66.164,66.164,66.164,57.144,57.144,57.144
train,29,data_29.csv,onset_leak,29_34_57,24,34,57,20400,34200,leak_binary,0,42.182,42.182,60.757,60.757,60.757,60.757,60.757,60.757,70.0,70.0,70.0,70.0,70.0,70.0,66.164,66.164,66.164,66.164,66.164,66.164,57.144,57.144,57.144,57.144
train,29,data_29.csv,onset_leak,29_35_58,24,35,58,21000,34800,leak_binary,0,42.182,60.757,60.757,60.757,60.757,60.757,60.757,70.0,70.0,70.0,70.0,70.0,70.0,66.164,66.164,66.164,66.164,66.164,66.164,57.144,57.144,57.144,57.144,57.144
train,29,data_29.csv,onset_leak,29_36_59,24,36,59,21600,35400,leak_binary,0,60.757,60.757,60.757,60.757,60.757,60.757,70.0,70.0,70.0,70.0,70.0,70.0,66.164,66.164,66.164,66.164,66.164,66.164,57.144,57.144,57.144,57.144,57.144,57.144
train,29,data_29.csv,onset_leak,29_37_60,24,37,60,22200,36000,leak_binary,0,60.757,60.757,60.757,60.757,60.757,70.0,70.0,70.0,70.0,70.0,70.0,66.164,66.164,66.164,66.164,66.164,66.164,57.144,57.144,57.144,57.144,57.144,57.144,46.68
train,29,data_29.csv,onset_leak,29_38_61,24,38,61,22800,36600,leak_binary,0,60.757,60.757,60.757,60.757,70.0,70.0,70.0,70.0,70.0,70.0,66.164,66.164,66.164,66.164,66.164,66.164,57.144,57.144,57.144,57.144,57.144,57.144,46.68,46.68
train,29,data_29.csv,onset_leak,29_39_62,24,39,62,23400,37200,leak_binary,0,60.757,60.757,60.757,70.0,70.0,70.0,70.0,70.0,70.0,66.164,66.164,66.164,66.164,66.164,66.164,57.144,57.144,57.144,57.144,57.144,57.144,46.68,46.68,46.68
train,29,data_29.csv,onset_leak,29_40_63,24,40,63,24000,37800,leak_binary,0,60.757,60.757,70.0,70.0,70.0,70.0,70.0,70.0,66.164,66.164,66.164,66.164,66.164,66.164,57.144,57.144,57.144,57.144,57.144,57.144,46.68,46.68,46.68,46.68
train,29,data_29.csv,onset_leak,29_41_64,24,41,64,24600,38400,leak_binary,0,60.757,70.0,70.0,70.0,70.0,70.0,70.0,66.164,66.164,66.164,66.164,66.164,66.164,57.144,57.144,57.144,57.144,57.144,57.144,46.68,46.68,46.68,46.68,46.68
train,29,data_29.csv,onset_leak,29_42_65,24,42,65,25200,39000,leak_binary,0,70.0,70.0,70.0,70.0,70.0,70.0,66.164,66.164,66.164,66.164,66.164,66.164,57.144,57.144,57.144,57.144,57.144,57.144,46.68,46.68,46.68,46.68,46.68,46.68
train,29,data_29.csv,onset_leak,29_43_66,24,43,66,25800,39600,leak_binary,0,70.0,70.0,70.0,70.0,70.0,66.164,66.164,66.164,66.164,66.164,66.164,57.144,57.144,57.144,57.144,57.144,57.144,46.68,46.68,46.68,46.68,46.68,46.68,38.5
train,29,data_29.csv,onset_leak,29_44_67,24,44,67,26400,40200,leak_binary,0,70.0,70.0,70.0,70.0,66.164,66.164,66.164,66.164,66.164,66.164,57.144,57.144,57.144,57.144,57.144,57.144,46.68,46.68,46.68,46.68,46.68,46.68,38.5,38.5
train,29,data_29.csv,onset_leak,29_45_68,24,45,68,27000,40800,leak_binary,0,70.0,70.0,70.0,66.164,66.164,66.164,66.164,66.164,66.164,57.144,57.144,57.144,57.144,57.144,57.144,46.68,46.68,46.68,46.68,46.68,46.68,38.5,38.5,38.5
train,29,data_29.csv,onset_leak,29_46_69,24,46,69,27600,41400,leak_binary,0,70.0,70.0,66.164,66.164,66.164,66.164,66.164,66.164,57.144,57.144,57.144,57.144,57.144,57.144,46.68,46.68,46.68,46.68,46.68,46.68,38.5,38.5,38.5,38.5
train,29,data_29.csv,onset_leak,29_47_70,24,47,70,28200,42000,leak_binary,0,70.0,66.164,66.164,66.164,66.164,66.164,66.164,57.144,57.144,57.144,57.144,57.144,57.144,46.68,46.68,46.68,46.68,46.68,46.68,38.5,38.5,38.5,38.5,38.5
train,29,data_29.csv,onset_leak,29_48_71,24,48,71,28800,42600,leak_binary,0,66.164,66.164,66.164,66.164,66.164,66.164,57.144,57.144,57.144,57.144,57.144,57.144,46.68,46.68,46.68,46.68,46.68,46.68,38.5,38.5,38.5,38.5,38.5,38.5
train,29,data_29.csv,onset_leak,29_49_72,24,49,72,29400,43200,leak_binary,1,66.164,66.164,66.164,66.164,66.164,57.144,57.144,57.144,57.144,57.144,57.144,46.68,46.68,46.68,46.68,46.68,46.68,38.5,38.5,38.5,38.5,38.5,38.5,72.298
train,29,data_29.csv,onset_leak,29_50_73,24,50,73,30000,43800,leak_binary,1,66.164,66.164,66.164,66.164,57.144,57.144,57.144,57.144,57.144,57.144,46.68,46.68,46.68,46.68,46.68,46.68,38.5,38.5,38.5,38.5,38.5,38.5,72.298,72.298
train,29,data_29.csv,onset_leak,29_51_74,24,51,74,30600,44400,leak_binary,1,66.164,66.164,66.164,57.144,57.144,57.144,57.144,57.144,57.144,46.68,46.68,46.68,46.68,46.68,46.68,38.5,38.5,38.5,38.5,38.5,38.5,72.298,72.298,72.298
train,29,data_29.csv,onset_leak,29_52_75,24,52,75,31200,45000,leak_binary,1,66.164,66.164,57.144,57.144,57.144,57.144,57.144,57.144,46.68,46.68,46.68,46.68,46.68,46.68,38.5,38.5,38.5,38.5,38.5,38.5,72.298,72.298,72.298,72.298
train,29,data_29.csv,onset_leak,29_53_76,24,53,76,31800,45600,leak_binary,1,66.164,57.144,57.144,57.144,57.144,57.144,57.144,46.68,46.68,46.68,46.68,46.68,46.68,38.5,38.5,38.5,38.5,38.5,38.5,72.298,72.298,72.298,72.298,72.298
train,29,data_29.csv,onset_leak,29_54_77,24,54,77,32400,46200,leak_binary,1,57.144,57.144,57.144,57.144,57.144,57.144,46.68,46.68,46.68,46.68,46.68,46.68,38.5,38.5,38.5,38.5,38.5,38.5,72.298,72.298,72.298,72.298,72.298,72.298
train,29,data_29.csv,onset_leak,29_55_78,24,55,78,33000,46800,leak_binary,1,57.144,57.144,57.144,57.144,57.144,46.68,46.68,46.68,46.68,46.68,46.68,38.5,38.5,38.5,38.5,38.5,38.5,72.298,72.298,72.298,72.298,72.298,72.298,66.842
train,29,data_29.csv,onset_leak,29_56_79,24,56,79,33600,47400,leak_binary,1,57.144,57.144,57.144,57.144,46.68,46.68,46.68,46.68,46.68,46.68,38.5,38.5,38.5,38.5,38.5,38.5,72.298,72.298,72.298,72.298,72.298,72.298,66.842,66.842
train,29,data_29.csv,onset_leak,29_57_80,24,57,80,34200,48000,leak_binary,1,57.144,57.144,57.144,46.68,46.68,46.68,46.68,46.68,46.68,38.5,38.5,38.5,38.5,38.5,38.5,72.298,72.298,72.298,72.298,72.298,72.298,66.842,66.842,66.842
train,29,data_29.csv,onset_leak,29_58_81,24,58,81,34800,48600,leak_binary,1,57.144,57.144,46.68,46.68,46.68,46.68,46.68,46.68,38.5,38.5,38.5,38.5,38.5,38.5,72.298,72.298,72.298,72.298,72.298,72.298,66.842,66.842,66.842,66.842
train,29,data_29.csv,onset_leak,29_59_82,24,59,82,35400,49200,leak_binary,1,57.144,46.68,46.68,46.68,46.68,46.68,46.68,38.5,38.5,38.5,38.5,38.5,38.5,72.298,72.298,72.298,72.298,72.298,72.298,66.842,66.842,66.842,66.842,66.842
train,29,data_29.csv,onset_leak,29_60_83,24,60,83,36000,49800,leak_binary,1,46.68,46.68,46.68,46.68,46.68,46.68,38.5,38.5,38.5,38.5,38.5,38.5,72.298,72.298,72.298,72.298,72.298,72.298,66.842,66.842,66.842,66.842,66.842,66.842
train,29,data_29.csv,onset_leak,29_61_84,24,61,84,36600,50400,leak_binary,1,46.68,46.68,46.68,46.68,46.68,38.5,38.5,38.5,38.5,38.5,38.5,72.298,72.298,72.298,72.298,72.298,72.298,66.842,66.842,66.842,66.842,66.842,66.842,64.5
train,29,data_29.csv,onset_leak,29_62_85,24,62,85,37200,51000,leak_binary,1,46.68,46.68,46.68,46.68,38.5,38.5,38.5,38.5,38.5,38.5,72.298,72.298,72.298,72.298,72.298,72.298,66.842,66.842,66.842,66.842,66.842,66.842,64.5,64.5
train,29,data_29.csv,onset_leak,29_63_86,24,63,86,37800,51600,leak_binary,1,46.68,46.68,46.68,38.5,38.5,38.5,38.5,38.5,38.5,72.298,72.298,72.298,72.298,72.298,72.298,66.842,66.842,66.842,66.842,66.842,66.842,64.5,64.5,64.5
train,29,data_29.csv,onset_leak,29_64_87,24,64,87,38400,52200,leak_binary,1,46.68,46.68,38.5,38.5,38.5,38.5,38.5,38.5,72.298,72.298,72.298,72.298,72.298,72.298,66.842,66.842,66.842,66.842,66.842,66.842,64.5,64.5,64.5,64.5
train,29,data_29.csv,onset_leak,29_65_88,24,65,88,39000,52800,leak_binary,1,46.68,38.5,38.5,38.5,38.5,38.5,38.5,72.298,72.298,72.298,72.298,72.298,72.298,66.842,66.842,66.842,66.842,66.842,66.842,64.5,64.5,64.5,64.5,64.5
train,29,data_29.csv,onset_leak,29_66_89,24,66,89,39600,53400,leak_binary,1,38.5,38.5,38.5,38.5,38.5,38.5,72.298,72.298,72.298,72.298,72.298,72.298,66.842,66.842,66.842,66.842,66.842,66.842,64.5,64.5,64.5,64.5,64.5,64.5
train,29,data_29.csv,onset_leak,29_67_90,24,67,90,40200,54000,leak_binary,1,38.5,38.5,38.5,38.5,38.5,72.298,72.298,72.298,72.298,72.298,72.298,66.842,66.842,66.842,66.842,66.842,66.842,64.5,64.5,64.5,64.5,64.5,64.5,67.398
train,29,data_29.csv,onset_leak,29_68_91,24,68,91,40800,54600,leak_binary,1,38.5,38.5,38.5,38.5,72.298,72.298,72.298,72.298,72.298,72.298,66.842,66.842,66.842,66.842,66.842,66.842,64.5,64.5,64.5,64.5,64.5,64.5,67.398,67.398
train,29,data_29.csv,onset_leak,29_69_92,24,69,92,41400,55200,leak_binary,1,38.5,38.5,38.5,72.298,72.298,72.298,72.298,72.298,72.298,66.842,66.842,66.842,66.842,66.842,66.842,64.5,64.5,64.5,64.5,64.5,64.5,67.398,67.398,67.398
train,29,data_29.csv,onset_leak,29_70_93,24,70,93,42000,55800,leak_binary,1,38.5,38.5,72.298,72.298,72.298,72.298,72.298,72.298,66.842,66.842,66.842,66.842,66.842,66.842,64.5,64.5,64.5,64.5,64.5,64.5,67.398,67.398,67.398,67.398
train,29,data_29.csv,onset_leak,29_71_94,24,71,94,42600,56400,leak_binary,1,38.5,72.298,72.298,72.298,72.298,72.298,72.298,66.842,66.842,66.842,66.842,66.842,66.842,64.5,64.5,64.5,64.5,64.5,64.5,67.398,67.398,67.398,67.398,67.398
train,29,data_29.csv,onset_leak,29_72_95,24,72,95,43200,57000,leak_binary,1,72.298,72.298,72.298,72.298,72.298,72.298,66.842,66.842,66.842,66.842,66.842,66.842,64.5,64.5,64.5,64.5,64.5,64.5,67.398,67.398,67.398,67.398,67.398,67.398
train,29,data_29.csv,onset_leak,29_73_96,24,73,96,43800,57600,leak_binary,1,72.298,72.298,72.298,72.298,72.298,66.842,66.842,66.842,66.842,66.842,66.842,64.5,64.5,64.5,64.5,64.5,64.5,67.398,67.398,67.398,67.398,67.398,67.398,74.562
train,29,data_29.csv,onset_leak,29_74_97,24,74,97,44400,58200,leak_binary,1,72.298,72.298,72.298,72.298,66.842,66.842,66.842,66.842,66.842,66.842,64.5,64.5,64.5,64.5,64.5,64.5,67.398,67.398,67.398,67.398,67.398,67.398,74.562,74.562
train,29,data_29.csv,onset_leak,29_75_98,24,75,98,45000,58800,leak_binary,1,72.298,72.298,72.298,66.842,66.842,66.842,66.842,66.842,66.842,64.5,64.5,64.5,64.5,64.5,64.5,67.398,67.398,67.398,67.398,67.398,67.398,74.562,74.562,74.562
train,29,data_29.csv,onset_leak,29_76_99,24,76,99,45600,59400,leak_binary,1,72.298,72.298,66.842,66.842,66.842,66.842,66.842,66.842,64.5,64.5,64.5,64.5,64.5,64.5,67.398,67.398,67.398,67.398,67.398,67.398,74.562,74.562,74.562,74.562
train,29,data_29.csv,onset_leak,29_77_100,24,77,100,46200,60000,leak_binary,1,72.298,66.842,66.842,66.842,66.842,66.842,66.842,64.5,64.5,64.5,64.5,64.5,64.5,67.398,67.398,67.398,67.398,67.398,67.398,74.562,74.562,74.562,74.562,74.562
train,29,data_29.csv,onset_leak,29_78_101,24,78,101,46800,60600,leak_binary,1,66.842,66.842,66.842,66.842,66.842,66.842,64.5,64.5,64.5,64.5,64.5,64.5,67.398,67.398,67.398,67.398,67.398,67.398,74.562,74.562,74.562,74.562,74.562,74.562
train,29,data_29.csv,onset_leak,29_79_102,24,79,102,47400,61200,leak_binary,1,66.842,66.842,66.842,66.842,66.842,64.5,64.5,64.5,64.5,64.5,64.5,67.398,67.398,67.398,67.398,67.398,67.398,74.562,74.562,74.562,74.562,74.562,74.562,83.694
train,29,data_29.csv,onset_leak,29_80_103,24,80,103,48000,61800,leak_binary,1,66.842,66.842,66.842,66.842,64.5,64.5,64.5,64.5,64.5,64.5,67.398,67.398,67.398,67.398,67.398,67.398,74.562,74.562,74.562,74.562,74.562,74.562,83.694,83.694
train,29,data_29.csv,onset_leak,29_81_104,24,81,104,48600,62400,leak_binary,1,66.842,66.842,66.842,64.5,64.5,64.5,64.5,64.5,64.5,67.398,67.398,67.398,67.398,67.398,67.398,74.562,74.562,74.562,74.562,74.562,74.562,83.694,83.694,83.694
train,29,data_29.csv,onset_leak,29_82_105,24,82,105,49200,63000,leak_binary,1,66.842,66.842,64.5,64.5,64.5,64.5,64.5,64.5,67.398,67.398,67.398,67.398,67.398,67.398,74.562,74.562,74.562,74.562,74.562,74.562,83.694,83.694,83.694,83.694
train,29,data_29.csv,onset_leak,29_83_106,24,83,106,49800,63600,leak_binary,1,66.842,64.5,64.5,64.5,64.5,64.5,64.5,67.398,67.398,67.398,67.398,67.398,67.398,74.562,74.562,74.562,74.562,74.562,74.562,83.694,83.694,83.694,83.694,83.694
train,29,data_29.csv,onset_leak,29_84_107,24,84,107,50400,64200,leak_binary,1,64.5,64.5,64.5,64.5,64.5,64.5,67.398,67.398,67.398,67.398,67.398,67.398,74.562,74.562,74.562,74.562,74.562,74.562,83.694,83.694,83.694,83.694,83.694,83.694
train,29,data_29.csv,onset_leak,29_85_108,24,85,108,51000,64800,leak_binary,1,64.5,64.5,64.5,64.5,64.5,67.398,67.398,67.398,67.398,67.398,67.398,74.562,74.562,74.562,74.562,74.562,74.562,83.694,83.694,83.694,83.694,83.694,83.694,92.5
train,29,data_29.csv,onset_leak,29_86_109,24,86,109,51600,65400,leak_binary,1,64.5,64.5,64.5,64.5,67.398,67.398,67.398,67.398,67.398,67.398,74.562,74.562,74.562,74.562,74.562,74.562,83.694,83.694,83.694,83.694,83.694,83.694,92.5,92.5
train,29,data_29.csv,onset_leak,29_87_110,24,87,110,52200,66000,leak_binary,1,64.5,64.5,64.5,67.398,67.398,67.398,67.398,67.398,67.398,74.562,74.562,74.562,74.562,74.562,74.562,83.694,83.694,83.694,83.694,83.694,83.694,92.5,92.5,92.5
train,29,data_29.csv,onset_leak,29_88_111,24,88,111,52800,66600,leak_binary,1,64.5,64.5,67.398,67.398,67.398,67.398,67.398,67.398,74.562,74.562,74.562,74.562,74.562,74.562,83.694,83.694,83.694,83.694,83.694,83.694,92.5,92.5,92.5,92.5
train,29,data_29.csv,onset_leak,29_89_112,24,89,112,53400,67200,leak_binary,1,64.5,67.398,67.398,67.398,67.398,67.398,67.398,74.562,74.562,74.562,74.562,74.562,74.562,83.694,83.694,83.694,83.694,83.694,83.694,92.5,92.5,92.5,92.5,92.5
train,29,data_29.csv,onset_leak,29_90_113,24,90,113,54000,67800,leak_binary,1,67.398,67.398,67.398,67.398,67.398,67.398,74.562,74.562,74.562,74.562,74.562,74.562,83.694,83.694,83.694,83.694,83.694,83.694,92.5,92.5,92.5,92.5,92.5,92.5
train,29,data_29.csv,onset_leak,29_91_114,24,91,114,54600,68400,leak_binary,1,67.398,67.398,67.398,67.398,67.398,74.562,74.562,74.562,74.562,74.562,74.562,83.694,83.694,83.694,83.694,83.694,83.694,92.5,92.5,92.5,92.5,92.5,92.5,103.22
train,29,data_29.csv,onset_leak,29_92_115,24,92,115,55200,69000,leak_binary,1,67.398,67.398,67.398,67.398,74.562,74.562,74.562,74.562,74.562,74.562,83.694,83.694,83.694,83.694,83.694,83.694,92.5,92.5,92.5,92.5,92.5,92.5,103.22,103.22
train,29,data_29.csv,onset_leak,29_93_116,24,93,116,55800,69600,leak_binary,1,67.398,67.398,67.398,74.562,74.562,74.562,74.562,74.562,74.562,83.694,83.694,83.694,83.694,83.694,83.694,92.5,92.5,92.5,92.5,92.5,92.5,103.22,103.22,103.22
train,29,data_29.csv,onset_leak,29_94_117,24,94,117,56400,70200,leak_binary,1,67.398,67.398,74.562,74.562,74.562,74.562,74.562,74.562,83.694,83.694,83.694,83.694,83.694,83.694,92.5,92.5,92.5,92.5,92.5,92.5,103.22,103.22,103.22,103.22
train,29,data_29.csv,onset_leak,29_95_118,24,95,118,57000,70800,leak_binary,1,67.398,74.562,74.562,74.562,74.562,74.562,74.562,83.694,83.694,83.694,83.694,83.694,83.694,92.5,92.5,92.5,92.5,92.5,92.5,103.22,103.22,103.22,103.22,103.22
train,29,data_29.csv,onset_leak,29_96_119,24,96,119,57600,71400,leak_binary,1,74.562,74.562,74.562,74.562,74.562,74.562,83.694,83.694,83.694,83.694,83.694,83.694,92.5,92.5,92.5,92.5,92.5,92.5,103.22,103.22,103.22,103.22,103.22,103.22
train,29,data_29.csv,onset_leak,29_97_120,24,97,120,58200,72000,leak_binary,1,74.562,74.562,74.562,74.562,74.562,83.694,83.694,83.694,83.694,83.694,83.694,92.5,92.5,92.5,92.5,92.5,92.5,103.22,103.22,103.22,103.22,103.22,103.22,110.0
train,29,data_29.csv,onset_leak,29_98_121,24,98,121,58800,72600,leak_binary,1,74.562,74.562,74.562,74.562,83.694,83.694,83.694,83.694,83.694,83.694,92.5,92.5,92.5,92.5,92.5,92.5,103.22,103.22,103.22,103.22,103.22,103.22,110.0,110.0
train,29,data_29.csv,onset_leak,29_99_122,24,99,122,59400,73200,leak_binary,1,74.562,74.562,74.562,83.694,83.694,83.694,83.694,83.694,83.694,92.5,92.5,92.5,92.5,92.5,92.5,103.22,103.22,103.22,103.22,103.22,103.22,110.0,110.0,110.0
train,29,data_29.csv,onset_leak,29_100_123,24,100,123,60000,73800,leak_binary,1,74.562,74.562,83.694,83.694,83.694,83.694,83.694,83.694,92.5,92.5,92.5,92.5,92.5,92.5,103.22,103.22,103.22,103.22,103.22,103.22,110.0,110.0,110.0,110.0
train,29,data_29.csv,onset_leak,29_101_124,24,101,124,60600,74400,leak_binary,1,74.562,83.694,83.694,83.694,83.694,83.694,83.694,92.5,92.5,92.5,92.5,92.5,92.5,103.22,103.22,103.22,103.22,103.22,103.22,110.0,110.0,110.0,110.0,110.0
train,29,data_29.csv,onset_leak,29_102_125,24,102,125,61200,75000,leak_binary,1,83.694,83.694,83.694,83.694,83.694,83.694,92.5,92.5,92.5,92.5,92.5,92.5,103.22,103.22,103.22,103.22,103.22,103.22,110.0,110.0,110.0,110.0,110.0,110.0
train,29,data_29.csv,onset_leak,29_103_126,24,103,126,61800,75600,leak_binary,1,83.694,83.694,83.694,83.694,83.694,92.5,92.5,92.5,92.5,92.5,92.5,103.22,103.22,103.22,103.22,103.22,103.22,110.0,110.0,110.0,110.0,110.0,110.0,102.3
train,29,data_29.csv,onset_leak,29_104_127,24,104,127,62400,76200,leak_binary,1,83.694,83.694,83.694,83.694,92.5,92.5,92.5,92.5,92.5,92.5,103.22,103.22,103.22,103.22,103.22,103.22,110.0,110.0,110.0,110.0,110.0,110.0,102.3,102.3
train,29,data_29.csv,onset_leak,29_105_128,24,105,128,63000,76800,leak_binary,1,83.694,83.694,83.694,92.5,92.5,92.5,92.5,92.5,92.5,103.22,103.22,103.22,103.22,103.22,103.22,110.0,110.0,110.0,110.0,110.0,110.0,102.3,102.3,102.3
train,29,data_29.csv,onset_leak,29_106_129,24,106,129,63600,77400,leak_binary,1,83.694,83.694,92.5,92.5,92.5,92.5,92.5,92.5,103.22,103.22,103.22,103.22,103.22,103.22,110.0,110.0,110.0,110.0,110.0,110.0,102.3,102.3,102.3,102.3
train,29,data_29.csv,onset_leak,29_107_130,24,107,130,64200,78000,leak_binary,1,83.694,92.5,92.5,92.5,92.5,92.5,92.5,103.22,103.22,103.22,103.22,103.22,103.22,110.0,110.0,110.0,110.0,110.0,110.0,102.3,102.3,102.3,102.3,102.3
train,29,data_29.csv,onset_leak,29_108_131,24,108,131,64800,78600,leak_binary,1,92.5,92.5,92.5,92.5,92.5,92.5,103.22,103.22,103.22,103.22,103.22,103.22,110.0,110.0,110.0,110.0,110.0,110.0,102.3,102.3,102.3,102.3,102.3,102.3
train,29,data_29.csv,onset_leak,29_109_132,24,109,132,65400,79200,leak_binary,1,92.5,92.5,92.5,92.5,92.5,103.22,103.22,103.22,103.22,103.22,103.22,110.0,110.0,110.0,110.0,110.0,110.0,102.3,102.3,102.3,102.3,102.3,102.3,80.6
train,29,data_29.csv,onset_leak,29_110_133,24,110,133,66000,79800,leak_binary,1,92.5,92.5,92.5,92.5,103.22,103.22,103.22,103.22,103.22,103.22,110.0,110.0,110.0,110.0,110.0,110.0,102.3,102.3,102.3,102.3,102.3,102.3,80.6,80.6
train,29,data_29.csv,onset_leak,29_111_134,24,111,134,66600,80400,leak_binary,1,92.5,92.5,92.5,103.22,103.22,103.22,103.22,103.22,103.22,110.0,110.0,110.0,110.0,110.0,110.0,102.3,102.3,102.3,102.3,102.3,102.3,80.6,80.6,80.6
train,29,data_29.csv,onset_leak,29_112_135,24,112,135,67200,81000,leak_binary,1,92.5,92.5,103.22,103.22,103.22,103.22,103.22,103.22,110.0,110.0,110.0,110.0,110.0,110.0,102.3,102.3,102.3,102.3,102.3,102.3,80.6,80.6,80.6,80.6
train,29,data_29.csv,onset_leak,29_113_136,24,113,136,67800,81600,leak_binary,1,92.5,103.22,103.22,103.22,103.22,103.22,103.22,110.0,110.0,110.0,110.0,110.0,110.0,102.3,102.3,102.3,102.3,102.3,102.3,80.6,80.6,80.6,80.6,80.6
train,29,data_29.csv,onset_leak,29_114_137,24,114,137,68400,82200,leak_binary,1,103.22,103.22,103.22,103.22,103.22,103.22,110.0,110.0,110.0,110.0,110.0,110.0,102.3,102.3,102.3,102.3,102.3,102.3,80.6,80.6,80.6,80.6,80.6,80.6
train,29,data_29.csv,onset_leak,29_115_138,24,115,138,69000,82800,leak_binary,1,103.22,103.22,103.22,103.22,103.22,110.0,110.0,110.0,110.0,110.0,110.0,102.3,102.3,102.3,102.3,102.3,102.3,80.6,80.6,80.6,80.6,80.6,80.6,47.0
train,29,data_29.csv,onset_leak,29_116_139,24,116,139,69600,83400,leak_binary,1,103.22,103.22,103.22,103.22,110.0,110.0,110.0,110.0,110.0,110.0,102.3,102.3,102.3,102.3,102.3,102.3,80.6,80.6,80.6,80.6,80.6,80.6,47.0,47.0
train,29,data_29.csv,onset_leak,29_117_140,24,117,140,70200,84000,leak_binary,1,103.22,103.22,103.22,110.0,110.0,110.0,110.0,110.0,110.0,102.3,102.3,102.3,102.3,102.3,102.3,80.6,80.6,80.6,80.6,80.6,80.6,47.0,47.0,47.0
train,29,data_29.csv,onset_leak,29_118_141,24,118,141,70800,84600,leak_binary,1,103.22,103.22,110.0,110.0,110.0,110.0,110.0,110.0,102.3,102.3,102.3,102.3,102.3,102.3,80.6,80.6,80.6,80.6,80.6,80.6,47.0,47.0,47.0,47.0
train,29,data_29.csv,onset_leak,29_119_142,24,119,142,71400,85200,leak_binary,1,103.22,110.0,110.0,110.0,110.0,110.0,110.0,102.3,102.3,102.3,102.3,102.3,102.3,80.6,80.6,80.6,80.6,80.6,80.6,47.0,47.0,47.0,47.0,47.0
train,29,data_29.csv,onset_leak,29_120_143,24,120,143,72000,85800,leak_binary,1,110.0,110.0,110.0,110.0,110.0,110.0,102.3,102.3,102.3,102.3,102.3,102.3,80.6,80.6,80.6,80.6,80.6,80.6,47.0,47.0,47.0,47.0,47.0,47.0
train,29,data_29.csv,onset_leak,29_121_144,24,121,144,72600,86400,leak_binary,1,110.0,110.0,110.0,110.0,110.0,102.3,102.3,102.3,102.3,102.3,102.3,80.6,80.6,80.6,80.6,80.6,80.6,47.0,47.0,47.0,47.0,47.0,47.0,7.0
train,31,data_31.csv,persistent_leak,31_0_23,24,0,23,0,13800,leak_binary,1,49.5,49.5,49.5,49.5,49.5,49.5,46.38,46.38,46.38,46.38,46.38,46.38,43.06,43.065,43.06,43.069,43.06,43.068,42.21,42.216,42.21,42.218,42.21,42.218
train,31,data_31.csv,persistent_leak,31_1_24,24,1,24,600,14400,leak_binary,1,49.5,49.5,49.5,49.5,49.5,46.38,46.38,46.38,46.38,46.38,46.38,43.06,43.065,43.06,43.069,43.06,43.068,42.21,42.216,42.21,42.218,42.21,42.218,49.5
train,31,data_31.csv,persistent_leak,31_2_25,24,2,25,1200,15000,leak_binary,1,49.5,49.5,49.5,49.5,46.38,46.38,46.38,46.38,46.38,46.38,43.06,43.065,43.06,43.069,43.06,43.068,42.21,42.216,42.21,42.218,42.21,42.218,49.5,49.5
train,31,data_31.csv,persistent_leak,31_3_26,24,3,26,1800,15600,leak_binary,1,49.5,49.5,49.5,46.38,46.38,46.38,46.38,46.38,46.38,43.06,43.065,43.06,43.069,43.06,43.068,42.21,42.216,42.21,42.218,42.21,42.218,49.5,49.5,49.5
train,31,data_31.csv,persistent_leak,31_4_27,24,4,27,2400,16200,leak_binary,1,49.5,49.5,46.38,46.38,46.38,46.38,46.38,46.38,43.06,43.065,43.06,43.069,43.06,43.068,42.21,42.216,42.21,42.218,42.21,42.218,49.5,49.5,49.5,49.5
train,31,data_31.csv,persistent_leak,31_5_28,24,5,28,3000,16800,leak_binary,1,49.5,46.38,46.38,46.38,46.38,46.38,46.38,43.06,43.065,43.06,43.069,43.06,43.068,42.21,42.216,42.21,42.218,42.21,42.218,49.5,49.5,49.5,49.5,49.5
train,31,data_31.csv,persistent_leak,31_6_29,24,6,29,3600,17400,leak_binary,1,46.38,46.38,46.38,46.38,46.38,46.38,43.06,43.065,43.06,43.069,43.06,43.068,42.21,42.216,42.21,42.218,42.21,42.218,49.5,49.5,49.5,49.5,49.5,49.5
train,31,data_31.csv,persistent_leak,31_7_30,24,7,30,4200,18000,leak_binary,1,46.38,46.38,46.38,46.38,46.38,43.06,43.065,43.06,43.069,43.06,43.068,42.21,42.216,42.21,42.218,42.21,42.218,49.5,49.5,49.5,49.5,49.5,49.5,58.37
train,31,data_31.csv,persistent_leak,31_8_31,24,8,31,4800,18600,leak_binary,1,46.38,46.38,46.38,46.38,43.06,43.065,43.06,43.069,43.06,43.068,42.21,42.216,42.21,42.218,42.21,42.218,49.5,49.5,49.5,49.5,49.5,49.5,58.37,58.37
train,31,data_31.csv,persistent_leak,31_9_32,24,9,32,5400,19200,leak_binary,1,46.38,46.38,46.38,43.06,43.065,43.06,43.069,43.06,43.068,42.21,42.216,42.21,42.218,42.21,42.218,49.5,49.5,49.5,49.5,49.5,49.5,58.37,58.37,58.37
train,31,data_31.csv,persistent_leak,31_10_33,24,10,33,6000,19800,leak_binary,1,46.38,46.38,43.06,43.065,43.06,43.069,43.06,43.068,42.21,42.216,42.21,42.218,42.21,42.218,49.5,49.5,49.5,49.5,49.5,49.5,58.37,58.37,58.37,58.37
train,31,data_31.csv,persistent_leak,31_11_34,24,11,34,6600,20400,leak_binary,1,46.38,43.06,43.065,43.06,43.069,43.06,43.068,42.21,42.216,42.21,42.218,42.21,42.218,49.5,49.5,49.5,49.5,49.5,49.5,58.37,58.37,58.37,58.37,58.37
train,31,data_31.csv,persistent_leak,31_12_35,24,12,35,7200,21000,leak_binary,1,43.06,43.065,43.06,43.069,43.06,43.068,42.21,42.216,42.21,42.218,42.21,42.218,49.5,49.5,49.5,49.5,49.5,49.5,58.37,58.37,58.37,58.37,58.37,58.37
train,31,data_31.csv,persistent_leak,31_13_36,24,13,36,7800,21600,leak_binary,1,43.065,43.06,43.069,43.06,43.068,42.21,42.216,42.21,42.218,42.21,42.218,49.5,49.5,49.5,49.5,49.5,49.5,58.37,58.37,58.37,58.37,58.37,58.37,64.518
train,31,data_31.csv,persistent_leak,31_14_37,24,14,37,8400,22200,leak_binary,1,43.06,43.069,43.06,43.068,42.21,42.216,42.21,42.218,42.21,42.218,49.5,49.5,49.5,49.5,49.5,49.5,58.37,58.37,58.37,58.37,58.37,58.37,64.518,64.518
train,31,data_31.csv,persistent_leak,31_15_38,24,15,38,9000,22800,leak_binary,1,43.069,43.06,43.068,42.21,42.216,42.21,42.218,42.21,42.218,49.5,49.5,49.5,49.5,49.5,49.5,58.37,58.37,58.37,58.37,58.37,58.37,64.518,64.518,64.518
train,31,data_31.csv,persistent_leak,31_16_39,24,16,39,9600,23400,leak_binary,1,43.06,43.068,42.21,42.216,42.21,42.218,42.21,42.218,49.5,49.5,49.5,49.5,49.5,49.5,58.37,58.37,58.37,58.37,58.37,58.37,64.518,64.518,64.518,64.518
train,31,data_31.csv,persistent_leak,31_17_40,24,17,40,10200,24000,leak_binary,1,43.068,42.21,42.216,42.21,42.218,42.21,42.218,49.5,49.5,49.5,49.5,49.5,49.5,58.37,58.37,58.37,58.37,58.37,58.37,64.518,64.518,64.518,64.518,64.518
train,31,data_31.csv,persistent_leak,31_18_41,24,18,41,10800,24600,leak_binary,1,42.21,42.216,42.21,42.218,42.21,42.218,49.5,49.5,49.5,49.5,49.5,49.5,58.37,58.37,58.37,58.37,58.37,58.37,64.518,64.518,64.518,64.518,64.518,64.518
train,31,data_31.csv,persistent_leak,31_19_42,24,19,42,11400,25200,leak_binary,1,42.216,42.21,42.218,42.21,42.218,49.5,49.5,49.5,49.5,49.5,49.5,58.37,58.37,58.37,58.37,58.37,58.37,64.518,64.518,64.518,64.518,64.518,64.518,71.0
train,31,data_31.csv,persistent_leak,31_20_43,24,20,43,12000,25800,leak_binary,1,42.21,42.218,42.21,42.218,49.5,49.5,49.5,49.5,49.5,49.5,58.37,58.37,58.37,58.37,58.37,58.37,64.518,64.518,64.518,64.518,64.518,64.518,71.0,71.0
train,31,data_31.csv,persistent_leak,31_21_44,24,21,44,12600,26400,leak_binary,1,42.218,42.21,42.218,49.5,49.5,49.5,49.5,49.5,49.5,58.37,58.37,58.37,58.37,58.37,58.37,64.518,64.518,64.518,64.518,64.518,64.518,71.0,71.0,71.0
train,31,data_31.csv,persistent_leak,31_22_45,24,22,45,13200,27000,leak_binary,1,42.21,42.218,49.5,49.5,49.5,49.5,49.5,49.5,58.37,58.37,58.37,58.37,58.37,58.37,64.518,64.518,64.518,64.518,64.518,64.518,71.0,71.0,71.0,71.0
train,31,data_31.csv,persistent_leak,31_23_46,24,23,46,13800,27600,leak_binary,1,42.218,49.5,49.5,49.5,49.5,49.5,49.5,58.37,58.37,58.37,58.37,58.37,58.37,64.518,64.518,64.518,64.518,64.518,64.518,71.0,71.0,71.0,71.0,71.0
train,31,data_31.csv,persistent_leak,31_24_47,24,24,47,14400,28200,leak_binary,1,49.5,49.5,49.5,49.5,49.5,49.5,58.37,58.37,58.37,58.37,58.37,58.37,64.518,64.518,64.518,64.518,64.518,64.518,71.0,71.0,71.0,71.0,71.0,71.0
train,31,data_31.csv,persistent_leak,31_25_48,24,25,48,15000,28800,leak_binary,1,49.5,49.5,49.5,49.5,49.5,58.37,58.37,58.37,58.37,58.37,58.37,64.518,64.518,64.518,64.518,64.518,64.518,71.0,71.0,71.0,71.0,71.0,71.0,80.472
train,31,data_31.csv,persistent_leak,31_26_49,24,26,49,15600,29400,leak_binary,1,49.5,49.5,49.5,49.5,58.37,58.37,58.37,58.37,58.37,58.37,64.518,64.518,64.518,64.518,64.518,64.518,71.0,71.0,71.0,71.0,71.0,71.0,80.472,80.472
train,31,data_31.csv,persistent_leak,31_27_50,24,27,50,16200,30000,leak_binary,1,49.5,49.5,49.5,58.37,58.37,58.37,58.37,58.37,58.37,64.518,64.518,64.518,64.518,64.518,64.518,71.0,71.0,71.0,71.0,71.0,71.0,80.472,80.472,80.472
train,31,data_31.csv,persistent_leak,31_28_51,24,28,51,16800,30600,leak_binary,1,49.5,49.5,58.37,58.37,58.37,58.37,58.37,58.37,64.518,64.518,64.518,64.518,64.518,64.518,71.0,71.0,71.0,71.0,71.0,71.0,80.472,80.472,80.472,80.472
train,31,data_31.csv,persistent_leak,31_29_52,24,29,52,17400,31200,leak_binary,1,49.5,58.37,58.37,58.37,58.37,58.37,58.37,64.518,64.518,64.518,64.518,64.518,64.518,71.0,71.0,71.0,71.0,71.0,71.0,80.472,80.472,80.472,80.472,80.472
train,31,data_31.csv,persistent_leak,31_30_53,24,30,53,18000,31800,leak_binary,1,58.37,58.37,58.37,58.37,58.37,58.37,64.518,64.518,64.518,64.518,64.518,64.518,71.0,71.0,71.0,71.0,71.0,71.0,80.472,80.472,80.472,80.472,80.472,80.472
train,31,data_31.csv,persistent_leak,31_31_54,24,31,54,18600,32400,leak_binary,1,58.37,58.37,58.37,58.37,58.37,64.518,64.518,64.518,64.518,64.518,64.518,71.0,71.0,71.0,71.0,71.0,71.0,80.472,80.472,80.472,80.472,80.472,80.472,75.424
train,31,data_31.csv,persistent_leak,31_32_55,24,32,55,19200,33000,leak_binary,1,58.37,58.37,58.37,58.37,64.518,64.518,64.518,64.518,64.518,64.518,71.0,71.0,71.0,71.0,71.0,71.0,80.472,80.472,80.472,80.472,80.472,80.472,75.424,75.424
train,31,data_31.csv,persistent_leak,31_33_56,24,33,56,19800,33600,leak_binary,1,58.37,58.37,58.37,64.518,64.518,64.518,64.518,64.518,64.518,71.0,71.0,71.0,71.0,71.0,71.0,80.472,80.472,80.472,80.472,80.472,80.472,75.424,75.424,75.424
train,31,data_31.csv,persistent_leak,31_34_57,24,34,57,20400,34200,leak_binary,1,58.37,58.37,64.518,64.518,64.518,64.518,64.518,64.518,71.0,71.0,71.0,71.0,71.0,71.0,80.472,80.472,80.472,80.472,80.472,80.472,75.424,75.424,75.424,75.424
train,31,data_31.csv,persistent_leak,31_35_58,24,35,58,21000,34800,leak_binary,1,58.37,64.518,64.518,64.518,64.518,64.518,64.518,71.0,71.0,71.0,71.0,71.0,71.0,80.472,80.472,80.472,80.472,80.472,80.472,75.424,75.424,75.424,75.424,75.424
train,31,data_31.csv,persistent_leak,31_36_59,24,36,59,21600,35400,leak_binary,1,64.518,64.518,64.518,64.518,64.518,64.518,71.0,71.0,71.0,71.0,71.0,71.0,80.472,80.472,80.472,80.472,80.472,80.472,75.424,75.424,75.424,75.424,75.424,75.424
train,31,data_31.csv,persistent_leak,31_37_60,24,37,60,22200,36000,leak_binary,1,64.518,64.518,64.518,64.518,64.518,71.0,71.0,71.0,71.0,71.0,71.0,80.472,80.472,80.472,80.472,80.472,80.472,75.424,75.424,75.424,75.424,75.424,75.424,76.662
train,31,data_31.csv,persistent_leak,31_38_61,24,38,61,22800,36600,leak_binary,1,64.518,64.518,64.518,64.518,71.0,71.0,71.0,71.0,71.0,71.0,80.472,80.472,80.472,80.472,80.472,80.472,75.424,75.424,75.424,75.424,75.424,75.424,76.662,76.662
train,31,data_31.csv,persistent_leak,31_39_62,24,39,62,23400,37200,leak_binary,1,64.518,64.518,64.518,71.0,71.0,71.0,71.0,71.0,71.0,80.472,80.472,80.472,80.472,80.472,80.472,75.424,75.424,75.424,75.424,75.424,75.424,76.662,76.662,76.662
train,31,data_31.csv,persistent_leak,31_40_63,24,40,63,24000,37800,leak_binary,1,64.518,64.518,71.0,71.0,71.0,71.0,71.0,71.0,80.472,80.472,80.472,80.472,80.472,80.472,75.424,75.424,75.424,75.424,75.424,75.424,76.662,76.662,76.662,76.662
train,31,data_31.csv,persistent_leak,31_41_64,24,41,64,24600,38400,leak_binary,1,64.518,71.0,71.0,71.0,71.0,71.0,71.0,80.472,80.472,80.472,80.472,80.472,80.472,75.424,75.424,75.424,75.424,75.424,75.424,76.662,76.662,76.662,76.662,76.662
train,31,data_31.csv,persistent_leak,31_42_65,24,42,65,25200,39000,leak_binary,1,71.0,71.0,71.0,71.0,71.0,71.0,80.472,80.472,80.472,80.472,80.472,80.472,75.424,75.424,75.424,75.424,75.424,75.424,76.662,76.662,76.662,76.662,76.662,76.662
train,31,data_31.csv,persistent_leak,31_43_66,24,43,66,25800,39600,leak_binary,1,71.0,71.0,71.0,71.0,71.0,80.472,80.472,80.472,80.472,80.472,80.472,75.424,75.424,75.424,75.424,75.424,75.424,76.662,76.662,76.662,76.662,76.662,76.662,81.0
train,31,data_31.csv,persistent_leak,31_44_67,24,44,67,26400,40200,leak_binary,1,71.0,71.0,71.0,71.0,80.472,80.472,80.472,80.472,80.472,80.472,75.424,75.424,75.424,75.424,75.424,75.424,76.662,76.662,76.662,76.662,76.662,76.662,81.0,81.0
train,31,data_31.csv,persistent_leak,31_45_68,24,45,68,27000,40800,leak_binary,1,71.0,71.0,71.0,80.472,80.472,80.472,80.472,80.472,80.472,75.424,75.424,75.424,75.424,75.424,75.424,76.662,76.662,76.662,76.662,76.662,76.662,81.0,81.0,81.0
train,31,data_31.csv,persistent_leak,31_46_69,24,46,69,27600,41400,leak_binary,1,71.0,71.0,80.472,80.472,80.472,80.472,80.472,80.472,75.424,75.424,75.424,75.424,75.424,75.424,76.662,76.662,76.662,76.662,76.662,76.662,81.0,81.0,81.0,81.0
train,31,data_31.csv,persistent_leak,31_47_70,24,47,70,28200,42000,leak_binary,1,71.0,80.472,80.472,80.472,80.472,80.472,80.472,75.424,75.424,75.424,75.424,75.424,75.424,76.662,76.662,76.662,76.662,76.662,76.662,81.0,81.0,81.0,81.0,81.0
train,31,data_31.csv,persistent_leak,31_48_71,24,48,71,28800,42600,leak_binary,1,80.472,80.472,80.472,80.472,80.472,80.472,75.424,75.424,75.424,75.424,75.424,75.424,76.662,76.662,76.662,76.662,76.662,76.662,81.0,81.0,81.0,81.0,81.0,81.0
train,31,data_31.csv,persistent_leak,31_49_72,24,49,72,29400,43200,leak_binary,1,80.472,80.472,80.472,80.472,80.472,75.424,75.424,75.424,75.424,75.424,75.424,76.662,76.662,76.662,76.662,76.662,76.662,81.0,81.0,81.0,81.0,81.0,81.0,94.052
train,31,data_31.csv,persistent_leak,31_50_73,24,50,73,30000,43800,leak_binary,1,80.472,80.472,80.472,80.472,75.424,75.424,75.424,75.424,75.424,75.424,76.662,76.662,76.662,76.662,76.662,76.662,81.0,81.0,81.0,81.0,81.0,81.0,94.052,94.052
train,31,data_31.csv,persistent_leak,31_51_74,24,51,74,30600,44400,leak_binary,1,80.472,80.472,80.472,75.424,75.424,75.424,75.424,75.424,75.424,76.662,76.662,76.662,76.662,76.662,76.662,81.0,81.0,81.0,81.0,81.0,81.0,94.052,94.052,94.052
train,31,data_31.csv,persistent_leak,31_52_75,24,52,75,31200,45000,leak_binary,1,80.472,80.472,75.424,75.424,75.424,75.424,75.424,75.424,76.662,76.662,76.662,76.662,76.662,76.662,81.0,81.0,81.0,81.0,81.0,81.0,94.052,94.052,94.052,94.052
train,31,data_31.csv,persistent_leak,31_53_76,24,53,76,31800,45600,leak_binary,1,80.472,75.424,75.424,75.424,75.424,75.424,75.424,76.662,76.662,76.662,76.662,76.662,76.662,81.0,81.0,81.0,81.0,81.0,81.0,94.052,94.052,94.052,94.052,94.052
train,31,data_31.csv,persistent_leak,31_54_77,24,54,77,32400,46200,leak_binary,1,75.424,75.424,75.424,75.424,75.424,75.424,76.662,76.662,76.662,76.662,76.662,76.662,81.0,81.0,81.0,81.0,81.0,81.0,94.052,94.052,94.052,94.052,94.052,94.052
train,31,data_31.csv,persistent_leak,31_55_78,24,55,78,33000,46800,leak_binary,1,75.424,75.424,75.424,75.424,75.424,76.662,76.662,76.662,76.662,76.662,76.662,81.0,81.0,81.0,81.0,81.0,81.0,94.052,94.052,94.052,94.052,94.052,94.052,104.33
train,31,data_31.csv,persistent_leak,31_56_79,24,56,79,33600,47400,leak_binary,1,75.424,75.424,75.424,75.424,76.662,76.662,76.662,76.662,76.662,76.662,81.0,81.0,81.0,81.0,81.0,81.0,94.052,94.052,94.052,94.052,94.052,94.052,104.33,104.33
train,31,data_31.csv,persistent_leak,31_57_80,24,57,80,34200,48000,leak_binary,1,75.424,75.424,75.424,76.662,76.662,76.662,76.662,76.662,76.662,81.0,81.0,81.0,81.0,81.0,81.0,94.052,94.052,94.052,94.052,94.052,94.052,104.33,104.33,104.33
train,31,data_31.csv,persistent_leak,31_58_81,24,58,81,34800,48600,leak_binary,1,75.424,75.424,76.662,76.662,76.662,76.662,76.662,76.662,81.0,81.0,81.0,81.0,81.0,81.0,94.052,94.052,94.052,94.052,94.052,94.052,104.33,104.33,104.33,104.33
train,31,data_31.csv,persistent_leak,31_59_82,24,59,82,35400,49200,leak_binary,1,75.424,76.662,76.662,76.662,76.662,76.662,76.662,81.0,81.0,81.0,81.0,81.0,81.0,94.052,94.052,94.052,94.052,94.052,94.052,104.33,104.33,104.33,104.33,104.33
train,31,data_31.csv,persistent_leak,31_60_83,24,60,83,36000,49800,leak_binary,1,76.662,76.662,76.662,76.662,76.662,76.662,81.0,81.0,81.0,81.0,81.0,81.0,94.052,94.052,94.052,94.052,94.052,94.052,104.33,104.33,104.33,104.33,104.33,104.33
train,31,data_31.csv,persistent_leak,31_61_84,24,61,84,36600,50400,leak_binary,1,76.662,76.662,76.662,76.662,76.662,81.0,81.0,81.0,81.0,81.0,81.0,94.052,94.052,94.052,94.052,94.052,94.052,104.33,104.33,104.33,104.33,104.33,104.33,111.5
train,31,data_31.csv,persistent_leak,31_62_85,24,62,85,37200,51000,leak_binary,1,76.662,76.662,76.662,76.662,81.0,81.0,81.0,81.0,81.0,81.0,94.052,94.052,94.052,94.052,94.052,94.052,104.33,104.33,104.33,104.33,104.33,104.33,111.5,111.5
train,31,data_31.csv,persistent_leak,31_63_86,24,63,86,37800,51600,leak_binary,1,76.662,76.662,76.662,81.0,81.0,81.0,81.0,81.0,81.0,94.052,94.052,94.052,94.052,94.052,94.052,104.33,104.33,104.33,104.33,104.33,104.33,111.5,111.5,111.5
train,31,data_31.csv,persistent_leak,31_64_87,24,64,87,38400,52200,leak_binary,1,76.662,76.662,81.0,81.0,81.0,81.0,81.0,81.0,94.052,94.052,94.052,94.052,94.052,94.052,104.33,104.33,104.33,104.33,104.33,104.33,111.5,111.5,111.5,111.5
train,31,data_31.csv,persistent_leak,31_65_88,24,65,88,39000,52800,leak_binary,1,76.662,81.0,81.0,81.0,81.0,81.0,81.0,94.052,94.052,94.052,94.052,94.052,94.052,104.33,104.33,104.33,104.33,104.33,104.33,111.5,111.5,111.5,111.5,111.5
train,31,data_31.csv,persistent_leak,31_66_89,24,66,89,39600,53400,leak_binary,1,81.0,81.0,81.0,81.0,81.0,81.0,94.052,94.052,94.052,94.052,94.052,94.052,104.33,104.33,104.33,104.33,104.33,104.33,111.5,111.5,111.5,111.5,111.5,111.5
train,31,data_31.csv,persistent_leak,31_67_90,24,67,90,40200,54000,leak_binary,1,81.0,81.0,81.0,81.0,81.0,94.052,94.052,94.052,94.052,94.052,94.052,104.33,104.33,104.33,104.33,104.33,104.33,111.5,111.5,111.5,111.5,111.5,111.5,112.58
train,31,data_31.csv,persistent_leak,31_68_91,24,68,91,40800,54600,leak_binary,1,81.0,81.0,81.0,81.0,94.052,94.052,94.052,94.052,94.052,94.052,104.33,104.33,104.33,104.33,104.33,104.33,111.5,111.5,111.5,111.5,111.5,111.5,112.58,112.58
train,31,data_31.csv,persistent_leak,31_69_92,24,69,92,41400,55200,leak_binary,1,81.0,81.0,81.0,94.052,94.052,94.052,94.052,94.052,94.052,104.33,104.33,104.33,104.33,104.33,104.33,111.5,111.5,111.5,111.5,111.5,111.5,112.58,112.58,112.58
train,31,data_31.csv,persistent_leak,31_70_93,24,70,93,42000,55800,leak_binary,1,81.0,81.0,94.052,94.052,94.052,94.052,94.052,94.052,104.33,104.33,104.33,104.33,104.33,104.33,111.5,111.5,111.5,111.5,111.5,111.5,112.58,112.58,112.58,112.58
train,31,data_31.csv,persistent_leak,31_71_94,24,71,94,42600,56400,leak_binary,1,81.0,94.052,94.052,94.052,94.052,94.052,94.052,104.33,104.33,104.33,104.33,104.33,104.33,111.5,111.5,111.5,111.5,111.5,111.5,112.58,112.58,112.58,112.58,112.58
train,31,data_31.csv,persistent_leak,31_72_95,24,72,95,43200,57000,leak_binary,1,94.052,94.052,94.052,94.052,94.052,94.052,104.33,104.33,104.33,104.33,104.33,104.33,111.5,111.5,111.5,111.5,111.5,111.5,112.58,112.58,112.58,112.58,112.58,112.58
train,31,data_31.csv,persistent_leak,31_73_96,24,73,96,43800,57600,leak_binary,1,94.052,94.052,94.052,94.052,94.052,104.33,104.33,104.33,104.33,104.33,104.33,111.5,111.5,111.5,111.5,111.5,111.5,112.58,112.58,112.58,112.58,112.58,112.58,107.72
train,31,data_31.csv,persistent_leak,31_74_97,24,74,97,44400,58200,leak_binary,1,94.052,94.052,94.052,94.052,104.33,104.33,104.33,104.33,104.33,104.33,111.5,111.5,111.5,111.5,111.5,111.5,112.58,112.58,112.58,112.58,112.58,112.58,107.72,107.72
train,31,data_31.csv,persistent_leak,31_75_98,24,75,98,45000,58800,leak_binary,1,94.052,94.052,94.052,104.33,104.33,104.33,104.33,104.33,104.33,111.5,111.5,111.5,111.5,111.5,111.5,112.58,112.58,112.58,112.58,112.58,112.58,107.72,107.72,107.72
train,31,data_31.csv,persistent_leak,31_76_99,24,76,99,45600,59400,leak_binary,1,94.052,94.052,104.33,104.33,104.33,104.33,104.33,104.33,111.5,111.5,111.5,111.5,111.5,111.5,112.58,112.58,112.58,112.58,112.58,112.58,107.72,107.72,107.72,107.72
train,31,data_31.csv,persistent_leak,31_77_100,24,77,100,46200,60000,leak_binary,1,94.052,104.33,104.33,104.33,104.33,104.33,104.33,111.5,111.5,111.5,111.5,111.5,111.5,112.58,112.58,112.58,112.58,112.58,112.58,107.72,107.72,107.72,107.72,107.72
train,31,data_31.csv,persistent_leak,31_78_101,24,78,101,46800,60600,leak_binary,1,104.33,104.33,104.33,104.33,104.33,104.33,111.5,111.5,111.5,111.5,111.5,111.5,112.58,112.58,112.58,112.58,112.58,112.58,107.72,107.72,107.72,107.72,107.72,107.72
train,31,data_31.csv,persistent_leak,31_79_102,24,79,102,47400,61200,leak_binary,1,104.33,104.33,104.33,104.33,104.33,111.5,111.5,111.5,111.5,111.5,111.5,112.58,112.58,112.58,112.58,112.58,112.58,107.72,107.72,107.72,107.72,107.72,107.72,105.0
train,31,data_31.csv,persistent_leak,31_80_103,24,80,103,48000,61800,leak_binary,1,104.33,104.33,104.33,104.33,111.5,111.5,111.5,111.5,111.5,111.5,112.58,112.58,112.58,112.58,112.58,112.58,107.72,107.72,107.72,107.72,107.72,107.72,105.0,105.0
train,31,data_31.csv,persistent_leak,31_81_104,24,81,104,48600,62400,leak_binary,1,104.33,104.33,104.33,111.5,111.5,111.5,111.5,111.5,111.5,112.58,112.58,112.58,112.58,112.58,112.58,107.72,107.72,107.72,107.72,107.72,107.72,105.0,105.0,105.0
train,31,data_31.csv,persistent_leak,31_82_105,24,82,105,49200,63000,leak_binary,1,104.33,104.33,111.5,111.5,111.5,111.5,111.5,111.5,112.58,112.58,112.58,112.58,112.58,112.58,107.72,107.72,107.72,107.72,107.72,107.72,105.0,105.0,105.0,105.0
train,31,data_31.csv,persistent_leak,31_83_106,24,83,106,49800,63600,leak_binary,1,104.33,111.5,111.5,111.5,111.5,111.5,111.5,112.58,112.58,112.58,112.58,112.58,112.58,107.72,107.72,107.72,107.72,107.72,107.72,105.0,105.0,105.0,105.0,105.0
train,31,data_31.csv,persistent_leak,31_84_107,24,84,107,50400,64200,leak_binary,1,111.5,111.5,111.5,111.5,111.5,111.5,112.58,112.58,112.58,112.58,112.58,112.58,107.72,107.72,107.72,107.72,107.72,107.72,105.0,105.0,105.0,105.0,105.0,105.0
train,31,data_31.csv,persistent_leak,31_85_108,24,85,108,51000,64800,leak_binary,1,111.5,111.5,111.5,111.5,111.5,112.58,112.58,112.58,112.58,112.58,112.58,107.72,107.72,107.72,107.72,107.72,107.72,105.0,105.0,105.0,105.0,105.0,105.0,101.2
train,31,data_31.csv,persistent_leak,31_86_109,24,86,109,51600,65400,leak_binary,1,111.5,111.5,111.5,111.5,112.58,112.58,112.58,112.58,112.58,112.58,107.72,107.72,107.72,107.72,107.72,107.72,105.0,105.0,105.0,105.0,105.0,105.0,101.2,101.2
train,31,data_31.csv,persistent_leak,31_87_110,24,87,110,52200,66000,leak_binary,1,111.5,111.5,111.5,112.58,112.58,112.58,112.58,112.58,112.58,107.72,107.72,107.72,107.72,107.72,107.72,105.0,105.0,105.0,105.0,105.0,105.0,101.2,101.2,101.2
train,31,data_31.csv,persistent_leak,31_88_111,24,88,111,52800,66600,leak_binary,1,111.5,111.5,112.58,112.58,112.58,112.58,112.58,112.58,107.72,107.72,107.72,107.72,107.72,107.72,105.0,105.0,105.0,105.0,105.0,105.0,101.2,101.2,101.2,101.2
train,31,data_31.csv,persistent_leak,31_89_112,24,89,112,53400,67200,leak_binary,1,111.5,112.58,112.58,112.58,112.58,112.58,112.58,107.72,107.72,107.72,107.72,107.72,107.72,105.0,105.0,105.0,105.0,105.0,105.0,101.2,101.2,101.2,101.2,101.2
train,31,data_31.csv,persistent_leak,31_90_113,24,90,113,54000,67800,leak_binary,1,112.58,112.58,112.58,112.58,112.58,112.58,107.72,107.72,107.72,107.72,107.72,107.72,105.0,105.0,105.0,105.0,105.0,105.0,101.2,101.2,101.2,101.2,101.2,101.2
train,31,data_31.csv,persistent_leak,31_91_114,24,91,114,54600,68400,leak_binary,1,112.58,112.58,112.58,112.58,112.58,107.72,107.72,107.72,107.72,107.72,107.72,105.0,105.0,105.0,105.0,105.0,105.0,101.2,101.2,101.2,101.2,101.2,101.2,97.758
train,31,data_31.csv,persistent_leak,31_92_115,24,92,115,55200,69000,leak_binary,1,112.58,112.58,112.58,112.58,107.72,107.72,107.72,107.72,107.72,107.72,105.0,105.0,105.0,105.0,105.0,105.0,101.2,101.2,101.2,101.2,101.2,101.2,97.758,97.758
train,31,data_31.csv,persistent_leak,31_93_116,24,93,116,55800,69600,leak_binary,1,112.58,112.58,112.58,107.72,107.72,107.72,107.72,107.72,107.72,105.0,105.0,105.0,105.0,105.0,105.0,101.2,101.2,101.2,101.2,101.2,101.2,97.758,97.758,97.758
train,31,data_31.csv,persistent_leak,31_94_117,24,94,117,56400,70200,leak_binary,1,112.58,112.58,107.72,107.72,107.72,107.72,107.72,107.72,105.0,105.0,105.0,105.0,105.0,105.0,101.2,101.2,101.2,101.2,101.2,101.2,97.758,97.758,97.758,97.758
train,31,data_31.csv,persistent_leak,31_95_118,24,95,118,57000,70800,leak_binary,1,112.58,107.72,107.72,107.72,107.72,107.72,107.72,105.0,105.0,105.0,105.0,105.0,105.0,101.2,101.2,101.2,101.2,101.2,101.2,97.758,97.758,97.758,97.758,97.758
train,31,data_31.csv,persistent_leak,31_96_119,24,96,119,57600,71400,leak_binary,1,107.72,107.72,107.72,107.72,107.72,107.72,105.0,105.0,105.0,105.0,105.0,105.0,101.2,101.2,101.2,101.2,101.2,101.2,97.758,97.758,97.758,97.758,97.758,97.758
train,31,data_31.csv,persistent_leak,31_97_120,24,97,120,58200,72000,leak_binary,1,107.72,107.72,107.72,107.72,107.72,105.0,105.0,105.0,105.0,105.0,105.0,101.2,101.2,101.2,101.2,101.2,101.2,97.758,97.758,97.758,97.758,97.758,97.758,88.0
train,31,data_31.csv,persistent_leak,31_98_121,24,98,121,58800,72600,leak_binary,1,107.72,107.72,107.72,107.72,105.0,105.0,105.0,105.0,105.0,105.0,101.2,101.2,101.2,101.2,101.2,101.2,97.758,97.758,97.758,97.758,97.758,97.758,88.0,88.0
train,31,data_31.csv,persistent_leak,31_99_122,24,99,122,59400,73200,leak_binary,1,107.72,107.72,107.72,105.0,105.0,105.0,105.0,105.0,105.0,101.2,101.2,101.2,101.2,101.2,101.2,97.758,97.758,97.758,97.758,97.758,97.758,88.0,88.0,88.0
train,31,data_31.csv,persistent_leak,31_100_123,24,100,123,60000,73800,leak_binary,1,107.72,107.72,105.0,105.0,105.0,105.0,105.0,105.0,101.2,101.2,101.2,101.2,101.2,101.2,97.758,97.758,97.758,97.758,97.758,97.758,88.0,88.0,88.0,88.0
train,31,data_31.csv,persistent_leak,31_101_124,24,101,124,60600,74400,leak_binary,1,107.72,105.0,105.0,105.0,105.0,105.0,105.0,101.2,101.2,101.2,101.2,101.2,101.2,97.758,97.758,97.758,97.758,97.758,97.758,88.0,88.0,88.0,88.0,88.0
train,31,data_31.csv,persistent_leak,31_102_125,24,102,125,61200,75000,leak_binary,1,105.0,105.0,105.0,105.0,105.0,105.0,101.2,101.2,101.2,101.2,101.2,101.2,97.758,97.758,97.758,97.758,97.758,97.758,88.0,88.0,88.0,88.0,88.0,88.0
train,31,data_31.csv,persistent_leak,31_103_126,24,103,126,61800,75600,leak_binary,1,105.0,105.0,105.0,105.0,105.0,101.2,101.2,101.2,101.2,101.2,101.2,97.758,97.758,97.758,97.758,97.758,97.758,88.0,88.0,88.0,88.0,88.0,88.0,70.64
train,31,data_31.csv,persistent_leak,31_104_127,24,104,127,62400,76200,leak_binary,1,105.0,105.0,105.0,105.0,101.2,101.2,101.2,101.2,101.2,101.2,97.758,97.758,97.758,97.758,97.758,97.758,88.0,88.0,88.0,88.0,88.0,88.0,70.64,70.64
train,31,data_31.csv,persistent_leak,31_105_128,24,105,128,63000,76800,leak_binary,1,105.0,105.0,105.0,101.2,101.2,101.2,101.2,101.2,101.2,97.758,97.758,97.758,97.758,97.758,97.758,88.0,88.0,88.0,88.0,88.0,88.0,70.64,70.64,70.64
train,31,data_31.csv,persistent_leak,31_106_129,24,106,129,63600,77400,leak_binary,1,105.0,105.0,101.2,101.2,101.2,101.2,101.2,101.2,97.758,97.758,97.758,97.758,97.758,97.758,88.0,88.0,88.0,88.0,88.0,88.0,70.64,70.64,70.64,70.64
train,31,data_31.csv,persistent_leak,31_107_130,24,107,130,64200,78000,leak_binary,1,105.0,101.2,101.2,101.2,101.2,101.2,101.2,97.758,97.758,97.758,97.758,97.758,97.758,88.0,88.0,88.0,88.0,88.0,88.0,70.64,70.64,70.64,70.64,70.64
train,31,data_31.csv,persistent_leak,31_108_131,24,108,131,64800,78600,leak_binary,1,101.2,101.2,101.2,101.2,101.2,101.2,97.758,97.758,97.758,97.758,97.758,97.758,88.0,88.0,88.0,88.0,88.0,88.0,70.64,70.64,70.64,70.64,70.64,70.64
train,31,data_31.csv,persistent_leak,31_109_132,24,109,132,65400,79200,leak_binary,1,101.2,101.2,101.2,101.2,101.2,97.758,97.758,97.758,97.758,97.758,97.758,88.0,88.0,88.0,88.0,88.0,88.0,70.64,70.64,70.64,70.64,70.64,70.64,58.876
train,31,data_31.csv,persistent_leak,31_110_133,24,110,133,66000,79800,leak_binary,1,101.2,101.2,101.2,101.2,97.758,97.758,97.758,97.758,97.758,97.758,88.0,88.0,88.0,88.0,88.0,88.0,70.64,70.64,70.64,70.64,70.64,70.64,58.876,58.876
train,31,data_31.csv,persistent_leak,31_111_134,24,111,134,66600,80400,leak_binary,1,101.2,101.2,101.2,97.758,97.758,97.758,97.758,97.758,97.758,88.0,88.0,88.0,88.0,88.0,88.0,70.64,70.64,70.64,70.64,70.64,70.64,58.876,58.876,58.876
train,31,data_31.csv,persistent_leak,31_112_135,24,112,135,67200,81000,leak_binary,1,101.2,101.2,97.758,97.758,97.758,97.758,97.758,97.758,88.0,88.0,88.0,88.0,88.0,88.0,70.64,70.64,70.64,70.64,70.64,70.64,58.876,58.876,58.876,58.876
train,31,data_31.csv,persistent_leak,31_113_136,24,113,136,67800,81600,leak_binary,1,101.2,97.758,97.758,97.758,97.758,97.758,97.758,88.0,88.0,88.0,88.0,88.0,88.0,70.64,70.64,70.64,70.64,70.64,70.64,58.876,58.876,58.876,58.876,58.876
train,31,data_31.csv,persistent_leak,31_114_137,24,114,137,68400,82200,leak_binary,1,97.758,97.758,97.758,97.758,97.758,97.758,88.0,88.0,88.0,88.0,88.0,88.0,70.64,70.64,70.64,70.64,70.64,70.64,58.876,58.876,58.876,58.876,58.876,58.876
train,31,data_31.csv,persistent_leak,31_115_138,24,115,138,69000,82800,leak_binary,1,97.758,97.758,97.758,97.758,97.758,88.0,88.0,88.0,88.0,88.0,88.0,70.64,70.64,70.64,70.64,70.64,70.64,58.876,58.876,58.876,58.876,58.876,58.876,50.5
train,31,data_31.csv,persistent_leak,31_116_139,24,116,139,69600,83400,leak_binary,1,97.758,97.758,97.758,97.758,88.0,88.0,88.0,88.0,88.0,88.0,70.64,70.64,70.64,70.64,70.64,70.64,58.876,58.876,58.876,58.876,58.876,58.876,50.5,50.5
train,31,data_31.csv,persistent_leak,31_117_140,24,117,140,70200,84000,leak_binary,1,97.758,97.758,97.758,88.0,88.0,88.0,88.0,88.0,88.0,70.64,70.64,70.64,70.64,70.64,70.64,58.876,58.876,58.876,58.876,58.876,58.876,50.5,50.5,50.5
train,31,data_31.csv,persistent_leak,31_118_141,24,118,141,70800,84600,leak_binary,1,97.758,97.758,88.0,88.0,88.0,88.0,88.0,88.0,70.64,70.64,70.64,70.64,70.64,70.64,58.876,58.876,58.876,58.876,58.876,58.876,50.5,50.5,50.5,50.5
train,31,data_31.csv,persistent_leak,31_119_142,24,119,142,71400,85200,leak_binary,1,97.758,88.0,88.0,88.0,88.0,88.0,88.0,70.64,70.64,70.64,70.64,70.64,70.64,58.876,58.876,58.876,58.876,58.876,58.876,50.5,50.5,50.5,50.5,50.5
train,31,data_31.csv,persistent_leak,31_120_143,24,120,143,72000,85800,leak_binary,1,88.0,88.0,88.0,88.0,88.0,88.0,70.64,70.64,70.64,70.64,70.64,70.64,58.876,58.876,58.876,58.876,58.876,58.876,50.5,50.5,50.5,50.5,50.5,50.5
train,31,data_31.csv,persistent_leak,31_121_144,24,121,144,72600,86400,leak_binary,1,88.0,88.0,88.0,88.0,88.0,70.64,70.64,70.64,70.64,70.64,70.64,58.876,58.876,58.876,58.876,58.876,58.876,50.5,50.5,50.5,50.5,50.5,50.5,49.5
train,33,data_33.csv,persistent_leak,33_0_23,24,0,23,0,13800,leak_binary,1,55.5,55.5,55.5,55.5,55.5,55.5,51.279,51.279,51.279,51.279,51.279,51.279,48.498,48.498,48.498,48.498,48.498,48.498,46.968,46.968,46.968,46.968,46.968,46.968
train,33,data_33.csv,persistent_leak,33_1_24,24,1,24,600,14400,leak_binary,1,55.5,55.5,55.5,55.5,55.5,51.279,51.279,51.279,51.279,51.279,51.279,48.498,48.498,48.498,48.498,48.498,48.498,46.968,46.968,46.968,46.968,46.968,46.968,46.5
train,33,data_33.csv,persistent_leak,33_2_25,24,2,25,1200,15000,leak_binary,1,55.5,55.5,55.5,55.5,51.279,51.279,51.279,51.279,51.279,51.279,48.498,48.498,48.498,48.498,48.498,48.498,46.968,46.968,46.968,46.968,46.968,46.968,46.5,46.5
train,33,data_33.csv,persistent_leak,33_3_26,24,3,26,1800,15600,leak_binary,1,55.5,55.5,55.5,51.279,51.279,51.279,51.279,51.279,51.279,48.498,48.498,48.498,48.498,48.498,48.498,46.968,46.968,46.968,46.968,46.968,46.968,46.5,46.5,46.5
train,33,data_33.csv,persistent_leak,33_4_27,24,4,27,2400,16200,leak_binary,1,55.5,55.5,51.279,51.279,51.279,51.279,51.279,51.279,48.498,48.498,48.498,48.498,48.498,48.498,46.968,46.968,46.968,46.968,46.968,46.968,46.5,46.5,46.5,46.5
train,33,data_33.csv,persistent_leak,33_5_28,24,5,28,3000,16800,leak_binary,1,55.5,51.279,51.279,51.279,51.279,51.279,51.279,48.498,48.498,48.498,48.498,48.498,48.498,46.968,46.968,46.968,46.968,46.968,46.968,46.5,46.5,46.5,46.5,46.5
train,33,data_33.csv,persistent_leak,33_6_29,24,6,29,3600,17400,leak_binary,1,51.279,51.279,51.279,51.279,51.279,51.279,48.498,48.498,48.498,48.498,48.498,48.498,46.968,46.968,46.968,46.968,46.968,46.968,46.5,46.5,46.5,46.5,46.5,46.5
train,33,data_33.csv,persistent_leak,33_7_30,24,7,30,4200,18000,leak_binary,1,51.279,51.279,51.279,51.279,51.279,48.498,48.498,48.498,48.498,48.498,48.498,46.968,46.968,46.968,46.968,46.968,46.968,46.5,46.5,46.5,46.5,46.5,46.5,47.87
train,33,data_33.csv,persistent_leak,33_8_31,24,8,31,4800,18600,leak_binary,1,51.279,51.279,51.279,51.279,48.498,48.498,48.498,48.498,48.498,48.498,46.968,46.968,46.968,46.968,46.968,46.968,46.5,46.5,46.5,46.5,46.5,46.5,47.87,47.87
train,33,data_33.csv,persistent_leak,33_9_32,24,9,32,5400,19200,leak_binary,1,51.279,51.279,51.279,48.498,48.498,48.498,48.498,48.498,48.498,46.968,46.968,46.968,46.968,46.968,46.968,46.5,46.5,46.5,46.5,46.5,46.5,47.87,47.87,47.87
train,33,data_33.csv,persistent_leak,33_10_33,24,10,33,6000,19800,leak_binary,1,51.279,51.279,48.498,48.498,48.498,48.498,48.498,48.498,46.968,46.968,46.968,46.968,46.968,46.968,46.5,46.5,46.5,46.5,46.5,46.5,47.87,47.87,47.87,47.87
train,33,data_33.csv,persistent_leak,33_11_34,24,11,34,6600,20400,leak_binary,1,51.279,48.498,48.498,48.498,48.498,48.498,48.498,46.968,46.968,46.968,46.968,46.968,46.968,46.5,46.5,46.5,46.5,46.5,46.5,47.87,47.87,47.87,47.87,47.87
train,33,data_33.csv,persistent_leak,33_12_35,24,12,35,7200,21000,leak_binary,1,48.498,48.498,48.498,48.498,48.498,48.498,46.968,46.968,46.968,46.968,46.968,46.968,46.5,46.5,46.5,46.5,46.5,46.5,47.87,47.87,47.87,47.87,47.87,47.87
train,33,data_33.csv,persistent_leak,33_13_36,24,13,36,7800,21600,leak_binary,1,48.498,48.498,48.498,48.498,48.498,46.968,46.968,46.968,46.968,46.968,46.968,46.5,46.5,46.5,46.5,46.5,46.5,47.87,47.87,47.87,47.87,47.87,47.87,51.018
train,33,data_33.csv,persistent_leak,33_14_37,24,14,37,8400,22200,leak_binary,1,48.498,48.498,48.498,48.498,46.968,46.968,46.968,46.968,46.968,46.968,46.5,46.5,46.5,46.5,46.5,46.5,47.87,47.87,47.87,47.87,47.87,47.87,51.018,51.018
train,33,data_33.csv,persistent_leak,33_15_38,24,15,38,9000,22800,leak_binary,1,48.498,48.498,48.498,46.968,46.968,46.968,46.968,46.968,46.968,46.5,46.5,46.5,46.5,46.5,46.5,47.87,47.87,47.87,47.87,47.87,47.87,51.018,51.018,51.018
train,33,data_33.csv,persistent_leak,33_16_39,24,16,39,9600,23400,leak_binary,1,48.498,48.498,46.968,46.968,46.968,46.968,46.968,46.968,46.5,46.5,46.5,46.5,46.5,46.5,47.87,47.87,47.87,47.87,47.87,47.87,51.018,51.018,51.018,51.018
train,33,data_33.csv,persistent_leak,33_17_40,24,17,40,10200,24000,leak_binary,1,48.498,46.968,46.968,46.968,46.968,46.968,46.968,46.5,46.5,46.5,46.5,46.5,46.5,47.87,47.87,47.87,47.87,47.87,47.87,51.018,51.018,51.018,51.018,51.018
train,33,data_33.csv,persistent_leak,33_18_41,24,18,41,10800,24600,leak_binary,1,46.968,46.968,46.968,46.968,46.968,46.968,46.5,46.5,46.5,46.5,46.5,46.5,47.87,47.87,47.87,47.87,47.87,47.87,51.018,51.018,51.018,51.018,51.018,51.018
train,33,data_33.csv,persistent_leak,33_19_42,24,19,42,11400,25200,leak_binary,1,46.968,46.968,46.968,46.968,46.968,46.5,46.5,46.5,46.5,46.5,46.5,47.87,47.87,47.87,47.87,47.87,47.87,51.018,51.018,51.018,51.018,51.018,51.018,54.5
train,33,data_33.csv,persistent_leak,33_20_43,24,20,43,12000,25800,leak_binary,1,46.968,46.968,46.968,46.968,46.5,46.5,46.5,46.5,46.5,46.5,47.87,47.87,47.87,47.87,47.87,47.87,51.018,51.018,51.018,51.018,51.018,51.018,54.5,54.5
train,33,data_33.csv,persistent_leak,33_21_44,24,21,44,12600,26400,leak_binary,1,46.968,46.968,46.968,46.5,46.5,46.5,46.5,46.5,46.5,47.87,47.87,47.87,47.87,47.87,47.87,51.018,51.018,51.018,51.018,51.018,51.018,54.5,54.5,54.5
train,33,data_33.csv,persistent_leak,33_22_45,24,22,45,13200,27000,leak_binary,1,46.968,46.968,46.5,46.5,46.5,46.5,46.5,46.5,47.87,47.87,47.87,47.87,47.87,47.87,51.018,51.018,51.018,51.018,51.018,51.018,54.5,54.5,54.5,54.5
train,33,data_33.csv,persistent_leak,33_23_46,24,23,46,13800,27600,leak_binary,1,46.968,46.5,46.5,46.5,46.5,46.5,46.5,47.87,47.87,47.87,47.87,47.87,47.87,51.018,51.018,51.018,51.018,51.018,51.018,54.5,54.5,54.5,54.5,54.5
train,33,data_33.csv,persistent_leak,33_24_47,24,24,47,14400,28200,leak_binary,1,46.5,46.5,46.5,46.5,46.5,46.5,47.87,47.87,47.87,47.87,47.87,47.87,51.018,51.018,51.018,51.018,51.018,51.018,54.5,54.5,54.5,54.5,54.5,54.5
train,33,data_33.csv,persistent_leak,33_25_48,24,25,48,15000,28800,leak_binary,1,46.5,46.5,46.5,46.5,46.5,47.87,47.87,47.87,47.87,47.87,47.87,51.018,51.018,51.018,51.018,51.018,51.018,54.5,54.5,54.5,54.5,54.5,54.5,57.972
train,33,data_33.csv,persistent_leak,33_26_49,24,26,49,15600,29400,leak_binary,1,46.5,46.5,46.5,46.5,47.87,47.87,47.87,47.87,47.87,47.87,51.018,51.018,51.018,51.018,51.018,51.018,54.5,54.5,54.5,54.5,54.5,54.5,57.972,57.972
train,33,data_33.csv,persistent_leak,33_27_50,24,27,50,16200,30000,leak_binary,1,46.5,46.5,46.5,47.87,47.87,47.87,47.87,47.87,47.87,51.018,51.018,51.018,51.018,51.018,51.018,54.5,54.5,54.5,54.5,54.5,54.5,57.972,57.972,57.972
train,33,data_33.csv,persistent_leak,33_28_51,24,28,51,16800,30600,leak_binary,1,46.5,46.5,47.87,47.87,47.87,47.87,47.87,47.87,51.018,51.018,51.018,51.018,51.018,51.018,54.5,54.5,54.5,54.5,54.5,54.5,57.972,57.972,57.972,57.972
train,33,data_33.csv,persistent_leak,33_29_52,24,29,52,17400,31200,leak_binary,1,46.5,47.87,47.87,47.87,47.87,47.87,47.87,51.018,51.018,51.018,51.018,51.018,51.018,54.5,54.5,54.5,54.5,54.5,54.5,57.972,57.972,57.972,57.972,57.972
train,33,data_33.csv,persistent_leak,33_30_53,24,30,53,18000,31800,leak_binary,1,47.87,47.87,47.87,47.87,47.87,47.87,51.018,51.018,51.018,51.018,51.018,51.018,54.5,54.5,54.5,54.5,54.5,54.5,57.972,57.972,57.972,57.972,57.972,57.972
train,33,data_33.csv,persistent_leak,33_31_54,24,31,54,18600,32400,leak_binary,1,47.87,47.87,47.87,47.87,47.87,51.018,51.018,51.018,51.018,51.018,51.018,54.5,54.5,54.5,54.5,54.5,54.5,57.972,57.972,57.972,57.972,57.972,57.972,68.535
train,33,data_33.csv,persistent_leak,33_32_55,24,32,55,19200,33000,leak_binary,1,47.87,47.87,47.87,47.87,51.018,51.018,51.018,51.018,51.018,51.018,54.5,54.5,54.5,54.5,54.5,54.5,57.972,57.972,57.972,57.972,57.972,57.972,68.535,68.535
train,33,data_33.csv,persistent_leak,33_33_56,24,33,56,19800,33600,leak_binary,1,47.87,47.87,47.87,51.018,51.018,51.018,51.018,51.018,51.018,54.5,54.5,54.5,54.5,54.5,54.5,57.972,57.972,57.972,57.972,57.972,57.972,68.535,68.535,68.535
train,33,data_33.csv,persistent_leak,33_34_57,24,34,57,20400,34200,leak_binary,1,47.87,47.87,51.018,51.018,51.018,51.018,51.018,51.018,54.5,54.5,54.5,54.5,54.5,54.5,57.972,57.972,57.972,57.972,57.972,57.972,68.535,68.535,68.535,68.535
train,33,data_33.csv,persistent_leak,33_35_58,24,35,58,21000,34800,leak_binary,1,47.87,51.018,51.018,51.018,51.018,51.018,51.018,54.5,54.5,54.5,54.5,54.5,54.5,57.972,57.972,57.972,57.972,57.972,57.972,68.535,68.535,68.535,68.535,68.535
train,33,data_33.csv,persistent_leak,33_36_59,24,36,59,21600,35400,leak_binary,1,51.018,51.018,51.018,51.018,51.018,51.018,54.5,54.5,54.5,54.5,54.5,54.5,57.972,57.972,57.972,57.972,57.972,57.972,68.535,68.535,68.535,68.535,68.535,68.535
train,33,data_33.csv,persistent_leak,33_37_60,24,37,60,22200,36000,leak_binary,1,51.018,51.018,51.018,51.018,51.018,54.5,54.5,54.5,54.5,54.5,54.5,57.972,57.972,57.972,57.972,57.972,57.972,68.535,68.535,68.535,68.535,68.535,68.535,85.052
train,33,data_33.csv,persistent_leak,33_38_61,24,38,61,22800,36600,leak_binary,1,51.018,51.018,51.018,51.018,54.5,54.5,54.5,54.5,54.5,54.5,57.972,57.972,57.972,57.972,57.972,57.972,68.535,68.535,68.535,68.535,68.535,68.535,85.052,85.052
train,33,data_33.csv,persistent_leak,33_39_62,24,39,62,23400,37200,leak_binary,1,51.018,51.018,51.018,54.5,54.5,54.5,54.5,54.5,54.5,57.972,57.972,57.972,57.972,57.972,57.972,68.535,68.535,68.535,68.535,68.535,68.535,85.052,85.052,85.052
train,33,data_33.csv,persistent_leak,33_40_63,24,40,63,24000,37800,leak_binary,1,51.018,51.018,54.5,54.5,54.5,54.5,54.5,54.5,57.972,57.972,57.972,57.972,57.972,57.972,68.535,68.535,68.535,68.535,68.535,68.535,85.052,85.052,85.052,85.052
train,33,data_33.csv,persistent_leak,33_41_64,24,41,64,24600,38400,leak_binary,1,51.018,54.5,54.5,54.5,54.5,54.5,54.5,57.972,57.972,57.972,57.972,57.972,57.972,68.535,68.535,68.535,68.535,68.535,68.535,85.052,85.052,85.052,85.052,85.052
train,33,data_33.csv,persistent_leak,33_42_65,24,42,65,25200,39000,leak_binary,1,54.5,54.5,54.5,54.5,54.5,54.5,57.972,57.972,57.972,57.972,57.972,57.972,68.535,68.535,68.535,68.535,68.535,68.535,85.052,85.052,85.052,85.052,85.052,85.052
train,33,data_33.csv,persistent_leak,33_43_66,24,43,66,25800,39600,leak_binary,1,54.5,54.5,54.5,54.5,54.5,57.972,57.972,57.972,57.972,57.972,57.972,68.535,68.535,68.535,68.535,68.535,68.535,85.052,85.052,85.052,85.052,85.052,85.052,96.0
train,33,data_33.csv,persistent_leak,33_44_67,24,44,67,26400,40200,leak_binary,1,54.5,54.5,54.5,54.5,57.972,57.972,57.972,57.972,57.972,57.972,68.535,68.535,68.535,68.535,68.535,68.535,85.052,85.052,85.052,85.052,85.052,85.052,96.0,96.0
train,33,data_33.csv,persistent_leak,33_45_68,24,45,68,27000,40800,leak_binary,1,54.5,54.5,54.5,57.972,57.972,57.972,57.972,57.972,57.972,68.535,68.535,68.535,68.535,68.535,68.535,85.052,85.052,85.052,85.052,85.052,85.052,96.0,96.0,96.0
train,33,data_33.csv,persistent_leak,33_46_69,24,46,69,27600,41400,leak_binary,1,54.5,54.5,57.972,57.972,57.972,57.972,57.972,57.972,68.535,68.535,68.535,68.535,68.535,68.535,85.052,85.052,85.052,85.052,85.052,85.052,96.0,96.0,96.0,96.0
train,33,data_33.csv,persistent_leak,33_47_70,24,47,70,28200,42000,leak_binary,1,54.5,57.972,57.972,57.972,57.972,57.972,57.972,68.535,68.535,68.535,68.535,68.535,68.535,85.052,85.052,85.052,85.052,85.052,85.052,96.0,96.0,96.0,96.0,96.0
train,33,data_33.csv,persistent_leak,33_48_71,24,48,71,28800,42600,leak_binary,1,57.972,57.972,57.972,57.972,57.972,57.972,68.535,68.535,68.535,68.535,68.535,68.535,85.052,85.052,85.052,85.052,85.052,85.052,96.0,96.0,96.0,96.0,96.0,96.0
train,33,data_33.csv,persistent_leak,33_49_72,24,49,72,29400,43200,leak_binary,1,57.972,57.972,57.972,57.972,57.972,68.535,68.535,68.535,68.535,68.535,68.535,85.052,85.052,85.052,85.052,85.052,85.052,96.0,96.0,96.0,96.0,96.0,96.0,99.608
train,33,data_33.csv,persistent_leak,33_50_73,24,50,73,30000,43800,leak_binary,1,57.972,57.972,57.972,57.972,68.535,68.535,68.535,68.535,68.535,68.535,85.052,85.052,85.052,85.052,85.052,85.052,96.0,96.0,96.0,96.0,96.0,96.0,99.608,99.608
train,33,data_33.csv,persistent_leak,33_51_74,24,51,74,30600,44400,leak_binary,1,57.972,57.972,57.972,68.535,68.535,68.535,68.535,68.535,68.535,85.052,85.052,85.052,85.052,85.052,85.052,96.0,96.0,96.0,96.0,96.0,96.0,99.608,99.608,99.608
train,33,data_33.csv,persistent_leak,33_52_75,24,52,75,31200,45000,leak_binary,1,57.972,57.972,68.535,68.535,68.535,68.535,68.535,68.535,85.052,85.052,85.052,85.052,85.052,85.052,96.0,96.0,96.0,96.0,96.0,96.0,99.608,99.608,99.608,99.608
train,33,data_33.csv,persistent_leak,33_53_76,24,53,76,31800,45600,leak_binary,1,57.972,68.535,68.535,68.535,68.535,68.535,68.535,85.052,85.052,85.052,85.052,85.052,85.052,96.0,96.0,96.0,96.0,96.0,96.0,99.608,99.608,99.608,99.608,99.608
train,33,data_33.csv,persistent_leak,33_54_77,24,54,77,32400,46200,leak_binary,1,68.535,68.535,68.535,68.535,68.535,68.535,85.052,85.052,85.052,85.052,85.052,85.052,96.0,96.0,96.0,96.0,96.0,96.0,99.608,99.608,99.608,99.608,99.608,99.608
train,33,data_33.csv,persistent_leak,33_55_78,24,55,78,33000,46800,leak_binary,1,68.535,68.535,68.535,68.535,68.535,85.052,85.052,85.052,85.052,85.052,85.052,96.0,96.0,96.0,96.0,96.0,96.0,99.608,99.608,99.608,99.608,99.608,99.608,101.78
train,33,data_33.csv,persistent_leak,33_56_79,24,56,79,33600,47400,leak_binary,1,68.535,68.535,68.535,68.535,85.052,85.052,85.052,85.052,85.052,85.052,96.0,96.0,96.0,96.0,96.0,96.0,99.608,99.608,99.608,99.608,99.608,99.608,101.78,101.78
train,33,data_33.csv,persistent_leak,33_57_80,24,57,80,34200,48000,leak_binary,1,68.535,68.535,68.535,85.052,85.052,85.052,85.052,85.052,85.052,96.0,96.0,96.0,96.0,96.0,96.0,99.608,99.608,99.608,99.608,99.608,99.608,101.78,101.78,101.78
train,33,data_33.csv,persistent_leak,33_58_81,24,58,81,34800,48600,leak_binary,1,68.535,68.535,85.052,85.052,85.052,85.052,85.052,85.052,96.0,96.0,96.0,96.0,96.0,96.0,99.608,99.608,99.608,99.608,99.608,99.608,101.78,101.78,101.78,101.78
train,33,data_33.csv,persistent_leak,33_59_82,24,59,82,35400,49200,leak_binary,1,68.535,85.052,85.052,85.052,85.052,85.052,85.052,96.0,96.0,96.0,96.0,96.0,96.0,99.608,99.608,99.608,99.608,99.608,99.608,101.78,101.78,101.78,101.78,101.78
train,33,data_33.csv,persistent_leak,33_60_83,24,60,83,36000,49800,leak_binary,1,85.052,85.052,85.052,85.052,85.052,85.052,96.0,96.0,96.0,96.0,96.0,96.0,99.608,99.608,99.608,99.608,99.608,99.608,101.78,101.78,101.78,101.78,101.78,101.78
train,33,data_33.csv,persistent_leak,33_61_84,24,61,84,36600,50400,leak_binary,1,85.052,85.052,85.052,85.052,85.052,96.0,96.0,96.0,96.0,96.0,96.0,99.608,99.608,99.608,99.608,99.608,99.608,101.78,101.78,101.78,101.78,101.78,101.78,102.5
train,33,data_33.csv,persistent_leak,33_62_85,24,62,85,37200,51000,leak_binary,1,85.052,85.052,85.052,85.052,96.0,96.0,96.0,96.0,96.0,96.0,99.608,99.608,99.608,99.608,99.608,99.608,101.78,101.78,101.78,101.78,101.78,101.78,102.5,102.5
train,33,data_33.csv,persistent_leak,33_63_86,24,63,86,37800,51600,leak_binary,1,85.052,85.052,85.052,96.0,96.0,96.0,96.0,96.0,96.0,99.608,99.608,99.608,99.608,99.608,99.608,101.78,101.78,101.78,101.78,101.78,101.78,102.5,102.5,102.5
train,33,data_33.csv,persistent_leak,33_64_87,24,64,87,38400,52200,leak_binary,1,85.052,85.052,96.0,96.0,96.0,96.0,96.0,96.0,99.608,99.608,99.608,99.608,99.608,99.608,101.78,101.78,101.78,101.78,101.78,101.78,102.5,102.5,102.5,102.5
train,33,data_33.csv,persistent_leak,33_65_88,24,65,88,39000,52800,leak_binary,1,85.052,96.0,96.0,96.0,96.0,96.0,96.0,99.608,99.608,99.608,99.608,99.608,99.608,101.78,101.78,101.78,101.78,101.78,101.78,102.5,102.5,102.5,102.5,102.5
train,33,data_33.csv,persistent_leak,33_66_89,24,66,89,39600,53400,leak_binary,1,96.0,96.0,96.0,96.0,96.0,96.0,99.608,99.608,99.608,99.608,99.608,99.608,101.78,101.78,101.78,101.78,101.78,101.78,102.5,102.5,102.5,102.5,102.5,102.5
train,33,data_33.csv,persistent_leak,33_67_90,24,67,90,40200,54000,leak_binary,1,96.0,96.0,96.0,96.0,96.0,99.608,99.608,99.608,99.608,99.608,99.608,101.78,101.78,101.78,101.78,101.78,101.78,102.5,102.5,102.5,102.5,102.5,102.5,100.4
train,33,data_33.csv,persistent_leak,33_68_91,24,68,91,40800,54600,leak_binary,1,96.0,96.0,96.0,96.0,99.608,99.608,99.608,99.608,99.608,99.608,101.78,101.78,101.78,101.78,101.78,101.78,102.5,102.5,102.5,102.5,102.5,102.5,100.4,100.4
train,33,data_33.csv,persistent_leak,33_69_92,24,69,92,41400,55200,leak_binary,1,96.0,96.0,96.0,99.608,99.608,99.608,99.608,99.608,99.608,101.78,101.78,101.78,101.78,101.78,101.78,102.5,102.5,102.5,102.5,102.5,102.5,100.4,100.4,100.4
train,33,data_33.csv,persistent_leak,33_70_93,24,70,93,42000,55800,leak_binary,1,96.0,96.0,99.608,99.608,99.608,99.608,99.608,99.608,101.78,101.78,101.78,101.78,101.78,101.78,102.5,102.5,102.5,102.5,102.5,102.5,100.4,100.4,100.4,100.4
train,33,data_33.csv,persistent_leak,33_71_94,24,71,94,42600,56400,leak_binary,1,96.0,99.608,99.608,99.608,99.608,99.608,99.608,101.78,101.78,101.78,101.78,101.78,101.78,102.5,102.5,102.5,102.5,102.5,102.5,100.4,100.4,100.4,100.4,100.4
train,33,data_33.csv,persistent_leak,33_72_95,24,72,95,43200,57000,leak_binary,1,99.608,99.608,99.608,99.608,99.608,99.608,101.78,101.78,101.78,101.78,101.78,101.78,102.5,102.5,102.5,102.5,102.5,102.5,100.4,100.4,100.4,100.4,100.4,100.4
train,33,data_33.csv,persistent_leak,33_73_96,24,73,96,43800,57600,leak_binary,1,99.608,99.608,99.608,99.608,99.608,101.78,101.78,101.78,101.78,101.78,101.78,102.5,102.5,102.5,102.5,102.5,102.5,100.4,100.4,100.4,100.4,100.4,100.4,97.224
train,33,data_33.csv,persistent_leak,33_74_97,24,74,97,44400,58200,leak_binary,1,99.608,99.608,99.608,99.608,101.78,101.78,101.78,101.78,101.78,101.78,102.5,102.5,102.5,102.5,102.5,102.5,100.4,100.4,100.4,100.4,100.4,100.4,97.224,97.224
train,33,data_33.csv,persistent_leak,33_75_98,24,75,98,45000,58800,leak_binary,1,99.608,99.608,99.608,101.78,101.78,101.78,101.78,101.78,101.78,102.5,102.5,102.5,102.5,102.5,102.5,100.4,100.4,100.4,100.4,100.4,100.4,97.224,97.224,97.224
train,33,data_33.csv,persistent_leak,33_76_99,24,76,99,45600,59400,leak_binary,1,99.608,99.608,101.78,101.78,101.78,101.78,101.78,101.78,102.5,102.5,102.5,102.5,102.5,102.5,100.4,100.4,100.4,100.4,100.4,100.4,97.224,97.224,97.224,97.224
train,33,data_33.csv,persistent_leak,33_77_100,24,77,100,46200,60000,leak_binary,1,99.608,101.78,101.78,101.78,101.78,101.78,101.78,102.5,102.5,102.5,102.5,102.5,102.5,100.4,100.4,100.4,100.4,100.4,100.4,97.224,97.224,97.224,97.224,97.224
train,33,data_33.csv,persistent_leak,33_78_101,24,78,101,46800,60600,leak_binary,1,101.78,101.78,101.78,101.78,101.78,101.78,102.5,102.5,102.5,102.5,102.5,102.5,100.4,100.4,100.4,100.4,100.4,100.4,97.224,97.224,97.224,97.224,97.224,97.224
train,33,data_33.csv,persistent_leak,33_79_102,24,79,102,47400,61200,leak_binary,1,101.78,101.78,101.78,101.78,101.78,102.5,102.5,102.5,102.5,102.5,102.5,100.4,100.4,100.4,100.4,100.4,100.4,97.224,97.224,97.224,97.224,97.224,97.224,97.688
train,33,data_33.csv,persistent_leak,33_80_103,24,80,103,48000,61800,leak_binary,1,101.78,101.78,101.78,101.78,102.5,102.5,102.5,102.5,102.5,102.5,100.4,100.4,100.4,100.4,100.4,100.4,97.224,97.224,97.224,97.224,97.224,97.224,97.688,97.688
train,33,data_33.csv,persistent_leak,33_81_104,24,81,104,48600,62400,leak_binary,1,101.78,101.78,101.78,102.5,102.5,102.5,102.5,102.5,102.5,100.4,100.4,100.4,100.4,100.4,100.4,97.224,97.224,97.224,97.224,97.224,97.224,97.688,97.688,97.688
train,33,data_33.csv,persistent_leak,33_82_105,24,82,105,49200,63000,leak_binary,1,101.78,101.78,102.5,102.5,102.5,102.5,102.5,102.5,100.4,100.4,100.4,100.4,100.4,100.4,97.224,97.224,97.224,97.224,97.224,97.224,97.688,97.688,97.688,97.688
train,33,data_33.csv,persistent_leak,33_83_106,24,83,106,49800,63600,leak_binary,1,101.78,102.5,102.5,102.5,102.5,102.5,102.5,100.4,100.4,100.4,100.4,100.4,100.4,97.224,97.224,97.224,97.224,97.224,97.224,97.688,97.688,97.688,97.688,97.688
train,33,data_33.csv,persistent_leak,33_84_107,24,84,107,50400,64200,leak_binary,1,102.5,102.5,102.5,102.5,102.5,102.5,100.4,100.4,100.4,100.4,100.4,100.4,97.224,97.224,97.224,97.224,97.224,97.224,97.688,97.688,97.688,97.688,97.688,97.688
train,33,data_33.csv,persistent_leak,33_85_108,24,85,108,51000,64800,leak_binary,1,102.5,102.5,102.5,102.5,102.5,100.4,100.4,100.4,100.4,100.4,100.4,97.224,97.224,97.224,97.224,97.224,97.224,97.688,97.688,97.688,97.688,97.688,97.688,99.696
train,33,data_33.csv,persistent_leak,33_86_109,24,86,109,51600,65400,leak_binary,1,102.5,102.5,102.5,102.5,100.4,100.4,100.4,100.4,100.4,100.4,97.224,97.224,97.224,97.224,97.224,97.224,97.688,97.688,97.688,97.688,97.688,97.688,99.696,99.696
train,33,data_33.csv,persistent_leak,33_87_110,24,87,110,52200,66000,leak_binary,1,102.5,102.5,102.5,100.4,100.4,100.4,100.4,100.4,100.4,97.224,97.224,97.224,97.224,97.224,97.224,97.688,97.688,97.688,97.688,97.688,97.688,99.696,99.696,99.696
train,33,data_33.csv,persistent_leak,33_88_111,24,88,111,52800,66600,leak_binary,1,102.5,102.5,100.4,100.4,100.4,100.4,100.4,100.4,97.224,97.224,97.224,97.224,97.224,97.224,97.688,97.688,97.688,97.688,97.688,97.688,99.696,99.696,99.696,99.696
train,33,data_33.csv,persistent_leak,33_89_112,24,89,112,53400,67200,leak_binary,1,102.5,100.4,100.4,100.4,100.4,100.4,100.4,97.224,97.224,97.224,97.224,97.224,97.224,97.688,97.688,97.688,97.688,97.688,97.688,99.696,99.696,99.696,99.696,99.696
train,33,data_33.csv,persistent_leak,33_90_113,24,90,113,54000,67800,leak_binary,1,100.4,100.4,100.4,100.4,100.4,100.4,97.224,97.224,97.224,97.224,97.224,97.224,97.688,97.688,97.688,97.688,97.688,97.688,99.696,99.696,99.696,99.696,99.696,99.696
train,33,data_33.csv,persistent_leak,33_91_114,24,91,114,54600,68400,leak_binary,1,100.4,100.4,100.4,100.4,100.4,97.224,97.224,97.224,97.224,97.224,97.224,97.688,97.688,97.688,97.688,97.688,97.688,99.696,99.696,99.696,99.696,99.696,99.696,85.504
train,33,data_33.csv,persistent_leak,33_92_115,24,92,115,55200,69000,leak_binary,1,100.4,100.4,100.4,100.4,97.224,97.224,97.224,97.224,97.224,97.224,97.688,97.688,97.688,97.688,97.688,97.688,99.696,99.696,99.696,99.696,99.696,99.696,85.504,85.504
train,33,data_33.csv,persistent_leak,33_93_116,24,93,116,55800,69600,leak_binary,1,100.4,100.4,100.4,97.224,97.224,97.224,97.224,97.224,97.224,97.688,97.688,97.688,97.688,97.688,97.688,99.696,99.696,99.696,99.696,99.696,99.696,85.504,85.504,85.504
train,33,data_33.csv,persistent_leak,33_94_117,24,94,117,56400,70200,leak_binary,1,100.4,100.4,97.224,97.224,97.224,97.224,97.224,97.224,97.688,97.688,97.688,97.688,97.688,97.688,99.696,99.696,99.696,99.696,99.696,99.696,85.504,85.504,85.504,85.504
train,33,data_33.csv,persistent_leak,33_95_118,24,95,118,57000,70800,leak_binary,1,100.4,97.224,97.224,97.224,97.224,97.224,97.224,97.688,97.688,97.688,97.688,97.688,97.688,99.696,99.696,99.696,99.696,99.696,99.696,85.504,85.504,85.504,85.504,85.504
train,33,data_33.csv,persistent_leak,33_96_119,24,96,119,57600,71400,leak_binary,1,97.224,97.224,97.224,97.224,97.224,97.224,97.688,97.688,97.688,97.688,97.688,97.688,99.696,99.696,99.696,99.696,99.696,99.696,85.504,85.504,85.504,85.504,85.504,85.504
train,33,data_33.csv,persistent_leak,33_97_120,24,97,120,58200,72000,leak_binary,1,97.224,97.224,97.224,97.224,97.224,97.688,97.688,97.688,97.688,97.688,97.688,99.696,99.696,99.696,99.696,99.696,99.696,85.504,85.504,85.504,85.504,85.504,85.504,70.0
train,33,data_33.csv,persistent_leak,33_98_121,24,98,121,58800,72600,leak_binary,1,97.224,97.224,97.224,97.224,97.688,97.688,97.688,97.688,97.688,97.688,99.696,99.696,99.696,99.696,99.696,99.696,85.504,85.504,85.504,85.504,85.504,85.504,70.0,70.0
train,33,data_33.csv,persistent_leak,33_99_122,24,99,122,59400,73200,leak_binary,1,97.224,97.224,97.224,97.688,97.688,97.688,97.688,97.688,97.688,99.696,99.696,99.696,99.696,99.696,99.696,85.504,85.504,85.504,85.504,85.504,85.504,70.0,70.0,70.0
train,33,data_33.csv,persistent_leak,33_100_123,24,100,123,60000,73800,leak_binary,1,97.224,97.224,97.688,97.688,97.688,97.688,97.688,97.688,99.696,99.696,99.696,99.696,99.696,99.696,85.504,85.504,85.504,85.504,85.504,85.504,70.0,70.0,70.0,70.0
train,33,data_33.csv,persistent_leak,33_101_124,24,101,124,60600,74400,leak_binary,1,97.224,97.688,97.688,97.688,97.688,97.688,97.688,99.696,99.696,99.696,99.696,99.696,99.696,85.504,85.504,85.504,85.504,85.504,85.504,70.0,70.0,70.0,70.0,70.0
train,33,data_33.csv,persistent_leak,33_102_125,24,102,125,61200,75000,leak_binary,1,97.688,97.688,97.688,97.688,97.688,97.688,99.696,99.696,99.696,99.696,99.696,99.696,85.504,85.504,85.504,85.504,85.504,85.504,70.0,70.0,70.0,70.0,70.0,70.0
train,33,data_33.csv,persistent_leak,33_103_126,24,103,126,61800,75600,leak_binary,1,97.688,97.688,97.688,97.688,97.688,99.696,99.696,99.696,99.696,99.696,99.696,85.504,85.504,85.504,85.504,85.504,85.504,70.0,70.0,70.0,70.0,70.0,70.0,65.981
train,33,data_33.csv,persistent_leak,33_104_127,24,104,127,62400,76200,leak_binary,1,97.688,97.688,97.688,97.688,99.696,99.696,99.696,99.696,99.696,99.696,85.504,85.504,85.504,85.504,85.504,85.504,70.0,70.0,70.0,70.0,70.0,70.0,65.981,65.981
train,33,data_33.csv,persistent_leak,33_105_128,24,105,128,63000,76800,leak_binary,1,97.688,97.688,97.688,99.696,99.696,99.696,99.696,99.696,99.696,85.504,85.504,85.504,85.504,85.504,85.504,70.0,70.0,70.0,70.0,70.0,70.0,65.981,65.981,65.981
train,33,data_33.csv,persistent_leak,33_106_129,24,106,129,63600,77400,leak_binary,1,97.688,97.688,99.696,99.696,99.696,99.696,99.696,99.696,85.504,85.504,85.504,85.504,85.504,85.504,70.0,70.0,70.0,70.0,70.0,70.0,65.981,65.981,65.981,65.981
train,33,data_33.csv,persistent_leak,33_107_130,24,107,130,64200,78000,leak_binary,1,97.688,99.696,99.696,99.696,99.696,99.696,99.696,85.504,85.504,85.504,85.504,85.504,85.504,70.0,70.0,70.0,70.0,70.0,70.0,65.981,65.981,65.981,65.981,65.981
train,33,data_33.csv,persistent_leak,33_108_131,24,108,131,64800,78600,leak_binary,1,99.696,99.696,99.696,99.696,99.696,99.696,85.504,85.504,85.504,85.504,85.504,85.504,70.0,70.0,70.0,70.0,70.0,70.0,65.981,65.981,65.981,65.981,65.981,65.981
train,33,data_33.csv,persistent_leak,33_109_132,24,109,132,65400,79200,leak_binary,1,99.696,99.696,99.696,99.696,99.696,85.504,85.504,85.504,85.504,85.504,85.504,70.0,70.0,70.0,70.0,70.0,70.0,65.981,65.981,65.981,65.981,65.981,65.981,60.714
train,33,data_33.csv,persistent_leak,33_110_133,24,110,133,66000,79800,leak_binary,1,99.696,99.696,99.696,99.696,85.504,85.504,85.504,85.504,85.504,85.504,70.0,70.0,70.0,70.0,70.0,70.0,65.981,65.981,65.981,65.981,65.981,65.981,60.714,60.714
train,33,data_33.csv,persistent_leak,33_111_134,24,111,134,66600,80400,leak_binary,1,99.696,99.696,99.696,85.504,85.504,85.504,85.504,85.504,85.504,70.0,70.0,70.0,70.0,70.0,70.0,65.981,65.981,65.981,65.981,65.981,65.981,60.714,60.714,60.714
train,33,data_33.csv,persistent_leak,33_112_135,24,112,135,67200,81000,leak_binary,1,99.696,99.696,85.504,85.504,85.504,85.504,85.504,85.504,70.0,70.0,70.0,70.0,70.0,70.0,65.981,65.981,65.981,65.981,65.981,65.981,60.714,60.714,60.714,60.714
train,33,data_33.csv,persistent_leak,33_113_136,24,113,136,67800,81600,leak_binary,1,99.696,85.504,85.504,85.504,85.504,85.504,85.504,70.0,70.0,70.0,70.0,70.0,70.0,65.981,65.981,65.981,65.981,65.981,65.981,60.714,60.714,60.714,60.714,60.714
train,33,data_33.csv,persistent_leak,33_114_137,24,114,137,68400,82200,leak_binary,1,85.504,85.504,85.504,85.504,85.504,85.504,70.0,70.0,70.0,70.0,70.0,70.0,65.981,65.981,65.981,65.981,65.981,65.981,60.714,60.714,60.714,60.714,60.714,60.714
train,33,data_33.csv,persistent_leak,33_115_138,24,115,138,69000,82800,leak_binary,1,85.504,85.504,85.504,85.504,85.504,70.0,70.0,70.0,70.0,70.0,70.0,65.981,65.981,65.981,65.981,65.981,65.981,60.714,60.714,60.714,60.714,60.714,60.714,55.0
train,33,data_33.csv,persistent_leak,33_116_139,24,116,139,69600,83400,leak_binary,1,85.504,85.504,85.504,85.504,70.0,70.0,70.0,70.0,70.0,70.0,65.981,65.981,65.981,65.981,65.981,65.981,60.714,60.714,60.714,60.714,60.714,60.714,55.0,55.0
train,33,data_33.csv,persistent_leak,33_117_140,24,117,140,70200,84000,leak_binary,1,85.504,85.504,85.504,70.0,70.0,70.0,70.0,70.0,70.0,65.981,65.981,65.981,65.981,65.981,65.981,60.714,60.714,60.714,60.714,60.714,60.714,55.0,55.0,55.0
train,33,data_33.csv,persistent_leak,33_118_141,24,118,141,70800,84600,leak_binary,1,85.504,85.504,70.0,70.0,70.0,70.0,70.0,70.0,65.981,65.981,65.981,65.981,65.981,65.981,60.714,60.714,60.714,60.714,60.714,60.714,55.0,55.0,55.0,55.0
train,33,data_33.csv,persistent_leak,33_119_142,24,119,142,71400,85200,leak_binary,1,85.504,70.0,70.0,70.0,70.0,70.0,70.0,65.981,65.981,65.981,65.981,65.981,65.981,60.714,60.714,60.714,60.714,60.714,60.714,55.0,55.0,55.0,55.0,55.0
train,33,data_33.csv,persistent_leak,33_120_143,24,120,143,72000,85800,leak_binary,1,70.0,70.0,70.0,70.0,70.0,70.0,65.981,65.981,65.981,65.981,65.981,65.981,60.714,60.714,60.714,60.714,60.714,60.714,55.0,55.0,55.0,55.0,55.0,55.0
train,33,data_33.csv,persistent_leak,33_121_144,24,121,144,72600,86400,leak_binary,1,70.0,70.0,70.0,70.0,70.0,65.981,65.981,65.981,65.981,65.981,65.981,60.714,60.714,60.714,60.714,60.714,60.714,55.0,55.0,55.0,55.0,55.0,55.0,55.5
train,35,data_35.csv,persistent_leak,35_0_23,24,0,23,0,13800,leak_binary,1,45.0,45.0,45.0,45.0,45.0,45.0,46.533,46.533,46.533,46.533,46.533,46.533,46.14,46.14,46.132,46.139,46.132,46.136,47.794,47.793,47.793,47.792,47.794,47.797
train,35,data_35.csv,persistent_leak,35_1_24,24,1,24,600,14400,leak_binary,1,45.0,45.0,45.0,45.0,45.0,46.533,46.533,46.533,46.533,46.533,46.533,46.14,46.14,46.132,46.139,46.132,46.136,47.794,47.793,47.793,47.792,47.794,47.797,59.513
train,35,data_35.csv,persistent_leak,35_2_25,24,2,25,1200,15000,leak_binary,1,45.0,45.0,45.0,45.0,46.533,46.533,46.533,46.533,46.533,46.533,46.14,46.14,46.132,46.139,46.132,46.136,47.794,47.793,47.793,47.792,47.794,47.797,59.513,59.513
train,35,data_35.csv,persistent_leak,35_3_26,24,3,26,1800,15600,leak_binary,1,45.0,45.0,45.0,46.533,46.533,46.533,46.533,46.533,46.533,46.14,46.14,46.132,46.139,46.132,46.136,47.794,47.793,47.793,47.792,47.794,47.797,59.513,59.513,59.513
train,35,data_35.csv,persistent_leak,35_4_27,24,4,27,2400,16200,leak_binary,1,45.0,45.0,46.533,46.533,46.533,46.533,46.533,46.533,46.14,46.14,46.132,46.139,46.132,46.136,47.794,47.793,47.793,47.792,47.794,47.797,59.513,59.513,59.513,59.513
train,35,data_35.csv,persistent_leak,35_5_28,24,5,28,3000,16800,leak_binary,1,45.0,46.533,46.533,46.533,46.533,46.533,46.533,46.14,46.14,46.132,46.139,46.132,46.136,47.794,47.793,47.793,47.792,47.794,47.797,59.513,59.513,59.513,59.513,59.513
train,35,data_35.csv,persistent_leak,35_6_29,24,6,29,3600,17400,leak_binary,1,46.533,46.533,46.533,46.533,46.533,46.533,46.14,46.14,46.132,46.139,46.132,46.136,47.794,47.793,47.793,47.792,47.794,47.797,59.513,59.513,59.513,59.513,59.513,59.513
train,35,data_35.csv,persistent_leak,35_7_30,24,7,30,4200,18000,leak_binary,1,46.533,46.533,46.533,46.533,46.533,46.14,46.14,46.132,46.139,46.132,46.136,47.794,47.793,47.793,47.792,47.794,47.797,59.513,59.513,59.513,59.513,59.513,59.513,71.289
train,35,data_35.csv,persistent_leak,35_8_31,24,8,31,4800,18600,leak_binary,1,46.533,46.533,46.533,46.533,46.14,46.14,46.132,46.139,46.132,46.136,47.794,47.793,47.793,47.792,47.794,47.797,59.513,59.513,59.513,59.513,59.513,59.513,71.289,71.289
train,35,data_35.csv,persistent_leak,35_9_32,24,9,32,5400,19200,leak_binary,1,46.533,46.533,46.533,46.14,46.14,46.132,46.139,46.132,46.136,47.794,47.793,47.793,47.792,47.794,47.797,59.513,59.513,59.513,59.513,59.513,59.513,71.289,71.289,71.289
train,35,data_35.csv,persistent_leak,35_10_33,24,10,33,6000,19800,leak_binary,1,46.533,46.533,46.14,46.14,46.132,46.139,46.132,46.136,47.794,47.793,47.793,47.792,47.794,47.797,59.513,59.513,59.513,59.513,59.513,59.513,71.289,71.289,71.289,71.289
train,35,data_35.csv,persistent_leak,35_11_34,24,11,34,6600,20400,leak_binary,1,46.533,46.14,46.14,46.132,46.139,46.132,46.136,47.794,47.793,47.793,47.792,47.794,47.797,59.513,59.513,59.513,59.513,59.513,59.513,71.289,71.289,71.289,71.289,71.289
train,35,data_35.csv,persistent_leak,35_12_35,24,12,35,7200,21000,leak_binary,1,46.14,46.14,46.132,46.139,46.132,46.136,47.794,47.793,47.793,47.792,47.794,47.797,59.513,59.513,59.513,59.513,59.513,59.513,71.289,71.289,71.289,71.289,71.289,71.289
train,35,data_35.csv,persistent_leak,35_13_36,24,13,36,7800,21600,leak_binary,1,46.14,46.132,46.139,46.132,46.136,47.794,47.793,47.793,47.792,47.794,47.797,59.513,59.513,59.513,59.513,59.513,59.513,71.289,71.289,71.289,71.289,71.289,71.289,77.119
train,35,data_35.csv,persistent_leak,35_14_37,24,14,37,8400,22200,leak_binary,1,46.132,46.139,46.132,46.136,47.794,47.793,47.793,47.792,47.794,47.797,59.513,59.513,59.513,59.513,59.513,59.513,71.289,71.289,71.289,71.289,71.289,71.289,77.119,77.119
train,35,data_35.csv,persistent_leak,35_15_38,24,15,38,9000,22800,leak_binary,1,46.139,46.132,46.136,47.794,47.793,47.793,47.792,47.794,47.797,59.513,59.513,59.513,59.513,59.513,59.513,71.289,71.289,71.289,71.289,71.289,71.289,77.119,77.119,77.119
train,35,data_35.csv,persistent_leak,35_16_39,24,16,39,9600,23400,leak_binary,1,46.132,46.136,47.794,47.793,47.793,47.792,47.794,47.797,59.513,59.513,59.513,59.513,59.513,59.513,71.289,71.289,71.289,71.289,71.289,71.289,77.119,77.119,77.119,77.119
train,35,data_35.csv,persistent_leak,35_17_40,24,17,40,10200,24000,leak_binary,1,46.136,47.794,47.793,47.793,47.792,47.794,47.797,59.513,59.513,59.513,59.513,59.513,59.513,71.289,71.289,71.289,71.289,71.289,71.289,77.119,77.119,77.119,77.119,77.119
train,35,data_35.csv,persistent_leak,35_18_41,24,18,41,10800,24600,leak_binary,1,47.794,47.793,47.793,47.792,47.794,47.797,59.513,59.513,59.513,59.513,59.513,59.513,71.289,71.289,71.289,71.289,71.289,71.289,77.119,77.119,77.119,77.119,77.119,77.119
train,35,data_35.csv,persistent_leak,35_19_42,24,19,42,11400,25200,leak_binary,1,47.793,47.793,47.792,47.794,47.797,59.513,59.513,59.513,59.513,59.513,59.513,71.289,71.289,71.289,71.289,71.289,71.289,77.119,77.119,77.119,77.119,77.119,77.119,83.0
train,35,data_35.csv,persistent_leak,35_20_43,24,20,43,12000,25800,leak_binary,1,47.793,47.792,47.794,47.797,59.513,59.513,59.513,59.513,59.513,59.513,71.289,71.289,71.289,71.289,71.289,71.289,77.119,77.119,77.119,77.119,77.119,77.119,83.0,83.0
train,35,data_35.csv,persistent_leak,35_21_44,24,21,44,12600,26400,leak_binary,1,47.792,47.794,47.797,59.513,59.513,59.513,59.513,59.513,59.513,71.289,71.289,71.289,71.289,71.289,71.289,77.119,77.119,77.119,77.119,77.119,77.119,83.0,83.0,83.0
train,35,data_35.csv,persistent_leak,35_22_45,24,22,45,13200,27000,leak_binary,1,47.794,47.797,59.513,59.513,59.513,59.513,59.513,59.513,71.289,71.289,71.289,71.289,71.289,71.289,77.119,77.119,77.119,77.119,77.119,77.119,83.0,83.0,83.0,83.0
train,35,data_35.csv,persistent_leak,35_23_46,24,23,46,13800,27600,leak_binary,1,47.797,59.513,59.513,59.513,59.513,59.513,59.513,71.289,71.289,71.289,71.289,71.289,71.289,77.119,77.119,77.119,77.119,77.119,77.119,83.0,83.0,83.0,83.0,83.0
train,35,data_35.csv,persistent_leak,35_24_47,24,24,47,14400,28200,leak_binary,1,59.513,59.513,59.513,59.513,59.513,59.513,71.289,71.289,71.289,71.289,71.289,71.289,77.119,77.119,77.119,77.119,77.119,77.119,83.0,83.0,83.0,83.0,83.0,83.0
train,35,data_35.csv,persistent_leak,35_25_48,24,25,48,15000,28800,leak_binary,1,59.513,59.513,59.513,59.513,59.513,71.289,71.289,71.289,71.289,71.289,71.289,77.119,77.119,77.119,77.119,77.119,77.119,83.0,83.0,83.0,83.0,83.0,83.0,93.231
train,35,data_35.csv,persistent_leak,35_26_49,24,26,49,15600,29400,leak_binary,1,59.513,59.513,59.513,59.513,71.289,71.289,71.289,71.289,71.289,71.289,77.119,77.119,77.119,77.119,77.119,77.119,83.0,83.0,83.0,83.0,83.0,83.0,93.231,93.231
train,35,data_35.csv,persistent_leak,35_27_50,24,27,50,16200,30000,leak_binary,1,59.513,59.513,59.513,71.289,71.289,71.289,71.289,71.289,71.289,77.119,77.119,77.119,77.119,77.119,77.119,83.0,83.0,83.0,83.0,83.0,83.0,93.231,93.231,93.231
train,35,data_35.csv,persistent_leak,35_28_51,24,28,51,16800,30600,leak_binary,1,59.513,59.513,71.289,71.289,71.289,71.289,71.289,71.289,77.119,77.119,77.119,77.119,77.119,77.119,83.0,83.0,83.0,83.0,83.0,83.0,93.231,93.231,93.231,93.231
train,35,data_35.csv,persistent_leak,35_29_52,24,29,52,17400,31200,leak_binary,1,59.513,71.289,71.289,71.289,71.289,71.289,71.289,77.119,77.119,77.119,77.119,77.119,77.119,83.0,83.0,83.0,83.0,83.0,83.0,93.231,93.231,93.231,93.231,93.231
train,35,data_35.csv,persistent_leak,35_30_53,24,30,53,18000,31800,leak_binary,1,71.289,71.289,71.289,71.289,71.289,71.289,77.119,77.119,77.119,77.119,77.119,77.119,83.0,83.0,83.0,83.0,83.0,83.0,93.231,93.231,93.231,93.231,93.231,93.231
train,35,data_35.csv,persistent_leak,35_31_54,24,31,54,18600,32400,leak_binary,1,71.289,71.289,71.289,71.289,71.289,77.119,77.119,77.119,77.119,77.119,77.119,83.0,83.0,83.0,83.0,83.0,83.0,93.231,93.231,93.231,93.231,93.231,93.231,83.917
train,35,data_35.csv,persistent_leak,35_32_55,24,32,55,19200,33000,leak_binary,1,71.289,71.289,71.289,71.289,77.119,77.119,77.119,77.119,77.119,77.119,83.0,83.0,83.0,83.0,83.0,83.0,93.231,93.231,93.231,93.231,93.231,93.231,83.917,83.917
train,35,data_35.csv,persistent_leak,35_33_56,24,33,56,19800,33600,leak_binary,1,71.289,71.289,71.289,77.119,77.119,77.119,77.119,77.119,77.119,83.0,83.0,83.0,83.0,83.0,83.0,93.231,93.231,93.231,93.231,93.231,93.231,83.917,83.917,83.917
train,35,data_35.csv,persistent_leak,35_34_57,24,34,57,20400,34200,leak_binary,1,71.289,71.289,77.119,77.119,77.119,77.119,77.119,77.119,83.0,83.0,83.0,83.0,83.0,83.0,93.231,93.231,93.231,93.231,93.231,93.231,83.917,83.917,83.917,83.917
train,35,data_35.csv,persistent_leak,35_35_58,24,35,58,21000,34800,leak_binary,1,71.289,77.119,77.119,77.119,77.119,77.119,77.119,83.0,83.0,83.0,83.0,83.0,83.0,93.231,93.231,93.231,93.231,93.231,93.231,83.917,83.917,83.917,83.917,83.917
train,35,data_35.csv,persistent_leak,35_36_59,24,36,59,21600,35400,leak_binary,1,77.119,77.119,77.119,77.119,77.119,77.119,83.0,83.0,83.0,83.0,83.0,83.0,93.231,93.231,93.231,93.231,93.231,93.231,83.917,83.917,83.917,83.917,83.917,83.917
train,35,data_35.csv,persistent_leak,35_37_60,24,37,60,22200,36000,leak_binary,1,77.119,77.119,77.119,77.119,77.119,83.0,83.0,83.0,83.0,83.0,83.0,93.231,93.231,93.231,93.231,93.231,93.231,83.917,83.917,83.917,83.917,83.917,83.917,82.77
train,35,data_35.csv,persistent_leak,35_38_61,24,38,61,22800,36600,leak_binary,1,77.119,77.119,77.119,77.119,83.0,83.0,83.0,83.0,83.0,83.0,93.231,93.231,93.231,93.231,93.231,93.231,83.917,83.917,83.917,83.917,83.917,83.917,82.77,82.77
train,35,data_35.csv,persistent_leak,35_39_62,24,39,62,23400,37200,leak_binary,1,77.119,77.119,77.119,83.0,83.0,83.0,83.0,83.0,83.0,93.231,93.231,93.231,93.231,93.231,93.231,83.917,83.917,83.917,83.917,83.917,83.917,82.77,82.77,82.77
train,35,data_35.csv,persistent_leak,35_40_63,24,40,63,24000,37800,leak_binary,1,77.119,77.119,83.0,83.0,83.0,83.0,83.0,83.0,93.231,93.231,93.231,93.231,93.231,93.231,83.917,83.917,83.917,83.917,83.917,83.917,82.77,82.77,82.77,82.77
train,35,data_35.csv,persistent_leak,35_41_64,24,41,64,24600,38400,leak_binary,1,77.119,83.0,83.0,83.0,83.0,83.0,83.0,93.231,93.231,93.231,93.231,93.231,93.231,83.917,83.917,83.917,83.917,83.917,83.917,82.77,82.77,82.77,82.77,82.77
train,35,data_35.csv,persistent_leak,35_42_65,24,42,65,25200,39000,leak_binary,1,83.0,83.0,83.0,83.0,83.0,83.0,93.231,93.231,93.231,93.231,93.231,93.231,83.917,83.917,83.917,83.917,83.917,83.917,82.77,82.77,82.77,82.77,82.77,82.77
train,35,data_35.csv,persistent_leak,35_43_66,24,43,66,25800,39600,leak_binary,1,83.0,83.0,83.0,83.0,83.0,93.231,93.231,93.231,93.231,93.231,93.231,83.917,83.917,83.917,83.917,83.917,83.917,82.77,82.77,82.77,82.77,82.77,82.77,85.496
train,35,data_35.csv,persistent_leak,35_44_67,24,44,67,26400,40200,leak_binary,1,83.0,83.0,83.0,83.0,93.231,93.231,93.231,93.231,93.231,93.231,83.917,83.917,83.917,83.917,83.917,83.917,82.77,82.77,82.77,82.77,82.77,82.77,85.496,85.496
train,35,data_35.csv,persistent_leak,35_45_68,24,45,68,27000,40800,leak_binary,1,83.0,83.0,83.0,93.231,93.231,93.231,93.231,93.231,93.231,83.917,83.917,83.917,83.917,83.917,83.917,82.77,82.77,82.77,82.77,82.77,82.77,85.496,85.496,85.496
train,35,data_35.csv,persistent_leak,35_46_69,24,46,69,27600,41400,leak_binary,1,83.0,83.0,93.231,93.231,93.231,93.231,93.231,93.231,83.917,83.917,83.917,83.917,83.917,83.917,82.77,82.77,82.77,82.77,82.77,82.77,85.496,85.496,85.496,85.496
train,35,data_35.csv,persistent_leak,35_47_70,24,47,70,28200,42000,leak_binary,1,83.0,93.231,93.231,93.231,93.231,93.231,93.231,83.917,83.917,83.917,83.917,83.917,83.917,82.77,82.77,82.77,82.77,82.77,82.77,85.496,85.496,85.496,85.496,85.496
train,35,data_35.csv,persistent_leak,35_48_71,24,48,71,28800,42600,leak_binary,1,93.231,93.231,93.231,93.231,93.231,93.231,83.917,83.917,83.917,83.917,83.917,83.917,82.77,82.77,82.77,82.77,82.77,82.77,85.496,85.496,85.496,85.496,85.496,85.496
train,35,data_35.csv,persistent_leak,35_49_72,24,49,72,29400,43200,leak_binary,1,93.231,93.231,93.231,93.231,93.231,83.917,83.917,83.917,83.917,83.917,83.917,82.77,82.77,82.77,82.77,82.77,82.77,85.496,85.496,85.496,85.496,85.496,85.496,97.804
train,35,data_35.csv,persistent_leak,35_50_73,24,50,73,30000,43800,leak_binary,1,93.231,93.231,93.231,93.231,83.917,83.917,83.917,83.917,83.917,83.917,82.77,82.77,82.77,82.77,82.77,82.77,85.496,85.496,85.496,85.496,85.496,85.496,97.804,97.804
train,35,data_35.csv,persistent_leak,35_51_74,24,51,74,30600,44400,leak_binary,1,93.231,93.231,93.231,83.917,83.917,83.917,83.917,83.917,83.917,82.77,82.77,82.77,82.77,82.77,82.77,85.496,85.496,85.496,85.496,85.496,85.496,97.804,97.804,97.804
train,35,data_35.csv,persistent_leak,35_52_75,24,52,75,31200,45000,leak_binary,1,93.231,93.231,83.917,83.917,83.917,83.917,83.917,83.917,82.77,82.77,82.77,82.77,82.77,82.77,85.496,85.496,85.496,85.496,85.496,85.496,97.804,97.804,97.804,97.804
train,35,data_35.csv,persistent_leak,35_53_76,24,53,76,31800,45600,leak_binary,1,93.231,83.917,83.917,83.917,83.917,83.917,83.917,82.77,82.77,82.77,82.77,82.77,82.77,85.496,85.496,85.496,85.496,85.496,85.496,97.804,97.804,97.804,97.804,97.804
train,35,data_35.csv,persistent_leak,35_54_77,24,54,77,32400,46200,leak_binary,1,83.917,83.917,83.917,83.917,83.917,83.917,82.77,82.77,82.77,82.77,82.77,82.77,85.496,85.496,85.496,85.496,85.496,85.496,97.804,97.804,97.804,97.804,97.804,97.804
train,35,data_35.csv,persistent_leak,35_55_78,24,55,78,33000,46800,leak_binary,1,83.917,83.917,83.917,83.917,83.917,82.77,82.77,82.77,82.77,82.77,82.77,85.496,85.496,85.496,85.496,85.496,85.496,97.804,97.804,97.804,97.804,97.804,97.804,105.4
train,35,data_35.csv,persistent_leak,35_56_79,24,56,79,33600,47400,leak_binary,1,83.917,83.917,83.917,83.917,82.77,82.77,82.77,82.77,82.77,82.77,85.496,85.496,85.496,85.496,85.496,85.496,97.804,97.804,97.804,97.804,97.804,97.804,105.4,105.4
train,35,data_35.csv,persistent_leak,35_57_80,24,57,80,34200,48000,leak_binary,1,83.917,83.917,83.917,82.77,82.77,82.77,82.77,82.77,82.77,85.496,85.496,85.496,85.496,85.496,85.496,97.804,97.804,97.804,97.804,97.804,97.804,105.4,105.4,105.4
train,35,data_35.csv,persistent_leak,35_58_81,24,58,81,34800,48600,leak_binary,1,83.917,83.917,82.77,82.77,82.77,82.77,82.77,82.77,85.496,85.496,85.496,85.496,85.496,85.496,97.804,97.804,97.804,97.804,97.804,97.804,105.4,105.4,105.4,105.4
train,35,data_35.csv,persistent_leak,35_59_82,24,59,82,35400,49200,leak_binary,1,83.917,82.77,82.77,82.77,82.77,82.77,82.77,85.496,85.496,85.496,85.496,85.496,85.496,97.804,97.804,97.804,97.804,97.804,97.804,105.4,105.4,105.4,105.4,105.4
train,35,data_35.csv,persistent_leak,35_60_83,24,60,83,36000,49800,leak_binary,1,82.77,82.77,82.77,82.77,82.77,82.77,85.496,85.496,85.496,85.496,85.496,85.496,97.804,97.804,97.804,97.804,97.804,97.804,105.4,105.4,105.4,105.4,105.4,105.4
train,35,data_35.csv,persistent_leak,35_61_84,24,61,84,36600,50400,leak_binary,1,82.77,82.77,82.77,82.77,82.77,85.496,85.496,85.496,85.496,85.496,85.496,97.804,97.804,97.804,97.804,97.804,97.804,105.4,105.4,105.4,105.4,105.4,105.4,112.0
train,35,data_35.csv,persistent_leak,35_62_85,24,62,85,37200,51000,leak_binary,1,82.77,82.77,82.77,82.77,85.496,85.496,85.496,85.496,85.496,85.496,97.804,97.804,97.804,97.804,97.804,97.804,105.4,105.4,105.4,105.4,105.4,105.4,112.0,112.0
train,35,data_35.csv,persistent_leak,35_63_86,24,63,86,37800,51600,leak_binary,1,82.77,82.77,82.77,85.496,85.496,85.496,85.496,85.496,85.496,97.804,97.804,97.804,97.804,97.804,97.804,105.4,105.4,105.4,105.4,105.4,105.4,112.0,112.0,112.0
train,35,data_35.csv,persistent_leak,35_64_87,24,64,87,38400,52200,leak_binary,1,82.77,82.77,85.496,85.496,85.496,85.496,85.496,85.496,97.804,97.804,97.804,97.804,97.804,97.804,105.4,105.4,105.4,105.4,105.4,105.4,112.0,112.0,112.0,112.0
train,35,data_35.csv,persistent_leak,35_65_88,24,65,88,39000,52800,leak_binary,1,82.77,85.496,85.496,85.496,85.496,85.496,85.496,97.804,97.804,97.804,97.804,97.804,97.804,105.4,105.4,105.4,105.4,105.4,105.4,112.0,112.0,112.0,112.0,112.0
train,35,data_35.csv,persistent_leak,35_66_89,24,66,89,39600,53400,leak_binary,1,85.496,85.496,85.496,85.496,85.496,85.496,97.804,97.804,97.804,97.804,97.804,97.804,105.4,105.4,105.4,105.4,105.4,105.4,112.0,112.0,112.0,112.0,112.0,112.0
train,35,data_35.csv,persistent_leak,35_67_90,24,67,90,40200,54000,leak_binary,1,85.496,85.496,85.496,85.496,85.496,97.804,97.804,97.804,97.804,97.804,97.804,105.4,105.4,105.4,105.4,105.4,105.4,112.0,112.0,112.0,112.0,112.0,112.0,114.75
train,35,data_35.csv,persistent_leak,35_68_91,24,68,91,40800,54600,leak_binary,1,85.496,85.496,85.496,85.496,97.804,97.804,97.804,97.804,97.804,97.804,105.4,105.4,105.4,105.4,105.4,105.4,112.0,112.0,112.0,112.0,112.0,112.0,114.75,114.75
train,35,data_35.csv,persistent_leak,35_69_92,24,69,92,41400,55200,leak_binary,1,85.496,85.496,85.496,97.804,97.804,97.804,97.804,97.804,97.804,105.4,105.4,105.4,105.4,105.4,105.4,112.0,112.0,112.0,112.0,112.0,112.0,114.75,114.75,114.75
train,35,data_35.csv,persistent_leak,35_70_93,24,70,93,42000,55800,leak_binary,1,85.496,85.496,97.804,97.804,97.804,97.804,97.804,97.804,105.4,105.4,105.4,105.4,105.4,105.4,112.0,112.0,112.0,112.0,112.0,112.0,114.75,114.75,114.75,114.75
train,35,data_35.csv,persistent_leak,35_71_94,24,71,94,42600,56400,leak_binary,1,85.496,97.804,97.804,97.804,97.804,97.804,97.804,105.4,105.4,105.4,105.4,105.4,105.4,112.0,112.0,112.0,112.0,112.0,112.0,114.75,114.75,114.75,114.75,114.75
train,35,data_35.csv,persistent_leak,35_72_95,24,72,95,43200,57000,leak_binary,1,97.804,97.804,97.804,97.804,97.804,97.804,105.4,105.4,105.4,105.4,105.4,105.4,112.0,112.0,112.0,112.0,112.0,112.0,114.75,114.75,114.75,114.75,114.75,114.75
train,35,data_35.csv,persistent_leak,35_73_96,24,73,96,43800,57600,leak_binary,1,97.804,97.804,97.804,97.804,97.804,105.4,105.4,105.4,105.4,105.4,105.4,112.0,112.0,112.0,112.0,112.0,112.0,114.75,114.75,114.75,114.75,114.75,114.75,115.5
train,35,data_35.csv,persistent_leak,35_74_97,24,74,97,44400,58200,leak_binary,1,97.804,97.804,97.804,97.804,105.4,105.4,105.4,105.4,105.4,105.4,112.0,112.0,112.0,112.0,112.0,112.0,114.75,114.75,114.75,114.75,114.75,114.75,115.5,115.5
train,35,data_35.csv,persistent_leak,35_75_98,24,75,98,45000,58800,leak_binary,1,97.804,97.804,97.804,105.4,105.4,105.4,105.4,105.4,105.4,112.0,112.0,112.0,112.0,112.0,112.0,114.75,114.75,114.75,114.75,114.75,114.75,115.5,115.5,115.5
train,35,data_35.csv,persistent_leak,35_76_99,24,76,99,45600,59400,leak_binary,1,97.804,97.804,105.4,105.4,105.4,105.4,105.4,105.4,112.0,112.0,112.0,112.0,112.0,112.0,114.75,114.75,114.75,114.75,114.75,114.75,115.5,115.5,115.5,115.5
train,35,data_35.csv,persistent_leak,35_77_100,24,77,100,46200,60000,leak_binary,1,97.804,105.4,105.4,105.4,105.4,105.4,105.4,112.0,112.0,112.0,112.0,112.0,112.0,114.75,114.75,114.75,114.75,114.75,114.75,115.5,115.5,115.5,115.5,115.5
train,35,data_35.csv,persistent_leak,35_78_101,24,78,101,46800,60600,leak_binary,1,105.4,105.4,105.4,105.4,105.4,105.4,112.0,112.0,112.0,112.0,112.0,112.0,114.75,114.75,114.75,114.75,114.75,114.75,115.5,115.5,115.5,115.5,115.5,115.5
train,35,data_35.csv,persistent_leak,35_79_102,24,79,102,47400,61200,leak_binary,1,105.4,105.4,105.4,105.4,105.4,112.0,112.0,112.0,112.0,112.0,112.0,114.75,114.75,114.75,114.75,114.75,114.75,115.5,115.5,115.5,115.5,115.5,115.5,124.75
train,35,data_35.csv,persistent_leak,35_80_103,24,80,103,48000,61800,leak_binary,1,105.4,105.4,105.4,105.4,112.0,112.0,112.0,112.0,112.0,112.0,114.75,114.75,114.75,114.75,114.75,114.75,115.5,115.5,115.5,115.5,115.5,115.5,124.75,124.75
train,35,data_35.csv,persistent_leak,35_81_104,24,81,104,48600,62400,leak_binary,1,105.4,105.4,105.4,112.0,112.0,112.0,112.0,112.0,112.0,114.75,114.75,114.75,114.75,114.75,114.75,115.5,115.5,115.5,115.5,115.5,115.5,124.75,124.75,124.75
train,35,data_35.csv,persistent_leak,35_82_105,24,82,105,49200,63000,leak_binary,1,105.4,105.4,112.0,112.0,112.0,112.0,112.0,112.0,114.75,114.75,114.75,114.75,114.75,114.75,115.5,115.5,115.5,115.5,115.5,115.5,124.75,124.75,124.75,124.75
train,35,data_35.csv,persistent_leak,35_83_106,24,83,106,49800,63600,leak_binary,1,105.4,112.0,112.0,112.0,112.0,112.0,112.0,114.75,114.75,114.75,114.75,114.75,114.75,115.5,115.5,115.5,115.5,115.5,115.5,124.75,124.75,124.75,124.75,124.75
train,35,data_35.csv,persistent_leak,35_84_107,24,84,107,50400,64200,leak_binary,1,112.0,112.0,112.0,112.0,112.0,112.0,114.75,114.75,114.75,114.75,114.75,114.75,115.5,115.5,115.5,115.5,115.5,115.5,124.75,124.75,124.75,124.75,124.75,124.75
train,35,data_35.csv,persistent_leak,35_85_108,24,85,108,51000,64800,leak_binary,1,112.0,112.0,112.0,112.0,112.0,114.75,114.75,114.75,114.75,114.75,114.75,115.5,115.5,115.5,115.5,115.5,115.5,124.75,124.75,124.75,124.75,124.75,124.75,126.0
train,35,data_35.csv,persistent_leak,35_86_109,24,86,109,51600,65400,leak_binary,1,112.0,112.0,112.0,112.0,114.75,114.75,114.75,114.75,114.75,114.75,115.5,115.5,115.5,115.5,115.5,115.5,124.75,124.75,124.75,124.75,124.75,124.75,126.0,126.0
train,35,data_35.csv,persistent_leak,35_87_110,24,87,110,52200,66000,leak_binary,1,112.0,112.0,112.0,114.75,114.75,114.75,114.75,114.75,114.75,115.5,115.5,115.5,115.5,115.5,115.5,124.75,124.75,124.75,124.75,124.75,124.75,126.0,126.0,126.0
train,35,data_35.csv,persistent_leak,35_88_111,24,88,111,52800,66600,leak_binary,1,112.0,112.0,114.75,114.75,114.75,114.75,114.75,114.75,115.5,115.5,115.5,115.5,115.5,115.5,124.75,124.75,124.75,124.75,124.75,124.75,126.0,126.0,126.0,126.0
train,35,data_35.csv,persistent_leak,35_89_112,24,89,112,53400,67200,leak_binary,1,112.0,114.75,114.75,114.75,114.75,114.75,114.75,115.5,115.5,115.5,115.5,115.5,115.5,124.75,124.75,124.75,124.75,124.75,124.75,126.0,126.0,126.0,126.0,126.0
train,35,data_35.csv,persistent_leak,35_90_113,24,90,113,54000,67800,leak_binary,1,114.75,114.75,114.75,114.75,114.75,114.75,115.5,115.5,115.5,115.5,115.5,115.5,124.75,124.75,124.75,124.75,124.75,124.75,126.0,126.0,126.0,126.0,126.0,126.0
train,35,data_35.csv,persistent_leak,35_91_114,24,91,114,54600,68400,leak_binary,1,114.75,114.75,114.75,114.75,114.75,115.5,115.5,115.5,115.5,115.5,115.5,124.75,124.75,124.75,124.75,124.75,124.75,126.0,126.0,126.0,126.0,126.0,126.0,120.02
train,35,data_35.csv,persistent_leak,35_92_115,24,92,115,55200,69000,leak_binary,1,114.75,114.75,114.75,114.75,115.5,115.5,115.5,115.5,115.5,115.5,124.75,124.75,124.75,124.75,124.75,124.75,126.0,126.0,126.0,126.0,126.0,126.0,120.02,120.02
train,35,data_35.csv,persistent_leak,35_93_116,24,93,116,55800,69600,leak_binary,1,114.75,114.75,114.75,115.5,115.5,115.5,115.5,115.5,115.5,124.75,124.75,124.75,124.75,124.75,124.75,126.0,126.0,126.0,126.0,126.0,126.0,120.02,120.02,120.02
train,35,data_35.csv,persistent_leak,35_94_117,24,94,117,56400,70200,leak_binary,1,114.75,114.75,115.5,115.5,115.5,115.5,115.5,115.5,124.75,124.75,124.75,124.75,124.75,124.75,126.0,126.0,126.0,126.0,126.0,126.0,120.02,120.02,120.02,120.02
train,35,data_35.csv,persistent_leak,35_95_118,24,95,118,57000,70800,leak_binary,1,114.75,115.5,115.5,115.5,115.5,115.5,115.5,124.75,124.75,124.75,124.75,124.75,124.75,126.0,126.0,126.0,126.0,126.0,126.0,120.02,120.02,120.02,120.02,120.02
train,35,data_35.csv,persistent_leak,35_96_119,24,96,119,57600,71400,leak_binary,1,115.5,115.5,115.5,115.5,115.5,115.5,124.75,124.75,124.75,124.75,124.75,124.75,126.0,126.0,126.0,126.0,126.0,126.0,120.02,120.02,120.02,120.02,120.02,120.02
train,35,data_35.csv,persistent_leak,35_97_120,24,97,120,58200,72000,leak_binary,1,115.5,115.5,115.5,115.5,115.5,124.75,124.75,124.75,124.75,124.75,124.75,126.0,126.0,126.0,126.0,126.0,126.0,120.02,120.02,120.02,120.02,120.02,120.02,104.0
train,35,data_35.csv,persistent_leak,35_98_121,24,98,121,58800,72600,leak_binary,1,115.5,115.5,115.5,115.5,124.75,124.75,124.75,124.75,124.75,124.75,126.0,126.0,126.0,126.0,126.0,126.0,120.02,120.02,120.02,120.02,120.02,120.02,104.0,104.0
train,35,data_35.csv,persistent_leak,35_99_122,24,99,122,59400,73200,leak_binary,1,115.5,115.5,115.5,124.75,124.75,124.75,124.75,124.75,124.75,126.0,126.0,126.0,126.0,126.0,126.0,120.02,120.02,120.02,120.02,120.02,120.02,104.0,104.0,104.0
train,35,data_35.csv,persistent_leak,35_100_123,24,100,123,60000,73800,leak_binary,1,115.5,115.5,124.75,124.75,124.75,124.75,124.75,124.75,126.0,126.0,126.0,126.0,126.0,126.0,120.02,120.02,120.02,120.02,120.02,120.02,104.0,104.0,104.0,104.0
train,35,data_35.csv,persistent_leak,35_101_124,24,101,124,60600,74400,leak_binary,1,115.5,124.75,124.75,124.75,124.75,124.75,124.75,126.0,126.0,126.0,126.0,126.0,126.0,120.02,120.02,120.02,120.02,120.02,120.02,104.0,104.0,104.0,104.0,104.0
train,35,data_35.csv,persistent_leak,35_102_125,24,102,125,61200,75000,leak_binary,1,124.75,124.75,124.75,124.75,124.75,124.75,126.0,126.0,126.0,126.0,126.0,126.0,120.02,120.02,120.02,120.02,120.02,120.02,104.0,104.0,104.0,104.0,104.0,104.0
train,35,data_35.csv,persistent_leak,35_103_126,24,103,126,61800,75600,leak_binary,1,124.75,124.75,124.75,124.75,124.75,126.0,126.0,126.0,126.0,126.0,126.0,120.02,120.02,120.02,120.02,120.02,120.02,104.0,104.0,104.0,104.0,104.0,104.0,78.827
train,35,data_35.csv,persistent_leak,35_104_127,24,104,127,62400,76200,leak_binary,1,124.75,124.75,124.75,124.75,126.0,126.0,126.0,126.0,126.0,126.0,120.02,120.02,120.02,120.02,120.02,120.02,104.0,104.0,104.0,104.0,104.0,104.0,78.827,78.827
train,35,data_35.csv,persistent_leak,35_105_128,24,105,128,63000,76800,leak_binary,1,124.75,124.75,124.75,126.0,126.0,126.0,126.0,126.0,126.0,120.02,120.02,120.02,120.02,120.02,120.02,104.0,104.0,104.0,104.0,104.0,104.0,78.827,78.827,78.827
train,35,data_35.csv,persistent_leak,35_106_129,24,106,129,63600,77400,leak_binary,1,124.75,124.75,126.0,126.0,126.0,126.0,126.0,126.0,120.02,120.02,120.02,120.02,120.02,120.02,104.0,104.0,104.0,104.0,104.0,104.0,78.827,78.827,78.827,78.827
train,35,data_35.csv,persistent_leak,35_107_130,24,107,130,64200,78000,leak_binary,1,124.75,126.0,126.0,126.0,126.0,126.0,126.0,120.02,120.02,120.02,120.02,120.02,120.02,104.0,104.0,104.0,104.0,104.0,104.0,78.827,78.827,78.827,78.827,78.827
train,35,data_35.csv,persistent_leak,35_108_131,24,108,131,64800,78600,leak_binary,1,126.0,126.0,126.0,126.0,126.0,126.0,120.02,120.02,120.02,120.02,120.02,120.02,104.0,104.0,104.0,104.0,104.0,104.0,78.827,78.827,78.827,78.827,78.827,78.827
train,35,data_35.csv,persistent_leak,35_109_132,24,109,132,65400,79200,leak_binary,1,126.0,126.0,126.0,126.0,126.0,120.02,120.02,120.02,120.02,120.02,120.02,104.0,104.0,104.0,104.0,104.0,104.0,78.827,78.827,78.827,78.827,78.827,78.827,61.714
train,35,data_35.csv,persistent_leak,35_110_133,24,110,133,66000,79800,leak_binary,1,126.0,126.0,126.0,126.0,120.02,120.02,120.02,120.02,120.02,120.02,104.0,104.0,104.0,104.0,104.0,104.0,78.827,78.827,78.827,78.827,78.827,78.827,61.714,61.714
train,35,data_35.csv,persistent_leak,35_111_134,24,111,134,66600,80400,leak_binary,1,126.0,126.0,126.0,120.02,120.02,120.02,120.02,120.02,120.02,104.0,104.0,104.0,104.0,104.0,104.0,78.827,78.827,78.827,78.827,78.827,78.827,61.714,61.714,61.714
train,35,data_35.csv,persistent_leak,35_112_135,24,112,135,67200,81000,leak_binary,1,126.0,126.0,120.02,120.02,120.02,120.02,120.02,120.02,104.0,104.0,104.0,104.0,104.0,104.0,78.827,78.827,78.827,78.827,78.827,78.827,61.714,61.714,61.714,61.714
train,35,data_35.csv,persistent_leak,35_113_136,24,113,136,67800,81600,leak_binary,1,126.0,120.02,120.02,120.02,120.02,120.02,120.02,104.0,104.0,104.0,104.0,104.0,104.0,78.827,78.827,78.827,78.827,78.827,78.827,61.714,61.714,61.714,61.714,61.714
train,35,data_35.csv,persistent_leak,35_114_137,24,114,137,68400,82200,leak_binary,1,120.02,120.02,120.02,120.02,120.02,120.02,104.0,104.0,104.0,104.0,104.0,104.0,78.827,78.827,78.827,78.827,78.827,78.827,61.714,61.714,61.714,61.714,61.714,61.714
train,35,data_35.csv,persistent_leak,35_115_138,24,115,138,69000,82800,leak_binary,1,120.02,120.02,120.02,120.02,120.02,104.0,104.0,104.0,104.0,104.0,104.0,78.827,78.827,78.827,78.827,78.827,78.827,61.714,61.714,61.714,61.714,61.714,61.714,49.0
train,35,data_35.csv,persistent_leak,35_116_139,24,116,139,69600,83400,leak_binary,1,120.02,120.02,120.02,120.02,104.0,104.0,104.0,104.0,104.0,104.0,78.827,78.827,78.827,78.827,78.827,78.827,61.714,61.714,61.714,61.714,61.714,61.714,49.0,49.0
train,35,data_35.csv,persistent_leak,35_117_140,24,117,140,70200,84000,leak_binary,1,120.02,120.02,120.02,104.0,104.0,104.0,104.0,104.0,104.0,78.827,78.827,78.827,78.827,78.827,78.827,61.714,61.714,61.714,61.714,61.714,61.714,49.0,49.0,49.0
train,35,data_35.csv,persistent_leak,35_118_141,24,118,141,70800,84600,leak_binary,1,120.02,120.02,104.0,104.0,104.0,104.0,104.0,104.0,78.827,78.827,78.827,78.827,78.827,78.827,61.714,61.714,61.714,61.714,61.714,61.714,49.0,49.0,49.0,49.0
train,35,data_35.csv,persistent_leak,35_119_142,24,119,142,71400,85200,leak_binary,1,120.02,104.0,104.0,104.0,104.0,104.0,104.0,78.827,78.827,78.827,78.827,78.827,78.827,61.714,61.714,61.714,61.714,61.714,61.714,49.0,49.0,49.0,49.0,49.0
train,35,data_35.csv,persistent_leak,35_120_143,24,120,143,72000,85800,leak_binary,1,104.0,104.0,104.0,104.0,104.0,104.0,78.827,78.827,78.827,78.827,78.827,78.827,61.714,61.714,61.714,61.714,61.714,61.714,49.0,49.0,49.0,49.0,49.0,49.0
train,35,data_35.csv,persistent_leak,35_121_144,24,121,144,72600,86400,leak_binary,1,104.0,104.0,104.0,104.0,104.0,78.827,78.827,78.827,78.827,78.827,78.827,61.714,61.714,61.714,61.714,61.714,61.714,49.0,49.0,49.0,49.0,49.0,49.0,45.0
train,36,data_36.csv,onset_leak,36_0_23,24,0,23,0,13800,leak_binary,0,17.5,17.5,17.5,17.5,17.5,17.5,10.399,10.399,10.399,10.399,10.399,10.399,9.4375,9.4375,9.4375,9.4375,9.4375,9.4375,8.758,8.758,8.758,8.758,8.758,8.758
train,36,data_36.csv,onset_leak,36_1_24,24,1,24,600,14400,leak_binary,0,17.5,17.5,17.5,17.5,17.5,10.399,10.399,10.399,10.399,10.399,10.399,9.4375,9.4375,9.4375,9.4375,9.4375,9.4375,8.758,8.758,8.758,8.758,8.758,8.758,14.5
train,36,data_36.csv,onset_leak,36_2_25,24,2,25,1200,15000,leak_binary,0,17.5,17.5,17.5,17.5,10.399,10.399,10.399,10.399,10.399,10.399,9.4375,9.4375,9.4375,9.4375,9.4375,9.4375,8.758,8.758,8.758,8.758,8.758,8.758,14.5,14.5
train,36,data_36.csv,onset_leak,36_3_26,24,3,26,1800,15600,leak_binary,0,17.5,17.5,17.5,10.399,10.399,10.399,10.399,10.399,10.399,9.4375,9.4375,9.4375,9.4375,9.4375,9.4375,8.758,8.758,8.758,8.758,8.758,8.758,14.5,14.5,14.5
train,36,data_36.csv,onset_leak,36_4_27,24,4,27,2400,16200,leak_binary,0,17.5,17.5,10.399,10.399,10.399,10.399,10.399,10.399,9.4375,9.4375,9.4375,9.4375,9.4375,9.4375,8.758,8.758,8.758,8.758,8.758,8.758,14.5,14.5,14.5,14.5
train,36,data_36.csv,onset_leak,36_5_28,24,5,28,3000,16800,leak_binary,0,17.5,10.399,10.399,10.399,10.399,10.399,10.399,9.4375,9.4375,9.4375,9.4375,9.4375,9.4375,8.758,8.758,8.758,8.758,8.758,8.758,14.5,14.5,14.5,14.5,14.5
train,36,data_36.csv,onset_leak,36_6_29,24,6,29,3600,17400,leak_binary,0,10.399,10.399,10.399,10.399,10.399,10.399,9.4375,9.4375,9.4375,9.4375,9.4375,9.4375,8.758,8.758,8.758,8.758,8.758,8.758,14.5,14.5,14.5,14.5,14.5,14.5
train,36,data_36.csv,onset_leak,36_7_30,24,7,30,4200,18000,leak_binary,0,10.399,10.399,10.399,10.399,10.399,9.4375,9.4375,9.4375,9.4375,9.4375,9.4375,8.758,8.758,8.758,8.758,8.758,8.758,14.5,14.5,14.5,14.5,14.5,14.5,20.5
train,36,data_36.csv,onset_leak,36_8_31,24,8,31,4800,18600,leak_binary,0,10.399,10.399,10.399,10.399,9.4375,9.4375,9.4375,9.4375,9.4375,9.4375,8.758,8.758,8.758,8.758,8.758,8.758,14.5,14.5,14.5,14.5,14.5,14.5,20.5,20.5
train,36,data_36.csv,onset_leak,36_9_32,24,9,32,5400,19200,leak_binary,0,10.399,10.399,10.399,9.4375,9.4375,9.4375,9.4375,9.4375,9.4375,8.758,8.758,8.758,8.758,8.758,8.758,14.5,14.5,14.5,14.5,14.5,14.5,20.5,20.5,20.5
train,36,data_36.csv,onset_leak,36_10_33,24,10,33,6000,19800,leak_binary,0,10.399,10.399,9.4375,9.4375,9.4375,9.4375,9.4375,9.4375,8.758,8.758,8.758,8.758,8.758,8.758,14.5,14.5,14.5,14.5,14.5,14.5,20.5,20.5,20.5,20.5
train,36,data_36.csv,onset_leak,36_11_34,24,11,34,6600,20400,leak_binary,0,10.399,9.4375,9.4375,9.4375,9.4375,9.4375,9.4375,8.758,8.758,8.758,8.758,8.758,8.758,14.5,14.5,14.5,14.5,14.5,14.5,20.5,20.5,20.5,20.5,20.5
train,36,data_36.csv,onset_leak,36_12_35,24,12,35,7200,21000,leak_binary,0,9.4375,9.4375,9.4375,9.4375,9.4375,9.4375,8.758,8.758,8.758,8.758,8.758,8.758,14.5,14.5,14.5,14.5,14.5,14.5,20.5,20.5,20.5,20.5,20.5,20.5
train,36,data_36.csv,onset_leak,36_13_36,24,13,36,7800,21600,leak_binary,0,9.4375,9.4375,9.4375,9.4375,9.4375,8.758,8.758,8.758,8.758,8.758,8.758,14.5,14.5,14.5,14.5,14.5,14.5,20.5,20.5,20.5,20.5,20.5,20.5,24.5
train,36,data_36.csv,onset_leak,36_14_37,24,14,37,8400,22200,leak_binary,0,9.4375,9.4375,9.4375,9.4375,8.758,8.758,8.758,8.758,8.758,8.758,14.5,14.5,14.5,14.5,14.5,14.5,20.5,20.5,20.5,20.5,20.5,20.5,24.5,24.5
train,36,data_36.csv,onset_leak,36_15_38,24,15,38,9000,22800,leak_binary,0,9.4375,9.4375,9.4375,8.758,8.758,8.758,8.758,8.758,8.758,14.5,14.5,14.5,14.5,14.5,14.5,20.5,20.5,20.5,20.5,20.5,20.5,24.5,24.5,24.5
train,36,data_36.csv,onset_leak,36_16_39,24,16,39,9600,23400,leak_binary,0,9.4375,9.4375,8.758,8.758,8.758,8.758,8.758,8.758,14.5,14.5,14.5,14.5,14.5,14.5,20.5,20.5,20.5,20.5,20.5,20.5,24.5,24.5,24.5,24.5
train,36,data_36.csv,onset_leak,36_17_40,24,17,40,10200,24000,leak_binary,0,9.4375,8.758,8.758,8.758,8.758,8.758,8.758,14.5,14.5,14.5,14.5,14.5,14.5,20.5,20.5,20.5,20.5,20.5,20.5,24.5,24.5,24.5,24.5,24.5
train,36,data_36.csv,onset_leak,36_18_41,24,18,41,10800,24600,leak_binary,0,8.758,8.758,8.758,8.758,8.758,8.758,14.5,14.5,14.5,14.5,14.5,14.5,20.5,20.5,20.5,20.5,20.5,20.5,24.5,24.5,24.5,24.5,24.5,24.5
train,36,data_36.csv,onset_leak,36_19_42,24,19,42,11400,25200,leak_binary,0,8.758,8.758,8.758,8.758,8.758,14.5,14.5,14.5,14.5,14.5,14.5,20.5,20.5,20.5,20.5,20.5,20.5,24.5,24.5,24.5,24.5,24.5,24.5,34.5
train,36,data_36.csv,onset_leak,36_20_43,24,20,43,12000,25800,leak_binary,0,8.758,8.758,8.758,8.758,14.5,14.5,14.5,14.5,14.5,14.5,20.5,20.5,20.5,20.5,20.5,20.5,24.5,24.5,24.5,24.5,24.5,24.5,34.5,34.5
train,36,data_36.csv,onset_leak,36_21_44,24,21,44,12600,26400,leak_binary,0,8.758,8.758,8.758,14.5,14.5,14.5,14.5,14.5,14.5,20.5,20.5,20.5,20.5,20.5,20.5,24.5,24.5,24.5,24.5,24.5,24.5,34.5,34.5,34.5
train,36,data_36.csv,onset_leak,36_22_45,24,22,45,13200,27000,leak_binary,0,8.758,8.758,14.5,14.5,14.5,14.5,14.5,14.5,20.5,20.5,20.5,20.5,20.5,20.5,24.5,24.5,24.5,24.5,24.5,24.5,34.5,34.5,34.5,34.5
train,36,data_36.csv,onset_leak,36_23_46,24,23,46,13800,27600,leak_binary,0,8.758,14.5,14.5,14.5,14.5,14.5,14.5,20.5,20.5,20.5,20.5,20.5,20.5,24.5,24.5,24.5,24.5,24.5,24.5,34.5,34.5,34.5,34.5,34.5
train,36,data_36.csv,onset_leak,36_24_47,24,24,47,14400,28200,leak_binary,0,14.5,14.5,14.5,14.5,14.5,14.5,20.5,20.5,20.5,20.5,20.5,20.5,24.5,24.5,24.5,24.5,24.5,24.5,34.5,34.5,34.5,34.5,34.5,34.5
train,36,data_36.csv,onset_leak,36_25_48,24,25,48,15000,28800,leak_binary,0,14.5,14.5,14.5,14.5,14.5,20.5,20.5,20.5,20.5,20.5,20.5,24.5,24.5,24.5,24.5,24.5,24.5,34.5,34.5,34.5,34.5,34.5,34.5,44.5
train,36,data_36.csv,onset_leak,36_26_49,24,26,49,15600,29400,leak_binary,0,14.5,14.5,14.5,14.5,20.5,20.5,20.5,20.5,20.5,20.5,24.5,24.5,24.5,24.5,24.5,24.5,34.5,34.5,34.5,34.5,34.5,34.5,44.5,44.5
train,36,data_36.csv,onset_leak,36_27_50,24,27,50,16200,30000,leak_binary,0,14.5,14.5,14.5,20.5,20.5,20.5,20.5,20.5,20.5,24.5,24.5,24.5,24.5,24.5,24.5,34.5,34.5,34.5,34.5,34.5,34.5,44.5,44.5,44.5
train,36,data_36.csv,onset_leak,36_28_51,24,28,51,16800,30600,leak_binary,0,14.5,14.5,20.5,20.5,20.5,20.5,20.5,20.5,24.5,24.5,24.5,24.5,24.5,24.5,34.5,34.5,34.5,34.5,34.5,34.5,44.5,44.5,44.5,44.5
train,36,data_36.csv,onset_leak,36_29_52,24,29,52,17400,31200,leak_binary,0,14.5,20.5,20.5,20.5,20.5,20.5,20.5,24.5,24.5,24.5,24.5,24.5,24.5,34.5,34.5,34.5,34.5,34.5,34.5,44.5,44.5,44.5,44.5,44.5
train,36,data_36.csv,onset_leak,36_30_53,24,30,53,18000,31800,leak_binary,0,20.5,20.5,20.5,20.5,20.5,20.5,24.5,24.5,24.5,24.5,24.5,24.5,34.5,34.5,34.5,34.5,34.5,34.5,44.5,44.5,44.5,44.5,44.5,44.5
train,36,data_36.csv,onset_leak,36_31_54,24,31,54,18600,32400,leak_binary,0,20.5,20.5,20.5,20.5,20.5,24.5,24.5,24.5,24.5,24.5,24.5,34.5,34.5,34.5,34.5,34.5,34.5,44.5,44.5,44.5,44.5,44.5,44.5,47.111
train,36,data_36.csv,onset_leak,36_32_55,24,32,55,19200,33000,leak_binary,0,20.5,20.5,20.5,20.5,24.5,24.5,24.5,24.5,24.5,24.5,34.5,34.5,34.5,34.5,34.5,34.5,44.5,44.5,44.5,44.5,44.5,44.5,47.111,47.111
train,36,data_36.csv,onset_leak,36_33_56,24,33,56,19800,33600,leak_binary,0,20.5,20.5,20.5,24.5,24.5,24.5,24.5,24.5,24.5,34.5,34.5,34.5,34.5,34.5,34.5,44.5,44.5,44.5,44.5,44.5,44.5,47.111,47.111,47.111
train,36,data_36.csv,onset_leak,36_34_57,24,34,57,20400,34200,leak_binary,0,20.5,20.5,24.5,24.5,24.5,24.5,24.5,24.5,34.5,34.5,34.5,34.5,34.5,34.5,44.5,44.5,44.5,44.5,44.5,44.5,47.111,47.111,47.111,47.111
train,36,data_36.csv,onset_leak,36_35_58,24,35,58,21000,34800,leak_binary,0,20.5,24.5,24.5,24.5,24.5,24.5,24.5,34.5,34.5,34.5,34.5,34.5,34.5,44.5,44.5,44.5,44.5,44.5,44.5,47.111,47.111,47.111,47.111,47.111
train,36,data_36.csv,onset_leak,36_36_59,24,36,59,21600,35400,leak_binary,0,24.5,24.5,24.5,24.5,24.5,24.5,34.5,34.5,34.5,34.5,34.5,34.5,44.5,44.5,44.5,44.5,44.5,44.5,47.111,47.111,47.111,47.111,47.111,47.111
train,36,data_36.csv,onset_leak,36_37_60,24,37,60,22200,36000,leak_binary,0,24.5,24.5,24.5,24.5,24.5,34.5,34.5,34.5,34.5,34.5,34.5,44.5,44.5,44.5,44.5,44.5,44.5,47.111,47.111,47.111,47.111,47.111,47.111,55.389
train,36,data_36.csv,onset_leak,36_38_61,24,38,61,22800,36600,leak_binary,0,24.5,24.5,24.5,24.5,34.5,34.5,34.5,34.5,34.5,34.5,44.5,44.5,44.5,44.5,44.5,44.5,47.111,47.111,47.111,47.111,47.111,47.111,55.389,55.389
train,36,data_36.csv,onset_leak,36_39_62,24,39,62,23400,37200,leak_binary,0,24.5,24.5,24.5,34.5,34.5,34.5,34.5,34.5,34.5,44.5,44.5,44.5,44.5,44.5,44.5,47.111,47.111,47.111,47.111,47.111,47.111,55.389,55.389,55.389
train,36,data_36.csv,onset_leak,36_40_63,24,40,63,24000,37800,leak_binary,0,24.5,24.5,34.5,34.5,34.5,34.5,34.5,34.5,44.5,44.5,44.5,44.5,44.5,44.5,47.111,47.111,47.111,47.111,47.111,47.111,55.389,55.389,55.389,55.389
train,36,data_36.csv,onset_leak,36_41_64,24,41,64,24600,38400,leak_binary,0,24.5,34.5,34.5,34.5,34.5,34.5,34.5,44.5,44.5,44.5,44.5,44.5,44.5,47.111,47.111,47.111,47.111,47.111,47.111,55.389,55.389,55.389,55.389,55.389
train,36,data_36.csv,onset_leak,36_42_65,24,42,65,25200,39000,leak_binary,0,34.5,34.5,34.5,34.5,34.5,34.5,44.5,44.5,44.5,44.5,44.5,44.5,47.111,47.111,47.111,47.111,47.111,47.111,55.389,55.389,55.389,55.389,55.389,55.389
train,36,data_36.csv,onset_leak,36_43_66,24,43,66,25800,39600,leak_binary,0,34.5,34.5,34.5,34.5,34.5,44.5,44.5,44.5,44.5,44.5,44.5,47.111,47.111,47.111,47.111,47.111,47.111,55.389,55.389,55.389,55.389,55.389,55.389,70.0
train,36,data_36.csv,onset_leak,36_44_67,24,44,67,26400,40200,leak_binary,0,34.5,34.5,34.5,34.5,44.5,44.5,44.5,44.5,44.5,44.5,47.111,47.111,47.111,47.111,47.111,47.111,55.389,55.389,55.389,55.389,55.389,55.389,70.0,70.0
train,36,data_36.csv,onset_leak,36_45_68,24,45,68,27000,40800,leak_binary,0,34.5,34.5,34.5,44.5,44.5,44.5,44.5,44.5,44.5,47.111,47.111,47.111,47.111,47.111,47.111,55.389,55.389,55.389,55.389,55.389,55.389,70.0,70.0,70.0
train,36,data_36.csv,onset_leak,36_46_69,24,46,69,27600,41400,leak_binary,0,34.5,34.5,44.5,44.5,44.5,44.5,44.5,44.5,47.111,47.111,47.111,47.111,47.111,47.111,55.389,55.389,55.389,55.389,55.389,55.389,70.0,70.0,70.0,70.0
train,36,data_36.csv,onset_leak,36_47_70,24,47,70,28200,42000,leak_binary,0,34.5,44.5,44.5,44.5,44.5,44.5,44.5,47.111,47.111,47.111,47.111,47.111,47.111,55.389,55.389,55.389,55.389,55.389,55.389,70.0,70.0,70.0,70.0,70.0
train,36,data_36.csv,onset_leak,36_48_71,24,48,71,28800,42600,leak_binary,0,44.5,44.5,44.5,44.5,44.5,44.5,47.111,47.111,47.111,47.111,47.111,47.111,55.389,55.389,55.389,55.389,55.389,55.389,70.0,70.0,70.0,70.0,70.0,70.0
train,36,data_36.csv,onset_leak,36_49_72,24,49,72,29400,43200,leak_binary,1,44.5,44.5,44.5,44.5,44.5,47.111,47.111,47.111,47.111,47.111,47.111,55.389,55.389,55.389,55.389,55.389,55.389,70.0,70.0,70.0,70.0,70.0,70.0,112.06
train,36,data_36.csv,onset_leak,36_50_73,24,50,73,30000,43800,leak_binary,1,44.5,44.5,44.5,44.5,47.111,47.111,47.111,47.111,47.111,47.111,55.389,55.389,55.389,55.389,55.389,55.389,70.0,70.0,70.0,70.0,70.0,70.0,112.06,112.06
train,36,data_36.csv,onset_leak,36_51_74,24,51,74,30600,44400,leak_binary,1,44.5,44.5,44.5,47.111,47.111,47.111,47.111,47.111,47.111,55.389,55.389,55.389,55.389,55.389,55.389,70.0,70.0,70.0,70.0,70.0,70.0,112.06,112.06,112.06
train,36,data_36.csv,onset_leak,36_52_75,24,52,75,31200,45000,leak_binary,1,44.5,44.5,47.111,47.111,47.111,47.111,47.111,47.111,55.389,55.389,55.389,55.389,55.389,55.389,70.0,70.0,70.0,70.0,70.0,70.0,112.06,112.06,112.06,112.06
train,36,data_36.csv,onset_leak,36_53_76,24,53,76,31800,45600,leak_binary,1,44.5,47.111,47.111,47.111,47.111,47.111,47.111,55.389,55.389,55.389,55.389,55.389,55.389,70.0,70.0,70.0,70.0,70.0,70.0,112.06,112.06,112.06,112.06,112.06
train,36,data_36.csv,onset_leak,36_54_77,24,54,77,32400,46200,leak_binary,1,47.111,47.111,47.111,47.111,47.111,47.111,55.389,55.389,55.389,55.389,55.389,55.389,70.0,70.0,70.0,70.0,70.0,70.0,112.06,112.06,112.06,112.06,112.06,112.06
train,36,data_36.csv,onset_leak,36_55_78,24,55,78,33000,46800,leak_binary,1,47.111,47.111,47.111,47.111,47.111,55.389,55.389,55.389,55.389,55.389,55.389,70.0,70.0,70.0,70.0,70.0,70.0,112.06,112.06,112.06,112.06,112.06,112.06,100.44
train,36,data_36.csv,onset_leak,36_56_79,24,56,79,33600,47400,leak_binary,1,47.111,47.111,47.111,47.111,55.389,55.389,55.389,55.389,55.389,55.389,70.0,70.0,70.0,70.0,70.0,70.0,112.06,112.06,112.06,112.06,112.06,112.06,100.44,100.44
train,36,data_36.csv,onset_leak,36_57_80,24,57,80,34200,48000,leak_binary,1,47.111,47.111,47.111,55.389,55.389,55.389,55.389,55.389,55.389,70.0,70.0,70.0,70.0,70.0,70.0,112.06,112.06,112.06,112.06,112.06,112.06,100.44,100.44,100.44
train,36,data_36.csv,onset_leak,36_58_81,24,58,81,34800,48600,leak_binary,1,47.111,47.111,55.389,55.389,55.389,55.389,55.389,55.389,70.0,70.0,70.0,70.0,70.0,70.0,112.06,112.06,112.06,112.06,112.06,112.06,100.44,100.44,100.44,100.44
train,36,data_36.csv,onset_leak,36_59_82,24,59,82,35400,49200,leak_binary,1,47.111,55.389,55.389,55.389,55.389,55.389,55.389,70.0,70.0,70.0,70.0,70.0,70.0,112.06,112.06,112.06,112.06,112.06,112.06,100.44,100.44,100.44,100.44,100.44
train,36,data_36.csv,onset_leak,36_60_83,24,60,83,36000,49800,leak_binary,1,55.389,55.389,55.389,55.389,55.389,55.389,70.0,70.0,70.0,70.0,70.0,70.0,112.06,112.06,112.06,112.06,112.06,112.06,100.44,100.44,100.44,100.44,100.44,100.44
train,36,data_36.csv,onset_leak,36_61_84,24,61,84,36600,50400,leak_binary,1,55.389,55.389,55.389,55.389,55.389,70.0,70.0,70.0,70.0,70.0,70.0,112.06,112.06,112.06,112.06,112.06,112.06,100.44,100.44,100.44,100.44,100.44,100.44,82.5
train,36,data_36.csv,onset_leak,36_62_85,24,62,85,37200,51000,leak_binary,1,55.389,55.389,55.389,55.389,70.0,70.0,70.0,70.0,70.0,70.0,112.06,112.06,112.06,112.06,112.06,112.06,100.44,100.44,100.44,100.44,100.44,100.44,82.5,82.5
train,36,data_36.csv,onset_leak,36_63_86,24,63,86,37800,51600,leak_binary,1,55.389,55.389,55.389,70.0,70.0,70.0,70.0,70.0,70.0,112.06,112.06,112.06,112.06,112.06,112.06,100.44,100.44,100.44,100.44,100.44,100.44,82.5,82.5,82.5
train,36,data_36.csv,onset_leak,36_64_87,24,64,87,38400,52200,leak_binary,1,55.389,55.389,70.0,70.0,70.0,70.0,70.0,70.0,112.06,112.06,112.06,112.06,112.06,112.06,100.44,100.44,100.44,100.44,100.44,100.44,82.5,82.5,82.5,82.5
train,36,data_36.csv,onset_leak,36_65_88,24,65,88,39000,52800,leak_binary,1,55.389,70.0,70.0,70.0,70.0,70.0,70.0,112.06,112.06,112.06,112.06,112.06,112.06,100.44,100.44,100.44,100.44,100.44,100.44,82.5,82.5,82.5,82.5,82.5
train,36,data_36.csv,onset_leak,36_66_89,24,66,89,39600,53400,leak_binary,1,70.0,70.0,70.0,70.0,70.0,70.0,112.06,112.06,112.06,112.06,112.06,112.06,100.44,100.44,100.44,100.44,100.44,100.44,82.5,82.5,82.5,82.5,82.5,82.5
train,36,data_36.csv,onset_leak,36_67_90,24,67,90,40200,54000,leak_binary,1,70.0,70.0,70.0,70.0,70.0,112.06,112.06,112.06,112.06,112.06,112.06,100.44,100.44,100.44,100.44,100.44,100.44,82.5,82.5,82.5,82.5,82.5,82.5,75.313
train,36,data_36.csv,onset_leak,36_68_91,24,68,91,40800,54600,leak_binary,1,70.0,70.0,70.0,70.0,112.06,112.06,112.06,112.06,112.06,112.06,100.44,100.44,100.44,100.44,100.44,100.44,82.5,82.5,82.5,82.5,82.5,82.5,75.313,75.313
train,36,data_36.csv,onset_leak,36_69_92,24,69,92,41400,55200,leak_binary,1,70.0,70.0,70.0,112.06,112.06,112.06,112.06,112.06,112.06,100.44,100.44,100.44,100.44,100.44,100.44,82.5,82.5,82.5,82.5,82.5,82.5,75.313,75.313,75.313
train,36,data_36.csv,onset_leak,36_70_93,24,70,93,42000,55800,leak_binary,1,70.0,70.0,112.06,112.06,112.06,112.06,112.06,112.06,100.44,100.44,100.44,100.44,100.44,100.44,82.5,82.5,82.5,82.5,82.5,82.5,75.313,75.313,75.313,75.313
train,36,data_36.csv,onset_leak,36_71_94,24,71,94,42600,56400,leak_binary,1,70.0,112.06,112.06,112.06,112.06,112.06,112.06,100.44,100.44,100.44,100.44,100.44,100.44,82.5,82.5,82.5,82.5,82.5,82.5,75.313,75.313,75.313,75.313,75.313
train,36,data_36.csv,onset_leak,36_72_95,24,72,95,43200,57000,leak_binary,1,112.06,112.06,112.06,112.06,112.06,112.06,100.44,100.44,100.44,100.44,100.44,100.44,82.5,82.5,82.5,82.5,82.5,82.5,75.313,75.313,75.313,75.313,75.313,75.313
train,36,data_36.csv,onset_leak,36_73_96,24,73,96,43800,57600,leak_binary,1,112.06,112.06,112.06,112.06,112.06,100.44,100.44,100.44,100.44,100.44,100.44,82.5,82.5,82.5,82.5,82.5,82.5,75.313,75.313,75.313,75.313,75.313,75.313,81.5
train,36,data_36.csv,onset_leak,36_74_97,24,74,97,44400,58200,leak_binary,1,112.06,112.06,112.06,112.06,100.44,100.44,100.44,100.44,100.44,100.44,82.5,82.5,82.5,82.5,82.5,82.5,75.313,75.313,75.313,75.313,75.313,75.313,81.5,81.5
train,36,data_36.csv,onset_leak,36_75_98,24,75,98,45000,58800,leak_binary,1,112.06,112.06,112.06,100.44,100.44,100.44,100.44,100.44,100.44,82.5,82.5,82.5,82.5,82.5,82.5,75.313,75.313,75.313,75.313,75.313,75.313,81.5,81.5,81.5
train,36,data_36.csv,onset_leak,36_76_99,24,76,99,45600,59400,leak_binary,1,112.06,112.06,100.44,100.44,100.44,100.44,100.44,100.44,82.5,82.5,82.5,82.5,82.5,82.5,75.313,75.313,75.313,75.313,75.313,75.313,81.5,81.5,81.5,81.5
train,36,data_36.csv,onset_leak,36_77_100,24,77,100,46200,60000,leak_binary,1,112.06,100.44,100.44,100.44,100.44,100.44,100.44,82.5,82.5,82.5,82.5,82.5,82.5,75.313,75.313,75.313,75.313,75.313,75.313,81.5,81.5,81.5,81.5,81.5
train,36,data_36.csv,onset_leak,36_78_101,24,78,101,46800,60600,leak_binary,1,100.44,100.44,100.44,100.44,100.44,100.44,82.5,82.5,82.5,82.5,82.5,82.5,75.313,75.313,75.313,75.313,75.313,75.313,81.5,81.5,81.5,81.5,81.5,81.5
train,36,data_36.csv,onset_leak,36_79_102,24,79,102,47400,61200,leak_binary,1,100.44,100.44,100.44,100.44,100.44,82.5,82.5,82.5,82.5,82.5,82.5,75.313,75.313,75.313,75.313,75.313,75.313,81.5,81.5,81.5,81.5,81.5,81.5,87.688
train,36,data_36.csv,onset_leak,36_80_103,24,80,103,48000,61800,leak_binary,1,100.44,100.44,100.44,100.44,82.5,82.5,82.5,82.5,82.5,82.5,75.313,75.313,75.313,75.313,75.313,75.313,81.5,81.5,81.5,81.5,81.5,81.5,87.688,87.688
train,36,data_36.csv,onset_leak,36_81_104,24,81,104,48600,62400,leak_binary,1,100.44,100.44,100.44,82.5,82.5,82.5,82.5,82.5,82.5,75.313,75.313,75.313,75.313,75.313,75.313,81.5,81.5,81.5,81.5,81.5,81.5,87.688,87.688,87.688
train,36,data_36.csv,onset_leak,36_82_105,24,82,105,49200,63000,leak_binary,1,100.44,100.44,82.5,82.5,82.5,82.5,82.5,82.5,75.313,75.313,75.313,75.313,75.313,75.313,81.5,81.5,81.5,81.5,81.5,81.5,87.688,87.688,87.688,87.688
train,36,data_36.csv,onset_leak,36_83_106,24,83,106,49800,63600,leak_binary,1,100.44,82.5,82.5,82.5,82.5,82.5,82.5,75.313,75.313,75.313,75.313,75.313,75.313,81.5,81.5,81.5,81.5,81.5,81.5,87.688,87.688,87.688,87.688,87.688
train,36,data_36.csv,onset_leak,36_84_107,24,84,107,50400,64200,leak_binary,1,82.5,82.5,82.5,82.5,82.5,82.5,75.313,75.313,75.313,75.313,75.313,75.313,81.5,81.5,81.5,81.5,81.5,81.5,87.688,87.688,87.688,87.688,87.688,87.688
train,36,data_36.csv,onset_leak,36_85_108,24,85,108,51000,64800,leak_binary,1,82.5,82.5,82.5,82.5,82.5,75.313,75.313,75.313,75.313,75.313,75.313,81.5,81.5,81.5,81.5,81.5,81.5,87.688,87.688,87.688,87.688,87.688,87.688,98.5
train,36,data_36.csv,onset_leak,36_86_109,24,86,109,51600,65400,leak_binary,1,82.5,82.5,82.5,82.5,75.313,75.313,75.313,75.313,75.313,75.313,81.5,81.5,81.5,81.5,81.5,81.5,87.688,87.688,87.688,87.688,87.688,87.688,98.5,98.5
train,36,data_36.csv,onset_leak,36_87_110,24,87,110,52200,66000,leak_binary,1,82.5,82.5,82.5,75.313,75.313,75.313,75.313,75.313,75.313,81.5,81.5,81.5,81.5,81.5,81.5,87.688,87.688,87.688,87.688,87.688,87.688,98.5,98.5,98.5
train,36,data_36.csv,onset_leak,36_88_111,24,88,111,52800,66600,leak_binary,1,82.5,82.5,75.313,75.313,75.313,75.313,75.313,75.313,81.5,81.5,81.5,81.5,81.5,81.5,87.688,87.688,87.688,87.688,87.688,87.688,98.5,98.5,98.5,98.5
train,36,data_36.csv,onset_leak,36_89_112,24,89,112,53400,67200,leak_binary,1,82.5,75.313,75.313,75.313,75.313,75.313,75.313,81.5,81.5,81.5,81.5,81.5,81.5,87.688,87.688,87.688,87.688,87.688,87.688,98.5,98.5,98.5,98.5,98.5
train,36,data_36.csv,onset_leak,36_90_113,24,90,113,54000,67800,leak_binary,1,75.313,75.313,75.313,75.313,75.313,75.313,81.5,81.5,81.5,81.5,81.5,81.5,87.688,87.688,87.688,87.688,87.688,87.688,98.5,98.5,98.5,98.5,98.5,98.5
train,36,data_36.csv,onset_leak,36_91_114,24,91,114,54600,68400,leak_binary,1,75.313,75.313,75.313,75.313,75.313,81.5,81.5,81.5,81.5,81.5,81.5,87.688,87.688,87.688,87.688,87.688,87.688,98.5,98.5,98.5,98.5,98.5,98.5,92.747
train,36,data_36.csv,onset_leak,36_92_115,24,92,115,55200,69000,leak_binary,1,75.313,75.313,75.313,75.313,81.5,81.5,81.5,81.5,81.5,81.5,87.688,87.688,87.688,87.688,87.688,87.688,98.5,98.5,98.5,98.5,98.5,98.5,92.747,92.747
train,36,data_36.csv,onset_leak,36_93_116,24,93,116,55800,69600,leak_binary,1,75.313,75.313,75.313,81.5,81.5,81.5,81.5,81.5,81.5,87.688,87.688,87.688,87.688,87.688,87.688,98.5,98.5,98.5,98.5,98.5,98.5,92.747,92.747,92.747
train,36,data_36.csv,onset_leak,36_94_117,24,94,117,56400,70200,leak_binary,1,75.313,75.313,81.5,81.5,81.5,81.5,81.5,81.5,87.688,87.688,87.688,87.688,87.688,87.688,98.5,98.5,98.5,98.5,98.5,98.5,92.747,92.747,92.747,92.747
train,36,data_36.csv,onset_leak,36_95_118,24,95,118,57000,70800,leak_binary,1,75.313,81.5,81.5,81.5,81.5,81.5,81.5,87.688,87.688,87.688,87.688,87.688,87.688,98.5,98.5,98.5,98.5,98.5,98.5,92.747,92.747,92.747,92.747,92.747
train,36,data_36.csv,onset_leak,36_96_119,24,96,119,57600,71400,leak_binary,1,81.5,81.5,81.5,81.5,81.5,81.5,87.688,87.688,87.688,87.688,87.688,87.688,98.5,98.5,98.5,98.5,98.5,98.5,92.747,92.747,92.747,92.747,92.747,92.747
train,36,data_36.csv,onset_leak,36_97_120,24,97,120,58200,72000,leak_binary,1,81.5,81.5,81.5,81.5,81.5,87.688,87.688,87.688,87.688,87.688,87.688,98.5,98.5,98.5,98.5,98.5,98.5,92.747,92.747,92.747,92.747,92.747,92.747,82.0
train,36,data_36.csv,onset_leak,36_98_121,24,98,121,58800,72600,leak_binary,1,81.5,81.5,81.5,81.5,87.688,87.688,87.688,87.688,87.688,87.688,98.5,98.5,98.5,98.5,98.5,98.5,92.747,92.747,92.747,92.747,92.747,92.747,82.0,82.0
train,36,data_36.csv,onset_leak,36_99_122,24,99,122,59400,73200,leak_binary,1,81.5,81.5,81.5,87.688,87.688,87.688,87.688,87.688,87.688,98.5,98.5,98.5,98.5,98.5,98.5,92.747,92.747,92.747,92.747,92.747,92.747,82.0,82.0,82.0
train,36,data_36.csv,onset_leak,36_100_123,24,100,123,60000,73800,leak_binary,1,81.5,81.5,87.688,87.688,87.688,87.688,87.688,87.688,98.5,98.5,98.5,98.5,98.5,98.5,92.747,92.747,92.747,92.747,92.747,92.747,82.0,82.0,82.0,82.0
train,36,data_36.csv,onset_leak,36_101_124,24,101,124,60600,74400,leak_binary,1,81.5,87.688,87.688,87.688,87.688,87.688,87.688,98.5,98.5,98.5,98.5,98.5,98.5,92.747,92.747,92.747,92.747,92.747,92.747,82.0,82.0,82.0,82.0,82.0
train,36,data_36.csv,onset_leak,36_102_125,24,102,125,61200,75000,leak_binary,1,87.688,87.688,87.688,87.688,87.688,87.688,98.5,98.5,98.5,98.5,98.5,98.5,92.747,92.747,92.747,92.747,92.747,92.747,82.0,82.0,82.0,82.0,82.0,82.0
train,36,data_36.csv,onset_leak,36_103_126,24,103,126,61800,75600,leak_binary,1,87.688,87.688,87.688,87.688,87.688,98.5,98.5,98.5,98.5,98.5,98.5,92.747,92.747,92.747,92.747,92.747,92.747,82.0,82.0,82.0,82.0,82.0,82.0,88.341
train,36,data_36.csv,onset_leak,36_104_127,24,104,127,62400,76200,leak_binary,1,87.688,87.688,87.688,87.688,98.5,98.5,98.5,98.5,98.5,98.5,92.747,92.747,92.747,92.747,92.747,92.747,82.0,82.0,82.0,82.0,82.0,82.0,88.341,88.341
train,36,data_36.csv,onset_leak,36_105_128,24,105,128,63000,76800,leak_binary,1,87.688,87.688,87.688,98.5,98.5,98.5,98.5,98.5,98.5,92.747,92.747,92.747,92.747,92.747,92.747,82.0,82.0,82.0,82.0,82.0,82.0,88.341,88.341,88.341
train,36,data_36.csv,onset_leak,36_106_129,24,106,129,63600,77400,leak_binary,1,87.688,87.688,98.5,98.5,98.5,98.5,98.5,98.5,92.747,92.747,92.747,92.747,92.747,92.747,82.0,82.0,82.0,82.0,82.0,82.0,88.341,88.341,88.341,88.341
train,36,data_36.csv,onset_leak,36_107_130,24,107,130,64200,78000,leak_binary,1,87.688,98.5,98.5,98.5,98.5,98.5,98.5,92.747,92.747,92.747,92.747,92.747,92.747,82.0,82.0,82.0,82.0,82.0,82.0,88.341,88.341,88.341,88.341,88.341
train,36,data_36.csv,onset_leak,36_108_131,24,108,131,64800,78600,leak_binary,1,98.5,98.5,98.5,98.5,98.5,98.5,92.747,92.747,92.747,92.747,92.747,92.747,82.0,82.0,82.0,82.0,82.0,82.0,88.341,88.341,88.341,88.341,88.341,88.341
train,36,data_36.csv,onset_leak,36_109_132,24,109,132,65400,79200,leak_binary,1,98.5,98.5,98.5,98.5,98.5,92.747,92.747,92.747,92.747,92.747,92.747,82.0,82.0,82.0,82.0,82.0,82.0,88.341,88.341,88.341,88.341,88.341,88.341,79.338
train,36,data_36.csv,onset_leak,36_110_133,24,110,133,66000,79800,leak_binary,1,98.5,98.5,98.5,98.5,92.747,92.747,92.747,92.747,92.747,92.747,82.0,82.0,82.0,82.0,82.0,82.0,88.341,88.341,88.341,88.341,88.341,88.341,79.338,79.338
train,36,data_36.csv,onset_leak,36_111_134,24,111,134,66600,80400,leak_binary,1,98.5,98.5,98.5,92.747,92.747,92.747,92.747,92.747,92.747,82.0,82.0,82.0,82.0,82.0,82.0,88.341,88.341,88.341,88.341,88.341,88.341,79.338,79.338,79.338
train,36,data_36.csv,onset_leak,36_112_135,24,112,135,67200,81000,leak_binary,1,98.5,98.5,92.747,92.747,92.747,92.747,92.747,92.747,82.0,82.0,82.0,82.0,82.0,82.0,88.341,88.341,88.341,88.341,88.341,88.341,79.338,79.338,79.338,79.338
train,36,data_36.csv,onset_leak,36_113_136,24,113,136,67800,81600,leak_binary,1,98.5,92.747,92.747,92.747,92.747,92.747,92.747,82.0,82.0,82.0,82.0,82.0,82.0,88.341,88.341,88.341,88.341,88.341,88.341,79.338,79.338,79.338,79.338,79.338
train,36,data_36.csv,onset_leak,36_114_137,24,114,137,68400,82200,leak_binary,1,92.747,92.747,92.747,92.747,92.747,92.747,82.0,82.0,82.0,82.0,82.0,82.0,88.341,88.341,88.341,88.341,88.341,88.341,79.338,79.338,79.338,79.338,79.338,79.338
train,36,data_36.csv,onset_leak,36_115_138,24,115,138,69000,82800,leak_binary,1,92.747,92.747,92.747,92.747,92.747,82.0,82.0,82.0,82.0,82.0,82.0,88.341,88.341,88.341,88.341,88.341,88.341,79.338,79.338,79.338,79.338,79.338,79.338,63.0
train,36,data_36.csv,onset_leak,36_116_139,24,116,139,69600,83400,leak_binary,1,92.747,92.747,92.747,92.747,82.0,82.0,82.0,82.0,82.0,82.0,88.341,88.341,88.341,88.341,88.341,88.341,79.338,79.338,79.338,79.338,79.338,79.338,63.0,63.0
train,36,data_36.csv,onset_leak,36_117_140,24,117,140,70200,84000,leak_binary,1,92.747,92.747,92.747,82.0,82.0,82.0,82.0,82.0,82.0,88.341,88.341,88.341,88.341,88.341,88.341,79.338,79.338,79.338,79.338,79.338,79.338,63.0,63.0,63.0
train,36,data_36.csv,onset_leak,36_118_141,24,118,141,70800,84600,leak_binary,1,92.747,92.747,82.0,82.0,82.0,82.0,82.0,82.0,88.341,88.341,88.341,88.341,88.341,88.341,79.338,79.338,79.338,79.338,79.338,79.338,63.0,63.0,63.0,63.0
train,36,data_36.csv,onset_leak,36_119_142,24,119,142,71400,85200,leak_binary,1,92.747,82.0,82.0,82.0,82.0,82.0,82.0,88.341,88.341,88.341,88.341,88.341,88.341,79.338,79.338,79.338,79.338,79.338,79.338,63.0,63.0,63.0,63.0,63.0
train,36,data_36.csv,onset_leak,36_120_143,24,120,143,72000,85800,leak_binary,1,82.0,82.0,82.0,82.0,82.0,82.0,88.341,88.341,88.341,88.341,88.341,88.341,79.338,79.338,79.338,79.338,79.338,79.338,63.0,63.0,63.0,63.0,63.0,63.0
train,36,data_36.csv,onset_leak,36_121_144,24,121,144,72600,86400,leak_binary,1,82.0,82.0,82.0,82.0,82.0,88.341,88.341,88.341,88.341,88.341,88.341,79.338,79.338,79.338,79.338,79.338,79.338,63.0,63.0,63.0,63.0,63.0,63.0,17.5
train,38,data_38.csv,onset_leak,38_0_23,24,0,23,0,13800,leak_binary,0,9.5,9.5,9.5,9.5,9.5,9.5,9.441,9.441,9.441,9.441,9.441,9.441,9.8815,9.8815,9.8815,9.8815,9.8815,9.8815,10.882,10.882,10.882,10.882,10.882,10.882
train,38,data_38.csv,onset_leak,38_1_24,24,1,24,600,14400,leak_binary,0,9.5,9.5,9.5,9.5,9.5,9.441,9.441,9.441,9.441,9.441,9.441,9.8815,9.8815,9.8815,9.8815,9.8815,9.8815,10.882,10.882,10.882,10.882,10.882,10.882,12.5
train,38,data_38.csv,onset_leak,38_2_25,24,2,25,1200,15000,leak_binary,0,9.5,9.5,9.5,9.5,9.441,9.441,9.441,9.441,9.441,9.441,9.8815,9.8815,9.8815,9.8815,9.8815,9.8815,10.882,10.882,10.882,10.882,10.882,10.882,12.5,12.5
train,38,data_38.csv,onset_leak,38_3_26,24,3,26,1800,15600,leak_binary,0,9.5,9.5,9.5,9.441,9.441,9.441,9.441,9.441,9.441,9.8815,9.8815,9.8815,9.8815,9.8815,9.8815,10.882,10.882,10.882,10.882,10.882,10.882,12.5,12.5,12.5
train,38,data_38.csv,onset_leak,38_4_27,24,4,27,2400,16200,leak_binary,0,9.5,9.5,9.441,9.441,9.441,9.441,9.441,9.441,9.8815,9.8815,9.8815,9.8815,9.8815,9.8815,10.882,10.882,10.882,10.882,10.882,10.882,12.5,12.5,12.5,12.5
train,38,data_38.csv,onset_leak,38_5_28,24,5,28,3000,16800,leak_binary,0,9.5,9.441,9.441,9.441,9.441,9.441,9.441,9.8815,9.8815,9.8815,9.8815,9.8815,9.8815,10.882,10.882,10.882,10.882,10.882,10.882,12.5,12.5,12.5,12.5,12.5
train,38,data_38.csv,onset_leak,38_6_29,24,6,29,3600,17400,leak_binary,0,9.441,9.441,9.441,9.441,9.441,9.441,9.8815,9.8815,9.8815,9.8815,9.8815,9.8815,10.882,10.882,10.882,10.882,10.882,10.882,12.5,12.5,12.5,12.5,12.5,12.5
train,38,data_38.csv,onset_leak,38_7_30,24,7,30,4200,18000,leak_binary,0,9.441,9.441,9.441,9.441,9.441,9.8815,9.8815,9.8815,9.8815,9.8815,9.8815,10.882,10.882,10.882,10.882,10.882,10.882,12.5,12.5,12.5,12.5,12.5,12.5,14.634
train,38,data_38.csv,onset_leak,38_8_31,24,8,31,4800,18600,leak_binary,0,9.441,9.441,9.441,9.441,9.8815,9.8815,9.8815,9.8815,9.8815,9.8815,10.882,10.882,10.882,10.882,10.882,10.882,12.5,12.5,12.5,12.5,12.5,12.5,14.634,14.634
train,38,data_38.csv,onset_leak,38_9_32,24,9,32,5400,19200,leak_binary,0,9.441,9.441,9.441,9.8815,9.8815,9.8815,9.8815,9.8815,9.8815,10.882,10.882,10.882,10.882,10.882,10.882,12.5,12.5,12.5,12.5,12.5,12.5,14.634,14.634,14.634
train,38,data_38.csv,onset_leak,38_10_33,24,10,33,6000,19800,leak_binary,0,9.441,9.441,9.8815,9.8815,9.8815,9.8815,9.8815,9.8815,10.882,10.882,10.882,10.882,10.882,10.882,12.5,12.5,12.5,12.5,12.5,12.5,14.634,14.634,14.634,14.634
train,38,data_38.csv,onset_leak,38_11_34,24,11,34,6600,20400,leak_binary,0,9.441,9.8815,9.8815,9.8815,9.8815,9.8815,9.8815,10.882,10.882,10.882,10.882,10.882,10.882,12.5,12.5,12.5,12.5,12.5,12.5,14.634,14.634,14.634,14.634,14.634
train,38,data_38.csv,onset_leak,38_12_35,24,12,35,7200,21000,leak_binary,0,9.8815,9.8815,9.8815,9.8815,9.8815,9.8815,10.882,10.882,10.882,10.882,10.882,10.882,12.5,12.5,12.5,12.5,12.5,12.5,14.634,14.634,14.634,14.634,14.634,14.634
train,38,data_38.csv,onset_leak,38_13_36,24,13,36,7800,21600,leak_binary,0,9.8815,9.8815,9.8815,9.8815,9.8815,10.882,10.882,10.882,10.882,10.882,10.882,12.5,12.5,12.5,12.5,12.5,12.5,14.634,14.634,14.634,14.634,14.634,14.634,17.246
train,38,data_38.csv,onset_leak,38_14_37,24,14,37,8400,22200,leak_binary,0,9.8815,9.8815,9.8815,9.8815,10.882,10.882,10.882,10.882,10.882,10.882,12.5,12.5,12.5,12.5,12.5,12.5,14.634,14.634,14.634,14.634,14.634,14.634,17.246,17.246
train,38,data_38.csv,onset_leak,38_15_38,24,15,38,9000,22800,leak_binary,0,9.8815,9.8815,9.8815,10.882,10.882,10.882,10.882,10.882,10.882,12.5,12.5,12.5,12.5,12.5,12.5,14.634,14.634,14.634,14.634,14.634,14.634,17.246,17.246,17.246
train,38,data_38.csv,onset_leak,38_16_39,24,16,39,9600,23400,leak_binary,0,9.8815,9.8815,10.882,10.882,10.882,10.882,10.882,10.882,12.5,12.5,12.5,12.5,12.5,12.5,14.634,14.634,14.634,14.634,14.634,14.634,17.246,17.246,17.246,17.246
train,38,data_38.csv,onset_leak,38_17_40,24,17,40,10200,24000,leak_binary,0,9.8815,10.882,10.882,10.882,10.882,10.882,10.882,12.5,12.5,12.5,12.5,12.5,12.5,14.634,14.634,14.634,14.634,14.634,14.634,17.246,17.246,17.246,17.246,17.246
train,38,data_38.csv,onset_leak,38_18_41,24,18,41,10800,24600,leak_binary,0,10.882,10.882,10.882,10.882,10.882,10.882,12.5,12.5,12.5,12.5,12.5,12.5,14.634,14.634,14.634,14.634,14.634,14.634,17.246,17.246,17.246,17.246,17.246,17.246
train,38,data_38.csv,onset_leak,38_19_42,24,19,42,11400,25200,leak_binary,0,10.882,10.882,10.882,10.882,10.882,12.5,12.5,12.5,12.5,12.5,12.5,14.634,14.634,14.634,14.634,14.634,14.634,17.246,17.246,17.246,17.246,17.246,17.246,20.5
train,38,data_38.csv,onset_leak,38_20_43,24,20,43,12000,25800,leak_binary,0,10.882,10.882,10.882,10.882,12.5,12.5,12.5,12.5,12.5,12.5,14.634,14.634,14.634,14.634,14.634,14.634,17.246,17.246,17.246,17.246,17.246,17.246,20.5,20.5
train,38,data_38.csv,onset_leak,38_21_44,24,21,44,12600,26400,leak_binary,0,10.882,10.882,10.882,12.5,12.5,12.5,12.5,12.5,12.5,14.634,14.634,14.634,14.634,14.634,14.634,17.246,17.246,17.246,17.246,17.246,17.246,20.5,20.5,20.5
train,38,data_38.csv,onset_leak,38_22_45,24,22,45,13200,27000,leak_binary,0,10.882,10.882,12.5,12.5,12.5,12.5,12.5,12.5,14.634,14.634,14.634,14.634,14.634,14.634,17.246,17.246,17.246,17.246,17.246,17.246,20.5,20.5,20.5,20.5
train,38,data_38.csv,onset_leak,38_23_46,24,23,46,13800,27600,leak_binary,0,10.882,12.5,12.5,12.5,12.5,12.5,12.5,14.634,14.634,14.634,14.634,14.634,14.634,17.246,17.246,17.246,17.246,17.246,17.246,20.5,20.5,20.5,20.5,20.5
train,38,data_38.csv,onset_leak,38_24_47,24,24,47,14400,28200,leak_binary,0,12.5,12.5,12.5,12.5,12.5,12.5,14.634,14.634,14.634,14.634,14.634,14.634,17.246,17.246,17.246,17.246,17.246,17.246,20.5,20.5,20.5,20.5,20.5,20.5
train,38,data_38.csv,onset_leak,38_25_48,24,25,48,15000,28800,leak_binary,0,12.5,12.5,12.5,12.5,12.5,14.634,14.634,14.634,14.634,14.634,14.634,17.246,17.246,17.246,17.246,17.246,17.246,20.5,20.5,20.5,20.5,20.5,20.5,25.892
train,38,data_38.csv,onset_leak,38_26_49,24,26,49,15600,29400,leak_binary,0,12.5,12.5,12.5,12.5,14.634,14.634,14.634,14.634,14.634,14.634,17.246,17.246,17.246,17.246,17.246,17.246,20.5,20.5,20.5,20.5,20.5,20.5,25.892,25.892
train,38,data_38.csv,onset_leak,38_27_50,24,27,50,16200,30000,leak_binary,0,12.5,12.5,12.5,14.634,14.634,14.634,14.634,14.634,14.634,17.246,17.246,17.246,17.246,17.246,17.246,20.5,20.5,20.5,20.5,20.5,20.5,25.892,25.892,25.892
train,38,data_38.csv,onset_leak,38_28_51,24,28,51,16800,30600,leak_binary,0,12.5,12.5,14.634,14.634,14.634,14.634,14.634,14.634,17.246,17.246,17.246,17.246,17.246,17.246,20.5,20.5,20.5,20.5,20.5,20.5,25.892,25.892,25.892,25.892
train,38,data_38.csv,onset_leak,38_29_52,24,29,52,17400,31200,leak_binary,0,12.5,14.634,14.634,14.634,14.634,14.634,14.634,17.246,17.246,17.246,17.246,17.246,17.246,20.5,20.5,20.5,20.5,20.5,20.5,25.892,25.892,25.892,25.892,25.892
train,38,data_38.csv,onset_leak,38_30_53,24,30,53,18000,31800,leak_binary,0,14.634,14.634,14.634,14.634,14.634,14.634,17.246,17.246,17.246,17.246,17.246,17.246,20.5,20.5,20.5,20.5,20.5,20.5,25.892,25.892,25.892,25.892,25.892,25.892
train,38,data_38.csv,onset_leak,38_31_54,24,31,54,18600,32400,leak_binary,0,14.634,14.634,14.634,14.634,14.634,17.246,17.246,17.246,17.246,17.246,17.246,20.5,20.5,20.5,20.5,20.5,20.5,25.892,25.892,25.892,25.892,25.892,25.892,39.864
train,38,data_38.csv,onset_leak,38_32_55,24,32,55,19200,33000,leak_binary,0,14.634,14.634,14.634,14.634,17.246,17.246,17.246,17.246,17.246,17.246,20.5,20.5,20.5,20.5,20.5,20.5,25.892,25.892,25.892,25.892,25.892,25.892,39.864,39.864
train,38,data_38.csv,onset_leak,38_33_56,24,33,56,19800,33600,leak_binary,0,14.634,14.634,14.634,17.246,17.246,17.246,17.246,17.246,17.246,20.5,20.5,20.5,20.5,20.5,20.5,25.892,25.892,25.892,25.892,25.892,25.892,39.864,39.864,39.864
train,38,data_38.csv,onset_leak,38_34_57,24,34,57,20400,34200,leak_binary,0,14.634,14.634,17.246,17.246,17.246,17.246,17.246,17.246,20.5,20.5,20.5,20.5,20.5,20.5,25.892,25.892,25.892,25.892,25.892,25.892,39.864,39.864,39.864,39.864
train,38,data_38.csv,onset_leak,38_35_58,24,35,58,21000,34800,leak_binary,0,14.634,17.246,17.246,17.246,17.246,17.246,17.246,20.5,20.5,20.5,20.5,20.5,20.5,25.892,25.892,25.892,25.892,25.892,25.892,39.864,39.864,39.864,39.864,39.864
train,38,data_38.csv,onset_leak,38_36_59,24,36,59,21600,35400,leak_binary,0,17.246,17.246,17.246,17.246,17.246,17.246,20.5,20.5,20.5,20.5,20.5,20.5,25.892,25.892,25.892,25.892,25.892,25.892,39.864,39.864,39.864,39.864,39.864,39.864
train,38,data_38.csv,onset_leak,38_37_60,24,37,60,22200,36000,leak_binary,0,17.246,17.246,17.246,17.246,17.246,20.5,20.5,20.5,20.5,20.5,20.5,25.892,25.892,25.892,25.892,25.892,25.892,39.864,39.864,39.864,39.864,39.864,39.864,59.128
train,38,data_38.csv,onset_leak,38_38_61,24,38,61,22800,36600,leak_binary,0,17.246,17.246,17.246,17.246,20.5,20.5,20.5,20.5,20.5,20.5,25.892,25.892,25.892,25.892,25.892,25.892,39.864,39.864,39.864,39.864,39.864,39.864,59.128,59.128
train,38,data_38.csv,onset_leak,38_39_62,24,39,62,23400,37200,leak_binary,0,17.246,17.246,17.246,20.5,20.5,20.5,20.5,20.5,20.5,25.892,25.892,25.892,25.892,25.892,25.892,39.864,39.864,39.864,39.864,39.864,39.864,59.128,59.128,59.128
train,38,data_38.csv,onset_leak,38_40_63,24,40,63,24000,37800,leak_binary,0,17.246,17.246,20.5,20.5,20.5,20.5,20.5,20.5,25.892,25.892,25.892,25.892,25.892,25.892,39.864,39.864,39.864,39.864,39.864,39.864,59.128,59.128,59.128,59.128
train,38,data_38.csv,onset_leak,38_41_64,24,41,64,24600,38400,leak_binary,0,17.246,20.5,20.5,20.5,20.5,20.5,20.5,25.892,25.892,25.892,25.892,25.892,25.892,39.864,39.864,39.864,39.864,39.864,39.864,59.128,59.128,59.128,59.128,59.128
train,38,data_38.csv,onset_leak,38_42_65,24,42,65,25200,39000,leak_binary,0,20.5,20.5,20.5,20.5,20.5,20.5,25.892,25.892,25.892,25.892,25.892,25.892,39.864,39.864,39.864,39.864,39.864,39.864,59.128,59.128,59.128,59.128,59.128,59.128
train,38,data_38.csv,onset_leak,38_43_66,24,43,66,25800,39600,leak_binary,0,20.5,20.5,20.5,20.5,20.5,25.892,25.892,25.892,25.892,25.892,25.892,39.864,39.864,39.864,39.864,39.864,39.864,59.128,59.128,59.128,59.128,59.128,59.128,70.0
train,38,data_38.csv,onset_leak,38_44_67,24,44,67,26400,40200,leak_binary,0,20.5,20.5,20.5,20.5,25.892,25.892,25.892,25.892,25.892,25.892,39.864,39.864,39.864,39.864,39.864,39.864,59.128,59.128,59.128,59.128,59.128,59.128,70.0,70.0
train,38,data_38.csv,onset_leak,38_45_68,24,45,68,27000,40800,leak_binary,0,20.5,20.5,20.5,25.892,25.892,25.892,25.892,25.892,25.892,39.864,39.864,39.864,39.864,39.864,39.864,59.128,59.128,59.128,59.128,59.128,59.128,70.0,70.0,70.0
train,38,data_38.csv,onset_leak,38_46_69,24,46,69,27600,41400,leak_binary,0,20.5,20.5,25.892,25.892,25.892,25.892,25.892,25.892,39.864,39.864,39.864,39.864,39.864,39.864,59.128,59.128,59.128,59.128,59.128,59.128,70.0,70.0,70.0,70.0
train,38,data_38.csv,onset_leak,38_47_70,24,47,70,28200,42000,leak_binary,0,20.5,25.892,25.892,25.892,25.892,25.892,25.892,39.864,39.864,39.864,39.864,39.864,39.864,59.128,59.128,59.128,59.128,59.128,59.128,70.0,70.0,70.0,70.0,70.0
train,38,data_38.csv,onset_leak,38_48_71,24,48,71,28800,42600,leak_binary,0,25.892,25.892,25.892,25.892,25.892,25.892,39.864,39.864,39.864,39.864,39.864,39.864,59.128,59.128,59.128,59.128,59.128,59.128,70.0,70.0,70.0,70.0,70.0,70.0
train,38,data_38.csv,onset_leak,38_49_72,24,49,72,29400,43200,leak_binary,1,25.892,25.892,25.892,25.892,25.892,39.864,39.864,39.864,39.864,39.864,39.864,59.128,59.128,59.128,59.128,59.128,59.128,70.0,70.0,70.0,70.0,70.0,70.0,110.03
train,38,data_38.csv,onset_leak,38_50_73,24,50,73,30000,43800,leak_binary,1,25.892,25.892,25.892,25.892,39.864,39.864,39.864,39.864,39.864,39.864,59.128,59.128,59.128,59.128,59.128,59.128,70.0,70.0,70.0,70.0,70.0,70.0,110.03,110.03
train,38,data_38.csv,onset_leak,38_51_74,24,51,74,30600,44400,leak_binary,1,25.892,25.892,25.892,39.864,39.864,39.864,39.864,39.864,39.864,59.128,59.128,59.128,59.128,59.128,59.128,70.0,70.0,70.0,70.0,70.0,70.0,110.03,110.03,110.03
train,38,data_38.csv,onset_leak,38_52_75,24,52,75,31200,45000,leak_binary,1,25.892,25.892,39.864,39.864,39.864,39.864,39.864,39.864,59.128,59.128,59.128,59.128,59.128,59.128,70.0,70.0,70.0,70.0,70.0,70.0,110.03,110.03,110.03,110.03
train,38,data_38.csv,onset_leak,38_53_76,24,53,76,31800,45600,leak_binary,1,25.892,39.864,39.864,39.864,39.864,39.864,39.864,59.128,59.128,59.128,59.128,59.128,59.128,70.0,70.0,70.0,70.0,70.0,70.0,110.03,110.03,110.03,110.03,110.03
train,38,data_38.csv,onset_leak,38_54_77,24,54,77,32400,46200,leak_binary,1,39.864,39.864,39.864,39.864,39.864,39.864,59.128,59.128,59.128,59.128,59.128,59.128,70.0,70.0,70.0,70.0,70.0,70.0,110.03,110.03,110.03,110.03,110.03,110.03
train,38,data_38.csv,onset_leak,38_55_78,24,55,78,33000,46800,leak_binary,1,39.864,39.864,39.864,39.864,39.864,59.128,59.128,59.128,59.128,59.128,59.128,70.0,70.0,70.0,70.0,70.0,70.0,110.03,110.03,110.03,110.03,110.03,110.03,107.88
train,38,data_38.csv,onset_leak,38_56_79,24,56,79,33600,47400,leak_binary,1,39.864,39.864,39.864,39.864,59.128,59.128,59.128,59.128,59.128,59.128,70.0,70.0,70.0,70.0,70.0,70.0,110.03,110.03,110.03,110.03,110.03,110.03,107.88,107.88
train,38,data_38.csv,onset_leak,38_57_80,24,57,80,34200,48000,leak_binary,1,39.864,39.864,39.864,59.128,59.128,59.128,59.128,59.128,59.128,70.0,70.0,70.0,70.0,70.0,70.0,110.03,110.03,110.03,110.03,110.03,110.03,107.88,107.88,107.88
train,38,data_38.csv,onset_leak,38_58_81,24,58,81,34800,48600,leak_binary,1,39.864,39.864,59.128,59.128,59.128,59.128,59.128,59.128,70.0,70.0,70.0,70.0,70.0,70.0,110.03,110.03,110.03,110.03,110.03,110.03,107.88,107.88,107.88,107.88
train,38,data_38.csv,onset_leak,38_59_82,24,59,82,35400,49200,leak_binary,1,39.864,59.128,59.128,59.128,59.128,59.128,59.128,70.0,70.0,70.0,70.0,70.0,70.0,110.03,110.03,110.03,110.03,110.03,110.03,107.88,107.88,107.88,107.88,107.88
train,38,data_38.csv,onset_leak,38_60_83,24,60,83,36000,49800,leak_binary,1,59.128,59.128,59.128,59.128,59.128,59.128,70.0,70.0,70.0,70.0,70.0,70.0,110.03,110.03,110.03,110.03,110.03,110.03,107.88,107.88,107.88,107.88,107.88,107.88
train,38,data_38.csv,onset_leak,38_61_84,24,61,84,36600,50400,leak_binary,1,59.128,59.128,59.128,59.128,59.128,70.0,70.0,70.0,70.0,70.0,70.0,110.03,110.03,110.03,110.03,110.03,110.03,107.88,107.88,107.88,107.88,107.88,107.88,106.5
train,38,data_38.csv,onset_leak,38_62_85,24,62,85,37200,51000,leak_binary,1,59.128,59.128,59.128,59.128,70.0,70.0,70.0,70.0,70.0,70.0,110.03,110.03,110.03,110.03,110.03,110.03,107.88,107.88,107.88,107.88,107.88,107.88,106.5,106.5
train,38,data_38.csv,onset_leak,38_63_86,24,63,86,37800,51600,leak_binary,1,59.128,59.128,59.128,70.0,70.0,70.0,70.0,70.0,70.0,110.03,110.03,110.03,110.03,110.03,110.03,107.88,107.88,107.88,107.88,107.88,107.88,106.5,106.5,106.5
train,38,data_38.csv,onset_leak,38_64_87,24,64,87,38400,52200,leak_binary,1,59.128,59.128,70.0,70.0,70.0,70.0,70.0,70.0,110.03,110.03,110.03,110.03,110.03,110.03,107.88,107.88,107.88,107.88,107.88,107.88,106.5,106.5,106.5,106.5
train,38,data_38.csv,onset_leak,38_65_88,24,65,88,39000,52800,leak_binary,1,59.128,70.0,70.0,70.0,70.0,70.0,70.0,110.03,110.03,110.03,110.03,110.03,110.03,107.88,107.88,107.88,107.88,107.88,107.88,106.5,106.5,106.5,106.5,106.5
train,38,data_38.csv,onset_leak,38_66_89,24,66,89,39600,53400,leak_binary,1,70.0,70.0,70.0,70.0,70.0,70.0,110.03,110.03,110.03,110.03,110.03,110.03,107.88,107.88,107.88,107.88,107.88,107.88,106.5,106.5,106.5,106.5,106.5,106.5
train,38,data_38.csv,onset_leak,38_67_90,24,67,90,40200,54000,leak_binary,1,70.0,70.0,70.0,70.0,70.0,110.03,110.03,110.03,110.03,110.03,110.03,107.88,107.88,107.88,107.88,107.88,107.88,106.5,106.5,106.5,106.5,106.5,106.5,104.65
train,38,data_38.csv,onset_leak,38_68_91,24,68,91,40800,54600,leak_binary,1,70.0,70.0,70.0,70.0,110.03,110.03,110.03,110.03,110.03,110.03,107.88,107.88,107.88,107.88,107.88,107.88,106.5,106.5,106.5,106.5,106.5,106.5,104.65,104.65
train,38,data_38.csv,onset_leak,38_69_92,24,69,92,41400,55200,leak_binary,1,70.0,70.0,70.0,110.03,110.03,110.03,110.03,110.03,110.03,107.88,107.88,107.88,107.88,107.88,107.88,106.5,106.5,106.5,106.5,106.5,106.5,104.65,104.65,104.65
train,38,data_38.csv,onset_leak,38_70_93,24,70,93,42000,55800,leak_binary,1,70.0,70.0,110.03,110.03,110.03,110.03,110.03,110.03,107.88,107.88,107.88,107.88,107.88,107.88,106.5,106.5,106.5,106.5,106.5,106.5,104.65,104.65,104.65,104.65
train,38,data_38.csv,onset_leak,38_71_94,24,71,94,42600,56400,leak_binary,1,70.0,110.03,110.03,110.03,110.03,110.03,110.03,107.88,107.88,107.88,107.88,107.88,107.88,106.5,106.5,106.5,106.5,106.5,106.5,104.65,104.65,104.65,104.65,104.65
train,38,data_38.csv,onset_leak,38_72_95,24,72,95,43200,57000,leak_binary,1,110.03,110.03,110.03,110.03,110.03,110.03,107.88,107.88,107.88,107.88,107.88,107.88,106.5,106.5,106.5,106.5,106.5,106.5,104.65,104.65,104.65,104.65,104.65,104.65
train,38,data_38.csv,onset_leak,38_73_96,24,73,96,43800,57600,leak_binary,1,110.03,110.03,110.03,110.03,110.03,107.88,107.88,107.88,107.88,107.88,107.88,106.5,106.5,106.5,106.5,106.5,106.5,104.65,104.65,104.65,104.65,104.65,104.65,102.17
train,38,data_38.csv,onset_leak,38_74_97,24,74,97,44400,58200,leak_binary,1,110.03,110.03,110.03,110.03,107.88,107.88,107.88,107.88,107.88,107.88,106.5,106.5,106.5,106.5,106.5,106.5,104.65,104.65,104.65,104.65,104.65,104.65,102.17,102.17
train,38,data_38.csv,onset_leak,38_75_98,24,75,98,45000,58800,leak_binary,1,110.03,110.03,110.03,107.88,107.88,107.88,107.88,107.88,107.88,106.5,106.5,106.5,106.5,106.5,106.5,104.65,104.65,104.65,104.65,104.65,104.65,102.17,102.17,102.17
train,38,data_38.csv,onset_leak,38_76_99,24,76,99,45600,59400,leak_binary,1,110.03,110.03,107.88,107.88,107.88,107.88,107.88,107.88,106.5,106.5,106.5,106.5,106.5,106.5,104.65,104.65,104.65,104.65,104.65,104.65,102.17,102.17,102.17,102.17
train,38,data_38.csv,onset_leak,38_77_100,24,77,100,46200,60000,leak_binary,1,110.03,107.88,107.88,107.88,107.88,107.88,107.88,106.5,106.5,106.5,106.5,106.5,106.5,104.65,104.65,104.65,104.65,104.65,104.65,102.17,102.17,102.17,102.17,102.17
train,38,data_38.csv,onset_leak,38_78_101,24,78,101,46800,60600,leak_binary,1,107.88,107.88,107.88,107.88,107.88,107.88,106.5,106.5,106.5,106.5,106.5,106.5,104.65,104.65,104.65,104.65,104.65,104.65,102.17,102.17,102.17,102.17,102.17,102.17
train,38,data_38.csv,onset_leak,38_79_102,24,79,102,47400,61200,leak_binary,1,107.88,107.88,107.88,107.88,107.88,106.5,106.5,106.5,106.5,106.5,106.5,104.65,104.65,104.65,104.65,104.65,104.65,102.17,102.17,102.17,102.17,102.17,102.17,103.69
train,38,data_38.csv,onset_leak,38_80_103,24,80,103,48000,61800,leak_binary,1,107.88,107.88,107.88,107.88,106.5,106.5,106.5,106.5,106.5,106.5,104.65,104.65,104.65,104.65,104.65,104.65,102.17,102.17,102.17,102.17,102.17,102.17,103.69,103.69
train,38,data_38.csv,onset_leak,38_81_104,24,81,104,48600,62400,leak_binary,1,107.88,107.88,107.88,106.5,106.5,106.5,106.5,106.5,106.5,104.65,104.65,104.65,104.65,104.65,104.65,102.17,102.17,102.17,102.17,102.17,102.17,103.69,103.69,103.69
train,38,data_38.csv,onset_leak,38_82_105,24,82,105,49200,63000,leak_binary,1,107.88,107.88,106.5,106.5,106.5,106.5,106.5,106.5,104.65,104.65,104.65,104.65,104.65,104.65,102.17,102.17,102.17,102.17,102.17,102.17,103.69,103.69,103.69,103.69
train,38,data_38.csv,onset_leak,38_83_106,24,83,106,49800,63600,leak_binary,1,107.88,106.5,106.5,106.5,106.5,106.5,106.5,104.65,104.65,104.65,104.65,104.65,104.65,102.17,102.17,102.17,102.17,102.17,102.17,103.69,103.69,103.69,103.69,103.69
train,38,data_38.csv,onset_leak,38_84_107,24,84,107,50400,64200,leak_binary,1,106.5,106.5,106.5,106.5,106.5,106.5,104.65,104.65,104.65,104.65,104.65,104.65,102.17,102.17,102.17,102.17,102.17,102.17,103.69,103.69,103.69,103.69,103.69,103.69
train,38,data_38.csv,onset_leak,38_85_108,24,85,108,51000,64800,leak_binary,1,106.5,106.5,106.5,106.5,106.5,104.65,104.65,104.65,104.65,104.65,104.65,102.17,102.17,102.17,102.17,102.17,102.17,103.69,103.69,103.69,103.69,103.69,103.69,109.61
train,38,data_38.csv,onset_leak,38_86_109,24,86,109,51600,65400,leak_binary,1,106.5,106.5,106.5,106.5,104.65,104.65,104.65,104.65,104.65,104.65,102.17,102.17,102.17,102.17,102.17,102.17,103.69,103.69,103.69,103.69,103.69,103.69,109.61,109.61
train,38,data_38.csv,onset_leak,38_87_110,24,87,110,52200,66000,leak_binary,1,106.5,106.5,106.5,104.65,104.65,104.65,104.65,104.65,104.65,102.17,102.17,102.17,102.17,102.17,102.17,103.69,103.69,103.69,103.69,103.69,103.69,109.61,109.61,109.61
train,38,data_38.csv,onset_leak,38_88_111,24,88,111,52800,66600,leak_binary,1,106.5,106.5,104.65,104.65,104.65,104.65,104.65,104.65,102.17,102.17,102.17,102.17,102.17,102.17,103.69,103.69,103.69,103.69,103.69,103.69,109.61,109.61,109.61,109.61
train,38,data_38.csv,onset_leak,38_89_112,24,89,112,53400,67200,leak_binary,1,106.5,104.65,104.65,104.65,104.65,104.65,104.65,102.17,102.17,102.17,102.17,102.17,102.17,103.69,103.69,103.69,103.69,103.69,103.69,109.61,109.61,109.61,109.61,109.61
train,38,data_38.csv,onset_leak,38_90_113,24,90,113,54000,67800,leak_binary,1,104.65,104.65,104.65,104.65,104.65,104.65,102.17,102.17,102.17,102.17,102.17,102.17,103.69,103.69,103.69,103.69,103.69,103.69,109.61,109.61,109.61,109.61,109.61,109.61
train,38,data_38.csv,onset_leak,38_91_114,24,91,114,54600,68400,leak_binary,1,104.65,104.65,104.65,104.65,104.65,102.17,102.17,102.17,102.17,102.17,102.17,103.69,103.69,103.69,103.69,103.69,103.69,109.61,109.61,109.61,109.61,109.61,109.61,101.63
train,38,data_38.csv,onset_leak,38_92_115,24,92,115,55200,69000,leak_binary,1,104.65,104.65,104.65,104.65,102.17,102.17,102.17,102.17,102.17,102.17,103.69,103.69,103.69,103.69,103.69,103.69,109.61,109.61,109.61,109.61,109.61,109.61,101.63,101.63
train,38,data_38.csv,onset_leak,38_93_116,24,93,116,55800,69600,leak_binary,1,104.65,104.65,104.65,102.17,102.17,102.17,102.17,102.17,102.17,103.69,103.69,103.69,103.69,103.69,103.69,109.61,109.61,109.61,109.61,109.61,109.61,101.63,101.63,101.63
train,38,data_38.csv,onset_leak,38_94_117,24,94,117,56400,70200,leak_binary,1,104.65,104.65,102.17,102.17,102.17,102.17,102.17,102.17,103.69,103.69,103.69,103.69,103.69,103.69,109.61,109.61,109.61,109.61,109.61,109.61,101.63,101.63,101.63,101.63
train,38,data_38.csv,onset_leak,38_95_118,24,95,118,57000,70800,leak_binary,1,104.65,102.17,102.17,102.17,102.17,102.17,102.17,103.69,103.69,103.69,103.69,103.69,103.69,109.61,109.61,109.61,109.61,109.61,109.61,101.63,101.63,101.63,101.63,101.63
train,38,data_38.csv,onset_leak,38_96_119,24,96,119,57600,71400,leak_binary,1,102.17,102.17,102.17,102.17,102.17,102.17,103.69,103.69,103.69,103.69,103.69,103.69,109.61,109.61,109.61,109.61,109.61,109.61,101.63,101.63,101.63,101.63,101.63,101.63
train,38,data_38.csv,onset_leak,38_97_120,24,97,120,58200,72000,leak_binary,1,102.17,102.17,102.17,102.17,102.17,103.69,103.69,103.69,103.69,103.69,103.69,109.61,109.61,109.61,109.61,109.61,109.61,101.63,101.63,101.63,101.63,101.63,101.63,90.0
train,38,data_38.csv,onset_leak,38_98_121,24,98,121,58800,72600,leak_binary,1,102.17,102.17,102.17,102.17,103.69,103.69,103.69,103.69,103.69,103.69,109.61,109.61,109.61,109.61,109.61,109.61,101.63,101.63,101.63,101.63,101.63,101.63,90.0,90.0
train,38,data_38.csv,onset_leak,38_99_122,24,99,122,59400,73200,leak_binary,1,102.17,102.17,102.17,103.69,103.69,103.69,103.69,103.69,103.69,109.61,109.61,109.61,109.61,109.61,109.61,101.63,101.63,101.63,101.63,101.63,101.63,90.0,90.0,90.0
train,38,data_38.csv,onset_leak,38_100_123,24,100,123,60000,73800,leak_binary,1,102.17,102.17,103.69,103.69,103.69,103.69,103.69,103.69,109.61,109.61,109.61,109.61,109.61,109.61,101.63,101.63,101.63,101.63,101.63,101.63,90.0,90.0,90.0,90.0
train,38,data_38.csv,onset_leak,38_101_124,24,101,124,60600,74400,leak_binary,1,102.17,103.69,103.69,103.69,103.69,103.69,103.69,109.61,109.61,109.61,109.61,109.61,109.61,101.63,101.63,101.63,101.63,101.63,101.63,90.0,90.0,90.0,90.0,90.0
train,38,data_38.csv,onset_leak,38_102_125,24,102,125,61200,75000,leak_binary,1,103.69,103.69,103.69,103.69,103.69,103.69,109.61,109.61,109.61,109.61,109.61,109.61,101.63,101.63,101.63,101.63,101.63,101.63,90.0,90.0,90.0,90.0,90.0,90.0
train,38,data_38.csv,onset_leak,38_103_126,24,103,126,61800,75600,leak_binary,1,103.69,103.69,103.69,103.69,103.69,109.61,109.61,109.61,109.61,109.61,109.61,101.63,101.63,101.63,101.63,101.63,101.63,90.0,90.0,90.0,90.0,90.0,90.0,84.637
train,38,data_38.csv,onset_leak,38_104_127,24,104,127,62400,76200,leak_binary,1,103.69,103.69,103.69,103.69,109.61,109.61,109.61,109.61,109.61,109.61,101.63,101.63,101.63,101.63,101.63,101.63,90.0,90.0,90.0,90.0,90.0,90.0,84.637,84.637
train,38,data_38.csv,onset_leak,38_105_128,24,105,128,63000,76800,leak_binary,1,103.69,103.69,103.69,109.61,109.61,109.61,109.61,109.61,109.61,101.63,101.63,101.63,101.63,101.63,101.63,90.0,90.0,90.0,90.0,90.0,90.0,84.637,84.637,84.637
train,38,data_38.csv,onset_leak,38_106_129,24,106,129,63600,77400,leak_binary,1,103.69,103.69,109.61,109.61,109.61,109.61,109.61,109.61,101.63,101.63,101.63,101.63,101.63,101.63,90.0,90.0,90.0,90.0,90.0,90.0,84.637,84.637,84.637,84.637
train,38,data_38.csv,onset_leak,38_107_130,24,107,130,64200,78000,leak_binary,1,103.69,109.61,109.61,109.61,109.61,109.61,109.61,101.63,101.63,101.63,101.63,101.63,101.63,90.0,90.0,90.0,90.0,90.0,90.0,84.637,84.637,84.637,84.637,84.637
train,38,data_38.csv,onset_leak,38_108_131,24,108,131,64800,78600,leak_binary,1,109.61,109.61,109.61,109.61,109.61,109.61,101.63,101.63,101.63,101.63,101.63,101.63,90.0,90.0,90.0,90.0,90.0,90.0,84.637,84.637,84.637,84.637,84.637,84.637
train,38,data_38.csv,onset_leak,38_109_132,24,109,132,65400,79200,leak_binary,1,109.61,109.61,109.61,109.61,109.61,101.63,101.63,101.63,101.63,101.63,101.63,90.0,90.0,90.0,90.0,90.0,90.0,84.637,84.637,84.637,84.637,84.637,84.637,73.707
train,38,data_38.csv,onset_leak,38_110_133,24,110,133,66000,79800,leak_binary,1,109.61,109.61,109.61,109.61,101.63,101.63,101.63,101.63,101.63,101.63,90.0,90.0,90.0,90.0,90.0,90.0,84.637,84.637,84.637,84.637,84.637,84.637,73.707,73.707
train,38,data_38.csv,onset_leak,38_111_134,24,111,134,66600,80400,leak_binary,1,109.61,109.61,109.61,101.63,101.63,101.63,101.63,101.63,101.63,90.0,90.0,90.0,90.0,90.0,90.0,84.637,84.637,84.637,84.637,84.637,84.637,73.707,73.707,73.707
train,38,data_38.csv,onset_leak,38_112_135,24,112,135,67200,81000,leak_binary,1,109.61,109.61,101.63,101.63,101.63,101.63,101.63,101.63,90.0,90.0,90.0,90.0,90.0,90.0,84.637,84.637,84.637,84.637,84.637,84.637,73.707,73.707,73.707,73.707
train,38,data_38.csv,onset_leak,38_113_136,24,113,136,67800,81600,leak_binary,1,109.61,101.63,101.63,101.63,101.63,101.63,101.63,90.0,90.0,90.0,90.0,90.0,90.0,84.637,84.637,84.637,84.637,84.637,84.637,73.707,73.707,73.707,73.707,73.707
train,38,data_38.csv,onset_leak,38_114_137,24,114,137,68400,82200,leak_binary,1,101.63,101.63,101.63,101.63,101.63,101.63,90.0,90.0,90.0,90.0,90.0,90.0,84.637,84.637,84.637,84.637,84.637,84.637,73.707,73.707,73.707,73.707,73.707,73.707
train,38,data_38.csv,onset_leak,38_115_138,24,115,138,69000,82800,leak_binary,1,101.63,101.63,101.63,101.63,101.63,90.0,90.0,90.0,90.0,90.0,90.0,84.637,84.637,84.637,84.637,84.637,84.637,73.707,73.707,73.707,73.707,73.707,73.707,59.0
train,38,data_38.csv,onset_leak,38_116_139,24,116,139,69600,83400,leak_binary,1,101.63,101.63,101.63,101.63,90.0,90.0,90.0,90.0,90.0,90.0,84.637,84.637,84.637,84.637,84.637,84.637,73.707,73.707,73.707,73.707,73.707,73.707,59.0,59.0
train,38,data_38.csv,onset_leak,38_117_140,24,117,140,70200,84000,leak_binary,1,101.63,101.63,101.63,90.0,90.0,90.0,90.0,90.0,90.0,84.637,84.637,84.637,84.637,84.637,84.637,73.707,73.707,73.707,73.707,73.707,73.707,59.0,59.0,59.0
train,38,data_38.csv,onset_leak,38_118_141,24,118,141,70800,84600,leak_binary,1,101.63,101.63,90.0,90.0,90.0,90.0,90.0,90.0,84.637,84.637,84.637,84.637,84.637,84.637,73.707,73.707,73.707,73.707,73.707,73.707,59.0,59.0,59.0,59.0
train,38,data_38.csv,onset_leak,38_119_142,24,119,142,71400,85200,leak_binary,1,101.63,90.0,90.0,90.0,90.0,90.0,90.0,84.637,84.637,84.637,84.637,84.637,84.637,73.707,73.707,73.707,73.707,73.707,73.707,59.0,59.0,59.0,59.0,59.0
train,38,data_38.csv,onset_leak,38_120_143,24,120,143,72000,85800,leak_binary,1,90.0,90.0,90.0,90.0,90.0,90.0,84.637,84.637,84.637,84.637,84.637,84.637,73.707,73.707,73.707,73.707,73.707,73.707,59.0,59.0,59.0,59.0,59.0,59.0
train,38,data_38.csv,onset_leak,38_121_144,24,121,144,72600,86400,leak_binary,1,90.0,90.0,90.0,90.0,90.0,84.637,84.637,84.637,84.637,84.637,84.637,73.707,73.707,73.707,73.707,73.707,73.707,59.0,59.0,59.0,59.0,59.0,59.0,9.5
train,39,data_39.csv,onset_leak,39_0_23,24,0,23,0,13800,leak_binary,0,9.0,9.0,9.0,9.0,9.0,9.0,12.072,12.072,12.072,12.072,12.072,12.072,15.274,15.274,15.274,15.274,15.274,15.274,18.359,18.359,18.359,18.359,18.359,18.359
train,39,data_39.csv,onset_leak,39_1_24,24,1,24,600,14400,leak_binary,0,9.0,9.0,9.0,9.0,9.0,12.072,12.072,12.072,12.072,12.072,12.072,15.274,15.274,15.274,15.274,15.274,15.274,18.359,18.359,18.359,18.359,18.359,18.359,22.0
train,39,data_39.csv,onset_leak,39_2_25,24,2,25,1200,15000,leak_binary,0,9.0,9.0,9.0,9.0,12.072,12.072,12.072,12.072,12.072,12.072,15.274,15.274,15.274,15.274,15.274,15.274,18.359,18.359,18.359,18.359,18.359,18.359,22.0,22.0
train,39,data_39.csv,onset_leak,39_3_26,24,3,26,1800,15600,leak_binary,0,9.0,9.0,9.0,12.072,12.072,12.072,12.072,12.072,12.072,15.274,15.274,15.274,15.274,15.274,15.274,18.359,18.359,18.359,18.359,18.359,18.359,22.0,22.0,22.0
train,39,data_39.csv,onset_leak,39_4_27,24,4,27,2400,16200,leak_binary,0,9.0,9.0,12.072,12.072,12.072,12.072,12.072,12.072,15.274,15.274,15.274,15.274,15.274,15.274,18.359,18.359,18.359,18.359,18.359,18.359,22.0,22.0,22.0,22.0
train,39,data_39.csv,onset_leak,39_5_28,24,5,28,3000,16800,leak_binary,0,9.0,12.072,12.072,12.072,12.072,12.072,12.072,15.274,15.274,15.274,15.274,15.274,15.274,18.359,18.359,18.359,18.359,18.359,18.359,22.0,22.0,22.0,22.0,22.0
train,39,data_39.csv,onset_leak,39_6_29,24,6,29,3600,17400,leak_binary,0,12.072,12.072,12.072,12.072,12.072,12.072,15.274,15.274,15.274,15.274,15.274,15.274,18.359,18.359,18.359,18.359,18.359,18.359,22.0,22.0,22.0,22.0,22.0,22.0
train,39,data_39.csv,onset_leak,39_7_30,24,7,30,4200,18000,leak_binary,0,12.072,12.072,12.072,12.072,12.072,15.274,15.274,15.274,15.274,15.274,15.274,18.359,18.359,18.359,18.359,18.359,18.359,22.0,22.0,22.0,22.0,22.0,22.0,29.218
train,39,data_39.csv,onset_leak,39_8_31,24,8,31,4800,18600,leak_binary,0,12.072,12.072,12.072,12.072,15.274,15.274,15.274,15.274,15.274,15.274,18.359,18.359,18.359,18.359,18.359,18.359,22.0,22.0,22.0,22.0,22.0,22.0,29.218,29.218
train,39,data_39.csv,onset_leak,39_9_32,24,9,32,5400,19200,leak_binary,0,12.072,12.072,12.072,15.274,15.274,15.274,15.274,15.274,15.274,18.359,18.359,18.359,18.359,18.359,18.359,22.0,22.0,22.0,22.0,22.0,22.0,29.218,29.218,29.218
train,39,data_39.csv,onset_leak,39_10_33,24,10,33,6000,19800,leak_binary,0,12.072,12.072,15.274,15.274,15.274,15.274,15.274,15.274,18.359,18.359,18.359,18.359,18.359,18.359,22.0,22.0,22.0,22.0,22.0,22.0,29.218,29.218,29.218,29.218
train,39,data_39.csv,onset_leak,39_11_34,24,11,34,6600,20400,leak_binary,0,12.072,15.274,15.274,15.274,15.274,15.274,15.274,18.359,18.359,18.359,18.359,18.359,18.359,22.0,22.0,22.0,22.0,22.0,22.0,29.218,29.218,29.218,29.218,29.218
train,39,data_39.csv,onset_leak,39_12_35,24,12,35,7200,21000,leak_binary,0,15.274,15.274,15.274,15.274,15.274,15.274,18.359,18.359,18.359,18.359,18.359,18.359,22.0,22.0,22.0,22.0,22.0,22.0,29.218,29.218,29.218,29.218,29.218,29.218
train,39,data_39.csv,onset_leak,39_13_36,24,13,36,7800,21600,leak_binary,0,15.274,15.274,15.274,15.274,15.274,18.359,18.359,18.359,18.359,18.359,18.359,22.0,22.0,22.0,22.0,22.0,22.0,29.218,29.218,29.218,29.218,29.218,29.218,38.377
train,39,data_39.csv,onset_leak,39_14_37,24,14,37,8400,22200,leak_binary,0,15.274,15.274,15.274,15.274,18.359,18.359,18.359,18.359,18.359,18.359,22.0,22.0,22.0,22.0,22.0,22.0,29.218,29.218,29.218,29.218,29.218,29.218,38.377,38.377
train,39,data_39.csv,onset_leak,39_15_38,24,15,38,9000,22800,leak_binary,0,15.274,15.274,15.274,18.359,18.359,18.359,18.359,18.359,18.359,22.0,22.0,22.0,22.0,22.0,22.0,29.218,29.218,29.218,29.218,29.218,29.218,38.377,38.377,38.377
train,39,data_39.csv,onset_leak,39_16_39,24,16,39,9600,23400,leak_binary,0,15.274,15.274,18.359,18.359,18.359,18.359,18.359,18.359,22.0,22.0,22.0,22.0,22.0,22.0,29.218,29.218,29.218,29.218,29.218,29.218,38.377,38.377,38.377,38.377
train,39,data_39.csv,onset_leak,39_17_40,24,17,40,10200,24000,leak_binary,0,15.274,18.359,18.359,18.359,18.359,18.359,18.359,22.0,22.0,22.0,22.0,22.0,22.0,29.218,29.218,29.218,29.218,29.218,29.218,38.377,38.377,38.377,38.377,38.377
train,39,data_39.csv,onset_leak,39_18_41,24,18,41,10800,24600,leak_binary,0,18.359,18.359,18.359,18.359,18.359,18.359,22.0,22.0,22.0,22.0,22.0,22.0,29.218,29.218,29.218,29.218,29.218,29.218,38.377,38.377,38.377,38.377,38.377,38.377
train,39,data_39.csv,onset_leak,39_19_42,24,19,42,11400,25200,leak_binary,0,18.359,18.359,18.359,18.359,18.359,22.0,22.0,22.0,22.0,22.0,22.0,29.218,29.218,29.218,29.218,29.218,29.218,38.377,38.377,38.377,38.377,38.377,38.377,43.868
train,39,data_39.csv,onset_leak,39_20_43,24,20,43,12000,25800,leak_binary,0,18.359,18.359,18.359,18.359,22.0,22.0,22.0,22.0,22.0,22.0,29.218,29.218,29.218,29.218,29.218,29.218,38.377,38.377,38.377,38.377,38.377,38.377,43.868,43.868
train,39,data_39.csv,onset_leak,39_21_44,24,21,44,12600,26400,leak_binary,0,18.359,18.359,18.359,22.0,22.0,22.0,22.0,22.0,22.0,29.218,29.218,29.218,29.218,29.218,29.218,38.377,38.377,38.377,38.377,38.377,38.377,43.868,43.868,43.868
train,39,data_39.csv,onset_leak,39_22_45,24,22,45,13200,27000,leak_binary,0,18.359,18.359,22.0,22.0,22.0,22.0,22.0,22.0,29.218,29.218,29.218,29.218,29.218,29.218,38.377,38.377,38.377,38.377,38.377,38.377,43.868,43.868,43.868,43.868
train,39,data_39.csv,onset_leak,39_23_46,24,23,46,13800,27600,leak_binary,0,18.359,22.0,22.0,22.0,22.0,22.0,22.0,29.218,29.218,29.218,29.218,29.218,29.218,38.377,38.377,38.377,38.377,38.377,38.377,43.868,43.868,43.868,43.868,43.868
train,39,data_39.csv,onset_leak,39_24_47,24,24,47,14400,28200,leak_binary,0,22.0,22.0,22.0,22.0,22.0,22.0,29.218,29.218,29.218,29.218,29.218,29.218,38.377,38.377,38.377,38.377,38.377,38.377,43.868,43.868,43.868,43.868,43.868,43.868
train,39,data_39.csv,onset_leak,39_25_48,24,25,48,15000,28800,leak_binary,0,22.0,22.0,22.0,22.0,22.0,29.218,29.218,29.218,29.218,29.218,29.218,38.377,38.377,38.377,38.377,38.377,38.377,43.868,43.868,43.868,43.868,43.868,43.868,44.356
train,39,data_39.csv,onset_leak,39_26_49,24,26,49,15600,29400,leak_binary,0,22.0,22.0,22.0,22.0,29.218,29.218,29.218,29.218,29.218,29.218,38.377,38.377,38.377,38.377,38.377,38.377,43.868,43.868,43.868,43.868,43.868,43.868,44.356,44.356
train,39,data_39.csv,onset_leak,39_27_50,24,27,50,16200,30000,leak_binary,0,22.0,22.0,22.0,29.218,29.218,29.218,29.218,29.218,29.218,38.377,38.377,38.377,38.377,38.377,38.377,43.868,43.868,43.868,43.868,43.868,43.868,44.356,44.356,44.356
train,39,data_39.csv,onset_leak,39_28_51,24,28,51,16800,30600,leak_binary,0,22.0,22.0,29.218,29.218,29.218,29.218,29.218,29.218,38.377,38.377,38.377,38.377,38.377,38.377,43.868,43.868,43.868,43.868,43.868,43.868,44.356,44.356,44.356,44.356
train,39,data_39.csv,onset_leak,39_29_52,24,29,52,17400,31200,leak_binary,0,22.0,29.218,29.218,29.218,29.218,29.218,29.218,38.377,38.377,38.377,38.377,38.377,38.377,43.868,43.868,43.868,43.868,43.868,43.868,44.356,44.356,44.356,44.356,44.356
train,39,data_39.csv,onset_leak,39_30_53,24,30,53,18000,31800,leak_binary,0,29.218,29.218,29.218,29.218,29.218,29.218,38.377,38.377,38.377,38.377,38.377,38.377,43.868,43.868,43.868,43.868,43.868,43.868,44.356,44.356,44.356,44.356,44.356,44.356
train,39,data_39.csv,onset_leak,39_31_54,24,31,54,18600,32400,leak_binary,0,29.218,29.218,29.218,29.218,29.218,38.377,38.377,38.377,38.377,38.377,38.377,43.868,43.868,43.868,43.868,43.868,43.868,44.356,44.356,44.356,44.356,44.356,44.356,46.798
train,39,data_39.csv,onset_leak,39_32_55,24,32,55,19200,33000,leak_binary,0,29.218,29.218,29.218,29.218,38.377,38.377,38.377,38.377,38.377,38.377,43.868,43.868,43.868,43.868,43.868,43.868,44.356,44.356,44.356,44.356,44.356,44.356,46.798,46.798
train,39,data_39.csv,onset_leak,39_33_56,24,33,56,19800,33600,leak_binary,0,29.218,29.218,29.218,38.377,38.377,38.377,38.377,38.377,38.377,43.868,43.868,43.868,43.868,43.868,43.868,44.356,44.356,44.356,44.356,44.356,44.356,46.798,46.798,46.798
train,39,data_39.csv,onset_leak,39_34_57,24,34,57,20400,34200,leak_binary,0,29.218,29.218,38.377,38.377,38.377,38.377,38.377,38.377,43.868,43.868,43.868,43.868,43.868,43.868,44.356,44.356,44.356,44.356,44.356,44.356,46.798,46.798,46.798,46.798
train,39,data_39.csv,onset_leak,39_35_58,24,35,58,21000,34800,leak_binary,0,29.218,38.377,38.377,38.377,38.377,38.377,38.377,43.868,43.868,43.868,43.868,43.868,43.868,44.356,44.356,44.356,44.356,44.356,44.356,46.798,46.798,46.798,46.798,46.798
train,39,data_39.csv,onset_leak,39_36_59,24,36,59,21600,35400,leak_binary,0,38.377,38.377,38.377,38.377,38.377,38.377,43.868,43.868,43.868,43.868,43.868,43.868,44.356,44.356,44.356,44.356,44.356,44.356,46.798,46.798,46.798,46.798,46.798,46.798
train,39,data_39.csv,onset_leak,39_37_60,24,37,60,22200,36000,leak_binary,0,38.377,38.377,38.377,38.377,38.377,43.868,43.868,43.868,43.868,43.868,43.868,44.356,44.356,44.356,44.356,44.356,44.356,46.798,46.798,46.798,46.798,46.798,46.798,51.382
train,39,data_39.csv,onset_leak,39_38_61,24,38,61,22800,36600,leak_binary,0,38.377,38.377,38.377,38.377,43.868,43.868,43.868,43.868,43.868,43.868,44.356,44.356,44.356,44.356,44.356,44.356,46.798,46.798,46.798,46.798,46.798,46.798,51.382,51.382
train,39,data_39.csv,onset_leak,39_39_62,24,39,62,23400,37200,leak_binary,0,38.377,38.377,38.377,43.868,43.868,43.868,43.868,43.868,43.868,44.356,44.356,44.356,44.356,44.356,44.356,46.798,46.798,46.798,46.798,46.798,46.798,51.382,51.382,51.382
train,39,data_39.csv,onset_leak,39_40_63,24,40,63,24000,37800,leak_binary,0,38.377,38.377,43.868,43.868,43.868,43.868,43.868,43.868,44.356,44.356,44.356,44.356,44.356,44.356,46.798,46.798,46.798,46.798,46.798,46.798,51.382,51.382,51.382,51.382
train,39,data_39.csv,onset_leak,39_41_64,24,41,64,24600,38400,leak_binary,0,38.377,43.868,43.868,43.868,43.868,43.868,43.868,44.356,44.356,44.356,44.356,44.356,44.356,46.798,46.798,46.798,46.798,46.798,46.798,51.382,51.382,51.382,51.382,51.382
train,39,data_39.csv,onset_leak,39_42_65,24,42,65,25200,39000,leak_binary,0,43.868,43.868,43.868,43.868,43.868,43.868,44.356,44.356,44.356,44.356,44.356,44.356,46.798,46.798,46.798,46.798,46.798,46.798,51.382,51.382,51.382,51.382,51.382,51.382
train,39,data_39.csv,onset_leak,39_43_66,24,43,66,25800,39600,leak_binary,0,43.868,43.868,43.868,43.868,43.868,44.356,44.356,44.356,44.356,44.356,44.356,46.798,46.798,46.798,46.798,46.798,46.798,51.382,51.382,51.382,51.382,51.382,51.382,52.5
train,39,data_39.csv,onset_leak,39_44_67,24,44,67,26400,40200,leak_binary,0,43.868,43.868,43.868,43.868,44.356,44.356,44.356,44.356,44.356,44.356,46.798,46.798,46.798,46.798,46.798,46.798,51.382,51.382,51.382,51.382,51.382,51.382,52.5,52.5
train,39,data_39.csv,onset_leak,39_45_68,24,45,68,27000,40800,leak_binary,0,43.868,43.868,43.868,44.356,44.356,44.356,44.356,44.356,44.356,46.798,46.798,46.798,46.798,46.798,46.798,51.382,51.382,51.382,51.382,51.382,51.382,52.5,52.5,52.5
train,39,data_39.csv,onset_leak,39_46_69,24,46,69,27600,41400,leak_binary,0,43.868,43.868,44.356,44.356,44.356,44.356,44.356,44.356,46.798,46.798,46.798,46.798,46.798,46.798,51.382,51.382,51.382,51.382,51.382,51.382,52.5,52.5,52.5,52.5
train,39,data_39.csv,onset_leak,39_47_70,24,47,70,28200,42000,leak_binary,0,43.868,44.356,44.356,44.356,44.356,44.356,44.356,46.798,46.798,46.798,46.798,46.798,46.798,51.382,51.382,51.382,51.382,51.382,51.382,52.5,52.5,52.5,52.5,52.5
train,39,data_39.csv,onset_leak,39_48_71,24,48,71,28800,42600,leak_binary,0,44.356,44.356,44.356,44.356,44.356,44.356,46.798,46.798,46.798,46.798,46.798,46.798,51.382,51.382,51.382,51.382,51.382,51.382,52.5,52.5,52.5,52.5,52.5,52.5
train,39,data_39.csv,onset_leak,39_49_72,24,49,72,29400,43200,leak_binary,1,44.356,44.356,44.356,44.356,44.356,46.798,46.798,46.798,46.798,46.798,46.798,51.382,51.382,51.382,51.382,51.382,51.382,52.5,52.5,52.5,52.5,52.5,52.5,88.588
train,39,data_39.csv,onset_leak,39_50_73,24,50,73,30000,43800,leak_binary,1,44.356,44.356,44.356,44.356,46.798,46.798,46.798,46.798,46.798,46.798,51.382,51.382,51.382,51.382,51.382,51.382,52.5,52.5,52.5,52.5,52.5,52.5,88.588,88.588
train,39,data_39.csv,onset_leak,39_51_74,24,51,74,30600,44400,leak_binary,1,44.356,44.356,44.356,46.798,46.798,46.798,46.798,46.798,46.798,51.382,51.382,51.382,51.382,51.382,51.382,52.5,52.5,52.5,52.5,52.5,52.5,88.588,88.588,88.588
train,39,data_39.csv,onset_leak,39_52_75,24,52,75,31200,45000,leak_binary,1,44.356,44.356,46.798,46.798,46.798,46.798,46.798,46.798,51.382,51.382,51.382,51.382,51.382,51.382,52.5,52.5,52.5,52.5,52.5,52.5,88.588,88.588,88.588,88.588
train,39,data_39.csv,onset_leak,39_53_76,24,53,76,31800,45600,leak_binary,1,44.356,46.798,46.798,46.798,46.798,46.798,46.798,51.382,51.382,51.382,51.382,51.382,51.382,52.5,52.5,52.5,52.5,52.5,52.5,88.588,88.588,88.588,88.588,88.588
train,39,data_39.csv,onset_leak,39_54_77,24,54,77,32400,46200,leak_binary,1,46.798,46.798,46.798,46.798,46.798,46.798,51.382,51.382,51.382,51.382,51.382,51.382,52.5,52.5,52.5,52.5,52.5,52.5,88.588,88.588,88.588,88.588,88.588,88.588
train,39,data_39.csv,onset_leak,39_55_78,24,55,78,33000,46800,leak_binary,1,46.798,46.798,46.798,46.798,46.798,51.382,51.382,51.382,51.382,51.382,51.382,52.5,52.5,52.5,52.5,52.5,52.5,88.588,88.588,88.588,88.588,88.588,88.588,83.661
train,39,data_39.csv,onset_leak,39_56_79,24,56,79,33600,47400,leak_binary,1,46.798,46.798,46.798,46.798,51.382,51.382,51.382,51.382,51.382,51.382,52.5,52.5,52.5,52.5,52.5,52.5,88.588,88.588,88.588,88.588,88.588,88.588,83.661,83.661
train,39,data_39.csv,onset_leak,39_57_80,24,57,80,34200,48000,leak_binary,1,46.798,46.798,46.798,51.382,51.382,51.382,51.382,51.382,51.382,52.5,52.5,52.5,52.5,52.5,52.5,88.588,88.588,88.588,88.588,88.588,88.588,83.661,83.661,83.661
train,39,data_39.csv,onset_leak,39_58_81,24,58,81,34800,48600,leak_binary,1,46.798,46.798,51.382,51.382,51.382,51.382,51.382,51.382,52.5,52.5,52.5,52.5,52.5,52.5,88.588,88.588,88.588,88.588,88.588,88.588,83.661,83.661,83.661,83.661
train,39,data_39.csv,onset_leak,39_59_82,24,59,82,35400,49200,leak_binary,1,46.798,51.382,51.382,51.382,51.382,51.382,51.382,52.5,52.5,52.5,52.5,52.5,52.5,88.588,88.588,88.588,88.588,88.588,88.588,83.661,83.661,83.661,83.661,83.661
train,39,data_39.csv,onset_leak,39_60_83,24,60,83,36000,49800,leak_binary,1,51.382,51.382,51.382,51.382,51.382,51.382,52.5,52.5,52.5,52.5,52.5,52.5,88.588,88.588,88.588,88.588,88.588,88.588,83.661,83.661,83.661,83.661,83.661,83.661
train,39,data_39.csv,onset_leak,39_61_84,24,61,84,36600,50400,leak_binary,1,51.382,51.382,51.382,51.382,51.382,52.5,52.5,52.5,52.5,52.5,52.5,88.588,88.588,88.588,88.588,88.588,88.588,83.661,83.661,83.661,83.661,83.661,83.661,80.5
train,39,data_39.csv,onset_leak,39_62_85,24,62,85,37200,51000,leak_binary,1,51.382,51.382,51.382,51.382,52.5,52.5,52.5,52.5,52.5,52.5,88.588,88.588,88.588,88.588,88.588,88.588,83.661,83.661,83.661,83.661,83.661,83.661,80.5,80.5
train,39,data_39.csv,onset_leak,39_63_86,24,63,86,37800,51600,leak_binary,1,51.382,51.382,51.382,52.5,52.5,52.5,52.5,52.5,52.5,88.588,88.588,88.588,88.588,88.588,88.588,83.661,83.661,83.661,83.661,83.661,83.661,80.5,80.5,80.5
train,39,data_39.csv,onset_leak,39_64_87,24,64,87,38400,52200,leak_binary,1,51.382,51.382,52.5,52.5,52.5,52.5,52.5,52.5,88.588,88.588,88.588,88.588,88.588,88.588,83.661,83.661,83.661,83.661,83.661,83.661,80.5,80.5,80.5,80.5
train,39,data_39.csv,onset_leak,39_65_88,24,65,88,39000,52800,leak_binary,1,51.382,52.5,52.5,52.5,52.5,52.5,52.5,88.588,88.588,88.588,88.588,88.588,88.588,83.661,83.661,83.661,83.661,83.661,83.661,80.5,80.5,80.5,80.5,80.5
train,39,data_39.csv,onset_leak,39_66_89,24,66,89,39600,53400,leak_binary,1,52.5,52.5,52.5,52.5,52.5,52.5,88.588,88.588,88.588,88.588,88.588,88.588,83.661,83.661,83.661,83.661,83.661,83.661,80.5,80.5,80.5,80.5,80.5,80.5
train,39,data_39.csv,onset_leak,39_67_90,24,67,90,40200,54000,leak_binary,1,52.5,52.5,52.5,52.5,52.5,88.588,88.588,88.588,88.588,88.588,88.588,83.661,83.661,83.661,83.661,83.661,83.661,80.5,80.5,80.5,80.5,80.5,80.5,80.692
train,39,data_39.csv,onset_leak,39_68_91,24,68,91,40800,54600,leak_binary,1,52.5,52.5,52.5,52.5,88.588,88.588,88.588,88.588,88.588,88.588,83.661,83.661,83.661,83.661,83.661,83.661,80.5,80.5,80.5,80.5,80.5,80.5,80.692,80.692
train,39,data_39.csv,onset_leak,39_69_92,24,69,92,41400,55200,leak_binary,1,52.5,52.5,52.5,88.588,88.588,88.588,88.588,88.588,88.588,83.661,83.661,83.661,83.661,83.661,83.661,80.5,80.5,80.5,80.5,80.5,80.5,80.692,80.692,80.692
train,39,data_39.csv,onset_leak,39_70_93,24,70,93,42000,55800,leak_binary,1,52.5,52.5,88.588,88.588,88.588,88.588,88.588,88.588,83.661,83.661,83.661,83.661,83.661,83.661,80.5,80.5,80.5,80.5,80.5,80.5,80.692,80.692,80.692,80.692
train,39,data_39.csv,onset_leak,39_71_94,24,71,94,42600,56400,leak_binary,1,52.5,88.588,88.588,88.588,88.588,88.588,88.588,83.661,83.661,83.661,83.661,83.661,83.661,80.5,80.5,80.5,80.5,80.5,80.5,80.692,80.692,80.692,80.692,80.692
train,39,data_39.csv,onset_leak,39_72_95,24,72,95,43200,57000,leak_binary,1,88.588,88.588,88.588,88.588,88.588,88.588,83.661,83.661,83.661,83.661,83.661,83.661,80.5,80.5,80.5,80.5,80.5,80.5,80.692,80.692,80.692,80.692,80.692,80.692
train,39,data_39.csv,onset_leak,39_73_96,24,73,96,43800,57600,leak_binary,1,88.588,88.588,88.588,88.588,88.588,83.661,83.661,83.661,83.661,83.661,83.661,80.5,80.5,80.5,80.5,80.5,80.5,80.692,80.692,80.692,80.692,80.692,80.692,83.034
train,39,data_39.csv,onset_leak,39_74_97,24,74,97,44400,58200,leak_binary,1,88.588,88.588,88.588,88.588,83.661,83.661,83.661,83.661,83.661,83.661,80.5,80.5,80.5,80.5,80.5,80.5,80.692,80.692,80.692,80.692,80.692,80.692,83.034,83.034
train,39,data_39.csv,onset_leak,39_75_98,24,75,98,45000,58800,leak_binary,1,88.588,88.588,88.588,83.661,83.661,83.661,83.661,83.661,83.661,80.5,80.5,80.5,80.5,80.5,80.5,80.692,80.692,80.692,80.692,80.692,80.692,83.034,83.034,83.034
train,39,data_39.csv,onset_leak,39_76_99,24,76,99,45600,59400,leak_binary,1,88.588,88.588,83.661,83.661,83.661,83.661,83.661,83.661,80.5,80.5,80.5,80.5,80.5,80.5,80.692,80.692,80.692,80.692,80.692,80.692,83.034,83.034,83.034,83.034
train,39,data_39.csv,onset_leak,39_77_100,24,77,100,46200,60000,leak_binary,1,88.588,83.661,83.661,83.661,83.661,83.661,83.661,80.5,80.5,80.5,80.5,80.5,80.5,80.692,80.692,80.692,80.692,80.692,80.692,83.034,83.034,83.034,83.034,83.034
train,39,data_39.csv,onset_leak,39_78_101,24,78,101,46800,60600,leak_binary,1,83.661,83.661,83.661,83.661,83.661,83.661,80.5,80.5,80.5,80.5,80.5,80.5,80.692,80.692,80.692,80.692,80.692,80.692,83.034,83.034,83.034,83.034,83.034,83.034
train,39,data_39.csv,onset_leak,39_79_102,24,79,102,47400,61200,leak_binary,1,83.661,83.661,83.661,83.661,83.661,80.5,80.5,80.5,80.5,80.5,80.5,80.692,80.692,80.692,80.692,80.692,80.692,83.034,83.034,83.034,83.034,83.034,83.034,86.11
train,39,data_39.csv,onset_leak,39_80_103,24,80,103,48000,61800,leak_binary,1,83.661,83.661,83.661,83.661,80.5,80.5,80.5,80.5,80.5,80.5,80.692,80.692,80.692,80.692,80.692,80.692,83.034,83.034,83.034,83.034,83.034,83.034,86.11,86.11
train,39,data_39.csv,onset_leak,39_81_104,24,81,104,48600,62400,leak_binary,1,83.661,83.661,83.661,80.5,80.5,80.5,80.5,80.5,80.5,80.692,80.692,80.692,80.692,80.692,80.692,83.034,83.034,83.034,83.034,83.034,83.034,86.11,86.11,86.11
train,39,data_39.csv,onset_leak,39_82_105,24,82,105,49200,63000,leak_binary,1,83.661,83.661,80.5,80.5,80.5,80.5,80.5,80.5,80.692,80.692,80.692,80.692,80.692,80.692,83.034,83.034,83.034,83.034,83.034,83.034,86.11,86.11,86.11,86.11
train,39,data_39.csv,onset_leak,39_83_106,24,83,106,49800,63600,leak_binary,1,83.661,80.5,80.5,80.5,80.5,80.5,80.5,80.692,80.692,80.692,80.692,80.692,80.692,83.034,83.034,83.034,83.034,83.034,83.034,86.11,86.11,86.11,86.11,86.11
train,39,data_39.csv,onset_leak,39_84_107,24,84,107,50400,64200,leak_binary,1,80.5,80.5,80.5,80.5,80.5,80.5,80.692,80.692,80.692,80.692,80.692,80.692,83.034,83.034,83.034,83.034,83.034,83.034,86.11,86.11,86.11,86.11,86.11,86.11
train,39,data_39.csv,onset_leak,39_85_108,24,85,108,51000,64800,leak_binary,1,80.5,80.5,80.5,80.5,80.5,80.692,80.692,80.692,80.692,80.692,80.692,83.034,83.034,83.034,83.034,83.034,83.034,86.11,86.11,86.11,86.11,86.11,86.11,88.5
train,39,data_39.csv,onset_leak,39_86_109,24,86,109,51600,65400,leak_binary,1,80.5,80.5,80.5,80.5,80.692,80.692,80.692,80.692,80.692,80.692,83.034,83.034,83.034,83.034,83.034,83.034,86.11,86.11,86.11,86.11,86.11,86.11,88.5,88.5
train,39,data_39.csv,onset_leak,39_87_110,24,87,110,52200,66000,leak_binary,1,80.5,80.5,80.5,80.692,80.692,80.692,80.692,80.692,80.692,83.034,83.034,83.034,83.034,83.034,83.034,86.11,86.11,86.11,86.11,86.11,86.11,88.5,88.5,88.5
train,39,data_39.csv,onset_leak,39_88_111,24,88,111,52800,66600,leak_binary,1,80.5,80.5,80.692,80.692,80.692,80.692,80.692,80.692,83.034,83.034,83.034,83.034,83.034,83.034,86.11,86.11,86.11,86.11,86.11,86.11,88.5,88.5,88.5,88.5
train,39,data_39.csv,onset_leak,39_89_112,24,89,112,53400,67200,leak_binary,1,80.5,80.692,80.692,80.692,80.692,80.692,80.692,83.034,83.034,83.034,83.034,83.034,83.034,86.11,86.11,86.11,86.11,86.11,86.11,88.5,88.5,88.5,88.5,88.5
train,39,data_39.csv,onset_leak,39_90_113,24,90,113,54000,67800,leak_binary,1,80.692,80.692,80.692,80.692,80.692,80.692,83.034,83.034,83.034,83.034,83.034,83.034,86.11,86.11,86.11,86.11,86.11,86.11,88.5,88.5,88.5,88.5,88.5,88.5
train,39,data_39.csv,onset_leak,39_91_114,24,91,114,54600,68400,leak_binary,1,80.692,80.692,80.692,80.692,80.692,83.034,83.034,83.034,83.034,83.034,83.034,86.11,86.11,86.11,86.11,86.11,86.11,88.5,88.5,88.5,88.5,88.5,88.5,88.191
train,39,data_39.csv,onset_leak,39_92_115,24,92,115,55200,69000,leak_binary,1,80.692,80.692,80.692,80.692,83.034,83.034,83.034,83.034,83.034,83.034,86.11,86.11,86.11,86.11,86.11,86.11,88.5,88.5,88.5,88.5,88.5,88.5,88.191,88.191
train,39,data_39.csv,onset_leak,39_93_116,24,93,116,55800,69600,leak_binary,1,80.692,80.692,80.692,83.034,83.034,83.034,83.034,83.034,83.034,86.11,86.11,86.11,86.11,86.11,86.11,88.5,88.5,88.5,88.5,88.5,88.5,88.191,88.191,88.191
train,39,data_39.csv,onset_leak,39_94_117,24,94,117,56400,70200,leak_binary,1,80.692,80.692,83.034,83.034,83.034,83.034,83.034,83.034,86.11,86.11,86.11,86.11,86.11,86.11,88.5,88.5,88.5,88.5,88.5,88.5,88.191,88.191,88.191,88.191
train,39,data_39.csv,onset_leak,39_95_118,24,95,118,57000,70800,leak_binary,1,80.692,83.034,83.034,83.034,83.034,83.034,83.034,86.11,86.11,86.11,86.11,86.11,86.11,88.5,88.5,88.5,88.5,88.5,88.5,88.191,88.191,88.191,88.191,88.191
train,39,data_39.csv,onset_leak,39_96_119,24,96,119,57600,71400,leak_binary,1,83.034,83.034,83.034,83.034,83.034,83.034,86.11,86.11,86.11,86.11,86.11,86.11,88.5,88.5,88.5,88.5,88.5,88.5,88.191,88.191,88.191,88.191,88.191,88.191
train,39,data_39.csv,onset_leak,39_97_120,24,97,120,58200,72000,leak_binary,1,83.034,83.034,83.034,83.034,83.034,86.11,86.11,86.11,86.11,86.11,86.11,88.5,88.5,88.5,88.5,88.5,88.5,88.191,88.191,88.191,88.191,88.191,88.191,86.0
train,39,data_39.csv,onset_leak,39_98_121,24,98,121,58800,72600,leak_binary,1,83.034,83.034,83.034,83.034,86.11,86.11,86.11,86.11,86.11,86.11,88.5,88.5,88.5,88.5,88.5,88.5,88.191,88.191,88.191,88.191,88.191,88.191,86.0,86.0
train,39,data_39.csv,onset_leak,39_99_122,24,99,122,59400,73200,leak_binary,1,83.034,83.034,83.034,86.11,86.11,86.11,86.11,86.11,86.11,88.5,88.5,88.5,88.5,88.5,88.5,88.191,88.191,88.191,88.191,88.191,88.191,86.0,86.0,86.0
train,39,data_39.csv,onset_leak,39_100_123,24,100,123,60000,73800,leak_binary,1,83.034,83.034,86.11,86.11,86.11,86.11,86.11,86.11,88.5,88.5,88.5,88.5,88.5,88.5,88.191,88.191,88.191,88.191,88.191,88.191,86.0,86.0,86.0,86.0
train,39,data_39.csv,onset_leak,39_101_124,24,101,124,60600,74400,leak_binary,1,83.034,86.11,86.11,86.11,86.11,86.11,86.11,88.5,88.5,88.5,88.5,88.5,88.5,88.191,88.191,88.191,88.191,88.191,88.191,86.0,86.0,86.0,86.0,86.0
train,39,data_39.csv,onset_leak,39_102_125,24,102,125,61200,75000,leak_binary,1,86.11,86.11,86.11,86.11,86.11,86.11,88.5,88.5,88.5,88.5,88.5,88.5,88.191,88.191,88.191,88.191,88.191,88.191,86.0,86.0,86.0,86.0,86.0,86.0
train,39,data_39.csv,onset_leak,39_103_126,24,103,126,61800,75600,leak_binary,1,86.11,86.11,86.11,86.11,86.11,88.5,88.5,88.5,88.5,88.5,88.5,88.191,88.191,88.191,88.191,88.191,88.191,86.0,86.0,86.0,86.0,86.0,86.0,80.69
train,39,data_39.csv,onset_leak,39_104_127,24,104,127,62400,76200,leak_binary,1,86.11,86.11,86.11,86.11,88.5,88.5,88.5,88.5,88.5,88.5,88.191,88.191,88.191,88.191,88.191,88.191,86.0,86.0,86.0,86.0,86.0,86.0,80.69,80.69
train,39,data_39.csv,onset_leak,39_105_128,24,105,128,63000,76800,leak_binary,1,86.11,86.11,86.11,88.5,88.5,88.5,88.5,88.5,88.5,88.191,88.191,88.191,88.191,88.191,88.191,86.0,86.0,86.0,86.0,86.0,86.0,80.69,80.69,80.69
train,39,data_39.csv,onset_leak,39_106_129,24,106,129,63600,77400,leak_binary,1,86.11,86.11,88.5,88.5,88.5,88.5,88.5,88.5,88.191,88.191,88.191,88.191,88.191,88.191,86.0,86.0,86.0,86.0,86.0,86.0,80.69,80.69,80.69,80.69
train,39,data_39.csv,onset_leak,39_107_130,24,107,130,64200,78000,leak_binary,1,86.11,88.5,88.5,88.5,88.5,88.5,88.5,88.191,88.191,88.191,88.191,88.191,88.191,86.0,86.0,86.0,86.0,86.0,86.0,80.69,80.69,80.69,80.69,80.69
train,39,data_39.csv,onset_leak,39_108_131,24,108,131,64800,78600,leak_binary,1,88.5,88.5,88.5,88.5,88.5,88.5,88.191,88.191,88.191,88.191,88.191,88.191,86.0,86.0,86.0,86.0,86.0,86.0,80.69,80.69,80.69,80.69,80.69,80.69
train,39,data_39.csv,onset_leak,39_109_132,24,109,132,65400,79200,leak_binary,1,88.5,88.5,88.5,88.5,88.5,88.191,88.191,88.191,88.191,88.191,88.191,86.0,86.0,86.0,86.0,86.0,86.0,80.69,80.69,80.69,80.69,80.69,80.69,69.95
train,39,data_39.csv,onset_leak,39_110_133,24,110,133,66000,79800,leak_binary,1,88.5,88.5,88.5,88.5,88.191,88.191,88.191,88.191,88.191,88.191,86.0,86.0,86.0,86.0,86.0,86.0,80.69,80.69,80.69,80.69,80.69,80.69,69.95,69.95
train,39,data_39.csv,onset_leak,39_111_134,24,111,134,66600,80400,leak_binary,1,88.5,88.5,88.5,88.191,88.191,88.191,88.191,88.191,88.191,86.0,86.0,86.0,86.0,86.0,86.0,80.69,80.69,80.69,80.69,80.69,80.69,69.95,69.95,69.95
train,39,data_39.csv,onset_leak,39_112_135,24,112,135,67200,81000,leak_binary,1,88.5,88.5,88.191,88.191,88.191,88.191,88.191,88.191,86.0,86.0,86.0,86.0,86.0,86.0,80.69,80.69,80.69,80.69,80.69,80.69,69.95,69.95,69.95,69.95
train,39,data_39.csv,onset_leak,39_113_136,24,113,136,67800,81600,leak_binary,1,88.5,88.191,88.191,88.191,88.191,88.191,88.191,86.0,86.0,86.0,86.0,86.0,86.0,80.69,80.69,80.69,80.69,80.69,80.69,69.95,69.95,69.95,69.95,69.95
train,39,data_39.csv,onset_leak,39_114_137,24,114,137,68400,82200,leak_binary,1,88.191,88.191,88.191,88.191,88.191,88.191,86.0,86.0,86.0,86.0,86.0,86.0,80.69,80.69,80.69,80.69,80.69,80.69,69.95,69.95,69.95,69.95,69.95,69.95
train,39,data_39.csv,onset_leak,39_115_138,24,115,138,69000,82800,leak_binary,1,88.191,88.191,88.191,88.191,88.191,86.0,86.0,86.0,86.0,86.0,86.0,80.69,80.69,80.69,80.69,80.69,80.69,69.95,69.95,69.95,69.95,69.95,69.95,55.0
train,39,data_39.csv,onset_leak,39_116_139,24,116,139,69600,83400,leak_binary,1,88.191,88.191,88.191,88.191,86.0,86.0,86.0,86.0,86.0,86.0,80.69,80.69,80.69,80.69,80.69,80.69,69.95,69.95,69.95,69.95,69.95,69.95,55.0,55.0
train,39,data_39.csv,onset_leak,39_117_140,24,117,140,70200,84000,leak_binary,1,88.191,88.191,88.191,86.0,86.0,86.0,86.0,86.0,86.0,80.69,80.69,80.69,80.69,80.69,80.69,69.95,69.95,69.95,69.95,69.95,69.95,55.0,55.0,55.0
train,39,data_39.csv,onset_leak,39_118_141,24,118,141,70800,84600,leak_binary,1,88.191,88.191,86.0,86.0,86.0,86.0,86.0,86.0,80.69,80.69,80.69,80.69,80.69,80.69,69.95,69.95,69.95,69.95,69.95,69.95,55.0,55.0,55.0,55.0
train,39,data_39.csv,onset_leak,39_119_142,24,119,142,71400,85200,leak_binary,1,88.191,86.0,86.0,86.0,86.0,86.0,86.0,80.69,80.69,80.69,80.69,80.69,80.69,69.95,69.95,69.95,69.95,69.95,69.95,55.0,55.0,55.0,55.0,55.0
train,39,data_39.csv,onset_leak,39_120_143,24,120,143,72000,85800,leak_binary,1,86.0,86.0,86.0,86.0,86.0,86.0,80.69,80.69,80.69,80.69,80.69,80.69,69.95,69.95,69.95,69.95,69.95,69.95,55.0,55.0,55.0,55.0,55.0,55.0
train,39,data_39.csv,onset_leak,39_121_144,24,121,144,72600,86400,leak_binary,1,86.0,86.0,86.0,86.0,86.0,80.69,80.69,80.69,80.69,80.69,80.69,69.95,69.95,69.95,69.95,69.95,69.95,55.0,55.0,55.0,55.0,55.0,55.0,9.0
train,43,data_43.csv,persistent_leak,43_0_23,24,0,23,0,13800,leak_binary,1,8.5,8.5,8.5,8.5,8.5,8.5,9.3825,9.3825,9.3825,9.3825,9.3825,9.3825,10.855,10.855,10.855,10.855,10.855,10.855,12.842,12.842,12.842,12.842,12.842,12.842
train,43,data_43.csv,persistent_leak,43_1_24,24,1,24,600,14400,leak_binary,1,8.5,8.5,8.5,8.5,8.5,9.3825,9.3825,9.3825,9.3825,9.3825,9.3825,10.855,10.855,10.855,10.855,10.855,10.855,12.842,12.842,12.842,12.842,12.842,12.842,15.266
train,43,data_43.csv,persistent_leak,43_2_25,24,2,25,1200,15000,leak_binary,1,8.5,8.5,8.5,8.5,9.3825,9.3825,9.3825,9.3825,9.3825,9.3825,10.855,10.855,10.855,10.855,10.855,10.855,12.842,12.842,12.842,12.842,12.842,12.842,15.266,15.266
train,43,data_43.csv,persistent_leak,43_3_26,24,3,26,1800,15600,leak_binary,1,8.5,8.5,8.5,9.3825,9.3825,9.3825,9.3825,9.3825,9.3825,10.855,10.855,10.855,10.855,10.855,10.855,12.842,12.842,12.842,12.842,12.842,12.842,15.266,15.266,15.266
train,43,data_43.csv,persistent_leak,43_4_27,24,4,27,2400,16200,leak_binary,1,8.5,8.5,9.3825,9.3825,9.3825,9.3825,9.3825,9.3825,10.855,10.855,10.855,10.855,10.855,10.855,12.842,12.842,12.842,12.842,12.842,12.842,15.266,15.266,15.266,15.266
train,43,data_43.csv,persistent_leak,43_5_28,24,5,28,3000,16800,leak_binary,1,8.5,9.3825,9.3825,9.3825,9.3825,9.3825,9.3825,10.855,10.855,10.855,10.855,10.855,10.855,12.842,12.842,12.842,12.842,12.842,12.842,15.266,15.266,15.266,15.266,15.266
train,43,data_43.csv,persistent_leak,43_6_29,24,6,29,3600,17400,leak_binary,1,9.3825,9.3825,9.3825,9.3825,9.3825,9.3825,10.855,10.855,10.855,10.855,10.855,10.855,12.842,12.842,12.842,12.842,12.842,12.842,15.266,15.266,15.266,15.266,15.266,15.266
train,43,data_43.csv,persistent_leak,43_7_30,24,7,30,4200,18000,leak_binary,1,9.3825,9.3825,9.3825,9.3825,9.3825,10.855,10.855,10.855,10.855,10.855,10.855,12.842,12.842,12.842,12.842,12.842,12.842,15.266,15.266,15.266,15.266,15.266,15.266,17.977
train,43,data_43.csv,persistent_leak,43_8_31,24,8,31,4800,18600,leak_binary,1,9.3825,9.3825,9.3825,9.3825,10.855,10.855,10.855,10.855,10.855,10.855,12.842,12.842,12.842,12.842,12.842,12.842,15.266,15.266,15.266,15.266,15.266,15.266,17.977,17.977
train,43,data_43.csv,persistent_leak,43_9_32,24,9,32,5400,19200,leak_binary,1,9.3825,9.3825,9.3825,10.855,10.855,10.855,10.855,10.855,10.855,12.842,12.842,12.842,12.842,12.842,12.842,15.266,15.266,15.266,15.266,15.266,15.266,17.977,17.977,17.977
train,43,data_43.csv,persistent_leak,43_10_33,24,10,33,6000,19800,leak_binary,1,9.3825,9.3825,10.855,10.855,10.855,10.855,10.855,10.855,12.842,12.842,12.842,12.842,12.842,12.842,15.266,15.266,15.266,15.266,15.266,15.266,17.977,17.977,17.977,17.977
train,43,data_43.csv,persistent_leak,43_11_34,24,11,34,6600,20400,leak_binary,1,9.3825,10.855,10.855,10.855,10.855,10.855,10.855,12.842,12.842,12.842,12.842,12.842,12.842,15.266,15.266,15.266,15.266,15.266,15.266,17.977,17.977,17.977,17.977,17.977
train,43,data_43.csv,persistent_leak,43_12_35,24,12,35,7200,21000,leak_binary,1,10.855,10.855,10.855,10.855,10.855,10.855,12.842,12.842,12.842,12.842,12.842,12.842,15.266,15.266,15.266,15.266,15.266,15.266,17.977,17.977,17.977,17.977,17.977,17.977
train,43,data_43.csv,persistent_leak,43_13_36,24,13,36,7800,21600,leak_binary,1,10.855,10.855,10.855,10.855,10.855,12.842,12.842,12.842,12.842,12.842,12.842,15.266,15.266,15.266,15.266,15.266,15.266,17.977,17.977,17.977,17.977,17.977,17.977,20.975
train,43,data_43.csv,persistent_leak,43_14_37,24,14,37,8400,22200,leak_binary,1,10.855,10.855,10.855,10.855,12.842,12.842,12.842,12.842,12.842,12.842,15.266,15.266,15.266,15.266,15.266,15.266,17.977,17.977,17.977,17.977,17.977,17.977,20.975,20.975
train,43,data_43.csv,persistent_leak,43_15_38,24,15,38,9000,22800,leak_binary,1,10.855,10.855,10.855,12.842,12.842,12.842,12.842,12.842,12.842,15.266,15.266,15.266,15.266,15.266,15.266,17.977,17.977,17.977,17.977,17.977,17.977,20.975,20.975,20.975
train,43,data_43.csv,persistent_leak,43_16_39,24,16,39,9600,23400,leak_binary,1,10.855,10.855,12.842,12.842,12.842,12.842,12.842,12.842,15.266,15.266,15.266,15.266,15.266,15.266,17.977,17.977,17.977,17.977,17.977,17.977,20.975,20.975,20.975,20.975
train,43,data_43.csv,persistent_leak,43_17_40,24,17,40,10200,24000,leak_binary,1,10.855,12.842,12.842,12.842,12.842,12.842,12.842,15.266,15.266,15.266,15.266,15.266,15.266,17.977,17.977,17.977,17.977,17.977,17.977,20.975,20.975,20.975,20.975,20.975
train,43,data_43.csv,persistent_leak,43_18_41,24,18,41,10800,24600,leak_binary,1,12.842,12.842,12.842,12.842,12.842,12.842,15.266,15.266,15.266,15.266,15.266,15.266,17.977,17.977,17.977,17.977,17.977,17.977,20.975,20.975,20.975,20.975,20.975,20.975
train,43,data_43.csv,persistent_leak,43_19_42,24,19,42,11400,25200,leak_binary,1,12.842,12.842,12.842,12.842,12.842,15.266,15.266,15.266,15.266,15.266,15.266,17.977,17.977,17.977,17.977,17.977,17.977,20.975,20.975,20.975,20.975,20.975,20.975,24.401
train,43,data_43.csv,persistent_leak,43_20_43,24,20,43,12000,25800,leak_binary,1,12.842,12.842,12.842,12.842,15.266,15.266,15.266,15.266,15.266,15.266,17.977,17.977,17.977,17.977,17.977,17.977,20.975,20.975,20.975,20.975,20.975,20.975,24.401,24.401
train,43,data_43.csv,persistent_leak,43_21_44,24,21,44,12600,26400,leak_binary,1,12.842,12.842,12.842,15.266,15.266,15.266,15.266,15.266,15.266,17.977,17.977,17.977,17.977,17.977,17.977,20.975,20.975,20.975,20.975,20.975,20.975,24.401,24.401,24.401
train,43,data_43.csv,persistent_leak,43_22_45,24,22,45,13200,27000,leak_binary,1,12.842,12.842,15.266,15.266,15.266,15.266,15.266,15.266,17.977,17.977,17.977,17.977,17.977,17.977,20.975,20.975,20.975,20.975,20.975,20.975,24.401,24.401,24.401,24.401
train,43,data_43.csv,persistent_leak,43_23_46,24,23,46,13800,27600,leak_binary,1,12.842,15.266,15.266,15.266,15.266,15.266,15.266,17.977,17.977,17.977,17.977,17.977,17.977,20.975,20.975,20.975,20.975,20.975,20.975,24.401,24.401,24.401,24.401,24.401
train,43,data_43.csv,persistent_leak,43_24_47,24,24,47,14400,28200,leak_binary,1,15.266,15.266,15.266,15.266,15.266,15.266,17.977,17.977,17.977,17.977,17.977,17.977,20.975,20.975,20.975,20.975,20.975,20.975,24.401,24.401,24.401,24.401,24.401,24.401
train,43,data_43.csv,persistent_leak,43_25_48,24,25,48,15000,28800,leak_binary,1,15.266,15.266,15.266,15.266,15.266,17.977,17.977,17.977,17.977,17.977,17.977,20.975,20.975,20.975,20.975,20.975,20.975,24.401,24.401,24.401,24.401,24.401,24.401,30.272
train,43,data_43.csv,persistent_leak,43_26_49,24,26,49,15600,29400,leak_binary,1,15.266,15.266,15.266,15.266,17.977,17.977,17.977,17.977,17.977,17.977,20.975,20.975,20.975,20.975,20.975,20.975,24.401,24.401,24.401,24.401,24.401,24.401,30.272,30.272
train,43,data_43.csv,persistent_leak,43_27_50,24,27,50,16200,30000,leak_binary,1,15.266,15.266,15.266,17.977,17.977,17.977,17.977,17.977,17.977,20.975,20.975,20.975,20.975,20.975,20.975,24.401,24.401,24.401,24.401,24.401,24.401,30.272,30.272,30.272
train,43,data_43.csv,persistent_leak,43_28_51,24,28,51,16800,30600,leak_binary,1,15.266,15.266,17.977,17.977,17.977,17.977,17.977,17.977,20.975,20.975,20.975,20.975,20.975,20.975,24.401,24.401,24.401,24.401,24.401,24.401,30.272,30.272,30.272,30.272
train,43,data_43.csv,persistent_leak,43_29_52,24,29,52,17400,31200,leak_binary,1,15.266,17.977,17.977,17.977,17.977,17.977,17.977,20.975,20.975,20.975,20.975,20.975,20.975,24.401,24.401,24.401,24.401,24.401,24.401,30.272,30.272,30.272,30.272,30.272
train,43,data_43.csv,persistent_leak,43_30_53,24,30,53,18000,31800,leak_binary,1,17.977,17.977,17.977,17.977,17.977,17.977,20.975,20.975,20.975,20.975,20.975,20.975,24.401,24.401,24.401,24.401,24.401,24.401,30.272,30.272,30.272,30.272,30.272,30.272
train,43,data_43.csv,persistent_leak,43_31_54,24,31,54,18600,32400,leak_binary,1,17.977,17.977,17.977,17.977,17.977,20.975,20.975,20.975,20.975,20.975,20.975,24.401,24.401,24.401,24.401,24.401,24.401,30.272,30.272,30.272,30.272,30.272,30.272,42.245
train,43,data_43.csv,persistent_leak,43_32_55,24,32,55,19200,33000,leak_binary,1,17.977,17.977,17.977,17.977,20.975,20.975,20.975,20.975,20.975,20.975,24.401,24.401,24.401,24.401,24.401,24.401,30.272,30.272,30.272,30.272,30.272,30.272,42.245,42.245
train,43,data_43.csv,persistent_leak,43_33_56,24,33,56,19800,33600,leak_binary,1,17.977,17.977,17.977,20.975,20.975,20.975,20.975,20.975,20.975,24.401,24.401,24.401,24.401,24.401,24.401,30.272,30.272,30.272,30.272,30.272,30.272,42.245,42.245,42.245
train,43,data_43.csv,persistent_leak,43_34_57,24,34,57,20400,34200,leak_binary,1,17.977,17.977,20.975,20.975,20.975,20.975,20.975,20.975,24.401,24.401,24.401,24.401,24.401,24.401,30.272,30.272,30.272,30.272,30.272,30.272,42.245,42.245,42.245,42.245
train,43,data_43.csv,persistent_leak,43_35_58,24,35,58,21000,34800,leak_binary,1,17.977,20.975,20.975,20.975,20.975,20.975,20.975,24.401,24.401,24.401,24.401,24.401,24.401,30.272,30.272,30.272,30.272,30.272,30.272,42.245,42.245,42.245,42.245,42.245
train,43,data_43.csv,persistent_leak,43_36_59,24,36,59,21600,35400,leak_binary,1,20.975,20.975,20.975,20.975,20.975,20.975,24.401,24.401,24.401,24.401,24.401,24.401,30.272,30.272,30.272,30.272,30.272,30.272,42.245,42.245,42.245,42.245,42.245,42.245
train,43,data_43.csv,persistent_leak,43_37_60,24,37,60,22200,36000,leak_binary,1,20.975,20.975,20.975,20.975,20.975,24.401,24.401,24.401,24.401,24.401,24.401,30.272,30.272,30.272,30.272,30.272,30.272,42.245,42.245,42.245,42.245,42.245,42.245,57.936
train,43,data_43.csv,persistent_leak,43_38_61,24,38,61,22800,36600,leak_binary,1,20.975,20.975,20.975,20.975,24.401,24.401,24.401,24.401,24.401,24.401,30.272,30.272,30.272,30.272,30.272,30.272,42.245,42.245,42.245,42.245,42.245,42.245,57.936,57.936
train,43,data_43.csv,persistent_leak,43_39_62,24,39,62,23400,37200,leak_binary,1,20.975,20.975,20.975,24.401,24.401,24.401,24.401,24.401,24.401,30.272,30.272,30.272,30.272,30.272,30.272,42.245,42.245,42.245,42.245,42.245,42.245,57.936,57.936,57.936
train,43,data_43.csv,persistent_leak,43_40_63,24,40,63,24000,37800,leak_binary,1,20.975,20.975,24.401,24.401,24.401,24.401,24.401,24.401,30.272,30.272,30.272,30.272,30.272,30.272,42.245,42.245,42.245,42.245,42.245,42.245,57.936,57.936,57.936,57.936
train,43,data_43.csv,persistent_leak,43_41_64,24,41,64,24600,38400,leak_binary,1,20.975,24.401,24.401,24.401,24.401,24.401,24.401,30.272,30.272,30.272,30.272,30.272,30.272,42.245,42.245,42.245,42.245,42.245,42.245,57.936,57.936,57.936,57.936,57.936
train,43,data_43.csv,persistent_leak,43_42_65,24,42,65,25200,39000,leak_binary,1,24.401,24.401,24.401,24.401,24.401,24.401,30.272,30.272,30.272,30.272,30.272,30.272,42.245,42.245,42.245,42.245,42.245,42.245,57.936,57.936,57.936,57.936,57.936,57.936
train,43,data_43.csv,persistent_leak,43_43_66,24,43,66,25800,39600,leak_binary,1,24.401,24.401,24.401,24.401,24.401,30.272,30.272,30.272,30.272,30.272,30.272,42.245,42.245,42.245,42.245,42.245,42.245,57.936,57.936,57.936,57.936,57.936,57.936,70.62
train,43,data_43.csv,persistent_leak,43_44_67,24,44,67,26400,40200,leak_binary,1,24.401,24.401,24.401,24.401,30.272,30.272,30.272,30.272,30.272,30.272,42.245,42.245,42.245,42.245,42.245,42.245,57.936,57.936,57.936,57.936,57.936,57.936,70.62,70.62
train,43,data_43.csv,persistent_leak,43_45_68,24,45,68,27000,40800,leak_binary,1,24.401,24.401,24.401,30.272,30.272,30.272,30.272,30.272,30.272,42.245,42.245,42.245,42.245,42.245,42.245,57.936,57.936,57.936,57.936,57.936,57.936,70.62,70.62,70.62
train,43,data_43.csv,persistent_leak,43_46_69,24,46,69,27600,41400,leak_binary,1,24.401,24.401,30.272,30.272,30.272,30.272,30.272,30.272,42.245,42.245,42.245,42.245,42.245,42.245,57.936,57.936,57.936,57.936,57.936,57.936,70.62,70.62,70.62,70.62
train,43,data_43.csv,persistent_leak,43_47_70,24,47,70,28200,42000,leak_binary,1,24.401,30.272,30.272,30.272,30.272,30.272,30.272,42.245,42.245,42.245,42.245,42.245,42.245,57.936,57.936,57.936,57.936,57.936,57.936,70.62,70.62,70.62,70.62,70.62
train,43,data_43.csv,persistent_leak,43_48_71,24,48,71,28800,42600,leak_binary,1,30.272,30.272,30.272,30.272,30.272,30.272,42.245,42.245,42.245,42.245,42.245,42.245,57.936,57.936,57.936,57.936,57.936,57.936,70.62,70.62,70.62,70.62,70.62,70.62
train,43,data_43.csv,persistent_leak,43_49_72,24,49,72,29400,43200,leak_binary,1,30.272,30.272,30.272,30.272,30.272,42.245,42.245,42.245,42.245,42.245,42.245,57.936,57.936,57.936,57.936,57.936,57.936,70.62,70.62,70.62,70.62,70.62,70.62,77.898
train,43,data_43.csv,persistent_leak,43_50_73,24,50,73,30000,43800,leak_binary,1,30.272,30.272,30.272,30.272,42.245,42.245,42.245,42.245,42.245,42.245,57.936,57.936,57.936,57.936,57.936,57.936,70.62,70.62,70.62,70.62,70.62,70.62,77.898,77.898
train,43,data_43.csv,persistent_leak,43_51_74,24,51,74,30600,44400,leak_binary,1,30.272,30.272,30.272,42.245,42.245,42.245,42.245,42.245,42.245,57.936,57.936,57.936,57.936,57.936,57.936,70.62,70.62,70.62,70.62,70.62,70.62,77.898,77.898,77.898
train,43,data_43.csv,persistent_leak,43_52_75,24,52,75,31200,45000,leak_binary,1,30.272,30.272,42.245,42.245,42.245,42.245,42.245,42.245,57.936,57.936,57.936,57.936,57.936,57.936,70.62,70.62,70.62,70.62,70.62,70.62,77.898,77.898,77.898,77.898
train,43,data_43.csv,persistent_leak,43_53_76,24,53,76,31800,45600,leak_binary,1,30.272,42.245,42.245,42.245,42.245,42.245,42.245,57.936,57.936,57.936,57.936,57.936,57.936,70.62,70.62,70.62,70.62,70.62,70.62,77.898,77.898,77.898,77.898,77.898
train,43,data_43.csv,persistent_leak,43_54_77,24,54,77,32400,46200,leak_binary,1,42.245,42.245,42.245,42.245,42.245,42.245,57.936,57.936,57.936,57.936,57.936,57.936,70.62,70.62,70.62,70.62,70.62,70.62,77.898,77.898,77.898,77.898,77.898,77.898
train,43,data_43.csv,persistent_leak,43_55_78,24,55,78,33000,46800,leak_binary,1,42.245,42.245,42.245,42.245,42.245,57.936,57.936,57.936,57.936,57.936,57.936,70.62,70.62,70.62,70.62,70.62,70.62,77.898,77.898,77.898,77.898,77.898,77.898,81.859
train,43,data_43.csv,persistent_leak,43_56_79,24,56,79,33600,47400,leak_binary,1,42.245,42.245,42.245,42.245,57.936,57.936,57.936,57.936,57.936,57.936,70.62,70.62,70.62,70.62,70.62,70.62,77.898,77.898,77.898,77.898,77.898,77.898,81.859,81.859
train,43,data_43.csv,persistent_leak,43_57_80,24,57,80,34200,48000,leak_binary,1,42.245,42.245,42.245,57.936,57.936,57.936,57.936,57.936,57.936,70.62,70.62,70.62,70.62,70.62,70.62,77.898,77.898,77.898,77.898,77.898,77.898,81.859,81.859,81.859
train,43,data_43.csv,persistent_leak,43_58_81,24,58,81,34800,48600,leak_binary,1,42.245,42.245,57.936,57.936,57.936,57.936,57.936,57.936,70.62,70.62,70.62,70.62,70.62,70.62,77.898,77.898,77.898,77.898,77.898,77.898,81.859,81.859,81.859,81.859
train,43,data_43.csv,persistent_leak,43_59_82,24,59,82,35400,49200,leak_binary,1,42.245,57.936,57.936,57.936,57.936,57.936,57.936,70.62,70.62,70.62,70.62,70.62,70.62,77.898,77.898,77.898,77.898,77.898,77.898,81.859,81.859,81.859,81.859,81.859
train,43,data_43.csv,persistent_leak,43_60_83,24,60,83,36000,49800,leak_binary,1,57.936,57.936,57.936,57.936,57.936,57.936,70.62,70.62,70.62,70.62,70.62,70.62,77.898,77.898,77.898,77.898,77.898,77.898,81.859,81.859,81.859,81.859,81.859,81.859
train,43,data_43.csv,persistent_leak,43_61_84,24,61,84,36600,50400,leak_binary,1,57.936,57.936,57.936,57.936,57.936,70.62,70.62,70.62,70.62,70.62,70.62,77.898,77.898,77.898,77.898,77.898,77.898,81.859,81.859,81.859,81.859,81.859,81.859,82.5
train,43,data_43.csv,persistent_leak,43_62_85,24,62,85,37200,51000,leak_binary,1,57.936,57.936,57.936,57.936,70.62,70.62,70.62,70.62,70.62,70.62,77.898,77.898,77.898,77.898,77.898,77.898,81.859,81.859,81.859,81.859,81.859,81.859,82.5,82.5
train,43,data_43.csv,persistent_leak,43_63_86,24,63,86,37800,51600,leak_binary,1,57.936,57.936,57.936,70.62,70.62,70.62,70.62,70.62,70.62,77.898,77.898,77.898,77.898,77.898,77.898,81.859,81.859,81.859,81.859,81.859,81.859,82.5,82.5,82.5
train,43,data_43.csv,persistent_leak,43_64_87,24,64,87,38400,52200,leak_binary,1,57.936,57.936,70.62,70.62,70.62,70.62,70.62,70.62,77.898,77.898,77.898,77.898,77.898,77.898,81.859,81.859,81.859,81.859,81.859,81.859,82.5,82.5,82.5,82.5
train,43,data_43.csv,persistent_leak,43_65_88,24,65,88,39000,52800,leak_binary,1,57.936,70.62,70.62,70.62,70.62,70.62,70.62,77.898,77.898,77.898,77.898,77.898,77.898,81.859,81.859,81.859,81.859,81.859,81.859,82.5,82.5,82.5,82.5,82.5
train,43,data_43.csv,persistent_leak,43_66_89,24,66,89,39600,53400,leak_binary,1,70.62,70.62,70.62,70.62,70.62,70.62,77.898,77.898,77.898,77.898,77.898,77.898,81.859,81.859,81.859,81.859,81.859,81.859,82.5,82.5,82.5,82.5,82.5,82.5
train,43,data_43.csv,persistent_leak,43_67_90,24,67,90,40200,54000,leak_binary,1,70.62,70.62,70.62,70.62,70.62,77.898,77.898,77.898,77.898,77.898,77.898,81.859,81.859,81.859,81.859,81.859,81.859,82.5,82.5,82.5,82.5,82.5,82.5,79.833
train,43,data_43.csv,persistent_leak,43_68_91,24,68,91,40800,54600,leak_binary,1,70.62,70.62,70.62,70.62,77.898,77.898,77.898,77.898,77.898,77.898,81.859,81.859,81.859,81.859,81.859,81.859,82.5,82.5,82.5,82.5,82.5,82.5,79.833,79.833
train,43,data_43.csv,persistent_leak,43_69_92,24,69,92,41400,55200,leak_binary,1,70.62,70.62,70.62,77.898,77.898,77.898,77.898,77.898,77.898,81.859,81.859,81.859,81.859,81.859,81.859,82.5,82.5,82.5,82.5,82.5,82.5,79.833,79.833,79.833
train,43,data_43.csv,persistent_leak,43_70_93,24,70,93,42000,55800,leak_binary,1,70.62,70.62,77.898,77.898,77.898,77.898,77.898,77.898,81.859,81.859,81.859,81.859,81.859,81.859,82.5,82.5,82.5,82.5,82.5,82.5,79.833,79.833,79.833,79.833
train,43,data_43.csv,persistent_leak,43_71_94,24,71,94,42600,56400,leak_binary,1,70.62,77.898,77.898,77.898,77.898,77.898,77.898,81.859,81.859,81.859,81.859,81.859,81.859,82.5,82.5,82.5,82.5,82.5,82.5,79.833,79.833,79.833,79.833,79.833
train,43,data_43.csv,persistent_leak,43_72_95,24,72,95,43200,57000,leak_binary,1,77.898,77.898,77.898,77.898,77.898,77.898,81.859,81.859,81.859,81.859,81.859,81.859,82.5,82.5,82.5,82.5,82.5,82.5,79.833,79.833,79.833,79.833,79.833,79.833
train,43,data_43.csv,persistent_leak,43_73_96,24,73,96,43800,57600,leak_binary,1,77.898,77.898,77.898,77.898,77.898,81.859,81.859,81.859,81.859,81.859,81.859,82.5,82.5,82.5,82.5,82.5,82.5,79.833,79.833,79.833,79.833,79.833,79.833,74.486
train,43,data_43.csv,persistent_leak,43_74_97,24,74,97,44400,58200,leak_binary,1,77.898,77.898,77.898,77.898,81.859,81.859,81.859,81.859,81.859,81.859,82.5,82.5,82.5,82.5,82.5,82.5,79.833,79.833,79.833,79.833,79.833,79.833,74.486,74.486
train,43,data_43.csv,persistent_leak,43_75_98,24,75,98,45000,58800,leak_binary,1,77.898,77.898,77.898,81.859,81.859,81.859,81.859,81.859,81.859,82.5,82.5,82.5,82.5,82.5,82.5,79.833,79.833,79.833,79.833,79.833,79.833,74.486,74.486,74.486
train,43,data_43.csv,persistent_leak,43_76_99,24,76,99,45600,59400,leak_binary,1,77.898,77.898,81.859,81.859,81.859,81.859,81.859,81.859,82.5,82.5,82.5,82.5,82.5,82.5,79.833,79.833,79.833,79.833,79.833,79.833,74.486,74.486,74.486,74.486
train,43,data_43.csv,persistent_leak,43_77_100,24,77,100,46200,60000,leak_binary,1,77.898,81.859,81.859,81.859,81.859,81.859,81.859,82.5,82.5,82.5,82.5,82.5,82.5,79.833,79.833,79.833,79.833,79.833,79.833,74.486,74.486,74.486,74.486,74.486
train,43,data_43.csv,persistent_leak,43_78_101,24,78,101,46800,60600,leak_binary,1,81.859,81.859,81.859,81.859,81.859,81.859,82.5,82.5,82.5,82.5,82.5,82.5,79.833,79.833,79.833,79.833,79.833,79.833,74.486,74.486,74.486,74.486,74.486,74.486
train,43,data_43.csv,persistent_leak,43_79_102,24,79,102,47400,61200,leak_binary,1,81.859,81.859,81.859,81.859,81.859,82.5,82.5,82.5,82.5,82.5,82.5,79.833,79.833,79.833,79.833,79.833,79.833,74.486,74.486,74.486,74.486,74.486,74.486,67.398
train,43,data_43.csv,persistent_leak,43_80_103,24,80,103,48000,61800,leak_binary,1,81.859,81.859,81.859,81.859,82.5,82.5,82.5,82.5,82.5,82.5,79.833,79.833,79.833,79.833,79.833,79.833,74.486,74.486,74.486,74.486,74.486,74.486,67.398,67.398
train,43,data_43.csv,persistent_leak,43_81_104,24,81,104,48600,62400,leak_binary,1,81.859,81.859,81.859,82.5,82.5,82.5,82.5,82.5,82.5,79.833,79.833,79.833,79.833,79.833,79.833,74.486,74.486,74.486,74.486,74.486,74.486,67.398,67.398,67.398
train,43,data_43.csv,persistent_leak,43_82_105,24,82,105,49200,63000,leak_binary,1,81.859,81.859,82.5,82.5,82.5,82.5,82.5,82.5,79.833,79.833,79.833,79.833,79.833,79.833,74.486,74.486,74.486,74.486,74.486,74.486,67.398,67.398,67.398,67.398
train,43,data_43.csv,persistent_leak,43_83_106,24,83,106,49800,63600,leak_binary,1,81.859,82.5,82.5,82.5,82.5,82.5,82.5,79.833,79.833,79.833,79.833,79.833,79.833,74.486,74.486,74.486,74.486,74.486,74.486,67.398,67.398,67.398,67.398,67.398
train,43,data_43.csv,persistent_leak,43_84_107,24,84,107,50400,64200,leak_binary,1,82.5,82.5,82.5,82.5,82.5,82.5,79.833,79.833,79.833,79.833,79.833,79.833,74.486,74.486,74.486,74.486,74.486,74.486,67.398,67.398,67.398,67.398,67.398,67.398
train,43,data_43.csv,persistent_leak,43_85_108,24,85,108,51000,64800,leak_binary,1,82.5,82.5,82.5,82.5,82.5,79.833,79.833,79.833,79.833,79.833,79.833,74.486,74.486,74.486,74.486,74.486,74.486,67.398,67.398,67.398,67.398,67.398,67.398,59.5
train,43,data_43.csv,persistent_leak,43_86_109,24,86,109,51600,65400,leak_binary,1,82.5,82.5,82.5,82.5,79.833,79.833,79.833,79.833,79.833,79.833,74.486,74.486,74.486,74.486,74.486,74.486,67.398,67.398,67.398,67.398,67.398,67.398,59.5,59.5
train,43,data_43.csv,persistent_leak,43_87_110,24,87,110,52200,66000,leak_binary,1,82.5,82.5,82.5,79.833,79.833,79.833,79.833,79.833,79.833,74.486,74.486,74.486,74.486,74.486,74.486,67.398,67.398,67.398,67.398,67.398,67.398,59.5,59.5,59.5
train,43,data_43.csv,persistent_leak,43_88_111,24,88,111,52800,66600,leak_binary,1,82.5,82.5,79.833,79.833,79.833,79.833,79.833,79.833,74.486,74.486,74.486,74.486,74.486,74.486,67.398,67.398,67.398,67.398,67.398,67.398,59.5,59.5,59.5,59.5
train,43,data_43.csv,persistent_leak,43_89_112,24,89,112,53400,67200,leak_binary,1,82.5,79.833,79.833,79.833,79.833,79.833,79.833,74.486,74.486,74.486,74.486,74.486,74.486,67.398,67.398,67.398,67.398,67.398,67.398,59.5,59.5,59.5,59.5,59.5
train,43,data_43.csv,persistent_leak,43_90_113,24,90,113,54000,67800,leak_binary,1,79.833,79.833,79.833,79.833,79.833,79.833,74.486,74.486,74.486,74.486,74.486,74.486,67.398,67.398,67.398,67.398,67.398,67.398,59.5,59.5,59.5,59.5,59.5,59.5
train,43,data_43.csv,persistent_leak,43_91_114,24,91,114,54600,68400,leak_binary,1,79.833,79.833,79.833,79.833,79.833,74.486,74.486,74.486,74.486,74.486,74.486,67.398,67.398,67.398,67.398,67.398,67.398,59.5,59.5,59.5,59.5,59.5,59.5,46.867
train,43,data_43.csv,persistent_leak,43_92_115,24,92,115,55200,69000,leak_binary,1,79.833,79.833,79.833,79.833,74.486,74.486,74.486,74.486,74.486,74.486,67.398,67.398,67.398,67.398,67.398,67.398,59.5,59.5,59.5,59.5,59.5,59.5,46.867,46.867
train,43,data_43.csv,persistent_leak,43_93_116,24,93,116,55800,69600,leak_binary,1,79.833,79.833,79.833,74.486,74.486,74.486,74.486,74.486,74.486,67.398,67.398,67.398,67.398,67.398,67.398,59.5,59.5,59.5,59.5,59.5,59.5,46.867,46.867,46.867
train,43,data_43.csv,persistent_leak,43_94_117,24,94,117,56400,70200,leak_binary,1,79.833,79.833,74.486,74.486,74.486,74.486,74.486,74.486,67.398,67.398,67.398,67.398,67.398,67.398,59.5,59.5,59.5,59.5,59.5,59.5,46.867,46.867,46.867,46.867
train,43,data_43.csv,persistent_leak,43_95_118,24,95,118,57000,70800,leak_binary,1,79.833,74.486,74.486,74.486,74.486,74.486,74.486,67.398,67.398,67.398,67.398,67.398,67.398,59.5,59.5,59.5,59.5,59.5,59.5,46.867,46.867,46.867,46.867,46.867
train,43,data_43.csv,persistent_leak,43_96_119,24,96,119,57600,71400,leak_binary,1,74.486,74.486,74.486,74.486,74.486,74.486,67.398,67.398,67.398,67.398,67.398,67.398,59.5,59.5,59.5,59.5,59.5,59.5,46.867,46.867,46.867,46.867,46.867,46.867
train,43,data_43.csv,persistent_leak,43_97_120,24,97,120,58200,72000,leak_binary,1,74.486,74.486,74.486,74.486,74.486,67.398,67.398,67.398,67.398,67.398,67.398,59.5,59.5,59.5,59.5,59.5,59.5,46.867,46.867,46.867,46.867,46.867,46.867,34.0
train,43,data_43.csv,persistent_leak,43_98_121,24,98,121,58800,72600,leak_binary,1,74.486,74.486,74.486,74.486,67.398,67.398,67.398,67.398,67.398,67.398,59.5,59.5,59.5,59.5,59.5,59.5,46.867,46.867,46.867,46.867,46.867,46.867,34.0,34.0
train,43,data_43.csv,persistent_leak,43_99_122,24,99,122,59400,73200,leak_binary,1,74.486,74.486,74.486,67.398,67.398,67.398,67.398,67.398,67.398,59.5,59.5,59.5,59.5,59.5,59.5,46.867,46.867,46.867,46.867,46.867,46.867,34.0,34.0,34.0
train,43,data_43.csv,persistent_leak,43_100_123,24,100,123,60000,73800,leak_binary,1,74.486,74.486,67.398,67.398,67.398,67.398,67.398,67.398,59.5,59.5,59.5,59.5,59.5,59.5,46.867,46.867,46.867,46.867,46.867,46.867,34.0,34.0,34.0,34.0
train,43,data_43.csv,persistent_leak,43_101_124,24,101,124,60600,74400,leak_binary,1,74.486,67.398,67.398,67.398,67.398,67.398,67.398,59.5,59.5,59.5,59.5,59.5,59.5,46.867,46.867,46.867,46.867,46.867,46.867,34.0,34.0,34.0,34.0,34.0
train,43,data_43.csv,persistent_leak,43_102_125,24,102,125,61200,75000,leak_binary,1,67.398,67.398,67.398,67.398,67.398,67.398,59.5,59.5,59.5,59.5,59.5,59.5,46.867,46.867,46.867,46.867,46.867,46.867,34.0,34.0,34.0,34.0,34.0,34.0
train,43,data_43.csv,persistent_leak,43_103_126,24,103,126,61800,75600,leak_binary,1,67.398,67.398,67.398,67.398,67.398,59.5,59.5,59.5,59.5,59.5,59.5,46.867,46.867,46.867,46.867,46.867,46.867,34.0,34.0,34.0,34.0,34.0,34.0,26.012
train,43,data_43.csv,persistent_leak,43_104_127,24,104,127,62400,76200,leak_binary,1,67.398,67.398,67.398,67.398,59.5,59.5,59.5,59.5,59.5,59.5,46.867,46.867,46.867,46.867,46.867,46.867,34.0,34.0,34.0,34.0,34.0,34.0,26.012,26.012
train,43,data_43.csv,persistent_leak,43_105_128,24,105,128,63000,76800,leak_binary,1,67.398,67.398,67.398,59.5,59.5,59.5,59.5,59.5,59.5,46.867,46.867,46.867,46.867,46.867,46.867,34.0,34.0,34.0,34.0,34.0,34.0,26.012,26.012,26.012
train,43,data_43.csv,persistent_leak,43_106_129,24,106,129,63600,77400,leak_binary,1,67.398,67.398,59.5,59.5,59.5,59.5,59.5,59.5,46.867,46.867,46.867,46.867,46.867,46.867,34.0,34.0,34.0,34.0,34.0,34.0,26.012,26.012,26.012,26.012
train,43,data_43.csv,persistent_leak,43_107_130,24,107,130,64200,78000,leak_binary,1,67.398,59.5,59.5,59.5,59.5,59.5,59.5,46.867,46.867,46.867,46.867,46.867,46.867,34.0,34.0,34.0,34.0,34.0,34.0,26.012,26.012,26.012,26.012,26.012
train,43,data_43.csv,persistent_leak,43_108_131,24,108,131,64800,78600,leak_binary,1,59.5,59.5,59.5,59.5,59.5,59.5,46.867,46.867,46.867,46.867,46.867,46.867,34.0,34.0,34.0,34.0,34.0,34.0,26.012,26.012,26.012,26.012,26.012,26.012
train,43,data_43.csv,persistent_leak,43_109_132,24,109,132,65400,79200,leak_binary,1,59.5,59.5,59.5,59.5,59.5,46.867,46.867,46.867,46.867,46.867,46.867,34.0,34.0,34.0,34.0,34.0,34.0,26.012,26.012,26.012,26.012,26.012,26.012,19.439
train,43,data_43.csv,persistent_leak,43_110_133,24,110,133,66000,79800,leak_binary,1,59.5,59.5,59.5,59.5,46.867,46.867,46.867,46.867,46.867,46.867,34.0,34.0,34.0,34.0,34.0,34.0,26.012,26.012,26.012,26.012,26.012,26.012,19.439,19.439
train,43,data_43.csv,persistent_leak,43_111_134,24,111,134,66600,80400,leak_binary,1,59.5,59.5,59.5,46.867,46.867,46.867,46.867,46.867,46.867,34.0,34.0,34.0,34.0,34.0,34.0,26.012,26.012,26.012,26.012,26.012,26.012,19.439,19.439,19.439
train,43,data_43.csv,persistent_leak,43_112_135,24,112,135,67200,81000,leak_binary,1,59.5,59.5,46.867,46.867,46.867,46.867,46.867,46.867,34.0,34.0,34.0,34.0,34.0,34.0,26.012,26.012,26.012,26.012,26.012,26.012,19.439,19.439,19.439,19.439
train,43,data_43.csv,persistent_leak,43_113_136,24,113,136,67800,81600,leak_binary,1,59.5,46.867,46.867,46.867,46.867,46.867,46.867,34.0,34.0,34.0,34.0,34.0,34.0,26.012,26.012,26.012,26.012,26.012,26.012,19.439,19.439,19.439,19.439,19.439
train,43,data_43.csv,persistent_leak,43_114_137,24,114,137,68400,82200,leak_binary,1,46.867,46.867,46.867,46.867,46.867,46.867,34.0,34.0,34.0,34.0,34.0,34.0,26.012,26.012,26.012,26.012,26.012,26.012,19.439,19.439,19.439,19.439,19.439,19.439
train,43,data_43.csv,persistent_leak,43_115_138,24,115,138,69000,82800,leak_binary,1,46.867,46.867,46.867,46.867,46.867,34.0,34.0,34.0,34.0,34.0,34.0,26.012,26.012,26.012,26.012,26.012,26.012,19.439,19.439,19.439,19.439,19.439,19.439,15.0
train,43,data_43.csv,persistent_leak,43_116_139,24,116,139,69600,83400,leak_binary,1,46.867,46.867,46.867,46.867,34.0,34.0,34.0,34.0,34.0,34.0,26.012,26.012,26.012,26.012,26.012,26.012,19.439,19.439,19.439,19.439,19.439,19.439,15.0,15.0
train,43,data_43.csv,persistent_leak,43_117_140,24,117,140,70200,84000,leak_binary,1,46.867,46.867,46.867,34.0,34.0,34.0,34.0,34.0,34.0,26.012,26.012,26.012,26.012,26.012,26.012,19.439,19.439,19.439,19.439,19.439,19.439,15.0,15.0,15.0
train,43,data_43.csv,persistent_leak,43_118_141,24,118,141,70800,84600,leak_binary,1,46.867,46.867,34.0,34.0,34.0,34.0,34.0,34.0,26.012,26.012,26.012,26.012,26.012,26.012,19.439,19.439,19.439,19.439,19.439,19.439,15.0,15.0,15.0,15.0
train,43,data_43.csv,persistent_leak,43_119_142,24,119,142,71400,85200,leak_binary,1,46.867,34.0,34.0,34.0,34.0,34.0,34.0,26.012,26.012,26.012,26.012,26.012,26.012,19.439,19.439,19.439,19.439,19.439,19.439,15.0,15.0,15.0,15.0,15.0
train,43,data_43.csv,persistent_leak,43_120_143,24,120,143,72000,85800,leak_binary,1,34.0,34.0,34.0,34.0,34.0,34.0,26.012,26.012,26.012,26.012,26.012,26.012,19.439,19.439,19.439,19.439,19.439,19.439,15.0,15.0,15.0,15.0,15.0,15.0
train,43,data_43.csv,persistent_leak,43_121_144,24,121,144,72600,86400,leak_binary,1,34.0,34.0,34.0,34.0,34.0,26.012,26.012,26.012,26.012,26.012,26.012,19.439,19.439,19.439,19.439,19.439,19.439,15.0,15.0,15.0,15.0,15.0,15.0,8.5
train,44,data_44.csv,persistent_leak,44_0_23,24,0,23,0,13800,leak_binary,1,7.0,7.0,7.0,7.0,7.0,7.0,9.2435,9.2435,9.2435,9.2435,9.2435,9.2435,11.944,11.944,11.944,11.944,11.944,11.944,15.049,15.049,15.049,15.049,15.049,15.049
train,44,data_44.csv,persistent_leak,44_1_24,24,1,24,600,14400,leak_binary,1,7.0,7.0,7.0,7.0,7.0,9.2435,9.2435,9.2435,9.2435,9.2435,9.2435,11.944,11.944,11.944,11.944,11.944,11.944,15.049,15.049,15.049,15.049,15.049,15.049,18.508
train,44,data_44.csv,persistent_leak,44_2_25,24,2,25,1200,15000,leak_binary,1,7.0,7.0,7.0,7.0,9.2435,9.2435,9.2435,9.2435,9.2435,9.2435,11.944,11.944,11.944,11.944,11.944,11.944,15.049,15.049,15.049,15.049,15.049,15.049,18.508,18.508
train,44,data_44.csv,persistent_leak,44_3_26,24,3,26,1800,15600,leak_binary,1,7.0,7.0,7.0,9.2435,9.2435,9.2435,9.2435,9.2435,9.2435,11.944,11.944,11.944,11.944,11.944,11.944,15.049,15.049,15.049,15.049,15.049,15.049,18.508,18.508,18.508
train,44,data_44.csv,persistent_leak,44_4_27,24,4,27,2400,16200,leak_binary,1,7.0,7.0,9.2435,9.2435,9.2435,9.2435,9.2435,9.2435,11.944,11.944,11.944,11.944,11.944,11.944,15.049,15.049,15.049,15.049,15.049,15.049,18.508,18.508,18.508,18.508
train,44,data_44.csv,persistent_leak,44_5_28,24,5,28,3000,16800,leak_binary,1,7.0,9.2435,9.2435,9.2435,9.2435,9.2435,9.2435,11.944,11.944,11.944,11.944,11.944,11.944,15.049,15.049,15.049,15.049,15.049,15.049,18.508,18.508,18.508,18.508,18.508
train,44,data_44.csv,persistent_leak,44_6_29,24,6,29,3600,17400,leak_binary,1,9.2435,9.2435,9.2435,9.2435,9.2435,9.2435,11.944,11.944,11.944,11.944,11.944,11.944,15.049,15.049,15.049,15.049,15.049,15.049,18.508,18.508,18.508,18.508,18.508,18.508
train,44,data_44.csv,persistent_leak,44_7_30,24,7,30,4200,18000,leak_binary,1,9.2435,9.2435,9.2435,9.2435,9.2435,11.944,11.944,11.944,11.944,11.944,11.944,15.049,15.049,15.049,15.049,15.049,15.049,18.508,18.508,18.508,18.508,18.508,18.508,22.269
train,44,data_44.csv,persistent_leak,44_8_31,24,8,31,4800,18600,leak_binary,1,9.2435,9.2435,9.2435,9.2435,11.944,11.944,11.944,11.944,11.944,11.944,15.049,15.049,15.049,15.049,15.049,15.049,18.508,18.508,18.508,18.508,18.508,18.508,22.269,22.269
train,44,data_44.csv,persistent_leak,44_9_32,24,9,32,5400,19200,leak_binary,1,9.2435,9.2435,9.2435,11.944,11.944,11.944,11.944,11.944,11.944,15.049,15.049,15.049,15.049,15.049,15.049,18.508,18.508,18.508,18.508,18.508,18.508,22.269,22.269,22.269
train,44,data_44.csv,persistent_leak,44_10_33,24,10,33,6000,19800,leak_binary,1,9.2435,9.2435,11.944,11.944,11.944,11.944,11.944,11.944,15.049,15.049,15.049,15.049,15.049,15.049,18.508,18.508,18.508,18.508,18.508,18.508,22.269,22.269,22.269,22.269
train,44,data_44.csv,persistent_leak,44_11_34,24,11,34,6600,20400,leak_binary,1,9.2435,11.944,11.944,11.944,11.944,11.944,11.944,15.049,15.049,15.049,15.049,15.049,15.049,18.508,18.508,18.508,18.508,18.508,18.508,22.269,22.269,22.269,22.269,22.269
train,44,data_44.csv,persistent_leak,44_12_35,24,12,35,7200,21000,leak_binary,1,11.944,11.944,11.944,11.944,11.944,11.944,15.049,15.049,15.049,15.049,15.049,15.049,18.508,18.508,18.508,18.508,18.508,18.508,22.269,22.269,22.269,22.269,22.269,22.269
train,44,data_44.csv,persistent_leak,44_13_36,24,13,36,7800,21600,leak_binary,1,11.944,11.944,11.944,11.944,11.944,15.049,15.049,15.049,15.049,15.049,15.049,18.508,18.508,18.508,18.508,18.508,18.508,22.269,22.269,22.269,22.269,22.269,22.269,26.284
train,44,data_44.csv,persistent_leak,44_14_37,24,14,37,8400,22200,leak_binary,1,11.944,11.944,11.944,11.944,15.049,15.049,15.049,15.049,15.049,15.049,18.508,18.508,18.508,18.508,18.508,18.508,22.269,22.269,22.269,22.269,22.269,22.269,26.284,26.284
train,44,data_44.csv,persistent_leak,44_15_38,24,15,38,9000,22800,leak_binary,1,11.944,11.944,11.944,15.049,15.049,15.049,15.049,15.049,15.049,18.508,18.508,18.508,18.508,18.508,18.508,22.269,22.269,22.269,22.269,22.269,22.269,26.284,26.284,26.284
train,44,data_44.csv,persistent_leak,44_16_39,24,16,39,9600,23400,leak_binary,1,11.944,11.944,15.049,15.049,15.049,15.049,15.049,15.049,18.508,18.508,18.508,18.508,18.508,18.508,22.269,22.269,22.269,22.269,22.269,22.269,26.284,26.284,26.284,26.284
train,44,data_44.csv,persistent_leak,44_17_40,24,17,40,10200,24000,leak_binary,1,11.944,15.049,15.049,15.049,15.049,15.049,15.049,18.508,18.508,18.508,18.508,18.508,18.508,22.269,22.269,22.269,22.269,22.269,22.269,26.284,26.284,26.284,26.284,26.284
train,44,data_44.csv,persistent_leak,44_18_41,24,18,41,10800,24600,leak_binary,1,15.049,15.049,15.049,15.049,15.049,15.049,18.508,18.508,18.508,18.508,18.508,18.508,22.269,22.269,22.269,22.269,22.269,22.269,26.284,26.284,26.284,26.284,26.284,26.284
train,44,data_44.csv,persistent_leak,44_19_42,24,19,42,11400,25200,leak_binary,1,15.049,15.049,15.049,15.049,15.049,18.508,18.508,18.508,18.508,18.508,18.508,22.269,22.269,22.269,22.269,22.269,22.269,26.284,26.284,26.284,26.284,26.284,26.284,30.5
train,44,data_44.csv,persistent_leak,44_20_43,24,20,43,12000,25800,leak_binary,1,15.049,15.049,15.049,15.049,18.508,18.508,18.508,18.508,18.508,18.508,22.269,22.269,22.269,22.269,22.269,22.269,26.284,26.284,26.284,26.284,26.284,26.284,30.5,30.5
train,44,data_44.csv,persistent_leak,44_21_44,24,21,44,12600,26400,leak_binary,1,15.049,15.049,15.049,18.508,18.508,18.508,18.508,18.508,18.508,22.269,22.269,22.269,22.269,22.269,22.269,26.284,26.284,26.284,26.284,26.284,26.284,30.5,30.5,30.5
train,44,data_44.csv,persistent_leak,44_22_45,24,22,45,13200,27000,leak_binary,1,15.049,15.049,18.508,18.508,18.508,18.508,18.508,18.508,22.269,22.269,22.269,22.269,22.269,22.269,26.284,26.284,26.284,26.284,26.284,26.284,30.5,30.5,30.5,30.5
train,44,data_44.csv,persistent_leak,44_23_46,24,23,46,13800,27600,leak_binary,1,15.049,18.508,18.508,18.508,18.508,18.508,18.508,22.269,22.269,22.269,22.269,22.269,22.269,26.284,26.284,26.284,26.284,26.284,26.284,30.5,30.5,30.5,30.5,30.5
train,44,data_44.csv,persistent_leak,44_24_47,24,24,47,14400,28200,leak_binary,1,18.508,18.508,18.508,18.508,18.508,18.508,22.269,22.269,22.269,22.269,22.269,22.269,26.284,26.284,26.284,26.284,26.284,26.284,30.5,30.5,30.5,30.5,30.5,30.5
train,44,data_44.csv,persistent_leak,44_25_48,24,25,48,15000,28800,leak_binary,1,18.508,18.508,18.508,18.508,18.508,22.269,22.269,22.269,22.269,22.269,22.269,26.284,26.284,26.284,26.284,26.284,26.284,30.5,30.5,30.5,30.5,30.5,30.5,36.678
train,44,data_44.csv,persistent_leak,44_26_49,24,26,49,15600,29400,leak_binary,1,18.508,18.508,18.508,18.508,22.269,22.269,22.269,22.269,22.269,22.269,26.284,26.284,26.284,26.284,26.284,26.284,30.5,30.5,30.5,30.5,30.5,30.5,36.678,36.678
train,44,data_44.csv,persistent_leak,44_27_50,24,27,50,16200,30000,leak_binary,1,18.508,18.508,18.508,22.269,22.269,22.269,22.269,22.269,22.269,26.284,26.284,26.284,26.284,26.284,26.284,30.5,30.5,30.5,30.5,30.5,30.5,36.678,36.678,36.678
train,44,data_44.csv,persistent_leak,44_28_51,24,28,51,16800,30600,leak_binary,1,18.508,18.508,22.269,22.269,22.269,22.269,22.269,22.269,26.284,26.284,26.284,26.284,26.284,26.284,30.5,30.5,30.5,30.5,30.5,30.5,36.678,36.678,36.678,36.678
train,44,data_44.csv,persistent_leak,44_29_52,24,29,52,17400,31200,leak_binary,1,18.508,22.269,22.269,22.269,22.269,22.269,22.269,26.284,26.284,26.284,26.284,26.284,26.284,30.5,30.5,30.5,30.5,30.5,30.5,36.678,36.678,36.678,36.678,36.678
train,44,data_44.csv,persistent_leak,44_30_53,24,30,53,18000,31800,leak_binary,1,22.269,22.269,22.269,22.269,22.269,22.269,26.284,26.284,26.284,26.284,26.284,26.284,30.5,30.5,30.5,30.5,30.5,30.5,36.678,36.678,36.678,36.678,36.678,36.678
train,44,data_44.csv,persistent_leak,44_31_54,24,31,54,18600,32400,leak_binary,1,22.269,22.269,22.269,22.269,22.269,26.284,26.284,26.284,26.284,26.284,26.284,30.5,30.5,30.5,30.5,30.5,30.5,36.678,36.678,36.678,36.678,36.678,36.678,45.691
train,44,data_44.csv,persistent_leak,44_32_55,24,32,55,19200,33000,leak_binary,1,22.269,22.269,22.269,22.269,26.284,26.284,26.284,26.284,26.284,26.284,30.5,30.5,30.5,30.5,30.5,30.5,36.678,36.678,36.678,36.678,36.678,36.678,45.691,45.691
train,44,data_44.csv,persistent_leak,44_33_56,24,33,56,19800,33600,leak_binary,1,22.269,22.269,22.269,26.284,26.284,26.284,26.284,26.284,26.284,30.5,30.5,30.5,30.5,30.5,30.5,36.678,36.678,36.678,36.678,36.678,36.678,45.691,45.691,45.691
train,44,data_44.csv,persistent_leak,44_34_57,24,34,57,20400,34200,leak_binary,1,22.269,22.269,26.284,26.284,26.284,26.284,26.284,26.284,30.5,30.5,30.5,30.5,30.5,30.5,36.678,36.678,36.678,36.678,36.678,36.678,45.691,45.691,45.691,45.691
train,44,data_44.csv,persistent_leak,44_35_58,24,35,58,21000,34800,leak_binary,1,22.269,26.284,26.284,26.284,26.284,26.284,26.284,30.5,30.5,30.5,30.5,30.5,30.5,36.678,36.678,36.678,36.678,36.678,36.678,45.691,45.691,45.691,45.691,45.691
train,44,data_44.csv,persistent_leak,44_36_59,24,36,59,21600,35400,leak_binary,1,26.284,26.284,26.284,26.284,26.284,26.284,30.5,30.5,30.5,30.5,30.5,30.5,36.678,36.678,36.678,36.678,36.678,36.678,45.691,45.691,45.691,45.691,45.691,45.691
train,44,data_44.csv,persistent_leak,44_37_60,24,37,60,22200,36000,leak_binary,1,26.284,26.284,26.284,26.284,26.284,30.5,30.5,30.5,30.5,30.5,30.5,36.678,36.678,36.678,36.678,36.678,36.678,45.691,45.691,45.691,45.691,45.691,45.691,56.163
train,44,data_44.csv,persistent_leak,44_38_61,24,38,61,22800,36600,leak_binary,1,26.284,26.284,26.284,26.284,30.5,30.5,30.5,30.5,30.5,30.5,36.678,36.678,36.678,36.678,36.678,36.678,45.691,45.691,45.691,45.691,45.691,45.691,56.163,56.163
train,44,data_44.csv,persistent_leak,44_39_62,24,39,62,23400,37200,leak_binary,1,26.284,26.284,26.284,30.5,30.5,30.5,30.5,30.5,30.5,36.678,36.678,36.678,36.678,36.678,36.678,45.691,45.691,45.691,45.691,45.691,45.691,56.163,56.163,56.163
train,44,data_44.csv,persistent_leak,44_40_63,24,40,63,24000,37800,leak_binary,1,26.284,26.284,30.5,30.5,30.5,30.5,30.5,30.5,36.678,36.678,36.678,36.678,36.678,36.678,45.691,45.691,45.691,45.691,45.691,45.691,56.163,56.163,56.163,56.163
train,44,data_44.csv,persistent_leak,44_41_64,24,41,64,24600,38400,leak_binary,1,26.284,30.5,30.5,30.5,30.5,30.5,30.5,36.678,36.678,36.678,36.678,36.678,36.678,45.691,45.691,45.691,45.691,45.691,45.691,56.163,56.163,56.163,56.163,56.163
train,44,data_44.csv,persistent_leak,44_42_65,24,42,65,25200,39000,leak_binary,1,30.5,30.5,30.5,30.5,30.5,30.5,36.678,36.678,36.678,36.678,36.678,36.678,45.691,45.691,45.691,45.691,45.691,45.691,56.163,56.163,56.163,56.163,56.163,56.163
train,44,data_44.csv,persistent_leak,44_43_66,24,43,66,25800,39600,leak_binary,1,30.5,30.5,30.5,30.5,30.5,36.678,36.678,36.678,36.678,36.678,36.678,45.691,45.691,45.691,45.691,45.691,45.691,56.163,56.163,56.163,56.163,56.163,56.163,66.709
train,44,data_44.csv,persistent_leak,44_44_67,24,44,67,26400,40200,leak_binary,1,30.5,30.5,30.5,30.5,36.678,36.678,36.678,36.678,36.678,36.678,45.691,45.691,45.691,45.691,45.691,45.691,56.163,56.163,56.163,56.163,56.163,56.163,66.709,66.709
train,44,data_44.csv,persistent_leak,44_45_68,24,45,68,27000,40800,leak_binary,1,30.5,30.5,30.5,36.678,36.678,36.678,36.678,36.678,36.678,45.691,45.691,45.691,45.691,45.691,45.691,56.163,56.163,56.163,56.163,56.163,56.163,66.709,66.709,66.709
train,44,data_44.csv,persistent_leak,44_46_69,24,46,69,27600,41400,leak_binary,1,30.5,30.5,36.678,36.678,36.678,36.678,36.678,36.678,45.691,45.691,45.691,45.691,45.691,45.691,56.163,56.163,56.163,56.163,56.163,56.163,66.709,66.709,66.709,66.709
train,44,data_44.csv,persistent_leak,44_47_70,24,47,70,28200,42000,leak_binary,1,30.5,36.678,36.678,36.678,36.678,36.678,36.678,45.691,45.691,45.691,45.691,45.691,45.691,56.163,56.163,56.163,56.163,56.163,56.163,66.709,66.709,66.709,66.709,66.709
train,44,data_44.csv,persistent_leak,44_48_71,24,48,71,28800,42600,leak_binary,1,36.678,36.678,36.678,36.678,36.678,36.678,45.691,45.691,45.691,45.691,45.691,45.691,56.163,56.163,56.163,56.163,56.163,56.163,66.709,66.709,66.709,66.709,66.709,66.709
train,44,data_44.csv,persistent_leak,44_49_72,24,49,72,29400,43200,leak_binary,1,36.678,36.678,36.678,36.678,36.678,45.691,45.691,45.691,45.691,45.691,45.691,56.163,56.163,56.163,56.163,56.163,56.163,66.709,66.709,66.709,66.709,66.709,66.709,75.95
train,44,data_44.csv,persistent_leak,44_50_73,24,50,73,30000,43800,leak_binary,1,36.678,36.678,36.678,36.678,45.691,45.691,45.691,45.691,45.691,45.691,56.163,56.163,56.163,56.163,56.163,56.163,66.709,66.709,66.709,66.709,66.709,66.709,75.95,75.95
train,44,data_44.csv,persistent_leak,44_51_74,24,51,74,30600,44400,leak_binary,1,36.678,36.678,36.678,45.691,45.691,45.691,45.691,45.691,45.691,56.163,56.163,56.163,56.163,56.163,56.163,66.709,66.709,66.709,66.709,66.709,66.709,75.95,75.95,75.95
train,44,data_44.csv,persistent_leak,44_52_75,24,52,75,31200,45000,leak_binary,1,36.678,36.678,45.691,45.691,45.691,45.691,45.691,45.691,56.163,56.163,56.163,56.163,56.163,56.163,66.709,66.709,66.709,66.709,66.709,66.709,75.95,75.95,75.95,75.95
train,44,data_44.csv,persistent_leak,44_53_76,24,53,76,31800,45600,leak_binary,1,36.678,45.691,45.691,45.691,45.691,45.691,45.691,56.163,56.163,56.163,56.163,56.163,56.163,66.709,66.709,66.709,66.709,66.709,66.709,75.95,75.95,75.95,75.95,75.95
train,44,data_44.csv,persistent_leak,44_54_77,24,54,77,32400,46200,leak_binary,1,45.691,45.691,45.691,45.691,45.691,45.691,56.163,56.163,56.163,56.163,56.163,56.163,66.709,66.709,66.709,66.709,66.709,66.709,75.95,75.95,75.95,75.95,75.95,75.95
train,44,data_44.csv,persistent_leak,44_55_78,24,55,78,33000,46800,leak_binary,1,45.691,45.691,45.691,45.691,45.691,56.163,56.163,56.163,56.163,56.163,56.163,66.709,66.709,66.709,66.709,66.709,66.709,75.95,75.95,75.95,75.95,75.95,75.95,82.509
train,44,data_44.csv,persistent_leak,44_56_79,24,56,79,33600,47400,leak_binary,1,45.691,45.691,45.691,45.691,56.163,56.163,56.163,56.163,56.163,56.163,66.709,66.709,66.709,66.709,66.709,66.709,75.95,75.95,75.95,75.95,75.95,75.95,82.509,82.509
train,44,data_44.csv,persistent_leak,44_57_80,24,57,80,34200,48000,leak_binary,1,45.691,45.691,45.691,56.163,56.163,56.163,56.163,56.163,56.163,66.709,66.709,66.709,66.709,66.709,66.709,75.95,75.95,75.95,75.95,75.95,75.95,82.509,82.509,82.509
train,44,data_44.csv,persistent_leak,44_58_81,24,58,81,34800,48600,leak_binary,1,45.691,45.691,56.163,56.163,56.163,56.163,56.163,56.163,66.709,66.709,66.709,66.709,66.709,66.709,75.95,75.95,75.95,75.95,75.95,75.95,82.509,82.509,82.509,82.509
train,44,data_44.csv,persistent_leak,44_59_82,24,59,82,35400,49200,leak_binary,1,45.691,56.163,56.163,56.163,56.163,56.163,56.163,66.709,66.709,66.709,66.709,66.709,66.709,75.95,75.95,75.95,75.95,75.95,75.95,82.509,82.509,82.509,82.509,82.509
train,44,data_44.csv,persistent_leak,44_60_83,24,60,83,36000,49800,leak_binary,1,56.163,56.163,56.163,56.163,56.163,56.163,66.709,66.709,66.709,66.709,66.709,66.709,75.95,75.95,75.95,75.95,75.95,75.95,82.509,82.509,82.509,82.509,82.509,82.509
train,44,data_44.csv,persistent_leak,44_61_84,24,61,84,36600,50400,leak_binary,1,56.163,56.163,56.163,56.163,56.163,66.709,66.709,66.709,66.709,66.709,66.709,75.95,75.95,75.95,75.95,75.95,75.95,82.509,82.509,82.509,82.509,82.509,82.509,85.0
train,44,data_44.csv,persistent_leak,44_62_85,24,62,85,37200,51000,leak_binary,1,56.163,56.163,56.163,56.163,66.709,66.709,66.709,66.709,66.709,66.709,75.95,75.95,75.95,75.95,75.95,75.95,82.509,82.509,82.509,82.509,82.509,82.509,85.0,85.0
train,44,data_44.csv,persistent_leak,44_63_86,24,63,86,37800,51600,leak_binary,1,56.163,56.163,56.163,66.709,66.709,66.709,66.709,66.709,66.709,75.95,75.95,75.95,75.95,75.95,75.95,82.509,82.509,82.509,82.509,82.509,82.509,85.0,85.0,85.0
train,44,data_44.csv,persistent_leak,44_64_87,24,64,87,38400,52200,leak_binary,1,56.163,56.163,66.709,66.709,66.709,66.709,66.709,66.709,75.95,75.95,75.95,75.95,75.95,75.95,82.509,82.509,82.509,82.509,82.509,82.509,85.0,85.0,85.0,85.0
train,44,data_44.csv,persistent_leak,44_65_88,24,65,88,39000,52800,leak_binary,1,56.163,66.709,66.709,66.709,66.709,66.709,66.709,75.95,75.95,75.95,75.95,75.95,75.95,82.509,82.509,82.509,82.509,82.509,82.509,85.0,85.0,85.0,85.0,85.0
train,44,data_44.csv,persistent_leak,44_66_89,24,66,89,39600,53400,leak_binary,1,66.709,66.709,66.709,66.709,66.709,66.709,75.95,75.95,75.95,75.95,75.95,75.95,82.509,82.509,82.509,82.509,82.509,82.509,85.0,85.0,85.0,85.0,85.0,85.0
train,44,data_44.csv,persistent_leak,44_67_90,24,67,90,40200,54000,leak_binary,1,66.709,66.709,66.709,66.709,66.709,75.95,75.95,75.95,75.95,75.95,75.95,82.509,82.509,82.509,82.509,82.509,82.509,85.0,85.0,85.0,85.0,85.0,85.0,76.59
train,44,data_44.csv,persistent_leak,44_68_91,24,68,91,40800,54600,leak_binary,1,66.709,66.709,66.709,66.709,75.95,75.95,75.95,75.95,75.95,75.95,82.509,82.509,82.509,82.509,82.509,82.509,85.0,85.0,85.0,85.0,85.0,85.0,76.59,76.59
train,44,data_44.csv,persistent_leak,44_69_92,24,69,92,41400,55200,leak_binary,1,66.709,66.709,66.709,75.95,75.95,75.95,75.95,75.95,75.95,82.509,82.509,82.509,82.509,82.509,82.509,85.0,85.0,85.0,85.0,85.0,85.0,76.59,76.59,76.59
train,44,data_44.csv,persistent_leak,44_70_93,24,70,93,42000,55800,leak_binary,1,66.709,66.709,75.95,75.95,75.95,75.95,75.95,75.95,82.509,82.509,82.509,82.509,82.509,82.509,85.0,85.0,85.0,85.0,85.0,85.0,76.59,76.59,76.59,76.59
train,44,data_44.csv,persistent_leak,44_71_94,24,71,94,42600,56400,leak_binary,1,66.709,75.95,75.95,75.95,75.95,75.95,75.95,82.509,82.509,82.509,82.509,82.509,82.509,85.0,85.0,85.0,85.0,85.0,85.0,76.59,76.59,76.59,76.59,76.59
train,44,data_44.csv,persistent_leak,44_72_95,24,72,95,43200,57000,leak_binary,1,75.95,75.95,75.95,75.95,75.95,75.95,82.509,82.509,82.509,82.509,82.509,82.509,85.0,85.0,85.0,85.0,85.0,85.0,76.59,76.59,76.59,76.59,76.59,76.59
train,44,data_44.csv,persistent_leak,44_73_96,24,73,96,43800,57600,leak_binary,1,75.95,75.95,75.95,75.95,75.95,82.509,82.509,82.509,82.509,82.509,82.509,85.0,85.0,85.0,85.0,85.0,85.0,76.59,76.59,76.59,76.59,76.59,76.59,65.99
train,44,data_44.csv,persistent_leak,44_74_97,24,74,97,44400,58200,leak_binary,1,75.95,75.95,75.95,75.95,82.509,82.509,82.509,82.509,82.509,82.509,85.0,85.0,85.0,85.0,85.0,85.0,76.59,76.59,76.59,76.59,76.59,76.59,65.99,65.99
train,44,data_44.csv,persistent_leak,44_75_98,24,75,98,45000,58800,leak_binary,1,75.95,75.95,75.95,82.509,82.509,82.509,82.509,82.509,82.509,85.0,85.0,85.0,85.0,85.0,85.0,76.59,76.59,76.59,76.59,76.59,76.59,65.99,65.99,65.99
train,44,data_44.csv,persistent_leak,44_76_99,24,76,99,45600,59400,leak_binary,1,75.95,75.95,82.509,82.509,82.509,82.509,82.509,82.509,85.0,85.0,85.0,85.0,85.0,85.0,76.59,76.59,76.59,76.59,76.59,76.59,65.99,65.99,65.99,65.99
train,44,data_44.csv,persistent_leak,44_77_100,24,77,100,46200,60000,leak_binary,1,75.95,82.509,82.509,82.509,82.509,82.509,82.509,85.0,85.0,85.0,85.0,85.0,85.0,76.59,76.59,76.59,76.59,76.59,76.59,65.99,65.99,65.99,65.99,65.99
train,44,data_44.csv,persistent_leak,44_78_101,24,78,101,46800,60600,leak_binary,1,82.509,82.509,82.509,82.509,82.509,82.509,85.0,85.0,85.0,85.0,85.0,85.0,76.59,76.59,76.59,76.59,76.59,76.59,65.99,65.99,65.99,65.99,65.99,65.99
train,44,data_44.csv,persistent_leak,44_79_102,24,79,102,47400,61200,leak_binary,1,82.509,82.509,82.509,82.509,82.509,85.0,85.0,85.0,85.0,85.0,85.0,76.59,76.59,76.59,76.59,76.59,76.59,65.99,65.99,65.99,65.99,65.99,65.99,68.145
train,44,data_44.csv,persistent_leak,44_80_103,24,80,103,48000,61800,leak_binary,1,82.509,82.509,82.509,82.509,85.0,85.0,85.0,85.0,85.0,85.0,76.59,76.59,76.59,76.59,76.59,76.59,65.99,65.99,65.99,65.99,65.99,65.99,68.145,68.145
train,44,data_44.csv,persistent_leak,44_81_104,24,81,104,48600,62400,leak_binary,1,82.509,82.509,82.509,85.0,85.0,85.0,85.0,85.0,85.0,76.59,76.59,76.59,76.59,76.59,76.59,65.99,65.99,65.99,65.99,65.99,65.99,68.145,68.145,68.145
train,44,data_44.csv,persistent_leak,44_82_105,24,82,105,49200,63000,leak_binary,1,82.509,82.509,85.0,85.0,85.0,85.0,85.0,85.0,76.59,76.59,76.59,76.59,76.59,76.59,65.99,65.99,65.99,65.99,65.99,65.99,68.145,68.145,68.145,68.145
train,44,data_44.csv,persistent_leak,44_83_106,24,83,106,49800,63600,leak_binary,1,82.509,85.0,85.0,85.0,85.0,85.0,85.0,76.59,76.59,76.59,76.59,76.59,76.59,65.99,65.99,65.99,65.99,65.99,65.99,68.145,68.145,68.145,68.145,68.145
train,44,data_44.csv,persistent_leak,44_84_107,24,84,107,50400,64200,leak_binary,1,85.0,85.0,85.0,85.0,85.0,85.0,76.59,76.59,76.59,76.59,76.59,76.59,65.99,65.99,65.99,65.99,65.99,65.99,68.145,68.145,68.145,68.145,68.145,68.145
train,44,data_44.csv,persistent_leak,44_85_108,24,85,108,51000,64800,leak_binary,1,85.0,85.0,85.0,85.0,85.0,76.59,76.59,76.59,76.59,76.59,76.59,65.99,65.99,65.99,65.99,65.99,65.99,68.145,68.145,68.145,68.145,68.145,68.145,70.0
train,44,data_44.csv,persistent_leak,44_86_109,24,86,109,51600,65400,leak_binary,1,85.0,85.0,85.0,85.0,76.59,76.59,76.59,76.59,76.59,76.59,65.99,65.99,65.99,65.99,65.99,65.99,68.145,68.145,68.145,68.145,68.145,68.145,70.0,70.0
train,44,data_44.csv,persistent_leak,44_87_110,24,87,110,52200,66000,leak_binary,1,85.0,85.0,85.0,76.59,76.59,76.59,76.59,76.59,76.59,65.99,65.99,65.99,65.99,65.99,65.99,68.145,68.145,68.145,68.145,68.145,68.145,70.0,70.0,70.0
train,44,data_44.csv,persistent_leak,44_88_111,24,88,111,52800,66600,leak_binary,1,85.0,85.0,76.59,76.59,76.59,76.59,76.59,76.59,65.99,65.99,65.99,65.99,65.99,65.99,68.145,68.145,68.145,68.145,68.145,68.145,70.0,70.0,70.0,70.0
train,44,data_44.csv,persistent_leak,44_89_112,24,89,112,53400,67200,leak_binary,1,85.0,76.59,76.59,76.59,76.59,76.59,76.59,65.99,65.99,65.99,65.99,65.99,65.99,68.145,68.145,68.145,68.145,68.145,68.145,70.0,70.0,70.0,70.0,70.0
train,44,data_44.csv,persistent_leak,44_90_113,24,90,113,54000,67800,leak_binary,1,76.59,76.59,76.59,76.59,76.59,76.59,65.99,65.99,65.99,65.99,65.99,65.99,68.145,68.145,68.145,68.145,68.145,68.145,70.0,70.0,70.0,70.0,70.0,70.0
train,44,data_44.csv,persistent_leak,44_91_114,24,91,114,54600,68400,leak_binary,1,76.59,76.59,76.59,76.59,76.59,65.99,65.99,65.99,65.99,65.99,65.99,68.145,68.145,68.145,68.145,68.145,68.145,70.0,70.0,70.0,70.0,70.0,70.0,60.647
train,44,data_44.csv,persistent_leak,44_92_115,24,92,115,55200,69000,leak_binary,1,76.59,76.59,76.59,76.59,65.99,65.99,65.99,65.99,65.99,65.99,68.145,68.145,68.145,68.145,68.145,68.145,70.0,70.0,70.0,70.0,70.0,70.0,60.647,60.647
train,44,data_44.csv,persistent_leak,44_93_116,24,93,116,55800,69600,leak_binary,1,76.59,76.59,76.59,65.99,65.99,65.99,65.99,65.99,65.99,68.145,68.145,68.145,68.145,68.145,68.145,70.0,70.0,70.0,70.0,70.0,70.0,60.647,60.647,60.647
train,44,data_44.csv,persistent_leak,44_94_117,24,94,117,56400,70200,leak_binary,1,76.59,76.59,65.99,65.99,65.99,65.99,65.99,65.99,68.145,68.145,68.145,68.145,68.145,68.145,70.0,70.0,70.0,70.0,70.0,70.0,60.647,60.647,60.647,60.647
train,44,data_44.csv,persistent_leak,44_95_118,24,95,118,57000,70800,leak_binary,1,76.59,65.99,65.99,65.99,65.99,65.99,65.99,68.145,68.145,68.145,68.145,68.145,68.145,70.0,70.0,70.0,70.0,70.0,70.0,60.647,60.647,60.647,60.647,60.647
train,44,data_44.csv,persistent_leak,44_96_119,24,96,119,57600,71400,leak_binary,1,65.99,65.99,65.99,65.99,65.99,65.99,68.145,68.145,68.145,68.145,68.145,68.145,70.0,70.0,70.0,70.0,70.0,70.0,60.647,60.647,60.647,60.647,60.647,60.647
train,44,data_44.csv,persistent_leak,44_97_120,24,97,120,58200,72000,leak_binary,1,65.99,65.99,65.99,65.99,65.99,68.145,68.145,68.145,68.145,68.145,68.145,70.0,70.0,70.0,70.0,70.0,70.0,60.647,60.647,60.647,60.647,60.647,60.647,48.5
train,44,data_44.csv,persistent_leak,44_98_121,24,98,121,58800,72600,leak_binary,1,65.99,65.99,65.99,65.99,68.145,68.145,68.145,68.145,68.145,68.145,70.0,70.0,70.0,70.0,70.0,70.0,60.647,60.647,60.647,60.647,60.647,60.647,48.5,48.5
train,44,data_44.csv,persistent_leak,44_99_122,24,99,122,59400,73200,leak_binary,1,65.99,65.99,65.99,68.145,68.145,68.145,68.145,68.145,68.145,70.0,70.0,70.0,70.0,70.0,70.0,60.647,60.647,60.647,60.647,60.647,60.647,48.5,48.5,48.5
train,44,data_44.csv,persistent_leak,44_100_123,24,100,123,60000,73800,leak_binary,1,65.99,65.99,68.145,68.145,68.145,68.145,68.145,68.145,70.0,70.0,70.0,70.0,70.0,70.0,60.647,60.647,60.647,60.647,60.647,60.647,48.5,48.5,48.5,48.5
train,44,data_44.csv,persistent_leak,44_101_124,24,101,124,60600,74400,leak_binary,1,65.99,68.145,68.145,68.145,68.145,68.145,68.145,70.0,70.0,70.0,70.0,70.0,70.0,60.647,60.647,60.647,60.647,60.647,60.647,48.5,48.5,48.5,48.5,48.5
train,44,data_44.csv,persistent_leak,44_102_125,24,102,125,61200,75000,leak_binary,1,68.145,68.145,68.145,68.145,68.145,68.145,70.0,70.0,70.0,70.0,70.0,70.0,60.647,60.647,60.647,60.647,60.647,60.647,48.5,48.5,48.5,48.5,48.5,48.5
train,44,data_44.csv,persistent_leak,44_103_126,24,103,126,61800,75600,leak_binary,1,68.145,68.145,68.145,68.145,68.145,70.0,70.0,70.0,70.0,70.0,70.0,60.647,60.647,60.647,60.647,60.647,60.647,48.5,48.5,48.5,48.5,48.5,48.5,36.742
train,44,data_44.csv,persistent_leak,44_104_127,24,104,127,62400,76200,leak_binary,1,68.145,68.145,68.145,68.145,70.0,70.0,70.0,70.0,70.0,70.0,60.647,60.647,60.647,60.647,60.647,60.647,48.5,48.5,48.5,48.5,48.5,48.5,36.742,36.742
train,44,data_44.csv,persistent_leak,44_105_128,24,105,128,63000,76800,leak_binary,1,68.145,68.145,68.145,70.0,70.0,70.0,70.0,70.0,70.0,60.647,60.647,60.647,60.647,60.647,60.647,48.5,48.5,48.5,48.5,48.5,48.5,36.742,36.742,36.742
train,44,data_44.csv,persistent_leak,44_106_129,24,106,129,63600,77400,leak_binary,1,68.145,68.145,70.0,70.0,70.0,70.0,70.0,70.0,60.647,60.647,60.647,60.647,60.647,60.647,48.5,48.5,48.5,48.5,48.5,48.5,36.742,36.742,36.742,36.742
train,44,data_44.csv,persistent_leak,44_107_130,24,107,130,64200,78000,leak_binary,1,68.145,70.0,70.0,70.0,70.0,70.0,70.0,60.647,60.647,60.647,60.647,60.647,60.647,48.5,48.5,48.5,48.5,48.5,48.5,36.742,36.742,36.742,36.742,36.742
train,44,data_44.csv,persistent_leak,44_108_131,24,108,131,64800,78600,leak_binary,1,70.0,70.0,70.0,70.0,70.0,70.0,60.647,60.647,60.647,60.647,60.647,60.647,48.5,48.5,48.5,48.5,48.5,48.5,36.742,36.742,36.742,36.742,36.742,36.742
train,44,data_44.csv,persistent_leak,44_109_132,24,109,132,65400,79200,leak_binary,1,70.0,70.0,70.0,70.0,70.0,60.647,60.647,60.647,60.647,60.647,60.647,48.5,48.5,48.5,48.5,48.5,48.5,36.742,36.742,36.742,36.742,36.742,36.742,23.138
train,44,data_44.csv,persistent_leak,44_110_133,24,110,133,66000,79800,leak_binary,1,70.0,70.0,70.0,70.0,60.647,60.647,60.647,60.647,60.647,60.647,48.5,48.5,48.5,48.5,48.5,48.5,36.742,36.742,36.742,36.742,36.742,36.742,23.138,23.138
train,44,data_44.csv,persistent_leak,44_111_134,24,111,134,66600,80400,leak_binary,1,70.0,70.0,70.0,60.647,60.647,60.647,60.647,60.647,60.647,48.5,48.5,48.5,48.5,48.5,48.5,36.742,36.742,36.742,36.742,36.742,36.742,23.138,23.138,23.138
train,44,data_44.csv,persistent_leak,44_112_135,24,112,135,67200,81000,leak_binary,1,70.0,70.0,60.647,60.647,60.647,60.647,60.647,60.647,48.5,48.5,48.5,48.5,48.5,48.5,36.742,36.742,36.742,36.742,36.742,36.742,23.138,23.138,23.138,23.138
train,44,data_44.csv,persistent_leak,44_113_136,24,113,136,67800,81600,leak_binary,1,70.0,60.647,60.647,60.647,60.647,60.647,60.647,48.5,48.5,48.5,48.5,48.5,48.5,36.742,36.742,36.742,36.742,36.742,36.742,23.138,23.138,23.138,23.138,23.138
train,44,data_44.csv,persistent_leak,44_114_137,24,114,137,68400,82200,leak_binary,1,60.647,60.647,60.647,60.647,60.647,60.647,48.5,48.5,48.5,48.5,48.5,48.5,36.742,36.742,36.742,36.742,36.742,36.742,23.138,23.138,23.138,23.138,23.138,23.138
train,44,data_44.csv,persistent_leak,44_115_138,24,115,138,69000,82800,leak_binary,1,60.647,60.647,60.647,60.647,60.647,48.5,48.5,48.5,48.5,48.5,48.5,36.742,36.742,36.742,36.742,36.742,36.742,23.138,23.138,23.138,23.138,23.138,23.138,8.5
train,44,data_44.csv,persistent_leak,44_116_139,24,116,139,69600,83400,leak_binary,1,60.647,60.647,60.647,60.647,48.5,48.5,48.5,48.5,48.5,48.5,36.742,36.742,36.742,36.742,36.742,36.742,23.138,23.138,23.138,23.138,23.138,23.138,8.5,8.5
train,44,data_44.csv,persistent_leak,44_117_140,24,117,140,70200,84000,leak_binary,1,60.647,60.647,60.647,48.5,48.5,48.5,48.5,48.5,48.5,36.742,36.742,36.742,36.742,36.742,36.742,23.138,23.138,23.138,23.138,23.138,23.138,8.5,8.5,8.5
train,44,data_44.csv,persistent_leak,44_118_141,24,118,141,70800,84600,leak_binary,1,60.647,60.647,48.5,48.5,48.5,48.5,48.5,48.5,36.742,36.742,36.742,36.742,36.742,36.742,23.138,23.138,23.138,23.138,23.138,23.138,8.5,8.5,8.5,8.5
train,44,data_44.csv,persistent_leak,44_119_142,24,119,142,71400,85200,leak_binary,1,60.647,48.5,48.5,48.5,48.5,48.5,48.5,36.742,36.742,36.742,36.742,36.742,36.742,23.138,23.138,23.138,23.138,23.138,23.138,8.5,8.5,8.5,8.5,8.5
train,44,data_44.csv,persistent_leak,44_120_143,24,120,143,72000,85800,leak_binary,1,48.5,48.5,48.5,48.5,48.5,48.5,36.742,36.742,36.742,36.742,36.742,36.742,23.138,23.138,23.138,23.138,23.138,23.138,8.5,8.5,8.5,8.5,8.5,8.5
train,44,data_44.csv,persistent_leak,44_121_144,24,121,144,72600,86400,leak_binary,1,48.5,48.5,48.5,48.5,48.5,36.742,36.742,36.742,36.742,36.742,36.742,23.138,23.138,23.138,23.138,23.138,23.138,8.5,8.5,8.5,8.5,8.5,8.5,7.0
train,45,data_45.csv,persistent_leak,45_0_23,24,0,23,0,13800,leak_binary,1,7.0,7.0,7.0,7.0,7.0,7.0,10.577,10.577,10.577,10.577,10.577,10.577,14.308,14.308,14.308,14.308,14.308,14.308,18.183,18.183,18.183,18.183,18.183,18.183
train,45,data_45.csv,persistent_leak,45_1_24,24,1,24,600,14400,leak_binary,1,7.0,7.0,7.0,7.0,7.0,10.577,10.577,10.577,10.577,10.577,10.577,14.308,14.308,14.308,14.308,14.308,14.308,18.183,18.183,18.183,18.183,18.183,18.183,22.197
train,45,data_45.csv,persistent_leak,45_2_25,24,2,25,1200,15000,leak_binary,1,7.0,7.0,7.0,7.0,10.577,10.577,10.577,10.577,10.577,10.577,14.308,14.308,14.308,14.308,14.308,14.308,18.183,18.183,18.183,18.183,18.183,18.183,22.197,22.197
train,45,data_45.csv,persistent_leak,45_3_26,24,3,26,1800,15600,leak_binary,1,7.0,7.0,7.0,10.577,10.577,10.577,10.577,10.577,10.577,14.308,14.308,14.308,14.308,14.308,14.308,18.183,18.183,18.183,18.183,18.183,18.183,22.197,22.197,22.197
train,45,data_45.csv,persistent_leak,45_4_27,24,4,27,2400,16200,leak_binary,1,7.0,7.0,10.577,10.577,10.577,10.577,10.577,10.577,14.308,14.308,14.308,14.308,14.308,14.308,18.183,18.183,18.183,18.183,18.183,18.183,22.197,22.197,22.197,22.197
train,45,data_45.csv,persistent_leak,45_5_28,24,5,28,3000,16800,leak_binary,1,7.0,10.577,10.577,10.577,10.577,10.577,10.577,14.308,14.308,14.308,14.308,14.308,14.308,18.183,18.183,18.183,18.183,18.183,18.183,22.197,22.197,22.197,22.197,22.197
train,45,data_45.csv,persistent_leak,45_6_29,24,6,29,3600,17400,leak_binary,1,10.577,10.577,10.577,10.577,10.577,10.577,14.308,14.308,14.308,14.308,14.308,14.308,18.183,18.183,18.183,18.183,18.183,18.183,22.197,22.197,22.197,22.197,22.197,22.197
train,45,data_45.csv,persistent_leak,45_7_30,24,7,30,4200,18000,leak_binary,1,10.577,10.577,10.577,10.577,10.577,14.308,14.308,14.308,14.308,14.308,14.308,18.183,18.183,18.183,18.183,18.183,18.183,22.197,22.197,22.197,22.197,22.197,22.197,26.341
train,45,data_45.csv,persistent_leak,45_8_31,24,8,31,4800,18600,leak_binary,1,10.577,10.577,10.577,10.577,14.308,14.308,14.308,14.308,14.308,14.308,18.183,18.183,18.183,18.183,18.183,18.183,22.197,22.197,22.197,22.197,22.197,22.197,26.341,26.341
train,45,data_45.csv,persistent_leak,45_9_32,24,9,32,5400,19200,leak_binary,1,10.577,10.577,10.577,14.308,14.308,14.308,14.308,14.308,14.308,18.183,18.183,18.183,18.183,18.183,18.183,22.197,22.197,22.197,22.197,22.197,22.197,26.341,26.341,26.341
train,45,data_45.csv,persistent_leak,45_10_33,24,10,33,6000,19800,leak_binary,1,10.577,10.577,14.308,14.308,14.308,14.308,14.308,14.308,18.183,18.183,18.183,18.183,18.183,18.183,22.197,22.197,22.197,22.197,22.197,22.197,26.341,26.341,26.341,26.341
train,45,data_45.csv,persistent_leak,45_11_34,24,11,34,6600,20400,leak_binary,1,10.577,14.308,14.308,14.308,14.308,14.308,14.308,18.183,18.183,18.183,18.183,18.183,18.183,22.197,22.197,22.197,22.197,22.197,22.197,26.341,26.341,26.341,26.341,26.341
train,45,data_45.csv,persistent_leak,45_12_35,24,12,35,7200,21000,leak_binary,1,14.308,14.308,14.308,14.308,14.308,14.308,18.183,18.183,18.183,18.183,18.183,18.183,22.197,22.197,22.197,22.197,22.197,22.197,26.341,26.341,26.341,26.341,26.341,26.341
train,45,data_45.csv,persistent_leak,45_13_36,24,13,36,7800,21600,leak_binary,1,14.308,14.308,14.308,14.308,14.308,18.183,18.183,18.183,18.183,18.183,18.183,22.197,22.197,22.197,22.197,22.197,22.197,26.341,26.341,26.341,26.341,26.341,26.341,30.611
train,45,data_45.csv,persistent_leak,45_14_37,24,14,37,8400,22200,leak_binary,1,14.308,14.308,14.308,14.308,18.183,18.183,18.183,18.183,18.183,18.183,22.197,22.197,22.197,22.197,22.197,22.197,26.341,26.341,26.341,26.341,26.341,26.341,30.611,30.611
train,45,data_45.csv,persistent_leak,45_15_38,24,15,38,9000,22800,leak_binary,1,14.308,14.308,14.308,18.183,18.183,18.183,18.183,18.183,18.183,22.197,22.197,22.197,22.197,22.197,22.197,26.341,26.341,26.341,26.341,26.341,26.341,30.611,30.611,30.611
train,45,data_45.csv,persistent_leak,45_16_39,24,16,39,9600,23400,leak_binary,1,14.308,14.308,18.183,18.183,18.183,18.183,18.183,18.183,22.197,22.197,22.197,22.197,22.197,22.197,26.341,26.341,26.341,26.341,26.341,26.341,30.611,30.611,30.611,30.611
train,45,data_45.csv,persistent_leak,45_17_40,24,17,40,10200,24000,leak_binary,1,14.308,18.183,18.183,18.183,18.183,18.183,18.183,22.197,22.197,22.197,22.197,22.197,22.197,26.341,26.341,26.341,26.341,26.341,26.341,30.611,30.611,30.611,30.611,30.611
train,45,data_45.csv,persistent_leak,45_18_41,24,18,41,10800,24600,leak_binary,1,18.183,18.183,18.183,18.183,18.183,18.183,22.197,22.197,22.197,22.197,22.197,22.197,26.341,26.341,26.341,26.341,26.341,26.341,30.611,30.611,30.611,30.611,30.611,30.611
train,45,data_45.csv,persistent_leak,45_19_42,24,19,42,11400,25200,leak_binary,1,18.183,18.183,18.183,18.183,18.183,22.197,22.197,22.197,22.197,22.197,22.197,26.341,26.341,26.341,26.341,26.341,26.341,30.611,30.611,30.611,30.611,30.611,30.611,35.0
train,45,data_45.csv,persistent_leak,45_20_43,24,20,43,12000,25800,leak_binary,1,18.183,18.183,18.183,18.183,22.197,22.197,22.197,22.197,22.197,22.197,26.341,26.341,26.341,26.341,26.341,26.341,30.611,30.611,30.611,30.611,30.611,30.611,35.0,35.0
train,45,data_45.csv,persistent_leak,45_21_44,24,21,44,12600,26400,leak_binary,1,18.183,18.183,18.183,22.197,22.197,22.197,22.197,22.197,22.197,26.341,26.341,26.341,26.341,26.341,26.341,30.611,30.611,30.611,30.611,30.611,30.611,35.0,35.0,35.0
train,45,data_45.csv,persistent_leak,45_22_45,24,22,45,13200,27000,leak_binary,1,18.183,18.183,22.197,22.197,22.197,22.197,22.197,22.197,26.341,26.341,26.341,26.341,26.341,26.341,30.611,30.611,30.611,30.611,30.611,30.611,35.0,35.0,35.0,35.0
train,45,data_45.csv,persistent_leak,45_23_46,24,23,46,13800,27600,leak_binary,1,18.183,22.197,22.197,22.197,22.197,22.197,22.197,26.341,26.341,26.341,26.341,26.341,26.341,30.611,30.611,30.611,30.611,30.611,30.611,35.0,35.0,35.0,35.0,35.0
train,45,data_45.csv,persistent_leak,45_24_47,24,24,47,14400,28200,leak_binary,1,22.197,22.197,22.197,22.197,22.197,22.197,26.341,26.341,26.341,26.341,26.341,26.341,30.611,30.611,30.611,30.611,30.611,30.611,35.0,35.0,35.0,35.0,35.0,35.0
train,45,data_45.csv,persistent_leak,45_25_48,24,25,48,15000,28800,leak_binary,1,22.197,22.197,22.197,22.197,22.197,26.341,26.341,26.341,26.341,26.341,26.341,30.611,30.611,30.611,30.611,30.611,30.611,35.0,35.0,35.0,35.0,35.0,35.0,40.205
train,45,data_45.csv,persistent_leak,45_26_49,24,26,49,15600,29400,leak_binary,1,22.197,22.197,22.197,22.197,26.341,26.341,26.341,26.341,26.341,26.341,30.611,30.611,30.611,30.611,30.611,30.611,35.0,35.0,35.0,35.0,35.0,35.0,40.205,40.205
train,45,data_45.csv,persistent_leak,45_27_50,24,27,50,16200,30000,leak_binary,1,22.197,22.197,22.197,26.341,26.341,26.341,26.341,26.341,26.341,30.611,30.611,30.611,30.611,30.611,30.611,35.0,35.0,35.0,35.0,35.0,35.0,40.205,40.205,40.205
train,45,data_45.csv,persistent_leak,45_28_51,24,28,51,16800,30600,leak_binary,1,22.197,22.197,26.341,26.341,26.341,26.341,26.341,26.341,30.611,30.611,30.611,30.611,30.611,30.611,35.0,35.0,35.0,35.0,35.0,35.0,40.205,40.205,40.205,40.205
train,45,data_45.csv,persistent_leak,45_29_52,24,29,52,17400,31200,leak_binary,1,22.197,26.341,26.341,26.341,26.341,26.341,26.341,30.611,30.611,30.611,30.611,30.611,30.611,35.0,35.0,35.0,35.0,35.0,35.0,40.205,40.205,40.205,40.205,40.205
train,45,data_45.csv,persistent_leak,45_30_53,24,30,53,18000,31800,leak_binary,1,26.341,26.341,26.341,26.341,26.341,26.341,30.611,30.611,30.611,30.611,30.611,30.611,35.0,35.0,35.0,35.0,35.0,35.0,40.205,40.205,40.205,40.205,40.205,40.205
train,45,data_45.csv,persistent_leak,45_31_54,24,31,54,18600,32400,leak_binary,1,26.341,26.341,26.341,26.341,26.341,30.611,30.611,30.611,30.611,30.611,30.611,35.0,35.0,35.0,35.0,35.0,35.0,40.205,40.205,40.205,40.205,40.205,40.205,46.473
train,45,data_45.csv,persistent_leak,45_32_55,24,32,55,19200,33000,leak_binary,1,26.341,26.341,26.341,26.341,30.611,30.611,30.611,30.611,30.611,30.611,35.0,35.0,35.0,35.0,35.0,35.0,40.205,40.205,40.205,40.205,40.205,40.205,46.473,46.473
train,45,data_45.csv,persistent_leak,45_33_56,24,33,56,19800,33600,leak_binary,1,26.341,26.341,26.341,30.611,30.611,30.611,30.611,30.611,30.611,35.0,35.0,35.0,35.0,35.0,35.0,40.205,40.205,40.205,40.205,40.205,40.205,46.473,46.473,46.473
train,45,data_45.csv,persistent_leak,45_34_57,24,34,57,20400,34200,leak_binary,1,26.341,26.341,30.611,30.611,30.611,30.611,30.611,30.611,35.0,35.0,35.0,35.0,35.0,35.0,40.205,40.205,40.205,40.205,40.205,40.205,46.473,46.473,46.473,46.473
train,45,data_45.csv,persistent_leak,45_35_58,24,35,58,21000,34800,leak_binary,1,26.341,30.611,30.611,30.611,30.611,30.611,30.611,35.0,35.0,35.0,35.0,35.0,35.0,40.205,40.205,40.205,40.205,40.205,40.205,46.473,46.473,46.473,46.473,46.473
train,45,data_45.csv,persistent_leak,45_36_59,24,36,59,21600,35400,leak_binary,1,30.611,30.611,30.611,30.611,30.611,30.611,35.0,35.0,35.0,35.0,35.0,35.0,40.205,40.205,40.205,40.205,40.205,40.205,46.473,46.473,46.473,46.473,46.473,46.473
train,45,data_45.csv,persistent_leak,45_37_60,24,37,60,22200,36000,leak_binary,1,30.611,30.611,30.611,30.611,30.611,35.0,35.0,35.0,35.0,35.0,35.0,40.205,40.205,40.205,40.205,40.205,40.205,46.473,46.473,46.473,46.473,46.473,46.473,53.13
train,45,data_45.csv,persistent_leak,45_38_61,24,38,61,22800,36600,leak_binary,1,30.611,30.611,30.611,30.611,35.0,35.0,35.0,35.0,35.0,35.0,40.205,40.205,40.205,40.205,40.205,40.205,46.473,46.473,46.473,46.473,46.473,46.473,53.13,53.13
train,45,data_45.csv,persistent_leak,45_39_62,24,39,62,23400,37200,leak_binary,1,30.611,30.611,30.611,35.0,35.0,35.0,35.0,35.0,35.0,40.205,40.205,40.205,40.205,40.205,40.205,46.473,46.473,46.473,46.473,46.473,46.473,53.13,53.13,53.13
train,45,data_45.csv,persistent_leak,45_40_63,24,40,63,24000,37800,leak_binary,1,30.611,30.611,35.0,35.0,35.0,35.0,35.0,35.0,40.205,40.205,40.205,40.205,40.205,40.205,46.473,46.473,46.473,46.473,46.473,46.473,53.13,53.13,53.13,53.13
train,45,data_45.csv,persistent_leak,45_41_64,24,41,64,24600,38400,leak_binary,1,30.611,35.0,35.0,35.0,35.0,35.0,35.0,40.205,40.205,40.205,40.205,40.205,40.205,46.473,46.473,46.473,46.473,46.473,46.473,53.13,53.13,53.13,53.13,53.13
train,45,data_45.csv,persistent_leak,45_42_65,24,42,65,25200,39000,leak_binary,1,35.0,35.0,35.0,35.0,35.0,35.0,40.205,40.205,40.205,40.205,40.205,40.205,46.473,46.473,46.473,46.473,46.473,46.473,53.13,53.13,53.13,53.13,53.13,53.13
train,45,data_45.csv,persistent_leak,45_43_66,24,43,66,25800,39600,leak_binary,1,35.0,35.0,35.0,35.0,35.0,40.205,40.205,40.205,40.205,40.205,40.205,46.473,46.473,46.473,46.473,46.473,46.473,53.13,53.13,53.13,53.13,53.13,53.13,59.489
train,45,data_45.csv,persistent_leak,45_44_67,24,44,67,26400,40200,leak_binary,1,35.0,35.0,35.0,35.0,40.205,40.205,40.205,40.205,40.205,40.205,46.473,46.473,46.473,46.473,46.473,46.473,53.13,53.13,53.13,53.13,53.13,53.13,59.489,59.489
train,45,data_45.csv,persistent_leak,45_45_68,24,45,68,27000,40800,leak_binary,1,35.0,35.0,35.0,40.205,40.205,40.205,40.205,40.205,40.205,46.473,46.473,46.473,46.473,46.473,46.473,53.13,53.13,53.13,53.13,53.13,53.13,59.489,59.489,59.489
train,45,data_45.csv,persistent_leak,45_46_69,24,46,69,27600,41400,leak_binary,1,35.0,35.0,40.205,40.205,40.205,40.205,40.205,40.205,46.473,46.473,46.473,46.473,46.473,46.473,53.13,53.13,53.13,53.13,53.13,53.13,59.489,59.489,59.489,59.489
train,45,data_45.csv,persistent_leak,45_47_70,24,47,70,28200,42000,leak_binary,1,35.0,40.205,40.205,40.205,40.205,40.205,40.205,46.473,46.473,46.473,46.473,46.473,46.473,53.13,53.13,53.13,53.13,53.13,53.13,59.489,59.489,59.489,59.489,59.489
train,45,data_45.csv,persistent_leak,45_48_71,24,48,71,28800,42600,leak_binary,1,40.205,40.205,40.205,40.205,40.205,40.205,46.473,46.473,46.473,46.473,46.473,46.473,53.13,53.13,53.13,53.13,53.13,53.13,59.489,59.489,59.489,59.489,59.489,59.489
train,45,data_45.csv,persistent_leak,45_49_72,24,49,72,29400,43200,leak_binary,1,40.205,40.205,40.205,40.205,40.205,46.473,46.473,46.473,46.473,46.473,46.473,53.13,53.13,53.13,53.13,53.13,53.13,59.489,59.489,59.489,59.489,59.489,59.489,64.876
train,45,data_45.csv,persistent_leak,45_50_73,24,50,73,30000,43800,leak_binary,1,40.205,40.205,40.205,40.205,46.473,46.473,46.473,46.473,46.473,46.473,53.13,53.13,53.13,53.13,53.13,53.13,59.489,59.489,59.489,59.489,59.489,59.489,64.876,64.876
train,45,data_45.csv,persistent_leak,45_51_74,24,51,74,30600,44400,leak_binary,1,40.205,40.205,40.205,46.473,46.473,46.473,46.473,46.473,46.473,53.13,53.13,53.13,53.13,53.13,53.13,59.489,59.489,59.489,59.489,59.489,59.489,64.876,64.876,64.876
train,45,data_45.csv,persistent_leak,45_52_75,24,52,75,31200,45000,leak_binary,1,40.205,40.205,46.473,46.473,46.473,46.473,46.473,46.473,53.13,53.13,53.13,53.13,53.13,53.13,59.489,59.489,59.489,59.489,59.489,59.489,64.876,64.876,64.876,64.876
train,45,data_45.csv,persistent_leak,45_53_76,24,53,76,31800,45600,leak_binary,1,40.205,46.473,46.473,46.473,46.473,46.473,46.473,53.13,53.13,53.13,53.13,53.13,53.13,59.489,59.489,59.489,59.489,59.489,59.489,64.876,64.876,64.876,64.876,64.876
train,45,data_45.csv,persistent_leak,45_54_77,24,54,77,32400,46200,leak_binary,1,46.473,46.473,46.473,46.473,46.473,46.473,53.13,53.13,53.13,53.13,53.13,53.13,59.489,59.489,59.489,59.489,59.489,59.489,64.876,64.876,64.876,64.876,64.876,64.876
train,45,data_45.csv,persistent_leak,45_55_78,24,55,78,33000,46800,leak_binary,1,46.473,46.473,46.473,46.473,46.473,53.13,53.13,53.13,53.13,53.13,53.13,59.489,59.489,59.489,59.489,59.489,59.489,64.876,64.876,64.876,64.876,64.876,64.876,68.607
train,45,data_45.csv,persistent_leak,45_56_79,24,56,79,33600,47400,leak_binary,1,46.473,46.473,46.473,46.473,53.13,53.13,53.13,53.13,53.13,53.13,59.489,59.489,59.489,59.489,59.489,59.489,64.876,64.876,64.876,64.876,64.876,64.876,68.607,68.607
train,45,data_45.csv,persistent_leak,45_57_80,24,57,80,34200,48000,leak_binary,1,46.473,46.473,46.473,53.13,53.13,53.13,53.13,53.13,53.13,59.489,59.489,59.489,59.489,59.489,59.489,64.876,64.876,64.876,64.876,64.876,64.876,68.607,68.607,68.607
train,45,data_45.csv,persistent_leak,45_58_81,24,58,81,34800,48600,leak_binary,1,46.473,46.473,53.13,53.13,53.13,53.13,53.13,53.13,59.489,59.489,59.489,59.489,59.489,59.489,64.876,64.876,64.876,64.876,64.876,64.876,68.607,68.607,68.607,68.607
train,45,data_45.csv,persistent_leak,45_59_82,24,59,82,35400,49200,leak_binary,1,46.473,53.13,53.13,53.13,53.13,53.13,53.13,59.489,59.489,59.489,59.489,59.489,59.489,64.876,64.876,64.876,64.876,64.876,64.876,68.607,68.607,68.607,68.607,68.607
train,45,data_45.csv,persistent_leak,45_60_83,24,60,83,36000,49800,leak_binary,1,53.13,53.13,53.13,53.13,53.13,53.13,59.489,59.489,59.489,59.489,59.489,59.489,64.876,64.876,64.876,64.876,64.876,64.876,68.607,68.607,68.607,68.607,68.607,68.607
train,45,data_45.csv,persistent_leak,45_61_84,24,61,84,36600,50400,leak_binary,1,53.13,53.13,53.13,53.13,53.13,59.489,59.489,59.489,59.489,59.489,59.489,64.876,64.876,64.876,64.876,64.876,64.876,68.607,68.607,68.607,68.607,68.607,68.607,70.0
train,45,data_45.csv,persistent_leak,45_62_85,24,62,85,37200,51000,leak_binary,1,53.13,53.13,53.13,53.13,59.489,59.489,59.489,59.489,59.489,59.489,64.876,64.876,64.876,64.876,64.876,64.876,68.607,68.607,68.607,68.607,68.607,68.607,70.0,70.0
train,45,data_45.csv,persistent_leak,45_63_86,24,63,86,37800,51600,leak_binary,1,53.13,53.13,53.13,59.489,59.489,59.489,59.489,59.489,59.489,64.876,64.876,64.876,64.876,64.876,64.876,68.607,68.607,68.607,68.607,68.607,68.607,70.0,70.0,70.0
train,45,data_45.csv,persistent_leak,45_64_87,24,64,87,38400,52200,leak_binary,1,53.13,53.13,59.489,59.489,59.489,59.489,59.489,59.489,64.876,64.876,64.876,64.876,64.876,64.876,68.607,68.607,68.607,68.607,68.607,68.607,70.0,70.0,70.0,70.0
train,45,data_45.csv,persistent_leak,45_65_88,24,65,88,39000,52800,leak_binary,1,53.13,59.489,59.489,59.489,59.489,59.489,59.489,64.876,64.876,64.876,64.876,64.876,64.876,68.607,68.607,68.607,68.607,68.607,68.607,70.0,70.0,70.0,70.0,70.0
train,45,data_45.csv,persistent_leak,45_66_89,24,66,89,39600,53400,leak_binary,1,59.489,59.489,59.489,59.489,59.489,59.489,64.876,64.876,64.876,64.876,64.876,64.876,68.607,68.607,68.607,68.607,68.607,68.607,70.0,70.0,70.0,70.0,70.0,70.0
train,45,data_45.csv,persistent_leak,45_67_90,24,67,90,40200,54000,leak_binary,1,59.489,59.489,59.489,59.489,59.489,64.876,64.876,64.876,64.876,64.876,64.876,68.607,68.607,68.607,68.607,68.607,68.607,70.0,70.0,70.0,70.0,70.0,70.0,57.75
train,45,data_45.csv,persistent_leak,45_68_91,24,68,91,40800,54600,leak_binary,1,59.489,59.489,59.489,59.489,64.876,64.876,64.876,64.876,64.876,64.876,68.607,68.607,68.607,68.607,68.607,68.607,70.0,70.0,70.0,70.0,70.0,70.0,57.75,57.75
train,45,data_45.csv,persistent_leak,45_69_92,24,69,92,41400,55200,leak_binary,1,59.489,59.489,59.489,64.876,64.876,64.876,64.876,64.876,64.876,68.607,68.607,68.607,68.607,68.607,68.607,70.0,70.0,70.0,70.0,70.0,70.0,57.75,57.75,57.75
train,45,data_45.csv,persistent_leak,45_70_93,24,70,93,42000,55800,leak_binary,1,59.489,59.489,64.876,64.876,64.876,64.876,64.876,64.876,68.607,68.607,68.607,68.607,68.607,68.607,70.0,70.0,70.0,70.0,70.0,70.0,57.75,57.75,57.75,57.75
train,45,data_45.csv,persistent_leak,45_71_94,24,71,94,42600,56400,leak_binary,1,59.489,64.876,64.876,64.876,64.876,64.876,64.876,68.607,68.607,68.607,68.607,68.607,68.607,70.0,70.0,70.0,70.0,70.0,70.0,57.75,57.75,57.75,57.75,57.75
train,45,data_45.csv,persistent_leak,45_72_95,24,72,95,43200,57000,leak_binary,1,64.876,64.876,64.876,64.876,64.876,64.876,68.607,68.607,68.607,68.607,68.607,68.607,70.0,70.0,70.0,70.0,70.0,70.0,57.75,57.75,57.75,57.75,57.75,57.75
train,45,data_45.csv,persistent_leak,45_73_96,24,73,96,43800,57600,leak_binary,1,64.876,64.876,64.876,64.876,64.876,68.607,68.607,68.607,68.607,68.607,68.607,70.0,70.0,70.0,70.0,70.0,70.0,57.75,57.75,57.75,57.75,57.75,57.75,45.5
train,45,data_45.csv,persistent_leak,45_74_97,24,74,97,44400,58200,leak_binary,1,64.876,64.876,64.876,64.876,68.607,68.607,68.607,68.607,68.607,68.607,70.0,70.0,70.0,70.0,70.0,70.0,57.75,57.75,57.75,57.75,57.75,57.75,45.5,45.5
train,45,data_45.csv,persistent_leak,45_75_98,24,75,98,45000,58800,leak_binary,1,64.876,64.876,64.876,68.607,68.607,68.607,68.607,68.607,68.607,70.0,70.0,70.0,70.0,70.0,70.0,57.75,57.75,57.75,57.75,57.75,57.75,45.5,45.5,45.5
train,45,data_45.csv,persistent_leak,45_76_99,24,76,99,45600,59400,leak_binary,1,64.876,64.876,68.607,68.607,68.607,68.607,68.607,68.607,70.0,70.0,70.0,70.0,70.0,70.0,57.75,57.75,57.75,57.75,57.75,57.75,45.5,45.5,45.5,45.5
train,45,data_45.csv,persistent_leak,45_77_100,24,77,100,46200,60000,leak_binary,1,64.876,68.607,68.607,68.607,68.607,68.607,68.607,70.0,70.0,70.0,70.0,70.0,70.0,57.75,57.75,57.75,57.75,57.75,57.75,45.5,45.5,45.5,45.5,45.5
train,45,data_45.csv,persistent_leak,45_78_101,24,78,101,46800,60600,leak_binary,1,68.607,68.607,68.607,68.607,68.607,68.607,70.0,70.0,70.0,70.0,70.0,70.0,57.75,57.75,57.75,57.75,57.75,57.75,45.5,45.5,45.5,45.5,45.5,45.5
train,45,data_45.csv,persistent_leak,45_79_102,24,79,102,47400,61200,leak_binary,1,68.607,68.607,68.607,68.607,68.607,70.0,70.0,70.0,70.0,70.0,70.0,57.75,57.75,57.75,57.75,57.75,57.75,45.5,45.5,45.5,45.5,45.5,45.5,57.75
train,45,data_45.csv,persistent_leak,45_80_103,24,80,103,48000,61800,leak_binary,1,68.607,68.607,68.607,68.607,70.0,70.0,70.0,70.0,70.0,70.0,57.75,57.75,57.75,57.75,57.75,57.75,45.5,45.5,45.5,45.5,45.5,45.5,57.75,57.75
train,45,data_45.csv,persistent_leak,45_81_104,24,81,104,48600,62400,leak_binary,1,68.607,68.607,68.607,70.0,70.0,70.0,70.0,70.0,70.0,57.75,57.75,57.75,57.75,57.75,57.75,45.5,45.5,45.5,45.5,45.5,45.5,57.75,57.75,57.75
train,45,data_45.csv,persistent_leak,45_82_105,24,82,105,49200,63000,leak_binary,1,68.607,68.607,70.0,70.0,70.0,70.0,70.0,70.0,57.75,57.75,57.75,57.75,57.75,57.75,45.5,45.5,45.5,45.5,45.5,45.5,57.75,57.75,57.75,57.75
train,45,data_45.csv,persistent_leak,45_83_106,24,83,106,49800,63600,leak_binary,1,68.607,70.0,70.0,70.0,70.0,70.0,70.0,57.75,57.75,57.75,57.75,57.75,57.75,45.5,45.5,45.5,45.5,45.5,45.5,57.75,57.75,57.75,57.75,57.75
train,45,data_45.csv,persistent_leak,45_84_107,24,84,107,50400,64200,leak_binary,1,70.0,70.0,70.0,70.0,70.0,70.0,57.75,57.75,57.75,57.75,57.75,57.75,45.5,45.5,45.5,45.5,45.5,45.5,57.75,57.75,57.75,57.75,57.75,57.75
train,45,data_45.csv,persistent_leak,45_85_108,24,85,108,51000,64800,leak_binary,1,70.0,70.0,70.0,70.0,70.0,57.75,57.75,57.75,57.75,57.75,57.75,45.5,45.5,45.5,45.5,45.5,45.5,57.75,57.75,57.75,57.75,57.75,57.75,70.0
train,45,data_45.csv,persistent_leak,45_86_109,24,86,109,51600,65400,leak_binary,1,70.0,70.0,70.0,70.0,57.75,57.75,57.75,57.75,57.75,57.75,45.5,45.5,45.5,45.5,45.5,45.5,57.75,57.75,57.75,57.75,57.75,57.75,70.0,70.0
train,45,data_45.csv,persistent_leak,45_87_110,24,87,110,52200,66000,leak_binary,1,70.0,70.0,70.0,57.75,57.75,57.75,57.75,57.75,57.75,45.5,45.5,45.5,45.5,45.5,45.5,57.75,57.75,57.75,57.75,57.75,57.75,70.0,70.0,70.0
train,45,data_45.csv,persistent_leak,45_88_111,24,88,111,52800,66600,leak_binary,1,70.0,70.0,57.75,57.75,57.75,57.75,57.75,57.75,45.5,45.5,45.5,45.5,45.5,45.5,57.75,57.75,57.75,57.75,57.75,57.75,70.0,70.0,70.0,70.0
train,45,data_45.csv,persistent_leak,45_89_112,24,89,112,53400,67200,leak_binary,1,70.0,57.75,57.75,57.75,57.75,57.75,57.75,45.5,45.5,45.5,45.5,45.5,45.5,57.75,57.75,57.75,57.75,57.75,57.75,70.0,70.0,70.0,70.0,70.0
train,45,data_45.csv,persistent_leak,45_90_113,24,90,113,54000,67800,leak_binary,1,57.75,57.75,57.75,57.75,57.75,57.75,45.5,45.5,45.5,45.5,45.5,45.5,57.75,57.75,57.75,57.75,57.75,57.75,70.0,70.0,70.0,70.0,70.0,70.0
train,45,data_45.csv,persistent_leak,45_91_114,24,91,114,54600,68400,leak_binary,1,57.75,57.75,57.75,57.75,57.75,45.5,45.5,45.5,45.5,45.5,45.5,57.75,57.75,57.75,57.75,57.75,57.75,70.0,70.0,70.0,70.0,70.0,70.0,65.387
train,45,data_45.csv,persistent_leak,45_92_115,24,92,115,55200,69000,leak_binary,1,57.75,57.75,57.75,57.75,45.5,45.5,45.5,45.5,45.5,45.5,57.75,57.75,57.75,57.75,57.75,57.75,70.0,70.0,70.0,70.0,70.0,70.0,65.387,65.387
train,45,data_45.csv,persistent_leak,45_93_116,24,93,116,55800,69600,leak_binary,1,57.75,57.75,57.75,45.5,45.5,45.5,45.5,45.5,45.5,57.75,57.75,57.75,57.75,57.75,57.75,70.0,70.0,70.0,70.0,70.0,70.0,65.387,65.387,65.387
train,45,data_45.csv,persistent_leak,45_94_117,24,94,117,56400,70200,leak_binary,1,57.75,57.75,45.5,45.5,45.5,45.5,45.5,45.5,57.75,57.75,57.75,57.75,57.75,57.75,70.0,70.0,70.0,70.0,70.0,70.0,65.387,65.387,65.387,65.387
train,45,data_45.csv,persistent_leak,45_95_118,24,95,118,57000,70800,leak_binary,1,57.75,45.5,45.5,45.5,45.5,45.5,45.5,57.75,57.75,57.75,57.75,57.75,57.75,70.0,70.0,70.0,70.0,70.0,70.0,65.387,65.387,65.387,65.387,65.387
train,45,data_45.csv,persistent_leak,45_96_119,24,96,119,57600,71400,leak_binary,1,45.5,45.5,45.5,45.5,45.5,45.5,57.75,57.75,57.75,57.75,57.75,57.75,70.0,70.0,70.0,70.0,70.0,70.0,65.387,65.387,65.387,65.387,65.387,65.387
train,45,data_45.csv,persistent_leak,45_97_120,24,97,120,58200,72000,leak_binary,1,45.5,45.5,45.5,45.5,45.5,57.75,57.75,57.75,57.75,57.75,57.75,70.0,70.0,70.0,70.0,70.0,70.0,65.387,65.387,65.387,65.387,65.387,65.387,56.0
train,45,data_45.csv,persistent_leak,45_98_121,24,98,121,58800,72600,leak_binary,1,45.5,45.5,45.5,45.5,57.75,57.75,57.75,57.75,57.75,57.75,70.0,70.0,70.0,70.0,70.0,70.0,65.387,65.387,65.387,65.387,65.387,65.387,56.0,56.0
train,45,data_45.csv,persistent_leak,45_99_122,24,99,122,59400,73200,leak_binary,1,45.5,45.5,45.5,57.75,57.75,57.75,57.75,57.75,57.75,70.0,70.0,70.0,70.0,70.0,70.0,65.387,65.387,65.387,65.387,65.387,65.387,56.0,56.0,56.0
train,45,data_45.csv,persistent_leak,45_100_123,24,100,123,60000,73800,leak_binary,1,45.5,45.5,57.75,57.75,57.75,57.75,57.75,57.75,70.0,70.0,70.0,70.0,70.0,70.0,65.387,65.387,65.387,65.387,65.387,65.387,56.0,56.0,56.0,56.0
train,45,data_45.csv,persistent_leak,45_101_124,24,101,124,60600,74400,leak_binary,1,45.5,57.75,57.75,57.75,57.75,57.75,57.75,70.0,70.0,70.0,70.0,70.0,70.0,65.387,65.387,65.387,65.387,65.387,65.387,56.0,56.0,56.0,56.0,56.0
train,45,data_45.csv,persistent_leak,45_102_125,24,102,125,61200,75000,leak_binary,1,57.75,57.75,57.75,57.75,57.75,57.75,70.0,70.0,70.0,70.0,70.0,70.0,65.387,65.387,65.387,65.387,65.387,65.387,56.0,56.0,56.0,56.0,56.0,56.0
train,45,data_45.csv,persistent_leak,45_103_126,24,103,126,61800,75600,leak_binary,1,57.75,57.75,57.75,57.75,57.75,70.0,70.0,70.0,70.0,70.0,70.0,65.387,65.387,65.387,65.387,65.387,65.387,56.0,56.0,56.0,56.0,56.0,56.0,43.928
train,45,data_45.csv,persistent_leak,45_104_127,24,104,127,62400,76200,leak_binary,1,57.75,57.75,57.75,57.75,70.0,70.0,70.0,70.0,70.0,70.0,65.387,65.387,65.387,65.387,65.387,65.387,56.0,56.0,56.0,56.0,56.0,56.0,43.928,43.928
train,45,data_45.csv,persistent_leak,45_105_128,24,105,128,63000,76800,leak_binary,1,57.75,57.75,57.75,70.0,70.0,70.0,70.0,70.0,70.0,65.387,65.387,65.387,65.387,65.387,65.387,56.0,56.0,56.0,56.0,56.0,56.0,43.928,43.928,43.928
train,45,data_45.csv,persistent_leak,45_106_129,24,106,129,63600,77400,leak_binary,1,57.75,57.75,70.0,70.0,70.0,70.0,70.0,70.0,65.387,65.387,65.387,65.387,65.387,65.387,56.0,56.0,56.0,56.0,56.0,56.0,43.928,43.928,43.928,43.928
train,45,data_45.csv,persistent_leak,45_107_130,24,107,130,64200,78000,leak_binary,1,57.75,70.0,70.0,70.0,70.0,70.0,70.0,65.387,65.387,65.387,65.387,65.387,65.387,56.0,56.0,56.0,56.0,56.0,56.0,43.928,43.928,43.928,43.928,43.928
train,45,data_45.csv,persistent_leak,45_108_131,24,108,131,64800,78600,leak_binary,1,70.0,70.0,70.0,70.0,70.0,70.0,65.387,65.387,65.387,65.387,65.387,65.387,56.0,56.0,56.0,56.0,56.0,56.0,43.928,43.928,43.928,43.928,43.928,43.928
train,45,data_45.csv,persistent_leak,45_109_132,24,109,132,65400,79200,leak_binary,1,70.0,70.0,70.0,70.0,70.0,65.387,65.387,65.387,65.387,65.387,65.387,56.0,56.0,56.0,56.0,56.0,56.0,43.928,43.928,43.928,43.928,43.928,43.928,27.332
train,45,data_45.csv,persistent_leak,45_110_133,24,110,133,66000,79800,leak_binary,1,70.0,70.0,70.0,70.0,65.387,65.387,65.387,65.387,65.387,65.387,56.0,56.0,56.0,56.0,56.0,56.0,43.928,43.928,43.928,43.928,43.928,43.928,27.332,27.332
train,45,data_45.csv,persistent_leak,45_111_134,24,111,134,66600,80400,leak_binary,1,70.0,70.0,70.0,65.387,65.387,65.387,65.387,65.387,65.387,56.0,56.0,56.0,56.0,56.0,56.0,43.928,43.928,43.928,43.928,43.928,43.928,27.332,27.332,27.332
train,45,data_45.csv,persistent_leak,45_112_135,24,112,135,67200,81000,leak_binary,1,70.0,70.0,65.387,65.387,65.387,65.387,65.387,65.387,56.0,56.0,56.0,56.0,56.0,56.0,43.928,43.928,43.928,43.928,43.928,43.928,27.332,27.332,27.332,27.332
train,45,data_45.csv,persistent_leak,45_113_136,24,113,136,67800,81600,leak_binary,1,70.0,65.387,65.387,65.387,65.387,65.387,65.387,56.0,56.0,56.0,56.0,56.0,56.0,43.928,43.928,43.928,43.928,43.928,43.928,27.332,27.332,27.332,27.332,27.332
train,45,data_45.csv,persistent_leak,45_114_137,24,114,137,68400,82200,leak_binary,1,65.387,65.387,65.387,65.387,65.387,65.387,56.0,56.0,56.0,56.0,56.0,56.0,43.928,43.928,43.928,43.928,43.928,43.928,27.332,27.332,27.332,27.332,27.332,27.332
train,45,data_45.csv,persistent_leak,45_115_138,24,115,138,69000,82800,leak_binary,1,65.387,65.387,65.387,65.387,65.387,56.0,56.0,56.0,56.0,56.0,56.0,43.928,43.928,43.928,43.928,43.928,43.928,27.332,27.332,27.332,27.332,27.332,27.332,7.0
train,45,data_45.csv,persistent_leak,45_116_139,24,116,139,69600,83400,leak_binary,1,65.387,65.387,65.387,65.387,56.0,56.0,56.0,56.0,56.0,56.0,43.928,43.928,43.928,43.928,43.928,43.928,27.332,27.332,27.332,27.332,27.332,27.332,7.0,7.0
train,45,data_45.csv,persistent_leak,45_117_140,24,117,140,70200,84000,leak_binary,1,65.387,65.387,65.387,56.0,56.0,56.0,56.0,56.0,56.0,43.928,43.928,43.928,43.928,43.928,43.928,27.332,27.332,27.332,27.332,27.332,27.332,7.0,7.0,7.0
train,45,data_45.csv,persistent_leak,45_118_141,24,118,141,70800,84600,leak_binary,1,65.387,65.387,56.0,56.0,56.0,56.0,56.0,56.0,43.928,43.928,43.928,43.928,43.928,43.928,27.332,27.332,27.332,27.332,27.332,27.332,7.0,7.0,7.0,7.0
train,45,data_45.csv,persistent_leak,45_119_142,24,119,142,71400,85200,leak_binary,1,65.387,56.0,56.0,56.0,56.0,56.0,56.0,43.928,43.928,43.928,43.928,43.928,43.928,27.332,27.332,27.332,27.332,27.332,27.332,7.0,7.0,7.0,7.0,7.0
train,45,data_45.csv,persistent_leak,45_120_143,24,120,143,72000,85800,leak_binary,1,56.0,56.0,56.0,56.0,56.0,56.0,43.928,43.928,43.928,43.928,43.928,43.928,27.332,27.332,27.332,27.332,27.332,27.332,7.0,7.0,7.0,7.0,7.0,7.0
train,45,data_45.csv,persistent_leak,45_121_144,24,121,144,72600,86400,leak_binary,1,56.0,56.0,56.0,56.0,56.0,43.928,43.928,43.928,43.928,43.928,43.928,27.332,27.332,27.332,27.332,27.332,27.332,7.0,7.0,7.0,7.0,7.0,7.0,7.0
train,47,data_47.csv,onset_leak,47_0_23,24,0,23,0,13800,leak_binary,0,9.5,9.5,9.5,9.5,9.5,9.5,6.042,6.042,6.042,6.042,6.042,6.042,7.444,7.444,7.444,7.444,7.444,7.444,9.124,9.124,9.124,9.124,9.124,9.124
train,47,data_47.csv,onset_leak,47_1_24,24,1,24,600,14400,leak_binary,0,9.5,9.5,9.5,9.5,9.5,6.042,6.042,6.042,6.042,6.042,6.042,7.444,7.444,7.444,7.444,7.444,7.444,9.124,9.124,9.124,9.124,9.124,9.124,15.5
train,47,data_47.csv,onset_leak,47_2_25,24,2,25,1200,15000,leak_binary,0,9.5,9.5,9.5,9.5,6.042,6.042,6.042,6.042,6.042,6.042,7.444,7.444,7.444,7.444,7.444,7.444,9.124,9.124,9.124,9.124,9.124,9.124,15.5,15.5
train,47,data_47.csv,onset_leak,47_3_26,24,3,26,1800,15600,leak_binary,0,9.5,9.5,9.5,6.042,6.042,6.042,6.042,6.042,6.042,7.444,7.444,7.444,7.444,7.444,7.444,9.124,9.124,9.124,9.124,9.124,9.124,15.5,15.5,15.5
train,47,data_47.csv,onset_leak,47_4_27,24,4,27,2400,16200,leak_binary,0,9.5,9.5,6.042,6.042,6.042,6.042,6.042,6.042,7.444,7.444,7.444,7.444,7.444,7.444,9.124,9.124,9.124,9.124,9.124,9.124,15.5,15.5,15.5,15.5
train,47,data_47.csv,onset_leak,47_5_28,24,5,28,3000,16800,leak_binary,0,9.5,6.042,6.042,6.042,6.042,6.042,6.042,7.444,7.444,7.444,7.444,7.444,7.444,9.124,9.124,9.124,9.124,9.124,9.124,15.5,15.5,15.5,15.5,15.5
train,47,data_47.csv,onset_leak,47_6_29,24,6,29,3600,17400,leak_binary,0,6.042,6.042,6.042,6.042,6.042,6.042,7.444,7.444,7.444,7.444,7.444,7.444,9.124,9.124,9.124,9.124,9.124,9.124,15.5,15.5,15.5,15.5,15.5,15.5
train,47,data_47.csv,onset_leak,47_7_30,24,7,30,4200,18000,leak_binary,0,6.042,6.042,6.042,6.042,6.042,7.444,7.444,7.444,7.444,7.444,7.444,9.124,9.124,9.124,9.124,9.124,9.124,15.5,15.5,15.5,15.5,15.5,15.5,22.134
train,47,data_47.csv,onset_leak,47_8_31,24,8,31,4800,18600,leak_binary,0,6.042,6.042,6.042,6.042,7.444,7.444,7.444,7.444,7.444,7.444,9.124,9.124,9.124,9.124,9.124,9.124,15.5,15.5,15.5,15.5,15.5,15.5,22.134,22.134
train,47,data_47.csv,onset_leak,47_9_32,24,9,32,5400,19200,leak_binary,0,6.042,6.042,6.042,7.444,7.444,7.444,7.444,7.444,7.444,9.124,9.124,9.124,9.124,9.124,9.124,15.5,15.5,15.5,15.5,15.5,15.5,22.134,22.134,22.134
train,47,data_47.csv,onset_leak,47_10_33,24,10,33,6000,19800,leak_binary,0,6.042,6.042,7.444,7.444,7.444,7.444,7.444,7.444,9.124,9.124,9.124,9.124,9.124,9.124,15.5,15.5,15.5,15.5,15.5,15.5,22.134,22.134,22.134,22.134
train,47,data_47.csv,onset_leak,47_11_34,24,11,34,6600,20400,leak_binary,0,6.042,7.444,7.444,7.444,7.444,7.444,7.444,9.124,9.124,9.124,9.124,9.124,9.124,15.5,15.5,15.5,15.5,15.5,15.5,22.134,22.134,22.134,22.134,22.134
train,47,data_47.csv,onset_leak,47_12_35,24,12,35,7200,21000,leak_binary,0,7.444,7.444,7.444,7.444,7.444,7.444,9.124,9.124,9.124,9.124,9.124,9.124,15.5,15.5,15.5,15.5,15.5,15.5,22.134,22.134,22.134,22.134,22.134,22.134
train,47,data_47.csv,onset_leak,47_13_36,24,13,36,7800,21600,leak_binary,0,7.444,7.444,7.444,7.444,7.444,9.124,9.124,9.124,9.124,9.124,9.124,15.5,15.5,15.5,15.5,15.5,15.5,22.134,22.134,22.134,22.134,22.134,22.134,27.746
train,47,data_47.csv,onset_leak,47_14_37,24,14,37,8400,22200,leak_binary,0,7.444,7.444,7.444,7.444,9.124,9.124,9.124,9.124,9.124,9.124,15.5,15.5,15.5,15.5,15.5,15.5,22.134,22.134,22.134,22.134,22.134,22.134,27.746,27.746
train,47,data_47.csv,onset_leak,47_15_38,24,15,38,9000,22800,leak_binary,0,7.444,7.444,7.444,9.124,9.124,9.124,9.124,9.124,9.124,15.5,15.5,15.5,15.5,15.5,15.5,22.134,22.134,22.134,22.134,22.134,22.134,27.746,27.746,27.746
train,47,data_47.csv,onset_leak,47_16_39,24,16,39,9600,23400,leak_binary,0,7.444,7.444,9.124,9.124,9.124,9.124,9.124,9.124,15.5,15.5,15.5,15.5,15.5,15.5,22.134,22.134,22.134,22.134,22.134,22.134,27.746,27.746,27.746,27.746
train,47,data_47.csv,onset_leak,47_17_40,24,17,40,10200,24000,leak_binary,0,7.444,9.124,9.124,9.124,9.124,9.124,9.124,15.5,15.5,15.5,15.5,15.5,15.5,22.134,22.134,22.134,22.134,22.134,22.134,27.746,27.746,27.746,27.746,27.746
train,47,data_47.csv,onset_leak,47_18_41,24,18,41,10800,24600,leak_binary,0,9.124,9.124,9.124,9.124,9.124,9.124,15.5,15.5,15.5,15.5,15.5,15.5,22.134,22.134,22.134,22.134,22.134,22.134,27.746,27.746,27.746,27.746,27.746,27.746
train,47,data_47.csv,onset_leak,47_19_42,24,19,42,11400,25200,leak_binary,0,9.124,9.124,9.124,9.124,9.124,15.5,15.5,15.5,15.5,15.5,15.5,22.134,22.134,22.134,22.134,22.134,22.134,27.746,27.746,27.746,27.746,27.746,27.746,38.5
train,47,data_47.csv,onset_leak,47_20_43,24,20,43,12000,25800,leak_binary,0,9.124,9.124,9.124,9.124,15.5,15.5,15.5,15.5,15.5,15.5,22.134,22.134,22.134,22.134,22.134,22.134,27.746,27.746,27.746,27.746,27.746,27.746,38.5,38.5
train,47,data_47.csv,onset_leak,47_21_44,24,21,44,12600,26400,leak_binary,0,9.124,9.124,9.124,15.5,15.5,15.5,15.5,15.5,15.5,22.134,22.134,22.134,22.134,22.134,22.134,27.746,27.746,27.746,27.746,27.746,27.746,38.5,38.5,38.5
train,47,data_47.csv,onset_leak,47_22_45,24,22,45,13200,27000,leak_binary,0,9.124,9.124,15.5,15.5,15.5,15.5,15.5,15.5,22.134,22.134,22.134,22.134,22.134,22.134,27.746,27.746,27.746,27.746,27.746,27.746,38.5,38.5,38.5,38.5
train,47,data_47.csv,onset_leak,47_23_46,24,23,46,13800,27600,leak_binary,0,9.124,15.5,15.5,15.5,15.5,15.5,15.5,22.134,22.134,22.134,22.134,22.134,22.134,27.746,27.746,27.746,27.746,27.746,27.746,38.5,38.5,38.5,38.5,38.5
train,47,data_47.csv,onset_leak,47_24_47,24,24,47,14400,28200,leak_binary,0,15.5,15.5,15.5,15.5,15.5,15.5,22.134,22.134,22.134,22.134,22.134,22.134,27.746,27.746,27.746,27.746,27.746,27.746,38.5,38.5,38.5,38.5,38.5,38.5
train,47,data_47.csv,onset_leak,47_25_48,24,25,48,15000,28800,leak_binary,0,15.5,15.5,15.5,15.5,15.5,22.134,22.134,22.134,22.134,22.134,22.134,27.746,27.746,27.746,27.746,27.746,27.746,38.5,38.5,38.5,38.5,38.5,38.5,51.392
train,47,data_47.csv,onset_leak,47_26_49,24,26,49,15600,29400,leak_binary,0,15.5,15.5,15.5,15.5,22.134,22.134,22.134,22.134,22.134,22.134,27.746,27.746,27.746,27.746,27.746,27.746,38.5,38.5,38.5,38.5,38.5,38.5,51.392,51.392
train,47,data_47.csv,onset_leak,47_27_50,24,27,50,16200,30000,leak_binary,0,15.5,15.5,15.5,22.134,22.134,22.134,22.134,22.134,22.134,27.746,27.746,27.746,27.746,27.746,27.746,38.5,38.5,38.5,38.5,38.5,38.5,51.392,51.392,51.392
train,47,data_47.csv,onset_leak,47_28_51,24,28,51,16800,30600,leak_binary,0,15.5,15.5,22.134,22.134,22.134,22.134,22.134,22.134,27.746,27.746,27.746,27.746,27.746,27.746,38.5,38.5,38.5,38.5,38.5,38.5,51.392,51.392,51.392,51.392
train,47,data_47.csv,onset_leak,47_29_52,24,29,52,17400,31200,leak_binary,0,15.5,22.134,22.134,22.134,22.134,22.134,22.134,27.746,27.746,27.746,27.746,27.746,27.746,38.5,38.5,38.5,38.5,38.5,38.5,51.392,51.392,51.392,51.392,51.392
train,47,data_47.csv,onset_leak,47_30_53,24,30,53,18000,31800,leak_binary,0,22.134,22.134,22.134,22.134,22.134,22.134,27.746,27.746,27.746,27.746,27.746,27.746,38.5,38.5,38.5,38.5,38.5,38.5,51.392,51.392,51.392,51.392,51.392,51.392
train,47,data_47.csv,onset_leak,47_31_54,24,31,54,18600,32400,leak_binary,0,22.134,22.134,22.134,22.134,22.134,27.746,27.746,27.746,27.746,27.746,27.746,38.5,38.5,38.5,38.5,38.5,38.5,51.392,51.392,51.392,51.392,51.392,51.392,55.754
train,47,data_47.csv,onset_leak,47_32_55,24,32,55,19200,33000,leak_binary,0,22.134,22.134,22.134,22.134,27.746,27.746,27.746,27.746,27.746,27.746,38.5,38.5,38.5,38.5,38.5,38.5,51.392,51.392,51.392,51.392,51.392,51.392,55.754,55.754
train,47,data_47.csv,onset_leak,47_33_56,24,33,56,19800,33600,leak_binary,0,22.134,22.134,22.134,27.746,27.746,27.746,27.746,27.746,27.746,38.5,38.5,38.5,38.5,38.5,38.5,51.392,51.392,51.392,51.392,51.392,51.392,55.754,55.754,55.754
train,47,data_47.csv,onset_leak,47_34_57,24,34,57,20400,34200,leak_binary,0,22.134,22.134,27.746,27.746,27.746,27.746,27.746,27.746,38.5,38.5,38.5,38.5,38.5,38.5,51.392,51.392,51.392,51.392,51.392,51.392,55.754,55.754,55.754,55.754
train,47,data_47.csv,onset_leak,47_35_58,24,35,58,21000,34800,leak_binary,0,22.134,27.746,27.746,27.746,27.746,27.746,27.746,38.5,38.5,38.5,38.5,38.5,38.5,51.392,51.392,51.392,51.392,51.392,51.392,55.754,55.754,55.754,55.754,55.754
train,47,data_47.csv,onset_leak,47_36_59,24,36,59,21600,35400,leak_binary,0,27.746,27.746,27.746,27.746,27.746,27.746,38.5,38.5,38.5,38.5,38.5,38.5,51.392,51.392,51.392,51.392,51.392,51.392,55.754,55.754,55.754,55.754,55.754,55.754
train,47,data_47.csv,onset_leak,47_37_60,24,37,60,22200,36000,leak_binary,0,27.746,27.746,27.746,27.746,27.746,38.5,38.5,38.5,38.5,38.5,38.5,51.392,51.392,51.392,51.392,51.392,51.392,55.754,55.754,55.754,55.754,55.754,55.754,59.738
train,47,data_47.csv,onset_leak,47_38_61,24,38,61,22800,36600,leak_binary,0,27.746,27.746,27.746,27.746,38.5,38.5,38.5,38.5,38.5,38.5,51.392,51.392,51.392,51.392,51.392,51.392,55.754,55.754,55.754,55.754,55.754,55.754,59.738,59.738
train,47,data_47.csv,onset_leak,47_39_62,24,39,62,23400,37200,leak_binary,0,27.746,27.746,27.746,38.5,38.5,38.5,38.5,38.5,38.5,51.392,51.392,51.392,51.392,51.392,51.392,55.754,55.754,55.754,55.754,55.754,55.754,59.738,59.738,59.738
train,47,data_47.csv,onset_leak,47_40_63,24,40,63,24000,37800,leak_binary,0,27.746,27.746,38.5,38.5,38.5,38.5,38.5,38.5,51.392,51.392,51.392,51.392,51.392,51.392,55.754,55.754,55.754,55.754,55.754,55.754,59.738,59.738,59.738,59.738
train,47,data_47.csv,onset_leak,47_41_64,24,41,64,24600,38400,leak_binary,0,27.746,38.5,38.5,38.5,38.5,38.5,38.5,51.392,51.392,51.392,51.392,51.392,51.392,55.754,55.754,55.754,55.754,55.754,55.754,59.738,59.738,59.738,59.738,59.738
train,47,data_47.csv,onset_leak,47_42_65,24,42,65,25200,39000,leak_binary,0,38.5,38.5,38.5,38.5,38.5,38.5,51.392,51.392,51.392,51.392,51.392,51.392,55.754,55.754,55.754,55.754,55.754,55.754,59.738,59.738,59.738,59.738,59.738,59.738
train,47,data_47.csv,onset_leak,47_43_66,24,43,66,25800,39600,leak_binary,0,38.5,38.5,38.5,38.5,38.5,51.392,51.392,51.392,51.392,51.392,51.392,55.754,55.754,55.754,55.754,55.754,55.754,59.738,59.738,59.738,59.738,59.738,59.738,70.0
train,47,data_47.csv,onset_leak,47_44_67,24,44,67,26400,40200,leak_binary,0,38.5,38.5,38.5,38.5,51.392,51.392,51.392,51.392,51.392,51.392,55.754,55.754,55.754,55.754,55.754,55.754,59.738,59.738,59.738,59.738,59.738,59.738,70.0,70.0
train,47,data_47.csv,onset_leak,47_45_68,24,45,68,27000,40800,leak_binary,0,38.5,38.5,38.5,51.392,51.392,51.392,51.392,51.392,51.392,55.754,55.754,55.754,55.754,55.754,55.754,59.738,59.738,59.738,59.738,59.738,59.738,70.0,70.0,70.0
train,47,data_47.csv,onset_leak,47_46_69,24,46,69,27600,41400,leak_binary,0,38.5,38.5,51.392,51.392,51.392,51.392,51.392,51.392,55.754,55.754,55.754,55.754,55.754,55.754,59.738,59.738,59.738,59.738,59.738,59.738,70.0,70.0,70.0,70.0
train,47,data_47.csv,onset_leak,47_47_70,24,47,70,28200,42000,leak_binary,0,38.5,51.392,51.392,51.392,51.392,51.392,51.392,55.754,55.754,55.754,55.754,55.754,55.754,59.738,59.738,59.738,59.738,59.738,59.738,70.0,70.0,70.0,70.0,70.0
train,47,data_47.csv,onset_leak,47_48_71,24,48,71,28800,42600,leak_binary,0,51.392,51.392,51.392,51.392,51.392,51.392,55.754,55.754,55.754,55.754,55.754,55.754,59.738,59.738,59.738,59.738,59.738,59.738,70.0,70.0,70.0,70.0,70.0,70.0
train,47,data_47.csv,onset_leak,47_49_72,24,49,72,29400,43200,leak_binary,1,51.392,51.392,51.392,51.392,51.392,55.754,55.754,55.754,55.754,55.754,55.754,59.738,59.738,59.738,59.738,59.738,59.738,70.0,70.0,70.0,70.0,70.0,70.0,74.978
train,47,data_47.csv,onset_leak,47_50_73,24,50,73,30000,43800,leak_binary,1,51.392,51.392,51.392,51.392,55.754,55.754,55.754,55.754,55.754,55.754,59.738,59.738,59.738,59.738,59.738,59.738,70.0,70.0,70.0,70.0,70.0,70.0,74.978,74.978
train,47,data_47.csv,onset_leak,47_51_74,24,51,74,30600,44400,leak_binary,1,51.392,51.392,51.392,55.754,55.754,55.754,55.754,55.754,55.754,59.738,59.738,59.738,59.738,59.738,59.738,70.0,70.0,70.0,70.0,70.0,70.0,74.978,74.978,74.978
train,47,data_47.csv,onset_leak,47_52_75,24,52,75,31200,45000,leak_binary,1,51.392,51.392,55.754,55.754,55.754,55.754,55.754,55.754,59.738,59.738,59.738,59.738,59.738,59.738,70.0,70.0,70.0,70.0,70.0,70.0,74.978,74.978,74.978,74.978
train,47,data_47.csv,onset_leak,47_53_76,24,53,76,31800,45600,leak_binary,1,51.392,55.754,55.754,55.754,55.754,55.754,55.754,59.738,59.738,59.738,59.738,59.738,59.738,70.0,70.0,70.0,70.0,70.0,70.0,74.978,74.978,74.978,74.978,74.978
train,47,data_47.csv,onset_leak,47_54_77,24,54,77,32400,46200,leak_binary,1,55.754,55.754,55.754,55.754,55.754,55.754,59.738,59.738,59.738,59.738,59.738,59.738,70.0,70.0,70.0,70.0,70.0,70.0,74.978,74.978,74.978,74.978,74.978,74.978
train,47,data_47.csv,onset_leak,47_55_78,24,55,78,33000,46800,leak_binary,1,55.754,55.754,55.754,55.754,55.754,59.738,59.738,59.738,59.738,59.738,59.738,70.0,70.0,70.0,70.0,70.0,70.0,74.978,74.978,74.978,74.978,74.978,74.978,70.434
train,47,data_47.csv,onset_leak,47_56_79,24,56,79,33600,47400,leak_binary,1,55.754,55.754,55.754,55.754,59.738,59.738,59.738,59.738,59.738,59.738,70.0,70.0,70.0,70.0,70.0,70.0,74.978,74.978,74.978,74.978,74.978,74.978,70.434,70.434
train,47,data_47.csv,onset_leak,47_57_80,24,57,80,34200,48000,leak_binary,1,55.754,55.754,55.754,59.738,59.738,59.738,59.738,59.738,59.738,70.0,70.0,70.0,70.0,70.0,70.0,74.978,74.978,74.978,74.978,74.978,74.978,70.434,70.434,70.434
train,47,data_47.csv,onset_leak,47_58_81,24,58,81,34800,48600,leak_binary,1,55.754,55.754,59.738,59.738,59.738,59.738,59.738,59.738,70.0,70.0,70.0,70.0,70.0,70.0,74.978,74.978,74.978,74.978,74.978,74.978,70.434,70.434,70.434,70.434
train,47,data_47.csv,onset_leak,47_59_82,24,59,82,35400,49200,leak_binary,1,55.754,59.738,59.738,59.738,59.738,59.738,59.738,70.0,70.0,70.0,70.0,70.0,70.0,74.978,74.978,74.978,74.978,74.978,74.978,70.434,70.434,70.434,70.434,70.434
train,47,data_47.csv,onset_leak,47_60_83,24,60,83,36000,49800,leak_binary,1,59.738,59.738,59.738,59.738,59.738,59.738,70.0,70.0,70.0,70.0,70.0,70.0,74.978,74.978,74.978,74.978,74.978,74.978,70.434,70.434,70.434,70.434,70.434,70.434
train,47,data_47.csv,onset_leak,47_61_84,24,61,84,36600,50400,leak_binary,1,59.738,59.738,59.738,59.738,59.738,70.0,70.0,70.0,70.0,70.0,70.0,74.978,74.978,74.978,74.978,74.978,74.978,70.434,70.434,70.434,70.434,70.434,70.434,59.0
train,47,data_47.csv,onset_leak,47_62_85,24,62,85,37200,51000,leak_binary,1,59.738,59.738,59.738,59.738,70.0,70.0,70.0,70.0,70.0,70.0,74.978,74.978,74.978,74.978,74.978,74.978,70.434,70.434,70.434,70.434,70.434,70.434,59.0,59.0
train,47,data_47.csv,onset_leak,47_63_86,24,63,86,37800,51600,leak_binary,1,59.738,59.738,59.738,70.0,70.0,70.0,70.0,70.0,70.0,74.978,74.978,74.978,74.978,74.978,74.978,70.434,70.434,70.434,70.434,70.434,70.434,59.0,59.0,59.0
train,47,data_47.csv,onset_leak,47_64_87,24,64,87,38400,52200,leak_binary,1,59.738,59.738,70.0,70.0,70.0,70.0,70.0,70.0,74.978,74.978,74.978,74.978,74.978,74.978,70.434,70.434,70.434,70.434,70.434,70.434,59.0,59.0,59.0,59.0
train,47,data_47.csv,onset_leak,47_65_88,24,65,88,39000,52800,leak_binary,1,59.738,70.0,70.0,70.0,70.0,70.0,70.0,74.978,74.978,74.978,74.978,74.978,74.978,70.434,70.434,70.434,70.434,70.434,70.434,59.0,59.0,59.0,59.0,59.0
train,47,data_47.csv,onset_leak,47_66_89,24,66,89,39600,53400,leak_binary,1,70.0,70.0,70.0,70.0,70.0,70.0,74.978,74.978,74.978,74.978,74.978,74.978,70.434,70.434,70.434,70.434,70.434,70.434,59.0,59.0,59.0,59.0,59.0,59.0
train,47,data_47.csv,onset_leak,47_67_90,24,67,90,40200,54000,leak_binary,1,70.0,70.0,70.0,70.0,70.0,74.978,74.978,74.978,74.978,74.978,74.978,70.434,70.434,70.434,70.434,70.434,70.434,59.0,59.0,59.0,59.0,59.0,59.0,46.834
train,47,data_47.csv,onset_leak,47_68_91,24,68,91,40800,54600,leak_binary,1,70.0,70.0,70.0,70.0,74.978,74.978,74.978,74.978,74.978,74.978,70.434,70.434,70.434,70.434,70.434,70.434,59.0,59.0,59.0,59.0,59.0,59.0,46.834,46.834
train,47,data_47.csv,onset_leak,47_69_92,24,69,92,41400,55200,leak_binary,1,70.0,70.0,70.0,74.978,74.978,74.978,74.978,74.978,74.978,70.434,70.434,70.434,70.434,70.434,70.434,59.0,59.0,59.0,59.0,59.0,59.0,46.834,46.834,46.834
train,47,data_47.csv,onset_leak,47_70_93,24,70,93,42000,55800,leak_binary,1,70.0,70.0,74.978,74.978,74.978,74.978,74.978,74.978,70.434,70.434,70.434,70.434,70.434,70.434,59.0,59.0,59.0,59.0,59.0,59.0,46.834,46.834,46.834,46.834
train,47,data_47.csv,onset_leak,47_71_94,24,71,94,42600,56400,leak_binary,1,70.0,74.978,74.978,74.978,74.978,74.978,74.978,70.434,70.434,70.434,70.434,70.434,70.434,59.0,59.0,59.0,59.0,59.0,59.0,46.834,46.834,46.834,46.834,46.834
train,47,data_47.csv,onset_leak,47_72_95,24,72,95,43200,57000,leak_binary,1,74.978,74.978,74.978,74.978,74.978,74.978,70.434,70.434,70.434,70.434,70.434,70.434,59.0,59.0,59.0,59.0,59.0,59.0,46.834,46.834,46.834,46.834,46.834,46.834
train,47,data_47.csv,onset_leak,47_73_96,24,73,96,43800,57600,leak_binary,1,74.978,74.978,74.978,74.978,74.978,70.434,70.434,70.434,70.434,70.434,70.434,59.0,59.0,59.0,59.0,59.0,59.0,46.834,46.834,46.834,46.834,46.834,46.834,38.166
train,47,data_47.csv,onset_leak,47_74_97,24,74,97,44400,58200,leak_binary,1,74.978,74.978,74.978,74.978,70.434,70.434,70.434,70.434,70.434,70.434,59.0,59.0,59.0,59.0,59.0,59.0,46.834,46.834,46.834,46.834,46.834,46.834,38.166,38.166
train,47,data_47.csv,onset_leak,47_75_98,24,75,98,45000,58800,leak_binary,1,74.978,74.978,74.978,70.434,70.434,70.434,70.434,70.434,70.434,59.0,59.0,59.0,59.0,59.0,59.0,46.834,46.834,46.834,46.834,46.834,46.834,38.166,38.166,38.166
train,47,data_47.csv,onset_leak,47_76_99,24,76,99,45600,59400,leak_binary,1,74.978,74.978,70.434,70.434,70.434,70.434,70.434,70.434,59.0,59.0,59.0,59.0,59.0,59.0,46.834,46.834,46.834,46.834,46.834,46.834,38.166,38.166,38.166,38.166
train,47,data_47.csv,onset_leak,47_77_100,24,77,100,46200,60000,leak_binary,1,74.978,70.434,70.434,70.434,70.434,70.434,70.434,59.0,59.0,59.0,59.0,59.0,59.0,46.834,46.834,46.834,46.834,46.834,46.834,38.166,38.166,38.166,38.166,38.166
train,47,data_47.csv,onset_leak,47_78_101,24,78,101,46800,60600,leak_binary,1,70.434,70.434,70.434,70.434,70.434,70.434,59.0,59.0,59.0,59.0,59.0,59.0,46.834,46.834,46.834,46.834,46.834,46.834,38.166,38.166,38.166,38.166,38.166,38.166
train,47,data_47.csv,onset_leak,47_79_102,24,79,102,47400,61200,leak_binary,1,70.434,70.434,70.434,70.434,70.434,59.0,59.0,59.0,59.0,59.0,59.0,46.834,46.834,46.834,46.834,46.834,46.834,38.166,38.166,38.166,38.166,38.166,38.166,33.5
train,47,data_47.csv,onset_leak,47_80_103,24,80,103,48000,61800,leak_binary,1,70.434,70.434,70.434,70.434,59.0,59.0,59.0,59.0,59.0,59.0,46.834,46.834,46.834,46.834,46.834,46.834,38.166,38.166,38.166,38.166,38.166,38.166,33.5,33.5
train,47,data_47.csv,onset_leak,47_81_104,24,81,104,48600,62400,leak_binary,1,70.434,70.434,70.434,59.0,59.0,59.0,59.0,59.0,59.0,46.834,46.834,46.834,46.834,46.834,46.834,38.166,38.166,38.166,38.166,38.166,38.166,33.5,33.5,33.5
train,47,data_47.csv,onset_leak,47_82_105,24,82,105,49200,63000,leak_binary,1,70.434,70.434,59.0,59.0,59.0,59.0,59.0,59.0,46.834,46.834,46.834,46.834,46.834,46.834,38.166,38.166,38.166,38.166,38.166,38.166,33.5,33.5,33.5,33.5
train,47,data_47.csv,onset_leak,47_83_106,24,83,106,49800,63600,leak_binary,1,70.434,59.0,59.0,59.0,59.0,59.0,59.0,46.834,46.834,46.834,46.834,46.834,46.834,38.166,38.166,38.166,38.166,38.166,38.166,33.5,33.5,33.5,33.5,33.5
train,47,data_47.csv,onset_leak,47_84_107,24,84,107,50400,64200,leak_binary,1,59.0,59.0,59.0,59.0,59.0,59.0,46.834,46.834,46.834,46.834,46.834,46.834,38.166,38.166,38.166,38.166,38.166,38.166,33.5,33.5,33.5,33.5,33.5,33.5
train,47,data_47.csv,onset_leak,47_85_108,24,85,108,51000,64800,leak_binary,1,59.0,59.0,59.0,59.0,59.0,46.834,46.834,46.834,46.834,46.834,46.834,38.166,38.166,38.166,38.166,38.166,38.166,33.5,33.5,33.5,33.5,33.5,33.5,42.612
train,47,data_47.csv,onset_leak,47_86_109,24,86,109,51600,65400,leak_binary,1,59.0,59.0,59.0,59.0,46.834,46.834,46.834,46.834,46.834,46.834,38.166,38.166,38.166,38.166,38.166,38.166,33.5,33.5,33.5,33.5,33.5,33.5,42.612,42.612
train,47,data_47.csv,onset_leak,47_87_110,24,87,110,52200,66000,leak_binary,1,59.0,59.0,59.0,46.834,46.834,46.834,46.834,46.834,46.834,38.166,38.166,38.166,38.166,38.166,38.166,33.5,33.5,33.5,33.5,33.5,33.5,42.612,42.612,42.612
train,47,data_47.csv,onset_leak,47_88_111,24,88,111,52800,66600,leak_binary,1,59.0,59.0,46.834,46.834,46.834,46.834,46.834,46.834,38.166,38.166,38.166,38.166,38.166,38.166,33.5,33.5,33.5,33.5,33.5,33.5,42.612,42.612,42.612,42.612
train,47,data_47.csv,onset_leak,47_89_112,24,89,112,53400,67200,leak_binary,1,59.0,46.834,46.834,46.834,46.834,46.834,46.834,38.166,38.166,38.166,38.166,38.166,38.166,33.5,33.5,33.5,33.5,33.5,33.5,42.612,42.612,42.612,42.612,42.612
train,47,data_47.csv,onset_leak,47_90_113,24,90,113,54000,67800,leak_binary,1,46.834,46.834,46.834,46.834,46.834,46.834,38.166,38.166,38.166,38.166,38.166,38.166,33.5,33.5,33.5,33.5,33.5,33.5,42.612,42.612,42.612,42.612,42.612,42.612
train,47,data_47.csv,onset_leak,47_91_114,24,91,114,54600,68400,leak_binary,1,46.834,46.834,46.834,46.834,46.834,38.166,38.166,38.166,38.166,38.166,38.166,33.5,33.5,33.5,33.5,33.5,33.5,42.612,42.612,42.612,42.612,42.612,42.612,54.388
train,47,data_47.csv,onset_leak,47_92_115,24,92,115,55200,69000,leak_binary,1,46.834,46.834,46.834,46.834,38.166,38.166,38.166,38.166,38.166,38.166,33.5,33.5,33.5,33.5,33.5,33.5,42.612,42.612,42.612,42.612,42.612,42.612,54.388,54.388
train,47,data_47.csv,onset_leak,47_93_116,24,93,116,55800,69600,leak_binary,1,46.834,46.834,46.834,38.166,38.166,38.166,38.166,38.166,38.166,33.5,33.5,33.5,33.5,33.5,33.5,42.612,42.612,42.612,42.612,42.612,42.612,54.388,54.388,54.388
train,47,data_47.csv,onset_leak,47_94_117,24,94,117,56400,70200,leak_binary,1,46.834,46.834,38.166,38.166,38.166,38.166,38.166,38.166,33.5,33.5,33.5,33.5,33.5,33.5,42.612,42.612,42.612,42.612,42.612,42.612,54.388,54.388,54.388,54.388
train,47,data_47.csv,onset_leak,47_95_118,24,95,118,57000,70800,leak_binary,1,46.834,38.166,38.166,38.166,38.166,38.166,38.166,33.5,33.5,33.5,33.5,33.5,33.5,42.612,42.612,42.612,42.612,42.612,42.612,54.388,54.388,54.388,54.388,54.388
train,47,data_47.csv,onset_leak,47_96_119,24,96,119,57600,71400,leak_binary,1,38.166,38.166,38.166,38.166,38.166,38.166,33.5,33.5,33.5,33.5,33.5,33.5,42.612,42.612,42.612,42.612,42.612,42.612,54.388,54.388,54.388,54.388,54.388,54.388
train,47,data_47.csv,onset_leak,47_97_120,24,97,120,58200,72000,leak_binary,1,38.166,38.166,38.166,38.166,38.166,33.5,33.5,33.5,33.5,33.5,33.5,42.612,42.612,42.612,42.612,42.612,42.612,54.388,54.388,54.388,54.388,54.388,54.388,60.5
train,47,data_47.csv,onset_leak,47_98_121,24,98,121,58800,72600,leak_binary,1,38.166,38.166,38.166,38.166,33.5,33.5,33.5,33.5,33.5,33.5,42.612,42.612,42.612,42.612,42.612,42.612,54.388,54.388,54.388,54.388,54.388,54.388,60.5,60.5
train,47,data_47.csv,onset_leak,47_99_122,24,99,122,59400,73200,leak_binary,1,38.166,38.166,38.166,33.5,33.5,33.5,33.5,33.5,33.5,42.612,42.612,42.612,42.612,42.612,42.612,54.388,54.388,54.388,54.388,54.388,54.388,60.5,60.5,60.5
train,47,data_47.csv,onset_leak,47_100_123,24,100,123,60000,73800,leak_binary,1,38.166,38.166,33.5,33.5,33.5,33.5,33.5,33.5,42.612,42.612,42.612,42.612,42.612,42.612,54.388,54.388,54.388,54.388,54.388,54.388,60.5,60.5,60.5,60.5
train,47,data_47.csv,onset_leak,47_101_124,24,101,124,60600,74400,leak_binary,1,38.166,33.5,33.5,33.5,33.5,33.5,33.5,42.612,42.612,42.612,42.612,42.612,42.612,54.388,54.388,54.388,54.388,54.388,54.388,60.5,60.5,60.5,60.5,60.5
train,47,data_47.csv,onset_leak,47_102_125,24,102,125,61200,75000,leak_binary,1,33.5,33.5,33.5,33.5,33.5,33.5,42.612,42.612,42.612,42.612,42.612,42.612,54.388,54.388,54.388,54.388,54.388,54.388,60.5,60.5,60.5,60.5,60.5,60.5
train,47,data_47.csv,onset_leak,47_103_126,24,103,126,61800,75600,leak_binary,1,33.5,33.5,33.5,33.5,33.5,42.612,42.612,42.612,42.612,42.612,42.612,54.388,54.388,54.388,54.388,54.388,54.388,60.5,60.5,60.5,60.5,60.5,60.5,62.796
train,47,data_47.csv,onset_leak,47_104_127,24,104,127,62400,76200,leak_binary,1,33.5,33.5,33.5,33.5,42.612,42.612,42.612,42.612,42.612,42.612,54.388,54.388,54.388,54.388,54.388,54.388,60.5,60.5,60.5,60.5,60.5,60.5,62.796,62.796
train,47,data_47.csv,onset_leak,47_105_128,24,105,128,63000,76800,leak_binary,1,33.5,33.5,33.5,42.612,42.612,42.612,42.612,42.612,42.612,54.388,54.388,54.388,54.388,54.388,54.388,60.5,60.5,60.5,60.5,60.5,60.5,62.796,62.796,62.796
train,47,data_47.csv,onset_leak,47_106_129,24,106,129,63600,77400,leak_binary,1,33.5,33.5,42.612,42.612,42.612,42.612,42.612,42.612,54.388,54.388,54.388,54.388,54.388,54.388,60.5,60.5,60.5,60.5,60.5,60.5,62.796,62.796,62.796,62.796
train,47,data_47.csv,onset_leak,47_107_130,24,107,130,64200,78000,leak_binary,1,33.5,42.612,42.612,42.612,42.612,42.612,42.612,54.388,54.388,54.388,54.388,54.388,54.388,60.5,60.5,60.5,60.5,60.5,60.5,62.796,62.796,62.796,62.796,62.796
train,47,data_47.csv,onset_leak,47_108_131,24,108,131,64800,78600,leak_binary,1,42.612,42.612,42.612,42.612,42.612,42.612,54.388,54.388,54.388,54.388,54.388,54.388,60.5,60.5,60.5,60.5,60.5,60.5,62.796,62.796,62.796,62.796,62.796,62.796
train,47,data_47.csv,onset_leak,47_109_132,24,109,132,65400,79200,leak_binary,1,42.612,42.612,42.612,42.612,42.612,54.388,54.388,54.388,54.388,54.388,54.388,60.5,60.5,60.5,60.5,60.5,60.5,62.796,62.796,62.796,62.796,62.796,62.796,46.87
train,47,data_47.csv,onset_leak,47_110_133,24,110,133,66000,79800,leak_binary,1,42.612,42.612,42.612,42.612,54.388,54.388,54.388,54.388,54.388,54.388,60.5,60.5,60.5,60.5,60.5,60.5,62.796,62.796,62.796,62.796,62.796,62.796,46.87,46.87
train,47,data_47.csv,onset_leak,47_111_134,24,111,134,66600,80400,leak_binary,1,42.612,42.612,42.612,54.388,54.388,54.388,54.388,54.388,54.388,60.5,60.5,60.5,60.5,60.5,60.5,62.796,62.796,62.796,62.796,62.796,62.796,46.87,46.87,46.87
train,47,data_47.csv,onset_leak,47_112_135,24,112,135,67200,81000,leak_binary,1,42.612,42.612,54.388,54.388,54.388,54.388,54.388,54.388,60.5,60.5,60.5,60.5,60.5,60.5,62.796,62.796,62.796,62.796,62.796,62.796,46.87,46.87,46.87,46.87
train,47,data_47.csv,onset_leak,47_113_136,24,113,136,67800,81600,leak_binary,1,42.612,54.388,54.388,54.388,54.388,54.388,54.388,60.5,60.5,60.5,60.5,60.5,60.5,62.796,62.796,62.796,62.796,62.796,62.796,46.87,46.87,46.87,46.87,46.87
train,47,data_47.csv,onset_leak,47_114_137,24,114,137,68400,82200,leak_binary,1,54.388,54.388,54.388,54.388,54.388,54.388,60.5,60.5,60.5,60.5,60.5,60.5,62.796,62.796,62.796,62.796,62.796,62.796,46.87,46.87,46.87,46.87,46.87,46.87
train,47,data_47.csv,onset_leak,47_115_138,24,115,138,69000,82800,leak_binary,1,54.388,54.388,54.388,54.388,54.388,60.5,60.5,60.5,60.5,60.5,60.5,62.796,62.796,62.796,62.796,62.796,62.796,46.87,46.87,46.87,46.87,46.87,46.87,20.5
train,47,data_47.csv,onset_leak,47_116_139,24,116,139,69600,83400,leak_binary,1,54.388,54.388,54.388,54.388,60.5,60.5,60.5,60.5,60.5,60.5,62.796,62.796,62.796,62.796,62.796,62.796,46.87,46.87,46.87,46.87,46.87,46.87,20.5,20.5
train,47,data_47.csv,onset_leak,47_117_140,24,117,140,70200,84000,leak_binary,1,54.388,54.388,54.388,60.5,60.5,60.5,60.5,60.5,60.5,62.796,62.796,62.796,62.796,62.796,62.796,46.87,46.87,46.87,46.87,46.87,46.87,20.5,20.5,20.5
train,47,data_47.csv,onset_leak,47_118_141,24,118,141,70800,84600,leak_binary,1,54.388,54.388,60.5,60.5,60.5,60.5,60.5,60.5,62.796,62.796,62.796,62.796,62.796,62.796,46.87,46.87,46.87,46.87,46.87,46.87,20.5,20.5,20.5,20.5
train,47,data_47.csv,onset_leak,47_119_142,24,119,142,71400,85200,leak_binary,1,54.388,60.5,60.5,60.5,60.5,60.5,60.5,62.796,62.796,62.796,62.796,62.796,62.796,46.87,46.87,46.87,46.87,46.87,46.87,20.5,20.5,20.5,20.5,20.5
train,47,data_47.csv,onset_leak,47_120_143,24,120,143,72000,85800,leak_binary,1,60.5,60.5,60.5,60.5,60.5,60.5,62.796,62.796,62.796,62.796,62.796,62.796,46.87,46.87,46.87,46.87,46.87,46.87,20.5,20.5,20.5,20.5,20.5,20.5
train,47,data_47.csv,onset_leak,47_121_144,24,121,144,72600,86400,leak_binary,1,60.5,60.5,60.5,60.5,60.5,62.796,62.796,62.796,62.796,62.796,62.796,46.87,46.87,46.87,46.87,46.87,46.87,20.5,20.5,20.5,20.5,20.5,20.5,9.5
train,51,data_51.csv,persistent_leak,51_0_23,24,0,23,0,13800,leak_binary,1,11.5,11.5,11.5,11.5,11.5,11.5,10.399,10.399,10.399,10.399,10.399,10.399,9.4375,9.4375,9.4375,9.4375,9.4375,9.4375,8.758,8.758,8.758,8.758,8.758,8.758
train,51,data_51.csv,persistent_leak,51_1_24,24,1,24,600,14400,leak_binary,1,11.5,11.5,11.5,11.5,11.5,10.399,10.399,10.399,10.399,10.399,10.399,9.4375,9.4375,9.4375,9.4375,9.4375,9.4375,8.758,8.758,8.758,8.758,8.758,8.758,8.5
train,51,data_51.csv,persistent_leak,51_2_25,24,2,25,1200,15000,leak_binary,1,11.5,11.5,11.5,11.5,10.399,10.399,10.399,10.399,10.399,10.399,9.4375,9.4375,9.4375,9.4375,9.4375,9.4375,8.758,8.758,8.758,8.758,8.758,8.758,8.5,8.5
train,51,data_51.csv,persistent_leak,51_3_26,24,3,26,1800,15600,leak_binary,1,11.5,11.5,11.5,10.399,10.399,10.399,10.399,10.399,10.399,9.4375,9.4375,9.4375,9.4375,9.4375,9.4375,8.758,8.758,8.758,8.758,8.758,8.758,8.5,8.5,8.5
train,51,data_51.csv,persistent_leak,51_4_27,24,4,27,2400,16200,leak_binary,1,11.5,11.5,10.399,10.399,10.399,10.399,10.399,10.399,9.4375,9.4375,9.4375,9.4375,9.4375,9.4375,8.758,8.758,8.758,8.758,8.758,8.758,8.5,8.5,8.5,8.5
train,51,data_51.csv,persistent_leak,51_5_28,24,5,28,3000,16800,leak_binary,1,11.5,10.399,10.399,10.399,10.399,10.399,10.399,9.4375,9.4375,9.4375,9.4375,9.4375,9.4375,8.758,8.758,8.758,8.758,8.758,8.758,8.5,8.5,8.5,8.5,8.5
train,51,data_51.csv,persistent_leak,51_6_29,24,6,29,3600,17400,leak_binary,1,10.399,10.399,10.399,10.399,10.399,10.399,9.4375,9.4375,9.4375,9.4375,9.4375,9.4375,8.758,8.758,8.758,8.758,8.758,8.758,8.5,8.5,8.5,8.5,8.5,8.5
train,51,data_51.csv,persistent_leak,51_7_30,24,7,30,4200,18000,leak_binary,1,10.399,10.399,10.399,10.399,10.399,9.4375,9.4375,9.4375,9.4375,9.4375,9.4375,8.758,8.758,8.758,8.758,8.758,8.758,8.5,8.5,8.5,8.5,8.5,8.5,14.5
train,51,data_51.csv,persistent_leak,51_8_31,24,8,31,4800,18600,leak_binary,1,10.399,10.399,10.399,10.399,9.4375,9.4375,9.4375,9.4375,9.4375,9.4375,8.758,8.758,8.758,8.758,8.758,8.758,8.5,8.5,8.5,8.5,8.5,8.5,14.5,14.5
train,51,data_51.csv,persistent_leak,51_9_32,24,9,32,5400,19200,leak_binary,1,10.399,10.399,10.399,9.4375,9.4375,9.4375,9.4375,9.4375,9.4375,8.758,8.758,8.758,8.758,8.758,8.758,8.5,8.5,8.5,8.5,8.5,8.5,14.5,14.5,14.5
train,51,data_51.csv,persistent_leak,51_10_33,24,10,33,6000,19800,leak_binary,1,10.399,10.399,9.4375,9.4375,9.4375,9.4375,9.4375,9.4375,8.758,8.758,8.758,8.758,8.758,8.758,8.5,8.5,8.5,8.5,8.5,8.5,14.5,14.5,14.5,14.5
train,51,data_51.csv,persistent_leak,51_11_34,24,11,34,6600,20400,leak_binary,1,10.399,9.4375,9.4375,9.4375,9.4375,9.4375,9.4375,8.758,8.758,8.758,8.758,8.758,8.758,8.5,8.5,8.5,8.5,8.5,8.5,14.5,14.5,14.5,14.5,14.5
train,51,data_51.csv,persistent_leak,51_12_35,24,12,35,7200,21000,leak_binary,1,9.4375,9.4375,9.4375,9.4375,9.4375,9.4375,8.758,8.758,8.758,8.758,8.758,8.758,8.5,8.5,8.5,8.5,8.5,8.5,14.5,14.5,14.5,14.5,14.5,14.5
train,51,data_51.csv,persistent_leak,51_13_36,24,13,36,7800,21600,leak_binary,1,9.4375,9.4375,9.4375,9.4375,9.4375,8.758,8.758,8.758,8.758,8.758,8.758,8.5,8.5,8.5,8.5,8.5,8.5,14.5,14.5,14.5,14.5,14.5,14.5,20.5
train,51,data_51.csv,persistent_leak,51_14_37,24,14,37,8400,22200,leak_binary,1,9.4375,9.4375,9.4375,9.4375,8.758,8.758,8.758,8.758,8.758,8.758,8.5,8.5,8.5,8.5,8.5,8.5,14.5,14.5,14.5,14.5,14.5,14.5,20.5,20.5
train,51,data_51.csv,persistent_leak,51_15_38,24,15,38,9000,22800,leak_binary,1,9.4375,9.4375,9.4375,8.758,8.758,8.758,8.758,8.758,8.758,8.5,8.5,8.5,8.5,8.5,8.5,14.5,14.5,14.5,14.5,14.5,14.5,20.5,20.5,20.5
train,51,data_51.csv,persistent_leak,51_16_39,24,16,39,9600,23400,leak_binary,1,9.4375,9.4375,8.758,8.758,8.758,8.758,8.758,8.758,8.5,8.5,8.5,8.5,8.5,8.5,14.5,14.5,14.5,14.5,14.5,14.5,20.5,20.5,20.5,20.5
train,51,data_51.csv,persistent_leak,51_17_40,24,17,40,10200,24000,leak_binary,1,9.4375,8.758,8.758,8.758,8.758,8.758,8.758,8.5,8.5,8.5,8.5,8.5,8.5,14.5,14.5,14.5,14.5,14.5,14.5,20.5,20.5,20.5,20.5,20.5
train,51,data_51.csv,persistent_leak,51_18_41,24,18,41,10800,24600,leak_binary,1,8.758,8.758,8.758,8.758,8.758,8.758,8.5,8.5,8.5,8.5,8.5,8.5,14.5,14.5,14.5,14.5,14.5,14.5,20.5,20.5,20.5,20.5,20.5,20.5
train,51,data_51.csv,persistent_leak,51_19_42,24,19,42,11400,25200,leak_binary,1,8.758,8.758,8.758,8.758,8.758,8.5,8.5,8.5,8.5,8.5,8.5,14.5,14.5,14.5,14.5,14.5,14.5,20.5,20.5,20.5,20.5,20.5,20.5,26.5
train,51,data_51.csv,persistent_leak,51_20_43,24,20,43,12000,25800,leak_binary,1,8.758,8.758,8.758,8.758,8.5,8.5,8.5,8.5,8.5,8.5,14.5,14.5,14.5,14.5,14.5,14.5,20.5,20.5,20.5,20.5,20.5,20.5,26.5,26.5
train,51,data_51.csv,persistent_leak,51_21_44,24,21,44,12600,26400,leak_binary,1,8.758,8.758,8.758,8.5,8.5,8.5,8.5,8.5,8.5,14.5,14.5,14.5,14.5,14.5,14.5,20.5,20.5,20.5,20.5,20.5,20.5,26.5,26.5,26.5
train,51,data_51.csv,persistent_leak,51_22_45,24,22,45,13200,27000,leak_binary,1,8.758,8.758,8.5,8.5,8.5,8.5,8.5,8.5,14.5,14.5,14.5,14.5,14.5,14.5,20.5,20.5,20.5,20.5,20.5,20.5,26.5,26.5,26.5,26.5
train,51,data_51.csv,persistent_leak,51_23_46,24,23,46,13800,27600,leak_binary,1,8.758,8.5,8.5,8.5,8.5,8.5,8.5,14.5,14.5,14.5,14.5,14.5,14.5,20.5,20.5,20.5,20.5,20.5,20.5,26.5,26.5,26.5,26.5,26.5
train,51,data_51.csv,persistent_leak,51_24_47,24,24,47,14400,28200,leak_binary,1,8.5,8.5,8.5,8.5,8.5,8.5,14.5,14.5,14.5,14.5,14.5,14.5,20.5,20.5,20.5,20.5,20.5,20.5,26.5,26.5,26.5,26.5,26.5,26.5
train,51,data_51.csv,persistent_leak,51_25_48,24,25,48,15000,28800,leak_binary,1,8.5,8.5,8.5,8.5,8.5,14.5,14.5,14.5,14.5,14.5,14.5,20.5,20.5,20.5,20.5,20.5,20.5,26.5,26.5,26.5,26.5,26.5,26.5,30.5
train,51,data_51.csv,persistent_leak,51_26_49,24,26,49,15600,29400,leak_binary,1,8.5,8.5,8.5,8.5,14.5,14.5,14.5,14.5,14.5,14.5,20.5,20.5,20.5,20.5,20.5,20.5,26.5,26.5,26.5,26.5,26.5,26.5,30.5,30.5
train,51,data_51.csv,persistent_leak,51_27_50,24,27,50,16200,30000,leak_binary,1,8.5,8.5,8.5,14.5,14.5,14.5,14.5,14.5,14.5,20.5,20.5,20.5,20.5,20.5,20.5,26.5,26.5,26.5,26.5,26.5,26.5,30.5,30.5,30.5
train,51,data_51.csv,persistent_leak,51_28_51,24,28,51,16800,30600,leak_binary,1,8.5,8.5,14.5,14.5,14.5,14.5,14.5,14.5,20.5,20.5,20.5,20.5,20.5,20.5,26.5,26.5,26.5,26.5,26.5,26.5,30.5,30.5,30.5,30.5
train,51,data_51.csv,persistent_leak,51_29_52,24,29,52,17400,31200,leak_binary,1,8.5,14.5,14.5,14.5,14.5,14.5,14.5,20.5,20.5,20.5,20.5,20.5,20.5,26.5,26.5,26.5,26.5,26.5,26.5,30.5,30.5,30.5,30.5,30.5
train,51,data_51.csv,persistent_leak,51_30_53,24,30,53,18000,31800,leak_binary,1,14.5,14.5,14.5,14.5,14.5,14.5,20.5,20.5,20.5,20.5,20.5,20.5,26.5,26.5,26.5,26.5,26.5,26.5,30.5,30.5,30.5,30.5,30.5,30.5
train,51,data_51.csv,persistent_leak,51_31_54,24,31,54,18600,32400,leak_binary,1,14.5,14.5,14.5,14.5,14.5,20.5,20.5,20.5,20.5,20.5,20.5,26.5,26.5,26.5,26.5,26.5,26.5,30.5,30.5,30.5,30.5,30.5,30.5,39.11
train,51,data_51.csv,persistent_leak,51_32_55,24,32,55,19200,33000,leak_binary,1,14.5,14.5,14.5,14.5,20.5,20.5,20.5,20.5,20.5,20.5,26.5,26.5,26.5,26.5,26.5,26.5,30.5,30.5,30.5,30.5,30.5,30.5,39.11,39.11
train,51,data_51.csv,persistent_leak,51_33_56,24,33,56,19800,33600,leak_binary,1,14.5,14.5,14.5,20.5,20.5,20.5,20.5,20.5,20.5,26.5,26.5,26.5,26.5,26.5,26.5,30.5,30.5,30.5,30.5,30.5,30.5,39.11,39.11,39.11
train,51,data_51.csv,persistent_leak,51_34_57,24,34,57,20400,34200,leak_binary,1,14.5,14.5,20.5,20.5,20.5,20.5,20.5,20.5,26.5,26.5,26.5,26.5,26.5,26.5,30.5,30.5,30.5,30.5,30.5,30.5,39.11,39.11,39.11,39.11
train,51,data_51.csv,persistent_leak,51_35_58,24,35,58,21000,34800,leak_binary,1,14.5,20.5,20.5,20.5,20.5,20.5,20.5,26.5,26.5,26.5,26.5,26.5,26.5,30.5,30.5,30.5,30.5,30.5,30.5,39.11,39.11,39.11,39.11,39.11
train,51,data_51.csv,persistent_leak,51_36_59,24,36,59,21600,35400,leak_binary,1,20.5,20.5,20.5,20.5,20.5,20.5,26.5,26.5,26.5,26.5,26.5,26.5,30.5,30.5,30.5,30.5,30.5,30.5,39.11,39.11,39.11,39.11,39.11,39.11
train,51,data_51.csv,persistent_leak,51_37_60,24,37,60,22200,36000,leak_binary,1,20.5,20.5,20.5,20.5,20.5,26.5,26.5,26.5,26.5,26.5,26.5,30.5,30.5,30.5,30.5,30.5,30.5,39.11,39.11,39.11,39.11,39.11,39.11,51.389
train,51,data_51.csv,persistent_leak,51_38_61,24,38,61,22800,36600,leak_binary,1,20.5,20.5,20.5,20.5,26.5,26.5,26.5,26.5,26.5,26.5,30.5,30.5,30.5,30.5,30.5,30.5,39.11,39.11,39.11,39.11,39.11,39.11,51.389,51.389
train,51,data_51.csv,persistent_leak,51_39_62,24,39,62,23400,37200,leak_binary,1,20.5,20.5,20.5,26.5,26.5,26.5,26.5,26.5,26.5,30.5,30.5,30.5,30.5,30.5,30.5,39.11,39.11,39.11,39.11,39.11,39.11,51.389,51.389,51.389
train,51,data_51.csv,persistent_leak,51_40_63,24,40,63,24000,37800,leak_binary,1,20.5,20.5,26.5,26.5,26.5,26.5,26.5,26.5,30.5,30.5,30.5,30.5,30.5,30.5,39.11,39.11,39.11,39.11,39.11,39.11,51.389,51.389,51.389,51.389
train,51,data_51.csv,persistent_leak,51_41_64,24,41,64,24600,38400,leak_binary,1,20.5,26.5,26.5,26.5,26.5,26.5,26.5,30.5,30.5,30.5,30.5,30.5,30.5,39.11,39.11,39.11,39.11,39.11,39.11,51.389,51.389,51.389,51.389,51.389
train,51,data_51.csv,persistent_leak,51_42_65,24,42,65,25200,39000,leak_binary,1,26.5,26.5,26.5,26.5,26.5,26.5,30.5,30.5,30.5,30.5,30.5,30.5,39.11,39.11,39.11,39.11,39.11,39.11,51.389,51.389,51.389,51.389,51.389,51.389
train,51,data_51.csv,persistent_leak,51_43_66,24,43,66,25800,39600,leak_binary,1,26.5,26.5,26.5,26.5,26.5,30.5,30.5,30.5,30.5,30.5,30.5,39.11,39.11,39.11,39.11,39.11,39.11,51.389,51.389,51.389,51.389,51.389,51.389,66.0
train,51,data_51.csv,persistent_leak,51_44_67,24,44,67,26400,40200,leak_binary,1,26.5,26.5,26.5,26.5,30.5,30.5,30.5,30.5,30.5,30.5,39.11,39.11,39.11,39.11,39.11,39.11,51.389,51.389,51.389,51.389,51.389,51.389,66.0,66.0
train,51,data_51.csv,persistent_leak,51_45_68,24,45,68,27000,40800,leak_binary,1,26.5,26.5,26.5,30.5,30.5,30.5,30.5,30.5,30.5,39.11,39.11,39.11,39.11,39.11,39.11,51.389,51.389,51.389,51.389,51.389,51.389,66.0,66.0,66.0
train,51,data_51.csv,persistent_leak,51_46_69,24,46,69,27600,41400,leak_binary,1,26.5,26.5,30.5,30.5,30.5,30.5,30.5,30.5,39.11,39.11,39.11,39.11,39.11,39.11,51.389,51.389,51.389,51.389,51.389,51.389,66.0,66.0,66.0,66.0
train,51,data_51.csv,persistent_leak,51_47_70,24,47,70,28200,42000,leak_binary,1,26.5,30.5,30.5,30.5,30.5,30.5,30.5,39.11,39.11,39.11,39.11,39.11,39.11,51.389,51.389,51.389,51.389,51.389,51.389,66.0,66.0,66.0,66.0,66.0
train,51,data_51.csv,persistent_leak,51_48_71,24,48,71,28800,42600,leak_binary,1,30.5,30.5,30.5,30.5,30.5,30.5,39.11,39.11,39.11,39.11,39.11,39.11,51.389,51.389,51.389,51.389,51.389,51.389,66.0,66.0,66.0,66.0,66.0,66.0
train,51,data_51.csv,persistent_leak,51_49_72,24,49,72,29400,43200,leak_binary,1,30.5,30.5,30.5,30.5,30.5,39.11,39.11,39.11,39.11,39.11,39.11,51.389,51.389,51.389,51.389,51.389,51.389,66.0,66.0,66.0,66.0,66.0,66.0,68.056
train,51,data_51.csv,persistent_leak,51_50_73,24,50,73,30000,43800,leak_binary,1,30.5,30.5,30.5,30.5,39.11,39.11,39.11,39.11,39.11,39.11,51.389,51.389,51.389,51.389,51.389,51.389,66.0,66.0,66.0,66.0,66.0,66.0,68.056,68.056
train,51,data_51.csv,persistent_leak,51_51_74,24,51,74,30600,44400,leak_binary,1,30.5,30.5,30.5,39.11,39.11,39.11,39.11,39.11,39.11,51.389,51.389,51.389,51.389,51.389,51.389,66.0,66.0,66.0,66.0,66.0,66.0,68.056,68.056,68.056
train,51,data_51.csv,persistent_leak,51_52_75,24,52,75,31200,45000,leak_binary,1,30.5,30.5,39.11,39.11,39.11,39.11,39.11,39.11,51.389,51.389,51.389,51.389,51.389,51.389,66.0,66.0,66.0,66.0,66.0,66.0,68.056,68.056,68.056,68.056
train,51,data_51.csv,persistent_leak,51_53_76,24,53,76,31800,45600,leak_binary,1,30.5,39.11,39.11,39.11,39.11,39.11,39.11,51.389,51.389,51.389,51.389,51.389,51.389,66.0,66.0,66.0,66.0,66.0,66.0,68.056,68.056,68.056,68.056,68.056
train,51,data_51.csv,persistent_leak,51_54_77,24,54,77,32400,46200,leak_binary,1,39.11,39.11,39.11,39.11,39.11,39.11,51.389,51.389,51.389,51.389,51.389,51.389,66.0,66.0,66.0,66.0,66.0,66.0,68.056,68.056,68.056,68.056,68.056,68.056
train,51,data_51.csv,persistent_leak,51_55_78,24,55,78,33000,46800,leak_binary,1,39.11,39.11,39.11,39.11,39.11,51.389,51.389,51.389,51.389,51.389,51.389,66.0,66.0,66.0,66.0,66.0,66.0,68.056,68.056,68.056,68.056,68.056,68.056,58.444
train,51,data_51.csv,persistent_leak,51_56_79,24,56,79,33600,47400,leak_binary,1,39.11,39.11,39.11,39.11,51.389,51.389,51.389,51.389,51.389,51.389,66.0,66.0,66.0,66.0,66.0,66.0,68.056,68.056,68.056,68.056,68.056,68.056,58.444,58.444
train,51,data_51.csv,persistent_leak,51_57_80,24,57,80,34200,48000,leak_binary,1,39.11,39.11,39.11,51.389,51.389,51.389,51.389,51.389,51.389,66.0,66.0,66.0,66.0,66.0,66.0,68.056,68.056,68.056,68.056,68.056,68.056,58.444,58.444,58.444
train,51,data_51.csv,persistent_leak,51_58_81,24,58,81,34800,48600,leak_binary,1,39.11,39.11,51.389,51.389,51.389,51.389,51.389,51.389,66.0,66.0,66.0,66.0,66.0,66.0,68.056,68.056,68.056,68.056,68.056,68.056,58.444,58.444,58.444,58.444
train,51,data_51.csv,persistent_leak,51_59_82,24,59,82,35400,49200,leak_binary,1,39.11,51.389,51.389,51.389,51.389,51.389,51.389,66.0,66.0,66.0,66.0,66.0,66.0,68.056,68.056,68.056,68.056,68.056,68.056,58.444,58.444,58.444,58.444,58.444
train,51,data_51.csv,persistent_leak,51_60_83,24,60,83,36000,49800,leak_binary,1,51.389,51.389,51.389,51.389,51.389,51.389,66.0,66.0,66.0,66.0,66.0,66.0,68.056,68.056,68.056,68.056,68.056,68.056,58.444,58.444,58.444,58.444,58.444,58.444
train,51,data_51.csv,persistent_leak,51_61_84,24,61,84,36600,50400,leak_binary,1,51.389,51.389,51.389,51.389,51.389,66.0,66.0,66.0,66.0,66.0,66.0,68.056,68.056,68.056,68.056,68.056,68.056,58.444,58.444,58.444,58.444,58.444,58.444,52.5
train,51,data_51.csv,persistent_leak,51_62_85,24,62,85,37200,51000,leak_binary,1,51.389,51.389,51.389,51.389,66.0,66.0,66.0,66.0,66.0,66.0,68.056,68.056,68.056,68.056,68.056,68.056,58.444,58.444,58.444,58.444,58.444,58.444,52.5,52.5
train,51,data_51.csv,persistent_leak,51_63_86,24,63,86,37800,51600,leak_binary,1,51.389,51.389,51.389,66.0,66.0,66.0,66.0,66.0,66.0,68.056,68.056,68.056,68.056,68.056,68.056,58.444,58.444,58.444,58.444,58.444,58.444,52.5,52.5,52.5
train,51,data_51.csv,persistent_leak,51_64_87,24,64,87,38400,52200,leak_binary,1,51.389,51.389,66.0,66.0,66.0,66.0,66.0,66.0,68.056,68.056,68.056,68.056,68.056,68.056,58.444,58.444,58.444,58.444,58.444,58.444,52.5,52.5,52.5,52.5
train,51,data_51.csv,persistent_leak,51_65_88,24,65,88,39000,52800,leak_binary,1,51.389,66.0,66.0,66.0,66.0,66.0,66.0,68.056,68.056,68.056,68.056,68.056,68.056,58.444,58.444,58.444,58.444,58.444,58.444,52.5,52.5,52.5,52.5,52.5
train,51,data_51.csv,persistent_leak,51_66_89,24,66,89,39600,53400,leak_binary,1,66.0,66.0,66.0,66.0,66.0,66.0,68.056,68.056,68.056,68.056,68.056,68.056,58.444,58.444,58.444,58.444,58.444,58.444,52.5,52.5,52.5,52.5,52.5,52.5
train,51,data_51.csv,persistent_leak,51_67_90,24,67,90,40200,54000,leak_binary,1,66.0,66.0,66.0,66.0,66.0,68.056,68.056,68.056,68.056,68.056,68.056,58.444,58.444,58.444,58.444,58.444,58.444,52.5,52.5,52.5,52.5,52.5,52.5,53.312
train,51,data_51.csv,persistent_leak,51_68_91,24,68,91,40800,54600,leak_binary,1,66.0,66.0,66.0,66.0,68.056,68.056,68.056,68.056,68.056,68.056,58.444,58.444,58.444,58.444,58.444,58.444,52.5,52.5,52.5,52.5,52.5,52.5,53.312,53.312
train,51,data_51.csv,persistent_leak,51_69_92,24,69,92,41400,55200,leak_binary,1,66.0,66.0,66.0,68.056,68.056,68.056,68.056,68.056,68.056,58.444,58.444,58.444,58.444,58.444,58.444,52.5,52.5,52.5,52.5,52.5,52.5,53.312,53.312,53.312
train,51,data_51.csv,persistent_leak,51_70_93,24,70,93,42000,55800,leak_binary,1,66.0,66.0,68.056,68.056,68.056,68.056,68.056,68.056,58.444,58.444,58.444,58.444,58.444,58.444,52.5,52.5,52.5,52.5,52.5,52.5,53.312,53.312,53.312,53.312
train,51,data_51.csv,persistent_leak,51_71_94,24,71,94,42600,56400,leak_binary,1,66.0,68.056,68.056,68.056,68.056,68.056,68.056,58.444,58.444,58.444,58.444,58.444,58.444,52.5,52.5,52.5,52.5,52.5,52.5,53.312,53.312,53.312,53.312,53.312
train,51,data_51.csv,persistent_leak,51_72_95,24,72,95,43200,57000,leak_binary,1,68.056,68.056,68.056,68.056,68.056,68.056,58.444,58.444,58.444,58.444,58.444,58.444,52.5,52.5,52.5,52.5,52.5,52.5,53.312,53.312,53.312,53.312,53.312,53.312
train,51,data_51.csv,persistent_leak,51_73_96,24,73,96,43800,57600,leak_binary,1,68.056,68.056,68.056,68.056,68.056,58.444,58.444,58.444,58.444,58.444,58.444,52.5,52.5,52.5,52.5,52.5,52.5,53.312,53.312,53.312,53.312,53.312,53.312,55.5
train,51,data_51.csv,persistent_leak,51_74_97,24,74,97,44400,58200,leak_binary,1,68.056,68.056,68.056,68.056,58.444,58.444,58.444,58.444,58.444,58.444,52.5,52.5,52.5,52.5,52.5,52.5,53.312,53.312,53.312,53.312,53.312,53.312,55.5,55.5
train,51,data_51.csv,persistent_leak,51_75_98,24,75,98,45000,58800,leak_binary,1,68.056,68.056,68.056,58.444,58.444,58.444,58.444,58.444,58.444,52.5,52.5,52.5,52.5,52.5,52.5,53.312,53.312,53.312,53.312,53.312,53.312,55.5,55.5,55.5
train,51,data_51.csv,persistent_leak,51_76_99,24,76,99,45600,59400,leak_binary,1,68.056,68.056,58.444,58.444,58.444,58.444,58.444,58.444,52.5,52.5,52.5,52.5,52.5,52.5,53.312,53.312,53.312,53.312,53.312,53.312,55.5,55.5,55.5,55.5
train,51,data_51.csv,persistent_leak,51_77_100,24,77,100,46200,60000,leak_binary,1,68.056,58.444,58.444,58.444,58.444,58.444,58.444,52.5,52.5,52.5,52.5,52.5,52.5,53.312,53.312,53.312,53.312,53.312,53.312,55.5,55.5,55.5,55.5,55.5
train,51,data_51.csv,persistent_leak,51_78_101,24,78,101,46800,60600,leak_binary,1,58.444,58.444,58.444,58.444,58.444,58.444,52.5,52.5,52.5,52.5,52.5,52.5,53.312,53.312,53.312,53.312,53.312,53.312,55.5,55.5,55.5,55.5,55.5,55.5
train,51,data_51.csv,persistent_leak,51_79_102,24,79,102,47400,61200,leak_binary,1,58.444,58.444,58.444,58.444,58.444,52.5,52.5,52.5,52.5,52.5,52.5,53.312,53.312,53.312,53.312,53.312,53.312,55.5,55.5,55.5,55.5,55.5,55.5,63.688
train,51,data_51.csv,persistent_leak,51_80_103,24,80,103,48000,61800,leak_binary,1,58.444,58.444,58.444,58.444,52.5,52.5,52.5,52.5,52.5,52.5,53.312,53.312,53.312,53.312,53.312,53.312,55.5,55.5,55.5,55.5,55.5,55.5,63.688,63.688
train,51,data_51.csv,persistent_leak,51_81_104,24,81,104,48600,62400,leak_binary,1,58.444,58.444,58.444,52.5,52.5,52.5,52.5,52.5,52.5,53.312,53.312,53.312,53.312,53.312,53.312,55.5,55.5,55.5,55.5,55.5,55.5,63.688,63.688,63.688
train,51,data_51.csv,persistent_leak,51_82_105,24,82,105,49200,63000,leak_binary,1,58.444,58.444,52.5,52.5,52.5,52.5,52.5,52.5,53.312,53.312,53.312,53.312,53.312,53.312,55.5,55.5,55.5,55.5,55.5,55.5,63.688,63.688,63.688,63.688
train,51,data_51.csv,persistent_leak,51_83_106,24,83,106,49800,63600,leak_binary,1,58.444,52.5,52.5,52.5,52.5,52.5,52.5,53.312,53.312,53.312,53.312,53.312,53.312,55.5,55.5,55.5,55.5,55.5,55.5,63.688,63.688,63.688,63.688,63.688
train,51,data_51.csv,persistent_leak,51_84_107,24,84,107,50400,64200,leak_binary,1,52.5,52.5,52.5,52.5,52.5,52.5,53.312,53.312,53.312,53.312,53.312,53.312,55.5,55.5,55.5,55.5,55.5,55.5,63.688,63.688,63.688,63.688,63.688,63.688
train,51,data_51.csv,persistent_leak,51_85_108,24,85,108,51000,64800,leak_binary,1,52.5,52.5,52.5,52.5,52.5,53.312,53.312,53.312,53.312,53.312,53.312,55.5,55.5,55.5,55.5,55.5,55.5,63.688,63.688,63.688,63.688,63.688,63.688,68.5
train,51,data_51.csv,persistent_leak,51_86_109,24,86,109,51600,65400,leak_binary,1,52.5,52.5,52.5,52.5,53.312,53.312,53.312,53.312,53.312,53.312,55.5,55.5,55.5,55.5,55.5,55.5,63.688,63.688,63.688,63.688,63.688,63.688,68.5,68.5
train,51,data_51.csv,persistent_leak,51_87_110,24,87,110,52200,66000,leak_binary,1,52.5,52.5,52.5,53.312,53.312,53.312,53.312,53.312,53.312,55.5,55.5,55.5,55.5,55.5,55.5,63.688,63.688,63.688,63.688,63.688,63.688,68.5,68.5,68.5
train,51,data_51.csv,persistent_leak,51_88_111,24,88,111,52800,66600,leak_binary,1,52.5,52.5,53.312,53.312,53.312,53.312,53.312,53.312,55.5,55.5,55.5,55.5,55.5,55.5,63.688,63.688,63.688,63.688,63.688,63.688,68.5,68.5,68.5,68.5
train,51,data_51.csv,persistent_leak,51_89_112,24,89,112,53400,67200,leak_binary,1,52.5,53.312,53.312,53.312,53.312,53.312,53.312,55.5,55.5,55.5,55.5,55.5,55.5,63.688,63.688,63.688,63.688,63.688,63.688,68.5,68.5,68.5,68.5,68.5
train,51,data_51.csv,persistent_leak,51_90_113,24,90,113,54000,67800,leak_binary,1,53.312,53.312,53.312,53.312,53.312,53.312,55.5,55.5,55.5,55.5,55.5,55.5,63.688,63.688,63.688,63.688,63.688,63.688,68.5,68.5,68.5,68.5,68.5,68.5
train,51,data_51.csv,persistent_leak,51_91_114,24,91,114,54600,68400,leak_binary,1,53.312,53.312,53.312,53.312,53.312,55.5,55.5,55.5,55.5,55.5,55.5,63.688,63.688,63.688,63.688,63.688,63.688,68.5,68.5,68.5,68.5,68.5,68.5,60.747
train,51,data_51.csv,persistent_leak,51_92_115,24,92,115,55200,69000,leak_binary,1,53.312,53.312,53.312,53.312,55.5,55.5,55.5,55.5,55.5,55.5,63.688,63.688,63.688,63.688,63.688,63.688,68.5,68.5,68.5,68.5,68.5,68.5,60.747,60.747
train,51,data_51.csv,persistent_leak,51_93_116,24,93,116,55800,69600,leak_binary,1,53.312,53.312,53.312,55.5,55.5,55.5,55.5,55.5,55.5,63.688,63.688,63.688,63.688,63.688,63.688,68.5,68.5,68.5,68.5,68.5,68.5,60.747,60.747,60.747
train,51,data_51.csv,persistent_leak,51_94_117,24,94,117,56400,70200,leak_binary,1,53.312,53.312,55.5,55.5,55.5,55.5,55.5,55.5,63.688,63.688,63.688,63.688,63.688,63.688,68.5,68.5,68.5,68.5,68.5,68.5,60.747,60.747,60.747,60.747
train,51,data_51.csv,persistent_leak,51_95_118,24,95,118,57000,70800,leak_binary,1,53.312,55.5,55.5,55.5,55.5,55.5,55.5,63.688,63.688,63.688,63.688,63.688,63.688,68.5,68.5,68.5,68.5,68.5,68.5,60.747,60.747,60.747,60.747,60.747
train,51,data_51.csv,persistent_leak,51_96_119,24,96,119,57600,71400,leak_binary,1,55.5,55.5,55.5,55.5,55.5,55.5,63.688,63.688,63.688,63.688,63.688,63.688,68.5,68.5,68.5,68.5,68.5,68.5,60.747,60.747,60.747,60.747,60.747,60.747
train,51,data_51.csv,persistent_leak,51_97_120,24,97,120,58200,72000,leak_binary,1,55.5,55.5,55.5,55.5,55.5,63.688,63.688,63.688,63.688,63.688,63.688,68.5,68.5,68.5,68.5,68.5,68.5,60.747,60.747,60.747,60.747,60.747,60.747,40.0
train,51,data_51.csv,persistent_leak,51_98_121,24,98,121,58800,72600,leak_binary,1,55.5,55.5,55.5,55.5,63.688,63.688,63.688,63.688,63.688,63.688,68.5,68.5,68.5,68.5,68.5,68.5,60.747,60.747,60.747,60.747,60.747,60.747,40.0,40.0
train,51,data_51.csv,persistent_leak,51_99_122,24,99,122,59400,73200,leak_binary,1,55.5,55.5,55.5,63.688,63.688,63.688,63.688,63.688,63.688,68.5,68.5,68.5,68.5,68.5,68.5,60.747,60.747,60.747,60.747,60.747,60.747,40.0,40.0,40.0
train,51,data_51.csv,persistent_leak,51_100_123,24,100,123,60000,73800,leak_binary,1,55.5,55.5,63.688,63.688,63.688,63.688,63.688,63.688,68.5,68.5,68.5,68.5,68.5,68.5,60.747,60.747,60.747,60.747,60.747,60.747,40.0,40.0,40.0,40.0
train,51,data_51.csv,persistent_leak,51_101_124,24,101,124,60600,74400,leak_binary,1,55.5,63.688,63.688,63.688,63.688,63.688,63.688,68.5,68.5,68.5,68.5,68.5,68.5,60.747,60.747,60.747,60.747,60.747,60.747,40.0,40.0,40.0,40.0,40.0
train,51,data_51.csv,persistent_leak,51_102_125,24,102,125,61200,75000,leak_binary,1,63.688,63.688,63.688,63.688,63.688,63.688,68.5,68.5,68.5,68.5,68.5,68.5,60.747,60.747,60.747,60.747,60.747,60.747,40.0,40.0,40.0,40.0,40.0,40.0
train,51,data_51.csv,persistent_leak,51_103_126,24,103,126,61800,75600,leak_binary,1,63.688,63.688,63.688,63.688,63.688,68.5,68.5,68.5,68.5,68.5,68.5,60.747,60.747,60.747,60.747,60.747,60.747,40.0,40.0,40.0,40.0,40.0,40.0,20.341
train,51,data_51.csv,persistent_leak,51_104_127,24,104,127,62400,76200,leak_binary,1,63.688,63.688,63.688,63.688,68.5,68.5,68.5,68.5,68.5,68.5,60.747,60.747,60.747,60.747,60.747,60.747,40.0,40.0,40.0,40.0,40.0,40.0,20.341,20.341
train,51,data_51.csv,persistent_leak,51_105_128,24,105,128,63000,76800,leak_binary,1,63.688,63.688,63.688,68.5,68.5,68.5,68.5,68.5,68.5,60.747,60.747,60.747,60.747,60.747,60.747,40.0,40.0,40.0,40.0,40.0,40.0,20.341,20.341,20.341
train,51,data_51.csv,persistent_leak,51_106_129,24,106,129,63600,77400,leak_binary,1,63.688,63.688,68.5,68.5,68.5,68.5,68.5,68.5,60.747,60.747,60.747,60.747,60.747,60.747,40.0,40.0,40.0,40.0,40.0,40.0,20.341,20.341,20.341,20.341
train,51,data_51.csv,persistent_leak,51_107_130,24,107,130,64200,78000,leak_binary,1,63.688,68.5,68.5,68.5,68.5,68.5,68.5,60.747,60.747,60.747,60.747,60.747,60.747,40.0,40.0,40.0,40.0,40.0,40.0,20.341,20.341,20.341,20.341,20.341
train,51,data_51.csv,persistent_leak,51_108_131,24,108,131,64800,78600,leak_binary,1,68.5,68.5,68.5,68.5,68.5,68.5,60.747,60.747,60.747,60.747,60.747,60.747,40.0,40.0,40.0,40.0,40.0,40.0,20.341,20.341,20.341,20.341,20.341,20.341
train,51,data_51.csv,persistent_leak,51_109_132,24,109,132,65400,79200,leak_binary,1,68.5,68.5,68.5,68.5,68.5,60.747,60.747,60.747,60.747,60.747,60.747,40.0,40.0,40.0,40.0,40.0,40.0,20.341,20.341,20.341,20.341,20.341,20.341,15.338
train,51,data_51.csv,persistent_leak,51_110_133,24,110,133,66000,79800,leak_binary,1,68.5,68.5,68.5,68.5,60.747,60.747,60.747,60.747,60.747,60.747,40.0,40.0,40.0,40.0,40.0,40.0,20.341,20.341,20.341,20.341,20.341,20.341,15.338,15.338
train,51,data_51.csv,persistent_leak,51_111_134,24,111,134,66600,80400,leak_binary,1,68.5,68.5,68.5,60.747,60.747,60.747,60.747,60.747,60.747,40.0,40.0,40.0,40.0,40.0,40.0,20.341,20.341,20.341,20.341,20.341,20.341,15.338,15.338,15.338
train,51,data_51.csv,persistent_leak,51_112_135,24,112,135,67200,81000,leak_binary,1,68.5,68.5,60.747,60.747,60.747,60.747,60.747,60.747,40.0,40.0,40.0,40.0,40.0,40.0,20.341,20.341,20.341,20.341,20.341,20.341,15.338,15.338,15.338,15.338
train,51,data_51.csv,persistent_leak,51_113_136,24,113,136,67800,81600,leak_binary,1,68.5,60.747,60.747,60.747,60.747,60.747,60.747,40.0,40.0,40.0,40.0,40.0,40.0,20.341,20.341,20.341,20.341,20.341,20.341,15.338,15.338,15.338,15.338,15.338
train,51,data_51.csv,persistent_leak,51_114_137,24,114,137,68400,82200,leak_binary,1,60.747,60.747,60.747,60.747,60.747,60.747,40.0,40.0,40.0,40.0,40.0,40.0,20.341,20.341,20.341,20.341,20.341,20.341,15.338,15.338,15.338,15.338,15.338,15.338
train,51,data_51.csv,persistent_leak,51_115_138,24,115,138,69000,82800,leak_binary,1,60.747,60.747,60.747,60.747,60.747,40.0,40.0,40.0,40.0,40.0,40.0,20.341,20.341,20.341,20.341,20.341,20.341,15.338,15.338,15.338,15.338,15.338,15.338,13.0
train,51,data_51.csv,persistent_leak,51_116_139,24,116,139,69600,83400,leak_binary,1,60.747,60.747,60.747,60.747,40.0,40.0,40.0,40.0,40.0,40.0,20.341,20.341,20.341,20.341,20.341,20.341,15.338,15.338,15.338,15.338,15.338,15.338,13.0,13.0
train,51,data_51.csv,persistent_leak,51_117_140,24,117,140,70200,84000,leak_binary,1,60.747,60.747,60.747,40.0,40.0,40.0,40.0,40.0,40.0,20.341,20.341,20.341,20.341,20.341,20.341,15.338,15.338,15.338,15.338,15.338,15.338,13.0,13.0,13.0
train,51,data_51.csv,persistent_leak,51_118_141,24,118,141,70800,84600,leak_binary,1,60.747,60.747,40.0,40.0,40.0,40.0,40.0,40.0,20.341,20.341,20.341,20.341,20.341,20.341,15.338,15.338,15.338,15.338,15.338,15.338,13.0,13.0,13.0,13.0
train,51,data_51.csv,persistent_leak,51_119_142,24,119,142,71400,85200,leak_binary,1,60.747,40.0,40.0,40.0,40.0,40.0,40.0,20.341,20.341,20.341,20.341,20.341,20.341,15.338,15.338,15.338,15.338,15.338,15.338,13.0,13.0,13.0,13.0,13.0
train,51,data_51.csv,persistent_leak,51_120_143,24,120,143,72000,85800,leak_binary,1,40.0,40.0,40.0,40.0,40.0,40.0,20.341,20.341,20.341,20.341,20.341,20.341,15.338,15.338,15.338,15.338,15.338,15.338,13.0,13.0,13.0,13.0,13.0,13.0
train,51,data_51.csv,persistent_leak,51_121_144,24,121,144,72600,86400,leak_binary,1,40.0,40.0,40.0,40.0,40.0,20.341,20.341,20.341,20.341,20.341,20.341,15.338,15.338,15.338,15.338,15.338,15.338,13.0,13.0,13.0,13.0,13.0,13.0,11.5
train,52,data_52.csv,persistent_leak,52_0_23,24,0,23,0,13800,leak_binary,1,11.0,11.0,11.0,11.0,11.0,11.0,7.88,7.88,7.88,7.88,7.88,7.88,6.06,6.06,6.06,6.06,6.06,6.06,5.21,5.21,5.21,5.21,5.21,5.21
train,52,data_52.csv,persistent_leak,52_1_24,24,1,24,600,14400,leak_binary,1,11.0,11.0,11.0,11.0,11.0,7.88,7.88,7.88,7.88,7.88,7.88,6.06,6.06,6.06,6.06,6.06,6.06,5.21,5.21,5.21,5.21,5.21,5.21,5.0
train,52,data_52.csv,persistent_leak,52_2_25,24,2,25,1200,15000,leak_binary,1,11.0,11.0,11.0,11.0,7.88,7.88,7.88,7.88,7.88,7.88,6.06,6.06,6.06,6.06,6.06,6.06,5.21,5.21,5.21,5.21,5.21,5.21,5.0,5.0
train,52,data_52.csv,persistent_leak,52_3_26,24,3,26,1800,15600,leak_binary,1,11.0,11.0,11.0,7.88,7.88,7.88,7.88,7.88,7.88,6.06,6.06,6.06,6.06,6.06,6.06,5.21,5.21,5.21,5.21,5.21,5.21,5.0,5.0,5.0
train,52,data_52.csv,persistent_leak,52_4_27,24,4,27,2400,16200,leak_binary,1,11.0,11.0,7.88,7.88,7.88,7.88,7.88,7.88,6.06,6.06,6.06,6.06,6.06,6.06,5.21,5.21,5.21,5.21,5.21,5.21,5.0,5.0,5.0,5.0
train,52,data_52.csv,persistent_leak,52_5_28,24,5,28,3000,16800,leak_binary,1,11.0,7.88,7.88,7.88,7.88,7.88,7.88,6.06,6.06,6.06,6.06,6.06,6.06,5.21,5.21,5.21,5.21,5.21,5.21,5.0,5.0,5.0,5.0,5.0
train,52,data_52.csv,persistent_leak,52_6_29,24,6,29,3600,17400,leak_binary,1,7.88,7.88,7.88,7.88,7.88,7.88,6.06,6.06,6.06,6.06,6.06,6.06,5.21,5.21,5.21,5.21,5.21,5.21,5.0,5.0,5.0,5.0,5.0,5.0
train,52,data_52.csv,persistent_leak,52_7_30,24,7,30,4200,18000,leak_binary,1,7.88,7.88,7.88,7.88,7.88,6.06,6.06,6.06,6.06,6.06,6.06,5.21,5.21,5.21,5.21,5.21,5.21,5.0,5.0,5.0,5.0,5.0,5.0,7.87
train,52,data_52.csv,persistent_leak,52_8_31,24,8,31,4800,18600,leak_binary,1,7.88,7.88,7.88,7.88,6.06,6.06,6.06,6.06,6.06,6.06,5.21,5.21,5.21,5.21,5.21,5.21,5.0,5.0,5.0,5.0,5.0,5.0,7.87,7.87
train,52,data_52.csv,persistent_leak,52_9_32,24,9,32,5400,19200,leak_binary,1,7.88,7.88,7.88,6.06,6.06,6.06,6.06,6.06,6.06,5.21,5.21,5.21,5.21,5.21,5.21,5.0,5.0,5.0,5.0,5.0,5.0,7.87,7.87,7.87
train,52,data_52.csv,persistent_leak,52_10_33,24,10,33,6000,19800,leak_binary,1,7.88,7.88,6.06,6.06,6.06,6.06,6.06,6.06,5.21,5.21,5.21,5.21,5.21,5.21,5.0,5.0,5.0,5.0,5.0,5.0,7.87,7.87,7.87,7.87
train,52,data_52.csv,persistent_leak,52_11_34,24,11,34,6600,20400,leak_binary,1,7.88,6.06,6.06,6.06,6.06,6.06,6.06,5.21,5.21,5.21,5.21,5.21,5.21,5.0,5.0,5.0,5.0,5.0,5.0,7.87,7.87,7.87,7.87,7.87
train,52,data_52.csv,persistent_leak,52_12_35,24,12,35,7200,21000,leak_binary,1,6.06,6.06,6.06,6.06,6.06,6.06,5.21,5.21,5.21,5.21,5.21,5.21,5.0,5.0,5.0,5.0,5.0,5.0,7.87,7.87,7.87,7.87,7.87,7.87
train,52,data_52.csv,persistent_leak,52_13_36,24,13,36,7800,21600,leak_binary,1,6.06,6.06,6.06,6.06,6.06,5.21,5.21,5.21,5.21,5.21,5.21,5.0,5.0,5.0,5.0,5.0,5.0,7.87,7.87,7.87,7.87,7.87,7.87,12.518
train,52,data_52.csv,persistent_leak,52_14_37,24,14,37,8400,22200,leak_binary,1,6.06,6.06,6.06,6.06,5.21,5.21,5.21,5.21,5.21,5.21,5.0,5.0,5.0,5.0,5.0,5.0,7.87,7.87,7.87,7.87,7.87,7.87,12.518,12.518
train,52,data_52.csv,persistent_leak,52_15_38,24,15,38,9000,22800,leak_binary,1,6.06,6.06,6.06,5.21,5.21,5.21,5.21,5.21,5.21,5.0,5.0,5.0,5.0,5.0,5.0,7.87,7.87,7.87,7.87,7.87,7.87,12.518,12.518,12.518
train,52,data_52.csv,persistent_leak,52_16_39,24,16,39,9600,23400,leak_binary,1,6.06,6.06,5.21,5.21,5.21,5.21,5.21,5.21,5.0,5.0,5.0,5.0,5.0,5.0,7.87,7.87,7.87,7.87,7.87,7.87,12.518,12.518,12.518,12.518
train,52,data_52.csv,persistent_leak,52_17_40,24,17,40,10200,24000,leak_binary,1,6.06,5.21,5.21,5.21,5.21,5.21,5.21,5.0,5.0,5.0,5.0,5.0,5.0,7.87,7.87,7.87,7.87,7.87,7.87,12.518,12.518,12.518,12.518,12.518
train,52,data_52.csv,persistent_leak,52_18_41,24,18,41,10800,24600,leak_binary,1,5.21,5.21,5.21,5.21,5.21,5.21,5.0,5.0,5.0,5.0,5.0,5.0,7.87,7.87,7.87,7.87,7.87,7.87,12.518,12.518,12.518,12.518,12.518,12.518
train,52,data_52.csv,persistent_leak,52_19_42,24,19,42,11400,25200,leak_binary,1,5.21,5.21,5.21,5.21,5.21,5.0,5.0,5.0,5.0,5.0,5.0,7.87,7.87,7.87,7.87,7.87,7.87,12.518,12.518,12.518,12.518,12.518,12.518,17.5
train,52,data_52.csv,persistent_leak,52_20_43,24,20,43,12000,25800,leak_binary,1,5.21,5.21,5.21,5.21,5.0,5.0,5.0,5.0,5.0,5.0,7.87,7.87,7.87,7.87,7.87,7.87,12.518,12.518,12.518,12.518,12.518,12.518,17.5,17.5
train,52,data_52.csv,persistent_leak,52_21_44,24,21,44,12600,26400,leak_binary,1,5.21,5.21,5.21,5.0,5.0,5.0,5.0,5.0,5.0,7.87,7.87,7.87,7.87,7.87,7.87,12.518,12.518,12.518,12.518,12.518,12.518,17.5,17.5,17.5
train,52,data_52.csv,persistent_leak,52_22_45,24,22,45,13200,27000,leak_binary,1,5.21,5.21,5.0,5.0,5.0,5.0,5.0,5.0,7.87,7.87,7.87,7.87,7.87,7.87,12.518,12.518,12.518,12.518,12.518,12.518,17.5,17.5,17.5,17.5
train,52,data_52.csv,persistent_leak,52_23_46,24,23,46,13800,27600,leak_binary,1,5.21,5.0,5.0,5.0,5.0,5.0,5.0,7.87,7.87,7.87,7.87,7.87,7.87,12.518,12.518,12.518,12.518,12.518,12.518,17.5,17.5,17.5,17.5,17.5
train,52,data_52.csv,persistent_leak,52_24_47,24,24,47,14400,28200,leak_binary,1,5.0,5.0,5.0,5.0,5.0,5.0,7.87,7.87,7.87,7.87,7.87,7.87,12.518,12.518,12.518,12.518,12.518,12.518,17.5,17.5,17.5,17.5,17.5,17.5
train,52,data_52.csv,persistent_leak,52_25_48,24,25,48,15000,28800,leak_binary,1,5.0,5.0,5.0,5.0,5.0,7.87,7.87,7.87,7.87,7.87,7.87,12.518,12.518,12.518,12.518,12.518,12.518,17.5,17.5,17.5,17.5,17.5,17.5,22.472
train,52,data_52.csv,persistent_leak,52_26_49,24,26,49,15600,29400,leak_binary,1,5.0,5.0,5.0,5.0,7.87,7.87,7.87,7.87,7.87,7.87,12.518,12.518,12.518,12.518,12.518,12.518,17.5,17.5,17.5,17.5,17.5,17.5,22.472,22.472
train,52,data_52.csv,persistent_leak,52_27_50,24,27,50,16200,30000,leak_binary,1,5.0,5.0,5.0,7.87,7.87,7.87,7.87,7.87,7.87,12.518,12.518,12.518,12.518,12.518,12.518,17.5,17.5,17.5,17.5,17.5,17.5,22.472,22.472,22.472
train,52,data_52.csv,persistent_leak,52_28_51,24,28,51,16800,30600,leak_binary,1,5.0,5.0,7.87,7.87,7.87,7.87,7.87,7.87,12.518,12.518,12.518,12.518,12.518,12.518,17.5,17.5,17.5,17.5,17.5,17.5,22.472,22.472,22.472,22.472
train,52,data_52.csv,persistent_leak,52_29_52,24,29,52,17400,31200,leak_binary,1,5.0,7.87,7.87,7.87,7.87,7.87,7.87,12.518,12.518,12.518,12.518,12.518,12.518,17.5,17.5,17.5,17.5,17.5,17.5,22.472,22.472,22.472,22.472,22.472
train,52,data_52.csv,persistent_leak,52_30_53,24,30,53,18000,31800,leak_binary,1,7.87,7.87,7.87,7.87,7.87,7.87,12.518,12.518,12.518,12.518,12.518,12.518,17.5,17.5,17.5,17.5,17.5,17.5,22.472,22.472,22.472,22.472,22.472,22.472
train,52,data_52.csv,persistent_leak,52_31_54,24,31,54,18600,32400,leak_binary,1,7.87,7.87,7.87,7.87,7.87,12.518,12.518,12.518,12.518,12.518,12.518,17.5,17.5,17.5,17.5,17.5,17.5,22.472,22.472,22.472,22.472,22.472,22.472,26.424
train,52,data_52.csv,persistent_leak,52_32_55,24,32,55,19200,33000,leak_binary,1,7.87,7.87,7.87,7.87,12.518,12.518,12.518,12.518,12.518,12.518,17.5,17.5,17.5,17.5,17.5,17.5,22.472,22.472,22.472,22.472,22.472,22.472,26.424,26.424
train,52,data_52.csv,persistent_leak,52_33_56,24,33,56,19800,33600,leak_binary,1,7.87,7.87,7.87,12.518,12.518,12.518,12.518,12.518,12.518,17.5,17.5,17.5,17.5,17.5,17.5,22.472,22.472,22.472,22.472,22.472,22.472,26.424,26.424,26.424
train,52,data_52.csv,persistent_leak,52_34_57,24,34,57,20400,34200,leak_binary,1,7.87,7.87,12.518,12.518,12.518,12.518,12.518,12.518,17.5,17.5,17.5,17.5,17.5,17.5,22.472,22.472,22.472,22.472,22.472,22.472,26.424,26.424,26.424,26.424
train,52,data_52.csv,persistent_leak,52_35_58,24,35,58,21000,34800,leak_binary,1,7.87,12.518,12.518,12.518,12.518,12.518,12.518,17.5,17.5,17.5,17.5,17.5,17.5,22.472,22.472,22.472,22.472,22.472,22.472,26.424,26.424,26.424,26.424,26.424
train,52,data_52.csv,persistent_leak,52_36_59,24,36,59,21600,35400,leak_binary,1,12.518,12.518,12.518,12.518,12.518,12.518,17.5,17.5,17.5,17.5,17.5,17.5,22.472,22.472,22.472,22.472,22.472,22.472,26.424,26.424,26.424,26.424,26.424,26.424
train,52,data_52.csv,persistent_leak,52_37_60,24,37,60,22200,36000,leak_binary,1,12.518,12.518,12.518,12.518,12.518,17.5,17.5,17.5,17.5,17.5,17.5,22.472,22.472,22.472,22.472,22.472,22.472,26.424,26.424,26.424,26.424,26.424,26.424,33.662
train,52,data_52.csv,persistent_leak,52_38_61,24,38,61,22800,36600,leak_binary,1,12.518,12.518,12.518,12.518,17.5,17.5,17.5,17.5,17.5,17.5,22.472,22.472,22.472,22.472,22.472,22.472,26.424,26.424,26.424,26.424,26.424,26.424,33.662,33.662
train,52,data_52.csv,persistent_leak,52_39_62,24,39,62,23400,37200,leak_binary,1,12.518,12.518,12.518,17.5,17.5,17.5,17.5,17.5,17.5,22.472,22.472,22.472,22.472,22.472,22.472,26.424,26.424,26.424,26.424,26.424,26.424,33.662,33.662,33.662
train,52,data_52.csv,persistent_leak,52_40_63,24,40,63,24000,37800,leak_binary,1,12.518,12.518,17.5,17.5,17.5,17.5,17.5,17.5,22.472,22.472,22.472,22.472,22.472,22.472,26.424,26.424,26.424,26.424,26.424,26.424,33.662,33.662,33.662,33.662
train,52,data_52.csv,persistent_leak,52_41_64,24,41,64,24600,38400,leak_binary,1,12.518,17.5,17.5,17.5,17.5,17.5,17.5,22.472,22.472,22.472,22.472,22.472,22.472,26.424,26.424,26.424,26.424,26.424,26.424,33.662,33.662,33.662,33.662,33.662
train,52,data_52.csv,persistent_leak,52_42_65,24,42,65,25200,39000,leak_binary,1,17.5,17.5,17.5,17.5,17.5,17.5,22.472,22.472,22.472,22.472,22.472,22.472,26.424,26.424,26.424,26.424,26.424,26.424,33.662,33.662,33.662,33.662,33.662,33.662
train,52,data_52.csv,persistent_leak,52_43_66,24,43,66,25800,39600,leak_binary,1,17.5,17.5,17.5,17.5,17.5,22.472,22.472,22.472,22.472,22.472,22.472,26.424,26.424,26.424,26.424,26.424,26.424,33.662,33.662,33.662,33.662,33.662,33.662,41.0
train,52,data_52.csv,persistent_leak,52_44_67,24,44,67,26400,40200,leak_binary,1,17.5,17.5,17.5,17.5,22.472,22.472,22.472,22.472,22.472,22.472,26.424,26.424,26.424,26.424,26.424,26.424,33.662,33.662,33.662,33.662,33.662,33.662,41.0,41.0
train,52,data_52.csv,persistent_leak,52_45_68,24,45,68,27000,40800,leak_binary,1,17.5,17.5,17.5,22.472,22.472,22.472,22.472,22.472,22.472,26.424,26.424,26.424,26.424,26.424,26.424,33.662,33.662,33.662,33.662,33.662,33.662,41.0,41.0,41.0
train,52,data_52.csv,persistent_leak,52_46_69,24,46,69,27600,41400,leak_binary,1,17.5,17.5,22.472,22.472,22.472,22.472,22.472,22.472,26.424,26.424,26.424,26.424,26.424,26.424,33.662,33.662,33.662,33.662,33.662,33.662,41.0,41.0,41.0,41.0
train,52,data_52.csv,persistent_leak,52_47_70,24,47,70,28200,42000,leak_binary,1,17.5,22.472,22.472,22.472,22.472,22.472,22.472,26.424,26.424,26.424,26.424,26.424,26.424,33.662,33.662,33.662,33.662,33.662,33.662,41.0,41.0,41.0,41.0,41.0
train,52,data_52.csv,persistent_leak,52_48_71,24,48,71,28800,42600,leak_binary,1,22.472,22.472,22.472,22.472,22.472,22.472,26.424,26.424,26.424,26.424,26.424,26.424,33.662,33.662,33.662,33.662,33.662,33.662,41.0,41.0,41.0,41.0,41.0,41.0
train,52,data_52.csv,persistent_leak,52_49_72,24,49,72,29400,43200,leak_binary,1,22.472,22.472,22.472,22.472,22.472,26.424,26.424,26.424,26.424,26.424,26.424,33.662,33.662,33.662,33.662,33.662,33.662,41.0,41.0,41.0,41.0,41.0,41.0,46.552
train,52,data_52.csv,persistent_leak,52_50_73,24,50,73,30000,43800,leak_binary,1,22.472,22.472,22.472,22.472,26.424,26.424,26.424,26.424,26.424,26.424,33.662,33.662,33.662,33.662,33.662,33.662,41.0,41.0,41.0,41.0,41.0,41.0,46.552,46.552
train,52,data_52.csv,persistent_leak,52_51_74,24,51,74,30600,44400,leak_binary,1,22.472,22.472,22.472,26.424,26.424,26.424,26.424,26.424,26.424,33.662,33.662,33.662,33.662,33.662,33.662,41.0,41.0,41.0,41.0,41.0,41.0,46.552,46.552,46.552
train,52,data_52.csv,persistent_leak,52_52_75,24,52,75,31200,45000,leak_binary,1,22.472,22.472,26.424,26.424,26.424,26.424,26.424,26.424,33.662,33.662,33.662,33.662,33.662,33.662,41.0,41.0,41.0,41.0,41.0,41.0,46.552,46.552,46.552,46.552
train,52,data_52.csv,persistent_leak,52_53_76,24,53,76,31800,45600,leak_binary,1,22.472,26.424,26.424,26.424,26.424,26.424,26.424,33.662,33.662,33.662,33.662,33.662,33.662,41.0,41.0,41.0,41.0,41.0,41.0,46.552,46.552,46.552,46.552,46.552
train,52,data_52.csv,persistent_leak,52_54_77,24,54,77,32400,46200,leak_binary,1,26.424,26.424,26.424,26.424,26.424,26.424,33.662,33.662,33.662,33.662,33.662,33.662,41.0,41.0,41.0,41.0,41.0,41.0,46.552,46.552,46.552,46.552,46.552,46.552
train,52,data_52.csv,persistent_leak,52_55_78,24,55,78,33000,46800,leak_binary,1,26.424,26.424,26.424,26.424,26.424,33.662,33.662,33.662,33.662,33.662,33.662,41.0,41.0,41.0,41.0,41.0,41.0,46.552,46.552,46.552,46.552,46.552,46.552,52.332
train,52,data_52.csv,persistent_leak,52_56_79,24,56,79,33600,47400,leak_binary,1,26.424,26.424,26.424,26.424,33.662,33.662,33.662,33.662,33.662,33.662,41.0,41.0,41.0,41.0,41.0,41.0,46.552,46.552,46.552,46.552,46.552,46.552,52.332,52.332
train,52,data_52.csv,persistent_leak,52_57_80,24,57,80,34200,48000,leak_binary,1,26.424,26.424,26.424,33.662,33.662,33.662,33.662,33.662,33.662,41.0,41.0,41.0,41.0,41.0,41.0,46.552,46.552,46.552,46.552,46.552,46.552,52.332,52.332,52.332
train,52,data_52.csv,persistent_leak,52_58_81,24,58,81,34800,48600,leak_binary,1,26.424,26.424,33.662,33.662,33.662,33.662,33.662,33.662,41.0,41.0,41.0,41.0,41.0,41.0,46.552,46.552,46.552,46.552,46.552,46.552,52.332,52.332,52.332,52.332
train,52,data_52.csv,persistent_leak,52_59_82,24,59,82,35400,49200,leak_binary,1,26.424,33.662,33.662,33.662,33.662,33.662,33.662,41.0,41.0,41.0,41.0,41.0,41.0,46.552,46.552,46.552,46.552,46.552,46.552,52.332,52.332,52.332,52.332,52.332
train,52,data_52.csv,persistent_leak,52_60_83,24,60,83,36000,49800,leak_binary,1,33.662,33.662,33.662,33.662,33.662,33.662,41.0,41.0,41.0,41.0,41.0,41.0,46.552,46.552,46.552,46.552,46.552,46.552,52.332,52.332,52.332,52.332,52.332,52.332
train,52,data_52.csv,persistent_leak,52_61_84,24,61,84,36600,50400,leak_binary,1,33.662,33.662,33.662,33.662,33.662,41.0,41.0,41.0,41.0,41.0,41.0,46.552,46.552,46.552,46.552,46.552,46.552,52.332,52.332,52.332,52.332,52.332,52.332,52.0
train,52,data_52.csv,persistent_leak,52_62_85,24,62,85,37200,51000,leak_binary,1,33.662,33.662,33.662,33.662,41.0,41.0,41.0,41.0,41.0,41.0,46.552,46.552,46.552,46.552,46.552,46.552,52.332,52.332,52.332,52.332,52.332,52.332,52.0,52.0
train,52,data_52.csv,persistent_leak,52_63_86,24,63,86,37800,51600,leak_binary,1,33.662,33.662,33.662,41.0,41.0,41.0,41.0,41.0,41.0,46.552,46.552,46.552,46.552,46.552,46.552,52.332,52.332,52.332,52.332,52.332,52.332,52.0,52.0,52.0
train,52,data_52.csv,persistent_leak,52_64_87,24,64,87,38400,52200,leak_binary,1,33.662,33.662,41.0,41.0,41.0,41.0,41.0,41.0,46.552,46.552,46.552,46.552,46.552,46.552,52.332,52.332,52.332,52.332,52.332,52.332,52.0,52.0,52.0,52.0
train,52,data_52.csv,persistent_leak,52_65_88,24,65,88,39000,52800,leak_binary,1,33.662,41.0,41.0,41.0,41.0,41.0,41.0,46.552,46.552,46.552,46.552,46.552,46.552,52.332,52.332,52.332,52.332,52.332,52.332,52.0,52.0,52.0,52.0,52.0
train,52,data_52.csv,persistent_leak,52_66_89,24,66,89,39600,53400,leak_binary,1,41.0,41.0,41.0,41.0,41.0,41.0,46.552,46.552,46.552,46.552,46.552,46.552,52.332,52.332,52.332,52.332,52.332,52.332,52.0,52.0,52.0,52.0,52.0,52.0
train,52,data_52.csv,persistent_leak,52_67_90,24,67,90,40200,54000,leak_binary,1,41.0,41.0,41.0,41.0,41.0,46.552,46.552,46.552,46.552,46.552,46.552,52.332,52.332,52.332,52.332,52.332,52.332,52.0,52.0,52.0,52.0,52.0,52.0,45.584
train,52,data_52.csv,persistent_leak,52_68_91,24,68,91,40800,54600,leak_binary,1,41.0,41.0,41.0,41.0,46.552,46.552,46.552,46.552,46.552,46.552,52.332,52.332,52.332,52.332,52.332,52.332,52.0,52.0,52.0,52.0,52.0,52.0,45.584,45.584
train,52,data_52.csv,persistent_leak,52_69_92,24,69,92,41400,55200,leak_binary,1,41.0,41.0,41.0,46.552,46.552,46.552,46.552,46.552,46.552,52.332,52.332,52.332,52.332,52.332,52.332,52.0,52.0,52.0,52.0,52.0,52.0,45.584,45.584,45.584
train,52,data_52.csv,persistent_leak,52_70_93,24,70,93,42000,55800,leak_binary,1,41.0,41.0,46.552,46.552,46.552,46.552,46.552,46.552,52.332,52.332,52.332,52.332,52.332,52.332,52.0,52.0,52.0,52.0,52.0,52.0,45.584,45.584,45.584,45.584
train,52,data_52.csv,persistent_leak,52_71_94,24,71,94,42600,56400,leak_binary,1,41.0,46.552,46.552,46.552,46.552,46.552,46.552,52.332,52.332,52.332,52.332,52.332,52.332,52.0,52.0,52.0,52.0,52.0,52.0,45.584,45.584,45.584,45.584,45.584
train,52,data_52.csv,persistent_leak,52_72_95,24,72,95,43200,57000,leak_binary,1,46.552,46.552,46.552,46.552,46.552,46.552,52.332,52.332,52.332,52.332,52.332,52.332,52.0,52.0,52.0,52.0,52.0,52.0,45.584,45.584,45.584,45.584,45.584,45.584
train,52,data_52.csv,persistent_leak,52_73_96,24,73,96,43800,57600,leak_binary,1,46.552,46.552,46.552,46.552,46.552,52.332,52.332,52.332,52.332,52.332,52.332,52.0,52.0,52.0,52.0,52.0,52.0,45.584,45.584,45.584,45.584,45.584,45.584,36.224
train,52,data_52.csv,persistent_leak,52_74_97,24,74,97,44400,58200,leak_binary,1,46.552,46.552,46.552,46.552,52.332,52.332,52.332,52.332,52.332,52.332,52.0,52.0,52.0,52.0,52.0,52.0,45.584,45.584,45.584,45.584,45.584,45.584,36.224,36.224
train,52,data_52.csv,persistent_leak,52_75_98,24,75,98,45000,58800,leak_binary,1,46.552,46.552,46.552,52.332,52.332,52.332,52.332,52.332,52.332,52.0,52.0,52.0,52.0,52.0,52.0,45.584,45.584,45.584,45.584,45.584,45.584,36.224,36.224,36.224
train,52,data_52.csv,persistent_leak,52_76_99,24,76,99,45600,59400,leak_binary,1,46.552,46.552,52.332,52.332,52.332,52.332,52.332,52.332,52.0,52.0,52.0,52.0,52.0,52.0,45.584,45.584,45.584,45.584,45.584,45.584,36.224,36.224,36.224,36.224
train,52,data_52.csv,persistent_leak,52_77_100,24,77,100,46200,60000,leak_binary,1,46.552,52.332,52.332,52.332,52.332,52.332,52.332,52.0,52.0,52.0,52.0,52.0,52.0,45.584,45.584,45.584,45.584,45.584,45.584,36.224,36.224,36.224,36.224,36.224
train,52,data_52.csv,persistent_leak,52_78_101,24,78,101,46800,60600,leak_binary,1,52.332,52.332,52.332,52.332,52.332,52.332,52.0,52.0,52.0,52.0,52.0,52.0,45.584,45.584,45.584,45.584,45.584,45.584,36.224,36.224,36.224,36.224,36.224,36.224
train,52,data_52.csv,persistent_leak,52_79_102,24,79,102,47400,61200,leak_binary,1,52.332,52.332,52.332,52.332,52.332,52.0,52.0,52.0,52.0,52.0,52.0,45.584,45.584,45.584,45.584,45.584,45.584,36.224,36.224,36.224,36.224,36.224,36.224,30.5
train,52,data_52.csv,persistent_leak,52_80_103,24,80,103,48000,61800,leak_binary,1,52.332,52.332,52.332,52.332,52.0,52.0,52.0,52.0,52.0,52.0,45.584,45.584,45.584,45.584,45.584,45.584,36.224,36.224,36.224,36.224,36.224,36.224,30.5,30.5
train,52,data_52.csv,persistent_leak,52_81_104,24,81,104,48600,62400,leak_binary,1,52.332,52.332,52.332,52.0,52.0,52.0,52.0,52.0,52.0,45.584,45.584,45.584,45.584,45.584,45.584,36.224,36.224,36.224,36.224,36.224,36.224,30.5,30.5,30.5
train,52,data_52.csv,persistent_leak,52_82_105,24,82,105,49200,63000,leak_binary,1,52.332,52.332,52.0,52.0,52.0,52.0,52.0,52.0,45.584,45.584,45.584,45.584,45.584,45.584,36.224,36.224,36.224,36.224,36.224,36.224,30.5,30.5,30.5,30.5
train,52,data_52.csv,persistent_leak,52_83_106,24,83,106,49800,63600,leak_binary,1,52.332,52.0,52.0,52.0,52.0,52.0,52.0,45.584,45.584,45.584,45.584,45.584,45.584,36.224,36.224,36.224,36.224,36.224,36.224,30.5,30.5,30.5,30.5,30.5
train,52,data_52.csv,persistent_leak,52_84_107,24,84,107,50400,64200,leak_binary,1,52.0,52.0,52.0,52.0,52.0,52.0,45.584,45.584,45.584,45.584,45.584,45.584,36.224,36.224,36.224,36.224,36.224,36.224,30.5,30.5,30.5,30.5,30.5,30.5
train,52,data_52.csv,persistent_leak,52_85_108,24,85,108,51000,64800,leak_binary,1,52.0,52.0,52.0,52.0,52.0,45.584,45.584,45.584,45.584,45.584,45.584,36.224,36.224,36.224,36.224,36.224,36.224,30.5,30.5,30.5,30.5,30.5,30.5,32.696
train,52,data_52.csv,persistent_leak,52_86_109,24,86,109,51600,65400,leak_binary,1,52.0,52.0,52.0,52.0,45.584,45.584,45.584,45.584,45.584,45.584,36.224,36.224,36.224,36.224,36.224,36.224,30.5,30.5,30.5,30.5,30.5,30.5,32.696,32.696
train,52,data_52.csv,persistent_leak,52_87_110,24,87,110,52200,66000,leak_binary,1,52.0,52.0,52.0,45.584,45.584,45.584,45.584,45.584,45.584,36.224,36.224,36.224,36.224,36.224,36.224,30.5,30.5,30.5,30.5,30.5,30.5,32.696,32.696,32.696
train,52,data_52.csv,persistent_leak,52_88_111,24,88,111,52800,66600,leak_binary,1,52.0,52.0,45.584,45.584,45.584,45.584,45.584,45.584,36.224,36.224,36.224,36.224,36.224,36.224,30.5,30.5,30.5,30.5,30.5,30.5,32.696,32.696,32.696,32.696
train,52,data_52.csv,persistent_leak,52_89_112,24,89,112,53400,67200,leak_binary,1,52.0,45.584,45.584,45.584,45.584,45.584,45.584,36.224,36.224,36.224,36.224,36.224,36.224,30.5,30.5,30.5,30.5,30.5,30.5,32.696,32.696,32.696,32.696,32.696
train,52,data_52.csv,persistent_leak,52_90_113,24,90,113,54000,67800,leak_binary,1,45.584,45.584,45.584,45.584,45.584,45.584,36.224,36.224,36.224,36.224,36.224,36.224,30.5,30.5,30.5,30.5,30.5,30.5,32.696,32.696,32.696,32.696,32.696,32.696
train,52,data_52.csv,persistent_leak,52_91_114,24,91,114,54600,68400,leak_binary,1,45.584,45.584,45.584,45.584,45.584,36.224,36.224,36.224,36.224,36.224,36.224,30.5,30.5,30.5,30.5,30.5,30.5,32.696,32.696,32.696,32.696,32.696,32.696,32.258
train,52,data_52.csv,persistent_leak,52_92_115,24,92,115,55200,69000,leak_binary,1,45.584,45.584,45.584,45.584,36.224,36.224,36.224,36.224,36.224,36.224,30.5,30.5,30.5,30.5,30.5,30.5,32.696,32.696,32.696,32.696,32.696,32.696,32.258,32.258
train,52,data_52.csv,persistent_leak,52_93_116,24,93,116,55800,69600,leak_binary,1,45.584,45.584,45.584,36.224,36.224,36.224,36.224,36.224,36.224,30.5,30.5,30.5,30.5,30.5,30.5,32.696,32.696,32.696,32.696,32.696,32.696,32.258,32.258,32.258
train,52,data_52.csv,persistent_leak,52_94_117,24,94,117,56400,70200,leak_binary,1,45.584,45.584,36.224,36.224,36.224,36.224,36.224,36.224,30.5,30.5,30.5,30.5,30.5,30.5,32.696,32.696,32.696,32.696,32.696,32.696,32.258,32.258,32.258,32.258
train,52,data_52.csv,persistent_leak,52_95_118,24,95,118,57000,70800,leak_binary,1,45.584,36.224,36.224,36.224,36.224,36.224,36.224,30.5,30.5,30.5,30.5,30.5,30.5,32.696,32.696,32.696,32.696,32.696,32.696,32.258,32.258,32.258,32.258,32.258
train,52,data_52.csv,persistent_leak,52_96_119,24,96,119,57600,71400,leak_binary,1,36.224,36.224,36.224,36.224,36.224,36.224,30.5,30.5,30.5,30.5,30.5,30.5,32.696,32.696,32.696,32.696,32.696,32.696,32.258,32.258,32.258,32.258,32.258,32.258
train,52,data_52.csv,persistent_leak,52_97_120,24,97,120,58200,72000,leak_binary,1,36.224,36.224,36.224,36.224,36.224,30.5,30.5,30.5,30.5,30.5,30.5,32.696,32.696,32.696,32.696,32.696,32.696,32.258,32.258,32.258,32.258,32.258,32.258,28.5
train,52,data_52.csv,persistent_leak,52_98_121,24,98,121,58800,72600,leak_binary,1,36.224,36.224,36.224,36.224,30.5,30.5,30.5,30.5,30.5,30.5,32.696,32.696,32.696,32.696,32.696,32.696,32.258,32.258,32.258,32.258,32.258,32.258,28.5,28.5
train,52,data_52.csv,persistent_leak,52_99_122,24,99,122,59400,73200,leak_binary,1,36.224,36.224,36.224,30.5,30.5,30.5,30.5,30.5,30.5,32.696,32.696,32.696,32.696,32.696,32.696,32.258,32.258,32.258,32.258,32.258,32.258,28.5,28.5,28.5
train,52,data_52.csv,persistent_leak,52_100_123,24,100,123,60000,73800,leak_binary,1,36.224,36.224,30.5,30.5,30.5,30.5,30.5,30.5,32.696,32.696,32.696,32.696,32.696,32.696,32.258,32.258,32.258,32.258,32.258,32.258,28.5,28.5,28.5,28.5
train,52,data_52.csv,persistent_leak,52_101_124,24,101,124,60600,74400,leak_binary,1,36.224,30.5,30.5,30.5,30.5,30.5,30.5,32.696,32.696,32.696,32.696,32.696,32.696,32.258,32.258,32.258,32.258,32.258,32.258,28.5,28.5,28.5,28.5,28.5
train,52,data_52.csv,persistent_leak,52_102_125,24,102,125,61200,75000,leak_binary,1,30.5,30.5,30.5,30.5,30.5,30.5,32.696,32.696,32.696,32.696,32.696,32.696,32.258,32.258,32.258,32.258,32.258,32.258,28.5,28.5,28.5,28.5,28.5,28.5
train,52,data_52.csv,persistent_leak,52_103_126,24,103,126,61800,75600,leak_binary,1,30.5,30.5,30.5,30.5,30.5,32.696,32.696,32.696,32.696,32.696,32.696,32.258,32.258,32.258,32.258,32.258,32.258,28.5,28.5,28.5,28.5,28.5,28.5,23.14
train,52,data_52.csv,persistent_leak,52_104_127,24,104,127,62400,76200,leak_binary,1,30.5,30.5,30.5,30.5,32.696,32.696,32.696,32.696,32.696,32.696,32.258,32.258,32.258,32.258,32.258,32.258,28.5,28.5,28.5,28.5,28.5,28.5,23.14,23.14
train,52,data_52.csv,persistent_leak,52_105_128,24,105,128,63000,76800,leak_binary,1,30.5,30.5,30.5,32.696,32.696,32.696,32.696,32.696,32.696,32.258,32.258,32.258,32.258,32.258,32.258,28.5,28.5,28.5,28.5,28.5,28.5,23.14,23.14,23.14
train,52,data_52.csv,persistent_leak,52_106_129,24,106,129,63600,77400,leak_binary,1,30.5,30.5,32.696,32.696,32.696,32.696,32.696,32.696,32.258,32.258,32.258,32.258,32.258,32.258,28.5,28.5,28.5,28.5,28.5,28.5,23.14,23.14,23.14,23.14
train,52,data_52.csv,persistent_leak,52_107_130,24,107,130,64200,78000,leak_binary,1,30.5,32.696,32.696,32.696,32.696,32.696,32.696,32.258,32.258,32.258,32.258,32.258,32.258,28.5,28.5,28.5,28.5,28.5,28.5,23.14,23.14,23.14,23.14,23.14
train,52,data_52.csv,persistent_leak,52_108_131,24,108,131,64800,78600,leak_binary,1,32.696,32.696,32.696,32.696,32.696,32.696,32.258,32.258,32.258,32.258,32.258,32.258,28.5,28.5,28.5,28.5,28.5,28.5,23.14,23.14,23.14,23.14,23.14,23.14
train,52,data_52.csv,persistent_leak,52_109_132,24,109,132,65400,79200,leak_binary,1,32.696,32.696,32.696,32.696,32.696,32.258,32.258,32.258,32.258,32.258,32.258,28.5,28.5,28.5,28.5,28.5,28.5,23.14,23.14,23.14,23.14,23.14,23.14,15.876
train,52,data_52.csv,persistent_leak,52_110_133,24,110,133,66000,79800,leak_binary,1,32.696,32.696,32.696,32.696,32.258,32.258,32.258,32.258,32.258,32.258,28.5,28.5,28.5,28.5,28.5,28.5,23.14,23.14,23.14,23.14,23.14,23.14,15.876,15.876
train,52,data_52.csv,persistent_leak,52_111_134,24,111,134,66600,80400,leak_binary,1,32.696,32.696,32.696,32.258,32.258,32.258,32.258,32.258,32.258,28.5,28.5,28.5,28.5,28.5,28.5,23.14,23.14,23.14,23.14,23.14,23.14,15.876,15.876,15.876
train,52,data_52.csv,persistent_leak,52_112_135,24,112,135,67200,81000,leak_binary,1,32.696,32.696,32.258,32.258,32.258,32.258,32.258,32.258,28.5,28.5,28.5,28.5,28.5,28.5,23.14,23.14,23.14,23.14,23.14,23.14,15.876,15.876,15.876,15.876
train,52,data_52.csv,persistent_leak,52_113_136,24,113,136,67800,81600,leak_binary,1,32.696,32.258,32.258,32.258,32.258,32.258,32.258,28.5,28.5,28.5,28.5,28.5,28.5,23.14,23.14,23.14,23.14,23.14,23.14,15.876,15.876,15.876,15.876,15.876
train,52,data_52.csv,persistent_leak,52_114_137,24,114,137,68400,82200,leak_binary,1,32.258,32.258,32.258,32.258,32.258,32.258,28.5,28.5,28.5,28.5,28.5,28.5,23.14,23.14,23.14,23.14,23.14,23.14,15.876,15.876,15.876,15.876,15.876,15.876
train,52,data_52.csv,persistent_leak,52_115_138,24,115,138,69000,82800,leak_binary,1,32.258,32.258,32.258,32.258,32.258,28.5,28.5,28.5,28.5,28.5,28.5,23.14,23.14,23.14,23.14,23.14,23.14,15.876,15.876,15.876,15.876,15.876,15.876,10.5
train,52,data_52.csv,persistent_leak,52_116_139,24,116,139,69600,83400,leak_binary,1,32.258,32.258,32.258,32.258,28.5,28.5,28.5,28.5,28.5,28.5,23.14,23.14,23.14,23.14,23.14,23.14,15.876,15.876,15.876,15.876,15.876,15.876,10.5,10.5
train,52,data_52.csv,persistent_leak,52_117_140,24,117,140,70200,84000,leak_binary,1,32.258,32.258,32.258,28.5,28.5,28.5,28.5,28.5,28.5,23.14,23.14,23.14,23.14,23.14,23.14,15.876,15.876,15.876,15.876,15.876,15.876,10.5,10.5,10.5
train,52,data_52.csv,persistent_leak,52_118_141,24,118,141,70800,84600,leak_binary,1,32.258,32.258,28.5,28.5,28.5,28.5,28.5,28.5,23.14,23.14,23.14,23.14,23.14,23.14,15.876,15.876,15.876,15.876,15.876,15.876,10.5,10.5,10.5,10.5
train,52,data_52.csv,persistent_leak,52_119_142,24,119,142,71400,85200,leak_binary,1,32.258,28.5,28.5,28.5,28.5,28.5,28.5,23.14,23.14,23.14,23.14,23.14,23.14,15.876,15.876,15.876,15.876,15.876,15.876,10.5,10.5,10.5,10.5,10.5
train,52,data_52.csv,persistent_leak,52_120_143,24,120,143,72000,85800,leak_binary,1,28.5,28.5,28.5,28.5,28.5,28.5,23.14,23.14,23.14,23.14,23.14,23.14,15.876,15.876,15.876,15.876,15.876,15.876,10.5,10.5,10.5,10.5,10.5,10.5
train,52,data_52.csv,persistent_leak,52_121_144,24,121,144,72600,86400,leak_binary,1,28.5,28.5,28.5,28.5,28.5,23.14,23.14,23.14,23.14,23.14,23.14,15.876,15.876,15.876,15.876,15.876,15.876,10.5,10.5,10.5,10.5,10.5,10.5,11.0
train,54,data_54.csv,persistent_leak,54_0_23,24,0,23,0,13800,leak_binary,1,7.0,7.0,7.0,7.0,7.0,7.0,8.533,8.533,8.533,8.533,8.533,8.533,10.132,10.132,10.132,10.132,10.132,10.132,11.793,11.793,11.793,11.793,11.793,11.793
train,54,data_54.csv,persistent_leak,54_1_24,24,1,24,600,14400,leak_binary,1,7.0,7.0,7.0,7.0,7.0,8.533,8.533,8.533,8.533,8.533,8.533,10.132,10.132,10.132,10.132,10.132,10.132,11.793,11.793,11.793,11.793,11.793,11.793,13.513
train,54,data_54.csv,persistent_leak,54_2_25,24,2,25,1200,15000,leak_binary,1,7.0,7.0,7.0,7.0,8.533,8.533,8.533,8.533,8.533,8.533,10.132,10.132,10.132,10.132,10.132,10.132,11.793,11.793,11.793,11.793,11.793,11.793,13.513,13.513
train,54,data_54.csv,persistent_leak,54_3_26,24,3,26,1800,15600,leak_binary,1,7.0,7.0,7.0,8.533,8.533,8.533,8.533,8.533,8.533,10.132,10.132,10.132,10.132,10.132,10.132,11.793,11.793,11.793,11.793,11.793,11.793,13.513,13.513,13.513
train,54,data_54.csv,persistent_leak,54_4_27,24,4,27,2400,16200,leak_binary,1,7.0,7.0,8.533,8.533,8.533,8.533,8.533,8.533,10.132,10.132,10.132,10.132,10.132,10.132,11.793,11.793,11.793,11.793,11.793,11.793,13.513,13.513,13.513,13.513
train,54,data_54.csv,persistent_leak,54_5_28,24,5,28,3000,16800,leak_binary,1,7.0,8.533,8.533,8.533,8.533,8.533,8.533,10.132,10.132,10.132,10.132,10.132,10.132,11.793,11.793,11.793,11.793,11.793,11.793,13.513,13.513,13.513,13.513,13.513
train,54,data_54.csv,persistent_leak,54_6_29,24,6,29,3600,17400,leak_binary,1,8.533,8.533,8.533,8.533,8.533,8.533,10.132,10.132,10.132,10.132,10.132,10.132,11.793,11.793,11.793,11.793,11.793,11.793,13.513,13.513,13.513,13.513,13.513,13.513
train,54,data_54.csv,persistent_leak,54_7_30,24,7,30,4200,18000,leak_binary,1,8.533,8.533,8.533,8.533,8.533,10.132,10.132,10.132,10.132,10.132,10.132,11.793,11.793,11.793,11.793,11.793,11.793,13.513,13.513,13.513,13.513,13.513,13.513,21.289
train,54,data_54.csv,persistent_leak,54_8_31,24,8,31,4800,18600,leak_binary,1,8.533,8.533,8.533,8.533,10.132,10.132,10.132,10.132,10.132,10.132,11.793,11.793,11.793,11.793,11.793,11.793,13.513,13.513,13.513,13.513,13.513,13.513,21.289,21.289
train,54,data_54.csv,persistent_leak,54_9_32,24,9,32,5400,19200,leak_binary,1,8.533,8.533,8.533,10.132,10.132,10.132,10.132,10.132,10.132,11.793,11.793,11.793,11.793,11.793,11.793,13.513,13.513,13.513,13.513,13.513,13.513,21.289,21.289,21.289
train,54,data_54.csv,persistent_leak,54_10_33,24,10,33,6000,19800,leak_binary,1,8.533,8.533,10.132,10.132,10.132,10.132,10.132,10.132,11.793,11.793,11.793,11.793,11.793,11.793,13.513,13.513,13.513,13.513,13.513,13.513,21.289,21.289,21.289,21.289
train,54,data_54.csv,persistent_leak,54_11_34,24,11,34,6600,20400,leak_binary,1,8.533,10.132,10.132,10.132,10.132,10.132,10.132,11.793,11.793,11.793,11.793,11.793,11.793,13.513,13.513,13.513,13.513,13.513,13.513,21.289,21.289,21.289,21.289,21.289
train,54,data_54.csv,persistent_leak,54_12_35,24,12,35,7200,21000,leak_binary,1,10.132,10.132,10.132,10.132,10.132,10.132,11.793,11.793,11.793,11.793,11.793,11.793,13.513,13.513,13.513,13.513,13.513,13.513,21.289,21.289,21.289,21.289,21.289,21.289
train,54,data_54.csv,persistent_leak,54_13_36,24,13,36,7800,21600,leak_binary,1,10.132,10.132,10.132,10.132,10.132,11.793,11.793,11.793,11.793,11.793,11.793,13.513,13.513,13.513,13.513,13.513,13.513,21.289,21.289,21.289,21.289,21.289,21.289,29.119
train,54,data_54.csv,persistent_leak,54_14_37,24,14,37,8400,22200,leak_binary,1,10.132,10.132,10.132,10.132,11.793,11.793,11.793,11.793,11.793,11.793,13.513,13.513,13.513,13.513,13.513,13.513,21.289,21.289,21.289,21.289,21.289,21.289,29.119,29.119
train,54,data_54.csv,persistent_leak,54_15_38,24,15,38,9000,22800,leak_binary,1,10.132,10.132,10.132,11.793,11.793,11.793,11.793,11.793,11.793,13.513,13.513,13.513,13.513,13.513,13.513,21.289,21.289,21.289,21.289,21.289,21.289,29.119,29.119,29.119
train,54,data_54.csv,persistent_leak,54_16_39,24,16,39,9600,23400,leak_binary,1,10.132,10.132,11.793,11.793,11.793,11.793,11.793,11.793,13.513,13.513,13.513,13.513,13.513,13.513,21.289,21.289,21.289,21.289,21.289,21.289,29.119,29.119,29.119,29.119
train,54,data_54.csv,persistent_leak,54_17_40,24,17,40,10200,24000,leak_binary,1,10.132,11.793,11.793,11.793,11.793,11.793,11.793,13.513,13.513,13.513,13.513,13.513,13.513,21.289,21.289,21.289,21.289,21.289,21.289,29.119,29.119,29.119,29.119,29.119
train,54,data_54.csv,persistent_leak,54_18_41,24,18,41,10800,24600,leak_binary,1,11.793,11.793,11.793,11.793,11.793,11.793,13.513,13.513,13.513,13.513,13.513,13.513,21.289,21.289,21.289,21.289,21.289,21.289,29.119,29.119,29.119,29.119,29.119,29.119
train,54,data_54.csv,persistent_leak,54_19_42,24,19,42,11400,25200,leak_binary,1,11.793,11.793,11.793,11.793,11.793,13.513,13.513,13.513,13.513,13.513,13.513,21.289,21.289,21.289,21.289,21.289,21.289,29.119,29.119,29.119,29.119,29.119,29.119,37.0
train,54,data_54.csv,persistent_leak,54_20_43,24,20,43,12000,25800,leak_binary,1,11.793,11.793,11.793,11.793,13.513,13.513,13.513,13.513,13.513,13.513,21.289,21.289,21.289,21.289,21.289,21.289,29.119,29.119,29.119,29.119,29.119,29.119,37.0,37.0
train,54,data_54.csv,persistent_leak,54_21_44,24,21,44,12600,26400,leak_binary,1,11.793,11.793,11.793,13.513,13.513,13.513,13.513,13.513,13.513,21.289,21.289,21.289,21.289,21.289,21.289,29.119,29.119,29.119,29.119,29.119,29.119,37.0,37.0,37.0
train,54,data_54.csv,persistent_leak,54_22_45,24,22,45,13200,27000,leak_binary,1,11.793,11.793,13.513,13.513,13.513,13.513,13.513,13.513,21.289,21.289,21.289,21.289,21.289,21.289,29.119,29.119,29.119,29.119,29.119,29.119,37.0,37.0,37.0,37.0
train,54,data_54.csv,persistent_leak,54_23_46,24,23,46,13800,27600,leak_binary,1,11.793,13.513,13.513,13.513,13.513,13.513,13.513,21.289,21.289,21.289,21.289,21.289,21.289,29.119,29.119,29.119,29.119,29.119,29.119,37.0,37.0,37.0,37.0,37.0
train,54,data_54.csv,persistent_leak,54_24_47,24,24,47,14400,28200,leak_binary,1,13.513,13.513,13.513,13.513,13.513,13.513,21.289,21.289,21.289,21.289,21.289,21.289,29.119,29.119,29.119,29.119,29.119,29.119,37.0,37.0,37.0,37.0,37.0,37.0
train,54,data_54.csv,persistent_leak,54_25_48,24,25,48,15000,28800,leak_binary,1,13.513,13.513,13.513,13.513,13.513,21.289,21.289,21.289,21.289,21.289,21.289,29.119,29.119,29.119,29.119,29.119,29.119,37.0,37.0,37.0,37.0,37.0,37.0,43.231
train,54,data_54.csv,persistent_leak,54_26_49,24,26,49,15600,29400,leak_binary,1,13.513,13.513,13.513,13.513,21.289,21.289,21.289,21.289,21.289,21.289,29.119,29.119,29.119,29.119,29.119,29.119,37.0,37.0,37.0,37.0,37.0,37.0,43.231,43.231
train,54,data_54.csv,persistent_leak,54_27_50,24,27,50,16200,30000,leak_binary,1,13.513,13.513,13.513,21.289,21.289,21.289,21.289,21.289,21.289,29.119,29.119,29.119,29.119,29.119,29.119,37.0,37.0,37.0,37.0,37.0,37.0,43.231,43.231,43.231
train,54,data_54.csv,persistent_leak,54_28_51,24,28,51,16800,30600,leak_binary,1,13.513,13.513,21.289,21.289,21.289,21.289,21.289,21.289,29.119,29.119,29.119,29.119,29.119,29.119,37.0,37.0,37.0,37.0,37.0,37.0,43.231,43.231,43.231,43.231
train,54,data_54.csv,persistent_leak,54_29_52,24,29,52,17400,31200,leak_binary,1,13.513,21.289,21.289,21.289,21.289,21.289,21.289,29.119,29.119,29.119,29.119,29.119,29.119,37.0,37.0,37.0,37.0,37.0,37.0,43.231,43.231,43.231,43.231,43.231
train,54,data_54.csv,persistent_leak,54_30_53,24,30,53,18000,31800,leak_binary,1,21.289,21.289,21.289,21.289,21.289,21.289,29.119,29.119,29.119,29.119,29.119,29.119,37.0,37.0,37.0,37.0,37.0,37.0,43.231,43.231,43.231,43.231,43.231,43.231
train,54,data_54.csv,persistent_leak,54_31_54,24,31,54,18600,32400,leak_binary,1,21.289,21.289,21.289,21.289,21.289,29.119,29.119,29.119,29.119,29.119,29.119,37.0,37.0,37.0,37.0,37.0,37.0,43.231,43.231,43.231,43.231,43.231,43.231,47.917
train,54,data_54.csv,persistent_leak,54_32_55,24,32,55,19200,33000,leak_binary,1,21.289,21.289,21.289,21.289,29.119,29.119,29.119,29.119,29.119,29.119,37.0,37.0,37.0,37.0,37.0,37.0,43.231,43.231,43.231,43.231,43.231,43.231,47.917,47.917
train,54,data_54.csv,persistent_leak,54_33_56,24,33,56,19800,33600,leak_binary,1,21.289,21.289,21.289,29.119,29.119,29.119,29.119,29.119,29.119,37.0,37.0,37.0,37.0,37.0,37.0,43.231,43.231,43.231,43.231,43.231,43.231,47.917,47.917,47.917
train,54,data_54.csv,persistent_leak,54_34_57,24,34,57,20400,34200,leak_binary,1,21.289,21.289,29.119,29.119,29.119,29.119,29.119,29.119,37.0,37.0,37.0,37.0,37.0,37.0,43.231,43.231,43.231,43.231,43.231,43.231,47.917,47.917,47.917,47.917
train,54,data_54.csv,persistent_leak,54_35_58,24,35,58,21000,34800,leak_binary,1,21.289,29.119,29.119,29.119,29.119,29.119,29.119,37.0,37.0,37.0,37.0,37.0,37.0,43.231,43.231,43.231,43.231,43.231,43.231,47.917,47.917,47.917,47.917,47.917
train,54,data_54.csv,persistent_leak,54_36_59,24,36,59,21600,35400,leak_binary,1,29.119,29.119,29.119,29.119,29.119,29.119,37.0,37.0,37.0,37.0,37.0,37.0,43.231,43.231,43.231,43.231,43.231,43.231,47.917,47.917,47.917,47.917,47.917,47.917
train,54,data_54.csv,persistent_leak,54_37_60,24,37,60,22200,36000,leak_binary,1,29.119,29.119,29.119,29.119,29.119,37.0,37.0,37.0,37.0,37.0,37.0,43.231,43.231,43.231,43.231,43.231,43.231,47.917,47.917,47.917,47.917,47.917,47.917,50.77
train,54,data_54.csv,persistent_leak,54_38_61,24,38,61,22800,36600,leak_binary,1,29.119,29.119,29.119,29.119,37.0,37.0,37.0,37.0,37.0,37.0,43.231,43.231,43.231,43.231,43.231,43.231,47.917,47.917,47.917,47.917,47.917,47.917,50.77,50.77
train,54,data_54.csv,persistent_leak,54_39_62,24,39,62,23400,37200,leak_binary,1,29.119,29.119,29.119,37.0,37.0,37.0,37.0,37.0,37.0,43.231,43.231,43.231,43.231,43.231,43.231,47.917,47.917,47.917,47.917,47.917,47.917,50.77,50.77,50.77
train,54,data_54.csv,persistent_leak,54_40_63,24,40,63,24000,37800,leak_binary,1,29.119,29.119,37.0,37.0,37.0,37.0,37.0,37.0,43.231,43.231,43.231,43.231,43.231,43.231,47.917,47.917,47.917,47.917,47.917,47.917,50.77,50.77,50.77,50.77
train,54,data_54.csv,persistent_leak,54_41_64,24,41,64,24600,38400,leak_binary,1,29.119,37.0,37.0,37.0,37.0,37.0,37.0,43.231,43.231,43.231,43.231,43.231,43.231,47.917,47.917,47.917,47.917,47.917,47.917,50.77,50.77,50.77,50.77,50.77
train,54,data_54.csv,persistent_leak,54_42_65,24,42,65,25200,39000,leak_binary,1,37.0,37.0,37.0,37.0,37.0,37.0,43.231,43.231,43.231,43.231,43.231,43.231,47.917,47.917,47.917,47.917,47.917,47.917,50.77,50.77,50.77,50.77,50.77,50.77
train,54,data_54.csv,persistent_leak,54_43_66,24,43,66,25800,39600,leak_binary,1,37.0,37.0,37.0,37.0,37.0,43.231,43.231,43.231,43.231,43.231,43.231,47.917,47.917,47.917,47.917,47.917,47.917,50.77,50.77,50.77,50.77,50.77,50.77,61.495
train,54,data_54.csv,persistent_leak,54_44_67,24,44,67,26400,40200,leak_binary,1,37.0,37.0,37.0,37.0,43.231,43.231,43.231,43.231,43.231,43.231,47.917,47.917,47.917,47.917,47.917,47.917,50.77,50.77,50.77,50.77,50.77,50.77,61.495,61.495
train,54,data_54.csv,persistent_leak,54_45_68,24,45,68,27000,40800,leak_binary,1,37.0,37.0,37.0,43.231,43.231,43.231,43.231,43.231,43.231,47.917,47.917,47.917,47.917,47.917,47.917,50.77,50.77,50.77,50.77,50.77,50.77,61.495,61.495,61.495
train,54,data_54.csv,persistent_leak,54_46_69,24,46,69,27600,41400,leak_binary,1,37.0,37.0,43.231,43.231,43.231,43.231,43.231,43.231,47.917,47.917,47.917,47.917,47.917,47.917,50.77,50.77,50.77,50.77,50.77,50.77,61.495,61.495,61.495,61.495
train,54,data_54.csv,persistent_leak,54_47_70,24,47,70,28200,42000,leak_binary,1,37.0,43.231,43.231,43.231,43.231,43.231,43.231,47.917,47.917,47.917,47.917,47.917,47.917,50.77,50.77,50.77,50.77,50.77,50.77,61.495,61.495,61.495,61.495,61.495
train,54,data_54.csv,persistent_leak,54_48_71,24,48,71,28800,42600,leak_binary,1,43.231,43.231,43.231,43.231,43.231,43.231,47.917,47.917,47.917,47.917,47.917,47.917,50.77,50.77,50.77,50.77,50.77,50.77,61.495,61.495,61.495,61.495,61.495,61.495
train,54,data_54.csv,persistent_leak,54_49_72,24,49,72,29400,43200,leak_binary,1,43.231,43.231,43.231,43.231,43.231,47.917,47.917,47.917,47.917,47.917,47.917,50.77,50.77,50.77,50.77,50.77,50.77,61.495,61.495,61.495,61.495,61.495,61.495,67.804
train,54,data_54.csv,persistent_leak,54_50_73,24,50,73,30000,43800,leak_binary,1,43.231,43.231,43.231,43.231,47.917,47.917,47.917,47.917,47.917,47.917,50.77,50.77,50.77,50.77,50.77,50.77,61.495,61.495,61.495,61.495,61.495,61.495,67.804,67.804
train,54,data_54.csv,persistent_leak,54_51_74,24,51,74,30600,44400,leak_binary,1,43.231,43.231,43.231,47.917,47.917,47.917,47.917,47.917,47.917,50.77,50.77,50.77,50.77,50.77,50.77,61.495,61.495,61.495,61.495,61.495,61.495,67.804,67.804,67.804
train,54,data_54.csv,persistent_leak,54_52_75,24,52,75,31200,45000,leak_binary,1,43.231,43.231,47.917,47.917,47.917,47.917,47.917,47.917,50.77,50.77,50.77,50.77,50.77,50.77,61.495,61.495,61.495,61.495,61.495,61.495,67.804,67.804,67.804,67.804
train,54,data_54.csv,persistent_leak,54_53_76,24,53,76,31800,45600,leak_binary,1,43.231,47.917,47.917,47.917,47.917,47.917,47.917,50.77,50.77,50.77,50.77,50.77,50.77,61.495,61.495,61.495,61.495,61.495,61.495,67.804,67.804,67.804,67.804,67.804
train,54,data_54.csv,persistent_leak,54_54_77,24,54,77,32400,46200,leak_binary,1,47.917,47.917,47.917,47.917,47.917,47.917,50.77,50.77,50.77,50.77,50.77,50.77,61.495,61.495,61.495,61.495,61.495,61.495,67.804,67.804,67.804,67.804,67.804,67.804
train,54,data_54.csv,persistent_leak,54_55_78,24,55,78,33000,46800,leak_binary,1,47.917,47.917,47.917,47.917,47.917,50.77,50.77,50.77,50.77,50.77,50.77,61.495,61.495,61.495,61.495,61.495,61.495,67.804,67.804,67.804,67.804,67.804,67.804,63.403
train,54,data_54.csv,persistent_leak,54_56_79,24,56,79,33600,47400,leak_binary,1,47.917,47.917,47.917,47.917,50.77,50.77,50.77,50.77,50.77,50.77,61.495,61.495,61.495,61.495,61.495,61.495,67.804,67.804,67.804,67.804,67.804,67.804,63.403,63.403
train,54,data_54.csv,persistent_leak,54_57_80,24,57,80,34200,48000,leak_binary,1,47.917,47.917,47.917,50.77,50.77,50.77,50.77,50.77,50.77,61.495,61.495,61.495,61.495,61.495,61.495,67.804,67.804,67.804,67.804,67.804,67.804,63.403,63.403,63.403
train,54,data_54.csv,persistent_leak,54_58_81,24,58,81,34800,48600,leak_binary,1,47.917,47.917,50.77,50.77,50.77,50.77,50.77,50.77,61.495,61.495,61.495,61.495,61.495,61.495,67.804,67.804,67.804,67.804,67.804,67.804,63.403,63.403,63.403,63.403
train,54,data_54.csv,persistent_leak,54_59_82,24,59,82,35400,49200,leak_binary,1,47.917,50.77,50.77,50.77,50.77,50.77,50.77,61.495,61.495,61.495,61.495,61.495,61.495,67.804,67.804,67.804,67.804,67.804,67.804,63.403,63.403,63.403,63.403,63.403
train,54,data_54.csv,persistent_leak,54_60_83,24,60,83,36000,49800,leak_binary,1,50.77,50.77,50.77,50.77,50.77,50.77,61.495,61.495,61.495,61.495,61.495,61.495,67.804,67.804,67.804,67.804,67.804,67.804,63.403,63.403,63.403,63.403,63.403,63.403
train,54,data_54.csv,persistent_leak,54_61_84,24,61,84,36600,50400,leak_binary,1,50.77,50.77,50.77,50.77,50.77,61.495,61.495,61.495,61.495,61.495,61.495,67.804,67.804,67.804,67.804,67.804,67.804,63.403,63.403,63.403,63.403,63.403,63.403,60.0
train,54,data_54.csv,persistent_leak,54_62_85,24,62,85,37200,51000,leak_binary,1,50.77,50.77,50.77,50.77,61.495,61.495,61.495,61.495,61.495,61.495,67.804,67.804,67.804,67.804,67.804,67.804,63.403,63.403,63.403,63.403,63.403,63.403,60.0,60.0
train,54,data_54.csv,persistent_leak,54_63_86,24,63,86,37800,51600,leak_binary,1,50.77,50.77,50.77,61.495,61.495,61.495,61.495,61.495,61.495,67.804,67.804,67.804,67.804,67.804,67.804,63.403,63.403,63.403,63.403,63.403,63.403,60.0,60.0,60.0
train,54,data_54.csv,persistent_leak,54_64_87,24,64,87,38400,52200,leak_binary,1,50.77,50.77,61.495,61.495,61.495,61.495,61.495,61.495,67.804,67.804,67.804,67.804,67.804,67.804,63.403,63.403,63.403,63.403,63.403,63.403,60.0,60.0,60.0,60.0
train,54,data_54.csv,persistent_leak,54_65_88,24,65,88,39000,52800,leak_binary,1,50.77,61.495,61.495,61.495,61.495,61.495,61.495,67.804,67.804,67.804,67.804,67.804,67.804,63.403,63.403,63.403,63.403,63.403,63.403,60.0,60.0,60.0,60.0,60.0
train,54,data_54.csv,persistent_leak,54_66_89,24,66,89,39600,53400,leak_binary,1,61.495,61.495,61.495,61.495,61.495,61.495,67.804,67.804,67.804,67.804,67.804,67.804,63.403,63.403,63.403,63.403,63.403,63.403,60.0,60.0,60.0,60.0,60.0,60.0
train,54,data_54.csv,persistent_leak,54_67_90,24,67,90,40200,54000,leak_binary,1,61.495,61.495,61.495,61.495,61.495,67.804,67.804,67.804,67.804,67.804,67.804,63.403,63.403,63.403,63.403,63.403,63.403,60.0,60.0,60.0,60.0,60.0,60.0,52.75
train,54,data_54.csv,persistent_leak,54_68_91,24,68,91,40800,54600,leak_binary,1,61.495,61.495,61.495,61.495,67.804,67.804,67.804,67.804,67.804,67.804,63.403,63.403,63.403,63.403,63.403,63.403,60.0,60.0,60.0,60.0,60.0,60.0,52.75,52.75
train,54,data_54.csv,persistent_leak,54_69_92,24,69,92,41400,55200,leak_binary,1,61.495,61.495,61.495,67.804,67.804,67.804,67.804,67.804,67.804,63.403,63.403,63.403,63.403,63.403,63.403,60.0,60.0,60.0,60.0,60.0,60.0,52.75,52.75,52.75
train,54,data_54.csv,persistent_leak,54_70_93,24,70,93,42000,55800,leak_binary,1,61.495,61.495,67.804,67.804,67.804,67.804,67.804,67.804,63.403,63.403,63.403,63.403,63.403,63.403,60.0,60.0,60.0,60.0,60.0,60.0,52.75,52.75,52.75,52.75
train,54,data_54.csv,persistent_leak,54_71_94,24,71,94,42600,56400,leak_binary,1,61.495,67.804,67.804,67.804,67.804,67.804,67.804,63.403,63.403,63.403,63.403,63.403,63.403,60.0,60.0,60.0,60.0,60.0,60.0,52.75,52.75,52.75,52.75,52.75
train,54,data_54.csv,persistent_leak,54_72_95,24,72,95,43200,57000,leak_binary,1,67.804,67.804,67.804,67.804,67.804,67.804,63.403,63.403,63.403,63.403,63.403,63.403,60.0,60.0,60.0,60.0,60.0,60.0,52.75,52.75,52.75,52.75,52.75,52.75
train,54,data_54.csv,persistent_leak,54_73_96,24,73,96,43800,57600,leak_binary,1,67.804,67.804,67.804,67.804,67.804,63.403,63.403,63.403,63.403,63.403,63.403,60.0,60.0,60.0,60.0,60.0,60.0,52.75,52.75,52.75,52.75,52.75,52.75,43.5
train,54,data_54.csv,persistent_leak,54_74_97,24,74,97,44400,58200,leak_binary,1,67.804,67.804,67.804,67.804,63.403,63.403,63.403,63.403,63.403,63.403,60.0,60.0,60.0,60.0,60.0,60.0,52.75,52.75,52.75,52.75,52.75,52.75,43.5,43.5
train,54,data_54.csv,persistent_leak,54_75_98,24,75,98,45000,58800,leak_binary,1,67.804,67.804,67.804,63.403,63.403,63.403,63.403,63.403,63.403,60.0,60.0,60.0,60.0,60.0,60.0,52.75,52.75,52.75,52.75,52.75,52.75,43.5,43.5,43.5
train,54,data_54.csv,persistent_leak,54_76_99,24,76,99,45600,59400,leak_binary,1,67.804,67.804,63.403,63.403,63.403,63.403,63.403,63.403,60.0,60.0,60.0,60.0,60.0,60.0,52.75,52.75,52.75,52.75,52.75,52.75,43.5,43.5,43.5,43.5
train,54,data_54.csv,persistent_leak,54_77_100,24,77,100,46200,60000,leak_binary,1,67.804,63.403,63.403,63.403,63.403,63.403,63.403,60.0,60.0,60.0,60.0,60.0,60.0,52.75,52.75,52.75,52.75,52.75,52.75,43.5,43.5,43.5,43.5,43.5
train,54,data_54.csv,persistent_leak,54_78_101,24,78,101,46800,60600,leak_binary,1,63.403,63.403,63.403,63.403,63.403,63.403,60.0,60.0,60.0,60.0,60.0,60.0,52.75,52.75,52.75,52.75,52.75,52.75,43.5,43.5,43.5,43.5,43.5,43.5
train,54,data_54.csv,persistent_leak,54_79_102,24,79,102,47400,61200,leak_binary,1,63.403,63.403,63.403,63.403,63.403,60.0,60.0,60.0,60.0,60.0,60.0,52.75,52.75,52.75,52.75,52.75,52.75,43.5,43.5,43.5,43.5,43.5,43.5,50.75
train,54,data_54.csv,persistent_leak,54_80_103,24,80,103,48000,61800,leak_binary,1,63.403,63.403,63.403,63.403,60.0,60.0,60.0,60.0,60.0,60.0,52.75,52.75,52.75,52.75,52.75,52.75,43.5,43.5,43.5,43.5,43.5,43.5,50.75,50.75
train,54,data_54.csv,persistent_leak,54_81_104,24,81,104,48600,62400,leak_binary,1,63.403,63.403,63.403,60.0,60.0,60.0,60.0,60.0,60.0,52.75,52.75,52.75,52.75,52.75,52.75,43.5,43.5,43.5,43.5,43.5,43.5,50.75,50.75,50.75
train,54,data_54.csv,persistent_leak,54_82_105,24,82,105,49200,63000,leak_binary,1,63.403,63.403,60.0,60.0,60.0,60.0,60.0,60.0,52.75,52.75,52.75,52.75,52.75,52.75,43.5,43.5,43.5,43.5,43.5,43.5,50.75,50.75,50.75,50.75
train,54,data_54.csv,persistent_leak,54_83_106,24,83,106,49800,63600,leak_binary,1,63.403,60.0,60.0,60.0,60.0,60.0,60.0,52.75,52.75,52.75,52.75,52.75,52.75,43.5,43.5,43.5,43.5,43.5,43.5,50.75,50.75,50.75,50.75,50.75
train,54,data_54.csv,persistent_leak,54_84_107,24,84,107,50400,64200,leak_binary,1,60.0,60.0,60.0,60.0,60.0,60.0,52.75,52.75,52.75,52.75,52.75,52.75,43.5,43.5,43.5,43.5,43.5,43.5,50.75,50.75,50.75,50.75,50.75,50.75
train,54,data_54.csv,persistent_leak,54_85_108,24,85,108,51000,64800,leak_binary,1,60.0,60.0,60.0,60.0,60.0,52.75,52.75,52.75,52.75,52.75,52.75,43.5,43.5,43.5,43.5,43.5,43.5,50.75,50.75,50.75,50.75,50.75,50.75,58.0
train,54,data_54.csv,persistent_leak,54_86_109,24,86,109,51600,65400,leak_binary,1,60.0,60.0,60.0,60.0,52.75,52.75,52.75,52.75,52.75,52.75,43.5,43.5,43.5,43.5,43.5,43.5,50.75,50.75,50.75,50.75,50.75,50.75,58.0,58.0
train,54,data_54.csv,persistent_leak,54_87_110,24,87,110,52200,66000,leak_binary,1,60.0,60.0,60.0,52.75,52.75,52.75,52.75,52.75,52.75,43.5,43.5,43.5,43.5,43.5,43.5,50.75,50.75,50.75,50.75,50.75,50.75,58.0,58.0,58.0
train,54,data_54.csv,persistent_leak,54_88_111,24,88,111,52800,66600,leak_binary,1,60.0,60.0,52.75,52.75,52.75,52.75,52.75,52.75,43.5,43.5,43.5,43.5,43.5,43.5,50.75,50.75,50.75,50.75,50.75,50.75,58.0,58.0,58.0,58.0
train,54,data_54.csv,persistent_leak,54_89_112,24,89,112,53400,67200,leak_binary,1,60.0,52.75,52.75,52.75,52.75,52.75,52.75,43.5,43.5,43.5,43.5,43.5,43.5,50.75,50.75,50.75,50.75,50.75,50.75,58.0,58.0,58.0,58.0,58.0
train,54,data_54.csv,persistent_leak,54_90_113,24,90,113,54000,67800,leak_binary,1,52.75,52.75,52.75,52.75,52.75,52.75,43.5,43.5,43.5,43.5,43.5,43.5,50.75,50.75,50.75,50.75,50.75,50.75,58.0,58.0,58.0,58.0,58.0,58.0
train,54,data_54.csv,persistent_leak,54_91_114,24,91,114,54600,68400,leak_binary,1,52.75,52.75,52.75,52.75,52.75,43.5,43.5,43.5,43.5,43.5,43.5,50.75,50.75,50.75,50.75,50.75,50.75,58.0,58.0,58.0,58.0,58.0,58.0,62.023
train,54,data_54.csv,persistent_leak,54_92_115,24,92,115,55200,69000,leak_binary,1,52.75,52.75,52.75,52.75,43.5,43.5,43.5,43.5,43.5,43.5,50.75,50.75,50.75,50.75,50.75,50.75,58.0,58.0,58.0,58.0,58.0,58.0,62.023,62.023
train,54,data_54.csv,persistent_leak,54_93_116,24,93,116,55800,69600,leak_binary,1,52.75,52.75,52.75,43.5,43.5,43.5,43.5,43.5,43.5,50.75,50.75,50.75,50.75,50.75,50.75,58.0,58.0,58.0,58.0,58.0,58.0,62.023,62.023,62.023
train,54,data_54.csv,persistent_leak,54_94_117,24,94,117,56400,70200,leak_binary,1,52.75,52.75,43.5,43.5,43.5,43.5,43.5,43.5,50.75,50.75,50.75,50.75,50.75,50.75,58.0,58.0,58.0,58.0,58.0,58.0,62.023,62.023,62.023,62.023
train,54,data_54.csv,persistent_leak,54_95_118,24,95,118,57000,70800,leak_binary,1,52.75,43.5,43.5,43.5,43.5,43.5,43.5,50.75,50.75,50.75,50.75,50.75,50.75,58.0,58.0,58.0,58.0,58.0,58.0,62.023,62.023,62.023,62.023,62.023
train,54,data_54.csv,persistent_leak,54_96_119,24,96,119,57600,71400,leak_binary,1,43.5,43.5,43.5,43.5,43.5,43.5,50.75,50.75,50.75,50.75,50.75,50.75,58.0,58.0,58.0,58.0,58.0,58.0,62.023,62.023,62.023,62.023,62.023,62.023
train,54,data_54.csv,persistent_leak,54_97_120,24,97,120,58200,72000,leak_binary,1,43.5,43.5,43.5,43.5,43.5,50.75,50.75,50.75,50.75,50.75,50.75,58.0,58.0,58.0,58.0,58.0,58.0,62.023,62.023,62.023,62.023,62.023,62.023,52.0
train,54,data_54.csv,persistent_leak,54_98_121,24,98,121,58800,72600,leak_binary,1,43.5,43.5,43.5,43.5,50.75,50.75,50.75,50.75,50.75,50.75,58.0,58.0,58.0,58.0,58.0,58.0,62.023,62.023,62.023,62.023,62.023,62.023,52.0,52.0
train,54,data_54.csv,persistent_leak,54_99_122,24,99,122,59400,73200,leak_binary,1,43.5,43.5,43.5,50.75,50.75,50.75,50.75,50.75,50.75,58.0,58.0,58.0,58.0,58.0,58.0,62.023,62.023,62.023,62.023,62.023,62.023,52.0,52.0,52.0
train,54,data_54.csv,persistent_leak,54_100_123,24,100,123,60000,73800,leak_binary,1,43.5,43.5,50.75,50.75,50.75,50.75,50.75,50.75,58.0,58.0,58.0,58.0,58.0,58.0,62.023,62.023,62.023,62.023,62.023,62.023,52.0,52.0,52.0,52.0
train,54,data_54.csv,persistent_leak,54_101_124,24,101,124,60600,74400,leak_binary,1,43.5,50.75,50.75,50.75,50.75,50.75,50.75,58.0,58.0,58.0,58.0,58.0,58.0,62.023,62.023,62.023,62.023,62.023,62.023,52.0,52.0,52.0,52.0,52.0
train,54,data_54.csv,persistent_leak,54_102_125,24,102,125,61200,75000,leak_binary,1,50.75,50.75,50.75,50.75,50.75,50.75,58.0,58.0,58.0,58.0,58.0,58.0,62.023,62.023,62.023,62.023,62.023,62.023,52.0,52.0,52.0,52.0,52.0,52.0
train,54,data_54.csv,persistent_leak,54_103_126,24,103,126,61800,75600,leak_binary,1,50.75,50.75,50.75,50.75,50.75,58.0,58.0,58.0,58.0,58.0,58.0,62.023,62.023,62.023,62.023,62.023,62.023,52.0,52.0,52.0,52.0,52.0,52.0,28.826
train,54,data_54.csv,persistent_leak,54_104_127,24,104,127,62400,76200,leak_binary,1,50.75,50.75,50.75,50.75,58.0,58.0,58.0,58.0,58.0,58.0,62.023,62.023,62.023,62.023,62.023,62.023,52.0,52.0,52.0,52.0,52.0,52.0,28.826,28.826
train,54,data_54.csv,persistent_leak,54_105_128,24,105,128,63000,76800,leak_binary,1,50.75,50.75,50.75,58.0,58.0,58.0,58.0,58.0,58.0,62.023,62.023,62.023,62.023,62.023,62.023,52.0,52.0,52.0,52.0,52.0,52.0,28.826,28.826,28.826
train,54,data_54.csv,persistent_leak,54_106_129,24,106,129,63600,77400,leak_binary,1,50.75,50.75,58.0,58.0,58.0,58.0,58.0,58.0,62.023,62.023,62.023,62.023,62.023,62.023,52.0,52.0,52.0,52.0,52.0,52.0,28.826,28.826,28.826,28.826
train,54,data_54.csv,persistent_leak,54_107_130,24,107,130,64200,78000,leak_binary,1,50.75,58.0,58.0,58.0,58.0,58.0,58.0,62.023,62.023,62.023,62.023,62.023,62.023,52.0,52.0,52.0,52.0,52.0,52.0,28.826,28.826,28.826,28.826,28.826
train,54,data_54.csv,persistent_leak,54_108_131,24,108,131,64800,78600,leak_binary,1,58.0,58.0,58.0,58.0,58.0,58.0,62.023,62.023,62.023,62.023,62.023,62.023,52.0,52.0,52.0,52.0,52.0,52.0,28.826,28.826,28.826,28.826,28.826,28.826
train,54,data_54.csv,persistent_leak,54_109_132,24,109,132,65400,79200,leak_binary,1,58.0,58.0,58.0,58.0,58.0,62.023,62.023,62.023,62.023,62.023,62.023,52.0,52.0,52.0,52.0,52.0,52.0,28.826,28.826,28.826,28.826,28.826,28.826,17.713
train,54,data_54.csv,persistent_leak,54_110_133,24,110,133,66000,79800,leak_binary,1,58.0,58.0,58.0,58.0,62.023,62.023,62.023,62.023,62.023,62.023,52.0,52.0,52.0,52.0,52.0,52.0,28.826,28.826,28.826,28.826,28.826,28.826,17.713,17.713
train,54,data_54.csv,persistent_leak,54_111_134,24,111,134,66600,80400,leak_binary,1,58.0,58.0,58.0,62.023,62.023,62.023,62.023,62.023,62.023,52.0,52.0,52.0,52.0,52.0,52.0,28.826,28.826,28.826,28.826,28.826,28.826,17.713,17.713,17.713
train,54,data_54.csv,persistent_leak,54_112_135,24,112,135,67200,81000,leak_binary,1,58.0,58.0,62.023,62.023,62.023,62.023,62.023,62.023,52.0,52.0,52.0,52.0,52.0,52.0,28.826,28.826,28.826,28.826,28.826,28.826,17.713,17.713,17.713,17.713
train,54,data_54.csv,persistent_leak,54_113_136,24,113,136,67800,81600,leak_binary,1,58.0,62.023,62.023,62.023,62.023,62.023,62.023,52.0,52.0,52.0,52.0,52.0,52.0,28.826,28.826,28.826,28.826,28.826,28.826,17.713,17.713,17.713,17.713,17.713
train,54,data_54.csv,persistent_leak,54_114_137,24,114,137,68400,82200,leak_binary,1,62.023,62.023,62.023,62.023,62.023,62.023,52.0,52.0,52.0,52.0,52.0,52.0,28.826,28.826,28.826,28.826,28.826,28.826,17.713,17.713,17.713,17.713,17.713,17.713
train,54,data_54.csv,persistent_leak,54_115_138,24,115,138,69000,82800,leak_binary,1,62.023,62.023,62.023,62.023,62.023,52.0,52.0,52.0,52.0,52.0,52.0,28.826,28.826,28.826,28.826,28.826,28.826,17.713,17.713,17.713,17.713,17.713,17.713,7.0
train,54,data_54.csv,persistent_leak,54_116_139,24,116,139,69600,83400,leak_binary,1,62.023,62.023,62.023,62.023,52.0,52.0,52.0,52.0,52.0,52.0,28.826,28.826,28.826,28.826,28.826,28.826,17.713,17.713,17.713,17.713,17.713,17.713,7.0,7.0
train,54,data_54.csv,persistent_leak,54_117_140,24,117,140,70200,84000,leak_binary,1,62.023,62.023,62.023,52.0,52.0,52.0,52.0,52.0,52.0,28.826,28.826,28.826,28.826,28.826,28.826,17.713,17.713,17.713,17.713,17.713,17.713,7.0,7.0,7.0
train,54,data_54.csv,persistent_leak,54_118_141,24,118,141,70800,84600,leak_binary,1,62.023,62.023,52.0,52.0,52.0,52.0,52.0,52.0,28.826,28.826,28.826,28.826,28.826,28.826,17.713,17.713,17.713,17.713,17.713,17.713,7.0,7.0,7.0,7.0
train,54,data_54.csv,persistent_leak,54_119_142,24,119,142,71400,85200,leak_binary,1,62.023,52.0,52.0,52.0,52.0,52.0,52.0,28.826,28.826,28.826,28.826,28.826,28.826,17.713,17.713,17.713,17.713,17.713,17.713,7.0,7.0,7.0,7.0,7.0
train,54,data_54.csv,persistent_leak,54_120_143,24,120,143,72000,85800,leak_binary,1,52.0,52.0,52.0,52.0,52.0,52.0,28.826,28.826,28.826,28.826,28.826,28.826,17.713,17.713,17.713,17.713,17.713,17.713,7.0,7.0,7.0,7.0,7.0,7.0
train,54,data_54.csv,persistent_leak,54_121_144,24,121,144,72600,86400,leak_binary,1,52.0,52.0,52.0,52.0,52.0,28.826,28.826,28.826,28.826,28.826,28.826,17.713,17.713,17.713,17.713,17.713,17.713,7.0,7.0,7.0,7.0,7.0,7.0,7.0
train,55,data_55.csv,persistent_leak,55_0_23,24,0,23,0,13800,leak_binary,1,8.5,8.5,8.5,8.5,8.5,8.5,9.1165,9.1165,9.1165,9.1165,9.1165,9.1165,9.8305,9.8305,9.8305,9.8305,9.8305,9.8305,10.63,10.63,10.63,10.63,10.63,10.63
train,55,data_55.csv,persistent_leak,55_1_24,24,1,24,600,14400,leak_binary,1,8.5,8.5,8.5,8.5,8.5,9.1165,9.1165,9.1165,9.1165,9.1165,9.1165,9.8305,9.8305,9.8305,9.8305,9.8305,9.8305,10.63,10.63,10.63,10.63,10.63,10.63,11.5
train,55,data_55.csv,persistent_leak,55_2_25,24,2,25,1200,15000,leak_binary,1,8.5,8.5,8.5,8.5,9.1165,9.1165,9.1165,9.1165,9.1165,9.1165,9.8305,9.8305,9.8305,9.8305,9.8305,9.8305,10.63,10.63,10.63,10.63,10.63,10.63,11.5,11.5
train,55,data_55.csv,persistent_leak,55_3_26,24,3,26,1800,15600,leak_binary,1,8.5,8.5,8.5,9.1165,9.1165,9.1165,9.1165,9.1165,9.1165,9.8305,9.8305,9.8305,9.8305,9.8305,9.8305,10.63,10.63,10.63,10.63,10.63,10.63,11.5,11.5,11.5
train,55,data_55.csv,persistent_leak,55_4_27,24,4,27,2400,16200,leak_binary,1,8.5,8.5,9.1165,9.1165,9.1165,9.1165,9.1165,9.1165,9.8305,9.8305,9.8305,9.8305,9.8305,9.8305,10.63,10.63,10.63,10.63,10.63,10.63,11.5,11.5,11.5,11.5
train,55,data_55.csv,persistent_leak,55_5_28,24,5,28,3000,16800,leak_binary,1,8.5,9.1165,9.1165,9.1165,9.1165,9.1165,9.1165,9.8305,9.8305,9.8305,9.8305,9.8305,9.8305,10.63,10.63,10.63,10.63,10.63,10.63,11.5,11.5,11.5,11.5,11.5
train,55,data_55.csv,persistent_leak,55_6_29,24,6,29,3600,17400,leak_binary,1,9.1165,9.1165,9.1165,9.1165,9.1165,9.1165,9.8305,9.8305,9.8305,9.8305,9.8305,9.8305,10.63,10.63,10.63,10.63,10.63,10.63,11.5,11.5,11.5,11.5,11.5,11.5
train,55,data_55.csv,persistent_leak,55_7_30,24,7,30,4200,18000,leak_binary,1,9.1165,9.1165,9.1165,9.1165,9.1165,9.8305,9.8305,9.8305,9.8305,9.8305,9.8305,10.63,10.63,10.63,10.63,10.63,10.63,11.5,11.5,11.5,11.5,11.5,11.5,18.355
train,55,data_55.csv,persistent_leak,55_8_31,24,8,31,4800,18600,leak_binary,1,9.1165,9.1165,9.1165,9.1165,9.8305,9.8305,9.8305,9.8305,9.8305,9.8305,10.63,10.63,10.63,10.63,10.63,10.63,11.5,11.5,11.5,11.5,11.5,11.5,18.355,18.355
train,55,data_55.csv,persistent_leak,55_9_32,24,9,32,5400,19200,leak_binary,1,9.1165,9.1165,9.1165,9.8305,9.8305,9.8305,9.8305,9.8305,9.8305,10.63,10.63,10.63,10.63,10.63,10.63,11.5,11.5,11.5,11.5,11.5,11.5,18.355,18.355,18.355
train,55,data_55.csv,persistent_leak,55_10_33,24,10,33,6000,19800,leak_binary,1,9.1165,9.1165,9.8305,9.8305,9.8305,9.8305,9.8305,9.8305,10.63,10.63,10.63,10.63,10.63,10.63,11.5,11.5,11.5,11.5,11.5,11.5,18.355,18.355,18.355,18.355
train,55,data_55.csv,persistent_leak,55_11_34,24,11,34,6600,20400,leak_binary,1,9.1165,9.8305,9.8305,9.8305,9.8305,9.8305,9.8305,10.63,10.63,10.63,10.63,10.63,10.63,11.5,11.5,11.5,11.5,11.5,11.5,18.355,18.355,18.355,18.355,18.355
train,55,data_55.csv,persistent_leak,55_12_35,24,12,35,7200,21000,leak_binary,1,9.8305,9.8305,9.8305,9.8305,9.8305,9.8305,10.63,10.63,10.63,10.63,10.63,10.63,11.5,11.5,11.5,11.5,11.5,11.5,18.355,18.355,18.355,18.355,18.355,18.355
train,55,data_55.csv,persistent_leak,55_13_36,24,13,36,7800,21600,leak_binary,1,9.8305,9.8305,9.8305,9.8305,9.8305,10.63,10.63,10.63,10.63,10.63,10.63,11.5,11.5,11.5,11.5,11.5,11.5,18.355,18.355,18.355,18.355,18.355,18.355,25.253
train,55,data_55.csv,persistent_leak,55_14_37,24,14,37,8400,22200,leak_binary,1,9.8305,9.8305,9.8305,9.8305,10.63,10.63,10.63,10.63,10.63,10.63,11.5,11.5,11.5,11.5,11.5,11.5,18.355,18.355,18.355,18.355,18.355,18.355,25.253,25.253
train,55,data_55.csv,persistent_leak,55_15_38,24,15,38,9000,22800,leak_binary,1,9.8305,9.8305,9.8305,10.63,10.63,10.63,10.63,10.63,10.63,11.5,11.5,11.5,11.5,11.5,11.5,18.355,18.355,18.355,18.355,18.355,18.355,25.253,25.253,25.253
train,55,data_55.csv,persistent_leak,55_16_39,24,16,39,9600,23400,leak_binary,1,9.8305,9.8305,10.63,10.63,10.63,10.63,10.63,10.63,11.5,11.5,11.5,11.5,11.5,11.5,18.355,18.355,18.355,18.355,18.355,18.355,25.253,25.253,25.253,25.253
train,55,data_55.csv,persistent_leak,55_17_40,24,17,40,10200,24000,leak_binary,1,9.8305,10.63,10.63,10.63,10.63,10.63,10.63,11.5,11.5,11.5,11.5,11.5,11.5,18.355,18.355,18.355,18.355,18.355,18.355,25.253,25.253,25.253,25.253,25.253
train,55,data_55.csv,persistent_leak,55_18_41,24,18,41,10800,24600,leak_binary,1,10.63,10.63,10.63,10.63,10.63,10.63,11.5,11.5,11.5,11.5,11.5,11.5,18.355,18.355,18.355,18.355,18.355,18.355,25.253,25.253,25.253,25.253,25.253,25.253
train,55,data_55.csv,persistent_leak,55_19_42,24,19,42,11400,25200,leak_binary,1,10.63,10.63,10.63,10.63,10.63,11.5,11.5,11.5,11.5,11.5,11.5,18.355,18.355,18.355,18.355,18.355,18.355,25.253,25.253,25.253,25.253,25.253,25.253,32.401
train,55,data_55.csv,persistent_leak,55_20_43,24,20,43,12000,25800,leak_binary,1,10.63,10.63,10.63,10.63,11.5,11.5,11.5,11.5,11.5,11.5,18.355,18.355,18.355,18.355,18.355,18.355,25.253,25.253,25.253,25.253,25.253,25.253,32.401,32.401
train,55,data_55.csv,persistent_leak,55_21_44,24,21,44,12600,26400,leak_binary,1,10.63,10.63,10.63,11.5,11.5,11.5,11.5,11.5,11.5,18.355,18.355,18.355,18.355,18.355,18.355,25.253,25.253,25.253,25.253,25.253,25.253,32.401,32.401,32.401
train,55,data_55.csv,persistent_leak,55_22_45,24,22,45,13200,27000,leak_binary,1,10.63,10.63,11.5,11.5,11.5,11.5,11.5,11.5,18.355,18.355,18.355,18.355,18.355,18.355,25.253,25.253,25.253,25.253,25.253,25.253,32.401,32.401,32.401,32.401
train,55,data_55.csv,persistent_leak,55_23_46,24,23,46,13800,27600,leak_binary,1,10.63,11.5,11.5,11.5,11.5,11.5,11.5,18.355,18.355,18.355,18.355,18.355,18.355,25.253,25.253,25.253,25.253,25.253,25.253,32.401,32.401,32.401,32.401,32.401
train,55,data_55.csv,persistent_leak,55_24_47,24,24,47,14400,28200,leak_binary,1,11.5,11.5,11.5,11.5,11.5,11.5,18.355,18.355,18.355,18.355,18.355,18.355,25.253,25.253,25.253,25.253,25.253,25.253,32.401,32.401,32.401,32.401,32.401,32.401
train,55,data_55.csv,persistent_leak,55_25_48,24,25,48,15000,28800,leak_binary,1,11.5,11.5,11.5,11.5,11.5,18.355,18.355,18.355,18.355,18.355,18.355,25.253,25.253,25.253,25.253,25.253,25.253,32.401,32.401,32.401,32.401,32.401,32.401,38.0
train,55,data_55.csv,persistent_leak,55_26_49,24,26,49,15600,29400,leak_binary,1,11.5,11.5,11.5,11.5,18.355,18.355,18.355,18.355,18.355,18.355,25.253,25.253,25.253,25.253,25.253,25.253,32.401,32.401,32.401,32.401,32.401,32.401,38.0,38.0
train,55,data_55.csv,persistent_leak,55_27_50,24,27,50,16200,30000,leak_binary,1,11.5,11.5,11.5,18.355,18.355,18.355,18.355,18.355,18.355,25.253,25.253,25.253,25.253,25.253,25.253,32.401,32.401,32.401,32.401,32.401,32.401,38.0,38.0,38.0
train,55,data_55.csv,persistent_leak,55_28_51,24,28,51,16800,30600,leak_binary,1,11.5,11.5,18.355,18.355,18.355,18.355,18.355,18.355,25.253,25.253,25.253,25.253,25.253,25.253,32.401,32.401,32.401,32.401,32.401,32.401,38.0,38.0,38.0,38.0
train,55,data_55.csv,persistent_leak,55_29_52,24,29,52,17400,31200,leak_binary,1,11.5,18.355,18.355,18.355,18.355,18.355,18.355,25.253,25.253,25.253,25.253,25.253,25.253,32.401,32.401,32.401,32.401,32.401,32.401,38.0,38.0,38.0,38.0,38.0
train,55,data_55.csv,persistent_leak,55_30_53,24,30,53,18000,31800,leak_binary,1,18.355,18.355,18.355,18.355,18.355,18.355,25.253,25.253,25.253,25.253,25.253,25.253,32.401,32.401,32.401,32.401,32.401,32.401,38.0,38.0,38.0,38.0,38.0,38.0
train,55,data_55.csv,persistent_leak,55_31_54,24,31,54,18600,32400,leak_binary,1,18.355,18.355,18.355,18.355,18.355,25.253,25.253,25.253,25.253,25.253,25.253,32.401,32.401,32.401,32.401,32.401,32.401,38.0,38.0,38.0,38.0,38.0,38.0,44.731
train,55,data_55.csv,persistent_leak,55_32_55,24,32,55,19200,33000,leak_binary,1,18.355,18.355,18.355,18.355,25.253,25.253,25.253,25.253,25.253,25.253,32.401,32.401,32.401,32.401,32.401,32.401,38.0,38.0,38.0,38.0,38.0,38.0,44.731,44.731
train,55,data_55.csv,persistent_leak,55_33_56,24,33,56,19800,33600,leak_binary,1,18.355,18.355,18.355,25.253,25.253,25.253,25.253,25.253,25.253,32.401,32.401,32.401,32.401,32.401,32.401,38.0,38.0,38.0,38.0,38.0,38.0,44.731,44.731,44.731
train,55,data_55.csv,persistent_leak,55_34_57,24,34,57,20400,34200,leak_binary,1,18.355,18.355,25.253,25.253,25.253,25.253,25.253,25.253,32.401,32.401,32.401,32.401,32.401,32.401,38.0,38.0,38.0,38.0,38.0,38.0,44.731,44.731,44.731,44.731
train,55,data_55.csv,persistent_leak,55_35_58,24,35,58,21000,34800,leak_binary,1,18.355,25.253,25.253,25.253,25.253,25.253,25.253,32.401,32.401,32.401,32.401,32.401,32.401,38.0,38.0,38.0,38.0,38.0,38.0,44.731,44.731,44.731,44.731,44.731
train,55,data_55.csv,persistent_leak,55_36_59,24,36,59,21600,35400,leak_binary,1,25.253,25.253,25.253,25.253,25.253,25.253,32.401,32.401,32.401,32.401,32.401,32.401,38.0,38.0,38.0,38.0,38.0,38.0,44.731,44.731,44.731,44.731,44.731,44.731
train,55,data_55.csv,persistent_leak,55_37_60,24,37,60,22200,36000,leak_binary,1,25.253,25.253,25.253,25.253,25.253,32.401,32.401,32.401,32.401,32.401,32.401,38.0,38.0,38.0,38.0,38.0,38.0,44.731,44.731,44.731,44.731,44.731,44.731,51.532
train,55,data_55.csv,persistent_leak,55_38_61,24,38,61,22800,36600,leak_binary,1,25.253,25.253,25.253,25.253,32.401,32.401,32.401,32.401,32.401,32.401,38.0,38.0,38.0,38.0,38.0,38.0,44.731,44.731,44.731,44.731,44.731,44.731,51.532,51.532
train,55,data_55.csv,persistent_leak,55_39_62,24,39,62,23400,37200,leak_binary,1,25.253,25.253,25.253,32.401,32.401,32.401,32.401,32.401,32.401,38.0,38.0,38.0,38.0,38.0,38.0,44.731,44.731,44.731,44.731,44.731,44.731,51.532,51.532,51.532
train,55,data_55.csv,persistent_leak,55_40_63,24,40,63,24000,37800,leak_binary,1,25.253,25.253,32.401,32.401,32.401,32.401,32.401,32.401,38.0,38.0,38.0,38.0,38.0,38.0,44.731,44.731,44.731,44.731,44.731,44.731,51.532,51.532,51.532,51.532
train,55,data_55.csv,persistent_leak,55_41_64,24,41,64,24600,38400,leak_binary,1,25.253,32.401,32.401,32.401,32.401,32.401,32.401,38.0,38.0,38.0,38.0,38.0,38.0,44.731,44.731,44.731,44.731,44.731,44.731,51.532,51.532,51.532,51.532,51.532
train,55,data_55.csv,persistent_leak,55_42_65,24,42,65,25200,39000,leak_binary,1,32.401,32.401,32.401,32.401,32.401,32.401,38.0,38.0,38.0,38.0,38.0,38.0,44.731,44.731,44.731,44.731,44.731,44.731,51.532,51.532,51.532,51.532,51.532,51.532
train,55,data_55.csv,persistent_leak,55_43_66,24,43,66,25800,39600,leak_binary,1,32.401,32.401,32.401,32.401,32.401,38.0,38.0,38.0,38.0,38.0,38.0,44.731,44.731,44.731,44.731,44.731,44.731,51.532,51.532,51.532,51.532,51.532,51.532,63.0
train,55,data_55.csv,persistent_leak,55_44_67,24,44,67,26400,40200,leak_binary,1,32.401,32.401,32.401,32.401,38.0,38.0,38.0,38.0,38.0,38.0,44.731,44.731,44.731,44.731,44.731,44.731,51.532,51.532,51.532,51.532,51.532,51.532,63.0,63.0
train,55,data_55.csv,persistent_leak,55_45_68,24,45,68,27000,40800,leak_binary,1,32.401,32.401,32.401,38.0,38.0,38.0,38.0,38.0,38.0,44.731,44.731,44.731,44.731,44.731,44.731,51.532,51.532,51.532,51.532,51.532,51.532,63.0,63.0,63.0
train,55,data_55.csv,persistent_leak,55_46_69,24,46,69,27600,41400,leak_binary,1,32.401,32.401,38.0,38.0,38.0,38.0,38.0,38.0,44.731,44.731,44.731,44.731,44.731,44.731,51.532,51.532,51.532,51.532,51.532,51.532,63.0,63.0,63.0,63.0
train,55,data_55.csv,persistent_leak,55_47_70,24,47,70,28200,42000,leak_binary,1,32.401,38.0,38.0,38.0,38.0,38.0,38.0,44.731,44.731,44.731,44.731,44.731,44.731,51.532,51.532,51.532,51.532,51.532,51.532,63.0,63.0,63.0,63.0,63.0
train,55,data_55.csv,persistent_leak,55_48_71,24,48,71,28800,42600,leak_binary,1,38.0,38.0,38.0,38.0,38.0,38.0,44.731,44.731,44.731,44.731,44.731,44.731,51.532,51.532,51.532,51.532,51.532,51.532,63.0,63.0,63.0,63.0,63.0,63.0
train,55,data_55.csv,persistent_leak,55_49_72,24,49,72,29400,43200,leak_binary,1,38.0,38.0,38.0,38.0,38.0,44.731,44.731,44.731,44.731,44.731,44.731,51.532,51.532,51.532,51.532,51.532,51.532,63.0,63.0,63.0,63.0,63.0,63.0,66.059
train,55,data_55.csv,persistent_leak,55_50_73,24,50,73,30000,43800,leak_binary,1,38.0,38.0,38.0,38.0,44.731,44.731,44.731,44.731,44.731,44.731,51.532,51.532,51.532,51.532,51.532,51.532,63.0,63.0,63.0,63.0,63.0,63.0,66.059,66.059
train,55,data_55.csv,persistent_leak,55_51_74,24,51,74,30600,44400,leak_binary,1,38.0,38.0,38.0,44.731,44.731,44.731,44.731,44.731,44.731,51.532,51.532,51.532,51.532,51.532,51.532,63.0,63.0,63.0,63.0,63.0,63.0,66.059,66.059,66.059
train,55,data_55.csv,persistent_leak,55_52_75,24,52,75,31200,45000,leak_binary,1,38.0,38.0,44.731,44.731,44.731,44.731,44.731,44.731,51.532,51.532,51.532,51.532,51.532,51.532,63.0,63.0,63.0,63.0,63.0,63.0,66.059,66.059,66.059,66.059
train,55,data_55.csv,persistent_leak,55_53_76,24,53,76,31800,45600,leak_binary,1,38.0,44.731,44.731,44.731,44.731,44.731,44.731,51.532,51.532,51.532,51.532,51.532,51.532,63.0,63.0,63.0,63.0,63.0,63.0,66.059,66.059,66.059,66.059,66.059
train,55,data_55.csv,persistent_leak,55_54_77,24,54,77,32400,46200,leak_binary,1,44.731,44.731,44.731,44.731,44.731,44.731,51.532,51.532,51.532,51.532,51.532,51.532,63.0,63.0,63.0,63.0,63.0,63.0,66.059,66.059,66.059,66.059,66.059,66.059
train,55,data_55.csv,persistent_leak,55_55_78,24,55,78,33000,46800,leak_binary,1,44.731,44.731,44.731,44.731,44.731,51.532,51.532,51.532,51.532,51.532,51.532,63.0,63.0,63.0,63.0,63.0,63.0,66.059,66.059,66.059,66.059,66.059,66.059,58.119
train,55,data_55.csv,persistent_leak,55_56_79,24,56,79,33600,47400,leak_binary,1,44.731,44.731,44.731,44.731,51.532,51.532,51.532,51.532,51.532,51.532,63.0,63.0,63.0,63.0,63.0,63.0,66.059,66.059,66.059,66.059,66.059,66.059,58.119,58.119
train,55,data_55.csv,persistent_leak,55_57_80,24,57,80,34200,48000,leak_binary,1,44.731,44.731,44.731,51.532,51.532,51.532,51.532,51.532,51.532,63.0,63.0,63.0,63.0,63.0,63.0,66.059,66.059,66.059,66.059,66.059,66.059,58.119,58.119,58.119
train,55,data_55.csv,persistent_leak,55_58_81,24,58,81,34800,48600,leak_binary,1,44.731,44.731,51.532,51.532,51.532,51.532,51.532,51.532,63.0,63.0,63.0,63.0,63.0,63.0,66.059,66.059,66.059,66.059,66.059,66.059,58.119,58.119,58.119,58.119
train,55,data_55.csv,persistent_leak,55_59_82,24,59,82,35400,49200,leak_binary,1,44.731,51.532,51.532,51.532,51.532,51.532,51.532,63.0,63.0,63.0,63.0,63.0,63.0,66.059,66.059,66.059,66.059,66.059,66.059,58.119,58.119,58.119,58.119,58.119
train,55,data_55.csv,persistent_leak,55_60_83,24,60,83,36000,49800,leak_binary,1,51.532,51.532,51.532,51.532,51.532,51.532,63.0,63.0,63.0,63.0,63.0,63.0,66.059,66.059,66.059,66.059,66.059,66.059,58.119,58.119,58.119,58.119,58.119,58.119
train,55,data_55.csv,persistent_leak,55_61_84,24,61,84,36600,50400,leak_binary,1,51.532,51.532,51.532,51.532,51.532,63.0,63.0,63.0,63.0,63.0,63.0,66.059,66.059,66.059,66.059,66.059,66.059,58.119,58.119,58.119,58.119,58.119,58.119,52.5
train,55,data_55.csv,persistent_leak,55_62_85,24,62,85,37200,51000,leak_binary,1,51.532,51.532,51.532,51.532,63.0,63.0,63.0,63.0,63.0,63.0,66.059,66.059,66.059,66.059,66.059,66.059,58.119,58.119,58.119,58.119,58.119,58.119,52.5,52.5
train,55,data_55.csv,persistent_leak,55_63_86,24,63,86,37800,51600,leak_binary,1,51.532,51.532,51.532,63.0,63.0,63.0,63.0,63.0,63.0,66.059,66.059,66.059,66.059,66.059,66.059,58.119,58.119,58.119,58.119,58.119,58.119,52.5,52.5,52.5
train,55,data_55.csv,persistent_leak,55_64_87,24,64,87,38400,52200,leak_binary,1,51.532,51.532,63.0,63.0,63.0,63.0,63.0,63.0,66.059,66.059,66.059,66.059,66.059,66.059,58.119,58.119,58.119,58.119,58.119,58.119,52.5,52.5,52.5,52.5
train,55,data_55.csv,persistent_leak,55_65_88,24,65,88,39000,52800,leak_binary,1,51.532,63.0,63.0,63.0,63.0,63.0,63.0,66.059,66.059,66.059,66.059,66.059,66.059,58.119,58.119,58.119,58.119,58.119,58.119,52.5,52.5,52.5,52.5,52.5
train,55,data_55.csv,persistent_leak,55_66_89,24,66,89,39600,53400,leak_binary,1,63.0,63.0,63.0,63.0,63.0,63.0,66.059,66.059,66.059,66.059,66.059,66.059,58.119,58.119,58.119,58.119,58.119,58.119,52.5,52.5,52.5,52.5,52.5,52.5
train,55,data_55.csv,persistent_leak,55_67_90,24,67,90,40200,54000,leak_binary,1,63.0,63.0,63.0,63.0,63.0,66.059,66.059,66.059,66.059,66.059,66.059,58.119,58.119,58.119,58.119,58.119,58.119,52.5,52.5,52.5,52.5,52.5,52.5,49.713
train,55,data_55.csv,persistent_leak,55_68_91,24,68,91,40800,54600,leak_binary,1,63.0,63.0,63.0,63.0,66.059,66.059,66.059,66.059,66.059,66.059,58.119,58.119,58.119,58.119,58.119,58.119,52.5,52.5,52.5,52.5,52.5,52.5,49.713,49.713
train,55,data_55.csv,persistent_leak,55_69_92,24,69,92,41400,55200,leak_binary,1,63.0,63.0,63.0,66.059,66.059,66.059,66.059,66.059,66.059,58.119,58.119,58.119,58.119,58.119,58.119,52.5,52.5,52.5,52.5,52.5,52.5,49.713,49.713,49.713
train,55,data_55.csv,persistent_leak,55_70_93,24,70,93,42000,55800,leak_binary,1,63.0,63.0,66.059,66.059,66.059,66.059,66.059,66.059,58.119,58.119,58.119,58.119,58.119,58.119,52.5,52.5,52.5,52.5,52.5,52.5,49.713,49.713,49.713,49.713
train,55,data_55.csv,persistent_leak,55_71_94,24,71,94,42600,56400,leak_binary,1,63.0,66.059,66.059,66.059,66.059,66.059,66.059,58.119,58.119,58.119,58.119,58.119,58.119,52.5,52.5,52.5,52.5,52.5,52.5,49.713,49.713,49.713,49.713,49.713
train,55,data_55.csv,persistent_leak,55_72_95,24,72,95,43200,57000,leak_binary,1,66.059,66.059,66.059,66.059,66.059,66.059,58.119,58.119,58.119,58.119,58.119,58.119,52.5,52.5,52.5,52.5,52.5,52.5,49.713,49.713,49.713,49.713,49.713,49.713
train,55,data_55.csv,persistent_leak,55_73_96,24,73,96,43800,57600,leak_binary,1,66.059,66.059,66.059,66.059,66.059,58.119,58.119,58.119,58.119,58.119,58.119,52.5,52.5,52.5,52.5,52.5,52.5,49.713,49.713,49.713,49.713,49.713,49.713,45.167
train,55,data_55.csv,persistent_leak,55_74_97,24,74,97,44400,58200,leak_binary,1,66.059,66.059,66.059,66.059,58.119,58.119,58.119,58.119,58.119,58.119,52.5,52.5,52.5,52.5,52.5,52.5,49.713,49.713,49.713,49.713,49.713,49.713,45.167,45.167
train,55,data_55.csv,persistent_leak,55_75_98,24,75,98,45000,58800,leak_binary,1,66.059,66.059,66.059,58.119,58.119,58.119,58.119,58.119,58.119,52.5,52.5,52.5,52.5,52.5,52.5,49.713,49.713,49.713,49.713,49.713,49.713,45.167,45.167,45.167
train,55,data_55.csv,persistent_leak,55_76_99,24,76,99,45600,59400,leak_binary,1,66.059,66.059,58.119,58.119,58.119,58.119,58.119,58.119,52.5,52.5,52.5,52.5,52.5,52.5,49.713,49.713,49.713,49.713,49.713,49.713,45.167,45.167,45.167,45.167
train,55,data_55.csv,persistent_leak,55_77_100,24,77,100,46200,60000,leak_binary,1,66.059,58.119,58.119,58.119,58.119,58.119,58.119,52.5,52.5,52.5,52.5,52.5,52.5,49.713,49.713,49.713,49.713,49.713,49.713,45.167,45.167,45.167,45.167,45.167
train,55,data_55.csv,persistent_leak,55_78_101,24,78,101,46800,60600,leak_binary,1,58.119,58.119,58.119,58.119,58.119,58.119,52.5,52.5,52.5,52.5,52.5,52.5,49.713,49.713,49.713,49.713,49.713,49.713,45.167,45.167,45.167,45.167,45.167,45.167
train,55,data_55.csv,persistent_leak,55_79_102,24,79,102,47400,61200,leak_binary,1,58.119,58.119,58.119,58.119,58.119,52.5,52.5,52.5,52.5,52.5,52.5,49.713,49.713,49.713,49.713,49.713,49.713,45.167,45.167,45.167,45.167,45.167,45.167,46.538
train,55,data_55.csv,persistent_leak,55_80_103,24,80,103,48000,61800,leak_binary,1,58.119,58.119,58.119,58.119,52.5,52.5,52.5,52.5,52.5,52.5,49.713,49.713,49.713,49.713,49.713,49.713,45.167,45.167,45.167,45.167,45.167,45.167,46.538,46.538
train,55,data_55.csv,persistent_leak,55_81_104,24,81,104,48600,62400,leak_binary,1,58.119,58.119,58.119,52.5,52.5,52.5,52.5,52.5,52.5,49.713,49.713,49.713,49.713,49.713,49.713,45.167,45.167,45.167,45.167,45.167,45.167,46.538,46.538,46.538
train,55,data_55.csv,persistent_leak,55_82_105,24,82,105,49200,63000,leak_binary,1,58.119,58.119,52.5,52.5,52.5,52.5,52.5,52.5,49.713,49.713,49.713,49.713,49.713,49.713,45.167,45.167,45.167,45.167,45.167,45.167,46.538,46.538,46.538,46.538
train,55,data_55.csv,persistent_leak,55_83_106,24,83,106,49800,63600,leak_binary,1,58.119,52.5,52.5,52.5,52.5,52.5,52.5,49.713,49.713,49.713,49.713,49.713,49.713,45.167,45.167,45.167,45.167,45.167,45.167,46.538,46.538,46.538,46.538,46.538
train,55,data_55.csv,persistent_leak,55_84_107,24,84,107,50400,64200,leak_binary,1,52.5,52.5,52.5,52.5,52.5,52.5,49.713,49.713,49.713,49.713,49.713,49.713,45.167,45.167,45.167,45.167,45.167,45.167,46.538,46.538,46.538,46.538,46.538,46.538
train,55,data_55.csv,persistent_leak,55_85_108,24,85,108,51000,64800,leak_binary,1,52.5,52.5,52.5,52.5,52.5,49.713,49.713,49.713,49.713,49.713,49.713,45.167,45.167,45.167,45.167,45.167,45.167,46.538,46.538,46.538,46.538,46.538,46.538,47.5
train,55,data_55.csv,persistent_leak,55_86_109,24,86,109,51600,65400,leak_binary,1,52.5,52.5,52.5,52.5,49.713,49.713,49.713,49.713,49.713,49.713,45.167,45.167,45.167,45.167,45.167,45.167,46.538,46.538,46.538,46.538,46.538,46.538,47.5,47.5
train,55,data_55.csv,persistent_leak,55_87_110,24,87,110,52200,66000,leak_binary,1,52.5,52.5,52.5,49.713,49.713,49.713,49.713,49.713,49.713,45.167,45.167,45.167,45.167,45.167,45.167,46.538,46.538,46.538,46.538,46.538,46.538,47.5,47.5,47.5
train,55,data_55.csv,persistent_leak,55_88_111,24,88,111,52800,66600,leak_binary,1,52.5,52.5,49.713,49.713,49.713,49.713,49.713,49.713,45.167,45.167,45.167,45.167,45.167,45.167,46.538,46.538,46.538,46.538,46.538,46.538,47.5,47.5,47.5,47.5
train,55,data_55.csv,persistent_leak,55_89_112,24,89,112,53400,67200,leak_binary,1,52.5,49.713,49.713,49.713,49.713,49.713,49.713,45.167,45.167,45.167,45.167,45.167,45.167,46.538,46.538,46.538,46.538,46.538,46.538,47.5,47.5,47.5,47.5,47.5
train,55,data_55.csv,persistent_leak,55_90_113,24,90,113,54000,67800,leak_binary,1,49.713,49.713,49.713,49.713,49.713,49.713,45.167,45.167,45.167,45.167,45.167,45.167,46.538,46.538,46.538,46.538,46.538,46.538,47.5,47.5,47.5,47.5,47.5,47.5
train,55,data_55.csv,persistent_leak,55_91_114,24,91,114,54600,68400,leak_binary,1,49.713,49.713,49.713,49.713,49.713,45.167,45.167,45.167,45.167,45.167,45.167,46.538,46.538,46.538,46.538,46.538,46.538,47.5,47.5,47.5,47.5,47.5,47.5,49.823
train,55,data_55.csv,persistent_leak,55_92_115,24,92,115,55200,69000,leak_binary,1,49.713,49.713,49.713,49.713,45.167,45.167,45.167,45.167,45.167,45.167,46.538,46.538,46.538,46.538,46.538,46.538,47.5,47.5,47.5,47.5,47.5,47.5,49.823,49.823
train,55,data_55.csv,persistent_leak,55_93_116,24,93,116,55800,69600,leak_binary,1,49.713,49.713,49.713,45.167,45.167,45.167,45.167,45.167,45.167,46.538,46.538,46.538,46.538,46.538,46.538,47.5,47.5,47.5,47.5,47.5,47.5,49.823,49.823,49.823
train,55,data_55.csv,persistent_leak,55_94_117,24,94,117,56400,70200,leak_binary,1,49.713,49.713,45.167,45.167,45.167,45.167,45.167,45.167,46.538,46.538,46.538,46.538,46.538,46.538,47.5,47.5,47.5,47.5,47.5,47.5,49.823,49.823,49.823,49.823
train,55,data_55.csv,persistent_leak,55_95_118,24,95,118,57000,70800,leak_binary,1,49.713,45.167,45.167,45.167,45.167,45.167,45.167,46.538,46.538,46.538,46.538,46.538,46.538,47.5,47.5,47.5,47.5,47.5,47.5,49.823,49.823,49.823,49.823,49.823
train,55,data_55.csv,persistent_leak,55_96_119,24,96,119,57600,71400,leak_binary,1,45.167,45.167,45.167,45.167,45.167,45.167,46.538,46.538,46.538,46.538,46.538,46.538,47.5,47.5,47.5,47.5,47.5,47.5,49.823,49.823,49.823,49.823,49.823,49.823
train,55,data_55.csv,persistent_leak,55_97_120,24,97,120,58200,72000,leak_binary,1,45.167,45.167,45.167,45.167,45.167,46.538,46.538,46.538,46.538,46.538,46.538,47.5,47.5,47.5,47.5,47.5,47.5,49.823,49.823,49.823,49.823,49.823,49.823,40.0
train,55,data_55.csv,persistent_leak,55_98_121,24,98,121,58800,72600,leak_binary,1,45.167,45.167,45.167,45.167,46.538,46.538,46.538,46.538,46.538,46.538,47.5,47.5,47.5,47.5,47.5,47.5,49.823,49.823,49.823,49.823,49.823,49.823,40.0,40.0
train,55,data_55.csv,persistent_leak,55_99_122,24,99,122,59400,73200,leak_binary,1,45.167,45.167,45.167,46.538,46.538,46.538,46.538,46.538,46.538,47.5,47.5,47.5,47.5,47.5,47.5,49.823,49.823,49.823,49.823,49.823,49.823,40.0,40.0,40.0
train,55,data_55.csv,persistent_leak,55_100_123,24,100,123,60000,73800,leak_binary,1,45.167,45.167,46.538,46.538,46.538,46.538,46.538,46.538,47.5,47.5,47.5,47.5,47.5,47.5,49.823,49.823,49.823,49.823,49.823,49.823,40.0,40.0,40.0,40.0
train,55,data_55.csv,persistent_leak,55_101_124,24,101,124,60600,74400,leak_binary,1,45.167,46.538,46.538,46.538,46.538,46.538,46.538,47.5,47.5,47.5,47.5,47.5,47.5,49.823,49.823,49.823,49.823,49.823,49.823,40.0,40.0,40.0,40.0,40.0
train,55,data_55.csv,persistent_leak,55_102_125,24,102,125,61200,75000,leak_binary,1,46.538,46.538,46.538,46.538,46.538,46.538,47.5,47.5,47.5,47.5,47.5,47.5,49.823,49.823,49.823,49.823,49.823,49.823,40.0,40.0,40.0,40.0,40.0,40.0
train,55,data_55.csv,persistent_leak,55_103_126,24,103,126,61800,75600,leak_binary,1,46.538,46.538,46.538,46.538,46.538,47.5,47.5,47.5,47.5,47.5,47.5,49.823,49.823,49.823,49.823,49.823,49.823,40.0,40.0,40.0,40.0,40.0,40.0,20.492
train,55,data_55.csv,persistent_leak,55_104_127,24,104,127,62400,76200,leak_binary,1,46.538,46.538,46.538,46.538,47.5,47.5,47.5,47.5,47.5,47.5,49.823,49.823,49.823,49.823,49.823,49.823,40.0,40.0,40.0,40.0,40.0,40.0,20.492,20.492
train,55,data_55.csv,persistent_leak,55_105_128,24,105,128,63000,76800,leak_binary,1,46.538,46.538,46.538,47.5,47.5,47.5,47.5,47.5,47.5,49.823,49.823,49.823,49.823,49.823,49.823,40.0,40.0,40.0,40.0,40.0,40.0,20.492,20.492,20.492
train,55,data_55.csv,persistent_leak,55_106_129,24,106,129,63600,77400,leak_binary,1,46.538,46.538,47.5,47.5,47.5,47.5,47.5,47.5,49.823,49.823,49.823,49.823,49.823,49.823,40.0,40.0,40.0,40.0,40.0,40.0,20.492,20.492,20.492,20.492
train,55,data_55.csv,persistent_leak,55_107_130,24,107,130,64200,78000,leak_binary,1,46.538,47.5,47.5,47.5,47.5,47.5,47.5,49.823,49.823,49.823,49.823,49.823,49.823,40.0,40.0,40.0,40.0,40.0,40.0,20.492,20.492,20.492,20.492,20.492
train,55,data_55.csv,persistent_leak,55_108_131,24,108,131,64800,78600,leak_binary,1,47.5,47.5,47.5,47.5,47.5,47.5,49.823,49.823,49.823,49.823,49.823,49.823,40.0,40.0,40.0,40.0,40.0,40.0,20.492,20.492,20.492,20.492,20.492,20.492
train,55,data_55.csv,persistent_leak,55_109_132,24,109,132,65400,79200,leak_binary,1,47.5,47.5,47.5,47.5,47.5,49.823,49.823,49.823,49.823,49.823,49.823,40.0,40.0,40.0,40.0,40.0,40.0,20.492,20.492,20.492,20.492,20.492,20.492,15.412
train,55,data_55.csv,persistent_leak,55_110_133,24,110,133,66000,79800,leak_binary,1,47.5,47.5,47.5,47.5,49.823,49.823,49.823,49.823,49.823,49.823,40.0,40.0,40.0,40.0,40.0,40.0,20.492,20.492,20.492,20.492,20.492,20.492,15.412,15.412
train,55,data_55.csv,persistent_leak,55_111_134,24,111,134,66600,80400,leak_binary,1,47.5,47.5,47.5,49.823,49.823,49.823,49.823,49.823,49.823,40.0,40.0,40.0,40.0,40.0,40.0,20.492,20.492,20.492,20.492,20.492,20.492,15.412,15.412,15.412
train,55,data_55.csv,persistent_leak,55_112_135,24,112,135,67200,81000,leak_binary,1,47.5,47.5,49.823,49.823,49.823,49.823,49.823,49.823,40.0,40.0,40.0,40.0,40.0,40.0,20.492,20.492,20.492,20.492,20.492,20.492,15.412,15.412,15.412,15.412
train,55,data_55.csv,persistent_leak,55_113_136,24,113,136,67800,81600,leak_binary,1,47.5,49.823,49.823,49.823,49.823,49.823,49.823,40.0,40.0,40.0,40.0,40.0,40.0,20.492,20.492,20.492,20.492,20.492,20.492,15.412,15.412,15.412,15.412,15.412
train,55,data_55.csv,persistent_leak,55_114_137,24,114,137,68400,82200,leak_binary,1,49.823,49.823,49.823,49.823,49.823,49.823,40.0,40.0,40.0,40.0,40.0,40.0,20.492,20.492,20.492,20.492,20.492,20.492,15.412,15.412,15.412,15.412,15.412,15.412
train,55,data_55.csv,persistent_leak,55_115_138,24,115,138,69000,82800,leak_binary,1,49.823,49.823,49.823,49.823,49.823,40.0,40.0,40.0,40.0,40.0,40.0,20.492,20.492,20.492,20.492,20.492,20.492,15.412,15.412,15.412,15.412,15.412,15.412,13.0
train,55,data_55.csv,persistent_leak,55_116_139,24,116,139,69600,83400,leak_binary,1,49.823,49.823,49.823,49.823,40.0,40.0,40.0,40.0,40.0,40.0,20.492,20.492,20.492,20.492,20.492,20.492,15.412,15.412,15.412,15.412,15.412,15.412,13.0,13.0
train,55,data_55.csv,persistent_leak,55_117_140,24,117,140,70200,84000,leak_binary,1,49.823,49.823,49.823,40.0,40.0,40.0,40.0,40.0,40.0,20.492,20.492,20.492,20.492,20.492,20.492,15.412,15.412,15.412,15.412,15.412,15.412,13.0,13.0,13.0
train,55,data_55.csv,persistent_leak,55_118_141,24,118,141,70800,84600,leak_binary,1,49.823,49.823,40.0,40.0,40.0,40.0,40.0,40.0,20.492,20.492,20.492,20.492,20.492,20.492,15.412,15.412,15.412,15.412,15.412,15.412,13.0,13.0,13.0,13.0
train,55,data_55.csv,persistent_leak,55_119_142,24,119,142,71400,85200,leak_binary,1,49.823,40.0,40.0,40.0,40.0,40.0,40.0,20.492,20.492,20.492,20.492,20.492,20.492,15.412,15.412,15.412,15.412,15.412,15.412,13.0,13.0,13.0,13.0,13.0
train,55,data_55.csv,persistent_leak,55_120_143,24,120,143,72000,85800,leak_binary,1,40.0,40.0,40.0,40.0,40.0,40.0,20.492,20.492,20.492,20.492,20.492,20.492,15.412,15.412,15.412,15.412,15.412,15.412,13.0,13.0,13.0,13.0,13.0,13.0
train,55,data_55.csv,persistent_leak,55_121_144,24,121,144,72600,86400,leak_binary,1,40.0,40.0,40.0,40.0,40.0,20.492,20.492,20.492,20.492,20.492,20.492,15.412,15.412,15.412,15.412,15.412,15.412,13.0,13.0,13.0,13.0,13.0,13.0,8.5
train,56,data_56.csv,onset_leak,56_0_23,24,0,23,0,13800,leak_binary,0,15.5,15.5,15.5,15.5,15.5,15.5,7.88,7.88,7.88,7.88,7.88,7.88,6.06,6.06,6.06,6.06,6.06,6.06,5.21,5.21,5.21,5.21,5.21,5.21
train,56,data_56.csv,onset_leak,56_1_24,24,1,24,600,14400,leak_binary,0,15.5,15.5,15.5,15.5,15.5,7.88,7.88,7.88,7.88,7.88,7.88,6.06,6.06,6.06,6.06,6.06,6.06,5.21,5.21,5.21,5.21,5.21,5.21,9.5
train,56,data_56.csv,onset_leak,56_2_25,24,2,25,1200,15000,leak_binary,0,15.5,15.5,15.5,15.5,7.88,7.88,7.88,7.88,7.88,7.88,6.06,6.06,6.06,6.06,6.06,6.06,5.21,5.21,5.21,5.21,5.21,5.21,9.5,9.5
train,56,data_56.csv,onset_leak,56_3_26,24,3,26,1800,15600,leak_binary,0,15.5,15.5,15.5,7.88,7.88,7.88,7.88,7.88,7.88,6.06,6.06,6.06,6.06,6.06,6.06,5.21,5.21,5.21,5.21,5.21,5.21,9.5,9.5,9.5
train,56,data_56.csv,onset_leak,56_4_27,24,4,27,2400,16200,leak_binary,0,15.5,15.5,7.88,7.88,7.88,7.88,7.88,7.88,6.06,6.06,6.06,6.06,6.06,6.06,5.21,5.21,5.21,5.21,5.21,5.21,9.5,9.5,9.5,9.5
train,56,data_56.csv,onset_leak,56_5_28,24,5,28,3000,16800,leak_binary,0,15.5,7.88,7.88,7.88,7.88,7.88,7.88,6.06,6.06,6.06,6.06,6.06,6.06,5.21,5.21,5.21,5.21,5.21,5.21,9.5,9.5,9.5,9.5,9.5
train,56,data_56.csv,onset_leak,56_6_29,24,6,29,3600,17400,leak_binary,0,7.88,7.88,7.88,7.88,7.88,7.88,6.06,6.06,6.06,6.06,6.06,6.06,5.21,5.21,5.21,5.21,5.21,5.21,9.5,9.5,9.5,9.5,9.5,9.5
train,56,data_56.csv,onset_leak,56_7_30,24,7,30,4200,18000,leak_binary,0,7.88,7.88,7.88,7.88,7.88,6.06,6.06,6.06,6.06,6.06,6.06,5.21,5.21,5.21,5.21,5.21,5.21,9.5,9.5,9.5,9.5,9.5,9.5,15.37
train,56,data_56.csv,onset_leak,56_8_31,24,8,31,4800,18600,leak_binary,0,7.88,7.88,7.88,7.88,6.06,6.06,6.06,6.06,6.06,6.06,5.21,5.21,5.21,5.21,5.21,5.21,9.5,9.5,9.5,9.5,9.5,9.5,15.37,15.37
train,56,data_56.csv,onset_leak,56_9_32,24,9,32,5400,19200,leak_binary,0,7.88,7.88,7.88,6.06,6.06,6.06,6.06,6.06,6.06,5.21,5.21,5.21,5.21,5.21,5.21,9.5,9.5,9.5,9.5,9.5,9.5,15.37,15.37,15.37
train,56,data_56.csv,onset_leak,56_10_33,24,10,33,6000,19800,leak_binary,0,7.88,7.88,6.06,6.06,6.06,6.06,6.06,6.06,5.21,5.21,5.21,5.21,5.21,5.21,9.5,9.5,9.5,9.5,9.5,9.5,15.37,15.37,15.37,15.37
train,56,data_56.csv,onset_leak,56_11_34,24,11,34,6600,20400,leak_binary,0,7.88,6.06,6.06,6.06,6.06,6.06,6.06,5.21,5.21,5.21,5.21,5.21,5.21,9.5,9.5,9.5,9.5,9.5,9.5,15.37,15.37,15.37,15.37,15.37
train,56,data_56.csv,onset_leak,56_12_35,24,12,35,7200,21000,leak_binary,0,6.06,6.06,6.06,6.06,6.06,6.06,5.21,5.21,5.21,5.21,5.21,5.21,9.5,9.5,9.5,9.5,9.5,9.5,15.37,15.37,15.37,15.37,15.37,15.37
train,56,data_56.csv,onset_leak,56_13_36,24,13,36,7800,21600,leak_binary,0,6.06,6.06,6.06,6.06,6.06,5.21,5.21,5.21,5.21,5.21,5.21,9.5,9.5,9.5,9.5,9.5,9.5,15.37,15.37,15.37,15.37,15.37,15.37,21.518
train,56,data_56.csv,onset_leak,56_14_37,24,14,37,8400,22200,leak_binary,0,6.06,6.06,6.06,6.06,5.21,5.21,5.21,5.21,5.21,5.21,9.5,9.5,9.5,9.5,9.5,9.5,15.37,15.37,15.37,15.37,15.37,15.37,21.518,21.518
train,56,data_56.csv,onset_leak,56_15_38,24,15,38,9000,22800,leak_binary,0,6.06,6.06,6.06,5.21,5.21,5.21,5.21,5.21,5.21,9.5,9.5,9.5,9.5,9.5,9.5,15.37,15.37,15.37,15.37,15.37,15.37,21.518,21.518,21.518
train,56,data_56.csv,onset_leak,56_16_39,24,16,39,9600,23400,leak_binary,0,6.06,6.06,5.21,5.21,5.21,5.21,5.21,5.21,9.5,9.5,9.5,9.5,9.5,9.5,15.37,15.37,15.37,15.37,15.37,15.37,21.518,21.518,21.518,21.518
train,56,data_56.csv,onset_leak,56_17_40,24,17,40,10200,24000,leak_binary,0,6.06,5.21,5.21,5.21,5.21,5.21,5.21,9.5,9.5,9.5,9.5,9.5,9.5,15.37,15.37,15.37,15.37,15.37,15.37,21.518,21.518,21.518,21.518,21.518
train,56,data_56.csv,onset_leak,56_18_41,24,18,41,10800,24600,leak_binary,0,5.21,5.21,5.21,5.21,5.21,5.21,9.5,9.5,9.5,9.5,9.5,9.5,15.37,15.37,15.37,15.37,15.37,15.37,21.518,21.518,21.518,21.518,21.518,21.518
train,56,data_56.csv,onset_leak,56_19_42,24,19,42,11400,25200,leak_binary,0,5.21,5.21,5.21,5.21,5.21,9.5,9.5,9.5,9.5,9.5,9.5,15.37,15.37,15.37,15.37,15.37,15.37,21.518,21.518,21.518,21.518,21.518,21.518,32.5
train,56,data_56.csv,onset_leak,56_20_43,24,20,43,12000,25800,leak_binary,0,5.21,5.21,5.21,5.21,9.5,9.5,9.5,9.5,9.5,9.5,15.37,15.37,15.37,15.37,15.37,15.37,21.518,21.518,21.518,21.518,21.518,21.518,32.5,32.5
train,56,data_56.csv,onset_leak,56_21_44,24,21,44,12600,26400,leak_binary,0,5.21,5.21,5.21,9.5,9.5,9.5,9.5,9.5,9.5,15.37,15.37,15.37,15.37,15.37,15.37,21.518,21.518,21.518,21.518,21.518,21.518,32.5,32.5,32.5
train,56,data_56.csv,onset_leak,56_22_45,24,22,45,13200,27000,leak_binary,0,5.21,5.21,9.5,9.5,9.5,9.5,9.5,9.5,15.37,15.37,15.37,15.37,15.37,15.37,21.518,21.518,21.518,21.518,21.518,21.518,32.5,32.5,32.5,32.5
train,56,data_56.csv,onset_leak,56_23_46,24,23,46,13800,27600,leak_binary,0,5.21,9.5,9.5,9.5,9.5,9.5,9.5,15.37,15.37,15.37,15.37,15.37,15.37,21.518,21.518,21.518,21.518,21.518,21.518,32.5,32.5,32.5,32.5,32.5
train,56,data_56.csv,onset_leak,56_24_47,24,24,47,14400,28200,leak_binary,0,9.5,9.5,9.5,9.5,9.5,9.5,15.37,15.37,15.37,15.37,15.37,15.37,21.518,21.518,21.518,21.518,21.518,21.518,32.5,32.5,32.5,32.5,32.5,32.5
train,56,data_56.csv,onset_leak,56_25_48,24,25,48,15000,28800,leak_binary,0,9.5,9.5,9.5,9.5,9.5,15.37,15.37,15.37,15.37,15.37,15.37,21.518,21.518,21.518,21.518,21.518,21.518,32.5,32.5,32.5,32.5,32.5,32.5,43.472
train,56,data_56.csv,onset_leak,56_26_49,24,26,49,15600,29400,leak_binary,0,9.5,9.5,9.5,9.5,15.37,15.37,15.37,15.37,15.37,15.37,21.518,21.518,21.518,21.518,21.518,21.518,32.5,32.5,32.5,32.5,32.5,32.5,43.472,43.472
train,56,data_56.csv,onset_leak,56_27_50,24,27,50,16200,30000,leak_binary,0,9.5,9.5,9.5,15.37,15.37,15.37,15.37,15.37,15.37,21.518,21.518,21.518,21.518,21.518,21.518,32.5,32.5,32.5,32.5,32.5,32.5,43.472,43.472,43.472
train,56,data_56.csv,onset_leak,56_28_51,24,28,51,16800,30600,leak_binary,0,9.5,9.5,15.37,15.37,15.37,15.37,15.37,15.37,21.518,21.518,21.518,21.518,21.518,21.518,32.5,32.5,32.5,32.5,32.5,32.5,43.472,43.472,43.472,43.472
train,56,data_56.csv,onset_leak,56_29_52,24,29,52,17400,31200,leak_binary,0,9.5,15.37,15.37,15.37,15.37,15.37,15.37,21.518,21.518,21.518,21.518,21.518,21.518,32.5,32.5,32.5,32.5,32.5,32.5,43.472,43.472,43.472,43.472,43.472
train,56,data_56.csv,onset_leak,56_30_53,24,30,53,18000,31800,leak_binary,0,15.37,15.37,15.37,15.37,15.37,15.37,21.518,21.518,21.518,21.518,21.518,21.518,32.5,32.5,32.5,32.5,32.5,32.5,43.472,43.472,43.472,43.472,43.472,43.472
train,56,data_56.csv,onset_leak,56_31_54,24,31,54,18600,32400,leak_binary,0,15.37,15.37,15.37,15.37,15.37,21.518,21.518,21.518,21.518,21.518,21.518,32.5,32.5,32.5,32.5,32.5,32.5,43.472,43.472,43.472,43.472,43.472,43.472,44.424
train,56,data_56.csv,onset_leak,56_32_55,24,32,55,19200,33000,leak_binary,0,15.37,15.37,15.37,15.37,21.518,21.518,21.518,21.518,21.518,21.518,32.5,32.5,32.5,32.5,32.5,32.5,43.472,43.472,43.472,43.472,43.472,43.472,44.424,44.424
train,56,data_56.csv,onset_leak,56_33_56,24,33,56,19800,33600,leak_binary,0,15.37,15.37,15.37,21.518,21.518,21.518,21.518,21.518,21.518,32.5,32.5,32.5,32.5,32.5,32.5,43.472,43.472,43.472,43.472,43.472,43.472,44.424,44.424,44.424
train,56,data_56.csv,onset_leak,56_34_57,24,34,57,20400,34200,leak_binary,0,15.37,15.37,21.518,21.518,21.518,21.518,21.518,21.518,32.5,32.5,32.5,32.5,32.5,32.5,43.472,43.472,43.472,43.472,43.472,43.472,44.424,44.424,44.424,44.424
train,56,data_56.csv,onset_leak,56_35_58,24,35,58,21000,34800,leak_binary,0,15.37,21.518,21.518,21.518,21.518,21.518,21.518,32.5,32.5,32.5,32.5,32.5,32.5,43.472,43.472,43.472,43.472,43.472,43.472,44.424,44.424,44.424,44.424,44.424
train,56,data_56.csv,onset_leak,56_36_59,24,36,59,21600,35400,leak_binary,0,21.518,21.518,21.518,21.518,21.518,21.518,32.5,32.5,32.5,32.5,32.5,32.5,43.472,43.472,43.472,43.472,43.472,43.472,44.424,44.424,44.424,44.424,44.424,44.424
train,56,data_56.csv,onset_leak,56_37_60,24,37,60,22200,36000,leak_binary,0,21.518,21.518,21.518,21.518,21.518,32.5,32.5,32.5,32.5,32.5,32.5,43.472,43.472,43.472,43.472,43.472,43.472,44.424,44.424,44.424,44.424,44.424,44.424,45.662
train,56,data_56.csv,onset_leak,56_38_61,24,38,61,22800,36600,leak_binary,0,21.518,21.518,21.518,21.518,32.5,32.5,32.5,32.5,32.5,32.5,43.472,43.472,43.472,43.472,43.472,43.472,44.424,44.424,44.424,44.424,44.424,44.424,45.662,45.662
train,56,data_56.csv,onset_leak,56_39_62,24,39,62,23400,37200,leak_binary,0,21.518,21.518,21.518,32.5,32.5,32.5,32.5,32.5,32.5,43.472,43.472,43.472,43.472,43.472,43.472,44.424,44.424,44.424,44.424,44.424,44.424,45.662,45.662,45.662
train,56,data_56.csv,onset_leak,56_40_63,24,40,63,24000,37800,leak_binary,0,21.518,21.518,32.5,32.5,32.5,32.5,32.5,32.5,43.472,43.472,43.472,43.472,43.472,43.472,44.424,44.424,44.424,44.424,44.424,44.424,45.662,45.662,45.662,45.662
train,56,data_56.csv,onset_leak,56_41_64,24,41,64,24600,38400,leak_binary,0,21.518,32.5,32.5,32.5,32.5,32.5,32.5,43.472,43.472,43.472,43.472,43.472,43.472,44.424,44.424,44.424,44.424,44.424,44.424,45.662,45.662,45.662,45.662,45.662
train,56,data_56.csv,onset_leak,56_42_65,24,42,65,25200,39000,leak_binary,0,32.5,32.5,32.5,32.5,32.5,32.5,43.472,43.472,43.472,43.472,43.472,43.472,44.424,44.424,44.424,44.424,44.424,44.424,45.662,45.662,45.662,45.662,45.662,45.662
train,56,data_56.csv,onset_leak,56_43_66,24,43,66,25800,39600,leak_binary,0,32.5,32.5,32.5,32.5,32.5,43.472,43.472,43.472,43.472,43.472,43.472,44.424,44.424,44.424,44.424,44.424,44.424,45.662,45.662,45.662,45.662,45.662,45.662,56.0
train,56,data_56.csv,onset_leak,56_44_67,24,44,67,26400,40200,leak_binary,0,32.5,32.5,32.5,32.5,43.472,43.472,43.472,43.472,43.472,43.472,44.424,44.424,44.424,44.424,44.424,44.424,45.662,45.662,45.662,45.662,45.662,45.662,56.0,56.0
train,56,data_56.csv,onset_leak,56_45_68,24,45,68,27000,40800,leak_binary,0,32.5,32.5,32.5,43.472,43.472,43.472,43.472,43.472,43.472,44.424,44.424,44.424,44.424,44.424,44.424,45.662,45.662,45.662,45.662,45.662,45.662,56.0,56.0,56.0
train,56,data_56.csv,onset_leak,56_46_69,24,46,69,27600,41400,leak_binary,0,32.5,32.5,43.472,43.472,43.472,43.472,43.472,43.472,44.424,44.424,44.424,44.424,44.424,44.424,45.662,45.662,45.662,45.662,45.662,45.662,56.0,56.0,56.0,56.0
train,56,data_56.csv,onset_leak,56_47_70,24,47,70,28200,42000,leak_binary,0,32.5,43.472,43.472,43.472,43.472,43.472,43.472,44.424,44.424,44.424,44.424,44.424,44.424,45.662,45.662,45.662,45.662,45.662,45.662,56.0,56.0,56.0,56.0,56.0
train,56,data_56.csv,onset_leak,56_48_71,24,48,71,28800,42600,leak_binary,0,43.472,43.472,43.472,43.472,43.472,43.472,44.424,44.424,44.424,44.424,44.424,44.424,45.662,45.662,45.662,45.662,45.662,45.662,56.0,56.0,56.0,56.0,56.0,56.0
train,56,data_56.csv,onset_leak,56_49_72,24,49,72,29400,43200,leak_binary,1,43.472,43.472,43.472,43.472,43.472,44.424,44.424,44.424,44.424,44.424,44.424,45.662,45.662,45.662,45.662,45.662,45.662,56.0,56.0,56.0,56.0,56.0,56.0,64.552
train,56,data_56.csv,onset_leak,56_50_73,24,50,73,30000,43800,leak_binary,1,43.472,43.472,43.472,43.472,44.424,44.424,44.424,44.424,44.424,44.424,45.662,45.662,45.662,45.662,45.662,45.662,56.0,56.0,56.0,56.0,56.0,56.0,64.552,64.552
train,56,data_56.csv,onset_leak,56_51_74,24,51,74,30600,44400,leak_binary,1,43.472,43.472,43.472,44.424,44.424,44.424,44.424,44.424,44.424,45.662,45.662,45.662,45.662,45.662,45.662,56.0,56.0,56.0,56.0,56.0,56.0,64.552,64.552,64.552
train,56,data_56.csv,onset_leak,56_52_75,24,52,75,31200,45000,leak_binary,1,43.472,43.472,44.424,44.424,44.424,44.424,44.424,44.424,45.662,45.662,45.662,45.662,45.662,45.662,56.0,56.0,56.0,56.0,56.0,56.0,64.552,64.552,64.552,64.552
train,56,data_56.csv,onset_leak,56_53_76,24,53,76,31800,45600,leak_binary,1,43.472,44.424,44.424,44.424,44.424,44.424,44.424,45.662,45.662,45.662,45.662,45.662,45.662,56.0,56.0,56.0,56.0,56.0,56.0,64.552,64.552,64.552,64.552,64.552
train,56,data_56.csv,onset_leak,56_54_77,24,54,77,32400,46200,leak_binary,1,44.424,44.424,44.424,44.424,44.424,44.424,45.662,45.662,45.662,45.662,45.662,45.662,56.0,56.0,56.0,56.0,56.0,56.0,64.552,64.552,64.552,64.552,64.552,64.552
train,56,data_56.csv,onset_leak,56_55_78,24,55,78,33000,46800,leak_binary,1,44.424,44.424,44.424,44.424,44.424,45.662,45.662,45.662,45.662,45.662,45.662,56.0,56.0,56.0,56.0,56.0,56.0,64.552,64.552,64.552,64.552,64.552,64.552,64.332
train,56,data_56.csv,onset_leak,56_56_79,24,56,79,33600,47400,leak_binary,1,44.424,44.424,44.424,44.424,45.662,45.662,45.662,45.662,45.662,45.662,56.0,56.0,56.0,56.0,56.0,56.0,64.552,64.552,64.552,64.552,64.552,64.552,64.332,64.332
train,56,data_56.csv,onset_leak,56_57_80,24,57,80,34200,48000,leak_binary,1,44.424,44.424,44.424,45.662,45.662,45.662,45.662,45.662,45.662,56.0,56.0,56.0,56.0,56.0,56.0,64.552,64.552,64.552,64.552,64.552,64.552,64.332,64.332,64.332
train,56,data_56.csv,onset_leak,56_58_81,24,58,81,34800,48600,leak_binary,1,44.424,44.424,45.662,45.662,45.662,45.662,45.662,45.662,56.0,56.0,56.0,56.0,56.0,56.0,64.552,64.552,64.552,64.552,64.552,64.552,64.332,64.332,64.332,64.332
train,56,data_56.csv,onset_leak,56_59_82,24,59,82,35400,49200,leak_binary,1,44.424,45.662,45.662,45.662,45.662,45.662,45.662,56.0,56.0,56.0,56.0,56.0,56.0,64.552,64.552,64.552,64.552,64.552,64.552,64.332,64.332,64.332,64.332,64.332
train,56,data_56.csv,onset_leak,56_60_83,24,60,83,36000,49800,leak_binary,1,45.662,45.662,45.662,45.662,45.662,45.662,56.0,56.0,56.0,56.0,56.0,56.0,64.552,64.552,64.552,64.552,64.552,64.552,64.332,64.332,64.332,64.332,64.332,64.332
train,56,data_56.csv,onset_leak,56_61_84,24,61,84,36600,50400,leak_binary,1,45.662,45.662,45.662,45.662,45.662,56.0,56.0,56.0,56.0,56.0,56.0,64.552,64.552,64.552,64.552,64.552,64.552,64.332,64.332,64.332,64.332,64.332,64.332,55.0
train,56,data_56.csv,onset_leak,56_62_85,24,62,85,37200,51000,leak_binary,1,45.662,45.662,45.662,45.662,56.0,56.0,56.0,56.0,56.0,56.0,64.552,64.552,64.552,64.552,64.552,64.552,64.332,64.332,64.332,64.332,64.332,64.332,55.0,55.0
train,56,data_56.csv,onset_leak,56_63_86,24,63,86,37800,51600,leak_binary,1,45.662,45.662,45.662,56.0,56.0,56.0,56.0,56.0,56.0,64.552,64.552,64.552,64.552,64.552,64.552,64.332,64.332,64.332,64.332,64.332,64.332,55.0,55.0,55.0
train,56,data_56.csv,onset_leak,56_64_87,24,64,87,38400,52200,leak_binary,1,45.662,45.662,56.0,56.0,56.0,56.0,56.0,56.0,64.552,64.552,64.552,64.552,64.552,64.552,64.332,64.332,64.332,64.332,64.332,64.332,55.0,55.0,55.0,55.0
train,56,data_56.csv,onset_leak,56_65_88,24,65,88,39000,52800,leak_binary,1,45.662,56.0,56.0,56.0,56.0,56.0,56.0,64.552,64.552,64.552,64.552,64.552,64.552,64.332,64.332,64.332,64.332,64.332,64.332,55.0,55.0,55.0,55.0,55.0
train,56,data_56.csv,onset_leak,56_66_89,24,66,89,39600,53400,leak_binary,1,56.0,56.0,56.0,56.0,56.0,56.0,64.552,64.552,64.552,64.552,64.552,64.552,64.332,64.332,64.332,64.332,64.332,64.332,55.0,55.0,55.0,55.0,55.0,55.0
train,56,data_56.csv,onset_leak,56_67_90,24,67,90,40200,54000,leak_binary,1,56.0,56.0,56.0,56.0,56.0,64.552,64.552,64.552,64.552,64.552,64.552,64.332,64.332,64.332,64.332,64.332,64.332,55.0,55.0,55.0,55.0,55.0,55.0,42.584
train,56,data_56.csv,onset_leak,56_68_91,24,68,91,40800,54600,leak_binary,1,56.0,56.0,56.0,56.0,64.552,64.552,64.552,64.552,64.552,64.552,64.332,64.332,64.332,64.332,64.332,64.332,55.0,55.0,55.0,55.0,55.0,55.0,42.584,42.584
train,56,data_56.csv,onset_leak,56_69_92,24,69,92,41400,55200,leak_binary,1,56.0,56.0,56.0,64.552,64.552,64.552,64.552,64.552,64.552,64.332,64.332,64.332,64.332,64.332,64.332,55.0,55.0,55.0,55.0,55.0,55.0,42.584,42.584,42.584
train,56,data_56.csv,onset_leak,56_70_93,24,70,93,42000,55800,leak_binary,1,56.0,56.0,64.552,64.552,64.552,64.552,64.552,64.552,64.332,64.332,64.332,64.332,64.332,64.332,55.0,55.0,55.0,55.0,55.0,55.0,42.584,42.584,42.584,42.584
train,56,data_56.csv,onset_leak,56_71_94,24,71,94,42600,56400,leak_binary,1,56.0,64.552,64.552,64.552,64.552,64.552,64.552,64.332,64.332,64.332,64.332,64.332,64.332,55.0,55.0,55.0,55.0,55.0,55.0,42.584,42.584,42.584,42.584,42.584
train,56,data_56.csv,onset_leak,56_72_95,24,72,95,43200,57000,leak_binary,1,64.552,64.552,64.552,64.552,64.552,64.552,64.332,64.332,64.332,64.332,64.332,64.332,55.0,55.0,55.0,55.0,55.0,55.0,42.584,42.584,42.584,42.584,42.584,42.584
train,56,data_56.csv,onset_leak,56_73_96,24,73,96,43800,57600,leak_binary,1,64.552,64.552,64.552,64.552,64.552,64.332,64.332,64.332,64.332,64.332,64.332,55.0,55.0,55.0,55.0,55.0,55.0,42.584,42.584,42.584,42.584,42.584,42.584,33.224
train,56,data_56.csv,onset_leak,56_74_97,24,74,97,44400,58200,leak_binary,1,64.552,64.552,64.552,64.552,64.332,64.332,64.332,64.332,64.332,64.332,55.0,55.0,55.0,55.0,55.0,55.0,42.584,42.584,42.584,42.584,42.584,42.584,33.224,33.224
train,56,data_56.csv,onset_leak,56_75_98,24,75,98,45000,58800,leak_binary,1,64.552,64.552,64.552,64.332,64.332,64.332,64.332,64.332,64.332,55.0,55.0,55.0,55.0,55.0,55.0,42.584,42.584,42.584,42.584,42.584,42.584,33.224,33.224,33.224
train,56,data_56.csv,onset_leak,56_76_99,24,76,99,45600,59400,leak_binary,1,64.552,64.552,64.332,64.332,64.332,64.332,64.332,64.332,55.0,55.0,55.0,55.0,55.0,55.0,42.584,42.584,42.584,42.584,42.584,42.584,33.224,33.224,33.224,33.224
train,56,data_56.csv,onset_leak,56_77_100,24,77,100,46200,60000,leak_binary,1,64.552,64.332,64.332,64.332,64.332,64.332,64.332,55.0,55.0,55.0,55.0,55.0,55.0,42.584,42.584,42.584,42.584,42.584,42.584,33.224,33.224,33.224,33.224,33.224
train,56,data_56.csv,onset_leak,56_78_101,24,78,101,46800,60600,leak_binary,1,64.332,64.332,64.332,64.332,64.332,64.332,55.0,55.0,55.0,55.0,55.0,55.0,42.584,42.584,42.584,42.584,42.584,42.584,33.224,33.224,33.224,33.224,33.224,33.224
train,56,data_56.csv,onset_leak,56_79_102,24,79,102,47400,61200,leak_binary,1,64.332,64.332,64.332,64.332,64.332,55.0,55.0,55.0,55.0,55.0,55.0,42.584,42.584,42.584,42.584,42.584,42.584,33.224,33.224,33.224,33.224,33.224,33.224,27.5
train,56,data_56.csv,onset_leak,56_80_103,24,80,103,48000,61800,leak_binary,1,64.332,64.332,64.332,64.332,55.0,55.0,55.0,55.0,55.0,55.0,42.584,42.584,42.584,42.584,42.584,42.584,33.224,33.224,33.224,33.224,33.224,33.224,27.5,27.5
train,56,data_56.csv,onset_leak,56_81_104,24,81,104,48600,62400,leak_binary,1,64.332,64.332,64.332,55.0,55.0,55.0,55.0,55.0,55.0,42.584,42.584,42.584,42.584,42.584,42.584,33.224,33.224,33.224,33.224,33.224,33.224,27.5,27.5,27.5
train,56,data_56.csv,onset_leak,56_82_105,24,82,105,49200,63000,leak_binary,1,64.332,64.332,55.0,55.0,55.0,55.0,55.0,55.0,42.584,42.584,42.584,42.584,42.584,42.584,33.224,33.224,33.224,33.224,33.224,33.224,27.5,27.5,27.5,27.5
train,56,data_56.csv,onset_leak,56_83_106,24,83,106,49800,63600,leak_binary,1,64.332,55.0,55.0,55.0,55.0,55.0,55.0,42.584,42.584,42.584,42.584,42.584,42.584,33.224,33.224,33.224,33.224,33.224,33.224,27.5,27.5,27.5,27.5,27.5
train,56,data_56.csv,onset_leak,56_84_107,24,84,107,50400,64200,leak_binary,1,55.0,55.0,55.0,55.0,55.0,55.0,42.584,42.584,42.584,42.584,42.584,42.584,33.224,33.224,33.224,33.224,33.224,33.224,27.5,27.5,27.5,27.5,27.5,27.5
train,56,data_56.csv,onset_leak,56_85_108,24,85,108,51000,64800,leak_binary,1,55.0,55.0,55.0,55.0,55.0,42.584,42.584,42.584,42.584,42.584,42.584,33.224,33.224,33.224,33.224,33.224,33.224,27.5,27.5,27.5,27.5,27.5,27.5,32.696
train,56,data_56.csv,onset_leak,56_86_109,24,86,109,51600,65400,leak_binary,1,55.0,55.0,55.0,55.0,42.584,42.584,42.584,42.584,42.584,42.584,33.224,33.224,33.224,33.224,33.224,33.224,27.5,27.5,27.5,27.5,27.5,27.5,32.696,32.696
train,56,data_56.csv,onset_leak,56_87_110,24,87,110,52200,66000,leak_binary,1,55.0,55.0,55.0,42.584,42.584,42.584,42.584,42.584,42.584,33.224,33.224,33.224,33.224,33.224,33.224,27.5,27.5,27.5,27.5,27.5,27.5,32.696,32.696,32.696
train,56,data_56.csv,onset_leak,56_88_111,24,88,111,52800,66600,leak_binary,1,55.0,55.0,42.584,42.584,42.584,42.584,42.584,42.584,33.224,33.224,33.224,33.224,33.224,33.224,27.5,27.5,27.5,27.5,27.5,27.5,32.696,32.696,32.696,32.696
train,56,data_56.csv,onset_leak,56_89_112,24,89,112,53400,67200,leak_binary,1,55.0,42.584,42.584,42.584,42.584,42.584,42.584,33.224,33.224,33.224,33.224,33.224,33.224,27.5,27.5,27.5,27.5,27.5,27.5,32.696,32.696,32.696,32.696,32.696
train,56,data_56.csv,onset_leak,56_90_113,24,90,113,54000,67800,leak_binary,1,42.584,42.584,42.584,42.584,42.584,42.584,33.224,33.224,33.224,33.224,33.224,33.224,27.5,27.5,27.5,27.5,27.5,27.5,32.696,32.696,32.696,32.696,32.696,32.696
train,56,data_56.csv,onset_leak,56_91_114,24,91,114,54600,68400,leak_binary,1,42.584,42.584,42.584,42.584,42.584,33.224,33.224,33.224,33.224,33.224,33.224,27.5,27.5,27.5,27.5,27.5,27.5,32.696,32.696,32.696,32.696,32.696,32.696,38.258
train,56,data_56.csv,onset_leak,56_92_115,24,92,115,55200,69000,leak_binary,1,42.584,42.584,42.584,42.584,33.224,33.224,33.224,33.224,33.224,33.224,27.5,27.5,27.5,27.5,27.5,27.5,32.696,32.696,32.696,32.696,32.696,32.696,38.258,38.258
train,56,data_56.csv,onset_leak,56_93_116,24,93,116,55800,69600,leak_binary,1,42.584,42.584,42.584,33.224,33.224,33.224,33.224,33.224,33.224,27.5,27.5,27.5,27.5,27.5,27.5,32.696,32.696,32.696,32.696,32.696,32.696,38.258,38.258,38.258
train,56,data_56.csv,onset_leak,56_94_117,24,94,117,56400,70200,leak_binary,1,42.584,42.584,33.224,33.224,33.224,33.224,33.224,33.224,27.5,27.5,27.5,27.5,27.5,27.5,32.696,32.696,32.696,32.696,32.696,32.696,38.258,38.258,38.258,38.258
train,56,data_56.csv,onset_leak,56_95_118,24,95,118,57000,70800,leak_binary,1,42.584,33.224,33.224,33.224,33.224,33.224,33.224,27.5,27.5,27.5,27.5,27.5,27.5,32.696,32.696,32.696,32.696,32.696,32.696,38.258,38.258,38.258,38.258,38.258
train,56,data_56.csv,onset_leak,56_96_119,24,96,119,57600,71400,leak_binary,1,33.224,33.224,33.224,33.224,33.224,33.224,27.5,27.5,27.5,27.5,27.5,27.5,32.696,32.696,32.696,32.696,32.696,32.696,38.258,38.258,38.258,38.258,38.258,38.258
train,56,data_56.csv,onset_leak,56_97_120,24,97,120,58200,72000,leak_binary,1,33.224,33.224,33.224,33.224,33.224,27.5,27.5,27.5,27.5,27.5,27.5,32.696,32.696,32.696,32.696,32.696,32.696,38.258,38.258,38.258,38.258,38.258,38.258,40.5
train,56,data_56.csv,onset_leak,56_98_121,24,98,121,58800,72600,leak_binary,1,33.224,33.224,33.224,33.224,27.5,27.5,27.5,27.5,27.5,27.5,32.696,32.696,32.696,32.696,32.696,32.696,38.258,38.258,38.258,38.258,38.258,38.258,40.5,40.5
train,56,data_56.csv,onset_leak,56_99_122,24,99,122,59400,73200,leak_binary,1,33.224,33.224,33.224,27.5,27.5,27.5,27.5,27.5,27.5,32.696,32.696,32.696,32.696,32.696,32.696,38.258,38.258,38.258,38.258,38.258,38.258,40.5,40.5,40.5
train,56,data_56.csv,onset_leak,56_100_123,24,100,123,60000,73800,leak_binary,1,33.224,33.224,27.5,27.5,27.5,27.5,27.5,27.5,32.696,32.696,32.696,32.696,32.696,32.696,38.258,38.258,38.258,38.258,38.258,38.258,40.5,40.5,40.5,40.5
train,56,data_56.csv,onset_leak,56_101_124,24,101,124,60600,74400,leak_binary,1,33.224,27.5,27.5,27.5,27.5,27.5,27.5,32.696,32.696,32.696,32.696,32.696,32.696,38.258,38.258,38.258,38.258,38.258,38.258,40.5,40.5,40.5,40.5,40.5
train,56,data_56.csv,onset_leak,56_102_125,24,102,125,61200,75000,leak_binary,1,27.5,27.5,27.5,27.5,27.5,27.5,32.696,32.696,32.696,32.696,32.696,32.696,38.258,38.258,38.258,38.258,38.258,38.258,40.5,40.5,40.5,40.5,40.5,40.5
train,56,data_56.csv,onset_leak,56_103_126,24,103,126,61800,75600,leak_binary,1,27.5,27.5,27.5,27.5,27.5,32.696,32.696,32.696,32.696,32.696,32.696,38.258,38.258,38.258,38.258,38.258,38.258,40.5,40.5,40.5,40.5,40.5,40.5,44.14
train,56,data_56.csv,onset_leak,56_104_127,24,104,127,62400,76200,leak_binary,1,27.5,27.5,27.5,27.5,32.696,32.696,32.696,32.696,32.696,32.696,38.258,38.258,38.258,38.258,38.258,38.258,40.5,40.5,40.5,40.5,40.5,40.5,44.14,44.14
train,56,data_56.csv,onset_leak,56_105_128,24,105,128,63000,76800,leak_binary,1,27.5,27.5,27.5,32.696,32.696,32.696,32.696,32.696,32.696,38.258,38.258,38.258,38.258,38.258,38.258,40.5,40.5,40.5,40.5,40.5,40.5,44.14,44.14,44.14
train,56,data_56.csv,onset_leak,56_106_129,24,106,129,63600,77400,leak_binary,1,27.5,27.5,32.696,32.696,32.696,32.696,32.696,32.696,38.258,38.258,38.258,38.258,38.258,38.258,40.5,40.5,40.5,40.5,40.5,40.5,44.14,44.14,44.14,44.14
train,56,data_56.csv,onset_leak,56_107_130,24,107,130,64200,78000,leak_binary,1,27.5,32.696,32.696,32.696,32.696,32.696,32.696,38.258,38.258,38.258,38.258,38.258,38.258,40.5,40.5,40.5,40.5,40.5,40.5,44.14,44.14,44.14,44.14,44.14
train,56,data_56.csv,onset_leak,56_108_131,24,108,131,64800,78600,leak_binary,1,32.696,32.696,32.696,32.696,32.696,32.696,38.258,38.258,38.258,38.258,38.258,38.258,40.5,40.5,40.5,40.5,40.5,40.5,44.14,44.14,44.14,44.14,44.14,44.14
train,56,data_56.csv,onset_leak,56_109_132,24,109,132,65400,79200,leak_binary,1,32.696,32.696,32.696,32.696,32.696,38.258,38.258,38.258,38.258,38.258,38.258,40.5,40.5,40.5,40.5,40.5,40.5,44.14,44.14,44.14,44.14,44.14,44.14,33.876
train,56,data_56.csv,onset_leak,56_110_133,24,110,133,66000,79800,leak_binary,1,32.696,32.696,32.696,32.696,38.258,38.258,38.258,38.258,38.258,38.258,40.5,40.5,40.5,40.5,40.5,40.5,44.14,44.14,44.14,44.14,44.14,44.14,33.876,33.876
train,56,data_56.csv,onset_leak,56_111_134,24,111,134,66600,80400,leak_binary,1,32.696,32.696,32.696,38.258,38.258,38.258,38.258,38.258,38.258,40.5,40.5,40.5,40.5,40.5,40.5,44.14,44.14,44.14,44.14,44.14,44.14,33.876,33.876,33.876
train,56,data_56.csv,onset_leak,56_112_135,24,112,135,67200,81000,leak_binary,1,32.696,32.696,38.258,38.258,38.258,38.258,38.258,38.258,40.5,40.5,40.5,40.5,40.5,40.5,44.14,44.14,44.14,44.14,44.14,44.14,33.876,33.876,33.876,33.876
train,56,data_56.csv,onset_leak,56_113_136,24,113,136,67800,81600,leak_binary,1,32.696,38.258,38.258,38.258,38.258,38.258,38.258,40.5,40.5,40.5,40.5,40.5,40.5,44.14,44.14,44.14,44.14,44.14,44.14,33.876,33.876,33.876,33.876,33.876
train,56,data_56.csv,onset_leak,56_114_137,24,114,137,68400,82200,leak_binary,1,38.258,38.258,38.258,38.258,38.258,38.258,40.5,40.5,40.5,40.5,40.5,40.5,44.14,44.14,44.14,44.14,44.14,44.14,33.876,33.876,33.876,33.876,33.876,33.876
train,56,data_56.csv,onset_leak,56_115_138,24,115,138,69000,82800,leak_binary,1,38.258,38.258,38.258,38.258,38.258,40.5,40.5,40.5,40.5,40.5,40.5,44.14,44.14,44.14,44.14,44.14,44.14,33.876,33.876,33.876,33.876,33.876,33.876,16.5
train,56,data_56.csv,onset_leak,56_116_139,24,116,139,69600,83400,leak_binary,1,38.258,38.258,38.258,38.258,40.5,40.5,40.5,40.5,40.5,40.5,44.14,44.14,44.14,44.14,44.14,44.14,33.876,33.876,33.876,33.876,33.876,33.876,16.5,16.5
train,56,data_56.csv,onset_leak,56_117_140,24,117,140,70200,84000,leak_binary,1,38.258,38.258,38.258,40.5,40.5,40.5,40.5,40.5,40.5,44.14,44.14,44.14,44.14,44.14,44.14,33.876,33.876,33.876,33.876,33.876,33.876,16.5,16.5,16.5
train,56,data_56.csv,onset_leak,56_118_141,24,118,141,70800,84600,leak_binary,1,38.258,38.258,40.5,40.5,40.5,40.5,40.5,40.5,44.14,44.14,44.14,44.14,44.14,44.14,33.876,33.876,33.876,33.876,33.876,33.876,16.5,16.5,16.5,16.5
train,56,data_56.csv,onset_leak,56_119_142,24,119,142,71400,85200,leak_binary,1,38.258,40.5,40.5,40.5,40.5,40.5,40.5,44.14,44.14,44.14,44.14,44.14,44.14,33.876,33.876,33.876,33.876,33.876,33.876,16.5,16.5,16.5,16.5,16.5
train,56,data_56.csv,onset_leak,56_120_143,24,120,143,72000,85800,leak_binary,1,40.5,40.5,40.5,40.5,40.5,40.5,44.14,44.14,44.14,44.14,44.14,44.14,33.876,33.876,33.876,33.876,33.876,33.876,16.5,16.5,16.5,16.5,16.5,16.5
train,56,data_56.csv,onset_leak,56_121_144,24,121,144,72600,86400,leak_binary,1,40.5,40.5,40.5,40.5,40.5,44.14,44.14,44.14,44.14,44.14,44.14,33.876,33.876,33.876,33.876,33.876,33.876,16.5,16.5,16.5,16.5,16.5,16.5,15.5
train,57,data_57.csv,onset_leak,57_0_23,24,0,23,0,13800,leak_binary,0,5.0,5.0,5.0,5.0,5.0,5.0,5.0,5.0,5.0,5.0,5.0,5.0,3.0,3.0079,3.0,3.0108,3.0,3.007,3.0,3.0002,2.9979,3.0,3.0016,3.0007
train,57,data_57.csv,onset_leak,57_1_24,24,1,24,600,14400,leak_binary,0,5.0,5.0,5.0,5.0,5.0,5.0,5.0,5.0,5.0,5.0,5.0,3.0,3.0079,3.0,3.0108,3.0,3.007,3.0,3.0002,2.9979,3.0,3.0016,3.0007,13.0
train,57,data_57.csv,onset_leak,57_2_25,24,2,25,1200,15000,leak_binary,0,5.0,5.0,5.0,5.0,5.0,5.0,5.0,5.0,5.0,5.0,3.0,3.0079,3.0,3.0108,3.0,3.007,3.0,3.0002,2.9979,3.0,3.0016,3.0007,13.0,13.0
train,57,data_57.csv,onset_leak,57_3_26,24,3,26,1800,15600,leak_binary,0,5.0,5.0,5.0,5.0,5.0,5.0,5.0,5.0,5.0,3.0,3.0079,3.0,3.0108,3.0,3.007,3.0,3.0002,2.9979,3.0,3.0016,3.0007,13.0,13.0,13.0
train,57,data_57.csv,onset_leak,57_4_27,24,4,27,2400,16200,leak_binary,0,5.0,5.0,5.0,5.0,5.0,5.0,5.0,5.0,3.0,3.0079,3.0,3.0108,3.0,3.007,3.0,3.0002,2.9979,3.0,3.0016,3.0007,13.0,13.0,13.0,13.0
train,57,data_57.csv,onset_leak,57_5_28,24,5,28,3000,16800,leak_binary,0,5.0,5.0,5.0,5.0,5.0,5.0,5.0,3.0,3.0079,3.0,3.0108,3.0,3.007,3.0,3.0002,2.9979,3.0,3.0016,3.0007,13.0,13.0,13.0,13.0,13.0
train,57,data_57.csv,onset_leak,57_6_29,24,6,29,3600,17400,leak_binary,0,5.0,5.0,5.0,5.0,5.0,5.0,3.0,3.0079,3.0,3.0108,3.0,3.007,3.0,3.0002,2.9979,3.0,3.0016,3.0007,13.0,13.0,13.0,13.0,13.0,13.0
train,57,data_57.csv,onset_leak,57_7_30,24,7,30,4200,18000,leak_binary,0,5.0,5.0,5.0,5.0,5.0,3.0,3.0079,3.0,3.0108,3.0,3.007,3.0,3.0002,2.9979,3.0,3.0016,3.0007,13.0,13.0,13.0,13.0,13.0,13.0,27.5
train,57,data_57.csv,onset_leak,57_8_31,24,8,31,4800,18600,leak_binary,0,5.0,5.0,5.0,5.0,3.0,3.0079,3.0,3.0108,3.0,3.007,3.0,3.0002,2.9979,3.0,3.0016,3.0007,13.0,13.0,13.0,13.0,13.0,13.0,27.5,27.5
train,57,data_57.csv,onset_leak,57_9_32,24,9,32,5400,19200,leak_binary,0,5.0,5.0,5.0,3.0,3.0079,3.0,3.0108,3.0,3.007,3.0,3.0002,2.9979,3.0,3.0016,3.0007,13.0,13.0,13.0,13.0,13.0,13.0,27.5,27.5,27.5
train,57,data_57.csv,onset_leak,57_10_33,24,10,33,6000,19800,leak_binary,0,5.0,5.0,3.0,3.0079,3.0,3.0108,3.0,3.007,3.0,3.0002,2.9979,3.0,3.0016,3.0007,13.0,13.0,13.0,13.0,13.0,13.0,27.5,27.5,27.5,27.5
train,57,data_57.csv,onset_leak,57_11_34,24,11,34,6600,20400,leak_binary,0,5.0,3.0,3.0079,3.0,3.0108,3.0,3.007,3.0,3.0002,2.9979,3.0,3.0016,3.0007,13.0,13.0,13.0,13.0,13.0,13.0,27.5,27.5,27.5,27.5,27.5
train,57,data_57.csv,onset_leak,57_12_35,24,12,35,7200,21000,leak_binary,0,3.0,3.0079,3.0,3.0108,3.0,3.007,3.0,3.0002,2.9979,3.0,3.0016,3.0007,13.0,13.0,13.0,13.0,13.0,13.0,27.5,27.5,27.5,27.5,27.5,27.5
train,57,data_57.csv,onset_leak,57_13_36,24,13,36,7800,21600,leak_binary,0,3.0079,3.0,3.0108,3.0,3.007,3.0,3.0002,2.9979,3.0,3.0016,3.0007,13.0,13.0,13.0,13.0,13.0,13.0,27.5,27.5,27.5,27.5,27.5,27.5,36.0
train,57,data_57.csv,onset_leak,57_14_37,24,14,37,8400,22200,leak_binary,0,3.0,3.0108,3.0,3.007,3.0,3.0002,2.9979,3.0,3.0016,3.0007,13.0,13.0,13.0,13.0,13.0,13.0,27.5,27.5,27.5,27.5,27.5,27.5,36.0,36.0
train,57,data_57.csv,onset_leak,57_15_38,24,15,38,9000,22800,leak_binary,0,3.0108,3.0,3.007,3.0,3.0002,2.9979,3.0,3.0016,3.0007,13.0,13.0,13.0,13.0,13.0,13.0,27.5,27.5,27.5,27.5,27.5,27.5,36.0,36.0,36.0
train,57,data_57.csv,onset_leak,57_16_39,24,16,39,9600,23400,leak_binary,0,3.0,3.007,3.0,3.0002,2.9979,3.0,3.0016,3.0007,13.0,13.0,13.0,13.0,13.0,13.0,27.5,27.5,27.5,27.5,27.5,27.5,36.0,36.0,36.0,36.0
train,57,data_57.csv,onset_leak,57_17_40,24,17,40,10200,24000,leak_binary,0,3.007,3.0,3.0002,2.9979,3.0,3.0016,3.0007,13.0,13.0,13.0,13.0,13.0,13.0,27.5,27.5,27.5,27.5,27.5,27.5,36.0,36.0,36.0,36.0,36.0
train,57,data_57.csv,onset_leak,57_18_41,24,18,41,10800,24600,leak_binary,0,3.0,3.0002,2.9979,3.0,3.0016,3.0007,13.0,13.0,13.0,13.0,13.0,13.0,27.5,27.5,27.5,27.5,27.5,27.5,36.0,36.0,36.0,36.0,36.0,36.0
train,57,data_57.csv,onset_leak,57_19_42,24,19,42,11400,25200,leak_binary,0,3.0002,2.9979,3.0,3.0016,3.0007,13.0,13.0,13.0,13.0,13.0,13.0,27.5,27.5,27.5,27.5,27.5,27.5,36.0,36.0,36.0,36.0,36.0,36.0,44.5
train,57,data_57.csv,onset_leak,57_20_43,24,20,43,12000,25800,leak_binary,0,2.9979,3.0,3.0016,3.0007,13.0,13.0,13.0,13.0,13.0,13.0,27.5,27.5,27.5,27.5,27.5,27.5,36.0,36.0,36.0,36.0,36.0,36.0,44.5,44.5
train,57,data_57.csv,onset_leak,57_21_44,24,21,44,12600,26400,leak_binary,0,3.0,3.0016,3.0007,13.0,13.0,13.0,13.0,13.0,13.0,27.5,27.5,27.5,27.5,27.5,27.5,36.0,36.0,36.0,36.0,36.0,36.0,44.5,44.5,44.5
train,57,data_57.csv,onset_leak,57_22_45,24,22,45,13200,27000,leak_binary,0,3.0016,3.0007,13.0,13.0,13.0,13.0,13.0,13.0,27.5,27.5,27.5,27.5,27.5,27.5,36.0,36.0,36.0,36.0,36.0,36.0,44.5,44.5,44.5,44.5
train,57,data_57.csv,onset_leak,57_23_46,24,23,46,13800,27600,leak_binary,0,3.0007,13.0,13.0,13.0,13.0,13.0,13.0,27.5,27.5,27.5,27.5,27.5,27.5,36.0,36.0,36.0,36.0,36.0,36.0,44.5,44.5,44.5,44.5,44.5
train,57,data_57.csv,onset_leak,57_24_47,24,24,47,14400,28200,leak_binary,0,13.0,13.0,13.0,13.0,13.0,13.0,27.5,27.5,27.5,27.5,27.5,27.5,36.0,36.0,36.0,36.0,36.0,36.0,44.5,44.5,44.5,44.5,44.5,44.5
train,57,data_57.csv,onset_leak,57_25_48,24,25,48,15000,28800,leak_binary,0,13.0,13.0,13.0,13.0,13.0,27.5,27.5,27.5,27.5,27.5,27.5,36.0,36.0,36.0,36.0,36.0,36.0,44.5,44.5,44.5,44.5,44.5,44.5,55.5
train,57,data_57.csv,onset_leak,57_26_49,24,26,49,15600,29400,leak_binary,0,13.0,13.0,13.0,13.0,27.5,27.5,27.5,27.5,27.5,27.5,36.0,36.0,36.0,36.0,36.0,36.0,44.5,44.5,44.5,44.5,44.5,44.5,55.5,55.5
train,57,data_57.csv,onset_leak,57_27_50,24,27,50,16200,30000,leak_binary,0,13.0,13.0,13.0,27.5,27.5,27.5,27.5,27.5,27.5,36.0,36.0,36.0,36.0,36.0,36.0,44.5,44.5,44.5,44.5,44.5,44.5,55.5,55.5,55.5
train,57,data_57.csv,onset_leak,57_28_51,24,28,51,16800,30600,leak_binary,0,13.0,13.0,27.5,27.5,27.5,27.5,27.5,27.5,36.0,36.0,36.0,36.0,36.0,36.0,44.5,44.5,44.5,44.5,44.5,44.5,55.5,55.5,55.5,55.5
train,57,data_57.csv,onset_leak,57_29_52,24,29,52,17400,31200,leak_binary,0,13.0,27.5,27.5,27.5,27.5,27.5,27.5,36.0,36.0,36.0,36.0,36.0,36.0,44.5,44.5,44.5,44.5,44.5,44.5,55.5,55.5,55.5,55.5,55.5
train,57,data_57.csv,onset_leak,57_30_53,24,30,53,18000,31800,leak_binary,0,27.5,27.5,27.5,27.5,27.5,27.5,36.0,36.0,36.0,36.0,36.0,36.0,44.5,44.5,44.5,44.5,44.5,44.5,55.5,55.5,55.5,55.5,55.5,55.5
train,57,data_57.csv,onset_leak,57_31_54,24,31,54,18600,32400,leak_binary,0,27.5,27.5,27.5,27.5,27.5,36.0,36.0,36.0,36.0,36.0,36.0,44.5,44.5,44.5,44.5,44.5,44.5,55.5,55.5,55.5,55.5,55.5,55.5,45.0
train,57,data_57.csv,onset_leak,57_32_55,24,32,55,19200,33000,leak_binary,0,27.5,27.5,27.5,27.5,36.0,36.0,36.0,36.0,36.0,36.0,44.5,44.5,44.5,44.5,44.5,44.5,55.5,55.5,55.5,55.5,55.5,55.5,45.0,45.0
train,57,data_57.csv,onset_leak,57_33_56,24,33,56,19800,33600,leak_binary,0,27.5,27.5,27.5,36.0,36.0,36.0,36.0,36.0,36.0,44.5,44.5,44.5,44.5,44.5,44.5,55.5,55.5,55.5,55.5,55.5,55.5,45.0,45.0,45.0
train,57,data_57.csv,onset_leak,57_34_57,24,34,57,20400,34200,leak_binary,0,27.5,27.5,36.0,36.0,36.0,36.0,36.0,36.0,44.5,44.5,44.5,44.5,44.5,44.5,55.5,55.5,55.5,55.5,55.5,55.5,45.0,45.0,45.0,45.0
train,57,data_57.csv,onset_leak,57_35_58,24,35,58,21000,34800,leak_binary,0,27.5,36.0,36.0,36.0,36.0,36.0,36.0,44.5,44.5,44.5,44.5,44.5,44.5,55.5,55.5,55.5,55.5,55.5,55.5,45.0,45.0,45.0,45.0,45.0
train,57,data_57.csv,onset_leak,57_36_59,24,36,59,21600,35400,leak_binary,0,36.0,36.0,36.0,36.0,36.0,36.0,44.5,44.5,44.5,44.5,44.5,44.5,55.5,55.5,55.5,55.5,55.5,55.5,45.0,45.0,45.0,45.0,45.0,45.0
train,57,data_57.csv,onset_leak,57_37_60,24,37,60,22200,36000,leak_binary,0,36.0,36.0,36.0,36.0,36.0,44.5,44.5,44.5,44.5,44.5,44.5,55.5,55.5,55.5,55.5,55.5,55.5,45.0,45.0,45.0,45.0,45.0,45.0,41.0
train,57,data_57.csv,onset_leak,57_38_61,24,38,61,22800,36600,leak_binary,0,36.0,36.0,36.0,36.0,44.5,44.5,44.5,44.5,44.5,44.5,55.5,55.5,55.5,55.5,55.5,55.5,45.0,45.0,45.0,45.0,45.0,45.0,41.0,41.0
train,57,data_57.csv,onset_leak,57_39_62,24,39,62,23400,37200,leak_binary,0,36.0,36.0,36.0,44.5,44.5,44.5,44.5,44.5,44.5,55.5,55.5,55.5,55.5,55.5,55.5,45.0,45.0,45.0,45.0,45.0,45.0,41.0,41.0,41.0
train,57,data_57.csv,onset_leak,57_40_63,24,40,63,24000,37800,leak_binary,0,36.0,36.0,44.5,44.5,44.5,44.5,44.5,44.5,55.5,55.5,55.5,55.5,55.5,55.5,45.0,45.0,45.0,45.0,45.0,45.0,41.0,41.0,41.0,41.0
train,57,data_57.csv,onset_leak,57_41_64,24,41,64,24600,38400,leak_binary,0,36.0,44.5,44.5,44.5,44.5,44.5,44.5,55.5,55.5,55.5,55.5,55.5,55.5,45.0,45.0,45.0,45.0,45.0,45.0,41.0,41.0,41.0,41.0,41.0
train,57,data_57.csv,onset_leak,57_42_65,24,42,65,25200,39000,leak_binary,0,44.5,44.5,44.5,44.5,44.5,44.5,55.5,55.5,55.5,55.5,55.5,55.5,45.0,45.0,45.0,45.0,45.0,45.0,41.0,41.0,41.0,41.0,41.0,41.0
train,57,data_57.csv,onset_leak,57_43_66,24,43,66,25800,39600,leak_binary,0,44.5,44.5,44.5,44.5,44.5,55.5,55.5,55.5,55.5,55.5,55.5,45.0,45.0,45.0,45.0,45.0,45.0,41.0,41.0,41.0,41.0,41.0,41.0,47.0
train,57,data_57.csv,onset_leak,57_44_67,24,44,67,26400,40200,leak_binary,0,44.5,44.5,44.5,44.5,55.5,55.5,55.5,55.5,55.5,55.5,45.0,45.0,45.0,45.0,45.0,45.0,41.0,41.0,41.0,41.0,41.0,41.0,47.0,47.0
train,57,data_57.csv,onset_leak,57_45_68,24,45,68,27000,40800,leak_binary,0,44.5,44.5,44.5,55.5,55.5,55.5,55.5,55.5,55.5,45.0,45.0,45.0,45.0,45.0,45.0,41.0,41.0,41.0,41.0,41.0,41.0,47.0,47.0,47.0
train,57,data_57.csv,onset_leak,57_46_69,24,46,69,27600,41400,leak_binary,0,44.5,44.5,55.5,55.5,55.5,55.5,55.5,55.5,45.0,45.0,45.0,45.0,45.0,45.0,41.0,41.0,41.0,41.0,41.0,41.0,47.0,47.0,47.0,47.0
train,57,data_57.csv,onset_leak,57_47_70,24,47,70,28200,42000,leak_binary,0,44.5,55.5,55.5,55.5,55.5,55.5,55.5,45.0,45.0,45.0,45.0,45.0,45.0,41.0,41.0,41.0,41.0,41.0,41.0,47.0,47.0,47.0,47.0,47.0
train,57,data_57.csv,onset_leak,57_48_71,24,48,71,28800,42600,leak_binary,0,55.5,55.5,55.5,55.5,55.5,55.5,45.0,45.0,45.0,45.0,45.0,45.0,41.0,41.0,41.0,41.0,41.0,41.0,47.0,47.0,47.0,47.0,47.0,47.0
train,57,data_57.csv,onset_leak,57_49_72,24,49,72,29400,43200,leak_binary,1,55.5,55.5,55.5,55.5,55.5,45.0,45.0,45.0,45.0,45.0,45.0,41.0,41.0,41.0,41.0,41.0,41.0,47.0,47.0,47.0,47.0,47.0,47.0,60.0
train,57,data_57.csv,onset_leak,57_50_73,24,50,73,30000,43800,leak_binary,1,55.5,55.5,55.5,55.5,45.0,45.0,45.0,45.0,45.0,45.0,41.0,41.0,41.0,41.0,41.0,41.0,47.0,47.0,47.0,47.0,47.0,47.0,60.0,60.0
train,57,data_57.csv,onset_leak,57_51_74,24,51,74,30600,44400,leak_binary,1,55.5,55.5,55.5,45.0,45.0,45.0,45.0,45.0,45.0,41.0,41.0,41.0,41.0,41.0,41.0,47.0,47.0,47.0,47.0,47.0,47.0,60.0,60.0,60.0
train,57,data_57.csv,onset_leak,57_52_75,24,52,75,31200,45000,leak_binary,1,55.5,55.5,45.0,45.0,45.0,45.0,45.0,45.0,41.0,41.0,41.0,41.0,41.0,41.0,47.0,47.0,47.0,47.0,47.0,47.0,60.0,60.0,60.0,60.0
train,57,data_57.csv,onset_leak,57_53_76,24,53,76,31800,45600,leak_binary,1,55.5,45.0,45.0,45.0,45.0,45.0,45.0,41.0,41.0,41.0,41.0,41.0,41.0,47.0,47.0,47.0,47.0,47.0,47.0,60.0,60.0,60.0,60.0,60.0
train,57,data_57.csv,onset_leak,57_54_77,24,54,77,32400,46200,leak_binary,1,45.0,45.0,45.0,45.0,45.0,45.0,41.0,41.0,41.0,41.0,41.0,41.0,47.0,47.0,47.0,47.0,47.0,47.0,60.0,60.0,60.0,60.0,60.0,60.0
train,57,data_57.csv,onset_leak,57_55_78,24,55,78,33000,46800,leak_binary,1,45.0,45.0,45.0,45.0,45.0,41.0,41.0,41.0,41.0,41.0,41.0,47.0,47.0,47.0,47.0,47.0,47.0,60.0,60.0,60.0,60.0,60.0,60.0,61.5
train,57,data_57.csv,onset_leak,57_56_79,24,56,79,33600,47400,leak_binary,1,45.0,45.0,45.0,45.0,41.0,41.0,41.0,41.0,41.0,41.0,47.0,47.0,47.0,47.0,47.0,47.0,60.0,60.0,60.0,60.0,60.0,60.0,61.5,61.5
train,57,data_57.csv,onset_leak,57_57_80,24,57,80,34200,48000,leak_binary,1,45.0,45.0,45.0,41.0,41.0,41.0,41.0,41.0,41.0,47.0,47.0,47.0,47.0,47.0,47.0,60.0,60.0,60.0,60.0,60.0,60.0,61.5,61.5,61.5
train,57,data_57.csv,onset_leak,57_58_81,24,58,81,34800,48600,leak_binary,1,45.0,45.0,41.0,41.0,41.0,41.0,41.0,41.0,47.0,47.0,47.0,47.0,47.0,47.0,60.0,60.0,60.0,60.0,60.0,60.0,61.5,61.5,61.5,61.5
train,57,data_57.csv,onset_leak,57_59_82,24,59,82,35400,49200,leak_binary,1,45.0,41.0,41.0,41.0,41.0,41.0,41.0,47.0,47.0,47.0,47.0,47.0,47.0,60.0,60.0,60.0,60.0,60.0,60.0,61.5,61.5,61.5,61.5,61.5
train,57,data_57.csv,onset_leak,57_60_83,24,60,83,36000,49800,leak_binary,1,41.0,41.0,41.0,41.0,41.0,41.0,47.0,47.0,47.0,47.0,47.0,47.0,60.0,60.0,60.0,60.0,60.0,60.0,61.5,61.5,61.5,61.5,61.5,61.5
train,57,data_57.csv,onset_leak,57_61_84,24,61,84,36600,50400,leak_binary,1,41.0,41.0,41.0,41.0,41.0,47.0,47.0,47.0,47.0,47.0,47.0,60.0,60.0,60.0,60.0,60.0,60.0,61.5,61.5,61.5,61.5,61.5,61.5,64.5
train,57,data_57.csv,onset_leak,57_62_85,24,62,85,37200,51000,leak_binary,1,41.0,41.0,41.0,41.0,47.0,47.0,47.0,47.0,47.0,47.0,60.0,60.0,60.0,60.0,60.0,60.0,61.5,61.5,61.5,61.5,61.5,61.5,64.5,64.5
train,57,data_57.csv,onset_leak,57_63_86,24,63,86,37800,51600,leak_binary,1,41.0,41.0,41.0,47.0,47.0,47.0,47.0,47.0,47.0,60.0,60.0,60.0,60.0,60.0,60.0,61.5,61.5,61.5,61.5,61.5,61.5,64.5,64.5,64.5
train,57,data_57.csv,onset_leak,57_64_87,24,64,87,38400,52200,leak_binary,1,41.0,41.0,47.0,47.0,47.0,47.0,47.0,47.0,60.0,60.0,60.0,60.0,60.0,60.0,61.5,61.5,61.5,61.5,61.5,61.5,64.5,64.5,64.5,64.5
train,57,data_57.csv,onset_leak,57_65_88,24,65,88,39000,52800,leak_binary,1,41.0,47.0,47.0,47.0,47.0,47.0,47.0,60.0,60.0,60.0,60.0,60.0,60.0,61.5,61.5,61.5,61.5,61.5,61.5,64.5,64.5,64.5,64.5,64.5
train,57,data_57.csv,onset_leak,57_66_89,24,66,89,39600,53400,leak_binary,1,47.0,47.0,47.0,47.0,47.0,47.0,60.0,60.0,60.0,60.0,60.0,60.0,61.5,61.5,61.5,61.5,61.5,61.5,64.5,64.5,64.5,64.5,64.5,64.5
train,57,data_57.csv,onset_leak,57_67_90,24,67,90,40200,54000,leak_binary,1,47.0,47.0,47.0,47.0,47.0,60.0,60.0,60.0,60.0,60.0,60.0,61.5,61.5,61.5,61.5,61.5,61.5,64.5,64.5,64.5,64.5,64.5,64.5,71.0
train,57,data_57.csv,onset_leak,57_68_91,24,68,91,40800,54600,leak_binary,1,47.0,47.0,47.0,47.0,60.0,60.0,60.0,60.0,60.0,60.0,61.5,61.5,61.5,61.5,61.5,61.5,64.5,64.5,64.5,64.5,64.5,64.5,71.0,71.0
train,57,data_57.csv,onset_leak,57_69_92,24,69,92,41400,55200,leak_binary,1,47.0,47.0,47.0,60.0,60.0,60.0,60.0,60.0,60.0,61.5,61.5,61.5,61.5,61.5,61.5,64.5,64.5,64.5,64.5,64.5,64.5,71.0,71.0,71.0
train,57,data_57.csv,onset_leak,57_70_93,24,70,93,42000,55800,leak_binary,1,47.0,47.0,60.0,60.0,60.0,60.0,60.0,60.0,61.5,61.5,61.5,61.5,61.5,61.5,64.5,64.5,64.5,64.5,64.5,64.5,71.0,71.0,71.0,71.0
train,57,data_57.csv,onset_leak,57_71_94,24,71,94,42600,56400,leak_binary,1,47.0,60.0,60.0,60.0,60.0,60.0,60.0,61.5,61.5,61.5,61.5,61.5,61.5,64.5,64.5,64.5,64.5,64.5,64.5,71.0,71.0,71.0,71.0,71.0
train,57,data_57.csv,onset_leak,57_72_95,24,72,95,43200,57000,leak_binary,1,60.0,60.0,60.0,60.0,60.0,60.0,61.5,61.5,61.5,61.5,61.5,61.5,64.5,64.5,64.5,64.5,64.5,64.5,71.0,71.0,71.0,71.0,71.0,71.0
train,57,data_57.csv,onset_leak,57_73_96,24,73,96,43800,57600,leak_binary,1,60.0,60.0,60.0,60.0,60.0,61.5,61.5,61.5,61.5,61.5,61.5,64.5,64.5,64.5,64.5,64.5,64.5,71.0,71.0,71.0,71.0,71.0,71.0,74.0
train,57,data_57.csv,onset_leak,57_74_97,24,74,97,44400,58200,leak_binary,1,60.0,60.0,60.0,60.0,61.5,61.5,61.5,61.5,61.5,61.5,64.5,64.5,64.5,64.5,64.5,64.5,71.0,71.0,71.0,71.0,71.0,71.0,74.0,74.0
train,57,data_57.csv,onset_leak,57_75_98,24,75,98,45000,58800,leak_binary,1,60.0,60.0,60.0,61.5,61.5,61.5,61.5,61.5,61.5,64.5,64.5,64.5,64.5,64.5,64.5,71.0,71.0,71.0,71.0,71.0,71.0,74.0,74.0,74.0
train,57,data_57.csv,onset_leak,57_76_99,24,76,99,45600,59400,leak_binary,1,60.0,60.0,61.5,61.5,61.5,61.5,61.5,61.5,64.5,64.5,64.5,64.5,64.5,64.5,71.0,71.0,71.0,71.0,71.0,71.0,74.0,74.0,74.0,74.0
train,57,data_57.csv,onset_leak,57_77_100,24,77,100,46200,60000,leak_binary,1,60.0,61.5,61.5,61.5,61.5,61.5,61.5,64.5,64.5,64.5,64.5,64.5,64.5,71.0,71.0,71.0,71.0,71.0,71.0,74.0,74.0,74.0,74.0,74.0
train,57,data_57.csv,onset_leak,57_78_101,24,78,101,46800,60600,leak_binary,1,61.5,61.5,61.5,61.5,61.5,61.5,64.5,64.5,64.5,64.5,64.5,64.5,71.0,71.0,71.0,71.0,71.0,71.0,74.0,74.0,74.0,74.0,74.0,74.0
train,57,data_57.csv,onset_leak,57_79_102,24,79,102,47400,61200,leak_binary,1,61.5,61.5,61.5,61.5,61.5,64.5,64.5,64.5,64.5,64.5,64.5,71.0,71.0,71.0,71.0,71.0,71.0,74.0,74.0,74.0,74.0,74.0,74.0,79.5
train,57,data_57.csv,onset_leak,57_80_103,24,80,103,48000,61800,leak_binary,1,61.5,61.5,61.5,61.5,64.5,64.5,64.5,64.5,64.5,64.5,71.0,71.0,71.0,71.0,71.0,71.0,74.0,74.0,74.0,74.0,74.0,74.0,79.5,79.5
train,57,data_57.csv,onset_leak,57_81_104,24,81,104,48600,62400,leak_binary,1,61.5,61.5,61.5,64.5,64.5,64.5,64.5,64.5,64.5,71.0,71.0,71.0,71.0,71.0,71.0,74.0,74.0,74.0,74.0,74.0,74.0,79.5,79.5,79.5
train,57,data_57.csv,onset_leak,57_82_105,24,82,105,49200,63000,leak_binary,1,61.5,61.5,64.5,64.5,64.5,64.5,64.5,64.5,71.0,71.0,71.0,71.0,71.0,71.0,74.0,74.0,74.0,74.0,74.0,74.0,79.5,79.5,79.5,79.5
train,57,data_57.csv,onset_leak,57_83_106,24,83,106,49800,63600,leak_binary,1,61.5,64.5,64.5,64.5,64.5,64.5,64.5,71.0,71.0,71.0,71.0,71.0,71.0,74.0,74.0,74.0,74.0,74.0,74.0,79.5,79.5,79.5,79.5,79.5
train,57,data_57.csv,onset_leak,57_84_107,24,84,107,50400,64200,leak_binary,1,64.5,64.5,64.5,64.5,64.5,64.5,71.0,71.0,71.0,71.0,71.0,71.0,74.0,74.0,74.0,74.0,74.0,74.0,79.5,79.5,79.5,79.5,79.5,79.5
train,57,data_57.csv,onset_leak,57_85_108,24,85,108,51000,64800,leak_binary,1,64.5,64.5,64.5,64.5,64.5,71.0,71.0,71.0,71.0,71.0,71.0,74.0,74.0,74.0,74.0,74.0,74.0,79.5,79.5,79.5,79.5,79.5,79.5,77.0
train,57,data_57.csv,onset_leak,57_86_109,24,86,109,51600,65400,leak_binary,1,64.5,64.5,64.5,64.5,71.0,71.0,71.0,71.0,71.0,71.0,74.0,74.0,74.0,74.0,74.0,74.0,79.5,79.5,79.5,79.5,79.5,79.5,77.0,77.0
train,57,data_57.csv,onset_leak,57_87_110,24,87,110,52200,66000,leak_binary,1,64.5,64.5,64.5,71.0,71.0,71.0,71.0,71.0,71.0,74.0,74.0,74.0,74.0,74.0,74.0,79.5,79.5,79.5,79.5,79.5,79.5,77.0,77.0,77.0
train,57,data_57.csv,onset_leak,57_88_111,24,88,111,52800,66600,leak_binary,1,64.5,64.5,71.0,71.0,71.0,71.0,71.0,71.0,74.0,74.0,74.0,74.0,74.0,74.0,79.5,79.5,79.5,79.5,79.5,79.5,77.0,77.0,77.0,77.0
train,57,data_57.csv,onset_leak,57_89_112,24,89,112,53400,67200,leak_binary,1,64.5,71.0,71.0,71.0,71.0,71.0,71.0,74.0,74.0,74.0,74.0,74.0,74.0,79.5,79.5,79.5,79.5,79.5,79.5,77.0,77.0,77.0,77.0,77.0
train,57,data_57.csv,onset_leak,57_90_113,24,90,113,54000,67800,leak_binary,1,71.0,71.0,71.0,71.0,71.0,71.0,74.0,74.0,74.0,74.0,74.0,74.0,79.5,79.5,79.5,79.5,79.5,79.5,77.0,77.0,77.0,77.0,77.0,77.0
train,57,data_57.csv,onset_leak,57_91_114,24,91,114,54600,68400,leak_binary,1,71.0,71.0,71.0,71.0,71.0,74.0,74.0,74.0,74.0,74.0,74.0,79.5,79.5,79.5,79.5,79.5,79.5,77.0,77.0,77.0,77.0,77.0,77.0,77.5
train,57,data_57.csv,onset_leak,57_92_115,24,92,115,55200,69000,leak_binary,1,71.0,71.0,71.0,71.0,74.0,74.0,74.0,74.0,74.0,74.0,79.5,79.5,79.5,79.5,79.5,79.5,77.0,77.0,77.0,77.0,77.0,77.0,77.5,77.5
train,57,data_57.csv,onset_leak,57_93_116,24,93,116,55800,69600,leak_binary,1,71.0,71.0,71.0,74.0,74.0,74.0,74.0,74.0,74.0,79.5,79.5,79.5,79.5,79.5,79.5,77.0,77.0,77.0,77.0,77.0,77.0,77.5,77.5,77.5
train,57,data_57.csv,onset_leak,57_94_117,24,94,117,56400,70200,leak_binary,1,71.0,71.0,74.0,74.0,74.0,74.0,74.0,74.0,79.5,79.5,79.5,79.5,79.5,79.5,77.0,77.0,77.0,77.0,77.0,77.0,77.5,77.5,77.5,77.5
train,57,data_57.csv,onset_leak,57_95_118,24,95,118,57000,70800,leak_binary,1,71.0,74.0,74.0,74.0,74.0,74.0,74.0,79.5,79.5,79.5,79.5,79.5,79.5,77.0,77.0,77.0,77.0,77.0,77.0,77.5,77.5,77.5,77.5,77.5
train,57,data_57.csv,onset_leak,57_96_119,24,96,119,57600,71400,leak_binary,1,74.0,74.0,74.0,74.0,74.0,74.0,79.5,79.5,79.5,79.5,79.5,79.5,77.0,77.0,77.0,77.0,77.0,77.0,77.5,77.5,77.5,77.5,77.5,77.5
train,57,data_57.csv,onset_leak,57_97_120,24,97,120,58200,72000,leak_binary,1,74.0,74.0,74.0,74.0,74.0,79.5,79.5,79.5,79.5,79.5,79.5,77.0,77.0,77.0,77.0,77.0,77.0,77.5,77.5,77.5,77.5,77.5,77.5,61.0
train,57,data_57.csv,onset_leak,57_98_121,24,98,121,58800,72600,leak_binary,1,74.0,74.0,74.0,74.0,79.5,79.5,79.5,79.5,79.5,79.5,77.0,77.0,77.0,77.0,77.0,77.0,77.5,77.5,77.5,77.5,77.5,77.5,61.0,61.0
train,57,data_57.csv,onset_leak,57_99_122,24,99,122,59400,73200,leak_binary,1,74.0,74.0,74.0,79.5,79.5,79.5,79.5,79.5,79.5,77.0,77.0,77.0,77.0,77.0,77.0,77.5,77.5,77.5,77.5,77.5,77.5,61.0,61.0,61.0
train,57,data_57.csv,onset_leak,57_100_123,24,100,123,60000,73800,leak_binary,1,74.0,74.0,79.5,79.5,79.5,79.5,79.5,79.5,77.0,77.0,77.0,77.0,77.0,77.0,77.5,77.5,77.5,77.5,77.5,77.5,61.0,61.0,61.0,61.0
train,57,data_57.csv,onset_leak,57_101_124,24,101,124,60600,74400,leak_binary,1,74.0,79.5,79.5,79.5,79.5,79.5,79.5,77.0,77.0,77.0,77.0,77.0,77.0,77.5,77.5,77.5,77.5,77.5,77.5,61.0,61.0,61.0,61.0,61.0
train,57,data_57.csv,onset_leak,57_102_125,24,102,125,61200,75000,leak_binary,1,79.5,79.5,79.5,79.5,79.5,79.5,77.0,77.0,77.0,77.0,77.0,77.0,77.5,77.5,77.5,77.5,77.5,77.5,61.0,61.0,61.0,61.0,61.0,61.0
train,57,data_57.csv,onset_leak,57_103_126,24,103,126,61800,75600,leak_binary,1,79.5,79.5,79.5,79.5,79.5,77.0,77.0,77.0,77.0,77.0,77.0,77.5,77.5,77.5,77.5,77.5,77.5,61.0,61.0,61.0,61.0,61.0,61.0,27.5
train,57,data_57.csv,onset_leak,57_104_127,24,104,127,62400,76200,leak_binary,1,79.5,79.5,79.5,79.5,77.0,77.0,77.0,77.0,77.0,77.0,77.5,77.5,77.5,77.5,77.5,77.5,61.0,61.0,61.0,61.0,61.0,61.0,27.5,27.5
train,57,data_57.csv,onset_leak,57_105_128,24,105,128,63000,76800,leak_binary,1,79.5,79.5,79.5,77.0,77.0,77.0,77.0,77.0,77.0,77.5,77.5,77.5,77.5,77.5,77.5,61.0,61.0,61.0,61.0,61.0,61.0,27.5,27.5,27.5
train,57,data_57.csv,onset_leak,57_106_129,24,106,129,63600,77400,leak_binary,1,79.5,79.5,77.0,77.0,77.0,77.0,77.0,77.0,77.5,77.5,77.5,77.5,77.5,77.5,61.0,61.0,61.0,61.0,61.0,61.0,27.5,27.5,27.5,27.5
train,57,data_57.csv,onset_leak,57_107_130,24,107,130,64200,78000,leak_binary,1,79.5,77.0,77.0,77.0,77.0,77.0,77.0,77.5,77.5,77.5,77.5,77.5,77.5,61.0,61.0,61.0,61.0,61.0,61.0,27.5,27.5,27.5,27.5,27.5
train,57,data_57.csv,onset_leak,57_108_131,24,108,131,64800,78600,leak_binary,1,77.0,77.0,77.0,77.0,77.0,77.0,77.5,77.5,77.5,77.5,77.5,77.5,61.0,61.0,61.0,61.0,61.0,61.0,27.5,27.5,27.5,27.5,27.5,27.5
train,57,data_57.csv,onset_leak,57_109_132,24,109,132,65400,79200,leak_binary,1,77.0,77.0,77.0,77.0,77.0,77.5,77.5,77.5,77.5,77.5,77.5,61.0,61.0,61.0,61.0,61.0,61.0,27.5,27.5,27.5,27.5,27.5,27.5,14.5
train,57,data_57.csv,onset_leak,57_110_133,24,110,133,66000,79800,leak_binary,1,77.0,77.0,77.0,77.0,77.5,77.5,77.5,77.5,77.5,77.5,61.0,61.0,61.0,61.0,61.0,61.0,27.5,27.5,27.5,27.5,27.5,27.5,14.5,14.5
train,57,data_57.csv,onset_leak,57_111_134,24,111,134,66600,80400,leak_binary,1,77.0,77.0,77.0,77.5,77.5,77.5,77.5,77.5,77.5,61.0,61.0,61.0,61.0,61.0,61.0,27.5,27.5,27.5,27.5,27.5,27.5,14.5,14.5,14.5
train,57,data_57.csv,onset_leak,57_112_135,24,112,135,67200,81000,leak_binary,1,77.0,77.0,77.5,77.5,77.5,77.5,77.5,77.5,61.0,61.0,61.0,61.0,61.0,61.0,27.5,27.5,27.5,27.5,27.5,27.5,14.5,14.5,14.5,14.5
train,57,data_57.csv,onset_leak,57_113_136,24,113,136,67800,81600,leak_binary,1,77.0,77.5,77.5,77.5,77.5,77.5,77.5,61.0,61.0,61.0,61.0,61.0,61.0,27.5,27.5,27.5,27.5,27.5,27.5,14.5,14.5,14.5,14.5,14.5
train,57,data_57.csv,onset_leak,57_114_137,24,114,137,68400,82200,leak_binary,1,77.5,77.5,77.5,77.5,77.5,77.5,61.0,61.0,61.0,61.0,61.0,61.0,27.5,27.5,27.5,27.5,27.5,27.5,14.5,14.5,14.5,14.5,14.5,14.5
train,57,data_57.csv,onset_leak,57_115_138,24,115,138,69000,82800,leak_binary,1,77.5,77.5,77.5,77.5,77.5,61.0,61.0,61.0,61.0,61.0,61.0,27.5,27.5,27.5,27.5,27.5,27.5,14.5,14.5,14.5,14.5,14.5,14.5,9.0
train,57,data_57.csv,onset_leak,57_116_139,24,116,139,69600,83400,leak_binary,1,77.5,77.5,77.5,77.5,61.0,61.0,61.0,61.0,61.0,61.0,27.5,27.5,27.5,27.5,27.5,27.5,14.5,14.5,14.5,14.5,14.5,14.5,9.0,9.0
train,57,data_57.csv,onset_leak,57_117_140,24,117,140,70200,84000,leak_binary,1,77.5,77.5,77.5,61.0,61.0,61.0,61.0,61.0,61.0,27.5,27.5,27.5,27.5,27.5,27.5,14.5,14.5,14.5,14.5,14.5,14.5,9.0,9.0,9.0
train,57,data_57.csv,onset_leak,57_118_141,24,118,141,70800,84600,leak_binary,1,77.5,77.5,61.0,61.0,61.0,61.0,61.0,61.0,27.5,27.5,27.5,27.5,27.5,27.5,14.5,14.5,14.5,14.5,14.5,14.5,9.0,9.0,9.0,9.0
train,57,data_57.csv,onset_leak,57_119_142,24,119,142,71400,85200,leak_binary,1,77.5,61.0,61.0,61.0,61.0,61.0,61.0,27.5,27.5,27.5,27.5,27.5,27.5,14.5,14.5,14.5,14.5,14.5,14.5,9.0,9.0,9.0,9.0,9.0
train,57,data_57.csv,onset_leak,57_120_143,24,120,143,72000,85800,leak_binary,1,61.0,61.0,61.0,61.0,61.0,61.0,27.5,27.5,27.5,27.5,27.5,27.5,14.5,14.5,14.5,14.5,14.5,14.5,9.0,9.0,9.0,9.0,9.0,9.0
train,57,data_57.csv,onset_leak,57_121_144,24,121,144,72600,86400,leak_binary,1,61.0,61.0,61.0,61.0,61.0,27.5,27.5,27.5,27.5,27.5,27.5,14.5,14.5,14.5,14.5,14.5,14.5,9.0,9.0,9.0,9.0,9.0,9.0,5.0
train,58,data_58.csv,onset_leak,58_0_23,24,0,23,0,13800,leak_binary,0,7.0,7.0,7.0,7.0,7.0,7.0,10.0,10.0,10.0,10.0,10.0,10.0,13.0,13.0,13.0,13.0,13.0,13.0,15.692,15.692,15.692,15.692,15.692,15.692
train,58,data_58.csv,onset_leak,58_1_24,24,1,24,600,14400,leak_binary,0,7.0,7.0,7.0,7.0,7.0,10.0,10.0,10.0,10.0,10.0,10.0,13.0,13.0,13.0,13.0,13.0,13.0,15.692,15.692,15.692,15.692,15.692,15.692,19.0
train,58,data_58.csv,onset_leak,58_2_25,24,2,25,1200,15000,leak_binary,0,7.0,7.0,7.0,7.0,10.0,10.0,10.0,10.0,10.0,10.0,13.0,13.0,13.0,13.0,13.0,13.0,15.692,15.692,15.692,15.692,15.692,15.692,19.0,19.0
train,58,data_58.csv,onset_leak,58_3_26,24,3,26,1800,15600,leak_binary,0,7.0,7.0,7.0,10.0,10.0,10.0,10.0,10.0,10.0,13.0,13.0,13.0,13.0,13.0,13.0,15.692,15.692,15.692,15.692,15.692,15.692,19.0,19.0,19.0
train,58,data_58.csv,onset_leak,58_4_27,24,4,27,2400,16200,leak_binary,0,7.0,7.0,10.0,10.0,10.0,10.0,10.0,10.0,13.0,13.0,13.0,13.0,13.0,13.0,15.692,15.692,15.692,15.692,15.692,15.692,19.0,19.0,19.0,19.0
train,58,data_58.csv,onset_leak,58_5_28,24,5,28,3000,16800,leak_binary,0,7.0,10.0,10.0,10.0,10.0,10.0,10.0,13.0,13.0,13.0,13.0,13.0,13.0,15.692,15.692,15.692,15.692,15.692,15.692,19.0,19.0,19.0,19.0,19.0
train,58,data_58.csv,onset_leak,58_6_29,24,6,29,3600,17400,leak_binary,0,10.0,10.0,10.0,10.0,10.0,10.0,13.0,13.0,13.0,13.0,13.0,13.0,15.692,15.692,15.692,15.692,15.692,15.692,19.0,19.0,19.0,19.0,19.0,19.0
train,58,data_58.csv,onset_leak,58_7_30,24,7,30,4200,18000,leak_binary,0,10.0,10.0,10.0,10.0,10.0,13.0,13.0,13.0,13.0,13.0,13.0,15.692,15.692,15.692,15.692,15.692,15.692,19.0,19.0,19.0,19.0,19.0,19.0,31.604
train,58,data_58.csv,onset_leak,58_8_31,24,8,31,4800,18600,leak_binary,0,10.0,10.0,10.0,10.0,13.0,13.0,13.0,13.0,13.0,13.0,15.692,15.692,15.692,15.692,15.692,15.692,19.0,19.0,19.0,19.0,19.0,19.0,31.604,31.604
train,58,data_58.csv,onset_leak,58_9_32,24,9,32,5400,19200,leak_binary,0,10.0,10.0,10.0,13.0,13.0,13.0,13.0,13.0,13.0,15.692,15.692,15.692,15.692,15.692,15.692,19.0,19.0,19.0,19.0,19.0,19.0,31.604,31.604,31.604
train,58,data_58.csv,onset_leak,58_10_33,24,10,33,6000,19800,leak_binary,0,10.0,10.0,13.0,13.0,13.0,13.0,13.0,13.0,15.692,15.692,15.692,15.692,15.692,15.692,19.0,19.0,19.0,19.0,19.0,19.0,31.604,31.604,31.604,31.604
train,58,data_58.csv,onset_leak,58_11_34,24,11,34,6600,20400,leak_binary,0,10.0,13.0,13.0,13.0,13.0,13.0,13.0,15.692,15.692,15.692,15.692,15.692,15.692,19.0,19.0,19.0,19.0,19.0,19.0,31.604,31.604,31.604,31.604,31.604
train,58,data_58.csv,onset_leak,58_12_35,24,12,35,7200,21000,leak_binary,0,13.0,13.0,13.0,13.0,13.0,13.0,15.692,15.692,15.692,15.692,15.692,15.692,19.0,19.0,19.0,19.0,19.0,19.0,31.604,31.604,31.604,31.604,31.604,31.604
train,58,data_58.csv,onset_leak,58_13_36,24,13,36,7800,21600,leak_binary,0,13.0,13.0,13.0,13.0,13.0,15.692,15.692,15.692,15.692,15.692,15.692,19.0,19.0,19.0,19.0,19.0,19.0,31.604,31.604,31.604,31.604,31.604,31.604,46.718
train,58,data_58.csv,onset_leak,58_14_37,24,14,37,8400,22200,leak_binary,0,13.0,13.0,13.0,13.0,15.692,15.692,15.692,15.692,15.692,15.692,19.0,19.0,19.0,19.0,19.0,19.0,31.604,31.604,31.604,31.604,31.604,31.604,46.718,46.718
train,58,data_58.csv,onset_leak,58_15_38,24,15,38,9000,22800,leak_binary,0,13.0,13.0,13.0,15.692,15.692,15.692,15.692,15.692,15.692,19.0,19.0,19.0,19.0,19.0,19.0,31.604,31.604,31.604,31.604,31.604,31.604,46.718,46.718,46.718
train,58,data_58.csv,onset_leak,58_16_39,24,16,39,9600,23400,leak_binary,0,13.0,13.0,15.692,15.692,15.692,15.692,15.692,15.692,19.0,19.0,19.0,19.0,19.0,19.0,31.604,31.604,31.604,31.604,31.604,31.604,46.718,46.718,46.718,46.718
train,58,data_58.csv,onset_leak,58_17_40,24,17,40,10200,24000,leak_binary,0,13.0,15.692,15.692,15.692,15.692,15.692,15.692,19.0,19.0,19.0,19.0,19.0,19.0,31.604,31.604,31.604,31.604,31.604,31.604,46.718,46.718,46.718,46.718,46.718
train,58,data_58.csv,onset_leak,58_18_41,24,18,41,10800,24600,leak_binary,0,15.692,15.692,15.692,15.692,15.692,15.692,19.0,19.0,19.0,19.0,19.0,19.0,31.604,31.604,31.604,31.604,31.604,31.604,46.718,46.718,46.718,46.718,46.718,46.718
train,58,data_58.csv,onset_leak,58_19_42,24,19,42,11400,25200,leak_binary,0,15.692,15.692,15.692,15.692,15.692,19.0,19.0,19.0,19.0,19.0,19.0,31.604,31.604,31.604,31.604,31.604,31.604,46.718,46.718,46.718,46.718,46.718,46.718,56.5
train,58,data_58.csv,onset_leak,58_20_43,24,20,43,12000,25800,leak_binary,0,15.692,15.692,15.692,15.692,19.0,19.0,19.0,19.0,19.0,19.0,31.604,31.604,31.604,31.604,31.604,31.604,46.718,46.718,46.718,46.718,46.718,46.718,56.5,56.5
train,58,data_58.csv,onset_leak,58_21_44,24,21,44,12600,26400,leak_binary,0,15.692,15.692,15.692,19.0,19.0,19.0,19.0,19.0,19.0,31.604,31.604,31.604,31.604,31.604,31.604,46.718,46.718,46.718,46.718,46.718,46.718,56.5,56.5,56.5
train,58,data_58.csv,onset_leak,58_22_45,24,22,45,13200,27000,leak_binary,0,15.692,15.692,19.0,19.0,19.0,19.0,19.0,19.0,31.604,31.604,31.604,31.604,31.604,31.604,46.718,46.718,46.718,46.718,46.718,46.718,56.5,56.5,56.5,56.5
train,58,data_58.csv,onset_leak,58_23_46,24,23,46,13800,27600,leak_binary,0,15.692,19.0,19.0,19.0,19.0,19.0,19.0,31.604,31.604,31.604,31.604,31.604,31.604,46.718,46.718,46.718,46.718,46.718,46.718,56.5,56.5,56.5,56.5,56.5
train,58,data_58.csv,onset_leak,58_24_47,24,24,47,14400,28200,leak_binary,0,19.0,19.0,19.0,19.0,19.0,19.0,31.604,31.604,31.604,31.604,31.604,31.604,46.718,46.718,46.718,46.718,46.718,46.718,56.5,56.5,56.5,56.5,56.5,56.5
train,58,data_58.csv,onset_leak,58_25_48,24,25,48,15000,28800,leak_binary,0,19.0,19.0,19.0,19.0,19.0,31.604,31.604,31.604,31.604,31.604,31.604,46.718,46.718,46.718,46.718,46.718,46.718,56.5,56.5,56.5,56.5,56.5,56.5,57.308
train,58,data_58.csv,onset_leak,58_26_49,24,26,49,15600,29400,leak_binary,0,19.0,19.0,19.0,19.0,31.604,31.604,31.604,31.604,31.604,31.604,46.718,46.718,46.718,46.718,46.718,46.718,56.5,56.5,56.5,56.5,56.5,56.5,57.308,57.308
train,58,data_58.csv,onset_leak,58_27_50,24,27,50,16200,30000,leak_binary,0,19.0,19.0,19.0,31.604,31.604,31.604,31.604,31.604,31.604,46.718,46.718,46.718,46.718,46.718,46.718,56.5,56.5,56.5,56.5,56.5,56.5,57.308,57.308,57.308
train,58,data_58.csv,onset_leak,58_28_51,24,28,51,16800,30600,leak_binary,0,19.0,19.0,31.604,31.604,31.604,31.604,31.604,31.604,46.718,46.718,46.718,46.718,46.718,46.718,56.5,56.5,56.5,56.5,56.5,56.5,57.308,57.308,57.308,57.308
train,58,data_58.csv,onset_leak,58_29_52,24,29,52,17400,31200,leak_binary,0,19.0,31.604,31.604,31.604,31.604,31.604,31.604,46.718,46.718,46.718,46.718,46.718,46.718,56.5,56.5,56.5,56.5,56.5,56.5,57.308,57.308,57.308,57.308,57.308
train,58,data_58.csv,onset_leak,58_30_53,24,30,53,18000,31800,leak_binary,0,31.604,31.604,31.604,31.604,31.604,31.604,46.718,46.718,46.718,46.718,46.718,46.718,56.5,56.5,56.5,56.5,56.5,56.5,57.308,57.308,57.308,57.308,57.308,57.308
train,58,data_58.csv,onset_leak,58_31_54,24,31,54,18600,32400,leak_binary,0,31.604,31.604,31.604,31.604,31.604,46.718,46.718,46.718,46.718,46.718,46.718,56.5,56.5,56.5,56.5,56.5,56.5,57.308,57.308,57.308,57.308,57.308,57.308,53.654
train,58,data_58.csv,onset_leak,58_32_55,24,32,55,19200,33000,leak_binary,0,31.604,31.604,31.604,31.604,46.718,46.718,46.718,46.718,46.718,46.718,56.5,56.5,56.5,56.5,56.5,56.5,57.308,57.308,57.308,57.308,57.308,57.308,53.654,53.654
train,58,data_58.csv,onset_leak,58_33_56,24,33,56,19800,33600,leak_binary,0,31.604,31.604,31.604,46.718,46.718,46.718,46.718,46.718,46.718,56.5,56.5,56.5,56.5,56.5,56.5,57.308,57.308,57.308,57.308,57.308,57.308,53.654,53.654,53.654
train,58,data_58.csv,onset_leak,58_34_57,24,34,57,20400,34200,leak_binary,0,31.604,31.604,46.718,46.718,46.718,46.718,46.718,46.718,56.5,56.5,56.5,56.5,56.5,56.5,57.308,57.308,57.308,57.308,57.308,57.308,53.654,53.654,53.654,53.654
train,58,data_58.csv,onset_leak,58_35_58,24,35,58,21000,34800,leak_binary,0,31.604,46.718,46.718,46.718,46.718,46.718,46.718,56.5,56.5,56.5,56.5,56.5,56.5,57.308,57.308,57.308,57.308,57.308,57.308,53.654,53.654,53.654,53.654,53.654
train,58,data_58.csv,onset_leak,58_36_59,24,36,59,21600,35400,leak_binary,0,46.718,46.718,46.718,46.718,46.718,46.718,56.5,56.5,56.5,56.5,56.5,56.5,57.308,57.308,57.308,57.308,57.308,57.308,53.654,53.654,53.654,53.654,53.654,53.654
train,58,data_58.csv,onset_leak,58_37_60,24,37,60,22200,36000,leak_binary,0,46.718,46.718,46.718,46.718,46.718,56.5,56.5,56.5,56.5,56.5,56.5,57.308,57.308,57.308,57.308,57.308,57.308,53.654,53.654,53.654,53.654,53.654,53.654,47.674
train,58,data_58.csv,onset_leak,58_38_61,24,38,61,22800,36600,leak_binary,0,46.718,46.718,46.718,46.718,56.5,56.5,56.5,56.5,56.5,56.5,57.308,57.308,57.308,57.308,57.308,57.308,53.654,53.654,53.654,53.654,53.654,53.654,47.674,47.674
train,58,data_58.csv,onset_leak,58_39_62,24,39,62,23400,37200,leak_binary,0,46.718,46.718,46.718,56.5,56.5,56.5,56.5,56.5,56.5,57.308,57.308,57.308,57.308,57.308,57.308,53.654,53.654,53.654,53.654,53.654,53.654,47.674,47.674,47.674
train,58,data_58.csv,onset_leak,58_40_63,24,40,63,24000,37800,leak_binary,0,46.718,46.718,56.5,56.5,56.5,56.5,56.5,56.5,57.308,57.308,57.308,57.308,57.308,57.308,53.654,53.654,53.654,53.654,53.654,53.654,47.674,47.674,47.674,47.674
train,58,data_58.csv,onset_leak,58_41_64,24,41,64,24600,38400,leak_binary,0,46.718,56.5,56.5,56.5,56.5,56.5,56.5,57.308,57.308,57.308,57.308,57.308,57.308,53.654,53.654,53.654,53.654,53.654,53.654,47.674,47.674,47.674,47.674,47.674
train,58,data_58.csv,onset_leak,58_42_65,24,42,65,25200,39000,leak_binary,0,56.5,56.5,56.5,56.5,56.5,56.5,57.308,57.308,57.308,57.308,57.308,57.308,53.654,53.654,53.654,53.654,53.654,53.654,47.674,47.674,47.674,47.674,47.674,47.674
train,58,data_58.csv,onset_leak,58_43_66,24,43,66,25800,39600,leak_binary,0,56.5,56.5,56.5,56.5,56.5,57.308,57.308,57.308,57.308,57.308,57.308,53.654,53.654,53.654,53.654,53.654,53.654,47.674,47.674,47.674,47.674,47.674,47.674,49.0
train,58,data_58.csv,onset_leak,58_44_67,24,44,67,26400,40200,leak_binary,0,56.5,56.5,56.5,56.5,57.308,57.308,57.308,57.308,57.308,57.308,53.654,53.654,53.654,53.654,53.654,53.654,47.674,47.674,47.674,47.674,47.674,47.674,49.0,49.0
train,58,data_58.csv,onset_leak,58_45_68,24,45,68,27000,40800,leak_binary,0,56.5,56.5,56.5,57.308,57.308,57.308,57.308,57.308,57.308,53.654,53.654,53.654,53.654,53.654,53.654,47.674,47.674,47.674,47.674,47.674,47.674,49.0,49.0,49.0
train,58,data_58.csv,onset_leak,58_46_69,24,46,69,27600,41400,leak_binary,0,56.5,56.5,57.308,57.308,57.308,57.308,57.308,57.308,53.654,53.654,53.654,53.654,53.654,53.654,47.674,47.674,47.674,47.674,47.674,47.674,49.0,49.0,49.0,49.0
train,58,data_58.csv,onset_leak,58_47_70,24,47,70,28200,42000,leak_binary,0,56.5,57.308,57.308,57.308,57.308,57.308,57.308,53.654,53.654,53.654,53.654,53.654,53.654,47.674,47.674,47.674,47.674,47.674,47.674,49.0,49.0,49.0,49.0,49.0
train,58,data_58.csv,onset_leak,58_48_71,24,48,71,28800,42600,leak_binary,0,57.308,57.308,57.308,57.308,57.308,57.308,53.654,53.654,53.654,53.654,53.654,53.654,47.674,47.674,47.674,47.674,47.674,47.674,49.0,49.0,49.0,49.0,49.0,49.0
train,58,data_58.csv,onset_leak,58_49_72,24,49,72,29400,43200,leak_binary,1,57.308,57.308,57.308,57.308,57.308,53.654,53.654,53.654,53.654,53.654,53.654,47.674,47.674,47.674,47.674,47.674,47.674,49.0,49.0,49.0,49.0,49.0,49.0,48.456
train,58,data_58.csv,onset_leak,58_50_73,24,50,73,30000,43800,leak_binary,1,57.308,57.308,57.308,57.308,53.654,53.654,53.654,53.654,53.654,53.654,47.674,47.674,47.674,47.674,47.674,47.674,49.0,49.0,49.0,49.0,49.0,49.0,48.456,48.456
train,58,data_58.csv,onset_leak,58_51_74,24,51,74,30600,44400,leak_binary,1,57.308,57.308,57.308,53.654,53.654,53.654,53.654,53.654,53.654,47.674,47.674,47.674,47.674,47.674,47.674,49.0,49.0,49.0,49.0,49.0,49.0,48.456,48.456,48.456
train,58,data_58.csv,onset_leak,58_52_75,24,52,75,31200,45000,leak_binary,1,57.308,57.308,53.654,53.654,53.654,53.654,53.654,53.654,47.674,47.674,47.674,47.674,47.674,47.674,49.0,49.0,49.0,49.0,49.0,49.0,48.456,48.456,48.456,48.456
train,58,data_58.csv,onset_leak,58_53_76,24,53,76,31800,45600,leak_binary,1,57.308,53.654,53.654,53.654,53.654,53.654,53.654,47.674,47.674,47.674,47.674,47.674,47.674,49.0,49.0,49.0,49.0,49.0,49.0,48.456,48.456,48.456,48.456,48.456
train,58,data_58.csv,onset_leak,58_54_77,24,54,77,32400,46200,leak_binary,1,53.654,53.654,53.654,53.654,53.654,53.654,47.674,47.674,47.674,47.674,47.674,47.674,49.0,49.0,49.0,49.0,49.0,49.0,48.456,48.456,48.456,48.456,48.456,48.456
train,58,data_58.csv,onset_leak,58_55_78,24,55,78,33000,46800,leak_binary,1,53.654,53.654,53.654,53.654,53.654,47.674,47.674,47.674,47.674,47.674,47.674,49.0,49.0,49.0,49.0,49.0,49.0,48.456,48.456,48.456,48.456,48.456,48.456,40.838
train,58,data_58.csv,onset_leak,58_56_79,24,56,79,33600,47400,leak_binary,1,53.654,53.654,53.654,53.654,47.674,47.674,47.674,47.674,47.674,47.674,49.0,49.0,49.0,49.0,49.0,49.0,48.456,48.456,48.456,48.456,48.456,48.456,40.838,40.838
train,58,data_58.csv,onset_leak,58_57_80,24,57,80,34200,48000,leak_binary,1,53.654,53.654,53.654,47.674,47.674,47.674,47.674,47.674,47.674,49.0,49.0,49.0,49.0,49.0,49.0,48.456,48.456,48.456,48.456,48.456,48.456,40.838,40.838,40.838
train,58,data_58.csv,onset_leak,58_58_81,24,58,81,34800,48600,leak_binary,1,53.654,53.654,47.674,47.674,47.674,47.674,47.674,47.674,49.0,49.0,49.0,49.0,49.0,49.0,48.456,48.456,48.456,48.456,48.456,48.456,40.838,40.838,40.838,40.838
train,58,data_58.csv,onset_leak,58_59_82,24,59,82,35400,49200,leak_binary,1,53.654,47.674,47.674,47.674,47.674,47.674,47.674,49.0,49.0,49.0,49.0,49.0,49.0,48.456,48.456,48.456,48.456,48.456,48.456,40.838,40.838,40.838,40.838,40.838
train,58,data_58.csv,onset_leak,58_60_83,24,60,83,36000,49800,leak_binary,1,47.674,47.674,47.674,47.674,47.674,47.674,49.0,49.0,49.0,49.0,49.0,49.0,48.456,48.456,48.456,48.456,48.456,48.456,40.838,40.838,40.838,40.838,40.838,40.838
train,58,data_58.csv,onset_leak,58_61_84,24,61,84,36600,50400,leak_binary,1,47.674,47.674,47.674,47.674,47.674,49.0,49.0,49.0,49.0,49.0,49.0,48.456,48.456,48.456,48.456,48.456,48.456,40.838,40.838,40.838,40.838,40.838,40.838,36.5
train,58,data_58.csv,onset_leak,58_62_85,24,62,85,37200,51000,leak_binary,1,47.674,47.674,47.674,47.674,49.0,49.0,49.0,49.0,49.0,49.0,48.456,48.456,48.456,48.456,48.456,48.456,40.838,40.838,40.838,40.838,40.838,40.838,36.5,36.5
train,58,data_58.csv,onset_leak,58_63_86,24,63,86,37800,51600,leak_binary,1,47.674,47.674,47.674,49.0,49.0,49.0,49.0,49.0,49.0,48.456,48.456,48.456,48.456,48.456,48.456,40.838,40.838,40.838,40.838,40.838,40.838,36.5,36.5,36.5
train,58,data_58.csv,onset_leak,58_64_87,24,64,87,38400,52200,leak_binary,1,47.674,47.674,49.0,49.0,49.0,49.0,49.0,49.0,48.456,48.456,48.456,48.456,48.456,48.456,40.838,40.838,40.838,40.838,40.838,40.838,36.5,36.5,36.5,36.5
train,58,data_58.csv,onset_leak,58_65_88,24,65,88,39000,52800,leak_binary,1,47.674,49.0,49.0,49.0,49.0,49.0,49.0,48.456,48.456,48.456,48.456,48.456,48.456,40.838,40.838,40.838,40.838,40.838,40.838,36.5,36.5,36.5,36.5,36.5
train,58,data_58.csv,onset_leak,58_66_89,24,66,89,39600,53400,leak_binary,1,49.0,49.0,49.0,49.0,49.0,49.0,48.456,48.456,48.456,48.456,48.456,48.456,40.838,40.838,40.838,40.838,40.838,40.838,36.5,36.5,36.5,36.5,36.5,36.5
train,58,data_58.csv,onset_leak,58_67_90,24,67,90,40200,54000,leak_binary,1,49.0,49.0,49.0,49.0,49.0,48.456,48.456,48.456,48.456,48.456,48.456,40.838,40.838,40.838,40.838,40.838,40.838,36.5,36.5,36.5,36.5,36.5,36.5,36.656
train,58,data_58.csv,onset_leak,58_68_91,24,68,91,40800,54600,leak_binary,1,49.0,49.0,49.0,49.0,48.456,48.456,48.456,48.456,48.456,48.456,40.838,40.838,40.838,40.838,40.838,40.838,36.5,36.5,36.5,36.5,36.5,36.5,36.656,36.656
train,58,data_58.csv,onset_leak,58_69_92,24,69,92,41400,55200,leak_binary,1,49.0,49.0,49.0,48.456,48.456,48.456,48.456,48.456,48.456,40.838,40.838,40.838,40.838,40.838,40.838,36.5,36.5,36.5,36.5,36.5,36.5,36.656,36.656,36.656
train,58,data_58.csv,onset_leak,58_70_93,24,70,93,42000,55800,leak_binary,1,49.0,49.0,48.456,48.456,48.456,48.456,48.456,48.456,40.838,40.838,40.838,40.838,40.838,40.838,36.5,36.5,36.5,36.5,36.5,36.5,36.656,36.656,36.656,36.656
train,58,data_58.csv,onset_leak,58_71_94,24,71,94,42600,56400,leak_binary,1,49.0,48.456,48.456,48.456,48.456,48.456,48.456,40.838,40.838,40.838,40.838,40.838,40.838,36.5,36.5,36.5,36.5,36.5,36.5,36.656,36.656,36.656,36.656,36.656
train,58,data_58.csv,onset_leak,58_72_95,24,72,95,43200,57000,leak_binary,1,48.456,48.456,48.456,48.456,48.456,48.456,40.838,40.838,40.838,40.838,40.838,40.838,36.5,36.5,36.5,36.5,36.5,36.5,36.656,36.656,36.656,36.656,36.656,36.656
train,58,data_58.csv,onset_leak,58_73_96,24,73,96,43800,57600,leak_binary,1,48.456,48.456,48.456,48.456,48.456,40.838,40.838,40.838,40.838,40.838,40.838,36.5,36.5,36.5,36.5,36.5,36.5,36.656,36.656,36.656,36.656,36.656,36.656,37.75
train,58,data_58.csv,onset_leak,58_74_97,24,74,97,44400,58200,leak_binary,1,48.456,48.456,48.456,48.456,40.838,40.838,40.838,40.838,40.838,40.838,36.5,36.5,36.5,36.5,36.5,36.5,36.656,36.656,36.656,36.656,36.656,36.656,37.75,37.75
train,58,data_58.csv,onset_leak,58_75_98,24,75,98,45000,58800,leak_binary,1,48.456,48.456,48.456,40.838,40.838,40.838,40.838,40.838,40.838,36.5,36.5,36.5,36.5,36.5,36.5,36.656,36.656,36.656,36.656,36.656,36.656,37.75,37.75,37.75
train,58,data_58.csv,onset_leak,58_76_99,24,76,99,45600,59400,leak_binary,1,48.456,48.456,40.838,40.838,40.838,40.838,40.838,40.838,36.5,36.5,36.5,36.5,36.5,36.5,36.656,36.656,36.656,36.656,36.656,36.656,37.75,37.75,37.75,37.75
train,58,data_58.csv,onset_leak,58_77_100,24,77,100,46200,60000,leak_binary,1,48.456,40.838,40.838,40.838,40.838,40.838,40.838,36.5,36.5,36.5,36.5,36.5,36.5,36.656,36.656,36.656,36.656,36.656,36.656,37.75,37.75,37.75,37.75,37.75
train,58,data_58.csv,onset_leak,58_78_101,24,78,101,46800,60600,leak_binary,1,40.838,40.838,40.838,40.838,40.838,40.838,36.5,36.5,36.5,36.5,36.5,36.5,36.656,36.656,36.656,36.656,36.656,36.656,37.75,37.75,37.75,37.75,37.75,37.75
train,58,data_58.csv,onset_leak,58_79_102,24,79,102,47400,61200,leak_binary,1,40.838,40.838,40.838,40.838,40.838,36.5,36.5,36.5,36.5,36.5,36.5,36.656,36.656,36.656,36.656,36.656,36.656,37.75,37.75,37.75,37.75,37.75,37.75,44.468
train,58,data_58.csv,onset_leak,58_80_103,24,80,103,48000,61800,leak_binary,1,40.838,40.838,40.838,40.838,36.5,36.5,36.5,36.5,36.5,36.5,36.656,36.656,36.656,36.656,36.656,36.656,37.75,37.75,37.75,37.75,37.75,37.75,44.468,44.468
train,58,data_58.csv,onset_leak,58_81_104,24,81,104,48600,62400,leak_binary,1,40.838,40.838,40.838,36.5,36.5,36.5,36.5,36.5,36.5,36.656,36.656,36.656,36.656,36.656,36.656,37.75,37.75,37.75,37.75,37.75,37.75,44.468,44.468,44.468
train,58,data_58.csv,onset_leak,58_82_105,24,82,105,49200,63000,leak_binary,1,40.838,40.838,36.5,36.5,36.5,36.5,36.5,36.5,36.656,36.656,36.656,36.656,36.656,36.656,37.75,37.75,37.75,37.75,37.75,37.75,44.468,44.468,44.468,44.468
train,58,data_58.csv,onset_leak,58_83_106,24,83,106,49800,63600,leak_binary,1,40.838,36.5,36.5,36.5,36.5,36.5,36.5,36.656,36.656,36.656,36.656,36.656,36.656,37.75,37.75,37.75,37.75,37.75,37.75,44.468,44.468,44.468,44.468,44.468
train,58,data_58.csv,onset_leak,58_84_107,24,84,107,50400,64200,leak_binary,1,36.5,36.5,36.5,36.5,36.5,36.5,36.656,36.656,36.656,36.656,36.656,36.656,37.75,37.75,37.75,37.75,37.75,37.75,44.468,44.468,44.468,44.468,44.468,44.468
train,58,data_58.csv,onset_leak,58_85_108,24,85,108,51000,64800,leak_binary,1,36.5,36.5,36.5,36.5,36.5,36.656,36.656,36.656,36.656,36.656,36.656,37.75,37.75,37.75,37.75,37.75,37.75,44.468,44.468,44.468,44.468,44.468,44.468,51.0
train,58,data_58.csv,onset_leak,58_86_109,24,86,109,51600,65400,leak_binary,1,36.5,36.5,36.5,36.5,36.656,36.656,36.656,36.656,36.656,36.656,37.75,37.75,37.75,37.75,37.75,37.75,44.468,44.468,44.468,44.468,44.468,44.468,51.0,51.0
train,58,data_58.csv,onset_leak,58_87_110,24,87,110,52200,66000,leak_binary,1,36.5,36.5,36.5,36.656,36.656,36.656,36.656,36.656,36.656,37.75,37.75,37.75,37.75,37.75,37.75,44.468,44.468,44.468,44.468,44.468,44.468,51.0,51.0,51.0
train,58,data_58.csv,onset_leak,58_88_111,24,88,111,52800,66600,leak_binary,1,36.5,36.5,36.656,36.656,36.656,36.656,36.656,36.656,37.75,37.75,37.75,37.75,37.75,37.75,44.468,44.468,44.468,44.468,44.468,44.468,51.0,51.0,51.0,51.0
train,58,data_58.csv,onset_leak,58_89_112,24,89,112,53400,67200,leak_binary,1,36.5,36.656,36.656,36.656,36.656,36.656,36.656,37.75,37.75,37.75,37.75,37.75,37.75,44.468,44.468,44.468,44.468,44.468,44.468,51.0,51.0,51.0,51.0,51.0
train,58,data_58.csv,onset_leak,58_90_113,24,90,113,54000,67800,leak_binary,1,36.656,36.656,36.656,36.656,36.656,36.656,37.75,37.75,37.75,37.75,37.75,37.75,44.468,44.468,44.468,44.468,44.468,44.468,51.0,51.0,51.0,51.0,51.0,51.0
train,58,data_58.csv,onset_leak,58_91_114,24,91,114,54600,68400,leak_binary,1,36.656,36.656,36.656,36.656,36.656,37.75,37.75,37.75,37.75,37.75,37.75,44.468,44.468,44.468,44.468,44.468,44.468,51.0,51.0,51.0,51.0,51.0,51.0,61.624
train,58,data_58.csv,onset_leak,58_92_115,24,92,115,55200,69000,leak_binary,1,36.656,36.656,36.656,36.656,37.75,37.75,37.75,37.75,37.75,37.75,44.468,44.468,44.468,44.468,44.468,44.468,51.0,51.0,51.0,51.0,51.0,51.0,61.624,61.624
train,58,data_58.csv,onset_leak,58_93_116,24,93,116,55800,69600,leak_binary,1,36.656,36.656,36.656,37.75,37.75,37.75,37.75,37.75,37.75,44.468,44.468,44.468,44.468,44.468,44.468,51.0,51.0,51.0,51.0,51.0,51.0,61.624,61.624,61.624
train,58,data_58.csv,onset_leak,58_94_117,24,94,117,56400,70200,leak_binary,1,36.656,36.656,37.75,37.75,37.75,37.75,37.75,37.75,44.468,44.468,44.468,44.468,44.468,44.468,51.0,51.0,51.0,51.0,51.0,51.0,61.624,61.624,61.624,61.624
train,58,data_58.csv,onset_leak,58_95_118,24,95,118,57000,70800,leak_binary,1,36.656,37.75,37.75,37.75,37.75,37.75,37.75,44.468,44.468,44.468,44.468,44.468,44.468,51.0,51.0,51.0,51.0,51.0,51.0,61.624,61.624,61.624,61.624,61.624
train,58,data_58.csv,onset_leak,58_96_119,24,96,119,57600,71400,leak_binary,1,37.75,37.75,37.75,37.75,37.75,37.75,44.468,44.468,44.468,44.468,44.468,44.468,51.0,51.0,51.0,51.0,51.0,51.0,61.624,61.624,61.624,61.624,61.624,61.624
train,58,data_58.csv,onset_leak,58_97_120,24,97,120,58200,72000,leak_binary,1,37.75,37.75,37.75,37.75,37.75,44.468,44.468,44.468,44.468,44.468,44.468,51.0,51.0,51.0,51.0,51.0,51.0,61.624,61.624,61.624,61.624,61.624,61.624,61.0
train,58,data_58.csv,onset_leak,58_98_121,24,98,121,58800,72600,leak_binary,1,37.75,37.75,37.75,37.75,44.468,44.468,44.468,44.468,44.468,44.468,51.0,51.0,51.0,51.0,51.0,51.0,61.624,61.624,61.624,61.624,61.624,61.624,61.0,61.0
train,58,data_58.csv,onset_leak,58_99_122,24,99,122,59400,73200,leak_binary,1,37.75,37.75,37.75,44.468,44.468,44.468,44.468,44.468,44.468,51.0,51.0,51.0,51.0,51.0,51.0,61.624,61.624,61.624,61.624,61.624,61.624,61.0,61.0,61.0
train,58,data_58.csv,onset_leak,58_100_123,24,100,123,60000,73800,leak_binary,1,37.75,37.75,44.468,44.468,44.468,44.468,44.468,44.468,51.0,51.0,51.0,51.0,51.0,51.0,61.624,61.624,61.624,61.624,61.624,61.624,61.0,61.0,61.0,61.0
train,58,data_58.csv,onset_leak,58_101_124,24,101,124,60600,74400,leak_binary,1,37.75,44.468,44.468,44.468,44.468,44.468,44.468,51.0,51.0,51.0,51.0,51.0,51.0,61.624,61.624,61.624,61.624,61.624,61.624,61.0,61.0,61.0,61.0,61.0
train,58,data_58.csv,onset_leak,58_102_125,24,102,125,61200,75000,leak_binary,1,44.468,44.468,44.468,44.468,44.468,44.468,51.0,51.0,51.0,51.0,51.0,51.0,61.624,61.624,61.624,61.624,61.624,61.624,61.0,61.0,61.0,61.0,61.0,61.0
train,58,data_58.csv,onset_leak,58_103_126,24,103,126,61800,75600,leak_binary,1,44.468,44.468,44.468,44.468,44.468,51.0,51.0,51.0,51.0,51.0,51.0,61.624,61.624,61.624,61.624,61.624,61.624,61.0,61.0,61.0,61.0,61.0,61.0,43.1
train,58,data_58.csv,onset_leak,58_104_127,24,104,127,62400,76200,leak_binary,1,44.468,44.468,44.468,44.468,51.0,51.0,51.0,51.0,51.0,51.0,61.624,61.624,61.624,61.624,61.624,61.624,61.0,61.0,61.0,61.0,61.0,61.0,43.1,43.1
train,58,data_58.csv,onset_leak,58_105_128,24,105,128,63000,76800,leak_binary,1,44.468,44.468,44.468,51.0,51.0,51.0,51.0,51.0,51.0,61.624,61.624,61.624,61.624,61.624,61.624,61.0,61.0,61.0,61.0,61.0,61.0,43.1,43.1,43.1
train,58,data_58.csv,onset_leak,58_106_129,24,106,129,63600,77400,leak_binary,1,44.468,44.468,51.0,51.0,51.0,51.0,51.0,51.0,61.624,61.624,61.624,61.624,61.624,61.624,61.0,61.0,61.0,61.0,61.0,61.0,43.1,43.1,43.1,43.1
train,58,data_58.csv,onset_leak,58_107_130,24,107,130,64200,78000,leak_binary,1,44.468,51.0,51.0,51.0,51.0,51.0,51.0,61.624,61.624,61.624,61.624,61.624,61.624,61.0,61.0,61.0,61.0,61.0,61.0,43.1,43.1,43.1,43.1,43.1
train,58,data_58.csv,onset_leak,58_108_131,24,108,131,64800,78600,leak_binary,1,51.0,51.0,51.0,51.0,51.0,51.0,61.624,61.624,61.624,61.624,61.624,61.624,61.0,61.0,61.0,61.0,61.0,61.0,43.1,43.1,43.1,43.1,43.1,43.1
train,58,data_58.csv,onset_leak,58_109_132,24,109,132,65400,79200,leak_binary,1,51.0,51.0,51.0,51.0,51.0,61.624,61.624,61.624,61.624,61.624,61.624,61.0,61.0,61.0,61.0,61.0,61.0,43.1,43.1,43.1,43.1,43.1,43.1,27.7
train,58,data_58.csv,onset_leak,58_110_133,24,110,133,66000,79800,leak_binary,1,51.0,51.0,51.0,51.0,61.624,61.624,61.624,61.624,61.624,61.624,61.0,61.0,61.0,61.0,61.0,61.0,43.1,43.1,43.1,43.1,43.1,43.1,27.7,27.7
train,58,data_58.csv,onset_leak,58_111_134,24,111,134,66600,80400,leak_binary,1,51.0,51.0,51.0,61.624,61.624,61.624,61.624,61.624,61.624,61.0,61.0,61.0,61.0,61.0,61.0,43.1,43.1,43.1,43.1,43.1,43.1,27.7,27.7,27.7
train,58,data_58.csv,onset_leak,58_112_135,24,112,135,67200,81000,leak_binary,1,51.0,51.0,61.624,61.624,61.624,61.624,61.624,61.624,61.0,61.0,61.0,61.0,61.0,61.0,43.1,43.1,43.1,43.1,43.1,43.1,27.7,27.7,27.7,27.7
train,58,data_58.csv,onset_leak,58_113_136,24,113,136,67800,81600,leak_binary,1,51.0,61.624,61.624,61.624,61.624,61.624,61.624,61.0,61.0,61.0,61.0,61.0,61.0,43.1,43.1,43.1,43.1,43.1,43.1,27.7,27.7,27.7,27.7,27.7
train,58,data_58.csv,onset_leak,58_114_137,24,114,137,68400,82200,leak_binary,1,61.624,61.624,61.624,61.624,61.624,61.624,61.0,61.0,61.0,61.0,61.0,61.0,43.1,43.1,43.1,43.1,43.1,43.1,27.7,27.7,27.7,27.7,27.7,27.7
train,58,data_58.csv,onset_leak,58_115_138,24,115,138,69000,82800,leak_binary,1,61.624,61.624,61.624,61.624,61.624,61.0,61.0,61.0,61.0,61.0,61.0,43.1,43.1,43.1,43.1,43.1,43.1,27.7,27.7,27.7,27.7,27.7,27.7,7.0
train,58,data_58.csv,onset_leak,58_116_139,24,116,139,69600,83400,leak_binary,1,61.624,61.624,61.624,61.624,61.0,61.0,61.0,61.0,61.0,61.0,43.1,43.1,43.1,43.1,43.1,43.1,27.7,27.7,27.7,27.7,27.7,27.7,7.0,7.0
train,58,data_58.csv,onset_leak,58_117_140,24,117,140,70200,84000,leak_binary,1,61.624,61.624,61.624,61.0,61.0,61.0,61.0,61.0,61.0,43.1,43.1,43.1,43.1,43.1,43.1,27.7,27.7,27.7,27.7,27.7,27.7,7.0,7.0,7.0
train,58,data_58.csv,onset_leak,58_118_141,24,118,141,70800,84600,leak_binary,1,61.624,61.624,61.0,61.0,61.0,61.0,61.0,61.0,43.1,43.1,43.1,43.1,43.1,43.1,27.7,27.7,27.7,27.7,27.7,27.7,7.0,7.0,7.0,7.0
train,58,data_58.csv,onset_leak,58_119_142,24,119,142,71400,85200,leak_binary,1,61.624,61.0,61.0,61.0,61.0,61.0,61.0,43.1,43.1,43.1,43.1,43.1,43.1,27.7,27.7,27.7,27.7,27.7,27.7,7.0,7.0,7.0,7.0,7.0
train,58,data_58.csv,onset_leak,58_120_143,24,120,143,72000,85800,leak_binary,1,61.0,61.0,61.0,61.0,61.0,61.0,43.1,43.1,43.1,43.1,43.1,43.1,27.7,27.7,27.7,27.7,27.7,27.7,7.0,7.0,7.0,7.0,7.0,7.0
train,58,data_58.csv,onset_leak,58_121_144,24,121,144,72600,86400,leak_binary,1,61.0,61.0,61.0,61.0,61.0,43.1,43.1,43.1,43.1,43.1,43.1,27.7,27.7,27.7,27.7,27.7,27.7,7.0,7.0,7.0,7.0,7.0,7.0,7.0
train,60,data_60.csv,onset_leak,60_0_23,24,0,23,0,13800,leak_binary,0,7.0,7.0,7.0,7.0,7.0,7.0,7.4655,7.4655,7.4655,7.4655,7.4655,7.4655,8.792,8.792,8.792,8.792,8.792,8.792,10.871,10.871,10.871,10.871,10.871,10.871
train,60,data_60.csv,onset_leak,60_1_24,24,1,24,600,14400,leak_binary,0,7.0,7.0,7.0,7.0,7.0,7.4655,7.4655,7.4655,7.4655,7.4655,7.4655,8.792,8.792,8.792,8.792,8.792,8.792,10.871,10.871,10.871,10.871,10.871,10.871,13.591
train,60,data_60.csv,onset_leak,60_2_25,24,2,25,1200,15000,leak_binary,0,7.0,7.0,7.0,7.0,7.4655,7.4655,7.4655,7.4655,7.4655,7.4655,8.792,8.792,8.792,8.792,8.792,8.792,10.871,10.871,10.871,10.871,10.871,10.871,13.591,13.591
train,60,data_60.csv,onset_leak,60_3_26,24,3,26,1800,15600,leak_binary,0,7.0,7.0,7.0,7.4655,7.4655,7.4655,7.4655,7.4655,7.4655,8.792,8.792,8.792,8.792,8.792,8.792,10.871,10.871,10.871,10.871,10.871,10.871,13.591,13.591,13.591
train,60,data_60.csv,onset_leak,60_4_27,24,4,27,2400,16200,leak_binary,0,7.0,7.0,7.4655,7.4655,7.4655,7.4655,7.4655,7.4655,8.792,8.792,8.792,8.792,8.792,8.792,10.871,10.871,10.871,10.871,10.871,10.871,13.591,13.591,13.591,13.591
train,60,data_60.csv,onset_leak,60_5_28,24,5,28,3000,16800,leak_binary,0,7.0,7.4655,7.4655,7.4655,7.4655,7.4655,7.4655,8.792,8.792,8.792,8.792,8.792,8.792,10.871,10.871,10.871,10.871,10.871,10.871,13.591,13.591,13.591,13.591,13.591
train,60,data_60.csv,onset_leak,60_6_29,24,6,29,3600,17400,leak_binary,0,7.4655,7.4655,7.4655,7.4655,7.4655,7.4655,8.792,8.792,8.792,8.792,8.792,8.792,10.871,10.871,10.871,10.871,10.871,10.871,13.591,13.591,13.591,13.591,13.591,13.591
train,60,data_60.csv,onset_leak,60_7_30,24,7,30,4200,18000,leak_binary,0,7.4655,7.4655,7.4655,7.4655,7.4655,8.792,8.792,8.792,8.792,8.792,8.792,10.871,10.871,10.871,10.871,10.871,10.871,13.591,13.591,13.591,13.591,13.591,13.591,16.838
train,60,data_60.csv,onset_leak,60_8_31,24,8,31,4800,18600,leak_binary,0,7.4655,7.4655,7.4655,7.4655,8.792,8.792,8.792,8.792,8.792,8.792,10.871,10.871,10.871,10.871,10.871,10.871,13.591,13.591,13.591,13.591,13.591,13.591,16.838,16.838
train,60,data_60.csv,onset_leak,60_9_32,24,9,32,5400,19200,leak_binary,0,7.4655,7.4655,7.4655,8.792,8.792,8.792,8.792,8.792,8.792,10.871,10.871,10.871,10.871,10.871,10.871,13.591,13.591,13.591,13.591,13.591,13.591,16.838,16.838,16.838
train,60,data_60.csv,onset_leak,60_10_33,24,10,33,6000,19800,leak_binary,0,7.4655,7.4655,8.792,8.792,8.792,8.792,8.792,8.792,10.871,10.871,10.871,10.871,10.871,10.871,13.591,13.591,13.591,13.591,13.591,13.591,16.838,16.838,16.838,16.838
train,60,data_60.csv,onset_leak,60_11_34,24,11,34,6600,20400,leak_binary,0,7.4655,8.792,8.792,8.792,8.792,8.792,8.792,10.871,10.871,10.871,10.871,10.871,10.871,13.591,13.591,13.591,13.591,13.591,13.591,16.838,16.838,16.838,16.838,16.838
train,60,data_60.csv,onset_leak,60_12_35,24,12,35,7200,21000,leak_binary,0,8.792,8.792,8.792,8.792,8.792,8.792,10.871,10.871,10.871,10.871,10.871,10.871,13.591,13.591,13.591,13.591,13.591,13.591,16.838,16.838,16.838,16.838,16.838,16.838
train,60,data_60.csv,onset_leak,60_13_36,24,13,36,7800,21600,leak_binary,0,8.792,8.792,8.792,8.792,8.792,10.871,10.871,10.871,10.871,10.871,10.871,13.591,13.591,13.591,13.591,13.591,13.591,16.838,16.838,16.838,16.838,16.838,16.838,20.514
train,60,data_60.csv,onset_leak,60_14_37,24,14,37,8400,22200,leak_binary,0,8.792,8.792,8.792,8.792,10.871,10.871,10.871,10.871,10.871,10.871,13.591,13.591,13.591,13.591,13.591,13.591,16.838,16.838,16.838,16.838,16.838,16.838,20.514,20.514
train,60,data_60.csv,onset_leak,60_15_38,24,15,38,9000,22800,leak_binary,0,8.792,8.792,8.792,10.871,10.871,10.871,10.871,10.871,10.871,13.591,13.591,13.591,13.591,13.591,13.591,16.838,16.838,16.838,16.838,16.838,16.838,20.514,20.514,20.514
train,60,data_60.csv,onset_leak,60_16_39,24,16,39,9600,23400,leak_binary,0,8.792,8.792,10.871,10.871,10.871,10.871,10.871,10.871,13.591,13.591,13.591,13.591,13.591,13.591,16.838,16.838,16.838,16.838,16.838,16.838,20.514,20.514,20.514,20.514
train,60,data_60.csv,onset_leak,60_17_40,24,17,40,10200,24000,leak_binary,0,8.792,10.871,10.871,10.871,10.871,10.871,10.871,13.591,13.591,13.591,13.591,13.591,13.591,16.838,16.838,16.838,16.838,16.838,16.838,20.514,20.514,20.514,20.514,20.514
train,60,data_60.csv,onset_leak,60_18_41,24,18,41,10800,24600,leak_binary,0,10.871,10.871,10.871,10.871,10.871,10.871,13.591,13.591,13.591,13.591,13.591,13.591,16.838,16.838,16.838,16.838,16.838,16.838,20.514,20.514,20.514,20.514,20.514,20.514
train,60,data_60.csv,onset_leak,60_19_42,24,19,42,11400,25200,leak_binary,0,10.871,10.871,10.871,10.871,10.871,13.591,13.591,13.591,13.591,13.591,13.591,16.838,16.838,16.838,16.838,16.838,16.838,20.514,20.514,20.514,20.514,20.514,20.514,24.5
train,60,data_60.csv,onset_leak,60_20_43,24,20,43,12000,25800,leak_binary,0,10.871,10.871,10.871,10.871,13.591,13.591,13.591,13.591,13.591,13.591,16.838,16.838,16.838,16.838,16.838,16.838,20.514,20.514,20.514,20.514,20.514,20.514,24.5,24.5
train,60,data_60.csv,onset_leak,60_21_44,24,21,44,12600,26400,leak_binary,0,10.871,10.871,10.871,13.591,13.591,13.591,13.591,13.591,13.591,16.838,16.838,16.838,16.838,16.838,16.838,20.514,20.514,20.514,20.514,20.514,20.514,24.5,24.5,24.5
train,60,data_60.csv,onset_leak,60_22_45,24,22,45,13200,27000,leak_binary,0,10.871,10.871,13.591,13.591,13.591,13.591,13.591,13.591,16.838,16.838,16.838,16.838,16.838,16.838,20.514,20.514,20.514,20.514,20.514,20.514,24.5,24.5,24.5,24.5
train,60,data_60.csv,onset_leak,60_23_46,24,23,46,13800,27600,leak_binary,0,10.871,13.591,13.591,13.591,13.591,13.591,13.591,16.838,16.838,16.838,16.838,16.838,16.838,20.514,20.514,20.514,20.514,20.514,20.514,24.5,24.5,24.5,24.5,24.5
train,60,data_60.csv,onset_leak,60_24_47,24,24,47,14400,28200,leak_binary,0,13.591,13.591,13.591,13.591,13.591,13.591,16.838,16.838,16.838,16.838,16.838,16.838,20.514,20.514,20.514,20.514,20.514,20.514,24.5,24.5,24.5,24.5,24.5,24.5
train,60,data_60.csv,onset_leak,60_25_48,24,25,48,15000,28800,leak_binary,0,13.591,13.591,13.591,13.591,13.591,16.838,16.838,16.838,16.838,16.838,16.838,20.514,20.514,20.514,20.514,20.514,20.514,24.5,24.5,24.5,24.5,24.5,24.5,31.976
train,60,data_60.csv,onset_leak,60_26_49,24,26,49,15600,29400,leak_binary,0,13.591,13.591,13.591,13.591,16.838,16.838,16.838,16.838,16.838,16.838,20.514,20.514,20.514,20.514,20.514,20.514,24.5,24.5,24.5,24.5,24.5,24.5,31.976,31.976
train,60,data_60.csv,onset_leak,60_27_50,24,27,50,16200,30000,leak_binary,0,13.591,13.591,13.591,16.838,16.838,16.838,16.838,16.838,16.838,20.514,20.514,20.514,20.514,20.514,20.514,24.5,24.5,24.5,24.5,24.5,24.5,31.976,31.976,31.976
train,60,data_60.csv,onset_leak,60_28_51,24,28,51,16800,30600,leak_binary,0,13.591,13.591,16.838,16.838,16.838,16.838,16.838,16.838,20.514,20.514,20.514,20.514,20.514,20.514,24.5,24.5,24.5,24.5,24.5,24.5,31.976,31.976,31.976,31.976
train,60,data_60.csv,onset_leak,60_29_52,24,29,52,17400,31200,leak_binary,0,13.591,16.838,16.838,16.838,16.838,16.838,16.838,20.514,20.514,20.514,20.514,20.514,20.514,24.5,24.5,24.5,24.5,24.5,24.5,31.976,31.976,31.976,31.976,31.976
train,60,data_60.csv,onset_leak,60_30_53,24,30,53,18000,31800,leak_binary,0,16.838,16.838,16.838,16.838,16.838,16.838,20.514,20.514,20.514,20.514,20.514,20.514,24.5,24.5,24.5,24.5,24.5,24.5,31.976,31.976,31.976,31.976,31.976,31.976
train,60,data_60.csv,onset_leak,60_31_54,24,31,54,18600,32400,leak_binary,0,16.838,16.838,16.838,16.838,16.838,20.514,20.514,20.514,20.514,20.514,20.514,24.5,24.5,24.5,24.5,24.5,24.5,31.976,31.976,31.976,31.976,31.976,31.976,44.649
train,60,data_60.csv,onset_leak,60_32_55,24,32,55,19200,33000,leak_binary,0,16.838,16.838,16.838,16.838,20.514,20.514,20.514,20.514,20.514,20.514,24.5,24.5,24.5,24.5,24.5,24.5,31.976,31.976,31.976,31.976,31.976,31.976,44.649,44.649
train,60,data_60.csv,onset_leak,60_33_56,24,33,56,19800,33600,leak_binary,0,16.838,16.838,16.838,20.514,20.514,20.514,20.514,20.514,20.514,24.5,24.5,24.5,24.5,24.5,24.5,31.976,31.976,31.976,31.976,31.976,31.976,44.649,44.649,44.649
train,60,data_60.csv,onset_leak,60_34_57,24,34,57,20400,34200,leak_binary,0,16.838,16.838,20.514,20.514,20.514,20.514,20.514,20.514,24.5,24.5,24.5,24.5,24.5,24.5,31.976,31.976,31.976,31.976,31.976,31.976,44.649,44.649,44.649,44.649
train,60,data_60.csv,onset_leak,60_35_58,24,35,58,21000,34800,leak_binary,0,16.838,20.514,20.514,20.514,20.514,20.514,20.514,24.5,24.5,24.5,24.5,24.5,24.5,31.976,31.976,31.976,31.976,31.976,31.976,44.649,44.649,44.649,44.649,44.649
train,60,data_60.csv,onset_leak,60_36_59,24,36,59,21600,35400,leak_binary,0,20.514,20.514,20.514,20.514,20.514,20.514,24.5,24.5,24.5,24.5,24.5,24.5,31.976,31.976,31.976,31.976,31.976,31.976,44.649,44.649,44.649,44.649,44.649,44.649
train,60,data_60.csv,onset_leak,60_37_60,24,37,60,22200,36000,leak_binary,0,20.514,20.514,20.514,20.514,20.514,24.5,24.5,24.5,24.5,24.5,24.5,31.976,31.976,31.976,31.976,31.976,31.976,44.649,44.649,44.649,44.649,44.649,44.649,60.207
train,60,data_60.csv,onset_leak,60_38_61,24,38,61,22800,36600,leak_binary,0,20.514,20.514,20.514,20.514,24.5,24.5,24.5,24.5,24.5,24.5,31.976,31.976,31.976,31.976,31.976,31.976,44.649,44.649,44.649,44.649,44.649,44.649,60.207,60.207
train,60,data_60.csv,onset_leak,60_39_62,24,39,62,23400,37200,leak_binary,0,20.514,20.514,20.514,24.5,24.5,24.5,24.5,24.5,24.5,31.976,31.976,31.976,31.976,31.976,31.976,44.649,44.649,44.649,44.649,44.649,44.649,60.207,60.207,60.207
train,60,data_60.csv,onset_leak,60_40_63,24,40,63,24000,37800,leak_binary,0,20.514,20.514,24.5,24.5,24.5,24.5,24.5,24.5,31.976,31.976,31.976,31.976,31.976,31.976,44.649,44.649,44.649,44.649,44.649,44.649,60.207,60.207,60.207,60.207
train,60,data_60.csv,onset_leak,60_41_64,24,41,64,24600,38400,leak_binary,0,20.514,24.5,24.5,24.5,24.5,24.5,24.5,31.976,31.976,31.976,31.976,31.976,31.976,44.649,44.649,44.649,44.649,44.649,44.649,60.207,60.207,60.207,60.207,60.207
train,60,data_60.csv,onset_leak,60_42_65,24,42,65,25200,39000,leak_binary,0,24.5,24.5,24.5,24.5,24.5,24.5,31.976,31.976,31.976,31.976,31.976,31.976,44.649,44.649,44.649,44.649,44.649,44.649,60.207,60.207,60.207,60.207,60.207,60.207
train,60,data_60.csv,onset_leak,60_43_66,24,43,66,25800,39600,leak_binary,0,24.5,24.5,24.5,24.5,24.5,31.976,31.976,31.976,31.976,31.976,31.976,44.649,44.649,44.649,44.649,44.649,44.649,60.207,60.207,60.207,60.207,60.207,60.207,76.335
train,60,data_60.csv,onset_leak,60_44_67,24,44,67,26400,40200,leak_binary,0,24.5,24.5,24.5,24.5,31.976,31.976,31.976,31.976,31.976,31.976,44.649,44.649,44.649,44.649,44.649,44.649,60.207,60.207,60.207,60.207,60.207,60.207,76.335,76.335
train,60,data_60.csv,onset_leak,60_45_68,24,45,68,27000,40800,leak_binary,0,24.5,24.5,24.5,31.976,31.976,31.976,31.976,31.976,31.976,44.649,44.649,44.649,44.649,44.649,44.649,60.207,60.207,60.207,60.207,60.207,60.207,76.335,76.335,76.335
train,60,data_60.csv,onset_leak,60_46_69,24,46,69,27600,41400,leak_binary,0,24.5,24.5,31.976,31.976,31.976,31.976,31.976,31.976,44.649,44.649,44.649,44.649,44.649,44.649,60.207,60.207,60.207,60.207,60.207,60.207,76.335,76.335,76.335,76.335
train,60,data_60.csv,onset_leak,60_47_70,24,47,70,28200,42000,leak_binary,0,24.5,31.976,31.976,31.976,31.976,31.976,31.976,44.649,44.649,44.649,44.649,44.649,44.649,60.207,60.207,60.207,60.207,60.207,60.207,76.335,76.335,76.335,76.335,76.335
train,60,data_60.csv,onset_leak,60_48_71,24,48,71,28800,42600,leak_binary,0,31.976,31.976,31.976,31.976,31.976,31.976,44.649,44.649,44.649,44.649,44.649,44.649,60.207,60.207,60.207,60.207,60.207,60.207,76.335,76.335,76.335,76.335,76.335,76.335
train,60,data_60.csv,onset_leak,60_49_72,24,49,72,29400,43200,leak_binary,1,31.976,31.976,31.976,31.976,31.976,44.649,44.649,44.649,44.649,44.649,44.649,60.207,60.207,60.207,60.207,60.207,60.207,76.335,76.335,76.335,76.335,76.335,76.335,90.716
train,60,data_60.csv,onset_leak,60_50_73,24,50,73,30000,43800,leak_binary,1,31.976,31.976,31.976,31.976,44.649,44.649,44.649,44.649,44.649,44.649,60.207,60.207,60.207,60.207,60.207,60.207,76.335,76.335,76.335,76.335,76.335,76.335,90.716,90.716
train,60,data_60.csv,onset_leak,60_51_74,24,51,74,30600,44400,leak_binary,1,31.976,31.976,31.976,44.649,44.649,44.649,44.649,44.649,44.649,60.207,60.207,60.207,60.207,60.207,60.207,76.335,76.335,76.335,76.335,76.335,76.335,90.716,90.716,90.716
train,60,data_60.csv,onset_leak,60_52_75,24,52,75,31200,45000,leak_binary,1,31.976,31.976,44.649,44.649,44.649,44.649,44.649,44.649,60.207,60.207,60.207,60.207,60.207,60.207,76.335,76.335,76.335,76.335,76.335,76.335,90.716,90.716,90.716,90.716
train,60,data_60.csv,onset_leak,60_53_76,24,53,76,31800,45600,leak_binary,1,31.976,44.649,44.649,44.649,44.649,44.649,44.649,60.207,60.207,60.207,60.207,60.207,60.207,76.335,76.335,76.335,76.335,76.335,76.335,90.716,90.716,90.716,90.716,90.716
train,60,data_60.csv,onset_leak,60_54_77,24,54,77,32400,46200,leak_binary,1,44.649,44.649,44.649,44.649,44.649,44.649,60.207,60.207,60.207,60.207,60.207,60.207,76.335,76.335,76.335,76.335,76.335,76.335,90.716,90.716,90.716,90.716,90.716,90.716
train,60,data_60.csv,onset_leak,60_55_78,24,55,78,33000,46800,leak_binary,1,44.649,44.649,44.649,44.649,44.649,60.207,60.207,60.207,60.207,60.207,60.207,76.335,76.335,76.335,76.335,76.335,76.335,90.716,90.716,90.716,90.716,90.716,90.716,101.04
train,60,data_60.csv,onset_leak,60_56_79,24,56,79,33600,47400,leak_binary,1,44.649,44.649,44.649,44.649,60.207,60.207,60.207,60.207,60.207,60.207,76.335,76.335,76.335,76.335,76.335,76.335,90.716,90.716,90.716,90.716,90.716,90.716,101.04,101.04
train,60,data_60.csv,onset_leak,60_57_80,24,57,80,34200,48000,leak_binary,1,44.649,44.649,44.649,60.207,60.207,60.207,60.207,60.207,60.207,76.335,76.335,76.335,76.335,76.335,76.335,90.716,90.716,90.716,90.716,90.716,90.716,101.04,101.04,101.04
train,60,data_60.csv,onset_leak,60_58_81,24,58,81,34800,48600,leak_binary,1,44.649,44.649,60.207,60.207,60.207,60.207,60.207,60.207,76.335,76.335,76.335,76.335,76.335,76.335,90.716,90.716,90.716,90.716,90.716,90.716,101.04,101.04,101.04,101.04
train,60,data_60.csv,onset_leak,60_59_82,24,59,82,35400,49200,leak_binary,1,44.649,60.207,60.207,60.207,60.207,60.207,60.207,76.335,76.335,76.335,76.335,76.335,76.335,90.716,90.716,90.716,90.716,90.716,90.716,101.04,101.04,101.04,101.04,101.04
train,60,data_60.csv,onset_leak,60_60_83,24,60,83,36000,49800,leak_binary,1,60.207,60.207,60.207,60.207,60.207,60.207,76.335,76.335,76.335,76.335,76.335,76.335,90.716,90.716,90.716,90.716,90.716,90.716,101.04,101.04,101.04,101.04,101.04,101.04
train,60,data_60.csv,onset_leak,60_61_84,24,61,84,36600,50400,leak_binary,1,60.207,60.207,60.207,60.207,60.207,76.335,76.335,76.335,76.335,76.335,76.335,90.716,90.716,90.716,90.716,90.716,90.716,101.04,101.04,101.04,101.04,101.04,101.04,105.0
train,60,data_60.csv,onset_leak,60_62_85,24,62,85,37200,51000,leak_binary,1,60.207,60.207,60.207,60.207,76.335,76.335,76.335,76.335,76.335,76.335,90.716,90.716,90.716,90.716,90.716,90.716,101.04,101.04,101.04,101.04,101.04,101.04,105.0,105.0
train,60,data_60.csv,onset_leak,60_63_86,24,63,86,37800,51600,leak_binary,1,60.207,60.207,60.207,76.335,76.335,76.335,76.335,76.335,76.335,90.716,90.716,90.716,90.716,90.716,90.716,101.04,101.04,101.04,101.04,101.04,101.04,105.0,105.0,105.0
train,60,data_60.csv,onset_leak,60_64_87,24,64,87,38400,52200,leak_binary,1,60.207,60.207,76.335,76.335,76.335,76.335,76.335,76.335,90.716,90.716,90.716,90.716,90.716,90.716,101.04,101.04,101.04,101.04,101.04,101.04,105.0,105.0,105.0,105.0
train,60,data_60.csv,onset_leak,60_65_88,24,65,88,39000,52800,leak_binary,1,60.207,76.335,76.335,76.335,76.335,76.335,76.335,90.716,90.716,90.716,90.716,90.716,90.716,101.04,101.04,101.04,101.04,101.04,101.04,105.0,105.0,105.0,105.0,105.0
train,60,data_60.csv,onset_leak,60_66_89,24,66,89,39600,53400,leak_binary,1,76.335,76.335,76.335,76.335,76.335,76.335,90.716,90.716,90.716,90.716,90.716,90.716,101.04,101.04,101.04,101.04,101.04,101.04,105.0,105.0,105.0,105.0,105.0,105.0
train,60,data_60.csv,onset_leak,60_67_90,24,67,90,40200,54000,leak_binary,1,76.335,76.335,76.335,76.335,76.335,90.716,90.716,90.716,90.716,90.716,90.716,101.04,101.04,101.04,101.04,101.04,101.04,105.0,105.0,105.0,105.0,105.0,105.0,101.71
train,60,data_60.csv,onset_leak,60_68_91,24,68,91,40800,54600,leak_binary,1,76.335,76.335,76.335,76.335,90.716,90.716,90.716,90.716,90.716,90.716,101.04,101.04,101.04,101.04,101.04,101.04,105.0,105.0,105.0,105.0,105.0,105.0,101.71,101.71
train,60,data_60.csv,onset_leak,60_69_92,24,69,92,41400,55200,leak_binary,1,76.335,76.335,76.335,90.716,90.716,90.716,90.716,90.716,90.716,101.04,101.04,101.04,101.04,101.04,101.04,105.0,105.0,105.0,105.0,105.0,105.0,101.71,101.71,101.71
train,60,data_60.csv,onset_leak,60_70_93,24,70,93,42000,55800,leak_binary,1,76.335,76.335,90.716,90.716,90.716,90.716,90.716,90.716,101.04,101.04,101.04,101.04,101.04,101.04,105.0,105.0,105.0,105.0,105.0,105.0,101.71,101.71,101.71,101.71
train,60,data_60.csv,onset_leak,60_71_94,24,71,94,42600,56400,leak_binary,1,76.335,90.716,90.716,90.716,90.716,90.716,90.716,101.04,101.04,101.04,101.04,101.04,101.04,105.0,105.0,105.0,105.0,105.0,105.0,101.71,101.71,101.71,101.71,101.71
train,60,data_60.csv,onset_leak,60_72_95,24,72,95,43200,57000,leak_binary,1,90.716,90.716,90.716,90.716,90.716,90.716,101.04,101.04,101.04,101.04,101.04,101.04,105.0,105.0,105.0,105.0,105.0,105.0,101.71,101.71,101.71,101.71,101.71,101.71
train,60,data_60.csv,onset_leak,60_73_96,24,73,96,43800,57600,leak_binary,1,90.716,90.716,90.716,90.716,90.716,101.04,101.04,101.04,101.04,101.04,101.04,105.0,105.0,105.0,105.0,105.0,105.0,101.71,101.71,101.71,101.71,101.71,101.71,93.31
train,60,data_60.csv,onset_leak,60_74_97,24,74,97,44400,58200,leak_binary,1,90.716,90.716,90.716,90.716,101.04,101.04,101.04,101.04,101.04,101.04,105.0,105.0,105.0,105.0,105.0,105.0,101.71,101.71,101.71,101.71,101.71,101.71,93.31,93.31
train,60,data_60.csv,onset_leak,60_75_98,24,75,98,45000,58800,leak_binary,1,90.716,90.716,90.716,101.04,101.04,101.04,101.04,101.04,101.04,105.0,105.0,105.0,105.0,105.0,105.0,101.71,101.71,101.71,101.71,101.71,101.71,93.31,93.31,93.31
train,60,data_60.csv,onset_leak,60_76_99,24,76,99,45600,59400,leak_binary,1,90.716,90.716,101.04,101.04,101.04,101.04,101.04,101.04,105.0,105.0,105.0,105.0,105.0,105.0,101.71,101.71,101.71,101.71,101.71,101.71,93.31,93.31,93.31,93.31
train,60,data_60.csv,onset_leak,60_77_100,24,77,100,46200,60000,leak_binary,1,90.716,101.04,101.04,101.04,101.04,101.04,101.04,105.0,105.0,105.0,105.0,105.0,105.0,101.71,101.71,101.71,101.71,101.71,101.71,93.31,93.31,93.31,93.31,93.31
train,60,data_60.csv,onset_leak,60_78_101,24,78,101,46800,60600,leak_binary,1,101.04,101.04,101.04,101.04,101.04,101.04,105.0,105.0,105.0,105.0,105.0,105.0,101.71,101.71,101.71,101.71,101.71,101.71,93.31,93.31,93.31,93.31,93.31,93.31
train,60,data_60.csv,onset_leak,60_79_102,24,79,102,47400,61200,leak_binary,1,101.04,101.04,101.04,101.04,101.04,105.0,105.0,105.0,105.0,105.0,105.0,101.71,101.71,101.71,101.71,101.71,101.71,93.31,93.31,93.31,93.31,93.31,93.31,82.005
train,60,data_60.csv,onset_leak,60_80_103,24,80,103,48000,61800,leak_binary,1,101.04,101.04,101.04,101.04,105.0,105.0,105.0,105.0,105.0,105.0,101.71,101.71,101.71,101.71,101.71,101.71,93.31,93.31,93.31,93.31,93.31,93.31,82.005,82.005
train,60,data_60.csv,onset_leak,60_81_104,24,81,104,48600,62400,leak_binary,1,101.04,101.04,101.04,105.0,105.0,105.0,105.0,105.0,105.0,101.71,101.71,101.71,101.71,101.71,101.71,93.31,93.31,93.31,93.31,93.31,93.31,82.005,82.005,82.005
train,60,data_60.csv,onset_leak,60_82_105,24,82,105,49200,63000,leak_binary,1,101.04,101.04,105.0,105.0,105.0,105.0,105.0,105.0,101.71,101.71,101.71,101.71,101.71,101.71,93.31,93.31,93.31,93.31,93.31,93.31,82.005,82.005,82.005,82.005
train,60,data_60.csv,onset_leak,60_83_106,24,83,106,49800,63600,leak_binary,1,101.04,105.0,105.0,105.0,105.0,105.0,105.0,101.71,101.71,101.71,101.71,101.71,101.71,93.31,93.31,93.31,93.31,93.31,93.31,82.005,82.005,82.005,82.005,82.005
train,60,data_60.csv,onset_leak,60_84_107,24,84,107,50400,64200,leak_binary,1,105.0,105.0,105.0,105.0,105.0,105.0,101.71,101.71,101.71,101.71,101.71,101.71,93.31,93.31,93.31,93.31,93.31,93.31,82.005,82.005,82.005,82.005,82.005,82.005
train,60,data_60.csv,onset_leak,60_85_108,24,85,108,51000,64800,leak_binary,1,105.0,105.0,105.0,105.0,105.0,101.71,101.71,101.71,101.71,101.71,101.71,93.31,93.31,93.31,93.31,93.31,93.31,82.005,82.005,82.005,82.005,82.005,82.005,70.0
train,60,data_60.csv,onset_leak,60_86_109,24,86,109,51600,65400,leak_binary,1,105.0,105.0,105.0,105.0,101.71,101.71,101.71,101.71,101.71,101.71,93.31,93.31,93.31,93.31,93.31,93.31,82.005,82.005,82.005,82.005,82.005,82.005,70.0,70.0
train,60,data_60.csv,onset_leak,60_87_110,24,87,110,52200,66000,leak_binary,1,105.0,105.0,105.0,101.71,101.71,101.71,101.71,101.71,101.71,93.31,93.31,93.31,93.31,93.31,93.31,82.005,82.005,82.005,82.005,82.005,82.005,70.0,70.0,70.0
train,60,data_60.csv,onset_leak,60_88_111,24,88,111,52800,66600,leak_binary,1,105.0,105.0,101.71,101.71,101.71,101.71,101.71,101.71,93.31,93.31,93.31,93.31,93.31,93.31,82.005,82.005,82.005,82.005,82.005,82.005,70.0,70.0,70.0,70.0
train,60,data_60.csv,onset_leak,60_89_112,24,89,112,53400,67200,leak_binary,1,105.0,101.71,101.71,101.71,101.71,101.71,101.71,93.31,93.31,93.31,93.31,93.31,93.31,82.005,82.005,82.005,82.005,82.005,82.005,70.0,70.0,70.0,70.0,70.0
train,60,data_60.csv,onset_leak,60_90_113,24,90,113,54000,67800,leak_binary,1,101.71,101.71,101.71,101.71,101.71,101.71,93.31,93.31,93.31,93.31,93.31,93.31,82.005,82.005,82.005,82.005,82.005,82.005,70.0,70.0,70.0,70.0,70.0,70.0
train,60,data_60.csv,onset_leak,60_91_114,24,91,114,54600,68400,leak_binary,1,101.71,101.71,101.71,101.71,101.71,93.31,93.31,93.31,93.31,93.31,93.31,82.005,82.005,82.005,82.005,82.005,82.005,70.0,70.0,70.0,70.0,70.0,70.0,54.327
train,60,data_60.csv,onset_leak,60_92_115,24,92,115,55200,69000,leak_binary,1,101.71,101.71,101.71,101.71,93.31,93.31,93.31,93.31,93.31,93.31,82.005,82.005,82.005,82.005,82.005,82.005,70.0,70.0,70.0,70.0,70.0,70.0,54.327,54.327
train,60,data_60.csv,onset_leak,60_93_116,24,93,116,55800,69600,leak_binary,1,101.71,101.71,101.71,93.31,93.31,93.31,93.31,93.31,93.31,82.005,82.005,82.005,82.005,82.005,82.005,70.0,70.0,70.0,70.0,70.0,70.0,54.327,54.327,54.327
train,60,data_60.csv,onset_leak,60_94_117,24,94,117,56400,70200,leak_binary,1,101.71,101.71,93.31,93.31,93.31,93.31,93.31,93.31,82.005,82.005,82.005,82.005,82.005,82.005,70.0,70.0,70.0,70.0,70.0,70.0,54.327,54.327,54.327,54.327
train,60,data_60.csv,onset_leak,60_95_118,24,95,118,57000,70800,leak_binary,1,101.71,93.31,93.31,93.31,93.31,93.31,93.31,82.005,82.005,82.005,82.005,82.005,82.005,70.0,70.0,70.0,70.0,70.0,70.0,54.327,54.327,54.327,54.327,54.327
train,60,data_60.csv,onset_leak,60_96_119,24,96,119,57600,71400,leak_binary,1,93.31,93.31,93.31,93.31,93.31,93.31,82.005,82.005,82.005,82.005,82.005,82.005,70.0,70.0,70.0,70.0,70.0,70.0,54.327,54.327,54.327,54.327,54.327,54.327
train,60,data_60.csv,onset_leak,60_97_120,24,97,120,58200,72000,leak_binary,1,93.31,93.31,93.31,93.31,93.31,82.005,82.005,82.005,82.005,82.005,82.005,70.0,70.0,70.0,70.0,70.0,70.0,54.327,54.327,54.327,54.327,54.327,54.327,38.5
train,60,data_60.csv,onset_leak,60_98_121,24,98,121,58800,72600,leak_binary,1,93.31,93.31,93.31,93.31,82.005,82.005,82.005,82.005,82.005,82.005,70.0,70.0,70.0,70.0,70.0,70.0,54.327,54.327,54.327,54.327,54.327,54.327,38.5,38.5
train,60,data_60.csv,onset_leak,60_99_122,24,99,122,59400,73200,leak_binary,1,93.31,93.31,93.31,82.005,82.005,82.005,82.005,82.005,82.005,70.0,70.0,70.0,70.0,70.0,70.0,54.327,54.327,54.327,54.327,54.327,54.327,38.5,38.5,38.5
train,60,data_60.csv,onset_leak,60_100_123,24,100,123,60000,73800,leak_binary,1,93.31,93.31,82.005,82.005,82.005,82.005,82.005,82.005,70.0,70.0,70.0,70.0,70.0,70.0,54.327,54.327,54.327,54.327,54.327,54.327,38.5,38.5,38.5,38.5
train,60,data_60.csv,onset_leak,60_101_124,24,101,124,60600,74400,leak_binary,1,93.31,82.005,82.005,82.005,82.005,82.005,82.005,70.0,70.0,70.0,70.0,70.0,70.0,54.327,54.327,54.327,54.327,54.327,54.327,38.5,38.5,38.5,38.5,38.5
train,60,data_60.csv,onset_leak,60_102_125,24,102,125,61200,75000,leak_binary,1,82.005,82.005,82.005,82.005,82.005,82.005,70.0,70.0,70.0,70.0,70.0,70.0,54.327,54.327,54.327,54.327,54.327,54.327,38.5,38.5,38.5,38.5,38.5,38.5
train,60,data_60.csv,onset_leak,60_103_126,24,103,126,61800,75600,leak_binary,1,82.005,82.005,82.005,82.005,82.005,70.0,70.0,70.0,70.0,70.0,70.0,54.327,54.327,54.327,54.327,54.327,54.327,38.5,38.5,38.5,38.5,38.5,38.5,27.16
train,60,data_60.csv,onset_leak,60_104_127,24,104,127,62400,76200,leak_binary,1,82.005,82.005,82.005,82.005,70.0,70.0,70.0,70.0,70.0,70.0,54.327,54.327,54.327,54.327,54.327,54.327,38.5,38.5,38.5,38.5,38.5,38.5,27.16,27.16
train,60,data_60.csv,onset_leak,60_105_128,24,105,128,63000,76800,leak_binary,1,82.005,82.005,82.005,70.0,70.0,70.0,70.0,70.0,70.0,54.327,54.327,54.327,54.327,54.327,54.327,38.5,38.5,38.5,38.5,38.5,38.5,27.16,27.16,27.16
train,60,data_60.csv,onset_leak,60_106_129,24,106,129,63600,77400,leak_binary,1,82.005,82.005,70.0,70.0,70.0,70.0,70.0,70.0,54.327,54.327,54.327,54.327,54.327,54.327,38.5,38.5,38.5,38.5,38.5,38.5,27.16,27.16,27.16,27.16
train,60,data_60.csv,onset_leak,60_107_130,24,107,130,64200,78000,leak_binary,1,82.005,70.0,70.0,70.0,70.0,70.0,70.0,54.327,54.327,54.327,54.327,54.327,54.327,38.5,38.5,38.5,38.5,38.5,38.5,27.16,27.16,27.16,27.16,27.16
train,60,data_60.csv,onset_leak,60_108_131,24,108,131,64800,78600,leak_binary,1,70.0,70.0,70.0,70.0,70.0,70.0,54.327,54.327,54.327,54.327,54.327,54.327,38.5,38.5,38.5,38.5,38.5,38.5,27.16,27.16,27.16,27.16,27.16,27.16
train,60,data_60.csv,onset_leak,60_109_132,24,109,132,65400,79200,leak_binary,1,70.0,70.0,70.0,70.0,70.0,54.327,54.327,54.327,54.327,54.327,54.327,38.5,38.5,38.5,38.5,38.5,38.5,27.16,27.16,27.16,27.16,27.16,27.16,17.546
train,60,data_60.csv,onset_leak,60_110_133,24,110,133,66000,79800,leak_binary,1,70.0,70.0,70.0,70.0,54.327,54.327,54.327,54.327,54.327,54.327,38.5,38.5,38.5,38.5,38.5,38.5,27.16,27.16,27.16,27.16,27.16,27.16,17.546,17.546
train,60,data_60.csv,onset_leak,60_111_134,24,111,134,66600,80400,leak_binary,1,70.0,70.0,70.0,54.327,54.327,54.327,54.327,54.327,54.327,38.5,38.5,38.5,38.5,38.5,38.5,27.16,27.16,27.16,27.16,27.16,27.16,17.546,17.546,17.546
train,60,data_60.csv,onset_leak,60_112_135,24,112,135,67200,81000,leak_binary,1,70.0,70.0,54.327,54.327,54.327,54.327,54.327,54.327,38.5,38.5,38.5,38.5,38.5,38.5,27.16,27.16,27.16,27.16,27.16,27.16,17.546,17.546,17.546,17.546
train,60,data_60.csv,onset_leak,60_113_136,24,113,136,67800,81600,leak_binary,1,70.0,54.327,54.327,54.327,54.327,54.327,54.327,38.5,38.5,38.5,38.5,38.5,38.5,27.16,27.16,27.16,27.16,27.16,27.16,17.546,17.546,17.546,17.546,17.546
train,60,data_60.csv,onset_leak,60_114_137,24,114,137,68400,82200,leak_binary,1,54.327,54.327,54.327,54.327,54.327,54.327,38.5,38.5,38.5,38.5,38.5,38.5,27.16,27.16,27.16,27.16,27.16,27.16,17.546,17.546,17.546,17.546,17.546,17.546
train,60,data_60.csv,onset_leak,60_115_138,24,115,138,69000,82800,leak_binary,1,54.327,54.327,54.327,54.327,54.327,38.5,38.5,38.5,38.5,38.5,38.5,27.16,27.16,27.16,27.16,27.16,27.16,17.546,17.546,17.546,17.546,17.546,17.546,10.5
train,60,data_60.csv,onset_leak,60_116_139,24,116,139,69600,83400,leak_binary,1,54.327,54.327,54.327,54.327,38.5,38.5,38.5,38.5,38.5,38.5,27.16,27.16,27.16,27.16,27.16,27.16,17.546,17.546,17.546,17.546,17.546,17.546,10.5,10.5
train,60,data_60.csv,onset_leak,60_117_140,24,117,140,70200,84000,leak_binary,1,54.327,54.327,54.327,38.5,38.5,38.5,38.5,38.5,38.5,27.16,27.16,27.16,27.16,27.16,27.16,17.546,17.546,17.546,17.546,17.546,17.546,10.5,10.5,10.5
train,60,data_60.csv,onset_leak,60_118_141,24,118,141,70800,84600,leak_binary,1,54.327,54.327,38.5,38.5,38.5,38.5,38.5,38.5,27.16,27.16,27.16,27.16,27.16,27.16,17.546,17.546,17.546,17.546,17.546,17.546,10.5,10.5,10.5,10.5
train,60,data_60.csv,onset_leak,60_119_142,24,119,142,71400,85200,leak_binary,1,54.327,38.5,38.5,38.5,38.5,38.5,38.5,27.16,27.16,27.16,27.16,27.16,27.16,17.546,17.546,17.546,17.546,17.546,17.546,10.5,10.5,10.5,10.5,10.5
train,60,data_60.csv,onset_leak,60_120_143,24,120,143,72000,85800,leak_binary,1,38.5,38.5,38.5,38.5,38.5,38.5,27.16,27.16,27.16,27.16,27.16,27.16,17.546,17.546,17.546,17.546,17.546,17.546,10.5,10.5,10.5,10.5,10.5,10.5
train,60,data_60.csv,onset_leak,60_121_144,24,121,144,72600,86400,leak_binary,1,38.5,38.5,38.5,38.5,38.5,27.16,27.16,27.16,27.16,27.16,27.16,17.546,17.546,17.546,17.546,17.546,17.546,10.5,10.5,10.5,10.5,10.5,10.5,7.0
