split,scenario_id,source_file,scenario_type,window_id,window_size,start_idx,end_idx,start_time_s,end_time_s,y_true,y_score,y_pred
train,1,data_1.csv,normal,1_0_23,24,0,23,0,13800,0,8.710549e-09,0
train,1,data_1.csv,normal,1_1_24,24,1,24,600,14400,0,1.3514753e-08,0
train,1,data_1.csv,normal,1_2_25,24,2,25,1200,15000,0,1.7128622e-08,0
train,1,data_1.csv,normal,1_3_26,24,3,26,1800,15600,0,1.5864607e-08,0
train,1,data_1.csv,normal,1_4_27,24,4,27,2400,16200,0,1.1426696e-08,0
train,1,data_1.csv,normal,1_5_28,24,5,28,3000,16800,0,9.091045e-09,0
train,1,data_1.csv,normal,1_6_29,24,6,29,3600,17400,0,6.0884515e-09,0
train,1,data_1.csv,normal,1_7_30,24,7,30,4200,18000,0,1.2899065e-08,0
train,1,data_1.csv,normal,1_8_31,24,8,31,4800,18600,0,2.1807368e-08,0
train,1,data_1.csv,normal,1_9_32,24,9,32,5400,19200,0,3.6738026e-08,0
train,1,data_1.csv,normal,1_10_33,24,10,33,6000,19800,0,3.684638e-08,0
train,1,data_1.csv,normal,1_11_34,24,11,34,6600,20400,0,4.6660613e-08,0
train,1,data_1.csv,normal,1_12_35,24,12,35,7200,21000,0,4.780952e-08,0
train,1,data_1.csv,normal,1_13_36,24,13,36,7800,21600,0,8.0918554e-08,0
train,1,data_1.csv,normal,1_14_37,24,14,37,8400,22200,0,9.7909215e-08,0
train,1,data_1.csv,normal,1_15_38,24,15,38,9000,22800,0,1.5044384e-07,0
train,1,data_1.csv,normal,1_16_39,24,16,39,9600,23400,0,1.4974931e-07,0
train,1,data_1.csv,normal,1_17_40,24,17,40,10200,24000,0,1.9567814e-07,0
train,1,data_1.csv,normal,1_18_41,24,18,41,10800,24600,0,2.056551e-07,0
train,1,data_1.csv,normal,1_19_42,24,19,42,11400,25200,0,7.051578e-07,0
train,1,data_1.csv,normal,1_20_43,24,20,43,12000,25800,0,1.4518565e-06,0
train,1,data_1.csv,normal,1_21_44,24,21,44,12600,26400,0,3.999743e-06,0
train,1,data_1.csv,normal,1_22_45,24,22,45,13200,27000,0,6.147885e-06,0
train,1,data_1.csv,normal,1_23_46,24,23,46,13800,27600,0,1.1799724e-05,0
train,1,data_1.csv,normal,1_24_47,24,24,47,14400,28200,0,1.7620512e-05,0
train,1,data_1.csv,normal,1_25_48,24,25,48,15000,28800,0,5.3053725e-05,0
train,1,data_1.csv,normal,1_26_49,24,26,49,15600,29400,0,9.533497e-05,0
train,1,data_1.csv,normal,1_27_50,24,27,50,16200,30000,0,0.00028819812,0
train,1,data_1.csv,normal,1_28_51,24,28,51,16800,30600,0,0.000481189,0
train,1,data_1.csv,normal,1_29_52,24,29,52,17400,31200,0,0.0013285645,0
train,1,data_1.csv,normal,1_30_53,24,30,53,18000,31800,0,0.0025196474,0
train,1,data_1.csv,normal,1_31_54,24,31,54,18600,32400,0,0.0016050946,0
train,1,data_1.csv,normal,1_32_55,24,32,55,19200,33000,0,0.00088623376,0
train,1,data_1.csv,normal,1_33_56,24,33,56,19800,33600,0,0.0009671937,0
train,1,data_1.csv,normal,1_34_57,24,34,57,20400,34200,0,0.0016318323,0
train,1,data_1.csv,normal,1_35_58,24,35,58,21000,34800,0,0.0023306257,0
train,1,data_1.csv,normal,1_36_59,24,36,59,21600,35400,0,0.003703734,0
train,1,data_1.csv,normal,1_37_60,24,37,60,22200,36000,0,0.0038591528,0
train,1,data_1.csv,normal,1_38_61,24,38,61,22800,36600,0,0.0046082507,0
train,1,data_1.csv,normal,1_39_62,24,39,62,23400,37200,0,0.007992813,0
train,1,data_1.csv,normal,1_40_63,24,40,63,24000,37800,0,0.024198841,0
train,1,data_1.csv,normal,1_41_64,24,41,64,24600,38400,0,0.051898453,0
train,1,data_1.csv,normal,1_42_65,24,42,65,25200,39000,0,0.097838834,0
train,1,data_1.csv,normal,1_43_66,24,43,66,25800,39600,0,0.17774707,0
train,1,data_1.csv,normal,1_44_67,24,44,67,26400,40200,0,0.34342515,0
train,1,data_1.csv,normal,1_45_68,24,45,68,27000,40800,0,0.46497425,0
train,1,data_1.csv,normal,1_46_69,24,46,69,27600,41400,0,0.48586044,0
train,1,data_1.csv,normal,1_47_70,24,47,70,28200,42000,0,0.5627847,0
train,1,data_1.csv,normal,1_48_71,24,48,71,28800,42600,0,0.6145534,1
train,1,data_1.csv,normal,1_49_72,24,49,72,29400,43200,0,0.663217,1
train,1,data_1.csv,normal,1_50_73,24,50,73,30000,43800,0,0.69916767,1
train,1,data_1.csv,normal,1_51_74,24,51,74,30600,44400,0,0.70903337,1
train,1,data_1.csv,normal,1_52_75,24,52,75,31200,45000,0,0.728108,1
train,1,data_1.csv,normal,1_53_76,24,53,76,31800,45600,0,0.7618652,1
train,1,data_1.csv,normal,1_54_77,24,54,77,32400,46200,0,0.72967345,1
train,1,data_1.csv,normal,1_55_78,24,55,78,33000,46800,0,0.52746314,0
train,1,data_1.csv,normal,1_56_79,24,56,79,33600,47400,0,0.32514817,0
train,1,data_1.csv,normal,1_57_80,24,57,80,34200,48000,0,0.17513974,0
train,1,data_1.csv,normal,1_58_81,24,58,81,34800,48600,0,0.1271143,0
train,1,data_1.csv,normal,1_59_82,24,59,82,35400,49200,0,0.10509029,0
train,1,data_1.csv,normal,1_60_83,24,60,83,36000,49800,0,0.08632607,0
train,1,data_1.csv,normal,1_61_84,24,61,84,36600,50400,0,0.043602407,0
train,1,data_1.csv,normal,1_62_85,24,62,85,37200,51000,0,0.01467884,0
train,1,data_1.csv,normal,1_63_86,24,63,86,37800,51600,0,0.008166991,0
train,1,data_1.csv,normal,1_64_87,24,64,87,38400,52200,0,0.007174765,0
train,1,data_1.csv,normal,1_65_88,24,65,88,39000,52800,0,0.009220236,0
train,1,data_1.csv,normal,1_66_89,24,66,89,39600,53400,0,0.017831936,0
train,1,data_1.csv,normal,1_67_90,24,67,90,40200,54000,0,0.010037471,0
train,1,data_1.csv,normal,1_68_91,24,68,91,40800,54600,0,0.0046491968,0
train,1,data_1.csv,normal,1_69_92,24,69,92,41400,55200,0,0.005860714,0
train,1,data_1.csv,normal,1_70_93,24,70,93,42000,55800,0,0.006579382,0
train,1,data_1.csv,normal,1_71_94,24,71,94,42600,56400,0,0.011394315,0
train,1,data_1.csv,normal,1_72_95,24,72,95,43200,57000,0,0.020861637,0
train,1,data_1.csv,normal,1_73_96,24,73,96,43800,57600,0,0.01642146,0
train,1,data_1.csv,normal,1_74_97,24,74,97,44400,58200,0,0.017203543,0
train,1,data_1.csv,normal,1_75_98,24,75,98,45000,58800,0,0.019217994,0
train,1,data_1.csv,normal,1_76_99,24,76,99,45600,59400,0,0.021708187,0
train,1,data_1.csv,normal,1_77_100,24,77,100,46200,60000,0,0.022358304,0
train,1,data_1.csv,normal,1_78_101,24,78,101,46800,60600,0,0.027609596,0
train,1,data_1.csv,normal,1_79_102,24,79,102,47400,61200,0,0.040409878,0
train,1,data_1.csv,normal,1_80_103,24,80,103,48000,61800,0,0.06535763,0
train,1,data_1.csv,normal,1_81_104,24,81,104,48600,62400,0,0.056744386,0
train,1,data_1.csv,normal,1_82_105,24,82,105,49200,63000,0,0.028637677,0
train,1,data_1.csv,normal,1_83_106,24,83,106,49800,63600,0,0.010632057,0
train,1,data_1.csv,normal,1_84_107,24,84,107,50400,64200,0,0.0032315783,0
train,1,data_1.csv,normal,1_85_108,24,85,108,51000,64800,0,0.0066378326,0
train,1,data_1.csv,normal,1_86_109,24,86,109,51600,65400,0,0.009568433,0
train,1,data_1.csv,normal,1_87_110,24,87,110,52200,66000,0,0.0076993187,0
train,1,data_1.csv,normal,1_88_111,24,88,111,52800,66600,0,0.0038313277,0
train,1,data_1.csv,normal,1_89_112,24,89,112,53400,67200,0,0.0022849415,0
train,1,data_1.csv,normal,1_90_113,24,90,113,54000,67800,0,0.000981934,0
train,1,data_1.csv,normal,1_91_114,24,91,114,54600,68400,0,0.002437551,0
train,1,data_1.csv,normal,1_92_115,24,92,115,55200,69000,0,0.0038248014,0
train,1,data_1.csv,normal,1_93_116,24,93,116,55800,69600,0,0.0058317636,0
train,1,data_1.csv,normal,1_94_117,24,94,117,56400,70200,0,0.004322071,0
train,1,data_1.csv,normal,1_95_118,24,95,118,57000,70800,0,0.0048007113,0
train,1,data_1.csv,normal,1_96_119,24,96,119,57600,71400,0,0.0037833182,0
train,1,data_1.csv,normal,1_97_120,24,97,120,58200,72000,0,0.0026805394,0
train,1,data_1.csv,normal,1_98_121,24,98,121,58800,72600,0,0.0015064384,0
train,1,data_1.csv,normal,1_99_122,24,99,122,59400,73200,0,0.0014242986,0
train,1,data_1.csv,normal,1_100_123,24,100,123,60000,73800,0,0.001466999,0
train,1,data_1.csv,normal,1_101_124,24,101,124,60600,74400,0,0.001613811,0
train,1,data_1.csv,normal,1_102_125,24,102,125,61200,75000,0,0.0015566362,0
train,1,data_1.csv,normal,1_103_126,24,103,126,61800,75600,0,0.0012045571,0
train,1,data_1.csv,normal,1_104_127,24,104,127,62400,76200,0,0.0008946442,0
train,1,data_1.csv,normal,1_105_128,24,105,128,63000,76800,0,0.0011118641,0
train,1,data_1.csv,normal,1_106_129,24,106,129,63600,77400,0,0.0021734652,0
train,1,data_1.csv,normal,1_107_130,24,107,130,64200,78000,0,0.0035087562,0
train,1,data_1.csv,normal,1_108_131,24,108,131,64800,78600,0,0.0067353966,0
train,1,data_1.csv,normal,1_109_132,24,109,132,65400,79200,0,0.0036910782,0
train,1,data_1.csv,normal,1_110_133,24,110,133,66000,79800,0,0.002569433,0
train,1,data_1.csv,normal,1_111_134,24,111,134,66600,80400,0,0.0026844353,0
train,1,data_1.csv,normal,1_112_135,24,112,135,67200,81000,0,0.004366402,0
train,1,data_1.csv,normal,1_113_136,24,113,136,67800,81600,0,0.006528416,0
train,1,data_1.csv,normal,1_114_137,24,114,137,68400,82200,0,0.014868097,0
train,1,data_1.csv,normal,1_115_138,24,115,138,69000,82800,0,0.0038950152,0
train,1,data_1.csv,normal,1_116_139,24,116,139,69600,83400,0,0.0011443158,0
train,1,data_1.csv,normal,1_117_140,24,117,140,70200,84000,0,0.00056376884,0
train,1,data_1.csv,normal,1_118_141,24,118,141,70800,84600,0,0.0004123926,0
train,1,data_1.csv,normal,1_119_142,24,119,142,71400,85200,0,0.00039234463,0
train,1,data_1.csv,normal,1_120_143,24,120,143,72000,85800,0,0.00052201806,0
train,1,data_1.csv,normal,1_121_144,24,121,144,72600,86400,0,0.00041543355,0
train,3,data_3.csv,normal,3_0_23,24,0,23,0,13800,0,1.3186106e-08,0
train,3,data_3.csv,normal,3_1_24,24,1,24,600,14400,0,1.26169e-08,0
train,3,data_3.csv,normal,3_2_25,24,2,25,1200,15000,0,1.2422335e-08,0
train,3,data_3.csv,normal,3_3_26,24,3,26,1800,15600,0,1.11540155e-08,0
train,3,data_3.csv,normal,3_4_27,24,4,27,2400,16200,0,1.01935544e-08,0
train,3,data_3.csv,normal,3_5_28,24,5,28,3000,16800,0,9.254133e-09,0
train,3,data_3.csv,normal,3_6_29,24,6,29,3600,17400,0,8.362406e-09,0
train,3,data_3.csv,normal,3_7_30,24,7,30,4200,18000,0,9.326482e-09,0
train,3,data_3.csv,normal,3_8_31,24,8,31,4800,18600,0,1.0176342e-08,0
train,3,data_3.csv,normal,3_9_32,24,9,32,5400,19200,0,1.01196695e-08,0
train,3,data_3.csv,normal,3_10_33,24,10,33,6000,19800,0,9.479661e-09,0
train,3,data_3.csv,normal,3_11_34,24,11,34,6600,20400,0,9.018354e-09,0
train,3,data_3.csv,normal,3_12_35,24,12,35,7200,21000,0,8.2636085e-09,0
train,3,data_3.csv,normal,3_13_36,24,13,36,7800,21600,0,8.966026e-09,0
train,3,data_3.csv,normal,3_14_37,24,14,37,8400,22200,0,9.393645e-09,0
train,3,data_3.csv,normal,3_15_38,24,15,38,9000,22800,0,9.656016e-09,0
train,3,data_3.csv,normal,3_16_39,24,16,39,9600,23400,0,9.090352e-09,0
train,3,data_3.csv,normal,3_17_40,24,17,40,10200,24000,0,9.026339e-09,0
train,3,data_3.csv,normal,3_18_41,24,18,41,10800,24600,0,8.5908765e-09,0
train,3,data_3.csv,normal,3_19_42,24,19,42,11400,25200,0,9.525643e-09,0
train,3,data_3.csv,normal,3_20_43,24,20,43,12000,25800,0,9.7485255e-09,0
train,3,data_3.csv,normal,3_21_44,24,21,44,12600,26400,0,1.0318081e-08,0
train,3,data_3.csv,normal,3_22_45,24,22,45,13200,27000,0,1.0186343e-08,0
train,3,data_3.csv,normal,3_23_46,24,23,46,13800,27600,0,1.0460396e-08,0
train,3,data_3.csv,normal,3_24_47,24,24,47,14400,28200,0,1.0295906e-08,0
train,3,data_3.csv,normal,3_25_48,24,25,48,15000,28800,0,1.1769401e-08,0
train,3,data_3.csv,normal,3_26_49,24,26,49,15600,29400,0,1.26859145e-08,0
train,3,data_3.csv,normal,3_27_50,24,27,50,16200,30000,0,1.49858e-08,0
train,3,data_3.csv,normal,3_28_51,24,28,51,16800,30600,0,1.651204e-08,0
train,3,data_3.csv,normal,3_29_52,24,29,52,17400,31200,0,1.8720907e-08,0
train,3,data_3.csv,normal,3_30_53,24,30,53,18000,31800,0,2.0817827e-08,0
train,3,data_3.csv,normal,3_31_54,24,31,54,18600,32400,0,4.400288e-08,0
train,3,data_3.csv,normal,3_32_55,24,32,55,19200,33000,0,7.640129e-08,0
train,3,data_3.csv,normal,3_33_56,24,33,56,19800,33600,0,1.2790855e-07,0
train,3,data_3.csv,normal,3_34_57,24,34,57,20400,34200,0,1.4419736e-07,0
train,3,data_3.csv,normal,3_35_58,24,35,58,21000,34800,0,1.8470124e-07,0
train,3,data_3.csv,normal,3_36_59,24,36,59,21600,35400,0,1.9939105e-07,0
train,3,data_3.csv,normal,3_37_60,24,37,60,22200,36000,0,9.89483e-07,0
train,3,data_3.csv,normal,3_38_61,24,38,61,22800,36600,0,2.8758234e-06,0
train,3,data_3.csv,normal,3_39_62,24,39,62,23400,37200,0,8.002212e-06,0
train,3,data_3.csv,normal,3_40_63,24,40,63,24000,37800,0,8.244402e-06,0
train,3,data_3.csv,normal,3_41_64,24,41,64,24600,38400,0,1.3830881e-05,0
train,3,data_3.csv,normal,3_42_65,24,42,65,25200,39000,0,1.5272852e-05,0
train,3,data_3.csv,normal,3_43_66,24,43,66,25800,39600,0,3.2637465e-05,0
train,3,data_3.csv,normal,3_44_67,24,44,67,26400,40200,0,3.5189576e-05,0
train,3,data_3.csv,normal,3_45_68,24,45,68,27000,40800,0,6.3856656e-05,0
train,3,data_3.csv,normal,3_46_69,24,46,69,27600,41400,0,5.9300935e-05,0
train,3,data_3.csv,normal,3_47_70,24,47,70,28200,42000,0,8.978775e-05,0
train,3,data_3.csv,normal,3_48_71,24,48,71,28800,42600,0,9.955055e-05,0
train,3,data_3.csv,normal,3_49_72,24,49,72,29400,43200,0,7.3998155e-05,0
train,3,data_3.csv,normal,3_50_73,24,50,73,30000,43800,0,3.9616672e-05,0
train,3,data_3.csv,normal,3_51_74,24,51,74,30600,44400,0,4.3352597e-05,0
train,3,data_3.csv,normal,3_52_75,24,52,75,31200,45000,0,8.348498e-05,0
train,3,data_3.csv,normal,3_53_76,24,53,76,31800,45600,0,0.0001262554,0
train,3,data_3.csv,normal,3_54_77,24,54,77,32400,46200,0,0.00020995796,0
train,3,data_3.csv,normal,3_55_78,24,55,78,33000,46800,0,0.00022077111,0
train,3,data_3.csv,normal,3_56_79,24,56,79,33600,47400,0,0.00027303357,0
train,3,data_3.csv,normal,3_57_80,24,57,80,34200,48000,0,0.000625781,0
train,3,data_3.csv,normal,3_58_81,24,58,81,34800,48600,0,0.00252532,0
train,3,data_3.csv,normal,3_59_82,24,59,82,35400,49200,0,0.0075715706,0
train,3,data_3.csv,normal,3_60_83,24,60,83,36000,49800,0,0.033110943,0
train,3,data_3.csv,normal,3_61_84,24,61,84,36600,50400,0,0.024093794,0
train,3,data_3.csv,normal,3_62_85,24,62,85,37200,51000,0,0.024662096,0
train,3,data_3.csv,normal,3_63_86,24,63,86,37800,51600,0,0.02889359,0
train,3,data_3.csv,normal,3_64_87,24,64,87,38400,52200,0,0.039933912,0
train,3,data_3.csv,normal,3_65_88,24,65,88,39000,52800,0,0.052684363,0
train,3,data_3.csv,normal,3_66_89,24,66,89,39600,53400,0,0.08295302,0
train,3,data_3.csv,normal,3_67_90,24,67,90,40200,54000,0,0.11454077,0
train,3,data_3.csv,normal,3_68_91,24,68,91,40800,54600,0,0.16461228,0
train,3,data_3.csv,normal,3_69_92,24,69,92,41400,55200,0,0.21461894,0
train,3,data_3.csv,normal,3_70_93,24,70,93,42000,55800,0,0.25591004,0
train,3,data_3.csv,normal,3_71_94,24,71,94,42600,56400,0,0.27313524,0
train,3,data_3.csv,normal,3_72_95,24,72,95,43200,57000,0,0.29494265,0
train,3,data_3.csv,normal,3_73_96,24,73,96,43800,57600,0,0.4565295,0
train,3,data_3.csv,normal,3_74_97,24,74,97,44400,58200,0,0.6002309,1
train,3,data_3.csv,normal,3_75_98,24,75,98,45000,58800,0,0.64095217,1
train,3,data_3.csv,normal,3_76_99,24,76,99,45600,59400,0,0.6389551,1
train,3,data_3.csv,normal,3_77_100,24,77,100,46200,60000,0,0.6329354,1
train,3,data_3.csv,normal,3_78_101,24,78,101,46800,60600,0,0.5948892,0
train,3,data_3.csv,normal,3_79_102,24,79,102,47400,61200,0,0.64966595,1
train,3,data_3.csv,normal,3_80_103,24,80,103,48000,61800,0,0.6359629,1
train,3,data_3.csv,normal,3_81_104,24,81,104,48600,62400,0,0.602487,1
train,3,data_3.csv,normal,3_82_105,24,82,105,49200,63000,0,0.4964607,0
train,3,data_3.csv,normal,3_83_106,24,83,106,49800,63600,0,0.45523608,0
train,3,data_3.csv,normal,3_84_107,24,84,107,50400,64200,0,0.32846254,0
train,3,data_3.csv,normal,3_85_108,24,85,108,51000,64800,0,0.45189324,0
train,3,data_3.csv,normal,3_86_109,24,86,109,51600,65400,0,0.44001445,0
train,3,data_3.csv,normal,3_87_110,24,87,110,52200,66000,0,0.4518377,0
train,3,data_3.csv,normal,3_88_111,24,88,111,52800,66600,0,0.45413935,0
train,3,data_3.csv,normal,3_89_112,24,89,112,53400,67200,0,0.4707117,0
train,3,data_3.csv,normal,3_90_113,24,90,113,54000,67800,0,0.41364232,0
train,3,data_3.csv,normal,3_91_114,24,91,114,54600,68400,0,0.12576519,0
train,3,data_3.csv,normal,3_92_115,24,92,115,55200,69000,0,0.040947173,0
train,3,data_3.csv,normal,3_93_116,24,93,116,55800,69600,0,0.025375681,0
train,3,data_3.csv,normal,3_94_117,24,94,117,56400,70200,0,0.028549178,0
train,3,data_3.csv,normal,3_95_118,24,95,118,57000,70800,0,0.02222232,0
train,3,data_3.csv,normal,3_96_119,24,96,119,57600,71400,0,0.03052254,0
train,3,data_3.csv,normal,3_97_120,24,97,120,58200,72000,0,0.013713339,0
train,3,data_3.csv,normal,3_98_121,24,98,121,58800,72600,0,0.0022788034,0
train,3,data_3.csv,normal,3_99_122,24,99,122,59400,73200,0,0.0010012634,0
train,3,data_3.csv,normal,3_100_123,24,100,123,60000,73800,0,0.0008072151,0
train,3,data_3.csv,normal,3_101_124,24,101,124,60600,74400,0,0.00091459794,0
train,3,data_3.csv,normal,3_102_125,24,102,125,61200,75000,0,0.0012993222,0
train,3,data_3.csv,normal,3_103_126,24,103,126,61800,75600,0,0.0009778785,0
train,3,data_3.csv,normal,3_104_127,24,104,127,62400,76200,0,0.0009756878,0
train,3,data_3.csv,normal,3_105_128,24,105,128,63000,76800,0,0.0019437557,0
train,3,data_3.csv,normal,3_106_129,24,106,129,63600,77400,0,0.0028321042,0
train,3,data_3.csv,normal,3_107_130,24,107,130,64200,78000,0,0.0042427774,0
train,3,data_3.csv,normal,3_108_131,24,108,131,64800,78600,0,0.005292418,0
train,3,data_3.csv,normal,3_109_132,24,109,132,65400,79200,0,0.0047504227,0
train,3,data_3.csv,normal,3_110_133,24,110,133,66000,79800,0,0.006598752,0
train,3,data_3.csv,normal,3_111_134,24,111,134,66600,80400,0,0.006205296,0
train,3,data_3.csv,normal,3_112_135,24,112,135,67200,81000,0,0.00517554,0
train,3,data_3.csv,normal,3_113_136,24,113,136,67800,81600,0,0.0029497254,0
train,3,data_3.csv,normal,3_114_137,24,114,137,68400,82200,0,0.0013859648,0
train,3,data_3.csv,normal,3_115_138,24,115,138,69000,82800,0,0.00092960376,0
train,3,data_3.csv,normal,3_116_139,24,116,139,69600,83400,0,0.0006408429,0
train,3,data_3.csv,normal,3_117_140,24,117,140,70200,84000,0,0.00016308264,0
train,3,data_3.csv,normal,3_118_141,24,118,141,70800,84600,0,4.3029104e-05,0
train,3,data_3.csv,normal,3_119_142,24,119,142,71400,85200,0,1.1599585e-05,0
train,3,data_3.csv,normal,3_120_143,24,120,143,72000,85800,0,2.339836e-06,0
train,3,data_3.csv,normal,3_121_144,24,121,144,72600,86400,0,1.5213873e-06,0
train,4,data_4.csv,normal,4_0_23,24,0,23,0,13800,0,5.4832655e-10,0
train,4,data_4.csv,normal,4_1_24,24,1,24,600,14400,0,1.1902269e-09,0
train,4,data_4.csv,normal,4_2_25,24,2,25,1200,15000,0,2.1547375e-09,0
train,4,data_4.csv,normal,4_3_26,24,3,26,1800,15600,0,3.5773526e-09,0
train,4,data_4.csv,normal,4_4_27,24,4,27,2400,16200,0,3.993026e-09,0
train,4,data_4.csv,normal,4_5_28,24,5,28,3000,16800,0,4.9997766e-09,0
train,4,data_4.csv,normal,4_6_29,24,6,29,3600,17400,0,5.328644e-09,0
train,4,data_4.csv,normal,4_7_30,24,7,30,4200,18000,0,9.723864e-09,0
train,4,data_4.csv,normal,4_8_31,24,8,31,4800,18600,0,1.3875759e-08,0
train,4,data_4.csv,normal,4_9_32,24,9,32,5400,19200,0,2.2714646e-08,0
train,4,data_4.csv,normal,4_10_33,24,10,33,6000,19800,0,2.2172046e-08,0
train,4,data_4.csv,normal,4_11_34,24,11,34,6600,20400,0,2.8762349e-08,0
train,4,data_4.csv,normal,4_12_35,24,12,35,7200,21000,0,2.9996315e-08,0
train,4,data_4.csv,normal,4_13_36,24,13,36,7800,21600,0,4.2945455e-08,0
train,4,data_4.csv,normal,4_14_37,24,14,37,8400,22200,0,4.29294e-08,0
train,4,data_4.csv,normal,4_15_38,24,15,38,9000,22800,0,6.459048e-08,0
train,4,data_4.csv,normal,4_16_39,24,16,39,9600,23400,0,7.222059e-08,0
train,4,data_4.csv,normal,4_17_40,24,17,40,10200,24000,0,9.849342e-08,0
train,4,data_4.csv,normal,4_18_41,24,18,41,10800,24600,0,1.14994194e-07,0
train,4,data_4.csv,normal,4_19_42,24,19,42,11400,25200,0,2.1598106e-07,0
train,4,data_4.csv,normal,4_20_43,24,20,43,12000,25800,0,3.1196507e-07,0
train,4,data_4.csv,normal,4_21_44,24,21,44,12600,26400,0,7.4554896e-07,0
train,4,data_4.csv,normal,4_22_45,24,22,45,13200,27000,0,1.3838475e-06,0
train,4,data_4.csv,normal,4_23_46,24,23,46,13800,27600,0,2.8004745e-06,0
train,4,data_4.csv,normal,4_24_47,24,24,47,14400,28200,0,5.3279787e-06,0
train,4,data_4.csv,normal,4_25_48,24,25,48,15000,28800,0,1.4722265e-05,0
train,4,data_4.csv,normal,4_26_49,24,26,49,15600,29400,0,3.128092e-05,0
train,4,data_4.csv,normal,4_27_50,24,27,50,16200,30000,0,0.00010374118,0
train,4,data_4.csv,normal,4_28_51,24,28,51,16800,30600,0,0.00019282007,0
train,4,data_4.csv,normal,4_29_52,24,29,52,17400,31200,0,0.0004443001,0
train,4,data_4.csv,normal,4_30_53,24,30,53,18000,31800,0,0.000840484,0
train,4,data_4.csv,normal,4_31_54,24,31,54,18600,32400,0,0.0006161439,0
train,4,data_4.csv,normal,4_32_55,24,32,55,19200,33000,0,0.0004156764,0
train,4,data_4.csv,normal,4_33_56,24,33,56,19800,33600,0,0.00050299504,0
train,4,data_4.csv,normal,4_34_57,24,34,57,20400,34200,0,0.0006168549,0
train,4,data_4.csv,normal,4_35_58,24,35,58,21000,34800,0,0.0009215648,0
train,4,data_4.csv,normal,4_36_59,24,36,59,21600,35400,0,0.0013560188,0
train,4,data_4.csv,normal,4_37_60,24,37,60,22200,36000,0,0.002504441,0
train,4,data_4.csv,normal,4_38_61,24,38,61,22800,36600,0,0.003650308,0
train,4,data_4.csv,normal,4_39_62,24,39,62,23400,37200,0,0.005979831,0
train,4,data_4.csv,normal,4_40_63,24,40,63,24000,37800,0,0.010914119,0
train,4,data_4.csv,normal,4_41_64,24,41,64,24600,38400,0,0.015479235,0
train,4,data_4.csv,normal,4_42_65,24,42,65,25200,39000,0,0.02132187,0
train,4,data_4.csv,normal,4_43_66,24,43,66,25800,39600,0,0.030940419,0
train,4,data_4.csv,normal,4_44_67,24,44,67,26400,40200,0,0.059064277,0
train,4,data_4.csv,normal,4_45_68,24,45,68,27000,40800,0,0.14537492,0
train,4,data_4.csv,normal,4_46_69,24,46,69,27600,41400,0,0.23462674,0
train,4,data_4.csv,normal,4_47_70,24,47,70,28200,42000,0,0.44271973,0
train,4,data_4.csv,normal,4_48_71,24,48,71,28800,42600,0,0.61750585,1
train,4,data_4.csv,normal,4_49_72,24,49,72,29400,43200,0,0.6519008,1
train,4,data_4.csv,normal,4_50_73,24,50,73,30000,43800,0,0.6510085,1
train,4,data_4.csv,normal,4_51_74,24,51,74,30600,44400,0,0.6476678,1
train,4,data_4.csv,normal,4_52_75,24,52,75,31200,45000,0,0.6295282,1
train,4,data_4.csv,normal,4_53_76,24,53,76,31800,45600,0,0.63031787,1
train,4,data_4.csv,normal,4_54_77,24,54,77,32400,46200,0,0.612543,1
train,4,data_4.csv,normal,4_55_78,24,55,78,33000,46800,0,0.6406083,1
train,4,data_4.csv,normal,4_56_79,24,56,79,33600,47400,0,0.6285236,1
train,4,data_4.csv,normal,4_57_80,24,57,80,34200,48000,0,0.6018144,1
train,4,data_4.csv,normal,4_58_81,24,58,81,34800,48600,0,0.5805412,0
train,4,data_4.csv,normal,4_59_82,24,59,82,35400,49200,0,0.5968649,0
train,4,data_4.csv,normal,4_60_83,24,60,83,36000,49800,0,0.5487749,0
train,4,data_4.csv,normal,4_61_84,24,61,84,36600,50400,0,0.6006697,1
train,4,data_4.csv,normal,4_62_85,24,62,85,37200,51000,0,0.623423,1
train,4,data_4.csv,normal,4_63_86,24,63,86,37800,51600,0,0.59372175,0
train,4,data_4.csv,normal,4_64_87,24,64,87,38400,52200,0,0.56328183,0
train,4,data_4.csv,normal,4_65_88,24,65,88,39000,52800,0,0.5558434,0
train,4,data_4.csv,normal,4_66_89,24,66,89,39600,53400,0,0.5208239,0
train,4,data_4.csv,normal,4_67_90,24,67,90,40200,54000,0,0.5234554,0
train,4,data_4.csv,normal,4_68_91,24,68,91,40800,54600,0,0.5556609,0
train,4,data_4.csv,normal,4_69_92,24,69,92,41400,55200,0,0.5286304,0
train,4,data_4.csv,normal,4_70_93,24,70,93,42000,55800,0,0.5252192,0
train,4,data_4.csv,normal,4_71_94,24,71,94,42600,56400,0,0.5535438,0
train,4,data_4.csv,normal,4_72_95,24,72,95,43200,57000,0,0.5814713,0
train,4,data_4.csv,normal,4_73_96,24,73,96,43800,57600,0,0.54935956,0
train,4,data_4.csv,normal,4_74_97,24,74,97,44400,58200,0,0.5200997,0
train,4,data_4.csv,normal,4_75_98,24,75,98,45000,58800,0,0.5181944,0
train,4,data_4.csv,normal,4_76_99,24,76,99,45600,59400,0,0.5236472,0
train,4,data_4.csv,normal,4_77_100,24,77,100,46200,60000,0,0.5461669,0
train,4,data_4.csv,normal,4_78_101,24,78,101,46800,60600,0,0.5749882,0
train,4,data_4.csv,normal,4_79_102,24,79,102,47400,61200,0,0.570909,0
train,4,data_4.csv,normal,4_80_103,24,80,103,48000,61800,0,0.55880505,0
train,4,data_4.csv,normal,4_81_104,24,81,104,48600,62400,0,0.57507175,0
train,4,data_4.csv,normal,4_82_105,24,82,105,49200,63000,0,0.5770182,0
train,4,data_4.csv,normal,4_83_106,24,83,106,49800,63600,0,0.600632,1
train,4,data_4.csv,normal,4_84_107,24,84,107,50400,64200,0,0.6368641,1
train,4,data_4.csv,normal,4_85_108,24,85,108,51000,64800,0,0.63305676,1
train,4,data_4.csv,normal,4_86_109,24,86,109,51600,65400,0,0.6301293,1
train,4,data_4.csv,normal,4_87_110,24,87,110,52200,66000,0,0.6396424,1
train,4,data_4.csv,normal,4_88_111,24,88,111,52800,66600,0,0.64634126,1
train,4,data_4.csv,normal,4_89_112,24,89,112,53400,67200,0,0.6580653,1
train,4,data_4.csv,normal,4_90_113,24,90,113,54000,67800,0,0.6706475,1
train,4,data_4.csv,normal,4_91_114,24,91,114,54600,68400,0,0.67775315,1
train,4,data_4.csv,normal,4_92_115,24,92,115,55200,69000,0,0.6930949,1
train,4,data_4.csv,normal,4_93_116,24,93,116,55800,69600,0,0.68820447,1
train,4,data_4.csv,normal,4_94_117,24,94,117,56400,70200,0,0.68859464,1
train,4,data_4.csv,normal,4_95_118,24,95,118,57000,70800,0,0.67111653,1
train,4,data_4.csv,normal,4_96_119,24,96,119,57600,71400,0,0.65054834,1
train,4,data_4.csv,normal,4_97_120,24,97,120,58200,72000,0,0.58557355,0
train,4,data_4.csv,normal,4_98_121,24,98,121,58800,72600,0,0.5209529,0
train,4,data_4.csv,normal,4_99_122,24,99,122,59400,73200,0,0.5069275,0
train,4,data_4.csv,normal,4_100_123,24,100,123,60000,73800,0,0.49521714,0
train,4,data_4.csv,normal,4_101_124,24,101,124,60600,74400,0,0.48956648,0
train,4,data_4.csv,normal,4_102_125,24,102,125,61200,75000,0,0.48141167,0
train,4,data_4.csv,normal,4_103_126,24,103,126,61800,75600,0,0.35608077,0
train,4,data_4.csv,normal,4_104_127,24,104,127,62400,76200,0,0.1438962,0
train,4,data_4.csv,normal,4_105_128,24,105,128,63000,76800,0,0.11788155,0
train,4,data_4.csv,normal,4_106_129,24,106,129,63600,77400,0,0.0883615,0
train,4,data_4.csv,normal,4_107_130,24,107,130,64200,78000,0,0.09462871,0
train,4,data_4.csv,normal,4_108_131,24,108,131,64800,78600,0,0.10555816,0
train,4,data_4.csv,normal,4_109_132,24,109,132,65400,79200,0,0.041144934,0
train,4,data_4.csv,normal,4_110_133,24,110,133,66000,79800,0,0.00801193,0
train,4,data_4.csv,normal,4_111_134,24,111,134,66600,80400,0,0.006511456,0
train,4,data_4.csv,normal,4_112_135,24,112,135,67200,81000,0,0.0048617963,0
train,4,data_4.csv,normal,4_113_136,24,113,136,67800,81600,0,0.007759762,0
train,4,data_4.csv,normal,4_114_137,24,114,137,68400,82200,0,0.010510642,0
train,4,data_4.csv,normal,4_115_138,24,115,138,69000,82800,0,0.004527411,0
train,4,data_4.csv,normal,4_116_139,24,116,139,69600,83400,0,0.0017684586,0
train,4,data_4.csv,normal,4_117_140,24,117,140,70200,84000,0,0.0014934741,0
train,4,data_4.csv,normal,4_118_141,24,118,141,70800,84600,0,0.0010956216,0
train,4,data_4.csv,normal,4_119_142,24,119,142,71400,85200,0,0.0012474866,0
train,4,data_4.csv,normal,4_120_143,24,120,143,72000,85800,0,0.0014644259,0
train,4,data_4.csv,normal,4_121_144,24,121,144,72600,86400,0,0.00083638437,0
train,6,data_6.csv,normal,6_0_23,24,0,23,0,13800,0,1.6287421e-08,0
train,6,data_6.csv,normal,6_1_24,24,1,24,600,14400,0,1.4789077e-08,0
train,6,data_6.csv,normal,6_2_25,24,2,25,1200,15000,0,1.4023211e-08,0
train,6,data_6.csv,normal,6_3_26,24,3,26,1800,15600,0,1.0621618e-08,0
train,6,data_6.csv,normal,6_4_27,24,4,27,2400,16200,0,8.212589e-09,0
train,6,data_6.csv,normal,6_5_28,24,5,28,3000,16800,0,6.369395e-09,0
train,6,data_6.csv,normal,6_6_29,24,6,29,3600,17400,0,4.7878124e-09,0
train,6,data_6.csv,normal,6_7_30,24,7,30,4200,18000,0,5.1472924e-09,0
train,6,data_6.csv,normal,6_8_31,24,8,31,4800,18600,0,5.4335554e-09,0
train,6,data_6.csv,normal,6_9_32,24,9,32,5400,19200,0,4.917543e-09,0
train,6,data_6.csv,normal,6_10_33,24,10,33,6000,19800,0,4.201266e-09,0
train,6,data_6.csv,normal,6_11_34,24,11,34,6600,20400,0,3.6762755e-09,0
train,6,data_6.csv,normal,6_12_35,24,12,35,7200,21000,0,3.0512757e-09,0
train,6,data_6.csv,normal,6_13_36,24,13,36,7800,21600,0,3.78568e-09,0
train,6,data_6.csv,normal,6_14_37,24,14,37,8400,22200,0,4.355023e-09,0
train,6,data_6.csv,normal,6_15_38,24,15,38,9000,22800,0,4.6625717e-09,0
train,6,data_6.csv,normal,6_16_39,24,16,39,9600,23400,0,4.285011e-09,0
train,6,data_6.csv,normal,6_17_40,24,17,40,10200,24000,0,4.2138977e-09,0
train,6,data_6.csv,normal,6_18_41,24,18,41,10800,24600,0,3.841755e-09,0
train,6,data_6.csv,normal,6_19_42,24,19,42,11400,25200,0,4.850444e-09,0
train,6,data_6.csv,normal,6_20_43,24,20,43,12000,25800,0,5.428511e-09,0
train,6,data_6.csv,normal,6_21_44,24,21,44,12600,26400,0,6.3252545e-09,0
train,6,data_6.csv,normal,6_22_45,24,22,45,13200,27000,0,6.1741128e-09,0
train,6,data_6.csv,normal,6_23_46,24,23,46,13800,27600,0,6.6103136e-09,0
train,6,data_6.csv,normal,6_24_47,24,24,47,14400,28200,0,6.4936576e-09,0
train,6,data_6.csv,normal,6_25_48,24,25,48,15000,28800,0,8.430533e-09,0
train,6,data_6.csv,normal,6_26_49,24,26,49,15600,29400,0,9.489846e-09,0
train,6,data_6.csv,normal,6_27_50,24,27,50,16200,30000,0,1.2307975e-08,0
train,6,data_6.csv,normal,6_28_51,24,28,51,16800,30600,0,1.3512563e-08,0
train,6,data_6.csv,normal,6_29_52,24,29,52,17400,31200,0,1.6120957e-08,0
train,6,data_6.csv,normal,6_30_53,24,30,53,18000,31800,0,1.7909091e-08,0
train,6,data_6.csv,normal,6_31_54,24,31,54,18600,32400,0,4.3353253e-08,0
train,6,data_6.csv,normal,6_32_55,24,32,55,19200,33000,0,8.013677e-08,0
train,6,data_6.csv,normal,6_33_56,24,33,56,19800,33600,0,1.5976542e-07,0
train,6,data_6.csv,normal,6_34_57,24,34,57,20400,34200,0,2.0432456e-07,0
train,6,data_6.csv,normal,6_35_58,24,35,58,21000,34800,0,3.0064712e-07,0
train,6,data_6.csv,normal,6_36_59,24,36,59,21600,35400,0,3.7074335e-07,0
train,6,data_6.csv,normal,6_37_60,24,37,60,22200,36000,0,1.3843609e-06,0
train,6,data_6.csv,normal,6_38_61,24,38,61,22800,36600,0,3.2457506e-06,0
train,6,data_6.csv,normal,6_39_62,24,39,62,23400,37200,0,9.092711e-06,0
train,6,data_6.csv,normal,6_40_63,24,40,63,24000,37800,0,1.0590066e-05,0
train,6,data_6.csv,normal,6_41_64,24,41,64,24600,38400,0,1.948485e-05,0
train,6,data_6.csv,normal,6_42_65,24,42,65,25200,39000,0,2.4250121e-05,0
train,6,data_6.csv,normal,6_43_66,24,43,66,25800,39600,0,5.402829e-05,0
train,6,data_6.csv,normal,6_44_67,24,44,67,26400,40200,0,6.167159e-05,0
train,6,data_6.csv,normal,6_45_68,24,45,68,27000,40800,0,0.00011838789,0
train,6,data_6.csv,normal,6_46_69,24,46,69,27600,41400,0,0.00012960982,0
train,6,data_6.csv,normal,6_47_70,24,47,70,28200,42000,0,0.00021483754,0
train,6,data_6.csv,normal,6_48_71,24,48,71,28800,42600,0,0.00025621007,0
train,6,data_6.csv,normal,6_49_72,24,49,72,29400,43200,0,0.00033522674,0
train,6,data_6.csv,normal,6_50_73,24,50,73,30000,43800,0,0.00032257242,0
train,6,data_6.csv,normal,6_51_74,24,51,74,30600,44400,0,0.0005198422,0
train,6,data_6.csv,normal,6_52_75,24,52,75,31200,45000,0,0.0010632393,0
train,6,data_6.csv,normal,6_53_76,24,53,76,31800,45600,0,0.0018883861,0
train,6,data_6.csv,normal,6_54_77,24,54,77,32400,46200,0,0.0033514968,0
train,6,data_6.csv,normal,6_55_78,24,55,78,33000,46800,0,0.0047529303,0
train,6,data_6.csv,normal,6_56_79,24,56,79,33600,47400,0,0.007618149,0
train,6,data_6.csv,normal,6_57_80,24,57,80,34200,48000,0,0.018124767,0
train,6,data_6.csv,normal,6_58_81,24,58,81,34800,48600,0,0.049016595,0
train,6,data_6.csv,normal,6_59_82,24,59,82,35400,49200,0,0.11469971,0
train,6,data_6.csv,normal,6_60_83,24,60,83,36000,49800,0,0.2732816,0
train,6,data_6.csv,normal,6_61_84,24,61,84,36600,50400,0,0.2680184,0
train,6,data_6.csv,normal,6_62_85,24,62,85,37200,51000,0,0.25638965,0
train,6,data_6.csv,normal,6_63_86,24,63,86,37800,51600,0,0.24090733,0
train,6,data_6.csv,normal,6_64_87,24,64,87,38400,52200,0,0.22097884,0
train,6,data_6.csv,normal,6_65_88,24,65,88,39000,52800,0,0.23699811,0
train,6,data_6.csv,normal,6_66_89,24,66,89,39600,53400,0,0.25005397,0
train,6,data_6.csv,normal,6_67_90,24,67,90,40200,54000,0,0.21914771,0
train,6,data_6.csv,normal,6_68_91,24,68,91,40800,54600,0,0.20754482,0
train,6,data_6.csv,normal,6_69_92,24,69,92,41400,55200,0,0.19405013,0
train,6,data_6.csv,normal,6_70_93,24,70,93,42000,55800,0,0.19094068,0
train,6,data_6.csv,normal,6_71_94,24,71,94,42600,56400,0,0.19690335,0
train,6,data_6.csv,normal,6_72_95,24,72,95,43200,57000,0,0.20761384,0
train,6,data_6.csv,normal,6_73_96,24,73,96,43800,57600,0,0.19252342,0
train,6,data_6.csv,normal,6_74_97,24,74,97,44400,58200,0,0.1777668,0
train,6,data_6.csv,normal,6_75_98,24,75,98,45000,58800,0,0.17363028,0
train,6,data_6.csv,normal,6_76_99,24,76,99,45600,59400,0,0.17094857,0
train,6,data_6.csv,normal,6_77_100,24,77,100,46200,60000,0,0.17733204,0
train,6,data_6.csv,normal,6_78_101,24,78,101,46800,60600,0,0.19330247,0
train,6,data_6.csv,normal,6_79_102,24,79,102,47400,61200,0,0.19301887,0
train,6,data_6.csv,normal,6_80_103,24,80,103,48000,61800,0,0.19916432,0
train,6,data_6.csv,normal,6_81_104,24,81,104,48600,62400,0,0.22429563,0
train,6,data_6.csv,normal,6_82_105,24,82,105,49200,63000,0,0.23161383,0
train,6,data_6.csv,normal,6_83_106,24,83,106,49800,63600,0,0.2470593,0
train,6,data_6.csv,normal,6_84_107,24,84,107,50400,64200,0,0.2732613,0
train,6,data_6.csv,normal,6_85_108,24,85,108,51000,64800,0,0.29281443,0
train,6,data_6.csv,normal,6_86_109,24,86,109,51600,65400,0,0.3110367,0
train,6,data_6.csv,normal,6_87_110,24,87,110,52200,66000,0,0.33950338,0
train,6,data_6.csv,normal,6_88_111,24,88,111,52800,66600,0,0.35612923,0
train,6,data_6.csv,normal,6_89_112,24,89,112,53400,67200,0,0.36666098,0
train,6,data_6.csv,normal,6_90_113,24,90,113,54000,67800,0,0.3727784,0
train,6,data_6.csv,normal,6_91_114,24,91,114,54600,68400,0,0.26300883,0
train,6,data_6.csv,normal,6_92_115,24,92,115,55200,69000,0,0.15784499,0
train,6,data_6.csv,normal,6_93_116,24,93,116,55800,69600,0,0.08953278,0
train,6,data_6.csv,normal,6_94_117,24,94,117,56400,70200,0,0.060427044,0
train,6,data_6.csv,normal,6_95_118,24,95,118,57000,70800,0,0.05289683,0
train,6,data_6.csv,normal,6_96_119,24,96,119,57600,71400,0,0.049103484,0
train,6,data_6.csv,normal,6_97_120,24,97,120,58200,72000,0,0.02596054,0
train,6,data_6.csv,normal,6_98_121,24,98,121,58800,72600,0,0.008527636,0
train,6,data_6.csv,normal,6_99_122,24,99,122,59400,73200,0,0.0049314126,0
train,6,data_6.csv,normal,6_100_123,24,100,123,60000,73800,0,0.0038645861,0
train,6,data_6.csv,normal,6_101_124,24,101,124,60600,74400,0,0.004038164,0
train,6,data_6.csv,normal,6_102_125,24,102,125,61200,75000,0,0.004692892,0
train,6,data_6.csv,normal,6_103_126,24,103,126,61800,75600,0,0.0037155892,0
train,6,data_6.csv,normal,6_104_127,24,104,127,62400,76200,0,0.0037740308,0
train,6,data_6.csv,normal,6_105_128,24,105,128,63000,76800,0,0.00520066,0
train,6,data_6.csv,normal,6_106_129,24,106,129,63600,77400,0,0.00666649,0
train,6,data_6.csv,normal,6_107_130,24,107,130,64200,78000,0,0.008714313,0
train,6,data_6.csv,normal,6_108_131,24,108,131,64800,78600,0,0.01233211,0
train,6,data_6.csv,normal,6_109_132,24,109,132,65400,79200,0,0.011000812,0
train,6,data_6.csv,normal,6_110_133,24,110,133,66000,79800,0,0.011203981,0
train,6,data_6.csv,normal,6_111_134,24,111,134,66600,80400,0,0.007466119,0
train,6,data_6.csv,normal,6_112_135,24,112,135,67200,81000,0,0.004221068,0
train,6,data_6.csv,normal,6_113_136,24,113,136,67800,81600,0,0.0020149022,0
train,6,data_6.csv,normal,6_114_137,24,114,137,68400,82200,0,0.0010073219,0
train,6,data_6.csv,normal,6_115_138,24,115,138,69000,82800,0,0.00047401717,0
train,6,data_6.csv,normal,6_116_139,24,116,139,69600,83400,0,0.00026238887,0
train,6,data_6.csv,normal,6_117_140,24,117,140,70200,84000,0,7.9315214e-05,0
train,6,data_6.csv,normal,6_118_141,24,118,141,70800,84600,0,3.0323052e-05,0
train,6,data_6.csv,normal,6_119_142,24,119,142,71400,85200,0,1.1159569e-05,0
train,6,data_6.csv,normal,6_120_143,24,120,143,72000,85800,0,3.8690464e-06,0
train,6,data_6.csv,normal,6_121_144,24,121,144,72600,86400,0,4.2429124e-06,0
train,7,data_7.csv,normal,7_0_23,24,0,23,0,13800,0,1.518397e-09,0
train,7,data_7.csv,normal,7_1_24,24,1,24,600,14400,0,1.7034618e-09,0
train,7,data_7.csv,normal,7_2_25,24,2,25,1200,15000,0,1.8144154e-09,0
train,7,data_7.csv,normal,7_3_26,24,3,26,1800,15600,0,2.0429187e-09,0
train,7,data_7.csv,normal,7_4_27,24,4,27,2400,16200,0,2.1530573e-09,0
train,7,data_7.csv,normal,7_5_28,24,5,28,3000,16800,0,2.336288e-09,0
train,7,data_7.csv,normal,7_6_29,24,6,29,3600,17400,0,2.4753806e-09,0
train,7,data_7.csv,normal,7_7_30,24,7,30,4200,18000,0,4.7082827e-09,0
train,7,data_7.csv,normal,7_8_31,24,8,31,4800,18600,0,7.452034e-09,0
train,7,data_7.csv,normal,7_9_32,24,9,32,5400,19200,0,1.1357728e-08,0
train,7,data_7.csv,normal,7_10_33,24,10,33,6000,19800,0,1.262588e-08,0
train,7,data_7.csv,normal,7_11_34,24,11,34,6600,20400,0,1.5357688e-08,0
train,7,data_7.csv,normal,7_12_35,24,12,35,7200,21000,0,1.6354942e-08,0
train,7,data_7.csv,normal,7_13_36,24,13,36,7800,21600,0,2.7631794e-08,0
train,7,data_7.csv,normal,7_14_37,24,14,37,8400,22200,0,3.8668844e-08,0
train,7,data_7.csv,normal,7_15_38,24,15,38,9000,22800,0,6.297894e-08,0
train,7,data_7.csv,normal,7_16_39,24,16,39,9600,23400,0,6.6995874e-08,0
train,7,data_7.csv,normal,7_17_40,24,17,40,10200,24000,0,8.930001e-08,0
train,7,data_7.csv,normal,7_18_41,24,18,41,10800,24600,0,1.0112959e-07,0
train,7,data_7.csv,normal,7_19_42,24,19,42,11400,25200,0,1.862722e-07,0
train,7,data_7.csv,normal,7_20_43,24,20,43,12000,25800,0,2.3983446e-07,0
train,7,data_7.csv,normal,7_21_44,24,21,44,12600,26400,0,3.9685497e-07,0
train,7,data_7.csv,normal,7_22_45,24,22,45,13200,27000,0,4.4551865e-07,0
train,7,data_7.csv,normal,7_23_46,24,23,46,13800,27600,0,6.113426e-07,0
train,7,data_7.csv,normal,7_24_47,24,24,47,14400,28200,0,6.90344e-07,0
train,7,data_7.csv,normal,7_25_48,24,25,48,15000,28800,0,1.3658572e-06,0
train,7,data_7.csv,normal,7_26_49,24,26,49,15600,29400,0,2.0077957e-06,0
train,7,data_7.csv,normal,7_27_50,24,27,50,16200,30000,0,4.76693e-06,0
train,7,data_7.csv,normal,7_28_51,24,28,51,16800,30600,0,7.7290015e-06,0
train,7,data_7.csv,normal,7_29_52,24,29,52,17400,31200,0,1.4821354e-05,0
train,7,data_7.csv,normal,7_30_53,24,30,53,18000,31800,0,2.5382995e-05,0
train,7,data_7.csv,normal,7_31_54,24,31,54,18600,32400,0,4.9223072e-05,0
train,7,data_7.csv,normal,7_32_55,24,32,55,19200,33000,0,6.979046e-05,0
train,7,data_7.csv,normal,7_33_56,24,33,56,19800,33600,0,0.00015775092,0
train,7,data_7.csv,normal,7_34_57,24,34,57,20400,34200,0,0.0002587659,0
train,7,data_7.csv,normal,7_35_58,24,35,58,21000,34800,0,0.00053479377,0
train,7,data_7.csv,normal,7_36_59,24,36,59,21600,35400,0,0.00090081355,0
train,7,data_7.csv,normal,7_37_60,24,37,60,22200,36000,0,0.0013849047,0
train,7,data_7.csv,normal,7_38_61,24,38,61,22800,36600,0,0.0018407678,0
train,7,data_7.csv,normal,7_39_62,24,39,62,23400,37200,0,0.0035229279,0
train,7,data_7.csv,normal,7_40_63,24,40,63,24000,37800,0,0.005828118,0
train,7,data_7.csv,normal,7_41_64,24,41,64,24600,38400,0,0.011050972,0
train,7,data_7.csv,normal,7_42_65,24,42,65,25200,39000,0,0.018583497,0
train,7,data_7.csv,normal,7_43_66,24,43,66,25800,39600,0,0.048968628,0
train,7,data_7.csv,normal,7_44_67,24,44,67,26400,40200,0,0.09868942,0
train,7,data_7.csv,normal,7_45_68,24,45,68,27000,40800,0,0.16686386,0
train,7,data_7.csv,normal,7_46_69,24,46,69,27600,41400,0,0.21803585,0
train,7,data_7.csv,normal,7_47_70,24,47,70,28200,42000,0,0.35450524,0
train,7,data_7.csv,normal,7_48_71,24,48,71,28800,42600,0,0.42182302,0
train,7,data_7.csv,normal,7_49_72,24,49,72,29400,43200,0,0.5099615,0
train,7,data_7.csv,normal,7_50_73,24,50,73,30000,43800,0,0.49794355,0
train,7,data_7.csv,normal,7_51_74,24,51,74,30600,44400,0,0.5173585,0
train,7,data_7.csv,normal,7_52_75,24,52,75,31200,45000,0,0.5281084,0
train,7,data_7.csv,normal,7_53_76,24,53,76,31800,45600,0,0.59290653,0
train,7,data_7.csv,normal,7_54_77,24,54,77,32400,46200,0,0.55426323,0
train,7,data_7.csv,normal,7_55_78,24,55,78,33000,46800,0,0.41300088,0
train,7,data_7.csv,normal,7_56_79,24,56,79,33600,47400,0,0.32005957,0
train,7,data_7.csv,normal,7_57_80,24,57,80,34200,48000,0,0.2330577,0
train,7,data_7.csv,normal,7_58_81,24,58,81,34800,48600,0,0.20592345,0
train,7,data_7.csv,normal,7_59_82,24,59,82,35400,49200,0,0.19982177,0
train,7,data_7.csv,normal,7_60_83,24,60,83,36000,49800,0,0.19974263,0
train,7,data_7.csv,normal,7_61_84,24,61,84,36600,50400,0,0.18820274,0
train,7,data_7.csv,normal,7_62_85,24,62,85,37200,51000,0,0.16857441,0
train,7,data_7.csv,normal,7_63_86,24,63,86,37800,51600,0,0.1824817,0
train,7,data_7.csv,normal,7_64_87,24,64,87,38400,52200,0,0.19249518,0
train,7,data_7.csv,normal,7_65_88,24,65,88,39000,52800,0,0.2542401,0
train,7,data_7.csv,normal,7_66_89,24,66,89,39600,53400,0,0.34527063,0
train,7,data_7.csv,normal,7_67_90,24,67,90,40200,54000,0,0.2994319,0
train,7,data_7.csv,normal,7_68_91,24,68,91,40800,54600,0,0.2364159,0
train,7,data_7.csv,normal,7_69_92,24,69,92,41400,55200,0,0.2639964,0
train,7,data_7.csv,normal,7_70_93,24,70,93,42000,55800,0,0.2662736,0
train,7,data_7.csv,normal,7_71_94,24,71,94,42600,56400,0,0.31612363,0
train,7,data_7.csv,normal,7_72_95,24,72,95,43200,57000,0,0.39446917,0
train,7,data_7.csv,normal,7_73_96,24,73,96,43800,57600,0,0.29299963,0
train,7,data_7.csv,normal,7_74_97,24,74,97,44400,58200,0,0.14260752,0
train,7,data_7.csv,normal,7_75_98,24,75,98,45000,58800,0,0.11706427,0
train,7,data_7.csv,normal,7_76_99,24,76,99,45600,59400,0,0.08317482,0
train,7,data_7.csv,normal,7_77_100,24,77,100,46200,60000,0,0.081355795,0
train,7,data_7.csv,normal,7_78_101,24,78,101,46800,60600,0,0.080318436,0
train,7,data_7.csv,normal,7_79_102,24,79,102,47400,61200,0,0.082732186,0
train,7,data_7.csv,normal,7_80_103,24,80,103,48000,61800,0,0.07971839,0
train,7,data_7.csv,normal,7_81_104,24,81,104,48600,62400,0,0.098404154,0
train,7,data_7.csv,normal,7_82_105,24,82,105,49200,63000,0,0.106036805,0
train,7,data_7.csv,normal,7_83_106,24,83,106,49800,63600,0,0.12665646,0
train,7,data_7.csv,normal,7_84_107,24,84,107,50400,64200,0,0.1367933,0
train,7,data_7.csv,normal,7_85_108,24,85,108,51000,64800,0,0.18517655,0
train,7,data_7.csv,normal,7_86_109,24,86,109,51600,65400,0,0.2873623,0
train,7,data_7.csv,normal,7_87_110,24,87,110,52200,66000,0,0.37905943,0
train,7,data_7.csv,normal,7_88_111,24,88,111,52800,66600,0,0.4751596,0
train,7,data_7.csv,normal,7_89_112,24,89,112,53400,67200,0,0.5266154,0
train,7,data_7.csv,normal,7_90_113,24,90,113,54000,67800,0,0.5718533,0
train,7,data_7.csv,normal,7_91_114,24,91,114,54600,68400,0,0.63936657,1
train,7,data_7.csv,normal,7_92_115,24,92,115,55200,69000,0,0.67218155,1
train,7,data_7.csv,normal,7_93_116,24,93,116,55800,69600,0,0.6742338,1
train,7,data_7.csv,normal,7_94_117,24,94,117,56400,70200,0,0.6696467,1
train,7,data_7.csv,normal,7_95_118,24,95,118,57000,70800,0,0.66068465,1
train,7,data_7.csv,normal,7_96_119,24,96,119,57600,71400,0,0.6411698,1
train,7,data_7.csv,normal,7_97_120,24,97,120,58200,72000,0,0.5782446,0
train,7,data_7.csv,normal,7_98_121,24,98,121,58800,72600,0,0.42989358,0
train,7,data_7.csv,normal,7_99_122,24,99,122,59400,73200,0,0.33287352,0
train,7,data_7.csv,normal,7_100_123,24,100,123,60000,73800,0,0.27654144,0
train,7,data_7.csv,normal,7_101_124,24,101,124,60600,74400,0,0.23908222,0
train,7,data_7.csv,normal,7_102_125,24,102,125,61200,75000,0,0.18588322,0
train,7,data_7.csv,normal,7_103_126,24,103,126,61800,75600,0,0.044700257,0
train,7,data_7.csv,normal,7_104_127,24,104,127,62400,76200,0,0.010380621,0
train,7,data_7.csv,normal,7_105_128,24,105,128,63000,76800,0,0.004131464,0
train,7,data_7.csv,normal,7_106_129,24,106,129,63600,77400,0,0.004095463,0
train,7,data_7.csv,normal,7_107_130,24,107,130,64200,78000,0,0.0030864493,0
train,7,data_7.csv,normal,7_108_131,24,108,131,64800,78600,0,0.004336502,0
train,7,data_7.csv,normal,7_109_132,24,109,132,65400,79200,0,0.0018847532,0
train,7,data_7.csv,normal,7_110_133,24,110,133,66000,79800,0,0.0010685597,0
train,7,data_7.csv,normal,7_111_134,24,111,134,66600,80400,0,0.0010497385,0
train,7,data_7.csv,normal,7_112_135,24,112,135,67200,81000,0,0.0015482024,0
train,7,data_7.csv,normal,7_113_136,24,113,136,67800,81600,0,0.0021681024,0
train,7,data_7.csv,normal,7_114_137,24,114,137,68400,82200,0,0.0036909305,0
train,7,data_7.csv,normal,7_115_138,24,115,138,69000,82800,0,0.0019455225,0
train,7,data_7.csv,normal,7_116_139,24,116,139,69600,83400,0,0.0009849713,0
train,7,data_7.csv,normal,7_117_140,24,117,140,70200,84000,0,0.0006809485,0
train,7,data_7.csv,normal,7_118_141,24,118,141,70800,84600,0,0.00056729163,0
train,7,data_7.csv,normal,7_119_142,24,119,142,71400,85200,0,0.0006342451,0
train,7,data_7.csv,normal,7_120_143,24,120,143,72000,85800,0,0.0008038864,0
train,7,data_7.csv,normal,7_121_144,24,121,144,72600,86400,0,0.00059434905,0
train,8,data_8.csv,normal,8_0_23,24,0,23,0,13800,0,1.518397e-09,0
train,8,data_8.csv,normal,8_1_24,24,1,24,600,14400,0,1.7034618e-09,0
train,8,data_8.csv,normal,8_2_25,24,2,25,1200,15000,0,1.8144154e-09,0
train,8,data_8.csv,normal,8_3_26,24,3,26,1800,15600,0,2.0429187e-09,0
train,8,data_8.csv,normal,8_4_27,24,4,27,2400,16200,0,2.1530573e-09,0
train,8,data_8.csv,normal,8_5_28,24,5,28,3000,16800,0,2.336288e-09,0
train,8,data_8.csv,normal,8_6_29,24,6,29,3600,17400,0,2.4753806e-09,0
train,8,data_8.csv,normal,8_7_30,24,7,30,4200,18000,0,3.3548675e-09,0
train,8,data_8.csv,normal,8_8_31,24,8,31,4800,18600,0,4.1117945e-09,0
train,8,data_8.csv,normal,8_9_32,24,9,32,5400,19200,0,5.209586e-09,0
train,8,data_8.csv,normal,8_10_33,24,10,33,6000,19800,0,5.6748983e-09,0
train,8,data_8.csv,normal,8_11_34,24,11,34,6600,20400,0,6.4793557e-09,0
train,8,data_8.csv,normal,8_12_35,24,12,35,7200,21000,0,6.98356e-09,0
train,8,data_8.csv,normal,8_13_36,24,13,36,7800,21600,0,9.308214e-09,0
train,8,data_8.csv,normal,8_14_37,24,14,37,8400,22200,0,1.1105743e-08,0
train,8,data_8.csv,normal,8_15_38,24,15,38,9000,22800,0,1.4679727e-08,0
train,8,data_8.csv,normal,8_16_39,24,16,39,9600,23400,0,1.5834045e-08,0
train,8,data_8.csv,normal,8_17_40,24,17,40,10200,24000,0,1.8898245e-08,0
train,8,data_8.csv,normal,8_18_41,24,18,41,10800,24600,0,2.0921481e-08,0
train,8,data_8.csv,normal,8_19_42,24,19,42,11400,25200,0,2.924852e-08,0
train,8,data_8.csv,normal,8_20_43,24,20,43,12000,25800,0,3.4357708e-08,0
train,8,data_8.csv,normal,8_21_44,24,21,44,12600,26400,0,4.6787164e-08,0
train,8,data_8.csv,normal,8_22_45,24,22,45,13200,27000,0,5.1723713e-08,0
train,8,data_8.csv,normal,8_23_46,24,23,46,13800,27600,0,6.3180714e-08,0
train,8,data_8.csv,normal,8_24_47,24,24,47,14400,28200,0,7.040646e-08,0
train,8,data_8.csv,normal,8_25_48,24,25,48,15000,28800,0,1.16070765e-07,0
train,8,data_8.csv,normal,8_26_49,24,26,49,15600,29400,0,1.5806698e-07,0
train,8,data_8.csv,normal,8_27_50,24,27,50,16200,30000,0,2.653875e-07,0
train,8,data_8.csv,normal,8_28_51,24,28,51,16800,30600,0,3.372365e-07,0
train,8,data_8.csv,normal,8_29_52,24,29,52,17400,31200,0,4.7995366e-07,0
train,8,data_8.csv,normal,8_30_53,24,30,53,18000,31800,0,6.201922e-07,0
train,8,data_8.csv,normal,8_31_54,24,31,54,18600,32400,0,9.545978e-07,0
train,8,data_8.csv,normal,8_32_55,24,32,55,19200,33000,0,1.2126566e-06,0
train,8,data_8.csv,normal,8_33_56,24,33,56,19800,33600,0,2.0532245e-06,0
train,8,data_8.csv,normal,8_34_57,24,34,57,20400,34200,0,2.6261428e-06,0
train,8,data_8.csv,normal,8_35_58,24,35,58,21000,34800,0,3.9095307e-06,0
train,8,data_8.csv,normal,8_36_59,24,36,59,21600,35400,0,5.1725965e-06,0
train,8,data_8.csv,normal,8_37_60,24,37,60,22200,36000,0,1.16489155e-05,0
train,8,data_8.csv,normal,8_38_61,24,38,61,22800,36600,0,1.869199e-05,0
train,8,data_8.csv,normal,8_39_62,24,39,62,23400,37200,0,3.975682e-05,0
train,8,data_8.csv,normal,8_40_63,24,40,63,24000,37800,0,5.334218e-05,0
train,8,data_8.csv,normal,8_41_64,24,41,64,24600,38400,0,8.675324e-05,0
train,8,data_8.csv,normal,8_42_65,24,42,65,25200,39000,0,0.00011417246,0
train,8,data_8.csv,normal,8_43_66,24,43,66,25800,39600,0,0.0002038487,0
train,8,data_8.csv,normal,8_44_67,24,44,67,26400,40200,0,0.00026618433,0
train,8,data_8.csv,normal,8_45_68,24,45,68,27000,40800,0,0.00057417894,0
train,8,data_8.csv,normal,8_46_69,24,46,69,27600,41400,0,0.00079804566,0
train,8,data_8.csv,normal,8_47_70,24,47,70,28200,42000,0,0.0014768421,0
train,8,data_8.csv,normal,8_48_71,24,48,71,28800,42600,0,0.0022172083,0
train,8,data_8.csv,normal,8_49_72,24,49,72,29400,43200,0,0.0023252002,0
train,8,data_8.csv,normal,8_50_73,24,50,73,30000,43800,0,0.0019826274,0
train,8,data_8.csv,normal,8_51_74,24,51,74,30600,44400,0,0.0026689742,0
train,8,data_8.csv,normal,8_52_75,24,52,75,31200,45000,0,0.0037192819,0
train,8,data_8.csv,normal,8_53_76,24,53,76,31800,45600,0,0.005414108,0
train,8,data_8.csv,normal,8_54_77,24,54,77,32400,46200,0,0.007297149,0
train,8,data_8.csv,normal,8_55_78,24,55,78,33000,46800,0,0.009015669,0
train,8,data_8.csv,normal,8_56_79,24,56,79,33600,47400,0,0.01135151,0
train,8,data_8.csv,normal,8_57_80,24,57,80,34200,48000,0,0.020836156,0
train,8,data_8.csv,normal,8_58_81,24,58,81,34800,48600,0,0.038741108,0
train,8,data_8.csv,normal,8_59_82,24,59,82,35400,49200,0,0.06847708,0
train,8,data_8.csv,normal,8_60_83,24,60,83,36000,49800,0,0.12751223,0
train,8,data_8.csv,normal,8_61_84,24,61,84,36600,50400,0,0.09733711,0
train,8,data_8.csv,normal,8_62_85,24,62,85,37200,51000,0,0.08680994,0
train,8,data_8.csv,normal,8_63_86,24,63,86,37800,51600,0,0.10414537,0
train,8,data_8.csv,normal,8_64_87,24,64,87,38400,52200,0,0.1396678,0
train,8,data_8.csv,normal,8_65_88,24,65,88,39000,52800,0,0.1770231,0
train,8,data_8.csv,normal,8_66_89,24,66,89,39600,53400,0,0.24477476,0
train,8,data_8.csv,normal,8_67_90,24,67,90,40200,54000,0,0.17031232,0
train,8,data_8.csv,normal,8_68_91,24,68,91,40800,54600,0,0.11876296,0
train,8,data_8.csv,normal,8_69_92,24,69,92,41400,55200,0,0.091151185,0
train,8,data_8.csv,normal,8_70_93,24,70,93,42000,55800,0,0.088647306,0
train,8,data_8.csv,normal,8_71_94,24,71,94,42600,56400,0,0.08182722,0
train,8,data_8.csv,normal,8_72_95,24,72,95,43200,57000,0,0.09057843,0
train,8,data_8.csv,normal,8_73_96,24,73,96,43800,57600,0,0.057246886,0
train,8,data_8.csv,normal,8_74_97,24,74,97,44400,58200,0,0.03997365,0
train,8,data_8.csv,normal,8_75_98,24,75,98,45000,58800,0,0.03263949,0
train,8,data_8.csv,normal,8_76_99,24,76,99,45600,59400,0,0.032798257,0
train,8,data_8.csv,normal,8_77_100,24,77,100,46200,60000,0,0.033465087,0
train,8,data_8.csv,normal,8_78_101,24,78,101,46800,60600,0,0.0443804,0
train,8,data_8.csv,normal,8_79_102,24,79,102,47400,61200,0,0.039636143,0
train,8,data_8.csv,normal,8_80_103,24,80,103,48000,61800,0,0.03719667,0
train,8,data_8.csv,normal,8_81_104,24,81,104,48600,62400,0,0.031140614,0
train,8,data_8.csv,normal,8_82_105,24,82,105,49200,63000,0,0.028590757,0
train,8,data_8.csv,normal,8_83_106,24,83,106,49800,63600,0,0.027266946,0
train,8,data_8.csv,normal,8_84_107,24,84,107,50400,64200,0,0.027475806,0
train,8,data_8.csv,normal,8_85_108,24,85,108,51000,64800,0,0.04858755,0
train,8,data_8.csv,normal,8_86_109,24,86,109,51600,65400,0,0.08100007,0
train,8,data_8.csv,normal,8_87_110,24,87,110,52200,66000,0,0.08450635,0
train,8,data_8.csv,normal,8_88_111,24,88,111,52800,66600,0,0.06558384,0
train,8,data_8.csv,normal,8_89_112,24,89,112,53400,67200,0,0.054176345,0
train,8,data_8.csv,normal,8_90_113,24,90,113,54000,67800,0,0.03699795,0
train,8,data_8.csv,normal,8_91_114,24,91,114,54600,68400,0,0.043988865,0
train,8,data_8.csv,normal,8_92_115,24,92,115,55200,69000,0,0.045699675,0
train,8,data_8.csv,normal,8_93_116,24,93,116,55800,69600,0,0.039062824,0
train,8,data_8.csv,normal,8_94_117,24,94,117,56400,70200,0,0.023918802,0
train,8,data_8.csv,normal,8_95_118,24,95,118,57000,70800,0,0.01900164,0
train,8,data_8.csv,normal,8_96_119,24,96,119,57600,71400,0,0.012386829,0
train,8,data_8.csv,normal,8_97_120,24,97,120,58200,72000,0,0.009355453,0
train,8,data_8.csv,normal,8_98_121,24,98,121,58800,72600,0,0.005858964,0
train,8,data_8.csv,normal,8_99_122,24,99,122,59400,73200,0,0.004378911,0
train,8,data_8.csv,normal,8_100_123,24,100,123,60000,73800,0,0.0034199073,0
train,8,data_8.csv,normal,8_101_124,24,101,124,60600,74400,0,0.0024502652,0
train,8,data_8.csv,normal,8_102_125,24,102,125,61200,75000,0,0.0016649836,0
train,8,data_8.csv,normal,8_103_126,24,103,126,61800,75600,0,0.0009926434,0
train,8,data_8.csv,normal,8_104_127,24,104,127,62400,76200,0,0.00067459315,0
train,8,data_8.csv,normal,8_105_128,24,105,128,63000,76800,0,0.00067381887,0
train,8,data_8.csv,normal,8_106_129,24,106,129,63600,77400,0,0.0010599267,0
train,8,data_8.csv,normal,8_107_130,24,107,130,64200,78000,0,0.0014111619,0
train,8,data_8.csv,normal,8_108_131,24,108,131,64800,78600,0,0.0023366362,0
train,8,data_8.csv,normal,8_109_132,24,109,132,65400,79200,0,0.00089049566,0
train,8,data_8.csv,normal,8_110_133,24,110,133,66000,79800,0,0.00044168555,0
train,8,data_8.csv,normal,8_111_134,24,111,134,66600,80400,0,0.0002933127,0
train,8,data_8.csv,normal,8_112_135,24,112,135,67200,81000,0,0.0003535766,0
train,8,data_8.csv,normal,8_113_136,24,113,136,67800,81600,0,0.00037978787,0
train,8,data_8.csv,normal,8_114_137,24,114,137,68400,82200,0,0.0007094567,0
train,8,data_8.csv,normal,8_115_138,24,115,138,69000,82800,0,0.00029288573,0
train,8,data_8.csv,normal,8_116_139,24,116,139,69600,83400,0,0.00016357136,0
train,8,data_8.csv,normal,8_117_140,24,117,140,70200,84000,0,8.595925e-05,0
train,8,data_8.csv,normal,8_118_141,24,118,141,70800,84600,0,7.6144504e-05,0
train,8,data_8.csv,normal,8_119_142,24,119,142,71400,85200,0,6.01842e-05,0
train,8,data_8.csv,normal,8_120_143,24,120,143,72000,85800,0,6.298907e-05,0
train,8,data_8.csv,normal,8_121_144,24,121,144,72600,86400,0,2.9754267e-05,0
train,12,data_12.csv,persistent_leak,12_0_23,24,0,23,0,13800,0,2.7371511e-08,0
train,12,data_12.csv,persistent_leak,12_1_24,24,1,24,600,14400,0,3.9415205e-08,0
train,12,data_12.csv,persistent_leak,12_2_25,24,2,25,1200,15000,0,4.9012986e-08,0
train,12,data_12.csv,persistent_leak,12_3_26,24,3,26,1800,15600,0,7.522569e-08,0
train,12,data_12.csv,persistent_leak,12_4_27,24,4,27,2400,16200,0,9.5289735e-08,0
train,12,data_12.csv,persistent_leak,12_5_28,24,5,28,3000,16800,0,1.3030078e-07,0
train,12,data_12.csv,persistent_leak,12_6_29,24,6,29,3600,17400,0,1.6809189e-07,0
train,12,data_12.csv,persistent_leak,12_7_30,24,7,30,4200,18000,0,3.5430463e-07,0
train,12,data_12.csv,persistent_leak,12_8_31,24,8,31,4800,18600,0,5.9137574e-07,0
train,12,data_12.csv,persistent_leak,12_9_32,24,9,32,5400,19200,0,1.1701363e-06,0
train,12,data_12.csv,persistent_leak,12_10_33,24,10,33,6000,19800,0,1.4961129e-06,0
train,12,data_12.csv,persistent_leak,12_11_34,24,11,34,6600,20400,0,2.2810261e-06,0
train,12,data_12.csv,persistent_leak,12_12_35,24,12,35,7200,21000,0,2.886165e-06,0
train,12,data_12.csv,persistent_leak,12_13_36,24,13,36,7800,21600,0,7.250516e-06,0
train,12,data_12.csv,persistent_leak,12_14_37,24,14,37,8400,22200,0,1.2526448e-05,0
train,12,data_12.csv,persistent_leak,12_15_38,24,15,38,9000,22800,0,2.7724724e-05,0
train,12,data_12.csv,persistent_leak,12_16_39,24,16,39,9600,23400,0,3.3442655e-05,0
train,12,data_12.csv,persistent_leak,12_17_40,24,17,40,10200,24000,0,5.5867178e-05,0
train,12,data_12.csv,persistent_leak,12_18_41,24,18,41,10800,24600,0,6.977735e-05,0
train,12,data_12.csv,persistent_leak,12_19_42,24,19,42,11400,25200,0,0.00011053083,0
train,12,data_12.csv,persistent_leak,12_20_43,24,20,43,12000,25800,0,0.00011344859,0
train,12,data_12.csv,persistent_leak,12_21_44,24,21,44,12600,26400,0,0.00020339925,0
train,12,data_12.csv,persistent_leak,12_22_45,24,22,45,13200,27000,0,0.0002479375,0
train,12,data_12.csv,persistent_leak,12_23_46,24,23,46,13800,27600,0,0.00040276733,0
train,12,data_12.csv,persistent_leak,12_24_47,24,24,47,14400,28200,0,0.00049098395,0
train,12,data_12.csv,persistent_leak,12_25_48,24,25,48,15000,28800,0,0.0004617909,0
train,12,data_12.csv,persistent_leak,12_26_49,24,26,49,15600,29400,0,0.00038477546,0
train,12,data_12.csv,persistent_leak,12_27_50,24,27,50,16200,30000,0,0.0005535239,0
train,12,data_12.csv,persistent_leak,12_28_51,24,28,51,16800,30600,0,0.0009844952,0
train,12,data_12.csv,persistent_leak,12_29_52,24,29,52,17400,31200,0,0.0016774901,0
train,12,data_12.csv,persistent_leak,12_30_53,24,30,53,18000,31800,0,0.003017301,0
train,12,data_12.csv,persistent_leak,12_31_54,24,31,54,18600,32400,0,0.0035716,0
train,12,data_12.csv,persistent_leak,12_32_55,24,32,55,19200,33000,0,0.004680938,0
train,12,data_12.csv,persistent_leak,12_33_56,24,33,56,19800,33600,0,0.009652204,0
train,12,data_12.csv,persistent_leak,12_34_57,24,34,57,20400,34200,0,0.021564677,0
train,12,data_12.csv,persistent_leak,12_35_58,24,35,58,21000,34800,0,0.044867445,0
train,12,data_12.csv,persistent_leak,12_36_59,24,36,59,21600,35400,0,0.103793725,0
train,12,data_12.csv,persistent_leak,12_37_60,24,37,60,22200,36000,0,0.12088357,0
train,12,data_12.csv,persistent_leak,12_38_61,24,38,61,22800,36600,0,0.1596331,0
train,12,data_12.csv,persistent_leak,12_39_62,24,39,62,23400,37200,0,0.22655986,0
train,12,data_12.csv,persistent_leak,12_40_63,24,40,63,24000,37800,0,0.28553712,0
train,12,data_12.csv,persistent_leak,12_41_64,24,41,64,24600,38400,0,0.37560558,0
train,12,data_12.csv,persistent_leak,12_42_65,24,42,65,25200,39000,0,0.45974886,0
train,12,data_12.csv,persistent_leak,12_43_66,24,43,66,25800,39600,0,0.43371436,0
train,12,data_12.csv,persistent_leak,12_44_67,24,44,67,26400,40200,0,0.40205085,0
train,12,data_12.csv,persistent_leak,12_45_68,24,45,68,27000,40800,0,0.38074517,0
train,12,data_12.csv,persistent_leak,12_46_69,24,46,69,27600,41400,0,0.36742517,0
train,12,data_12.csv,persistent_leak,12_47_70,24,47,70,28200,42000,0,0.35778046,0
train,12,data_12.csv,persistent_leak,12_48_71,24,48,71,28800,42600,0,0.35272813,0
train,12,data_12.csv,persistent_leak,12_49_72,24,49,72,29400,43200,0,0.26246053,0
train,12,data_12.csv,persistent_leak,12_50_73,24,50,73,30000,43800,0,0.18981348,0
train,12,data_12.csv,persistent_leak,12_51_74,24,51,74,30600,44400,0,0.15140261,0
train,12,data_12.csv,persistent_leak,12_52_75,24,52,75,31200,45000,0,0.13645884,0
train,12,data_12.csv,persistent_leak,12_53_76,24,53,76,31800,45600,0,0.11925618,0
train,12,data_12.csv,persistent_leak,12_54_77,24,54,77,32400,46200,0,0.12200914,0
train,12,data_12.csv,persistent_leak,12_55_78,24,55,78,33000,46800,0,0.08177438,0
train,12,data_12.csv,persistent_leak,12_56_79,24,56,79,33600,47400,0,0.06147094,0
train,12,data_12.csv,persistent_leak,12_57_80,24,57,80,34200,48000,0,0.050564975,0
train,12,data_12.csv,persistent_leak,12_58_81,24,58,81,34800,48600,0,0.04988145,0
train,12,data_12.csv,persistent_leak,12_59_82,24,59,82,35400,49200,0,0.04934606,0
train,12,data_12.csv,persistent_leak,12_60_83,24,60,83,36000,49800,0,0.06003986,0
train,12,data_12.csv,persistent_leak,12_61_84,24,61,84,36600,50400,0,0.050535224,0
train,12,data_12.csv,persistent_leak,12_62_85,24,62,85,37200,51000,0,0.047554158,0
train,12,data_12.csv,persistent_leak,12_63_86,24,63,86,37800,51600,0,0.044865128,0
train,12,data_12.csv,persistent_leak,12_64_87,24,64,87,38400,52200,0,0.04379418,0
train,12,data_12.csv,persistent_leak,12_65_88,24,65,88,39000,52800,0,0.04506096,0
train,12,data_12.csv,persistent_leak,12_66_89,24,66,89,39600,53400,0,0.05075519,0
train,12,data_12.csv,persistent_leak,12_67_90,24,67,90,40200,54000,0,0.055236638,0
train,12,data_12.csv,persistent_leak,12_68_91,24,68,91,40800,54600,0,0.061829362,0
train,12,data_12.csv,persistent_leak,12_69_92,24,69,92,41400,55200,0,0.052409373,0
train,12,data_12.csv,persistent_leak,12_70_93,24,70,93,42000,55800,0,0.041233078,0
train,12,data_12.csv,persistent_leak,12_71_94,24,71,94,42600,56400,0,0.032435156,0
train,12,data_12.csv,persistent_leak,12_72_95,24,72,95,43200,57000,0,0.025337081,0
train,12,data_12.csv,persistent_leak,12_73_96,24,73,96,43800,57600,0,0.031403866,0
train,12,data_12.csv,persistent_leak,12_74_97,24,74,97,44400,58200,0,0.036859713,0
train,12,data_12.csv,persistent_leak,12_75_98,24,75,98,45000,58800,0,0.0327141,0
train,12,data_12.csv,persistent_leak,12_76_99,24,76,99,45600,59400,0,0.024070613,0
train,12,data_12.csv,persistent_leak,12_77_100,24,77,100,46200,60000,0,0.019327074,0
train,12,data_12.csv,persistent_leak,12_78_101,24,78,101,46800,60600,0,0.013755116,0
train,12,data_12.csv,persistent_leak,12_79_102,24,79,102,47400,61200,0,0.018141916,0
train,12,data_12.csv,persistent_leak,12_80_103,24,80,103,48000,61800,0,0.019970324,0
train,12,data_12.csv,persistent_leak,12_81_104,24,81,104,48600,62400,0,0.020776073,0
train,12,data_12.csv,persistent_leak,12_82_105,24,82,105,49200,63000,0,0.016980143,0
train,12,data_12.csv,persistent_leak,12_83_106,24,83,106,49800,63600,0,0.016044,0
train,12,data_12.csv,persistent_leak,12_84_107,24,84,107,50400,64200,0,0.012929477,0
train,12,data_12.csv,persistent_leak,12_85_108,24,85,108,51000,64800,0,0.017029218,0
train,12,data_12.csv,persistent_leak,12_86_109,24,86,109,51600,65400,0,0.01870152,0
train,12,data_12.csv,persistent_leak,12_87_110,24,87,110,52200,66000,0,0.024139158,0
train,12,data_12.csv,persistent_leak,12_88_111,24,88,111,52800,66600,0,0.024942173,0
train,12,data_12.csv,persistent_leak,12_89_112,24,89,112,53400,67200,0,0.029023478,0
train,12,data_12.csv,persistent_leak,12_90_113,24,90,113,54000,67800,0,0.02848421,0
train,12,data_12.csv,persistent_leak,12_91_114,24,91,114,54600,68400,0,0.034050133,0
train,12,data_12.csv,persistent_leak,12_92_115,24,92,115,55200,69000,0,0.036942262,0
train,12,data_12.csv,persistent_leak,12_93_116,24,93,116,55800,69600,0,0.048879933,0
train,12,data_12.csv,persistent_leak,12_94_117,24,94,117,56400,70200,0,0.060292095,0
train,12,data_12.csv,persistent_leak,12_95_118,24,95,118,57000,70800,0,0.07723898,0
train,12,data_12.csv,persistent_leak,12_96_119,24,96,119,57600,71400,0,0.09183623,0
train,12,data_12.csv,persistent_leak,12_97_120,24,97,120,58200,72000,0,0.09148611,0
train,12,data_12.csv,persistent_leak,12_98_121,24,98,121,58800,72600,0,0.09084314,0
train,12,data_12.csv,persistent_leak,12_99_122,24,99,122,59400,73200,0,0.115015365,0
train,12,data_12.csv,persistent_leak,12_100_123,24,100,123,60000,73800,0,0.14509426,0
train,12,data_12.csv,persistent_leak,12_101_124,24,101,124,60600,74400,0,0.18718925,0
train,12,data_12.csv,persistent_leak,12_102_125,24,102,125,61200,75000,0,0.23895343,0
train,12,data_12.csv,persistent_leak,12_103_126,24,103,126,61800,75600,0,0.1566992,0
train,12,data_12.csv,persistent_leak,12_104_127,24,104,127,62400,76200,0,0.10096256,0
train,12,data_12.csv,persistent_leak,12_105_128,24,105,128,63000,76800,0,0.0866461,0
train,12,data_12.csv,persistent_leak,12_106_129,24,106,129,63600,77400,0,0.0964062,0
train,12,data_12.csv,persistent_leak,12_107_130,24,107,130,64200,78000,0,0.0946111,0
train,12,data_12.csv,persistent_leak,12_108_131,24,108,131,64800,78600,0,0.11796898,0
train,12,data_12.csv,persistent_leak,12_109_132,24,109,132,65400,79200,0,0.04014824,0
train,12,data_12.csv,persistent_leak,12_110_133,24,110,133,66000,79800,0,0.014844335,0
train,12,data_12.csv,persistent_leak,12_111_134,24,111,134,66600,80400,0,0.0083319675,0
train,12,data_12.csv,persistent_leak,12_112_135,24,112,135,67200,81000,0,0.0069530965,0
train,12,data_12.csv,persistent_leak,12_113_136,24,113,136,67800,81600,0,0.0066024633,0
train,12,data_12.csv,persistent_leak,12_114_137,24,114,137,68400,82200,0,0.008999613,0
train,12,data_12.csv,persistent_leak,12_115_138,24,115,138,69000,82800,0,0.0020983038,0
train,12,data_12.csv,persistent_leak,12_116_139,24,116,139,69600,83400,0,0.0005531036,0
train,12,data_12.csv,persistent_leak,12_117_140,24,117,140,70200,84000,0,0.00025574246,0
train,12,data_12.csv,persistent_leak,12_118_141,24,118,141,70800,84600,0,0.00018584757,0
train,12,data_12.csv,persistent_leak,12_119_142,24,119,142,71400,85200,0,0.00018150927,0
train,12,data_12.csv,persistent_leak,12_120_143,24,120,143,72000,85800,0,0.00027084842,0
train,12,data_12.csv,persistent_leak,12_121_144,24,121,144,72600,86400,0,0.00019202106,0
train,17,data_17.csv,onset_leak,17_0_23,24,0,23,0,13800,0,1.3568547e-09,0
train,17,data_17.csv,onset_leak,17_1_24,24,1,24,600,14400,0,1.7595212e-09,0
train,17,data_17.csv,onset_leak,17_2_25,24,2,25,1200,15000,0,2.0354276e-09,0
train,17,data_17.csv,onset_leak,17_3_26,24,3,26,1800,15600,0,2.683799e-09,0
train,17,data_17.csv,onset_leak,17_4_27,24,4,27,2400,16200,0,3.0242062e-09,0
train,17,data_17.csv,onset_leak,17_5_28,24,5,28,3000,16800,0,3.6612304e-09,0
train,17,data_17.csv,onset_leak,17_6_29,24,6,29,3600,17400,0,4.1850545e-09,0
train,17,data_17.csv,onset_leak,17_7_30,24,7,30,4200,18000,0,5.678179e-09,0
train,17,data_17.csv,onset_leak,17_8_31,24,8,31,4800,18600,0,6.7670074e-09,0
train,17,data_17.csv,onset_leak,17_9_32,24,9,32,5400,19200,0,9.479516e-09,0
train,17,data_17.csv,onset_leak,17_10_33,24,10,33,6000,19800,0,1.11271365e-08,0
train,17,data_17.csv,onset_leak,17_11_34,24,11,34,6600,20400,0,1.4116143e-08,0
train,17,data_17.csv,onset_leak,17_12_35,24,12,35,7200,21000,0,1.6849018e-08,0
train,17,data_17.csv,onset_leak,17_13_36,24,13,36,7800,21600,0,2.4539034e-08,0
train,17,data_17.csv,onset_leak,17_14_37,24,14,37,8400,22200,0,3.0747334e-08,0
train,17,data_17.csv,onset_leak,17_15_38,24,15,38,9000,22800,0,4.620416e-08,0
train,17,data_17.csv,onset_leak,17_16_39,24,16,39,9600,23400,0,5.6025748e-08,0
train,17,data_17.csv,onset_leak,17_17_40,24,17,40,10200,24000,0,7.4416825e-08,0
train,17,data_17.csv,onset_leak,17_18_41,24,18,41,10800,24600,0,9.18862e-08,0
train,17,data_17.csv,onset_leak,17_19_42,24,19,42,11400,25200,0,1.456077e-07,0
train,17,data_17.csv,onset_leak,17_20_43,24,20,43,12000,25800,0,1.9237547e-07,0
train,17,data_17.csv,onset_leak,17_21_44,24,21,44,12600,26400,0,3.1219335e-07,0
train,17,data_17.csv,onset_leak,17_22_45,24,22,45,13200,27000,0,3.8727825e-07,0
train,17,data_17.csv,onset_leak,17_23_46,24,23,46,13800,27600,0,5.392899e-07,0
train,17,data_17.csv,onset_leak,17_24_47,24,24,47,14400,28200,0,6.836351e-07,0
train,17,data_17.csv,onset_leak,17_25_48,24,25,48,15000,28800,0,1.4785883e-06,0
train,17,data_17.csv,onset_leak,17_26_49,24,26,49,15600,29400,0,2.3875853e-06,0
train,17,data_17.csv,onset_leak,17_27_50,24,27,50,16200,30000,0,4.943076e-06,0
train,17,data_17.csv,onset_leak,17_28_51,24,28,51,16800,30600,0,6.2828585e-06,0
train,17,data_17.csv,onset_leak,17_29_52,24,29,52,17400,31200,0,9.867834e-06,0
train,17,data_17.csv,onset_leak,17_30_53,24,30,53,18000,31800,0,1.2526984e-05,0
train,17,data_17.csv,onset_leak,17_31_54,24,31,54,18600,32400,0,3.7241287e-05,0
train,17,data_17.csv,onset_leak,17_32_55,24,32,55,19200,33000,0,6.9099886e-05,0
train,17,data_17.csv,onset_leak,17_33_56,24,33,56,19800,33600,0,0.0001736562,0
train,17,data_17.csv,onset_leak,17_34_57,24,34,57,20400,34200,0,0.00022130959,0
train,17,data_17.csv,onset_leak,17_35_58,24,35,58,21000,34800,0,0.0003961628,0
train,17,data_17.csv,onset_leak,17_36_59,24,36,59,21600,35400,0,0.0005318571,0
train,17,data_17.csv,onset_leak,17_37_60,24,37,60,22200,36000,0,0.001472493,0
train,17,data_17.csv,onset_leak,17_38_61,24,38,61,22800,36600,0,0.001962159,0
train,17,data_17.csv,onset_leak,17_39_62,24,39,62,23400,37200,0,0.0043378365,0
train,17,data_17.csv,onset_leak,17_40_63,24,40,63,24000,37800,0,0.0054019713,0
train,17,data_17.csv,onset_leak,17_41_64,24,41,64,24600,38400,0,0.00973047,0
train,17,data_17.csv,onset_leak,17_42_65,24,42,65,25200,39000,0,0.012009965,0
train,17,data_17.csv,onset_leak,17_43_66,24,43,66,25800,39600,0,0.027205251,0
train,17,data_17.csv,onset_leak,17_44_67,24,44,67,26400,40200,0,0.029909395,0
train,17,data_17.csv,onset_leak,17_45_68,24,45,68,27000,40800,0,0.043398947,0
train,17,data_17.csv,onset_leak,17_46_69,24,46,69,27600,41400,0,0.06029328,0
train,17,data_17.csv,onset_leak,17_47_70,24,47,70,28200,42000,0,0.106050156,0
train,17,data_17.csv,onset_leak,17_48_71,24,48,71,28800,42600,0,0.124402136,0
train,17,data_17.csv,onset_leak,17_49_72,24,49,72,29400,43200,0,0.17661954,0
train,17,data_17.csv,onset_leak,17_50_73,24,50,73,30000,43800,0,0.20611612,0
train,17,data_17.csv,onset_leak,17_51_74,24,51,74,30600,44400,0,0.2815179,0
train,17,data_17.csv,onset_leak,17_52_75,24,52,75,31200,45000,0,0.35942036,0
train,17,data_17.csv,onset_leak,17_53_76,24,53,76,31800,45600,0,0.4306031,0
train,17,data_17.csv,onset_leak,17_54_77,24,54,77,32400,46200,0,0.4116876,0
train,17,data_17.csv,onset_leak,17_55_78,24,55,78,33000,46800,0,0.43358862,0
train,17,data_17.csv,onset_leak,17_56_79,24,56,79,33600,47400,0,0.48232338,0
train,17,data_17.csv,onset_leak,17_57_80,24,57,80,34200,48000,0,0.46625125,0
train,17,data_17.csv,onset_leak,17_58_81,24,58,81,34800,48600,0,0.4711634,0
train,17,data_17.csv,onset_leak,17_59_82,24,59,82,35400,49200,0,0.5071348,0
train,17,data_17.csv,onset_leak,17_60_83,24,60,83,36000,49800,0,0.55009305,0
train,17,data_17.csv,onset_leak,17_61_84,24,61,84,36600,50400,0,0.5672014,0
train,17,data_17.csv,onset_leak,17_62_85,24,62,85,37200,51000,0,0.5919047,0
train,17,data_17.csv,onset_leak,17_63_86,24,63,86,37800,51600,0,0.58458143,0
train,17,data_17.csv,onset_leak,17_64_87,24,64,87,38400,52200,0,0.5994368,0
train,17,data_17.csv,onset_leak,17_65_88,24,65,88,39000,52800,0,0.62652266,1
train,17,data_17.csv,onset_leak,17_66_89,24,66,89,39600,53400,0,0.6588539,1
train,17,data_17.csv,onset_leak,17_67_90,24,67,90,40200,54000,0,0.58967125,0
train,17,data_17.csv,onset_leak,17_68_91,24,68,91,40800,54600,0,0.5137463,0
train,17,data_17.csv,onset_leak,17_69_92,24,69,92,41400,55200,0,0.51130235,0
train,17,data_17.csv,onset_leak,17_70_93,24,70,93,42000,55800,0,0.5016774,0
train,17,data_17.csv,onset_leak,17_71_94,24,71,94,42600,56400,0,0.5182516,0
train,17,data_17.csv,onset_leak,17_72_95,24,72,95,43200,57000,0,0.5405808,0
train,17,data_17.csv,onset_leak,17_73_96,24,73,96,43800,57600,0,0.455516,0
train,17,data_17.csv,onset_leak,17_74_97,24,74,97,44400,58200,0,0.29513183,0
train,17,data_17.csv,onset_leak,17_75_98,24,75,98,45000,58800,0,0.29948708,0
train,17,data_17.csv,onset_leak,17_76_99,24,76,99,45600,59400,0,0.26912418,0
train,17,data_17.csv,onset_leak,17_77_100,24,77,100,46200,60000,0,0.3317648,0
train,17,data_17.csv,onset_leak,17_78_101,24,78,101,46800,60600,0,0.39582893,0
train,17,data_17.csv,onset_leak,17_79_102,24,79,102,47400,61200,0,0.30739605,0
train,17,data_17.csv,onset_leak,17_80_103,24,80,103,48000,61800,0,0.13211794,0
train,17,data_17.csv,onset_leak,17_81_104,24,81,104,48600,62400,0,0.15310147,0
train,17,data_17.csv,onset_leak,17_82_105,24,82,105,49200,63000,0,0.14259565,0
train,17,data_17.csv,onset_leak,17_83_106,24,83,106,49800,63600,0,0.17425111,0
train,17,data_17.csv,onset_leak,17_84_107,24,84,107,50400,64200,0,0.21883689,0
train,17,data_17.csv,onset_leak,17_85_108,24,85,108,51000,64800,0,0.23481353,0
train,17,data_17.csv,onset_leak,17_86_109,24,86,109,51600,65400,0,0.24733824,0
train,17,data_17.csv,onset_leak,17_87_110,24,87,110,52200,66000,0,0.27532682,0
train,17,data_17.csv,onset_leak,17_88_111,24,88,111,52800,66600,0,0.34130746,0
train,17,data_17.csv,onset_leak,17_89_112,24,89,112,53400,67200,0,0.41680714,0
train,17,data_17.csv,onset_leak,17_90_113,24,90,113,54000,67800,0,0.475131,0
train,17,data_17.csv,onset_leak,17_91_114,24,91,114,54600,68400,0,0.5613419,0
train,17,data_17.csv,onset_leak,17_92_115,24,92,115,55200,69000,0,0.6158408,1
train,17,data_17.csv,onset_leak,17_93_116,24,93,116,55800,69600,0,0.62720287,1
train,17,data_17.csv,onset_leak,17_94_117,24,94,117,56400,70200,0,0.652993,1
train,17,data_17.csv,onset_leak,17_95_118,24,95,118,57000,70800,0,0.6565408,1
train,17,data_17.csv,onset_leak,17_96_119,24,96,119,57600,71400,0,0.657332,1
train,17,data_17.csv,onset_leak,17_97_120,24,97,120,58200,72000,0,0.673205,1
train,17,data_17.csv,onset_leak,17_98_121,24,98,121,58800,72600,0,0.6849867,1
train,17,data_17.csv,onset_leak,17_99_122,24,99,122,59400,73200,0,0.6768326,1
train,17,data_17.csv,onset_leak,17_100_123,24,100,123,60000,73800,0,0.6622682,1
train,17,data_17.csv,onset_leak,17_101_124,24,101,124,60600,74400,0,0.6320783,1
train,17,data_17.csv,onset_leak,17_102_125,24,102,125,61200,75000,0,0.45613772,0
train,17,data_17.csv,onset_leak,17_103_126,24,103,126,61800,75600,0,0.3197886,0
train,17,data_17.csv,onset_leak,17_104_127,24,104,127,62400,76200,0,0.20826402,0
train,17,data_17.csv,onset_leak,17_105_128,24,105,128,63000,76800,0,0.15147376,0
train,17,data_17.csv,onset_leak,17_106_129,24,106,129,63600,77400,0,0.14143008,0
train,17,data_17.csv,onset_leak,17_107_130,24,107,130,64200,78000,0,0.12416805,0
train,17,data_17.csv,onset_leak,17_108_131,24,108,131,64800,78600,0,0.12313768,0
train,17,data_17.csv,onset_leak,17_109_132,24,109,132,65400,79200,0,0.07289903,0
train,17,data_17.csv,onset_leak,17_110_133,24,110,133,66000,79800,0,0.030425986,0
train,17,data_17.csv,onset_leak,17_111_134,24,111,134,66600,80400,0,0.01554515,0
train,17,data_17.csv,onset_leak,17_112_135,24,112,135,67200,81000,0,0.012358657,0
train,17,data_17.csv,onset_leak,17_113_136,24,113,136,67800,81600,0,0.01164987,0
train,17,data_17.csv,onset_leak,17_114_137,24,114,137,68400,82200,0,0.017175268,0
train,17,data_17.csv,onset_leak,17_115_138,24,115,138,69000,82800,0,0.0055755028,0
train,17,data_17.csv,onset_leak,17_116_139,24,116,139,69600,83400,0,0.0010949799,0
train,17,data_17.csv,onset_leak,17_117_140,24,117,140,70200,84000,0,0.0005606074,0
train,17,data_17.csv,onset_leak,17_118_141,24,118,141,70800,84600,0,0.00040896508,0
train,17,data_17.csv,onset_leak,17_119_142,24,119,142,71400,85200,0,0.0004648861,0
train,17,data_17.csv,onset_leak,17_120_143,24,120,143,72000,85800,0,0.0007631112,0
train,17,data_17.csv,onset_leak,17_121_144,24,121,144,72600,86400,0,0.0003892731,0
train,18,data_18.csv,onset_leak,18_0_23,24,0,23,0,13800,0,3.587392e-08,0
train,18,data_18.csv,onset_leak,18_1_24,24,1,24,600,14400,0,3.829773e-08,0
train,18,data_18.csv,onset_leak,18_2_25,24,2,25,1200,15000,0,3.993896e-08,0
train,18,data_18.csv,onset_leak,18_3_26,24,3,26,1800,15600,0,4.1099852e-08,0
train,18,data_18.csv,onset_leak,18_4_27,24,4,27,2400,16200,0,4.0540296e-08,0
train,18,data_18.csv,onset_leak,18_5_28,24,5,28,3000,16800,0,4.069943e-08,0
train,18,data_18.csv,onset_leak,18_6_29,24,6,29,3600,17400,0,4.004392e-08,0
train,18,data_18.csv,onset_leak,18_7_30,24,7,30,4200,18000,0,4.3416225e-08,0
train,18,data_18.csv,onset_leak,18_8_31,24,8,31,4800,18600,0,4.5412676e-08,0
train,18,data_18.csv,onset_leak,18_9_32,24,9,32,5400,19200,0,4.811388e-08,0
train,18,data_18.csv,onset_leak,18_10_33,24,10,33,6000,19800,0,4.8205735e-08,0
train,18,data_18.csv,onset_leak,18_11_34,24,11,34,6600,20400,0,4.963815e-08,0
train,18,data_18.csv,onset_leak,18_12_35,24,12,35,7200,21000,0,4.9854286e-08,0
train,18,data_18.csv,onset_leak,18_13_36,24,13,36,7800,21600,0,5.4656766e-08,0
train,18,data_18.csv,onset_leak,18_14_37,24,14,37,8400,22200,0,5.7131405e-08,0
train,18,data_18.csv,onset_leak,18_15_38,24,15,38,9000,22800,0,6.2192406e-08,0
train,18,data_18.csv,onset_leak,18_16_39,24,16,39,9600,23400,0,6.392607e-08,0
train,18,data_18.csv,onset_leak,18_17_40,24,17,40,10200,24000,0,6.757067e-08,0
train,18,data_18.csv,onset_leak,18_18_41,24,18,41,10800,24600,0,6.971838e-08,0
train,18,data_18.csv,onset_leak,18_19_42,24,19,42,11400,25200,0,7.935996e-08,0
train,18,data_18.csv,onset_leak,18_20_43,24,20,43,12000,25800,0,8.545106e-08,0
train,18,data_18.csv,onset_leak,18_21_44,24,21,44,12600,26400,0,9.739887e-08,0
train,18,data_18.csv,onset_leak,18_22_45,24,22,45,13200,27000,0,1.0362283e-07,0
train,18,data_18.csv,onset_leak,18_23_46,24,23,46,13800,27600,0,1.1331843e-07,0
train,18,data_18.csv,onset_leak,18_24_47,24,24,47,14400,28200,0,1.2094165e-07,0
train,18,data_18.csv,onset_leak,18_25_48,24,25,48,15000,28800,0,1.4450022e-07,0
train,18,data_18.csv,onset_leak,18_26_49,24,26,49,15600,29400,0,1.6140547e-07,0
train,18,data_18.csv,onset_leak,18_27_50,24,27,50,16200,30000,0,1.9365496e-07,0
train,18,data_18.csv,onset_leak,18_28_51,24,28,51,16800,30600,0,2.0871866e-07,0
train,18,data_18.csv,onset_leak,18_29_52,24,29,52,17400,31200,0,2.3588683e-07,0
train,18,data_18.csv,onset_leak,18_30_53,24,30,53,18000,31800,0,2.549224e-07,0
train,18,data_18.csv,onset_leak,18_31_54,24,31,54,18600,32400,0,8.03403e-07,0
train,18,data_18.csv,onset_leak,18_32_55,24,32,55,19200,33000,0,1.776759e-06,0
train,18,data_18.csv,onset_leak,18_33_56,24,33,56,19800,33600,0,3.5393116e-06,0
train,18,data_18.csv,onset_leak,18_34_57,24,34,57,20400,34200,0,3.94199e-06,0
train,18,data_18.csv,onset_leak,18_35_58,24,35,58,21000,34800,0,5.331038e-06,0
train,18,data_18.csv,onset_leak,18_36_59,24,36,59,21600,35400,0,5.4951665e-06,0
train,18,data_18.csv,onset_leak,18_37_60,24,37,60,22200,36000,0,3.173484e-05,0
train,18,data_18.csv,onset_leak,18_38_61,24,38,61,22800,36600,0,9.336389e-05,0
train,18,data_18.csv,onset_leak,18_39_62,24,39,62,23400,37200,0,0.0002930033,0
train,18,data_18.csv,onset_leak,18_40_63,24,40,63,24000,37800,0,0.00028014716,0
train,18,data_18.csv,onset_leak,18_41_64,24,41,64,24600,38400,0,0.00048965967,0
train,18,data_18.csv,onset_leak,18_42_65,24,42,65,25200,39000,0,0.0005053718,0
train,18,data_18.csv,onset_leak,18_43_66,24,43,66,25800,39600,0,0.0011142434,0
train,18,data_18.csv,onset_leak,18_44_67,24,44,67,26400,40200,0,0.00095786416,0
train,18,data_18.csv,onset_leak,18_45_68,24,45,68,27000,40800,0,0.0015719876,0
train,18,data_18.csv,onset_leak,18_46_69,24,46,69,27600,41400,0,0.0014689792,0
train,18,data_18.csv,onset_leak,18_47_70,24,47,70,28200,42000,0,0.0020284546,0
train,18,data_18.csv,onset_leak,18_48_71,24,48,71,28800,42600,0,0.001748131,0
train,18,data_18.csv,onset_leak,18_49_72,24,49,72,29400,43200,0,0.0013285183,0
train,18,data_18.csv,onset_leak,18_50_73,24,50,73,30000,43800,0,0.00073995325,0
train,18,data_18.csv,onset_leak,18_51_74,24,51,74,30600,44400,0,0.00082439923,0
train,18,data_18.csv,onset_leak,18_52_75,24,52,75,31200,45000,0,0.0019387612,0
train,18,data_18.csv,onset_leak,18_53_76,24,53,76,31800,45600,0,0.0033050945,0
train,18,data_18.csv,onset_leak,18_54_77,24,54,77,32400,46200,0,0.007172962,0
train,18,data_18.csv,onset_leak,18_55_78,24,55,78,33000,46800,0,0.007517334,0
train,18,data_18.csv,onset_leak,18_56_79,24,56,79,33600,47400,0,0.011005877,0
train,18,data_18.csv,onset_leak,18_57_80,24,57,80,34200,48000,0,0.02011713,0
train,18,data_18.csv,onset_leak,18_58_81,24,58,81,34800,48600,0,0.046169616,0
train,18,data_18.csv,onset_leak,18_59_82,24,59,82,35400,49200,0,0.06490181,0
train,18,data_18.csv,onset_leak,18_60_83,24,60,83,36000,49800,0,0.10868598,0
train,18,data_18.csv,onset_leak,18_61_84,24,61,84,36600,50400,0,0.096803114,0
train,18,data_18.csv,onset_leak,18_62_85,24,62,85,37200,51000,0,0.081310675,0
train,18,data_18.csv,onset_leak,18_63_86,24,63,86,37800,51600,0,0.090480395,0
train,18,data_18.csv,onset_leak,18_64_87,24,64,87,38400,52200,0,0.10128325,0
train,18,data_18.csv,onset_leak,18_65_88,24,65,88,39000,52800,0,0.120159246,0
train,18,data_18.csv,onset_leak,18_66_89,24,66,89,39600,53400,0,0.1864459,0
train,18,data_18.csv,onset_leak,18_67_90,24,67,90,40200,54000,0,0.19220074,0
train,18,data_18.csv,onset_leak,18_68_91,24,68,91,40800,54600,0,0.20746508,0
train,18,data_18.csv,onset_leak,18_69_92,24,69,92,41400,55200,0,0.25780225,0
train,18,data_18.csv,onset_leak,18_70_93,24,70,93,42000,55800,0,0.28385863,0
train,18,data_18.csv,onset_leak,18_71_94,24,71,94,42600,56400,0,0.32361844,0
train,18,data_18.csv,onset_leak,18_72_95,24,72,95,43200,57000,0,0.37293154,0
train,18,data_18.csv,onset_leak,18_73_96,24,73,96,43800,57600,0,0.44398358,0
train,18,data_18.csv,onset_leak,18_74_97,24,74,97,44400,58200,0,0.48204312,0
train,18,data_18.csv,onset_leak,18_75_98,24,75,98,45000,58800,0,0.50676197,0
train,18,data_18.csv,onset_leak,18_76_99,24,76,99,45600,59400,0,0.5312711,0
train,18,data_18.csv,onset_leak,18_77_100,24,77,100,46200,60000,0,0.54632884,0
train,18,data_18.csv,onset_leak,18_78_101,24,78,101,46800,60600,0,0.54592705,0
train,18,data_18.csv,onset_leak,18_79_102,24,79,102,47400,61200,0,0.5727993,0
train,18,data_18.csv,onset_leak,18_80_103,24,80,103,48000,61800,0,0.5841239,0
train,18,data_18.csv,onset_leak,18_81_104,24,81,104,48600,62400,0,0.571112,0
train,18,data_18.csv,onset_leak,18_82_105,24,82,105,49200,63000,0,0.56431836,0
train,18,data_18.csv,onset_leak,18_83_106,24,83,106,49800,63600,0,0.54893625,0
train,18,data_18.csv,onset_leak,18_84_107,24,84,107,50400,64200,0,0.49634248,0
train,18,data_18.csv,onset_leak,18_85_108,24,85,108,51000,64800,0,0.47731388,0
train,18,data_18.csv,onset_leak,18_86_109,24,86,109,51600,65400,0,0.45977223,0
train,18,data_18.csv,onset_leak,18_87_110,24,87,110,52200,66000,0,0.40148076,0
train,18,data_18.csv,onset_leak,18_88_111,24,88,111,52800,66600,0,0.3755404,0
train,18,data_18.csv,onset_leak,18_89_112,24,89,112,53400,67200,0,0.36130756,0
train,18,data_18.csv,onset_leak,18_90_113,24,90,113,54000,67800,0,0.29881933,0
train,18,data_18.csv,onset_leak,18_91_114,24,91,114,54600,68400,0,0.16937692,0
train,18,data_18.csv,onset_leak,18_92_115,24,92,115,55200,69000,0,0.08916691,0
train,18,data_18.csv,onset_leak,18_93_116,24,93,116,55800,69600,0,0.04635105,0
train,18,data_18.csv,onset_leak,18_94_117,24,94,117,56400,70200,0,0.03645959,0
train,18,data_18.csv,onset_leak,18_95_118,24,95,118,57000,70800,0,0.0330173,0
train,18,data_18.csv,onset_leak,18_96_119,24,96,119,57600,71400,0,0.043625023,0
train,18,data_18.csv,onset_leak,18_97_120,24,97,120,58200,72000,0,0.020659018,0
train,18,data_18.csv,onset_leak,18_98_121,24,98,121,58800,72600,0,0.0057715247,0
train,18,data_18.csv,onset_leak,18_99_122,24,99,122,59400,73200,0,0.0033762467,0
train,18,data_18.csv,onset_leak,18_100_123,24,100,123,60000,73800,0,0.0025966836,0
train,18,data_18.csv,onset_leak,18_101_124,24,101,124,60600,74400,0,0.0031228676,0
train,18,data_18.csv,onset_leak,18_102_125,24,102,125,61200,75000,0,0.0044032116,0
train,18,data_18.csv,onset_leak,18_103_126,24,103,126,61800,75600,0,0.0035768372,0
train,18,data_18.csv,onset_leak,18_104_127,24,104,127,62400,76200,0,0.0034151361,0
train,18,data_18.csv,onset_leak,18_105_128,24,105,128,63000,76800,0,0.005592682,0
train,18,data_18.csv,onset_leak,18_106_129,24,106,129,63600,77400,0,0.0065867943,0
train,18,data_18.csv,onset_leak,18_107_130,24,107,130,64200,78000,0,0.009083643,0
train,18,data_18.csv,onset_leak,18_108_131,24,108,131,64800,78600,0,0.010760949,0
train,18,data_18.csv,onset_leak,18_109_132,24,109,132,65400,79200,0,0.010123486,0
train,18,data_18.csv,onset_leak,18_110_133,24,110,133,66000,79800,0,0.014223034,0
train,18,data_18.csv,onset_leak,18_111_134,24,111,134,66600,80400,0,0.014515449,0
train,18,data_18.csv,onset_leak,18_112_135,24,112,135,67200,81000,0,0.01338145,0
train,18,data_18.csv,onset_leak,18_113_136,24,113,136,67800,81600,0,0.008848718,0
train,18,data_18.csv,onset_leak,18_114_137,24,114,137,68400,82200,0,0.004681258,0
train,18,data_18.csv,onset_leak,18_115_138,24,115,138,69000,82800,0,0.003050869,0
train,18,data_18.csv,onset_leak,18_116_139,24,116,139,69600,83400,0,0.0021404782,0
train,18,data_18.csv,onset_leak,18_117_140,24,117,140,70200,84000,0,0.0006820929,0
train,18,data_18.csv,onset_leak,18_118_141,24,118,141,70800,84600,0,0.00021979927,0
train,18,data_18.csv,onset_leak,18_119_142,24,119,142,71400,85200,0,7.5143515e-05,0
train,18,data_18.csv,onset_leak,18_120_143,24,120,143,72000,85800,0,2.0138257e-05,0
train,18,data_18.csv,onset_leak,18_121_144,24,121,144,72600,86400,0,9.157158e-06,0
train,20,data_20.csv,onset_leak,20_0_23,24,0,23,0,13800,0,9.125339e-09,0
train,20,data_20.csv,onset_leak,20_1_24,24,1,24,600,14400,0,1.4357213e-08,0
train,20,data_20.csv,onset_leak,20_2_25,24,2,25,1200,15000,0,1.8259843e-08,0
train,20,data_20.csv,onset_leak,20_3_26,24,3,26,1800,15600,0,1.8749567e-08,0
train,20,data_20.csv,onset_leak,20_4_27,24,4,27,2400,16200,0,1.4943499e-08,0
train,20,data_20.csv,onset_leak,20_5_28,24,5,28,3000,16800,0,1.3297944e-08,0
train,20,data_20.csv,onset_leak,20_6_29,24,6,29,3600,17400,0,1.00477955e-08,0
train,20,data_20.csv,onset_leak,20_7_30,24,7,30,4200,18000,0,1.52206e-08,0
train,20,data_20.csv,onset_leak,20_8_31,24,8,31,4800,18600,0,1.974631e-08,0
train,20,data_20.csv,onset_leak,20_9_32,24,9,32,5400,19200,0,2.870776e-08,0
train,20,data_20.csv,onset_leak,20_10_33,24,10,33,6000,19800,0,2.9734627e-08,0
train,20,data_20.csv,onset_leak,20_11_34,24,11,34,6600,20400,0,3.6891173e-08,0
train,20,data_20.csv,onset_leak,20_12_35,24,12,35,7200,21000,0,4.005362e-08,0
train,20,data_20.csv,onset_leak,20_13_36,24,13,36,7800,21600,0,5.6993724e-08,0
train,20,data_20.csv,onset_leak,20_14_37,24,14,37,8400,22200,0,6.256039e-08,0
train,20,data_20.csv,onset_leak,20_15_38,24,15,38,9000,22800,0,8.770418e-08,0
train,20,data_20.csv,onset_leak,20_16_39,24,16,39,9600,23400,0,9.562638e-08,0
train,20,data_20.csv,onset_leak,20_17_40,24,17,40,10200,24000,0,1.204234e-07,0
train,20,data_20.csv,onset_leak,20_18_41,24,18,41,10800,24600,0,1.337551e-07,0
train,20,data_20.csv,onset_leak,20_19_42,24,19,42,11400,25200,0,3.1578995e-07,0
train,20,data_20.csv,onset_leak,20_20_43,24,20,43,12000,25800,0,5.5084183e-07,0
train,20,data_20.csv,onset_leak,20_21_44,24,21,44,12600,26400,0,1.2737141e-06,0
train,20,data_20.csv,onset_leak,20_22_45,24,22,45,13200,27000,0,1.9405293e-06,0
train,20,data_20.csv,onset_leak,20_23_46,24,23,46,13800,27600,0,3.3926467e-06,0
train,20,data_20.csv,onset_leak,20_24_47,24,24,47,14400,28200,0,5.133107e-06,0
train,20,data_20.csv,onset_leak,20_25_48,24,25,48,15000,28800,0,1.3477986e-05,0
train,20,data_20.csv,onset_leak,20_26_49,24,26,49,15600,29400,0,2.448256e-05,0
train,20,data_20.csv,onset_leak,20_27_50,24,27,50,16200,30000,0,6.626147e-05,0
train,20,data_20.csv,onset_leak,20_28_51,24,28,51,16800,30600,0,9.5662166e-05,0
train,20,data_20.csv,onset_leak,20_29_52,24,29,52,17400,31200,0,0.00018966677,0
train,20,data_20.csv,onset_leak,20_30_53,24,30,53,18000,31800,0,0.00029232583,0
train,20,data_20.csv,onset_leak,20_31_54,24,31,54,18600,32400,0,0.00038501358,0
train,20,data_20.csv,onset_leak,20_32_55,24,32,55,19200,33000,0,0.00034230485,0
train,20,data_20.csv,onset_leak,20_33_56,24,33,56,19800,33600,0,0.0005032576,0
train,20,data_20.csv,onset_leak,20_34_57,24,34,57,20400,34200,0,0.0006534203,0
train,20,data_20.csv,onset_leak,20_35_58,24,35,58,21000,34800,0,0.0010508933,0
train,20,data_20.csv,onset_leak,20_36_59,24,36,59,21600,35400,0,0.0013207424,0
train,20,data_20.csv,onset_leak,20_37_60,24,37,60,22200,36000,0,0.0023958543,0
train,20,data_20.csv,onset_leak,20_38_61,24,38,61,22800,36600,0,0.0036093795,0
train,20,data_20.csv,onset_leak,20_39_62,24,39,62,23400,37200,0,0.0074137123,0
train,20,data_20.csv,onset_leak,20_40_63,24,40,63,24000,37800,0,0.015103212,0
train,20,data_20.csv,onset_leak,20_41_64,24,41,64,24600,38400,0,0.027574066,0
train,20,data_20.csv,onset_leak,20_42_65,24,42,65,25200,39000,0,0.048900697,0
train,20,data_20.csv,onset_leak,20_43_66,24,43,66,25800,39600,0,0.17979884,0
train,20,data_20.csv,onset_leak,20_44_67,24,44,67,26400,40200,0,0.37002823,0
train,20,data_20.csv,onset_leak,20_45_68,24,45,68,27000,40800,0,0.5599601,0
train,20,data_20.csv,onset_leak,20_46_69,24,46,69,27600,41400,0,0.60848284,1
train,20,data_20.csv,onset_leak,20_47_70,24,47,70,28200,42000,0,0.7301439,1
train,20,data_20.csv,onset_leak,20_48_71,24,48,71,28800,42600,0,0.7471788,1
train,20,data_20.csv,onset_leak,20_49_72,24,49,72,29400,43200,0,0.8182192,1
train,20,data_20.csv,onset_leak,20_50_73,24,50,73,30000,43800,0,0.8459709,1
train,20,data_20.csv,onset_leak,20_51_74,24,51,74,30600,44400,0,0.8496068,1
train,20,data_20.csv,onset_leak,20_52_75,24,52,75,31200,45000,0,0.845673,1
train,20,data_20.csv,onset_leak,20_53_76,24,53,76,31800,45600,0,0.87155974,1
train,20,data_20.csv,onset_leak,20_54_77,24,54,77,32400,46200,0,0.8468133,1
train,20,data_20.csv,onset_leak,20_55_78,24,55,78,33000,46800,0,0.8290166,1
train,20,data_20.csv,onset_leak,20_56_79,24,56,79,33600,47400,0,0.80352265,1
train,20,data_20.csv,onset_leak,20_57_80,24,57,80,34200,48000,0,0.7479232,1
train,20,data_20.csv,onset_leak,20_58_81,24,58,81,34800,48600,0,0.6985533,1
train,20,data_20.csv,onset_leak,20_59_82,24,59,82,35400,49200,0,0.6955716,1
train,20,data_20.csv,onset_leak,20_60_83,24,60,83,36000,49800,0,0.67050517,1
train,20,data_20.csv,onset_leak,20_61_84,24,61,84,36600,50400,0,0.60659146,1
train,20,data_20.csv,onset_leak,20_62_85,24,62,85,37200,51000,0,0.529247,0
train,20,data_20.csv,onset_leak,20_63_86,24,63,86,37800,51600,0,0.5300193,0
train,20,data_20.csv,onset_leak,20_64_87,24,64,87,38400,52200,0,0.5396724,0
train,20,data_20.csv,onset_leak,20_65_88,24,65,88,39000,52800,0,0.5980014,0
train,20,data_20.csv,onset_leak,20_66_89,24,66,89,39600,53400,0,0.6705431,1
train,20,data_20.csv,onset_leak,20_67_90,24,67,90,40200,54000,0,0.60669446,1
train,20,data_20.csv,onset_leak,20_68_91,24,68,91,40800,54600,0,0.538447,0
train,20,data_20.csv,onset_leak,20_69_92,24,69,92,41400,55200,0,0.6000171,1
train,20,data_20.csv,onset_leak,20_70_93,24,70,93,42000,55800,0,0.6296469,1
train,20,data_20.csv,onset_leak,20_71_94,24,71,94,42600,56400,0,0.7114326,1
train,20,data_20.csv,onset_leak,20_72_95,24,72,95,43200,57000,0,0.78983676,1
train,20,data_20.csv,onset_leak,20_73_96,24,73,96,43800,57600,0,0.76999986,1
train,20,data_20.csv,onset_leak,20_74_97,24,74,97,44400,58200,0,0.7318311,1
train,20,data_20.csv,onset_leak,20_75_98,24,75,98,45000,58800,0,0.750403,1
train,20,data_20.csv,onset_leak,20_76_99,24,76,99,45600,59400,0,0.744081,1
train,20,data_20.csv,onset_leak,20_77_100,24,77,100,46200,60000,0,0.763703,1
train,20,data_20.csv,onset_leak,20_78_101,24,78,101,46800,60600,0,0.7819888,1
train,20,data_20.csv,onset_leak,20_79_102,24,79,102,47400,61200,0,0.73235726,1
train,20,data_20.csv,onset_leak,20_80_103,24,80,103,48000,61800,0,0.63749903,1
train,20,data_20.csv,onset_leak,20_81_104,24,81,104,48600,62400,0,0.6113092,1
train,20,data_20.csv,onset_leak,20_82_105,24,82,105,49200,63000,0,0.56221557,0
train,20,data_20.csv,onset_leak,20_83_106,24,83,106,49800,63600,0,0.50438285,0
train,20,data_20.csv,onset_leak,20_84_107,24,84,107,50400,64200,0,0.43469295,0
train,20,data_20.csv,onset_leak,20_85_108,24,85,108,51000,64800,0,0.4068953,0
train,20,data_20.csv,onset_leak,20_86_109,24,86,109,51600,65400,0,0.32967445,0
train,20,data_20.csv,onset_leak,20_87_110,24,87,110,52200,66000,0,0.3064778,0
train,20,data_20.csv,onset_leak,20_88_111,24,88,111,52800,66600,0,0.28858742,0
train,20,data_20.csv,onset_leak,20_89_112,24,89,112,53400,67200,0,0.27739403,0
train,20,data_20.csv,onset_leak,20_90_113,24,90,113,54000,67800,0,0.25381264,0
train,20,data_20.csv,onset_leak,20_91_114,24,91,114,54600,68400,0,0.2369667,0
train,20,data_20.csv,onset_leak,20_92_115,24,92,115,55200,69000,0,0.22112909,0
train,20,data_20.csv,onset_leak,20_93_116,24,93,116,55800,69600,0,0.2411989,0
train,20,data_20.csv,onset_leak,20_94_117,24,94,117,56400,70200,0,0.24221256,0
train,20,data_20.csv,onset_leak,20_95_118,24,95,118,57000,70800,0,0.25674716,0
train,20,data_20.csv,onset_leak,20_96_119,24,96,119,57600,71400,0,0.28683212,0
train,20,data_20.csv,onset_leak,20_97_120,24,97,120,58200,72000,0,0.24588682,0
train,20,data_20.csv,onset_leak,20_98_121,24,98,121,58800,72600,0,0.1831413,0
train,20,data_20.csv,onset_leak,20_99_122,24,99,122,59400,73200,0,0.14472114,0
train,20,data_20.csv,onset_leak,20_100_123,24,100,123,60000,73800,0,0.123034954,0
train,20,data_20.csv,onset_leak,20_101_124,24,101,124,60600,74400,0,0.11085733,0
train,20,data_20.csv,onset_leak,20_102_125,24,102,125,61200,75000,0,0.100230366,0
train,20,data_20.csv,onset_leak,20_103_126,24,103,126,61800,75600,0,0.10812196,0
train,20,data_20.csv,onset_leak,20_104_127,24,104,127,62400,76200,0,0.122712344,0
train,20,data_20.csv,onset_leak,20_105_128,24,105,128,63000,76800,0,0.14541654,0
train,20,data_20.csv,onset_leak,20_106_129,24,106,129,63600,77400,0,0.16644062,0
train,20,data_20.csv,onset_leak,20_107_130,24,107,130,64200,78000,0,0.18125576,0
train,20,data_20.csv,onset_leak,20_108_131,24,108,131,64800,78600,0,0.21097274,0
train,20,data_20.csv,onset_leak,20_109_132,24,109,132,65400,79200,0,0.09934174,0
train,20,data_20.csv,onset_leak,20_110_133,24,110,133,66000,79800,0,0.042669334,0
train,20,data_20.csv,onset_leak,20_111_134,24,111,134,66600,80400,0,0.023504702,0
train,20,data_20.csv,onset_leak,20_112_135,24,112,135,67200,81000,0,0.015789399,0
train,20,data_20.csv,onset_leak,20_113_136,24,113,136,67800,81600,0,0.013063326,0
train,20,data_20.csv,onset_leak,20_114_137,24,114,137,68400,82200,0,0.01568388,0
train,20,data_20.csv,onset_leak,20_115_138,24,115,138,69000,82800,0,0.004069778,0
train,20,data_20.csv,onset_leak,20_116_139,24,116,139,69600,83400,0,0.0010636587,0
train,20,data_20.csv,onset_leak,20_117_140,24,117,140,70200,84000,0,0.00032302324,0
train,20,data_20.csv,onset_leak,20_118_141,24,118,141,70800,84600,0,0.00023906949,0
train,20,data_20.csv,onset_leak,20_119_142,24,119,142,71400,85200,0,0.0001446498,0
train,20,data_20.csv,onset_leak,20_120_143,24,120,143,72000,85800,0,0.00012687512,0
train,20,data_20.csv,onset_leak,20_121_144,24,121,144,72600,86400,0,9.0882786e-05,0
train,21,data_21.csv,persistent_leak,21_0_23,24,0,23,0,13800,1,0.26447374,0
train,21,data_21.csv,persistent_leak,21_1_24,24,1,24,600,14400,1,0.4845289,0
train,21,data_21.csv,persistent_leak,21_2_25,24,2,25,1200,15000,1,0.6142315,1
train,21,data_21.csv,persistent_leak,21_3_26,24,3,26,1800,15600,1,0.6372907,1
train,21,data_21.csv,persistent_leak,21_4_27,24,4,27,2400,16200,1,0.6257436,1
train,21,data_21.csv,persistent_leak,21_5_28,24,5,28,3000,16800,1,0.638357,1
train,21,data_21.csv,persistent_leak,21_6_29,24,6,29,3600,17400,1,0.63517034,1
train,21,data_21.csv,persistent_leak,21_7_30,24,7,30,4200,18000,1,0.66413206,1
train,21,data_21.csv,persistent_leak,21_8_31,24,8,31,4800,18600,1,0.6696105,1
train,21,data_21.csv,persistent_leak,21_9_32,24,9,32,5400,19200,1,0.6768776,1
train,21,data_21.csv,persistent_leak,21_10_33,24,10,33,6000,19800,1,0.6701536,1
train,21,data_21.csv,persistent_leak,21_11_34,24,11,34,6600,20400,1,0.6971949,1
train,21,data_21.csv,persistent_leak,21_12_35,24,12,35,7200,21000,1,0.6805309,1
train,21,data_21.csv,persistent_leak,21_13_36,24,13,36,7800,21600,1,0.7151708,1
train,21,data_21.csv,persistent_leak,21_14_37,24,14,37,8400,22200,1,0.7144742,1
train,21,data_21.csv,persistent_leak,21_15_38,24,15,38,9000,22800,1,0.6795763,1
train,21,data_21.csv,persistent_leak,21_16_39,24,16,39,9600,23400,1,0.63726866,1
train,21,data_21.csv,persistent_leak,21_17_40,24,17,40,10200,24000,1,0.61950815,1
train,21,data_21.csv,persistent_leak,21_18_41,24,18,41,10800,24600,1,0.5451895,0
train,21,data_21.csv,persistent_leak,21_19_42,24,19,42,11400,25200,1,0.6077471,1
train,21,data_21.csv,persistent_leak,21_20_43,24,20,43,12000,25800,1,0.6573818,1
train,21,data_21.csv,persistent_leak,21_21_44,24,21,44,12600,26400,1,0.63820124,1
train,21,data_21.csv,persistent_leak,21_22_45,24,22,45,13200,27000,1,0.61465997,1
train,21,data_21.csv,persistent_leak,21_23_46,24,23,46,13800,27600,1,0.6370985,1
train,21,data_21.csv,persistent_leak,21_24_47,24,24,47,14400,28200,1,0.6625887,1
train,21,data_21.csv,persistent_leak,21_25_48,24,25,48,15000,28800,1,0.76933473,1
train,21,data_21.csv,persistent_leak,21_26_49,24,26,49,15600,29400,1,0.8511602,1
train,21,data_21.csv,persistent_leak,21_27_50,24,27,50,16200,30000,1,0.8413847,1
train,21,data_21.csv,persistent_leak,21_28_51,24,28,51,16800,30600,1,0.84950167,1
train,21,data_21.csv,persistent_leak,21_29_52,24,29,52,17400,31200,1,0.8697974,1
train,21,data_21.csv,persistent_leak,21_30_53,24,30,53,18000,31800,1,0.88758916,1
train,21,data_21.csv,persistent_leak,21_31_54,24,31,54,18600,32400,1,0.8558894,1
train,21,data_21.csv,persistent_leak,21_32_55,24,32,55,19200,33000,1,0.8276899,1
train,21,data_21.csv,persistent_leak,21_33_56,24,33,56,19800,33600,1,0.8044025,1
train,21,data_21.csv,persistent_leak,21_34_57,24,34,57,20400,34200,1,0.80252826,1
train,21,data_21.csv,persistent_leak,21_35_58,24,35,58,21000,34800,1,0.8126811,1
train,21,data_21.csv,persistent_leak,21_36_59,24,36,59,21600,35400,1,0.81803715,1
train,21,data_21.csv,persistent_leak,21_37_60,24,37,60,22200,36000,1,0.8433703,1
train,21,data_21.csv,persistent_leak,21_38_61,24,38,61,22800,36600,1,0.8559813,1
train,21,data_21.csv,persistent_leak,21_39_62,24,39,62,23400,37200,1,0.8649491,1
train,21,data_21.csv,persistent_leak,21_40_63,24,40,63,24000,37800,1,0.86950755,1
train,21,data_21.csv,persistent_leak,21_41_64,24,41,64,24600,38400,1,0.8806336,1
train,21,data_21.csv,persistent_leak,21_42_65,24,42,65,25200,39000,1,0.8976488,1
train,21,data_21.csv,persistent_leak,21_43_66,24,43,66,25800,39600,1,0.90717125,1
train,21,data_21.csv,persistent_leak,21_44_67,24,44,67,26400,40200,1,0.9213046,1
train,21,data_21.csv,persistent_leak,21_45_68,24,45,68,27000,40800,1,0.92462534,1
train,21,data_21.csv,persistent_leak,21_46_69,24,46,69,27600,41400,1,0.9318396,1
train,21,data_21.csv,persistent_leak,21_47_70,24,47,70,28200,42000,1,0.9421778,1
train,21,data_21.csv,persistent_leak,21_48_71,24,48,71,28800,42600,1,0.9517437,1
train,21,data_21.csv,persistent_leak,21_49_72,24,49,72,29400,43200,1,0.971105,1
train,21,data_21.csv,persistent_leak,21_50_73,24,50,73,30000,43800,1,0.9815576,1
train,21,data_21.csv,persistent_leak,21_51_74,24,51,74,30600,44400,1,0.98033625,1
train,21,data_21.csv,persistent_leak,21_52_75,24,52,75,31200,45000,1,0.9812708,1
train,21,data_21.csv,persistent_leak,21_53_76,24,53,76,31800,45600,1,0.97925013,1
train,21,data_21.csv,persistent_leak,21_54_77,24,54,77,32400,46200,1,0.9766739,1
train,21,data_21.csv,persistent_leak,21_55_78,24,55,78,33000,46800,1,0.9837691,1
train,21,data_21.csv,persistent_leak,21_56_79,24,56,79,33600,47400,1,0.9887134,1
train,21,data_21.csv,persistent_leak,21_57_80,24,57,80,34200,48000,1,0.9870882,1
train,21,data_21.csv,persistent_leak,21_58_81,24,58,81,34800,48600,1,0.98725444,1
train,21,data_21.csv,persistent_leak,21_59_82,24,59,82,35400,49200,1,0.98695195,1
train,21,data_21.csv,persistent_leak,21_60_83,24,60,83,36000,49800,1,0.9850332,1
train,21,data_21.csv,persistent_leak,21_61_84,24,61,84,36600,50400,1,0.99012494,1
train,21,data_21.csv,persistent_leak,21_62_85,24,62,85,37200,51000,1,0.9930205,1
train,21,data_21.csv,persistent_leak,21_63_86,24,63,86,37800,51600,1,0.9920363,1
train,21,data_21.csv,persistent_leak,21_64_87,24,64,87,38400,52200,1,0.9919797,1
train,21,data_21.csv,persistent_leak,21_65_88,24,65,88,39000,52800,1,0.9920155,1
train,21,data_21.csv,persistent_leak,21_66_89,24,66,89,39600,53400,1,0.9918922,1
train,21,data_21.csv,persistent_leak,21_67_90,24,67,90,40200,54000,1,0.9922942,1
train,21,data_21.csv,persistent_leak,21_68_91,24,68,91,40800,54600,1,0.9926987,1
train,21,data_21.csv,persistent_leak,21_69_92,24,69,92,41400,55200,1,0.9924217,1
train,21,data_21.csv,persistent_leak,21_70_93,24,70,93,42000,55800,1,0.9929015,1
train,21,data_21.csv,persistent_leak,21_71_94,24,71,94,42600,56400,1,0.9939638,1
train,21,data_21.csv,persistent_leak,21_72_95,24,72,95,43200,57000,1,0.9949468,1
train,21,data_21.csv,persistent_leak,21_73_96,24,73,96,43800,57600,1,0.9948618,1
train,21,data_21.csv,persistent_leak,21_74_97,24,74,97,44400,58200,1,0.9946538,1
train,21,data_21.csv,persistent_leak,21_75_98,24,75,98,45000,58800,1,0.9948154,1
train,21,data_21.csv,persistent_leak,21_76_99,24,76,99,45600,59400,1,0.99496645,1
train,21,data_21.csv,persistent_leak,21_77_100,24,77,100,46200,60000,1,0.99551564,1
train,21,data_21.csv,persistent_leak,21_78_101,24,78,101,46800,60600,1,0.99612695,1
train,21,data_21.csv,persistent_leak,21_79_102,24,79,102,47400,61200,1,0.9975017,1
train,21,data_21.csv,persistent_leak,21_80_103,24,80,103,48000,61800,1,0.9983418,1
train,21,data_21.csv,persistent_leak,21_81_104,24,81,104,48600,62400,1,0.9984022,1
train,21,data_21.csv,persistent_leak,21_82_105,24,82,105,49200,63000,1,0.99858046,1
train,21,data_21.csv,persistent_leak,21_83_106,24,83,106,49800,63600,1,0.99868506,1
train,21,data_21.csv,persistent_leak,21_84_107,24,84,107,50400,64200,1,0.9988907,1
train,21,data_21.csv,persistent_leak,21_85_108,24,85,108,51000,64800,1,0.99903274,1
train,21,data_21.csv,persistent_leak,21_86_109,24,86,109,51600,65400,1,0.999199,1
train,21,data_21.csv,persistent_leak,21_87_110,24,87,110,52200,66000,1,0.9991084,1
train,21,data_21.csv,persistent_leak,21_88_111,24,88,111,52800,66600,1,0.99913496,1
train,21,data_21.csv,persistent_leak,21_89_112,24,89,112,53400,67200,1,0.9991086,1
train,21,data_21.csv,persistent_leak,21_90_113,24,90,113,54000,67800,1,0.999017,1
train,21,data_21.csv,persistent_leak,21_91_114,24,91,114,54600,68400,1,0.99885166,1
train,21,data_21.csv,persistent_leak,21_92_115,24,92,115,55200,69000,1,0.99859935,1
train,21,data_21.csv,persistent_leak,21_93_116,24,93,116,55800,69600,1,0.99851185,1
train,21,data_21.csv,persistent_leak,21_94_117,24,94,117,56400,70200,1,0.9983941,1
train,21,data_21.csv,persistent_leak,21_95_118,24,95,118,57000,70800,1,0.99827886,1
train,21,data_21.csv,persistent_leak,21_96_119,24,96,119,57600,71400,1,0.9981273,1
train,21,data_21.csv,persistent_leak,21_97_120,24,97,120,58200,72000,1,0.99688727,1
train,21,data_21.csv,persistent_leak,21_98_121,24,98,121,58800,72600,1,0.99481344,1
train,21,data_21.csv,persistent_leak,21_99_122,24,99,122,59400,73200,1,0.99516875,1
train,21,data_21.csv,persistent_leak,21_100_123,24,100,123,60000,73800,1,0.9949646,1
train,21,data_21.csv,persistent_leak,21_101_124,24,101,124,60600,74400,1,0.9960943,1
train,21,data_21.csv,persistent_leak,21_102_125,24,102,125,61200,75000,1,0.9969825,1
train,21,data_21.csv,persistent_leak,21_103_126,24,103,126,61800,75600,1,0.99452907,1
train,21,data_21.csv,persistent_leak,21_104_127,24,104,127,62400,76200,1,0.9885437,1
train,21,data_21.csv,persistent_leak,21_105_128,24,105,128,63000,76800,1,0.99133706,1
train,21,data_21.csv,persistent_leak,21_106_129,24,106,129,63600,77400,1,0.9908902,1
train,21,data_21.csv,persistent_leak,21_107_130,24,107,130,64200,78000,1,0.9928606,1
train,21,data_21.csv,persistent_leak,21_108_131,24,108,131,64800,78600,1,0.9950295,1
train,21,data_21.csv,persistent_leak,21_109_132,24,109,132,65400,79200,1,0.99277145,1
train,21,data_21.csv,persistent_leak,21_110_133,24,110,133,66000,79800,1,0.9858564,1
train,21,data_21.csv,persistent_leak,21_111_134,24,111,134,66600,80400,1,0.98817635,1
train,21,data_21.csv,persistent_leak,21_112_135,24,112,135,67200,81000,1,0.9865579,1
train,21,data_21.csv,persistent_leak,21_113_136,24,113,136,67800,81600,1,0.98786795,1
train,21,data_21.csv,persistent_leak,21_114_137,24,114,137,68400,82200,1,0.9886742,1
train,21,data_21.csv,persistent_leak,21_115_138,24,115,138,69000,82800,1,0.98235303,1
train,21,data_21.csv,persistent_leak,21_116_139,24,116,139,69600,83400,1,0.9622931,1
train,21,data_21.csv,persistent_leak,21_117_140,24,117,140,70200,84000,1,0.95910627,1
train,21,data_21.csv,persistent_leak,21_118_141,24,118,141,70800,84600,1,0.9496783,1
train,21,data_21.csv,persistent_leak,21_119_142,24,119,142,71400,85200,1,0.9408031,1
train,21,data_21.csv,persistent_leak,21_120_143,24,120,143,72000,85800,1,0.92831933,1
train,21,data_21.csv,persistent_leak,21_121_144,24,121,144,72600,86400,1,0.89989454,1
train,22,data_22.csv,persistent_leak,22_0_23,24,0,23,0,13800,1,0.40336755,0
train,22,data_22.csv,persistent_leak,22_1_24,24,1,24,600,14400,1,0.5189887,0
train,22,data_22.csv,persistent_leak,22_2_25,24,2,25,1200,15000,1,0.58809406,0
train,22,data_22.csv,persistent_leak,22_3_26,24,3,26,1800,15600,1,0.611358,1
train,22,data_22.csv,persistent_leak,22_4_27,24,4,27,2400,16200,1,0.623402,1
train,22,data_22.csv,persistent_leak,22_5_28,24,5,28,3000,16800,1,0.6269221,1
train,22,data_22.csv,persistent_leak,22_6_29,24,6,29,3600,17400,1,0.626322,1
train,22,data_22.csv,persistent_leak,22_7_30,24,7,30,4200,18000,1,0.6360591,1
train,22,data_22.csv,persistent_leak,22_8_31,24,8,31,4800,18600,1,0.6309175,1
train,22,data_22.csv,persistent_leak,22_9_32,24,9,32,5400,19200,1,0.6303621,1
train,22,data_22.csv,persistent_leak,22_10_33,24,10,33,6000,19800,1,0.62133336,1
train,22,data_22.csv,persistent_leak,22_11_34,24,11,34,6600,20400,1,0.62651676,1
train,22,data_22.csv,persistent_leak,22_12_35,24,12,35,7200,21000,1,0.61681515,1
train,22,data_22.csv,persistent_leak,22_13_36,24,13,36,7800,21600,1,0.61663646,1
train,22,data_22.csv,persistent_leak,22_14_37,24,14,37,8400,22200,1,0.60765547,1
train,22,data_22.csv,persistent_leak,22_15_38,24,15,38,9000,22800,1,0.58278674,0
train,22,data_22.csv,persistent_leak,22_16_39,24,16,39,9600,23400,1,0.55562705,0
train,22,data_22.csv,persistent_leak,22_17_40,24,17,40,10200,24000,1,0.5188603,0
train,22,data_22.csv,persistent_leak,22_18_41,24,18,41,10800,24600,1,0.4407779,0
train,22,data_22.csv,persistent_leak,22_19_42,24,19,42,11400,25200,1,0.52676725,0
train,22,data_22.csv,persistent_leak,22_20_43,24,20,43,12000,25800,1,0.5958326,0
train,22,data_22.csv,persistent_leak,22_21_44,24,21,44,12600,26400,1,0.61191857,1
train,22,data_22.csv,persistent_leak,22_22_45,24,22,45,13200,27000,1,0.6080165,1
train,22,data_22.csv,persistent_leak,22_23_46,24,23,46,13800,27600,1,0.636812,1
train,22,data_22.csv,persistent_leak,22_24_47,24,24,47,14400,28200,1,0.63645774,1
train,22,data_22.csv,persistent_leak,22_25_48,24,25,48,15000,28800,1,0.75041145,1
train,22,data_22.csv,persistent_leak,22_26_49,24,26,49,15600,29400,1,0.8183773,1
train,22,data_22.csv,persistent_leak,22_27_50,24,27,50,16200,30000,1,0.8123037,1
train,22,data_22.csv,persistent_leak,22_28_51,24,28,51,16800,30600,1,0.81440943,1
train,22,data_22.csv,persistent_leak,22_29_52,24,29,52,17400,31200,1,0.8420416,1
train,22,data_22.csv,persistent_leak,22_30_53,24,30,53,18000,31800,1,0.8358029,1
train,22,data_22.csv,persistent_leak,22_31_54,24,31,54,18600,32400,1,0.84382224,1
train,22,data_22.csv,persistent_leak,22_32_55,24,32,55,19200,33000,1,0.84861016,1
train,22,data_22.csv,persistent_leak,22_33_56,24,33,56,19800,33600,1,0.81994003,1
train,22,data_22.csv,persistent_leak,22_34_57,24,34,57,20400,34200,1,0.8014805,1
train,22,data_22.csv,persistent_leak,22_35_58,24,35,58,21000,34800,1,0.7992982,1
train,22,data_22.csv,persistent_leak,22_36_59,24,36,59,21600,35400,1,0.78278625,1
train,22,data_22.csv,persistent_leak,22_37_60,24,37,60,22200,36000,1,0.8610415,1
train,22,data_22.csv,persistent_leak,22_38_61,24,38,61,22800,36600,1,0.9145738,1
train,22,data_22.csv,persistent_leak,22_39_62,24,39,62,23400,37200,1,0.9102537,1
train,22,data_22.csv,persistent_leak,22_40_63,24,40,63,24000,37800,1,0.9153366,1
train,22,data_22.csv,persistent_leak,22_41_64,24,41,64,24600,38400,1,0.926209,1
train,22,data_22.csv,persistent_leak,22_42_65,24,42,65,25200,39000,1,0.93668675,1
train,22,data_22.csv,persistent_leak,22_43_66,24,43,66,25800,39600,1,0.9720961,1
train,22,data_22.csv,persistent_leak,22_44_67,24,44,67,26400,40200,1,0.98734283,1
train,22,data_22.csv,persistent_leak,22_45_68,24,45,68,27000,40800,1,0.9864428,1
train,22,data_22.csv,persistent_leak,22_46_69,24,46,69,27600,41400,1,0.9880383,1
train,22,data_22.csv,persistent_leak,22_47_70,24,47,70,28200,42000,1,0.9897001,1
train,22,data_22.csv,persistent_leak,22_48_71,24,48,71,28800,42600,1,0.9912579,1
train,22,data_22.csv,persistent_leak,22_49_72,24,49,72,29400,43200,1,0.9926363,1
train,22,data_22.csv,persistent_leak,22_50_73,24,50,73,30000,43800,1,0.99390805,1
train,22,data_22.csv,persistent_leak,22_51_74,24,51,74,30600,44400,1,0.99244446,1
train,22,data_22.csv,persistent_leak,22_52_75,24,52,75,31200,45000,1,0.991901,1
train,22,data_22.csv,persistent_leak,22_53_76,24,53,76,31800,45600,1,0.9917052,1
train,22,data_22.csv,persistent_leak,22_54_77,24,54,77,32400,46200,1,0.99009764,1
train,22,data_22.csv,persistent_leak,22_55_78,24,55,78,33000,46800,1,0.98610675,1
train,22,data_22.csv,persistent_leak,22_56_79,24,56,79,33600,47400,1,0.9803139,1
train,22,data_22.csv,persistent_leak,22_57_80,24,57,80,34200,48000,1,0.9802084,1
train,22,data_22.csv,persistent_leak,22_58_81,24,58,81,34800,48600,1,0.97958654,1
train,22,data_22.csv,persistent_leak,22_59_82,24,59,82,35400,49200,1,0.98201466,1
train,22,data_22.csv,persistent_leak,22_60_83,24,60,83,36000,49800,1,0.9845829,1
train,22,data_22.csv,persistent_leak,22_61_84,24,61,84,36600,50400,1,0.97264063,1
train,22,data_22.csv,persistent_leak,22_62_85,24,62,85,37200,51000,1,0.949519,1
train,22,data_22.csv,persistent_leak,22_63_86,24,63,86,37800,51600,1,0.9590863,1
train,22,data_22.csv,persistent_leak,22_64_87,24,64,87,38400,52200,1,0.9632258,1
train,22,data_22.csv,persistent_leak,22_65_88,24,65,88,39000,52800,1,0.9752323,1
train,22,data_22.csv,persistent_leak,22_66_89,24,66,89,39600,53400,1,0.9852799,1
train,22,data_22.csv,persistent_leak,22_67_90,24,67,90,40200,54000,1,0.98365086,1
train,22,data_22.csv,persistent_leak,22_68_91,24,68,91,40800,54600,1,0.9795368,1
train,22,data_22.csv,persistent_leak,22_69_92,24,69,92,41400,55200,1,0.98372227,1
train,22,data_22.csv,persistent_leak,22_70_93,24,70,93,42000,55800,1,0.9838792,1
train,22,data_22.csv,persistent_leak,22_71_94,24,71,94,42600,56400,1,0.9870896,1
train,22,data_22.csv,persistent_leak,22_72_95,24,72,95,43200,57000,1,0.9892793,1
train,22,data_22.csv,persistent_leak,22_73_96,24,73,96,43800,57600,1,0.9883825,1
train,22,data_22.csv,persistent_leak,22_74_97,24,74,97,44400,58200,1,0.98704356,1
train,22,data_22.csv,persistent_leak,22_75_98,24,75,98,45000,58800,1,0.9848455,1
train,22,data_22.csv,persistent_leak,22_76_99,24,76,99,45600,59400,1,0.98358464,1
train,22,data_22.csv,persistent_leak,22_77_100,24,77,100,46200,60000,1,0.9788327,1
train,22,data_22.csv,persistent_leak,22_78_101,24,78,101,46800,60600,1,0.9722917,1
train,22,data_22.csv,persistent_leak,22_79_102,24,79,102,47400,61200,1,0.9687442,1
train,22,data_22.csv,persistent_leak,22_80_103,24,80,103,48000,61800,1,0.9677182,1
train,22,data_22.csv,persistent_leak,22_81_104,24,81,104,48600,62400,1,0.95833063,1
train,22,data_22.csv,persistent_leak,22_82_105,24,82,105,49200,63000,1,0.96063644,1
train,22,data_22.csv,persistent_leak,22_83_106,24,83,106,49800,63600,1,0.9497658,1
train,22,data_22.csv,persistent_leak,22_84_107,24,84,107,50400,64200,1,0.92259496,1
train,22,data_22.csv,persistent_leak,22_85_108,24,85,108,51000,64800,1,0.95785165,1
train,22,data_22.csv,persistent_leak,22_86_109,24,86,109,51600,65400,1,0.97421503,1
train,22,data_22.csv,persistent_leak,22_87_110,24,87,110,52200,66000,1,0.9712668,1
train,22,data_22.csv,persistent_leak,22_88_111,24,88,111,52800,66600,1,0.9709425,1
train,22,data_22.csv,persistent_leak,22_89_112,24,89,112,53400,67200,1,0.9660334,1
train,22,data_22.csv,persistent_leak,22_90_113,24,90,113,54000,67800,1,0.95752275,1
train,22,data_22.csv,persistent_leak,22_91_114,24,91,114,54600,68400,1,0.94570416,1
train,22,data_22.csv,persistent_leak,22_92_115,24,92,115,55200,69000,1,0.93315405,1
train,22,data_22.csv,persistent_leak,22_93_116,24,93,116,55800,69600,1,0.9213485,1
train,22,data_22.csv,persistent_leak,22_94_117,24,94,117,56400,70200,1,0.9203857,1
train,22,data_22.csv,persistent_leak,22_95_118,24,95,118,57000,70800,1,0.9251911,1
train,22,data_22.csv,persistent_leak,22_96_119,24,96,119,57600,71400,1,0.927519,1
train,22,data_22.csv,persistent_leak,22_97_120,24,97,120,58200,72000,1,0.90849286,1
train,22,data_22.csv,persistent_leak,22_98_121,24,98,121,58800,72600,1,0.87065494,1
train,22,data_22.csv,persistent_leak,22_99_122,24,99,122,59400,73200,1,0.8771017,1
train,22,data_22.csv,persistent_leak,22_100_123,24,100,123,60000,73800,1,0.8727122,1
train,22,data_22.csv,persistent_leak,22_101_124,24,101,124,60600,74400,1,0.8844325,1
train,22,data_22.csv,persistent_leak,22_102_125,24,102,125,61200,75000,1,0.90193015,1
train,22,data_22.csv,persistent_leak,22_103_126,24,103,126,61800,75600,1,0.9216279,1
train,22,data_22.csv,persistent_leak,22_104_127,24,104,127,62400,76200,1,0.9417112,1
train,22,data_22.csv,persistent_leak,22_105_128,24,105,128,63000,76800,1,0.9531382,1
train,22,data_22.csv,persistent_leak,22_106_129,24,106,129,63600,77400,1,0.95982075,1
train,22,data_22.csv,persistent_leak,22_107_130,24,107,130,64200,78000,1,0.97147244,1
train,22,data_22.csv,persistent_leak,22_108_131,24,108,131,64800,78600,1,0.9793647,1
train,22,data_22.csv,persistent_leak,22_109_132,24,109,132,65400,79200,1,0.96518856,1
train,22,data_22.csv,persistent_leak,22_110_133,24,110,133,66000,79800,1,0.93890667,1
train,22,data_22.csv,persistent_leak,22_111_134,24,111,134,66600,80400,1,0.93275684,1
train,22,data_22.csv,persistent_leak,22_112_135,24,112,135,67200,81000,1,0.92941624,1
train,22,data_22.csv,persistent_leak,22_113_136,24,113,136,67800,81600,1,0.91678286,1
train,22,data_22.csv,persistent_leak,22_114_137,24,114,137,68400,82200,1,0.9012421,1
train,22,data_22.csv,persistent_leak,22_115_138,24,115,138,69000,82800,1,0.8558501,1
train,22,data_22.csv,persistent_leak,22_116_139,24,116,139,69600,83400,1,0.7644904,1
train,22,data_22.csv,persistent_leak,22_117_140,24,117,140,70200,84000,1,0.76442176,1
train,22,data_22.csv,persistent_leak,22_118_141,24,118,141,70800,84600,1,0.7338625,1
train,22,data_22.csv,persistent_leak,22_119_142,24,119,142,71400,85200,1,0.71166897,1
train,22,data_22.csv,persistent_leak,22_120_143,24,120,143,72000,85800,1,0.69591093,1
train,22,data_22.csv,persistent_leak,22_121_144,24,121,144,72600,86400,1,0.70025027,1
train,23,data_23.csv,persistent_leak,23_0_23,24,0,23,0,13800,1,0.4306975,0
train,23,data_23.csv,persistent_leak,23_1_24,24,1,24,600,14400,1,0.45294428,0
train,23,data_23.csv,persistent_leak,23_2_25,24,2,25,1200,15000,1,0.4768164,0
train,23,data_23.csv,persistent_leak,23_3_26,24,3,26,1800,15600,1,0.4915854,0
train,23,data_23.csv,persistent_leak,23_4_27,24,4,27,2400,16200,1,0.49896953,0
train,23,data_23.csv,persistent_leak,23_5_28,24,5,28,3000,16800,1,0.5025665,0
train,23,data_23.csv,persistent_leak,23_6_29,24,6,29,3600,17400,1,0.49669367,0
train,23,data_23.csv,persistent_leak,23_7_30,24,7,30,4200,18000,1,0.5147195,0
train,23,data_23.csv,persistent_leak,23_8_31,24,8,31,4800,18600,1,0.53461254,0
train,23,data_23.csv,persistent_leak,23_9_32,24,9,32,5400,19200,1,0.5394958,0
train,23,data_23.csv,persistent_leak,23_10_33,24,10,33,6000,19800,1,0.54084754,0
train,23,data_23.csv,persistent_leak,23_11_34,24,11,34,6600,20400,1,0.5397347,0
train,23,data_23.csv,persistent_leak,23_12_35,24,12,35,7200,21000,1,0.529923,0
train,23,data_23.csv,persistent_leak,23_13_36,24,13,36,7800,21600,1,0.535188,0
train,23,data_23.csv,persistent_leak,23_14_37,24,14,37,8400,22200,1,0.5413986,0
train,23,data_23.csv,persistent_leak,23_15_38,24,15,38,9000,22800,1,0.53978175,0
train,23,data_23.csv,persistent_leak,23_16_39,24,16,39,9600,23400,1,0.5366953,0
train,23,data_23.csv,persistent_leak,23_17_40,24,17,40,10200,24000,1,0.5314916,0
train,23,data_23.csv,persistent_leak,23_18_41,24,18,41,10800,24600,1,0.51557136,0
train,23,data_23.csv,persistent_leak,23_19_42,24,19,42,11400,25200,1,0.5164288,0
train,23,data_23.csv,persistent_leak,23_20_43,24,20,43,12000,25800,1,0.51747173,0
train,23,data_23.csv,persistent_leak,23_21_44,24,21,44,12600,26400,1,0.5096367,0
train,23,data_23.csv,persistent_leak,23_22_45,24,22,45,13200,27000,1,0.50345963,0
train,23,data_23.csv,persistent_leak,23_23_46,24,23,46,13800,27600,1,0.4955888,0
train,23,data_23.csv,persistent_leak,23_24_47,24,24,47,14400,28200,1,0.47278473,0
train,23,data_23.csv,persistent_leak,23_25_48,24,25,48,15000,28800,1,0.48394603,0
train,23,data_23.csv,persistent_leak,23_26_49,24,26,49,15600,29400,1,0.49369752,0
train,23,data_23.csv,persistent_leak,23_27_50,24,27,50,16200,30000,1,0.48549536,0
train,23,data_23.csv,persistent_leak,23_28_51,24,28,51,16800,30600,1,0.4799034,0
train,23,data_23.csv,persistent_leak,23_29_52,24,29,52,17400,31200,1,0.47536752,0
train,23,data_23.csv,persistent_leak,23_30_53,24,30,53,18000,31800,1,0.45181018,0
train,23,data_23.csv,persistent_leak,23_31_54,24,31,54,18600,32400,1,0.5516501,0
train,23,data_23.csv,persistent_leak,23_32_55,24,32,55,19200,33000,1,0.644598,1
train,23,data_23.csv,persistent_leak,23_33_56,24,33,56,19800,33600,1,0.67308563,1
train,23,data_23.csv,persistent_leak,23_34_57,24,34,57,20400,34200,1,0.6865001,1
train,23,data_23.csv,persistent_leak,23_35_58,24,35,58,21000,34800,1,0.7184327,1
train,23,data_23.csv,persistent_leak,23_36_59,24,36,59,21600,35400,1,0.7364665,1
train,23,data_23.csv,persistent_leak,23_37_60,24,37,60,22200,36000,1,0.88979995,1
train,23,data_23.csv,persistent_leak,23_38_61,24,38,61,22800,36600,1,0.93744755,1
train,23,data_23.csv,persistent_leak,23_39_62,24,39,62,23400,37200,1,0.9432444,1
train,23,data_23.csv,persistent_leak,23_40_63,24,40,63,24000,37800,1,0.9474476,1
train,23,data_23.csv,persistent_leak,23_41_64,24,41,64,24600,38400,1,0.96216947,1
train,23,data_23.csv,persistent_leak,23_42_65,24,42,65,25200,39000,1,0.9654386,1
train,23,data_23.csv,persistent_leak,23_43_66,24,43,66,25800,39600,1,0.98242146,1
train,23,data_23.csv,persistent_leak,23_44_67,24,44,67,26400,40200,1,0.98882246,1
train,23,data_23.csv,persistent_leak,23_45_68,24,45,68,27000,40800,1,0.98836166,1
train,23,data_23.csv,persistent_leak,23_46_69,24,46,69,27600,41400,1,0.9871492,1
train,23,data_23.csv,persistent_leak,23_47_70,24,47,70,28200,42000,1,0.98918545,1
train,23,data_23.csv,persistent_leak,23_48_71,24,48,71,28800,42600,1,0.9858374,1
train,23,data_23.csv,persistent_leak,23_49_72,24,49,72,29400,43200,1,0.98646915,1
train,23,data_23.csv,persistent_leak,23_50_73,24,50,73,30000,43800,1,0.98995495,1
train,23,data_23.csv,persistent_leak,23_51_74,24,51,74,30600,44400,1,0.98654443,1
train,23,data_23.csv,persistent_leak,23_52_75,24,52,75,31200,45000,1,0.9848646,1
train,23,data_23.csv,persistent_leak,23_53_76,24,53,76,31800,45600,1,0.98617977,1
train,23,data_23.csv,persistent_leak,23_54_77,24,54,77,32400,46200,1,0.98652565,1
train,23,data_23.csv,persistent_leak,23_55_78,24,55,78,33000,46800,1,0.98923594,1
train,23,data_23.csv,persistent_leak,23_56_79,24,56,79,33600,47400,1,0.9911459,1
train,23,data_23.csv,persistent_leak,23_57_80,24,57,80,34200,48000,1,0.990493,1
train,23,data_23.csv,persistent_leak,23_58_81,24,58,81,34800,48600,1,0.99193656,1
train,23,data_23.csv,persistent_leak,23_59_82,24,59,82,35400,49200,1,0.9943257,1
train,23,data_23.csv,persistent_leak,23_60_83,24,60,83,36000,49800,1,0.9964091,1
train,23,data_23.csv,persistent_leak,23_61_84,24,61,84,36600,50400,1,0.99658537,1
train,23,data_23.csv,persistent_leak,23_62_85,24,62,85,37200,51000,1,0.99683195,1
train,23,data_23.csv,persistent_leak,23_63_86,24,63,86,37800,51600,1,0.9970319,1
train,23,data_23.csv,persistent_leak,23_64_87,24,64,87,38400,52200,1,0.9973557,1
train,23,data_23.csv,persistent_leak,23_65_88,24,65,88,39000,52800,1,0.9979984,1
train,23,data_23.csv,persistent_leak,23_66_89,24,66,89,39600,53400,1,0.9985624,1
train,23,data_23.csv,persistent_leak,23_67_90,24,67,90,40200,54000,1,0.9987086,1
train,23,data_23.csv,persistent_leak,23_68_91,24,68,91,40800,54600,1,0.9988403,1
train,23,data_23.csv,persistent_leak,23_69_92,24,69,92,41400,55200,1,0.99886703,1
train,23,data_23.csv,persistent_leak,23_70_93,24,70,93,42000,55800,1,0.9989182,1
train,23,data_23.csv,persistent_leak,23_71_94,24,71,94,42600,56400,1,0.9989843,1
train,23,data_23.csv,persistent_leak,23_72_95,24,72,95,43200,57000,1,0.999062,1
train,23,data_23.csv,persistent_leak,23_73_96,24,73,96,43800,57600,1,0.999206,1
train,23,data_23.csv,persistent_leak,23_74_97,24,74,97,44400,58200,1,0.9993248,1
train,23,data_23.csv,persistent_leak,23_75_98,24,75,98,45000,58800,1,0.999311,1
train,23,data_23.csv,persistent_leak,23_76_99,24,76,99,45600,59400,1,0.99932814,1
train,23,data_23.csv,persistent_leak,23_77_100,24,77,100,46200,60000,1,0.9993211,1
train,23,data_23.csv,persistent_leak,23_78_101,24,78,101,46800,60600,1,0.9993166,1
train,23,data_23.csv,persistent_leak,23_79_102,24,79,102,47400,61200,1,0.99941826,1
train,23,data_23.csv,persistent_leak,23_80_103,24,80,103,48000,61800,1,0.9995059,1
train,23,data_23.csv,persistent_leak,23_81_104,24,81,104,48600,62400,1,0.9994867,1
train,23,data_23.csv,persistent_leak,23_82_105,24,82,105,49200,63000,1,0.9994874,1
train,23,data_23.csv,persistent_leak,23_83_106,24,83,106,49800,63600,1,0.9994721,1
train,23,data_23.csv,persistent_leak,23_84_107,24,84,107,50400,64200,1,0.9994536,1
train,23,data_23.csv,persistent_leak,23_85_108,24,85,108,51000,64800,1,0.99945384,1
train,23,data_23.csv,persistent_leak,23_86_109,24,86,109,51600,65400,1,0.99944776,1
train,23,data_23.csv,persistent_leak,23_87_110,24,87,110,52200,66000,1,0.9994381,1
train,23,data_23.csv,persistent_leak,23_88_111,24,88,111,52800,66600,1,0.9994392,1
train,23,data_23.csv,persistent_leak,23_89_112,24,89,112,53400,67200,1,0.9994529,1
train,23,data_23.csv,persistent_leak,23_90_113,24,90,113,54000,67800,1,0.9994646,1
train,23,data_23.csv,persistent_leak,23_91_114,24,91,114,54600,68400,1,0.99866486,1
train,23,data_23.csv,persistent_leak,23_92_115,24,92,115,55200,69000,1,0.99685365,1
train,23,data_23.csv,persistent_leak,23_93_116,24,93,116,55800,69600,1,0.9968675,1
train,23,data_23.csv,persistent_leak,23_94_117,24,94,117,56400,70200,1,0.9964581,1
train,23,data_23.csv,persistent_leak,23_95_118,24,95,118,57000,70800,1,0.99687153,1
train,23,data_23.csv,persistent_leak,23_96_119,24,96,119,57600,71400,1,0.9972978,1
train,23,data_23.csv,persistent_leak,23_97_120,24,97,120,58200,72000,1,0.9953387,1
train,23,data_23.csv,persistent_leak,23_98_121,24,98,121,58800,72600,1,0.98985684,1
train,23,data_23.csv,persistent_leak,23_99_122,24,99,122,59400,73200,1,0.9930052,1
train,23,data_23.csv,persistent_leak,23_100_123,24,100,123,60000,73800,1,0.99250984,1
train,23,data_23.csv,persistent_leak,23_101_124,24,101,124,60600,74400,1,0.994682,1
train,23,data_23.csv,persistent_leak,23_102_125,24,102,125,61200,75000,1,0.9965732,1
train,23,data_23.csv,persistent_leak,23_103_126,24,103,126,61800,75600,1,0.995817,1
train,23,data_23.csv,persistent_leak,23_104_127,24,104,127,62400,76200,1,0.99372584,1
train,23,data_23.csv,persistent_leak,23_105_128,24,105,128,63000,76800,1,0.99494004,1
train,23,data_23.csv,persistent_leak,23_106_129,24,106,129,63600,77400,1,0.9946253,1
train,23,data_23.csv,persistent_leak,23_107_130,24,107,130,64200,78000,1,0.9953922,1
train,23,data_23.csv,persistent_leak,23_108_131,24,108,131,64800,78600,1,0.9957747,1
train,23,data_23.csv,persistent_leak,23_109_132,24,109,132,65400,79200,1,0.9927834,1
train,23,data_23.csv,persistent_leak,23_110_133,24,110,133,66000,79800,1,0.9863007,1
train,23,data_23.csv,persistent_leak,23_111_134,24,111,134,66600,80400,1,0.9796459,1
train,23,data_23.csv,persistent_leak,23_112_135,24,112,135,67200,81000,1,0.97597957,1
train,23,data_23.csv,persistent_leak,23_113_136,24,113,136,67800,81600,1,0.9629585,1
train,23,data_23.csv,persistent_leak,23_114_137,24,114,137,68400,82200,1,0.9450957,1
train,23,data_23.csv,persistent_leak,23_115_138,24,115,138,69000,82800,1,0.91850036,1
train,23,data_23.csv,persistent_leak,23_116_139,24,116,139,69600,83400,1,0.88080305,1
train,23,data_23.csv,persistent_leak,23_117_140,24,117,140,70200,84000,1,0.83818436,1
train,23,data_23.csv,persistent_leak,23_118_141,24,118,141,70800,84600,1,0.79271513,1
train,23,data_23.csv,persistent_leak,23_119_142,24,119,142,71400,85200,1,0.704732,1
train,23,data_23.csv,persistent_leak,23_120_143,24,120,143,72000,85800,1,0.56610656,0
train,23,data_23.csv,persistent_leak,23_121_144,24,121,144,72600,86400,1,0.5053818,0
train,24,data_24.csv,persistent_leak,24_0_23,24,0,23,0,13800,1,0.5363203,0
train,24,data_24.csv,persistent_leak,24_1_24,24,1,24,600,14400,1,0.6123562,1
train,24,data_24.csv,persistent_leak,24_2_25,24,2,25,1200,15000,1,0.645,1
train,24,data_24.csv,persistent_leak,24_3_26,24,3,26,1800,15600,1,0.6473593,1
train,24,data_24.csv,persistent_leak,24_4_27,24,4,27,2400,16200,1,0.63965493,1
train,24,data_24.csv,persistent_leak,24_5_28,24,5,28,3000,16800,1,0.62963146,1
train,24,data_24.csv,persistent_leak,24_6_29,24,6,29,3600,17400,1,0.59931374,0
train,24,data_24.csv,persistent_leak,24_7_30,24,7,30,4200,18000,1,0.6324461,1
train,24,data_24.csv,persistent_leak,24_8_31,24,8,31,4800,18600,1,0.62448555,1
train,24,data_24.csv,persistent_leak,24_9_32,24,9,32,5400,19200,1,0.6263094,1
train,24,data_24.csv,persistent_leak,24_10_33,24,10,33,6000,19800,1,0.6124739,1
train,24,data_24.csv,persistent_leak,24_11_34,24,11,34,6600,20400,1,0.62065315,1
train,24,data_24.csv,persistent_leak,24_12_35,24,12,35,7200,21000,1,0.6036744,1
train,24,data_24.csv,persistent_leak,24_13_36,24,13,36,7800,21600,1,0.6139637,1
train,24,data_24.csv,persistent_leak,24_14_37,24,14,37,8400,22200,1,0.61054707,1
train,24,data_24.csv,persistent_leak,24_15_38,24,15,38,9000,22800,1,0.5812834,0
train,24,data_24.csv,persistent_leak,24_16_39,24,16,39,9600,23400,1,0.54951453,0
train,24,data_24.csv,persistent_leak,24_17_40,24,17,40,10200,24000,1,0.5227449,0
train,24,data_24.csv,persistent_leak,24_18_41,24,18,41,10800,24600,1,0.46080497,0
train,24,data_24.csv,persistent_leak,24_19_42,24,19,42,11400,25200,1,0.5639036,0
train,24,data_24.csv,persistent_leak,24_20_43,24,20,43,12000,25800,1,0.63282317,1
train,24,data_24.csv,persistent_leak,24_21_44,24,21,44,12600,26400,1,0.6404364,1
train,24,data_24.csv,persistent_leak,24_22_45,24,22,45,13200,27000,1,0.6399646,1
train,24,data_24.csv,persistent_leak,24_23_46,24,23,46,13800,27600,1,0.67367274,1
train,24,data_24.csv,persistent_leak,24_24_47,24,24,47,14400,28200,1,0.6679795,1
train,24,data_24.csv,persistent_leak,24_25_48,24,25,48,15000,28800,1,0.8012641,1
train,24,data_24.csv,persistent_leak,24_26_49,24,26,49,15600,29400,1,0.8676679,1
train,24,data_24.csv,persistent_leak,24_27_50,24,27,50,16200,30000,1,0.8653566,1
train,24,data_24.csv,persistent_leak,24_28_51,24,28,51,16800,30600,1,0.8675788,1
train,24,data_24.csv,persistent_leak,24_29_52,24,29,52,17400,31200,1,0.88746005,1
train,24,data_24.csv,persistent_leak,24_30_53,24,30,53,18000,31800,1,0.88626087,1
train,24,data_24.csv,persistent_leak,24_31_54,24,31,54,18600,32400,1,0.899986,1
train,24,data_24.csv,persistent_leak,24_32_55,24,32,55,19200,33000,1,0.90975976,1
train,24,data_24.csv,persistent_leak,24_33_56,24,33,56,19800,33600,1,0.89217675,1
train,24,data_24.csv,persistent_leak,24_34_57,24,34,57,20400,34200,1,0.8820727,1
train,24,data_24.csv,persistent_leak,24_35_58,24,35,58,21000,34800,1,0.8830649,1
train,24,data_24.csv,persistent_leak,24_36_59,24,36,59,21600,35400,1,0.8740206,1
train,24,data_24.csv,persistent_leak,24_37_60,24,37,60,22200,36000,1,0.9132487,1
train,24,data_24.csv,persistent_leak,24_38_61,24,38,61,22800,36600,1,0.9416938,1
train,24,data_24.csv,persistent_leak,24_39_62,24,39,62,23400,37200,1,0.9365182,1
train,24,data_24.csv,persistent_leak,24_40_63,24,40,63,24000,37800,1,0.9386565,1
train,24,data_24.csv,persistent_leak,24_41_64,24,41,64,24600,38400,1,0.9454097,1
train,24,data_24.csv,persistent_leak,24_42_65,24,42,65,25200,39000,1,0.9515378,1
train,24,data_24.csv,persistent_leak,24_43_66,24,43,66,25800,39600,1,0.97997975,1
train,24,data_24.csv,persistent_leak,24_44_67,24,44,67,26400,40200,1,0.9914424,1
train,24,data_24.csv,persistent_leak,24_45_68,24,45,68,27000,40800,1,0.9910925,1
train,24,data_24.csv,persistent_leak,24_46_69,24,46,69,27600,41400,1,0.99222565,1
train,24,data_24.csv,persistent_leak,24_47_70,24,47,70,28200,42000,1,0.99350774,1
train,24,data_24.csv,persistent_leak,24_48_71,24,48,71,28800,42600,1,0.9947966,1
train,24,data_24.csv,persistent_leak,24_49_72,24,49,72,29400,43200,1,0.99706143,1
train,24,data_24.csv,persistent_leak,24_50_73,24,50,73,30000,43800,1,0.99831593,1
train,24,data_24.csv,persistent_leak,24_51_74,24,51,74,30600,44400,1,0.9980876,1
train,24,data_24.csv,persistent_leak,24_52_75,24,52,75,31200,45000,1,0.99815816,1
train,24,data_24.csv,persistent_leak,24_53_76,24,53,76,31800,45600,1,0.99825317,1
train,24,data_24.csv,persistent_leak,24_54_77,24,54,77,32400,46200,1,0.998207,1
train,24,data_24.csv,persistent_leak,24_55_78,24,55,78,33000,46800,1,0.99846625,1
train,24,data_24.csv,persistent_leak,24_56_79,24,56,79,33600,47400,1,0.9986345,1
train,24,data_24.csv,persistent_leak,24_57_80,24,57,80,34200,48000,1,0.9983695,1
train,24,data_24.csv,persistent_leak,24_58_81,24,58,81,34800,48600,1,0.9982496,1
train,24,data_24.csv,persistent_leak,24_59_82,24,59,82,35400,49200,1,0.99828404,1
train,24,data_24.csv,persistent_leak,24_60_83,24,60,83,36000,49800,1,0.99826497,1
train,24,data_24.csv,persistent_leak,24_61_84,24,61,84,36600,50400,1,0.99781644,1
train,24,data_24.csv,persistent_leak,24_62_85,24,62,85,37200,51000,1,0.9971854,1
train,24,data_24.csv,persistent_leak,24_63_86,24,63,86,37800,51600,1,0.99731714,1
train,24,data_24.csv,persistent_leak,24_64_87,24,64,87,38400,52200,1,0.9974126,1
train,24,data_24.csv,persistent_leak,24_65_88,24,65,88,39000,52800,1,0.9980102,1
train,24,data_24.csv,persistent_leak,24_66_89,24,66,89,39600,53400,1,0.99854577,1
train,24,data_24.csv,persistent_leak,24_67_90,24,67,90,40200,54000,1,0.99797195,1
train,24,data_24.csv,persistent_leak,24_68_91,24,68,91,40800,54600,1,0.9971836,1
train,24,data_24.csv,persistent_leak,24_69_92,24,69,92,41400,55200,1,0.99748236,1
train,24,data_24.csv,persistent_leak,24_70_93,24,70,93,42000,55800,1,0.9977635,1
train,24,data_24.csv,persistent_leak,24_71_94,24,71,94,42600,56400,1,0.9984036,1
train,24,data_24.csv,persistent_leak,24_72_95,24,72,95,43200,57000,1,0.9988844,1
train,24,data_24.csv,persistent_leak,24_73_96,24,73,96,43800,57600,1,0.99857366,1
train,24,data_24.csv,persistent_leak,24_74_97,24,74,97,44400,58200,1,0.99816966,1
train,24,data_24.csv,persistent_leak,24_75_98,24,75,98,45000,58800,1,0.99841917,1
train,24,data_24.csv,persistent_leak,24_76_99,24,76,99,45600,59400,1,0.9984641,1
train,24,data_24.csv,persistent_leak,24_77_100,24,77,100,46200,60000,1,0.99855906,1
train,24,data_24.csv,persistent_leak,24_78_101,24,78,101,46800,60600,1,0.9986469,1
train,24,data_24.csv,persistent_leak,24_79_102,24,79,102,47400,61200,1,0.9979849,1
train,24,data_24.csv,persistent_leak,24_80_103,24,80,103,48000,61800,1,0.9969023,1
train,24,data_24.csv,persistent_leak,24_81_104,24,81,104,48600,62400,1,0.9968837,1
train,24,data_24.csv,persistent_leak,24_82_105,24,82,105,49200,63000,1,0.99655557,1
train,24,data_24.csv,persistent_leak,24_83_106,24,83,106,49800,63600,1,0.99584657,1
train,24,data_24.csv,persistent_leak,24_84_107,24,84,107,50400,64200,1,0.99500567,1
train,24,data_24.csv,persistent_leak,24_85_108,24,85,108,51000,64800,1,0.9942508,1
train,24,data_24.csv,persistent_leak,24_86_109,24,86,109,51600,65400,1,0.9932191,1
train,24,data_24.csv,persistent_leak,24_87_110,24,87,110,52200,66000,1,0.99319834,1
train,24,data_24.csv,persistent_leak,24_88_111,24,88,111,52800,66600,1,0.9925056,1
train,24,data_24.csv,persistent_leak,24_89_112,24,89,112,53400,67200,1,0.99105144,1
train,24,data_24.csv,persistent_leak,24_90_113,24,90,113,54000,67800,1,0.98949033,1
train,24,data_24.csv,persistent_leak,24_91_114,24,91,114,54600,68400,1,0.9867498,1
train,24,data_24.csv,persistent_leak,24_92_115,24,92,115,55200,69000,1,0.9832887,1
train,24,data_24.csv,persistent_leak,24_93_116,24,93,116,55800,69600,1,0.9830199,1
train,24,data_24.csv,persistent_leak,24_94_117,24,94,117,56400,70200,1,0.9821993,1
train,24,data_24.csv,persistent_leak,24_95_118,24,95,118,57000,70800,1,0.98029137,1
train,24,data_24.csv,persistent_leak,24_96_119,24,96,119,57600,71400,1,0.9780774,1
train,24,data_24.csv,persistent_leak,24_97_120,24,97,120,58200,72000,1,0.97131133,1
train,24,data_24.csv,persistent_leak,24_98_121,24,98,121,58800,72600,1,0.96080977,1
train,24,data_24.csv,persistent_leak,24_99_122,24,99,122,59400,73200,1,0.96094835,1
train,24,data_24.csv,persistent_leak,24_100_123,24,100,123,60000,73800,1,0.95759165,1
train,24,data_24.csv,persistent_leak,24_101_124,24,101,124,60600,74400,1,0.9518248,1
train,24,data_24.csv,persistent_leak,24_102_125,24,102,125,61200,75000,1,0.94570214,1
train,24,data_24.csv,persistent_leak,24_103_126,24,103,126,61800,75600,1,0.9443407,1
train,24,data_24.csv,persistent_leak,24_104_127,24,104,127,62400,76200,1,0.9424282,1
train,24,data_24.csv,persistent_leak,24_105_128,24,105,128,63000,76800,1,0.9467489,1
train,24,data_24.csv,persistent_leak,24_106_129,24,106,129,63600,77400,1,0.94696534,1
train,24,data_24.csv,persistent_leak,24_107_130,24,107,130,64200,78000,1,0.94824547,1
train,24,data_24.csv,persistent_leak,24_108_131,24,108,131,64800,78600,1,0.9499348,1
train,24,data_24.csv,persistent_leak,24_109_132,24,109,132,65400,79200,1,0.91939026,1
train,24,data_24.csv,persistent_leak,24_110_133,24,110,133,66000,79800,1,0.87185085,1
train,24,data_24.csv,persistent_leak,24_111_134,24,111,134,66600,80400,1,0.87133205,1
train,24,data_24.csv,persistent_leak,24_112_135,24,112,135,67200,81000,1,0.8660028,1
train,24,data_24.csv,persistent_leak,24_113_136,24,113,136,67800,81600,1,0.86045736,1
train,24,data_24.csv,persistent_leak,24_114_137,24,114,137,68400,82200,1,0.86149937,1
train,24,data_24.csv,persistent_leak,24_115_138,24,115,138,69000,82800,1,0.8183638,1
train,24,data_24.csv,persistent_leak,24_116_139,24,116,139,69600,83400,1,0.71650857,1
train,24,data_24.csv,persistent_leak,24_117_140,24,117,140,70200,84000,1,0.73269325,1
train,24,data_24.csv,persistent_leak,24_118_141,24,118,141,70800,84600,1,0.7086751,1
train,24,data_24.csv,persistent_leak,24_119_142,24,119,142,71400,85200,1,0.71422315,1
train,24,data_24.csv,persistent_leak,24_120_143,24,120,143,72000,85800,1,0.7250983,1
train,24,data_24.csv,persistent_leak,24_121_144,24,121,144,72600,86400,1,0.70756644,1
train,26,data_26.csv,onset_leak,26_0_23,24,0,23,0,13800,0,1.5963766e-09,0
train,26,data_26.csv,onset_leak,26_1_24,24,1,24,600,14400,0,4.5639204e-09,0
train,26,data_26.csv,onset_leak,26_2_25,24,2,25,1200,15000,0,1.0219797e-08,0
train,26,data_26.csv,onset_leak,26_3_26,24,3,26,1800,15600,0,2.1043265e-08,0
train,26,data_26.csv,onset_leak,26_4_27,24,4,27,2400,16200,0,2.5424642e-08,0
train,26,data_26.csv,onset_leak,26_5_28,24,5,28,3000,16800,0,3.586858e-08,0
train,26,data_26.csv,onset_leak,26_6_29,24,6,29,3600,17400,0,4.1297167e-08,0
train,26,data_26.csv,onset_leak,26_7_30,24,7,30,4200,18000,0,1.3189708e-07,0
train,26,data_26.csv,onset_leak,26_8_31,24,8,31,4800,18600,0,2.6335587e-07,0
train,26,data_26.csv,onset_leak,26_9_32,24,9,32,5400,19200,0,5.952585e-07,0
train,26,data_26.csv,onset_leak,26_10_33,24,10,33,6000,19800,0,5.6065085e-07,0
train,26,data_26.csv,onset_leak,26_11_34,24,11,34,6600,20400,0,8.5184723e-07,0
train,26,data_26.csv,onset_leak,26_12_35,24,12,35,7200,21000,0,9.187547e-07,0
train,26,data_26.csv,onset_leak,26_13_36,24,13,36,7800,21600,0,2.160137e-06,0
train,26,data_26.csv,onset_leak,26_14_37,24,14,37,8400,22200,0,2.5902086e-06,0
train,26,data_26.csv,onset_leak,26_15_38,24,15,38,9000,22800,0,5.0291505e-06,0
train,26,data_26.csv,onset_leak,26_16_39,24,16,39,9600,23400,0,5.505516e-06,0
train,26,data_26.csv,onset_leak,26_17_40,24,17,40,10200,24000,0,8.924644e-06,0
train,26,data_26.csv,onset_leak,26_18_41,24,18,41,10800,24600,0,1.0630278e-05,0
train,26,data_26.csv,onset_leak,26_19_42,24,19,42,11400,25200,0,2.1907103e-05,0
train,26,data_26.csv,onset_leak,26_20_43,24,20,43,12000,25800,0,2.8493232e-05,0
train,26,data_26.csv,onset_leak,26_21_44,24,21,44,12600,26400,0,6.323504e-05,0
train,26,data_26.csv,onset_leak,26_22_45,24,22,45,13200,27000,0,0.00014223384,0
train,26,data_26.csv,onset_leak,26_23_46,24,23,46,13800,27600,0,0.0003393781,0
train,26,data_26.csv,onset_leak,26_24_47,24,24,47,14400,28200,0,0.0007216505,0
train,26,data_26.csv,onset_leak,26_25_48,24,25,48,15000,28800,0,0.0012719538,0
train,26,data_26.csv,onset_leak,26_26_49,24,26,49,15600,29400,0,0.0022490912,0
train,26,data_26.csv,onset_leak,26_27_50,24,27,50,16200,30000,0,0.0057129697,0
train,26,data_26.csv,onset_leak,26_28_51,24,28,51,16800,30600,0,0.015180192,0
train,26,data_26.csv,onset_leak,26_29_52,24,29,52,17400,31200,0,0.04207304,0
train,26,data_26.csv,onset_leak,26_30_53,24,30,53,18000,31800,0,0.100266345,0
train,26,data_26.csv,onset_leak,26_31_54,24,31,54,18600,32400,0,0.028228404,0
train,26,data_26.csv,onset_leak,26_32_55,24,32,55,19200,33000,0,0.010990731,0
train,26,data_26.csv,onset_leak,26_33_56,24,33,56,19800,33600,0,0.008664887,0
train,26,data_26.csv,onset_leak,26_34_57,24,34,57,20400,34200,0,0.016910076,0
train,26,data_26.csv,onset_leak,26_35_58,24,35,58,21000,34800,0,0.020753998,0
train,26,data_26.csv,onset_leak,26_36_59,24,36,59,21600,35400,0,0.037278324,0
train,26,data_26.csv,onset_leak,26_37_60,24,37,60,22200,36000,0,0.031304296,0
train,26,data_26.csv,onset_leak,26_38_61,24,38,61,22800,36600,0,0.016427677,0
train,26,data_26.csv,onset_leak,26_39_62,24,39,62,23400,37200,0,0.013240092,0
train,26,data_26.csv,onset_leak,26_40_63,24,40,63,24000,37800,0,0.013589511,0
train,26,data_26.csv,onset_leak,26_41_64,24,41,64,24600,38400,0,0.016342841,0
train,26,data_26.csv,onset_leak,26_42_65,24,42,65,25200,39000,0,0.02146655,0
train,26,data_26.csv,onset_leak,26_43_66,24,43,66,25800,39600,0,0.0179616,0
train,26,data_26.csv,onset_leak,26_44_67,24,44,67,26400,40200,0,0.019762592,0
train,26,data_26.csv,onset_leak,26_45_68,24,45,68,27000,40800,0,0.028936509,0
train,26,data_26.csv,onset_leak,26_46_69,24,46,69,27600,41400,0,0.03637474,0
train,26,data_26.csv,onset_leak,26_47_70,24,47,70,28200,42000,0,0.05028797,0
train,26,data_26.csv,onset_leak,26_48_71,24,48,71,28800,42600,0,0.07499311,0
train,26,data_26.csv,onset_leak,26_49_72,24,49,72,29400,43200,1,0.6678672,1
train,26,data_26.csv,onset_leak,26_50_73,24,50,73,30000,43800,1,0.8617628,1
train,26,data_26.csv,onset_leak,26_51_74,24,51,74,30600,44400,1,0.87111235,1
train,26,data_26.csv,onset_leak,26_52_75,24,52,75,31200,45000,1,0.90400827,1
train,26,data_26.csv,onset_leak,26_53_76,24,53,76,31800,45600,1,0.91383356,1
train,26,data_26.csv,onset_leak,26_54_77,24,54,77,32400,46200,1,0.9504993,1
train,26,data_26.csv,onset_leak,26_55_78,24,55,78,33000,46800,1,0.94715106,1
train,26,data_26.csv,onset_leak,26_56_79,24,56,79,33600,47400,1,0.9214199,1
train,26,data_26.csv,onset_leak,26_57_80,24,57,80,34200,48000,1,0.9269125,1
train,26,data_26.csv,onset_leak,26_58_81,24,58,81,34800,48600,1,0.92179215,1
train,26,data_26.csv,onset_leak,26_59_82,24,59,82,35400,49200,1,0.9384595,1
train,26,data_26.csv,onset_leak,26_60_83,24,60,83,36000,49800,1,0.75053126,1
train,26,data_26.csv,onset_leak,26_61_84,24,61,84,36600,50400,1,0.9200517,1
train,26,data_26.csv,onset_leak,26_62_85,24,62,85,37200,51000,1,0.9372604,1
train,26,data_26.csv,onset_leak,26_63_86,24,63,86,37800,51600,1,0.88935715,1
train,26,data_26.csv,onset_leak,26_64_87,24,64,87,38400,52200,1,0.8213422,1
train,26,data_26.csv,onset_leak,26_65_88,24,65,88,39000,52800,1,0.73174095,1
train,26,data_26.csv,onset_leak,26_66_89,24,66,89,39600,53400,1,0.6329747,1
train,26,data_26.csv,onset_leak,26_67_90,24,67,90,40200,54000,1,0.7432256,1
train,26,data_26.csv,onset_leak,26_68_91,24,68,91,40800,54600,1,0.8426701,1
train,26,data_26.csv,onset_leak,26_69_92,24,69,92,41400,55200,1,0.857505,1
train,26,data_26.csv,onset_leak,26_70_93,24,70,93,42000,55800,1,0.89746815,1
train,26,data_26.csv,onset_leak,26_71_94,24,71,94,42600,56400,1,0.9458759,1
train,26,data_26.csv,onset_leak,26_72_95,24,72,95,43200,57000,1,0.9785963,1
train,26,data_26.csv,onset_leak,26_73_96,24,73,96,43800,57600,1,0.98740166,1
train,26,data_26.csv,onset_leak,26_74_97,24,74,97,44400,58200,1,0.99228776,1
train,26,data_26.csv,onset_leak,26_75_98,24,75,98,45000,58800,1,0.9914255,1
train,26,data_26.csv,onset_leak,26_76_99,24,76,99,45600,59400,1,0.9918039,1
train,26,data_26.csv,onset_leak,26_77_100,24,77,100,46200,60000,1,0.9920717,1
train,26,data_26.csv,onset_leak,26_78_101,24,78,101,46800,60600,1,0.99175584,1
train,26,data_26.csv,onset_leak,26_79_102,24,79,102,47400,61200,1,0.99507684,1
train,26,data_26.csv,onset_leak,26_80_103,24,80,103,48000,61800,1,0.99687284,1
train,26,data_26.csv,onset_leak,26_81_104,24,81,104,48600,62400,1,0.9965402,1
train,26,data_26.csv,onset_leak,26_82_105,24,82,105,49200,63000,1,0.9965939,1
train,26,data_26.csv,onset_leak,26_83_106,24,83,106,49800,63600,1,0.9967474,1
train,26,data_26.csv,onset_leak,26_84_107,24,84,107,50400,64200,1,0.99662554,1
train,26,data_26.csv,onset_leak,26_85_108,24,85,108,51000,64800,1,0.9969812,1
train,26,data_26.csv,onset_leak,26_86_109,24,86,109,51600,65400,1,0.9972662,1
train,26,data_26.csv,onset_leak,26_87_110,24,87,110,52200,66000,1,0.99699354,1
train,26,data_26.csv,onset_leak,26_88_111,24,88,111,52800,66600,1,0.99701595,1
train,26,data_26.csv,onset_leak,26_89_112,24,89,112,53400,67200,1,0.9973605,1
train,26,data_26.csv,onset_leak,26_90_113,24,90,113,54000,67800,1,0.9976852,1
train,26,data_26.csv,onset_leak,26_91_114,24,91,114,54600,68400,1,0.99802196,1
train,26,data_26.csv,onset_leak,26_92_115,24,92,115,55200,69000,1,0.9982357,1
train,26,data_26.csv,onset_leak,26_93_116,24,93,116,55800,69600,1,0.9982938,1
train,26,data_26.csv,onset_leak,26_94_117,24,94,117,56400,70200,1,0.99840885,1
train,26,data_26.csv,onset_leak,26_95_118,24,95,118,57000,70800,1,0.99863213,1
train,26,data_26.csv,onset_leak,26_96_119,24,96,119,57600,71400,1,0.9988764,1
train,26,data_26.csv,onset_leak,26_97_120,24,97,120,58200,72000,1,0.99835926,1
train,26,data_26.csv,onset_leak,26_98_121,24,98,121,58800,72600,1,0.99773693,1
train,26,data_26.csv,onset_leak,26_99_122,24,99,122,59400,73200,1,0.9977848,1
train,26,data_26.csv,onset_leak,26_100_123,24,100,123,60000,73800,1,0.9977691,1
train,26,data_26.csv,onset_leak,26_101_124,24,101,124,60600,74400,1,0.99807274,1
train,26,data_26.csv,onset_leak,26_102_125,24,102,125,61200,75000,1,0.9983387,1
train,26,data_26.csv,onset_leak,26_103_126,24,103,126,61800,75600,1,0.99617565,1
train,26,data_26.csv,onset_leak,26_104_127,24,104,127,62400,76200,1,0.9907582,1
train,26,data_26.csv,onset_leak,26_105_128,24,105,128,63000,76800,1,0.9923354,1
train,26,data_26.csv,onset_leak,26_106_129,24,106,129,63600,77400,1,0.9916101,1
train,26,data_26.csv,onset_leak,26_107_130,24,107,130,64200,78000,1,0.99220145,1
train,26,data_26.csv,onset_leak,26_108_131,24,108,131,64800,78600,1,0.99352515,1
train,26,data_26.csv,onset_leak,26_109_132,24,109,132,65400,79200,1,0.9908923,1
train,26,data_26.csv,onset_leak,26_110_133,24,110,133,66000,79800,1,0.983253,1
train,26,data_26.csv,onset_leak,26_111_134,24,111,134,66600,80400,1,0.98758477,1
train,26,data_26.csv,onset_leak,26_112_135,24,112,135,67200,81000,1,0.98680276,1
train,26,data_26.csv,onset_leak,26_113_136,24,113,136,67800,81600,1,0.9898316,1
train,26,data_26.csv,onset_leak,26_114_137,24,114,137,68400,82200,1,0.9925234,1
train,26,data_26.csv,onset_leak,26_115_138,24,115,138,69000,82800,1,0.9877374,1
train,26,data_26.csv,onset_leak,26_116_139,24,116,139,69600,83400,1,0.9709193,1
train,26,data_26.csv,onset_leak,26_117_140,24,117,140,70200,84000,1,0.9723273,1
train,26,data_26.csv,onset_leak,26_118_141,24,118,141,70800,84600,1,0.96688366,1
train,26,data_26.csv,onset_leak,26_119_142,24,119,142,71400,85200,1,0.9666731,1
train,26,data_26.csv,onset_leak,26_120_143,24,120,143,72000,85800,1,0.9663477,1
train,26,data_26.csv,onset_leak,26_121_144,24,121,144,72600,86400,1,0.79784894,1
train,27,data_27.csv,onset_leak,27_0_23,24,0,23,0,13800,0,9.580521e-10,0
train,27,data_27.csv,onset_leak,27_1_24,24,1,24,600,14400,0,2.0209288e-09,0
train,27,data_27.csv,onset_leak,27_2_25,24,2,25,1200,15000,0,3.5891425e-09,0
train,27,data_27.csv,onset_leak,27_3_26,24,3,26,1800,15600,0,5.5955662e-09,0
train,27,data_27.csv,onset_leak,27_4_27,24,4,27,2400,16200,0,5.985924e-09,0
train,27,data_27.csv,onset_leak,27_5_28,24,5,28,3000,16800,0,7.088829e-09,0
train,27,data_27.csv,onset_leak,27_6_29,24,6,29,3600,17400,0,7.2005437e-09,0
train,27,data_27.csv,onset_leak,27_7_30,24,7,30,4200,18000,0,1.2736294e-08,0
train,27,data_27.csv,onset_leak,27_8_31,24,8,31,4800,18600,0,1.7821483e-08,0
train,27,data_27.csv,onset_leak,27_9_32,24,9,32,5400,19200,0,2.7661427e-08,0
train,27,data_27.csv,onset_leak,27_10_33,24,10,33,6000,19800,0,2.5916608e-08,0
train,27,data_27.csv,onset_leak,27_11_34,24,11,34,6600,20400,0,3.2154965e-08,0
train,27,data_27.csv,onset_leak,27_12_35,24,12,35,7200,21000,0,3.2078148e-08,0
train,27,data_27.csv,onset_leak,27_13_36,24,13,36,7800,21600,0,4.376901e-08,0
train,27,data_27.csv,onset_leak,27_14_37,24,14,37,8400,22200,0,4.2285937e-08,0
train,27,data_27.csv,onset_leak,27_15_38,24,15,38,9000,22800,0,6.023849e-08,0
train,27,data_27.csv,onset_leak,27_16_39,24,16,39,9600,23400,0,6.523243e-08,0
train,27,data_27.csv,onset_leak,27_17_40,24,17,40,10200,24000,0,8.5514806e-08,0
train,27,data_27.csv,onset_leak,27_18_41,24,18,41,10800,24600,0,9.65661e-08,0
train,27,data_27.csv,onset_leak,27_19_42,24,19,42,11400,25200,0,1.6763995e-07,0
train,27,data_27.csv,onset_leak,27_20_43,24,20,43,12000,25800,0,2.2959667e-07,0
train,27,data_27.csv,onset_leak,27_21_44,24,21,44,12600,26400,0,5.143988e-07,0
train,27,data_27.csv,onset_leak,27_22_45,24,22,45,13200,27000,0,9.3369135e-07,0
train,27,data_27.csv,onset_leak,27_23_46,24,23,46,13800,27600,0,1.8120304e-06,0
train,27,data_27.csv,onset_leak,27_24_47,24,24,47,14400,28200,0,3.3684992e-06,0
train,27,data_27.csv,onset_leak,27_25_48,24,25,48,15000,28800,0,8.546949e-06,0
train,27,data_27.csv,onset_leak,27_26_49,24,26,49,15600,29400,0,1.7541108e-05,0
train,27,data_27.csv,onset_leak,27_27_50,24,27,50,16200,30000,0,5.366699e-05,0
train,27,data_27.csv,onset_leak,27_28_51,24,28,51,16800,30600,0,9.8288736e-05,0
train,27,data_27.csv,onset_leak,27_29_52,24,29,52,17400,31200,0,0.00021869116,0
train,27,data_27.csv,onset_leak,27_30_53,24,30,53,18000,31800,0,0.0004071089,0
train,27,data_27.csv,onset_leak,27_31_54,24,31,54,18600,32400,0,0.0002991471,0
train,27,data_27.csv,onset_leak,27_32_55,24,32,55,19200,33000,0,0.00021083058,0
train,27,data_27.csv,onset_leak,27_33_56,24,33,56,19800,33600,0,0.00025216342,0
train,27,data_27.csv,onset_leak,27_34_57,24,34,57,20400,34200,0,0.00030474487,0
train,27,data_27.csv,onset_leak,27_35_58,24,35,58,21000,34800,0,0.0004397272,0
train,27,data_27.csv,onset_leak,27_36_59,24,36,59,21600,35400,0,0.0006459265,0
train,27,data_27.csv,onset_leak,27_37_60,24,37,60,22200,36000,0,0.0014134288,0
train,27,data_27.csv,onset_leak,27_38_61,24,38,61,22800,36600,0,0.0023438057,0
train,27,data_27.csv,onset_leak,27_39_62,24,39,62,23400,37200,0,0.0040180255,0
train,27,data_27.csv,onset_leak,27_40_63,24,40,63,24000,37800,0,0.006924167,0
train,27,data_27.csv,onset_leak,27_41_64,24,41,64,24600,38400,0,0.009506147,0
train,27,data_27.csv,onset_leak,27_42_65,24,42,65,25200,39000,0,0.011906918,0
train,27,data_27.csv,onset_leak,27_43_66,24,43,66,25800,39600,0,0.027225891,0
train,27,data_27.csv,onset_leak,27_44_67,24,44,67,26400,40200,0,0.06652729,0
train,27,data_27.csv,onset_leak,27_45_68,24,45,68,27000,40800,0,0.16498575,0
train,27,data_27.csv,onset_leak,27_46_69,24,46,69,27600,41400,0,0.22729546,0
train,27,data_27.csv,onset_leak,27_47_70,24,47,70,28200,42000,0,0.42119393,0
train,27,data_27.csv,onset_leak,27_48_71,24,48,71,28800,42600,0,0.56075,0
train,27,data_27.csv,onset_leak,27_49_72,24,49,72,29400,43200,1,0.9333789,1
train,27,data_27.csv,onset_leak,27_50_73,24,50,73,30000,43800,1,0.9775997,1
train,27,data_27.csv,onset_leak,27_51_74,24,51,74,30600,44400,1,0.98216623,1
train,27,data_27.csv,onset_leak,27_52_75,24,52,75,31200,45000,1,0.9858736,1
train,27,data_27.csv,onset_leak,27_53_76,24,53,76,31800,45600,1,0.9917704,1
train,27,data_27.csv,onset_leak,27_54_77,24,54,77,32400,46200,1,0.9954834,1
train,27,data_27.csv,onset_leak,27_55_78,24,55,78,33000,46800,1,0.9963379,1
train,27,data_27.csv,onset_leak,27_56_79,24,56,79,33600,47400,1,0.9968076,1
train,27,data_27.csv,onset_leak,27_57_80,24,57,80,34200,48000,1,0.99687576,1
train,27,data_27.csv,onset_leak,27_58_81,24,58,81,34800,48600,1,0.9963223,1
train,27,data_27.csv,onset_leak,27_59_82,24,59,82,35400,49200,1,0.99778,1
train,27,data_27.csv,onset_leak,27_60_83,24,60,83,36000,49800,1,0.9952715,1
train,27,data_27.csv,onset_leak,27_61_84,24,61,84,36600,50400,1,0.9971023,1
train,27,data_27.csv,onset_leak,27_62_85,24,62,85,37200,51000,1,0.9978344,1
train,27,data_27.csv,onset_leak,27_63_86,24,63,86,37800,51600,1,0.9960097,1
train,27,data_27.csv,onset_leak,27_64_87,24,64,87,38400,52200,1,0.9950782,1
train,27,data_27.csv,onset_leak,27_65_88,24,65,88,39000,52800,1,0.9942199,1
train,27,data_27.csv,onset_leak,27_66_89,24,66,89,39600,53400,1,0.9935674,1
train,27,data_27.csv,onset_leak,27_67_90,24,67,90,40200,54000,1,0.9951285,1
train,27,data_27.csv,onset_leak,27_68_91,24,68,91,40800,54600,1,0.9973672,1
train,27,data_27.csv,onset_leak,27_69_92,24,69,92,41400,55200,1,0.99739337,1
train,27,data_27.csv,onset_leak,27_70_93,24,70,93,42000,55800,1,0.99830484,1
train,27,data_27.csv,onset_leak,27_71_94,24,71,94,42600,56400,1,0.99927515,1
train,27,data_27.csv,onset_leak,27_72_95,24,72,95,43200,57000,1,0.999762,1
train,27,data_27.csv,onset_leak,27_73_96,24,73,96,43800,57600,1,0.9997812,1
train,27,data_27.csv,onset_leak,27_74_97,24,74,97,44400,58200,1,0.9997987,1
train,27,data_27.csv,onset_leak,27_75_98,24,75,98,45000,58800,1,0.99980074,1
train,27,data_27.csv,onset_leak,27_76_99,24,76,99,45600,59400,1,0.99981457,1
train,27,data_27.csv,onset_leak,27_77_100,24,77,100,46200,60000,1,0.9998425,1
train,27,data_27.csv,onset_leak,27_78_101,24,78,101,46800,60600,1,0.9998683,1
train,27,data_27.csv,onset_leak,27_79_102,24,79,102,47400,61200,1,0.999858,1
train,27,data_27.csv,onset_leak,27_80_103,24,80,103,48000,61800,1,0.999846,1
train,27,data_27.csv,onset_leak,27_81_104,24,81,104,48600,62400,1,0.9998511,1
train,27,data_27.csv,onset_leak,27_82_105,24,82,105,49200,63000,1,0.9998547,1
train,27,data_27.csv,onset_leak,27_83_106,24,83,106,49800,63600,1,0.9998709,1
train,27,data_27.csv,onset_leak,27_84_107,24,84,107,50400,64200,1,0.99988675,1
train,27,data_27.csv,onset_leak,27_85_108,24,85,108,51000,64800,1,0.9998307,1
train,27,data_27.csv,onset_leak,27_86_109,24,86,109,51600,65400,1,0.99975103,1
train,27,data_27.csv,onset_leak,27_87_110,24,87,110,52200,66000,1,0.99976164,1
train,27,data_27.csv,onset_leak,27_88_111,24,88,111,52800,66600,1,0.999752,1
train,27,data_27.csv,onset_leak,27_89_112,24,89,112,53400,67200,1,0.99977833,1
train,27,data_27.csv,onset_leak,27_90_113,24,90,113,54000,67800,1,0.99979836,1
train,27,data_27.csv,onset_leak,27_91_114,24,91,114,54600,68400,1,0.9996847,1
train,27,data_27.csv,onset_leak,27_92_115,24,92,115,55200,69000,1,0.9994887,1
train,27,data_27.csv,onset_leak,27_93_116,24,93,116,55800,69600,1,0.99957305,1
train,27,data_27.csv,onset_leak,27_94_117,24,94,117,56400,70200,1,0.99957615,1
train,27,data_27.csv,onset_leak,27_95_118,24,95,118,57000,70800,1,0.99960667,1
train,27,data_27.csv,onset_leak,27_96_119,24,96,119,57600,71400,1,0.99963605,1
train,27,data_27.csv,onset_leak,27_97_120,24,97,120,58200,72000,1,0.99927753,1
train,27,data_27.csv,onset_leak,27_98_121,24,98,121,58800,72600,1,0.99850863,1
train,27,data_27.csv,onset_leak,27_99_122,24,99,122,59400,73200,1,0.99872774,1
train,27,data_27.csv,onset_leak,27_100_123,24,100,123,60000,73800,1,0.99864393,1
train,27,data_27.csv,onset_leak,27_101_124,24,101,124,60600,74400,1,0.9986833,1
train,27,data_27.csv,onset_leak,27_102_125,24,102,125,61200,75000,1,0.99875236,1
train,27,data_27.csv,onset_leak,27_103_126,24,103,126,61800,75600,1,0.9976999,1
train,27,data_27.csv,onset_leak,27_104_127,24,104,127,62400,76200,1,0.9944536,1
train,27,data_27.csv,onset_leak,27_105_128,24,105,128,63000,76800,1,0.99494606,1
train,27,data_27.csv,onset_leak,27_106_129,24,106,129,63600,77400,1,0.99412435,1
train,27,data_27.csv,onset_leak,27_107_130,24,107,130,64200,78000,1,0.993961,1
train,27,data_27.csv,onset_leak,27_108_131,24,108,131,64800,78600,1,0.9940176,1
train,27,data_27.csv,onset_leak,27_109_132,24,109,132,65400,79200,1,0.99138314,1
train,27,data_27.csv,onset_leak,27_110_133,24,110,133,66000,79800,1,0.9831722,1
train,27,data_27.csv,onset_leak,27_111_134,24,111,134,66600,80400,1,0.9841717,1
train,27,data_27.csv,onset_leak,27_112_135,24,112,135,67200,81000,1,0.98112786,1
train,27,data_27.csv,onset_leak,27_113_136,24,113,136,67800,81600,1,0.97934383,1
train,27,data_27.csv,onset_leak,27_114_137,24,114,137,68400,82200,1,0.9767338,1
train,27,data_27.csv,onset_leak,27_115_138,24,115,138,69000,82800,1,0.9670633,1
train,27,data_27.csv,onset_leak,27_116_139,24,116,139,69600,83400,1,0.94261163,1
train,27,data_27.csv,onset_leak,27_117_140,24,117,140,70200,84000,1,0.925089,1
train,27,data_27.csv,onset_leak,27_118_141,24,118,141,70800,84600,1,0.908881,1
train,27,data_27.csv,onset_leak,27_119_142,24,119,142,71400,85200,1,0.881859,1
train,27,data_27.csv,onset_leak,27_120_143,24,120,143,72000,85800,1,0.83692527,1
train,27,data_27.csv,onset_leak,27_121_144,24,121,144,72600,86400,1,0.3768745,0
train,28,data_28.csv,onset_leak,28_0_23,24,0,23,0,13800,0,3.587392e-08,0
train,28,data_28.csv,onset_leak,28_1_24,24,1,24,600,14400,0,3.829773e-08,0
train,28,data_28.csv,onset_leak,28_2_25,24,2,25,1200,15000,0,3.993896e-08,0
train,28,data_28.csv,onset_leak,28_3_26,24,3,26,1800,15600,0,4.1099852e-08,0
train,28,data_28.csv,onset_leak,28_4_27,24,4,27,2400,16200,0,4.0540296e-08,0
train,28,data_28.csv,onset_leak,28_5_28,24,5,28,3000,16800,0,4.069943e-08,0
train,28,data_28.csv,onset_leak,28_6_29,24,6,29,3600,17400,0,4.004392e-08,0
train,28,data_28.csv,onset_leak,28_7_30,24,7,30,4200,18000,0,4.3416225e-08,0
train,28,data_28.csv,onset_leak,28_8_31,24,8,31,4800,18600,0,4.5412676e-08,0
train,28,data_28.csv,onset_leak,28_9_32,24,9,32,5400,19200,0,4.811388e-08,0
train,28,data_28.csv,onset_leak,28_10_33,24,10,33,6000,19800,0,4.8205735e-08,0
train,28,data_28.csv,onset_leak,28_11_34,24,11,34,6600,20400,0,4.963815e-08,0
train,28,data_28.csv,onset_leak,28_12_35,24,12,35,7200,21000,0,4.9854286e-08,0
train,28,data_28.csv,onset_leak,28_13_36,24,13,36,7800,21600,0,5.4656766e-08,0
train,28,data_28.csv,onset_leak,28_14_37,24,14,37,8400,22200,0,5.7131405e-08,0
train,28,data_28.csv,onset_leak,28_15_38,24,15,38,9000,22800,0,6.2192406e-08,0
train,28,data_28.csv,onset_leak,28_16_39,24,16,39,9600,23400,0,6.392607e-08,0
train,28,data_28.csv,onset_leak,28_17_40,24,17,40,10200,24000,0,6.757067e-08,0
train,28,data_28.csv,onset_leak,28_18_41,24,18,41,10800,24600,0,6.971838e-08,0
train,28,data_28.csv,onset_leak,28_19_42,24,19,42,11400,25200,0,7.935996e-08,0
train,28,data_28.csv,onset_leak,28_20_43,24,20,43,12000,25800,0,8.545106e-08,0
train,28,data_28.csv,onset_leak,28_21_44,24,21,44,12600,26400,0,9.739887e-08,0
train,28,data_28.csv,onset_leak,28_22_45,24,22,45,13200,27000,0,1.0362283e-07,0
train,28,data_28.csv,onset_leak,28_23_46,24,23,46,13800,27600,0,1.1331843e-07,0
train,28,data_28.csv,onset_leak,28_24_47,24,24,47,14400,28200,0,1.2094165e-07,0
train,28,data_28.csv,onset_leak,28_25_48,24,25,48,15000,28800,0,1.4450022e-07,0
train,28,data_28.csv,onset_leak,28_26_49,24,26,49,15600,29400,0,1.6140547e-07,0
train,28,data_28.csv,onset_leak,28_27_50,24,27,50,16200,30000,0,1.9365496e-07,0
train,28,data_28.csv,onset_leak,28_28_51,24,28,51,16800,30600,0,2.0871866e-07,0
train,28,data_28.csv,onset_leak,28_29_52,24,29,52,17400,31200,0,2.3588683e-07,0
train,28,data_28.csv,onset_leak,28_30_53,24,30,53,18000,31800,0,2.549224e-07,0
train,28,data_28.csv,onset_leak,28_31_54,24,31,54,18600,32400,0,8.03403e-07,0
train,28,data_28.csv,onset_leak,28_32_55,24,32,55,19200,33000,0,1.776759e-06,0
train,28,data_28.csv,onset_leak,28_33_56,24,33,56,19800,33600,0,3.5393116e-06,0
train,28,data_28.csv,onset_leak,28_34_57,24,34,57,20400,34200,0,3.94199e-06,0
train,28,data_28.csv,onset_leak,28_35_58,24,35,58,21000,34800,0,5.331038e-06,0
train,28,data_28.csv,onset_leak,28_36_59,24,36,59,21600,35400,0,5.4951665e-06,0
train,28,data_28.csv,onset_leak,28_37_60,24,37,60,22200,36000,0,3.173484e-05,0
train,28,data_28.csv,onset_leak,28_38_61,24,38,61,22800,36600,0,9.336389e-05,0
train,28,data_28.csv,onset_leak,28_39_62,24,39,62,23400,37200,0,0.0002930033,0
train,28,data_28.csv,onset_leak,28_40_63,24,40,63,24000,37800,0,0.00028014716,0
train,28,data_28.csv,onset_leak,28_41_64,24,41,64,24600,38400,0,0.00048965967,0
train,28,data_28.csv,onset_leak,28_42_65,24,42,65,25200,39000,0,0.0005053718,0
train,28,data_28.csv,onset_leak,28_43_66,24,43,66,25800,39600,0,0.0011142434,0
train,28,data_28.csv,onset_leak,28_44_67,24,44,67,26400,40200,0,0.00095786416,0
train,28,data_28.csv,onset_leak,28_45_68,24,45,68,27000,40800,0,0.0015719876,0
train,28,data_28.csv,onset_leak,28_46_69,24,46,69,27600,41400,0,0.0014689792,0
train,28,data_28.csv,onset_leak,28_47_70,24,47,70,28200,42000,0,0.0020284546,0
train,28,data_28.csv,onset_leak,28_48_71,24,48,71,28800,42600,0,0.001748131,0
train,28,data_28.csv,onset_leak,28_49_72,24,49,72,29400,43200,1,0.1637032,0
train,28,data_28.csv,onset_leak,28_50_73,24,50,73,30000,43800,1,0.5881705,0
train,28,data_28.csv,onset_leak,28_51_74,24,51,74,30600,44400,1,0.8041448,1
train,28,data_28.csv,onset_leak,28_52_75,24,52,75,31200,45000,1,0.88953805,1
train,28,data_28.csv,onset_leak,28_53_76,24,53,76,31800,45600,1,0.96401834,1
train,28,data_28.csv,onset_leak,28_54_77,24,54,77,32400,46200,1,0.970468,1
train,28,data_28.csv,onset_leak,28_55_78,24,55,78,33000,46800,1,0.90846986,1
train,28,data_28.csv,onset_leak,28_56_79,24,56,79,33600,47400,1,0.8031091,1
train,28,data_28.csv,onset_leak,28_57_80,24,57,80,34200,48000,1,0.84415346,1
train,28,data_28.csv,onset_leak,28_58_81,24,58,81,34800,48600,1,0.838876,1
train,28,data_28.csv,onset_leak,28_59_82,24,59,82,35400,49200,1,0.88526666,1
train,28,data_28.csv,onset_leak,28_60_83,24,60,83,36000,49800,1,0.8253724,1
train,28,data_28.csv,onset_leak,28_61_84,24,61,84,36600,50400,1,0.8438897,1
train,28,data_28.csv,onset_leak,28_62_85,24,62,85,37200,51000,1,0.84628165,1
train,28,data_28.csv,onset_leak,28_63_86,24,63,86,37800,51600,1,0.827201,1
train,28,data_28.csv,onset_leak,28_64_87,24,64,87,38400,52200,1,0.8291451,1
train,28,data_28.csv,onset_leak,28_65_88,24,65,88,39000,52800,1,0.8385792,1
train,28,data_28.csv,onset_leak,28_66_89,24,66,89,39600,53400,1,0.87322056,1
train,28,data_28.csv,onset_leak,28_67_90,24,67,90,40200,54000,1,0.8858676,1
train,28,data_28.csv,onset_leak,28_68_91,24,68,91,40800,54600,1,0.9107515,1
train,28,data_28.csv,onset_leak,28_69_92,24,69,92,41400,55200,1,0.9261621,1
train,28,data_28.csv,onset_leak,28_70_93,24,70,93,42000,55800,1,0.94392884,1
train,28,data_28.csv,onset_leak,28_71_94,24,71,94,42600,56400,1,0.9706881,1
train,28,data_28.csv,onset_leak,28_72_95,24,72,95,43200,57000,1,0.9870797,1
train,28,data_28.csv,onset_leak,28_73_96,24,73,96,43800,57600,1,0.9881995,1
train,28,data_28.csv,onset_leak,28_74_97,24,74,97,44400,58200,1,0.98990065,1
train,28,data_28.csv,onset_leak,28_75_98,24,75,98,45000,58800,1,0.98939264,1
train,28,data_28.csv,onset_leak,28_76_99,24,76,99,45600,59400,1,0.9897195,1
train,28,data_28.csv,onset_leak,28_77_100,24,77,100,46200,60000,1,0.9884383,1
train,28,data_28.csv,onset_leak,28_78_101,24,78,101,46800,60600,1,0.98691976,1
train,28,data_28.csv,onset_leak,28_79_102,24,79,102,47400,61200,1,0.98996955,1
train,28,data_28.csv,onset_leak,28_80_103,24,80,103,48000,61800,1,0.99209046,1
train,28,data_28.csv,onset_leak,28_81_104,24,81,104,48600,62400,1,0.9914136,1
train,28,data_28.csv,onset_leak,28_82_105,24,82,105,49200,63000,1,0.9914213,1
train,28,data_28.csv,onset_leak,28_83_106,24,83,106,49800,63600,1,0.9904767,1
train,28,data_28.csv,onset_leak,28_84_107,24,84,107,50400,64200,1,0.9889488,1
train,28,data_28.csv,onset_leak,28_85_108,24,85,108,51000,64800,1,0.99030507,1
train,28,data_28.csv,onset_leak,28_86_109,24,86,109,51600,65400,1,0.9913083,1
train,28,data_28.csv,onset_leak,28_87_110,24,87,110,52200,66000,1,0.9905867,1
train,28,data_28.csv,onset_leak,28_88_111,24,88,111,52800,66600,1,0.9904793,1
train,28,data_28.csv,onset_leak,28_89_112,24,89,112,53400,67200,1,0.990436,1
train,28,data_28.csv,onset_leak,28_90_113,24,90,113,54000,67800,1,0.99041,1
train,28,data_28.csv,onset_leak,28_91_114,24,91,114,54600,68400,1,0.9819126,1
train,28,data_28.csv,onset_leak,28_92_115,24,92,115,55200,69000,1,0.96673185,1
train,28,data_28.csv,onset_leak,28_93_116,24,93,116,55800,69600,1,0.9664102,1
train,28,data_28.csv,onset_leak,28_94_117,24,94,117,56400,70200,1,0.962613,1
train,28,data_28.csv,onset_leak,28_95_118,24,95,118,57000,70800,1,0.9663745,1
train,28,data_28.csv,onset_leak,28_96_119,24,96,119,57600,71400,1,0.9697824,1
train,28,data_28.csv,onset_leak,28_97_120,24,97,120,58200,72000,1,0.9514098,1
train,28,data_28.csv,onset_leak,28_98_121,24,98,121,58800,72600,1,0.9200069,1
train,28,data_28.csv,onset_leak,28_99_122,24,99,122,59400,73200,1,0.94045603,1
train,28,data_28.csv,onset_leak,28_100_123,24,100,123,60000,73800,1,0.93988174,1
train,28,data_28.csv,onset_leak,28_101_124,24,101,124,60600,74400,1,0.9559943,1
train,28,data_28.csv,onset_leak,28_102_125,24,102,125,61200,75000,1,0.9700412,1
train,28,data_28.csv,onset_leak,28_103_126,24,103,126,61800,75600,1,0.9675304,1
train,28,data_28.csv,onset_leak,28_104_127,24,104,127,62400,76200,1,0.96015793,1
train,28,data_28.csv,onset_leak,28_105_128,24,105,128,63000,76800,1,0.9675616,1
train,28,data_28.csv,onset_leak,28_106_129,24,106,129,63600,77400,1,0.96685565,1
train,28,data_28.csv,onset_leak,28_107_130,24,107,130,64200,78000,1,0.97255105,1
train,28,data_28.csv,onset_leak,28_108_131,24,108,131,64800,78600,1,0.97627956,1
train,28,data_28.csv,onset_leak,28_109_132,24,109,132,65400,79200,1,0.9650261,1
train,28,data_28.csv,onset_leak,28_110_133,24,110,133,66000,79800,1,0.9466988,1
train,28,data_28.csv,onset_leak,28_111_134,24,111,134,66600,80400,1,0.93073195,1
train,28,data_28.csv,onset_leak,28_112_135,24,112,135,67200,81000,1,0.92067045,1
train,28,data_28.csv,onset_leak,28_113_136,24,113,136,67800,81600,1,0.8911918,1
train,28,data_28.csv,onset_leak,28_114_137,24,114,137,68400,82200,1,0.85475355,1
train,28,data_28.csv,onset_leak,28_115_138,24,115,138,69000,82800,1,0.819629,1
train,28,data_28.csv,onset_leak,28_116_139,24,116,139,69600,83400,1,0.7735816,1
train,28,data_28.csv,onset_leak,28_117_140,24,117,140,70200,84000,1,0.7205654,1
train,28,data_28.csv,onset_leak,28_118_141,24,118,141,70800,84600,1,0.6710873,1
train,28,data_28.csv,onset_leak,28_119_142,24,119,142,71400,85200,1,0.58294207,0
train,28,data_28.csv,onset_leak,28_120_143,24,120,143,72000,85800,1,0.4603328,0
train,28,data_28.csv,onset_leak,28_121_144,24,121,144,72600,86400,1,0.15901364,0
train,29,data_29.csv,onset_leak,29_0_23,24,0,23,0,13800,0,3.1007588e-08,0
train,29,data_29.csv,onset_leak,29_1_24,24,1,24,600,14400,0,5.1804378e-08,0
train,29,data_29.csv,onset_leak,29_2_25,24,2,25,1200,15000,0,7.062636e-08,0
train,29,data_29.csv,onset_leak,29_3_26,24,3,26,1800,15600,0,1.2960948e-07,0
train,29,data_29.csv,onset_leak,29_4_27,24,4,27,2400,16200,0,1.827973e-07,0
train,29,data_29.csv,onset_leak,29_5_28,24,5,28,3000,16800,0,2.8537434e-07,0
train,29,data_29.csv,onset_leak,29_6_29,24,6,29,3600,17400,0,4.1223e-07,0
train,29,data_29.csv,onset_leak,29_7_30,24,7,30,4200,18000,0,1.3598423e-06,0
train,29,data_29.csv,onset_leak,29_8_31,24,8,31,4800,18600,0,3.2113585e-06,0
train,29,data_29.csv,onset_leak,29_9_32,24,9,32,5400,19200,0,8.917702e-06,0
train,29,data_29.csv,onset_leak,29_10_33,24,10,33,6000,19800,0,1.2635785e-05,0
train,29,data_29.csv,onset_leak,29_11_34,24,11,34,6600,20400,0,2.3431126e-05,0
train,29,data_29.csv,onset_leak,29_12_35,24,12,35,7200,21000,0,3.2418586e-05,0
train,29,data_29.csv,onset_leak,29_13_36,24,13,36,7800,21600,0,0.00015520642,0
train,29,data_29.csv,onset_leak,29_14_37,24,14,37,8400,22200,0,0.00035850395,0
train,29,data_29.csv,onset_leak,29_15_38,24,15,38,9000,22800,0,0.0010553192,0
train,29,data_29.csv,onset_leak,29_16_39,24,16,39,9600,23400,0,0.0011886904,0
train,29,data_29.csv,onset_leak,29_17_40,24,17,40,10200,24000,0,0.002357771,0
train,29,data_29.csv,onset_leak,29_18_41,24,18,41,10800,24600,0,0.003197575,0
train,29,data_29.csv,onset_leak,29_19_42,24,19,42,11400,25200,0,0.008198659,0
train,29,data_29.csv,onset_leak,29_20_43,24,20,43,12000,25800,0,0.00673489,0
train,29,data_29.csv,onset_leak,29_21_44,24,21,44,12600,26400,0,0.008624713,0
train,29,data_29.csv,onset_leak,29_22_45,24,22,45,13200,27000,0,0.009748921,0
train,29,data_29.csv,onset_leak,29_23_46,24,23,46,13800,27600,0,0.016609697,0
train,29,data_29.csv,onset_leak,29_24_47,24,24,47,14400,28200,0,0.014324057,0
train,29,data_29.csv,onset_leak,29_25_48,24,25,48,15000,28800,0,0.012083252,0
train,29,data_29.csv,onset_leak,29_26_49,24,26,49,15600,29400,0,0.0074640797,0
train,29,data_29.csv,onset_leak,29_27_50,24,27,50,16200,30000,0,0.009291344,0
train,29,data_29.csv,onset_leak,29_28_51,24,28,51,16800,30600,0,0.020847153,0
train,29,data_29.csv,onset_leak,29_29_52,24,29,52,17400,31200,0,0.035989434,0
train,29,data_29.csv,onset_leak,29_30_53,24,30,53,18000,31800,0,0.0899767,0
train,29,data_29.csv,onset_leak,29_31_54,24,31,54,18600,32400,0,0.066693015,0
train,29,data_29.csv,onset_leak,29_32_55,24,32,55,19200,33000,0,0.05727349,0
train,29,data_29.csv,onset_leak,29_33_56,24,33,56,19800,33600,0,0.045421224,0
train,29,data_29.csv,onset_leak,29_34_57,24,34,57,20400,34200,0,0.0495544,0
train,29,data_29.csv,onset_leak,29_35_58,24,35,58,21000,34800,0,0.0632218,0
train,29,data_29.csv,onset_leak,29_36_59,24,36,59,21600,35400,0,0.1252049,0
train,29,data_29.csv,onset_leak,29_37_60,24,37,60,22200,36000,0,0.0883262,0
train,29,data_29.csv,onset_leak,29_38_61,24,38,61,22800,36600,0,0.045955233,0
train,29,data_29.csv,onset_leak,29_39_62,24,39,62,23400,37200,0,0.043496188,0
train,29,data_29.csv,onset_leak,29_40_63,24,40,63,24000,37800,0,0.039046817,0
train,29,data_29.csv,onset_leak,29_41_64,24,41,64,24600,38400,0,0.05073163,0
train,29,data_29.csv,onset_leak,29_42_65,24,42,65,25200,39000,0,0.093496725,0
train,29,data_29.csv,onset_leak,29_43_66,24,43,66,25800,39600,0,0.064861275,0
train,29,data_29.csv,onset_leak,29_44_67,24,44,67,26400,40200,0,0.040299714,0
train,29,data_29.csv,onset_leak,29_45_68,24,45,68,27000,40800,0,0.04087704,0
train,29,data_29.csv,onset_leak,29_46_69,24,46,69,27600,41400,0,0.03489997,0
train,29,data_29.csv,onset_leak,29_47_70,24,47,70,28200,42000,0,0.04047518,0
train,29,data_29.csv,onset_leak,29_48_71,24,48,71,28800,42600,0,0.04769414,0
train,29,data_29.csv,onset_leak,29_49_72,24,49,72,29400,43200,1,0.29209983,0
train,29,data_29.csv,onset_leak,29_50_73,24,50,73,30000,43800,1,0.70918584,1
train,29,data_29.csv,onset_leak,29_51_74,24,51,74,30600,44400,1,0.7346094,1
train,29,data_29.csv,onset_leak,29_52_75,24,52,75,31200,45000,1,0.7748411,1
train,29,data_29.csv,onset_leak,29_53_76,24,53,76,31800,45600,1,0.7875681,1
train,29,data_29.csv,onset_leak,29_54_77,24,54,77,32400,46200,1,0.8392481,1
train,29,data_29.csv,onset_leak,29_55_78,24,55,78,33000,46800,1,0.78444463,1
train,29,data_29.csv,onset_leak,29_56_79,24,56,79,33600,47400,1,0.7530427,1
train,29,data_29.csv,onset_leak,29_57_80,24,57,80,34200,48000,1,0.7548385,1
train,29,data_29.csv,onset_leak,29_58_81,24,58,81,34800,48600,1,0.7397975,1
train,29,data_29.csv,onset_leak,29_59_82,24,59,82,35400,49200,1,0.6974631,1
train,29,data_29.csv,onset_leak,29_60_83,24,60,83,36000,49800,1,0.3730778,0
train,29,data_29.csv,onset_leak,29_61_84,24,61,84,36600,50400,1,0.44763842,0
train,29,data_29.csv,onset_leak,29_62_85,24,62,85,37200,51000,1,0.4297275,0
train,29,data_29.csv,onset_leak,29_63_86,24,63,86,37800,51600,1,0.19313493,0
train,29,data_29.csv,onset_leak,29_64_87,24,64,87,38400,52200,1,0.22700976,0
train,29,data_29.csv,onset_leak,29_65_88,24,65,88,39000,52800,1,0.12411819,0
train,29,data_29.csv,onset_leak,29_66_89,24,66,89,39600,53400,1,0.052570105,0
train,29,data_29.csv,onset_leak,29_67_90,24,67,90,40200,54000,1,0.07941601,0
train,29,data_29.csv,onset_leak,29_68_91,24,68,91,40800,54600,1,0.12275319,0
train,29,data_29.csv,onset_leak,29_69_92,24,69,92,41400,55200,1,0.16711488,0
train,29,data_29.csv,onset_leak,29_70_93,24,70,93,42000,55800,1,0.18338743,0
train,29,data_29.csv,onset_leak,29_71_94,24,71,94,42600,56400,1,0.36135986,0
train,29,data_29.csv,onset_leak,29_72_95,24,72,95,43200,57000,1,0.562753,0
train,29,data_29.csv,onset_leak,29_73_96,24,73,96,43800,57600,1,0.6158689,1
train,29,data_29.csv,onset_leak,29_74_97,24,74,97,44400,58200,1,0.68570524,1
train,29,data_29.csv,onset_leak,29_75_98,24,75,98,45000,58800,1,0.6816007,1
train,29,data_29.csv,onset_leak,29_76_99,24,76,99,45600,59400,1,0.70695156,1
train,29,data_29.csv,onset_leak,29_77_100,24,77,100,46200,60000,1,0.7002058,1
train,29,data_29.csv,onset_leak,29_78_101,24,78,101,46800,60600,1,0.6710869,1
train,29,data_29.csv,onset_leak,29_79_102,24,79,102,47400,61200,1,0.7853106,1
train,29,data_29.csv,onset_leak,29_80_103,24,80,103,48000,61800,1,0.8492696,1
train,29,data_29.csv,onset_leak,29_81_104,24,81,104,48600,62400,1,0.8429622,1
train,29,data_29.csv,onset_leak,29_82_105,24,82,105,49200,63000,1,0.8480271,1
train,29,data_29.csv,onset_leak,29_83_106,24,83,106,49800,63600,1,0.84718174,1
train,29,data_29.csv,onset_leak,29_84_107,24,84,107,50400,64200,1,0.81868553,1
train,29,data_29.csv,onset_leak,29_85_108,24,85,108,51000,64800,1,0.8839026,1
train,29,data_29.csv,onset_leak,29_86_109,24,86,109,51600,65400,1,0.91780657,1
train,29,data_29.csv,onset_leak,29_87_110,24,87,110,52200,66000,1,0.90808827,1
train,29,data_29.csv,onset_leak,29_88_111,24,88,111,52800,66600,1,0.90655255,1
train,29,data_29.csv,onset_leak,29_89_112,24,89,112,53400,67200,1,0.906541,1
train,29,data_29.csv,onset_leak,29_90_113,24,90,113,54000,67800,1,0.8972966,1
train,29,data_29.csv,onset_leak,29_91_114,24,91,114,54600,68400,1,0.9428997,1
train,29,data_29.csv,onset_leak,29_92_115,24,92,115,55200,69000,1,0.9685268,1
train,29,data_29.csv,onset_leak,29_93_116,24,93,116,55800,69600,1,0.96458244,1
train,29,data_29.csv,onset_leak,29_94_117,24,94,117,56400,70200,1,0.96655154,1
train,29,data_29.csv,onset_leak,29_95_118,24,95,118,57000,70800,1,0.96900684,1
train,29,data_29.csv,onset_leak,29_96_119,24,96,119,57600,71400,1,0.97015655,1
train,29,data_29.csv,onset_leak,29_97_120,24,97,120,58200,72000,1,0.98106027,1
train,29,data_29.csv,onset_leak,29_98_121,24,98,121,58800,72600,1,0.9880086,1
train,29,data_29.csv,onset_leak,29_99_122,24,99,122,59400,73200,1,0.9858585,1
train,29,data_29.csv,onset_leak,29_100_123,24,100,123,60000,73800,1,0.98617804,1
train,29,data_29.csv,onset_leak,29_101_124,24,101,124,60600,74400,1,0.98766065,1
train,29,data_29.csv,onset_leak,29_102_125,24,102,125,61200,75000,1,0.9879159,1
train,29,data_29.csv,onset_leak,29_103_126,24,103,126,61800,75600,1,0.98427504,1
train,29,data_29.csv,onset_leak,29_104_127,24,104,127,62400,76200,1,0.97982204,1
train,29,data_29.csv,onset_leak,29_105_128,24,105,128,63000,76800,1,0.9789708,1
train,29,data_29.csv,onset_leak,29_106_129,24,106,129,63600,77400,1,0.97886825,1
train,29,data_29.csv,onset_leak,29_107_130,24,107,130,64200,78000,1,0.9812991,1
train,29,data_29.csv,onset_leak,29_108_131,24,108,131,64800,78600,1,0.98345804,1
train,29,data_29.csv,onset_leak,29_109_132,24,109,132,65400,79200,1,0.96701515,1
train,29,data_29.csv,onset_leak,29_110_133,24,110,133,66000,79800,1,0.9281437,1
train,29,data_29.csv,onset_leak,29_111_134,24,111,134,66600,80400,1,0.9334017,1
train,29,data_29.csv,onset_leak,29_112_135,24,112,135,67200,81000,1,0.9309694,1
train,29,data_29.csv,onset_leak,29_113_136,24,113,136,67800,81600,1,0.9489632,1
train,29,data_29.csv,onset_leak,29_114_137,24,114,137,68400,82200,1,0.965084,1
train,29,data_29.csv,onset_leak,29_115_138,24,115,138,69000,82800,1,0.9392033,1
train,29,data_29.csv,onset_leak,29_116_139,24,116,139,69600,83400,1,0.8466816,1
train,29,data_29.csv,onset_leak,29_117_140,24,117,140,70200,84000,1,0.87863207,1
train,29,data_29.csv,onset_leak,29_118_141,24,118,141,70800,84600,1,0.8604211,1
train,29,data_29.csv,onset_leak,29_119_142,24,119,142,71400,85200,1,0.9108627,1
train,29,data_29.csv,onset_leak,29_120_143,24,120,143,72000,85800,1,0.9524253,1
train,29,data_29.csv,onset_leak,29_121_144,24,121,144,72600,86400,1,0.70631087,1
train,31,data_31.csv,persistent_leak,31_0_23,24,0,23,0,13800,1,0.16743584,0
train,31,data_31.csv,persistent_leak,31_1_24,24,1,24,600,14400,1,0.29018044,0
train,31,data_31.csv,persistent_leak,31_2_25,24,2,25,1200,15000,1,0.41459325,0
train,31,data_31.csv,persistent_leak,31_3_26,24,3,26,1800,15600,1,0.47309497,0
train,31,data_31.csv,persistent_leak,31_4_27,24,4,27,2400,16200,1,0.4514601,0
train,31,data_31.csv,persistent_leak,31_5_28,24,5,28,3000,16800,1,0.4351615,0
train,31,data_31.csv,persistent_leak,31_6_29,24,6,29,3600,17400,1,0.38084736,0
train,31,data_31.csv,persistent_leak,31_7_30,24,7,30,4200,18000,1,0.5251126,0
train,31,data_31.csv,persistent_leak,31_8_31,24,8,31,4800,18600,1,0.5707391,0
train,31,data_31.csv,persistent_leak,31_9_32,24,9,32,5400,19200,1,0.57016766,0
train,31,data_31.csv,persistent_leak,31_10_33,24,10,33,6000,19800,1,0.48029745,0
train,31,data_31.csv,persistent_leak,31_11_34,24,11,34,6600,20400,1,0.47259662,0
train,31,data_31.csv,persistent_leak,31_12_35,24,12,35,7200,21000,1,0.4024845,0
train,31,data_31.csv,persistent_leak,31_13_36,24,13,36,7800,21600,1,0.46415153,0
train,31,data_31.csv,persistent_leak,31_14_37,24,14,37,8400,22200,1,0.4335023,0
train,31,data_31.csv,persistent_leak,31_15_38,24,15,38,9000,22800,1,0.421237,0
train,31,data_31.csv,persistent_leak,31_16_39,24,16,39,9600,23400,1,0.38016966,0
train,31,data_31.csv,persistent_leak,31_17_40,24,17,40,10200,24000,1,0.36821637,0
train,31,data_31.csv,persistent_leak,31_18_41,24,18,41,10800,24600,1,0.2761317,0
train,31,data_31.csv,persistent_leak,31_19_42,24,19,42,11400,25200,1,0.41751394,0
train,31,data_31.csv,persistent_leak,31_20_43,24,20,43,12000,25800,1,0.46839783,0
train,31,data_31.csv,persistent_leak,31_21_44,24,21,44,12600,26400,1,0.4952967,0
train,31,data_31.csv,persistent_leak,31_22_45,24,22,45,13200,27000,1,0.50294185,0
train,31,data_31.csv,persistent_leak,31_23_46,24,23,46,13800,27600,1,0.51772577,0
train,31,data_31.csv,persistent_leak,31_24_47,24,24,47,14400,28200,1,0.48624843,0
train,31,data_31.csv,persistent_leak,31_25_48,24,25,48,15000,28800,1,0.6083149,1
train,31,data_31.csv,persistent_leak,31_26_49,24,26,49,15600,29400,1,0.68794906,1
train,31,data_31.csv,persistent_leak,31_27_50,24,27,50,16200,30000,1,0.6855447,1
train,31,data_31.csv,persistent_leak,31_28_51,24,28,51,16800,30600,1,0.68283707,1
train,31,data_31.csv,persistent_leak,31_29_52,24,29,52,17400,31200,1,0.73340154,1
train,31,data_31.csv,persistent_leak,31_30_53,24,30,53,18000,31800,1,0.7447421,1
train,31,data_31.csv,persistent_leak,31_31_54,24,31,54,18600,32400,1,0.6351166,1
train,31,data_31.csv,persistent_leak,31_32_55,24,32,55,19200,33000,1,0.5794083,0
train,31,data_31.csv,persistent_leak,31_33_56,24,33,56,19800,33600,1,0.5290746,0
train,31,data_31.csv,persistent_leak,31_34_57,24,34,57,20400,34200,1,0.5089205,0
train,31,data_31.csv,persistent_leak,31_35_58,24,35,58,21000,34800,1,0.5201308,0
train,31,data_31.csv,persistent_leak,31_36_59,24,36,59,21600,35400,1,0.5260483,0
train,31,data_31.csv,persistent_leak,31_37_60,24,37,60,22200,36000,1,0.5664328,0
train,31,data_31.csv,persistent_leak,31_38_61,24,38,61,22800,36600,1,0.59157073,0
train,31,data_31.csv,persistent_leak,31_39_62,24,39,62,23400,37200,1,0.61468357,1
train,31,data_31.csv,persistent_leak,31_40_63,24,40,63,24000,37800,1,0.62990403,1
train,31,data_31.csv,persistent_leak,31_41_64,24,41,64,24600,38400,1,0.64970386,1
train,31,data_31.csv,persistent_leak,31_42_65,24,42,65,25200,39000,1,0.69073284,1
train,31,data_31.csv,persistent_leak,31_43_66,24,43,66,25800,39600,1,0.7207987,1
train,31,data_31.csv,persistent_leak,31_44_67,24,44,67,26400,40200,1,0.76409894,1
train,31,data_31.csv,persistent_leak,31_45_68,24,45,68,27000,40800,1,0.771895,1
train,31,data_31.csv,persistent_leak,31_46_69,24,46,69,27600,41400,1,0.7918498,1
train,31,data_31.csv,persistent_leak,31_47_70,24,47,70,28200,42000,1,0.8203722,1
train,31,data_31.csv,persistent_leak,31_48_71,24,48,71,28800,42600,1,0.8493738,1
train,31,data_31.csv,persistent_leak,31_49_72,24,49,72,29400,43200,1,0.9190404,1
train,31,data_31.csv,persistent_leak,31_50_73,24,50,73,30000,43800,1,0.9554988,1
train,31,data_31.csv,persistent_leak,31_51_74,24,51,74,30600,44400,1,0.952683,1
train,31,data_31.csv,persistent_leak,31_52_75,24,52,75,31200,45000,1,0.95593303,1
train,31,data_31.csv,persistent_leak,31_53_76,24,53,76,31800,45600,1,0.9530202,1
train,31,data_31.csv,persistent_leak,31_54_77,24,54,77,32400,46200,1,0.9472424,1
train,31,data_31.csv,persistent_leak,31_55_78,24,55,78,33000,46800,1,0.9686695,1
train,31,data_31.csv,persistent_leak,31_56_79,24,56,79,33600,47400,1,0.9806456,1
train,31,data_31.csv,persistent_leak,31_57_80,24,57,80,34200,48000,1,0.9782151,1
train,31,data_31.csv,persistent_leak,31_58_81,24,58,81,34800,48600,1,0.97895765,1
train,31,data_31.csv,persistent_leak,31_59_82,24,59,82,35400,49200,1,0.97913146,1
train,31,data_31.csv,persistent_leak,31_60_83,24,60,83,36000,49800,1,0.9756538,1
train,31,data_31.csv,persistent_leak,31_61_84,24,61,84,36600,50400,1,0.98543555,1
train,31,data_31.csv,persistent_leak,31_62_85,24,62,85,37200,51000,1,0.9905558,1
train,31,data_31.csv,persistent_leak,31_63_86,24,63,86,37800,51600,1,0.9889243,1
train,31,data_31.csv,persistent_leak,31_64_87,24,64,87,38400,52200,1,0.9886241,1
train,31,data_31.csv,persistent_leak,31_65_88,24,65,88,39000,52800,1,0.98867667,1
train,31,data_31.csv,persistent_leak,31_66_89,24,66,89,39600,53400,1,0.98765403,1
train,31,data_31.csv,persistent_leak,31_67_90,24,67,90,40200,54000,1,0.99001825,1
train,31,data_31.csv,persistent_leak,31_68_91,24,68,91,40800,54600,1,0.9917641,1
train,31,data_31.csv,persistent_leak,31_69_92,24,69,92,41400,55200,1,0.9908194,1
train,31,data_31.csv,persistent_leak,31_70_93,24,70,93,42000,55800,1,0.9911788,1
train,31,data_31.csv,persistent_leak,31_71_94,24,71,94,42600,56400,1,0.9926649,1
train,31,data_31.csv,persistent_leak,31_72_95,24,72,95,43200,57000,1,0.9940499,1
train,31,data_31.csv,persistent_leak,31_73_96,24,73,96,43800,57600,1,0.993497,1
train,31,data_31.csv,persistent_leak,31_74_97,24,74,97,44400,58200,1,0.9928104,1
train,31,data_31.csv,persistent_leak,31_75_98,24,75,98,45000,58800,1,0.9929731,1
train,31,data_31.csv,persistent_leak,31_76_99,24,76,99,45600,59400,1,0.9932274,1
train,31,data_31.csv,persistent_leak,31_77_100,24,77,100,46200,60000,1,0.9942999,1
train,31,data_31.csv,persistent_leak,31_78_101,24,78,101,46800,60600,1,0.9953473,1
train,31,data_31.csv,persistent_leak,31_79_102,24,79,102,47400,61200,1,0.9949951,1
train,31,data_31.csv,persistent_leak,31_80_103,24,80,103,48000,61800,1,0.99462104,1
train,31,data_31.csv,persistent_leak,31_81_104,24,81,104,48600,62400,1,0.99499905,1
train,31,data_31.csv,persistent_leak,31_82_105,24,82,105,49200,63000,1,0.995193,1
train,31,data_31.csv,persistent_leak,31_83_106,24,83,106,49800,63600,1,0.9958395,1
train,31,data_31.csv,persistent_leak,31_84_107,24,84,107,50400,64200,1,0.9965486,1
train,31,data_31.csv,persistent_leak,31_85_108,24,85,108,51000,64800,1,0.9957052,1
train,31,data_31.csv,persistent_leak,31_86_109,24,86,109,51600,65400,1,0.99486995,1
train,31,data_31.csv,persistent_leak,31_87_110,24,87,110,52200,66000,1,0.99513394,1
train,31,data_31.csv,persistent_leak,31_88_111,24,88,111,52800,66600,1,0.9952082,1
train,31,data_31.csv,persistent_leak,31_89_112,24,89,112,53400,67200,1,0.99542797,1
train,31,data_31.csv,persistent_leak,31_90_113,24,90,113,54000,67800,1,0.99565226,1
train,31,data_31.csv,persistent_leak,31_91_114,24,91,114,54600,68400,1,0.9947891,1
train,31,data_31.csv,persistent_leak,31_92_115,24,92,115,55200,69000,1,0.9935927,1
train,31,data_31.csv,persistent_leak,31_93_116,24,93,116,55800,69600,1,0.99371886,1
train,31,data_31.csv,persistent_leak,31_94_117,24,94,117,56400,70200,1,0.9933739,1
train,31,data_31.csv,persistent_leak,31_95_118,24,95,118,57000,70800,1,0.9927798,1
train,31,data_31.csv,persistent_leak,31_96_119,24,96,119,57600,71400,1,0.99218374,1
train,31,data_31.csv,persistent_leak,31_97_120,24,97,120,58200,72000,1,0.9883384,1
train,31,data_31.csv,persistent_leak,31_98_121,24,98,121,58800,72600,1,0.9815762,1
train,31,data_31.csv,persistent_leak,31_99_122,24,99,122,59400,73200,1,0.9827519,1
train,31,data_31.csv,persistent_leak,31_100_123,24,100,123,60000,73800,1,0.982173,1
train,31,data_31.csv,persistent_leak,31_101_124,24,101,124,60600,74400,1,0.9816081,1
train,31,data_31.csv,persistent_leak,31_102_125,24,102,125,61200,75000,1,0.9811147,1
train,31,data_31.csv,persistent_leak,31_103_126,24,103,126,61800,75600,1,0.96841025,1
train,31,data_31.csv,persistent_leak,31_104_127,24,104,127,62400,76200,1,0.9413783,1
train,31,data_31.csv,persistent_leak,31_105_128,24,105,128,63000,76800,1,0.94614255,1
train,31,data_31.csv,persistent_leak,31_106_129,24,106,129,63600,77400,1,0.9418672,1
train,31,data_31.csv,persistent_leak,31_107_130,24,107,130,64200,78000,1,0.94457304,1
train,31,data_31.csv,persistent_leak,31_108_131,24,108,131,64800,78600,1,0.9501248,1
train,31,data_31.csv,persistent_leak,31_109_132,24,109,132,65400,79200,1,0.9379662,1
train,31,data_31.csv,persistent_leak,31_110_133,24,110,133,66000,79800,1,0.9058734,1
train,31,data_31.csv,persistent_leak,31_111_134,24,111,134,66600,80400,1,0.91852796,1
train,31,data_31.csv,persistent_leak,31_112_135,24,112,135,67200,81000,1,0.91057354,1
train,31,data_31.csv,persistent_leak,31_113_136,24,113,136,67800,81600,1,0.9193535,1
train,31,data_31.csv,persistent_leak,31_114_137,24,114,137,68400,82200,1,0.9279486,1
train,31,data_31.csv,persistent_leak,31_115_138,24,115,138,69000,82800,1,0.9062217,1
train,31,data_31.csv,persistent_leak,31_116_139,24,116,139,69600,83400,1,0.85131365,1
train,31,data_31.csv,persistent_leak,31_117_140,24,117,140,70200,84000,1,0.84366804,1
train,31,data_31.csv,persistent_leak,31_118_141,24,118,141,70800,84600,1,0.8149282,1
train,31,data_31.csv,persistent_leak,31_119_142,24,119,142,71400,85200,1,0.7955587,1
train,31,data_31.csv,persistent_leak,31_120_143,24,120,143,72000,85800,1,0.7660381,1
train,31,data_31.csv,persistent_leak,31_121_144,24,121,144,72600,86400,1,0.6900732,1
train,33,data_33.csv,persistent_leak,33_0_23,24,0,23,0,13800,1,0.28008866,0
train,33,data_33.csv,persistent_leak,33_1_24,24,1,24,600,14400,1,0.30487022,0
train,33,data_33.csv,persistent_leak,33_2_25,24,2,25,1200,15000,1,0.32269496,0
train,33,data_33.csv,persistent_leak,33_3_26,24,3,26,1800,15600,1,0.33137617,0
train,33,data_33.csv,persistent_leak,33_4_27,24,4,27,2400,16200,1,0.3360255,0
train,33,data_33.csv,persistent_leak,33_5_28,24,5,28,3000,16800,1,0.33536163,0
train,33,data_33.csv,persistent_leak,33_6_29,24,6,29,3600,17400,1,0.33240634,0
train,33,data_33.csv,persistent_leak,33_7_30,24,7,30,4200,18000,1,0.37570462,0
train,33,data_33.csv,persistent_leak,33_8_31,24,8,31,4800,18600,1,0.4144772,0
train,33,data_33.csv,persistent_leak,33_9_32,24,9,32,5400,19200,1,0.42195886,0
train,33,data_33.csv,persistent_leak,33_10_33,24,10,33,6000,19800,1,0.41776878,0
train,33,data_33.csv,persistent_leak,33_11_34,24,11,34,6600,20400,1,0.4079382,0
train,33,data_33.csv,persistent_leak,33_12_35,24,12,35,7200,21000,1,0.37563032,0
train,33,data_33.csv,persistent_leak,33_13_36,24,13,36,7800,21600,1,0.4408815,0
train,33,data_33.csv,persistent_leak,33_14_37,24,14,37,8400,22200,1,0.48182532,0
train,33,data_33.csv,persistent_leak,33_15_38,24,15,38,9000,22800,1,0.49962404,0
train,33,data_33.csv,persistent_leak,33_16_39,24,16,39,9600,23400,1,0.47495648,0
train,33,data_33.csv,persistent_leak,33_17_40,24,17,40,10200,24000,1,0.46909052,0
train,33,data_33.csv,persistent_leak,33_18_41,24,18,41,10800,24600,1,0.43038693,0
train,33,data_33.csv,persistent_leak,33_19_42,24,19,42,11400,25200,1,0.49186522,0
train,33,data_33.csv,persistent_leak,33_20_43,24,20,43,12000,25800,1,0.51241344,0
train,33,data_33.csv,persistent_leak,33_21_44,24,21,44,12600,26400,1,0.5315423,0
train,33,data_33.csv,persistent_leak,33_22_45,24,22,45,13200,27000,1,0.5139734,0
train,33,data_33.csv,persistent_leak,33_23_46,24,23,46,13800,27600,1,0.51226574,0
train,33,data_33.csv,persistent_leak,33_24_47,24,24,47,14400,28200,1,0.47607154,0
train,33,data_33.csv,persistent_leak,33_25_48,24,25,48,15000,28800,1,0.52775687,0
train,33,data_33.csv,persistent_leak,33_26_49,24,26,49,15600,29400,1,0.548924,0
train,33,data_33.csv,persistent_leak,33_27_50,24,27,50,16200,30000,1,0.56874716,0
train,33,data_33.csv,persistent_leak,33_28_51,24,28,51,16800,30600,1,0.56966627,0
train,33,data_33.csv,persistent_leak,33_29_52,24,29,52,17400,31200,1,0.569092,0
train,33,data_33.csv,persistent_leak,33_30_53,24,30,53,18000,31800,1,0.546952,0
train,33,data_33.csv,persistent_leak,33_31_54,24,31,54,18600,32400,1,0.59185123,0
train,33,data_33.csv,persistent_leak,33_32_55,24,32,55,19200,33000,1,0.6086577,1
train,33,data_33.csv,persistent_leak,33_33_56,24,33,56,19800,33600,1,0.6087965,1
train,33,data_33.csv,persistent_leak,33_34_57,24,34,57,20400,34200,1,0.60011846,1
train,33,data_33.csv,persistent_leak,33_35_58,24,35,58,21000,34800,1,0.6239822,1
train,33,data_33.csv,persistent_leak,33_36_59,24,36,59,21600,35400,1,0.6173324,1
train,33,data_33.csv,persistent_leak,33_37_60,24,37,60,22200,36000,1,0.76981246,1
train,33,data_33.csv,persistent_leak,33_38_61,24,38,61,22800,36600,1,0.83357453,1
train,33,data_33.csv,persistent_leak,33_39_62,24,39,62,23400,37200,1,0.8433527,1
train,33,data_33.csv,persistent_leak,33_40_63,24,40,63,24000,37800,1,0.8509639,1
train,33,data_33.csv,persistent_leak,33_41_64,24,41,64,24600,38400,1,0.8825584,1
train,33,data_33.csv,persistent_leak,33_42_65,24,42,65,25200,39000,1,0.88752764,1
train,33,data_33.csv,persistent_leak,33_43_66,24,43,66,25800,39600,1,0.92812365,1
train,33,data_33.csv,persistent_leak,33_44_67,24,44,67,26400,40200,1,0.9461012,1
train,33,data_33.csv,persistent_leak,33_45_68,24,45,68,27000,40800,1,0.943767,1
train,33,data_33.csv,persistent_leak,33_46_69,24,46,69,27600,41400,1,0.9385517,1
train,33,data_33.csv,persistent_leak,33_47_70,24,47,70,28200,42000,1,0.942383,1
train,33,data_33.csv,persistent_leak,33_48_71,24,48,71,28800,42600,1,0.92315096,1
train,33,data_33.csv,persistent_leak,33_49_72,24,49,72,29400,43200,1,0.92963606,1
train,33,data_33.csv,persistent_leak,33_50_73,24,50,73,30000,43800,1,0.94216263,1
train,33,data_33.csv,persistent_leak,33_51_74,24,51,74,30600,44400,1,0.9297841,1
train,33,data_33.csv,persistent_leak,33_52_75,24,52,75,31200,45000,1,0.923156,1
train,33,data_33.csv,persistent_leak,33_53_76,24,53,76,31800,45600,1,0.92829835,1
train,33,data_33.csv,persistent_leak,33_54_77,24,54,77,32400,46200,1,0.9305683,1
train,33,data_33.csv,persistent_leak,33_55_78,24,55,78,33000,46800,1,0.94481575,1
train,33,data_33.csv,persistent_leak,33_56_79,24,56,79,33600,47400,1,0.9572215,1
train,33,data_33.csv,persistent_leak,33_57_80,24,57,80,34200,48000,1,0.9546971,1
train,33,data_33.csv,persistent_leak,33_58_81,24,58,81,34800,48600,1,0.95830107,1
train,33,data_33.csv,persistent_leak,33_59_82,24,59,82,35400,49200,1,0.9674151,1
train,33,data_33.csv,persistent_leak,33_60_83,24,60,83,36000,49800,1,0.9762004,1
train,33,data_33.csv,persistent_leak,33_61_84,24,61,84,36600,50400,1,0.97848004,1
train,33,data_33.csv,persistent_leak,33_62_85,24,62,85,37200,51000,1,0.98082,1
train,33,data_33.csv,persistent_leak,33_63_86,24,63,86,37800,51600,1,0.981234,1
train,33,data_33.csv,persistent_leak,33_64_87,24,64,87,38400,52200,1,0.98278296,1
train,33,data_33.csv,persistent_leak,33_65_88,24,65,88,39000,52800,1,0.985629,1
train,33,data_33.csv,persistent_leak,33_66_89,24,66,89,39600,53400,1,0.9883482,1
train,33,data_33.csv,persistent_leak,33_67_90,24,67,90,40200,54000,1,0.98770916,1
train,33,data_33.csv,persistent_leak,33_68_91,24,68,91,40800,54600,1,0.9870569,1
train,33,data_33.csv,persistent_leak,33_69_92,24,69,92,41400,55200,1,0.9871191,1
train,33,data_33.csv,persistent_leak,33_70_93,24,70,93,42000,55800,1,0.9872457,1
train,33,data_33.csv,persistent_leak,33_71_94,24,71,94,42600,56400,1,0.987986,1
train,33,data_33.csv,persistent_leak,33_72_95,24,72,95,43200,57000,1,0.98876756,1
train,33,data_33.csv,persistent_leak,33_73_96,24,73,96,43800,57600,1,0.9873861,1
train,33,data_33.csv,persistent_leak,33_74_97,24,74,97,44400,58200,1,0.9858342,1
train,33,data_33.csv,persistent_leak,33_75_98,24,75,98,45000,58800,1,0.98619604,1
train,33,data_33.csv,persistent_leak,33_76_99,24,76,99,45600,59400,1,0.98611605,1
train,33,data_33.csv,persistent_leak,33_77_100,24,77,100,46200,60000,1,0.9867448,1
train,33,data_33.csv,persistent_leak,33_78_101,24,78,101,46800,60600,1,0.98750347,1
train,33,data_33.csv,persistent_leak,33_79_102,24,79,102,47400,61200,1,0.98751485,1
train,33,data_33.csv,persistent_leak,33_80_103,24,80,103,48000,61800,1,0.9876046,1
train,33,data_33.csv,persistent_leak,33_81_104,24,81,104,48600,62400,1,0.9880293,1
train,33,data_33.csv,persistent_leak,33_82_105,24,82,105,49200,63000,1,0.98819554,1
train,33,data_33.csv,persistent_leak,33_83_106,24,83,106,49800,63600,1,0.9884984,1
train,33,data_33.csv,persistent_leak,33_84_107,24,84,107,50400,64200,1,0.988952,1
train,33,data_33.csv,persistent_leak,33_85_108,24,85,108,51000,64800,1,0.98935133,1
train,33,data_33.csv,persistent_leak,33_86_109,24,86,109,51600,65400,1,0.98992515,1
train,33,data_33.csv,persistent_leak,33_87_110,24,87,110,52200,66000,1,0.9898342,1
train,33,data_33.csv,persistent_leak,33_88_111,24,88,111,52800,66600,1,0.98987913,1
train,33,data_33.csv,persistent_leak,33_89_112,24,89,112,53400,67200,1,0.9895047,1
train,33,data_33.csv,persistent_leak,33_90_113,24,90,113,54000,67800,1,0.9890057,1
train,33,data_33.csv,persistent_leak,33_91_114,24,91,114,54600,68400,1,0.9796203,1
train,33,data_33.csv,persistent_leak,33_92_115,24,92,115,55200,69000,1,0.96309793,1
train,33,data_33.csv,persistent_leak,33_93_116,24,93,116,55800,69600,1,0.96143544,1
train,33,data_33.csv,persistent_leak,33_94_117,24,94,117,56400,70200,1,0.9558478,1
train,33,data_33.csv,persistent_leak,33_95_118,24,95,118,57000,70800,1,0.9533207,1
train,33,data_33.csv,persistent_leak,33_96_119,24,96,119,57600,71400,1,0.95007443,1
train,33,data_33.csv,persistent_leak,33_97_120,24,97,120,58200,72000,1,0.9308096,1
train,33,data_33.csv,persistent_leak,33_98_121,24,98,121,58800,72600,1,0.8933799,1
train,33,data_33.csv,persistent_leak,33_99_122,24,99,122,59400,73200,1,0.91207844,1
train,33,data_33.csv,persistent_leak,33_100_123,24,100,123,60000,73800,1,0.9086402,1
train,33,data_33.csv,persistent_leak,33_101_124,24,101,124,60600,74400,1,0.92275846,1
train,33,data_33.csv,persistent_leak,33_102_125,24,102,125,61200,75000,1,0.93787897,1
train,33,data_33.csv,persistent_leak,33_103_126,24,103,126,61800,75600,1,0.93447477,1
train,33,data_33.csv,persistent_leak,33_104_127,24,104,127,62400,76200,1,0.9242295,1
train,33,data_33.csv,persistent_leak,33_105_128,24,105,128,63000,76800,1,0.93629014,1
train,33,data_33.csv,persistent_leak,33_106_129,24,106,129,63600,77400,1,0.9357358,1
train,33,data_33.csv,persistent_leak,33_107_130,24,107,130,64200,78000,1,0.9468873,1
train,33,data_33.csv,persistent_leak,33_108_131,24,108,131,64800,78600,1,0.9537556,1
train,33,data_33.csv,persistent_leak,33_109_132,24,109,132,65400,79200,1,0.9336584,1
train,33,data_33.csv,persistent_leak,33_110_133,24,110,133,66000,79800,1,0.89924127,1
train,33,data_33.csv,persistent_leak,33_111_134,24,111,134,66600,80400,1,0.8805109,1
train,33,data_33.csv,persistent_leak,33_112_135,24,112,135,67200,81000,1,0.8654551,1
train,33,data_33.csv,persistent_leak,33_113_136,24,113,136,67800,81600,1,0.8258824,1
train,33,data_33.csv,persistent_leak,33_114_137,24,114,137,68400,82200,1,0.7777943,1
train,33,data_33.csv,persistent_leak,33_115_138,24,115,138,69000,82800,1,0.72432,1
train,33,data_33.csv,persistent_leak,33_116_139,24,116,139,69600,83400,1,0.63336706,1
train,33,data_33.csv,persistent_leak,33_117_140,24,117,140,70200,84000,1,0.59540665,0
train,33,data_33.csv,persistent_leak,33_118_141,24,118,141,70800,84600,1,0.5360998,0
train,33,data_33.csv,persistent_leak,33_119_142,24,119,142,71400,85200,1,0.43706092,0
train,33,data_33.csv,persistent_leak,33_120_143,24,120,143,72000,85800,1,0.30245444,0
train,33,data_33.csv,persistent_leak,33_121_144,24,121,144,72600,86400,1,0.294947,0
train,35,data_35.csv,persistent_leak,35_0_23,24,0,23,0,13800,1,0.166791,0
train,35,data_35.csv,persistent_leak,35_1_24,24,1,24,600,14400,1,0.3880142,0
train,35,data_35.csv,persistent_leak,35_2_25,24,2,25,1200,15000,1,0.58303356,0
train,35,data_35.csv,persistent_leak,35_3_26,24,3,26,1800,15600,1,0.6308445,1
train,35,data_35.csv,persistent_leak,35_4_27,24,4,27,2400,16200,1,0.62027425,1
train,35,data_35.csv,persistent_leak,35_5_28,24,5,28,3000,16800,1,0.64019,1
train,35,data_35.csv,persistent_leak,35_6_29,24,6,29,3600,17400,1,0.63881046,1
train,35,data_35.csv,persistent_leak,35_7_30,24,7,30,4200,18000,1,0.6921999,1
train,35,data_35.csv,persistent_leak,35_8_31,24,8,31,4800,18600,1,0.697237,1
train,35,data_35.csv,persistent_leak,35_9_32,24,9,32,5400,19200,1,0.7167116,1
train,35,data_35.csv,persistent_leak,35_10_33,24,10,33,6000,19800,1,0.71968246,1
train,35,data_35.csv,persistent_leak,35_11_34,24,11,34,6600,20400,1,0.7495034,1
train,35,data_35.csv,persistent_leak,35_12_35,24,12,35,7200,21000,1,0.7276252,1
train,35,data_35.csv,persistent_leak,35_13_36,24,13,36,7800,21600,1,0.77320033,1
train,35,data_35.csv,persistent_leak,35_14_37,24,14,37,8400,22200,1,0.7671062,1
train,35,data_35.csv,persistent_leak,35_15_38,24,15,38,9000,22800,1,0.7349057,1
train,35,data_35.csv,persistent_leak,35_16_39,24,16,39,9600,23400,1,0.68533224,1
train,35,data_35.csv,persistent_leak,35_17_40,24,17,40,10200,24000,1,0.6644281,1
train,35,data_35.csv,persistent_leak,35_18_41,24,18,41,10800,24600,1,0.57319397,0
train,35,data_35.csv,persistent_leak,35_19_42,24,19,42,11400,25200,1,0.6390318,1
train,35,data_35.csv,persistent_leak,35_20_43,24,20,43,12000,25800,1,0.68577915,1
train,35,data_35.csv,persistent_leak,35_21_44,24,21,44,12600,26400,1,0.6647864,1
train,35,data_35.csv,persistent_leak,35_22_45,24,22,45,13200,27000,1,0.63937086,1
train,35,data_35.csv,persistent_leak,35_23_46,24,23,46,13800,27600,1,0.66582024,1
train,35,data_35.csv,persistent_leak,35_24_47,24,24,47,14400,28200,1,0.69671005,1
train,35,data_35.csv,persistent_leak,35_25_48,24,25,48,15000,28800,1,0.8074059,1
train,35,data_35.csv,persistent_leak,35_26_49,24,26,49,15600,29400,1,0.88414687,1
train,35,data_35.csv,persistent_leak,35_27_50,24,27,50,16200,30000,1,0.87767714,1
train,35,data_35.csv,persistent_leak,35_28_51,24,28,51,16800,30600,1,0.88642913,1
train,35,data_35.csv,persistent_leak,35_29_52,24,29,52,17400,31200,1,0.90460145,1
train,35,data_35.csv,persistent_leak,35_30_53,24,30,53,18000,31800,1,0.92106915,1
train,35,data_35.csv,persistent_leak,35_31_54,24,31,54,18600,32400,1,0.87678003,1
train,35,data_35.csv,persistent_leak,35_32_55,24,32,55,19200,33000,1,0.8262917,1
train,35,data_35.csv,persistent_leak,35_33_56,24,33,56,19800,33600,1,0.8078276,1
train,35,data_35.csv,persistent_leak,35_34_57,24,34,57,20400,34200,1,0.8015572,1
train,35,data_35.csv,persistent_leak,35_35_58,24,35,58,21000,34800,1,0.81488794,1
train,35,data_35.csv,persistent_leak,35_36_59,24,36,59,21600,35400,1,0.82026345,1
train,35,data_35.csv,persistent_leak,35_37_60,24,37,60,22200,36000,1,0.83926195,1
train,35,data_35.csv,persistent_leak,35_38_61,24,38,61,22800,36600,1,0.83785063,1
train,35,data_35.csv,persistent_leak,35_39_62,24,39,62,23400,37200,1,0.85338646,1
train,35,data_35.csv,persistent_leak,35_40_63,24,40,63,24000,37800,1,0.85694027,1
train,35,data_35.csv,persistent_leak,35_41_64,24,41,64,24600,38400,1,0.8690026,1
train,35,data_35.csv,persistent_leak,35_42_65,24,42,65,25200,39000,1,0.8915192,1
train,35,data_35.csv,persistent_leak,35_43_66,24,43,66,25800,39600,1,0.89365566,1
train,35,data_35.csv,persistent_leak,35_44_67,24,44,67,26400,40200,1,0.905044,1
train,35,data_35.csv,persistent_leak,35_45_68,24,45,68,27000,40800,1,0.911054,1
train,35,data_35.csv,persistent_leak,35_46_69,24,46,69,27600,41400,1,0.923717,1
train,35,data_35.csv,persistent_leak,35_47_70,24,47,70,28200,42000,1,0.93929964,1
train,35,data_35.csv,persistent_leak,35_48_71,24,48,71,28800,42600,1,0.9527959,1
train,35,data_35.csv,persistent_leak,35_49_72,24,49,72,29400,43200,1,0.96943843,1
train,35,data_35.csv,persistent_leak,35_50_73,24,50,73,30000,43800,1,0.98051125,1
train,35,data_35.csv,persistent_leak,35_51_74,24,51,74,30600,44400,1,0.97906005,1
train,35,data_35.csv,persistent_leak,35_52_75,24,52,75,31200,45000,1,0.9800499,1
train,35,data_35.csv,persistent_leak,35_53_76,24,53,76,31800,45600,1,0.97725505,1
train,35,data_35.csv,persistent_leak,35_54_77,24,54,77,32400,46200,1,0.97367555,1
train,35,data_35.csv,persistent_leak,35_55_78,24,55,78,33000,46800,1,0.9819119,1
train,35,data_35.csv,persistent_leak,35_56_79,24,56,79,33600,47400,1,0.9877257,1
train,35,data_35.csv,persistent_leak,35_57_80,24,57,80,34200,48000,1,0.98579895,1
train,35,data_35.csv,persistent_leak,35_58_81,24,58,81,34800,48600,1,0.9860129,1
train,35,data_35.csv,persistent_leak,35_59_82,24,59,82,35400,49200,1,0.98529005,1
train,35,data_35.csv,persistent_leak,35_60_83,24,60,83,36000,49800,1,0.98222923,1
train,35,data_35.csv,persistent_leak,35_61_84,24,61,84,36600,50400,1,0.9892218,1
train,35,data_35.csv,persistent_leak,35_62_85,24,62,85,37200,51000,1,0.99275124,1
train,35,data_35.csv,persistent_leak,35_63_86,24,63,86,37800,51600,1,0.99171174,1
train,35,data_35.csv,persistent_leak,35_64_87,24,64,87,38400,52200,1,0.9915296,1
train,35,data_35.csv,persistent_leak,35_65_88,24,65,88,39000,52800,1,0.9913408,1
train,35,data_35.csv,persistent_leak,35_66_89,24,66,89,39600,53400,1,0.990724,1
train,35,data_35.csv,persistent_leak,35_67_90,24,67,90,40200,54000,1,0.9928669,1
train,35,data_35.csv,persistent_leak,35_68_91,24,68,91,40800,54600,1,0.9945192,1
train,35,data_35.csv,persistent_leak,35_69_92,24,69,92,41400,55200,1,0.9940355,1
train,35,data_35.csv,persistent_leak,35_70_93,24,70,93,42000,55800,1,0.9944243,1
train,35,data_35.csv,persistent_leak,35_71_94,24,71,94,42600,56400,1,0.9953414,1
train,35,data_35.csv,persistent_leak,35_72_95,24,72,95,43200,57000,1,0.99612504,1
train,35,data_35.csv,persistent_leak,35_73_96,24,73,96,43800,57600,1,0.9966246,1
train,35,data_35.csv,persistent_leak,35_74_97,24,74,97,44400,58200,1,0.99699414,1
train,35,data_35.csv,persistent_leak,35_75_98,24,75,98,45000,58800,1,0.99697435,1
train,35,data_35.csv,persistent_leak,35_76_99,24,76,99,45600,59400,1,0.99714404,1
train,35,data_35.csv,persistent_leak,35_77_100,24,77,100,46200,60000,1,0.9974585,1
train,35,data_35.csv,persistent_leak,35_78_101,24,78,101,46800,60600,1,0.9977906,1
train,35,data_35.csv,persistent_leak,35_79_102,24,79,102,47400,61200,1,0.99858415,1
train,35,data_35.csv,persistent_leak,35_80_103,24,80,103,48000,61800,1,0.9990996,1
train,35,data_35.csv,persistent_leak,35_81_104,24,81,104,48600,62400,1,0.9991177,1
train,35,data_35.csv,persistent_leak,35_82_105,24,82,105,49200,63000,1,0.999203,1
train,35,data_35.csv,persistent_leak,35_83_106,24,83,106,49800,63600,1,0.9992712,1
train,35,data_35.csv,persistent_leak,35_84_107,24,84,107,50400,64200,1,0.9993795,1
train,35,data_35.csv,persistent_leak,35_85_108,24,85,108,51000,64800,1,0.9994104,1
train,35,data_35.csv,persistent_leak,35_86_109,24,86,109,51600,65400,1,0.99946946,1
train,35,data_35.csv,persistent_leak,35_87_110,24,87,110,52200,66000,1,0.9994273,1
train,35,data_35.csv,persistent_leak,35_88_111,24,88,111,52800,66600,1,0.9994289,1
train,35,data_35.csv,persistent_leak,35_89_112,24,89,112,53400,67200,1,0.9994412,1
train,35,data_35.csv,persistent_leak,35_90_113,24,90,113,54000,67800,1,0.99943227,1
train,35,data_35.csv,persistent_leak,35_91_114,24,91,114,54600,68400,1,0.99935347,1
train,35,data_35.csv,persistent_leak,35_92_115,24,92,115,55200,69000,1,0.9992136,1
train,35,data_35.csv,persistent_leak,35_93_116,24,93,116,55800,69600,1,0.9991972,1
train,35,data_35.csv,persistent_leak,35_94_117,24,94,117,56400,70200,1,0.99915624,1
train,35,data_35.csv,persistent_leak,35_95_118,24,95,118,57000,70800,1,0.99915576,1
train,35,data_35.csv,persistent_leak,35_96_119,24,96,119,57600,71400,1,0.9991602,1
train,35,data_35.csv,persistent_leak,35_97_120,24,97,120,58200,72000,1,0.9984364,1
train,35,data_35.csv,persistent_leak,35_98_121,24,98,121,58800,72600,1,0.9971808,1
train,35,data_35.csv,persistent_leak,35_99_122,24,99,122,59400,73200,1,0.99736196,1
train,35,data_35.csv,persistent_leak,35_100_123,24,100,123,60000,73800,1,0.9974064,1
train,35,data_35.csv,persistent_leak,35_101_124,24,101,124,60600,74400,1,0.9979898,1
train,35,data_35.csv,persistent_leak,35_102_125,24,102,125,61200,75000,1,0.9984862,1
train,35,data_35.csv,persistent_leak,35_103_126,24,103,126,61800,75600,1,0.99695814,1
train,35,data_35.csv,persistent_leak,35_104_127,24,104,127,62400,76200,1,0.99258256,1
train,35,data_35.csv,persistent_leak,35_105_128,24,105,128,63000,76800,1,0.99434966,1
train,35,data_35.csv,persistent_leak,35_106_129,24,106,129,63600,77400,1,0.99382377,1
train,35,data_35.csv,persistent_leak,35_107_130,24,107,130,64200,78000,1,0.995033,1
train,35,data_35.csv,persistent_leak,35_108_131,24,108,131,64800,78600,1,0.99647,1
train,35,data_35.csv,persistent_leak,35_109_132,24,109,132,65400,79200,1,0.9949137,1
train,35,data_35.csv,persistent_leak,35_110_133,24,110,133,66000,79800,1,0.98992866,1
train,35,data_35.csv,persistent_leak,35_111_134,24,111,134,66600,80400,1,0.991836,1
train,35,data_35.csv,persistent_leak,35_112_135,24,112,135,67200,81000,1,0.9906014,1
train,35,data_35.csv,persistent_leak,35_113_136,24,113,136,67800,81600,1,0.99156743,1
train,35,data_35.csv,persistent_leak,35_114_137,24,114,137,68400,82200,1,0.99208766,1
train,35,data_35.csv,persistent_leak,35_115_138,24,115,138,69000,82800,1,0.9876774,1
train,35,data_35.csv,persistent_leak,35_116_139,24,116,139,69600,83400,1,0.974212,1
train,35,data_35.csv,persistent_leak,35_117_140,24,117,140,70200,84000,1,0.97051954,1
train,35,data_35.csv,persistent_leak,35_118_141,24,118,141,70800,84600,1,0.9633213,1
train,35,data_35.csv,persistent_leak,35_119_142,24,119,142,71400,85200,1,0.95522106,1
train,35,data_35.csv,persistent_leak,35_120_143,24,120,143,72000,85800,1,0.94195026,1
train,35,data_35.csv,persistent_leak,35_121_144,24,121,144,72600,86400,1,0.9099879,1
train,36,data_36.csv,onset_leak,36_0_23,24,0,23,0,13800,0,4.1547143e-08,0
train,36,data_36.csv,onset_leak,36_1_24,24,1,24,600,14400,0,6.477554e-08,0
train,36,data_36.csv,onset_leak,36_2_25,24,2,25,1200,15000,0,8.1566434e-08,0
train,36,data_36.csv,onset_leak,36_3_26,24,3,26,1800,15600,0,6.916937e-08,0
train,36,data_36.csv,onset_leak,36_4_27,24,4,27,2400,16200,0,4.748191e-08,0
train,36,data_36.csv,onset_leak,36_5_28,24,5,28,3000,16800,0,3.4019205e-08,0
train,36,data_36.csv,onset_leak,36_6_29,24,6,29,3600,17400,0,2.0850452e-08,0
train,36,data_36.csv,onset_leak,36_7_30,24,7,30,4200,18000,0,3.0084152e-08,0
train,36,data_36.csv,onset_leak,36_8_31,24,8,31,4800,18600,0,3.8085826e-08,0
train,36,data_36.csv,onset_leak,36_9_32,24,9,32,5400,19200,0,4.930976e-08,0
train,36,data_36.csv,onset_leak,36_10_33,24,10,33,6000,19800,0,4.5276888e-08,0
train,36,data_36.csv,onset_leak,36_11_34,24,11,34,6600,20400,0,5.0460432e-08,0
train,36,data_36.csv,onset_leak,36_12_35,24,12,35,7200,21000,0,4.8893376e-08,0
train,36,data_36.csv,onset_leak,36_13_36,24,13,36,7800,21600,0,6.173185e-08,0
train,36,data_36.csv,onset_leak,36_14_37,24,14,37,8400,22200,0,6.069416e-08,0
train,36,data_36.csv,onset_leak,36_15_38,24,15,38,9000,22800,0,7.2082834e-08,0
train,36,data_36.csv,onset_leak,36_16_39,24,16,39,9600,23400,0,6.987974e-08,0
train,36,data_36.csv,onset_leak,36_17_40,24,17,40,10200,24000,0,7.763227e-08,0
train,36,data_36.csv,onset_leak,36_18_41,24,18,41,10800,24600,0,7.600174e-08,0
train,36,data_36.csv,onset_leak,36_19_42,24,19,42,11400,25200,0,1.8571791e-07,0
train,36,data_36.csv,onset_leak,36_20_43,24,20,43,12000,25800,0,3.3638818e-07,0
train,36,data_36.csv,onset_leak,36_21_44,24,21,44,12600,26400,0,7.6556995e-07,0
train,36,data_36.csv,onset_leak,36_22_45,24,22,45,13200,27000,0,1.1554489e-06,0
train,36,data_36.csv,onset_leak,36_23_46,24,23,46,13800,27600,0,1.9652957e-06,0
train,36,data_36.csv,onset_leak,36_24_47,24,24,47,14400,28200,0,2.8873928e-06,0
train,36,data_36.csv,onset_leak,36_25_48,24,25,48,15000,28800,0,6.2126705e-06,0
train,36,data_36.csv,onset_leak,36_26_49,24,26,49,15600,29400,0,1.0314399e-05,0
train,36,data_36.csv,onset_leak,36_27_50,24,27,50,16200,30000,0,2.5404745e-05,0
train,36,data_36.csv,onset_leak,36_28_51,24,28,51,16800,30600,0,3.5283494e-05,0
train,36,data_36.csv,onset_leak,36_29_52,24,29,52,17400,31200,0,6.761062e-05,0
train,36,data_36.csv,onset_leak,36_30_53,24,30,53,18000,31800,0,0.00010333815,0
train,36,data_36.csv,onset_leak,36_31_54,24,31,54,18600,32400,0,0.00011731099,0
train,36,data_36.csv,onset_leak,36_32_55,24,32,55,19200,33000,0,9.85721e-05,0
train,36,data_36.csv,onset_leak,36_33_56,24,33,56,19800,33600,0,0.00013336645,0
train,36,data_36.csv,onset_leak,36_34_57,24,34,57,20400,34200,0,0.00016370835,0
train,36,data_36.csv,onset_leak,36_35_58,24,35,58,21000,34800,0,0.00022906883,0
train,36,data_36.csv,onset_leak,36_36_59,24,36,59,21600,35400,0,0.0002838636,0
train,36,data_36.csv,onset_leak,36_37_60,24,37,60,22200,36000,0,0.0006935952,0
train,36,data_36.csv,onset_leak,36_38_61,24,38,61,22800,36600,0,0.0014365228,0
train,36,data_36.csv,onset_leak,36_39_62,24,39,62,23400,37200,0,0.0037619597,0
train,36,data_36.csv,onset_leak,36_40_63,24,40,63,24000,37800,0,0.00807232,0
train,36,data_36.csv,onset_leak,36_41_64,24,41,64,24600,38400,0,0.016613,0
train,36,data_36.csv,onset_leak,36_42_65,24,42,65,25200,39000,0,0.030217493,0
train,36,data_36.csv,onset_leak,36_43_66,24,43,66,25800,39600,0,0.09523268,0
train,36,data_36.csv,onset_leak,36_44_67,24,44,67,26400,40200,0,0.18765979,0
train,36,data_36.csv,onset_leak,36_45_68,24,45,68,27000,40800,0,0.34184316,0
train,36,data_36.csv,onset_leak,36_46_69,24,46,69,27600,41400,0,0.40150803,0
train,36,data_36.csv,onset_leak,36_47_70,24,47,70,28200,42000,0,0.6510269,1
train,36,data_36.csv,onset_leak,36_48_71,24,48,71,28800,42600,0,0.713833,1
train,36,data_36.csv,onset_leak,36_49_72,24,49,72,29400,43200,1,0.94534355,1
train,36,data_36.csv,onset_leak,36_50_73,24,50,73,30000,43800,1,0.9777811,1
train,36,data_36.csv,onset_leak,36_51_74,24,51,74,30600,44400,1,0.98100865,1
train,36,data_36.csv,onset_leak,36_52_75,24,52,75,31200,45000,1,0.9832766,1
train,36,data_36.csv,onset_leak,36_53_76,24,53,76,31800,45600,1,0.9898461,1
train,36,data_36.csv,onset_leak,36_54_77,24,54,77,32400,46200,1,0.9929476,1
train,36,data_36.csv,onset_leak,36_55_78,24,55,78,33000,46800,1,0.9848305,1
train,36,data_36.csv,onset_leak,36_56_79,24,56,79,33600,47400,1,0.974916,1
train,36,data_36.csv,onset_leak,36_57_80,24,57,80,34200,48000,1,0.9549093,1
train,36,data_36.csv,onset_leak,36_58_81,24,58,81,34800,48600,1,0.92215085,1
train,36,data_36.csv,onset_leak,36_59_82,24,59,82,35400,49200,1,0.91977525,1
train,36,data_36.csv,onset_leak,36_60_83,24,60,83,36000,49800,1,0.8474851,1
train,36,data_36.csv,onset_leak,36_61_84,24,61,84,36600,50400,1,0.8002191,1
train,36,data_36.csv,onset_leak,36_62_85,24,62,85,37200,51000,1,0.7035961,1
train,36,data_36.csv,onset_leak,36_63_86,24,63,86,37800,51600,1,0.68790305,1
train,36,data_36.csv,onset_leak,36_64_87,24,64,87,38400,52200,1,0.66531,1
train,36,data_36.csv,onset_leak,36_65_88,24,65,88,39000,52800,1,0.7185532,1
train,36,data_36.csv,onset_leak,36_66_89,24,66,89,39600,53400,1,0.796411,1
train,36,data_36.csv,onset_leak,36_67_90,24,67,90,40200,54000,1,0.7613998,1
train,36,data_36.csv,onset_leak,36_68_91,24,68,91,40800,54600,1,0.758331,1
train,36,data_36.csv,onset_leak,36_69_92,24,69,92,41400,55200,1,0.85243237,1
train,36,data_36.csv,onset_leak,36_70_93,24,70,93,42000,55800,1,0.9038752,1
train,36,data_36.csv,onset_leak,36_71_94,24,71,94,42600,56400,1,0.9641953,1
train,36,data_36.csv,onset_leak,36_72_95,24,72,95,43200,57000,1,0.9892793,1
train,36,data_36.csv,onset_leak,36_73_96,24,73,96,43800,57600,1,0.9883825,1
train,36,data_36.csv,onset_leak,36_74_97,24,74,97,44400,58200,1,0.98704356,1
train,36,data_36.csv,onset_leak,36_75_98,24,75,98,45000,58800,1,0.9848455,1
train,36,data_36.csv,onset_leak,36_76_99,24,76,99,45600,59400,1,0.98358464,1
train,36,data_36.csv,onset_leak,36_77_100,24,77,100,46200,60000,1,0.9788327,1
train,36,data_36.csv,onset_leak,36_78_101,24,78,101,46800,60600,1,0.9722917,1
train,36,data_36.csv,onset_leak,36_79_102,24,79,102,47400,61200,1,0.9687442,1
train,36,data_36.csv,onset_leak,36_80_103,24,80,103,48000,61800,1,0.9677182,1
train,36,data_36.csv,onset_leak,36_81_104,24,81,104,48600,62400,1,0.95833063,1
train,36,data_36.csv,onset_leak,36_82_105,24,82,105,49200,63000,1,0.96063644,1
train,36,data_36.csv,onset_leak,36_83_106,24,83,106,49800,63600,1,0.9497658,1
train,36,data_36.csv,onset_leak,36_84_107,24,84,107,50400,64200,1,0.92259496,1
train,36,data_36.csv,onset_leak,36_85_108,24,85,108,51000,64800,1,0.95785165,1
train,36,data_36.csv,onset_leak,36_86_109,24,86,109,51600,65400,1,0.97421503,1
train,36,data_36.csv,onset_leak,36_87_110,24,87,110,52200,66000,1,0.9712668,1
train,36,data_36.csv,onset_leak,36_88_111,24,88,111,52800,66600,1,0.9709425,1
train,36,data_36.csv,onset_leak,36_89_112,24,89,112,53400,67200,1,0.9660334,1
train,36,data_36.csv,onset_leak,36_90_113,24,90,113,54000,67800,1,0.95752275,1
train,36,data_36.csv,onset_leak,36_91_114,24,91,114,54600,68400,1,0.94570416,1
train,36,data_36.csv,onset_leak,36_92_115,24,92,115,55200,69000,1,0.93315405,1
train,36,data_36.csv,onset_leak,36_93_116,24,93,116,55800,69600,1,0.9213485,1
train,36,data_36.csv,onset_leak,36_94_117,24,94,117,56400,70200,1,0.9203857,1
train,36,data_36.csv,onset_leak,36_95_118,24,95,118,57000,70800,1,0.9251911,1
train,36,data_36.csv,onset_leak,36_96_119,24,96,119,57600,71400,1,0.927519,1
train,36,data_36.csv,onset_leak,36_97_120,24,97,120,58200,72000,1,0.90849286,1
train,36,data_36.csv,onset_leak,36_98_121,24,98,121,58800,72600,1,0.87065494,1
train,36,data_36.csv,onset_leak,36_99_122,24,99,122,59400,73200,1,0.8771017,1
train,36,data_36.csv,onset_leak,36_100_123,24,100,123,60000,73800,1,0.8727122,1
train,36,data_36.csv,onset_leak,36_101_124,24,101,124,60600,74400,1,0.8844325,1
train,36,data_36.csv,onset_leak,36_102_125,24,102,125,61200,75000,1,0.90193015,1
train,36,data_36.csv,onset_leak,36_103_126,24,103,126,61800,75600,1,0.9216279,1
train,36,data_36.csv,onset_leak,36_104_127,24,104,127,62400,76200,1,0.9417112,1
train,36,data_36.csv,onset_leak,36_105_128,24,105,128,63000,76800,1,0.9531382,1
train,36,data_36.csv,onset_leak,36_106_129,24,106,129,63600,77400,1,0.95982075,1
train,36,data_36.csv,onset_leak,36_107_130,24,107,130,64200,78000,1,0.97147244,1
train,36,data_36.csv,onset_leak,36_108_131,24,108,131,64800,78600,1,0.9793647,1
train,36,data_36.csv,onset_leak,36_109_132,24,109,132,65400,79200,1,0.96518856,1
train,36,data_36.csv,onset_leak,36_110_133,24,110,133,66000,79800,1,0.93890667,1
train,36,data_36.csv,onset_leak,36_111_134,24,111,134,66600,80400,1,0.93275684,1
train,36,data_36.csv,onset_leak,36_112_135,24,112,135,67200,81000,1,0.92941624,1
train,36,data_36.csv,onset_leak,36_113_136,24,113,136,67800,81600,1,0.91678286,1
train,36,data_36.csv,onset_leak,36_114_137,24,114,137,68400,82200,1,0.9012421,1
train,36,data_36.csv,onset_leak,36_115_138,24,115,138,69000,82800,1,0.8558501,1
train,36,data_36.csv,onset_leak,36_116_139,24,116,139,69600,83400,1,0.7644904,1
train,36,data_36.csv,onset_leak,36_117_140,24,117,140,70200,84000,1,0.76442176,1
train,36,data_36.csv,onset_leak,36_118_141,24,118,141,70800,84600,1,0.7338625,1
train,36,data_36.csv,onset_leak,36_119_142,24,119,142,71400,85200,1,0.71166897,1
train,36,data_36.csv,onset_leak,36_120_143,24,120,143,72000,85800,1,0.69591093,1
train,36,data_36.csv,onset_leak,36_121_144,24,121,144,72600,86400,1,0.36413324,0
train,38,data_38.csv,onset_leak,38_0_23,24,0,23,0,13800,0,7.141743e-09,0
train,38,data_38.csv,onset_leak,38_1_24,24,1,24,600,14400,0,8.043765e-09,0
train,38,data_38.csv,onset_leak,38_2_25,24,2,25,1200,15000,0,8.6346885e-09,0
train,38,data_38.csv,onset_leak,38_3_26,24,3,26,1800,15600,0,9.33086e-09,0
train,38,data_38.csv,onset_leak,38_4_27,24,4,27,2400,16200,0,9.350189e-09,0
train,38,data_38.csv,onset_leak,38_5_28,24,5,28,3000,16800,0,9.687432e-09,0
train,38,data_38.csv,onset_leak,38_6_29,24,6,29,3600,17400,0,9.7010044e-09,0
train,38,data_38.csv,onset_leak,38_7_30,24,7,30,4200,18000,0,1.141772e-08,0
train,38,data_38.csv,onset_leak,38_8_31,24,8,31,4800,18600,0,1.2531807e-08,0
train,38,data_38.csv,onset_leak,38_9_32,24,9,32,5400,19200,0,1.4336143e-08,0
train,38,data_38.csv,onset_leak,38_10_33,24,10,33,6000,19800,0,1.4828224e-08,0
train,38,data_38.csv,onset_leak,38_11_34,24,11,34,6600,20400,0,1.6048675e-08,0
train,38,data_38.csv,onset_leak,38_12_35,24,12,35,7200,21000,0,1.6661522e-08,0
train,38,data_38.csv,onset_leak,38_13_36,24,13,36,7800,21600,0,2.0501018e-08,0
train,38,data_38.csv,onset_leak,38_14_37,24,14,37,8400,22200,0,2.3015254e-08,0
train,38,data_38.csv,onset_leak,38_15_38,24,15,38,9000,22800,0,2.79012e-08,0
train,38,data_38.csv,onset_leak,38_16_39,24,16,39,9600,23400,0,2.9898413e-08,0
train,38,data_38.csv,onset_leak,38_17_40,24,17,40,10200,24000,0,3.385221e-08,0
train,38,data_38.csv,onset_leak,38_18_41,24,18,41,10800,24600,0,3.6490874e-08,0
train,38,data_38.csv,onset_leak,38_19_42,24,19,42,11400,25200,0,4.7251895e-08,0
train,38,data_38.csv,onset_leak,38_20_43,24,20,43,12000,25800,0,5.498866e-08,0
train,38,data_38.csv,onset_leak,38_21_44,24,21,44,12600,26400,0,7.1383276e-08,0
train,38,data_38.csv,onset_leak,38_22_45,24,22,45,13200,27000,0,7.950055e-08,0
train,38,data_38.csv,onset_leak,38_23_46,24,23,46,13800,27600,0,9.4697434e-08,0
train,38,data_38.csv,onset_leak,38_24_47,24,24,47,14400,28200,0,1.0656241e-07,0
train,38,data_38.csv,onset_leak,38_25_48,24,25,48,15000,28800,0,1.6458026e-07,0
train,38,data_38.csv,onset_leak,38_26_49,24,26,49,15600,29400,0,2.1736697e-07,0
train,38,data_38.csv,onset_leak,38_27_50,24,27,50,16200,30000,0,3.2385972e-07,0
train,38,data_38.csv,onset_leak,38_28_51,24,28,51,16800,30600,0,3.7385215e-07,0
train,38,data_38.csv,onset_leak,38_29_52,24,29,52,17400,31200,0,4.807278e-07,0
train,38,data_38.csv,onset_leak,38_30_53,24,30,53,18000,31800,0,5.564062e-07,0
train,38,data_38.csv,onset_leak,38_31_54,24,31,54,18600,32400,0,1.8161983e-06,0
train,38,data_38.csv,onset_leak,38_32_55,24,32,55,19200,33000,0,4.0421114e-06,0
train,38,data_38.csv,onset_leak,38_33_56,24,33,56,19800,33600,0,9.321039e-06,0
train,38,data_38.csv,onset_leak,38_34_57,24,34,57,20400,34200,0,1.1116232e-05,0
train,38,data_38.csv,onset_leak,38_35_58,24,35,58,21000,34800,0,1.744056e-05,0
train,38,data_38.csv,onset_leak,38_36_59,24,36,59,21600,35400,0,2.0060608e-05,0
train,38,data_38.csv,onset_leak,38_37_60,24,37,60,22200,36000,0,0.00010004702,0
train,38,data_38.csv,onset_leak,38_38_61,24,38,61,22800,36600,0,0.00023738823,0
train,38,data_38.csv,onset_leak,38_39_62,24,39,62,23400,37200,0,0.00068274816,0
train,38,data_38.csv,onset_leak,38_40_63,24,40,63,24000,37800,0,0.0007330889,0
train,38,data_38.csv,onset_leak,38_41_64,24,41,64,24600,38400,0,0.0012944161,0
train,38,data_38.csv,onset_leak,38_42_65,24,42,65,25200,39000,0,0.0015897925,0
train,38,data_38.csv,onset_leak,38_43_66,24,43,66,25800,39600,0,0.004566515,0
train,38,data_38.csv,onset_leak,38_44_67,24,44,67,26400,40200,0,0.004223586,0
train,38,data_38.csv,onset_leak,38_45_68,24,45,68,27000,40800,0,0.006100817,0
train,38,data_38.csv,onset_leak,38_46_69,24,46,69,27600,41400,0,0.006747357,0
train,38,data_38.csv,onset_leak,38_47_70,24,47,70,28200,42000,0,0.011961408,0
train,38,data_38.csv,onset_leak,38_48_71,24,48,71,28800,42600,0,0.010344522,0
train,38,data_38.csv,onset_leak,38_49_72,24,49,72,29400,43200,1,0.64713824,1
train,38,data_38.csv,onset_leak,38_50_73,24,50,73,30000,43800,1,0.942967,1
train,38,data_38.csv,onset_leak,38_51_74,24,51,74,30600,44400,1,0.9732582,1
train,38,data_38.csv,onset_leak,38_52_75,24,52,75,31200,45000,1,0.97527367,1
train,38,data_38.csv,onset_leak,38_53_76,24,53,76,31800,45600,1,0.98487306,1
train,38,data_38.csv,onset_leak,38_54_77,24,54,77,32400,46200,1,0.98853755,1
train,38,data_38.csv,onset_leak,38_55_78,24,55,78,33000,46800,1,0.9827277,1
train,38,data_38.csv,onset_leak,38_56_79,24,56,79,33600,47400,1,0.9769718,1
train,38,data_38.csv,onset_leak,38_57_80,24,57,80,34200,48000,1,0.97012746,1
train,38,data_38.csv,onset_leak,38_58_81,24,58,81,34800,48600,1,0.95966035,1
train,38,data_38.csv,onset_leak,38_59_82,24,59,82,35400,49200,1,0.9682302,1
train,38,data_38.csv,onset_leak,38_60_83,24,60,83,36000,49800,1,0.9472473,1
train,38,data_38.csv,onset_leak,38_61_84,24,61,84,36600,50400,1,0.95746213,1
train,38,data_38.csv,onset_leak,38_62_85,24,62,85,37200,51000,1,0.9661053,1
train,38,data_38.csv,onset_leak,38_63_86,24,63,86,37800,51600,1,0.95932364,1
train,38,data_38.csv,onset_leak,38_64_87,24,64,87,38400,52200,1,0.95473814,1
train,38,data_38.csv,onset_leak,38_65_88,24,65,88,39000,52800,1,0.9569292,1
train,38,data_38.csv,onset_leak,38_66_89,24,66,89,39600,53400,1,0.9645402,1
train,38,data_38.csv,onset_leak,38_67_90,24,67,90,40200,54000,1,0.9657964,1
train,38,data_38.csv,onset_leak,38_68_91,24,68,91,40800,54600,1,0.971212,1
train,38,data_38.csv,onset_leak,38_69_92,24,69,92,41400,55200,1,0.97635466,1
train,38,data_38.csv,onset_leak,38_70_93,24,70,93,42000,55800,1,0.9823415,1
train,38,data_38.csv,onset_leak,38_71_94,24,71,94,42600,56400,1,0.99057186,1
train,38,data_38.csv,onset_leak,38_72_95,24,72,95,43200,57000,1,0.9959274,1
train,38,data_38.csv,onset_leak,38_73_96,24,73,96,43800,57600,1,0.99537635,1
train,38,data_38.csv,onset_leak,38_74_97,24,74,97,44400,58200,1,0.994766,1
train,38,data_38.csv,onset_leak,38_75_98,24,75,98,45000,58800,1,0.9948084,1
train,38,data_38.csv,onset_leak,38_76_99,24,76,99,45600,59400,1,0.99463344,1
train,38,data_38.csv,onset_leak,38_77_100,24,77,100,46200,60000,1,0.99447757,1
train,38,data_38.csv,onset_leak,38_78_101,24,78,101,46800,60600,1,0.99429375,1
train,38,data_38.csv,onset_leak,38_79_102,24,79,102,47400,61200,1,0.99453354,1
train,38,data_38.csv,onset_leak,38_80_103,24,80,103,48000,61800,1,0.9947472,1
train,38,data_38.csv,onset_leak,38_81_104,24,81,104,48600,62400,1,0.9948531,1
train,38,data_38.csv,onset_leak,38_82_105,24,82,105,49200,63000,1,0.9948767,1
train,38,data_38.csv,onset_leak,38_83_106,24,83,106,49800,63600,1,0.9948008,1
train,38,data_38.csv,onset_leak,38_84_107,24,84,107,50400,64200,1,0.9947625,1
train,38,data_38.csv,onset_leak,38_85_108,24,85,108,51000,64800,1,0.99574333,1
train,38,data_38.csv,onset_leak,38_86_109,24,86,109,51600,65400,1,0.996588,1
train,38,data_38.csv,onset_leak,38_87_110,24,87,110,52200,66000,1,0.99649316,1
train,38,data_38.csv,onset_leak,38_88_111,24,88,111,52800,66600,1,0.9966599,1
train,38,data_38.csv,onset_leak,38_89_112,24,89,112,53400,67200,1,0.996539,1
train,38,data_38.csv,onset_leak,38_90_113,24,90,113,54000,67800,1,0.9964462,1
train,38,data_38.csv,onset_leak,38_91_114,24,91,114,54600,68400,1,0.9948756,1
train,38,data_38.csv,onset_leak,38_92_115,24,92,115,55200,69000,1,0.9929438,1
train,38,data_38.csv,onset_leak,38_93_116,24,93,116,55800,69600,1,0.99241155,1
train,38,data_38.csv,onset_leak,38_94_117,24,94,117,56400,70200,1,0.991719,1
train,38,data_38.csv,onset_leak,38_95_118,24,95,118,57000,70800,1,0.99120075,1
train,38,data_38.csv,onset_leak,38_96_119,24,96,119,57600,71400,1,0.9901929,1
train,38,data_38.csv,onset_leak,38_97_120,24,97,120,58200,72000,1,0.98573583,1
train,38,data_38.csv,onset_leak,38_98_121,24,98,121,58800,72600,1,0.9772692,1
train,38,data_38.csv,onset_leak,38_99_122,24,99,122,59400,73200,1,0.97837853,1
train,38,data_38.csv,onset_leak,38_100_123,24,100,123,60000,73800,1,0.97717243,1
train,38,data_38.csv,onset_leak,38_101_124,24,101,124,60600,74400,1,0.97916424,1
train,38,data_38.csv,onset_leak,38_102_125,24,102,125,61200,75000,1,0.9815351,1
train,38,data_38.csv,onset_leak,38_103_126,24,103,126,61800,75600,1,0.97943604,1
train,38,data_38.csv,onset_leak,38_104_127,24,104,127,62400,76200,1,0.976648,1
train,38,data_38.csv,onset_leak,38_105_128,24,105,128,63000,76800,1,0.9811398,1
train,38,data_38.csv,onset_leak,38_106_129,24,106,129,63600,77400,1,0.9821753,1
train,38,data_38.csv,onset_leak,38_107_130,24,107,130,64200,78000,1,0.9860946,1
train,38,data_38.csv,onset_leak,38_108_131,24,108,131,64800,78600,1,0.98919207,1
train,38,data_38.csv,onset_leak,38_109_132,24,109,132,65400,79200,1,0.98226464,1
train,38,data_38.csv,onset_leak,38_110_133,24,110,133,66000,79800,1,0.9693769,1
train,38,data_38.csv,onset_leak,38_111_134,24,111,134,66600,80400,1,0.9682255,1
train,38,data_38.csv,onset_leak,38_112_135,24,112,135,67200,81000,1,0.9655687,1
train,38,data_38.csv,onset_leak,38_113_136,24,113,136,67800,81600,1,0.96122396,1
train,38,data_38.csv,onset_leak,38_114_137,24,114,137,68400,82200,1,0.95682573,1
train,38,data_38.csv,onset_leak,38_115_138,24,115,138,69000,82800,1,0.93561125,1
train,38,data_38.csv,onset_leak,38_116_139,24,116,139,69600,83400,1,0.882915,1
train,38,data_38.csv,onset_leak,38_117_140,24,117,140,70200,84000,1,0.8814301,1
train,38,data_38.csv,onset_leak,38_118_141,24,118,141,70800,84600,1,0.86267537,1
train,38,data_38.csv,onset_leak,38_119_142,24,119,142,71400,85200,1,0.8433966,1
train,38,data_38.csv,onset_leak,38_120_143,24,120,143,72000,85800,1,0.83031136,1
train,38,data_38.csv,onset_leak,38_121_144,24,121,144,72600,86400,1,0.4889261,0
train,39,data_39.csv,onset_leak,39_0_23,24,0,23,0,13800,0,2.6257437e-08,0
train,39,data_39.csv,onset_leak,39_1_24,24,1,24,600,14400,0,3.598288e-08,0
train,39,data_39.csv,onset_leak,39_2_25,24,2,25,1200,15000,0,4.3391967e-08,0
train,39,data_39.csv,onset_leak,39_3_26,24,3,26,1800,15600,0,6.274454e-08,0
train,39,data_39.csv,onset_leak,39_4_27,24,4,27,2400,16200,0,7.668042e-08,0
train,39,data_39.csv,onset_leak,39_5_28,24,5,28,3000,16800,0,1.00320776e-07,0
train,39,data_39.csv,onset_leak,39_6_29,24,6,29,3600,17400,0,1.2462317e-07,0
train,39,data_39.csv,onset_leak,39_7_30,24,7,30,4200,18000,0,2.272271e-07,0
train,39,data_39.csv,onset_leak,39_8_31,24,8,31,4800,18600,0,3.4143375e-07,0
train,39,data_39.csv,onset_leak,39_9_32,24,9,32,5400,19200,0,5.9533056e-07,0
train,39,data_39.csv,onset_leak,39_10_33,24,10,33,6000,19800,0,7.3540497e-07,0
train,39,data_39.csv,onset_leak,39_11_34,24,11,34,6600,20400,0,1.0490986e-06,0
train,39,data_39.csv,onset_leak,39_12_35,24,12,35,7200,21000,0,1.2887848e-06,0
train,39,data_39.csv,onset_leak,39_13_36,24,13,36,7800,21600,0,2.6354635e-06,0
train,39,data_39.csv,onset_leak,39_14_37,24,14,37,8400,22200,0,4.026633e-06,0
train,39,data_39.csv,onset_leak,39_15_38,24,15,38,9000,22800,0,7.961176e-06,0
train,39,data_39.csv,onset_leak,39_16_39,24,16,39,9600,23400,0,9.458653e-06,0
train,39,data_39.csv,onset_leak,39_17_40,24,17,40,10200,24000,0,1.4564395e-05,0
train,39,data_39.csv,onset_leak,39_18_41,24,18,41,10800,24600,0,1.791992e-05,0
train,39,data_39.csv,onset_leak,39_19_42,24,19,42,11400,25200,0,2.618842e-05,0
train,39,data_39.csv,onset_leak,39_20_43,24,20,43,12000,25800,0,2.8513889e-05,0
train,39,data_39.csv,onset_leak,39_21_44,24,21,44,12600,26400,0,4.844325e-05,0
train,39,data_39.csv,onset_leak,39_22_45,24,22,45,13200,27000,0,5.903867e-05,0
train,39,data_39.csv,onset_leak,39_23_46,24,23,46,13800,27600,0,9.008595e-05,0
train,39,data_39.csv,onset_leak,39_24_47,24,24,47,14400,28200,0,0.0001140979,0
train,39,data_39.csv,onset_leak,39_25_48,24,25,48,15000,28800,0,0.00011857951,0
train,39,data_39.csv,onset_leak,39_26_49,24,26,49,15600,29400,0,0.00011014354,0
train,39,data_39.csv,onset_leak,39_27_50,24,27,50,16200,30000,0,0.00015474597,0
train,39,data_39.csv,onset_leak,39_28_51,24,28,51,16800,30600,0,0.00024653613,0
train,39,data_39.csv,onset_leak,39_29_52,24,29,52,17400,31200,0,0.00039335768,0
train,39,data_39.csv,onset_leak,39_30_53,24,30,53,18000,31800,0,0.00064592494,0
train,39,data_39.csv,onset_leak,39_31_54,24,31,54,18600,32400,0,0.00094197365,0
train,39,data_39.csv,onset_leak,39_32_55,24,32,55,19200,33000,0,0.00139831,0
train,39,data_39.csv,onset_leak,39_33_56,24,33,56,19800,33600,0,0.0027759005,0
train,39,data_39.csv,onset_leak,39_34_57,24,34,57,20400,34200,0,0.005493123,0
train,39,data_39.csv,onset_leak,39_35_58,24,35,58,21000,34800,0,0.0104042245,0
train,39,data_39.csv,onset_leak,39_36_59,24,36,59,21600,35400,0,0.020621378,0
train,39,data_39.csv,onset_leak,39_37_60,24,37,60,22200,36000,0,0.031714708,0
train,39,data_39.csv,onset_leak,39_38_61,24,38,61,22800,36600,0,0.05060543,0
train,39,data_39.csv,onset_leak,39_39_62,24,39,62,23400,37200,0,0.08840486,0
train,39,data_39.csv,onset_leak,39_40_63,24,40,63,24000,37800,0,0.12133903,0
train,39,data_39.csv,onset_leak,39_41_64,24,41,64,24600,38400,0,0.1829967,0
train,39,data_39.csv,onset_leak,39_42_65,24,42,65,25200,39000,0,0.25011685,0
train,39,data_39.csv,onset_leak,39_43_66,24,43,66,25800,39600,0,0.24784648,0
train,39,data_39.csv,onset_leak,39_44_67,24,44,67,26400,40200,0,0.22392596,0
train,39,data_39.csv,onset_leak,39_45_68,24,45,68,27000,40800,0,0.22782888,0
train,39,data_39.csv,onset_leak,39_46_69,24,46,69,27600,41400,0,0.22409932,0
train,39,data_39.csv,onset_leak,39_47_70,24,47,70,28200,42000,0,0.22871946,0
train,39,data_39.csv,onset_leak,39_48_71,24,48,71,28800,42600,0,0.22163148,0
train,39,data_39.csv,onset_leak,39_49_72,24,49,72,29400,43200,1,0.74132395,1
train,39,data_39.csv,onset_leak,39_50_73,24,50,73,30000,43800,1,0.84879905,1
train,39,data_39.csv,onset_leak,39_51_74,24,51,74,30600,44400,1,0.87635493,1
train,39,data_39.csv,onset_leak,39_52_75,24,52,75,31200,45000,1,0.88806397,1
train,39,data_39.csv,onset_leak,39_53_76,24,53,76,31800,45600,1,0.9128524,1
train,39,data_39.csv,onset_leak,39_54_77,24,54,77,32400,46200,1,0.94291455,1
train,39,data_39.csv,onset_leak,39_55_78,24,55,78,33000,46800,1,0.9097265,1
train,39,data_39.csv,onset_leak,39_56_79,24,56,79,33600,47400,1,0.86672217,1
train,39,data_39.csv,onset_leak,39_57_80,24,57,80,34200,48000,1,0.8464128,1
train,39,data_39.csv,onset_leak,39_58_81,24,58,81,34800,48600,1,0.8069338,1
train,39,data_39.csv,onset_leak,39_59_82,24,59,82,35400,49200,1,0.8493297,1
train,39,data_39.csv,onset_leak,39_60_83,24,60,83,36000,49800,1,0.71664995,1
train,39,data_39.csv,onset_leak,39_61_84,24,61,84,36600,50400,1,0.71314245,1
train,39,data_39.csv,onset_leak,39_62_85,24,62,85,37200,51000,1,0.6781971,1
train,39,data_39.csv,onset_leak,39_63_86,24,63,86,37800,51600,1,0.60624516,1
train,39,data_39.csv,onset_leak,39_64_87,24,64,87,38400,52200,1,0.5774632,0
train,39,data_39.csv,onset_leak,39_65_88,24,65,88,39000,52800,1,0.54426163,0
train,39,data_39.csv,onset_leak,39_66_89,24,66,89,39600,53400,1,0.5445858,0
train,39,data_39.csv,onset_leak,39_67_90,24,67,90,40200,54000,1,0.53778297,0
train,39,data_39.csv,onset_leak,39_68_91,24,68,91,40800,54600,1,0.5898204,0
train,39,data_39.csv,onset_leak,39_69_92,24,69,92,41400,55200,1,0.63789195,1
train,39,data_39.csv,onset_leak,39_70_93,24,70,93,42000,55800,1,0.6958802,1
train,39,data_39.csv,onset_leak,39_71_94,24,71,94,42600,56400,1,0.812897,1
train,39,data_39.csv,onset_leak,39_72_95,24,72,95,43200,57000,1,0.9073368,1
train,39,data_39.csv,onset_leak,39_73_96,24,73,96,43800,57600,1,0.90734875,1
train,39,data_39.csv,onset_leak,39_74_97,24,74,97,44400,58200,1,0.9081051,1
train,39,data_39.csv,onset_leak,39_75_98,24,75,98,45000,58800,1,0.90620124,1
train,39,data_39.csv,onset_leak,39_76_99,24,76,99,45600,59400,1,0.90576595,1
train,39,data_39.csv,onset_leak,39_77_100,24,77,100,46200,60000,1,0.8978738,1
train,39,data_39.csv,onset_leak,39_78_101,24,78,101,46800,60600,1,0.88770217,1
train,39,data_39.csv,onset_leak,39_79_102,24,79,102,47400,61200,1,0.90016615,1
train,39,data_39.csv,onset_leak,39_80_103,24,80,103,48000,61800,1,0.9106556,1
train,39,data_39.csv,onset_leak,39_81_104,24,81,104,48600,62400,1,0.90694654,1
train,39,data_39.csv,onset_leak,39_82_105,24,82,105,49200,63000,1,0.90747637,1
train,39,data_39.csv,onset_leak,39_83_106,24,83,106,49800,63600,1,0.90099347,1
train,39,data_39.csv,onset_leak,39_84_107,24,84,107,50400,64200,1,0.8928725,1
train,39,data_39.csv,onset_leak,39_85_108,24,85,108,51000,64800,1,0.9054915,1
train,39,data_39.csv,onset_leak,39_86_109,24,86,109,51600,65400,1,0.91664743,1
train,39,data_39.csv,onset_leak,39_87_110,24,87,110,52200,66000,1,0.9125655,1
train,39,data_39.csv,onset_leak,39_88_111,24,88,111,52800,66600,1,0.9129921,1
train,39,data_39.csv,onset_leak,39_89_112,24,89,112,53400,67200,1,0.9120711,1
train,39,data_39.csv,onset_leak,39_90_113,24,90,113,54000,67800,1,0.9102076,1
train,39,data_39.csv,onset_leak,39_91_114,24,91,114,54600,68400,1,0.912122,1
train,39,data_39.csv,onset_leak,39_92_115,24,92,115,55200,69000,1,0.9137828,1
train,39,data_39.csv,onset_leak,39_93_116,24,93,116,55800,69600,1,0.9122314,1
train,39,data_39.csv,onset_leak,39_94_117,24,94,117,56400,70200,1,0.9131485,1
train,39,data_39.csv,onset_leak,39_95_118,24,95,118,57000,70800,1,0.9154513,1
train,39,data_39.csv,onset_leak,39_96_119,24,96,119,57600,71400,1,0.9177895,1
train,39,data_39.csv,onset_leak,39_97_120,24,97,120,58200,72000,1,0.91332203,1
train,39,data_39.csv,onset_leak,39_98_121,24,98,121,58800,72600,1,0.9082274,1
train,39,data_39.csv,onset_leak,39_99_122,24,99,122,59400,73200,1,0.90909964,1
train,39,data_39.csv,onset_leak,39_100_123,24,100,123,60000,73800,1,0.9094725,1
train,39,data_39.csv,onset_leak,39_101_124,24,101,124,60600,74400,1,0.91382027,1
train,39,data_39.csv,onset_leak,39_102_125,24,102,125,61200,75000,1,0.91901803,1
train,39,data_39.csv,onset_leak,39_103_126,24,103,126,61800,75600,1,0.90005714,1
train,39,data_39.csv,onset_leak,39_104_127,24,104,127,62400,76200,1,0.8790507,1
train,39,data_39.csv,onset_leak,39_105_128,24,105,128,63000,76800,1,0.88181156,1
train,39,data_39.csv,onset_leak,39_106_129,24,106,129,63600,77400,1,0.87947035,1
train,39,data_39.csv,onset_leak,39_107_130,24,107,130,64200,78000,1,0.88619936,1
train,39,data_39.csv,onset_leak,39_108_131,24,108,131,64800,78600,1,0.892828,1
train,39,data_39.csv,onset_leak,39_109_132,24,109,132,65400,79200,1,0.8582242,1
train,39,data_39.csv,onset_leak,39_110_133,24,110,133,66000,79800,1,0.80353975,1
train,39,data_39.csv,onset_leak,39_111_134,24,111,134,66600,80400,1,0.8157683,1
train,39,data_39.csv,onset_leak,39_112_135,24,112,135,67200,81000,1,0.8109697,1
train,39,data_39.csv,onset_leak,39_113_136,24,113,136,67800,81600,1,0.82258135,1
train,39,data_39.csv,onset_leak,39_114_137,24,114,137,68400,82200,1,0.83866215,1
train,39,data_39.csv,onset_leak,39_115_138,24,115,138,69000,82800,1,0.79186827,1
train,39,data_39.csv,onset_leak,39_116_139,24,116,139,69600,83400,1,0.68952566,1
train,39,data_39.csv,onset_leak,39_117_140,24,117,140,70200,84000,1,0.7133145,1
train,39,data_39.csv,onset_leak,39_118_141,24,118,141,70800,84600,1,0.6909756,1
train,39,data_39.csv,onset_leak,39_119_142,24,119,142,71400,85200,1,0.7160423,1
train,39,data_39.csv,onset_leak,39_120_143,24,120,143,72000,85800,1,0.74752754,1
train,39,data_39.csv,onset_leak,39_121_144,24,121,144,72600,86400,1,0.25160056,0
train,43,data_43.csv,persistent_leak,43_0_23,24,0,23,0,13800,0,8.028498e-09,0
train,43,data_43.csv,persistent_leak,43_1_24,24,1,24,600,14400,0,9.720933e-09,0
train,43,data_43.csv,persistent_leak,43_2_25,24,2,25,1200,15000,0,1.0813338e-08,0
train,43,data_43.csv,persistent_leak,43_3_26,24,3,26,1800,15600,0,1.2894465e-08,0
train,43,data_43.csv,persistent_leak,43_4_27,24,4,27,2400,16200,0,1.3721009e-08,0
train,43,data_43.csv,persistent_leak,43_5_28,24,5,28,3000,16800,0,1.5360353e-08,0
train,43,data_43.csv,persistent_leak,43_6_29,24,6,29,3600,17400,0,1.6445657e-08,0
train,43,data_43.csv,persistent_leak,43_7_30,24,7,30,4200,18000,0,2.0420158e-08,0
train,43,data_43.csv,persistent_leak,43_8_31,24,8,31,4800,18600,0,2.3027022e-08,0
train,43,data_43.csv,persistent_leak,43_9_32,24,9,32,5400,19200,0,2.8876244e-08,0
train,43,data_43.csv,persistent_leak,43_10_33,24,10,33,6000,19800,0,3.1797267e-08,0
train,43,data_43.csv,persistent_leak,43_11_34,24,11,34,6600,20400,0,3.7161797e-08,0
train,43,data_43.csv,persistent_leak,43_12_35,24,12,35,7200,21000,0,4.1409486e-08,0
train,43,data_43.csv,persistent_leak,43_13_36,24,13,36,7800,21600,0,5.2856155e-08,0
train,43,data_43.csv,persistent_leak,43_14_37,24,14,37,8400,22200,0,6.069694e-08,0
train,43,data_43.csv,persistent_leak,43_15_38,24,15,38,9000,22800,0,7.9674216e-08,0
train,43,data_43.csv,persistent_leak,43_16_39,24,16,39,9600,23400,0,9.068397e-08,0
train,43,data_43.csv,persistent_leak,43_17_40,24,17,40,10200,24000,0,1.0998512e-07,0
train,43,data_43.csv,persistent_leak,43_18_41,24,18,41,10800,24600,0,1.2698047e-07,0
train,43,data_43.csv,persistent_leak,43_19_42,24,19,42,11400,25200,0,1.6858732e-07,0
train,43,data_43.csv,persistent_leak,43_20_43,24,20,43,12000,25800,0,1.9903695e-07,0
train,43,data_43.csv,persistent_leak,43_21_44,24,21,44,12600,26400,0,2.7400716e-07,0
train,43,data_43.csv,persistent_leak,43_22_45,24,22,45,13200,27000,0,3.2078617e-07,0
train,43,data_43.csv,persistent_leak,43_23_46,24,23,46,13800,27600,0,4.0282015e-07,0
train,43,data_43.csv,persistent_leak,43_24_47,24,24,47,14400,28200,0,4.793544e-07,0
train,43,data_43.csv,persistent_leak,43_25_48,24,25,48,15000,28800,0,7.901867e-07,0
train,43,data_43.csv,persistent_leak,43_26_49,24,26,49,15600,29400,0,1.0775393e-06,0
train,43,data_43.csv,persistent_leak,43_27_50,24,27,50,16200,30000,0,1.7364614e-06,0
train,43,data_43.csv,persistent_leak,43_28_51,24,28,51,16800,30600,0,2.0712848e-06,0
train,43,data_43.csv,persistent_leak,43_29_52,24,29,52,17400,31200,0,2.8029754e-06,0
train,43,data_43.csv,persistent_leak,43_30_53,24,30,53,18000,31800,0,3.3392048e-06,0
train,43,data_43.csv,persistent_leak,43_31_54,24,31,54,18600,32400,0,9.162714e-06,0
train,43,data_43.csv,persistent_leak,43_32_55,24,32,55,19200,33000,0,1.7759405e-05,0
train,43,data_43.csv,persistent_leak,43_33_56,24,33,56,19800,33600,0,3.8557457e-05,0
train,43,data_43.csv,persistent_leak,43_34_57,24,34,57,20400,34200,0,4.6550245e-05,0
train,43,data_43.csv,persistent_leak,43_35_58,24,35,58,21000,34800,0,7.300156e-05,0
train,43,data_43.csv,persistent_leak,43_36_59,24,36,59,21600,35400,0,8.744236e-05,0
train,43,data_43.csv,persistent_leak,43_37_60,24,37,60,22200,36000,0,0.000325153,0
train,43,data_43.csv,persistent_leak,43_38_61,24,38,61,22800,36600,0,0.0006292918,0
train,43,data_43.csv,persistent_leak,43_39_62,24,39,62,23400,37200,0,0.0015763966,0
train,43,data_43.csv,persistent_leak,43_40_63,24,40,63,24000,37800,0,0.0017285016,0
train,43,data_43.csv,persistent_leak,43_41_64,24,41,64,24600,38400,0,0.0028466308,0
train,43,data_43.csv,persistent_leak,43_42_65,24,42,65,25200,39000,0,0.0034105382,0
train,43,data_43.csv,persistent_leak,43_43_66,24,43,66,25800,39600,0,0.011722842,0
train,43,data_43.csv,persistent_leak,43_44_67,24,44,67,26400,40200,0,0.014289307,0
train,43,data_43.csv,persistent_leak,43_45_68,24,45,68,27000,40800,0,0.023730973,0
train,43,data_43.csv,persistent_leak,43_46_69,24,46,69,27600,41400,0,0.024538355,0
train,43,data_43.csv,persistent_leak,43_47_70,24,47,70,28200,42000,0,0.04704321,0
train,43,data_43.csv,persistent_leak,43_48_71,24,48,71,28800,42600,0,0.045419216,0
train,43,data_43.csv,persistent_leak,43_49_72,24,49,72,29400,43200,0,0.10383692,0
train,43,data_43.csv,persistent_leak,43_50_73,24,50,73,30000,43800,0,0.11667604,0
train,43,data_43.csv,persistent_leak,43_51_74,24,51,74,30600,44400,0,0.15661433,0
train,43,data_43.csv,persistent_leak,43_52_75,24,52,75,31200,45000,0,0.24669132,0
train,43,data_43.csv,persistent_leak,43_53_76,24,53,76,31800,45600,0,0.40094575,0
train,43,data_43.csv,persistent_leak,43_54_77,24,54,77,32400,46200,0,0.47680557,0
train,43,data_43.csv,persistent_leak,43_55_78,24,55,78,33000,46800,0,0.57797873,0
train,43,data_43.csv,persistent_leak,43_56_79,24,56,79,33600,47400,0,0.60708934,1
train,43,data_43.csv,persistent_leak,43_57_80,24,57,80,34200,48000,0,0.5825902,0
train,43,data_43.csv,persistent_leak,43_58_81,24,58,81,34800,48600,0,0.56425023,0
train,43,data_43.csv,persistent_leak,43_59_82,24,59,82,35400,49200,0,0.6044666,1
train,43,data_43.csv,persistent_leak,43_60_83,24,60,83,36000,49800,0,0.6412292,1
train,43,data_43.csv,persistent_leak,43_61_84,24,61,84,36600,50400,0,0.6617953,1
train,43,data_43.csv,persistent_leak,43_62_85,24,62,85,37200,51000,0,0.68861175,1
train,43,data_43.csv,persistent_leak,43_63_86,24,63,86,37800,51600,0,0.6655205,1
train,43,data_43.csv,persistent_leak,43_64_87,24,64,87,38400,52200,0,0.67841715,1
train,43,data_43.csv,persistent_leak,43_65_88,24,65,88,39000,52800,0,0.7146388,1
train,43,data_43.csv,persistent_leak,43_66_89,24,66,89,39600,53400,0,0.7599382,1
train,43,data_43.csv,persistent_leak,43_67_90,24,67,90,40200,54000,0,0.7506413,1
train,43,data_43.csv,persistent_leak,43_68_91,24,68,91,40800,54600,0,0.7415627,1
train,43,data_43.csv,persistent_leak,43_69_92,24,69,92,41400,55200,0,0.7446493,1
train,43,data_43.csv,persistent_leak,43_70_93,24,70,93,42000,55800,0,0.7524901,1
train,43,data_43.csv,persistent_leak,43_71_94,24,71,94,42600,56400,0,0.77296776,1
train,43,data_43.csv,persistent_leak,43_72_95,24,72,95,43200,57000,0,0.7982421,1
train,43,data_43.csv,persistent_leak,43_73_96,24,73,96,43800,57600,0,0.76640785,1
train,43,data_43.csv,persistent_leak,43_74_97,24,74,97,44400,58200,0,0.72784084,1
train,43,data_43.csv,persistent_leak,43_75_98,24,75,98,45000,58800,0,0.7340757,1
train,43,data_43.csv,persistent_leak,43_76_99,24,76,99,45600,59400,0,0.7287445,1
train,43,data_43.csv,persistent_leak,43_77_100,24,77,100,46200,60000,0,0.747383,1
train,43,data_43.csv,persistent_leak,43_78_101,24,78,101,46800,60600,0,0.7689868,1
train,43,data_43.csv,persistent_leak,43_79_102,24,79,102,47400,61200,0,0.740116,1
train,43,data_43.csv,persistent_leak,43_80_103,24,80,103,48000,61800,0,0.6930157,1
train,43,data_43.csv,persistent_leak,43_81_104,24,81,104,48600,62400,0,0.7098771,1
train,43,data_43.csv,persistent_leak,43_82_105,24,82,105,49200,63000,0,0.70752066,1
train,43,data_43.csv,persistent_leak,43_83_106,24,83,106,49800,63600,0,0.72495586,1
train,43,data_43.csv,persistent_leak,43_84_107,24,84,107,50400,64200,0,0.74631596,1
train,43,data_43.csv,persistent_leak,43_85_108,24,85,108,51000,64800,0,0.70791745,1
train,43,data_43.csv,persistent_leak,43_86_109,24,86,109,51600,65400,0,0.6379941,1
train,43,data_43.csv,persistent_leak,43_87_110,24,87,110,52200,66000,0,0.6497627,1
train,43,data_43.csv,persistent_leak,43_88_111,24,88,111,52800,66600,0,0.6342341,1
train,43,data_43.csv,persistent_leak,43_89_112,24,89,112,53400,67200,0,0.64224386,1
train,43,data_43.csv,persistent_leak,43_90_113,24,90,113,54000,67800,0,0.6537107,1
train,43,data_43.csv,persistent_leak,43_91_114,24,91,114,54600,68400,0,0.5718028,0
train,43,data_43.csv,persistent_leak,43_92_115,24,92,115,55200,69000,0,0.3121864,0
train,43,data_43.csv,persistent_leak,43_93_116,24,93,116,55800,69600,0,0.2608744,0
train,43,data_43.csv,persistent_leak,43_94_117,24,94,117,56400,70200,0,0.19905351,0
train,43,data_43.csv,persistent_leak,43_95_118,24,95,118,57000,70800,0,0.18020996,0
train,43,data_43.csv,persistent_leak,43_96_119,24,96,119,57600,71400,0,0.14912635,0
train,43,data_43.csv,persistent_leak,43_97_120,24,97,120,58200,72000,0,0.0859288,0
train,43,data_43.csv,persistent_leak,43_98_121,24,98,121,58800,72600,0,0.028546514,0
train,43,data_43.csv,persistent_leak,43_99_122,24,99,122,59400,73200,0,0.022480913,0
train,43,data_43.csv,persistent_leak,43_100_123,24,100,123,60000,73800,0,0.015385779,0
train,43,data_43.csv,persistent_leak,43_101_124,24,101,124,60600,74400,0,0.01707483,0
train,43,data_43.csv,persistent_leak,43_102_125,24,102,125,61200,75000,0,0.018193375,0
train,43,data_43.csv,persistent_leak,43_103_126,24,103,126,61800,75600,0,0.01387043,0
train,43,data_43.csv,persistent_leak,43_104_127,24,104,127,62400,76200,0,0.009396367,0
train,43,data_43.csv,persistent_leak,43_105_128,24,105,128,63000,76800,0,0.008860603,0
train,43,data_43.csv,persistent_leak,43_106_129,24,106,129,63600,77400,0,0.0075391275,0
train,43,data_43.csv,persistent_leak,43_107_130,24,107,130,64200,78000,0,0.008514897,0
train,43,data_43.csv,persistent_leak,43_108_131,24,108,131,64800,78600,0,0.009440814,0
train,43,data_43.csv,persistent_leak,43_109_132,24,109,132,65400,79200,0,0.0077519417,0
train,43,data_43.csv,persistent_leak,43_110_133,24,110,133,66000,79800,0,0.0072397455,0
train,43,data_43.csv,persistent_leak,43_111_134,24,111,134,66600,80400,0,0.004453544,0
train,43,data_43.csv,persistent_leak,43_112_135,24,112,135,67200,81000,0,0.0029847708,0
train,43,data_43.csv,persistent_leak,43_113_136,24,113,136,67800,81600,0,0.0015582534,0
train,43,data_43.csv,persistent_leak,43_114_137,24,114,137,68400,82200,0,0.00092669873,0
train,43,data_43.csv,persistent_leak,43_115_138,24,115,138,69000,82800,0,0.00051445374,0
train,43,data_43.csv,persistent_leak,43_116_139,24,116,139,69600,83400,0,0.00038131175,0
train,43,data_43.csv,persistent_leak,43_117_140,24,117,140,70200,84000,0,0.0001455558,0
train,43,data_43.csv,persistent_leak,43_118_141,24,118,141,70800,84600,0,6.576517e-05,0
train,43,data_43.csv,persistent_leak,43_119_142,24,119,142,71400,85200,0,2.8253577e-05,0
train,43,data_43.csv,persistent_leak,43_120_143,24,120,143,72000,85800,0,1.2598016e-05,0
train,43,data_43.csv,persistent_leak,43_121_144,24,121,144,72600,86400,0,6.2863764e-06,0
train,44,data_44.csv,persistent_leak,44_0_23,24,0,23,0,13800,0,8.149051e-09,0
train,44,data_44.csv,persistent_leak,44_1_24,24,1,24,600,14400,0,1.0786786e-08,0
train,44,data_44.csv,persistent_leak,44_2_25,24,2,25,1200,15000,0,1.2665098e-08,0
train,44,data_44.csv,persistent_leak,44_3_26,24,3,26,1800,15600,0,1.7283291e-08,0
train,44,data_44.csv,persistent_leak,44_4_27,24,4,27,2400,16200,0,1.9998287e-08,0
train,44,data_44.csv,persistent_leak,44_5_28,24,5,28,3000,16800,0,2.4906983e-08,0
train,44,data_44.csv,persistent_leak,44_6_29,24,6,29,3600,17400,0,2.9302068e-08,0
train,44,data_44.csv,persistent_leak,44_7_30,24,7,30,4200,18000,0,3.9917865e-08,0
train,44,data_44.csv,persistent_leak,44_8_31,24,8,31,4800,18600,0,4.7647937e-08,0
train,44,data_44.csv,persistent_leak,44_9_32,24,9,32,5400,19200,0,6.7905034e-08,0
train,44,data_44.csv,persistent_leak,44_10_33,24,10,33,6000,19800,0,8.087058e-08,0
train,44,data_44.csv,persistent_leak,44_11_34,24,11,34,6600,20400,0,1.04294614e-07,0
train,44,data_44.csv,persistent_leak,44_12_35,24,12,35,7200,21000,0,1.2670515e-07,0
train,44,data_44.csv,persistent_leak,44_13_36,24,13,36,7800,21600,0,1.7690138e-07,0
train,44,data_44.csv,persistent_leak,44_14_37,24,14,37,8400,22200,0,2.1415461e-07,0
train,44,data_44.csv,persistent_leak,44_15_38,24,15,38,9000,22800,0,3.169325e-07,0
train,44,data_44.csv,persistent_leak,44_16_39,24,16,39,9600,23400,0,3.8720623e-07,0
train,44,data_44.csv,persistent_leak,44_17_40,24,17,40,10200,24000,0,5.148282e-07,0
train,44,data_44.csv,persistent_leak,44_18_41,24,18,41,10800,24600,0,6.4346705e-07,0
train,44,data_44.csv,persistent_leak,44_19_42,24,19,42,11400,25200,0,9.1643847e-07,0
train,44,data_44.csv,persistent_leak,44_20_43,24,20,43,12000,25800,0,1.1221179e-06,0
train,44,data_44.csv,persistent_leak,44_21_44,24,21,44,12600,26400,0,1.7352529e-06,0
train,44,data_44.csv,persistent_leak,44_22_45,24,22,45,13200,27000,0,2.1565245e-06,0
train,44,data_44.csv,persistent_leak,44_23_46,24,23,46,13800,27600,0,3.000381e-06,0
train,44,data_44.csv,persistent_leak,44_24_47,24,24,47,14400,28200,0,3.8037083e-06,0
train,44,data_44.csv,persistent_leak,44_25_48,24,25,48,15000,28800,0,6.5614845e-06,0
train,44,data_44.csv,persistent_leak,44_26_49,24,26,49,15600,29400,0,9.028889e-06,0
train,44,data_44.csv,persistent_leak,44_27_50,24,27,50,16200,30000,0,1.5918271e-05,0
train,44,data_44.csv,persistent_leak,44_28_51,24,28,51,16800,30600,0,2.029475e-05,0
train,44,data_44.csv,persistent_leak,44_29_52,24,29,52,17400,31200,0,2.9722078e-05,0
train,44,data_44.csv,persistent_leak,44_30_53,24,30,53,18000,31800,0,3.815103e-05,0
train,44,data_44.csv,persistent_leak,44_31_54,24,31,54,18600,32400,0,8.126645e-05,0
train,44,data_44.csv,persistent_leak,44_32_55,24,32,55,19200,33000,0,0.00013035734,0
train,44,data_44.csv,persistent_leak,44_33_56,24,33,56,19800,33600,0,0.00026639507,0
train,44,data_44.csv,persistent_leak,44_34_57,24,34,57,20400,34200,0,0.00034030312,0
train,44,data_44.csv,persistent_leak,44_35_58,24,35,58,21000,34800,0,0.00054224516,0
train,44,data_44.csv,persistent_leak,44_36_59,24,36,59,21600,35400,0,0.00069940084,0
train,44,data_44.csv,persistent_leak,44_37_60,24,37,60,22200,36000,0,0.0017033069,0
train,44,data_44.csv,persistent_leak,44_38_61,24,38,61,22800,36600,0,0.002588942,0
train,44,data_44.csv,persistent_leak,44_39_62,24,39,62,23400,37200,0,0.005399745,0
train,44,data_44.csv,persistent_leak,44_40_63,24,40,63,24000,37800,0,0.006532624,0
train,44,data_44.csv,persistent_leak,44_41_64,24,41,64,24600,38400,0,0.010377457,0
train,44,data_44.csv,persistent_leak,44_42_65,24,42,65,25200,39000,0,0.012403763,0
train,44,data_44.csv,persistent_leak,44_43_66,24,43,66,25800,39600,0,0.029531656,0
train,44,data_44.csv,persistent_leak,44_44_67,24,44,67,26400,40200,0,0.04059057,0
train,44,data_44.csv,persistent_leak,44_45_68,24,45,68,27000,40800,0,0.06392527,0
train,44,data_44.csv,persistent_leak,44_46_69,24,46,69,27600,41400,0,0.07561438,0
train,44,data_44.csv,persistent_leak,44_47_70,24,47,70,28200,42000,0,0.12981944,0
train,44,data_44.csv,persistent_leak,44_48_71,24,48,71,28800,42600,0,0.1420658,0
train,44,data_44.csv,persistent_leak,44_49_72,24,49,72,29400,43200,0,0.31210193,0
train,44,data_44.csv,persistent_leak,44_50_73,24,50,73,30000,43800,0,0.3650915,0
train,44,data_44.csv,persistent_leak,44_51_74,24,51,74,30600,44400,0,0.44285774,0
train,44,data_44.csv,persistent_leak,44_52_75,24,52,75,31200,45000,0,0.5121442,0
train,44,data_44.csv,persistent_leak,44_53_76,24,53,76,31800,45600,0,0.63532144,1
train,44,data_44.csv,persistent_leak,44_54_77,24,54,77,32400,46200,0,0.62873465,1
train,44,data_44.csv,persistent_leak,44_55_78,24,55,78,33000,46800,0,0.7056031,1
train,44,data_44.csv,persistent_leak,44_56_79,24,56,79,33600,47400,0,0.725204,1
train,44,data_44.csv,persistent_leak,44_57_80,24,57,80,34200,48000,0,0.701622,1
train,44,data_44.csv,persistent_leak,44_58_81,24,58,81,34800,48600,0,0.6734663,1
train,44,data_44.csv,persistent_leak,44_59_82,24,59,82,35400,49200,0,0.7044443,1
train,44,data_44.csv,persistent_leak,44_60_83,24,60,83,36000,49800,0,0.6981863,1
train,44,data_44.csv,persistent_leak,44_61_84,24,61,84,36600,50400,0,0.7146764,1
train,44,data_44.csv,persistent_leak,44_62_85,24,62,85,37200,51000,0,0.75581276,1
train,44,data_44.csv,persistent_leak,44_63_86,24,63,86,37800,51600,0,0.72980535,1
train,44,data_44.csv,persistent_leak,44_64_87,24,64,87,38400,52200,0,0.72245556,1
train,44,data_44.csv,persistent_leak,44_65_88,24,65,88,39000,52800,0,0.74426794,1
train,44,data_44.csv,persistent_leak,44_66_89,24,66,89,39600,53400,0,0.7650821,1
train,44,data_44.csv,persistent_leak,44_67_90,24,67,90,40200,54000,0,0.7033823,1
train,44,data_44.csv,persistent_leak,44_68_91,24,68,91,40800,54600,0,0.6462999,1
train,44,data_44.csv,persistent_leak,44_69_92,24,69,92,41400,55200,0,0.6482827,1
train,44,data_44.csv,persistent_leak,44_70_93,24,70,93,42000,55800,0,0.6500368,1
train,44,data_44.csv,persistent_leak,44_71_94,24,71,94,42600,56400,0,0.6826428,1
train,44,data_44.csv,persistent_leak,44_72_95,24,72,95,43200,57000,0,0.7188846,1
train,44,data_44.csv,persistent_leak,44_73_96,24,73,96,43800,57600,0,0.650902,1
train,44,data_44.csv,persistent_leak,44_74_97,24,74,97,44400,58200,0,0.5646201,0
train,44,data_44.csv,persistent_leak,44_75_98,24,75,98,45000,58800,0,0.60505146,1
train,44,data_44.csv,persistent_leak,44_76_99,24,76,99,45600,59400,0,0.6187178,1
train,44,data_44.csv,persistent_leak,44_77_100,24,77,100,46200,60000,0,0.6777268,1
train,44,data_44.csv,persistent_leak,44_78_101,24,78,101,46800,60600,0,0.74055964,1
train,44,data_44.csv,persistent_leak,44_79_102,24,79,102,47400,61200,0,0.75924844,1
train,44,data_44.csv,persistent_leak,44_80_103,24,80,103,48000,61800,0,0.7753334,1
train,44,data_44.csv,persistent_leak,44_81_104,24,81,104,48600,62400,0,0.7986398,1
train,44,data_44.csv,persistent_leak,44_82_105,24,82,105,49200,63000,0,0.802357,1
train,44,data_44.csv,persistent_leak,44_83_106,24,83,106,49800,63600,0,0.82645243,1
train,44,data_44.csv,persistent_leak,44_84_107,24,84,107,50400,64200,0,0.84679544,1
train,44,data_44.csv,persistent_leak,44_85_108,24,85,108,51000,64800,0,0.82337224,1
train,44,data_44.csv,persistent_leak,44_86_109,24,86,109,51600,65400,0,0.7998848,1
train,44,data_44.csv,persistent_leak,44_87_110,24,87,110,52200,66000,0,0.7736966,1
train,44,data_44.csv,persistent_leak,44_88_111,24,88,111,52800,66600,0,0.7605749,1
train,44,data_44.csv,persistent_leak,44_89_112,24,89,112,53400,67200,0,0.72279555,1
train,44,data_44.csv,persistent_leak,44_90_113,24,90,113,54000,67800,0,0.6701454,1
train,44,data_44.csv,persistent_leak,44_91_114,24,91,114,54600,68400,0,0.5646947,0
train,44,data_44.csv,persistent_leak,44_92_115,24,92,115,55200,69000,0,0.44860506,0
train,44,data_44.csv,persistent_leak,44_93_116,24,93,116,55800,69600,0,0.40909693,0
train,44,data_44.csv,persistent_leak,44_94_117,24,94,117,56400,70200,0,0.38202024,0
train,44,data_44.csv,persistent_leak,44_95_118,24,95,118,57000,70800,0,0.31734493,0
train,44,data_44.csv,persistent_leak,44_96_119,24,96,119,57600,71400,0,0.24741426,0
train,44,data_44.csv,persistent_leak,44_97_120,24,97,120,58200,72000,0,0.17765395,0
train,44,data_44.csv,persistent_leak,44_98_121,24,98,121,58800,72600,0,0.08101698,0
train,44,data_44.csv,persistent_leak,44_99_122,24,99,122,59400,73200,0,0.0684418,0
train,44,data_44.csv,persistent_leak,44_100_123,24,100,123,60000,73800,0,0.05767149,0
train,44,data_44.csv,persistent_leak,44_101_124,24,101,124,60600,74400,0,0.06990117,0
train,44,data_44.csv,persistent_leak,44_102_125,24,102,125,61200,75000,0,0.08195564,0
train,44,data_44.csv,persistent_leak,44_103_126,24,103,126,61800,75600,0,0.044191677,0
train,44,data_44.csv,persistent_leak,44_104_127,24,104,127,62400,76200,0,0.02028323,0
train,44,data_44.csv,persistent_leak,44_105_128,24,105,128,63000,76800,0,0.019427767,0
train,44,data_44.csv,persistent_leak,44_106_129,24,106,129,63600,77400,0,0.01732263,0
train,44,data_44.csv,persistent_leak,44_107_130,24,107,130,64200,78000,0,0.021991163,0
train,44,data_44.csv,persistent_leak,44_108_131,24,108,131,64800,78600,0,0.031895246,0
train,44,data_44.csv,persistent_leak,44_109_132,24,109,132,65400,79200,0,0.018232431,0
train,44,data_44.csv,persistent_leak,44_110_133,24,110,133,66000,79800,0,0.008407284,0
train,44,data_44.csv,persistent_leak,44_111_134,24,111,134,66600,80400,0,0.006182185,0
train,44,data_44.csv,persistent_leak,44_112_135,24,112,135,67200,81000,0,0.0043274877,0
train,44,data_44.csv,persistent_leak,44_113_136,24,113,136,67800,81600,0,0.0044866935,0
train,44,data_44.csv,persistent_leak,44_114_137,24,114,137,68400,82200,0,0.004474064,0
train,44,data_44.csv,persistent_leak,44_115_138,24,115,138,69000,82800,0,0.0022602559,0
train,44,data_44.csv,persistent_leak,44_116_139,24,116,139,69600,83400,0,0.0008205242,0
train,44,data_44.csv,persistent_leak,44_117_140,24,117,140,70200,84000,0,0.00034652537,0
train,44,data_44.csv,persistent_leak,44_118_141,24,118,141,70800,84600,0,0.00018949958,0
train,44,data_44.csv,persistent_leak,44_119_142,24,119,142,71400,85200,0,0.00012345095,0
train,44,data_44.csv,persistent_leak,44_120_143,24,120,143,72000,85800,0,9.365101e-05,0
train,44,data_44.csv,persistent_leak,44_121_144,24,121,144,72600,86400,0,8.1532235e-05,0
train,45,data_45.csv,persistent_leak,45_0_23,24,0,23,0,13800,0,1.4650943e-08,0
train,45,data_45.csv,persistent_leak,45_1_24,24,1,24,600,14400,0,2.0622636e-08,0
train,45,data_45.csv,persistent_leak,45_2_25,24,2,25,1200,15000,0,2.5112625e-08,0
train,45,data_45.csv,persistent_leak,45_3_26,24,3,26,1800,15600,0,3.8262684e-08,0
train,45,data_45.csv,persistent_leak,45_4_27,24,4,27,2400,16200,0,4.8131497e-08,0
train,45,data_45.csv,persistent_leak,45_5_28,24,5,28,3000,16800,0,6.5805274e-08,0
train,45,data_45.csv,persistent_leak,45_6_29,24,6,29,3600,17400,0,8.4942435e-08,0
train,45,data_45.csv,persistent_leak,45_7_30,24,7,30,4200,18000,0,1.2096599e-07,0
train,45,data_45.csv,persistent_leak,45_8_31,24,8,31,4800,18600,0,1.4829843e-07,0
train,45,data_45.csv,persistent_leak,45_9_32,24,9,32,5400,19200,0,2.2960364e-07,0
train,45,data_45.csv,persistent_leak,45_10_33,24,10,33,6000,19800,0,2.916552e-07,0
train,45,data_45.csv,persistent_leak,45_11_34,24,11,34,6600,20400,0,4.0374164e-07,0
train,45,data_45.csv,persistent_leak,45_12_35,24,12,35,7200,21000,0,5.268696e-07,0
train,45,data_45.csv,persistent_leak,45_13_36,24,13,36,7800,21600,0,7.5883827e-07,0
train,45,data_45.csv,persistent_leak,45_14_37,24,14,37,8400,22200,0,9.363638e-07,0
train,45,data_45.csv,persistent_leak,45_15_38,24,15,38,9000,22800,0,1.4738874e-06,0
train,45,data_45.csv,persistent_leak,45_16_39,24,16,39,9600,23400,0,1.8869396e-06,0
train,45,data_45.csv,persistent_leak,45_17_40,24,17,40,10200,24000,0,2.6920552e-06,0
train,45,data_45.csv,persistent_leak,45_18_41,24,18,41,10800,24600,0,3.5149787e-06,0
train,45,data_45.csv,persistent_leak,45_19_42,24,19,42,11400,25200,0,5.181088e-06,0
train,45,data_45.csv,persistent_leak,45_20_43,24,20,43,12000,25800,0,6.3615516e-06,0
train,45,data_45.csv,persistent_leak,45_21_44,24,21,44,12600,26400,0,1.05122745e-05,0
train,45,data_45.csv,persistent_leak,45_22_45,24,22,45,13200,27000,0,1.35415285e-05,0
train,45,data_45.csv,persistent_leak,45_23_46,24,23,46,13800,27600,0,1.9603951e-05,0
train,45,data_45.csv,persistent_leak,45_24_47,24,24,47,14400,28200,0,2.5844969e-05,0
train,45,data_45.csv,persistent_leak,45_25_48,24,25,48,15000,28800,0,4.1016476e-05,0
train,45,data_45.csv,persistent_leak,45_26_49,24,26,49,15600,29400,0,5.3030002e-05,0
train,45,data_45.csv,persistent_leak,45_27_50,24,27,50,16200,30000,0,9.183936e-05,0
train,45,data_45.csv,persistent_leak,45_28_51,24,28,51,16800,30600,0,0.000119569275,0
train,45,data_45.csv,persistent_leak,45_29_52,24,29,52,17400,31200,0,0.00017695845,0
train,45,data_45.csv,persistent_leak,45_30_53,24,30,53,18000,31800,0,0.00023459524,0
train,45,data_45.csv,persistent_leak,45_31_54,24,31,54,18600,32400,0,0.0004019856,0
train,45,data_45.csv,persistent_leak,45_32_55,24,32,55,19200,33000,0,0.00054653635,0
train,45,data_45.csv,persistent_leak,45_33_56,24,33,56,19800,33600,0,0.0010095956,0
train,45,data_45.csv,persistent_leak,45_34_57,24,34,57,20400,34200,0,0.0013150533,0
train,45,data_45.csv,persistent_leak,45_35_58,24,35,58,21000,34800,0,0.0020020085,0
train,45,data_45.csv,persistent_leak,45_36_59,24,36,59,21600,35400,0,0.0026558405,0
train,45,data_45.csv,persistent_leak,45_37_60,24,37,60,22200,36000,0,0.0047050775,0
train,45,data_45.csv,persistent_leak,45_38_61,24,38,61,22800,36600,0,0.0062037287,0
train,45,data_45.csv,persistent_leak,45_39_62,24,39,62,23400,37200,0,0.010928743,0
train,45,data_45.csv,persistent_leak,45_40_63,24,40,63,24000,37800,0,0.014148535,0
train,45,data_45.csv,persistent_leak,45_41_64,24,41,64,24600,38400,0,0.021833276,0
train,45,data_45.csv,persistent_leak,45_42_65,24,42,65,25200,39000,0,0.026942777,0
train,45,data_45.csv,persistent_leak,45_43_66,24,43,66,25800,39600,0,0.042907648,0
train,45,data_45.csv,persistent_leak,45_44_67,24,44,67,26400,40200,0,0.05379575,0
train,45,data_45.csv,persistent_leak,45_45_68,24,45,68,27000,40800,0,0.081550285,0
train,45,data_45.csv,persistent_leak,45_46_69,24,46,69,27600,41400,0,0.1039668,0
train,45,data_45.csv,persistent_leak,45_47_70,24,47,70,28200,42000,0,0.14433843,0
train,45,data_45.csv,persistent_leak,45_48_71,24,48,71,28800,42600,0,0.17173569,0
train,45,data_45.csv,persistent_leak,45_49_72,24,49,72,29400,43200,0,0.23716526,0
train,45,data_45.csv,persistent_leak,45_50_73,24,50,73,30000,43800,0,0.27039203,0
train,45,data_45.csv,persistent_leak,45_51_74,24,51,74,30600,44400,0,0.32899666,0
train,45,data_45.csv,persistent_leak,45_52_75,24,52,75,31200,45000,0,0.3858343,0
train,45,data_45.csv,persistent_leak,45_53_76,24,53,76,31800,45600,0,0.43938857,0
train,45,data_45.csv,persistent_leak,45_54_77,24,54,77,32400,46200,0,0.46916562,0
train,45,data_45.csv,persistent_leak,45_55_78,24,55,78,33000,46800,0,0.492644,0
train,45,data_45.csv,persistent_leak,45_56_79,24,56,79,33600,47400,0,0.47144142,0
train,45,data_45.csv,persistent_leak,45_57_80,24,57,80,34200,48000,0,0.42441687,0
train,45,data_45.csv,persistent_leak,45_58_81,24,58,81,34800,48600,0,0.40099618,0
train,45,data_45.csv,persistent_leak,45_59_82,24,59,82,35400,49200,0,0.4210001,0
train,45,data_45.csv,persistent_leak,45_60_83,24,60,83,36000,49800,0,0.38899723,0
train,45,data_45.csv,persistent_leak,45_61_84,24,61,84,36600,50400,0,0.39068082,0
train,45,data_45.csv,persistent_leak,45_62_85,24,62,85,37200,51000,0,0.38649282,0
train,45,data_45.csv,persistent_leak,45_63_86,24,63,86,37800,51600,0,0.36734435,0
train,45,data_45.csv,persistent_leak,45_64_87,24,64,87,38400,52200,0,0.35688648,0
train,45,data_45.csv,persistent_leak,45_65_88,24,65,88,39000,52800,0,0.37230182,0
train,45,data_45.csv,persistent_leak,45_66_89,24,66,89,39600,53400,0,0.38421184,0
train,45,data_45.csv,persistent_leak,45_67_90,24,67,90,40200,54000,0,0.26085612,0
train,45,data_45.csv,persistent_leak,45_68_91,24,68,91,40800,54600,0,0.15724562,0
train,45,data_45.csv,persistent_leak,45_69_92,24,69,92,41400,55200,0,0.118528,0
train,45,data_45.csv,persistent_leak,45_70_93,24,70,93,42000,55800,0,0.10981574,0
train,45,data_45.csv,persistent_leak,45_71_94,24,71,94,42600,56400,0,0.12107513,0
train,45,data_45.csv,persistent_leak,45_72_95,24,72,95,43200,57000,0,0.15889986,0
train,45,data_45.csv,persistent_leak,45_73_96,24,73,96,43800,57600,0,0.10945128,0
train,45,data_45.csv,persistent_leak,45_74_97,24,74,97,44400,58200,0,0.047621675,0
train,45,data_45.csv,persistent_leak,45_75_98,24,75,98,45000,58800,0,0.038122125,0
train,45,data_45.csv,persistent_leak,45_76_99,24,76,99,45600,59400,0,0.03222064,0
train,45,data_45.csv,persistent_leak,45_77_100,24,77,100,46200,60000,0,0.042101245,0
train,45,data_45.csv,persistent_leak,45_78_101,24,78,101,46800,60600,0,0.05377005,0
train,45,data_45.csv,persistent_leak,45_79_102,24,79,102,47400,61200,0,0.102189176,0
train,45,data_45.csv,persistent_leak,45_80_103,24,80,103,48000,61800,0,0.21447445,0
train,45,data_45.csv,persistent_leak,45_81_104,24,81,104,48600,62400,0,0.33853593,0
train,45,data_45.csv,persistent_leak,45_82_105,24,82,105,49200,63000,0,0.4079859,0
train,45,data_45.csv,persistent_leak,45_83_106,24,83,106,49800,63600,0,0.52378315,0
train,45,data_45.csv,persistent_leak,45_84_107,24,84,107,50400,64200,0,0.5911283,0
train,45,data_45.csv,persistent_leak,45_85_108,24,85,108,51000,64800,0,0.63665956,1
train,45,data_45.csv,persistent_leak,45_86_109,24,86,109,51600,65400,0,0.6930384,1
train,45,data_45.csv,persistent_leak,45_87_110,24,87,110,52200,66000,0,0.68410444,1
train,45,data_45.csv,persistent_leak,45_88_111,24,88,111,52800,66600,0,0.7387006,1
train,45,data_45.csv,persistent_leak,45_89_112,24,89,112,53400,67200,0,0.7565673,1
train,45,data_45.csv,persistent_leak,45_90_113,24,90,113,54000,67800,0,0.7556764,1
train,45,data_45.csv,persistent_leak,45_91_114,24,91,114,54600,68400,0,0.71717596,1
train,45,data_45.csv,persistent_leak,45_92_115,24,92,115,55200,69000,0,0.69559216,1
train,45,data_45.csv,persistent_leak,45_93_116,24,93,116,55800,69600,0,0.6038318,1
train,45,data_45.csv,persistent_leak,45_94_117,24,94,117,56400,70200,0,0.4768756,0
train,45,data_45.csv,persistent_leak,45_95_118,24,95,118,57000,70800,0,0.30895284,0
train,45,data_45.csv,persistent_leak,45_96_119,24,96,119,57600,71400,0,0.13165253,0
train,45,data_45.csv,persistent_leak,45_97_120,24,97,120,58200,72000,0,0.10578631,0
train,45,data_45.csv,persistent_leak,45_98_121,24,98,121,58800,72600,0,0.07760144,0
train,45,data_45.csv,persistent_leak,45_99_122,24,99,122,59400,73200,0,0.05034115,0
train,45,data_45.csv,persistent_leak,45_100_123,24,100,123,60000,73800,0,0.05328022,0
train,45,data_45.csv,persistent_leak,45_101_124,24,101,124,60600,74400,0,0.06113367,0
train,45,data_45.csv,persistent_leak,45_102_125,24,102,125,61200,75000,0,0.090964116,0
train,45,data_45.csv,persistent_leak,45_103_126,24,103,126,61800,75600,0,0.056141265,0
train,45,data_45.csv,persistent_leak,45_104_127,24,104,127,62400,76200,0,0.02606503,0
train,45,data_45.csv,persistent_leak,45_105_128,24,105,128,63000,76800,0,0.024612114,0
train,45,data_45.csv,persistent_leak,45_106_129,24,106,129,63600,77400,0,0.02276176,0
train,45,data_45.csv,persistent_leak,45_107_130,24,107,130,64200,78000,0,0.029539213,0
train,45,data_45.csv,persistent_leak,45_108_131,24,108,131,64800,78600,0,0.060030073,0
train,45,data_45.csv,persistent_leak,45_109_132,24,109,132,65400,79200,0,0.028009584,0
train,45,data_45.csv,persistent_leak,45_110_133,24,110,133,66000,79800,0,0.010189318,0
train,45,data_45.csv,persistent_leak,45_111_134,24,111,134,66600,80400,0,0.0073859626,0
train,45,data_45.csv,persistent_leak,45_112_135,24,112,135,67200,81000,0,0.0050452393,0
train,45,data_45.csv,persistent_leak,45_113_136,24,113,136,67800,81600,0,0.005483093,0
train,45,data_45.csv,persistent_leak,45_114_137,24,114,137,68400,82200,0,0.006498181,0
train,45,data_45.csv,persistent_leak,45_115_138,24,115,138,69000,82800,0,0.0025192641,0
train,45,data_45.csv,persistent_leak,45_116_139,24,116,139,69600,83400,0,0.000646203,0
train,45,data_45.csv,persistent_leak,45_117_140,24,117,140,70200,84000,0,0.00032083312,0
train,45,data_45.csv,persistent_leak,45_118_141,24,118,141,70800,84600,0,0.00020506751,0
train,45,data_45.csv,persistent_leak,45_119_142,24,119,142,71400,85200,0,0.00017864667,0
train,45,data_45.csv,persistent_leak,45_120_143,24,120,143,72000,85800,0,0.00015641697,0
train,45,data_45.csv,persistent_leak,45_121_144,24,121,144,72600,86400,0,0.00016717911,0
train,47,data_47.csv,onset_leak,47_0_23,24,0,23,0,13800,0,5.24162e-09,0
train,47,data_47.csv,onset_leak,47_1_24,24,1,24,600,14400,0,8.382239e-09,0
train,47,data_47.csv,onset_leak,47_2_25,24,2,25,1200,15000,0,1.0723827e-08,0
train,47,data_47.csv,onset_leak,47_3_26,24,3,26,1800,15600,0,1.1813549e-08,0
train,47,data_47.csv,onset_leak,47_4_27,24,4,27,2400,16200,0,1.003257e-08,0
train,47,data_47.csv,onset_leak,47_5_28,24,5,28,3000,16800,0,9.4237755e-09,0
train,47,data_47.csv,onset_leak,47_6_29,24,6,29,3600,17400,0,7.4339193e-09,0
train,47,data_47.csv,onset_leak,47_7_30,24,7,30,4200,18000,0,1.16223235e-08,0
train,47,data_47.csv,onset_leak,47_8_31,24,8,31,4800,18600,0,1.5375333e-08,0
train,47,data_47.csv,onset_leak,47_9_32,24,9,32,5400,19200,0,2.3577993e-08,0
train,47,data_47.csv,onset_leak,47_10_33,24,10,33,6000,19800,0,2.5439682e-08,0
train,47,data_47.csv,onset_leak,47_11_34,24,11,34,6600,20400,0,3.30018e-08,0
train,47,data_47.csv,onset_leak,47_12_35,24,12,35,7200,21000,0,3.7457617e-08,0
train,47,data_47.csv,onset_leak,47_13_36,24,13,36,7800,21600,0,5.59096e-08,0
train,47,data_47.csv,onset_leak,47_14_37,24,14,37,8400,22200,0,6.350583e-08,0
train,47,data_47.csv,onset_leak,47_15_38,24,15,38,9000,22800,0,9.403185e-08,0
train,47,data_47.csv,onset_leak,47_16_39,24,16,39,9600,23400,0,1.058958e-07,0
train,47,data_47.csv,onset_leak,47_17_40,24,17,40,10200,24000,0,1.3866743e-07,0
train,47,data_47.csv,onset_leak,47_18_41,24,18,41,10800,24600,0,1.5929031e-07,0
train,47,data_47.csv,onset_leak,47_19_42,24,19,42,11400,25200,0,4.0643002e-07,0
train,47,data_47.csv,onset_leak,47_20_43,24,20,43,12000,25800,0,7.4853267e-07,0
train,47,data_47.csv,onset_leak,47_21_44,24,21,44,12600,26400,0,1.8510465e-06,0
train,47,data_47.csv,onset_leak,47_22_45,24,22,45,13200,27000,0,2.8827899e-06,0
train,47,data_47.csv,onset_leak,47_23_46,24,23,46,13800,27600,0,5.243806e-06,0
train,47,data_47.csv,onset_leak,47_24_47,24,24,47,14400,28200,0,8.119055e-06,0
train,47,data_47.csv,onset_leak,47_25_48,24,25,48,15000,28800,0,2.3744176e-05,0
train,47,data_47.csv,onset_leak,47_26_49,24,26,49,15600,29400,0,4.4251137e-05,0
train,47,data_47.csv,onset_leak,47_27_50,24,27,50,16200,30000,0,0.00012868755,0
train,47,data_47.csv,onset_leak,47_28_51,24,28,51,16800,30600,0,0.00018558532,0
train,47,data_47.csv,onset_leak,47_29_52,24,29,52,17400,31200,0,0.0003876106,0
train,47,data_47.csv,onset_leak,47_30_53,24,30,53,18000,31800,0,0.0006078398,0
train,47,data_47.csv,onset_leak,47_31_54,24,31,54,18600,32400,0,0.0007399737,0
train,47,data_47.csv,onset_leak,47_32_55,24,32,55,19200,33000,0,0.0006123842,0
train,47,data_47.csv,onset_leak,47_33_56,24,33,56,19800,33600,0,0.00087506615,0
train,47,data_47.csv,onset_leak,47_34_57,24,34,57,20400,34200,0,0.001173986,0
train,47,data_47.csv,onset_leak,47_35_58,24,35,58,21000,34800,0,0.0018731859,0
train,47,data_47.csv,onset_leak,47_36_59,24,36,59,21600,35400,0,0.0024270169,0
train,47,data_47.csv,onset_leak,47_37_60,24,37,60,22200,36000,0,0.0036568013,0
train,47,data_47.csv,onset_leak,47_38_61,24,38,61,22800,36600,0,0.0049654436,0
train,47,data_47.csv,onset_leak,47_39_62,24,39,62,23400,37200,0,0.009473987,0
train,47,data_47.csv,onset_leak,47_40_63,24,40,63,24000,37800,0,0.020499015,0
train,47,data_47.csv,onset_leak,47_41_64,24,41,64,24600,38400,0,0.037650485,0
train,47,data_47.csv,onset_leak,47_42_65,24,42,65,25200,39000,0,0.069386,0
train,47,data_47.csv,onset_leak,47_43_66,24,43,66,25800,39600,0,0.17004609,0
train,47,data_47.csv,onset_leak,47_44_67,24,44,67,26400,40200,0,0.3010797,0
train,47,data_47.csv,onset_leak,47_45_68,24,45,68,27000,40800,0,0.46399745,0
train,47,data_47.csv,onset_leak,47_46_69,24,46,69,27600,41400,0,0.5059509,0
train,47,data_47.csv,onset_leak,47_47_70,24,47,70,28200,42000,0,0.58584434,0
train,47,data_47.csv,onset_leak,47_48_71,24,48,71,28800,42600,0,0.6104799,1
train,47,data_47.csv,onset_leak,47_49_72,24,49,72,29400,43200,0,0.63425857,1
train,47,data_47.csv,onset_leak,47_50_73,24,50,73,30000,43800,0,0.64407253,1
train,47,data_47.csv,onset_leak,47_51_74,24,51,74,30600,44400,0,0.62201893,1
train,47,data_47.csv,onset_leak,47_52_75,24,52,75,31200,45000,0,0.60751957,1
train,47,data_47.csv,onset_leak,47_53_76,24,53,76,31800,45600,0,0.63852364,1
train,47,data_47.csv,onset_leak,47_54_77,24,54,77,32400,46200,0,0.59622025,0
train,47,data_47.csv,onset_leak,47_55_78,24,55,78,33000,46800,0,0.49958965,0
train,47,data_47.csv,onset_leak,47_56_79,24,56,79,33600,47400,0,0.4229473,0
train,47,data_47.csv,onset_leak,47_57_80,24,57,80,34200,48000,0,0.37713113,0
train,47,data_47.csv,onset_leak,47_58_81,24,58,81,34800,48600,0,0.36885384,0
train,47,data_47.csv,onset_leak,47_59_82,24,59,82,35400,49200,0,0.36761114,0
train,47,data_47.csv,onset_leak,47_60_83,24,60,83,36000,49800,0,0.36998582,0
train,47,data_47.csv,onset_leak,47_61_84,24,61,84,36600,50400,0,0.26894456,0
train,47,data_47.csv,onset_leak,47_62_85,24,62,85,37200,51000,0,0.15221576,0
train,47,data_47.csv,onset_leak,47_63_86,24,63,86,37800,51600,0,0.15368941,0
train,47,data_47.csv,onset_leak,47_64_87,24,64,87,38400,52200,0,0.15358868,0
train,47,data_47.csv,onset_leak,47_65_88,24,65,88,39000,52800,0,0.22563072,0
train,47,data_47.csv,onset_leak,47_66_89,24,66,89,39600,53400,0,0.3437139,0
train,47,data_47.csv,onset_leak,47_67_90,24,67,90,40200,54000,0,0.25562862,0
train,47,data_47.csv,onset_leak,47_68_91,24,68,91,40800,54600,0,0.100571744,0
train,47,data_47.csv,onset_leak,47_69_92,24,69,92,41400,55200,0,0.10709834,0
train,47,data_47.csv,onset_leak,47_70_93,24,70,93,42000,55800,0,0.093143135,0
train,47,data_47.csv,onset_leak,47_71_94,24,71,94,42600,56400,0,0.11488507,0
train,47,data_47.csv,onset_leak,47_72_95,24,72,95,43200,57000,0,0.16420445,0
train,47,data_47.csv,onset_leak,47_73_96,24,73,96,43800,57600,0,0.10651596,0
train,47,data_47.csv,onset_leak,47_74_97,24,74,97,44400,58200,0,0.04731309,0
train,47,data_47.csv,onset_leak,47_75_98,24,75,98,45000,58800,0,0.050929595,0
train,47,data_47.csv,onset_leak,47_76_99,24,76,99,45600,59400,0,0.04096523,0
train,47,data_47.csv,onset_leak,47_77_100,24,77,100,46200,60000,0,0.04992444,0
train,47,data_47.csv,onset_leak,47_78_101,24,78,101,46800,60600,0,0.054250926,0
train,47,data_47.csv,onset_leak,47_79_102,24,79,102,47400,61200,0,0.043540966,0
train,47,data_47.csv,onset_leak,47_80_103,24,80,103,48000,61800,0,0.037949294,0
train,47,data_47.csv,onset_leak,47_81_104,24,81,104,48600,62400,0,0.03832139,0
train,47,data_47.csv,onset_leak,47_82_105,24,82,105,49200,63000,0,0.035831712,0
train,47,data_47.csv,onset_leak,47_83_106,24,83,106,49800,63600,0,0.037625294,0
train,47,data_47.csv,onset_leak,47_84_107,24,84,107,50400,64200,0,0.045205735,0
train,47,data_47.csv,onset_leak,47_85_108,24,85,108,51000,64800,0,0.099482924,0
train,47,data_47.csv,onset_leak,47_86_109,24,86,109,51600,65400,0,0.22392651,0
train,47,data_47.csv,onset_leak,47_87_110,24,87,110,52200,66000,0,0.33836985,0
train,47,data_47.csv,onset_leak,47_88_111,24,88,111,52800,66600,0,0.35039964,0
train,47,data_47.csv,onset_leak,47_89_112,24,89,112,53400,67200,0,0.2932645,0
train,47,data_47.csv,onset_leak,47_90_113,24,90,113,54000,67800,0,0.16125034,0
train,47,data_47.csv,onset_leak,47_91_114,24,91,114,54600,68400,0,0.3113362,0
train,47,data_47.csv,onset_leak,47_92_115,24,92,115,55200,69000,0,0.3993032,0
train,47,data_47.csv,onset_leak,47_93_116,24,93,116,55800,69600,0,0.38106507,0
train,47,data_47.csv,onset_leak,47_94_117,24,94,117,56400,70200,0,0.2358693,0
train,47,data_47.csv,onset_leak,47_95_118,24,95,118,57000,70800,0,0.18525626,0
train,47,data_47.csv,onset_leak,47_96_119,24,96,119,57600,71400,0,0.10969826,0
train,47,data_47.csv,onset_leak,47_97_120,24,97,120,58200,72000,0,0.1331716,0
train,47,data_47.csv,onset_leak,47_98_121,24,98,121,58800,72600,0,0.096088044,0
train,47,data_47.csv,onset_leak,47_99_122,24,99,122,59400,73200,0,0.08728265,0
train,47,data_47.csv,onset_leak,47_100_123,24,100,123,60000,73800,0,0.063570075,0
train,47,data_47.csv,onset_leak,47_101_124,24,101,124,60600,74400,0,0.048306502,0
train,47,data_47.csv,onset_leak,47_102_125,24,102,125,61200,75000,0,0.025042525,0
train,47,data_47.csv,onset_leak,47_103_126,24,103,126,61800,75600,0,0.030657373,0
train,47,data_47.csv,onset_leak,47_104_127,24,104,127,62400,76200,0,0.033275384,0
train,47,data_47.csv,onset_leak,47_105_128,24,105,128,63000,76800,0,0.049676403,0
train,47,data_47.csv,onset_leak,47_106_129,24,106,129,63600,77400,0,0.088027045,0
train,47,data_47.csv,onset_leak,47_107_130,24,107,130,64200,78000,0,0.123190895,0
train,47,data_47.csv,onset_leak,47_108_131,24,108,131,64800,78600,0,0.17480761,0
train,47,data_47.csv,onset_leak,47_109_132,24,109,132,65400,79200,0,0.06131041,0
train,47,data_47.csv,onset_leak,47_110_133,24,110,133,66000,79800,0,0.028858783,0
train,47,data_47.csv,onset_leak,47_111_134,24,111,134,66600,80400,0,0.022438355,0
train,47,data_47.csv,onset_leak,47_112_135,24,112,135,67200,81000,0,0.02584676,0
train,47,data_47.csv,onset_leak,47_113_136,24,113,136,67800,81600,0,0.025519377,0
train,47,data_47.csv,onset_leak,47_114_137,24,114,137,68400,82200,0,0.034147363,0
train,47,data_47.csv,onset_leak,47_115_138,24,115,138,69000,82800,0,0.010994111,0
train,47,data_47.csv,onset_leak,47_116_139,24,116,139,69600,83400,0,0.0014003143,0
train,47,data_47.csv,onset_leak,47_117_140,24,117,140,70200,84000,0,0.0005327335,0
train,47,data_47.csv,onset_leak,47_118_141,24,118,141,70800,84600,0,0.0003921786,0
train,47,data_47.csv,onset_leak,47_119_142,24,119,142,71400,85200,0,0.00040730456,0
train,47,data_47.csv,onset_leak,47_120_143,24,120,143,72000,85800,0,0.0005855762,0
train,47,data_47.csv,onset_leak,47_121_144,24,121,144,72600,86400,0,0.00032160358,0
train,51,data_51.csv,persistent_leak,51_0_23,24,0,23,0,13800,0,7.833444e-09,0
train,51,data_51.csv,persistent_leak,51_1_24,24,1,24,600,14400,0,7.578429e-09,0
train,51,data_51.csv,persistent_leak,51_2_25,24,2,25,1200,15000,0,7.490609e-09,0
train,51,data_51.csv,persistent_leak,51_3_26,24,3,26,1800,15600,0,6.9093646e-09,0
train,51,data_51.csv,persistent_leak,51_4_27,24,4,27,2400,16200,0,6.458171e-09,0
train,51,data_51.csv,persistent_leak,51_5_28,24,5,28,3000,16800,0,6.0064194e-09,0
train,51,data_51.csv,persistent_leak,51_6_29,24,6,29,3600,17400,0,5.566888e-09,0
train,51,data_51.csv,persistent_leak,51_7_30,24,7,30,4200,18000,0,9.1937356e-09,0
train,51,data_51.csv,persistent_leak,51_8_31,24,8,31,4800,18600,0,1.3390232e-08,0
train,51,data_51.csv,persistent_leak,51_9_32,24,9,32,5400,19200,0,1.6766245e-08,0
train,51,data_51.csv,persistent_leak,51_10_33,24,10,33,6000,19800,0,1.653883e-08,0
train,51,data_51.csv,persistent_leak,51_11_34,24,11,34,6600,20400,0,1.716797e-08,0
train,51,data_51.csv,persistent_leak,51_12_35,24,12,35,7200,21000,0,1.6039037e-08,0
train,51,data_51.csv,persistent_leak,51_13_36,24,13,36,7800,21600,0,2.3172948e-08,0
train,51,data_51.csv,persistent_leak,51_14_37,24,14,37,8400,22200,0,2.9020793e-08,0
train,51,data_51.csv,persistent_leak,51_15_38,24,15,38,9000,22800,0,3.8099778e-08,0
train,51,data_51.csv,persistent_leak,51_16_39,24,16,39,9600,23400,0,3.5759694e-08,0
train,51,data_51.csv,persistent_leak,51_17_40,24,17,40,10200,24000,0,4.0631253e-08,0
train,51,data_51.csv,persistent_leak,51_18_41,24,18,41,10800,24600,0,4.0170143e-08,0
train,51,data_51.csv,persistent_leak,51_19_42,24,19,42,11400,25200,0,6.045454e-08,0
train,51,data_51.csv,persistent_leak,51_20_43,24,20,43,12000,25800,0,6.798552e-08,0
train,51,data_51.csv,persistent_leak,51_21_44,24,21,44,12600,26400,0,9.0686044e-08,0
train,51,data_51.csv,persistent_leak,51_22_45,24,22,45,13200,27000,0,9.145276e-08,0
train,51,data_51.csv,persistent_leak,51_23_46,24,23,46,13800,27600,0,1.0734556e-07,0
train,51,data_51.csv,persistent_leak,51_24_47,24,24,47,14400,28200,0,1.07605075e-07,0
train,51,data_51.csv,persistent_leak,51_25_48,24,25,48,15000,28800,0,1.5359555e-07,0
train,51,data_51.csv,persistent_leak,51_26_49,24,26,49,15600,29400,0,1.8272445e-07,0
train,51,data_51.csv,persistent_leak,51_27_50,24,27,50,16200,30000,0,3.2610953e-07,0
train,51,data_51.csv,persistent_leak,51_28_51,24,28,51,16800,30600,0,4.725789e-07,0
train,51,data_51.csv,persistent_leak,51_29_52,24,29,52,17400,31200,0,7.602892e-07,0
train,51,data_51.csv,persistent_leak,51_30_53,24,30,53,18000,31800,0,1.1696711e-06,0
train,51,data_51.csv,persistent_leak,51_31_54,24,31,54,18600,32400,0,2.558914e-06,0
train,51,data_51.csv,persistent_leak,51_32_55,24,32,55,19200,33000,0,4.2757006e-06,0
train,51,data_51.csv,persistent_leak,51_33_56,24,33,56,19800,33600,0,9.585484e-06,0
train,51,data_51.csv,persistent_leak,51_34_57,24,34,57,20400,34200,0,1.4461574e-05,0
train,51,data_51.csv,persistent_leak,51_35_58,24,35,58,21000,34800,0,2.5049678e-05,0
train,51,data_51.csv,persistent_leak,51_36_59,24,36,59,21600,35400,0,3.6958463e-05,0
train,51,data_51.csv,persistent_leak,51_37_60,24,37,60,22200,36000,0,0.00010662298,0
train,51,data_51.csv,persistent_leak,51_38_61,24,38,61,22800,36600,0,0.00020802188,0
train,51,data_51.csv,persistent_leak,51_39_62,24,39,62,23400,37200,0,0.0005614335,0
train,51,data_51.csv,persistent_leak,51_40_63,24,40,63,24000,37800,0,0.0007902846,0
train,51,data_51.csv,persistent_leak,51_41_64,24,41,64,24600,38400,0,0.0015176227,0
train,51,data_51.csv,persistent_leak,51_42_65,24,42,65,25200,39000,0,0.002281422,0
train,51,data_51.csv,persistent_leak,51_43_66,24,43,66,25800,39600,0,0.007480744,0
train,51,data_51.csv,persistent_leak,51_44_67,24,44,67,26400,40200,0,0.011467613,0
train,51,data_51.csv,persistent_leak,51_45_68,24,45,68,27000,40800,0,0.023200404,0
train,51,data_51.csv,persistent_leak,51_46_69,24,46,69,27600,41400,0,0.024671,0
train,51,data_51.csv,persistent_leak,51_47_70,24,47,70,28200,42000,0,0.04191141,0
train,51,data_51.csv,persistent_leak,51_48_71,24,48,71,28800,42600,0,0.044723175,0
train,51,data_51.csv,persistent_leak,51_49_72,24,49,72,29400,43200,0,0.05294053,0
train,51,data_51.csv,persistent_leak,51_50_73,24,50,73,30000,43800,0,0.034885198,0
train,51,data_51.csv,persistent_leak,51_51_74,24,51,74,30600,44400,0,0.037953638,0
train,51,data_51.csv,persistent_leak,51_52_75,24,52,75,31200,45000,0,0.052464254,0
train,51,data_51.csv,persistent_leak,51_53_76,24,53,76,31800,45600,0,0.07751642,0
train,51,data_51.csv,persistent_leak,51_54_77,24,54,77,32400,46200,0,0.09084385,0
train,51,data_51.csv,persistent_leak,51_55_78,24,55,78,33000,46800,0,0.054642368,0
train,51,data_51.csv,persistent_leak,51_56_79,24,56,79,33600,47400,0,0.033664193,0
train,51,data_51.csv,persistent_leak,51_57_80,24,57,80,34200,48000,0,0.03378643,0
train,51,data_51.csv,persistent_leak,51_58_81,24,58,81,34800,48600,0,0.061614703,0
train,51,data_51.csv,persistent_leak,51_59_82,24,59,82,35400,49200,0,0.062388804,0
train,51,data_51.csv,persistent_leak,51_60_83,24,60,83,36000,49800,0,0.081540786,0
train,51,data_51.csv,persistent_leak,51_61_84,24,61,84,36600,50400,0,0.06649404,0
train,51,data_51.csv,persistent_leak,51_62_85,24,62,85,37200,51000,0,0.05103249,0
train,51,data_51.csv,persistent_leak,51_63_86,24,63,86,37800,51600,0,0.052506138,0
train,51,data_51.csv,persistent_leak,51_64_87,24,64,87,38400,52200,0,0.05987809,0
train,51,data_51.csv,persistent_leak,51_65_88,24,65,88,39000,52800,0,0.07821344,0
train,51,data_51.csv,persistent_leak,51_66_89,24,66,89,39600,53400,0,0.15491046,0
train,51,data_51.csv,persistent_leak,51_67_90,24,67,90,40200,54000,0,0.14743786,0
train,51,data_51.csv,persistent_leak,51_68_91,24,68,91,40800,54600,0,0.14196874,0
train,51,data_51.csv,persistent_leak,51_69_92,24,69,92,41400,55200,0,0.20138355,0
train,51,data_51.csv,persistent_leak,51_70_93,24,70,93,42000,55800,0,0.21404804,0
train,51,data_51.csv,persistent_leak,51_71_94,24,71,94,42600,56400,0,0.28343806,0
train,51,data_51.csv,persistent_leak,51_72_95,24,72,95,43200,57000,0,0.3597317,0
train,51,data_51.csv,persistent_leak,51_73_96,24,73,96,43800,57600,0,0.3865702,0
train,51,data_51.csv,persistent_leak,51_74_97,24,74,97,44400,58200,0,0.39552778,0
train,51,data_51.csv,persistent_leak,51_75_98,24,75,98,45000,58800,0,0.42173082,0
train,51,data_51.csv,persistent_leak,51_76_99,24,76,99,45600,59400,0,0.46705413,0
train,51,data_51.csv,persistent_leak,51_77_100,24,77,100,46200,60000,0,0.48746768,0
train,51,data_51.csv,persistent_leak,51_78_101,24,78,101,46800,60600,0,0.49892798,0
train,51,data_51.csv,persistent_leak,51_79_102,24,79,102,47400,61200,0,0.5535631,0
train,51,data_51.csv,persistent_leak,51_80_103,24,80,103,48000,61800,0,0.58794326,0
train,51,data_51.csv,persistent_leak,51_81_104,24,81,104,48600,62400,0,0.5923596,0
train,51,data_51.csv,persistent_leak,51_82_105,24,82,105,49200,63000,0,0.59326404,0
train,51,data_51.csv,persistent_leak,51_83_106,24,83,106,49800,63600,0,0.594718,0
train,51,data_51.csv,persistent_leak,51_84_107,24,84,107,50400,64200,0,0.5746201,0
train,51,data_51.csv,persistent_leak,51_85_108,24,85,108,51000,64800,0,0.58749104,0
train,51,data_51.csv,persistent_leak,51_86_109,24,86,109,51600,65400,0,0.57709265,0
train,51,data_51.csv,persistent_leak,51_87_110,24,87,110,52200,66000,0,0.55673075,0
train,51,data_51.csv,persistent_leak,51_88_111,24,88,111,52800,66600,0,0.5471532,0
train,51,data_51.csv,persistent_leak,51_89_112,24,89,112,53400,67200,0,0.5501837,0
train,51,data_51.csv,persistent_leak,51_90_113,24,90,113,54000,67800,0,0.4985244,0
train,51,data_51.csv,persistent_leak,51_91_114,24,91,114,54600,68400,0,0.34432375,0
train,51,data_51.csv,persistent_leak,51_92_115,24,92,115,55200,69000,0,0.2305491,0
train,51,data_51.csv,persistent_leak,51_93_116,24,93,116,55800,69600,0,0.15226442,0
train,51,data_51.csv,persistent_leak,51_94_117,24,94,117,56400,70200,0,0.13960136,0
train,51,data_51.csv,persistent_leak,51_95_118,24,95,118,57000,70800,0,0.12820102,0
train,51,data_51.csv,persistent_leak,51_96_119,24,96,119,57600,71400,0,0.12712584,0
train,51,data_51.csv,persistent_leak,51_97_120,24,97,120,58200,72000,0,0.06947889,0
train,51,data_51.csv,persistent_leak,51_98_121,24,98,121,58800,72600,0,0.023095073,0
train,51,data_51.csv,persistent_leak,51_99_122,24,99,122,59400,73200,0,0.010351188,0
train,51,data_51.csv,persistent_leak,51_100_123,24,100,123,60000,73800,0,0.007406294,0
train,51,data_51.csv,persistent_leak,51_101_124,24,101,124,60600,74400,0,0.0075519965,0
train,51,data_51.csv,persistent_leak,51_102_125,24,102,125,61200,75000,0,0.010664604,0
train,51,data_51.csv,persistent_leak,51_103_126,24,103,126,61800,75600,0,0.0044610277,0
train,51,data_51.csv,persistent_leak,51_104_127,24,104,127,62400,76200,0,0.0012847572,0
train,51,data_51.csv,persistent_leak,51_105_128,24,105,128,63000,76800,0,0.0009556655,0
train,51,data_51.csv,persistent_leak,51_106_129,24,106,129,63600,77400,0,0.0008040043,0
train,51,data_51.csv,persistent_leak,51_107_130,24,107,130,64200,78000,0,0.0010906637,0
train,51,data_51.csv,persistent_leak,51_108_131,24,108,131,64800,78600,0,0.0018101067,0
train,51,data_51.csv,persistent_leak,51_109_132,24,109,132,65400,79200,0,0.0014393657,0
train,51,data_51.csv,persistent_leak,51_110_133,24,110,133,66000,79800,0,0.0013338157,0
train,51,data_51.csv,persistent_leak,51_111_134,24,111,134,66600,80400,0,0.001668022,0
train,51,data_51.csv,persistent_leak,51_112_135,24,112,135,67200,81000,0,0.0017243834,0
train,51,data_51.csv,persistent_leak,51_113_136,24,113,136,67800,81600,0,0.0019425389,0
train,51,data_51.csv,persistent_leak,51_114_137,24,114,137,68400,82200,0,0.002358883,0
train,51,data_51.csv,persistent_leak,51_115_138,24,115,138,69000,82800,0,0.0025437195,0
train,51,data_51.csv,persistent_leak,51_116_139,24,116,139,69600,83400,0,0.003254825,0
train,51,data_51.csv,persistent_leak,51_117_140,24,117,140,70200,84000,0,0.0016341133,0
train,51,data_51.csv,persistent_leak,51_118_141,24,118,141,70800,84600,0,0.0005842224,0
train,51,data_51.csv,persistent_leak,51_119_142,24,119,142,71400,85200,0,0.00017835444,0
train,51,data_51.csv,persistent_leak,51_120_143,24,120,143,72000,85800,0,5.3447427e-05,0
train,51,data_51.csv,persistent_leak,51_121_144,24,121,144,72600,86400,0,3.5406254e-05,0
train,52,data_52.csv,persistent_leak,52_0_23,24,0,23,0,13800,0,3.4147385e-09,0
train,52,data_52.csv,persistent_leak,52_1_24,24,1,24,600,14400,0,3.2049268e-09,0
train,52,data_52.csv,persistent_leak,52_2_25,24,2,25,1200,15000,0,3.0745855e-09,0
train,52,data_52.csv,persistent_leak,52_3_26,24,3,26,1800,15600,0,2.5246942e-09,0
train,52,data_52.csv,persistent_leak,52_4_27,24,4,27,2400,16200,0,2.088467e-09,0
train,52,data_52.csv,persistent_leak,52_5_28,24,5,28,3000,16800,0,1.7415647e-09,0
train,52,data_52.csv,persistent_leak,52_6_29,24,6,29,3600,17400,0,1.4124781e-09,0
train,52,data_52.csv,persistent_leak,52_7_30,24,7,30,4200,18000,0,1.7541465e-09,0
train,52,data_52.csv,persistent_leak,52_8_31,24,8,31,4800,18600,0,2.0502222e-09,0
train,52,data_52.csv,persistent_leak,52_9_32,24,9,32,5400,19200,0,2.1097186e-09,0
train,52,data_52.csv,persistent_leak,52_10_33,24,10,33,6000,19800,0,1.937102e-09,0
train,52,data_52.csv,persistent_leak,52_11_34,24,11,34,6600,20400,0,1.8336965e-09,0
train,52,data_52.csv,persistent_leak,52_12_35,24,12,35,7200,21000,0,1.6204368e-09,0
train,52,data_52.csv,persistent_leak,52_13_36,24,13,36,7800,21600,0,2.2340392e-09,0
train,52,data_52.csv,persistent_leak,52_14_37,24,14,37,8400,22200,0,2.7674185e-09,0
train,52,data_52.csv,persistent_leak,52_15_38,24,15,38,9000,22800,0,3.3292293e-09,0
train,52,data_52.csv,persistent_leak,52_16_39,24,16,39,9600,23400,0,3.1802285e-09,0
train,52,data_52.csv,persistent_leak,52_17_40,24,17,40,10200,24000,0,3.3851548e-09,0
train,52,data_52.csv,persistent_leak,52_18_41,24,18,41,10800,24600,0,3.2583976e-09,0
train,52,data_52.csv,persistent_leak,52_19_42,24,19,42,11400,25200,0,4.539395e-09,0
train,52,data_52.csv,persistent_leak,52_20_43,24,20,43,12000,25800,0,5.251848e-09,0
train,52,data_52.csv,persistent_leak,52_21_44,24,21,44,12600,26400,0,6.679921e-09,0
train,52,data_52.csv,persistent_leak,52_22_45,24,22,45,13200,27000,0,6.6448744e-09,0
train,52,data_52.csv,persistent_leak,52_23_46,24,23,46,13800,27600,0,7.538553e-09,0
train,52,data_52.csv,persistent_leak,52_24_47,24,24,47,14400,28200,0,7.573689e-09,0
train,52,data_52.csv,persistent_leak,52_25_48,24,25,48,15000,28800,0,1.1202564e-08,0
train,52,data_52.csv,persistent_leak,52_26_49,24,26,49,15600,29400,0,1.35943035e-08,0
train,52,data_52.csv,persistent_leak,52_27_50,24,27,50,16200,30000,0,2.0846713e-08,0
train,52,data_52.csv,persistent_leak,52_28_51,24,28,51,16800,30600,0,2.518837e-08,0
train,52,data_52.csv,persistent_leak,52_29_52,24,29,52,17400,31200,0,3.4109778e-08,0
train,52,data_52.csv,persistent_leak,52_30_53,24,30,53,18000,31800,0,4.215644e-08,0
train,52,data_52.csv,persistent_leak,52_31_54,24,31,54,18600,32400,0,5.9344742e-08,0
train,52,data_52.csv,persistent_leak,52_32_55,24,32,55,19200,33000,0,7.0671504e-08,0
train,52,data_52.csv,persistent_leak,52_33_56,24,33,56,19800,33600,0,1.1526078e-07,0
train,52,data_52.csv,persistent_leak,52_34_57,24,34,57,20400,34200,0,1.5434588e-07,0
train,52,data_52.csv,persistent_leak,52_35_58,24,35,58,21000,34800,0,2.2707223e-07,0
train,52,data_52.csv,persistent_leak,52_36_59,24,36,59,21600,35400,0,3.1699537e-07,0
train,52,data_52.csv,persistent_leak,52_37_60,24,37,60,22200,36000,0,6.031132e-07,0
train,52,data_52.csv,persistent_leak,52_38_61,24,38,61,22800,36600,0,9.153816e-07,0
train,52,data_52.csv,persistent_leak,52_39_62,24,39,62,23400,37200,0,1.7629978e-06,0
train,52,data_52.csv,persistent_leak,52_40_63,24,40,63,24000,37800,0,2.4728088e-06,0
train,52,data_52.csv,persistent_leak,52_41_64,24,41,64,24600,38400,0,3.9292777e-06,0
train,52,data_52.csv,persistent_leak,52_42_65,24,42,65,25200,39000,0,5.447081e-06,0
train,52,data_52.csv,persistent_leak,52_43_66,24,43,66,25800,39600,0,9.815762e-06,0
train,52,data_52.csv,persistent_leak,52_44_67,24,44,67,26400,40200,0,1.393133e-05,0
train,52,data_52.csv,persistent_leak,52_45_68,24,45,68,27000,40800,0,2.8892942e-05,0
train,52,data_52.csv,persistent_leak,52_46_69,24,46,69,27600,41400,0,3.8501646e-05,0
train,52,data_52.csv,persistent_leak,52_47_70,24,47,70,28200,42000,0,6.46534e-05,0
train,52,data_52.csv,persistent_leak,52_48_71,24,48,71,28800,42600,0,9.1916285e-05,0
train,52,data_52.csv,persistent_leak,52_49_72,24,49,72,29400,43200,0,0.0001420873,0
train,52,data_52.csv,persistent_leak,52_50_73,24,50,73,30000,43800,0,0.00016247421,0
train,52,data_52.csv,persistent_leak,52_51_74,24,51,74,30600,44400,0,0.00028159423,0
train,52,data_52.csv,persistent_leak,52_52_75,24,52,75,31200,45000,0,0.00035368904,0
train,52,data_52.csv,persistent_leak,52_53_76,24,53,76,31800,45600,0,0.0005332169,0
train,52,data_52.csv,persistent_leak,52_54_77,24,54,77,32400,46200,0,0.0006565521,0
train,52,data_52.csv,persistent_leak,52_55_78,24,55,78,33000,46800,0,0.0011120791,0
train,52,data_52.csv,persistent_leak,52_56_79,24,56,79,33600,47400,0,0.0016002854,0
train,52,data_52.csv,persistent_leak,52_57_80,24,57,80,34200,48000,0,0.0031316618,0
train,52,data_52.csv,persistent_leak,52_58_81,24,58,81,34800,48600,0,0.00499616,0
train,52,data_52.csv,persistent_leak,52_59_82,24,59,82,35400,49200,0,0.009051389,0
train,52,data_52.csv,persistent_leak,52_60_83,24,60,83,36000,49800,0,0.014110754,0
train,52,data_52.csv,persistent_leak,52_61_84,24,61,84,36600,50400,0,0.012457623,0
train,52,data_52.csv,persistent_leak,52_62_85,24,62,85,37200,51000,0,0.011296337,0
train,52,data_52.csv,persistent_leak,52_63_86,24,63,86,37800,51600,0,0.016326407,0
train,52,data_52.csv,persistent_leak,52_64_87,24,64,87,38400,52200,0,0.025033595,0
train,52,data_52.csv,persistent_leak,52_65_88,24,65,88,39000,52800,0,0.039991383,0
train,52,data_52.csv,persistent_leak,52_66_89,24,66,89,39600,53400,0,0.06654781,0
train,52,data_52.csv,persistent_leak,52_67_90,24,67,90,40200,54000,0,0.04173022,0
train,52,data_52.csv,persistent_leak,52_68_91,24,68,91,40800,54600,0,0.027218377,0
train,52,data_52.csv,persistent_leak,52_69_92,24,69,92,41400,55200,0,0.02504788,0
train,52,data_52.csv,persistent_leak,52_70_93,24,70,93,42000,55800,0,0.035458386,0
train,52,data_52.csv,persistent_leak,52_71_94,24,71,94,42600,56400,0,0.04064,0
train,52,data_52.csv,persistent_leak,52_72_95,24,72,95,43200,57000,0,0.058499444,0
train,52,data_52.csv,persistent_leak,52_73_96,24,73,96,43800,57600,0,0.028617382,0
train,52,data_52.csv,persistent_leak,52_74_97,24,74,97,44400,58200,0,0.01633822,0
train,52,data_52.csv,persistent_leak,52_75_98,24,75,98,45000,58800,0,0.012715307,0
train,52,data_52.csv,persistent_leak,52_76_99,24,76,99,45600,59400,0,0.0135258995,0
train,52,data_52.csv,persistent_leak,52_77_100,24,77,100,46200,60000,0,0.015684638,0
train,52,data_52.csv,persistent_leak,52_78_101,24,78,101,46800,60600,0,0.022566872,0
train,52,data_52.csv,persistent_leak,52_79_102,24,79,102,47400,61200,0,0.01578177,0
train,52,data_52.csv,persistent_leak,52_80_103,24,80,103,48000,61800,0,0.012423943,0
train,52,data_52.csv,persistent_leak,52_81_104,24,81,104,48600,62400,0,0.011342298,0
train,52,data_52.csv,persistent_leak,52_82_105,24,82,105,49200,63000,0,0.012005286,0
train,52,data_52.csv,persistent_leak,52_83_106,24,83,106,49800,63600,0,0.013509119,0
train,52,data_52.csv,persistent_leak,52_84_107,24,84,107,50400,64200,0,0.016863158,0
train,52,data_52.csv,persistent_leak,52_85_108,24,85,108,51000,64800,0,0.024389073,0
train,52,data_52.csv,persistent_leak,52_86_109,24,86,109,51600,65400,0,0.035062324,0
train,52,data_52.csv,persistent_leak,52_87_110,24,87,110,52200,66000,0,0.03373751,0
train,52,data_52.csv,persistent_leak,52_88_111,24,88,111,52800,66600,0,0.026913298,0
train,52,data_52.csv,persistent_leak,52_89_112,24,89,112,53400,67200,0,0.019626096,0
train,52,data_52.csv,persistent_leak,52_90_113,24,90,113,54000,67800,0,0.013947045,0
train,52,data_52.csv,persistent_leak,52_91_114,24,91,114,54600,68400,0,0.01050547,0
train,52,data_52.csv,persistent_leak,52_92_115,24,92,115,55200,69000,0,0.008919082,0
train,52,data_52.csv,persistent_leak,52_93_116,24,93,116,55800,69600,0,0.005158466,0
train,52,data_52.csv,persistent_leak,52_94_117,24,94,117,56400,70200,0,0.0027358972,0
train,52,data_52.csv,persistent_leak,52_95_118,24,95,118,57000,70800,0,0.0016920883,0
train,52,data_52.csv,persistent_leak,52_96_119,24,96,119,57600,71400,0,0.000915196,0
train,52,data_52.csv,persistent_leak,52_97_120,24,97,120,58200,72000,0,0.00060738233,0
train,52,data_52.csv,persistent_leak,52_98_121,24,98,121,58800,72600,0,0.00039036246,0
train,52,data_52.csv,persistent_leak,52_99_122,24,99,122,59400,73200,0,0.00022467606,0
train,52,data_52.csv,persistent_leak,52_100_123,24,100,123,60000,73800,0,0.00015880208,0
train,52,data_52.csv,persistent_leak,52_101_124,24,101,124,60600,74400,0,0.00010458516,0
train,52,data_52.csv,persistent_leak,52_102_125,24,102,125,61200,75000,0,6.675299e-05,0
train,52,data_52.csv,persistent_leak,52_103_126,24,103,126,61800,75600,0,4.42839e-05,0
train,52,data_52.csv,persistent_leak,52_104_127,24,104,127,62400,76200,0,3.4524706e-05,0
train,52,data_52.csv,persistent_leak,52_105_128,24,105,128,63000,76800,0,2.9764542e-05,0
train,52,data_52.csv,persistent_leak,52_106_129,24,106,129,63600,77400,0,3.4029166e-05,0
train,52,data_52.csv,persistent_leak,52_107_130,24,107,130,64200,78000,0,3.4786353e-05,0
train,52,data_52.csv,persistent_leak,52_108_131,24,108,131,64800,78600,0,4.1343836e-05,0
train,52,data_52.csv,persistent_leak,52_109_132,24,109,132,65400,79200,0,2.2569451e-05,0
train,52,data_52.csv,persistent_leak,52_110_133,24,110,133,66000,79800,0,1.5228477e-05,0
train,52,data_52.csv,persistent_leak,52_111_134,24,111,134,66600,80400,0,9.952514e-06,0
train,52,data_52.csv,persistent_leak,52_112_135,24,112,135,67200,81000,0,9.6501935e-06,0
train,52,data_52.csv,persistent_leak,52_113_136,24,113,136,67800,81600,0,8.171114e-06,0
train,52,data_52.csv,persistent_leak,52_114_137,24,114,137,68400,82200,0,8.279448e-06,0
train,52,data_52.csv,persistent_leak,52_115_138,24,115,138,69000,82800,0,5.263948e-06,0
train,52,data_52.csv,persistent_leak,52_116_139,24,116,139,69600,83400,0,4.268241e-06,0
train,52,data_52.csv,persistent_leak,52_117_140,24,117,140,70200,84000,0,2.534851e-06,0
train,52,data_52.csv,persistent_leak,52_118_141,24,118,141,70800,84600,0,2.0181178e-06,0
train,52,data_52.csv,persistent_leak,52_119_142,24,119,142,71400,85200,0,1.3799267e-06,0
train,52,data_52.csv,persistent_leak,52_120_143,24,120,143,72000,85800,0,1.0339229e-06,0
train,52,data_52.csv,persistent_leak,52_121_144,24,121,144,72600,86400,0,1.0802474e-06,0
train,54,data_54.csv,persistent_leak,54_0_23,24,0,23,0,13800,0,4.2760546e-09,0
train,54,data_54.csv,persistent_leak,54_1_24,24,1,24,600,14400,0,4.9702162e-09,0
train,54,data_54.csv,persistent_leak,54_2_25,24,2,25,1200,15000,0,5.408183e-09,0
train,54,data_54.csv,persistent_leak,54_3_26,24,3,26,1800,15600,0,6.4728707e-09,0
train,54,data_54.csv,persistent_leak,54_4_27,24,4,27,2400,16200,0,7.151871e-09,0
train,54,data_54.csv,persistent_leak,54_5_28,24,5,28,3000,16800,0,8.168877e-09,0
train,54,data_54.csv,persistent_leak,54_6_29,24,6,29,3600,17400,0,9.111251e-09,0
train,54,data_54.csv,persistent_leak,54_7_30,24,7,30,4200,18000,0,1.7604485e-08,0
train,54,data_54.csv,persistent_leak,54_8_31,24,8,31,4800,18600,0,2.8114455e-08,0
train,54,data_54.csv,persistent_leak,54_9_32,24,9,32,5400,19200,0,4.452616e-08,0
train,54,data_54.csv,persistent_leak,54_10_33,24,10,33,6000,19800,0,5.1187268e-08,0
train,54,data_54.csv,persistent_leak,54_11_34,24,11,34,6600,20400,0,6.4634854e-08,0
train,54,data_54.csv,persistent_leak,54_12_35,24,12,35,7200,21000,0,7.151411e-08,0
train,54,data_54.csv,persistent_leak,54_13_36,24,13,36,7800,21600,0,1.2025927e-07,0
train,54,data_54.csv,persistent_leak,54_14_37,24,14,37,8400,22200,0,1.6720773e-07,0
train,54,data_54.csv,persistent_leak,54_15_38,24,15,38,9000,22800,0,2.776504e-07,0
train,54,data_54.csv,persistent_leak,54_16_39,24,16,39,9600,23400,0,3.02497e-07,0
train,54,data_54.csv,persistent_leak,54_17_40,24,17,40,10200,24000,0,4.1248524e-07,0
train,54,data_54.csv,persistent_leak,54_18_41,24,18,41,10800,24600,0,4.804304e-07,0
train,54,data_54.csv,persistent_leak,54_19_42,24,19,42,11400,25200,0,8.532221e-07,0
train,54,data_54.csv,persistent_leak,54_20_43,24,20,43,12000,25800,0,1.073538e-06,0
train,54,data_54.csv,persistent_leak,54_21_44,24,21,44,12600,26400,0,1.7572804e-06,0
train,54,data_54.csv,persistent_leak,54_22_45,24,22,45,13200,27000,0,2.007769e-06,0
train,54,data_54.csv,persistent_leak,54_23_46,24,23,46,13800,27600,0,2.7751375e-06,0
train,54,data_54.csv,persistent_leak,54_24_47,24,24,47,14400,28200,0,3.2003095e-06,0
train,54,data_54.csv,persistent_leak,54_25_48,24,25,48,15000,28800,0,5.5286346e-06,0
train,54,data_54.csv,persistent_leak,54_26_49,24,26,49,15600,29400,0,7.2721627e-06,0
train,54,data_54.csv,persistent_leak,54_27_50,24,27,50,16200,30000,0,1.5855216e-05,0
train,54,data_54.csv,persistent_leak,54_28_51,24,28,51,16800,30600,0,2.5612197e-05,0
train,54,data_54.csv,persistent_leak,54_29_52,24,29,52,17400,31200,0,4.9884933e-05,0
train,54,data_54.csv,persistent_leak,54_30_53,24,30,53,18000,31800,0,8.539193e-05,0
train,54,data_54.csv,persistent_leak,54_31_54,24,31,54,18600,32400,0,0.0001292482,0
train,54,data_54.csv,persistent_leak,54_32_55,24,32,55,19200,33000,0,0.0001660239,0
train,54,data_54.csv,persistent_leak,54_33_56,24,33,56,19800,33600,0,0.00031852874,0
train,54,data_54.csv,persistent_leak,54_34_57,24,34,57,20400,34200,0,0.0005231685,0
train,54,data_54.csv,persistent_leak,54_35_58,24,35,58,21000,34800,0,0.0009844941,0
train,54,data_54.csv,persistent_leak,54_36_59,24,36,59,21600,35400,0,0.0016425835,0
train,54,data_54.csv,persistent_leak,54_37_60,24,37,60,22200,36000,0,0.002141185,0
train,54,data_54.csv,persistent_leak,54_38_61,24,38,61,22800,36600,0,0.002658048,0
train,54,data_54.csv,persistent_leak,54_39_62,24,39,62,23400,37200,0,0.004783151,0
train,54,data_54.csv,persistent_leak,54_40_63,24,40,63,24000,37800,0,0.008058972,0
train,54,data_54.csv,persistent_leak,54_41_64,24,41,64,24600,38400,0,0.014263747,0
train,54,data_54.csv,persistent_leak,54_42_65,24,42,65,25200,39000,0,0.024807611,0
train,54,data_54.csv,persistent_leak,54_43_66,24,43,66,25800,39600,0,0.069491036,0
train,54,data_54.csv,persistent_leak,54_44_67,24,44,67,26400,40200,0,0.14287947,0
train,54,data_54.csv,persistent_leak,54_45_68,24,45,68,27000,40800,0,0.24156326,0
train,54,data_54.csv,persistent_leak,54_46_69,24,46,69,27600,41400,0,0.29135,0
train,54,data_54.csv,persistent_leak,54_47_70,24,47,70,28200,42000,0,0.40498945,0
train,54,data_54.csv,persistent_leak,54_48_71,24,48,71,28800,42600,0,0.46721458,0
train,54,data_54.csv,persistent_leak,54_49_72,24,49,72,29400,43200,0,0.54213125,0
train,54,data_54.csv,persistent_leak,54_50_73,24,50,73,30000,43800,0,0.5172398,0
train,54,data_54.csv,persistent_leak,54_51_74,24,51,74,30600,44400,0,0.550515,0
train,54,data_54.csv,persistent_leak,54_52_75,24,52,75,31200,45000,0,0.5547427,0
train,54,data_54.csv,persistent_leak,54_53_76,24,53,76,31800,45600,0,0.60597426,1
train,54,data_54.csv,persistent_leak,54_54_77,24,54,77,32400,46200,0,0.58271015,0
train,54,data_54.csv,persistent_leak,54_55_78,24,55,78,33000,46800,0,0.48500675,0
train,54,data_54.csv,persistent_leak,54_56_79,24,56,79,33600,47400,0,0.37058368,0
train,54,data_54.csv,persistent_leak,54_57_80,24,57,80,34200,48000,0,0.2413139,0
train,54,data_54.csv,persistent_leak,54_58_81,24,58,81,34800,48600,0,0.20517609,0
train,54,data_54.csv,persistent_leak,54_59_82,24,59,82,35400,49200,0,0.17058991,0
train,54,data_54.csv,persistent_leak,54_60_83,24,60,83,36000,49800,0,0.15198386,0
train,54,data_54.csv,persistent_leak,54_61_84,24,61,84,36600,50400,0,0.13376758,0
train,54,data_54.csv,persistent_leak,54_62_85,24,62,85,37200,51000,0,0.124149,0
train,54,data_54.csv,persistent_leak,54_63_86,24,63,86,37800,51600,0,0.11712631,0
train,54,data_54.csv,persistent_leak,54_64_87,24,64,87,38400,52200,0,0.12646653,0
train,54,data_54.csv,persistent_leak,54_65_88,24,65,88,39000,52800,0,0.14905608,0
train,54,data_54.csv,persistent_leak,54_66_89,24,66,89,39600,53400,0,0.20404206,0
train,54,data_54.csv,persistent_leak,54_67_90,24,67,90,40200,54000,0,0.15982777,0
train,54,data_54.csv,persistent_leak,54_68_91,24,68,91,40800,54600,0,0.11009078,0
train,54,data_54.csv,persistent_leak,54_69_92,24,69,92,41400,55200,0,0.11313172,0
train,54,data_54.csv,persistent_leak,54_70_93,24,70,93,42000,55800,0,0.109923765,0
train,54,data_54.csv,persistent_leak,54_71_94,24,71,94,42600,56400,0,0.12696606,0
train,54,data_54.csv,persistent_leak,54_72_95,24,72,95,43200,57000,0,0.17938568,0
train,54,data_54.csv,persistent_leak,54_73_96,24,73,96,43800,57600,0,0.14526387,0
train,54,data_54.csv,persistent_leak,54_74_97,24,74,97,44400,58200,0,0.08470882,0
train,54,data_54.csv,persistent_leak,54_75_98,24,75,98,45000,58800,0,0.07091886,0
train,54,data_54.csv,persistent_leak,54_76_99,24,76,99,45600,59400,0,0.05534109,0
train,54,data_54.csv,persistent_leak,54_77_100,24,77,100,46200,60000,0,0.05723052,0
train,54,data_54.csv,persistent_leak,54_78_101,24,78,101,46800,60600,0,0.059370007,0
train,54,data_54.csv,persistent_leak,54_79_102,24,79,102,47400,61200,0,0.084382035,0
train,54,data_54.csv,persistent_leak,54_80_103,24,80,103,48000,61800,0,0.152448,0
train,54,data_54.csv,persistent_leak,54_81_104,24,81,104,48600,62400,0,0.23412879,0
train,54,data_54.csv,persistent_leak,54_82_105,24,82,105,49200,63000,0,0.32660088,0
train,54,data_54.csv,persistent_leak,54_83_106,24,83,106,49800,63600,0,0.39576715,0
train,54,data_54.csv,persistent_leak,54_84_107,24,84,107,50400,64200,0,0.4748784,0
train,54,data_54.csv,persistent_leak,54_85_108,24,85,108,51000,64800,0,0.55971396,0
train,54,data_54.csv,persistent_leak,54_86_109,24,86,109,51600,65400,0,0.60314584,1
train,54,data_54.csv,persistent_leak,54_87_110,24,87,110,52200,66000,0,0.63174385,1
train,54,data_54.csv,persistent_leak,54_88_111,24,88,111,52800,66600,0,0.6418463,1
train,54,data_54.csv,persistent_leak,54_89_112,24,89,112,53400,67200,0,0.6569277,1
train,54,data_54.csv,persistent_leak,54_90_113,24,90,113,54000,67800,0,0.6612177,1
train,54,data_54.csv,persistent_leak,54_91_114,24,91,114,54600,68400,0,0.6630801,1
train,54,data_54.csv,persistent_leak,54_92_115,24,92,115,55200,69000,0,0.66715425,1
train,54,data_54.csv,persistent_leak,54_93_116,24,93,116,55800,69600,0,0.6536365,1
train,54,data_54.csv,persistent_leak,54_94_117,24,94,117,56400,70200,0,0.62699157,1
train,54,data_54.csv,persistent_leak,54_95_118,24,95,118,57000,70800,0,0.52544796,0
train,54,data_54.csv,persistent_leak,54_96_119,24,96,119,57600,71400,0,0.2838482,0
train,54,data_54.csv,persistent_leak,54_97_120,24,97,120,58200,72000,0,0.14841202,0
train,54,data_54.csv,persistent_leak,54_98_121,24,98,121,58800,72600,0,0.071703374,0
train,54,data_54.csv,persistent_leak,54_99_122,24,99,122,59400,73200,0,0.056578763,0
train,54,data_54.csv,persistent_leak,54_100_123,24,100,123,60000,73800,0,0.076226,0
train,54,data_54.csv,persistent_leak,54_101_124,24,101,124,60600,74400,0,0.071190394,0
train,54,data_54.csv,persistent_leak,54_102_125,24,102,125,61200,75000,0,0.08462172,0
train,54,data_54.csv,persistent_leak,54_103_126,24,103,126,61800,75600,0,0.03167162,0
train,54,data_54.csv,persistent_leak,54_104_127,24,104,127,62400,76200,0,0.0060221944,0
train,54,data_54.csv,persistent_leak,54_105_128,24,105,128,63000,76800,0,0.0022344613,0
train,54,data_54.csv,persistent_leak,54_106_129,24,106,129,63600,77400,0,0.0016751415,0
train,54,data_54.csv,persistent_leak,54_107_130,24,107,130,64200,78000,0,0.0015630666,0
train,54,data_54.csv,persistent_leak,54_108_131,24,108,131,64800,78600,0,0.0021606188,0
train,54,data_54.csv,persistent_leak,54_109_132,24,109,132,65400,79200,0,0.0011629759,0
train,54,data_54.csv,persistent_leak,54_110_133,24,110,133,66000,79800,0,0.0006609843,0
train,54,data_54.csv,persistent_leak,54_111_134,24,111,134,66600,80400,0,0.00074351573,0
train,54,data_54.csv,persistent_leak,54_112_135,24,112,135,67200,81000,0,0.00094327773,0
train,54,data_54.csv,persistent_leak,54_113_136,24,113,136,67800,81600,0,0.0014016798,0
train,54,data_54.csv,persistent_leak,54_114_137,24,114,137,68400,82200,0,0.0018399084,0
train,54,data_54.csv,persistent_leak,54_115_138,24,115,138,69000,82800,0,0.0009949807,0
train,54,data_54.csv,persistent_leak,54_116_139,24,116,139,69600,83400,0,0.00060410943,0
train,54,data_54.csv,persistent_leak,54_117_140,24,117,140,70200,84000,0,0.00042117602,0
train,54,data_54.csv,persistent_leak,54_118_141,24,118,141,70800,84600,0,0.00029650162,0
train,54,data_54.csv,persistent_leak,54_119_142,24,119,142,71400,85200,0,0.00024304485,0
train,54,data_54.csv,persistent_leak,54_120_143,24,120,143,72000,85800,0,0.0002524321,0
train,54,data_54.csv,persistent_leak,54_121_144,24,121,144,72600,86400,0,0.00019593663,0
train,55,data_55.csv,persistent_leak,55_0_23,24,0,23,0,13800,0,5.106778e-09,0
train,55,data_55.csv,persistent_leak,55_1_24,24,1,24,600,14400,0,5.4960636e-09,0
train,55,data_55.csv,persistent_leak,55_2_25,24,2,25,1200,15000,0,5.7263057e-09,0
train,55,data_55.csv,persistent_leak,55_3_26,24,3,26,1800,15600,0,6.211378e-09,0
train,55,data_55.csv,persistent_leak,55_4_27,24,4,27,2400,16200,0,6.4693038e-09,0
train,55,data_55.csv,persistent_leak,55_5_28,24,5,28,3000,16800,0,6.8558315e-09,0
train,55,data_55.csv,persistent_leak,55_6_29,24,6,29,3600,17400,0,7.168533e-09,0
train,55,data_55.csv,persistent_leak,55_7_30,24,7,30,4200,18000,0,1.28203315e-08,0
train,55,data_55.csv,persistent_leak,55_8_31,24,8,31,4800,18600,0,1.9571504e-08,0
train,55,data_55.csv,persistent_leak,55_9_32,24,9,32,5400,19200,0,2.8160878e-08,0
train,55,data_55.csv,persistent_leak,55_10_33,24,10,33,6000,19800,0,3.0866087e-08,0
train,55,data_55.csv,persistent_leak,55_11_34,24,11,34,6600,20400,0,3.6159694e-08,0
train,55,data_55.csv,persistent_leak,55_12_35,24,12,35,7200,21000,0,3.7584435e-08,0
train,55,data_55.csv,persistent_leak,55_13_36,24,13,36,7800,21600,0,5.8382582e-08,0
train,55,data_55.csv,persistent_leak,55_14_37,24,14,37,8400,22200,0,7.74901e-08,0
train,55,data_55.csv,persistent_leak,55_15_38,24,15,38,9000,22800,0,1.1644773e-07,0
train,55,data_55.csv,persistent_leak,55_16_39,24,16,39,9600,23400,0,1.2010237e-07,0
train,55,data_55.csv,persistent_leak,55_17_40,24,17,40,10200,24000,0,1.5200413e-07,0
train,55,data_55.csv,persistent_leak,55_18_41,24,18,41,10800,24600,0,1.664701e-07,0
train,55,data_55.csv,persistent_leak,55_19_42,24,19,42,11400,25200,0,2.776014e-07,0
train,55,data_55.csv,persistent_leak,55_20_43,24,20,43,12000,25800,0,3.3428677e-07,0
train,55,data_55.csv,persistent_leak,55_21_44,24,21,44,12600,26400,0,5.056545e-07,0
train,55,data_55.csv,persistent_leak,55_22_45,24,22,45,13200,27000,0,5.481948e-07,0
train,55,data_55.csv,persistent_leak,55_23_46,24,23,46,13800,27600,0,7.057741e-07,0
train,55,data_55.csv,persistent_leak,55_24_47,24,24,47,14400,28200,0,7.6561963e-07,0
train,55,data_55.csv,persistent_leak,55_25_48,24,25,48,15000,28800,0,1.244377e-06,0
train,55,data_55.csv,persistent_leak,55_26_49,24,26,49,15600,29400,0,1.6078449e-06,0
train,55,data_55.csv,persistent_leak,55_27_50,24,27,50,16200,30000,0,3.2720466e-06,0
train,55,data_55.csv,persistent_leak,55_28_51,24,28,51,16800,30600,0,5.016514e-06,0
train,55,data_55.csv,persistent_leak,55_29_52,24,29,52,17400,31200,0,8.807969e-06,0
train,55,data_55.csv,persistent_leak,55_30_53,24,30,53,18000,31800,0,1.44080805e-05,0
train,55,data_55.csv,persistent_leak,55_31_54,24,31,54,18600,32400,0,2.6633e-05,0
train,55,data_55.csv,persistent_leak,55_32_55,24,32,55,19200,33000,0,3.8113936e-05,0
train,55,data_55.csv,persistent_leak,55_33_56,24,33,56,19800,33600,0,8.3442945e-05,0
train,55,data_55.csv,persistent_leak,55_34_57,24,34,57,20400,34200,0,0.00013074723,0
train,55,data_55.csv,persistent_leak,55_35_58,24,35,58,21000,34800,0,0.00024032715,0
train,55,data_55.csv,persistent_leak,55_36_59,24,36,59,21600,35400,0,0.00037889465,0
train,55,data_55.csv,persistent_leak,55_37_60,24,37,60,22200,36000,0,0.0006831966,0
train,55,data_55.csv,persistent_leak,55_38_61,24,38,61,22800,36600,0,0.0009989172,0
train,55,data_55.csv,persistent_leak,55_39_62,24,39,62,23400,37200,0,0.00211692,0
train,55,data_55.csv,persistent_leak,55_40_63,24,40,63,24000,37800,0,0.003273267,0
train,55,data_55.csv,persistent_leak,55_41_64,24,41,64,24600,38400,0,0.0062972116,0
train,55,data_55.csv,persistent_leak,55_42_65,24,42,65,25200,39000,0,0.010196626,0
train,55,data_55.csv,persistent_leak,55_43_66,24,43,66,25800,39600,0,0.027957106,0
train,55,data_55.csv,persistent_leak,55_44_67,24,44,67,26400,40200,0,0.046044268,0
train,55,data_55.csv,persistent_leak,55_45_68,24,45,68,27000,40800,0,0.083184466,0
train,55,data_55.csv,persistent_leak,55_46_69,24,46,69,27600,41400,0,0.09679115,0
train,55,data_55.csv,persistent_leak,55_47_70,24,47,70,28200,42000,0,0.15058106,0
train,55,data_55.csv,persistent_leak,55_48_71,24,48,71,28800,42600,0,0.17780761,0
train,55,data_55.csv,persistent_leak,55_49_72,24,49,72,29400,43200,0,0.20352305,0
train,55,data_55.csv,persistent_leak,55_50_73,24,50,73,30000,43800,0,0.17705533,0
train,55,data_55.csv,persistent_leak,55_51_74,24,51,74,30600,44400,0,0.20771208,0
train,55,data_55.csv,persistent_leak,55_52_75,24,52,75,31200,45000,0,0.24156335,0
train,55,data_55.csv,persistent_leak,55_53_76,24,53,76,31800,45600,0,0.31070903,0
train,55,data_55.csv,persistent_leak,55_54_77,24,54,77,32400,46200,0,0.33088166,0
train,55,data_55.csv,persistent_leak,55_55_78,24,55,78,33000,46800,0,0.21084253,0
train,55,data_55.csv,persistent_leak,55_56_79,24,56,79,33600,47400,0,0.1276006,0
train,55,data_55.csv,persistent_leak,55_57_80,24,57,80,34200,48000,0,0.09569709,0
train,55,data_55.csv,persistent_leak,55_58_81,24,58,81,34800,48600,0,0.10470525,0
train,55,data_55.csv,persistent_leak,55_59_82,24,59,82,35400,49200,0,0.09245462,0
train,55,data_55.csv,persistent_leak,55_60_83,24,60,83,36000,49800,0,0.10092285,0
train,55,data_55.csv,persistent_leak,55_61_84,24,61,84,36600,50400,0,0.08201681,0
train,55,data_55.csv,persistent_leak,55_62_85,24,62,85,37200,51000,0,0.06812709,0
train,55,data_55.csv,persistent_leak,55_63_86,24,63,86,37800,51600,0,0.06416211,0
train,55,data_55.csv,persistent_leak,55_64_87,24,64,87,38400,52200,0,0.06959519,0
train,55,data_55.csv,persistent_leak,55_65_88,24,65,88,39000,52800,0,0.08191386,0
train,55,data_55.csv,persistent_leak,55_66_89,24,66,89,39600,53400,0,0.12736933,0
train,55,data_55.csv,persistent_leak,55_67_90,24,67,90,40200,54000,0,0.11494383,0
train,55,data_55.csv,persistent_leak,55_68_91,24,68,91,40800,54600,0,0.10241275,0
train,55,data_55.csv,persistent_leak,55_69_92,24,69,92,41400,55200,0,0.12843958,0
train,55,data_55.csv,persistent_leak,55_70_93,24,70,93,42000,55800,0,0.13974644,0
train,55,data_55.csv,persistent_leak,55_71_94,24,71,94,42600,56400,0,0.16552533,0
train,55,data_55.csv,persistent_leak,55_72_95,24,72,95,43200,57000,0,0.22388616,0
train,55,data_55.csv,persistent_leak,55_73_96,24,73,96,43800,57600,0,0.20205116,0
train,55,data_55.csv,persistent_leak,55_74_97,24,74,97,44400,58200,0,0.1746672,0
train,55,data_55.csv,persistent_leak,55_75_98,24,75,98,45000,58800,0,0.1661126,0
train,55,data_55.csv,persistent_leak,55_76_99,24,76,99,45600,59400,0,0.15317722,0
train,55,data_55.csv,persistent_leak,55_77_100,24,77,100,46200,60000,0,0.15518469,0
train,55,data_55.csv,persistent_leak,55_78_101,24,78,101,46800,60600,0,0.15808485,0
train,55,data_55.csv,persistent_leak,55_79_102,24,79,102,47400,61200,0,0.20595601,0
train,55,data_55.csv,persistent_leak,55_80_103,24,80,103,48000,61800,0,0.26256347,0
train,55,data_55.csv,persistent_leak,55_81_104,24,81,104,48600,62400,0,0.2985848,0
train,55,data_55.csv,persistent_leak,55_82_105,24,82,105,49200,63000,0,0.32481128,0
train,55,data_55.csv,persistent_leak,55_83_106,24,83,106,49800,63600,0,0.33853942,0
train,55,data_55.csv,persistent_leak,55_84_107,24,84,107,50400,64200,0,0.3444227,0
train,55,data_55.csv,persistent_leak,55_85_108,24,85,108,51000,64800,0,0.3731696,0
train,55,data_55.csv,persistent_leak,55_86_109,24,86,109,51600,65400,0,0.417986,0
train,55,data_55.csv,persistent_leak,55_87_110,24,87,110,52200,66000,0,0.44212237,0
train,55,data_55.csv,persistent_leak,55_88_111,24,88,111,52800,66600,0,0.44623262,0
train,55,data_55.csv,persistent_leak,55_89_112,24,89,112,53400,67200,0,0.45745936,0
train,55,data_55.csv,persistent_leak,55_90_113,24,90,113,54000,67800,0,0.4532697,0
train,55,data_55.csv,persistent_leak,55_91_114,24,91,114,54600,68400,0,0.49442685,0
train,55,data_55.csv,persistent_leak,55_92_115,24,92,115,55200,69000,0,0.4925231,0
train,55,data_55.csv,persistent_leak,55_93_116,24,93,116,55800,69600,0,0.4481526,0
train,55,data_55.csv,persistent_leak,55_94_117,24,94,117,56400,70200,0,0.38313097,0
train,55,data_55.csv,persistent_leak,55_95_118,24,95,118,57000,70800,0,0.327162,0
train,55,data_55.csv,persistent_leak,55_96_119,24,96,119,57600,71400,0,0.23812658,0
train,55,data_55.csv,persistent_leak,55_97_120,24,97,120,58200,72000,0,0.09926811,0
train,55,data_55.csv,persistent_leak,55_98_121,24,98,121,58800,72600,0,0.03978718,0
train,55,data_55.csv,persistent_leak,55_99_122,24,99,122,59400,73200,0,0.023805114,0
train,55,data_55.csv,persistent_leak,55_100_123,24,100,123,60000,73800,0,0.021622,0
train,55,data_55.csv,persistent_leak,55_101_124,24,101,124,60600,74400,0,0.019557953,0
train,55,data_55.csv,persistent_leak,55_102_125,24,102,125,61200,75000,0,0.023888174,0
train,55,data_55.csv,persistent_leak,55_103_126,24,103,126,61800,75600,0,0.004695938,0
train,55,data_55.csv,persistent_leak,55_104_127,24,104,127,62400,76200,0,0.0009833819,0
train,55,data_55.csv,persistent_leak,55_105_128,24,105,128,63000,76800,0,0.00037471022,0
train,55,data_55.csv,persistent_leak,55_106_129,24,106,129,63600,77400,0,0.0003458086,0
train,55,data_55.csv,persistent_leak,55_107_130,24,107,130,64200,78000,0,0.00028115322,0
train,55,data_55.csv,persistent_leak,55_108_131,24,108,131,64800,78600,0,0.000371051,0
train,55,data_55.csv,persistent_leak,55_109_132,24,109,132,65400,79200,0,0.0002651916,0
train,55,data_55.csv,persistent_leak,55_110_133,24,110,133,66000,79800,0,0.0002652508,0
train,55,data_55.csv,persistent_leak,55_111_134,24,111,134,66600,80400,0,0.00028727914,0
train,55,data_55.csv,persistent_leak,55_112_135,24,112,135,67200,81000,0,0.00034326038,0
train,55,data_55.csv,persistent_leak,55_113_136,24,113,136,67800,81600,0,0.00043789984,0
train,55,data_55.csv,persistent_leak,55_114_137,24,114,137,68400,82200,0,0.00060772686,0
train,55,data_55.csv,persistent_leak,55_115_138,24,115,138,69000,82800,0,0.0004427155,0
train,55,data_55.csv,persistent_leak,55_116_139,24,116,139,69600,83400,0,0.0004954788,0
train,55,data_55.csv,persistent_leak,55_117_140,24,117,140,70200,84000,0,0.0003051141,0
train,55,data_55.csv,persistent_leak,55_118_141,24,118,141,70800,84600,0,0.00015488177,0
train,55,data_55.csv,persistent_leak,55_119_142,24,119,142,71400,85200,0,8.736051e-05,0
train,55,data_55.csv,persistent_leak,55_120_143,24,120,143,72000,85800,0,5.3232667e-05,0
train,55,data_55.csv,persistent_leak,55_121_144,24,121,144,72600,86400,0,2.64063e-05,0
train,56,data_56.csv,onset_leak,56_0_23,24,0,23,0,13800,0,1.1934328e-08,0
train,56,data_56.csv,onset_leak,56_1_24,24,1,24,600,14400,0,1.5412885e-08,0
train,56,data_56.csv,onset_leak,56_2_25,24,2,25,1200,15000,0,1.783665e-08,0
train,56,data_56.csv,onset_leak,56_3_26,24,3,26,1800,15600,0,1.3618283e-08,0
train,56,data_56.csv,onset_leak,56_4_27,24,4,27,2400,16200,0,9.0132986e-09,0
train,56,data_56.csv,onset_leak,56_5_28,24,5,28,3000,16800,0,6.363336e-09,0
train,56,data_56.csv,onset_leak,56_6_29,24,6,29,3600,17400,0,3.81079e-09,0
train,56,data_56.csv,onset_leak,56_7_30,24,7,30,4200,18000,0,5.563067e-09,0
train,56,data_56.csv,onset_leak,56_8_31,24,8,31,4800,18600,0,7.11766e-09,0
train,56,data_56.csv,onset_leak,56_9_32,24,9,32,5400,19200,0,8.6478416e-09,0
train,56,data_56.csv,onset_leak,56_10_33,24,10,33,6000,19800,0,7.719636e-09,0
train,56,data_56.csv,onset_leak,56_11_34,24,11,34,6600,20400,0,8.054419e-09,0
train,56,data_56.csv,onset_leak,56_12_35,24,12,35,7200,21000,0,7.2850046e-09,0
train,56,data_56.csv,onset_leak,56_13_36,24,13,36,7800,21600,0,1.0857152e-08,0
train,56,data_56.csv,onset_leak,56_14_37,24,14,37,8400,22200,0,1.255341e-08,0
train,56,data_56.csv,onset_leak,56_15_38,24,15,38,9000,22800,0,1.6288912e-08,0
train,56,data_56.csv,onset_leak,56_16_39,24,16,39,9600,23400,0,1.5687768e-08,0
train,56,data_56.csv,onset_leak,56_17_40,24,17,40,10200,24000,0,1.7788949e-08,0
train,56,data_56.csv,onset_leak,56_18_41,24,18,41,10800,24600,0,1.7176944e-08,0
train,56,data_56.csv,onset_leak,56_19_42,24,19,42,11400,25200,0,4.223113e-08,0
train,56,data_56.csv,onset_leak,56_20_43,24,20,43,12000,25800,0,7.435837e-08,0
train,56,data_56.csv,onset_leak,56_21_44,24,21,44,12600,26400,0,1.6435612e-07,0
train,56,data_56.csv,onset_leak,56_22_45,24,22,45,13200,27000,0,2.2388143e-07,0
train,56,data_56.csv,onset_leak,56_23_46,24,23,46,13800,27600,0,3.6604405e-07,0
train,56,data_56.csv,onset_leak,56_24_47,24,24,47,14400,28200,0,4.9476137e-07,0
train,56,data_56.csv,onset_leak,56_25_48,24,25,48,15000,28800,0,1.1512944e-06,0
train,56,data_56.csv,onset_leak,56_26_49,24,26,49,15600,29400,0,1.9118531e-06,0
train,56,data_56.csv,onset_leak,56_27_50,24,27,50,16200,30000,0,4.631376e-06,0
train,56,data_56.csv,onset_leak,56_28_51,24,28,51,16800,30600,0,6.626362e-06,0
train,56,data_56.csv,onset_leak,56_29_52,24,29,52,17400,31200,0,1.22819765e-05,0
train,56,data_56.csv,onset_leak,56_30_53,24,30,53,18000,31800,0,1.900393e-05,0
train,56,data_56.csv,onset_leak,56_31_54,24,31,54,18600,32400,0,1.9699171e-05,0
train,56,data_56.csv,onset_leak,56_32_55,24,32,55,19200,33000,0,1.539895e-05,0
train,56,data_56.csv,onset_leak,56_33_56,24,33,56,19800,33600,0,2.1246313e-05,0
train,56,data_56.csv,onset_leak,56_34_57,24,34,57,20400,34200,0,2.9443689e-05,0
train,56,data_56.csv,onset_leak,56_35_58,24,35,58,21000,34800,0,4.476441e-05,0
train,56,data_56.csv,onset_leak,56_36_59,24,36,59,21600,35400,0,6.725091e-05,0
train,56,data_56.csv,onset_leak,56_37_60,24,37,60,22200,36000,0,9.108303e-05,0
train,56,data_56.csv,onset_leak,56_38_61,24,38,61,22800,36600,0,0.000112489004,0
train,56,data_56.csv,onset_leak,56_39_62,24,39,62,23400,37200,0,0.00020964468,0
train,56,data_56.csv,onset_leak,56_40_63,24,40,63,24000,37800,0,0.0004721572,0
train,56,data_56.csv,onset_leak,56_41_64,24,41,64,24600,38400,0,0.0009478245,0
train,56,data_56.csv,onset_leak,56_42_65,24,42,65,25200,39000,0,0.0020773741,0
train,56,data_56.csv,onset_leak,56_43_66,24,43,66,25800,39600,0,0.006361822,0
train,56,data_56.csv,onset_leak,56_44_67,24,44,67,26400,40200,0,0.02077922,0
train,56,data_56.csv,onset_leak,56_45_68,24,45,68,27000,40800,0,0.0694099,0
train,56,data_56.csv,onset_leak,56_46_69,24,46,69,27600,41400,0,0.12430004,0
train,56,data_56.csv,onset_leak,56_47_70,24,47,70,28200,42000,0,0.26913264,0
train,56,data_56.csv,onset_leak,56_48_71,24,48,71,28800,42600,0,0.4213876,0
train,56,data_56.csv,onset_leak,56_49_72,24,49,72,29400,43200,0,0.52178204,0
train,56,data_56.csv,onset_leak,56_50_73,24,50,73,30000,43800,0,0.49608478,0
train,56,data_56.csv,onset_leak,56_51_74,24,51,74,30600,44400,0,0.5496744,0
train,56,data_56.csv,onset_leak,56_52_75,24,52,75,31200,45000,0,0.49951553,0
train,56,data_56.csv,onset_leak,56_53_76,24,53,76,31800,45600,0,0.571877,0
train,56,data_56.csv,onset_leak,56_54_77,24,54,77,32400,46200,0,0.53276503,0
train,56,data_56.csv,onset_leak,56_55_78,24,55,78,33000,46800,0,0.5071437,0
train,56,data_56.csv,onset_leak,56_56_79,24,56,79,33600,47400,0,0.396046,0
train,56,data_56.csv,onset_leak,56_57_80,24,57,80,34200,48000,0,0.33397183,0
train,56,data_56.csv,onset_leak,56_58_81,24,58,81,34800,48600,0,0.31530055,0
train,56,data_56.csv,onset_leak,56_59_82,24,59,82,35400,49200,0,0.2840656,0
train,56,data_56.csv,onset_leak,56_60_83,24,60,83,36000,49800,0,0.22633171,0
train,56,data_56.csv,onset_leak,56_61_84,24,61,84,36600,50400,0,0.14255737,0
train,56,data_56.csv,onset_leak,56_62_85,24,62,85,37200,51000,0,0.10106148,0
train,56,data_56.csv,onset_leak,56_63_86,24,63,86,37800,51600,0,0.070417725,0
train,56,data_56.csv,onset_leak,56_64_87,24,64,87,38400,52200,0,0.06801367,0
train,56,data_56.csv,onset_leak,56_65_88,24,65,88,39000,52800,0,0.06762659,0
train,56,data_56.csv,onset_leak,56_66_89,24,66,89,39600,53400,0,0.09143198,0
train,56,data_56.csv,onset_leak,56_67_90,24,67,90,40200,54000,0,0.059354603,0
train,56,data_56.csv,onset_leak,56_68_91,24,68,91,40800,54600,0,0.029852064,0
train,56,data_56.csv,onset_leak,56_69_92,24,69,92,41400,55200,0,0.022084704,0
train,56,data_56.csv,onset_leak,56_70_93,24,70,93,42000,55800,0,0.019982662,0
train,56,data_56.csv,onset_leak,56_71_94,24,71,94,42600,56400,0,0.022746688,0
train,56,data_56.csv,onset_leak,56_72_95,24,72,95,43200,57000,0,0.0343045,0
train,56,data_56.csv,onset_leak,56_73_96,24,73,96,43800,57600,0,0.023327956,0
train,56,data_56.csv,onset_leak,56_74_97,24,74,97,44400,58200,0,0.014744406,0
train,56,data_56.csv,onset_leak,56_75_98,24,75,98,45000,58800,0,0.015355489,0
train,56,data_56.csv,onset_leak,56_76_99,24,76,99,45600,59400,0,0.014068784,0
train,56,data_56.csv,onset_leak,56_77_100,24,77,100,46200,60000,0,0.017244952,0
train,56,data_56.csv,onset_leak,56_78_101,24,78,101,46800,60600,0,0.022476112,0
train,56,data_56.csv,onset_leak,56_79_102,24,79,102,47400,61200,0,0.017898416,0
train,56,data_56.csv,onset_leak,56_80_103,24,80,103,48000,61800,0,0.014380848,0
train,56,data_56.csv,onset_leak,56_81_104,24,81,104,48600,62400,0,0.013500994,0
train,56,data_56.csv,onset_leak,56_82_105,24,82,105,49200,63000,0,0.0143995555,0
train,56,data_56.csv,onset_leak,56_83_106,24,83,106,49800,63600,0,0.014490711,0
train,56,data_56.csv,onset_leak,56_84_107,24,84,107,50400,64200,0,0.015777783,0
train,56,data_56.csv,onset_leak,56_85_108,24,85,108,51000,64800,0,0.030386524,0
train,56,data_56.csv,onset_leak,56_86_109,24,86,109,51600,65400,0,0.052720916,0
train,56,data_56.csv,onset_leak,56_87_110,24,87,110,52200,66000,0,0.047383066,0
train,56,data_56.csv,onset_leak,56_88_111,24,88,111,52800,66600,0,0.027960712,0
train,56,data_56.csv,onset_leak,56_89_112,24,89,112,53400,67200,0,0.015312191,0
train,56,data_56.csv,onset_leak,56_90_113,24,90,113,54000,67800,0,0.0067653633,0
train,56,data_56.csv,onset_leak,56_91_114,24,91,114,54600,68400,0,0.008784655,0
train,56,data_56.csv,onset_leak,56_92_115,24,92,115,55200,69000,0,0.009957283,0
train,56,data_56.csv,onset_leak,56_93_116,24,93,116,55800,69600,0,0.007879882,0
train,56,data_56.csv,onset_leak,56_94_117,24,94,117,56400,70200,0,0.0041366997,0
train,56,data_56.csv,onset_leak,56_95_118,24,95,118,57000,70800,0,0.0028139504,0
train,56,data_56.csv,onset_leak,56_96_119,24,96,119,57600,71400,0,0.0015030281,0
train,56,data_56.csv,onset_leak,56_97_120,24,97,120,58200,72000,0,0.001479995,0
train,56,data_56.csv,onset_leak,56_98_121,24,98,121,58800,72600,0,0.0011171919,0
train,56,data_56.csv,onset_leak,56_99_122,24,99,122,59400,73200,0,0.0008745352,0
train,56,data_56.csv,onset_leak,56_100_123,24,100,123,60000,73800,0,0.0005992702,0
train,56,data_56.csv,onset_leak,56_101_124,24,101,124,60600,74400,0,0.00047213922,0
train,56,data_56.csv,onset_leak,56_102_125,24,102,125,61200,75000,0,0.00029405553,0
train,56,data_56.csv,onset_leak,56_103_126,24,103,126,61800,75600,0,0.00043047417,0
train,56,data_56.csv,onset_leak,56_104_127,24,104,127,62400,76200,0,0.00057751406,0
train,56,data_56.csv,onset_leak,56_105_128,24,105,128,63000,76800,0,0.0009181009,0
train,56,data_56.csv,onset_leak,56_106_129,24,106,129,63600,77400,0,0.0013237037,0
train,56,data_56.csv,onset_leak,56_107_130,24,107,130,64200,78000,0,0.0019786893,0
train,56,data_56.csv,onset_leak,56_108_131,24,108,131,64800,78600,0,0.0027604378,0
train,56,data_56.csv,onset_leak,56_109_132,24,109,132,65400,79200,0,0.0009663357,0
train,56,data_56.csv,onset_leak,56_110_133,24,110,133,66000,79800,0,0.00042433676,0
train,56,data_56.csv,onset_leak,56_111_134,24,111,134,66600,80400,0,0.00033903582,0
train,56,data_56.csv,onset_leak,56_112_135,24,112,135,67200,81000,0,0.00041216408,0
train,56,data_56.csv,onset_leak,56_113_136,24,113,136,67800,81600,0,0.0005281007,0
train,56,data_56.csv,onset_leak,56_114_137,24,114,137,68400,82200,0,0.00086847815,0
train,56,data_56.csv,onset_leak,56_115_138,24,115,138,69000,82800,0,0.00022506392,0
train,56,data_56.csv,onset_leak,56_116_139,24,116,139,69600,83400,0,6.260277e-05,0
train,56,data_56.csv,onset_leak,56_117_140,24,117,140,70200,84000,0,2.5401836e-05,0
train,56,data_56.csv,onset_leak,56_118_141,24,118,141,70800,84600,0,3.0337918e-05,0
train,56,data_56.csv,onset_leak,56_119_142,24,119,142,71400,85200,0,2.7868156e-05,0
train,56,data_56.csv,onset_leak,56_120_143,24,120,143,72000,85800,0,3.8513284e-05,0
train,56,data_56.csv,onset_leak,56_121_144,24,121,144,72600,86400,0,3.9791445e-05,0
train,57,data_57.csv,onset_leak,57_0_23,24,0,23,0,13800,0,4.3138665e-10,0
train,57,data_57.csv,onset_leak,57_1_24,24,1,24,600,14400,0,1.0032413e-09,0
train,57,data_57.csv,onset_leak,57_2_25,24,2,25,1200,15000,0,1.979113e-09,0
train,57,data_57.csv,onset_leak,57_3_26,24,3,26,1800,15600,0,3.1726977e-09,0
train,57,data_57.csv,onset_leak,57_4_27,24,4,27,2400,16200,0,3.3756573e-09,0
train,57,data_57.csv,onset_leak,57_5_28,24,5,28,3000,16800,0,3.9284664e-09,0
train,57,data_57.csv,onset_leak,57_6_29,24,6,29,3600,17400,0,3.919246e-09,0
train,57,data_57.csv,onset_leak,57_7_30,24,7,30,4200,18000,0,1.0529136e-08,0
train,57,data_57.csv,onset_leak,57_8_31,24,8,31,4800,18600,0,1.9559746e-08,0
train,57,data_57.csv,onset_leak,57_9_32,24,9,32,5400,19200,0,3.5337827e-08,0
train,57,data_57.csv,onset_leak,57_10_33,24,10,33,6000,19800,0,3.068845e-08,0
train,57,data_57.csv,onset_leak,57_11_34,24,11,34,6600,20400,0,3.8853596e-08,0
train,57,data_57.csv,onset_leak,57_12_35,24,12,35,7200,21000,0,3.5576083e-08,0
train,57,data_57.csv,onset_leak,57_13_36,24,13,36,7800,21600,0,5.8733633e-08,0
train,57,data_57.csv,onset_leak,57_14_37,24,14,37,8400,22200,0,6.027562e-08,0
train,57,data_57.csv,onset_leak,57_15_38,24,15,38,9000,22800,0,9.141038e-08,0
train,57,data_57.csv,onset_leak,57_16_39,24,16,39,9600,23400,0,9.001001e-08,0
train,57,data_57.csv,onset_leak,57_17_40,24,17,40,10200,24000,0,1.2130712e-07,0
train,57,data_57.csv,onset_leak,57_18_41,24,18,41,10800,24600,0,1.3067199e-07,0
train,57,data_57.csv,onset_leak,57_19_42,24,19,42,11400,25200,0,2.9737922e-07,0
train,57,data_57.csv,onset_leak,57_20_43,24,20,43,12000,25800,0,4.1785603e-07,0
train,57,data_57.csv,onset_leak,57_21_44,24,21,44,12600,26400,0,1.0676152e-06,0
train,57,data_57.csv,onset_leak,57_22_45,24,22,45,13200,27000,0,2.1021497e-06,0
train,57,data_57.csv,onset_leak,57_23_46,24,23,46,13800,27600,0,4.7603157e-06,0
train,57,data_57.csv,onset_leak,57_24_47,24,24,47,14400,28200,0,8.984798e-06,0
train,57,data_57.csv,onset_leak,57_25_48,24,25,48,15000,28800,0,2.4596082e-05,0
train,57,data_57.csv,onset_leak,57_26_49,24,26,49,15600,29400,0,6.0775244e-05,0
train,57,data_57.csv,onset_leak,57_27_50,24,27,50,16200,30000,0,0.00021324854,0
train,57,data_57.csv,onset_leak,57_28_51,24,28,51,16800,30600,0,0.0005315053,0
train,57,data_57.csv,onset_leak,57_29_52,24,29,52,17400,31200,0,0.0017972942,0
train,57,data_57.csv,onset_leak,57_30_53,24,30,53,18000,31800,0,0.0046194373,0
train,57,data_57.csv,onset_leak,57_31_54,24,31,54,18600,32400,0,0.0014042377,0
train,57,data_57.csv,onset_leak,57_32_55,24,32,55,19200,33000,0,0.0005283756,0
train,57,data_57.csv,onset_leak,57_33_56,24,33,56,19800,33600,0,0.00045463565,0
train,57,data_57.csv,onset_leak,57_34_57,24,34,57,20400,34200,0,0.000616477,0
train,57,data_57.csv,onset_leak,57_35_58,24,35,58,21000,34800,0,0.00094493234,0
train,57,data_57.csv,onset_leak,57_36_59,24,36,59,21600,35400,0,0.0019271785,0
train,57,data_57.csv,onset_leak,57_37_60,24,37,60,22200,36000,0,0.0022762604,0
train,57,data_57.csv,onset_leak,57_38_61,24,38,61,22800,36600,0,0.0024794906,0
train,57,data_57.csv,onset_leak,57_39_62,24,39,62,23400,37200,0,0.0029329471,0
train,57,data_57.csv,onset_leak,57_40_63,24,40,63,24000,37800,0,0.008121459,0
train,57,data_57.csv,onset_leak,57_41_64,24,41,64,24600,38400,0,0.011269553,0
train,57,data_57.csv,onset_leak,57_42_65,24,42,65,25200,39000,0,0.01785863,0
train,57,data_57.csv,onset_leak,57_43_66,24,43,66,25800,39600,0,0.027186038,0
train,57,data_57.csv,onset_leak,57_44_67,24,44,67,26400,40200,0,0.0779824,0
train,57,data_57.csv,onset_leak,57_45_68,24,45,68,27000,40800,0,0.19906853,0
train,57,data_57.csv,onset_leak,57_46_69,24,46,69,27600,41400,0,0.30237517,0
train,57,data_57.csv,onset_leak,57_47_70,24,47,70,28200,42000,0,0.43368286,0
train,57,data_57.csv,onset_leak,57_48_71,24,48,71,28800,42600,0,0.53760034,0
train,57,data_57.csv,onset_leak,57_49_72,24,49,72,29400,43200,0,0.6607713,1
train,57,data_57.csv,onset_leak,57_50_73,24,50,73,30000,43800,0,0.6980633,1
train,57,data_57.csv,onset_leak,57_51_74,24,51,74,30600,44400,0,0.7025056,1
train,57,data_57.csv,onset_leak,57_52_75,24,52,75,31200,45000,0,0.6850779,1
train,57,data_57.csv,onset_leak,57_53_76,24,53,76,31800,45600,0,0.6693898,1
train,57,data_57.csv,onset_leak,57_54_77,24,54,77,32400,46200,0,0.59175676,0
train,57,data_57.csv,onset_leak,57_55_78,24,55,78,33000,46800,0,0.54857814,0
train,57,data_57.csv,onset_leak,57_56_79,24,56,79,33600,47400,0,0.41809285,0
train,57,data_57.csv,onset_leak,57_57_80,24,57,80,34200,48000,0,0.34689838,0
train,57,data_57.csv,onset_leak,57_58_81,24,58,81,34800,48600,0,0.27041736,0
train,57,data_57.csv,onset_leak,57_59_82,24,59,82,35400,49200,0,0.21207602,0
train,57,data_57.csv,onset_leak,57_60_83,24,60,83,36000,49800,0,0.12587227,0
train,57,data_57.csv,onset_leak,57_61_84,24,61,84,36600,50400,0,0.18380204,0
train,57,data_57.csv,onset_leak,57_62_85,24,62,85,37200,51000,0,0.21428068,0
train,57,data_57.csv,onset_leak,57_63_86,24,63,86,37800,51600,0,0.24856961,0
train,57,data_57.csv,onset_leak,57_64_87,24,64,87,38400,52200,0,0.30747014,0
train,57,data_57.csv,onset_leak,57_65_88,24,65,88,39000,52800,0,0.29951975,0
train,57,data_57.csv,onset_leak,57_66_89,24,66,89,39600,53400,0,0.25894928,0
train,57,data_57.csv,onset_leak,57_67_90,24,67,90,40200,54000,0,0.2852012,0
train,57,data_57.csv,onset_leak,57_68_91,24,68,91,40800,54600,0,0.3374372,0
train,57,data_57.csv,onset_leak,57_69_92,24,69,92,41400,55200,0,0.37329736,0
train,57,data_57.csv,onset_leak,57_70_93,24,70,93,42000,55800,0,0.38906118,0
train,57,data_57.csv,onset_leak,57_71_94,24,71,94,42600,56400,0,0.47856212,0
train,57,data_57.csv,onset_leak,57_72_95,24,72,95,43200,57000,0,0.5401056,0
train,57,data_57.csv,onset_leak,57_73_96,24,73,96,43800,57600,0,0.56993157,0
train,57,data_57.csv,onset_leak,57_74_97,24,74,97,44400,58200,0,0.5911183,0
train,57,data_57.csv,onset_leak,57_75_98,24,75,98,45000,58800,0,0.56641173,0
train,57,data_57.csv,onset_leak,57_76_99,24,76,99,45600,59400,0,0.5555286,0
train,57,data_57.csv,onset_leak,57_77_100,24,77,100,46200,60000,0,0.55856204,0
train,57,data_57.csv,onset_leak,57_78_101,24,78,101,46800,60600,0,0.5282516,0
train,57,data_57.csv,onset_leak,57_79_102,24,79,102,47400,61200,0,0.6131541,1
train,57,data_57.csv,onset_leak,57_80_103,24,80,103,48000,61800,0,0.68637043,1
train,57,data_57.csv,onset_leak,57_81_104,24,81,104,48600,62400,0,0.667303,1
train,57,data_57.csv,onset_leak,57_82_105,24,82,105,49200,63000,0,0.6631585,1
train,57,data_57.csv,onset_leak,57_83_106,24,83,106,49800,63600,0,0.668139,1
train,57,data_57.csv,onset_leak,57_84_107,24,84,107,50400,64200,0,0.6736108,1
train,57,data_57.csv,onset_leak,57_85_108,24,85,108,51000,64800,0,0.6426603,1
train,57,data_57.csv,onset_leak,57_86_109,24,86,109,51600,65400,0,0.62479514,1
train,57,data_57.csv,onset_leak,57_87_110,24,87,110,52200,66000,0,0.610302,1
train,57,data_57.csv,onset_leak,57_88_111,24,88,111,52800,66600,0,0.6134367,1
train,57,data_57.csv,onset_leak,57_89_112,24,89,112,53400,67200,0,0.63528055,1
train,57,data_57.csv,onset_leak,57_90_113,24,90,113,54000,67800,0,0.65594596,1
train,57,data_57.csv,onset_leak,57_91_114,24,91,114,54600,68400,0,0.67905176,1
train,57,data_57.csv,onset_leak,57_92_115,24,92,115,55200,69000,0,0.6923028,1
train,57,data_57.csv,onset_leak,57_93_116,24,93,116,55800,69600,0,0.70162845,1
train,57,data_57.csv,onset_leak,57_94_117,24,94,117,56400,70200,0,0.7051572,1
train,57,data_57.csv,onset_leak,57_95_118,24,95,118,57000,70800,0,0.71559185,1
train,57,data_57.csv,onset_leak,57_96_119,24,96,119,57600,71400,0,0.7332151,1
train,57,data_57.csv,onset_leak,57_97_120,24,97,120,58200,72000,0,0.5887402,0
train,57,data_57.csv,onset_leak,57_98_121,24,98,121,58800,72600,0,0.44149062,0
train,57,data_57.csv,onset_leak,57_99_122,24,99,122,59400,73200,0,0.4472388,0
train,57,data_57.csv,onset_leak,57_100_123,24,100,123,60000,73800,0,0.45048118,0
train,57,data_57.csv,onset_leak,57_101_124,24,101,124,60600,74400,0,0.50409037,0
train,57,data_57.csv,onset_leak,57_102_125,24,102,125,61200,75000,0,0.5750445,0
train,57,data_57.csv,onset_leak,57_103_126,24,103,126,61800,75600,0,0.32482117,0
train,57,data_57.csv,onset_leak,57_104_127,24,104,127,62400,76200,0,0.018020604,0
train,57,data_57.csv,onset_leak,57_105_128,24,105,128,63000,76800,0,0.0051325136,0
train,57,data_57.csv,onset_leak,57_106_129,24,106,129,63600,77400,0,0.0018780206,0
train,57,data_57.csv,onset_leak,57_107_130,24,107,130,64200,78000,0,0.002201247,0
train,57,data_57.csv,onset_leak,57_108_131,24,108,131,64800,78600,0,0.0022293907,0
train,57,data_57.csv,onset_leak,57_109_132,24,109,132,65400,79200,0,0.0010137627,0
train,57,data_57.csv,onset_leak,57_110_133,24,110,133,66000,79800,0,0.00042658407,0
train,57,data_57.csv,onset_leak,57_111_134,24,111,134,66600,80400,0,0.00072980166,0
train,57,data_57.csv,onset_leak,57_112_135,24,112,135,67200,81000,0,0.00081592717,0
train,57,data_57.csv,onset_leak,57_113_136,24,113,136,67800,81600,0,0.0017494472,0
train,57,data_57.csv,onset_leak,57_114_137,24,114,137,68400,82200,0,0.0022384855,0
train,57,data_57.csv,onset_leak,57_115_138,24,115,138,69000,82800,0,0.0012313055,0
train,57,data_57.csv,onset_leak,57_116_139,24,116,139,69600,83400,0,0.0013343876,0
train,57,data_57.csv,onset_leak,57_117_140,24,117,140,70200,84000,0,0.0014642787,0
train,57,data_57.csv,onset_leak,57_118_141,24,118,141,70800,84600,0,0.0016759943,0
train,57,data_57.csv,onset_leak,57_119_142,24,119,142,71400,85200,0,0.0014213569,0
train,57,data_57.csv,onset_leak,57_120_143,24,120,143,72000,85800,0,0.0019526688,0
train,57,data_57.csv,onset_leak,57_121_144,24,121,144,72600,86400,0,0.0017168804,0
train,58,data_58.csv,onset_leak,58_0_23,24,0,23,0,13800,0,9.015586e-09,0
train,58,data_58.csv,onset_leak,58_1_24,24,1,24,600,14400,0,1.2088279e-08,0
train,58,data_58.csv,onset_leak,58_2_25,24,2,25,1200,15000,0,1.4430406e-08,0
train,58,data_58.csv,onset_leak,58_3_26,24,3,26,1800,15600,0,2.0414902e-08,0
train,58,data_58.csv,onset_leak,58_4_27,24,4,27,2400,16200,0,2.4847385e-08,0
train,58,data_58.csv,onset_leak,58_5_28,24,5,28,3000,16800,0,3.2049467e-08,0
train,58,data_58.csv,onset_leak,58_6_29,24,6,29,3600,17400,0,3.9545025e-08,0
train,58,data_58.csv,onset_leak,58_7_30,24,7,30,4200,18000,0,1.13145546e-07,0
train,58,data_58.csv,onset_leak,58_8_31,24,8,31,4800,18600,0,2.446471e-07,0
train,58,data_58.csv,onset_leak,58_9_32,24,9,32,5400,19200,0,5.4662706e-07,0
train,58,data_58.csv,onset_leak,58_10_33,24,10,33,6000,19800,0,6.788392e-07,0
train,58,data_58.csv,onset_leak,58_11_34,24,11,34,6600,20400,0,1.0359107e-06,0
train,58,data_58.csv,onset_leak,58_12_35,24,12,35,7200,21000,0,1.2209537e-06,0
train,58,data_58.csv,onset_leak,58_13_36,24,13,36,7800,21600,0,3.9534953e-06,0
train,58,data_58.csv,onset_leak,58_14_37,24,14,37,8400,22200,0,7.799143e-06,0
train,58,data_58.csv,onset_leak,58_15_38,24,15,38,9000,22800,0,1.9744424e-05,0
train,58,data_58.csv,onset_leak,58_16_39,24,16,39,9600,23400,0,2.1033384e-05,0
train,58,data_58.csv,onset_leak,58_17_40,24,17,40,10200,24000,0,3.6450336e-05,0
train,58,data_58.csv,onset_leak,58_18_41,24,18,41,10800,24600,0,4.394734e-05,0
train,58,data_58.csv,onset_leak,58_19_42,24,19,42,11400,25200,0,9.2265e-05,0
train,58,data_58.csv,onset_leak,58_20_43,24,20,43,12000,25800,0,9.1372276e-05,0
train,58,data_58.csv,onset_leak,58_21_44,24,21,44,12600,26400,0,0.00016460964,0
train,58,data_58.csv,onset_leak,58_22_45,24,22,45,13200,27000,0,0.0001876671,0
train,58,data_58.csv,onset_leak,58_23_46,24,23,46,13800,27600,0,0.00028687489,0
train,58,data_58.csv,onset_leak,58_24_47,24,24,47,14400,28200,0,0.0003219438,0
train,58,data_58.csv,onset_leak,58_25_48,24,25,48,15000,28800,0,0.0003352392,0
train,58,data_58.csv,onset_leak,58_26_49,24,26,49,15600,29400,0,0.00029721766,0
train,58,data_58.csv,onset_leak,58_27_50,24,27,50,16200,30000,0,0.0005068308,0
train,58,data_58.csv,onset_leak,58_28_51,24,28,51,16800,30600,0,0.0011529422,0
train,58,data_58.csv,onset_leak,58_29_52,24,29,52,17400,31200,0,0.002277388,0
train,58,data_58.csv,onset_leak,58_30_53,24,30,53,18000,31800,0,0.00495815,0
train,58,data_58.csv,onset_leak,58_31_54,24,31,54,18600,32400,0,0.004561099,0
train,58,data_58.csv,onset_leak,58_32_55,24,32,55,19200,33000,0,0.005153566,0
train,58,data_58.csv,onset_leak,58_33_56,24,33,56,19800,33600,0,0.009780033,0
train,58,data_58.csv,onset_leak,58_34_57,24,34,57,20400,34200,0,0.025167884,0
train,58,data_58.csv,onset_leak,58_35_58,24,35,58,21000,34800,0,0.06128749,0
train,58,data_58.csv,onset_leak,58_36_59,24,36,59,21600,35400,0,0.13808931,0
train,58,data_58.csv,onset_leak,58_37_60,24,37,60,22200,36000,0,0.09898169,0
train,58,data_58.csv,onset_leak,58_38_61,24,38,61,22800,36600,0,0.0867822,0
train,58,data_58.csv,onset_leak,58_39_62,24,39,62,23400,37200,0,0.08427134,0
train,58,data_58.csv,onset_leak,58_40_63,24,40,63,24000,37800,0,0.08361973,0
train,58,data_58.csv,onset_leak,58_41_64,24,41,64,24600,38400,0,0.08562857,0
train,58,data_58.csv,onset_leak,58_42_65,24,42,65,25200,39000,0,0.11410278,0
train,58,data_58.csv,onset_leak,58_43_66,24,43,66,25800,39600,0,0.12416832,0
train,58,data_58.csv,onset_leak,58_44_67,24,44,67,26400,40200,0,0.15101556,0
train,58,data_58.csv,onset_leak,58_45_68,24,45,68,27000,40800,0,0.19823809,0
train,58,data_58.csv,onset_leak,58_46_69,24,46,69,27600,41400,0,0.240457,0
train,58,data_58.csv,onset_leak,58_47_70,24,47,70,28200,42000,0,0.27607,0
train,58,data_58.csv,onset_leak,58_48_71,24,48,71,28800,42600,0,0.33702323,0
train,58,data_58.csv,onset_leak,58_49_72,24,49,72,29400,43200,0,0.35404474,0
train,58,data_58.csv,onset_leak,58_50_73,24,50,73,30000,43800,0,0.3926068,0
train,58,data_58.csv,onset_leak,58_51_74,24,51,74,30600,44400,0,0.4221675,0
train,58,data_58.csv,onset_leak,58_52_75,24,52,75,31200,45000,0,0.43736035,0
train,58,data_58.csv,onset_leak,58_53_76,24,53,76,31800,45600,0,0.45737365,0
train,58,data_58.csv,onset_leak,58_54_77,24,54,77,32400,46200,0,0.47464037,0
train,58,data_58.csv,onset_leak,58_55_78,24,55,78,33000,46800,0,0.3617719,0
train,58,data_58.csv,onset_leak,58_56_79,24,56,79,33600,47400,0,0.21209808,0
train,58,data_58.csv,onset_leak,58_57_80,24,57,80,34200,48000,0,0.12076262,0
train,58,data_58.csv,onset_leak,58_58_81,24,58,81,34800,48600,0,0.08672818,0
train,58,data_58.csv,onset_leak,58_59_82,24,59,82,35400,49200,0,0.053712316,0
train,58,data_58.csv,onset_leak,58_60_83,24,60,83,36000,49800,0,0.04036387,0
train,58,data_58.csv,onset_leak,58_61_84,24,61,84,36600,50400,0,0.029813644,0
train,58,data_58.csv,onset_leak,58_62_85,24,62,85,37200,51000,0,0.025338292,0
train,58,data_58.csv,onset_leak,58_63_86,24,63,86,37800,51600,0,0.021927465,0
train,58,data_58.csv,onset_leak,58_64_87,24,64,87,38400,52200,0,0.024124572,0
train,58,data_58.csv,onset_leak,58_65_88,24,65,88,39000,52800,0,0.024938881,0
train,58,data_58.csv,onset_leak,58_66_89,24,66,89,39600,53400,0,0.03181358,0
train,58,data_58.csv,onset_leak,58_67_90,24,67,90,40200,54000,0,0.035342224,0
train,58,data_58.csv,onset_leak,58_68_91,24,68,91,40800,54600,0,0.045211364,0
train,58,data_58.csv,onset_leak,58_69_92,24,69,92,41400,55200,0,0.05192867,0
train,58,data_58.csv,onset_leak,58_70_93,24,70,93,42000,55800,0,0.0533616,0
train,58,data_58.csv,onset_leak,58_71_94,24,71,94,42600,56400,0,0.055246085,0
train,58,data_58.csv,onset_leak,58_72_95,24,72,95,43200,57000,0,0.05887307,0
train,58,data_58.csv,onset_leak,58_73_96,24,73,96,43800,57600,0,0.0551637,0
train,58,data_58.csv,onset_leak,58_74_97,24,74,97,44400,58200,0,0.055127315,0
train,58,data_58.csv,onset_leak,58_75_98,24,75,98,45000,58800,0,0.03962632,0
train,58,data_58.csv,onset_leak,58_76_99,24,76,99,45600,59400,0,0.02500747,0
train,58,data_58.csv,onset_leak,58_77_100,24,77,100,46200,60000,0,0.017062463,0
train,58,data_58.csv,onset_leak,58_78_101,24,78,101,46800,60600,0,0.010228843,0
train,58,data_58.csv,onset_leak,58_79_102,24,79,102,47400,61200,0,0.01765435,0
train,58,data_58.csv,onset_leak,58_80_103,24,80,103,48000,61800,0,0.023496386,0
train,58,data_58.csv,onset_leak,58_81_104,24,81,104,48600,62400,0,0.024481317,0
train,58,data_58.csv,onset_leak,58_82_105,24,82,105,49200,63000,0,0.018918633,0
train,58,data_58.csv,onset_leak,58_83_106,24,83,106,49800,63600,0,0.016414523,0
train,58,data_58.csv,onset_leak,58_84_107,24,84,107,50400,64200,0,0.011718811,0
train,58,data_58.csv,onset_leak,58_85_108,24,85,108,51000,64800,0,0.018231522,0
train,58,data_58.csv,onset_leak,58_86_109,24,86,109,51600,65400,0,0.02283887,0
train,58,data_58.csv,onset_leak,58_87_110,24,87,110,52200,66000,0,0.03193008,0
train,58,data_58.csv,onset_leak,58_88_111,24,88,111,52800,66600,0,0.030442985,0
train,58,data_58.csv,onset_leak,58_89_112,24,89,112,53400,67200,0,0.03650729,0
train,58,data_58.csv,onset_leak,58_90_113,24,90,113,54000,67800,0,0.03699785,0
train,58,data_58.csv,onset_leak,58_91_114,24,91,114,54600,68400,0,0.08340728,0
train,58,data_58.csv,onset_leak,58_92_115,24,92,115,55200,69000,0,0.10916725,0
train,58,data_58.csv,onset_leak,58_93_116,24,93,116,55800,69600,0,0.15316638,0
train,58,data_58.csv,onset_leak,58_94_117,24,94,117,56400,70200,0,0.1423772,0
train,58,data_58.csv,onset_leak,58_95_118,24,95,118,57000,70800,0,0.16410154,0
train,58,data_58.csv,onset_leak,58_96_119,24,96,119,57600,71400,0,0.14972624,0
train,58,data_58.csv,onset_leak,58_97_120,24,97,120,58200,72000,0,0.1206752,0
train,58,data_58.csv,onset_leak,58_98_121,24,98,121,58800,72600,0,0.085321575,0
train,58,data_58.csv,onset_leak,58_99_122,24,99,122,59400,73200,0,0.10156599,0
train,58,data_58.csv,onset_leak,58_100_123,24,100,123,60000,73800,0,0.12949634,0
train,58,data_58.csv,onset_leak,58_101_124,24,101,124,60600,74400,0,0.17164247,0
train,58,data_58.csv,onset_leak,58_102_125,24,102,125,61200,75000,0,0.21267492,0
train,58,data_58.csv,onset_leak,58_103_126,24,103,126,61800,75600,0,0.06678947,0
train,58,data_58.csv,onset_leak,58_104_127,24,104,127,62400,76200,0,0.022790208,0
train,58,data_58.csv,onset_leak,58_105_128,24,105,128,63000,76800,0,0.011642214,0
train,58,data_58.csv,onset_leak,58_106_129,24,106,129,63600,77400,0,0.0138039505,0
train,58,data_58.csv,onset_leak,58_107_130,24,107,130,64200,78000,0,0.012111803,0
train,58,data_58.csv,onset_leak,58_108_131,24,108,131,64800,78600,0,0.015337729,0
train,58,data_58.csv,onset_leak,58_109_132,24,109,132,65400,79200,0,0.0063780383,0
train,58,data_58.csv,onset_leak,58_110_133,24,110,133,66000,79800,0,0.0022531536,0
train,58,data_58.csv,onset_leak,58_111_134,24,111,134,66600,80400,0,0.001650633,0
train,58,data_58.csv,onset_leak,58_112_135,24,112,135,67200,81000,0,0.0018628167,0
train,58,data_58.csv,onset_leak,58_113_136,24,113,136,67800,81600,0,0.002409557,0
train,58,data_58.csv,onset_leak,58_114_137,24,114,137,68400,82200,0,0.0040004035,0
train,58,data_58.csv,onset_leak,58_115_138,24,115,138,69000,82800,0,0.0014050176,0
train,58,data_58.csv,onset_leak,58_116_139,24,116,139,69600,83400,0,0.00039570514,0
train,58,data_58.csv,onset_leak,58_117_140,24,117,140,70200,84000,0,0.00025207063,0
train,58,data_58.csv,onset_leak,58_118_141,24,118,141,70800,84600,0,0.00020477228,0
train,58,data_58.csv,onset_leak,58_119_142,24,119,142,71400,85200,0,0.00023069933,0
train,58,data_58.csv,onset_leak,58_120_143,24,120,143,72000,85800,0,0.00030078433,0
train,58,data_58.csv,onset_leak,58_121_144,24,121,144,72600,86400,0,0.0003163959,0
train,60,data_60.csv,onset_leak,60_0_23,24,0,23,0,13800,0,3.6459067e-09,0
train,60,data_60.csv,onset_leak,60_1_24,24,1,24,600,14400,0,4.4808224e-09,0
train,60,data_60.csv,onset_leak,60_2_25,24,2,25,1200,15000,0,5.0248055e-09,0
train,60,data_60.csv,onset_leak,60_3_26,24,3,26,1800,15600,0,5.9307608e-09,0
train,60,data_60.csv,onset_leak,60_4_27,24,4,27,2400,16200,0,6.157507e-09,0
train,60,data_60.csv,onset_leak,60_5_28,24,5,28,3000,16800,0,6.777716e-09,0
train,60,data_60.csv,onset_leak,60_6_29,24,6,29,3600,17400,0,7.064452e-09,0
train,60,data_60.csv,onset_leak,60_7_30,24,7,30,4200,18000,0,9.103105e-09,0
train,60,data_60.csv,onset_leak,60_8_31,24,8,31,4800,18600,0,1.0483227e-08,0
train,60,data_60.csv,onset_leak,60_9_32,24,9,32,5400,19200,0,1.337553e-08,0
train,60,data_60.csv,onset_leak,60_10_33,24,10,33,6000,19800,0,1.4616835e-08,0
train,60,data_60.csv,onset_leak,60_11_34,24,11,34,6600,20400,0,1.7151017e-08,0
train,60,data_60.csv,onset_leak,60_12_35,24,12,35,7200,21000,0,1.894115e-08,0
train,60,data_60.csv,onset_leak,60_13_36,24,13,36,7800,21600,0,2.5375082e-08,0
train,60,data_60.csv,onset_leak,60_14_37,24,14,37,8400,22200,0,2.995024e-08,0
train,60,data_60.csv,onset_leak,60_15_38,24,15,38,9000,22800,0,4.0901842e-08,0
train,60,data_60.csv,onset_leak,60_16_39,24,16,39,9600,23400,0,4.6868262e-08,0
train,60,data_60.csv,onset_leak,60_17_40,24,17,40,10200,24000,0,5.8140333e-08,0
train,60,data_60.csv,onset_leak,60_18_41,24,18,41,10800,24600,0,6.768198e-08,0
train,60,data_60.csv,onset_leak,60_19_42,24,19,42,11400,25200,0,9.36281e-08,0
train,60,data_60.csv,onset_leak,60_20_43,24,20,43,12000,25800,0,1.12547404e-07,0
train,60,data_60.csv,onset_leak,60_21_44,24,21,44,12600,26400,0,1.6243901e-07,0
train,60,data_60.csv,onset_leak,60_22_45,24,22,45,13200,27000,0,1.9375008e-07,0
train,60,data_60.csv,onset_leak,60_23_46,24,23,46,13800,27600,0,2.5172673e-07,0
train,60,data_60.csv,onset_leak,60_24_47,24,24,47,14400,28200,0,3.0649093e-07,0
train,60,data_60.csv,onset_leak,60_25_48,24,25,48,15000,28800,0,5.700998e-07,0
train,60,data_60.csv,onset_leak,60_26_49,24,26,49,15600,29400,0,8.547027e-07,0
train,60,data_60.csv,onset_leak,60_27_50,24,27,50,16200,30000,0,1.5386164e-06,0
train,60,data_60.csv,onset_leak,60_28_51,24,28,51,16800,30600,0,1.9071185e-06,0
train,60,data_60.csv,onset_leak,60_29_52,24,29,52,17400,31200,0,2.7535677e-06,0
train,60,data_60.csv,onset_leak,60_30_53,24,30,53,18000,31800,0,3.3845156e-06,0
train,60,data_60.csv,onset_leak,60_31_54,24,31,54,18600,32400,0,9.802927e-06,0
train,60,data_60.csv,onset_leak,60_32_55,24,32,55,19200,33000,0,1.9276187e-05,0
train,60,data_60.csv,onset_leak,60_33_56,24,33,56,19800,33600,0,4.503712e-05,0
train,60,data_60.csv,onset_leak,60_34_57,24,34,57,20400,34200,0,5.6047167e-05,0
train,60,data_60.csv,onset_leak,60_35_58,24,35,58,21000,34800,0,9.469313e-05,0
train,60,data_60.csv,onset_leak,60_36_59,24,36,59,21600,35400,0,0.000117805685,0
train,60,data_60.csv,onset_leak,60_37_60,24,37,60,22200,36000,0,0.00043819804,0
train,60,data_60.csv,onset_leak,60_38_61,24,38,61,22800,36600,0,0.0008052292,0
train,60,data_60.csv,onset_leak,60_39_62,24,39,62,23400,37200,0,0.0019931695,0
train,60,data_60.csv,onset_leak,60_40_63,24,40,63,24000,37800,0,0.0021791593,0
train,60,data_60.csv,onset_leak,60_41_64,24,41,64,24600,38400,0,0.0037457303,0
train,60,data_60.csv,onset_leak,60_42_65,24,42,65,25200,39000,0,0.0047223927,0
train,60,data_60.csv,onset_leak,60_43_66,24,43,66,25800,39600,0,0.029511828,0
train,60,data_60.csv,onset_leak,60_44_67,24,44,67,26400,40200,0,0.037775207,0
train,60,data_60.csv,onset_leak,60_45_68,24,45,68,27000,40800,0,0.06246716,0
train,60,data_60.csv,onset_leak,60_46_69,24,46,69,27600,41400,0,0.063731775,0
train,60,data_60.csv,onset_leak,60_47_70,24,47,70,28200,42000,0,0.13960738,0
train,60,data_60.csv,onset_leak,60_48_71,24,48,71,28800,42600,0,0.14922874,0
train,60,data_60.csv,onset_leak,60_49_72,24,49,72,29400,43200,0,0.46428847,0
train,60,data_60.csv,onset_leak,60_50_73,24,50,73,30000,43800,0,0.6188573,1
train,60,data_60.csv,onset_leak,60_51_74,24,51,74,30600,44400,0,0.7716167,1
train,60,data_60.csv,onset_leak,60_52_75,24,52,75,31200,45000,0,0.8198025,1
train,60,data_60.csv,onset_leak,60_53_76,24,53,76,31800,45600,0,0.88692623,1
train,60,data_60.csv,onset_leak,60_54_77,24,54,77,32400,46200,0,0.8727419,1
train,60,data_60.csv,onset_leak,60_55_78,24,55,78,33000,46800,0,0.9218996,1
train,60,data_60.csv,onset_leak,60_56_79,24,56,79,33600,47400,0,0.9433636,1
train,60,data_60.csv,onset_leak,60_57_80,24,57,80,34200,48000,0,0.93407923,1
train,60,data_60.csv,onset_leak,60_58_81,24,58,81,34800,48600,0,0.9192473,1
train,60,data_60.csv,onset_leak,60_59_82,24,59,82,35400,49200,0,0.9336431,1
train,60,data_60.csv,onset_leak,60_60_83,24,60,83,36000,49800,0,0.93407476,1
train,60,data_60.csv,onset_leak,60_61_84,24,61,84,36600,50400,0,0.9497504,1
train,60,data_60.csv,onset_leak,60_62_85,24,62,85,37200,51000,0,0.96380997,1
train,60,data_60.csv,onset_leak,60_63_86,24,63,86,37800,51600,0,0.95678174,1
train,60,data_60.csv,onset_leak,60_64_87,24,64,87,38400,52200,0,0.9561025,1
train,60,data_60.csv,onset_leak,60_65_88,24,65,88,39000,52800,0,0.9640822,1
train,60,data_60.csv,onset_leak,60_66_89,24,66,89,39600,53400,0,0.96952844,1
train,60,data_60.csv,onset_leak,60_67_90,24,67,90,40200,54000,0,0.96937346,1
train,60,data_60.csv,onset_leak,60_68_91,24,68,91,40800,54600,0,0.96853817,1
train,60,data_60.csv,onset_leak,60_69_92,24,69,92,41400,55200,0,0.9684711,1
train,60,data_60.csv,onset_leak,60_70_93,24,70,93,42000,55800,0,0.9709253,1
train,60,data_60.csv,onset_leak,60_71_94,24,71,94,42600,56400,0,0.9766415,1
train,60,data_60.csv,onset_leak,60_72_95,24,72,95,43200,57000,0,0.98205477,1
train,60,data_60.csv,onset_leak,60_73_96,24,73,96,43800,57600,0,0.9767327,1
train,60,data_60.csv,onset_leak,60_74_97,24,74,97,44400,58200,0,0.9695636,1
train,60,data_60.csv,onset_leak,60_75_98,24,75,98,45000,58800,0,0.97132856,1
train,60,data_60.csv,onset_leak,60_76_99,24,76,99,45600,59400,0,0.9714282,1
train,60,data_60.csv,onset_leak,60_77_100,24,77,100,46200,60000,0,0.9762872,1
train,60,data_60.csv,onset_leak,60_78_101,24,78,101,46800,60600,0,0.98133034,1
train,60,data_60.csv,onset_leak,60_79_102,24,79,102,47400,61200,0,0.9725467,1
train,60,data_60.csv,onset_leak,60_80_103,24,80,103,48000,61800,0,0.960315,1
train,60,data_60.csv,onset_leak,60_81_104,24,81,104,48600,62400,0,0.96669286,1
train,60,data_60.csv,onset_leak,60_82_105,24,82,105,49200,63000,0,0.96677387,1
train,60,data_60.csv,onset_leak,60_83_106,24,83,106,49800,63600,0,0.97172564,1
train,60,data_60.csv,onset_leak,60_84_107,24,84,107,50400,64200,0,0.9770025,1
train,60,data_60.csv,onset_leak,60_85_108,24,85,108,51000,64800,0,0.9684857,1
train,60,data_60.csv,onset_leak,60_86_109,24,86,109,51600,65400,0,0.95033574,1
train,60,data_60.csv,onset_leak,60_87_110,24,87,110,52200,66000,0,0.9546102,1
train,60,data_60.csv,onset_leak,60_88_111,24,88,111,52800,66600,0,0.95190763,1
train,60,data_60.csv,onset_leak,60_89_112,24,89,112,53400,67200,0,0.95439833,1
train,60,data_60.csv,onset_leak,60_90_113,24,90,113,54000,67800,0,0.9574281,1
train,60,data_60.csv,onset_leak,60_91_114,24,91,114,54600,68400,0,0.9360641,1
train,60,data_60.csv,onset_leak,60_92_115,24,92,115,55200,69000,0,0.87813157,1
train,60,data_60.csv,onset_leak,60_93_116,24,93,116,55800,69600,0,0.8809762,1
train,60,data_60.csv,onset_leak,60_94_117,24,94,117,56400,70200,0,0.86350614,1
train,60,data_60.csv,onset_leak,60_95_118,24,95,118,57000,70800,0,0.8600831,1
train,60,data_60.csv,onset_leak,60_96_119,24,96,119,57600,71400,0,0.86125576,1
train,60,data_60.csv,onset_leak,60_97_120,24,97,120,58200,72000,0,0.79344094,1
train,60,data_60.csv,onset_leak,60_98_121,24,98,121,58800,72600,0,0.37143734,0
train,60,data_60.csv,onset_leak,60_99_122,24,99,122,59400,73200,0,0.28710663,0
train,60,data_60.csv,onset_leak,60_100_123,24,100,123,60000,73800,0,0.17741214,0
train,60,data_60.csv,onset_leak,60_101_124,24,101,124,60600,74400,0,0.14891185,0
train,60,data_60.csv,onset_leak,60_102_125,24,102,125,61200,75000,0,0.091755256,0
train,60,data_60.csv,onset_leak,60_103_126,24,103,126,61800,75600,0,0.050086264,0
train,60,data_60.csv,onset_leak,60_104_127,24,104,127,62400,76200,0,0.019527111,0
train,60,data_60.csv,onset_leak,60_105_128,24,105,128,63000,76800,0,0.017290061,0
train,60,data_60.csv,onset_leak,60_106_129,24,106,129,63600,77400,0,0.010971259,0
train,60,data_60.csv,onset_leak,60_107_130,24,107,130,64200,78000,0,0.012974203,0
train,60,data_60.csv,onset_leak,60_108_131,24,108,131,64800,78600,0,0.012067921,0
train,60,data_60.csv,onset_leak,60_109_132,24,109,132,65400,79200,0,0.0072996435,0
train,60,data_60.csv,onset_leak,60_110_133,24,110,133,66000,79800,0,0.0050252588,0
train,60,data_60.csv,onset_leak,60_111_134,24,111,134,66600,80400,0,0.0036228418,0
train,60,data_60.csv,onset_leak,60_112_135,24,112,135,67200,81000,0,0.002781311,0
train,60,data_60.csv,onset_leak,60_113_136,24,113,136,67800,81600,0,0.0022225112,0
train,60,data_60.csv,onset_leak,60_114_137,24,114,137,68400,82200,0,0.0020233768,0
train,60,data_60.csv,onset_leak,60_115_138,24,115,138,69000,82800,0,0.0012568203,0
train,60,data_60.csv,onset_leak,60_116_139,24,116,139,69600,83400,0,0.00085194217,0
train,60,data_60.csv,onset_leak,60_117_140,24,117,140,70200,84000,0,0.00026766778,0
train,60,data_60.csv,onset_leak,60_118_141,24,118,141,70800,84600,0,0.0001139232,0
train,60,data_60.csv,onset_leak,60_119_142,24,119,142,71400,85200,0,3.7502596e-05,0
train,60,data_60.csv,onset_leak,60_120_143,24,120,143,72000,85800,0,1.5545676e-05,0
train,60,data_60.csv,onset_leak,60_121_144,24,121,144,72600,86400,0,9.67786e-06,0
val,5,data_5.csv,normal,5_0_23,24,0,23,0,13800,0,7.833444e-09,0
val,5,data_5.csv,normal,5_1_24,24,1,24,600,14400,0,7.578429e-09,0
val,5,data_5.csv,normal,5_2_25,24,2,25,1200,15000,0,7.490609e-09,0
val,5,data_5.csv,normal,5_3_26,24,3,26,1800,15600,0,6.9093646e-09,0
val,5,data_5.csv,normal,5_4_27,24,4,27,2400,16200,0,6.458171e-09,0
val,5,data_5.csv,normal,5_5_28,24,5,28,3000,16800,0,6.0064194e-09,0
val,5,data_5.csv,normal,5_6_29,24,6,29,3600,17400,0,5.566888e-09,0
val,5,data_5.csv,normal,5_7_30,24,7,30,4200,18000,0,9.1937356e-09,0
val,5,data_5.csv,normal,5_8_31,24,8,31,4800,18600,0,1.3390232e-08,0
val,5,data_5.csv,normal,5_9_32,24,9,32,5400,19200,0,1.6766245e-08,0
val,5,data_5.csv,normal,5_10_33,24,10,33,6000,19800,0,1.653883e-08,0
val,5,data_5.csv,normal,5_11_34,24,11,34,6600,20400,0,1.716797e-08,0
val,5,data_5.csv,normal,5_12_35,24,12,35,7200,21000,0,1.6039037e-08,0
val,5,data_5.csv,normal,5_13_36,24,13,36,7800,21600,0,2.3172948e-08,0
val,5,data_5.csv,normal,5_14_37,24,14,37,8400,22200,0,2.9020793e-08,0
val,5,data_5.csv,normal,5_15_38,24,15,38,9000,22800,0,3.8099778e-08,0
val,5,data_5.csv,normal,5_16_39,24,16,39,9600,23400,0,3.5759694e-08,0
val,5,data_5.csv,normal,5_17_40,24,17,40,10200,24000,0,4.0631253e-08,0
val,5,data_5.csv,normal,5_18_41,24,18,41,10800,24600,0,4.0170143e-08,0
val,5,data_5.csv,normal,5_19_42,24,19,42,11400,25200,0,6.045454e-08,0
val,5,data_5.csv,normal,5_20_43,24,20,43,12000,25800,0,6.798552e-08,0
val,5,data_5.csv,normal,5_21_44,24,21,44,12600,26400,0,9.0686044e-08,0
val,5,data_5.csv,normal,5_22_45,24,22,45,13200,27000,0,9.145276e-08,0
val,5,data_5.csv,normal,5_23_46,24,23,46,13800,27600,0,1.0734556e-07,0
val,5,data_5.csv,normal,5_24_47,24,24,47,14400,28200,0,1.07605075e-07,0
val,5,data_5.csv,normal,5_25_48,24,25,48,15000,28800,0,1.5359555e-07,0
val,5,data_5.csv,normal,5_26_49,24,26,49,15600,29400,0,1.8272445e-07,0
val,5,data_5.csv,normal,5_27_50,24,27,50,16200,30000,0,3.2610953e-07,0
val,5,data_5.csv,normal,5_28_51,24,28,51,16800,30600,0,4.725789e-07,0
val,5,data_5.csv,normal,5_29_52,24,29,52,17400,31200,0,7.602892e-07,0
val,5,data_5.csv,normal,5_30_53,24,30,53,18000,31800,0,1.1696711e-06,0
val,5,data_5.csv,normal,5_31_54,24,31,54,18600,32400,0,2.558914e-06,0
val,5,data_5.csv,normal,5_32_55,24,32,55,19200,33000,0,4.2757006e-06,0
val,5,data_5.csv,normal,5_33_56,24,33,56,19800,33600,0,9.585484e-06,0
val,5,data_5.csv,normal,5_34_57,24,34,57,20400,34200,0,1.4461574e-05,0
val,5,data_5.csv,normal,5_35_58,24,35,58,21000,34800,0,2.5049678e-05,0
val,5,data_5.csv,normal,5_36_59,24,36,59,21600,35400,0,3.6958463e-05,0
val,5,data_5.csv,normal,5_37_60,24,37,60,22200,36000,0,0.00010662298,0
val,5,data_5.csv,normal,5_38_61,24,38,61,22800,36600,0,0.00020802188,0
val,5,data_5.csv,normal,5_39_62,24,39,62,23400,37200,0,0.0005614335,0
val,5,data_5.csv,normal,5_40_63,24,40,63,24000,37800,0,0.0007902846,0
val,5,data_5.csv,normal,5_41_64,24,41,64,24600,38400,0,0.0015176227,0
val,5,data_5.csv,normal,5_42_65,24,42,65,25200,39000,0,0.002281422,0
val,5,data_5.csv,normal,5_43_66,24,43,66,25800,39600,0,0.007480744,0
val,5,data_5.csv,normal,5_44_67,24,44,67,26400,40200,0,0.011467613,0
val,5,data_5.csv,normal,5_45_68,24,45,68,27000,40800,0,0.023200404,0
val,5,data_5.csv,normal,5_46_69,24,46,69,27600,41400,0,0.024671,0
val,5,data_5.csv,normal,5_47_70,24,47,70,28200,42000,0,0.04191141,0
val,5,data_5.csv,normal,5_48_71,24,48,71,28800,42600,0,0.044723175,0
val,5,data_5.csv,normal,5_49_72,24,49,72,29400,43200,0,0.05294053,0
val,5,data_5.csv,normal,5_50_73,24,50,73,30000,43800,0,0.034885198,0
val,5,data_5.csv,normal,5_51_74,24,51,74,30600,44400,0,0.037953638,0
val,5,data_5.csv,normal,5_52_75,24,52,75,31200,45000,0,0.052464254,0
val,5,data_5.csv,normal,5_53_76,24,53,76,31800,45600,0,0.07751642,0
val,5,data_5.csv,normal,5_54_77,24,54,77,32400,46200,0,0.09084385,0
val,5,data_5.csv,normal,5_55_78,24,55,78,33000,46800,0,0.054642368,0
val,5,data_5.csv,normal,5_56_79,24,56,79,33600,47400,0,0.033664193,0
val,5,data_5.csv,normal,5_57_80,24,57,80,34200,48000,0,0.03378643,0
val,5,data_5.csv,normal,5_58_81,24,58,81,34800,48600,0,0.061614703,0
val,5,data_5.csv,normal,5_59_82,24,59,82,35400,49200,0,0.062388804,0
val,5,data_5.csv,normal,5_60_83,24,60,83,36000,49800,0,0.081540786,0
val,5,data_5.csv,normal,5_61_84,24,61,84,36600,50400,0,0.06649404,0
val,5,data_5.csv,normal,5_62_85,24,62,85,37200,51000,0,0.05103249,0
val,5,data_5.csv,normal,5_63_86,24,63,86,37800,51600,0,0.052506138,0
val,5,data_5.csv,normal,5_64_87,24,64,87,38400,52200,0,0.05987809,0
val,5,data_5.csv,normal,5_65_88,24,65,88,39000,52800,0,0.07821344,0
val,5,data_5.csv,normal,5_66_89,24,66,89,39600,53400,0,0.15491046,0
val,5,data_5.csv,normal,5_67_90,24,67,90,40200,54000,0,0.14743786,0
val,5,data_5.csv,normal,5_68_91,24,68,91,40800,54600,0,0.14196874,0
val,5,data_5.csv,normal,5_69_92,24,69,92,41400,55200,0,0.20138355,0
val,5,data_5.csv,normal,5_70_93,24,70,93,42000,55800,0,0.21404804,0
val,5,data_5.csv,normal,5_71_94,24,71,94,42600,56400,0,0.28343806,0
val,5,data_5.csv,normal,5_72_95,24,72,95,43200,57000,0,0.3597317,0
val,5,data_5.csv,normal,5_73_96,24,73,96,43800,57600,0,0.3865702,0
val,5,data_5.csv,normal,5_74_97,24,74,97,44400,58200,0,0.39552778,0
val,5,data_5.csv,normal,5_75_98,24,75,98,45000,58800,0,0.42173082,0
val,5,data_5.csv,normal,5_76_99,24,76,99,45600,59400,0,0.46705413,0
val,5,data_5.csv,normal,5_77_100,24,77,100,46200,60000,0,0.48746768,0
val,5,data_5.csv,normal,5_78_101,24,78,101,46800,60600,0,0.49892798,0
val,5,data_5.csv,normal,5_79_102,24,79,102,47400,61200,0,0.5535631,0
val,5,data_5.csv,normal,5_80_103,24,80,103,48000,61800,0,0.58794326,0
val,5,data_5.csv,normal,5_81_104,24,81,104,48600,62400,0,0.5923596,0
val,5,data_5.csv,normal,5_82_105,24,82,105,49200,63000,0,0.59326404,0
val,5,data_5.csv,normal,5_83_106,24,83,106,49800,63600,0,0.594718,0
val,5,data_5.csv,normal,5_84_107,24,84,107,50400,64200,0,0.5746201,0
val,5,data_5.csv,normal,5_85_108,24,85,108,51000,64800,0,0.58749104,0
val,5,data_5.csv,normal,5_86_109,24,86,109,51600,65400,0,0.57709265,0
val,5,data_5.csv,normal,5_87_110,24,87,110,52200,66000,0,0.55673075,0
val,5,data_5.csv,normal,5_88_111,24,88,111,52800,66600,0,0.5471532,0
val,5,data_5.csv,normal,5_89_112,24,89,112,53400,67200,0,0.5501837,0
val,5,data_5.csv,normal,5_90_113,24,90,113,54000,67800,0,0.4985244,0
val,5,data_5.csv,normal,5_91_114,24,91,114,54600,68400,0,0.3697975,0
val,5,data_5.csv,normal,5_92_115,24,92,115,55200,69000,0,0.2713194,0
val,5,data_5.csv,normal,5_93_116,24,93,116,55800,69600,0,0.18920453,0
val,5,data_5.csv,normal,5_94_117,24,94,117,56400,70200,0,0.16882488,0
val,5,data_5.csv,normal,5_95_118,24,95,118,57000,70800,0,0.15692888,0
val,5,data_5.csv,normal,5_96_119,24,96,119,57600,71400,0,0.15242276,0
val,5,data_5.csv,normal,5_97_120,24,97,120,58200,72000,0,0.087495595,0
val,5,data_5.csv,normal,5_98_121,24,98,121,58800,72600,0,0.033909447,0
val,5,data_5.csv,normal,5_99_122,24,99,122,59400,73200,0,0.01585437,0
val,5,data_5.csv,normal,5_100_123,24,100,123,60000,73800,0,0.011628291,0
val,5,data_5.csv,normal,5_101_124,24,101,124,60600,74400,0,0.012046219,0
val,5,data_5.csv,normal,5_102_125,24,102,125,61200,75000,0,0.017351948,0
val,5,data_5.csv,normal,5_103_126,24,103,126,61800,75600,0,0.0066689528,0
val,5,data_5.csv,normal,5_104_127,24,104,127,62400,76200,0,0.0016678775,0
val,5,data_5.csv,normal,5_105_128,24,105,128,63000,76800,0,0.001102723,0
val,5,data_5.csv,normal,5_106_129,24,106,129,63600,77400,0,0.0008480343,0
val,5,data_5.csv,normal,5_107_130,24,107,130,64200,78000,0,0.0010887588,0
val,5,data_5.csv,normal,5_108_131,24,108,131,64800,78600,0,0.0018010366,0
val,5,data_5.csv,normal,5_109_132,24,109,132,65400,79200,0,0.0013357047,0
val,5,data_5.csv,normal,5_110_133,24,110,133,66000,79800,0,0.0012097964,0
val,5,data_5.csv,normal,5_111_134,24,111,134,66600,80400,0,0.0015494182,0
val,5,data_5.csv,normal,5_112_135,24,112,135,67200,81000,0,0.0016787794,0
val,5,data_5.csv,normal,5_113_136,24,113,136,67800,81600,0,0.0020063987,0
val,5,data_5.csv,normal,5_114_137,24,114,137,68400,82200,0,0.0023161154,0
val,5,data_5.csv,normal,5_115_138,24,115,138,69000,82800,0,0.0023814067,0
val,5,data_5.csv,normal,5_116_139,24,116,139,69600,83400,0,0.0032265931,0
val,5,data_5.csv,normal,5_117_140,24,117,140,70200,84000,0,0.0022288212,0
val,5,data_5.csv,normal,5_118_141,24,118,141,70800,84600,0,0.0010421809,0
val,5,data_5.csv,normal,5_119_142,24,119,142,71400,85200,0,0.00035223944,0
val,5,data_5.csv,normal,5_120_143,24,120,143,72000,85800,0,0.00012281562,0
val,5,data_5.csv,normal,5_121_144,24,121,144,72600,86400,0,7.598689e-05,0
val,10,data_10.csv,normal,10_0_23,24,0,23,0,13800,0,6.2895154e-08,0
val,10,data_10.csv,normal,10_1_24,24,1,24,600,14400,0,5.8220124e-08,0
val,10,data_10.csv,normal,10_2_25,24,2,25,1200,15000,0,5.665784e-08,0
val,10,data_10.csv,normal,10_3_26,24,3,26,1800,15600,0,4.692587e-08,0
val,10,data_10.csv,normal,10_4_27,24,4,27,2400,16200,0,4.0084267e-08,0
val,10,data_10.csv,normal,10_5_28,24,5,28,3000,16800,0,3.3844916e-08,0
val,10,data_10.csv,normal,10_6_29,24,6,29,3600,17400,0,2.8345715e-08,0
val,10,data_10.csv,normal,10_7_30,24,7,30,4200,18000,0,2.7367232e-08,0
val,10,data_10.csv,normal,10_8_31,24,8,31,4800,18600,0,2.696906e-08,0
val,10,data_10.csv,normal,10_9_32,24,9,32,5400,19200,0,2.3586718e-08,0
val,10,data_10.csv,normal,10_10_33,24,10,33,6000,19800,0,2.0558268e-08,0
val,10,data_10.csv,normal,10_11_34,24,11,34,6600,20400,0,1.807853e-08,0
val,10,data_10.csv,normal,10_12_35,24,12,35,7200,21000,0,1.5558175e-08,0
val,10,data_10.csv,normal,10_13_36,24,13,36,7800,21600,0,1.5110565e-08,0
val,10,data_10.csv,normal,10_14_37,24,14,37,8400,22200,0,1.4661314e-08,0
val,10,data_10.csv,normal,10_15_38,24,15,38,9000,22800,0,1.3371295e-08,0
val,10,data_10.csv,normal,10_16_39,24,16,39,9600,23400,0,1.21362165e-08,0
val,10,data_10.csv,normal,10_17_40,24,17,40,10200,24000,0,1.115425e-08,0
val,10,data_10.csv,normal,10_18_41,24,18,41,10800,24600,0,1.0054217e-08,0
val,10,data_10.csv,normal,10_19_42,24,19,42,11400,25200,0,9.962626e-09,0
val,10,data_10.csv,normal,10_20_43,24,20,43,12000,25800,0,9.802054e-09,0
val,10,data_10.csv,normal,10_21_44,24,21,44,12600,26400,0,9.4612185e-09,0
val,10,data_10.csv,normal,10_22_45,24,22,45,13200,27000,0,9.1361185e-09,0
val,10,data_10.csv,normal,10_23_46,24,23,46,13800,27600,0,8.850825e-09,0
val,10,data_10.csv,normal,10_24_47,24,24,47,14400,28200,0,8.504469e-09,0
val,10,data_10.csv,normal,10_25_48,24,25,48,15000,28800,0,8.504469e-09,0
val,10,data_10.csv,normal,10_26_49,24,26,49,15600,29400,0,8.504469e-09,0
val,10,data_10.csv,normal,10_27_50,24,27,50,16200,30000,0,8.504469e-09,0
val,10,data_10.csv,normal,10_28_51,24,28,51,16800,30600,0,8.504469e-09,0
val,10,data_10.csv,normal,10_29_52,24,29,52,17400,31200,0,8.504469e-09,0
val,10,data_10.csv,normal,10_30_53,24,30,53,18000,31800,0,8.504469e-09,0
val,10,data_10.csv,normal,10_31_54,24,31,54,18600,32400,0,3.3482017e-08,0
val,10,data_10.csv,normal,10_32_55,24,32,55,19200,33000,0,9.3235684e-08,0
val,10,data_10.csv,normal,10_33_56,24,33,56,19800,33600,0,1.9234703e-07,0
val,10,data_10.csv,normal,10_34_57,24,34,57,20400,34200,0,2.0276332e-07,0
val,10,data_10.csv,normal,10_35_58,24,35,58,21000,34800,0,2.57229e-07,0
val,10,data_10.csv,normal,10_36_59,24,36,59,21600,35400,0,2.387391e-07,0
val,10,data_10.csv,normal,10_37_60,24,37,60,22200,36000,0,2.4946646e-06,0
val,10,data_10.csv,normal,10_38_61,24,38,61,22800,36600,0,1.1378031e-05,0
val,10,data_10.csv,normal,10_39_62,24,39,62,23400,37200,0,4.503583e-05,0
val,10,data_10.csv,normal,10_40_63,24,40,63,24000,37800,0,3.8972863e-05,0
val,10,data_10.csv,normal,10_41_64,24,41,64,24600,38400,0,7.76354e-05,0
val,10,data_10.csv,normal,10_42_65,24,42,65,25200,39000,0,7.429264e-05,0
val,10,data_10.csv,normal,10_43_66,24,43,66,25800,39600,0,0.00024751638,0
val,10,data_10.csv,normal,10_44_67,24,44,67,26400,40200,0,0.00019835964,0
val,10,data_10.csv,normal,10_45_68,24,45,68,27000,40800,0,0.0003312221,0
val,10,data_10.csv,normal,10_46_69,24,46,69,27600,41400,0,0.00028719724,0
val,10,data_10.csv,normal,10_47_70,24,47,70,28200,42000,0,0.0003939275,0
val,10,data_10.csv,normal,10_48_71,24,48,71,28800,42600,0,0.0002851662,0
val,10,data_10.csv,normal,10_49_72,24,49,72,29400,43200,0,0.00019309255,0
val,10,data_10.csv,normal,10_50_73,24,50,73,30000,43800,0,7.106351e-05,0
val,10,data_10.csv,normal,10_51_74,24,51,74,30600,44400,0,6.491732e-05,0
val,10,data_10.csv,normal,10_52_75,24,52,75,31200,45000,0,0.00017863321,0
val,10,data_10.csv,normal,10_53_76,24,53,76,31800,45600,0,0.00032442255,0
val,10,data_10.csv,normal,10_54_77,24,54,77,32400,46200,0,0.0008164603,0
val,10,data_10.csv,normal,10_55_78,24,55,78,33000,46800,0,0.0008766033,0
val,10,data_10.csv,normal,10_56_79,24,56,79,33600,47400,0,0.00160498,0
val,10,data_10.csv,normal,10_57_80,24,57,80,34200,48000,0,0.0040515354,0
val,10,data_10.csv,normal,10_58_81,24,58,81,34800,48600,0,0.017368346,0
val,10,data_10.csv,normal,10_59_82,24,59,82,35400,49200,0,0.036408387,0
val,10,data_10.csv,normal,10_60_83,24,60,83,36000,49800,0,0.08584124,0
val,10,data_10.csv,normal,10_61_84,24,61,84,36600,50400,0,0.07444986,0
val,10,data_10.csv,normal,10_62_85,24,62,85,37200,51000,0,0.058755867,0
val,10,data_10.csv,normal,10_63_86,24,63,86,37800,51600,0,0.07350912,0
val,10,data_10.csv,normal,10_64_87,24,64,87,38400,52200,0,0.08260944,0
val,10,data_10.csv,normal,10_65_88,24,65,88,39000,52800,0,0.12349463,0
val,10,data_10.csv,normal,10_66_89,24,66,89,39600,53400,0,0.26091102,0
val,10,data_10.csv,normal,10_67_90,24,67,90,40200,54000,0,0.30042306,0
val,10,data_10.csv,normal,10_68_91,24,68,91,40800,54600,0,0.37952614,0
val,10,data_10.csv,normal,10_69_92,24,69,92,41400,55200,0,0.40816402,0
val,10,data_10.csv,normal,10_70_93,24,70,93,42000,55800,0,0.44658366,0
val,10,data_10.csv,normal,10_71_94,24,71,94,42600,56400,0,0.45051295,0
val,10,data_10.csv,normal,10_72_95,24,72,95,43200,57000,0,0.4838952,0
val,10,data_10.csv,normal,10_73_96,24,73,96,43800,57600,0,0.60891175,1
val,10,data_10.csv,normal,10_74_97,24,74,97,44400,58200,0,0.70283055,1
val,10,data_10.csv,normal,10_75_98,24,75,98,45000,58800,0,0.7096655,1
val,10,data_10.csv,normal,10_76_99,24,76,99,45600,59400,0,0.73884666,1
val,10,data_10.csv,normal,10_77_100,24,77,100,46200,60000,0,0.7570525,1
val,10,data_10.csv,normal,10_78_101,24,78,101,46800,60600,0,0.77165717,1
val,10,data_10.csv,normal,10_79_102,24,79,102,47400,61200,0,0.8627672,1
val,10,data_10.csv,normal,10_80_103,24,80,103,48000,61800,0,0.89950335,1
val,10,data_10.csv,normal,10_81_104,24,81,104,48600,62400,0,0.903873,1
val,10,data_10.csv,normal,10_82_105,24,82,105,49200,63000,0,0.90263563,1
val,10,data_10.csv,normal,10_83_106,24,83,106,49800,63600,0,0.91229916,1
val,10,data_10.csv,normal,10_84_107,24,84,107,50400,64200,0,0.8969995,1
val,10,data_10.csv,normal,10_85_108,24,85,108,51000,64800,0,0.9189675,1
val,10,data_10.csv,normal,10_86_109,24,86,109,51600,65400,0,0.9309428,1
val,10,data_10.csv,normal,10_87_110,24,87,110,52200,66000,0,0.9135312,1
val,10,data_10.csv,normal,10_88_111,24,88,111,52800,66600,0,0.8923697,1
val,10,data_10.csv,normal,10_89_112,24,89,112,53400,67200,0,0.8916633,1
val,10,data_10.csv,normal,10_90_113,24,90,113,54000,67800,0,0.8679131,1
val,10,data_10.csv,normal,10_91_114,24,91,114,54600,68400,0,0.6253869,1
val,10,data_10.csv,normal,10_92_115,24,92,115,55200,69000,0,0.31929654,0
val,10,data_10.csv,normal,10_93_116,24,93,116,55800,69600,0,0.20472707,0
val,10,data_10.csv,normal,10_94_117,24,94,117,56400,70200,0,0.13177755,0
val,10,data_10.csv,normal,10_95_118,24,95,118,57000,70800,0,0.20199199,0
val,10,data_10.csv,normal,10_96_119,24,96,119,57600,71400,0,0.32529247,0
val,10,data_10.csv,normal,10_97_120,24,97,120,58200,72000,0,0.12007191,0
val,10,data_10.csv,normal,10_98_121,24,98,121,58800,72600,0,0.004064569,0
val,10,data_10.csv,normal,10_99_122,24,99,122,59400,73200,0,0.0023031312,0
val,10,data_10.csv,normal,10_100_123,24,100,123,60000,73800,0,0.0015500461,0
val,10,data_10.csv,normal,10_101_124,24,101,124,60600,74400,0,0.0041012242,0
val,10,data_10.csv,normal,10_102_125,24,102,125,61200,75000,0,0.009648581,0
val,10,data_10.csv,normal,10_103_126,24,103,126,61800,75600,0,0.006760629,0
val,10,data_10.csv,normal,10_104_127,24,104,127,62400,76200,0,0.004313406,0
val,10,data_10.csv,normal,10_105_128,24,105,128,63000,76800,0,0.015739363,0
val,10,data_10.csv,normal,10_106_129,24,106,129,63600,77400,0,0.020482643,0
val,10,data_10.csv,normal,10_107_130,24,107,130,64200,78000,0,0.050595995,0
val,10,data_10.csv,normal,10_108_131,24,108,131,64800,78600,0,0.07169101,0
val,10,data_10.csv,normal,10_109_132,24,109,132,65400,79200,0,0.046053275,0
val,10,data_10.csv,normal,10_110_133,24,110,133,66000,79800,0,0.057753105,0
val,10,data_10.csv,normal,10_111_134,24,111,134,66600,80400,0,0.05491172,0
val,10,data_10.csv,normal,10_112_135,24,112,135,67200,81000,0,0.057841696,0
val,10,data_10.csv,normal,10_113_136,24,113,136,67800,81600,0,0.036796656,0
val,10,data_10.csv,normal,10_114_137,24,114,137,68400,82200,0,0.039122667,0
val,10,data_10.csv,normal,10_115_138,24,115,138,69000,82800,0,0.04577489,0
val,10,data_10.csv,normal,10_116_139,24,116,139,69600,83400,0,0.03300715,0
val,10,data_10.csv,normal,10_117_140,24,117,140,70200,84000,0,0.0048948242,0
val,10,data_10.csv,normal,10_118_141,24,118,141,70800,84600,0,0.0007013695,0
val,10,data_10.csv,normal,10_119_142,24,119,142,71400,85200,0,9.696753e-05,0
val,10,data_10.csv,normal,10_120_143,24,120,143,72000,85800,0,8.811271e-06,0
val,10,data_10.csv,normal,10_121_144,24,121,144,72600,86400,0,5.975574e-06,0
val,11,data_11.csv,persistent_leak,11_0_23,24,0,23,0,13800,0,1.5833183e-10,0
val,11,data_11.csv,persistent_leak,11_1_24,24,1,24,600,14400,0,6.93561e-10,0
val,11,data_11.csv,persistent_leak,11_2_25,24,2,25,1200,15000,0,2.3377547e-09,0
val,11,data_11.csv,persistent_leak,11_3_26,24,3,26,1800,15600,0,5.446796e-09,0
val,11,data_11.csv,persistent_leak,11_4_27,24,4,27,2400,16200,0,5.8652776e-09,0
val,11,data_11.csv,persistent_leak,11_5_28,24,5,28,3000,16800,0,7.686328e-09,0
val,11,data_11.csv,persistent_leak,11_6_29,24,6,29,3600,17400,0,7.3518245e-09,0
val,11,data_11.csv,persistent_leak,11_7_30,24,7,30,4200,18000,0,2.2925613e-08,0
val,11,data_11.csv,persistent_leak,11_8_31,24,8,31,4800,18600,0,4.035953e-08,0
val,11,data_11.csv,persistent_leak,11_9_32,24,9,32,5400,19200,0,7.90168e-08,0
val,11,data_11.csv,persistent_leak,11_10_33,24,10,33,6000,19800,0,5.567527e-08,0
val,11,data_11.csv,persistent_leak,11_11_34,24,11,34,6600,20400,0,7.4384324e-08,0
val,11,data_11.csv,persistent_leak,11_12_35,24,12,35,7200,21000,0,6.487384e-08,0
val,11,data_11.csv,persistent_leak,11_13_36,24,13,36,7800,21600,0,9.641904e-08,0
val,11,data_11.csv,persistent_leak,11_14_37,24,14,37,8400,22200,0,7.095771e-08,0
val,11,data_11.csv,persistent_leak,11_15_38,24,15,38,9000,22800,0,9.546856e-08,0
val,11,data_11.csv,persistent_leak,11_16_39,24,16,39,9600,23400,0,9.3754984e-08,0
val,11,data_11.csv,persistent_leak,11_17_40,24,17,40,10200,24000,0,1.2948642e-07,0
val,11,data_11.csv,persistent_leak,11_18_41,24,18,41,10800,24600,0,1.1680309e-07,0
val,11,data_11.csv,persistent_leak,11_19_42,24,19,42,11400,25200,0,2.5720374e-07,0
val,11,data_11.csv,persistent_leak,11_20_43,24,20,43,12000,25800,0,4.542195e-07,0
val,11,data_11.csv,persistent_leak,11_21_44,24,21,44,12600,26400,0,1.5069141e-06,0
val,11,data_11.csv,persistent_leak,11_22_45,24,22,45,13200,27000,0,5.1294123e-06,0
val,11,data_11.csv,persistent_leak,11_23_46,24,23,46,13800,27600,0,1.650137e-05,0
val,11,data_11.csv,persistent_leak,11_24_47,24,24,47,14400,28200,0,5.36096e-05,0
val,11,data_11.csv,persistent_leak,11_25_48,24,25,48,15000,28800,0,0.00021730001,0
val,11,data_11.csv,persistent_leak,11_26_49,24,26,49,15600,29400,0,0.0008321496,0
val,11,data_11.csv,persistent_leak,11_27_50,24,27,50,16200,30000,0,0.003685788,0
val,11,data_11.csv,persistent_leak,11_28_51,24,28,51,16800,30600,0,0.009081587,0
val,11,data_11.csv,persistent_leak,11_29_52,24,29,52,17400,31200,0,0.036531374,0
val,11,data_11.csv,persistent_leak,11_30_53,24,30,53,18000,31800,0,0.10517398,0
val,11,data_11.csv,persistent_leak,11_31_54,24,31,54,18600,32400,0,0.012548642,0
val,11,data_11.csv,persistent_leak,11_32_55,24,32,55,19200,33000,0,0.0020840396,0
val,11,data_11.csv,persistent_leak,11_33_56,24,33,56,19800,33600,0,0.00088967296,0
val,11,data_11.csv,persistent_leak,11_34_57,24,34,57,20400,34200,0,0.0010108169,0
val,11,data_11.csv,persistent_leak,11_35_58,24,35,58,21000,34800,0,0.0012613721,0
val,11,data_11.csv,persistent_leak,11_36_59,24,36,59,21600,35400,0,0.0028249465,0
val,11,data_11.csv,persistent_leak,11_37_60,24,37,60,22200,36000,0,0.0032336924,0
val,11,data_11.csv,persistent_leak,11_38_61,24,38,61,22800,36600,0,0.002593302,0
val,11,data_11.csv,persistent_leak,11_39_62,24,39,62,23400,37200,0,0.0021742801,0
val,11,data_11.csv,persistent_leak,11_40_63,24,40,63,24000,37800,0,0.004433268,0
val,11,data_11.csv,persistent_leak,11_41_64,24,41,64,24600,38400,0,0.005282549,0
val,11,data_11.csv,persistent_leak,11_42_65,24,42,65,25200,39000,0,0.005885235,0
val,11,data_11.csv,persistent_leak,11_43_66,24,43,66,25800,39600,0,0.0052728388,0
val,11,data_11.csv,persistent_leak,11_44_67,24,44,67,26400,40200,0,0.011298914,0
val,11,data_11.csv,persistent_leak,11_45_68,24,45,68,27000,40800,0,0.022173122,0
val,11,data_11.csv,persistent_leak,11_46_69,24,46,69,27600,41400,0,0.042283192,0
val,11,data_11.csv,persistent_leak,11_47_70,24,47,70,28200,42000,0,0.0640096,0
val,11,data_11.csv,persistent_leak,11_48_71,24,48,71,28800,42600,0,0.12343466,0
val,11,data_11.csv,persistent_leak,11_49_72,24,49,72,29400,43200,0,0.39226106,0
val,11,data_11.csv,persistent_leak,11_50_73,24,50,73,30000,43800,0,0.63488823,1
val,11,data_11.csv,persistent_leak,11_51_74,24,51,74,30600,44400,0,0.6884001,1
val,11,data_11.csv,persistent_leak,11_52_75,24,52,75,31200,45000,0,0.68756354,1
val,11,data_11.csv,persistent_leak,11_53_76,24,53,76,31800,45600,0,0.5902689,0
val,11,data_11.csv,persistent_leak,11_54_77,24,54,77,32400,46200,0,0.2975999,0
val,11,data_11.csv,persistent_leak,11_55_78,24,55,78,33000,46800,0,0.3908984,0
val,11,data_11.csv,persistent_leak,11_56_79,24,56,79,33600,47400,0,0.31474906,0
val,11,data_11.csv,persistent_leak,11_57_80,24,57,80,34200,48000,0,0.28553438,0
val,11,data_11.csv,persistent_leak,11_58_81,24,58,81,34800,48600,0,0.16532478,0
val,11,data_11.csv,persistent_leak,11_59_82,24,59,82,35400,49200,0,0.15810797,0
val,11,data_11.csv,persistent_leak,11_60_83,24,60,83,36000,49800,0,0.09477664,0
val,11,data_11.csv,persistent_leak,11_61_84,24,61,84,36600,50400,0,0.26193962,0
val,11,data_11.csv,persistent_leak,11_62_85,24,62,85,37200,51000,0,0.24646358,0
val,11,data_11.csv,persistent_leak,11_63_86,24,63,86,37800,51600,0,0.22055537,0
val,11,data_11.csv,persistent_leak,11_64_87,24,64,87,38400,52200,0,0.19579566,0
val,11,data_11.csv,persistent_leak,11_65_88,24,65,88,39000,52800,0,0.17205738,0
val,11,data_11.csv,persistent_leak,11_66_89,24,66,89,39600,53400,0,0.10324227,0
val,11,data_11.csv,persistent_leak,11_67_90,24,67,90,40200,54000,0,0.38834688,0
val,11,data_11.csv,persistent_leak,11_68_91,24,68,91,40800,54600,0,0.6521008,1
val,11,data_11.csv,persistent_leak,11_69_92,24,69,92,41400,55200,0,0.77286226,1
val,11,data_11.csv,persistent_leak,11_70_93,24,70,93,42000,55800,0,0.78371364,1
val,11,data_11.csv,persistent_leak,11_71_94,24,71,94,42600,56400,0,0.84644526,1
val,11,data_11.csv,persistent_leak,11_72_95,24,72,95,43200,57000,0,0.86655915,1
val,11,data_11.csv,persistent_leak,11_73_96,24,73,96,43800,57600,0,0.9156959,1
val,11,data_11.csv,persistent_leak,11_74_97,24,74,97,44400,58200,0,0.9394919,1
val,11,data_11.csv,persistent_leak,11_75_98,24,75,98,45000,58800,0,0.9333075,1
val,11,data_11.csv,persistent_leak,11_76_99,24,76,99,45600,59400,0,0.9256822,1
val,11,data_11.csv,persistent_leak,11_77_100,24,77,100,46200,60000,0,0.9377969,1
val,11,data_11.csv,persistent_leak,11_78_101,24,78,101,46800,60600,0,0.93250996,1
val,11,data_11.csv,persistent_leak,11_79_102,24,79,102,47400,61200,0,0.9527127,1
val,11,data_11.csv,persistent_leak,11_80_103,24,80,103,48000,61800,0,0.9696369,1
val,11,data_11.csv,persistent_leak,11_81_104,24,81,104,48600,62400,0,0.96397555,1
val,11,data_11.csv,persistent_leak,11_82_105,24,82,105,49200,63000,0,0.962478,1
val,11,data_11.csv,persistent_leak,11_83_106,24,83,106,49800,63600,0,0.9663833,1
val,11,data_11.csv,persistent_leak,11_84_107,24,84,107,50400,64200,0,0.96798295,1
val,11,data_11.csv,persistent_leak,11_85_108,24,85,108,51000,64800,0,0.96018565,1
val,11,data_11.csv,persistent_leak,11_86_109,24,86,109,51600,65400,0,0.9511466,1
val,11,data_11.csv,persistent_leak,11_87_110,24,87,110,52200,66000,0,0.9491832,1
val,11,data_11.csv,persistent_leak,11_88_111,24,88,111,52800,66600,0,0.95198464,1
val,11,data_11.csv,persistent_leak,11_89_112,24,89,112,53400,67200,0,0.9605081,1
val,11,data_11.csv,persistent_leak,11_90_113,24,90,113,54000,67800,0,0.96825904,1
val,11,data_11.csv,persistent_leak,11_91_114,24,91,114,54600,68400,0,0.9638443,1
val,11,data_11.csv,persistent_leak,11_92_115,24,92,115,55200,69000,0,0.9552317,1
val,11,data_11.csv,persistent_leak,11_93_116,24,93,116,55800,69600,0,0.95905995,1
val,11,data_11.csv,persistent_leak,11_94_117,24,94,117,56400,70200,0,0.959914,1
val,11,data_11.csv,persistent_leak,11_95_118,24,95,118,57000,70800,0,0.966462,1
val,11,data_11.csv,persistent_leak,11_96_119,24,96,119,57600,71400,0,0.97455376,1
val,11,data_11.csv,persistent_leak,11_97_120,24,97,120,58200,72000,0,0.951768,1
val,11,data_11.csv,persistent_leak,11_98_121,24,98,121,58800,72600,0,0.9048585,1
val,11,data_11.csv,persistent_leak,11_99_122,24,99,122,59400,73200,0,0.92241997,1
val,11,data_11.csv,persistent_leak,11_100_123,24,100,123,60000,73800,0,0.92428315,1
val,11,data_11.csv,persistent_leak,11_101_124,24,101,124,60600,74400,0,0.9422354,1
val,11,data_11.csv,persistent_leak,11_102_125,24,102,125,61200,75000,0,0.96008265,1
val,11,data_11.csv,persistent_leak,11_103_126,24,103,126,61800,75600,0,0.92438895,1
val,11,data_11.csv,persistent_leak,11_104_127,24,104,127,62400,76200,0,0.67640406,1
val,11,data_11.csv,persistent_leak,11_105_128,24,105,128,63000,76800,0,0.57698745,0
val,11,data_11.csv,persistent_leak,11_106_129,24,106,129,63600,77400,0,0.31449482,0
val,11,data_11.csv,persistent_leak,11_107_130,24,107,130,64200,78000,0,0.27836078,0
val,11,data_11.csv,persistent_leak,11_108_131,24,108,131,64800,78600,0,0.23610052,0
val,11,data_11.csv,persistent_leak,11_109_132,24,109,132,65400,79200,0,0.07873741,0
val,11,data_11.csv,persistent_leak,11_110_133,24,110,133,66000,79800,0,0.0075245276,0
val,11,data_11.csv,persistent_leak,11_111_134,24,111,134,66600,80400,0,0.008844052,0
val,11,data_11.csv,persistent_leak,11_112_135,24,112,135,67200,81000,0,0.0047582067,0
val,11,data_11.csv,persistent_leak,11_113_136,24,113,136,67800,81600,0,0.010747865,0
val,11,data_11.csv,persistent_leak,11_114_137,24,114,137,68400,82200,0,0.008342438,0
val,11,data_11.csv,persistent_leak,11_115_138,24,115,138,69000,82800,0,0.004363016,0
val,11,data_11.csv,persistent_leak,11_116_139,24,116,139,69600,83400,0,0.003943436,0
val,11,data_11.csv,persistent_leak,11_117_140,24,117,140,70200,84000,0,0.0036256418,0
val,11,data_11.csv,persistent_leak,11_118_141,24,118,141,70800,84600,0,0.0033759866,0
val,11,data_11.csv,persistent_leak,11_119_142,24,119,142,71400,85200,0,0.0027882643,0
val,11,data_11.csv,persistent_leak,11_120_143,24,120,143,72000,85800,0,0.0026493827,0
val,11,data_11.csv,persistent_leak,11_121_144,24,121,144,72600,86400,0,0.0020073107,0
val,13,data_13.csv,persistent_leak,13_0_23,24,0,23,0,13800,0,5.106778e-09,0
val,13,data_13.csv,persistent_leak,13_1_24,24,1,24,600,14400,0,5.4960636e-09,0
val,13,data_13.csv,persistent_leak,13_2_25,24,2,25,1200,15000,0,5.7263057e-09,0
val,13,data_13.csv,persistent_leak,13_3_26,24,3,26,1800,15600,0,6.211378e-09,0
val,13,data_13.csv,persistent_leak,13_4_27,24,4,27,2400,16200,0,6.4693038e-09,0
val,13,data_13.csv,persistent_leak,13_5_28,24,5,28,3000,16800,0,6.8558315e-09,0
val,13,data_13.csv,persistent_leak,13_6_29,24,6,29,3600,17400,0,7.168533e-09,0
val,13,data_13.csv,persistent_leak,13_7_30,24,7,30,4200,18000,0,1.28203315e-08,0
val,13,data_13.csv,persistent_leak,13_8_31,24,8,31,4800,18600,0,1.9571504e-08,0
val,13,data_13.csv,persistent_leak,13_9_32,24,9,32,5400,19200,0,2.8160878e-08,0
val,13,data_13.csv,persistent_leak,13_10_33,24,10,33,6000,19800,0,3.0866087e-08,0
val,13,data_13.csv,persistent_leak,13_11_34,24,11,34,6600,20400,0,3.6159694e-08,0
val,13,data_13.csv,persistent_leak,13_12_35,24,12,35,7200,21000,0,3.7584435e-08,0
val,13,data_13.csv,persistent_leak,13_13_36,24,13,36,7800,21600,0,5.8382582e-08,0
val,13,data_13.csv,persistent_leak,13_14_37,24,14,37,8400,22200,0,7.74901e-08,0
val,13,data_13.csv,persistent_leak,13_15_38,24,15,38,9000,22800,0,1.1644773e-07,0
val,13,data_13.csv,persistent_leak,13_16_39,24,16,39,9600,23400,0,1.2010237e-07,0
val,13,data_13.csv,persistent_leak,13_17_40,24,17,40,10200,24000,0,1.5200413e-07,0
val,13,data_13.csv,persistent_leak,13_18_41,24,18,41,10800,24600,0,1.664701e-07,0
val,13,data_13.csv,persistent_leak,13_19_42,24,19,42,11400,25200,0,2.776014e-07,0
val,13,data_13.csv,persistent_leak,13_20_43,24,20,43,12000,25800,0,3.3428677e-07,0
val,13,data_13.csv,persistent_leak,13_21_44,24,21,44,12600,26400,0,5.056545e-07,0
val,13,data_13.csv,persistent_leak,13_22_45,24,22,45,13200,27000,0,5.481948e-07,0
val,13,data_13.csv,persistent_leak,13_23_46,24,23,46,13800,27600,0,7.057741e-07,0
val,13,data_13.csv,persistent_leak,13_24_47,24,24,47,14400,28200,0,7.6561963e-07,0
val,13,data_13.csv,persistent_leak,13_25_48,24,25,48,15000,28800,0,1.244377e-06,0
val,13,data_13.csv,persistent_leak,13_26_49,24,26,49,15600,29400,0,1.6078449e-06,0
val,13,data_13.csv,persistent_leak,13_27_50,24,27,50,16200,30000,0,3.2720466e-06,0
val,13,data_13.csv,persistent_leak,13_28_51,24,28,51,16800,30600,0,5.016514e-06,0
val,13,data_13.csv,persistent_leak,13_29_52,24,29,52,17400,31200,0,8.807969e-06,0
val,13,data_13.csv,persistent_leak,13_30_53,24,30,53,18000,31800,0,1.44080805e-05,0
val,13,data_13.csv,persistent_leak,13_31_54,24,31,54,18600,32400,0,2.6633e-05,0
val,13,data_13.csv,persistent_leak,13_32_55,24,32,55,19200,33000,0,3.8113936e-05,0
val,13,data_13.csv,persistent_leak,13_33_56,24,33,56,19800,33600,0,8.3442945e-05,0
val,13,data_13.csv,persistent_leak,13_34_57,24,34,57,20400,34200,0,0.00013074723,0
val,13,data_13.csv,persistent_leak,13_35_58,24,35,58,21000,34800,0,0.00024032715,0
val,13,data_13.csv,persistent_leak,13_36_59,24,36,59,21600,35400,0,0.00037889465,0
val,13,data_13.csv,persistent_leak,13_37_60,24,37,60,22200,36000,0,0.0006831966,0
val,13,data_13.csv,persistent_leak,13_38_61,24,38,61,22800,36600,0,0.0009989172,0
val,13,data_13.csv,persistent_leak,13_39_62,24,39,62,23400,37200,0,0.00211692,0
val,13,data_13.csv,persistent_leak,13_40_63,24,40,63,24000,37800,0,0.003273267,0
val,13,data_13.csv,persistent_leak,13_41_64,24,41,64,24600,38400,0,0.0062972116,0
val,13,data_13.csv,persistent_leak,13_42_65,24,42,65,25200,39000,0,0.010196626,0
val,13,data_13.csv,persistent_leak,13_43_66,24,43,66,25800,39600,0,0.027957106,0
val,13,data_13.csv,persistent_leak,13_44_67,24,44,67,26400,40200,0,0.046044268,0
val,13,data_13.csv,persistent_leak,13_45_68,24,45,68,27000,40800,0,0.083184466,0
val,13,data_13.csv,persistent_leak,13_46_69,24,46,69,27600,41400,0,0.09679115,0
val,13,data_13.csv,persistent_leak,13_47_70,24,47,70,28200,42000,0,0.15058106,0
val,13,data_13.csv,persistent_leak,13_48_71,24,48,71,28800,42600,0,0.17780761,0
val,13,data_13.csv,persistent_leak,13_49_72,24,49,72,29400,43200,0,0.20352305,0
val,13,data_13.csv,persistent_leak,13_50_73,24,50,73,30000,43800,0,0.17705533,0
val,13,data_13.csv,persistent_leak,13_51_74,24,51,74,30600,44400,0,0.20771208,0
val,13,data_13.csv,persistent_leak,13_52_75,24,52,75,31200,45000,0,0.24156335,0
val,13,data_13.csv,persistent_leak,13_53_76,24,53,76,31800,45600,0,0.31070903,0
val,13,data_13.csv,persistent_leak,13_54_77,24,54,77,32400,46200,0,0.33088166,0
val,13,data_13.csv,persistent_leak,13_55_78,24,55,78,33000,46800,0,0.21084253,0
val,13,data_13.csv,persistent_leak,13_56_79,24,56,79,33600,47400,0,0.1276006,0
val,13,data_13.csv,persistent_leak,13_57_80,24,57,80,34200,48000,0,0.09569709,0
val,13,data_13.csv,persistent_leak,13_58_81,24,58,81,34800,48600,0,0.10470525,0
val,13,data_13.csv,persistent_leak,13_59_82,24,59,82,35400,49200,0,0.09245462,0
val,13,data_13.csv,persistent_leak,13_60_83,24,60,83,36000,49800,0,0.10092285,0
val,13,data_13.csv,persistent_leak,13_61_84,24,61,84,36600,50400,0,0.08201681,0
val,13,data_13.csv,persistent_leak,13_62_85,24,62,85,37200,51000,0,0.06812709,0
val,13,data_13.csv,persistent_leak,13_63_86,24,63,86,37800,51600,0,0.06416211,0
val,13,data_13.csv,persistent_leak,13_64_87,24,64,87,38400,52200,0,0.06959519,0
val,13,data_13.csv,persistent_leak,13_65_88,24,65,88,39000,52800,0,0.08191386,0
val,13,data_13.csv,persistent_leak,13_66_89,24,66,89,39600,53400,0,0.12736933,0
val,13,data_13.csv,persistent_leak,13_67_90,24,67,90,40200,54000,0,0.11494383,0
val,13,data_13.csv,persistent_leak,13_68_91,24,68,91,40800,54600,0,0.10241275,0
val,13,data_13.csv,persistent_leak,13_69_92,24,69,92,41400,55200,0,0.12843958,0
val,13,data_13.csv,persistent_leak,13_70_93,24,70,93,42000,55800,0,0.13974644,0
val,13,data_13.csv,persistent_leak,13_71_94,24,71,94,42600,56400,0,0.16552533,0
val,13,data_13.csv,persistent_leak,13_72_95,24,72,95,43200,57000,0,0.22388616,0
val,13,data_13.csv,persistent_leak,13_73_96,24,73,96,43800,57600,0,0.20205116,0
val,13,data_13.csv,persistent_leak,13_74_97,24,74,97,44400,58200,0,0.1746672,0
val,13,data_13.csv,persistent_leak,13_75_98,24,75,98,45000,58800,0,0.1661126,0
val,13,data_13.csv,persistent_leak,13_76_99,24,76,99,45600,59400,0,0.15317722,0
val,13,data_13.csv,persistent_leak,13_77_100,24,77,100,46200,60000,0,0.15518469,0
val,13,data_13.csv,persistent_leak,13_78_101,24,78,101,46800,60600,0,0.15808485,0
val,13,data_13.csv,persistent_leak,13_79_102,24,79,102,47400,61200,0,0.20595601,0
val,13,data_13.csv,persistent_leak,13_80_103,24,80,103,48000,61800,0,0.26256347,0
val,13,data_13.csv,persistent_leak,13_81_104,24,81,104,48600,62400,0,0.2985848,0
val,13,data_13.csv,persistent_leak,13_82_105,24,82,105,49200,63000,0,0.32481128,0
val,13,data_13.csv,persistent_leak,13_83_106,24,83,106,49800,63600,0,0.33853942,0
val,13,data_13.csv,persistent_leak,13_84_107,24,84,107,50400,64200,0,0.3444227,0
val,13,data_13.csv,persistent_leak,13_85_108,24,85,108,51000,64800,0,0.3731696,0
val,13,data_13.csv,persistent_leak,13_86_109,24,86,109,51600,65400,0,0.417986,0
val,13,data_13.csv,persistent_leak,13_87_110,24,87,110,52200,66000,0,0.44212237,0
val,13,data_13.csv,persistent_leak,13_88_111,24,88,111,52800,66600,0,0.44623262,0
val,13,data_13.csv,persistent_leak,13_89_112,24,89,112,53400,67200,0,0.45745936,0
val,13,data_13.csv,persistent_leak,13_90_113,24,90,113,54000,67800,0,0.4532697,0
val,13,data_13.csv,persistent_leak,13_91_114,24,91,114,54600,68400,0,0.49442685,0
val,13,data_13.csv,persistent_leak,13_92_115,24,92,115,55200,69000,0,0.4925231,0
val,13,data_13.csv,persistent_leak,13_93_116,24,93,116,55800,69600,0,0.4481526,0
val,13,data_13.csv,persistent_leak,13_94_117,24,94,117,56400,70200,0,0.38313097,0
val,13,data_13.csv,persistent_leak,13_95_118,24,95,118,57000,70800,0,0.327162,0
val,13,data_13.csv,persistent_leak,13_96_119,24,96,119,57600,71400,0,0.23812658,0
val,13,data_13.csv,persistent_leak,13_97_120,24,97,120,58200,72000,0,0.09926811,0
val,13,data_13.csv,persistent_leak,13_98_121,24,98,121,58800,72600,0,0.03978718,0
val,13,data_13.csv,persistent_leak,13_99_122,24,99,122,59400,73200,0,0.023805114,0
val,13,data_13.csv,persistent_leak,13_100_123,24,100,123,60000,73800,0,0.021622,0
val,13,data_13.csv,persistent_leak,13_101_124,24,101,124,60600,74400,0,0.019557953,0
val,13,data_13.csv,persistent_leak,13_102_125,24,102,125,61200,75000,0,0.023888174,0
val,13,data_13.csv,persistent_leak,13_103_126,24,103,126,61800,75600,0,0.004695938,0
val,13,data_13.csv,persistent_leak,13_104_127,24,104,127,62400,76200,0,0.0009833819,0
val,13,data_13.csv,persistent_leak,13_105_128,24,105,128,63000,76800,0,0.00037471022,0
val,13,data_13.csv,persistent_leak,13_106_129,24,106,129,63600,77400,0,0.0003458086,0
val,13,data_13.csv,persistent_leak,13_107_130,24,107,130,64200,78000,0,0.00028115322,0
val,13,data_13.csv,persistent_leak,13_108_131,24,108,131,64800,78600,0,0.000371051,0
val,13,data_13.csv,persistent_leak,13_109_132,24,109,132,65400,79200,0,0.0002651916,0
val,13,data_13.csv,persistent_leak,13_110_133,24,110,133,66000,79800,0,0.0002652508,0
val,13,data_13.csv,persistent_leak,13_111_134,24,111,134,66600,80400,0,0.00028727914,0
val,13,data_13.csv,persistent_leak,13_112_135,24,112,135,67200,81000,0,0.00034326038,0
val,13,data_13.csv,persistent_leak,13_113_136,24,113,136,67800,81600,0,0.00043789984,0
val,13,data_13.csv,persistent_leak,13_114_137,24,114,137,68400,82200,0,0.00060772686,0
val,13,data_13.csv,persistent_leak,13_115_138,24,115,138,69000,82800,0,0.0004427155,0
val,13,data_13.csv,persistent_leak,13_116_139,24,116,139,69600,83400,0,0.0004954788,0
val,13,data_13.csv,persistent_leak,13_117_140,24,117,140,70200,84000,0,0.0003051141,0
val,13,data_13.csv,persistent_leak,13_118_141,24,118,141,70800,84600,0,0.00015488177,0
val,13,data_13.csv,persistent_leak,13_119_142,24,119,142,71400,85200,0,8.736051e-05,0
val,13,data_13.csv,persistent_leak,13_120_143,24,120,143,72000,85800,0,5.3232667e-05,0
val,13,data_13.csv,persistent_leak,13_121_144,24,121,144,72600,86400,0,2.64063e-05,0
val,14,data_14.csv,persistent_leak,14_0_23,24,0,23,0,13800,0,3.1899425e-09,0
val,14,data_14.csv,persistent_leak,14_1_24,24,1,24,600,14400,0,3.3621763e-09,0
val,14,data_14.csv,persistent_leak,14_2_25,24,2,25,1200,15000,0,3.432003e-09,0
val,14,data_14.csv,persistent_leak,14_3_26,24,3,26,1800,15600,0,3.1805014e-09,0
val,14,data_14.csv,persistent_leak,14_4_27,24,4,27,2400,16200,0,2.7777571e-09,0
val,14,data_14.csv,persistent_leak,14_5_28,24,5,28,3000,16800,0,2.5133218e-09,0
val,14,data_14.csv,persistent_leak,14_6_29,24,6,29,3600,17400,0,2.1599058e-09,0
val,14,data_14.csv,persistent_leak,14_7_30,24,7,30,4200,18000,0,2.6932447e-09,0
val,14,data_14.csv,persistent_leak,14_8_31,24,8,31,4800,18600,0,3.078294e-09,0
val,14,data_14.csv,persistent_leak,14_9_32,24,9,32,5400,19200,0,3.399221e-09,0
val,14,data_14.csv,persistent_leak,14_10_33,24,10,33,6000,19800,0,3.2920748e-09,0
val,14,data_14.csv,persistent_leak,14_11_34,24,11,34,6600,20400,0,3.361311e-09,0
val,14,data_14.csv,persistent_leak,14_12_35,24,12,35,7200,21000,0,3.213582e-09,0
val,14,data_14.csv,persistent_leak,14_13_36,24,13,36,7800,21600,0,4.7348947e-09,0
val,14,data_14.csv,persistent_leak,14_14_37,24,14,37,8400,22200,0,6.0711964e-09,0
val,14,data_14.csv,persistent_leak,14_15_38,24,15,38,9000,22800,0,8.004005e-09,0
val,14,data_14.csv,persistent_leak,14_16_39,24,16,39,9600,23400,0,8.300146e-09,0
val,14,data_14.csv,persistent_leak,14_17_40,24,17,40,10200,24000,0,9.546961e-09,0
val,14,data_14.csv,persistent_leak,14_18_41,24,18,41,10800,24600,0,9.908768e-09,0
val,14,data_14.csv,persistent_leak,14_19_42,24,19,42,11400,25200,0,1.5129658e-08,0
val,14,data_14.csv,persistent_leak,14_20_43,24,20,43,12000,25800,0,1.9116488e-08,0
val,14,data_14.csv,persistent_leak,14_21_44,24,21,44,12600,26400,0,2.773259e-08,0
val,14,data_14.csv,persistent_leak,14_22_45,24,22,45,13200,27000,0,3.0076063e-08,0
val,14,data_14.csv,persistent_leak,14_23_46,24,23,46,13800,27600,0,3.7644842e-08,0
val,14,data_14.csv,persistent_leak,14_24_47,24,24,47,14400,28200,0,4.1659348e-08,0
val,14,data_14.csv,persistent_leak,14_25_48,24,25,48,15000,28800,0,7.493127e-08,0
val,14,data_14.csv,persistent_leak,14_26_49,24,26,49,15600,29400,0,1.0391278e-07,0
val,14,data_14.csv,persistent_leak,14_27_50,24,27,50,16200,30000,0,1.8098133e-07,0
val,14,data_14.csv,persistent_leak,14_28_51,24,28,51,16800,30600,0,2.2220549e-07,0
val,14,data_14.csv,persistent_leak,14_29_52,24,29,52,17400,31200,0,3.1864482e-07,0
val,14,data_14.csv,persistent_leak,14_30_53,24,30,53,18000,31800,0,3.9680725e-07,0
val,14,data_14.csv,persistent_leak,14_31_54,24,31,54,18600,32400,0,8.476875e-07,0
val,14,data_14.csv,persistent_leak,14_32_55,24,32,55,19200,33000,0,1.3514813e-06,0
val,14,data_14.csv,persistent_leak,14_33_56,24,33,56,19800,33600,0,2.9444989e-06,0
val,14,data_14.csv,persistent_leak,14_34_57,24,34,57,20400,34200,0,4.117576e-06,0
val,14,data_14.csv,persistent_leak,14_35_58,24,35,58,21000,34800,0,7.030928e-06,0
val,14,data_14.csv,persistent_leak,14_36_59,24,36,59,21600,35400,0,1.0132803e-05,0
val,14,data_14.csv,persistent_leak,14_37_60,24,37,60,22200,36000,0,2.2020755e-05,0
val,14,data_14.csv,persistent_leak,14_38_61,24,38,61,22800,36600,0,3.241132e-05,0
val,14,data_14.csv,persistent_leak,14_39_62,24,39,62,23400,37200,0,7.553903e-05,0
val,14,data_14.csv,persistent_leak,14_40_63,24,40,63,24000,37800,0,0.00010752475,0
val,14,data_14.csv,persistent_leak,14_41_64,24,41,64,24600,38400,0,0.00020004569,0
val,14,data_14.csv,persistent_leak,14_42_65,24,42,65,25200,39000,0,0.00029931456,0
val,14,data_14.csv,persistent_leak,14_43_66,24,43,66,25800,39600,0,0.00058286724,0
val,14,data_14.csv,persistent_leak,14_44_67,24,44,67,26400,40200,0,0.00074402825,0
val,14,data_14.csv,persistent_leak,14_45_68,24,45,68,27000,40800,0,0.0014407466,0
val,14,data_14.csv,persistent_leak,14_46_69,24,46,69,27600,41400,0,0.0022225017,0
val,14,data_14.csv,persistent_leak,14_47_70,24,47,70,28200,42000,0,0.004309312,0
val,14,data_14.csv,persistent_leak,14_48_71,24,48,71,28800,42600,0,0.0063467356,0
val,14,data_14.csv,persistent_leak,14_49_72,24,49,72,29400,43200,0,0.011074505,0
val,14,data_14.csv,persistent_leak,14_50_73,24,50,73,30000,43800,0,0.01638637,0
val,14,data_14.csv,persistent_leak,14_51_74,24,51,74,30600,44400,0,0.031463813,0
val,14,data_14.csv,persistent_leak,14_52_75,24,52,75,31200,45000,0,0.05518382,0
val,14,data_14.csv,persistent_leak,14_53_76,24,53,76,31800,45600,0,0.09540798,0
val,14,data_14.csv,persistent_leak,14_54_77,24,54,77,32400,46200,0,0.13851382,0
val,14,data_14.csv,persistent_leak,14_55_78,24,55,78,33000,46800,0,0.23897907,0
val,14,data_14.csv,persistent_leak,14_56_79,24,56,79,33600,47400,0,0.29940113,0
val,14,data_14.csv,persistent_leak,14_57_80,24,57,80,34200,48000,0,0.3802748,0
val,14,data_14.csv,persistent_leak,14_58_81,24,58,81,34800,48600,0,0.43476462,0
val,14,data_14.csv,persistent_leak,14_59_82,24,59,82,35400,49200,0,0.5296649,0
val,14,data_14.csv,persistent_leak,14_60_83,24,60,83,36000,49800,0,0.5133007,0
val,14,data_14.csv,persistent_leak,14_61_84,24,61,84,36600,50400,0,0.50876397,0
val,14,data_14.csv,persistent_leak,14_62_85,24,62,85,37200,51000,0,0.5097104,0
val,14,data_14.csv,persistent_leak,14_63_86,24,63,86,37800,51600,0,0.4830567,0
val,14,data_14.csv,persistent_leak,14_64_87,24,64,87,38400,52200,0,0.45585573,0
val,14,data_14.csv,persistent_leak,14_65_88,24,65,88,39000,52800,0,0.48226157,0
val,14,data_14.csv,persistent_leak,14_66_89,24,66,89,39600,53400,0,0.45790765,0
val,14,data_14.csv,persistent_leak,14_67_90,24,67,90,40200,54000,0,0.34316948,0
val,14,data_14.csv,persistent_leak,14_68_91,24,68,91,40800,54600,0,0.25334448,0
val,14,data_14.csv,persistent_leak,14_69_92,24,69,92,41400,55200,0,0.22695753,0
val,14,data_14.csv,persistent_leak,14_70_93,24,70,93,42000,55800,0,0.21007906,0
val,14,data_14.csv,persistent_leak,14_71_94,24,71,94,42600,56400,0,0.2302894,0
val,14,data_14.csv,persistent_leak,14_72_95,24,72,95,43200,57000,0,0.2720331,0
val,14,data_14.csv,persistent_leak,14_73_96,24,73,96,43800,57600,0,0.15891491,0
val,14,data_14.csv,persistent_leak,14_74_97,24,74,97,44400,58200,0,0.06337761,0
val,14,data_14.csv,persistent_leak,14_75_98,24,75,98,45000,58800,0,0.049182083,0
val,14,data_14.csv,persistent_leak,14_76_99,24,76,99,45600,59400,0,0.042231724,0
val,14,data_14.csv,persistent_leak,14_77_100,24,77,100,46200,60000,0,0.05943923,0
val,14,data_14.csv,persistent_leak,14_78_101,24,78,101,46800,60600,0,0.09196558,0
val,14,data_14.csv,persistent_leak,14_79_102,24,79,102,47400,61200,0,0.055536196,0
val,14,data_14.csv,persistent_leak,14_80_103,24,80,103,48000,61800,0,0.022632107,0
val,14,data_14.csv,persistent_leak,14_81_104,24,81,104,48600,62400,0,0.029249275,0
val,14,data_14.csv,persistent_leak,14_82_105,24,82,105,49200,63000,0,0.027006244,0
val,14,data_14.csv,persistent_leak,14_83_106,24,83,106,49800,63600,0,0.043003485,0
val,14,data_14.csv,persistent_leak,14_84_107,24,84,107,50400,64200,0,0.060786635,0
val,14,data_14.csv,persistent_leak,14_85_108,24,85,108,51000,64800,0,0.06186581,0
val,14,data_14.csv,persistent_leak,14_86_109,24,86,109,51600,65400,0,0.079949126,0
val,14,data_14.csv,persistent_leak,14_87_110,24,87,110,52200,66000,0,0.10323494,0
val,14,data_14.csv,persistent_leak,14_88_111,24,88,111,52800,66600,0,0.13616788,0
val,14,data_14.csv,persistent_leak,14_89_112,24,89,112,53400,67200,0,0.15752138,0
val,14,data_14.csv,persistent_leak,14_90_113,24,90,113,54000,67800,0,0.18091245,0
val,14,data_14.csv,persistent_leak,14_91_114,24,91,114,54600,68400,0,0.27344212,0
val,14,data_14.csv,persistent_leak,14_92_115,24,92,115,55200,69000,0,0.42089155,0
val,14,data_14.csv,persistent_leak,14_93_116,24,93,116,55800,69600,0,0.49775398,0
val,14,data_14.csv,persistent_leak,14_94_117,24,94,117,56400,70200,0,0.52419126,0
val,14,data_14.csv,persistent_leak,14_95_118,24,95,118,57000,70800,0,0.4840785,0
val,14,data_14.csv,persistent_leak,14_96_119,24,96,119,57600,71400,0,0.3150134,0
val,14,data_14.csv,persistent_leak,14_97_120,24,97,120,58200,72000,0,0.30782977,0
val,14,data_14.csv,persistent_leak,14_98_121,24,98,121,58800,72600,0,0.25014678,0
val,14,data_14.csv,persistent_leak,14_99_122,24,99,122,59400,73200,0,0.16800901,0
val,14,data_14.csv,persistent_leak,14_100_123,24,100,123,60000,73800,0,0.09730536,0
val,14,data_14.csv,persistent_leak,14_101_124,24,101,124,60600,74400,0,0.062205058,0
val,14,data_14.csv,persistent_leak,14_102_125,24,102,125,61200,75000,0,0.030354552,0
val,14,data_14.csv,persistent_leak,14_103_126,24,103,126,61800,75600,0,0.018358164,0
val,14,data_14.csv,persistent_leak,14_104_127,24,104,127,62400,76200,0,0.010991291,0
val,14,data_14.csv,persistent_leak,14_105_128,24,105,128,63000,76800,0,0.008720931,0
val,14,data_14.csv,persistent_leak,14_106_129,24,106,129,63600,77400,0,0.009067476,0
val,14,data_14.csv,persistent_leak,14_107_130,24,107,130,64200,78000,0,0.009060473,0
val,14,data_14.csv,persistent_leak,14_108_131,24,108,131,64800,78600,0,0.009953772,0
val,14,data_14.csv,persistent_leak,14_109_132,24,109,132,65400,79200,0,0.003978196,0
val,14,data_14.csv,persistent_leak,14_110_133,24,110,133,66000,79800,0,0.0016667512,0
val,14,data_14.csv,persistent_leak,14_111_134,24,111,134,66600,80400,0,0.000965118,0
val,14,data_14.csv,persistent_leak,14_112_135,24,112,135,67200,81000,0,0.0011635775,0
val,14,data_14.csv,persistent_leak,14_113_136,24,113,136,67800,81600,0,0.0012168121,0
val,14,data_14.csv,persistent_leak,14_114_137,24,114,137,68400,82200,0,0.0019741566,0
val,14,data_14.csv,persistent_leak,14_115_138,24,115,138,69000,82800,0,0.000553358,0
val,14,data_14.csv,persistent_leak,14_116_139,24,116,139,69600,83400,0,0.00018778471,0
val,14,data_14.csv,persistent_leak,14_117_140,24,117,140,70200,84000,0,9.295161e-05,0
val,14,data_14.csv,persistent_leak,14_118_141,24,118,141,70800,84600,0,8.733252e-05,0
val,14,data_14.csv,persistent_leak,14_119_142,24,119,142,71400,85200,0,8.421452e-05,0
val,14,data_14.csv,persistent_leak,14_120_143,24,120,143,72000,85800,0,0.00012371303,0
val,14,data_14.csv,persistent_leak,14_121_144,24,121,144,72600,86400,0,0.000106069696,0
val,15,data_15.csv,persistent_leak,15_0_23,24,0,23,0,13800,0,4.3138582e-10,0
val,15,data_15.csv,persistent_leak,15_1_24,24,1,24,600,14400,0,1.0033981e-09,0
val,15,data_15.csv,persistent_leak,15_2_25,24,2,25,1200,15000,0,1.9783433e-09,0
val,15,data_15.csv,persistent_leak,15_3_26,24,3,26,1800,15600,0,3.1728975e-09,0
val,15,data_15.csv,persistent_leak,15_4_27,24,4,27,2400,16200,0,3.374402e-09,0
val,15,data_15.csv,persistent_leak,15_5_28,24,5,28,3000,16800,0,3.929126e-09,0
val,15,data_15.csv,persistent_leak,15_6_29,24,6,29,3600,17400,0,3.9191415e-09,0
val,15,data_15.csv,persistent_leak,15_7_30,24,7,30,4200,18000,0,1.0532228e-08,0
val,15,data_15.csv,persistent_leak,15_8_31,24,8,31,4800,18600,0,1.9557582e-08,0
val,15,data_15.csv,persistent_leak,15_9_32,24,9,32,5400,19200,0,3.5330956e-08,0
val,15,data_15.csv,persistent_leak,15_10_33,24,10,33,6000,19800,0,3.0668442e-08,0
val,15,data_15.csv,persistent_leak,15_11_34,24,11,34,6600,20400,0,3.882582e-08,0
val,15,data_15.csv,persistent_leak,15_12_35,24,12,35,7200,21000,0,3.5532548e-08,0
val,15,data_15.csv,persistent_leak,15_13_36,24,13,36,7800,21600,0,5.864979e-08,0
val,15,data_15.csv,persistent_leak,15_14_37,24,14,37,8400,22200,0,6.0197145e-08,0
val,15,data_15.csv,persistent_leak,15_15_38,24,15,38,9000,22800,0,9.1298e-08,0
val,15,data_15.csv,persistent_leak,15_16_39,24,16,39,9600,23400,0,8.997311e-08,0
val,15,data_15.csv,persistent_leak,15_17_40,24,17,40,10200,24000,0,1.2127035e-07,0
val,15,data_15.csv,persistent_leak,15_18_41,24,18,41,10800,24600,0,1.3072969e-07,0
val,15,data_15.csv,persistent_leak,15_19_42,24,19,42,11400,25200,0,2.9741892e-07,0
val,15,data_15.csv,persistent_leak,15_20_43,24,20,43,12000,25800,0,4.1792575e-07,0
val,15,data_15.csv,persistent_leak,15_21_44,24,21,44,12600,26400,0,1.0675002e-06,0
val,15,data_15.csv,persistent_leak,15_22_45,24,22,45,13200,27000,0,2.1018952e-06,0
val,15,data_15.csv,persistent_leak,15_23_46,24,23,46,13800,27600,0,4.7600615e-06,0
val,15,data_15.csv,persistent_leak,15_24_47,24,24,47,14400,28200,0,8.984798e-06,0
val,15,data_15.csv,persistent_leak,15_25_48,24,25,48,15000,28800,0,2.4596082e-05,0
val,15,data_15.csv,persistent_leak,15_26_49,24,26,49,15600,29400,0,6.0775244e-05,0
val,15,data_15.csv,persistent_leak,15_27_50,24,27,50,16200,30000,0,0.00021324854,0
val,15,data_15.csv,persistent_leak,15_28_51,24,28,51,16800,30600,0,0.0005315053,0
val,15,data_15.csv,persistent_leak,15_29_52,24,29,52,17400,31200,0,0.0017972942,0
val,15,data_15.csv,persistent_leak,15_30_53,24,30,53,18000,31800,0,0.0046194373,0
val,15,data_15.csv,persistent_leak,15_31_54,24,31,54,18600,32400,0,0.0014042377,0
val,15,data_15.csv,persistent_leak,15_32_55,24,32,55,19200,33000,0,0.0005283756,0
val,15,data_15.csv,persistent_leak,15_33_56,24,33,56,19800,33600,0,0.00045463565,0
val,15,data_15.csv,persistent_leak,15_34_57,24,34,57,20400,34200,0,0.000616477,0
val,15,data_15.csv,persistent_leak,15_35_58,24,35,58,21000,34800,0,0.00094493234,0
val,15,data_15.csv,persistent_leak,15_36_59,24,36,59,21600,35400,0,0.0019271785,0
val,15,data_15.csv,persistent_leak,15_37_60,24,37,60,22200,36000,0,0.0022762604,0
val,15,data_15.csv,persistent_leak,15_38_61,24,38,61,22800,36600,0,0.0024794906,0
val,15,data_15.csv,persistent_leak,15_39_62,24,39,62,23400,37200,0,0.0029329471,0
val,15,data_15.csv,persistent_leak,15_40_63,24,40,63,24000,37800,0,0.008121459,0
val,15,data_15.csv,persistent_leak,15_41_64,24,41,64,24600,38400,0,0.011269553,0
val,15,data_15.csv,persistent_leak,15_42_65,24,42,65,25200,39000,0,0.01785863,0
val,15,data_15.csv,persistent_leak,15_43_66,24,43,66,25800,39600,0,0.027186038,0
val,15,data_15.csv,persistent_leak,15_44_67,24,44,67,26400,40200,0,0.0779824,0
val,15,data_15.csv,persistent_leak,15_45_68,24,45,68,27000,40800,0,0.19906853,0
val,15,data_15.csv,persistent_leak,15_46_69,24,46,69,27600,41400,0,0.30237517,0
val,15,data_15.csv,persistent_leak,15_47_70,24,47,70,28200,42000,0,0.43368286,0
val,15,data_15.csv,persistent_leak,15_48_71,24,48,71,28800,42600,0,0.53760034,0
val,15,data_15.csv,persistent_leak,15_49_72,24,49,72,29400,43200,0,0.6607713,1
val,15,data_15.csv,persistent_leak,15_50_73,24,50,73,30000,43800,0,0.6980633,1
val,15,data_15.csv,persistent_leak,15_51_74,24,51,74,30600,44400,0,0.7025056,1
val,15,data_15.csv,persistent_leak,15_52_75,24,52,75,31200,45000,0,0.6850779,1
val,15,data_15.csv,persistent_leak,15_53_76,24,53,76,31800,45600,0,0.6693898,1
val,15,data_15.csv,persistent_leak,15_54_77,24,54,77,32400,46200,0,0.59175676,0
val,15,data_15.csv,persistent_leak,15_55_78,24,55,78,33000,46800,0,0.54857814,0
val,15,data_15.csv,persistent_leak,15_56_79,24,56,79,33600,47400,0,0.41809285,0
val,15,data_15.csv,persistent_leak,15_57_80,24,57,80,34200,48000,0,0.34689838,0
val,15,data_15.csv,persistent_leak,15_58_81,24,58,81,34800,48600,0,0.27041736,0
val,15,data_15.csv,persistent_leak,15_59_82,24,59,82,35400,49200,0,0.21207602,0
val,15,data_15.csv,persistent_leak,15_60_83,24,60,83,36000,49800,0,0.12587227,0
val,15,data_15.csv,persistent_leak,15_61_84,24,61,84,36600,50400,0,0.18380204,0
val,15,data_15.csv,persistent_leak,15_62_85,24,62,85,37200,51000,0,0.21428068,0
val,15,data_15.csv,persistent_leak,15_63_86,24,63,86,37800,51600,0,0.24856961,0
val,15,data_15.csv,persistent_leak,15_64_87,24,64,87,38400,52200,0,0.30747014,0
val,15,data_15.csv,persistent_leak,15_65_88,24,65,88,39000,52800,0,0.29951975,0
val,15,data_15.csv,persistent_leak,15_66_89,24,66,89,39600,53400,0,0.25894928,0
val,15,data_15.csv,persistent_leak,15_67_90,24,67,90,40200,54000,0,0.2852012,0
val,15,data_15.csv,persistent_leak,15_68_91,24,68,91,40800,54600,0,0.3374372,0
val,15,data_15.csv,persistent_leak,15_69_92,24,69,92,41400,55200,0,0.37329736,0
val,15,data_15.csv,persistent_leak,15_70_93,24,70,93,42000,55800,0,0.38906118,0
val,15,data_15.csv,persistent_leak,15_71_94,24,71,94,42600,56400,0,0.47856212,0
val,15,data_15.csv,persistent_leak,15_72_95,24,72,95,43200,57000,0,0.5401056,0
val,15,data_15.csv,persistent_leak,15_73_96,24,73,96,43800,57600,0,0.56993157,0
val,15,data_15.csv,persistent_leak,15_74_97,24,74,97,44400,58200,0,0.5911183,0
val,15,data_15.csv,persistent_leak,15_75_98,24,75,98,45000,58800,0,0.56641173,0
val,15,data_15.csv,persistent_leak,15_76_99,24,76,99,45600,59400,0,0.5555286,0
val,15,data_15.csv,persistent_leak,15_77_100,24,77,100,46200,60000,0,0.55856204,0
val,15,data_15.csv,persistent_leak,15_78_101,24,78,101,46800,60600,0,0.5282516,0
val,15,data_15.csv,persistent_leak,15_79_102,24,79,102,47400,61200,0,0.6131541,1
val,15,data_15.csv,persistent_leak,15_80_103,24,80,103,48000,61800,0,0.68637043,1
val,15,data_15.csv,persistent_leak,15_81_104,24,81,104,48600,62400,0,0.667303,1
val,15,data_15.csv,persistent_leak,15_82_105,24,82,105,49200,63000,0,0.6631585,1
val,15,data_15.csv,persistent_leak,15_83_106,24,83,106,49800,63600,0,0.668139,1
val,15,data_15.csv,persistent_leak,15_84_107,24,84,107,50400,64200,0,0.6736108,1
val,15,data_15.csv,persistent_leak,15_85_108,24,85,108,51000,64800,0,0.6426603,1
val,15,data_15.csv,persistent_leak,15_86_109,24,86,109,51600,65400,0,0.62479514,1
val,15,data_15.csv,persistent_leak,15_87_110,24,87,110,52200,66000,0,0.610302,1
val,15,data_15.csv,persistent_leak,15_88_111,24,88,111,52800,66600,0,0.6134367,1
val,15,data_15.csv,persistent_leak,15_89_112,24,89,112,53400,67200,0,0.63528055,1
val,15,data_15.csv,persistent_leak,15_90_113,24,90,113,54000,67800,0,0.65594596,1
val,15,data_15.csv,persistent_leak,15_91_114,24,91,114,54600,68400,0,0.67905176,1
val,15,data_15.csv,persistent_leak,15_92_115,24,92,115,55200,69000,0,0.6923028,1
val,15,data_15.csv,persistent_leak,15_93_116,24,93,116,55800,69600,0,0.70162845,1
val,15,data_15.csv,persistent_leak,15_94_117,24,94,117,56400,70200,0,0.7051572,1
val,15,data_15.csv,persistent_leak,15_95_118,24,95,118,57000,70800,0,0.71559185,1
val,15,data_15.csv,persistent_leak,15_96_119,24,96,119,57600,71400,0,0.7332151,1
val,15,data_15.csv,persistent_leak,15_97_120,24,97,120,58200,72000,0,0.5887402,0
val,15,data_15.csv,persistent_leak,15_98_121,24,98,121,58800,72600,0,0.44149062,0
val,15,data_15.csv,persistent_leak,15_99_122,24,99,122,59400,73200,0,0.4472388,0
val,15,data_15.csv,persistent_leak,15_100_123,24,100,123,60000,73800,0,0.45048118,0
val,15,data_15.csv,persistent_leak,15_101_124,24,101,124,60600,74400,0,0.50409037,0
val,15,data_15.csv,persistent_leak,15_102_125,24,102,125,61200,75000,0,0.5750445,0
val,15,data_15.csv,persistent_leak,15_103_126,24,103,126,61800,75600,0,0.32482117,0
val,15,data_15.csv,persistent_leak,15_104_127,24,104,127,62400,76200,0,0.018020604,0
val,15,data_15.csv,persistent_leak,15_105_128,24,105,128,63000,76800,0,0.0051325136,0
val,15,data_15.csv,persistent_leak,15_106_129,24,106,129,63600,77400,0,0.0018780206,0
val,15,data_15.csv,persistent_leak,15_107_130,24,107,130,64200,78000,0,0.002201247,0
val,15,data_15.csv,persistent_leak,15_108_131,24,108,131,64800,78600,0,0.0022293907,0
val,15,data_15.csv,persistent_leak,15_109_132,24,109,132,65400,79200,0,0.0010137627,0
val,15,data_15.csv,persistent_leak,15_110_133,24,110,133,66000,79800,0,0.00042658407,0
val,15,data_15.csv,persistent_leak,15_111_134,24,111,134,66600,80400,0,0.00072980166,0
val,15,data_15.csv,persistent_leak,15_112_135,24,112,135,67200,81000,0,0.00081592717,0
val,15,data_15.csv,persistent_leak,15_113_136,24,113,136,67800,81600,0,0.0017494472,0
val,15,data_15.csv,persistent_leak,15_114_137,24,114,137,68400,82200,0,0.0022384855,0
val,15,data_15.csv,persistent_leak,15_115_138,24,115,138,69000,82800,0,0.0012313055,0
val,15,data_15.csv,persistent_leak,15_116_139,24,116,139,69600,83400,0,0.0013343876,0
val,15,data_15.csv,persistent_leak,15_117_140,24,117,140,70200,84000,0,0.0014642787,0
val,15,data_15.csv,persistent_leak,15_118_141,24,118,141,70800,84600,0,0.0016759943,0
val,15,data_15.csv,persistent_leak,15_119_142,24,119,142,71400,85200,0,0.0014213569,0
val,15,data_15.csv,persistent_leak,15_120_143,24,120,143,72000,85800,0,0.0019526688,0
val,15,data_15.csv,persistent_leak,15_121_144,24,121,144,72600,86400,0,0.0017168804,0
val,30,data_30.csv,onset_leak,30_0_23,24,0,23,0,13800,0,2.8436895e-09,0
val,30,data_30.csv,onset_leak,30_1_24,24,1,24,600,14400,0,2.7116205e-09,0
val,30,data_30.csv,onset_leak,30_2_25,24,2,25,1200,15000,0,2.6284783e-09,0
val,30,data_30.csv,onset_leak,30_3_26,24,3,26,1800,15600,0,2.267364e-09,0
val,30,data_30.csv,onset_leak,30_4_27,24,4,27,2400,16200,0,1.9666877e-09,0
val,30,data_30.csv,onset_leak,30_5_28,24,5,28,3000,16800,0,1.7162035e-09,0
val,30,data_30.csv,onset_leak,30_6_29,24,6,29,3600,17400,0,1.4667292e-09,0
val,30,data_30.csv,onset_leak,30_7_30,24,7,30,4200,18000,0,2.6258626e-09,0
val,30,data_30.csv,onset_leak,30_8_31,24,8,31,4800,18600,0,4.0269543e-09,0
val,30,data_30.csv,onset_leak,30_9_32,24,9,32,5400,19200,0,5.169193e-09,0
val,30,data_30.csv,onset_leak,30_10_33,24,10,33,6000,19800,0,5.0139772e-09,0
val,30,data_30.csv,onset_leak,30_11_34,24,11,34,6600,20400,0,5.1823426e-09,0
val,30,data_30.csv,onset_leak,30_12_35,24,12,35,7200,21000,0,4.713908e-09,0
val,30,data_30.csv,onset_leak,30_13_36,24,13,36,7800,21600,0,8.083815e-09,0
val,30,data_30.csv,onset_leak,30_14_37,24,14,37,8400,22200,0,1.1465316e-08,0
val,30,data_30.csv,onset_leak,30_15_38,24,15,38,9000,22800,0,1.6913802e-08,0
val,30,data_30.csv,onset_leak,30_16_39,24,16,39,9600,23400,0,1.6000934e-08,0
val,30,data_30.csv,onset_leak,30_17_40,24,17,40,10200,24000,0,1.9145862e-08,0
val,30,data_30.csv,onset_leak,30_18_41,24,18,41,10800,24600,0,1.90343e-08,0
val,30,data_30.csv,onset_leak,30_19_42,24,19,42,11400,25200,0,3.409404e-08,0
val,30,data_30.csv,onset_leak,30_20_43,24,20,43,12000,25800,0,4.2308365e-08,0
val,30,data_30.csv,onset_leak,30_21_44,24,21,44,12600,26400,0,6.453901e-08,0
val,30,data_30.csv,onset_leak,30_22_45,24,22,45,13200,27000,0,6.553972e-08,0
val,30,data_30.csv,onset_leak,30_23_46,24,23,46,13800,27600,0,8.3019856e-08,0
val,30,data_30.csv,onset_leak,30_24_47,24,24,47,14400,28200,0,8.466778e-08,0
val,30,data_30.csv,onset_leak,30_25_48,24,25,48,15000,28800,0,1.4699316e-07,0
val,30,data_30.csv,onset_leak,30_26_49,24,26,49,15600,29400,0,1.9124774e-07,0
val,30,data_30.csv,onset_leak,30_27_50,24,27,50,16200,30000,0,4.1488073e-07,0
val,30,data_30.csv,onset_leak,30_28_51,24,28,51,16800,30600,0,6.443483e-07,0
val,30,data_30.csv,onset_leak,30_29_52,24,29,52,17400,31200,0,1.183689e-06,0
val,30,data_30.csv,onset_leak,30_30_53,24,30,53,18000,31800,0,1.970109e-06,0
val,30,data_30.csv,onset_leak,30_31_54,24,31,54,18600,32400,0,3.1673658e-06,0
val,30,data_30.csv,onset_leak,30_32_55,24,32,55,19200,33000,0,4.0463156e-06,0
val,30,data_30.csv,onset_leak,30_33_56,24,33,56,19800,33600,0,8.267794e-06,0
val,30,data_30.csv,onset_leak,30_34_57,24,34,57,20400,34200,0,1.40193715e-05,0
val,30,data_30.csv,onset_leak,30_35_58,24,35,58,21000,34800,0,2.7016587e-05,0
val,30,data_30.csv,onset_leak,30_36_59,24,36,59,21600,35400,0,4.823282e-05,0
val,30,data_30.csv,onset_leak,30_37_60,24,37,60,22200,36000,0,6.5410415e-05,0
val,30,data_30.csv,onset_leak,30_38_61,24,38,61,22800,36600,0,8.4747255e-05,0
val,30,data_30.csv,onset_leak,30_39_62,24,39,62,23400,37200,0,0.00015801965,0
val,30,data_30.csv,onset_leak,30_40_63,24,40,63,24000,37800,0,0.00027675834,0
val,30,data_30.csv,onset_leak,30_41_64,24,41,64,24600,38400,0,0.00052865216,0
val,30,data_30.csv,onset_leak,30_42_65,24,42,65,25200,39000,0,0.0009824862,0
val,30,data_30.csv,onset_leak,30_43_66,24,43,66,25800,39600,0,0.003041643,0
val,30,data_30.csv,onset_leak,30_44_67,24,44,67,26400,40200,0,0.0070967944,0
val,30,data_30.csv,onset_leak,30_45_68,24,45,68,27000,40800,0,0.017941367,0
val,30,data_30.csv,onset_leak,30_46_69,24,46,69,27600,41400,0,0.028168073,0
val,30,data_30.csv,onset_leak,30_47_70,24,47,70,28200,42000,0,0.04872493,0
val,30,data_30.csv,onset_leak,30_48_71,24,48,71,28800,42600,0,0.07019399,0
val,30,data_30.csv,onset_leak,30_49_72,24,49,72,29400,43200,1,0.86737454,1
val,30,data_30.csv,onset_leak,30_50_73,24,50,73,30000,43800,1,0.9451411,1
val,30,data_30.csv,onset_leak,30_51_74,24,51,74,30600,44400,1,0.96033764,1
val,30,data_30.csv,onset_leak,30_52_75,24,52,75,31200,45000,1,0.9684834,1
val,30,data_30.csv,onset_leak,30_53_76,24,53,76,31800,45600,1,0.9818656,1
val,30,data_30.csv,onset_leak,30_54_77,24,54,77,32400,46200,1,0.9889142,1
val,30,data_30.csv,onset_leak,30_55_78,24,55,78,33000,46800,1,0.9841007,1
val,30,data_30.csv,onset_leak,30_56_79,24,56,79,33600,47400,1,0.9755013,1
val,30,data_30.csv,onset_leak,30_57_80,24,57,80,34200,48000,1,0.97245425,1
val,30,data_30.csv,onset_leak,30_58_81,24,58,81,34800,48600,1,0.96348983,1
val,30,data_30.csv,onset_leak,30_59_82,24,59,82,35400,49200,1,0.9661941,1
val,30,data_30.csv,onset_leak,30_60_83,24,60,83,36000,49800,1,0.8916766,1
val,30,data_30.csv,onset_leak,30_61_84,24,61,84,36600,50400,1,0.91227573,1
val,30,data_30.csv,onset_leak,30_62_85,24,62,85,37200,51000,1,0.91337353,1
val,30,data_30.csv,onset_leak,30_63_86,24,63,86,37800,51600,1,0.88828224,1
val,30,data_30.csv,onset_leak,30_64_87,24,64,87,38400,52200,1,0.8753602,1
val,30,data_30.csv,onset_leak,30_65_88,24,65,88,39000,52800,1,0.8705122,1
val,30,data_30.csv,onset_leak,30_66_89,24,66,89,39600,53400,1,0.8843651,1
val,30,data_30.csv,onset_leak,30_67_90,24,67,90,40200,54000,1,0.8654818,1
val,30,data_30.csv,onset_leak,30_68_91,24,68,91,40800,54600,1,0.86980253,1
val,30,data_30.csv,onset_leak,30_69_92,24,69,92,41400,55200,1,0.89381313,1
val,30,data_30.csv,onset_leak,30_70_93,24,70,93,42000,55800,1,0.9208363,1
val,30,data_30.csv,onset_leak,30_71_94,24,71,94,42600,56400,1,0.96259,1
val,30,data_30.csv,onset_leak,30_72_95,24,72,95,43200,57000,1,0.9854827,1
val,30,data_30.csv,onset_leak,30_73_96,24,73,96,43800,57600,1,0.9784371,1
val,30,data_30.csv,onset_leak,30_74_97,24,74,97,44400,58200,1,0.9662216,1
val,30,data_30.csv,onset_leak,30_75_98,24,75,98,45000,58800,1,0.9690607,1
val,30,data_30.csv,onset_leak,30_76_99,24,76,99,45600,59400,1,0.9681672,1
val,30,data_30.csv,onset_leak,30_77_100,24,77,100,46200,60000,1,0.9684628,1
val,30,data_30.csv,onset_leak,30_78_101,24,78,101,46800,60600,1,0.969159,1
val,30,data_30.csv,onset_leak,30_79_102,24,79,102,47400,61200,1,0.96732235,1
val,30,data_30.csv,onset_leak,30_80_103,24,80,103,48000,61800,1,0.9642246,1
val,30,data_30.csv,onset_leak,30_81_104,24,81,104,48600,62400,1,0.9681674,1
val,30,data_30.csv,onset_leak,30_82_105,24,82,105,49200,63000,1,0.96756506,1
val,30,data_30.csv,onset_leak,30_83_106,24,83,106,49800,63600,1,0.9694502,1
val,30,data_30.csv,onset_leak,30_84_107,24,84,107,50400,64200,1,0.97066575,1
val,30,data_30.csv,onset_leak,30_85_108,24,85,108,51000,64800,1,0.9663603,1
val,30,data_30.csv,onset_leak,30_86_109,24,86,109,51600,65400,1,0.96192354,1
val,30,data_30.csv,onset_leak,30_87_110,24,87,110,52200,66000,1,0.960828,1
val,30,data_30.csv,onset_leak,30_88_111,24,88,111,52800,66600,1,0.9599024,1
val,30,data_30.csv,onset_leak,30_89_112,24,89,112,53400,67200,1,0.9546745,1
val,30,data_30.csv,onset_leak,30_90_113,24,90,113,54000,67800,1,0.9496132,1
val,30,data_30.csv,onset_leak,30_91_114,24,91,114,54600,68400,1,0.9528759,1
val,30,data_30.csv,onset_leak,30_92_115,24,92,115,55200,69000,1,0.9563863,1
val,30,data_30.csv,onset_leak,30_93_116,24,93,116,55800,69600,1,0.9533358,1
val,30,data_30.csv,onset_leak,30_94_117,24,94,117,56400,70200,1,0.9530564,1
val,30,data_30.csv,onset_leak,30_95_118,24,95,118,57000,70800,1,0.94229174,1
val,30,data_30.csv,onset_leak,30_96_119,24,96,119,57600,71400,1,0.9272418,1
val,30,data_30.csv,onset_leak,30_97_120,24,97,120,58200,72000,1,0.9003695,1
val,30,data_30.csv,onset_leak,30_98_121,24,98,121,58800,72600,1,0.8717198,1
val,30,data_30.csv,onset_leak,30_99_122,24,99,122,59400,73200,1,0.86300045,1
val,30,data_30.csv,onset_leak,30_100_123,24,100,123,60000,73800,1,0.8537635,1
val,30,data_30.csv,onset_leak,30_101_124,24,101,124,60600,74400,1,0.8460933,1
val,30,data_30.csv,onset_leak,30_102_125,24,102,125,61200,75000,1,0.83201396,1
val,30,data_30.csv,onset_leak,30_103_126,24,103,126,61800,75600,1,0.7221493,1
val,30,data_30.csv,onset_leak,30_104_127,24,104,127,62400,76200,1,0.55518967,0
val,30,data_30.csv,onset_leak,30_105_128,24,105,128,63000,76800,1,0.5789038,0
val,30,data_30.csv,onset_leak,30_106_129,24,106,129,63600,77400,1,0.57383144,0
val,30,data_30.csv,onset_leak,30_107_130,24,107,130,64200,78000,1,0.61728954,1
val,30,data_30.csv,onset_leak,30_108_131,24,108,131,64800,78600,1,0.67167306,1
val,30,data_30.csv,onset_leak,30_109_132,24,109,132,65400,79200,1,0.6811188,1
val,30,data_30.csv,onset_leak,30_110_133,24,110,133,66000,79800,1,0.6062285,1
val,30,data_30.csv,onset_leak,30_111_134,24,111,134,66600,80400,1,0.6919979,1
val,30,data_30.csv,onset_leak,30_112_135,24,112,135,67200,81000,1,0.6981472,1
val,30,data_30.csv,onset_leak,30_113_136,24,113,136,67800,81600,1,0.77672184,1
val,30,data_30.csv,onset_leak,30_114_137,24,114,137,68400,82200,1,0.83354306,1
val,30,data_30.csv,onset_leak,30_115_138,24,115,138,69000,82800,1,0.77688783,1
val,30,data_30.csv,onset_leak,30_116_139,24,116,139,69600,83400,1,0.6031921,1
val,30,data_30.csv,onset_leak,30_117_140,24,117,140,70200,84000,1,0.58847547,0
val,30,data_30.csv,onset_leak,30_118_141,24,118,141,70800,84600,1,0.5436078,0
val,30,data_30.csv,onset_leak,30_119_142,24,119,142,71400,85200,1,0.48257384,0
val,30,data_30.csv,onset_leak,30_120_143,24,120,143,72000,85800,1,0.4735875,0
val,30,data_30.csv,onset_leak,30_121_144,24,121,144,72600,86400,1,0.16936629,0
val,32,data_32.csv,persistent_leak,32_0_23,24,0,23,0,13800,1,0.40336755,0
val,32,data_32.csv,persistent_leak,32_1_24,24,1,24,600,14400,1,0.5189887,0
val,32,data_32.csv,persistent_leak,32_2_25,24,2,25,1200,15000,1,0.58809406,0
val,32,data_32.csv,persistent_leak,32_3_26,24,3,26,1800,15600,1,0.611358,1
val,32,data_32.csv,persistent_leak,32_4_27,24,4,27,2400,16200,1,0.623402,1
val,32,data_32.csv,persistent_leak,32_5_28,24,5,28,3000,16800,1,0.6269221,1
val,32,data_32.csv,persistent_leak,32_6_29,24,6,29,3600,17400,1,0.626322,1
val,32,data_32.csv,persistent_leak,32_7_30,24,7,30,4200,18000,1,0.6360591,1
val,32,data_32.csv,persistent_leak,32_8_31,24,8,31,4800,18600,1,0.6309175,1
val,32,data_32.csv,persistent_leak,32_9_32,24,9,32,5400,19200,1,0.6303621,1
val,32,data_32.csv,persistent_leak,32_10_33,24,10,33,6000,19800,1,0.62133336,1
val,32,data_32.csv,persistent_leak,32_11_34,24,11,34,6600,20400,1,0.62651676,1
val,32,data_32.csv,persistent_leak,32_12_35,24,12,35,7200,21000,1,0.61681515,1
val,32,data_32.csv,persistent_leak,32_13_36,24,13,36,7800,21600,1,0.61663646,1
val,32,data_32.csv,persistent_leak,32_14_37,24,14,37,8400,22200,1,0.60765547,1
val,32,data_32.csv,persistent_leak,32_15_38,24,15,38,9000,22800,1,0.58278674,0
val,32,data_32.csv,persistent_leak,32_16_39,24,16,39,9600,23400,1,0.55562705,0
val,32,data_32.csv,persistent_leak,32_17_40,24,17,40,10200,24000,1,0.5188603,0
val,32,data_32.csv,persistent_leak,32_18_41,24,18,41,10800,24600,1,0.4407779,0
val,32,data_32.csv,persistent_leak,32_19_42,24,19,42,11400,25200,1,0.52676725,0
val,32,data_32.csv,persistent_leak,32_20_43,24,20,43,12000,25800,1,0.5958326,0
val,32,data_32.csv,persistent_leak,32_21_44,24,21,44,12600,26400,1,0.61191857,1
val,32,data_32.csv,persistent_leak,32_22_45,24,22,45,13200,27000,1,0.6080165,1
val,32,data_32.csv,persistent_leak,32_23_46,24,23,46,13800,27600,1,0.636812,1
val,32,data_32.csv,persistent_leak,32_24_47,24,24,47,14400,28200,1,0.63645774,1
val,32,data_32.csv,persistent_leak,32_25_48,24,25,48,15000,28800,1,0.75041145,1
val,32,data_32.csv,persistent_leak,32_26_49,24,26,49,15600,29400,1,0.8183773,1
val,32,data_32.csv,persistent_leak,32_27_50,24,27,50,16200,30000,1,0.8123037,1
val,32,data_32.csv,persistent_leak,32_28_51,24,28,51,16800,30600,1,0.81440943,1
val,32,data_32.csv,persistent_leak,32_29_52,24,29,52,17400,31200,1,0.8420416,1
val,32,data_32.csv,persistent_leak,32_30_53,24,30,53,18000,31800,1,0.8358029,1
val,32,data_32.csv,persistent_leak,32_31_54,24,31,54,18600,32400,1,0.84382224,1
val,32,data_32.csv,persistent_leak,32_32_55,24,32,55,19200,33000,1,0.84861016,1
val,32,data_32.csv,persistent_leak,32_33_56,24,33,56,19800,33600,1,0.81994003,1
val,32,data_32.csv,persistent_leak,32_34_57,24,34,57,20400,34200,1,0.8014805,1
val,32,data_32.csv,persistent_leak,32_35_58,24,35,58,21000,34800,1,0.7992982,1
val,32,data_32.csv,persistent_leak,32_36_59,24,36,59,21600,35400,1,0.78278625,1
val,32,data_32.csv,persistent_leak,32_37_60,24,37,60,22200,36000,1,0.8610415,1
val,32,data_32.csv,persistent_leak,32_38_61,24,38,61,22800,36600,1,0.9145738,1
val,32,data_32.csv,persistent_leak,32_39_62,24,39,62,23400,37200,1,0.9102537,1
val,32,data_32.csv,persistent_leak,32_40_63,24,40,63,24000,37800,1,0.9153366,1
val,32,data_32.csv,persistent_leak,32_41_64,24,41,64,24600,38400,1,0.926209,1
val,32,data_32.csv,persistent_leak,32_42_65,24,42,65,25200,39000,1,0.93668675,1
val,32,data_32.csv,persistent_leak,32_43_66,24,43,66,25800,39600,1,0.9720961,1
val,32,data_32.csv,persistent_leak,32_44_67,24,44,67,26400,40200,1,0.98734283,1
val,32,data_32.csv,persistent_leak,32_45_68,24,45,68,27000,40800,1,0.9864428,1
val,32,data_32.csv,persistent_leak,32_46_69,24,46,69,27600,41400,1,0.9880383,1
val,32,data_32.csv,persistent_leak,32_47_70,24,47,70,28200,42000,1,0.9897001,1
val,32,data_32.csv,persistent_leak,32_48_71,24,48,71,28800,42600,1,0.9912579,1
val,32,data_32.csv,persistent_leak,32_49_72,24,49,72,29400,43200,1,0.9926363,1
val,32,data_32.csv,persistent_leak,32_50_73,24,50,73,30000,43800,1,0.99390805,1
val,32,data_32.csv,persistent_leak,32_51_74,24,51,74,30600,44400,1,0.99244446,1
val,32,data_32.csv,persistent_leak,32_52_75,24,52,75,31200,45000,1,0.991901,1
val,32,data_32.csv,persistent_leak,32_53_76,24,53,76,31800,45600,1,0.9917052,1
val,32,data_32.csv,persistent_leak,32_54_77,24,54,77,32400,46200,1,0.99009764,1
val,32,data_32.csv,persistent_leak,32_55_78,24,55,78,33000,46800,1,0.98610675,1
val,32,data_32.csv,persistent_leak,32_56_79,24,56,79,33600,47400,1,0.9803139,1
val,32,data_32.csv,persistent_leak,32_57_80,24,57,80,34200,48000,1,0.9802084,1
val,32,data_32.csv,persistent_leak,32_58_81,24,58,81,34800,48600,1,0.97958654,1
val,32,data_32.csv,persistent_leak,32_59_82,24,59,82,35400,49200,1,0.98201466,1
val,32,data_32.csv,persistent_leak,32_60_83,24,60,83,36000,49800,1,0.9845829,1
val,32,data_32.csv,persistent_leak,32_61_84,24,61,84,36600,50400,1,0.97264063,1
val,32,data_32.csv,persistent_leak,32_62_85,24,62,85,37200,51000,1,0.949519,1
val,32,data_32.csv,persistent_leak,32_63_86,24,63,86,37800,51600,1,0.9590863,1
val,32,data_32.csv,persistent_leak,32_64_87,24,64,87,38400,52200,1,0.9632258,1
val,32,data_32.csv,persistent_leak,32_65_88,24,65,88,39000,52800,1,0.9752323,1
val,32,data_32.csv,persistent_leak,32_66_89,24,66,89,39600,53400,1,0.9852799,1
val,32,data_32.csv,persistent_leak,32_67_90,24,67,90,40200,54000,1,0.98365086,1
val,32,data_32.csv,persistent_leak,32_68_91,24,68,91,40800,54600,1,0.9795368,1
val,32,data_32.csv,persistent_leak,32_69_92,24,69,92,41400,55200,1,0.98372227,1
val,32,data_32.csv,persistent_leak,32_70_93,24,70,93,42000,55800,1,0.9838792,1
val,32,data_32.csv,persistent_leak,32_71_94,24,71,94,42600,56400,1,0.9870896,1
val,32,data_32.csv,persistent_leak,32_72_95,24,72,95,43200,57000,1,0.9892793,1
val,32,data_32.csv,persistent_leak,32_73_96,24,73,96,43800,57600,1,0.9883825,1
val,32,data_32.csv,persistent_leak,32_74_97,24,74,97,44400,58200,1,0.98704356,1
val,32,data_32.csv,persistent_leak,32_75_98,24,75,98,45000,58800,1,0.9848455,1
val,32,data_32.csv,persistent_leak,32_76_99,24,76,99,45600,59400,1,0.98358464,1
val,32,data_32.csv,persistent_leak,32_77_100,24,77,100,46200,60000,1,0.9788327,1
val,32,data_32.csv,persistent_leak,32_78_101,24,78,101,46800,60600,1,0.9722917,1
val,32,data_32.csv,persistent_leak,32_79_102,24,79,102,47400,61200,1,0.9687442,1
val,32,data_32.csv,persistent_leak,32_80_103,24,80,103,48000,61800,1,0.9677182,1
val,32,data_32.csv,persistent_leak,32_81_104,24,81,104,48600,62400,1,0.95833063,1
val,32,data_32.csv,persistent_leak,32_82_105,24,82,105,49200,63000,1,0.96063644,1
val,32,data_32.csv,persistent_leak,32_83_106,24,83,106,49800,63600,1,0.9497658,1
val,32,data_32.csv,persistent_leak,32_84_107,24,84,107,50400,64200,1,0.92259496,1
val,32,data_32.csv,persistent_leak,32_85_108,24,85,108,51000,64800,1,0.95785165,1
val,32,data_32.csv,persistent_leak,32_86_109,24,86,109,51600,65400,1,0.97421503,1
val,32,data_32.csv,persistent_leak,32_87_110,24,87,110,52200,66000,1,0.9712668,1
val,32,data_32.csv,persistent_leak,32_88_111,24,88,111,52800,66600,1,0.9709425,1
val,32,data_32.csv,persistent_leak,32_89_112,24,89,112,53400,67200,1,0.9660334,1
val,32,data_32.csv,persistent_leak,32_90_113,24,90,113,54000,67800,1,0.95752275,1
val,32,data_32.csv,persistent_leak,32_91_114,24,91,114,54600,68400,1,0.94570416,1
val,32,data_32.csv,persistent_leak,32_92_115,24,92,115,55200,69000,1,0.93315405,1
val,32,data_32.csv,persistent_leak,32_93_116,24,93,116,55800,69600,1,0.9213485,1
val,32,data_32.csv,persistent_leak,32_94_117,24,94,117,56400,70200,1,0.9203857,1
val,32,data_32.csv,persistent_leak,32_95_118,24,95,118,57000,70800,1,0.9251911,1
val,32,data_32.csv,persistent_leak,32_96_119,24,96,119,57600,71400,1,0.927519,1
val,32,data_32.csv,persistent_leak,32_97_120,24,97,120,58200,72000,1,0.90849286,1
val,32,data_32.csv,persistent_leak,32_98_121,24,98,121,58800,72600,1,0.87065494,1
val,32,data_32.csv,persistent_leak,32_99_122,24,99,122,59400,73200,1,0.8771017,1
val,32,data_32.csv,persistent_leak,32_100_123,24,100,123,60000,73800,1,0.8727122,1
val,32,data_32.csv,persistent_leak,32_101_124,24,101,124,60600,74400,1,0.8844325,1
val,32,data_32.csv,persistent_leak,32_102_125,24,102,125,61200,75000,1,0.90193015,1
val,32,data_32.csv,persistent_leak,32_103_126,24,103,126,61800,75600,1,0.9216279,1
val,32,data_32.csv,persistent_leak,32_104_127,24,104,127,62400,76200,1,0.9417112,1
val,32,data_32.csv,persistent_leak,32_105_128,24,105,128,63000,76800,1,0.9531382,1
val,32,data_32.csv,persistent_leak,32_106_129,24,106,129,63600,77400,1,0.95982075,1
val,32,data_32.csv,persistent_leak,32_107_130,24,107,130,64200,78000,1,0.97147244,1
val,32,data_32.csv,persistent_leak,32_108_131,24,108,131,64800,78600,1,0.9793647,1
val,32,data_32.csv,persistent_leak,32_109_132,24,109,132,65400,79200,1,0.96518856,1
val,32,data_32.csv,persistent_leak,32_110_133,24,110,133,66000,79800,1,0.93890667,1
val,32,data_32.csv,persistent_leak,32_111_134,24,111,134,66600,80400,1,0.93275684,1
val,32,data_32.csv,persistent_leak,32_112_135,24,112,135,67200,81000,1,0.92941624,1
val,32,data_32.csv,persistent_leak,32_113_136,24,113,136,67800,81600,1,0.91678286,1
val,32,data_32.csv,persistent_leak,32_114_137,24,114,137,68400,82200,1,0.9012421,1
val,32,data_32.csv,persistent_leak,32_115_138,24,115,138,69000,82800,1,0.8558501,1
val,32,data_32.csv,persistent_leak,32_116_139,24,116,139,69600,83400,1,0.7644904,1
val,32,data_32.csv,persistent_leak,32_117_140,24,117,140,70200,84000,1,0.76442176,1
val,32,data_32.csv,persistent_leak,32_118_141,24,118,141,70800,84600,1,0.7338625,1
val,32,data_32.csv,persistent_leak,32_119_142,24,119,142,71400,85200,1,0.71166897,1
val,32,data_32.csv,persistent_leak,32_120_143,24,120,143,72000,85800,1,0.69591093,1
val,32,data_32.csv,persistent_leak,32_121_144,24,121,144,72600,86400,1,0.70025027,1
val,37,data_37.csv,onset_leak,37_0_23,24,0,23,0,13800,0,4.834705e-09,0
val,37,data_37.csv,onset_leak,37_1_24,24,1,24,600,14400,0,4.964304e-09,0
val,37,data_37.csv,onset_leak,37_2_25,24,2,25,1200,15000,0,5.0010645e-09,0
val,37,data_37.csv,onset_leak,37_3_26,24,3,26,1800,15600,0,4.4182755e-09,0
val,37,data_37.csv,onset_leak,37_4_27,24,4,27,2400,16200,0,3.7211285e-09,0
val,37,data_37.csv,onset_leak,37_5_28,24,5,28,3000,16800,0,3.2346257e-09,0
val,37,data_37.csv,onset_leak,37_6_29,24,6,29,3600,17400,0,2.6702782e-09,0
val,37,data_37.csv,onset_leak,37_7_30,24,7,30,4200,18000,0,3.2600138e-09,0
val,37,data_37.csv,onset_leak,37_8_31,24,8,31,4800,18600,0,3.6799024e-09,0
val,37,data_37.csv,onset_leak,37_9_32,24,9,32,5400,19200,0,3.9133896e-09,0
val,37,data_37.csv,onset_leak,37_10_33,24,10,33,6000,19800,0,3.675406e-09,0
val,37,data_37.csv,onset_leak,37_11_34,24,11,34,6600,20400,0,3.6312977e-09,0
val,37,data_37.csv,onset_leak,37_12_35,24,12,35,7200,21000,0,3.359516e-09,0
val,37,data_37.csv,onset_leak,37_13_36,24,13,36,7800,21600,0,4.7720308e-09,0
val,37,data_37.csv,onset_leak,37_14_37,24,14,37,8400,22200,0,5.963895e-09,0
val,37,data_37.csv,onset_leak,37_15_38,24,15,38,9000,22800,0,7.569949e-09,0
val,37,data_37.csv,onset_leak,37_16_39,24,16,39,9600,23400,0,7.686988e-09,0
val,37,data_37.csv,onset_leak,37_17_40,24,17,40,10200,24000,0,8.586306e-09,0
val,37,data_37.csv,onset_leak,37_18_41,24,18,41,10800,24600,0,8.689707e-09,0
val,37,data_37.csv,onset_leak,37_19_42,24,19,42,11400,25200,0,1.2519671e-08,0
val,37,data_37.csv,onset_leak,37_20_43,24,20,43,12000,25800,0,1.5192176e-08,0
val,37,data_37.csv,onset_leak,37_21_44,24,21,44,12600,26400,0,2.0959783e-08,0
val,37,data_37.csv,onset_leak,37_22_45,24,22,45,13200,27000,0,2.2352381e-08,0
val,37,data_37.csv,onset_leak,37_23_46,24,23,46,13800,27600,0,2.7157677e-08,0
val,37,data_37.csv,onset_leak,37_24_47,24,24,47,14400,28200,0,2.9537802e-08,0
val,37,data_37.csv,onset_leak,37_25_48,24,25,48,15000,28800,0,5.002078e-08,0
val,37,data_37.csv,onset_leak,37_26_49,24,26,49,15600,29400,0,6.6995106e-08,0
val,37,data_37.csv,onset_leak,37_27_50,24,27,50,16200,30000,0,1.10419386e-07,0
val,37,data_37.csv,onset_leak,37_28_51,24,28,51,16800,30600,0,1.3376071e-07,0
val,37,data_37.csv,onset_leak,37_29_52,24,29,52,17400,31200,0,1.8541104e-07,0
val,37,data_37.csv,onset_leak,37_30_53,24,30,53,18000,31800,0,2.2698497e-07,0
val,37,data_37.csv,onset_leak,37_31_54,24,31,54,18600,32400,0,4.840572e-07,0
val,37,data_37.csv,onset_leak,37_32_55,24,32,55,19200,33000,0,7.802564e-07,0
val,37,data_37.csv,onset_leak,37_33_56,24,33,56,19800,33600,0,1.6545004e-06,0
val,37,data_37.csv,onset_leak,37_34_57,24,34,57,20400,34200,0,2.2669171e-06,0
val,37,data_37.csv,onset_leak,37_35_58,24,35,58,21000,34800,0,3.7383502e-06,0
val,37,data_37.csv,onset_leak,37_36_59,24,36,59,21600,35400,0,5.228132e-06,0
val,37,data_37.csv,onset_leak,37_37_60,24,37,60,22200,36000,0,1.2747708e-05,0
val,37,data_37.csv,onset_leak,37_38_61,24,38,61,22800,36600,0,2.0790285e-05,0
val,37,data_37.csv,onset_leak,37_39_62,24,39,62,23400,37200,0,4.954978e-05,0
val,37,data_37.csv,onset_leak,37_40_63,24,40,63,24000,37800,0,6.71708e-05,0
val,37,data_37.csv,onset_leak,37_41_64,24,41,64,24600,38400,0,0.000121462755,0
val,37,data_37.csv,onset_leak,37_42_65,24,42,65,25200,39000,0,0.00017101297,0
val,37,data_37.csv,onset_leak,37_43_66,24,43,66,25800,39600,0,0.00046450473,0
val,37,data_37.csv,onset_leak,37_44_67,24,44,67,26400,40200,0,0.00069047895,0
val,37,data_37.csv,onset_leak,37_45_68,24,45,68,27000,40800,0,0.0016102501,0
val,37,data_37.csv,onset_leak,37_46_69,24,46,69,27600,41400,0,0.0022160322,0
val,37,data_37.csv,onset_leak,37_47_70,24,47,70,28200,42000,0,0.004262748,0
val,37,data_37.csv,onset_leak,37_48_71,24,48,71,28800,42600,0,0.0060115946,0
val,37,data_37.csv,onset_leak,37_49_72,24,49,72,29400,43200,1,0.7029126,1
val,37,data_37.csv,onset_leak,37_50_73,24,50,73,30000,43800,1,0.94669217,1
val,37,data_37.csv,onset_leak,37_51_74,24,51,74,30600,44400,1,0.9755297,1
val,37,data_37.csv,onset_leak,37_52_75,24,52,75,31200,45000,1,0.9790573,1
val,37,data_37.csv,onset_leak,37_53_76,24,53,76,31800,45600,1,0.9885438,1
val,37,data_37.csv,onset_leak,37_54_77,24,54,77,32400,46200,1,0.99286324,1
val,37,data_37.csv,onset_leak,37_55_78,24,55,78,33000,46800,1,0.9941664,1
val,37,data_37.csv,onset_leak,37_56_79,24,56,79,33600,47400,1,0.9939084,1
val,37,data_37.csv,onset_leak,37_57_80,24,57,80,34200,48000,1,0.99475396,1
val,37,data_37.csv,onset_leak,37_58_81,24,58,81,34800,48600,1,0.99362844,1
val,37,data_37.csv,onset_leak,37_59_82,24,59,82,35400,49200,1,0.99608696,1
val,37,data_37.csv,onset_leak,37_60_83,24,60,83,36000,49800,1,0.99197525,1
val,37,data_37.csv,onset_leak,37_61_84,24,61,84,36600,50400,1,0.99438524,1
val,37,data_37.csv,onset_leak,37_62_85,24,62,85,37200,51000,1,0.99524057,1
val,37,data_37.csv,onset_leak,37_63_86,24,63,86,37800,51600,1,0.9917142,1
val,37,data_37.csv,onset_leak,37_64_87,24,64,87,38400,52200,1,0.98988473,1
val,37,data_37.csv,onset_leak,37_65_88,24,65,88,39000,52800,1,0.9887673,1
val,37,data_37.csv,onset_leak,37_66_89,24,66,89,39600,53400,1,0.9877665,1
val,37,data_37.csv,onset_leak,37_67_90,24,67,90,40200,54000,1,0.98528695,1
val,37,data_37.csv,onset_leak,37_68_91,24,68,91,40800,54600,1,0.98666304,1
val,37,data_37.csv,onset_leak,37_69_92,24,69,92,41400,55200,1,0.98828065,1
val,37,data_37.csv,onset_leak,37_70_93,24,70,93,42000,55800,1,0.9920054,1
val,37,data_37.csv,onset_leak,37_71_94,24,71,94,42600,56400,1,0.9963642,1
val,37,data_37.csv,onset_leak,37_72_95,24,72,95,43200,57000,1,0.9986577,1
val,37,data_37.csv,onset_leak,37_73_96,24,73,96,43800,57600,1,0.9978975,1
val,37,data_37.csv,onset_leak,37_74_97,24,74,97,44400,58200,1,0.9966833,1
val,37,data_37.csv,onset_leak,37_75_98,24,75,98,45000,58800,1,0.996935,1
val,37,data_37.csv,onset_leak,37_76_99,24,76,99,45600,59400,1,0.9968702,1
val,37,data_37.csv,onset_leak,37_77_100,24,77,100,46200,60000,1,0.99757797,1
val,37,data_37.csv,onset_leak,37_78_101,24,78,101,46800,60600,1,0.9981148,1
val,37,data_37.csv,onset_leak,37_79_102,24,79,102,47400,61200,1,0.9974728,1
val,37,data_37.csv,onset_leak,37_80_103,24,80,103,48000,61800,1,0.9964307,1
val,37,data_37.csv,onset_leak,37_81_104,24,81,104,48600,62400,1,0.9971623,1
val,37,data_37.csv,onset_leak,37_82_105,24,82,105,49200,63000,1,0.99728286,1
val,37,data_37.csv,onset_leak,37_83_106,24,83,106,49800,63600,1,0.9977983,1
val,37,data_37.csv,onset_leak,37_84_107,24,84,107,50400,64200,1,0.99822074,1
val,37,data_37.csv,onset_leak,37_85_108,24,85,108,51000,64800,1,0.9974827,1
val,37,data_37.csv,onset_leak,37_86_109,24,86,109,51600,65400,1,0.99643266,1
val,37,data_37.csv,onset_leak,37_87_110,24,87,110,52200,66000,1,0.9966893,1
val,37,data_37.csv,onset_leak,37_88_111,24,88,111,52800,66600,1,0.9964998,1
val,37,data_37.csv,onset_leak,37_89_112,24,89,112,53400,67200,1,0.9962651,1
val,37,data_37.csv,onset_leak,37_90_113,24,90,113,54000,67800,1,0.99598795,1
val,37,data_37.csv,onset_leak,37_91_114,24,91,114,54600,68400,1,0.9937967,1
val,37,data_37.csv,onset_leak,37_92_115,24,92,115,55200,69000,1,0.9899677,1
val,37,data_37.csv,onset_leak,37_93_116,24,93,116,55800,69600,1,0.9894475,1
val,37,data_37.csv,onset_leak,37_94_117,24,94,117,56400,70200,1,0.9877521,1
val,37,data_37.csv,onset_leak,37_95_118,24,95,118,57000,70800,1,0.9842493,1
val,37,data_37.csv,onset_leak,37_96_119,24,96,119,57600,71400,1,0.97959685,1
val,37,data_37.csv,onset_leak,37_97_120,24,97,120,58200,72000,1,0.9713041,1
val,37,data_37.csv,onset_leak,37_98_121,24,98,121,58800,72600,1,0.9570517,1
val,37,data_37.csv,onset_leak,37_99_122,24,99,122,59400,73200,1,0.9558514,1
val,37,data_37.csv,onset_leak,37_100_123,24,100,123,60000,73800,1,0.95039475,1
val,37,data_37.csv,onset_leak,37_101_124,24,101,124,60600,74400,1,0.94103605,1
val,37,data_37.csv,onset_leak,37_102_125,24,102,125,61200,75000,1,0.9295935,1
val,37,data_37.csv,onset_leak,37_103_126,24,103,126,61800,75600,1,0.91172636,1
val,37,data_37.csv,onset_leak,37_104_127,24,104,127,62400,76200,1,0.8789737,1
val,37,data_37.csv,onset_leak,37_105_128,24,105,128,63000,76800,1,0.87962115,1
val,37,data_37.csv,onset_leak,37_106_129,24,106,129,63600,77400,1,0.8720143,1
val,37,data_37.csv,onset_leak,37_107_130,24,107,130,64200,78000,1,0.86504084,1
val,37,data_37.csv,onset_leak,37_108_131,24,108,131,64800,78600,1,0.8576002,1
val,37,data_37.csv,onset_leak,37_109_132,24,109,132,65400,79200,1,0.8217499,1
val,37,data_37.csv,onset_leak,37_110_133,24,110,133,66000,79800,1,0.7515289,1
val,37,data_37.csv,onset_leak,37_111_134,24,111,134,66600,80400,1,0.747496,1
val,37,data_37.csv,onset_leak,37_112_135,24,112,135,67200,81000,1,0.72734386,1
val,37,data_37.csv,onset_leak,37_113_136,24,113,136,67800,81600,1,0.71065515,1
val,37,data_37.csv,onset_leak,37_114_137,24,114,137,68400,82200,1,0.6978087,1
val,37,data_37.csv,onset_leak,37_115_138,24,115,138,69000,82800,1,0.64516073,1
val,37,data_37.csv,onset_leak,37_116_139,24,116,139,69600,83400,1,0.4786059,0
val,37,data_37.csv,onset_leak,37_117_140,24,117,140,70200,84000,1,0.44699097,0
val,37,data_37.csv,onset_leak,37_118_141,24,118,141,70800,84600,1,0.37912658,0
val,37,data_37.csv,onset_leak,37_119_142,24,119,142,71400,85200,1,0.35391185,0
val,37,data_37.csv,onset_leak,37_120_143,24,120,143,72000,85800,1,0.29969856,0
val,37,data_37.csv,onset_leak,37_121_144,24,121,144,72600,86400,1,0.0525334,0
val,40,data_40.csv,onset_leak,40_0_23,24,0,23,0,13800,0,1.2453984e-08,0
val,40,data_40.csv,onset_leak,40_1_24,24,1,24,600,14400,0,1.35819915e-08,0
val,40,data_40.csv,onset_leak,40_2_25,24,2,25,1200,15000,0,1.4328953e-08,0
val,40,data_40.csv,onset_leak,40_3_26,24,3,26,1800,15600,0,1.4571184e-08,0
val,40,data_40.csv,onset_leak,40_4_27,24,4,27,2400,16200,0,1.3926986e-08,0
val,40,data_40.csv,onset_leak,40_5_28,24,5,28,3000,16800,0,1.3669966e-08,0
val,40,data_40.csv,onset_leak,40_6_29,24,6,29,3600,17400,0,1.29769715e-08,0
val,40,data_40.csv,onset_leak,40_7_30,24,7,30,4200,18000,0,1.4794579e-08,0
val,40,data_40.csv,onset_leak,40_8_31,24,8,31,4800,18600,0,1.5933143e-08,0
val,40,data_40.csv,onset_leak,40_9_32,24,9,32,5400,19200,0,1.7292557e-08,0
val,40,data_40.csv,onset_leak,40_10_33,24,10,33,6000,19800,0,1.7167904e-08,0
val,40,data_40.csv,onset_leak,40_11_34,24,11,34,6600,20400,0,1.7782911e-08,0
val,40,data_40.csv,onset_leak,40_12_35,24,12,35,7200,21000,0,1.7670287e-08,0
val,40,data_40.csv,onset_leak,40_13_36,24,13,36,7800,21600,0,2.0712198e-08,0
val,40,data_40.csv,onset_leak,40_14_37,24,14,37,8400,22200,0,2.2475461e-08,0
val,40,data_40.csv,onset_leak,40_15_38,24,15,38,9000,22800,0,2.5806262e-08,0
val,40,data_40.csv,onset_leak,40_16_39,24,16,39,9600,23400,0,2.6789317e-08,0
val,40,data_40.csv,onset_leak,40_17_40,24,17,40,10200,24000,0,2.918889e-08,0
val,40,data_40.csv,onset_leak,40_18_41,24,18,41,10800,24600,0,3.0476535e-08,0
val,40,data_40.csv,onset_leak,40_19_42,24,19,42,11400,25200,0,3.6714003e-08,0
val,40,data_40.csv,onset_leak,40_20_43,24,20,43,12000,25800,0,4.0479097e-08,0
val,40,data_40.csv,onset_leak,40_21_44,24,21,44,12600,26400,0,4.914151e-08,0
val,40,data_40.csv,onset_leak,40_22_45,24,22,45,13200,27000,0,5.3515336e-08,0
val,40,data_40.csv,onset_leak,40_23_46,24,23,46,13800,27600,0,6.1267336e-08,0
val,40,data_40.csv,onset_leak,40_24_47,24,24,47,14400,28200,0,6.737146e-08,0
val,40,data_40.csv,onset_leak,40_25_48,24,25,48,15000,28800,0,9.6019335e-08,0
val,40,data_40.csv,onset_leak,40_26_49,24,26,49,15600,29400,0,1.2105936e-07,0
val,40,data_40.csv,onset_leak,40_27_50,24,27,50,16200,30000,0,1.6662608e-07,0
val,40,data_40.csv,onset_leak,40_28_51,24,28,51,16800,30600,0,1.899807e-07,0
val,40,data_40.csv,onset_leak,40_29_52,24,29,52,17400,31200,0,2.3203958e-07,0
val,40,data_40.csv,onset_leak,40_30_53,24,30,53,18000,31800,0,2.6410538e-07,0
val,40,data_40.csv,onset_leak,40_31_54,24,31,54,18600,32400,0,8.5874206e-07,0
val,40,data_40.csv,onset_leak,40_32_55,24,32,55,19200,33000,0,1.9409697e-06,0
val,40,data_40.csv,onset_leak,40_33_56,24,33,56,19800,33600,0,4.330447e-06,0
val,40,data_40.csv,onset_leak,40_34_57,24,34,57,20400,34200,0,5.028925e-06,0
val,40,data_40.csv,onset_leak,40_35_58,24,35,58,21000,34800,0,7.517759e-06,0
val,40,data_40.csv,onset_leak,40_36_59,24,36,59,21600,35400,0,8.318585e-06,0
val,40,data_40.csv,onset_leak,40_37_60,24,37,60,22200,36000,0,4.8292375e-05,0
val,40,data_40.csv,onset_leak,40_38_61,24,38,61,22800,36600,0,0.00013233718,0
val,40,data_40.csv,onset_leak,40_39_62,24,39,62,23400,37200,0,0.00040724652,0
val,40,data_40.csv,onset_leak,40_40_63,24,40,63,24000,37800,0,0.00040564223,0
val,40,data_40.csv,onset_leak,40_41_64,24,41,64,24600,38400,0,0.0007303913,0
val,40,data_40.csv,onset_leak,40_42_65,24,42,65,25200,39000,0,0.0008145626,0
val,40,data_40.csv,onset_leak,40_43_66,24,43,66,25800,39600,0,0.004018499,0
val,40,data_40.csv,onset_leak,40_44_67,24,44,67,26400,40200,0,0.0045537828,0
val,40,data_40.csv,onset_leak,40_45_68,24,45,68,27000,40800,0,0.008198849,0
val,40,data_40.csv,onset_leak,40_46_69,24,46,69,27600,41400,0,0.0070793945,0
val,40,data_40.csv,onset_leak,40_47_70,24,47,70,28200,42000,0,0.013768086,0
val,40,data_40.csv,onset_leak,40_48_71,24,48,71,28800,42600,0,0.011139742,0
val,40,data_40.csv,onset_leak,40_49_72,24,49,72,29400,43200,1,0.7958816,1
val,40,data_40.csv,onset_leak,40_50_73,24,50,73,30000,43800,1,0.97181636,1
val,40,data_40.csv,onset_leak,40_51_74,24,51,74,30600,44400,1,0.98895067,1
val,40,data_40.csv,onset_leak,40_52_75,24,52,75,31200,45000,1,0.98959863,1
val,40,data_40.csv,onset_leak,40_53_76,24,53,76,31800,45600,1,0.99434316,1
val,40,data_40.csv,onset_leak,40_54_77,24,54,77,32400,46200,1,0.99570686,1
val,40,data_40.csv,onset_leak,40_55_78,24,55,78,33000,46800,1,0.9948015,1
val,40,data_40.csv,onset_leak,40_56_79,24,56,79,33600,47400,1,0.99418736,1
val,40,data_40.csv,onset_leak,40_57_80,24,57,80,34200,48000,1,0.9935569,1
val,40,data_40.csv,onset_leak,40_58_81,24,58,81,34800,48600,1,0.99018127,1
val,40,data_40.csv,onset_leak,40_59_82,24,59,82,35400,49200,1,0.99273986,1
val,40,data_40.csv,onset_leak,40_60_83,24,60,83,36000,49800,1,0.9865177,1
val,40,data_40.csv,onset_leak,40_61_84,24,61,84,36600,50400,1,0.9898358,1
val,40,data_40.csv,onset_leak,40_62_85,24,62,85,37200,51000,1,0.9929883,1
val,40,data_40.csv,onset_leak,40_63_86,24,63,86,37800,51600,1,0.9911822,1
val,40,data_40.csv,onset_leak,40_64_87,24,64,87,38400,52200,1,0.9899261,1
val,40,data_40.csv,onset_leak,40_65_88,24,65,88,39000,52800,1,0.9903357,1
val,40,data_40.csv,onset_leak,40_66_89,24,66,89,39600,53400,1,0.9922092,1
val,40,data_40.csv,onset_leak,40_67_90,24,67,90,40200,54000,1,0.9936494,1
val,40,data_40.csv,onset_leak,40_68_91,24,68,91,40800,54600,1,0.99546874,1
val,40,data_40.csv,onset_leak,40_69_92,24,69,92,41400,55200,1,0.9963252,1
val,40,data_40.csv,onset_leak,40_70_93,24,70,93,42000,55800,1,0.9975122,1
val,40,data_40.csv,onset_leak,40_71_94,24,71,94,42600,56400,1,0.9988167,1
val,40,data_40.csv,onset_leak,40_72_95,24,72,95,43200,57000,1,0.9995407,1
val,40,data_40.csv,onset_leak,40_73_96,24,73,96,43800,57600,1,0.99956936,1
val,40,data_40.csv,onset_leak,40_74_97,24,74,97,44400,58200,1,0.99959904,1
val,40,data_40.csv,onset_leak,40_75_98,24,75,98,45000,58800,1,0.9996,1
val,40,data_40.csv,onset_leak,40_76_99,24,76,99,45600,59400,1,0.9996107,1
val,40,data_40.csv,onset_leak,40_77_100,24,77,100,46200,60000,1,0.9996245,1
val,40,data_40.csv,onset_leak,40_78_101,24,78,101,46800,60600,1,0.9996395,1
val,40,data_40.csv,onset_leak,40_79_102,24,79,102,47400,61200,1,0.99963915,1
val,40,data_40.csv,onset_leak,40_80_103,24,80,103,48000,61800,1,0.9996389,1
val,40,data_40.csv,onset_leak,40_81_104,24,81,104,48600,62400,1,0.99963534,1
val,40,data_40.csv,onset_leak,40_82_105,24,82,105,49200,63000,1,0.99963486,1
val,40,data_40.csv,onset_leak,40_83_106,24,83,106,49800,63600,1,0.99963534,1
val,40,data_40.csv,onset_leak,40_84_107,24,84,107,50400,64200,1,0.99963415,1
val,40,data_40.csv,onset_leak,40_85_108,24,85,108,51000,64800,1,0.9995763,1
val,40,data_40.csv,onset_leak,40_86_109,24,86,109,51600,65400,1,0.99950874,1
val,40,data_40.csv,onset_leak,40_87_110,24,87,110,52200,66000,1,0.99951005,1
val,40,data_40.csv,onset_leak,40_88_111,24,88,111,52800,66600,1,0.9994978,1
val,40,data_40.csv,onset_leak,40_89_112,24,89,112,53400,67200,1,0.99950683,1
val,40,data_40.csv,onset_leak,40_90_113,24,90,113,54000,67800,1,0.99951553,1
val,40,data_40.csv,onset_leak,40_91_114,24,91,114,54600,68400,1,0.9988201,1
val,40,data_40.csv,onset_leak,40_92_115,24,92,115,55200,69000,1,0.9973015,1
val,40,data_40.csv,onset_leak,40_93_116,24,93,116,55800,69600,1,0.9974796,1
val,40,data_40.csv,onset_leak,40_94_117,24,94,117,56400,70200,1,0.99747133,1
val,40,data_40.csv,onset_leak,40_95_118,24,95,118,57000,70800,1,0.99766123,1
val,40,data_40.csv,onset_leak,40_96_119,24,96,119,57600,71400,1,0.9978775,1
val,40,data_40.csv,onset_leak,40_97_120,24,97,120,58200,72000,1,0.996357,1
val,40,data_40.csv,onset_leak,40_98_121,24,98,121,58800,72600,1,0.99221367,1
val,40,data_40.csv,onset_leak,40_99_122,24,99,122,59400,73200,1,0.9941685,1
val,40,data_40.csv,onset_leak,40_100_123,24,100,123,60000,73800,1,0.9935823,1
val,40,data_40.csv,onset_leak,40_101_124,24,101,124,60600,74400,1,0.99494946,1
val,40,data_40.csv,onset_leak,40_102_125,24,102,125,61200,75000,1,0.9963282,1
val,40,data_40.csv,onset_leak,40_103_126,24,103,126,61800,75600,1,0.9952963,1
val,40,data_40.csv,onset_leak,40_104_127,24,104,127,62400,76200,1,0.9925794,1
val,40,data_40.csv,onset_leak,40_105_128,24,105,128,63000,76800,1,0.9936871,1
val,40,data_40.csv,onset_leak,40_106_129,24,106,129,63600,77400,1,0.9931518,1
val,40,data_40.csv,onset_leak,40_107_130,24,107,130,64200,78000,1,0.9936858,1
val,40,data_40.csv,onset_leak,40_108_131,24,108,131,64800,78600,1,0.99397814,1
val,40,data_40.csv,onset_leak,40_109_132,24,109,132,65400,79200,1,0.98991513,1
val,40,data_40.csv,onset_leak,40_110_133,24,110,133,66000,79800,1,0.9812804,1
val,40,data_40.csv,onset_leak,40_111_134,24,111,134,66600,80400,1,0.9741455,1
val,40,data_40.csv,onset_leak,40_112_135,24,112,135,67200,81000,1,0.9690195,1
val,40,data_40.csv,onset_leak,40_113_136,24,113,136,67800,81600,1,0.95459485,1
val,40,data_40.csv,onset_leak,40_114_137,24,114,137,68400,82200,1,0.93506736,1
val,40,data_40.csv,onset_leak,40_115_138,24,115,138,69000,82800,1,0.9066116,1
val,40,data_40.csv,onset_leak,40_116_139,24,116,139,69600,83400,1,0.86328894,1
val,40,data_40.csv,onset_leak,40_117_140,24,117,140,70200,84000,1,0.8204675,1
val,40,data_40.csv,onset_leak,40_118_141,24,118,141,70800,84600,1,0.7749368,1
val,40,data_40.csv,onset_leak,40_119_142,24,119,142,71400,85200,1,0.6947858,1
val,40,data_40.csv,onset_leak,40_120_143,24,120,143,72000,85800,1,0.55072606,0
val,40,data_40.csv,onset_leak,40_121_144,24,121,144,72600,86400,1,0.15862523,0
val,49,data_49.csv,onset_leak,49_0_23,24,0,23,0,13800,0,6.2895154e-08,0
val,49,data_49.csv,onset_leak,49_1_24,24,1,24,600,14400,0,5.8220124e-08,0
val,49,data_49.csv,onset_leak,49_2_25,24,2,25,1200,15000,0,5.665784e-08,0
val,49,data_49.csv,onset_leak,49_3_26,24,3,26,1800,15600,0,4.692587e-08,0
val,49,data_49.csv,onset_leak,49_4_27,24,4,27,2400,16200,0,4.0084267e-08,0
val,49,data_49.csv,onset_leak,49_5_28,24,5,28,3000,16800,0,3.3844916e-08,0
val,49,data_49.csv,onset_leak,49_6_29,24,6,29,3600,17400,0,2.8345715e-08,0
val,49,data_49.csv,onset_leak,49_7_30,24,7,30,4200,18000,0,2.7367232e-08,0
val,49,data_49.csv,onset_leak,49_8_31,24,8,31,4800,18600,0,2.696906e-08,0
val,49,data_49.csv,onset_leak,49_9_32,24,9,32,5400,19200,0,2.3586718e-08,0
val,49,data_49.csv,onset_leak,49_10_33,24,10,33,6000,19800,0,2.0558268e-08,0
val,49,data_49.csv,onset_leak,49_11_34,24,11,34,6600,20400,0,1.807853e-08,0
val,49,data_49.csv,onset_leak,49_12_35,24,12,35,7200,21000,0,1.5558175e-08,0
val,49,data_49.csv,onset_leak,49_13_36,24,13,36,7800,21600,0,1.5110565e-08,0
val,49,data_49.csv,onset_leak,49_14_37,24,14,37,8400,22200,0,1.4661314e-08,0
val,49,data_49.csv,onset_leak,49_15_38,24,15,38,9000,22800,0,1.3371295e-08,0
val,49,data_49.csv,onset_leak,49_16_39,24,16,39,9600,23400,0,1.21362165e-08,0
val,49,data_49.csv,onset_leak,49_17_40,24,17,40,10200,24000,0,1.115425e-08,0
val,49,data_49.csv,onset_leak,49_18_41,24,18,41,10800,24600,0,1.0054217e-08,0
val,49,data_49.csv,onset_leak,49_19_42,24,19,42,11400,25200,0,9.962626e-09,0
val,49,data_49.csv,onset_leak,49_20_43,24,20,43,12000,25800,0,9.802054e-09,0
val,49,data_49.csv,onset_leak,49_21_44,24,21,44,12600,26400,0,9.4612185e-09,0
val,49,data_49.csv,onset_leak,49_22_45,24,22,45,13200,27000,0,9.1361185e-09,0
val,49,data_49.csv,onset_leak,49_23_46,24,23,46,13800,27600,0,8.850825e-09,0
val,49,data_49.csv,onset_leak,49_24_47,24,24,47,14400,28200,0,8.504469e-09,0
val,49,data_49.csv,onset_leak,49_25_48,24,25,48,15000,28800,0,8.504469e-09,0
val,49,data_49.csv,onset_leak,49_26_49,24,26,49,15600,29400,0,8.504469e-09,0
val,49,data_49.csv,onset_leak,49_27_50,24,27,50,16200,30000,0,8.504469e-09,0
val,49,data_49.csv,onset_leak,49_28_51,24,28,51,16800,30600,0,8.504469e-09,0
val,49,data_49.csv,onset_leak,49_29_52,24,29,52,17400,31200,0,8.504469e-09,0
val,49,data_49.csv,onset_leak,49_30_53,24,30,53,18000,31800,0,8.504469e-09,0
val,49,data_49.csv,onset_leak,49_31_54,24,31,54,18600,32400,0,3.3482017e-08,0
val,49,data_49.csv,onset_leak,49_32_55,24,32,55,19200,33000,0,9.3235684e-08,0
val,49,data_49.csv,onset_leak,49_33_56,24,33,56,19800,33600,0,1.9234703e-07,0
val,49,data_49.csv,onset_leak,49_34_57,24,34,57,20400,34200,0,2.0276332e-07,0
val,49,data_49.csv,onset_leak,49_35_58,24,35,58,21000,34800,0,2.57229e-07,0
val,49,data_49.csv,onset_leak,49_36_59,24,36,59,21600,35400,0,2.387391e-07,0
val,49,data_49.csv,onset_leak,49_37_60,24,37,60,22200,36000,0,2.4946646e-06,0
val,49,data_49.csv,onset_leak,49_38_61,24,38,61,22800,36600,0,1.1378031e-05,0
val,49,data_49.csv,onset_leak,49_39_62,24,39,62,23400,37200,0,4.503583e-05,0
val,49,data_49.csv,onset_leak,49_40_63,24,40,63,24000,37800,0,3.8972863e-05,0
val,49,data_49.csv,onset_leak,49_41_64,24,41,64,24600,38400,0,7.76354e-05,0
val,49,data_49.csv,onset_leak,49_42_65,24,42,65,25200,39000,0,7.429264e-05,0
val,49,data_49.csv,onset_leak,49_43_66,24,43,66,25800,39600,0,0.00024751638,0
val,49,data_49.csv,onset_leak,49_44_67,24,44,67,26400,40200,0,0.00019835964,0
val,49,data_49.csv,onset_leak,49_45_68,24,45,68,27000,40800,0,0.0003312221,0
val,49,data_49.csv,onset_leak,49_46_69,24,46,69,27600,41400,0,0.00028719724,0
val,49,data_49.csv,onset_leak,49_47_70,24,47,70,28200,42000,0,0.0003939275,0
val,49,data_49.csv,onset_leak,49_48_71,24,48,71,28800,42600,0,0.0002851662,0
val,49,data_49.csv,onset_leak,49_49_72,24,49,72,29400,43200,0,0.00019309255,0
val,49,data_49.csv,onset_leak,49_50_73,24,50,73,30000,43800,0,7.106351e-05,0
val,49,data_49.csv,onset_leak,49_51_74,24,51,74,30600,44400,0,6.491732e-05,0
val,49,data_49.csv,onset_leak,49_52_75,24,52,75,31200,45000,0,0.00017863321,0
val,49,data_49.csv,onset_leak,49_53_76,24,53,76,31800,45600,0,0.00032442255,0
val,49,data_49.csv,onset_leak,49_54_77,24,54,77,32400,46200,0,0.0008164603,0
val,49,data_49.csv,onset_leak,49_55_78,24,55,78,33000,46800,0,0.0008766033,0
val,49,data_49.csv,onset_leak,49_56_79,24,56,79,33600,47400,0,0.00160498,0
val,49,data_49.csv,onset_leak,49_57_80,24,57,80,34200,48000,0,0.0040515354,0
val,49,data_49.csv,onset_leak,49_58_81,24,58,81,34800,48600,0,0.017368346,0
val,49,data_49.csv,onset_leak,49_59_82,24,59,82,35400,49200,0,0.036408387,0
val,49,data_49.csv,onset_leak,49_60_83,24,60,83,36000,49800,0,0.08584124,0
val,49,data_49.csv,onset_leak,49_61_84,24,61,84,36600,50400,0,0.07444986,0
val,49,data_49.csv,onset_leak,49_62_85,24,62,85,37200,51000,0,0.058755867,0
val,49,data_49.csv,onset_leak,49_63_86,24,63,86,37800,51600,0,0.07350912,0
val,49,data_49.csv,onset_leak,49_64_87,24,64,87,38400,52200,0,0.08260944,0
val,49,data_49.csv,onset_leak,49_65_88,24,65,88,39000,52800,0,0.12349463,0
val,49,data_49.csv,onset_leak,49_66_89,24,66,89,39600,53400,0,0.26091102,0
val,49,data_49.csv,onset_leak,49_67_90,24,67,90,40200,54000,0,0.30042306,0
val,49,data_49.csv,onset_leak,49_68_91,24,68,91,40800,54600,0,0.37952614,0
val,49,data_49.csv,onset_leak,49_69_92,24,69,92,41400,55200,0,0.40816402,0
val,49,data_49.csv,onset_leak,49_70_93,24,70,93,42000,55800,0,0.44658366,0
val,49,data_49.csv,onset_leak,49_71_94,24,71,94,42600,56400,0,0.45051295,0
val,49,data_49.csv,onset_leak,49_72_95,24,72,95,43200,57000,0,0.4838952,0
val,49,data_49.csv,onset_leak,49_73_96,24,73,96,43800,57600,0,0.60891175,1
val,49,data_49.csv,onset_leak,49_74_97,24,74,97,44400,58200,0,0.70283055,1
val,49,data_49.csv,onset_leak,49_75_98,24,75,98,45000,58800,0,0.7096655,1
val,49,data_49.csv,onset_leak,49_76_99,24,76,99,45600,59400,0,0.73884666,1
val,49,data_49.csv,onset_leak,49_77_100,24,77,100,46200,60000,0,0.7570525,1
val,49,data_49.csv,onset_leak,49_78_101,24,78,101,46800,60600,0,0.77165717,1
val,49,data_49.csv,onset_leak,49_79_102,24,79,102,47400,61200,0,0.8627672,1
val,49,data_49.csv,onset_leak,49_80_103,24,80,103,48000,61800,0,0.89950335,1
val,49,data_49.csv,onset_leak,49_81_104,24,81,104,48600,62400,0,0.903873,1
val,49,data_49.csv,onset_leak,49_82_105,24,82,105,49200,63000,0,0.90263563,1
val,49,data_49.csv,onset_leak,49_83_106,24,83,106,49800,63600,0,0.91229916,1
val,49,data_49.csv,onset_leak,49_84_107,24,84,107,50400,64200,0,0.8969995,1
val,49,data_49.csv,onset_leak,49_85_108,24,85,108,51000,64800,0,0.9189675,1
val,49,data_49.csv,onset_leak,49_86_109,24,86,109,51600,65400,0,0.9309428,1
val,49,data_49.csv,onset_leak,49_87_110,24,87,110,52200,66000,0,0.9135312,1
val,49,data_49.csv,onset_leak,49_88_111,24,88,111,52800,66600,0,0.8923697,1
val,49,data_49.csv,onset_leak,49_89_112,24,89,112,53400,67200,0,0.8916633,1
val,49,data_49.csv,onset_leak,49_90_113,24,90,113,54000,67800,0,0.8679131,1
val,49,data_49.csv,onset_leak,49_91_114,24,91,114,54600,68400,0,0.6253869,1
val,49,data_49.csv,onset_leak,49_92_115,24,92,115,55200,69000,0,0.31929654,0
val,49,data_49.csv,onset_leak,49_93_116,24,93,116,55800,69600,0,0.20472707,0
val,49,data_49.csv,onset_leak,49_94_117,24,94,117,56400,70200,0,0.13177755,0
val,49,data_49.csv,onset_leak,49_95_118,24,95,118,57000,70800,0,0.20199199,0
val,49,data_49.csv,onset_leak,49_96_119,24,96,119,57600,71400,0,0.32529247,0
val,49,data_49.csv,onset_leak,49_97_120,24,97,120,58200,72000,0,0.12007191,0
val,49,data_49.csv,onset_leak,49_98_121,24,98,121,58800,72600,0,0.004064569,0
val,49,data_49.csv,onset_leak,49_99_122,24,99,122,59400,73200,0,0.0023031312,0
val,49,data_49.csv,onset_leak,49_100_123,24,100,123,60000,73800,0,0.0015500461,0
val,49,data_49.csv,onset_leak,49_101_124,24,101,124,60600,74400,0,0.0041012242,0
val,49,data_49.csv,onset_leak,49_102_125,24,102,125,61200,75000,0,0.009648581,0
val,49,data_49.csv,onset_leak,49_103_126,24,103,126,61800,75600,0,0.006760629,0
val,49,data_49.csv,onset_leak,49_104_127,24,104,127,62400,76200,0,0.004313406,0
val,49,data_49.csv,onset_leak,49_105_128,24,105,128,63000,76800,0,0.015739363,0
val,49,data_49.csv,onset_leak,49_106_129,24,106,129,63600,77400,0,0.020482643,0
val,49,data_49.csv,onset_leak,49_107_130,24,107,130,64200,78000,0,0.050595995,0
val,49,data_49.csv,onset_leak,49_108_131,24,108,131,64800,78600,0,0.07169101,0
val,49,data_49.csv,onset_leak,49_109_132,24,109,132,65400,79200,0,0.046053275,0
val,49,data_49.csv,onset_leak,49_110_133,24,110,133,66000,79800,0,0.057753105,0
val,49,data_49.csv,onset_leak,49_111_134,24,111,134,66600,80400,0,0.05491172,0
val,49,data_49.csv,onset_leak,49_112_135,24,112,135,67200,81000,0,0.057841696,0
val,49,data_49.csv,onset_leak,49_113_136,24,113,136,67800,81600,0,0.036796656,0
val,49,data_49.csv,onset_leak,49_114_137,24,114,137,68400,82200,0,0.039122667,0
val,49,data_49.csv,onset_leak,49_115_138,24,115,138,69000,82800,0,0.04577489,0
val,49,data_49.csv,onset_leak,49_116_139,24,116,139,69600,83400,0,0.03300715,0
val,49,data_49.csv,onset_leak,49_117_140,24,117,140,70200,84000,0,0.0048948242,0
val,49,data_49.csv,onset_leak,49_118_141,24,118,141,70800,84600,0,0.0007013695,0
val,49,data_49.csv,onset_leak,49_119_142,24,119,142,71400,85200,0,9.696753e-05,0
val,49,data_49.csv,onset_leak,49_120_143,24,120,143,72000,85800,0,8.811271e-06,0
val,49,data_49.csv,onset_leak,49_121_144,24,121,144,72600,86400,0,5.975574e-06,0
val,59,data_59.csv,onset_leak,59_0_23,24,0,23,0,13800,0,2.8436895e-09,0
val,59,data_59.csv,onset_leak,59_1_24,24,1,24,600,14400,0,2.7116205e-09,0
val,59,data_59.csv,onset_leak,59_2_25,24,2,25,1200,15000,0,2.6284783e-09,0
val,59,data_59.csv,onset_leak,59_3_26,24,3,26,1800,15600,0,2.267364e-09,0
val,59,data_59.csv,onset_leak,59_4_27,24,4,27,2400,16200,0,1.9666877e-09,0
val,59,data_59.csv,onset_leak,59_5_28,24,5,28,3000,16800,0,1.7162035e-09,0
val,59,data_59.csv,onset_leak,59_6_29,24,6,29,3600,17400,0,1.4667292e-09,0
val,59,data_59.csv,onset_leak,59_7_30,24,7,30,4200,18000,0,2.6258626e-09,0
val,59,data_59.csv,onset_leak,59_8_31,24,8,31,4800,18600,0,4.0269543e-09,0
val,59,data_59.csv,onset_leak,59_9_32,24,9,32,5400,19200,0,5.169193e-09,0
val,59,data_59.csv,onset_leak,59_10_33,24,10,33,6000,19800,0,5.0139772e-09,0
val,59,data_59.csv,onset_leak,59_11_34,24,11,34,6600,20400,0,5.1823426e-09,0
val,59,data_59.csv,onset_leak,59_12_35,24,12,35,7200,21000,0,4.713908e-09,0
val,59,data_59.csv,onset_leak,59_13_36,24,13,36,7800,21600,0,8.083815e-09,0
val,59,data_59.csv,onset_leak,59_14_37,24,14,37,8400,22200,0,1.1465316e-08,0
val,59,data_59.csv,onset_leak,59_15_38,24,15,38,9000,22800,0,1.6913802e-08,0
val,59,data_59.csv,onset_leak,59_16_39,24,16,39,9600,23400,0,1.6000934e-08,0
val,59,data_59.csv,onset_leak,59_17_40,24,17,40,10200,24000,0,1.9145862e-08,0
val,59,data_59.csv,onset_leak,59_18_41,24,18,41,10800,24600,0,1.90343e-08,0
val,59,data_59.csv,onset_leak,59_19_42,24,19,42,11400,25200,0,3.409404e-08,0
val,59,data_59.csv,onset_leak,59_20_43,24,20,43,12000,25800,0,4.2308365e-08,0
val,59,data_59.csv,onset_leak,59_21_44,24,21,44,12600,26400,0,6.453901e-08,0
val,59,data_59.csv,onset_leak,59_22_45,24,22,45,13200,27000,0,6.553972e-08,0
val,59,data_59.csv,onset_leak,59_23_46,24,23,46,13800,27600,0,8.3019856e-08,0
val,59,data_59.csv,onset_leak,59_24_47,24,24,47,14400,28200,0,8.466778e-08,0
val,59,data_59.csv,onset_leak,59_25_48,24,25,48,15000,28800,0,1.4699316e-07,0
val,59,data_59.csv,onset_leak,59_26_49,24,26,49,15600,29400,0,1.9124774e-07,0
val,59,data_59.csv,onset_leak,59_27_50,24,27,50,16200,30000,0,4.1488073e-07,0
val,59,data_59.csv,onset_leak,59_28_51,24,28,51,16800,30600,0,6.443483e-07,0
val,59,data_59.csv,onset_leak,59_29_52,24,29,52,17400,31200,0,1.183689e-06,0
val,59,data_59.csv,onset_leak,59_30_53,24,30,53,18000,31800,0,1.970109e-06,0
val,59,data_59.csv,onset_leak,59_31_54,24,31,54,18600,32400,0,3.1673658e-06,0
val,59,data_59.csv,onset_leak,59_32_55,24,32,55,19200,33000,0,4.0463156e-06,0
val,59,data_59.csv,onset_leak,59_33_56,24,33,56,19800,33600,0,8.267794e-06,0
val,59,data_59.csv,onset_leak,59_34_57,24,34,57,20400,34200,0,1.40193715e-05,0
val,59,data_59.csv,onset_leak,59_35_58,24,35,58,21000,34800,0,2.7016587e-05,0
val,59,data_59.csv,onset_leak,59_36_59,24,36,59,21600,35400,0,4.823282e-05,0
val,59,data_59.csv,onset_leak,59_37_60,24,37,60,22200,36000,0,6.5410415e-05,0
val,59,data_59.csv,onset_leak,59_38_61,24,38,61,22800,36600,0,8.4747255e-05,0
val,59,data_59.csv,onset_leak,59_39_62,24,39,62,23400,37200,0,0.00015801965,0
val,59,data_59.csv,onset_leak,59_40_63,24,40,63,24000,37800,0,0.00027675834,0
val,59,data_59.csv,onset_leak,59_41_64,24,41,64,24600,38400,0,0.00052865216,0
val,59,data_59.csv,onset_leak,59_42_65,24,42,65,25200,39000,0,0.0009824862,0
val,59,data_59.csv,onset_leak,59_43_66,24,43,66,25800,39600,0,0.003041643,0
val,59,data_59.csv,onset_leak,59_44_67,24,44,67,26400,40200,0,0.0070967944,0
val,59,data_59.csv,onset_leak,59_45_68,24,45,68,27000,40800,0,0.017941367,0
val,59,data_59.csv,onset_leak,59_46_69,24,46,69,27600,41400,0,0.028168073,0
val,59,data_59.csv,onset_leak,59_47_70,24,47,70,28200,42000,0,0.04872493,0
val,59,data_59.csv,onset_leak,59_48_71,24,48,71,28800,42600,0,0.07019399,0
val,59,data_59.csv,onset_leak,59_49_72,24,49,72,29400,43200,0,0.108125456,0
val,59,data_59.csv,onset_leak,59_50_73,24,50,73,30000,43800,0,0.11867535,0
val,59,data_59.csv,onset_leak,59_51_74,24,51,74,30600,44400,0,0.16806667,0
val,59,data_59.csv,onset_leak,59_52_75,24,52,75,31200,45000,0,0.17119658,0
val,59,data_59.csv,onset_leak,59_53_76,24,53,76,31800,45600,0,0.26771,0
val,59,data_59.csv,onset_leak,59_54_77,24,54,77,32400,46200,0,0.29175454,0
val,59,data_59.csv,onset_leak,59_55_78,24,55,78,33000,46800,0,0.24921456,0
val,59,data_59.csv,onset_leak,59_56_79,24,56,79,33600,47400,0,0.17396575,0
val,59,data_59.csv,onset_leak,59_57_80,24,57,80,34200,48000,0,0.14566344,0
val,59,data_59.csv,onset_leak,59_58_81,24,58,81,34800,48600,0,0.168438,0
val,59,data_59.csv,onset_leak,59_59_82,24,59,82,35400,49200,0,0.16076681,0
val,59,data_59.csv,onset_leak,59_60_83,24,60,83,36000,49800,0,0.15298748,0
val,59,data_59.csv,onset_leak,59_61_84,24,61,84,36600,50400,0,0.156059,0
val,59,data_59.csv,onset_leak,59_62_85,24,62,85,37200,51000,0,0.15629801,0
val,59,data_59.csv,onset_leak,59_63_86,24,63,86,37800,51600,0,0.1341402,0
val,59,data_59.csv,onset_leak,59_64_87,24,64,87,38400,52200,0,0.14524364,0
val,59,data_59.csv,onset_leak,59_65_88,24,65,88,39000,52800,0,0.14688356,0
val,59,data_59.csv,onset_leak,59_66_89,24,66,89,39600,53400,0,0.17022735,0
val,59,data_59.csv,onset_leak,59_67_90,24,67,90,40200,54000,0,0.14376119,0
val,59,data_59.csv,onset_leak,59_68_91,24,68,91,40800,54600,0,0.11754048,0
val,59,data_59.csv,onset_leak,59_69_92,24,69,92,41400,55200,0,0.11622952,0
val,59,data_59.csv,onset_leak,59_70_93,24,70,93,42000,55800,0,0.114003606,0
val,59,data_59.csv,onset_leak,59_71_94,24,71,94,42600,56400,0,0.12584318,0
val,59,data_59.csv,onset_leak,59_72_95,24,72,95,43200,57000,0,0.16524097,0
val,59,data_59.csv,onset_leak,59_73_96,24,73,96,43800,57600,0,0.13707642,0
val,59,data_59.csv,onset_leak,59_74_97,24,74,97,44400,58200,0,0.07922311,0
val,59,data_59.csv,onset_leak,59_75_98,24,75,98,45000,58800,0,0.05746786,0
val,59,data_59.csv,onset_leak,59_76_99,24,76,99,45600,59400,0,0.04392742,0
val,59,data_59.csv,onset_leak,59_77_100,24,77,100,46200,60000,0,0.043930516,0
val,59,data_59.csv,onset_leak,59_78_101,24,78,101,46800,60600,0,0.04810271,0
val,59,data_59.csv,onset_leak,59_79_102,24,79,102,47400,61200,0,0.045206744,0
val,59,data_59.csv,onset_leak,59_80_103,24,80,103,48000,61800,0,0.04310197,0
val,59,data_59.csv,onset_leak,59_81_104,24,81,104,48600,62400,0,0.054442063,0
val,59,data_59.csv,onset_leak,59_82_105,24,82,105,49200,63000,0,0.057623062,0
val,59,data_59.csv,onset_leak,59_83_106,24,83,106,49800,63600,0,0.068887986,0
val,59,data_59.csv,onset_leak,59_84_107,24,84,107,50400,64200,0,0.08249109,0
val,59,data_59.csv,onset_leak,59_85_108,24,85,108,51000,64800,0,0.11120897,0
val,59,data_59.csv,onset_leak,59_86_109,24,86,109,51600,65400,0,0.1650307,0
val,59,data_59.csv,onset_leak,59_87_110,24,87,110,52200,66000,0,0.21670032,0
val,59,data_59.csv,onset_leak,59_88_111,24,88,111,52800,66600,0,0.26594752,0
val,59,data_59.csv,onset_leak,59_89_112,24,89,112,53400,67200,0,0.29022038,0
val,59,data_59.csv,onset_leak,59_90_113,24,90,113,54000,67800,0,0.32727957,0
val,59,data_59.csv,onset_leak,59_91_114,24,91,114,54600,68400,0,0.45017743,0
val,59,data_59.csv,onset_leak,59_92_115,24,92,115,55200,69000,0,0.5565673,0
val,59,data_59.csv,onset_leak,59_93_116,24,93,116,55800,69600,0,0.5473392,0
val,59,data_59.csv,onset_leak,59_94_117,24,94,117,56400,70200,0,0.4024999,0
val,59,data_59.csv,onset_leak,59_95_118,24,95,118,57000,70800,0,0.2799722,0
val,59,data_59.csv,onset_leak,59_96_119,24,96,119,57600,71400,0,0.14726707,0
val,59,data_59.csv,onset_leak,59_97_120,24,97,120,58200,72000,0,0.07327956,0
val,59,data_59.csv,onset_leak,59_98_121,24,98,121,58800,72600,0,0.036453724,0
val,59,data_59.csv,onset_leak,59_99_122,24,99,122,59400,73200,0,0.02168701,0
val,59,data_59.csv,onset_leak,59_100_123,24,100,123,60000,73800,0,0.015458675,0
val,59,data_59.csv,onset_leak,59_101_124,24,101,124,60600,74400,0,0.012021109,0
val,59,data_59.csv,onset_leak,59_102_125,24,102,125,61200,75000,0,0.009864111,0
val,59,data_59.csv,onset_leak,59_103_126,24,103,126,61800,75600,0,0.0019081469,0
val,59,data_59.csv,onset_leak,59_104_127,24,104,127,62400,76200,0,0.00034018228,0
val,59,data_59.csv,onset_leak,59_105_128,24,105,128,63000,76800,0,0.00011390637,0
val,59,data_59.csv,onset_leak,59_106_129,24,106,129,63600,77400,0,0.00011835087,0
val,59,data_59.csv,onset_leak,59_107_130,24,107,130,64200,78000,0,0.000103213475,0
val,59,data_59.csv,onset_leak,59_108_131,24,108,131,64800,78600,0,0.00014081929,0
val,59,data_59.csv,onset_leak,59_109_132,24,109,132,65400,79200,0,0.00010188727,0
val,59,data_59.csv,onset_leak,59_110_133,24,110,133,66000,79800,0,9.4475414e-05,0
val,59,data_59.csv,onset_leak,59_111_134,24,111,134,66600,80400,0,9.886609e-05,0
val,59,data_59.csv,onset_leak,59_112_135,24,112,135,67200,81000,0,0.0001471207,0
val,59,data_59.csv,onset_leak,59_113_136,24,113,136,67800,81600,0,0.0001914441,0
val,59,data_59.csv,onset_leak,59_114_137,24,114,137,68400,82200,0,0.0002985152,0
val,59,data_59.csv,onset_leak,59_115_138,24,115,138,69000,82800,0,0.00015693074,0
val,59,data_59.csv,onset_leak,59_116_139,24,116,139,69600,83400,0,0.00015396706,0
val,59,data_59.csv,onset_leak,59_117_140,24,117,140,70200,84000,0,9.027178e-05,0
val,59,data_59.csv,onset_leak,59_118_141,24,118,141,70800,84600,0,5.534307e-05,0
val,59,data_59.csv,onset_leak,59_119_142,24,119,142,71400,85200,0,3.3824206e-05,0
val,59,data_59.csv,onset_leak,59_120_143,24,120,143,72000,85800,0,2.8455514e-05,0
val,59,data_59.csv,onset_leak,59_121_144,24,121,144,72600,86400,0,2.4753173e-05,0
test,2,data_2.csv,normal,2_0_23,24,0,23,0,13800,0,1.5082405e-08,0
test,2,data_2.csv,normal,2_1_24,24,1,24,600,14400,0,2.264543e-08,0
test,2,data_2.csv,normal,2_2_25,24,2,25,1200,15000,0,2.8027133e-08,0
test,2,data_2.csv,normal,2_3_26,24,3,26,1800,15600,0,2.2137058e-08,0
test,2,data_2.csv,normal,2_4_27,24,4,27,2400,16200,0,1.4069507e-08,0
test,2,data_2.csv,normal,2_5_28,24,5,28,3000,16800,0,9.623803e-09,0
test,2,data_2.csv,normal,2_6_29,24,6,29,3600,17400,0,5.5088463e-09,0
test,2,data_2.csv,normal,2_7_30,24,7,30,4200,18000,0,8.587223e-09,0
test,2,data_2.csv,normal,2_8_31,24,8,31,4800,18600,0,1.1490361e-08,0
test,2,data_2.csv,normal,2_9_32,24,9,32,5400,19200,0,1.5151027e-08,0
test,2,data_2.csv,normal,2_10_33,24,10,33,6000,19800,0,1.3716927e-08,0
test,2,data_2.csv,normal,2_11_34,24,11,34,6600,20400,0,1.5211139e-08,0
test,2,data_2.csv,normal,2_12_35,24,12,35,7200,21000,0,1.4319364e-08,0
test,2,data_2.csv,normal,2_13_36,24,13,36,7800,21600,0,2.1523974e-08,0
test,2,data_2.csv,normal,2_14_37,24,14,37,8400,22200,0,2.3978638e-08,0
test,2,data_2.csv,normal,2_15_38,24,15,38,9000,22800,0,3.2000173e-08,0
test,2,data_2.csv,normal,2_16_39,24,16,39,9600,23400,0,3.1268133e-08,0
test,2,data_2.csv,normal,2_17_40,24,17,40,10200,24000,0,3.6581262e-08,0
test,2,data_2.csv,normal,2_18_41,24,18,41,10800,24600,0,3.6012818e-08,0
test,2,data_2.csv,normal,2_19_42,24,19,42,11400,25200,0,1.0473777e-07,0
test,2,data_2.csv,normal,2_20_43,24,20,43,12000,25800,0,2.0996282e-07,0
test,2,data_2.csv,normal,2_21_44,24,21,44,12600,26400,0,5.452193e-07,0
test,2,data_2.csv,normal,2_22_45,24,22,45,13200,27000,0,8.280524e-07,0
test,2,data_2.csv,normal,2_23_46,24,23,46,13800,27600,0,1.5199429e-06,0
test,2,data_2.csv,normal,2_24_47,24,24,47,14400,28200,0,2.272025e-06,0
test,2,data_2.csv,normal,2_25_48,24,25,48,15000,28800,0,6.131332e-06,0
test,2,data_2.csv,normal,2_26_49,24,26,49,15600,29400,0,1.0778696e-05,0
test,2,data_2.csv,normal,2_27_50,24,27,50,16200,30000,0,3.0647374e-05,0
test,2,data_2.csv,normal,2_28_51,24,28,51,16800,30600,0,4.5307905e-05,0
test,2,data_2.csv,normal,2_29_52,24,29,52,17400,31200,0,9.807218e-05,0
test,2,data_2.csv,normal,2_30_53,24,30,53,18000,31800,0,0.00016076457,0
test,2,data_2.csv,normal,2_31_54,24,31,54,18600,32400,0,0.00013139565,0
test,2,data_2.csv,normal,2_32_55,24,32,55,19200,33000,0,8.0877355e-05,0
test,2,data_2.csv,normal,2_33_56,24,33,56,19800,33600,0,9.395254e-05,0
test,2,data_2.csv,normal,2_34_57,24,34,57,20400,34200,0,0.00012854002,0
test,2,data_2.csv,normal,2_35_58,24,35,58,21000,34800,0,0.00019109556,0
test,2,data_2.csv,normal,2_36_59,24,36,59,21600,35400,0,0.00027900658,0
test,2,data_2.csv,normal,2_37_60,24,37,60,22200,36000,0,0.00034644196,0
test,2,data_2.csv,normal,2_38_61,24,38,61,22800,36600,0,0.00041005248,0
test,2,data_2.csv,normal,2_39_62,24,39,62,23400,37200,0,0.0007779896,0
test,2,data_2.csv,normal,2_40_63,24,40,63,24000,37800,0,0.002008552,0
test,2,data_2.csv,normal,2_41_64,24,41,64,24600,38400,0,0.0041918745,0
test,2,data_2.csv,normal,2_42_65,24,42,65,25200,39000,0,0.010512602,0
test,2,data_2.csv,normal,2_43_66,24,43,66,25800,39600,0,0.03438675,0
test,2,data_2.csv,normal,2_44_67,24,44,67,26400,40200,0,0.13160495,0
test,2,data_2.csv,normal,2_45_68,24,45,68,27000,40800,0,0.36195573,0
test,2,data_2.csv,normal,2_46_69,24,46,69,27600,41400,0,0.51881546,0
test,2,data_2.csv,normal,2_47_70,24,47,70,28200,42000,0,0.63267446,1
test,2,data_2.csv,normal,2_48_71,24,48,71,28800,42600,0,0.6459688,1
test,2,data_2.csv,normal,2_49_72,24,49,72,29400,43200,0,0.6533038,1
test,2,data_2.csv,normal,2_50_73,24,50,73,30000,43800,0,0.6516926,1
test,2,data_2.csv,normal,2_51_74,24,51,74,30600,44400,0,0.6595736,1
test,2,data_2.csv,normal,2_52_75,24,52,75,31200,45000,0,0.6544669,1
test,2,data_2.csv,normal,2_53_76,24,53,76,31800,45600,0,0.6813054,1
test,2,data_2.csv,normal,2_54_77,24,54,77,32400,46200,0,0.66369265,1
test,2,data_2.csv,normal,2_55_78,24,55,78,33000,46800,0,0.6068619,1
test,2,data_2.csv,normal,2_56_79,24,56,79,33600,47400,0,0.51578116,0
test,2,data_2.csv,normal,2_57_80,24,57,80,34200,48000,0,0.34857252,0
test,2,data_2.csv,normal,2_58_81,24,58,81,34800,48600,0,0.28820598,0
test,2,data_2.csv,normal,2_59_82,24,59,82,35400,49200,0,0.22079659,0
test,2,data_2.csv,normal,2_60_83,24,60,83,36000,49800,0,0.1575831,0
test,2,data_2.csv,normal,2_61_84,24,61,84,36600,50400,0,0.10648997,0
test,2,data_2.csv,normal,2_62_85,24,62,85,37200,51000,0,0.055789463,0
test,2,data_2.csv,normal,2_63_86,24,63,86,37800,51600,0,0.032008763,0
test,2,data_2.csv,normal,2_64_87,24,64,87,38400,52200,0,0.028341124,0
test,2,data_2.csv,normal,2_65_88,24,65,88,39000,52800,0,0.030446945,0
test,2,data_2.csv,normal,2_66_89,24,66,89,39600,53400,0,0.04657691,0
test,2,data_2.csv,normal,2_67_90,24,67,90,40200,54000,0,0.025440598,0
test,2,data_2.csv,normal,2_68_91,24,68,91,40800,54600,0,0.010878172,0
test,2,data_2.csv,normal,2_69_92,24,69,92,41400,55200,0,0.008954621,0
test,2,data_2.csv,normal,2_70_93,24,70,93,42000,55800,0,0.008344474,0
test,2,data_2.csv,normal,2_71_94,24,71,94,42600,56400,0,0.010537157,0
test,2,data_2.csv,normal,2_72_95,24,72,95,43200,57000,0,0.01735081,0
test,2,data_2.csv,normal,2_73_96,24,73,96,43800,57600,0,0.013351711,0
test,2,data_2.csv,normal,2_74_97,24,74,97,44400,58200,0,0.010632168,0
test,2,data_2.csv,normal,2_75_98,24,75,98,45000,58800,0,0.012858075,0
test,2,data_2.csv,normal,2_76_99,24,76,99,45600,59400,0,0.0120406635,0
test,2,data_2.csv,normal,2_77_100,24,77,100,46200,60000,0,0.014525563,0
test,2,data_2.csv,normal,2_78_101,24,78,101,46800,60600,0,0.016599614,0
test,2,data_2.csv,normal,2_79_102,24,79,102,47400,61200,0,0.014650667,0
test,2,data_2.csv,normal,2_80_103,24,80,103,48000,61800,0,0.018353231,0
test,2,data_2.csv,normal,2_81_104,24,81,104,48600,62400,0,0.016277377,0
test,2,data_2.csv,normal,2_82_105,24,82,105,49200,63000,0,0.015608765,0
test,2,data_2.csv,normal,2_83_106,24,83,106,49800,63600,0,0.010882703,0
test,2,data_2.csv,normal,2_84_107,24,84,107,50400,64200,0,0.007411316,0
test,2,data_2.csv,normal,2_85_108,24,85,108,51000,64800,0,0.012248923,0
test,2,data_2.csv,normal,2_86_109,24,86,109,51600,65400,0,0.019606126,0
test,2,data_2.csv,normal,2_87_110,24,87,110,52200,66000,0,0.012972096,0
test,2,data_2.csv,normal,2_88_111,24,88,111,52800,66600,0,0.0062857936,0
test,2,data_2.csv,normal,2_89_112,24,89,112,53400,67200,0,0.0031391096,0
test,2,data_2.csv,normal,2_90_113,24,90,113,54000,67800,0,0.0011711161,0
test,2,data_2.csv,normal,2_91_114,24,91,114,54600,68400,0,0.0018778819,0
test,2,data_2.csv,normal,2_92_115,24,92,115,55200,69000,0,0.002394141,0
test,2,data_2.csv,normal,2_93_116,24,93,116,55800,69600,0,0.0023153003,0
test,2,data_2.csv,normal,2_94_117,24,94,117,56400,70200,0,0.0013332099,0
test,2,data_2.csv,normal,2_95_118,24,95,118,57000,70800,0,0.0010927311,0
test,2,data_2.csv,normal,2_96_119,24,96,119,57600,71400,0,0.0006780713,0
test,2,data_2.csv,normal,2_97_120,24,97,120,58200,72000,0,0.0007487579,0
test,2,data_2.csv,normal,2_98_121,24,98,121,58800,72600,0,0.0005800679,0
test,2,data_2.csv,normal,2_99_122,24,99,122,59400,73200,0,0.00052618486,0
test,2,data_2.csv,normal,2_100_123,24,100,123,60000,73800,0,0.00038888532,0
test,2,data_2.csv,normal,2_101_124,24,101,124,60600,74400,0,0.0003428869,0
test,2,data_2.csv,normal,2_102_125,24,102,125,61200,75000,0,0.00022174999,0
test,2,data_2.csv,normal,2_103_126,24,103,126,61800,75600,0,0.00042385363,0
test,2,data_2.csv,normal,2_104_127,24,104,127,62400,76200,0,0.00068634766,0
test,2,data_2.csv,normal,2_105_128,24,105,128,63000,76800,0,0.0013959875,0
test,2,data_2.csv,normal,2_106_129,24,106,129,63600,77400,0,0.002335116,0
test,2,data_2.csv,normal,2_107_130,24,107,130,64200,78000,0,0.004252533,0
test,2,data_2.csv,normal,2_108_131,24,108,131,64800,78600,0,0.0066770446,0
test,2,data_2.csv,normal,2_109_132,24,109,132,65400,79200,0,0.002014833,0
test,2,data_2.csv,normal,2_110_133,24,110,133,66000,79800,0,0.00085455563,0
test,2,data_2.csv,normal,2_111_134,24,111,134,66600,80400,0,0.0006976666,0
test,2,data_2.csv,normal,2_112_135,24,112,135,67200,81000,0,0.00090857194,0
test,2,data_2.csv,normal,2_113_136,24,113,136,67800,81600,0,0.0013421911,0
test,2,data_2.csv,normal,2_114_137,24,114,137,68400,82200,0,0.0026835355,0
test,2,data_2.csv,normal,2_115_138,24,115,138,69000,82800,0,0.0006448228,0
test,2,data_2.csv,normal,2_116_139,24,116,139,69600,83400,0,0.00013769703,0
test,2,data_2.csv,normal,2_117_140,24,117,140,70200,84000,0,5.3696218e-05,0
test,2,data_2.csv,normal,2_118_141,24,118,141,70800,84600,0,6.820951e-05,0
test,2,data_2.csv,normal,2_119_142,24,119,142,71400,85200,0,6.561695e-05,0
test,2,data_2.csv,normal,2_120_143,24,120,143,72000,85800,0,0.000106952204,0
test,2,data_2.csv,normal,2_121_144,24,121,144,72600,86400,0,0.000103657614,0
test,9,data_9.csv,normal,9_0_23,24,0,23,0,13800,0,7.4395783e-09,0
test,9,data_9.csv,normal,9_1_24,24,1,24,600,14400,0,8.205184e-09,0
test,9,data_9.csv,normal,9_2_25,24,2,25,1200,15000,0,8.6666985e-09,0
test,9,data_9.csv,normal,9_3_26,24,3,26,1800,15600,0,9.6591295e-09,0
test,9,data_9.csv,normal,9_4_27,24,4,27,2400,16200,0,1.0197581e-08,0
test,9,data_9.csv,normal,9_5_28,24,5,28,3000,16800,0,1.1017951e-08,0
test,9,data_9.csv,normal,9_6_29,24,6,29,3600,17400,0,1.169301e-08,0
test,9,data_9.csv,normal,9_7_30,24,7,30,4200,18000,0,1.8870976e-08,0
test,9,data_9.csv,normal,9_8_31,24,8,31,4800,18600,0,2.6522248e-08,0
test,9,data_9.csv,normal,9_9_32,24,9,32,5400,19200,0,3.665313e-08,0
test,9,data_9.csv,normal,9_10_33,24,10,33,6000,19800,0,4.0288537e-08,0
test,9,data_9.csv,normal,9_11_34,24,11,34,6600,20400,0,4.711061e-08,0
test,9,data_9.csv,normal,9_12_35,24,12,35,7200,21000,0,4.996986e-08,0
test,9,data_9.csv,normal,9_13_36,24,13,36,7800,21600,0,7.2728184e-08,0
test,9,data_9.csv,normal,9_14_37,24,14,37,8400,22200,0,9.225779e-08,0
test,9,data_9.csv,normal,9_15_38,24,15,38,9000,22800,0,1.3228167e-07,0
test,9,data_9.csv,normal,9_16_39,24,16,39,9600,23400,0,1.3952635e-07,0
test,9,data_9.csv,normal,9_17_40,24,17,40,10200,24000,0,1.7341299e-07,0
test,9,data_9.csv,normal,9_18_41,24,18,41,10800,24600,0,1.9191222e-07,0
test,9,data_9.csv,normal,9_19_42,24,19,42,11400,25200,0,2.981613e-07,0
test,9,data_9.csv,normal,9_20_43,24,20,43,12000,25800,0,3.5511346e-07,0
test,9,data_9.csv,normal,9_21_44,24,21,44,12600,26400,0,5.164446e-07,0
test,9,data_9.csv,normal,9_22_45,24,22,45,13200,27000,0,5.67212e-07,0
test,9,data_9.csv,normal,9_23_46,24,23,46,13800,27600,0,7.1752925e-07,0
test,9,data_9.csv,normal,9_24_47,24,24,47,14400,28200,0,7.9055377e-07,0
test,9,data_9.csv,normal,9_25_48,24,25,48,15000,28800,0,1.2275538e-06,0
test,9,data_9.csv,normal,9_26_49,24,26,49,15600,29400,0,1.5605615e-06,0
test,9,data_9.csv,normal,9_27_50,24,27,50,16200,30000,0,2.8702698e-06,0
test,9,data_9.csv,normal,9_28_51,24,28,51,16800,30600,0,4.0887367e-06,0
test,9,data_9.csv,normal,9_29_52,24,29,52,17400,31200,0,6.5985273e-06,0
test,9,data_9.csv,normal,9_30_53,24,30,53,18000,31800,0,9.838563e-06,0
test,9,data_9.csv,normal,9_31_54,24,31,54,18600,32400,0,2.0107937e-05,0
test,9,data_9.csv,normal,9_32_55,24,32,55,19200,33000,0,3.061647e-05,0
test,9,data_9.csv,normal,9_33_56,24,33,56,19800,33600,0,6.6569206e-05,0
test,9,data_9.csv,normal,9_34_57,24,34,57,20400,34200,0,9.674365e-05,0
test,9,data_9.csv,normal,9_35_58,24,35,58,21000,34800,0,0.00016524829,0
test,9,data_9.csv,normal,9_36_59,24,36,59,21600,35400,0,0.00023924348,0
test,9,data_9.csv,normal,9_37_60,24,37,60,22200,36000,0,0.00052759604,0
test,9,data_9.csv,normal,9_38_61,24,38,61,22800,36600,0,0.0008190099,0
test,9,data_9.csv,normal,9_39_62,24,39,62,23400,37200,0,0.0018997162,0
test,9,data_9.csv,normal,9_40_63,24,40,63,24000,37800,0,0.0027244086,0
test,9,data_9.csv,normal,9_41_64,24,41,64,24600,38400,0,0.004961546,0
test,9,data_9.csv,normal,9_42_65,24,42,65,25200,39000,0,0.007245752,0
test,9,data_9.csv,normal,9_43_66,24,43,66,25800,39600,0,0.017167374,0
test,9,data_9.csv,normal,9_44_67,24,44,67,26400,40200,0,0.023548422,0
test,9,data_9.csv,normal,9_45_68,24,45,68,27000,40800,0,0.040982272,0
test,9,data_9.csv,normal,9_46_69,24,46,69,27600,41400,0,0.048556294,0
test,9,data_9.csv,normal,9_47_70,24,47,70,28200,42000,0,0.07605397,0
test,9,data_9.csv,normal,9_48_71,24,48,71,28800,42600,0,0.08705738,0
test,9,data_9.csv,normal,9_49_72,24,49,72,29400,43200,0,0.09443145,0
test,9,data_9.csv,normal,9_50_73,24,50,73,30000,43800,0,0.07693402,0
test,9,data_9.csv,normal,9_51_74,24,51,74,30600,44400,0,0.09442719,0
test,9,data_9.csv,normal,9_52_75,24,52,75,31200,45000,0,0.12809227,0
test,9,data_9.csv,normal,9_53_76,24,53,76,31800,45600,0,0.17355695,0
test,9,data_9.csv,normal,9_54_77,24,54,77,32400,46200,0,0.20879567,0
test,9,data_9.csv,normal,9_55_78,24,55,78,33000,46800,0,0.14567922,0
test,9,data_9.csv,normal,9_56_79,24,56,79,33600,47400,0,0.09747313,0
test,9,data_9.csv,normal,9_57_80,24,57,80,34200,48000,0,0.0871078,0
test,9,data_9.csv,normal,9_58_81,24,58,81,34800,48600,0,0.10169502,0
test,9,data_9.csv,normal,9_59_82,24,59,82,35400,49200,0,0.093351506,0
test,9,data_9.csv,normal,9_60_83,24,60,83,36000,49800,0,0.10831236,0
test,9,data_9.csv,normal,9_61_84,24,61,84,36600,50400,0,0.09003563,0
test,9,data_9.csv,normal,9_62_85,24,62,85,37200,51000,0,0.07744075,0
test,9,data_9.csv,normal,9_63_86,24,63,86,37800,51600,0,0.075004704,0
test,9,data_9.csv,normal,9_64_87,24,64,87,38400,52200,0,0.08083943,0
test,9,data_9.csv,normal,9_65_88,24,65,88,39000,52800,0,0.09315939,0
test,9,data_9.csv,normal,9_66_89,24,66,89,39600,53400,0,0.13797368,0
test,9,data_9.csv,normal,9_67_90,24,67,90,40200,54000,0,0.12631811,0
test,9,data_9.csv,normal,9_68_91,24,68,91,40800,54600,0,0.11688824,0
test,9,data_9.csv,normal,9_69_92,24,69,92,41400,55200,0,0.14194822,0
test,9,data_9.csv,normal,9_70_93,24,70,93,42000,55800,0,0.152018,0
test,9,data_9.csv,normal,9_71_94,24,71,94,42600,56400,0,0.17480871,0
test,9,data_9.csv,normal,9_72_95,24,72,95,43200,57000,0,0.22578539,0
test,9,data_9.csv,normal,9_73_96,24,73,96,43800,57600,0,0.21335894,0
test,9,data_9.csv,normal,9_74_97,24,74,97,44400,58200,0,0.19242065,0
test,9,data_9.csv,normal,9_75_98,24,75,98,45000,58800,0,0.1913566,0
test,9,data_9.csv,normal,9_76_99,24,76,99,45600,59400,0,0.18632983,0
test,9,data_9.csv,normal,9_77_100,24,77,100,46200,60000,0,0.18897575,0
test,9,data_9.csv,normal,9_78_101,24,78,101,46800,60600,0,0.1928269,0
test,9,data_9.csv,normal,9_79_102,24,79,102,47400,61200,0,0.23440257,0
test,9,data_9.csv,normal,9_80_103,24,80,103,48000,61800,0,0.27882418,0
test,9,data_9.csv,normal,9_81_104,24,81,104,48600,62400,0,0.3085384,0
test,9,data_9.csv,normal,9_82_105,24,82,105,49200,63000,0,0.32763183,0
test,9,data_9.csv,normal,9_83_106,24,83,106,49800,63600,0,0.33725595,0
test,9,data_9.csv,normal,9_84_107,24,84,107,50400,64200,0,0.3423204,0
test,9,data_9.csv,normal,9_85_108,24,85,108,51000,64800,0,0.35987252,0
test,9,data_9.csv,normal,9_86_109,24,86,109,51600,65400,0,0.38643712,0
test,9,data_9.csv,normal,9_87_110,24,87,110,52200,66000,0,0.39612398,0
test,9,data_9.csv,normal,9_88_111,24,88,111,52800,66600,0,0.39279482,0
test,9,data_9.csv,normal,9_89_112,24,89,112,53400,67200,0,0.3987168,0
test,9,data_9.csv,normal,9_90_113,24,90,113,54000,67800,0,0.39916822,0
test,9,data_9.csv,normal,9_91_114,24,91,114,54600,68400,0,0.39329043,0
test,9,data_9.csv,normal,9_92_115,24,92,115,55200,69000,0,0.36195013,0
test,9,data_9.csv,normal,9_93_116,24,93,116,55800,69600,0,0.30765232,0
test,9,data_9.csv,normal,9_94_117,24,94,117,56400,70200,0,0.26399603,0
test,9,data_9.csv,normal,9_95_118,24,95,118,57000,70800,0,0.21485817,0
test,9,data_9.csv,normal,9_96_119,24,96,119,57600,71400,0,0.16506323,0
test,9,data_9.csv,normal,9_97_120,24,97,120,58200,72000,0,0.069423005,0
test,9,data_9.csv,normal,9_98_121,24,98,121,58800,72600,0,0.029269485,0
test,9,data_9.csv,normal,9_99_122,24,99,122,59400,73200,0,0.016538681,0
test,9,data_9.csv,normal,9_100_123,24,100,123,60000,73800,0,0.014800669,0
test,9,data_9.csv,normal,9_101_124,24,101,124,60600,74400,0,0.012983653,0
test,9,data_9.csv,normal,9_102_125,24,102,125,61200,75000,0,0.01599395,0
test,9,data_9.csv,normal,9_103_126,24,103,126,61800,75600,0,0.0042019584,0
test,9,data_9.csv,normal,9_104_127,24,104,127,62400,76200,0,0.001243548,0
test,9,data_9.csv,normal,9_105_128,24,105,128,63000,76800,0,0.0005636528,0
test,9,data_9.csv,normal,9_106_129,24,106,129,63600,77400,0,0.00052039203,0
test,9,data_9.csv,normal,9_107_130,24,107,130,64200,78000,0,0.00045023512,0
test,9,data_9.csv,normal,9_108_131,24,108,131,64800,78600,0,0.0005807921,0
test,9,data_9.csv,normal,9_109_132,24,109,132,65400,79200,0,0.00044422087,0
test,9,data_9.csv,normal,9_110_133,24,110,133,66000,79800,0,0.00047806415,0
test,9,data_9.csv,normal,9_111_134,24,111,134,66600,80400,0,0.00039449442,0
test,9,data_9.csv,normal,9_112_135,24,112,135,67200,81000,0,0.0004412205,0
test,9,data_9.csv,normal,9_113_136,24,113,136,67800,81600,0,0.0004030637,0
test,9,data_9.csv,normal,9_114_137,24,114,137,68400,82200,0,0.00047442873,0
test,9,data_9.csv,normal,9_115_138,24,115,138,69000,82800,0,0.0003161221,0
test,9,data_9.csv,normal,9_116_139,24,116,139,69600,83400,0,0.00035248278,0
test,9,data_9.csv,normal,9_117_140,24,117,140,70200,84000,0,0.00020199054,0
test,9,data_9.csv,normal,9_118_141,24,118,141,70800,84600,0,0.00010372515,0
test,9,data_9.csv,normal,9_119_142,24,119,142,71400,85200,0,5.994769e-05,0
test,9,data_9.csv,normal,9_120_143,24,120,143,72000,85800,0,3.3873657e-05,0
test,9,data_9.csv,normal,9_121_144,24,121,144,72600,86400,0,1.5513182e-05,0
test,16,data_16.csv,onset_leak,16_0_23,24,0,23,0,13800,0,5.106778e-09,0
test,16,data_16.csv,onset_leak,16_1_24,24,1,24,600,14400,0,5.4960636e-09,0
test,16,data_16.csv,onset_leak,16_2_25,24,2,25,1200,15000,0,5.7263057e-09,0
test,16,data_16.csv,onset_leak,16_3_26,24,3,26,1800,15600,0,6.211378e-09,0
test,16,data_16.csv,onset_leak,16_4_27,24,4,27,2400,16200,0,6.4693038e-09,0
test,16,data_16.csv,onset_leak,16_5_28,24,5,28,3000,16800,0,6.8558315e-09,0
test,16,data_16.csv,onset_leak,16_6_29,24,6,29,3600,17400,0,7.168533e-09,0
test,16,data_16.csv,onset_leak,16_7_30,24,7,30,4200,18000,0,9.1358405e-09,0
test,16,data_16.csv,onset_leak,16_8_31,24,8,31,4800,18600,0,1.0800517e-08,0
test,16,data_16.csv,onset_leak,16_9_32,24,9,32,5400,19200,0,1.29193785e-08,0
test,16,data_16.csv,onset_leak,16_10_33,24,10,33,6000,19800,0,1.3741569e-08,0
test,16,data_16.csv,onset_leak,16_11_34,24,11,34,6600,20400,0,1.5114573e-08,0
test,16,data_16.csv,onset_leak,16_12_35,24,12,35,7200,21000,0,1.589135e-08,0
test,16,data_16.csv,onset_leak,16_13_36,24,13,36,7800,21600,0,1.9533577e-08,0
test,16,data_16.csv,onset_leak,16_14_37,24,14,37,8400,22200,0,2.218846e-08,0
test,16,data_16.csv,onset_leak,16_15_38,24,15,38,9000,22800,0,2.7108255e-08,0
test,16,data_16.csv,onset_leak,16_16_39,24,16,39,9600,23400,0,2.8384454e-08,0
test,16,data_16.csv,onset_leak,16_17_40,24,17,40,10200,24000,0,3.216687e-08,0
test,16,data_16.csv,onset_leak,16_18_41,24,18,41,10800,24600,0,3.443801e-08,0
test,16,data_16.csv,onset_leak,16_19_42,24,19,42,11400,25200,0,4.358931e-08,0
test,16,data_16.csv,onset_leak,16_20_43,24,20,43,12000,25800,0,4.8290488e-08,0
test,16,data_16.csv,onset_leak,16_21_44,24,21,44,12600,26400,0,5.964911e-08,0
test,16,data_16.csv,onset_leak,16_22_45,24,22,45,13200,27000,0,6.364528e-08,0
test,16,data_16.csv,onset_leak,16_23_46,24,23,46,13800,27600,0,7.294032e-08,0
test,16,data_16.csv,onset_leak,16_24_47,24,24,47,14400,28200,0,7.808327e-08,0
test,16,data_16.csv,onset_leak,16_25_48,24,25,48,15000,28800,0,1.05800716e-07,0
test,16,data_16.csv,onset_leak,16_26_49,24,26,49,15600,29400,0,1.2698798e-07,0
test,16,data_16.csv,onset_leak,16_27_50,24,27,50,16200,30000,0,1.8102516e-07,0
test,16,data_16.csv,onset_leak,16_28_51,24,28,51,16800,30600,0,2.1769723e-07,0
test,16,data_16.csv,onset_leak,16_29_52,24,29,52,17400,31200,0,2.813098e-07,0
test,16,data_16.csv,onset_leak,16_30_53,24,30,53,18000,31800,0,3.4479885e-07,0
test,16,data_16.csv,onset_leak,16_31_54,24,31,54,18600,32400,0,5.0946875e-07,0
test,16,data_16.csv,onset_leak,16_32_55,24,32,55,19200,33000,0,6.478505e-07,0
test,16,data_16.csv,onset_leak,16_33_56,24,33,56,19800,33600,0,9.91983e-07,0
test,16,data_16.csv,onset_leak,16_34_57,24,34,57,20400,34200,0,1.1918232e-06,0
test,16,data_16.csv,onset_leak,16_35_58,24,35,58,21000,34800,0,1.6067826e-06,0
test,16,data_16.csv,onset_leak,16_36_59,24,36,59,21600,35400,0,1.9518939e-06,0
test,16,data_16.csv,onset_leak,16_37_60,24,37,60,22200,36000,0,4.965163e-06,0
test,16,data_16.csv,onset_leak,16_38_61,24,38,61,22800,36600,0,9.052892e-06,0
test,16,data_16.csv,onset_leak,16_39_62,24,39,62,23400,37200,0,1.8991374e-05,0
test,16,data_16.csv,onset_leak,16_40_63,24,40,63,24000,37800,0,2.3443421e-05,0
test,16,data_16.csv,onset_leak,16_41_64,24,41,64,24600,38400,0,3.5812634e-05,0
test,16,data_16.csv,onset_leak,16_42_65,24,42,65,25200,39000,0,4.3226068e-05,0
test,16,data_16.csv,onset_leak,16_43_66,24,43,66,25800,39600,0,7.279649e-05,0
test,16,data_16.csv,onset_leak,16_44_67,24,44,67,26400,40200,0,8.893316e-05,0
test,16,data_16.csv,onset_leak,16_45_68,24,45,68,27000,40800,0,0.00016582235,0
test,16,data_16.csv,onset_leak,16_46_69,24,46,69,27600,41400,0,0.00019569391,0
test,16,data_16.csv,onset_leak,16_47_70,24,47,70,28200,42000,0,0.0003136021,0
test,16,data_16.csv,onset_leak,16_48_71,24,48,71,28800,42600,0,0.0004108838,0
test,16,data_16.csv,onset_leak,16_49_72,24,49,72,29400,43200,0,0.00035341652,0
test,16,data_16.csv,onset_leak,16_50_73,24,50,73,30000,43800,0,0.0002465373,0
test,16,data_16.csv,onset_leak,16_51_74,24,51,74,30600,44400,0,0.0002667267,0
test,16,data_16.csv,onset_leak,16_52_75,24,52,75,31200,45000,0,0.0003501639,0
test,16,data_16.csv,onset_leak,16_53_76,24,53,76,31800,45600,0,0.000450715,0
test,16,data_16.csv,onset_leak,16_54_77,24,54,77,32400,46200,0,0.0005958178,0
test,16,data_16.csv,onset_leak,16_55_78,24,55,78,33000,46800,0,0.0006124565,0
test,16,data_16.csv,onset_leak,16_56_79,24,56,79,33600,47400,0,0.000679713,0
test,16,data_16.csv,onset_leak,16_57_80,24,57,80,34200,48000,0,0.0011724143,0
test,16,data_16.csv,onset_leak,16_58_81,24,58,81,34800,48600,0,0.0025897734,0
test,16,data_16.csv,onset_leak,16_59_82,24,59,82,35400,49200,0,0.0050387136,0
test,16,data_16.csv,onset_leak,16_60_83,24,60,83,36000,49800,0,0.011694233,0
test,16,data_16.csv,onset_leak,16_61_84,24,61,84,36600,50400,0,0.007853946,0
test,16,data_16.csv,onset_leak,16_62_85,24,62,85,37200,51000,0,0.00651723,0
test,16,data_16.csv,onset_leak,16_63_86,24,63,86,37800,51600,0,0.007518344,0
test,16,data_16.csv,onset_leak,16_64_87,24,64,87,38400,52200,0,0.0114092305,0
test,16,data_16.csv,onset_leak,16_65_88,24,65,88,39000,52800,0,0.016437225,0
test,16,data_16.csv,onset_leak,16_66_89,24,66,89,39600,53400,0,0.033350565,0
test,16,data_16.csv,onset_leak,16_67_90,24,67,90,40200,54000,0,0.028604785,0
test,16,data_16.csv,onset_leak,16_68_91,24,68,91,40800,54600,0,0.026123844,0
test,16,data_16.csv,onset_leak,16_69_92,24,69,92,41400,55200,0,0.021997174,0
test,16,data_16.csv,onset_leak,16_70_93,24,70,93,42000,55800,0,0.022211708,0
test,16,data_16.csv,onset_leak,16_71_94,24,71,94,42600,56400,0,0.020138675,0
test,16,data_16.csv,onset_leak,16_72_95,24,72,95,43200,57000,0,0.020480819,0
test,16,data_16.csv,onset_leak,16_73_96,24,73,96,43800,57600,0,0.01961078,0
test,16,data_16.csv,onset_leak,16_74_97,24,74,97,44400,58200,0,0.021628663,0
test,16,data_16.csv,onset_leak,16_75_98,24,75,98,45000,58800,0,0.019535646,0
test,16,data_16.csv,onset_leak,16_76_99,24,76,99,45600,59400,0,0.01711595,0
test,16,data_16.csv,onset_leak,16_77_100,24,77,100,46200,60000,0,0.015095666,0
test,16,data_16.csv,onset_leak,16_78_101,24,78,101,46800,60600,0,0.014126942,0
test,16,data_16.csv,onset_leak,16_79_102,24,79,102,47400,61200,0,0.011965201,0
test,16,data_16.csv,onset_leak,16_80_103,24,80,103,48000,61800,0,0.010809522,0
test,16,data_16.csv,onset_leak,16_81_104,24,81,104,48600,62400,0,0.0075790053,0
test,16,data_16.csv,onset_leak,16_82_105,24,82,105,49200,63000,0,0.0053039095,0
test,16,data_16.csv,onset_leak,16_83_106,24,83,106,49800,63600,0,0.0038228163,0
test,16,data_16.csv,onset_leak,16_84_107,24,84,107,50400,64200,0,0.0026070063,0
test,16,data_16.csv,onset_leak,16_85_108,24,85,108,51000,64800,0,0.0033755149,0
test,16,data_16.csv,onset_leak,16_86_109,24,86,109,51600,65400,0,0.0039190804,0
test,16,data_16.csv,onset_leak,16_87_110,24,87,110,52200,66000,0,0.0037763407,0
test,16,data_16.csv,onset_leak,16_88_111,24,88,111,52800,66600,0,0.003236686,0
test,16,data_16.csv,onset_leak,16_89_112,24,89,112,53400,67200,0,0.0028528338,0
test,16,data_16.csv,onset_leak,16_90_113,24,90,113,54000,67800,0,0.0023274692,0
test,16,data_16.csv,onset_leak,16_91_114,24,91,114,54600,68400,0,0.0015106573,0
test,16,data_16.csv,onset_leak,16_92_115,24,92,115,55200,69000,0,0.0010946686,0
test,16,data_16.csv,onset_leak,16_93_116,24,93,116,55800,69600,0,0.00091702945,0
test,16,data_16.csv,onset_leak,16_94_117,24,94,117,56400,70200,0,0.0008073451,0
test,16,data_16.csv,onset_leak,16_95_118,24,95,118,57000,70800,0,0.0007722033,0
test,16,data_16.csv,onset_leak,16_96_119,24,96,119,57600,71400,0,0.0007504127,0
test,16,data_16.csv,onset_leak,16_97_120,24,97,120,58200,72000,0,0.00039127286,0
test,16,data_16.csv,onset_leak,16_98_121,24,98,121,58800,72600,0,0.00020231899,0
test,16,data_16.csv,onset_leak,16_99_122,24,99,122,59400,73200,0,0.00012160797,0
test,16,data_16.csv,onset_leak,16_100_123,24,100,123,60000,73800,0,0.00012169589,0
test,16,data_16.csv,onset_leak,16_101_124,24,101,124,60600,74400,0,9.567193e-05,0
test,16,data_16.csv,onset_leak,16_102_125,24,102,125,61200,75000,0,9.249784e-05,0
test,16,data_16.csv,onset_leak,16_103_126,24,103,126,61800,75600,0,6.579992e-05,0
test,16,data_16.csv,onset_leak,16_104_127,24,104,127,62400,76200,0,5.9144495e-05,0
test,16,data_16.csv,onset_leak,16_105_128,24,105,128,63000,76800,0,5.2449912e-05,0
test,16,data_16.csv,onset_leak,16_106_129,24,106,129,63600,77400,0,6.438355e-05,0
test,16,data_16.csv,onset_leak,16_107_130,24,107,130,64200,78000,0,6.8578076e-05,0
test,16,data_16.csv,onset_leak,16_108_131,24,108,131,64800,78600,0,9.0146445e-05,0
test,16,data_16.csv,onset_leak,16_109_132,24,109,132,65400,79200,0,5.421838e-05,0
test,16,data_16.csv,onset_leak,16_110_133,24,110,133,66000,79800,0,4.693036e-05,0
test,16,data_16.csv,onset_leak,16_111_134,24,111,134,66600,80400,0,2.9179064e-05,0
test,16,data_16.csv,onset_leak,16_112_135,24,112,135,67200,81000,0,2.2532806e-05,0
test,16,data_16.csv,onset_leak,16_113_136,24,113,136,67800,81600,0,1.5920094e-05,0
test,16,data_16.csv,onset_leak,16_114_137,24,114,137,68400,82200,0,1.2873812e-05,0
test,16,data_16.csv,onset_leak,16_115_138,24,115,138,69000,82800,0,1.1952747e-05,0
test,16,data_16.csv,onset_leak,16_116_139,24,116,139,69600,83400,0,1.228036e-05,0
test,16,data_16.csv,onset_leak,16_117_140,24,117,140,70200,84000,0,7.035744e-06,0
test,16,data_16.csv,onset_leak,16_118_141,24,118,141,70800,84600,0,4.419514e-06,0
test,16,data_16.csv,onset_leak,16_119_142,24,119,142,71400,85200,0,2.6161788e-06,0
test,16,data_16.csv,onset_leak,16_120_143,24,120,143,72000,85800,0,1.4978962e-06,0
test,16,data_16.csv,onset_leak,16_121_144,24,121,144,72600,86400,0,7.268747e-07,0
test,19,data_19.csv,onset_leak,19_0_23,24,0,23,0,13800,0,2.8436895e-09,0
test,19,data_19.csv,onset_leak,19_1_24,24,1,24,600,14400,0,2.7116205e-09,0
test,19,data_19.csv,onset_leak,19_2_25,24,2,25,1200,15000,0,2.6284783e-09,0
test,19,data_19.csv,onset_leak,19_3_26,24,3,26,1800,15600,0,2.267364e-09,0
test,19,data_19.csv,onset_leak,19_4_27,24,4,27,2400,16200,0,1.9666877e-09,0
test,19,data_19.csv,onset_leak,19_5_28,24,5,28,3000,16800,0,1.7162035e-09,0
test,19,data_19.csv,onset_leak,19_6_29,24,6,29,3600,17400,0,1.4667292e-09,0
test,19,data_19.csv,onset_leak,19_7_30,24,7,30,4200,18000,0,1.8605492e-09,0
test,19,data_19.csv,onset_leak,19_8_31,24,8,31,4800,18600,0,2.2113287e-09,0
test,19,data_19.csv,onset_leak,19_9_32,24,9,32,5400,19200,0,2.3547868e-09,0
test,19,data_19.csv,onset_leak,19_10_33,24,10,33,6000,19800,0,2.2257964e-09,0
test,19,data_19.csv,onset_leak,19_11_34,24,11,34,6600,20400,0,2.1656272e-09,0
test,19,data_19.csv,onset_leak,19_12_35,24,12,35,7200,21000,0,1.9719728e-09,0
test,19,data_19.csv,onset_leak,19_13_36,24,13,36,7800,21600,0,2.6489422e-09,0
test,19,data_19.csv,onset_leak,19_14_37,24,14,37,8400,22200,0,3.226332e-09,0
test,19,data_19.csv,onset_leak,19_15_38,24,15,38,9000,22800,0,3.883202e-09,0
test,19,data_19.csv,onset_leak,19_16_39,24,16,39,9600,23400,0,3.743767e-09,0
test,19,data_19.csv,onset_leak,19_17_40,24,17,40,10200,24000,0,4.0213206e-09,0
test,19,data_19.csv,onset_leak,19_18_41,24,18,41,10800,24600,0,3.930108e-09,0
test,19,data_19.csv,onset_leak,19_19_42,24,19,42,11400,25200,0,5.352654e-09,0
test,19,data_19.csv,onset_leak,19_20_43,24,20,43,12000,25800,0,6.08085e-09,0
test,19,data_19.csv,onset_leak,19_21_44,24,21,44,12600,26400,0,7.613011e-09,0
test,19,data_19.csv,onset_leak,19_22_45,24,22,45,13200,27000,0,7.609411e-09,0
test,19,data_19.csv,onset_leak,19_23_46,24,23,46,13800,27600,0,8.580429e-09,0
test,19,data_19.csv,onset_leak,19_24_47,24,24,47,14400,28200,0,8.635249e-09,0
test,19,data_19.csv,onset_leak,19_25_48,24,25,48,15000,28800,0,1.2497983e-08,0
test,19,data_19.csv,onset_leak,19_26_49,24,26,49,15600,29400,0,1.5097285e-08,0
test,19,data_19.csv,onset_leak,19_27_50,24,27,50,16200,30000,0,2.2940835e-08,0
test,19,data_19.csv,onset_leak,19_28_51,24,28,51,16800,30600,0,2.7956816e-08,0
test,19,data_19.csv,onset_leak,19_29_52,24,29,52,17400,31200,0,3.7787924e-08,0
test,19,data_19.csv,onset_leak,19_30_53,24,30,53,18000,31800,0,4.7135412e-08,0
test,19,data_19.csv,onset_leak,19_31_54,24,31,54,18600,32400,0,6.1131935e-08,0
test,19,data_19.csv,onset_leak,19_32_55,24,32,55,19200,33000,0,6.88771e-08,0
test,19,data_19.csv,onset_leak,19_33_56,24,33,56,19800,33600,0,1.05336795e-07,0
test,19,data_19.csv,onset_leak,19_34_57,24,34,57,20400,34200,0,1.3791727e-07,0
test,19,data_19.csv,onset_leak,19_35_58,24,35,58,21000,34800,0,1.9567365e-07,0
test,19,data_19.csv,onset_leak,19_36_59,24,36,59,21600,35400,0,2.6792748e-07,0
test,19,data_19.csv,onset_leak,19_37_60,24,37,60,22200,36000,0,5.13542e-07,0
test,19,data_19.csv,onset_leak,19_38_61,24,38,61,22800,36600,0,7.917459e-07,0
test,19,data_19.csv,onset_leak,19_39_62,24,39,62,23400,37200,0,1.4911559e-06,0
test,19,data_19.csv,onset_leak,19_40_63,24,40,63,24000,37800,0,2.0519542e-06,0
test,19,data_19.csv,onset_leak,19_41_64,24,41,64,24600,38400,0,3.1518864e-06,0
test,19,data_19.csv,onset_leak,19_42_65,24,42,65,25200,39000,0,4.2358974e-06,0
test,19,data_19.csv,onset_leak,19_43_66,24,43,66,25800,39600,0,7.4750506e-06,0
test,19,data_19.csv,onset_leak,19_44_67,24,44,67,26400,40200,0,1.0652929e-05,0
test,19,data_19.csv,onset_leak,19_45_68,24,45,68,27000,40800,0,2.149097e-05,0
test,19,data_19.csv,onset_leak,19_46_69,24,46,69,27600,41400,0,2.7814072e-05,0
test,19,data_19.csv,onset_leak,19_47_70,24,47,70,28200,42000,0,4.563608e-05,0
test,19,data_19.csv,onset_leak,19_48_71,24,48,71,28800,42600,0,6.349603e-05,0
test,19,data_19.csv,onset_leak,19_49_72,24,49,72,29400,43200,0,8.4994506e-05,0
test,19,data_19.csv,onset_leak,19_50_73,24,50,73,30000,43800,0,8.6637505e-05,0
test,19,data_19.csv,onset_leak,19_51_74,24,51,74,30600,44400,0,0.00013326845,0
test,19,data_19.csv,onset_leak,19_52_75,24,52,75,31200,45000,0,0.0001581211,0
test,19,data_19.csv,onset_leak,19_53_76,24,53,76,31800,45600,0,0.00021855878,0
test,19,data_19.csv,onset_leak,19_54_77,24,54,77,32400,46200,0,0.00024958065,0
test,19,data_19.csv,onset_leak,19_55_78,24,55,78,33000,46800,0,0.00038333327,0
test,19,data_19.csv,onset_leak,19_56_79,24,56,79,33600,47400,0,0.00051991356,0
test,19,data_19.csv,onset_leak,19_57_80,24,57,80,34200,48000,0,0.00095206295,0
test,19,data_19.csv,onset_leak,19_58_81,24,58,81,34800,48600,0,0.0015509865,0
test,19,data_19.csv,onset_leak,19_59_82,24,59,82,35400,49200,0,0.002674149,0
test,19,data_19.csv,onset_leak,19_60_83,24,60,83,36000,49800,0,0.0042594178,0
test,19,data_19.csv,onset_leak,19_61_84,24,61,84,36600,50400,0,0.003397058,0
test,19,data_19.csv,onset_leak,19_62_85,24,62,85,37200,51000,0,0.0029513245,0
test,19,data_19.csv,onset_leak,19_63_86,24,63,86,37800,51600,0,0.0040905904,0
test,19,data_19.csv,onset_leak,19_64_87,24,64,87,38400,52200,0,0.0062573864,0
test,19,data_19.csv,onset_leak,19_65_88,24,65,88,39000,52800,0,0.00995991,0
test,19,data_19.csv,onset_leak,19_66_89,24,66,89,39600,53400,0,0.01786016,0
test,19,data_19.csv,onset_leak,19_67_90,24,67,90,40200,54000,0,0.011769965,0
test,19,data_19.csv,onset_leak,19_68_91,24,68,91,40800,54600,0,0.008102658,0
test,19,data_19.csv,onset_leak,19_69_92,24,69,92,41400,55200,0,0.0073033446,0
test,19,data_19.csv,onset_leak,19_70_93,24,70,93,42000,55800,0,0.010245179,0
test,19,data_19.csv,onset_leak,19_71_94,24,71,94,42600,56400,0,0.011580943,0
test,19,data_19.csv,onset_leak,19_72_95,24,72,95,43200,57000,0,0.01574605,0
test,19,data_19.csv,onset_leak,19_73_96,24,73,96,43800,57600,0,0.00914988,0
test,19,data_19.csv,onset_leak,19_74_97,24,74,97,44400,58200,0,0.006527609,0
test,19,data_19.csv,onset_leak,19_75_98,24,75,98,45000,58800,0,0.0055554677,0
test,19,data_19.csv,onset_leak,19_76_99,24,76,99,45600,59400,0,0.006861698,0
test,19,data_19.csv,onset_leak,19_77_100,24,77,100,46200,60000,0,0.008053553,0
test,19,data_19.csv,onset_leak,19_78_101,24,78,101,46800,60600,0,0.0140075255,0
test,19,data_19.csv,onset_leak,19_79_102,24,79,102,47400,61200,0,0.010516242,0
test,19,data_19.csv,onset_leak,19_80_103,24,80,103,48000,61800,0,0.008812534,0
test,19,data_19.csv,onset_leak,19_81_104,24,81,104,48600,62400,0,0.006545935,0
test,19,data_19.csv,onset_leak,19_82_105,24,82,105,49200,63000,0,0.006024133,0
test,19,data_19.csv,onset_leak,19_83_106,24,83,106,49800,63600,0,0.005194427,0
test,19,data_19.csv,onset_leak,19_84_107,24,84,107,50400,64200,0,0.0051941187,0
test,19,data_19.csv,onset_leak,19_85_108,24,85,108,51000,64800,0,0.006733097,0
test,19,data_19.csv,onset_leak,19_86_109,24,86,109,51600,65400,0,0.009852372,0
test,19,data_19.csv,onset_leak,19_87_110,24,87,110,52200,66000,0,0.008672525,0
test,19,data_19.csv,onset_leak,19_88_111,24,88,111,52800,66600,0,0.006250926,0
test,19,data_19.csv,onset_leak,19_89_112,24,89,112,53400,67200,0,0.0047679786,0
test,19,data_19.csv,onset_leak,19_90_113,24,90,113,54000,67800,0,0.0031810272,0
test,19,data_19.csv,onset_leak,19_91_114,24,91,114,54600,68400,0,0.0024966814,0
test,19,data_19.csv,onset_leak,19_92_115,24,92,115,55200,69000,0,0.0020794354,0
test,19,data_19.csv,onset_leak,19_93_116,24,93,116,55800,69600,0,0.0013886496,0
test,19,data_19.csv,onset_leak,19_94_117,24,94,117,56400,70200,0,0.00084590766,0
test,19,data_19.csv,onset_leak,19_95_118,24,95,118,57000,70800,0,0.000602363,0
test,19,data_19.csv,onset_leak,19_96_119,24,96,119,57600,71400,0,0.00038264284,0
test,19,data_19.csv,onset_leak,19_97_120,24,97,120,58200,72000,0,0.00024265955,0
test,19,data_19.csv,onset_leak,19_98_121,24,98,121,58800,72600,0,0.00014792745,0
test,19,data_19.csv,onset_leak,19_99_122,24,99,122,59400,73200,0,8.928537e-05,0
test,19,data_19.csv,onset_leak,19_100_123,24,100,123,60000,73800,0,6.766299e-05,0
test,19,data_19.csv,onset_leak,19_101_124,24,101,124,60600,74400,0,4.7326354e-05,0
test,19,data_19.csv,onset_leak,19_102_125,24,102,125,61200,75000,0,3.317861e-05,0
test,19,data_19.csv,onset_leak,19_103_126,24,103,126,61800,75600,0,2.1978418e-05,0
test,19,data_19.csv,onset_leak,19_104_127,24,104,127,62400,76200,0,1.7328453e-05,0
test,19,data_19.csv,onset_leak,19_105_128,24,105,128,63000,76800,0,1.570037e-05,0
test,19,data_19.csv,onset_leak,19_106_129,24,106,129,63600,77400,0,1.9591373e-05,0
test,19,data_19.csv,onset_leak,19_107_130,24,107,130,64200,78000,0,2.1536212e-05,0
test,19,data_19.csv,onset_leak,19_108_131,24,108,131,64800,78600,0,2.7949465e-05,0
test,19,data_19.csv,onset_leak,19_109_132,24,109,132,65400,79200,0,1.550057e-05,0
test,19,data_19.csv,onset_leak,19_110_133,24,110,133,66000,79800,0,1.0755305e-05,0
test,19,data_19.csv,onset_leak,19_111_134,24,111,134,66600,80400,0,7.2022062e-06,0
test,19,data_19.csv,onset_leak,19_112_135,24,112,135,67200,81000,0,6.9323623e-06,0
test,19,data_19.csv,onset_leak,19_113_136,24,113,136,67800,81600,0,5.952658e-06,0
test,19,data_19.csv,onset_leak,19_114_137,24,114,137,68400,82200,0,6.0124326e-06,0
test,19,data_19.csv,onset_leak,19_115_138,24,115,138,69000,82800,0,4.283606e-06,0
test,19,data_19.csv,onset_leak,19_116_139,24,116,139,69600,83400,0,3.8235476e-06,0
test,19,data_19.csv,onset_leak,19_117_140,24,117,140,70200,84000,0,2.3056834e-06,0
test,19,data_19.csv,onset_leak,19_118_141,24,118,141,70800,84600,0,1.7415977e-06,0
test,19,data_19.csv,onset_leak,19_119_142,24,119,142,71400,85200,0,1.1466801e-06,0
test,19,data_19.csv,onset_leak,19_120_143,24,120,143,72000,85800,0,8.1416965e-07,0
test,19,data_19.csv,onset_leak,19_121_144,24,121,144,72600,86400,0,7.4585483e-07,0
test,25,data_25.csv,persistent_leak,25_0_23,24,0,23,0,13800,1,0.43690673,0
test,25,data_25.csv,persistent_leak,25_1_24,24,1,24,600,14400,1,0.47760814,0
test,25,data_25.csv,persistent_leak,25_2_25,24,2,25,1200,15000,1,0.5080617,0
test,25,data_25.csv,persistent_leak,25_3_26,24,3,26,1800,15600,1,0.5437166,0
test,25,data_25.csv,persistent_leak,25_4_27,24,4,27,2400,16200,1,0.54922754,0
test,25,data_25.csv,persistent_leak,25_5_28,24,5,28,3000,16800,1,0.5490945,0
test,25,data_25.csv,persistent_leak,25_6_29,24,6,29,3600,17400,1,0.53505963,0
test,25,data_25.csv,persistent_leak,25_7_30,24,7,30,4200,18000,1,0.59473366,0
test,25,data_25.csv,persistent_leak,25_8_31,24,8,31,4800,18600,1,0.61551124,1
test,25,data_25.csv,persistent_leak,25_9_32,24,9,32,5400,19200,1,0.6202503,1
test,25,data_25.csv,persistent_leak,25_10_33,24,10,33,6000,19800,1,0.6152175,1
test,25,data_25.csv,persistent_leak,25_11_34,24,11,34,6600,20400,1,0.63642454,1
test,25,data_25.csv,persistent_leak,25_12_35,24,12,35,7200,21000,1,0.6413474,1
test,25,data_25.csv,persistent_leak,25_13_36,24,13,36,7800,21600,1,0.7527529,1
test,25,data_25.csv,persistent_leak,25_14_37,24,14,37,8400,22200,1,0.804079,1
test,25,data_25.csv,persistent_leak,25_15_38,24,15,38,9000,22800,1,0.8172372,1
test,25,data_25.csv,persistent_leak,25_16_39,24,16,39,9600,23400,1,0.82260627,1
test,25,data_25.csv,persistent_leak,25_17_40,24,17,40,10200,24000,1,0.8552173,1
test,25,data_25.csv,persistent_leak,25_18_41,24,18,41,10800,24600,1,0.85437053,1
test,25,data_25.csv,persistent_leak,25_19_42,24,19,42,11400,25200,1,0.90282536,1
test,25,data_25.csv,persistent_leak,25_20_43,24,20,43,12000,25800,1,0.92419976,1
test,25,data_25.csv,persistent_leak,25_21_44,24,21,44,12600,26400,1,0.91955036,1
test,25,data_25.csv,persistent_leak,25_22_45,24,22,45,13200,27000,1,0.9095733,1
test,25,data_25.csv,persistent_leak,25_23_46,24,23,46,13800,27600,1,0.90648985,1
test,25,data_25.csv,persistent_leak,25_24_47,24,24,47,14400,28200,1,0.8751059,1
test,25,data_25.csv,persistent_leak,25_25_48,24,25,48,15000,28800,1,0.87558603,1
test,25,data_25.csv,persistent_leak,25_26_49,24,26,49,15600,29400,1,0.89543414,1
test,25,data_25.csv,persistent_leak,25_27_50,24,27,50,16200,30000,1,0.87718976,1
test,25,data_25.csv,persistent_leak,25_28_51,24,28,51,16800,30600,1,0.8681691,1
test,25,data_25.csv,persistent_leak,25_29_52,24,29,52,17400,31200,1,0.8794334,1
test,25,data_25.csv,persistent_leak,25_30_53,24,30,53,18000,31800,1,0.88807684,1
test,25,data_25.csv,persistent_leak,25_31_54,24,31,54,18600,32400,1,0.8901925,1
test,25,data_25.csv,persistent_leak,25_32_55,24,32,55,19200,33000,1,0.89393204,1
test,25,data_25.csv,persistent_leak,25_33_56,24,33,56,19800,33600,1,0.8932982,1
test,25,data_25.csv,persistent_leak,25_34_57,24,34,57,20400,34200,1,0.9034679,1
test,25,data_25.csv,persistent_leak,25_35_58,24,35,58,21000,34800,1,0.91971064,1
test,25,data_25.csv,persistent_leak,25_36_59,24,36,59,21600,35400,1,0.93828714,1
test,25,data_25.csv,persistent_leak,25_37_60,24,37,60,22200,36000,1,0.92972124,1
test,25,data_25.csv,persistent_leak,25_38_61,24,38,61,22800,36600,1,0.92145485,1
test,25,data_25.csv,persistent_leak,25_39_62,24,39,62,23400,37200,1,0.9253246,1
test,25,data_25.csv,persistent_leak,25_40_63,24,40,63,24000,37800,1,0.92791617,1
test,25,data_25.csv,persistent_leak,25_41_64,24,41,64,24600,38400,1,0.9391216,1
test,25,data_25.csv,persistent_leak,25_42_65,24,42,65,25200,39000,1,0.95088667,1
test,25,data_25.csv,persistent_leak,25_43_66,24,43,66,25800,39600,1,0.95913345,1
test,25,data_25.csv,persistent_leak,25_44_67,24,44,67,26400,40200,1,0.9657876,1
test,25,data_25.csv,persistent_leak,25_45_68,24,45,68,27000,40800,1,0.9677623,1
test,25,data_25.csv,persistent_leak,25_46_69,24,46,69,27600,41400,1,0.96956617,1
test,25,data_25.csv,persistent_leak,25_47_70,24,47,70,28200,42000,1,0.9712378,1
test,25,data_25.csv,persistent_leak,25_48_71,24,48,71,28800,42600,1,0.97388023,1
test,25,data_25.csv,persistent_leak,25_49_72,24,49,72,29400,43200,1,0.97359324,1
test,25,data_25.csv,persistent_leak,25_50_73,24,50,73,30000,43800,1,0.97447914,1
test,25,data_25.csv,persistent_leak,25_51_74,24,51,74,30600,44400,1,0.9731241,1
test,25,data_25.csv,persistent_leak,25_52_75,24,52,75,31200,45000,1,0.9733237,1
test,25,data_25.csv,persistent_leak,25_53_76,24,53,76,31800,45600,1,0.97221065,1
test,25,data_25.csv,persistent_leak,25_54_77,24,54,77,32400,46200,1,0.96982306,1
test,25,data_25.csv,persistent_leak,25_55_78,24,55,78,33000,46800,1,0.95814586,1
test,25,data_25.csv,persistent_leak,25_56_79,24,56,79,33600,47400,1,0.94148743,1
test,25,data_25.csv,persistent_leak,25_57_80,24,57,80,34200,48000,1,0.93901765,1
test,25,data_25.csv,persistent_leak,25_58_81,24,58,81,34800,48600,1,0.9325586,1
test,25,data_25.csv,persistent_leak,25_59_82,24,59,82,35400,49200,1,0.9267542,1
test,25,data_25.csv,persistent_leak,25_60_83,24,60,83,36000,49800,1,0.9188303,1
test,25,data_25.csv,persistent_leak,25_61_84,24,61,84,36600,50400,1,0.9081019,1
test,25,data_25.csv,persistent_leak,25_62_85,24,62,85,37200,51000,1,0.8902923,1
test,25,data_25.csv,persistent_leak,25_63_86,24,63,86,37800,51600,1,0.90140015,1
test,25,data_25.csv,persistent_leak,25_64_87,24,64,87,38400,52200,1,0.90410966,1
test,25,data_25.csv,persistent_leak,25_65_88,24,65,88,39000,52800,1,0.9181936,1
test,25,data_25.csv,persistent_leak,25_66_89,24,66,89,39600,53400,1,0.93193305,1
test,25,data_25.csv,persistent_leak,25_67_90,24,67,90,40200,54000,1,0.92647594,1
test,25,data_25.csv,persistent_leak,25_68_91,24,68,91,40800,54600,1,0.9218983,1
test,25,data_25.csv,persistent_leak,25_69_92,24,69,92,41400,55200,1,0.9278757,1
test,25,data_25.csv,persistent_leak,25_70_93,24,70,93,42000,55800,1,0.930287,1
test,25,data_25.csv,persistent_leak,25_71_94,24,71,94,42600,56400,1,0.93518984,1
test,25,data_25.csv,persistent_leak,25_72_95,24,72,95,43200,57000,1,0.94008195,1
test,25,data_25.csv,persistent_leak,25_73_96,24,73,96,43800,57600,1,0.9292611,1
test,25,data_25.csv,persistent_leak,25_74_97,24,74,97,44400,58200,1,0.916332,1
test,25,data_25.csv,persistent_leak,25_75_98,24,75,98,45000,58800,1,0.90959865,1
test,25,data_25.csv,persistent_leak,25_76_99,24,76,99,45600,59400,1,0.90318656,1
test,25,data_25.csv,persistent_leak,25_77_100,24,77,100,46200,60000,1,0.88376236,1
test,25,data_25.csv,persistent_leak,25_78_101,24,78,101,46800,60600,1,0.8614257,1
test,25,data_25.csv,persistent_leak,25_79_102,24,79,102,47400,61200,1,0.88462913,1
test,25,data_25.csv,persistent_leak,25_80_103,24,80,103,48000,61800,1,0.9050036,1
test,25,data_25.csv,persistent_leak,25_81_104,24,81,104,48600,62400,1,0.9044994,1
test,25,data_25.csv,persistent_leak,25_82_105,24,82,105,49200,63000,1,0.90760714,1
test,25,data_25.csv,persistent_leak,25_83_106,24,83,106,49800,63600,1,0.89889294,1
test,25,data_25.csv,persistent_leak,25_84_107,24,84,107,50400,64200,1,0.890991,1
test,25,data_25.csv,persistent_leak,25_85_108,24,85,108,51000,64800,1,0.91550344,1
test,25,data_25.csv,persistent_leak,25_86_109,24,86,109,51600,65400,1,0.9356676,1
test,25,data_25.csv,persistent_leak,25_87_110,24,87,110,52200,66000,1,0.9306351,1
test,25,data_25.csv,persistent_leak,25_88_111,24,88,111,52800,66600,1,0.93349695,1
test,25,data_25.csv,persistent_leak,25_89_112,24,89,112,53400,67200,1,0.9310942,1
test,25,data_25.csv,persistent_leak,25_90_113,24,90,113,54000,67800,1,0.9257217,1
test,25,data_25.csv,persistent_leak,25_91_114,24,91,114,54600,68400,1,0.9595178,1
test,25,data_25.csv,persistent_leak,25_92_115,24,92,115,55200,69000,1,0.97633743,1
test,25,data_25.csv,persistent_leak,25_93_116,24,93,116,55800,69600,1,0.9742546,1
test,25,data_25.csv,persistent_leak,25_94_117,24,94,117,56400,70200,1,0.97532076,1
test,25,data_25.csv,persistent_leak,25_95_118,24,95,118,57000,70800,1,0.9739293,1
test,25,data_25.csv,persistent_leak,25_96_119,24,96,119,57600,71400,1,0.97142977,1
test,25,data_25.csv,persistent_leak,25_97_120,24,97,120,58200,72000,1,0.96809936,1
test,25,data_25.csv,persistent_leak,25_98_121,24,98,121,58800,72600,1,0.96542484,1
test,25,data_25.csv,persistent_leak,25_99_122,24,99,122,59400,73200,1,0.95905846,1
test,25,data_25.csv,persistent_leak,25_100_123,24,100,123,60000,73800,1,0.9579021,1
test,25,data_25.csv,persistent_leak,25_101_124,24,101,124,60600,74400,1,0.9604267,1
test,25,data_25.csv,persistent_leak,25_102_125,24,102,125,61200,75000,1,0.96170706,1
test,25,data_25.csv,persistent_leak,25_103_126,24,103,126,61800,75600,1,0.92568403,1
test,25,data_25.csv,persistent_leak,25_104_127,24,104,127,62400,76200,1,0.84643006,1
test,25,data_25.csv,persistent_leak,25_105_128,24,105,128,63000,76800,1,0.84900516,1
test,25,data_25.csv,persistent_leak,25_106_129,24,106,129,63600,77400,1,0.8291076,1
test,25,data_25.csv,persistent_leak,25_107_130,24,107,130,64200,78000,1,0.8458275,1
test,25,data_25.csv,persistent_leak,25_108_131,24,108,131,64800,78600,1,0.8681928,1
test,25,data_25.csv,persistent_leak,25_109_132,24,109,132,65400,79200,1,0.86038834,1
test,25,data_25.csv,persistent_leak,25_110_133,24,110,133,66000,79800,1,0.8298739,1
test,25,data_25.csv,persistent_leak,25_111_134,24,111,134,66600,80400,1,0.8813134,1
test,25,data_25.csv,persistent_leak,25_112_135,24,112,135,67200,81000,1,0.8908207,1
test,25,data_25.csv,persistent_leak,25_113_136,24,113,136,67800,81600,1,0.9277706,1
test,25,data_25.csv,persistent_leak,25_114_137,24,114,137,68400,82200,1,0.95582056,1
test,25,data_25.csv,persistent_leak,25_115_138,24,115,138,69000,82800,1,0.9331987,1
test,25,data_25.csv,persistent_leak,25_116_139,24,116,139,69600,83400,1,0.8655102,1
test,25,data_25.csv,persistent_leak,25_117_140,24,117,140,70200,84000,1,0.87078935,1
test,25,data_25.csv,persistent_leak,25_118_141,24,118,141,70800,84600,1,0.82673436,1
test,25,data_25.csv,persistent_leak,25_119_142,24,119,142,71400,85200,1,0.8445843,1
test,25,data_25.csv,persistent_leak,25_120_143,24,120,143,72000,85800,1,0.87236255,1
test,25,data_25.csv,persistent_leak,25_121_144,24,121,144,72600,86400,1,0.8394178,1
test,34,data_34.csv,persistent_leak,34_0_23,24,0,23,0,13800,1,0.51451784,0
test,34,data_34.csv,persistent_leak,34_1_24,24,1,24,600,14400,1,0.6152761,1
test,34,data_34.csv,persistent_leak,34_2_25,24,2,25,1200,15000,1,0.65225244,1
test,34,data_34.csv,persistent_leak,34_3_26,24,3,26,1800,15600,1,0.6558318,1
test,34,data_34.csv,persistent_leak,34_4_27,24,4,27,2400,16200,1,0.65100867,1
test,34,data_34.csv,persistent_leak,34_5_28,24,5,28,3000,16800,1,0.63828325,1
test,34,data_34.csv,persistent_leak,34_6_29,24,6,29,3600,17400,1,0.6126121,1
test,34,data_34.csv,persistent_leak,34_7_30,24,7,30,4200,18000,1,0.64178467,1
test,34,data_34.csv,persistent_leak,34_8_31,24,8,31,4800,18600,1,0.6309723,1
test,34,data_34.csv,persistent_leak,34_9_32,24,9,32,5400,19200,1,0.6342727,1
test,34,data_34.csv,persistent_leak,34_10_33,24,10,33,6000,19800,1,0.6189938,1
test,34,data_34.csv,persistent_leak,34_11_34,24,11,34,6600,20400,1,0.630638,1
test,34,data_34.csv,persistent_leak,34_12_35,24,12,35,7200,21000,1,0.6148551,1
test,34,data_34.csv,persistent_leak,34_13_36,24,13,36,7800,21600,1,0.64242077,1
test,34,data_34.csv,persistent_leak,34_14_37,24,14,37,8400,22200,1,0.64050394,1
test,34,data_34.csv,persistent_leak,34_15_38,24,15,38,9000,22800,1,0.60659903,1
test,34,data_34.csv,persistent_leak,34_16_39,24,16,39,9600,23400,1,0.57587725,0
test,34,data_34.csv,persistent_leak,34_17_40,24,17,40,10200,24000,1,0.54843676,0
test,34,data_34.csv,persistent_leak,34_18_41,24,18,41,10800,24600,1,0.47208077,0
test,34,data_34.csv,persistent_leak,34_19_42,24,19,42,11400,25200,1,0.63042426,1
test,34,data_34.csv,persistent_leak,34_20_43,24,20,43,12000,25800,1,0.71912444,1
test,34,data_34.csv,persistent_leak,34_21_44,24,21,44,12600,26400,1,0.7226942,1
test,34,data_34.csv,persistent_leak,34_22_45,24,22,45,13200,27000,1,0.7260363,1
test,34,data_34.csv,persistent_leak,34_23_46,24,23,46,13800,27600,1,0.76059973,1
test,34,data_34.csv,persistent_leak,34_24_47,24,24,47,14400,28200,1,0.7641237,1
test,34,data_34.csv,persistent_leak,34_25_48,24,25,48,15000,28800,1,0.87210345,1
test,34,data_34.csv,persistent_leak,34_26_49,24,26,49,15600,29400,1,0.9179329,1
test,34,data_34.csv,persistent_leak,34_27_50,24,27,50,16200,30000,1,0.91859704,1
test,34,data_34.csv,persistent_leak,34_28_51,24,28,51,16800,30600,1,0.9187532,1
test,34,data_34.csv,persistent_leak,34_29_52,24,29,52,17400,31200,1,0.93306285,1
test,34,data_34.csv,persistent_leak,34_30_53,24,30,53,18000,31800,1,0.93437517,1
test,34,data_34.csv,persistent_leak,34_31_54,24,31,54,18600,32400,1,0.9297379,1
test,34,data_34.csv,persistent_leak,34_32_55,24,32,55,19200,33000,1,0.9312527,1
test,34,data_34.csv,persistent_leak,34_33_56,24,33,56,19800,33600,1,0.91446644,1
test,34,data_34.csv,persistent_leak,34_34_57,24,34,57,20400,34200,1,0.9053243,1
test,34,data_34.csv,persistent_leak,34_35_58,24,35,58,21000,34800,1,0.90463257,1
test,34,data_34.csv,persistent_leak,34_36_59,24,36,59,21600,35400,1,0.8949521,1
test,34,data_34.csv,persistent_leak,34_37_60,24,37,60,22200,36000,1,0.92027676,1
test,34,data_34.csv,persistent_leak,34_38_61,24,38,61,22800,36600,1,0.93793696,1
test,34,data_34.csv,persistent_leak,34_39_62,24,39,62,23400,37200,1,0.9353988,1
test,34,data_34.csv,persistent_leak,34_40_63,24,40,63,24000,37800,1,0.9378791,1
test,34,data_34.csv,persistent_leak,34_41_64,24,41,64,24600,38400,1,0.94751126,1
test,34,data_34.csv,persistent_leak,34_42_65,24,42,65,25200,39000,1,0.9584051,1
test,34,data_34.csv,persistent_leak,34_43_66,24,43,66,25800,39600,1,0.9801384,1
test,34,data_34.csv,persistent_leak,34_44_67,24,44,67,26400,40200,1,0.9916521,1
test,34,data_34.csv,persistent_leak,34_45_68,24,45,68,27000,40800,1,0.99168336,1
test,34,data_34.csv,persistent_leak,34_46_69,24,46,69,27600,41400,1,0.9930225,1
test,34,data_34.csv,persistent_leak,34_47_70,24,47,70,28200,42000,1,0.9943487,1
test,34,data_34.csv,persistent_leak,34_48_71,24,48,71,28800,42600,1,0.99571687,1
test,34,data_34.csv,persistent_leak,34_49_72,24,49,72,29400,43200,1,0.99735105,1
test,34,data_34.csv,persistent_leak,34_50_73,24,50,73,30000,43800,1,0.9983662,1
test,34,data_34.csv,persistent_leak,34_51_74,24,51,74,30600,44400,1,0.9981337,1
test,34,data_34.csv,persistent_leak,34_52_75,24,52,75,31200,45000,1,0.99820495,1
test,34,data_34.csv,persistent_leak,34_53_76,24,53,76,31800,45600,1,0.9982376,1
test,34,data_34.csv,persistent_leak,34_54_77,24,54,77,32400,46200,1,0.99810034,1
test,34,data_34.csv,persistent_leak,34_55_78,24,55,78,33000,46800,1,0.9980604,1
test,34,data_34.csv,persistent_leak,34_56_79,24,56,79,33600,47400,1,0.9978892,1
test,34,data_34.csv,persistent_leak,34_57_80,24,57,80,34200,48000,1,0.99749064,1
test,34,data_34.csv,persistent_leak,34_58_81,24,58,81,34800,48600,1,0.997221,1
test,34,data_34.csv,persistent_leak,34_59_82,24,59,82,35400,49200,1,0.99717605,1
test,34,data_34.csv,persistent_leak,34_60_83,24,60,83,36000,49800,1,0.99711007,1
test,34,data_34.csv,persistent_leak,34_61_84,24,61,84,36600,50400,1,0.9956327,1
test,34,data_34.csv,persistent_leak,34_62_85,24,62,85,37200,51000,1,0.9931114,1
test,34,data_34.csv,persistent_leak,34_63_86,24,63,86,37800,51600,1,0.9936614,1
test,34,data_34.csv,persistent_leak,34_64_87,24,64,87,38400,52200,1,0.99368036,1
test,34,data_34.csv,persistent_leak,34_65_88,24,65,88,39000,52800,1,0.9950787,1
test,34,data_34.csv,persistent_leak,34_66_89,24,66,89,39600,53400,1,0.9964545,1
test,34,data_34.csv,persistent_leak,34_67_90,24,67,90,40200,54000,1,0.99472225,1
test,34,data_34.csv,persistent_leak,34_68_91,24,68,91,40800,54600,1,0.99293524,1
test,34,data_34.csv,persistent_leak,34_69_92,24,69,92,41400,55200,1,0.99484515,1
test,34,data_34.csv,persistent_leak,34_70_93,24,70,93,42000,55800,1,0.9951977,1
test,34,data_34.csv,persistent_leak,34_71_94,24,71,94,42600,56400,1,0.9966563,1
test,34,data_34.csv,persistent_leak,34_72_95,24,72,95,43200,57000,1,0.997727,1
test,34,data_34.csv,persistent_leak,34_73_96,24,73,96,43800,57600,1,0.9970456,1
test,34,data_34.csv,persistent_leak,34_74_97,24,74,97,44400,58200,1,0.99626863,1
test,34,data_34.csv,persistent_leak,34_75_98,24,75,98,45000,58800,1,0.99662316,1
test,34,data_34.csv,persistent_leak,34_76_99,24,76,99,45600,59400,1,0.9965707,1
test,34,data_34.csv,persistent_leak,34_77_100,24,77,100,46200,60000,1,0.9965797,1
test,34,data_34.csv,persistent_leak,34_78_101,24,78,101,46800,60600,1,0.9965148,1
test,34,data_34.csv,persistent_leak,34_79_102,24,79,102,47400,61200,1,0.9947694,1
test,34,data_34.csv,persistent_leak,34_80_103,24,80,103,48000,61800,1,0.99200785,1
test,34,data_34.csv,persistent_leak,34_81_104,24,81,104,48600,62400,1,0.991089,1
test,34,data_34.csv,persistent_leak,34_82_105,24,82,105,49200,63000,1,0.9895271,1
test,34,data_34.csv,persistent_leak,34_83_106,24,83,106,49800,63600,1,0.98579454,1
test,34,data_34.csv,persistent_leak,34_84_107,24,84,107,50400,64200,1,0.9808172,1
test,34,data_34.csv,persistent_leak,34_85_108,24,85,108,51000,64800,1,0.98018664,1
test,34,data_34.csv,persistent_leak,34_86_109,24,86,109,51600,65400,1,0.97977453,1
test,34,data_34.csv,persistent_leak,34_87_110,24,87,110,52200,66000,1,0.97832733,1
test,34,data_34.csv,persistent_leak,34_88_111,24,88,111,52800,66600,1,0.9757169,1
test,34,data_34.csv,persistent_leak,34_89_112,24,89,112,53400,67200,1,0.9690581,1
test,34,data_34.csv,persistent_leak,34_90_113,24,90,113,54000,67800,1,0.96138036,1
test,34,data_34.csv,persistent_leak,34_91_114,24,91,114,54600,68400,1,0.95951116,1
test,34,data_34.csv,persistent_leak,34_92_115,24,92,115,55200,69000,1,0.9596263,1
test,34,data_34.csv,persistent_leak,34_93_116,24,93,116,55800,69600,1,0.95797676,1
test,34,data_34.csv,persistent_leak,34_94_117,24,94,117,56400,70200,1,0.9578931,1
test,34,data_34.csv,persistent_leak,34_95_118,24,95,118,57000,70800,1,0.9550042,1
test,34,data_34.csv,persistent_leak,34_96_119,24,96,119,57600,71400,1,0.950124,1
test,34,data_34.csv,persistent_leak,34_97_120,24,97,120,58200,72000,1,0.9445034,1
test,34,data_34.csv,persistent_leak,34_98_121,24,98,121,58800,72600,1,0.93705726,1
test,34,data_34.csv,persistent_leak,34_99_122,24,99,122,59400,73200,1,0.934775,1
test,34,data_34.csv,persistent_leak,34_100_123,24,100,123,60000,73800,1,0.93075883,1
test,34,data_34.csv,persistent_leak,34_101_124,24,101,124,60600,74400,1,0.92436737,1
test,34,data_34.csv,persistent_leak,34_102_125,24,102,125,61200,75000,1,0.91577023,1
test,34,data_34.csv,persistent_leak,34_103_126,24,103,126,61800,75600,1,0.9280914,1
test,34,data_34.csv,persistent_leak,34_104_127,24,104,127,62400,76200,1,0.93748087,1
test,34,data_34.csv,persistent_leak,34_105_128,24,105,128,63000,76800,1,0.93983984,1
test,34,data_34.csv,persistent_leak,34_106_129,24,106,129,63600,77400,1,0.9425191,1
test,34,data_34.csv,persistent_leak,34_107_130,24,107,130,64200,78000,1,0.9455686,1
test,34,data_34.csv,persistent_leak,34_108_131,24,108,131,64800,78600,1,0.95004,1
test,34,data_34.csv,persistent_leak,34_109_132,24,109,132,65400,79200,1,0.9138189,1
test,34,data_34.csv,persistent_leak,34_110_133,24,110,133,66000,79800,1,0.8652427,1
test,34,data_34.csv,persistent_leak,34_111_134,24,111,134,66600,80400,1,0.8608591,1
test,34,data_34.csv,persistent_leak,34_112_135,24,112,135,67200,81000,1,0.8513502,1
test,34,data_34.csv,persistent_leak,34_113_136,24,113,136,67800,81600,1,0.8541655,1
test,34,data_34.csv,persistent_leak,34_114_137,24,114,137,68400,82200,1,0.8599492,1
test,34,data_34.csv,persistent_leak,34_115_138,24,115,138,69000,82800,1,0.80700064,1
test,34,data_34.csv,persistent_leak,34_116_139,24,116,139,69600,83400,1,0.69580865,1
test,34,data_34.csv,persistent_leak,34_117_140,24,117,140,70200,84000,1,0.7259429,1
test,34,data_34.csv,persistent_leak,34_118_141,24,118,141,70800,84600,1,0.71,1
test,34,data_34.csv,persistent_leak,34_119_142,24,119,142,71400,85200,1,0.7337528,1
test,34,data_34.csv,persistent_leak,34_120_143,24,120,143,72000,85800,1,0.7646191,1
test,34,data_34.csv,persistent_leak,34_121_144,24,121,144,72600,86400,1,0.764964,1
test,41,data_41.csv,persistent_leak,41_0_23,24,0,23,0,13800,0,5.106778e-09,0
test,41,data_41.csv,persistent_leak,41_1_24,24,1,24,600,14400,0,5.4960636e-09,0
test,41,data_41.csv,persistent_leak,41_2_25,24,2,25,1200,15000,0,5.7263057e-09,0
test,41,data_41.csv,persistent_leak,41_3_26,24,3,26,1800,15600,0,6.211378e-09,0
test,41,data_41.csv,persistent_leak,41_4_27,24,4,27,2400,16200,0,6.4693038e-09,0
test,41,data_41.csv,persistent_leak,41_5_28,24,5,28,3000,16800,0,6.8558315e-09,0
test,41,data_41.csv,persistent_leak,41_6_29,24,6,29,3600,17400,0,7.168533e-09,0
test,41,data_41.csv,persistent_leak,41_7_30,24,7,30,4200,18000,0,1.28203315e-08,0
test,41,data_41.csv,persistent_leak,41_8_31,24,8,31,4800,18600,0,1.9571504e-08,0
test,41,data_41.csv,persistent_leak,41_9_32,24,9,32,5400,19200,0,2.8160878e-08,0
test,41,data_41.csv,persistent_leak,41_10_33,24,10,33,6000,19800,0,3.0866087e-08,0
test,41,data_41.csv,persistent_leak,41_11_34,24,11,34,6600,20400,0,3.6159694e-08,0
test,41,data_41.csv,persistent_leak,41_12_35,24,12,35,7200,21000,0,3.7584435e-08,0
test,41,data_41.csv,persistent_leak,41_13_36,24,13,36,7800,21600,0,5.8382582e-08,0
test,41,data_41.csv,persistent_leak,41_14_37,24,14,37,8400,22200,0,7.74901e-08,0
test,41,data_41.csv,persistent_leak,41_15_38,24,15,38,9000,22800,0,1.1644773e-07,0
test,41,data_41.csv,persistent_leak,41_16_39,24,16,39,9600,23400,0,1.2010237e-07,0
test,41,data_41.csv,persistent_leak,41_17_40,24,17,40,10200,24000,0,1.5200413e-07,0
test,41,data_41.csv,persistent_leak,41_18_41,24,18,41,10800,24600,0,1.664701e-07,0
test,41,data_41.csv,persistent_leak,41_19_42,24,19,42,11400,25200,0,2.776014e-07,0
test,41,data_41.csv,persistent_leak,41_20_43,24,20,43,12000,25800,0,3.3428677e-07,0
test,41,data_41.csv,persistent_leak,41_21_44,24,21,44,12600,26400,0,5.056545e-07,0
test,41,data_41.csv,persistent_leak,41_22_45,24,22,45,13200,27000,0,5.481948e-07,0
test,41,data_41.csv,persistent_leak,41_23_46,24,23,46,13800,27600,0,7.057741e-07,0
test,41,data_41.csv,persistent_leak,41_24_47,24,24,47,14400,28200,0,7.6561963e-07,0
test,41,data_41.csv,persistent_leak,41_25_48,24,25,48,15000,28800,0,1.244377e-06,0
test,41,data_41.csv,persistent_leak,41_26_49,24,26,49,15600,29400,0,1.6078449e-06,0
test,41,data_41.csv,persistent_leak,41_27_50,24,27,50,16200,30000,0,3.2720466e-06,0
test,41,data_41.csv,persistent_leak,41_28_51,24,28,51,16800,30600,0,5.016514e-06,0
test,41,data_41.csv,persistent_leak,41_29_52,24,29,52,17400,31200,0,8.807969e-06,0
test,41,data_41.csv,persistent_leak,41_30_53,24,30,53,18000,31800,0,1.44080805e-05,0
test,41,data_41.csv,persistent_leak,41_31_54,24,31,54,18600,32400,0,2.6633e-05,0
test,41,data_41.csv,persistent_leak,41_32_55,24,32,55,19200,33000,0,3.8113936e-05,0
test,41,data_41.csv,persistent_leak,41_33_56,24,33,56,19800,33600,0,8.3442945e-05,0
test,41,data_41.csv,persistent_leak,41_34_57,24,34,57,20400,34200,0,0.00013074723,0
test,41,data_41.csv,persistent_leak,41_35_58,24,35,58,21000,34800,0,0.00024032715,0
test,41,data_41.csv,persistent_leak,41_36_59,24,36,59,21600,35400,0,0.00037889465,0
test,41,data_41.csv,persistent_leak,41_37_60,24,37,60,22200,36000,0,0.0006831966,0
test,41,data_41.csv,persistent_leak,41_38_61,24,38,61,22800,36600,0,0.0009989172,0
test,41,data_41.csv,persistent_leak,41_39_62,24,39,62,23400,37200,0,0.00211692,0
test,41,data_41.csv,persistent_leak,41_40_63,24,40,63,24000,37800,0,0.003273267,0
test,41,data_41.csv,persistent_leak,41_41_64,24,41,64,24600,38400,0,0.0062972116,0
test,41,data_41.csv,persistent_leak,41_42_65,24,42,65,25200,39000,0,0.010196626,0
test,41,data_41.csv,persistent_leak,41_43_66,24,43,66,25800,39600,0,0.027957106,0
test,41,data_41.csv,persistent_leak,41_44_67,24,44,67,26400,40200,0,0.046044268,0
test,41,data_41.csv,persistent_leak,41_45_68,24,45,68,27000,40800,0,0.083184466,0
test,41,data_41.csv,persistent_leak,41_46_69,24,46,69,27600,41400,0,0.09679115,0
test,41,data_41.csv,persistent_leak,41_47_70,24,47,70,28200,42000,0,0.15058106,0
test,41,data_41.csv,persistent_leak,41_48_71,24,48,71,28800,42600,0,0.17780761,0
test,41,data_41.csv,persistent_leak,41_49_72,24,49,72,29400,43200,0,0.20352305,0
test,41,data_41.csv,persistent_leak,41_50_73,24,50,73,30000,43800,0,0.17705533,0
test,41,data_41.csv,persistent_leak,41_51_74,24,51,74,30600,44400,0,0.20771208,0
test,41,data_41.csv,persistent_leak,41_52_75,24,52,75,31200,45000,0,0.24156335,0
test,41,data_41.csv,persistent_leak,41_53_76,24,53,76,31800,45600,0,0.31070903,0
test,41,data_41.csv,persistent_leak,41_54_77,24,54,77,32400,46200,0,0.33088166,0
test,41,data_41.csv,persistent_leak,41_55_78,24,55,78,33000,46800,0,0.21084253,0
test,41,data_41.csv,persistent_leak,41_56_79,24,56,79,33600,47400,0,0.1276006,0
test,41,data_41.csv,persistent_leak,41_57_80,24,57,80,34200,48000,0,0.09569709,0
test,41,data_41.csv,persistent_leak,41_58_81,24,58,81,34800,48600,0,0.10470525,0
test,41,data_41.csv,persistent_leak,41_59_82,24,59,82,35400,49200,0,0.09245462,0
test,41,data_41.csv,persistent_leak,41_60_83,24,60,83,36000,49800,0,0.10092285,0
test,41,data_41.csv,persistent_leak,41_61_84,24,61,84,36600,50400,0,0.08201681,0
test,41,data_41.csv,persistent_leak,41_62_85,24,62,85,37200,51000,0,0.06812709,0
test,41,data_41.csv,persistent_leak,41_63_86,24,63,86,37800,51600,0,0.06416211,0
test,41,data_41.csv,persistent_leak,41_64_87,24,64,87,38400,52200,0,0.06959519,0
test,41,data_41.csv,persistent_leak,41_65_88,24,65,88,39000,52800,0,0.08191386,0
test,41,data_41.csv,persistent_leak,41_66_89,24,66,89,39600,53400,0,0.12736933,0
test,41,data_41.csv,persistent_leak,41_67_90,24,67,90,40200,54000,0,0.11494383,0
test,41,data_41.csv,persistent_leak,41_68_91,24,68,91,40800,54600,0,0.10241275,0
test,41,data_41.csv,persistent_leak,41_69_92,24,69,92,41400,55200,0,0.12843958,0
test,41,data_41.csv,persistent_leak,41_70_93,24,70,93,42000,55800,0,0.13974644,0
test,41,data_41.csv,persistent_leak,41_71_94,24,71,94,42600,56400,0,0.16552533,0
test,41,data_41.csv,persistent_leak,41_72_95,24,72,95,43200,57000,0,0.22388616,0
test,41,data_41.csv,persistent_leak,41_73_96,24,73,96,43800,57600,0,0.20205116,0
test,41,data_41.csv,persistent_leak,41_74_97,24,74,97,44400,58200,0,0.1746672,0
test,41,data_41.csv,persistent_leak,41_75_98,24,75,98,45000,58800,0,0.1661126,0
test,41,data_41.csv,persistent_leak,41_76_99,24,76,99,45600,59400,0,0.15317722,0
test,41,data_41.csv,persistent_leak,41_77_100,24,77,100,46200,60000,0,0.15518469,0
test,41,data_41.csv,persistent_leak,41_78_101,24,78,101,46800,60600,0,0.15808485,0
test,41,data_41.csv,persistent_leak,41_79_102,24,79,102,47400,61200,0,0.20595601,0
test,41,data_41.csv,persistent_leak,41_80_103,24,80,103,48000,61800,0,0.26256347,0
test,41,data_41.csv,persistent_leak,41_81_104,24,81,104,48600,62400,0,0.2985848,0
test,41,data_41.csv,persistent_leak,41_82_105,24,82,105,49200,63000,0,0.32481128,0
test,41,data_41.csv,persistent_leak,41_83_106,24,83,106,49800,63600,0,0.33853942,0
test,41,data_41.csv,persistent_leak,41_84_107,24,84,107,50400,64200,0,0.3444227,0
test,41,data_41.csv,persistent_leak,41_85_108,24,85,108,51000,64800,0,0.3731696,0
test,41,data_41.csv,persistent_leak,41_86_109,24,86,109,51600,65400,0,0.417986,0
test,41,data_41.csv,persistent_leak,41_87_110,24,87,110,52200,66000,0,0.44212237,0
test,41,data_41.csv,persistent_leak,41_88_111,24,88,111,52800,66600,0,0.44623262,0
test,41,data_41.csv,persistent_leak,41_89_112,24,89,112,53400,67200,0,0.45745936,0
test,41,data_41.csv,persistent_leak,41_90_113,24,90,113,54000,67800,0,0.4532697,0
test,41,data_41.csv,persistent_leak,41_91_114,24,91,114,54600,68400,0,0.49442685,0
test,41,data_41.csv,persistent_leak,41_92_115,24,92,115,55200,69000,0,0.4925231,0
test,41,data_41.csv,persistent_leak,41_93_116,24,93,116,55800,69600,0,0.4481526,0
test,41,data_41.csv,persistent_leak,41_94_117,24,94,117,56400,70200,0,0.38313097,0
test,41,data_41.csv,persistent_leak,41_95_118,24,95,118,57000,70800,0,0.327162,0
test,41,data_41.csv,persistent_leak,41_96_119,24,96,119,57600,71400,0,0.23812658,0
test,41,data_41.csv,persistent_leak,41_97_120,24,97,120,58200,72000,0,0.09926811,0
test,41,data_41.csv,persistent_leak,41_98_121,24,98,121,58800,72600,0,0.03978718,0
test,41,data_41.csv,persistent_leak,41_99_122,24,99,122,59400,73200,0,0.023805114,0
test,41,data_41.csv,persistent_leak,41_100_123,24,100,123,60000,73800,0,0.021622,0
test,41,data_41.csv,persistent_leak,41_101_124,24,101,124,60600,74400,0,0.019557953,0
test,41,data_41.csv,persistent_leak,41_102_125,24,102,125,61200,75000,0,0.023888174,0
test,41,data_41.csv,persistent_leak,41_103_126,24,103,126,61800,75600,0,0.004695938,0
test,41,data_41.csv,persistent_leak,41_104_127,24,104,127,62400,76200,0,0.0009833819,0
test,41,data_41.csv,persistent_leak,41_105_128,24,105,128,63000,76800,0,0.00037471022,0
test,41,data_41.csv,persistent_leak,41_106_129,24,106,129,63600,77400,0,0.0003458086,0
test,41,data_41.csv,persistent_leak,41_107_130,24,107,130,64200,78000,0,0.00028115322,0
test,41,data_41.csv,persistent_leak,41_108_131,24,108,131,64800,78600,0,0.000371051,0
test,41,data_41.csv,persistent_leak,41_109_132,24,109,132,65400,79200,0,0.0002651916,0
test,41,data_41.csv,persistent_leak,41_110_133,24,110,133,66000,79800,0,0.0002652508,0
test,41,data_41.csv,persistent_leak,41_111_134,24,111,134,66600,80400,0,0.00028727914,0
test,41,data_41.csv,persistent_leak,41_112_135,24,112,135,67200,81000,0,0.00034326038,0
test,41,data_41.csv,persistent_leak,41_113_136,24,113,136,67800,81600,0,0.00043789984,0
test,41,data_41.csv,persistent_leak,41_114_137,24,114,137,68400,82200,0,0.00060772686,0
test,41,data_41.csv,persistent_leak,41_115_138,24,115,138,69000,82800,0,0.0004427155,0
test,41,data_41.csv,persistent_leak,41_116_139,24,116,139,69600,83400,0,0.0004954788,0
test,41,data_41.csv,persistent_leak,41_117_140,24,117,140,70200,84000,0,0.0003051141,0
test,41,data_41.csv,persistent_leak,41_118_141,24,118,141,70800,84600,0,0.00015488177,0
test,41,data_41.csv,persistent_leak,41_119_142,24,119,142,71400,85200,0,8.736051e-05,0
test,41,data_41.csv,persistent_leak,41_120_143,24,120,143,72000,85800,0,5.3232667e-05,0
test,41,data_41.csv,persistent_leak,41_121_144,24,121,144,72600,86400,0,2.64063e-05,0
test,42,data_42.csv,persistent_leak,42_0_23,24,0,23,0,13800,0,1.1934328e-08,0
test,42,data_42.csv,persistent_leak,42_1_24,24,1,24,600,14400,0,1.5412885e-08,0
test,42,data_42.csv,persistent_leak,42_2_25,24,2,25,1200,15000,0,1.783665e-08,0
test,42,data_42.csv,persistent_leak,42_3_26,24,3,26,1800,15600,0,1.3618283e-08,0
test,42,data_42.csv,persistent_leak,42_4_27,24,4,27,2400,16200,0,9.0132986e-09,0
test,42,data_42.csv,persistent_leak,42_5_28,24,5,28,3000,16800,0,6.363336e-09,0
test,42,data_42.csv,persistent_leak,42_6_29,24,6,29,3600,17400,0,3.81079e-09,0
test,42,data_42.csv,persistent_leak,42_7_30,24,7,30,4200,18000,0,5.563067e-09,0
test,42,data_42.csv,persistent_leak,42_8_31,24,8,31,4800,18600,0,7.11766e-09,0
test,42,data_42.csv,persistent_leak,42_9_32,24,9,32,5400,19200,0,8.6478416e-09,0
test,42,data_42.csv,persistent_leak,42_10_33,24,10,33,6000,19800,0,7.719636e-09,0
test,42,data_42.csv,persistent_leak,42_11_34,24,11,34,6600,20400,0,8.054419e-09,0
test,42,data_42.csv,persistent_leak,42_12_35,24,12,35,7200,21000,0,7.2850046e-09,0
test,42,data_42.csv,persistent_leak,42_13_36,24,13,36,7800,21600,0,1.0857152e-08,0
test,42,data_42.csv,persistent_leak,42_14_37,24,14,37,8400,22200,0,1.255341e-08,0
test,42,data_42.csv,persistent_leak,42_15_38,24,15,38,9000,22800,0,1.6288912e-08,0
test,42,data_42.csv,persistent_leak,42_16_39,24,16,39,9600,23400,0,1.5687768e-08,0
test,42,data_42.csv,persistent_leak,42_17_40,24,17,40,10200,24000,0,1.7788949e-08,0
test,42,data_42.csv,persistent_leak,42_18_41,24,18,41,10800,24600,0,1.7176944e-08,0
test,42,data_42.csv,persistent_leak,42_19_42,24,19,42,11400,25200,0,4.223113e-08,0
test,42,data_42.csv,persistent_leak,42_20_43,24,20,43,12000,25800,0,7.435837e-08,0
test,42,data_42.csv,persistent_leak,42_21_44,24,21,44,12600,26400,0,1.6435612e-07,0
test,42,data_42.csv,persistent_leak,42_22_45,24,22,45,13200,27000,0,2.2388143e-07,0
test,42,data_42.csv,persistent_leak,42_23_46,24,23,46,13800,27600,0,3.6604405e-07,0
test,42,data_42.csv,persistent_leak,42_24_47,24,24,47,14400,28200,0,4.9476137e-07,0
test,42,data_42.csv,persistent_leak,42_25_48,24,25,48,15000,28800,0,1.1512944e-06,0
test,42,data_42.csv,persistent_leak,42_26_49,24,26,49,15600,29400,0,1.9118531e-06,0
test,42,data_42.csv,persistent_leak,42_27_50,24,27,50,16200,30000,0,4.631376e-06,0
test,42,data_42.csv,persistent_leak,42_28_51,24,28,51,16800,30600,0,6.626362e-06,0
test,42,data_42.csv,persistent_leak,42_29_52,24,29,52,17400,31200,0,1.22819765e-05,0
test,42,data_42.csv,persistent_leak,42_30_53,24,30,53,18000,31800,0,1.900393e-05,0
test,42,data_42.csv,persistent_leak,42_31_54,24,31,54,18600,32400,0,1.9699171e-05,0
test,42,data_42.csv,persistent_leak,42_32_55,24,32,55,19200,33000,0,1.539895e-05,0
test,42,data_42.csv,persistent_leak,42_33_56,24,33,56,19800,33600,0,2.1246313e-05,0
test,42,data_42.csv,persistent_leak,42_34_57,24,34,57,20400,34200,0,2.9443689e-05,0
test,42,data_42.csv,persistent_leak,42_35_58,24,35,58,21000,34800,0,4.476441e-05,0
test,42,data_42.csv,persistent_leak,42_36_59,24,36,59,21600,35400,0,6.725091e-05,0
test,42,data_42.csv,persistent_leak,42_37_60,24,37,60,22200,36000,0,9.108303e-05,0
test,42,data_42.csv,persistent_leak,42_38_61,24,38,61,22800,36600,0,0.000112489004,0
test,42,data_42.csv,persistent_leak,42_39_62,24,39,62,23400,37200,0,0.00020964468,0
test,42,data_42.csv,persistent_leak,42_40_63,24,40,63,24000,37800,0,0.0004721572,0
test,42,data_42.csv,persistent_leak,42_41_64,24,41,64,24600,38400,0,0.0009478245,0
test,42,data_42.csv,persistent_leak,42_42_65,24,42,65,25200,39000,0,0.0020773741,0
test,42,data_42.csv,persistent_leak,42_43_66,24,43,66,25800,39600,0,0.006361822,0
test,42,data_42.csv,persistent_leak,42_44_67,24,44,67,26400,40200,0,0.02077922,0
test,42,data_42.csv,persistent_leak,42_45_68,24,45,68,27000,40800,0,0.0694099,0
test,42,data_42.csv,persistent_leak,42_46_69,24,46,69,27600,41400,0,0.12430004,0
test,42,data_42.csv,persistent_leak,42_47_70,24,47,70,28200,42000,0,0.26913264,0
test,42,data_42.csv,persistent_leak,42_48_71,24,48,71,28800,42600,0,0.4213876,0
test,42,data_42.csv,persistent_leak,42_49_72,24,49,72,29400,43200,0,0.52178204,0
test,42,data_42.csv,persistent_leak,42_50_73,24,50,73,30000,43800,0,0.49608478,0
test,42,data_42.csv,persistent_leak,42_51_74,24,51,74,30600,44400,0,0.5496744,0
test,42,data_42.csv,persistent_leak,42_52_75,24,52,75,31200,45000,0,0.49951553,0
test,42,data_42.csv,persistent_leak,42_53_76,24,53,76,31800,45600,0,0.571877,0
test,42,data_42.csv,persistent_leak,42_54_77,24,54,77,32400,46200,0,0.53276503,0
test,42,data_42.csv,persistent_leak,42_55_78,24,55,78,33000,46800,0,0.5071437,0
test,42,data_42.csv,persistent_leak,42_56_79,24,56,79,33600,47400,0,0.396046,0
test,42,data_42.csv,persistent_leak,42_57_80,24,57,80,34200,48000,0,0.33397183,0
test,42,data_42.csv,persistent_leak,42_58_81,24,58,81,34800,48600,0,0.31530055,0
test,42,data_42.csv,persistent_leak,42_59_82,24,59,82,35400,49200,0,0.2840656,0
test,42,data_42.csv,persistent_leak,42_60_83,24,60,83,36000,49800,0,0.22633171,0
test,42,data_42.csv,persistent_leak,42_61_84,24,61,84,36600,50400,0,0.14255737,0
test,42,data_42.csv,persistent_leak,42_62_85,24,62,85,37200,51000,0,0.10106148,0
test,42,data_42.csv,persistent_leak,42_63_86,24,63,86,37800,51600,0,0.070417725,0
test,42,data_42.csv,persistent_leak,42_64_87,24,64,87,38400,52200,0,0.06801367,0
test,42,data_42.csv,persistent_leak,42_65_88,24,65,88,39000,52800,0,0.06762659,0
test,42,data_42.csv,persistent_leak,42_66_89,24,66,89,39600,53400,0,0.09143198,0
test,42,data_42.csv,persistent_leak,42_67_90,24,67,90,40200,54000,0,0.059354603,0
test,42,data_42.csv,persistent_leak,42_68_91,24,68,91,40800,54600,0,0.029852064,0
test,42,data_42.csv,persistent_leak,42_69_92,24,69,92,41400,55200,0,0.022084704,0
test,42,data_42.csv,persistent_leak,42_70_93,24,70,93,42000,55800,0,0.019982662,0
test,42,data_42.csv,persistent_leak,42_71_94,24,71,94,42600,56400,0,0.022746688,0
test,42,data_42.csv,persistent_leak,42_72_95,24,72,95,43200,57000,0,0.0343045,0
test,42,data_42.csv,persistent_leak,42_73_96,24,73,96,43800,57600,0,0.023327956,0
test,42,data_42.csv,persistent_leak,42_74_97,24,74,97,44400,58200,0,0.014744406,0
test,42,data_42.csv,persistent_leak,42_75_98,24,75,98,45000,58800,0,0.015355489,0
test,42,data_42.csv,persistent_leak,42_76_99,24,76,99,45600,59400,0,0.014068784,0
test,42,data_42.csv,persistent_leak,42_77_100,24,77,100,46200,60000,0,0.017244952,0
test,42,data_42.csv,persistent_leak,42_78_101,24,78,101,46800,60600,0,0.022476112,0
test,42,data_42.csv,persistent_leak,42_79_102,24,79,102,47400,61200,0,0.017898416,0
test,42,data_42.csv,persistent_leak,42_80_103,24,80,103,48000,61800,0,0.014380848,0
test,42,data_42.csv,persistent_leak,42_81_104,24,81,104,48600,62400,0,0.013500994,0
test,42,data_42.csv,persistent_leak,42_82_105,24,82,105,49200,63000,0,0.0143995555,0
test,42,data_42.csv,persistent_leak,42_83_106,24,83,106,49800,63600,0,0.014490711,0
test,42,data_42.csv,persistent_leak,42_84_107,24,84,107,50400,64200,0,0.015777783,0
test,42,data_42.csv,persistent_leak,42_85_108,24,85,108,51000,64800,0,0.030386524,0
test,42,data_42.csv,persistent_leak,42_86_109,24,86,109,51600,65400,0,0.052720916,0
test,42,data_42.csv,persistent_leak,42_87_110,24,87,110,52200,66000,0,0.047383066,0
test,42,data_42.csv,persistent_leak,42_88_111,24,88,111,52800,66600,0,0.027960712,0
test,42,data_42.csv,persistent_leak,42_89_112,24,89,112,53400,67200,0,0.015312191,0
test,42,data_42.csv,persistent_leak,42_90_113,24,90,113,54000,67800,0,0.0067653633,0
test,42,data_42.csv,persistent_leak,42_91_114,24,91,114,54600,68400,0,0.008784655,0
test,42,data_42.csv,persistent_leak,42_92_115,24,92,115,55200,69000,0,0.009957283,0
test,42,data_42.csv,persistent_leak,42_93_116,24,93,116,55800,69600,0,0.007879882,0
test,42,data_42.csv,persistent_leak,42_94_117,24,94,117,56400,70200,0,0.0041366997,0
test,42,data_42.csv,persistent_leak,42_95_118,24,95,118,57000,70800,0,0.0028139504,0
test,42,data_42.csv,persistent_leak,42_96_119,24,96,119,57600,71400,0,0.0015030281,0
test,42,data_42.csv,persistent_leak,42_97_120,24,97,120,58200,72000,0,0.001479995,0
test,42,data_42.csv,persistent_leak,42_98_121,24,98,121,58800,72600,0,0.0011171919,0
test,42,data_42.csv,persistent_leak,42_99_122,24,99,122,59400,73200,0,0.0008745352,0
test,42,data_42.csv,persistent_leak,42_100_123,24,100,123,60000,73800,0,0.0005992702,0
test,42,data_42.csv,persistent_leak,42_101_124,24,101,124,60600,74400,0,0.00047213922,0
test,42,data_42.csv,persistent_leak,42_102_125,24,102,125,61200,75000,0,0.00029405553,0
test,42,data_42.csv,persistent_leak,42_103_126,24,103,126,61800,75600,0,0.00043047417,0
test,42,data_42.csv,persistent_leak,42_104_127,24,104,127,62400,76200,0,0.00057751406,0
test,42,data_42.csv,persistent_leak,42_105_128,24,105,128,63000,76800,0,0.0009181009,0
test,42,data_42.csv,persistent_leak,42_106_129,24,106,129,63600,77400,0,0.0013237037,0
test,42,data_42.csv,persistent_leak,42_107_130,24,107,130,64200,78000,0,0.0019786893,0
test,42,data_42.csv,persistent_leak,42_108_131,24,108,131,64800,78600,0,0.0027604378,0
test,42,data_42.csv,persistent_leak,42_109_132,24,109,132,65400,79200,0,0.0009663357,0
test,42,data_42.csv,persistent_leak,42_110_133,24,110,133,66000,79800,0,0.00042433676,0
test,42,data_42.csv,persistent_leak,42_111_134,24,111,134,66600,80400,0,0.00033903582,0
test,42,data_42.csv,persistent_leak,42_112_135,24,112,135,67200,81000,0,0.00041216408,0
test,42,data_42.csv,persistent_leak,42_113_136,24,113,136,67800,81600,0,0.0005281007,0
test,42,data_42.csv,persistent_leak,42_114_137,24,114,137,68400,82200,0,0.00086847815,0
test,42,data_42.csv,persistent_leak,42_115_138,24,115,138,69000,82800,0,0.00022506392,0
test,42,data_42.csv,persistent_leak,42_116_139,24,116,139,69600,83400,0,6.260277e-05,0
test,42,data_42.csv,persistent_leak,42_117_140,24,117,140,70200,84000,0,2.5401836e-05,0
test,42,data_42.csv,persistent_leak,42_118_141,24,118,141,70800,84600,0,3.0337918e-05,0
test,42,data_42.csv,persistent_leak,42_119_142,24,119,142,71400,85200,0,2.7868156e-05,0
test,42,data_42.csv,persistent_leak,42_120_143,24,120,143,72000,85800,0,3.8513284e-05,0
test,42,data_42.csv,persistent_leak,42_121_144,24,121,144,72600,86400,0,3.9791445e-05,0
test,46,data_46.csv,onset_leak,46_0_23,24,0,23,0,13800,0,1.2535936e-09,0
test,46,data_46.csv,onset_leak,46_1_24,24,1,24,600,14400,0,2.2158253e-09,0
test,46,data_46.csv,onset_leak,46_2_25,24,2,25,1200,15000,0,3.5349943e-09,0
test,46,data_46.csv,onset_leak,46_3_26,24,3,26,1800,15600,0,4.1503325e-09,0
test,46,data_46.csv,onset_leak,46_4_27,24,4,27,2400,16200,0,3.623528e-09,0
test,46,data_46.csv,onset_leak,46_5_28,24,5,28,3000,16800,0,3.391126e-09,0
test,46,data_46.csv,onset_leak,46_6_29,24,6,29,3600,17400,0,2.7368208e-09,0
test,46,data_46.csv,onset_leak,46_7_30,24,7,30,4200,18000,0,4.720944e-09,0
test,46,data_46.csv,onset_leak,46_8_31,24,8,31,4800,18600,0,6.5346466e-09,0
test,46,data_46.csv,onset_leak,46_9_32,24,9,32,5400,19200,0,8.398146e-09,0
test,46,data_46.csv,onset_leak,46_10_33,24,10,33,6000,19800,0,6.735331e-09,0
test,46,data_46.csv,onset_leak,46_11_34,24,11,34,6600,20400,0,7.0201933e-09,0
test,46,data_46.csv,onset_leak,46_12_35,24,12,35,7200,21000,0,5.8345826e-09,0
test,46,data_46.csv,onset_leak,46_13_36,24,13,36,7800,21600,0,8.339438e-09,0
test,46,data_46.csv,onset_leak,46_14_37,24,14,37,8400,22200,0,8.485884e-09,0
test,46,data_46.csv,onset_leak,46_15_38,24,15,38,9000,22800,0,1.1188492e-08,0
test,46,data_46.csv,onset_leak,46_16_39,24,16,39,9600,23400,0,1.0706436e-08,0
test,46,data_46.csv,onset_leak,46_17_40,24,17,40,10200,24000,0,1.2639879e-08,0
test,46,data_46.csv,onset_leak,46_18_41,24,18,41,10800,24600,0,1.2407418e-08,0
test,46,data_46.csv,onset_leak,46_19_42,24,19,42,11400,25200,0,2.2742563e-08,0
test,46,data_46.csv,onset_leak,46_20_43,24,20,43,12000,25800,0,3.100877e-08,0
test,46,data_46.csv,onset_leak,46_21_44,24,21,44,12600,26400,0,6.67441e-08,0
test,46,data_46.csv,onset_leak,46_22_45,24,22,45,13200,27000,0,1.0824527e-07,0
test,46,data_46.csv,onset_leak,46_23_46,24,23,46,13800,27600,0,1.955056e-07,0
test,46,data_46.csv,onset_leak,46_24_47,24,24,47,14400,28200,0,3.2467707e-07,0
test,46,data_46.csv,onset_leak,46_25_48,24,25,48,15000,28800,0,7.610574e-07,0
test,46,data_46.csv,onset_leak,46_26_49,24,26,49,15600,29400,0,1.3748354e-06,0
test,46,data_46.csv,onset_leak,46_27_50,24,27,50,16200,30000,0,3.7596162e-06,0
test,46,data_46.csv,onset_leak,46_28_51,24,28,51,16800,30600,0,6.6638017e-06,0
test,46,data_46.csv,onset_leak,46_29_52,24,29,52,17400,31200,0,1.39541735e-05,0
test,46,data_46.csv,onset_leak,46_30_53,24,30,53,18000,31800,0,2.5655194e-05,0
test,46,data_46.csv,onset_leak,46_31_54,24,31,54,18600,32400,0,1.596808e-05,0
test,46,data_46.csv,onset_leak,46_32_55,24,32,55,19200,33000,0,9.648307e-06,0
test,46,data_46.csv,onset_leak,46_33_56,24,33,56,19800,33600,0,9.7728325e-06,0
test,46,data_46.csv,onset_leak,46_34_57,24,34,57,20400,34200,0,1.2455558e-05,0
test,46,data_46.csv,onset_leak,46_35_58,24,35,58,21000,34800,0,1.7439146e-05,0
test,46,data_46.csv,onset_leak,46_36_59,24,36,59,21600,35400,0,2.8207352e-05,0
test,46,data_46.csv,onset_leak,46_37_60,24,37,60,22200,36000,0,4.1649808e-05,0
test,46,data_46.csv,onset_leak,46_38_61,24,38,61,22800,36600,0,5.5655648e-05,0
test,46,data_46.csv,onset_leak,46_39_62,24,39,62,23400,37200,0,8.39255e-05,0
test,46,data_46.csv,onset_leak,46_40_63,24,40,63,24000,37800,0,0.00016429806,0
test,46,data_46.csv,onset_leak,46_41_64,24,41,64,24600,38400,0,0.000226707,0
test,46,data_46.csv,onset_leak,46_42_65,24,42,65,25200,39000,0,0.00034254516,0
test,46,data_46.csv,onset_leak,46_43_66,24,43,66,25800,39600,0,0.00054520334,0
test,46,data_46.csv,onset_leak,46_44_67,24,44,67,26400,40200,0,0.0012080013,0
test,46,data_46.csv,onset_leak,46_45_68,24,45,68,27000,40800,0,0.0029652736,0
test,46,data_46.csv,onset_leak,46_46_69,24,46,69,27600,41400,0,0.0051823277,0
test,46,data_46.csv,onset_leak,46_47_70,24,47,70,28200,42000,0,0.009982171,0
test,46,data_46.csv,onset_leak,46_48_71,24,48,71,28800,42600,0,0.019600643,0
test,46,data_46.csv,onset_leak,46_49_72,24,49,72,29400,43200,0,0.05517342,0
test,46,data_46.csv,onset_leak,46_50_73,24,50,73,30000,43800,0,0.0943013,0
test,46,data_46.csv,onset_leak,46_51_74,24,51,74,30600,44400,0,0.11872283,0
test,46,data_46.csv,onset_leak,46_52_75,24,52,75,31200,45000,0,0.08604663,0
test,46,data_46.csv,onset_leak,46_53_76,24,53,76,31800,45600,0,0.07926801,0
test,46,data_46.csv,onset_leak,46_54_77,24,54,77,32400,46200,0,0.053460006,0
test,46,data_46.csv,onset_leak,46_55_78,24,55,78,33000,46800,0,0.09500971,0
test,46,data_46.csv,onset_leak,46_56_79,24,56,79,33600,47400,0,0.09842082,0
test,46,data_46.csv,onset_leak,46_57_80,24,57,80,34200,48000,0,0.1309099,0
test,46,data_46.csv,onset_leak,46_58_81,24,58,81,34800,48600,0,0.11391322,0
test,46,data_46.csv,onset_leak,46_59_82,24,59,82,35400,49200,0,0.15846704,0
test,46,data_46.csv,onset_leak,46_60_83,24,60,83,36000,49800,0,0.1377832,0
test,46,data_46.csv,onset_leak,46_61_84,24,61,84,36600,50400,0,0.2641058,0
test,46,data_46.csv,onset_leak,46_62_85,24,62,85,37200,51000,0,0.25188136,0
test,46,data_46.csv,onset_leak,46_63_86,24,63,86,37800,51600,0,0.25687256,0
test,46,data_46.csv,onset_leak,46_64_87,24,64,87,38400,52200,0,0.28149396,0
test,46,data_46.csv,onset_leak,46_65_88,24,65,88,39000,52800,0,0.29891968,0
test,46,data_46.csv,onset_leak,46_66_89,24,66,89,39600,53400,0,0.26182288,0
test,46,data_46.csv,onset_leak,46_67_90,24,67,90,40200,54000,0,0.27153665,0
test,46,data_46.csv,onset_leak,46_68_91,24,68,91,40800,54600,0,0.29565182,0
test,46,data_46.csv,onset_leak,46_69_92,24,69,92,41400,55200,0,0.3329544,0
test,46,data_46.csv,onset_leak,46_70_93,24,70,93,42000,55800,0,0.31187287,0
test,46,data_46.csv,onset_leak,46_71_94,24,71,94,42600,56400,0,0.36408043,0
test,46,data_46.csv,onset_leak,46_72_95,24,72,95,43200,57000,0,0.37593243,0
test,46,data_46.csv,onset_leak,46_73_96,24,73,96,43800,57600,0,0.33889174,0
test,46,data_46.csv,onset_leak,46_74_97,24,74,97,44400,58200,0,0.30005875,0
test,46,data_46.csv,onset_leak,46_75_98,24,75,98,45000,58800,0,0.2901737,0
test,46,data_46.csv,onset_leak,46_76_99,24,76,99,45600,59400,0,0.28573242,0
test,46,data_46.csv,onset_leak,46_77_100,24,77,100,46200,60000,0,0.32755086,0
test,46,data_46.csv,onset_leak,46_78_101,24,78,101,46800,60600,0,0.38112476,0
test,46,data_46.csv,onset_leak,46_79_102,24,79,102,47400,61200,0,0.36799902,0
test,46,data_46.csv,onset_leak,46_80_103,24,80,103,48000,61800,0,0.35167977,0
test,46,data_46.csv,onset_leak,46_81_104,24,81,104,48600,62400,0,0.3758677,0
test,46,data_46.csv,onset_leak,46_82_105,24,82,105,49200,63000,0,0.384804,0
test,46,data_46.csv,onset_leak,46_83_106,24,83,106,49800,63600,0,0.43741253,0
test,46,data_46.csv,onset_leak,46_84_107,24,84,107,50400,64200,0,0.49624494,0
test,46,data_46.csv,onset_leak,46_85_108,24,85,108,51000,64800,0,0.47155377,0
test,46,data_46.csv,onset_leak,46_86_109,24,86,109,51600,65400,0,0.4281152,0
test,46,data_46.csv,onset_leak,46_87_110,24,87,110,52200,66000,0,0.43937618,0
test,46,data_46.csv,onset_leak,46_88_111,24,88,111,52800,66600,0,0.4359355,0
test,46,data_46.csv,onset_leak,46_89_112,24,89,112,53400,67200,0,0.4544107,0
test,46,data_46.csv,onset_leak,46_90_113,24,90,113,54000,67800,0,0.4799958,0
test,46,data_46.csv,onset_leak,46_91_114,24,91,114,54600,68400,0,0.44953924,0
test,46,data_46.csv,onset_leak,46_92_115,24,92,115,55200,69000,0,0.38407764,0
test,46,data_46.csv,onset_leak,46_93_116,24,93,116,55800,69600,0,0.37243083,0
test,46,data_46.csv,onset_leak,46_94_117,24,94,117,56400,70200,0,0.34293783,0
test,46,data_46.csv,onset_leak,46_95_118,24,95,118,57000,70800,0,0.3244196,0
test,46,data_46.csv,onset_leak,46_96_119,24,96,119,57600,71400,0,0.29982802,0
test,46,data_46.csv,onset_leak,46_97_120,24,97,120,58200,72000,0,0.22234917,0
test,46,data_46.csv,onset_leak,46_98_121,24,98,121,58800,72600,0,0.13086933,0
test,46,data_46.csv,onset_leak,46_99_122,24,99,122,59400,73200,0,0.11243447,0
test,46,data_46.csv,onset_leak,46_100_123,24,100,123,60000,73800,0,0.08995213,0
test,46,data_46.csv,onset_leak,46_101_124,24,101,124,60600,74400,0,0.08856729,0
test,46,data_46.csv,onset_leak,46_102_125,24,102,125,61200,75000,0,0.09709589,0
test,46,data_46.csv,onset_leak,46_103_126,24,103,126,61800,75600,0,0.051219836,0
test,46,data_46.csv,onset_leak,46_104_127,24,104,127,62400,76200,0,0.016717514,0
test,46,data_46.csv,onset_leak,46_105_128,24,105,128,63000,76800,0,0.009629382,0
test,46,data_46.csv,onset_leak,46_106_129,24,106,129,63600,77400,0,0.006193947,0
test,46,data_46.csv,onset_leak,46_107_130,24,107,130,64200,78000,0,0.006080853,0
test,46,data_46.csv,onset_leak,46_108_131,24,108,131,64800,78600,0,0.0065907957,0
test,46,data_46.csv,onset_leak,46_109_132,24,109,132,65400,79200,0,0.0037037288,0
test,46,data_46.csv,onset_leak,46_110_133,24,110,133,66000,79800,0,0.0018952074,0
test,46,data_46.csv,onset_leak,46_111_134,24,111,134,66600,80400,0,0.0016504177,0
test,46,data_46.csv,onset_leak,46_112_135,24,112,135,67200,81000,0,0.0015280823,0
test,46,data_46.csv,onset_leak,46_113_136,24,113,136,67800,81600,0,0.0017197955,0
test,46,data_46.csv,onset_leak,46_114_137,24,114,137,68400,82200,0,0.0018663149,0
test,46,data_46.csv,onset_leak,46_115_138,24,115,138,69000,82800,0,0.0010950237,0
test,46,data_46.csv,onset_leak,46_116_139,24,116,139,69600,83400,0,0.0008835079,0
test,46,data_46.csv,onset_leak,46_117_140,24,117,140,70200,84000,0,0.0005162413,0
test,46,data_46.csv,onset_leak,46_118_141,24,118,141,70800,84600,0,0.00036723472,0
test,46,data_46.csv,onset_leak,46_119_142,24,119,142,71400,85200,0,0.00023225993,0
test,46,data_46.csv,onset_leak,46_120_143,24,120,143,72000,85800,0,0.00018521391,0
test,46,data_46.csv,onset_leak,46_121_144,24,121,144,72600,86400,0,0.0001334204,0
test,48,data_48.csv,onset_leak,48_0_23,24,0,23,0,13800,0,5.7398215e-09,0
test,48,data_48.csv,onset_leak,48_1_24,24,1,24,600,14400,0,7.8978495e-09,0
test,48,data_48.csv,onset_leak,48_2_25,24,2,25,1200,15000,0,9.31681e-09,0
test,48,data_48.csv,onset_leak,48_3_26,24,3,26,1800,15600,0,8.848007e-09,0
test,48,data_48.csv,onset_leak,48_4_27,24,4,27,2400,16200,0,7.0457338e-09,0
test,48,data_48.csv,onset_leak,48_5_28,24,5,28,3000,16800,0,5.9353438e-09,0
test,48,data_48.csv,onset_leak,48_6_29,24,6,29,3600,17400,0,4.394055e-09,0
test,48,data_48.csv,onset_leak,48_7_30,24,7,30,4200,18000,0,9.713576e-09,0
test,48,data_48.csv,onset_leak,48_8_31,24,8,31,4800,18600,0,1.7012646e-08,0
test,48,data_48.csv,onset_leak,48_9_32,24,9,32,5400,19200,0,2.848995e-08,0
test,48,data_48.csv,onset_leak,48_10_33,24,10,33,6000,19800,0,2.886622e-08,0
test,48,data_48.csv,onset_leak,48_11_34,24,11,34,6600,20400,0,3.5904385e-08,0
test,48,data_48.csv,onset_leak,48_12_35,24,12,35,7200,21000,0,3.6359083e-08,0
test,48,data_48.csv,onset_leak,48_13_36,24,13,36,7800,21600,0,6.333479e-08,0
test,48,data_48.csv,onset_leak,48_14_37,24,14,37,8400,22200,0,8.116681e-08,0
test,48,data_48.csv,onset_leak,48_15_38,24,15,38,9000,22800,0,1.2822512e-07,0
test,48,data_48.csv,onset_leak,48_16_39,24,16,39,9600,23400,0,1.2665562e-07,0
test,48,data_48.csv,onset_leak,48_17_40,24,17,40,10200,24000,0,1.6643583e-07,0
test,48,data_48.csv,onset_leak,48_18_41,24,18,41,10800,24600,0,1.753514e-07,0
test,48,data_48.csv,onset_leak,48_19_42,24,19,42,11400,25200,0,5.327834e-07,0
test,48,data_48.csv,onset_leak,48_20_43,24,20,43,12000,25800,0,9.760116e-07,0
test,48,data_48.csv,onset_leak,48_21_44,24,21,44,12600,26400,0,2.3655145e-06,0
test,48,data_48.csv,onset_leak,48_22_45,24,22,45,13200,27000,0,3.286009e-06,0
test,48,data_48.csv,onset_leak,48_23_46,24,23,46,13800,27600,0,5.729909e-06,0
test,48,data_48.csv,onset_leak,48_24_47,24,24,47,14400,28200,0,7.80101e-06,0
test,48,data_48.csv,onset_leak,48_25_48,24,25,48,15000,28800,0,2.0618447e-05,0
test,48,data_48.csv,onset_leak,48_26_49,24,26,49,15600,29400,0,3.4792723e-05,0
test,48,data_48.csv,onset_leak,48_27_50,24,27,50,16200,30000,0,0.00010163138,0
test,48,data_48.csv,onset_leak,48_28_51,24,28,51,16800,30600,0,0.0001845442,0
test,48,data_48.csv,onset_leak,48_29_52,24,29,52,17400,31200,0,0.00047570805,0
test,48,data_48.csv,onset_leak,48_30_53,24,30,53,18000,31800,0,0.00089720683,0
test,48,data_48.csv,onset_leak,48_31_54,24,31,54,18600,32400,0,0.00072638714,0
test,48,data_48.csv,onset_leak,48_32_55,24,32,55,19200,33000,0,0.000483076,0
test,48,data_48.csv,onset_leak,48_33_56,24,33,56,19800,33600,0,0.0006035549,0
test,48,data_48.csv,onset_leak,48_34_57,24,34,57,20400,34200,0,0.0010899709,0
test,48,data_48.csv,onset_leak,48_35_58,24,35,58,21000,34800,0,0.0017618687,0
test,48,data_48.csv,onset_leak,48_36_59,24,36,59,21600,35400,0,0.0029300149,0
test,48,data_48.csv,onset_leak,48_37_60,24,37,60,22200,36000,0,0.0030256435,0
test,48,data_48.csv,onset_leak,48_38_61,24,38,61,22800,36600,0,0.0035865577,0
test,48,data_48.csv,onset_leak,48_39_62,24,39,62,23400,37200,0,0.006326074,0
test,48,data_48.csv,onset_leak,48_40_63,24,40,63,24000,37800,0,0.0164274,0
test,48,data_48.csv,onset_leak,48_41_64,24,41,64,24600,38400,0,0.035818897,0
test,48,data_48.csv,onset_leak,48_42_65,24,42,65,25200,39000,0,0.08715134,0
test,48,data_48.csv,onset_leak,48_43_66,24,43,66,25800,39600,0,0.25280336,0
test,48,data_48.csv,onset_leak,48_44_67,24,44,67,26400,40200,0,0.44453588,0
test,48,data_48.csv,onset_leak,48_45_68,24,45,68,27000,40800,0,0.53854626,0
test,48,data_48.csv,onset_leak,48_46_69,24,46,69,27600,41400,0,0.5467092,0
test,48,data_48.csv,onset_leak,48_47_70,24,47,70,28200,42000,0,0.5886635,0
test,48,data_48.csv,onset_leak,48_48_71,24,48,71,28800,42600,0,0.61295915,1
test,48,data_48.csv,onset_leak,48_49_72,24,49,72,29400,43200,0,0.65363616,1
test,48,data_48.csv,onset_leak,48_50_73,24,50,73,30000,43800,0,0.6740418,1
test,48,data_48.csv,onset_leak,48_51_74,24,51,74,30600,44400,0,0.6877502,1
test,48,data_48.csv,onset_leak,48_52_75,24,52,75,31200,45000,0,0.7057659,1
test,48,data_48.csv,onset_leak,48_53_76,24,53,76,31800,45600,0,0.74080163,1
test,48,data_48.csv,onset_leak,48_54_77,24,54,77,32400,46200,0,0.7098223,1
test,48,data_48.csv,onset_leak,48_55_78,24,55,78,33000,46800,0,0.50944614,0
test,48,data_48.csv,onset_leak,48_56_79,24,56,79,33600,47400,0,0.31664574,0
test,48,data_48.csv,onset_leak,48_57_80,24,57,80,34200,48000,0,0.15642096,0
test,48,data_48.csv,onset_leak,48_58_81,24,58,81,34800,48600,0,0.12170122,0
test,48,data_48.csv,onset_leak,48_59_82,24,59,82,35400,49200,0,0.09880413,0
test,48,data_48.csv,onset_leak,48_60_83,24,60,83,36000,49800,0,0.08336546,0
test,48,data_48.csv,onset_leak,48_61_84,24,61,84,36600,50400,0,0.04745156,0
test,48,data_48.csv,onset_leak,48_62_85,24,62,85,37200,51000,0,0.01958786,0
test,48,data_48.csv,onset_leak,48_63_86,24,63,86,37800,51600,0,0.012225078,0
test,48,data_48.csv,onset_leak,48_64_87,24,64,87,38400,52200,0,0.011523054,0
test,48,data_48.csv,onset_leak,48_65_88,24,65,88,39000,52800,0,0.0149562005,0
test,48,data_48.csv,onset_leak,48_66_89,24,66,89,39600,53400,0,0.028067732,0
test,48,data_48.csv,onset_leak,48_67_90,24,67,90,40200,54000,0,0.017536525,0
test,48,data_48.csv,onset_leak,48_68_91,24,68,91,40800,54600,0,0.009557259,0
test,48,data_48.csv,onset_leak,48_69_92,24,69,92,41400,55200,0,0.012407888,0
test,48,data_48.csv,onset_leak,48_70_93,24,70,93,42000,55800,0,0.0141555015,0
test,48,data_48.csv,onset_leak,48_71_94,24,71,94,42600,56400,0,0.02327801,0
test,48,data_48.csv,onset_leak,48_72_95,24,72,95,43200,57000,0,0.0414707,0
test,48,data_48.csv,onset_leak,48_73_96,24,73,96,43800,57600,0,0.031719517,0
test,48,data_48.csv,onset_leak,48_74_97,24,74,97,44400,58200,0,0.029606095,0
test,48,data_48.csv,onset_leak,48_75_98,24,75,98,45000,58800,0,0.031870212,0
test,48,data_48.csv,onset_leak,48_76_99,24,76,99,45600,59400,0,0.031827595,0
test,48,data_48.csv,onset_leak,48_77_100,24,77,100,46200,60000,0,0.033470824,0
test,48,data_48.csv,onset_leak,48_78_101,24,78,101,46800,60600,0,0.040084265,0
test,48,data_48.csv,onset_leak,48_79_102,24,79,102,47400,61200,0,0.05835657,0
test,48,data_48.csv,onset_leak,48_80_103,24,80,103,48000,61800,0,0.09617087,0
test,48,data_48.csv,onset_leak,48_81_104,24,81,104,48600,62400,0,0.09638205,0
test,48,data_48.csv,onset_leak,48_82_105,24,82,105,49200,63000,0,0.07738747,0
test,48,data_48.csv,onset_leak,48_83_106,24,83,106,49800,63600,0,0.037039727,0
test,48,data_48.csv,onset_leak,48_84_107,24,84,107,50400,64200,0,0.014279934,0
test,48,data_48.csv,onset_leak,48_85_108,24,85,108,51000,64800,0,0.02515463,0
test,48,data_48.csv,onset_leak,48_86_109,24,86,109,51600,65400,0,0.034839176,0
test,48,data_48.csv,onset_leak,48_87_110,24,87,110,52200,66000,0,0.029891973,0
test,48,data_48.csv,onset_leak,48_88_111,24,88,111,52800,66600,0,0.016743729,0
test,48,data_48.csv,onset_leak,48_89_112,24,89,112,53400,67200,0,0.011129599,0
test,48,data_48.csv,onset_leak,48_90_113,24,90,113,54000,67800,0,0.0056676636,0
test,48,data_48.csv,onset_leak,48_91_114,24,91,114,54600,68400,0,0.013684089,0
test,48,data_48.csv,onset_leak,48_92_115,24,92,115,55200,69000,0,0.020729644,0
test,48,data_48.csv,onset_leak,48_93_116,24,93,116,55800,69600,0,0.028459499,0
test,48,data_48.csv,onset_leak,48_94_117,24,94,117,56400,70200,0,0.020372447,0
test,48,data_48.csv,onset_leak,48_95_118,24,95,118,57000,70800,0,0.01980868,0
test,48,data_48.csv,onset_leak,48_96_119,24,96,119,57600,71400,0,0.014038043,0
test,48,data_48.csv,onset_leak,48_97_120,24,97,120,58200,72000,0,0.007942854,0
test,48,data_48.csv,onset_leak,48_98_121,24,98,121,58800,72600,0,0.0039371927,0
test,48,data_48.csv,onset_leak,48_99_122,24,99,122,59400,73200,0,0.0033850684,0
test,48,data_48.csv,onset_leak,48_100_123,24,100,123,60000,73800,0,0.0034488183,0
test,48,data_48.csv,onset_leak,48_101_124,24,101,124,60600,74400,0,0.0037400634,0
test,48,data_48.csv,onset_leak,48_102_125,24,102,125,61200,75000,0,0.0038487876,0
test,48,data_48.csv,onset_leak,48_103_126,24,103,126,61800,75600,0,0.0018605642,0
test,48,data_48.csv,onset_leak,48_104_127,24,104,127,62400,76200,0,0.0008463996,0
test,48,data_48.csv,onset_leak,48_105_128,24,105,128,63000,76800,0,0.0006312877,0
test,48,data_48.csv,onset_leak,48_106_129,24,106,129,63600,77400,0,0.0012393307,0
test,48,data_48.csv,onset_leak,48_107_130,24,107,130,64200,78000,0,0.0016296408,0
test,48,data_48.csv,onset_leak,48_108_131,24,108,131,64800,78600,0,0.0030785482,0
test,48,data_48.csv,onset_leak,48_109_132,24,109,132,65400,79200,0,0.001716864,0
test,48,data_48.csv,onset_leak,48_110_133,24,110,133,66000,79800,0,0.0013683451,0
test,48,data_48.csv,onset_leak,48_111_134,24,111,134,66600,80400,0,0.001431278,0
test,48,data_48.csv,onset_leak,48_112_135,24,112,135,67200,81000,0,0.00205024,0
test,48,data_48.csv,onset_leak,48_113_136,24,113,136,67800,81600,0,0.0032611084,0
test,48,data_48.csv,onset_leak,48_114_137,24,114,137,68400,82200,0,0.0067752777,0
test,48,data_48.csv,onset_leak,48_115_138,24,115,138,69000,82800,0,0.0025678081,0
test,48,data_48.csv,onset_leak,48_116_139,24,116,139,69600,83400,0,0.0010267205,0
test,48,data_48.csv,onset_leak,48_117_140,24,117,140,70200,84000,0,0.00058749487,0
test,48,data_48.csv,onset_leak,48_118_141,24,118,141,70800,84600,0,0.00038966164,0
test,48,data_48.csv,onset_leak,48_119_142,24,119,142,71400,85200,0,0.00037379793,0
test,48,data_48.csv,onset_leak,48_120_143,24,120,143,72000,85800,0,0.00050154846,0
test,48,data_48.csv,onset_leak,48_121_144,24,121,144,72600,86400,0,0.0004396656,0
test,50,data_50.csv,onset_leak,50_0_23,24,0,23,0,13800,0,4.834705e-09,0
test,50,data_50.csv,onset_leak,50_1_24,24,1,24,600,14400,0,4.964304e-09,0
test,50,data_50.csv,onset_leak,50_2_25,24,2,25,1200,15000,0,5.0010645e-09,0
test,50,data_50.csv,onset_leak,50_3_26,24,3,26,1800,15600,0,4.4182755e-09,0
test,50,data_50.csv,onset_leak,50_4_27,24,4,27,2400,16200,0,3.7211285e-09,0
test,50,data_50.csv,onset_leak,50_5_28,24,5,28,3000,16800,0,3.2346257e-09,0
test,50,data_50.csv,onset_leak,50_6_29,24,6,29,3600,17400,0,2.6702782e-09,0
test,50,data_50.csv,onset_leak,50_7_30,24,7,30,4200,18000,0,3.2600138e-09,0
test,50,data_50.csv,onset_leak,50_8_31,24,8,31,4800,18600,0,3.6799024e-09,0
test,50,data_50.csv,onset_leak,50_9_32,24,9,32,5400,19200,0,3.9133896e-09,0
test,50,data_50.csv,onset_leak,50_10_33,24,10,33,6000,19800,0,3.675406e-09,0
test,50,data_50.csv,onset_leak,50_11_34,24,11,34,6600,20400,0,3.6312977e-09,0
test,50,data_50.csv,onset_leak,50_12_35,24,12,35,7200,21000,0,3.359516e-09,0
test,50,data_50.csv,onset_leak,50_13_36,24,13,36,7800,21600,0,4.7720308e-09,0
test,50,data_50.csv,onset_leak,50_14_37,24,14,37,8400,22200,0,5.963895e-09,0
test,50,data_50.csv,onset_leak,50_15_38,24,15,38,9000,22800,0,7.569949e-09,0
test,50,data_50.csv,onset_leak,50_16_39,24,16,39,9600,23400,0,7.686988e-09,0
test,50,data_50.csv,onset_leak,50_17_40,24,17,40,10200,24000,0,8.586306e-09,0
test,50,data_50.csv,onset_leak,50_18_41,24,18,41,10800,24600,0,8.689707e-09,0
test,50,data_50.csv,onset_leak,50_19_42,24,19,42,11400,25200,0,1.2519671e-08,0
test,50,data_50.csv,onset_leak,50_20_43,24,20,43,12000,25800,0,1.5192176e-08,0
test,50,data_50.csv,onset_leak,50_21_44,24,21,44,12600,26400,0,2.0959783e-08,0
test,50,data_50.csv,onset_leak,50_22_45,24,22,45,13200,27000,0,2.2352381e-08,0
test,50,data_50.csv,onset_leak,50_23_46,24,23,46,13800,27600,0,2.7157677e-08,0
test,50,data_50.csv,onset_leak,50_24_47,24,24,47,14400,28200,0,2.9537802e-08,0
test,50,data_50.csv,onset_leak,50_25_48,24,25,48,15000,28800,0,5.002078e-08,0
test,50,data_50.csv,onset_leak,50_26_49,24,26,49,15600,29400,0,6.6995106e-08,0
test,50,data_50.csv,onset_leak,50_27_50,24,27,50,16200,30000,0,1.10419386e-07,0
test,50,data_50.csv,onset_leak,50_28_51,24,28,51,16800,30600,0,1.3376071e-07,0
test,50,data_50.csv,onset_leak,50_29_52,24,29,52,17400,31200,0,1.8541104e-07,0
test,50,data_50.csv,onset_leak,50_30_53,24,30,53,18000,31800,0,2.2698497e-07,0
test,50,data_50.csv,onset_leak,50_31_54,24,31,54,18600,32400,0,4.840572e-07,0
test,50,data_50.csv,onset_leak,50_32_55,24,32,55,19200,33000,0,7.802564e-07,0
test,50,data_50.csv,onset_leak,50_33_56,24,33,56,19800,33600,0,1.6545004e-06,0
test,50,data_50.csv,onset_leak,50_34_57,24,34,57,20400,34200,0,2.2669171e-06,0
test,50,data_50.csv,onset_leak,50_35_58,24,35,58,21000,34800,0,3.7383502e-06,0
test,50,data_50.csv,onset_leak,50_36_59,24,36,59,21600,35400,0,5.228132e-06,0
test,50,data_50.csv,onset_leak,50_37_60,24,37,60,22200,36000,0,1.2747708e-05,0
test,50,data_50.csv,onset_leak,50_38_61,24,38,61,22800,36600,0,2.0790285e-05,0
test,50,data_50.csv,onset_leak,50_39_62,24,39,62,23400,37200,0,4.954978e-05,0
test,50,data_50.csv,onset_leak,50_40_63,24,40,63,24000,37800,0,6.71708e-05,0
test,50,data_50.csv,onset_leak,50_41_64,24,41,64,24600,38400,0,0.000121462755,0
test,50,data_50.csv,onset_leak,50_42_65,24,42,65,25200,39000,0,0.00017101297,0
test,50,data_50.csv,onset_leak,50_43_66,24,43,66,25800,39600,0,0.00046450473,0
test,50,data_50.csv,onset_leak,50_44_67,24,44,67,26400,40200,0,0.00069047895,0
test,50,data_50.csv,onset_leak,50_45_68,24,45,68,27000,40800,0,0.0016102501,0
test,50,data_50.csv,onset_leak,50_46_69,24,46,69,27600,41400,0,0.0022160322,0
test,50,data_50.csv,onset_leak,50_47_70,24,47,70,28200,42000,0,0.004262748,0
test,50,data_50.csv,onset_leak,50_48_71,24,48,71,28800,42600,0,0.0060115946,0
test,50,data_50.csv,onset_leak,50_49_72,24,49,72,29400,43200,0,0.01791977,0
test,50,data_50.csv,onset_leak,50_50_73,24,50,73,30000,43800,0,0.029887944,0
test,50,data_50.csv,onset_leak,50_51_74,24,51,74,30600,44400,0,0.053952117,0
test,50,data_50.csv,onset_leak,50_52_75,24,52,75,31200,45000,0,0.06901143,0
test,50,data_50.csv,onset_leak,50_53_76,24,53,76,31800,45600,0,0.14827415,0
test,50,data_50.csv,onset_leak,50_54_77,24,54,77,32400,46200,0,0.18721277,0
test,50,data_50.csv,onset_leak,50_55_78,24,55,78,33000,46800,0,0.39195058,0
test,50,data_50.csv,onset_leak,50_56_79,24,56,79,33600,47400,0,0.4995924,0
test,50,data_50.csv,onset_leak,50_57_80,24,57,80,34200,48000,0,0.59707564,0
test,50,data_50.csv,onset_leak,50_58_81,24,58,81,34800,48600,0,0.6667224,1
test,50,data_50.csv,onset_leak,50_59_82,24,59,82,35400,49200,0,0.747503,1
test,50,data_50.csv,onset_leak,50_60_83,24,60,83,36000,49800,0,0.7284282,1
test,50,data_50.csv,onset_leak,50_61_84,24,61,84,36600,50400,0,0.74792737,1
test,50,data_50.csv,onset_leak,50_62_85,24,62,85,37200,51000,0,0.76151305,1
test,50,data_50.csv,onset_leak,50_63_86,24,63,86,37800,51600,0,0.7296948,1
test,50,data_50.csv,onset_leak,50_64_87,24,64,87,38400,52200,0,0.69352096,1
test,50,data_50.csv,onset_leak,50_65_88,24,65,88,39000,52800,0,0.71255803,1
test,50,data_50.csv,onset_leak,50_66_89,24,66,89,39600,53400,0,0.71720654,1
test,50,data_50.csv,onset_leak,50_67_90,24,67,90,40200,54000,0,0.6638839,1
test,50,data_50.csv,onset_leak,50_68_91,24,68,91,40800,54600,0,0.61578035,1
test,50,data_50.csv,onset_leak,50_69_92,24,69,92,41400,55200,0,0.59914476,0
test,50,data_50.csv,onset_leak,50_70_93,24,70,93,42000,55800,0,0.59929526,0
test,50,data_50.csv,onset_leak,50_71_94,24,71,94,42600,56400,0,0.6397894,1
test,50,data_50.csv,onset_leak,50_72_95,24,72,95,43200,57000,0,0.684322,1
test,50,data_50.csv,onset_leak,50_73_96,24,73,96,43800,57600,0,0.59734786,0
test,50,data_50.csv,onset_leak,50_74_97,24,74,97,44400,58200,0,0.486725,0
test,50,data_50.csv,onset_leak,50_75_98,24,75,98,45000,58800,0,0.5088725,0
test,50,data_50.csv,onset_leak,50_76_99,24,76,99,45600,59400,0,0.50866216,0
test,50,data_50.csv,onset_leak,50_77_100,24,77,100,46200,60000,0,0.5902701,0
test,50,data_50.csv,onset_leak,50_78_101,24,78,101,46800,60600,0,0.6822805,1
test,50,data_50.csv,onset_leak,50_79_102,24,79,102,47400,61200,0,0.65463656,1
test,50,data_50.csv,onset_leak,50_80_103,24,80,103,48000,61800,0,0.56232506,0
test,50,data_50.csv,onset_leak,50_81_104,24,81,104,48600,62400,0,0.6203964,1
test,50,data_50.csv,onset_leak,50_82_105,24,82,105,49200,63000,0,0.6104725,1
test,50,data_50.csv,onset_leak,50_83_106,24,83,106,49800,63600,0,0.6868554,1
test,50,data_50.csv,onset_leak,50_84_107,24,84,107,50400,64200,0,0.7567447,1
test,50,data_50.csv,onset_leak,50_85_108,24,85,108,51000,64800,0,0.7069791,1
test,50,data_50.csv,onset_leak,50_86_109,24,86,109,51600,65400,0,0.524011,0
test,50,data_50.csv,onset_leak,50_87_110,24,87,110,52200,66000,0,0.506657,0
test,50,data_50.csv,onset_leak,50_88_111,24,88,111,52800,66600,0,0.44670066,0
test,50,data_50.csv,onset_leak,50_89_112,24,89,112,53400,67200,0,0.4332931,0
test,50,data_50.csv,onset_leak,50_90_113,24,90,113,54000,67800,0,0.4155938,0
test,50,data_50.csv,onset_leak,50_91_114,24,91,114,54600,68400,0,0.30641457,0
test,50,data_50.csv,onset_leak,50_92_115,24,92,115,55200,69000,0,0.18284293,0
test,50,data_50.csv,onset_leak,50_93_116,24,93,116,55800,69600,0,0.14897743,0
test,50,data_50.csv,onset_leak,50_94_117,24,94,117,56400,70200,0,0.10836563,0
test,50,data_50.csv,onset_leak,50_95_118,24,95,118,57000,70800,0,0.09920845,0
test,50,data_50.csv,onset_leak,50_96_119,24,96,119,57600,71400,0,0.08937152,0
test,50,data_50.csv,onset_leak,50_97_120,24,97,120,58200,72000,0,0.071051635,0
test,50,data_50.csv,onset_leak,50_98_121,24,98,121,58800,72600,0,0.049237918,0
test,50,data_50.csv,onset_leak,50_99_122,24,99,122,59400,73200,0,0.037723325,0
test,50,data_50.csv,onset_leak,50_100_123,24,100,123,60000,73800,0,0.031714246,0
test,50,data_50.csv,onset_leak,50_101_124,24,101,124,60600,74400,0,0.030456547,0
test,50,data_50.csv,onset_leak,50_102_125,24,102,125,61200,75000,0,0.03162866,0
test,50,data_50.csv,onset_leak,50_103_126,24,103,126,61800,75600,0,0.022843048,0
test,50,data_50.csv,onset_leak,50_104_127,24,104,127,62400,76200,0,0.015892252,0
test,50,data_50.csv,onset_leak,50_105_128,24,105,128,63000,76800,0,0.01045667,0
test,50,data_50.csv,onset_leak,50_106_129,24,106,129,63600,77400,0,0.008184607,0
test,50,data_50.csv,onset_leak,50_107_130,24,107,130,64200,78000,0,0.006924783,0
test,50,data_50.csv,onset_leak,50_108_131,24,108,131,64800,78600,0,0.0069204234,0
test,50,data_50.csv,onset_leak,50_109_132,24,109,132,65400,79200,0,0.0031743695,0
test,50,data_50.csv,onset_leak,50_110_133,24,110,133,66000,79800,0,0.0017796981,0
test,50,data_50.csv,onset_leak,50_111_134,24,111,134,66600,80400,0,0.000751726,0
test,50,data_50.csv,onset_leak,50_112_135,24,112,135,67200,81000,0,0.00047661763,0
test,50,data_50.csv,onset_leak,50_113_136,24,113,136,67800,81600,0,0.00028457626,0
test,50,data_50.csv,onset_leak,50_114_137,24,114,137,68400,82200,0,0.00020258846,0
test,50,data_50.csv,onset_leak,50_115_138,24,115,138,69000,82800,0,8.846997e-05,0
test,50,data_50.csv,onset_leak,50_116_139,24,116,139,69600,83400,0,5.632713e-05,0
test,50,data_50.csv,onset_leak,50_117_140,24,117,140,70200,84000,0,2.224962e-05,0
test,50,data_50.csv,onset_leak,50_118_141,24,118,141,70800,84600,0,1.3588695e-05,0
test,50,data_50.csv,onset_leak,50_119_142,24,119,142,71400,85200,0,7.3937085e-06,0
test,50,data_50.csv,onset_leak,50_120_143,24,120,143,72000,85800,0,4.877815e-06,0
test,50,data_50.csv,onset_leak,50_121_144,24,121,144,72600,86400,0,5.0819385e-06,0
test,53,data_53.csv,persistent_leak,53_0_23,24,0,23,0,13800,0,4.2760546e-09,0
test,53,data_53.csv,persistent_leak,53_1_24,24,1,24,600,14400,0,4.9702162e-09,0
test,53,data_53.csv,persistent_leak,53_2_25,24,2,25,1200,15000,0,5.408183e-09,0
test,53,data_53.csv,persistent_leak,53_3_26,24,3,26,1800,15600,0,6.4728707e-09,0
test,53,data_53.csv,persistent_leak,53_4_27,24,4,27,2400,16200,0,7.151871e-09,0
test,53,data_53.csv,persistent_leak,53_5_28,24,5,28,3000,16800,0,8.168877e-09,0
test,53,data_53.csv,persistent_leak,53_6_29,24,6,29,3600,17400,0,9.111251e-09,0
test,53,data_53.csv,persistent_leak,53_7_30,24,7,30,4200,18000,0,1.7604485e-08,0
test,53,data_53.csv,persistent_leak,53_8_31,24,8,31,4800,18600,0,2.8114455e-08,0
test,53,data_53.csv,persistent_leak,53_9_32,24,9,32,5400,19200,0,4.452616e-08,0
test,53,data_53.csv,persistent_leak,53_10_33,24,10,33,6000,19800,0,5.1187268e-08,0
test,53,data_53.csv,persistent_leak,53_11_34,24,11,34,6600,20400,0,6.4634854e-08,0
test,53,data_53.csv,persistent_leak,53_12_35,24,12,35,7200,21000,0,7.151411e-08,0
test,53,data_53.csv,persistent_leak,53_13_36,24,13,36,7800,21600,0,1.2025927e-07,0
test,53,data_53.csv,persistent_leak,53_14_37,24,14,37,8400,22200,0,1.6720773e-07,0
test,53,data_53.csv,persistent_leak,53_15_38,24,15,38,9000,22800,0,2.776504e-07,0
test,53,data_53.csv,persistent_leak,53_16_39,24,16,39,9600,23400,0,3.02497e-07,0
test,53,data_53.csv,persistent_leak,53_17_40,24,17,40,10200,24000,0,4.1248524e-07,0
test,53,data_53.csv,persistent_leak,53_18_41,24,18,41,10800,24600,0,4.804304e-07,0
test,53,data_53.csv,persistent_leak,53_19_42,24,19,42,11400,25200,0,8.532221e-07,0
test,53,data_53.csv,persistent_leak,53_20_43,24,20,43,12000,25800,0,1.073538e-06,0
test,53,data_53.csv,persistent_leak,53_21_44,24,21,44,12600,26400,0,1.7572804e-06,0
test,53,data_53.csv,persistent_leak,53_22_45,24,22,45,13200,27000,0,2.007769e-06,0
test,53,data_53.csv,persistent_leak,53_23_46,24,23,46,13800,27600,0,2.7751375e-06,0
test,53,data_53.csv,persistent_leak,53_24_47,24,24,47,14400,28200,0,3.2003095e-06,0
test,53,data_53.csv,persistent_leak,53_25_48,24,25,48,15000,28800,0,5.5286346e-06,0
test,53,data_53.csv,persistent_leak,53_26_49,24,26,49,15600,29400,0,7.2721627e-06,0
test,53,data_53.csv,persistent_leak,53_27_50,24,27,50,16200,30000,0,1.5855216e-05,0
test,53,data_53.csv,persistent_leak,53_28_51,24,28,51,16800,30600,0,2.5612197e-05,0
test,53,data_53.csv,persistent_leak,53_29_52,24,29,52,17400,31200,0,4.9884933e-05,0
test,53,data_53.csv,persistent_leak,53_30_53,24,30,53,18000,31800,0,8.539193e-05,0
test,53,data_53.csv,persistent_leak,53_31_54,24,31,54,18600,32400,0,0.0001292482,0
test,53,data_53.csv,persistent_leak,53_32_55,24,32,55,19200,33000,0,0.0001660239,0
test,53,data_53.csv,persistent_leak,53_33_56,24,33,56,19800,33600,0,0.00031852874,0
test,53,data_53.csv,persistent_leak,53_34_57,24,34,57,20400,34200,0,0.0005231685,0
test,53,data_53.csv,persistent_leak,53_35_58,24,35,58,21000,34800,0,0.0009844941,0
test,53,data_53.csv,persistent_leak,53_36_59,24,36,59,21600,35400,0,0.0016425835,0
test,53,data_53.csv,persistent_leak,53_37_60,24,37,60,22200,36000,0,0.002141185,0
test,53,data_53.csv,persistent_leak,53_38_61,24,38,61,22800,36600,0,0.002658048,0
test,53,data_53.csv,persistent_leak,53_39_62,24,39,62,23400,37200,0,0.004783151,0
test,53,data_53.csv,persistent_leak,53_40_63,24,40,63,24000,37800,0,0.008058972,0
test,53,data_53.csv,persistent_leak,53_41_64,24,41,64,24600,38400,0,0.014263747,0
test,53,data_53.csv,persistent_leak,53_42_65,24,42,65,25200,39000,0,0.024807611,0
test,53,data_53.csv,persistent_leak,53_43_66,24,43,66,25800,39600,0,0.069491036,0
test,53,data_53.csv,persistent_leak,53_44_67,24,44,67,26400,40200,0,0.14287947,0
test,53,data_53.csv,persistent_leak,53_45_68,24,45,68,27000,40800,0,0.24156326,0
test,53,data_53.csv,persistent_leak,53_46_69,24,46,69,27600,41400,0,0.29135,0
test,53,data_53.csv,persistent_leak,53_47_70,24,47,70,28200,42000,0,0.40498945,0
test,53,data_53.csv,persistent_leak,53_48_71,24,48,71,28800,42600,0,0.46721458,0
test,53,data_53.csv,persistent_leak,53_49_72,24,49,72,29400,43200,0,0.54213125,0
test,53,data_53.csv,persistent_leak,53_50_73,24,50,73,30000,43800,0,0.5172398,0
test,53,data_53.csv,persistent_leak,53_51_74,24,51,74,30600,44400,0,0.550515,0
test,53,data_53.csv,persistent_leak,53_52_75,24,52,75,31200,45000,0,0.5547427,0
test,53,data_53.csv,persistent_leak,53_53_76,24,53,76,31800,45600,0,0.60597426,1
test,53,data_53.csv,persistent_leak,53_54_77,24,54,77,32400,46200,0,0.58271015,0
test,53,data_53.csv,persistent_leak,53_55_78,24,55,78,33000,46800,0,0.48500675,0
test,53,data_53.csv,persistent_leak,53_56_79,24,56,79,33600,47400,0,0.37058368,0
test,53,data_53.csv,persistent_leak,53_57_80,24,57,80,34200,48000,0,0.2413139,0
test,53,data_53.csv,persistent_leak,53_58_81,24,58,81,34800,48600,0,0.20517609,0
test,53,data_53.csv,persistent_leak,53_59_82,24,59,82,35400,49200,0,0.17058991,0
test,53,data_53.csv,persistent_leak,53_60_83,24,60,83,36000,49800,0,0.15198386,0
test,53,data_53.csv,persistent_leak,53_61_84,24,61,84,36600,50400,0,0.13376758,0
test,53,data_53.csv,persistent_leak,53_62_85,24,62,85,37200,51000,0,0.124149,0
test,53,data_53.csv,persistent_leak,53_63_86,24,63,86,37800,51600,0,0.11712631,0
test,53,data_53.csv,persistent_leak,53_64_87,24,64,87,38400,52200,0,0.12646653,0
test,53,data_53.csv,persistent_leak,53_65_88,24,65,88,39000,52800,0,0.14905608,0
test,53,data_53.csv,persistent_leak,53_66_89,24,66,89,39600,53400,0,0.20404206,0
test,53,data_53.csv,persistent_leak,53_67_90,24,67,90,40200,54000,0,0.15982777,0
test,53,data_53.csv,persistent_leak,53_68_91,24,68,91,40800,54600,0,0.11009078,0
test,53,data_53.csv,persistent_leak,53_69_92,24,69,92,41400,55200,0,0.11313172,0
test,53,data_53.csv,persistent_leak,53_70_93,24,70,93,42000,55800,0,0.109923765,0
test,53,data_53.csv,persistent_leak,53_71_94,24,71,94,42600,56400,0,0.12696606,0
test,53,data_53.csv,persistent_leak,53_72_95,24,72,95,43200,57000,0,0.17938568,0
test,53,data_53.csv,persistent_leak,53_73_96,24,73,96,43800,57600,0,0.14526387,0
test,53,data_53.csv,persistent_leak,53_74_97,24,74,97,44400,58200,0,0.08470882,0
test,53,data_53.csv,persistent_leak,53_75_98,24,75,98,45000,58800,0,0.07091886,0
test,53,data_53.csv,persistent_leak,53_76_99,24,76,99,45600,59400,0,0.05534109,0
test,53,data_53.csv,persistent_leak,53_77_100,24,77,100,46200,60000,0,0.05723052,0
test,53,data_53.csv,persistent_leak,53_78_101,24,78,101,46800,60600,0,0.059370007,0
test,53,data_53.csv,persistent_leak,53_79_102,24,79,102,47400,61200,0,0.084382035,0
test,53,data_53.csv,persistent_leak,53_80_103,24,80,103,48000,61800,0,0.152448,0
test,53,data_53.csv,persistent_leak,53_81_104,24,81,104,48600,62400,0,0.23412879,0
test,53,data_53.csv,persistent_leak,53_82_105,24,82,105,49200,63000,0,0.32660088,0
test,53,data_53.csv,persistent_leak,53_83_106,24,83,106,49800,63600,0,0.39576715,0
test,53,data_53.csv,persistent_leak,53_84_107,24,84,107,50400,64200,0,0.4748784,0
test,53,data_53.csv,persistent_leak,53_85_108,24,85,108,51000,64800,0,0.55971396,0
test,53,data_53.csv,persistent_leak,53_86_109,24,86,109,51600,65400,0,0.60314584,1
test,53,data_53.csv,persistent_leak,53_87_110,24,87,110,52200,66000,0,0.63174385,1
test,53,data_53.csv,persistent_leak,53_88_111,24,88,111,52800,66600,0,0.6418463,1
test,53,data_53.csv,persistent_leak,53_89_112,24,89,112,53400,67200,0,0.6569277,1
test,53,data_53.csv,persistent_leak,53_90_113,24,90,113,54000,67800,0,0.6612177,1
test,53,data_53.csv,persistent_leak,53_91_114,24,91,114,54600,68400,0,0.6630801,1
test,53,data_53.csv,persistent_leak,53_92_115,24,92,115,55200,69000,0,0.66715425,1
test,53,data_53.csv,persistent_leak,53_93_116,24,93,116,55800,69600,0,0.6536365,1
test,53,data_53.csv,persistent_leak,53_94_117,24,94,117,56400,70200,0,0.62699157,1
test,53,data_53.csv,persistent_leak,53_95_118,24,95,118,57000,70800,0,0.52544796,0
test,53,data_53.csv,persistent_leak,53_96_119,24,96,119,57600,71400,0,0.2838482,0
test,53,data_53.csv,persistent_leak,53_97_120,24,97,120,58200,72000,0,0.14841202,0
test,53,data_53.csv,persistent_leak,53_98_121,24,98,121,58800,72600,0,0.071703374,0
test,53,data_53.csv,persistent_leak,53_99_122,24,99,122,59400,73200,0,0.056578763,0
test,53,data_53.csv,persistent_leak,53_100_123,24,100,123,60000,73800,0,0.076226,0
test,53,data_53.csv,persistent_leak,53_101_124,24,101,124,60600,74400,0,0.071190394,0
test,53,data_53.csv,persistent_leak,53_102_125,24,102,125,61200,75000,0,0.08462172,0
test,53,data_53.csv,persistent_leak,53_103_126,24,103,126,61800,75600,0,0.03167162,0
test,53,data_53.csv,persistent_leak,53_104_127,24,104,127,62400,76200,0,0.0060221944,0
test,53,data_53.csv,persistent_leak,53_105_128,24,105,128,63000,76800,0,0.0022344613,0
test,53,data_53.csv,persistent_leak,53_106_129,24,106,129,63600,77400,0,0.0016751415,0
test,53,data_53.csv,persistent_leak,53_107_130,24,107,130,64200,78000,0,0.0015630666,0
test,53,data_53.csv,persistent_leak,53_108_131,24,108,131,64800,78600,0,0.0021606188,0
test,53,data_53.csv,persistent_leak,53_109_132,24,109,132,65400,79200,0,0.0011629759,0
test,53,data_53.csv,persistent_leak,53_110_133,24,110,133,66000,79800,0,0.0006609843,0
test,53,data_53.csv,persistent_leak,53_111_134,24,111,134,66600,80400,0,0.00074351573,0
test,53,data_53.csv,persistent_leak,53_112_135,24,112,135,67200,81000,0,0.00094327773,0
test,53,data_53.csv,persistent_leak,53_113_136,24,113,136,67800,81600,0,0.0014016798,0
test,53,data_53.csv,persistent_leak,53_114_137,24,114,137,68400,82200,0,0.0018399084,0
test,53,data_53.csv,persistent_leak,53_115_138,24,115,138,69000,82800,0,0.0009949807,0
test,53,data_53.csv,persistent_leak,53_116_139,24,116,139,69600,83400,0,0.00060410943,0
test,53,data_53.csv,persistent_leak,53_117_140,24,117,140,70200,84000,0,0.00042117602,0
test,53,data_53.csv,persistent_leak,53_118_141,24,118,141,70800,84600,0,0.00029650162,0
test,53,data_53.csv,persistent_leak,53_119_142,24,119,142,71400,85200,0,0.00024304485,0
test,53,data_53.csv,persistent_leak,53_120_143,24,120,143,72000,85800,0,0.0002524321,0
test,53,data_53.csv,persistent_leak,53_121_144,24,121,144,72600,86400,0,0.00019593663,0
