split,scenario_id,source_file,scenario_type,window_id,window_size,start_idx,end_idx,start_time_s,end_time_s,y_true,y_score,y_pred
train,1,data_1.csv,normal,1_0_23,24,0,23,0,13800,0,0.010291836,0
train,1,data_1.csv,normal,1_1_24,24,1,24,600,14400,0,0.013670968,0
train,1,data_1.csv,normal,1_2_25,24,2,25,1200,15000,0,0.020776339,0
train,1,data_1.csv,normal,1_3_26,24,3,26,1800,15600,0,0.020467991,0
train,1,data_1.csv,normal,1_4_27,24,4,27,2400,16200,0,0.015925167,0
train,1,data_1.csv,normal,1_5_28,24,5,28,3000,16800,0,0.012553736,0
train,1,data_1.csv,normal,1_6_29,24,6,29,3600,17400,0,0.008610336,0
train,1,data_1.csv,normal,1_7_30,24,7,30,4200,18000,0,0.0099566765,0
train,1,data_1.csv,normal,1_8_31,24,8,31,4800,18600,0,0.01635828,0
train,1,data_1.csv,normal,1_9_32,24,9,32,5400,19200,0,0.013832104,0
train,1,data_1.csv,normal,1_10_33,24,10,33,6000,19800,0,0.008469435,0
train,1,data_1.csv,normal,1_11_34,24,11,34,6600,20400,0,0.005899055,0
train,1,data_1.csv,normal,1_12_35,24,12,35,7200,21000,0,0.0043008295,0
train,1,data_1.csv,normal,1_13_36,24,13,36,7800,21600,0,0.0036705239,0
train,1,data_1.csv,normal,1_14_37,24,14,37,8400,22200,0,0.0034853066,0
train,1,data_1.csv,normal,1_15_38,24,15,38,9000,22800,0,0.002319355,0
train,1,data_1.csv,normal,1_16_39,24,16,39,9600,23400,0,0.0014639469,0
train,1,data_1.csv,normal,1_17_40,24,17,40,10200,24000,0,0.0008640169,0
train,1,data_1.csv,normal,1_18_41,24,18,41,10800,24600,0,0.0005737353,0
train,1,data_1.csv,normal,1_19_42,24,19,42,11400,25200,0,0.0005806955,0
train,1,data_1.csv,normal,1_20_43,24,20,43,12000,25800,0,0.0009515129,0
train,1,data_1.csv,normal,1_21_44,24,21,44,12600,26400,0,0.0013217214,0
train,1,data_1.csv,normal,1_22_45,24,22,45,13200,27000,0,0.0014772064,0
train,1,data_1.csv,normal,1_23_46,24,23,46,13800,27600,0,0.0017637525,0
train,1,data_1.csv,normal,1_24_47,24,24,47,14400,28200,0,0.0028917855,0
train,1,data_1.csv,normal,1_25_48,24,25,48,15000,28800,0,0.0028020325,0
train,1,data_1.csv,normal,1_26_49,24,26,49,15600,29400,0,0.0049791127,0
train,1,data_1.csv,normal,1_27_50,24,27,50,16200,30000,0,0.0075763664,0
train,1,data_1.csv,normal,1_28_51,24,28,51,16800,30600,0,0.008704255,0
train,1,data_1.csv,normal,1_29_52,24,29,52,17400,31200,0,0.013677219,0
train,1,data_1.csv,normal,1_30_53,24,30,53,18000,31800,0,0.033728007,0
train,1,data_1.csv,normal,1_31_54,24,31,54,18600,32400,0,0.017614866,0
train,1,data_1.csv,normal,1_32_55,24,32,55,19200,33000,0,0.0085360985,0
train,1,data_1.csv,normal,1_33_56,24,33,56,19800,33600,0,0.006614951,0
train,1,data_1.csv,normal,1_34_57,24,34,57,20400,34200,0,0.010242466,0
train,1,data_1.csv,normal,1_35_58,24,35,58,21000,34800,0,0.014412276,0
train,1,data_1.csv,normal,1_36_59,24,36,59,21600,35400,0,0.027769515,0
train,1,data_1.csv,normal,1_37_60,24,37,60,22200,36000,0,0.024043402,0
train,1,data_1.csv,normal,1_38_61,24,38,61,22800,36600,0,0.033980716,0
train,1,data_1.csv,normal,1_39_62,24,39,62,23400,37200,0,0.049703628,0
train,1,data_1.csv,normal,1_40_63,24,40,63,24000,37800,0,0.08395515,0
train,1,data_1.csv,normal,1_41_64,24,41,64,24600,38400,0,0.09444438,0
train,1,data_1.csv,normal,1_42_65,24,42,65,25200,39000,0,0.12407257,1
train,1,data_1.csv,normal,1_43_66,24,43,66,25800,39600,0,0.12771517,1
train,1,data_1.csv,normal,1_44_67,24,44,67,26400,40200,0,0.17374757,1
train,1,data_1.csv,normal,1_45_68,24,45,68,27000,40800,0,0.21126713,1
train,1,data_1.csv,normal,1_46_69,24,46,69,27600,41400,0,0.2641973,1
train,1,data_1.csv,normal,1_47_70,24,47,70,28200,42000,0,0.2760252,1
train,1,data_1.csv,normal,1_48_71,24,48,71,28800,42600,0,0.35421064,1
train,1,data_1.csv,normal,1_49_72,24,49,72,29400,43200,0,0.42554858,1
train,1,data_1.csv,normal,1_50_73,24,50,73,30000,43800,0,0.44673583,1
train,1,data_1.csv,normal,1_51_74,24,51,74,30600,44400,0,0.45868322,1
train,1,data_1.csv,normal,1_52_75,24,52,75,31200,45000,0,0.47875777,1
train,1,data_1.csv,normal,1_53_76,24,53,76,31800,45600,0,0.48264518,1
train,1,data_1.csv,normal,1_54_77,24,54,77,32400,46200,0,0.4461564,1
train,1,data_1.csv,normal,1_55_78,24,55,78,33000,46800,0,0.41656327,1
train,1,data_1.csv,normal,1_56_79,24,56,79,33600,47400,0,0.36455983,1
train,1,data_1.csv,normal,1_57_80,24,57,80,34200,48000,0,0.2873656,1
train,1,data_1.csv,normal,1_58_81,24,58,81,34800,48600,0,0.2646472,1
train,1,data_1.csv,normal,1_59_82,24,59,82,35400,49200,0,0.1551994,1
train,1,data_1.csv,normal,1_60_83,24,60,83,36000,49800,0,0.09600678,0
train,1,data_1.csv,normal,1_61_84,24,61,84,36600,50400,0,0.05573863,0
train,1,data_1.csv,normal,1_62_85,24,62,85,37200,51000,0,0.047555584,0
train,1,data_1.csv,normal,1_63_86,24,63,86,37800,51600,0,0.037921686,0
train,1,data_1.csv,normal,1_64_87,24,64,87,38400,52200,0,0.04112981,0
train,1,data_1.csv,normal,1_65_88,24,65,88,39000,52800,0,0.0404323,0
train,1,data_1.csv,normal,1_66_89,24,66,89,39600,53400,0,0.05039604,0
train,1,data_1.csv,normal,1_67_90,24,67,90,40200,54000,0,0.038547594,0
train,1,data_1.csv,normal,1_68_91,24,68,91,40800,54600,0,0.02954782,0
train,1,data_1.csv,normal,1_69_92,24,69,92,41400,55200,0,0.042195227,0
train,1,data_1.csv,normal,1_70_93,24,70,93,42000,55800,0,0.056344356,0
train,1,data_1.csv,normal,1_71_94,24,71,94,42600,56400,0,0.13047163,1
train,1,data_1.csv,normal,1_72_95,24,72,95,43200,57000,0,0.26049462,1
train,1,data_1.csv,normal,1_73_96,24,73,96,43800,57600,0,0.23310086,1
train,1,data_1.csv,normal,1_74_97,24,74,97,44400,58200,0,0.17170452,1
train,1,data_1.csv,normal,1_75_98,24,75,98,45000,58800,0,0.18763234,1
train,1,data_1.csv,normal,1_76_99,24,76,99,45600,59400,0,0.18472084,1
train,1,data_1.csv,normal,1_77_100,24,77,100,46200,60000,0,0.23405479,1
train,1,data_1.csv,normal,1_78_101,24,78,101,46800,60600,0,0.23144491,1
train,1,data_1.csv,normal,1_79_102,24,79,102,47400,61200,0,0.254571,1
train,1,data_1.csv,normal,1_80_103,24,80,103,48000,61800,0,0.23570333,1
train,1,data_1.csv,normal,1_81_104,24,81,104,48600,62400,0,0.23799446,1
train,1,data_1.csv,normal,1_82_105,24,82,105,49200,63000,0,0.26872873,1
train,1,data_1.csv,normal,1_83_106,24,83,106,49800,63600,0,0.32736957,1
train,1,data_1.csv,normal,1_84_107,24,84,107,50400,64200,0,0.3314857,1
train,1,data_1.csv,normal,1_85_108,24,85,108,51000,64800,0,0.35800278,1
train,1,data_1.csv,normal,1_86_109,24,86,109,51600,65400,0,0.39242303,1
train,1,data_1.csv,normal,1_87_110,24,87,110,52200,66000,0,0.41566753,1
train,1,data_1.csv,normal,1_88_111,24,88,111,52800,66600,0,0.42323166,1
train,1,data_1.csv,normal,1_89_112,24,89,112,53400,67200,0,0.43316886,1
train,1,data_1.csv,normal,1_90_113,24,90,113,54000,67800,0,0.4227218,1
train,1,data_1.csv,normal,1_91_114,24,91,114,54600,68400,0,0.43545625,1
train,1,data_1.csv,normal,1_92_115,24,92,115,55200,69000,0,0.4339063,1
train,1,data_1.csv,normal,1_93_116,24,93,116,55800,69600,0,0.42368168,1
train,1,data_1.csv,normal,1_94_117,24,94,117,56400,70200,0,0.4307809,1
train,1,data_1.csv,normal,1_95_118,24,95,118,57000,70800,0,0.41951314,1
train,1,data_1.csv,normal,1_96_119,24,96,119,57600,71400,0,0.3947065,1
train,1,data_1.csv,normal,1_97_120,24,97,120,58200,72000,0,0.35201496,1
train,1,data_1.csv,normal,1_98_121,24,98,121,58800,72600,0,0.2947889,1
train,1,data_1.csv,normal,1_99_122,24,99,122,59400,73200,0,0.21560735,1
train,1,data_1.csv,normal,1_100_123,24,100,123,60000,73800,0,0.18539487,1
train,1,data_1.csv,normal,1_101_124,24,101,124,60600,74400,0,0.1464697,1
train,1,data_1.csv,normal,1_102_125,24,102,125,61200,75000,0,0.12597707,1
train,1,data_1.csv,normal,1_103_126,24,103,126,61800,75600,0,0.07441052,0
train,1,data_1.csv,normal,1_104_127,24,104,127,62400,76200,0,0.044765595,0
train,1,data_1.csv,normal,1_105_128,24,105,128,63000,76800,0,0.028244091,0
train,1,data_1.csv,normal,1_106_129,24,106,129,63600,77400,0,0.022361137,0
train,1,data_1.csv,normal,1_107_130,24,107,130,64200,78000,0,0.018553492,0
train,1,data_1.csv,normal,1_108_131,24,108,131,64800,78600,0,0.018432606,0
train,1,data_1.csv,normal,1_109_132,24,109,132,65400,79200,0,0.013707434,0
train,1,data_1.csv,normal,1_110_133,24,110,133,66000,79800,0,0.006445821,0
train,1,data_1.csv,normal,1_111_134,24,111,134,66600,80400,0,0.0074026007,0
train,1,data_1.csv,normal,1_112_135,24,112,135,67200,81000,0,0.008445376,0
train,1,data_1.csv,normal,1_113_136,24,113,136,67800,81600,0,0.02493008,0
train,1,data_1.csv,normal,1_114_137,24,114,137,68400,82200,0,0.059353974,0
train,1,data_1.csv,normal,1_115_138,24,115,138,69000,82800,0,0.03515124,0
train,1,data_1.csv,normal,1_116_139,24,116,139,69600,83400,0,0.015589126,0
train,1,data_1.csv,normal,1_117_140,24,117,140,70200,84000,0,0.01563512,0
train,1,data_1.csv,normal,1_118_141,24,118,141,70800,84600,0,0.012741732,0
train,1,data_1.csv,normal,1_119_142,24,119,142,71400,85200,0,0.023088679,0
train,1,data_1.csv,normal,1_120_143,24,120,143,72000,85800,0,0.023761427,0
train,1,data_1.csv,normal,1_121_144,24,121,144,72600,86400,0,0.022356354,0
train,3,data_3.csv,normal,3_0_23,24,0,23,0,13800,0,0.0060642296,0
train,3,data_3.csv,normal,3_1_24,24,1,24,600,14400,0,0.007567774,0
train,3,data_3.csv,normal,3_2_25,24,2,25,1200,15000,0,0.011072855,0
train,3,data_3.csv,normal,3_3_26,24,3,26,1800,15600,0,0.0125580225,0
train,3,data_3.csv,normal,3_4_27,24,4,27,2400,16200,0,0.011392633,0
train,3,data_3.csv,normal,3_5_28,24,5,28,3000,16800,0,0.011696487,0
train,3,data_3.csv,normal,3_6_29,24,6,29,3600,17400,0,0.011595881,0
train,3,data_3.csv,normal,3_7_30,24,7,30,4200,18000,0,0.012231472,0
train,3,data_3.csv,normal,3_8_31,24,8,31,4800,18600,0,0.01602108,0
train,3,data_3.csv,normal,3_9_32,24,9,32,5400,19200,0,0.013762485,0
train,3,data_3.csv,normal,3_10_33,24,10,33,6000,19800,0,0.009165382,0
train,3,data_3.csv,normal,3_11_34,24,11,34,6600,20400,0,0.006599887,0
train,3,data_3.csv,normal,3_12_35,24,12,35,7200,21000,0,0.004815958,0
train,3,data_3.csv,normal,3_13_36,24,13,36,7800,21600,0,0.0042004464,0
train,3,data_3.csv,normal,3_14_37,24,14,37,8400,22200,0,0.0039909114,0
train,3,data_3.csv,normal,3_15_38,24,15,38,9000,22800,0,0.0031353128,0
train,3,data_3.csv,normal,3_16_39,24,16,39,9600,23400,0,0.0024381925,0
train,3,data_3.csv,normal,3_17_40,24,17,40,10200,24000,0,0.0017299346,0
train,3,data_3.csv,normal,3_18_41,24,18,41,10800,24600,0,0.0013586605,0
train,3,data_3.csv,normal,3_19_42,24,19,42,11400,25200,0,0.0013426763,0
train,3,data_3.csv,normal,3_20_43,24,20,43,12000,25800,0,0.0017341576,0
train,3,data_3.csv,normal,3_21_44,24,21,44,12600,26400,0,0.0023539215,0
train,3,data_3.csv,normal,3_22_45,24,22,45,13200,27000,0,0.002921756,0
train,3,data_3.csv,normal,3_23_46,24,23,46,13800,27600,0,0.0038564445,0
train,3,data_3.csv,normal,3_24_47,24,24,47,14400,28200,0,0.006526613,0
train,3,data_3.csv,normal,3_25_48,24,25,48,15000,28800,0,0.007322643,0
train,3,data_3.csv,normal,3_26_49,24,26,49,15600,29400,0,0.012221653,0
train,3,data_3.csv,normal,3_27_50,24,27,50,16200,30000,0,0.018353367,0
train,3,data_3.csv,normal,3_28_51,24,28,51,16800,30600,0,0.02214539,0
train,3,data_3.csv,normal,3_29_52,24,29,52,17400,31200,0,0.03358227,0
train,3,data_3.csv,normal,3_30_53,24,30,53,18000,31800,0,0.06556797,0
train,3,data_3.csv,normal,3_31_54,24,31,54,18600,32400,0,0.05183424,0
train,3,data_3.csv,normal,3_32_55,24,32,55,19200,33000,0,0.048115104,0
train,3,data_3.csv,normal,3_33_56,24,33,56,19800,33600,0,0.04533391,0
train,3,data_3.csv,normal,3_34_57,24,34,57,20400,34200,0,0.045314807,0
train,3,data_3.csv,normal,3_35_58,24,35,58,21000,34800,0,0.049226087,0
train,3,data_3.csv,normal,3_36_59,24,36,59,21600,35400,0,0.06644374,0
train,3,data_3.csv,normal,3_37_60,24,37,60,22200,36000,0,0.091238365,0
train,3,data_3.csv,normal,3_38_61,24,38,61,22800,36600,0,0.16932437,1
train,3,data_3.csv,normal,3_39_62,24,39,62,23400,37200,0,0.23971234,1
train,3,data_3.csv,normal,3_40_63,24,40,63,24000,37800,0,0.2560194,1
train,3,data_3.csv,normal,3_41_64,24,41,64,24600,38400,0,0.28378555,1
train,3,data_3.csv,normal,3_42_65,24,42,65,25200,39000,0,0.3362796,1
train,3,data_3.csv,normal,3_43_66,24,43,66,25800,39600,0,0.3077878,1
train,3,data_3.csv,normal,3_44_67,24,44,67,26400,40200,0,0.324998,1
train,3,data_3.csv,normal,3_45_68,24,45,68,27000,40800,0,0.31758252,1
train,3,data_3.csv,normal,3_46_69,24,46,69,27600,41400,0,0.28957868,1
train,3,data_3.csv,normal,3_47_70,24,47,70,28200,42000,0,0.34123546,1
train,3,data_3.csv,normal,3_48_71,24,48,71,28800,42600,0,0.40180674,1
train,3,data_3.csv,normal,3_49_72,24,49,72,29400,43200,0,0.42511877,1
train,3,data_3.csv,normal,3_50_73,24,50,73,30000,43800,0,0.34205794,1
train,3,data_3.csv,normal,3_51_74,24,51,74,30600,44400,0,0.2637282,1
train,3,data_3.csv,normal,3_52_75,24,52,75,31200,45000,0,0.2177956,1
train,3,data_3.csv,normal,3_53_76,24,53,76,31800,45600,0,0.20335685,1
train,3,data_3.csv,normal,3_54_77,24,54,77,32400,46200,0,0.122402936,1
train,3,data_3.csv,normal,3_55_78,24,55,78,33000,46800,0,0.11575123,1
train,3,data_3.csv,normal,3_56_79,24,56,79,33600,47400,0,0.12965125,1
train,3,data_3.csv,normal,3_57_80,24,57,80,34200,48000,0,0.10866848,1
train,3,data_3.csv,normal,3_58_81,24,58,81,34800,48600,0,0.16151445,1
train,3,data_3.csv,normal,3_59_82,24,59,82,35400,49200,0,0.17356777,1
train,3,data_3.csv,normal,3_60_83,24,60,83,36000,49800,0,0.21266946,1
train,3,data_3.csv,normal,3_61_84,24,61,84,36600,50400,0,0.19324403,1
train,3,data_3.csv,normal,3_62_85,24,62,85,37200,51000,0,0.21593943,1
train,3,data_3.csv,normal,3_63_86,24,63,86,37800,51600,0,0.20853378,1
train,3,data_3.csv,normal,3_64_87,24,64,87,38400,52200,0,0.21496733,1
train,3,data_3.csv,normal,3_65_88,24,65,88,39000,52800,0,0.23660791,1
train,3,data_3.csv,normal,3_66_89,24,66,89,39600,53400,0,0.31650007,1
train,3,data_3.csv,normal,3_67_90,24,67,90,40200,54000,0,0.38194942,1
train,3,data_3.csv,normal,3_68_91,24,68,91,40800,54600,0,0.40313777,1
train,3,data_3.csv,normal,3_69_92,24,69,92,41400,55200,0,0.4118964,1
train,3,data_3.csv,normal,3_70_93,24,70,93,42000,55800,0,0.43016905,1
train,3,data_3.csv,normal,3_71_94,24,71,94,42600,56400,0,0.46242726,1
train,3,data_3.csv,normal,3_72_95,24,72,95,43200,57000,0,0.5156776,1
train,3,data_3.csv,normal,3_73_96,24,73,96,43800,57600,0,0.56647855,1
train,3,data_3.csv,normal,3_74_97,24,74,97,44400,58200,0,0.57949555,1
train,3,data_3.csv,normal,3_75_98,24,75,98,45000,58800,0,0.5922258,1
train,3,data_3.csv,normal,3_76_99,24,76,99,45600,59400,0,0.600838,1
train,3,data_3.csv,normal,3_77_100,24,77,100,46200,60000,0,0.6297217,1
train,3,data_3.csv,normal,3_78_101,24,78,101,46800,60600,0,0.6415731,1
train,3,data_3.csv,normal,3_79_102,24,79,102,47400,61200,0,0.710448,1
train,3,data_3.csv,normal,3_80_103,24,80,103,48000,61800,0,0.74505943,1
train,3,data_3.csv,normal,3_81_104,24,81,104,48600,62400,0,0.75585806,1
train,3,data_3.csv,normal,3_82_105,24,82,105,49200,63000,0,0.7558747,1
train,3,data_3.csv,normal,3_83_106,24,83,106,49800,63600,0,0.7605758,1
train,3,data_3.csv,normal,3_84_107,24,84,107,50400,64200,0,0.7722876,1
train,3,data_3.csv,normal,3_85_108,24,85,108,51000,64800,0,0.80394167,1
train,3,data_3.csv,normal,3_86_109,24,86,109,51600,65400,0,0.8140658,1
train,3,data_3.csv,normal,3_87_110,24,87,110,52200,66000,0,0.8177532,1
train,3,data_3.csv,normal,3_88_111,24,88,111,52800,66600,0,0.8074675,1
train,3,data_3.csv,normal,3_89_112,24,89,112,53400,67200,0,0.814161,1
train,3,data_3.csv,normal,3_90_113,24,90,113,54000,67800,0,0.82556635,1
train,3,data_3.csv,normal,3_91_114,24,91,114,54600,68400,0,0.71824986,1
train,3,data_3.csv,normal,3_92_115,24,92,115,55200,69000,0,0.6916914,1
train,3,data_3.csv,normal,3_93_116,24,93,116,55800,69600,0,0.68769467,1
train,3,data_3.csv,normal,3_94_117,24,94,117,56400,70200,0,0.7086529,1
train,3,data_3.csv,normal,3_95_118,24,95,118,57000,70800,0,0.72160095,1
train,3,data_3.csv,normal,3_96_119,24,96,119,57600,71400,0,0.75257045,1
train,3,data_3.csv,normal,3_97_120,24,97,120,58200,72000,0,0.7051974,1
train,3,data_3.csv,normal,3_98_121,24,98,121,58800,72600,0,0.6945325,1
train,3,data_3.csv,normal,3_99_122,24,99,122,59400,73200,0,0.7762509,1
train,3,data_3.csv,normal,3_100_123,24,100,123,60000,73800,0,0.78879845,1
train,3,data_3.csv,normal,3_101_124,24,101,124,60600,74400,0,0.84616446,1
train,3,data_3.csv,normal,3_102_125,24,102,125,61200,75000,0,0.8824915,1
train,3,data_3.csv,normal,3_103_126,24,103,126,61800,75600,0,0.73228866,1
train,3,data_3.csv,normal,3_104_127,24,104,127,62400,76200,0,0.44450378,1
train,3,data_3.csv,normal,3_105_128,24,105,128,63000,76800,0,0.56869996,1
train,3,data_3.csv,normal,3_106_129,24,106,129,63600,77400,0,0.560262,1
train,3,data_3.csv,normal,3_107_130,24,107,130,64200,78000,0,0.8090843,1
train,3,data_3.csv,normal,3_108_131,24,108,131,64800,78600,0,0.84467494,1
train,3,data_3.csv,normal,3_109_132,24,109,132,65400,79200,0,0.77595276,1
train,3,data_3.csv,normal,3_110_133,24,110,133,66000,79800,0,0.5381963,1
train,3,data_3.csv,normal,3_111_134,24,111,134,66600,80400,0,0.5428346,1
train,3,data_3.csv,normal,3_112_135,24,112,135,67200,81000,0,0.4365335,1
train,3,data_3.csv,normal,3_113_136,24,113,136,67800,81600,0,0.5190941,1
train,3,data_3.csv,normal,3_114_137,24,114,137,68400,82200,0,0.35299534,1
train,3,data_3.csv,normal,3_115_138,24,115,138,69000,82800,0,0.2843548,1
train,3,data_3.csv,normal,3_116_139,24,116,139,69600,83400,0,0.13448928,1
train,3,data_3.csv,normal,3_117_140,24,117,140,70200,84000,0,0.08835606,0
train,3,data_3.csv,normal,3_118_141,24,118,141,70800,84600,0,0.05252298,0
train,3,data_3.csv,normal,3_119_142,24,119,142,71400,85200,0,0.0536267,0
train,3,data_3.csv,normal,3_120_143,24,120,143,72000,85800,0,0.032083318,0
train,3,data_3.csv,normal,3_121_144,24,121,144,72600,86400,0,0.032919567,0
train,4,data_4.csv,normal,4_0_23,24,0,23,0,13800,0,0.0026201247,0
train,4,data_4.csv,normal,4_1_24,24,1,24,600,14400,0,0.0030518165,0
train,4,data_4.csv,normal,4_2_25,24,2,25,1200,15000,0,0.0042452966,0
train,4,data_4.csv,normal,4_3_26,24,3,26,1800,15600,0,0.0048090178,0
train,4,data_4.csv,normal,4_4_27,24,4,27,2400,16200,0,0.0045166267,0
train,4,data_4.csv,normal,4_5_28,24,5,28,3000,16800,0,0.004750752,0
train,4,data_4.csv,normal,4_6_29,24,6,29,3600,17400,0,0.0050509945,0
train,4,data_4.csv,normal,4_7_30,24,7,30,4200,18000,0,0.0054807947,0
train,4,data_4.csv,normal,4_8_31,24,8,31,4800,18600,0,0.0075898087,0
train,4,data_4.csv,normal,4_9_32,24,9,32,5400,19200,0,0.007180522,0
train,4,data_4.csv,normal,4_10_33,24,10,33,6000,19800,0,0.0053496794,0
train,4,data_4.csv,normal,4_11_34,24,11,34,6600,20400,0,0.0043192096,0
train,4,data_4.csv,normal,4_12_35,24,12,35,7200,21000,0,0.003648874,0
train,4,data_4.csv,normal,4_13_36,24,13,36,7800,21600,0,0.00331289,0
train,4,data_4.csv,normal,4_14_37,24,14,37,8400,22200,0,0.0034510726,0
train,4,data_4.csv,normal,4_15_38,24,15,38,9000,22800,0,0.0028776173,0
train,4,data_4.csv,normal,4_16_39,24,16,39,9600,23400,0,0.0022788576,0
train,4,data_4.csv,normal,4_17_40,24,17,40,10200,24000,0,0.0017608568,0
train,4,data_4.csv,normal,4_18_41,24,18,41,10800,24600,0,0.0015329294,0
train,4,data_4.csv,normal,4_19_42,24,19,42,11400,25200,0,0.0015216564,0
train,4,data_4.csv,normal,4_20_43,24,20,43,12000,25800,0,0.0019549374,0
train,4,data_4.csv,normal,4_21_44,24,21,44,12600,26400,0,0.0024310863,0
train,4,data_4.csv,normal,4_22_45,24,22,45,13200,27000,0,0.0027394341,0
train,4,data_4.csv,normal,4_23_46,24,23,46,13800,27600,0,0.0032026127,0
train,4,data_4.csv,normal,4_24_47,24,24,47,14400,28200,0,0.0047112317,0
train,4,data_4.csv,normal,4_25_48,24,25,48,15000,28800,0,0.0052178875,0
train,4,data_4.csv,normal,4_26_49,24,26,49,15600,29400,0,0.008675735,0
train,4,data_4.csv,normal,4_27_50,24,27,50,16200,30000,0,0.012689055,0
train,4,data_4.csv,normal,4_28_51,24,28,51,16800,30600,0,0.014883848,0
train,4,data_4.csv,normal,4_29_52,24,29,52,17400,31200,0,0.021229718,0
train,4,data_4.csv,normal,4_30_53,24,30,53,18000,31800,0,0.040255237,0
train,4,data_4.csv,normal,4_31_54,24,31,54,18600,32400,0,0.028719265,0
train,4,data_4.csv,normal,4_32_55,24,32,55,19200,33000,0,0.022701355,0
train,4,data_4.csv,normal,4_33_56,24,33,56,19800,33600,0,0.02146632,0
train,4,data_4.csv,normal,4_34_57,24,34,57,20400,34200,0,0.023050822,0
train,4,data_4.csv,normal,4_35_58,24,35,58,21000,34800,0,0.02661613,0
train,4,data_4.csv,normal,4_36_59,24,36,59,21600,35400,0,0.040037654,0
train,4,data_4.csv,normal,4_37_60,24,37,60,22200,36000,0,0.050393187,0
train,4,data_4.csv,normal,4_38_61,24,38,61,22800,36600,0,0.07970659,0
train,4,data_4.csv,normal,4_39_62,24,39,62,23400,37200,0,0.12917072,1
train,4,data_4.csv,normal,4_40_63,24,40,63,24000,37800,0,0.17356317,1
train,4,data_4.csv,normal,4_41_64,24,41,64,24600,38400,0,0.22197609,1
train,4,data_4.csv,normal,4_42_65,24,42,65,25200,39000,0,0.3054785,1
train,4,data_4.csv,normal,4_43_66,24,43,66,25800,39600,0,0.31857517,1
train,4,data_4.csv,normal,4_44_67,24,44,67,26400,40200,0,0.4292742,1
train,4,data_4.csv,normal,4_45_68,24,45,68,27000,40800,0,0.46897623,1
train,4,data_4.csv,normal,4_46_69,24,46,69,27600,41400,0,0.49182498,1
train,4,data_4.csv,normal,4_47_70,24,47,70,28200,42000,0,0.50457126,1
train,4,data_4.csv,normal,4_48_71,24,48,71,28800,42600,0,0.5063023,1
train,4,data_4.csv,normal,4_49_72,24,49,72,29400,43200,0,0.5063023,1
train,4,data_4.csv,normal,4_50_73,24,50,73,30000,43800,0,0.5051943,1
train,4,data_4.csv,normal,4_51_74,24,51,74,30600,44400,0,0.5026826,1
train,4,data_4.csv,normal,4_52_75,24,52,75,31200,45000,0,0.5018772,1
train,4,data_4.csv,normal,4_53_76,24,53,76,31800,45600,0,0.49190634,1
train,4,data_4.csv,normal,4_54_77,24,54,77,32400,46200,0,0.40051928,1
train,4,data_4.csv,normal,4_55_78,24,55,78,33000,46800,0,0.39866936,1
train,4,data_4.csv,normal,4_56_79,24,56,79,33600,47400,0,0.4044868,1
train,4,data_4.csv,normal,4_57_80,24,57,80,34200,48000,0,0.34555525,1
train,4,data_4.csv,normal,4_58_81,24,58,81,34800,48600,0,0.38215694,1
train,4,data_4.csv,normal,4_59_82,24,59,82,35400,49200,0,0.35097435,1
train,4,data_4.csv,normal,4_60_83,24,60,83,36000,49800,0,0.34152743,1
train,4,data_4.csv,normal,4_61_84,24,61,84,36600,50400,0,0.29525116,1
train,4,data_4.csv,normal,4_62_85,24,62,85,37200,51000,0,0.28238642,1
train,4,data_4.csv,normal,4_63_86,24,63,86,37800,51600,0,0.24588014,1
train,4,data_4.csv,normal,4_64_87,24,64,87,38400,52200,0,0.25415874,1
train,4,data_4.csv,normal,4_65_88,24,65,88,39000,52800,0,0.2294227,1
train,4,data_4.csv,normal,4_66_89,24,66,89,39600,53400,0,0.2202615,1
train,4,data_4.csv,normal,4_67_90,24,67,90,40200,54000,0,0.1922277,1
train,4,data_4.csv,normal,4_68_91,24,68,91,40800,54600,0,0.18909629,1
train,4,data_4.csv,normal,4_69_92,24,69,92,41400,55200,0,0.18235797,1
train,4,data_4.csv,normal,4_70_93,24,70,93,42000,55800,0,0.1886898,1
train,4,data_4.csv,normal,4_71_94,24,71,94,42600,56400,0,0.17876053,1
train,4,data_4.csv,normal,4_72_95,24,72,95,43200,57000,0,0.17957813,1
train,4,data_4.csv,normal,4_73_96,24,73,96,43800,57600,0,0.16787893,1
train,4,data_4.csv,normal,4_74_97,24,74,97,44400,58200,0,0.15797377,1
train,4,data_4.csv,normal,4_75_98,24,75,98,45000,58800,0,0.15095508,1
train,4,data_4.csv,normal,4_76_99,24,76,99,45600,59400,0,0.14708108,1
train,4,data_4.csv,normal,4_77_100,24,77,100,46200,60000,0,0.13969655,1
train,4,data_4.csv,normal,4_78_101,24,78,101,46800,60600,0,0.15570618,1
train,4,data_4.csv,normal,4_79_102,24,79,102,47400,61200,0,0.15283273,1
train,4,data_4.csv,normal,4_80_103,24,80,103,48000,61800,0,0.14688303,1
train,4,data_4.csv,normal,4_81_104,24,81,104,48600,62400,0,0.14650503,1
train,4,data_4.csv,normal,4_82_105,24,82,105,49200,63000,0,0.144599,1
train,4,data_4.csv,normal,4_83_106,24,83,106,49800,63600,0,0.14948459,1
train,4,data_4.csv,normal,4_84_107,24,84,107,50400,64200,0,0.1528155,1
train,4,data_4.csv,normal,4_85_108,24,85,108,51000,64800,0,0.15821397,1
train,4,data_4.csv,normal,4_86_109,24,86,109,51600,65400,0,0.16452137,1
train,4,data_4.csv,normal,4_87_110,24,87,110,52200,66000,0,0.18361992,1
train,4,data_4.csv,normal,4_88_111,24,88,111,52800,66600,0,0.20326567,1
train,4,data_4.csv,normal,4_89_112,24,89,112,53400,67200,0,0.22399014,1
train,4,data_4.csv,normal,4_90_113,24,90,113,54000,67800,0,0.23962314,1
train,4,data_4.csv,normal,4_91_114,24,91,114,54600,68400,0,0.2627121,1
train,4,data_4.csv,normal,4_92_115,24,92,115,55200,69000,0,0.2768991,1
train,4,data_4.csv,normal,4_93_116,24,93,116,55800,69600,0,0.28414407,1
train,4,data_4.csv,normal,4_94_117,24,94,117,56400,70200,0,0.2903029,1
train,4,data_4.csv,normal,4_95_118,24,95,118,57000,70800,0,0.29176372,1
train,4,data_4.csv,normal,4_96_119,24,96,119,57600,71400,0,0.27604908,1
train,4,data_4.csv,normal,4_97_120,24,97,120,58200,72000,0,0.2537226,1
train,4,data_4.csv,normal,4_98_121,24,98,121,58800,72600,0,0.23121585,1
train,4,data_4.csv,normal,4_99_122,24,99,122,59400,73200,0,0.1946142,1
train,4,data_4.csv,normal,4_100_123,24,100,123,60000,73800,0,0.1666336,1
train,4,data_4.csv,normal,4_101_124,24,101,124,60600,74400,0,0.14200364,1
train,4,data_4.csv,normal,4_102_125,24,102,125,61200,75000,0,0.11023743,1
train,4,data_4.csv,normal,4_103_126,24,103,126,61800,75600,0,0.07206468,0
train,4,data_4.csv,normal,4_104_127,24,104,127,62400,76200,0,0.04374664,0
train,4,data_4.csv,normal,4_105_128,24,105,128,63000,76800,0,0.028324926,0
train,4,data_4.csv,normal,4_106_129,24,106,129,63600,77400,0,0.022104517,0
train,4,data_4.csv,normal,4_107_130,24,107,130,64200,78000,0,0.022907592,0
train,4,data_4.csv,normal,4_108_131,24,108,131,64800,78600,0,0.030928548,0
train,4,data_4.csv,normal,4_109_132,24,109,132,65400,79200,0,0.020010842,0
train,4,data_4.csv,normal,4_110_133,24,110,133,66000,79800,0,0.008201202,0
train,4,data_4.csv,normal,4_111_134,24,111,134,66600,80400,0,0.008755133,0
train,4,data_4.csv,normal,4_112_135,24,112,135,67200,81000,0,0.008692085,0
train,4,data_4.csv,normal,4_113_136,24,113,136,67800,81600,0,0.02002892,0
train,4,data_4.csv,normal,4_114_137,24,114,137,68400,82200,0,0.032275364,0
train,4,data_4.csv,normal,4_115_138,24,115,138,69000,82800,0,0.022638112,0
train,4,data_4.csv,normal,4_116_139,24,116,139,69600,83400,0,0.010357144,0
train,4,data_4.csv,normal,4_117_140,24,117,140,70200,84000,0,0.011453686,0
train,4,data_4.csv,normal,4_118_141,24,118,141,70800,84600,0,0.010218367,0
train,4,data_4.csv,normal,4_119_142,24,119,142,71400,85200,0,0.0196347,0
train,4,data_4.csv,normal,4_120_143,24,120,143,72000,85800,0,0.023008863,0
train,4,data_4.csv,normal,4_121_144,24,121,144,72600,86400,0,0.024930412,0
train,6,data_6.csv,normal,6_0_23,24,0,23,0,13800,0,0.024939025,0
train,6,data_6.csv,normal,6_1_24,24,1,24,600,14400,0,0.026785001,0
train,6,data_6.csv,normal,6_2_25,24,2,25,1200,15000,0,0.026664743,0
train,6,data_6.csv,normal,6_3_26,24,3,26,1800,15600,0,0.024015358,0
train,6,data_6.csv,normal,6_4_27,24,4,27,2400,16200,0,0.021690456,0
train,6,data_6.csv,normal,6_5_28,24,5,28,3000,16800,0,0.018430311,0
train,6,data_6.csv,normal,6_6_29,24,6,29,3600,17400,0,0.013945648,0
train,6,data_6.csv,normal,6_7_30,24,7,30,4200,18000,0,0.014928064,0
train,6,data_6.csv,normal,6_8_31,24,8,31,4800,18600,0,0.015889151,0
train,6,data_6.csv,normal,6_9_32,24,9,32,5400,19200,0,0.014820102,0
train,6,data_6.csv,normal,6_10_33,24,10,33,6000,19800,0,0.013136067,0
train,6,data_6.csv,normal,6_11_34,24,11,34,6600,20400,0,0.011451495,0
train,6,data_6.csv,normal,6_12_35,24,12,35,7200,21000,0,0.009458485,0
train,6,data_6.csv,normal,6_13_36,24,13,36,7800,21600,0,0.009856643,0
train,6,data_6.csv,normal,6_14_37,24,14,37,8400,22200,0,0.01114311,0
train,6,data_6.csv,normal,6_15_38,24,15,38,9000,22800,0,0.010767733,0
train,6,data_6.csv,normal,6_16_39,24,16,39,9600,23400,0,0.009567313,0
train,6,data_6.csv,normal,6_17_40,24,17,40,10200,24000,0,0.008674292,0
train,6,data_6.csv,normal,6_18_41,24,18,41,10800,24600,0,0.007833562,0
train,6,data_6.csv,normal,6_19_42,24,19,42,11400,25200,0,0.007883574,0
train,6,data_6.csv,normal,6_20_43,24,20,43,12000,25800,0,0.008976422,0
train,6,data_6.csv,normal,6_21_44,24,21,44,12600,26400,0,0.0088096345,0
train,6,data_6.csv,normal,6_22_45,24,22,45,13200,27000,0,0.008020252,0
train,6,data_6.csv,normal,6_23_46,24,23,46,13800,27600,0,0.0074408753,0
train,6,data_6.csv,normal,6_24_47,24,24,47,14400,28200,0,0.007149298,0
train,6,data_6.csv,normal,6_25_48,24,25,48,15000,28800,0,0.007359323,0
train,6,data_6.csv,normal,6_26_49,24,26,49,15600,29400,0,0.008912437,0
train,6,data_6.csv,normal,6_27_50,24,27,50,16200,30000,0,0.009379011,0
train,6,data_6.csv,normal,6_28_51,24,28,51,16800,30600,0,0.008949827,0
train,6,data_6.csv,normal,6_29_52,24,29,52,17400,31200,0,0.008856136,0
train,6,data_6.csv,normal,6_30_53,24,30,53,18000,31800,0,0.00959495,0
train,6,data_6.csv,normal,6_31_54,24,31,54,18600,32400,0,0.013715648,0
train,6,data_6.csv,normal,6_32_55,24,32,55,19200,33000,0,0.028782062,0
train,6,data_6.csv,normal,6_33_56,24,33,56,19800,33600,0,0.036638655,0
train,6,data_6.csv,normal,6_34_57,24,34,57,20400,34200,0,0.030948704,0
train,6,data_6.csv,normal,6_35_58,24,35,58,21000,34800,0,0.030170536,0
train,6,data_6.csv,normal,6_36_59,24,36,59,21600,35400,0,0.032750506,0
train,6,data_6.csv,normal,6_37_60,24,37,60,22200,36000,0,0.036593366,0
train,6,data_6.csv,normal,6_38_61,24,38,61,22800,36600,0,0.04512431,0
train,6,data_6.csv,normal,6_39_62,24,39,62,23400,37200,0,0.03592643,0
train,6,data_6.csv,normal,6_40_63,24,40,63,24000,37800,0,0.015978176,0
train,6,data_6.csv,normal,6_41_64,24,41,64,24600,38400,0,0.013176637,0
train,6,data_6.csv,normal,6_42_65,24,42,65,25200,39000,0,0.010697794,0
train,6,data_6.csv,normal,6_43_66,24,43,66,25800,39600,0,0.008314929,0
train,6,data_6.csv,normal,6_44_67,24,44,67,26400,40200,0,0.005713216,0
train,6,data_6.csv,normal,6_45_68,24,45,68,27000,40800,0,0.0045268266,0
train,6,data_6.csv,normal,6_46_69,24,46,69,27600,41400,0,0.0023740567,0
train,6,data_6.csv,normal,6_47_70,24,47,70,28200,42000,0,0.0018380685,0
train,6,data_6.csv,normal,6_48_71,24,48,71,28800,42600,0,0.0017143764,0
train,6,data_6.csv,normal,6_49_72,24,49,72,29400,43200,0,0.003259489,0
train,6,data_6.csv,normal,6_50_73,24,50,73,30000,43800,0,0.0039220243,0
train,6,data_6.csv,normal,6_51_74,24,51,74,30600,44400,0,0.0073477007,0
train,6,data_6.csv,normal,6_52_75,24,52,75,31200,45000,0,0.010151525,0
train,6,data_6.csv,normal,6_53_76,24,53,76,31800,45600,0,0.02227843,0
train,6,data_6.csv,normal,6_54_77,24,54,77,32400,46200,0,0.08762427,0
train,6,data_6.csv,normal,6_55_78,24,55,78,33000,46800,0,0.25075158,1
train,6,data_6.csv,normal,6_56_79,24,56,79,33600,47400,0,0.4474038,1
train,6,data_6.csv,normal,6_57_80,24,57,80,34200,48000,0,0.5620786,1
train,6,data_6.csv,normal,6_58_81,24,58,81,34800,48600,0,0.6800904,1
train,6,data_6.csv,normal,6_59_82,24,59,82,35400,49200,0,0.8218312,1
train,6,data_6.csv,normal,6_60_83,24,60,83,36000,49800,0,0.8477679,1
train,6,data_6.csv,normal,6_61_84,24,61,84,36600,50400,0,0.8393863,1
train,6,data_6.csv,normal,6_62_85,24,62,85,37200,51000,0,0.81268156,1
train,6,data_6.csv,normal,6_63_86,24,63,86,37800,51600,0,0.7939559,1
train,6,data_6.csv,normal,6_64_87,24,64,87,38400,52200,0,0.75000304,1
train,6,data_6.csv,normal,6_65_88,24,65,88,39000,52800,0,0.7742067,1
train,6,data_6.csv,normal,6_66_89,24,66,89,39600,53400,0,0.7978995,1
train,6,data_6.csv,normal,6_67_90,24,67,90,40200,54000,0,0.79055643,1
train,6,data_6.csv,normal,6_68_91,24,68,91,40800,54600,0,0.7829967,1
train,6,data_6.csv,normal,6_69_92,24,69,92,41400,55200,0,0.7828674,1
train,6,data_6.csv,normal,6_70_93,24,70,93,42000,55800,0,0.779653,1
train,6,data_6.csv,normal,6_71_94,24,71,94,42600,56400,0,0.7989629,1
train,6,data_6.csv,normal,6_72_95,24,72,95,43200,57000,0,0.8162991,1
train,6,data_6.csv,normal,6_73_96,24,73,96,43800,57600,0,0.81616217,1
train,6,data_6.csv,normal,6_74_97,24,74,97,44400,58200,0,0.8190263,1
train,6,data_6.csv,normal,6_75_98,24,75,98,45000,58800,0,0.8229601,1
train,6,data_6.csv,normal,6_76_99,24,76,99,45600,59400,0,0.8258741,1
train,6,data_6.csv,normal,6_77_100,24,77,100,46200,60000,0,0.8342771,1
train,6,data_6.csv,normal,6_78_101,24,78,101,46800,60600,0,0.843915,1
train,6,data_6.csv,normal,6_79_102,24,79,102,47400,61200,0,0.8450592,1
train,6,data_6.csv,normal,6_80_103,24,80,103,48000,61800,0,0.84615755,1
train,6,data_6.csv,normal,6_81_104,24,81,104,48600,62400,0,0.84757996,1
train,6,data_6.csv,normal,6_82_105,24,82,105,49200,63000,0,0.8474796,1
train,6,data_6.csv,normal,6_83_106,24,83,106,49800,63600,0,0.84989405,1
train,6,data_6.csv,normal,6_84_107,24,84,107,50400,64200,0,0.8526513,1
train,6,data_6.csv,normal,6_85_108,24,85,108,51000,64800,0,0.8494759,1
train,6,data_6.csv,normal,6_86_109,24,86,109,51600,65400,0,0.84813124,1
train,6,data_6.csv,normal,6_87_110,24,87,110,52200,66000,0,0.8486094,1
train,6,data_6.csv,normal,6_88_111,24,88,111,52800,66600,0,0.8488641,1
train,6,data_6.csv,normal,6_89_112,24,89,112,53400,67200,0,0.84700716,1
train,6,data_6.csv,normal,6_90_113,24,90,113,54000,67800,0,0.84431565,1
train,6,data_6.csv,normal,6_91_114,24,91,114,54600,68400,0,0.81201684,1
train,6,data_6.csv,normal,6_92_115,24,92,115,55200,69000,0,0.81505144,1
train,6,data_6.csv,normal,6_93_116,24,93,116,55800,69600,0,0.8627005,1
train,6,data_6.csv,normal,6_94_117,24,94,117,56400,70200,0,0.89062005,1
train,6,data_6.csv,normal,6_95_118,24,95,118,57000,70800,0,0.8955654,1
train,6,data_6.csv,normal,6_96_119,24,96,119,57600,71400,0,0.90235776,1
train,6,data_6.csv,normal,6_97_120,24,97,120,58200,72000,0,0.8391894,1
train,6,data_6.csv,normal,6_98_121,24,98,121,58800,72600,0,0.63471705,1
train,6,data_6.csv,normal,6_99_122,24,99,122,59400,73200,0,0.6639261,1
train,6,data_6.csv,normal,6_100_123,24,100,123,60000,73800,0,0.5646302,1
train,6,data_6.csv,normal,6_101_124,24,101,124,60600,74400,0,0.6835761,1
train,6,data_6.csv,normal,6_102_125,24,102,125,61200,75000,0,0.6253452,1
train,6,data_6.csv,normal,6_103_126,24,103,126,61800,75600,0,0.59544736,1
train,6,data_6.csv,normal,6_104_127,24,104,127,62400,76200,0,0.27517465,1
train,6,data_6.csv,normal,6_105_128,24,105,128,63000,76800,0,0.38924715,1
train,6,data_6.csv,normal,6_106_129,24,106,129,63600,77400,0,0.3617213,1
train,6,data_6.csv,normal,6_107_130,24,107,130,64200,78000,0,0.62015736,1
train,6,data_6.csv,normal,6_108_131,24,108,131,64800,78600,0,0.68362373,1
train,6,data_6.csv,normal,6_109_132,24,109,132,65400,79200,0,0.6270769,1
train,6,data_6.csv,normal,6_110_133,24,110,133,66000,79800,0,0.3835817,1
train,6,data_6.csv,normal,6_111_134,24,111,134,66600,80400,0,0.33122537,1
train,6,data_6.csv,normal,6_112_135,24,112,135,67200,81000,0,0.21054116,1
train,6,data_6.csv,normal,6_113_136,24,113,136,67800,81600,0,0.18460691,1
train,6,data_6.csv,normal,6_114_137,24,114,137,68400,82200,0,0.102507114,1
train,6,data_6.csv,normal,6_115_138,24,115,138,69000,82800,0,0.08602034,0
train,6,data_6.csv,normal,6_116_139,24,116,139,69600,83400,0,0.07037507,0
train,6,data_6.csv,normal,6_117_140,24,117,140,70200,84000,0,0.08817374,0
train,6,data_6.csv,normal,6_118_141,24,118,141,70800,84600,0,0.0981535,0
train,6,data_6.csv,normal,6_119_142,24,119,142,71400,85200,0,0.15303476,1
train,6,data_6.csv,normal,6_120_143,24,120,143,72000,85800,0,0.122492276,1
train,6,data_6.csv,normal,6_121_144,24,121,144,72600,86400,0,0.16034456,1
train,7,data_7.csv,normal,7_0_23,24,0,23,0,13800,0,0.003229111,0
train,7,data_7.csv,normal,7_1_24,24,1,24,600,14400,0,0.0032277943,0
train,7,data_7.csv,normal,7_2_25,24,2,25,1200,15000,0,0.0033588794,0
train,7,data_7.csv,normal,7_3_26,24,3,26,1800,15600,0,0.003405597,0
train,7,data_7.csv,normal,7_4_27,24,4,27,2400,16200,0,0.0033897702,0
train,7,data_7.csv,normal,7_5_28,24,5,28,3000,16800,0,0.003421564,0
train,7,data_7.csv,normal,7_6_29,24,6,29,3600,17400,0,0.003519662,0
train,7,data_7.csv,normal,7_7_30,24,7,30,4200,18000,0,0.004607914,0
train,7,data_7.csv,normal,7_8_31,24,8,31,4800,18600,0,0.007877758,0
train,7,data_7.csv,normal,7_9_32,24,9,32,5400,19200,0,0.009694888,0
train,7,data_7.csv,normal,7_10_33,24,10,33,6000,19800,0,0.008878087,0
train,7,data_7.csv,normal,7_11_34,24,11,34,6600,20400,0,0.009309423,0
train,7,data_7.csv,normal,7_12_35,24,12,35,7200,21000,0,0.009559562,0
train,7,data_7.csv,normal,7_13_36,24,13,36,7800,21600,0,0.009796441,0
train,7,data_7.csv,normal,7_14_37,24,14,37,8400,22200,0,0.012782333,0
train,7,data_7.csv,normal,7_15_38,24,15,38,9000,22800,0,0.010470351,0
train,7,data_7.csv,normal,7_16_39,24,16,39,9600,23400,0,0.007122069,0
train,7,data_7.csv,normal,7_17_40,24,17,40,10200,24000,0,0.0056251897,0
train,7,data_7.csv,normal,7_18_41,24,18,41,10800,24600,0,0.0049769063,0
train,7,data_7.csv,normal,7_19_42,24,19,42,11400,25200,0,0.004803578,0
train,7,data_7.csv,normal,7_20_43,24,20,43,12000,25800,0,0.0054934123,0
train,7,data_7.csv,normal,7_21_44,24,21,44,12600,26400,0,0.004466497,0
train,7,data_7.csv,normal,7_22_45,24,22,45,13200,27000,0,0.0032234925,0
train,7,data_7.csv,normal,7_23_46,24,23,46,13800,27600,0,0.0021258523,0
train,7,data_7.csv,normal,7_24_47,24,24,47,14400,28200,0,0.0015744182,0
train,7,data_7.csv,normal,7_25_48,24,25,48,15000,28800,0,0.0014124715,0
train,7,data_7.csv,normal,7_26_49,24,26,49,15600,29400,0,0.0019548768,0
train,7,data_7.csv,normal,7_27_50,24,27,50,16200,30000,0,0.0025551429,0
train,7,data_7.csv,normal,7_28_51,24,28,51,16800,30600,0,0.0029933082,0
train,7,data_7.csv,normal,7_29_52,24,29,52,17400,31200,0,0.0040936354,0
train,7,data_7.csv,normal,7_30_53,24,30,53,18000,31800,0,0.008102846,0
train,7,data_7.csv,normal,7_31_54,24,31,54,18600,32400,0,0.0071194908,0
train,7,data_7.csv,normal,7_32_55,24,32,55,19200,33000,0,0.009114971,0
train,7,data_7.csv,normal,7_33_56,24,33,56,19800,33600,0,0.012565712,0
train,7,data_7.csv,normal,7_34_57,24,34,57,20400,34200,0,0.016449241,0
train,7,data_7.csv,normal,7_35_58,24,35,58,21000,34800,0,0.024153804,0
train,7,data_7.csv,normal,7_36_59,24,36,59,21600,35400,0,0.050159868,0
train,7,data_7.csv,normal,7_37_60,24,37,60,22200,36000,0,0.04746461,0
train,7,data_7.csv,normal,7_38_61,24,38,61,22800,36600,0,0.06423871,0
train,7,data_7.csv,normal,7_39_62,24,39,62,23400,37200,0,0.092837185,0
train,7,data_7.csv,normal,7_40_63,24,40,63,24000,37800,0,0.1358848,1
train,7,data_7.csv,normal,7_41_64,24,41,64,24600,38400,0,0.20572676,1
train,7,data_7.csv,normal,7_42_65,24,42,65,25200,39000,0,0.32334825,1
train,7,data_7.csv,normal,7_43_66,24,43,66,25800,39600,0,0.38336647,1
train,7,data_7.csv,normal,7_44_67,24,44,67,26400,40200,0,0.4574048,1
train,7,data_7.csv,normal,7_45_68,24,45,68,27000,40800,0,0.42595872,1
train,7,data_7.csv,normal,7_46_69,24,46,69,27600,41400,0,0.4653898,1
train,7,data_7.csv,normal,7_47_70,24,47,70,28200,42000,0,0.4488581,1
train,7,data_7.csv,normal,7_48_71,24,48,71,28800,42600,0,0.4316673,1
train,7,data_7.csv,normal,7_49_72,24,49,72,29400,43200,0,0.4824222,1
train,7,data_7.csv,normal,7_50_73,24,50,73,30000,43800,0,0.49015176,1
train,7,data_7.csv,normal,7_51_74,24,51,74,30600,44400,0,0.51788145,1
train,7,data_7.csv,normal,7_52_75,24,52,75,31200,45000,0,0.53307736,1
train,7,data_7.csv,normal,7_53_76,24,53,76,31800,45600,0,0.54653513,1
train,7,data_7.csv,normal,7_54_77,24,54,77,32400,46200,0,0.55296165,1
train,7,data_7.csv,normal,7_55_78,24,55,78,33000,46800,0,0.4208993,1
train,7,data_7.csv,normal,7_56_79,24,56,79,33600,47400,0,0.31324598,1
train,7,data_7.csv,normal,7_57_80,24,57,80,34200,48000,0,0.17207551,1
train,7,data_7.csv,normal,7_58_81,24,58,81,34800,48600,0,0.15658872,1
train,7,data_7.csv,normal,7_59_82,24,59,82,35400,49200,0,0.124201484,1
train,7,data_7.csv,normal,7_60_83,24,60,83,36000,49800,0,0.1361311,1
train,7,data_7.csv,normal,7_61_84,24,61,84,36600,50400,0,0.08510992,0
train,7,data_7.csv,normal,7_62_85,24,62,85,37200,51000,0,0.08681567,0
train,7,data_7.csv,normal,7_63_86,24,63,86,37800,51600,0,0.09794396,0
train,7,data_7.csv,normal,7_64_87,24,64,87,38400,52200,0,0.10534429,1
train,7,data_7.csv,normal,7_65_88,24,65,88,39000,52800,0,0.18342543,1
train,7,data_7.csv,normal,7_66_89,24,66,89,39600,53400,0,0.38826585,1
train,7,data_7.csv,normal,7_67_90,24,67,90,40200,54000,0,0.27258313,1
train,7,data_7.csv,normal,7_68_91,24,68,91,40800,54600,0,0.20683952,1
train,7,data_7.csv,normal,7_69_92,24,69,92,41400,55200,0,0.30548495,1
train,7,data_7.csv,normal,7_70_93,24,70,93,42000,55800,0,0.353447,1
train,7,data_7.csv,normal,7_71_94,24,71,94,42600,56400,0,0.49926484,1
train,7,data_7.csv,normal,7_72_95,24,72,95,43200,57000,0,0.65757024,1
train,7,data_7.csv,normal,7_73_96,24,73,96,43800,57600,0,0.59065145,1
train,7,data_7.csv,normal,7_74_97,24,74,97,44400,58200,0,0.5028955,1
train,7,data_7.csv,normal,7_75_98,24,75,98,45000,58800,0,0.49997437,1
train,7,data_7.csv,normal,7_76_99,24,76,99,45600,59400,0,0.4592634,1
train,7,data_7.csv,normal,7_77_100,24,77,100,46200,60000,0,0.41504794,1
train,7,data_7.csv,normal,7_78_101,24,78,101,46800,60600,0,0.2971455,1
train,7,data_7.csv,normal,7_79_102,24,79,102,47400,61200,0,0.27222824,1
train,7,data_7.csv,normal,7_80_103,24,80,103,48000,61800,0,0.19889036,1
train,7,data_7.csv,normal,7_81_104,24,81,104,48600,62400,0,0.17536472,1
train,7,data_7.csv,normal,7_82_105,24,82,105,49200,63000,0,0.13933945,1
train,7,data_7.csv,normal,7_83_106,24,83,106,49800,63600,0,0.15235645,1
train,7,data_7.csv,normal,7_84_107,24,84,107,50400,64200,0,0.13533947,1
train,7,data_7.csv,normal,7_85_108,24,85,108,51000,64800,0,0.1403825,1
train,7,data_7.csv,normal,7_86_109,24,86,109,51600,65400,0,0.14383197,1
train,7,data_7.csv,normal,7_87_110,24,87,110,52200,66000,0,0.17715979,1
train,7,data_7.csv,normal,7_88_111,24,88,111,52800,66600,0,0.22123952,1
train,7,data_7.csv,normal,7_89_112,24,89,112,53400,67200,0,0.2909426,1
train,7,data_7.csv,normal,7_90_113,24,90,113,54000,67800,0,0.328288,1
train,7,data_7.csv,normal,7_91_114,24,91,114,54600,68400,0,0.38522455,1
train,7,data_7.csv,normal,7_92_115,24,92,115,55200,69000,0,0.43115124,1
train,7,data_7.csv,normal,7_93_116,24,93,116,55800,69600,0,0.44631374,1
train,7,data_7.csv,normal,7_94_117,24,94,117,56400,70200,0,0.46596295,1
train,7,data_7.csv,normal,7_95_118,24,95,118,57000,70800,0,0.48557797,1
train,7,data_7.csv,normal,7_96_119,24,96,119,57600,71400,0,0.46780717,1
train,7,data_7.csv,normal,7_97_120,24,97,120,58200,72000,0,0.4429631,1
train,7,data_7.csv,normal,7_98_121,24,98,121,58800,72600,0,0.39473808,1
train,7,data_7.csv,normal,7_99_122,24,99,122,59400,73200,0,0.32684034,1
train,7,data_7.csv,normal,7_100_123,24,100,123,60000,73800,0,0.28991988,1
train,7,data_7.csv,normal,7_101_124,24,101,124,60600,74400,0,0.20300464,1
train,7,data_7.csv,normal,7_102_125,24,102,125,61200,75000,0,0.15146594,1
train,7,data_7.csv,normal,7_103_126,24,103,126,61800,75600,0,0.052506536,0
train,7,data_7.csv,normal,7_104_127,24,104,127,62400,76200,0,0.017026361,0
train,7,data_7.csv,normal,7_105_128,24,105,128,63000,76800,0,0.007978769,0
train,7,data_7.csv,normal,7_106_129,24,106,129,63600,77400,0,0.004881267,0
train,7,data_7.csv,normal,7_107_130,24,107,130,64200,78000,0,0.0031542717,0
train,7,data_7.csv,normal,7_108_131,24,108,131,64800,78600,0,0.0033052017,0
train,7,data_7.csv,normal,7_109_132,24,109,132,65400,79200,0,0.0020666677,0
train,7,data_7.csv,normal,7_110_133,24,110,133,66000,79800,0,0.0010098788,0
train,7,data_7.csv,normal,7_111_134,24,111,134,66600,80400,0,0.0011708891,0
train,7,data_7.csv,normal,7_112_135,24,112,135,67200,81000,0,0.0014212561,0
train,7,data_7.csv,normal,7_113_136,24,113,136,67800,81600,0,0.0067787087,0
train,7,data_7.csv,normal,7_114_137,24,114,137,68400,82200,0,0.02527924,0
train,7,data_7.csv,normal,7_115_138,24,115,138,69000,82800,0,0.014744386,0
train,7,data_7.csv,normal,7_116_139,24,116,139,69600,83400,0,0.009554245,0
train,7,data_7.csv,normal,7_117_140,24,117,140,70200,84000,0,0.012521444,0
train,7,data_7.csv,normal,7_118_141,24,118,141,70800,84600,0,0.01521089,0
train,7,data_7.csv,normal,7_119_142,24,119,142,71400,85200,0,0.027666364,0
train,7,data_7.csv,normal,7_120_143,24,120,143,72000,85800,0,0.041442245,0
train,7,data_7.csv,normal,7_121_144,24,121,144,72600,86400,0,0.04599609,0
train,8,data_8.csv,normal,8_0_23,24,0,23,0,13800,0,0.0029997274,0
train,8,data_8.csv,normal,8_1_24,24,1,24,600,14400,0,0.0029861035,0
train,8,data_8.csv,normal,8_2_25,24,2,25,1200,15000,0,0.0035354912,0
train,8,data_8.csv,normal,8_3_26,24,3,26,1800,15600,0,0.0038983354,0
train,8,data_8.csv,normal,8_4_27,24,4,27,2400,16200,0,0.003945497,0
train,8,data_8.csv,normal,8_5_28,24,5,28,3000,16800,0,0.0042028287,0
train,8,data_8.csv,normal,8_6_29,24,6,29,3600,17400,0,0.004920799,0
train,8,data_8.csv,normal,8_7_30,24,7,30,4200,18000,0,0.005699532,0
train,8,data_8.csv,normal,8_8_31,24,8,31,4800,18600,0,0.008481693,0
train,8,data_8.csv,normal,8_9_32,24,9,32,5400,19200,0,0.009886253,0
train,8,data_8.csv,normal,8_10_33,24,10,33,6000,19800,0,0.009369047,0
train,8,data_8.csv,normal,8_11_34,24,11,34,6600,20400,0,0.009803233,0
train,8,data_8.csv,normal,8_12_35,24,12,35,7200,21000,0,0.011411161,0
train,8,data_8.csv,normal,8_13_36,24,13,36,7800,21600,0,0.012196443,0
train,8,data_8.csv,normal,8_14_37,24,14,37,8400,22200,0,0.017527029,0
train,8,data_8.csv,normal,8_15_38,24,15,38,9000,22800,0,0.017516023,0
train,8,data_8.csv,normal,8_16_39,24,16,39,9600,23400,0,0.014177097,0
train,8,data_8.csv,normal,8_17_40,24,17,40,10200,24000,0,0.012988871,0
train,8,data_8.csv,normal,8_18_41,24,18,41,10800,24600,0,0.013997742,0
train,8,data_8.csv,normal,8_19_42,24,19,42,11400,25200,0,0.012057301,0
train,8,data_8.csv,normal,8_20_43,24,20,43,12000,25800,0,0.013058666,0
train,8,data_8.csv,normal,8_21_44,24,21,44,12600,26400,0,0.011848882,0
train,8,data_8.csv,normal,8_22_45,24,22,45,13200,27000,0,0.010131,0
train,8,data_8.csv,normal,8_23_46,24,23,46,13800,27600,0,0.008825421,0
train,8,data_8.csv,normal,8_24_47,24,24,47,14400,28200,0,0.009459727,0
train,8,data_8.csv,normal,8_25_48,24,25,48,15000,28800,0,0.008277018,0
train,8,data_8.csv,normal,8_26_49,24,26,49,15600,29400,0,0.009627958,0
train,8,data_8.csv,normal,8_27_50,24,27,50,16200,30000,0,0.012653394,0
train,8,data_8.csv,normal,8_28_51,24,28,51,16800,30600,0,0.016505891,0
train,8,data_8.csv,normal,8_29_52,24,29,52,17400,31200,0,0.022401478,0
train,8,data_8.csv,normal,8_30_53,24,30,53,18000,31800,0,0.040944826,0
train,8,data_8.csv,normal,8_31_54,24,31,54,18600,32400,0,0.0392446,0
train,8,data_8.csv,normal,8_32_55,24,32,55,19200,33000,0,0.05274912,0
train,8,data_8.csv,normal,8_33_56,24,33,56,19800,33600,0,0.08196034,0
train,8,data_8.csv,normal,8_34_57,24,34,57,20400,34200,0,0.124128,1
train,8,data_8.csv,normal,8_35_58,24,35,58,21000,34800,0,0.20192163,1
train,8,data_8.csv,normal,8_36_59,24,36,59,21600,35400,0,0.3537997,1
train,8,data_8.csv,normal,8_37_60,24,37,60,22200,36000,0,0.38815922,1
train,8,data_8.csv,normal,8_38_61,24,38,61,22800,36600,0,0.44678947,1
train,8,data_8.csv,normal,8_39_62,24,39,62,23400,37200,0,0.43132377,1
train,8,data_8.csv,normal,8_40_63,24,40,63,24000,37800,0,0.4734124,1
train,8,data_8.csv,normal,8_41_64,24,41,64,24600,38400,0,0.46994728,1
train,8,data_8.csv,normal,8_42_65,24,42,65,25200,39000,0,0.46596014,1
train,8,data_8.csv,normal,8_43_66,24,43,66,25800,39600,0,0.47449964,1
train,8,data_8.csv,normal,8_44_67,24,44,67,26400,40200,0,0.469496,1
train,8,data_8.csv,normal,8_45_68,24,45,68,27000,40800,0,0.4527606,1
train,8,data_8.csv,normal,8_46_69,24,46,69,27600,41400,0,0.45724583,1
train,8,data_8.csv,normal,8_47_70,24,47,70,28200,42000,0,0.44420138,1
train,8,data_8.csv,normal,8_48_71,24,48,71,28800,42600,0,0.4267584,1
train,8,data_8.csv,normal,8_49_72,24,49,72,29400,43200,0,0.41841474,1
train,8,data_8.csv,normal,8_50_73,24,50,73,30000,43800,0,0.3892682,1
train,8,data_8.csv,normal,8_51_74,24,51,74,30600,44400,0,0.35313052,1
train,8,data_8.csv,normal,8_52_75,24,52,75,31200,45000,0,0.35361156,1
train,8,data_8.csv,normal,8_53_76,24,53,76,31800,45600,0,0.32891086,1
train,8,data_8.csv,normal,8_54_77,24,54,77,32400,46200,0,0.30323932,1
train,8,data_8.csv,normal,8_55_78,24,55,78,33000,46800,0,0.27018952,1
train,8,data_8.csv,normal,8_56_79,24,56,79,33600,47400,0,0.27235708,1
train,8,data_8.csv,normal,8_57_80,24,57,80,34200,48000,0,0.2480443,1
train,8,data_8.csv,normal,8_58_81,24,58,81,34800,48600,0,0.24611941,1
train,8,data_8.csv,normal,8_59_82,24,59,82,35400,49200,0,0.22692005,1
train,8,data_8.csv,normal,8_60_83,24,60,83,36000,49800,0,0.22037503,1
train,8,data_8.csv,normal,8_61_84,24,61,84,36600,50400,0,0.20349479,1
train,8,data_8.csv,normal,8_62_85,24,62,85,37200,51000,0,0.19851634,1
train,8,data_8.csv,normal,8_63_86,24,63,86,37800,51600,0,0.18331364,1
train,8,data_8.csv,normal,8_64_87,24,64,87,38400,52200,0,0.18586317,1
train,8,data_8.csv,normal,8_65_88,24,65,88,39000,52800,0,0.1780029,1
train,8,data_8.csv,normal,8_66_89,24,66,89,39600,53400,0,0.2005554,1
train,8,data_8.csv,normal,8_67_90,24,67,90,40200,54000,0,0.18334799,1
train,8,data_8.csv,normal,8_68_91,24,68,91,40800,54600,0,0.17847878,1
train,8,data_8.csv,normal,8_69_92,24,69,92,41400,55200,0,0.16981679,1
train,8,data_8.csv,normal,8_70_93,24,70,93,42000,55800,0,0.16964011,1
train,8,data_8.csv,normal,8_71_94,24,71,94,42600,56400,0,0.1763161,1
train,8,data_8.csv,normal,8_72_95,24,72,95,43200,57000,0,0.19558902,1
train,8,data_8.csv,normal,8_73_96,24,73,96,43800,57600,0,0.17186078,1
train,8,data_8.csv,normal,8_74_97,24,74,97,44400,58200,0,0.15840726,1
train,8,data_8.csv,normal,8_75_98,24,75,98,45000,58800,0,0.16932683,1
train,8,data_8.csv,normal,8_76_99,24,76,99,45600,59400,0,0.17363113,1
train,8,data_8.csv,normal,8_77_100,24,77,100,46200,60000,0,0.2022845,1
train,8,data_8.csv,normal,8_78_101,24,78,101,46800,60600,0,0.22882147,1
train,8,data_8.csv,normal,8_79_102,24,79,102,47400,61200,0,0.21610698,1
train,8,data_8.csv,normal,8_80_103,24,80,103,48000,61800,0,0.18814501,1
train,8,data_8.csv,normal,8_81_104,24,81,104,48600,62400,0,0.18742411,1
train,8,data_8.csv,normal,8_82_105,24,82,105,49200,63000,0,0.17637338,1
train,8,data_8.csv,normal,8_83_106,24,83,106,49800,63600,0,0.18658225,1
train,8,data_8.csv,normal,8_84_107,24,84,107,50400,64200,0,0.17376357,1
train,8,data_8.csv,normal,8_85_108,24,85,108,51000,64800,0,0.17628036,1
train,8,data_8.csv,normal,8_86_109,24,86,109,51600,65400,0,0.16569601,1
train,8,data_8.csv,normal,8_87_110,24,87,110,52200,66000,0,0.17637469,1
train,8,data_8.csv,normal,8_88_111,24,88,111,52800,66600,0,0.18346715,1
train,8,data_8.csv,normal,8_89_112,24,89,112,53400,67200,0,0.20238517,1
train,8,data_8.csv,normal,8_90_113,24,90,113,54000,67800,0,0.21722952,1
train,8,data_8.csv,normal,8_91_114,24,91,114,54600,68400,0,0.23989436,1
train,8,data_8.csv,normal,8_92_115,24,92,115,55200,69000,0,0.2557223,1
train,8,data_8.csv,normal,8_93_116,24,93,116,55800,69600,0,0.27516994,1
train,8,data_8.csv,normal,8_94_117,24,94,117,56400,70200,0,0.28913274,1
train,8,data_8.csv,normal,8_95_118,24,95,118,57000,70800,0,0.29923004,1
train,8,data_8.csv,normal,8_96_119,24,96,119,57600,71400,0,0.2880865,1
train,8,data_8.csv,normal,8_97_120,24,97,120,58200,72000,0,0.28148714,1
train,8,data_8.csv,normal,8_98_121,24,98,121,58800,72600,0,0.26851633,1
train,8,data_8.csv,normal,8_99_122,24,99,122,59400,73200,0,0.25074887,1
train,8,data_8.csv,normal,8_100_123,24,100,123,60000,73800,0,0.23841546,1
train,8,data_8.csv,normal,8_101_124,24,101,124,60600,74400,0,0.23124239,1
train,8,data_8.csv,normal,8_102_125,24,102,125,61200,75000,0,0.20097685,1
train,8,data_8.csv,normal,8_103_126,24,103,126,61800,75600,0,0.15713222,1
train,8,data_8.csv,normal,8_104_127,24,104,127,62400,76200,0,0.11925271,1
train,8,data_8.csv,normal,8_105_128,24,105,128,63000,76800,0,0.09333947,0
train,8,data_8.csv,normal,8_106_129,24,106,129,63600,77400,0,0.07551562,0
train,8,data_8.csv,normal,8_107_130,24,107,130,64200,78000,0,0.0660244,0
train,8,data_8.csv,normal,8_108_131,24,108,131,64800,78600,0,0.06296115,0
train,8,data_8.csv,normal,8_109_132,24,109,132,65400,79200,0,0.048890427,0
train,8,data_8.csv,normal,8_110_133,24,110,133,66000,79800,0,0.024335409,0
train,8,data_8.csv,normal,8_111_134,24,111,134,66600,80400,0,0.018918505,0
train,8,data_8.csv,normal,8_112_135,24,112,135,67200,81000,0,0.015894983,0
train,8,data_8.csv,normal,8_113_136,24,113,136,67800,81600,0,0.02280742,0
train,8,data_8.csv,normal,8_114_137,24,114,137,68400,82200,0,0.028529022,0
train,8,data_8.csv,normal,8_115_138,24,115,138,69000,82800,0,0.016510267,0
train,8,data_8.csv,normal,8_116_139,24,116,139,69600,83400,0,0.0052497396,0
train,8,data_8.csv,normal,8_117_140,24,117,140,70200,84000,0,0.0049869977,0
train,8,data_8.csv,normal,8_118_141,24,118,141,70800,84600,0,0.0037216998,0
train,8,data_8.csv,normal,8_119_142,24,119,142,71400,85200,0,0.0070308885,0
train,8,data_8.csv,normal,8_120_143,24,120,143,72000,85800,0,0.00807358,0
train,8,data_8.csv,normal,8_121_144,24,121,144,72600,86400,0,0.007933377,0
train,12,data_12.csv,persistent_leak,12_0_23,24,0,23,0,13800,1,0.49353835,1
train,12,data_12.csv,persistent_leak,12_1_24,24,1,24,600,14400,1,0.50117373,1
train,12,data_12.csv,persistent_leak,12_2_25,24,2,25,1200,15000,1,0.50583273,1
train,12,data_12.csv,persistent_leak,12_3_26,24,3,26,1800,15600,1,0.5063023,1
train,12,data_12.csv,persistent_leak,12_4_27,24,4,27,2400,16200,1,0.5063023,1
train,12,data_12.csv,persistent_leak,12_5_28,24,5,28,3000,16800,1,0.5062364,1
train,12,data_12.csv,persistent_leak,12_6_29,24,6,29,3600,17400,1,0.5053133,1
train,12,data_12.csv,persistent_leak,12_7_30,24,7,30,4200,18000,1,0.5063023,1
train,12,data_12.csv,persistent_leak,12_8_31,24,8,31,4800,18600,1,0.5063023,1
train,12,data_12.csv,persistent_leak,12_9_32,24,9,32,5400,19200,1,0.5063023,1
train,12,data_12.csv,persistent_leak,12_10_33,24,10,33,6000,19800,1,0.5063023,1
train,12,data_12.csv,persistent_leak,12_11_34,24,11,34,6600,20400,1,0.5063023,1
train,12,data_12.csv,persistent_leak,12_12_35,24,12,35,7200,21000,1,0.5063023,1
train,12,data_12.csv,persistent_leak,12_13_36,24,13,36,7800,21600,1,0.5063023,1
train,12,data_12.csv,persistent_leak,12_14_37,24,14,37,8400,22200,1,0.5063023,1
train,12,data_12.csv,persistent_leak,12_15_38,24,15,38,9000,22800,1,0.5063023,1
train,12,data_12.csv,persistent_leak,12_16_39,24,16,39,9600,23400,1,0.5063023,1
train,12,data_12.csv,persistent_leak,12_17_40,24,17,40,10200,24000,1,0.5060825,1
train,12,data_12.csv,persistent_leak,12_18_41,24,18,41,10800,24600,1,0.504667,1
train,12,data_12.csv,persistent_leak,12_19_42,24,19,42,11400,25200,1,0.5045192,1
train,12,data_12.csv,persistent_leak,12_20_43,24,20,43,12000,25800,1,0.49855497,1
train,12,data_12.csv,persistent_leak,12_21_44,24,21,44,12600,26400,1,0.47884303,1
train,12,data_12.csv,persistent_leak,12_22_45,24,22,45,13200,27000,1,0.4736887,1
train,12,data_12.csv,persistent_leak,12_23_46,24,23,46,13800,27600,1,0.46044853,1
train,12,data_12.csv,persistent_leak,12_24_47,24,24,47,14400,28200,1,0.39483318,1
train,12,data_12.csv,persistent_leak,12_25_48,24,25,48,15000,28800,1,0.3637012,1
train,12,data_12.csv,persistent_leak,12_26_49,24,26,49,15600,29400,1,0.3369136,1
train,12,data_12.csv,persistent_leak,12_27_50,24,27,50,16200,30000,1,0.26748437,1
train,12,data_12.csv,persistent_leak,12_28_51,24,28,51,16800,30600,1,0.30150184,1
train,12,data_12.csv,persistent_leak,12_29_52,24,29,52,17400,31200,1,0.25653028,1
train,12,data_12.csv,persistent_leak,12_30_53,24,30,53,18000,31800,1,0.2523564,1
train,12,data_12.csv,persistent_leak,12_31_54,24,31,54,18600,32400,1,0.25889134,1
train,12,data_12.csv,persistent_leak,12_32_55,24,32,55,19200,33000,1,0.29550338,1
train,12,data_12.csv,persistent_leak,12_33_56,24,33,56,19800,33600,1,0.27895862,1
train,12,data_12.csv,persistent_leak,12_34_57,24,34,57,20400,34200,1,0.27829587,1
train,12,data_12.csv,persistent_leak,12_35_58,24,35,58,21000,34800,1,0.2711577,1
train,12,data_12.csv,persistent_leak,12_36_59,24,36,59,21600,35400,1,0.2861684,1
train,12,data_12.csv,persistent_leak,12_37_60,24,37,60,22200,36000,1,0.552648,1
train,12,data_12.csv,persistent_leak,12_38_61,24,38,61,22800,36600,1,0.6561226,1
train,12,data_12.csv,persistent_leak,12_39_62,24,39,62,23400,37200,1,0.7229345,1
train,12,data_12.csv,persistent_leak,12_40_63,24,40,63,24000,37800,1,0.76616913,1
train,12,data_12.csv,persistent_leak,12_41_64,24,41,64,24600,38400,1,0.8116623,1
train,12,data_12.csv,persistent_leak,12_42_65,24,42,65,25200,39000,1,0.8480849,1
train,12,data_12.csv,persistent_leak,12_43_66,24,43,66,25800,39600,1,0.90206873,1
train,12,data_12.csv,persistent_leak,12_44_67,24,44,67,26400,40200,1,0.9251548,1
train,12,data_12.csv,persistent_leak,12_45_68,24,45,68,27000,40800,1,0.9321151,1
train,12,data_12.csv,persistent_leak,12_46_69,24,46,69,27600,41400,1,0.9313873,1
train,12,data_12.csv,persistent_leak,12_47_70,24,47,70,28200,42000,1,0.93053496,1
train,12,data_12.csv,persistent_leak,12_48_71,24,48,71,28800,42600,1,0.928405,1
train,12,data_12.csv,persistent_leak,12_49_72,24,49,72,29400,43200,1,0.9195329,1
train,12,data_12.csv,persistent_leak,12_50_73,24,50,73,30000,43800,1,0.91367644,1
train,12,data_12.csv,persistent_leak,12_51_74,24,51,74,30600,44400,1,0.90164244,1
train,12,data_12.csv,persistent_leak,12_52_75,24,52,75,31200,45000,1,0.8671859,1
train,12,data_12.csv,persistent_leak,12_53_76,24,53,76,31800,45600,1,0.847972,1
train,12,data_12.csv,persistent_leak,12_54_77,24,54,77,32400,46200,1,0.8334682,1
train,12,data_12.csv,persistent_leak,12_55_78,24,55,78,33000,46800,1,0.80762386,1
train,12,data_12.csv,persistent_leak,12_56_79,24,56,79,33600,47400,1,0.7804889,1
train,12,data_12.csv,persistent_leak,12_57_80,24,57,80,34200,48000,1,0.75863844,1
train,12,data_12.csv,persistent_leak,12_58_81,24,58,81,34800,48600,1,0.7318979,1
train,12,data_12.csv,persistent_leak,12_59_82,24,59,82,35400,49200,1,0.7692448,1
train,12,data_12.csv,persistent_leak,12_60_83,24,60,83,36000,49800,1,0.8123325,1
train,12,data_12.csv,persistent_leak,12_61_84,24,61,84,36600,50400,1,0.8116088,1
train,12,data_12.csv,persistent_leak,12_62_85,24,62,85,37200,51000,1,0.82070005,1
train,12,data_12.csv,persistent_leak,12_63_86,24,63,86,37800,51600,1,0.83431625,1
train,12,data_12.csv,persistent_leak,12_64_87,24,64,87,38400,52200,1,0.848712,1
train,12,data_12.csv,persistent_leak,12_65_88,24,65,88,39000,52800,1,0.8754326,1
train,12,data_12.csv,persistent_leak,12_66_89,24,66,89,39600,53400,1,0.90251625,1
train,12,data_12.csv,persistent_leak,12_67_90,24,67,90,40200,54000,1,0.9030282,1
train,12,data_12.csv,persistent_leak,12_68_91,24,68,91,40800,54600,1,0.8984132,1
train,12,data_12.csv,persistent_leak,12_69_92,24,69,92,41400,55200,1,0.89547706,1
train,12,data_12.csv,persistent_leak,12_70_93,24,70,93,42000,55800,1,0.89206004,1
train,12,data_12.csv,persistent_leak,12_71_94,24,71,94,42600,56400,1,0.8879088,1
train,12,data_12.csv,persistent_leak,12_72_95,24,72,95,43200,57000,1,0.88085616,1
train,12,data_12.csv,persistent_leak,12_73_96,24,73,96,43800,57600,1,0.879759,1
train,12,data_12.csv,persistent_leak,12_74_97,24,74,97,44400,58200,1,0.8693031,1
train,12,data_12.csv,persistent_leak,12_75_98,24,75,98,45000,58800,1,0.8544218,1
train,12,data_12.csv,persistent_leak,12_76_99,24,76,99,45600,59400,1,0.84743935,1
train,12,data_12.csv,persistent_leak,12_77_100,24,77,100,46200,60000,1,0.84014016,1
train,12,data_12.csv,persistent_leak,12_78_101,24,78,101,46800,60600,1,0.82295465,1
train,12,data_12.csv,persistent_leak,12_79_102,24,79,102,47400,61200,1,0.8515012,1
train,12,data_12.csv,persistent_leak,12_80_103,24,80,103,48000,61800,1,0.86185086,1
train,12,data_12.csv,persistent_leak,12_81_104,24,81,104,48600,62400,1,0.8648809,1
train,12,data_12.csv,persistent_leak,12_82_105,24,82,105,49200,63000,1,0.86745185,1
train,12,data_12.csv,persistent_leak,12_83_106,24,83,106,49800,63600,1,0.8698013,1
train,12,data_12.csv,persistent_leak,12_84_107,24,84,107,50400,64200,1,0.8708218,1
train,12,data_12.csv,persistent_leak,12_85_108,24,85,108,51000,64800,1,0.8968225,1
train,12,data_12.csv,persistent_leak,12_86_109,24,86,109,51600,65400,1,0.9099445,1
train,12,data_12.csv,persistent_leak,12_87_110,24,87,110,52200,66000,1,0.9146795,1
train,12,data_12.csv,persistent_leak,12_88_111,24,88,111,52800,66600,1,0.9159512,1
train,12,data_12.csv,persistent_leak,12_89_112,24,89,112,53400,67200,1,0.91853064,1
train,12,data_12.csv,persistent_leak,12_90_113,24,90,113,54000,67800,1,0.9237193,1
train,12,data_12.csv,persistent_leak,12_91_114,24,91,114,54600,68400,1,0.8740711,1
train,12,data_12.csv,persistent_leak,12_92_115,24,92,115,55200,69000,1,0.8468738,1
train,12,data_12.csv,persistent_leak,12_93_116,24,93,116,55800,69600,1,0.8379086,1
train,12,data_12.csv,persistent_leak,12_94_117,24,94,117,56400,70200,1,0.8446416,1
train,12,data_12.csv,persistent_leak,12_95_118,24,95,118,57000,70800,1,0.84365666,1
train,12,data_12.csv,persistent_leak,12_96_119,24,96,119,57600,71400,1,0.8537103,1
train,12,data_12.csv,persistent_leak,12_97_120,24,97,120,58200,72000,1,0.83643806,1
train,12,data_12.csv,persistent_leak,12_98_121,24,98,121,58800,72600,1,0.8375484,1
train,12,data_12.csv,persistent_leak,12_99_122,24,99,122,59400,73200,1,0.8702549,1
train,12,data_12.csv,persistent_leak,12_100_123,24,100,123,60000,73800,1,0.8909629,1
train,12,data_12.csv,persistent_leak,12_101_124,24,101,124,60600,74400,1,0.91938895,1
train,12,data_12.csv,persistent_leak,12_102_125,24,102,125,61200,75000,1,0.94014716,1
train,12,data_12.csv,persistent_leak,12_103_126,24,103,126,61800,75600,1,0.9456514,1
train,12,data_12.csv,persistent_leak,12_104_127,24,104,127,62400,76200,1,0.94963753,1
train,12,data_12.csv,persistent_leak,12_105_128,24,105,128,63000,76800,1,0.96118736,1
train,12,data_12.csv,persistent_leak,12_106_129,24,106,129,63600,77400,1,0.9667819,1
train,12,data_12.csv,persistent_leak,12_107_130,24,107,130,64200,78000,1,0.97604513,1
train,12,data_12.csv,persistent_leak,12_108_131,24,108,131,64800,78600,1,0.98221093,1
train,12,data_12.csv,persistent_leak,12_109_132,24,109,132,65400,79200,1,0.9793118,1
train,12,data_12.csv,persistent_leak,12_110_133,24,110,133,66000,79800,1,0.9738635,1
train,12,data_12.csv,persistent_leak,12_111_134,24,111,134,66600,80400,1,0.9742231,1
train,12,data_12.csv,persistent_leak,12_112_135,24,112,135,67200,81000,1,0.97313976,1
train,12,data_12.csv,persistent_leak,12_113_136,24,113,136,67800,81600,1,0.96158403,1
train,12,data_12.csv,persistent_leak,12_114_137,24,114,137,68400,82200,1,0.93432444,1
train,12,data_12.csv,persistent_leak,12_115_138,24,115,138,69000,82800,1,0.9000992,1
train,12,data_12.csv,persistent_leak,12_116_139,24,116,139,69600,83400,1,0.8266091,1
train,12,data_12.csv,persistent_leak,12_117_140,24,117,140,70200,84000,1,0.80710804,1
train,12,data_12.csv,persistent_leak,12_118_141,24,118,141,70800,84600,1,0.7276897,1
train,12,data_12.csv,persistent_leak,12_119_142,24,119,142,71400,85200,1,0.6291444,1
train,12,data_12.csv,persistent_leak,12_120_143,24,120,143,72000,85800,1,0.3451273,1
train,12,data_12.csv,persistent_leak,12_121_144,24,121,144,72600,86400,1,0.27986804,1
train,17,data_17.csv,onset_leak,17_0_23,24,0,23,0,13800,0,0.009846588,0
train,17,data_17.csv,onset_leak,17_1_24,24,1,24,600,14400,0,0.010223514,0
train,17,data_17.csv,onset_leak,17_2_25,24,2,25,1200,15000,0,0.010750882,0
train,17,data_17.csv,onset_leak,17_3_26,24,3,26,1800,15600,0,0.010141435,0
train,17,data_17.csv,onset_leak,17_4_27,24,4,27,2400,16200,0,0.009166478,0
train,17,data_17.csv,onset_leak,17_5_28,24,5,28,3000,16800,0,0.0081978915,0
train,17,data_17.csv,onset_leak,17_6_29,24,6,29,3600,17400,0,0.0071195136,0
train,17,data_17.csv,onset_leak,17_7_30,24,7,30,4200,18000,0,0.0074028247,0
train,17,data_17.csv,onset_leak,17_8_31,24,8,31,4800,18600,0,0.008366837,0
train,17,data_17.csv,onset_leak,17_9_32,24,9,32,5400,19200,0,0.008318724,0
train,17,data_17.csv,onset_leak,17_10_33,24,10,33,6000,19800,0,0.0076744035,0
train,17,data_17.csv,onset_leak,17_11_34,24,11,34,6600,20400,0,0.007232695,0
train,17,data_17.csv,onset_leak,17_12_35,24,12,35,7200,21000,0,0.0068643047,0
train,17,data_17.csv,onset_leak,17_13_36,24,13,36,7800,21600,0,0.007130615,0
train,17,data_17.csv,onset_leak,17_14_37,24,14,37,8400,22200,0,0.008616977,0
train,17,data_17.csv,onset_leak,17_15_38,24,15,38,9000,22800,0,0.00885383,0
train,17,data_17.csv,onset_leak,17_16_39,24,16,39,9600,23400,0,0.008185312,0
train,17,data_17.csv,onset_leak,17_17_40,24,17,40,10200,24000,0,0.007970715,0
train,17,data_17.csv,onset_leak,17_18_41,24,18,41,10800,24600,0,0.008039897,0
train,17,data_17.csv,onset_leak,17_19_42,24,19,42,11400,25200,0,0.008192574,0
train,17,data_17.csv,onset_leak,17_20_43,24,20,43,12000,25800,0,0.0098402435,0
train,17,data_17.csv,onset_leak,17_21_44,24,21,44,12600,26400,0,0.009921115,0
train,17,data_17.csv,onset_leak,17_22_45,24,22,45,13200,27000,0,0.009049374,0
train,17,data_17.csv,onset_leak,17_23_46,24,23,46,13800,27600,0,0.008635601,0
train,17,data_17.csv,onset_leak,17_24_47,24,24,47,14400,28200,0,0.009012329,0
train,17,data_17.csv,onset_leak,17_25_48,24,25,48,15000,28800,0,0.009706647,0
train,17,data_17.csv,onset_leak,17_26_49,24,26,49,15600,29400,0,0.013098618,0
train,17,data_17.csv,onset_leak,17_27_50,24,27,50,16200,30000,0,0.014272721,0
train,17,data_17.csv,onset_leak,17_28_51,24,28,51,16800,30600,0,0.013221502,0
train,17,data_17.csv,onset_leak,17_29_52,24,29,52,17400,31200,0,0.013155139,0
train,17,data_17.csv,onset_leak,17_30_53,24,30,53,18000,31800,0,0.014909487,0
train,17,data_17.csv,onset_leak,17_31_54,24,31,54,18600,32400,0,0.01948396,0
train,17,data_17.csv,onset_leak,17_32_55,24,32,55,19200,33000,0,0.03776251,0
train,17,data_17.csv,onset_leak,17_33_56,24,33,56,19800,33600,0,0.043740354,0
train,17,data_17.csv,onset_leak,17_34_57,24,34,57,20400,34200,0,0.03312997,0
train,17,data_17.csv,onset_leak,17_35_58,24,35,58,21000,34800,0,0.03327813,0
train,17,data_17.csv,onset_leak,17_36_59,24,36,59,21600,35400,0,0.037047144,0
train,17,data_17.csv,onset_leak,17_37_60,24,37,60,22200,36000,0,0.036615923,0
train,17,data_17.csv,onset_leak,17_38_61,24,38,61,22800,36600,0,0.038606808,0
train,17,data_17.csv,onset_leak,17_39_62,24,39,62,23400,37200,0,0.034073867,0
train,17,data_17.csv,onset_leak,17_40_63,24,40,63,24000,37800,0,0.01866755,0
train,17,data_17.csv,onset_leak,17_41_64,24,41,64,24600,38400,0,0.016360896,0
train,17,data_17.csv,onset_leak,17_42_65,24,42,65,25200,39000,0,0.016237896,0
train,17,data_17.csv,onset_leak,17_43_66,24,43,66,25800,39600,0,0.014952886,0
train,17,data_17.csv,onset_leak,17_44_67,24,44,67,26400,40200,0,0.011559146,0
train,17,data_17.csv,onset_leak,17_45_68,24,45,68,27000,40800,0,0.011866465,0
train,17,data_17.csv,onset_leak,17_46_69,24,46,69,27600,41400,0,0.008279726,0
train,17,data_17.csv,onset_leak,17_47_70,24,47,70,28200,42000,0,0.008192078,0
train,17,data_17.csv,onset_leak,17_48_71,24,48,71,28800,42600,0,0.012331924,0
train,17,data_17.csv,onset_leak,17_49_72,24,49,72,29400,43200,1,0.44185498,1
train,17,data_17.csv,onset_leak,17_50_73,24,50,73,30000,43800,1,0.9075621,1
train,17,data_17.csv,onset_leak,17_51_74,24,51,74,30600,44400,1,0.96179193,1
train,17,data_17.csv,onset_leak,17_52_75,24,52,75,31200,45000,1,0.96905833,1
train,17,data_17.csv,onset_leak,17_53_76,24,53,76,31800,45600,1,0.9901777,1
train,17,data_17.csv,onset_leak,17_54_77,24,54,77,32400,46200,1,0.9945463,1
train,17,data_17.csv,onset_leak,17_55_78,24,55,78,33000,46800,1,0.99614453,1
train,17,data_17.csv,onset_leak,17_56_79,24,56,79,33600,47400,1,0.99624336,1
train,17,data_17.csv,onset_leak,17_57_80,24,57,80,34200,48000,1,0.9958878,1
train,17,data_17.csv,onset_leak,17_58_81,24,58,81,34800,48600,1,0.9939586,1
train,17,data_17.csv,onset_leak,17_59_82,24,59,82,35400,49200,1,0.99514717,1
train,17,data_17.csv,onset_leak,17_60_83,24,60,83,36000,49800,1,0.99547774,1
train,17,data_17.csv,onset_leak,17_61_84,24,61,84,36600,50400,1,0.99591476,1
train,17,data_17.csv,onset_leak,17_62_85,24,62,85,37200,51000,1,0.9956993,1
train,17,data_17.csv,onset_leak,17_63_86,24,63,86,37800,51600,1,0.99461114,1
train,17,data_17.csv,onset_leak,17_64_87,24,64,87,38400,52200,1,0.9883531,1
train,17,data_17.csv,onset_leak,17_65_88,24,65,88,39000,52800,1,0.98365545,1
train,17,data_17.csv,onset_leak,17_66_89,24,66,89,39600,53400,1,0.9794032,1
train,17,data_17.csv,onset_leak,17_67_90,24,67,90,40200,54000,1,0.970689,1
train,17,data_17.csv,onset_leak,17_68_91,24,68,91,40800,54600,1,0.95524055,1
train,17,data_17.csv,onset_leak,17_69_92,24,69,92,41400,55200,1,0.9447687,1
train,17,data_17.csv,onset_leak,17_70_93,24,70,93,42000,55800,1,0.9328643,1
train,17,data_17.csv,onset_leak,17_71_94,24,71,94,42600,56400,1,0.9555622,1
train,17,data_17.csv,onset_leak,17_72_95,24,72,95,43200,57000,1,0.97087604,1
train,17,data_17.csv,onset_leak,17_73_96,24,73,96,43800,57600,1,0.96795166,1
train,17,data_17.csv,onset_leak,17_74_97,24,74,97,44400,58200,1,0.9680714,1
train,17,data_17.csv,onset_leak,17_75_98,24,75,98,45000,58800,1,0.97369903,1
train,17,data_17.csv,onset_leak,17_76_99,24,76,99,45600,59400,1,0.9759287,1
train,17,data_17.csv,onset_leak,17_77_100,24,77,100,46200,60000,1,0.97772187,1
train,17,data_17.csv,onset_leak,17_78_101,24,78,101,46800,60600,1,0.9804791,1
train,17,data_17.csv,onset_leak,17_79_102,24,79,102,47400,61200,1,0.9816627,1
train,17,data_17.csv,onset_leak,17_80_103,24,80,103,48000,61800,1,0.98162854,1
train,17,data_17.csv,onset_leak,17_81_104,24,81,104,48600,62400,1,0.98352075,1
train,17,data_17.csv,onset_leak,17_82_105,24,82,105,49200,63000,1,0.98384905,1
train,17,data_17.csv,onset_leak,17_83_106,24,83,106,49800,63600,1,0.9849909,1
train,17,data_17.csv,onset_leak,17_84_107,24,84,107,50400,64200,1,0.9861141,1
train,17,data_17.csv,onset_leak,17_85_108,24,85,108,51000,64800,1,0.98643285,1
train,17,data_17.csv,onset_leak,17_86_109,24,86,109,51600,65400,1,0.9840762,1
train,17,data_17.csv,onset_leak,17_87_110,24,87,110,52200,66000,1,0.98091274,1
train,17,data_17.csv,onset_leak,17_88_111,24,88,111,52800,66600,1,0.97821563,1
train,17,data_17.csv,onset_leak,17_89_112,24,89,112,53400,67200,1,0.9772216,1
train,17,data_17.csv,onset_leak,17_90_113,24,90,113,54000,67800,1,0.97444737,1
train,17,data_17.csv,onset_leak,17_91_114,24,91,114,54600,68400,1,0.9676779,1
train,17,data_17.csv,onset_leak,17_92_115,24,92,115,55200,69000,1,0.9608429,1
train,17,data_17.csv,onset_leak,17_93_116,24,93,116,55800,69600,1,0.9528755,1
train,17,data_17.csv,onset_leak,17_94_117,24,94,117,56400,70200,1,0.95131993,1
train,17,data_17.csv,onset_leak,17_95_118,24,95,118,57000,70800,1,0.93344957,1
train,17,data_17.csv,onset_leak,17_96_119,24,96,119,57600,71400,1,0.9120355,1
train,17,data_17.csv,onset_leak,17_97_120,24,97,120,58200,72000,1,0.902714,1
train,17,data_17.csv,onset_leak,17_98_121,24,98,121,58800,72600,1,0.90158284,1
train,17,data_17.csv,onset_leak,17_99_122,24,99,122,59400,73200,1,0.9050632,1
train,17,data_17.csv,onset_leak,17_100_123,24,100,123,60000,73800,1,0.90713036,1
train,17,data_17.csv,onset_leak,17_101_124,24,101,124,60600,74400,1,0.90135044,1
train,17,data_17.csv,onset_leak,17_102_125,24,102,125,61200,75000,1,0.905982,1
train,17,data_17.csv,onset_leak,17_103_126,24,103,126,61800,75600,1,0.9043981,1
train,17,data_17.csv,onset_leak,17_104_127,24,104,127,62400,76200,1,0.9134415,1
train,17,data_17.csv,onset_leak,17_105_128,24,105,128,63000,76800,1,0.9334802,1
train,17,data_17.csv,onset_leak,17_106_129,24,106,129,63600,77400,1,0.9436777,1
train,17,data_17.csv,onset_leak,17_107_130,24,107,130,64200,78000,1,0.9578629,1
train,17,data_17.csv,onset_leak,17_108_131,24,108,131,64800,78600,1,0.9685525,1
train,17,data_17.csv,onset_leak,17_109_132,24,109,132,65400,79200,1,0.96375626,1
train,17,data_17.csv,onset_leak,17_110_133,24,110,133,66000,79800,1,0.96248543,1
train,17,data_17.csv,onset_leak,17_111_134,24,111,134,66600,80400,1,0.96991134,1
train,17,data_17.csv,onset_leak,17_112_135,24,112,135,67200,81000,1,0.97357607,1
train,17,data_17.csv,onset_leak,17_113_136,24,113,136,67800,81600,1,0.97369033,1
train,17,data_17.csv,onset_leak,17_114_137,24,114,137,68400,82200,1,0.9724525,1
train,17,data_17.csv,onset_leak,17_115_138,24,115,138,69000,82800,1,0.96759206,1
train,17,data_17.csv,onset_leak,17_116_139,24,116,139,69600,83400,1,0.9422312,1
train,17,data_17.csv,onset_leak,17_117_140,24,117,140,70200,84000,1,0.9482383,1
train,17,data_17.csv,onset_leak,17_118_141,24,118,141,70800,84600,1,0.9206701,1
train,17,data_17.csv,onset_leak,17_119_142,24,119,142,71400,85200,1,0.9090911,1
train,17,data_17.csv,onset_leak,17_120_143,24,120,143,72000,85800,1,0.80712044,1
train,17,data_17.csv,onset_leak,17_121_144,24,121,144,72600,86400,1,0.69114095,1
train,18,data_18.csv,onset_leak,18_0_23,24,0,23,0,13800,0,0.008979647,0
train,18,data_18.csv,onset_leak,18_1_24,24,1,24,600,14400,0,0.009135452,0
train,18,data_18.csv,onset_leak,18_2_25,24,2,25,1200,15000,0,0.01057417,0
train,18,data_18.csv,onset_leak,18_3_26,24,3,26,1800,15600,0,0.011139911,0
train,18,data_18.csv,onset_leak,18_4_27,24,4,27,2400,16200,0,0.010930702,0
train,18,data_18.csv,onset_leak,18_5_28,24,5,28,3000,16800,0,0.011251455,0
train,18,data_18.csv,onset_leak,18_6_29,24,6,29,3600,17400,0,0.01219704,0
train,18,data_18.csv,onset_leak,18_7_30,24,7,30,4200,18000,0,0.013085679,0
train,18,data_18.csv,onset_leak,18_8_31,24,8,31,4800,18600,0,0.017121028,0
train,18,data_18.csv,onset_leak,18_9_32,24,9,32,5400,19200,0,0.019012228,0
train,18,data_18.csv,onset_leak,18_10_33,24,10,33,6000,19800,0,0.01798776,0
train,18,data_18.csv,onset_leak,18_11_34,24,11,34,6600,20400,0,0.018082432,0
train,18,data_18.csv,onset_leak,18_12_35,24,12,35,7200,21000,0,0.019612182,0
train,18,data_18.csv,onset_leak,18_13_36,24,13,36,7800,21600,0,0.020526685,0
train,18,data_18.csv,onset_leak,18_14_37,24,14,37,8400,22200,0,0.02629506,0
train,18,data_18.csv,onset_leak,18_15_38,24,15,38,9000,22800,0,0.026580194,0
train,18,data_18.csv,onset_leak,18_16_39,24,16,39,9600,23400,0,0.023299519,0
train,18,data_18.csv,onset_leak,18_17_40,24,17,40,10200,24000,0,0.022200918,0
train,18,data_18.csv,onset_leak,18_18_41,24,18,41,10800,24600,0,0.023678446,0
train,18,data_18.csv,onset_leak,18_19_42,24,19,42,11400,25200,0,0.021766217,0
train,18,data_18.csv,onset_leak,18_20_43,24,20,43,12000,25800,0,0.023848861,0
train,18,data_18.csv,onset_leak,18_21_44,24,21,44,12600,26400,0,0.023183899,0
train,18,data_18.csv,onset_leak,18_22_45,24,22,45,13200,27000,0,0.021439673,0
train,18,data_18.csv,onset_leak,18_23_46,24,23,46,13800,27600,0,0.020417955,0
train,18,data_18.csv,onset_leak,18_24_47,24,24,47,14400,28200,0,0.022865996,0
train,18,data_18.csv,onset_leak,18_25_48,24,25,48,15000,28800,0,0.021060929,0
train,18,data_18.csv,onset_leak,18_26_49,24,26,49,15600,29400,0,0.023615781,0
train,18,data_18.csv,onset_leak,18_27_50,24,27,50,16200,30000,0,0.028347323,0
train,18,data_18.csv,onset_leak,18_28_51,24,28,51,16800,30600,0,0.033241555,0
train,18,data_18.csv,onset_leak,18_29_52,24,29,52,17400,31200,0,0.040484328,0
train,18,data_18.csv,onset_leak,18_30_53,24,30,53,18000,31800,0,0.060623173,0
train,18,data_18.csv,onset_leak,18_31_54,24,31,54,18600,32400,0,0.07592784,0
train,18,data_18.csv,onset_leak,18_32_55,24,32,55,19200,33000,0,0.13386019,1
train,18,data_18.csv,onset_leak,18_33_56,24,33,56,19800,33600,0,0.19752355,1
train,18,data_18.csv,onset_leak,18_34_57,24,34,57,20400,34200,0,0.2260781,1
train,18,data_18.csv,onset_leak,18_35_58,24,35,58,21000,34800,0,0.29433128,1
train,18,data_18.csv,onset_leak,18_36_59,24,36,59,21600,35400,0,0.42461675,1
train,18,data_18.csv,onset_leak,18_37_60,24,37,60,22200,36000,0,0.43571508,1
train,18,data_18.csv,onset_leak,18_38_61,24,38,61,22800,36600,0,0.45838898,1
train,18,data_18.csv,onset_leak,18_39_62,24,39,62,23400,37200,0,0.45879105,1
train,18,data_18.csv,onset_leak,18_40_63,24,40,63,24000,37800,0,0.3707792,1
train,18,data_18.csv,onset_leak,18_41_64,24,41,64,24600,38400,0,0.36008093,1
train,18,data_18.csv,onset_leak,18_42_65,24,42,65,25200,39000,0,0.33971962,1
train,18,data_18.csv,onset_leak,18_43_66,24,43,66,25800,39600,0,0.32016107,1
train,18,data_18.csv,onset_leak,18_44_67,24,44,67,26400,40200,0,0.29835778,1
train,18,data_18.csv,onset_leak,18_45_68,24,45,68,27000,40800,0,0.26440158,1
train,18,data_18.csv,onset_leak,18_46_69,24,46,69,27600,41400,0,0.16137494,1
train,18,data_18.csv,onset_leak,18_47_70,24,47,70,28200,42000,0,0.153043,1
train,18,data_18.csv,onset_leak,18_48_71,24,48,71,28800,42600,0,0.1352285,1
train,18,data_18.csv,onset_leak,18_49_72,24,49,72,29400,43200,1,0.90464395,1
train,18,data_18.csv,onset_leak,18_50_73,24,50,73,30000,43800,1,0.97074497,1
train,18,data_18.csv,onset_leak,18_51_74,24,51,74,30600,44400,1,0.98238635,1
train,18,data_18.csv,onset_leak,18_52_75,24,52,75,31200,45000,1,0.9846735,1
train,18,data_18.csv,onset_leak,18_53_76,24,53,76,31800,45600,1,0.98925984,1
train,18,data_18.csv,onset_leak,18_54_77,24,54,77,32400,46200,1,0.992785,1
train,18,data_18.csv,onset_leak,18_55_78,24,55,78,33000,46800,1,0.9924516,1
train,18,data_18.csv,onset_leak,18_56_79,24,56,79,33600,47400,1,0.9923172,1
train,18,data_18.csv,onset_leak,18_57_80,24,57,80,34200,48000,1,0.99147594,1
train,18,data_18.csv,onset_leak,18_58_81,24,58,81,34800,48600,1,0.9883124,1
train,18,data_18.csv,onset_leak,18_59_82,24,59,82,35400,49200,1,0.98848444,1
train,18,data_18.csv,onset_leak,18_60_83,24,60,83,36000,49800,1,0.9882541,1
train,18,data_18.csv,onset_leak,18_61_84,24,61,84,36600,50400,1,0.9871443,1
train,18,data_18.csv,onset_leak,18_62_85,24,62,85,37200,51000,1,0.9861259,1
train,18,data_18.csv,onset_leak,18_63_86,24,63,86,37800,51600,1,0.97984356,1
train,18,data_18.csv,onset_leak,18_64_87,24,64,87,38400,52200,1,0.960569,1
train,18,data_18.csv,onset_leak,18_65_88,24,65,88,39000,52800,1,0.945822,1
train,18,data_18.csv,onset_leak,18_66_89,24,66,89,39600,53400,1,0.93732196,1
train,18,data_18.csv,onset_leak,18_67_90,24,67,90,40200,54000,1,0.93690246,1
train,18,data_18.csv,onset_leak,18_68_91,24,68,91,40800,54600,1,0.9189836,1
train,18,data_18.csv,onset_leak,18_69_92,24,69,92,41400,55200,1,0.9021219,1
train,18,data_18.csv,onset_leak,18_70_93,24,70,93,42000,55800,1,0.893504,1
train,18,data_18.csv,onset_leak,18_71_94,24,71,94,42600,56400,1,0.9386709,1
train,18,data_18.csv,onset_leak,18_72_95,24,72,95,43200,57000,1,0.9591284,1
train,18,data_18.csv,onset_leak,18_73_96,24,73,96,43800,57600,1,0.96208733,1
train,18,data_18.csv,onset_leak,18_74_97,24,74,97,44400,58200,1,0.9625583,1
train,18,data_18.csv,onset_leak,18_75_98,24,75,98,45000,58800,1,0.96193874,1
train,18,data_18.csv,onset_leak,18_76_99,24,76,99,45600,59400,1,0.9626741,1
train,18,data_18.csv,onset_leak,18_77_100,24,77,100,46200,60000,1,0.9630999,1
train,18,data_18.csv,onset_leak,18_78_101,24,78,101,46800,60600,1,0.96298283,1
train,18,data_18.csv,onset_leak,18_79_102,24,79,102,47400,61200,1,0.96539026,1
train,18,data_18.csv,onset_leak,18_80_103,24,80,103,48000,61800,1,0.9673045,1
train,18,data_18.csv,onset_leak,18_81_104,24,81,104,48600,62400,1,0.96758056,1
train,18,data_18.csv,onset_leak,18_82_105,24,82,105,49200,63000,1,0.96833134,1
train,18,data_18.csv,onset_leak,18_83_106,24,83,106,49800,63600,1,0.9677238,1
train,18,data_18.csv,onset_leak,18_84_107,24,84,107,50400,64200,1,0.9670545,1
train,18,data_18.csv,onset_leak,18_85_108,24,85,108,51000,64800,1,0.96510005,1
train,18,data_18.csv,onset_leak,18_86_109,24,86,109,51600,65400,1,0.9648426,1
train,18,data_18.csv,onset_leak,18_87_110,24,87,110,52200,66000,1,0.96429515,1
train,18,data_18.csv,onset_leak,18_88_111,24,88,111,52800,66600,1,0.9638401,1
train,18,data_18.csv,onset_leak,18_89_112,24,89,112,53400,67200,1,0.96268404,1
train,18,data_18.csv,onset_leak,18_90_113,24,90,113,54000,67800,1,0.9621518,1
train,18,data_18.csv,onset_leak,18_91_114,24,91,114,54600,68400,1,0.94150734,1
train,18,data_18.csv,onset_leak,18_92_115,24,92,115,55200,69000,1,0.9405581,1
train,18,data_18.csv,onset_leak,18_93_116,24,93,116,55800,69600,1,0.9482272,1
train,18,data_18.csv,onset_leak,18_94_117,24,94,117,56400,70200,1,0.95494646,1
train,18,data_18.csv,onset_leak,18_95_118,24,95,118,57000,70800,1,0.9579203,1
train,18,data_18.csv,onset_leak,18_96_119,24,96,119,57600,71400,1,0.9643049,1
train,18,data_18.csv,onset_leak,18_97_120,24,97,120,58200,72000,1,0.9632677,1
train,18,data_18.csv,onset_leak,18_98_121,24,98,121,58800,72600,1,0.9664187,1
train,18,data_18.csv,onset_leak,18_99_122,24,99,122,59400,73200,1,0.97703654,1
train,18,data_18.csv,onset_leak,18_100_123,24,100,123,60000,73800,1,0.98135126,1
train,18,data_18.csv,onset_leak,18_101_124,24,101,124,60600,74400,1,0.98506516,1
train,18,data_18.csv,onset_leak,18_102_125,24,102,125,61200,75000,1,0.9880123,1
train,18,data_18.csv,onset_leak,18_103_126,24,103,126,61800,75600,1,0.98850006,1
train,18,data_18.csv,onset_leak,18_104_127,24,104,127,62400,76200,1,0.9881741,1
train,18,data_18.csv,onset_leak,18_105_128,24,105,128,63000,76800,1,0.9908682,1
train,18,data_18.csv,onset_leak,18_106_129,24,106,129,63600,77400,1,0.9918242,1
train,18,data_18.csv,onset_leak,18_107_130,24,107,130,64200,78000,1,0.99315685,1
train,18,data_18.csv,onset_leak,18_108_131,24,108,131,64800,78600,1,0.99389136,1
train,18,data_18.csv,onset_leak,18_109_132,24,109,132,65400,79200,1,0.993016,1
train,18,data_18.csv,onset_leak,18_110_133,24,110,133,66000,79800,1,0.9903356,1
train,18,data_18.csv,onset_leak,18_111_134,24,111,134,66600,80400,1,0.9900747,1
train,18,data_18.csv,onset_leak,18_112_135,24,112,135,67200,81000,1,0.9891818,1
train,18,data_18.csv,onset_leak,18_113_136,24,113,136,67800,81600,1,0.9826796,1
train,18,data_18.csv,onset_leak,18_114_137,24,114,137,68400,82200,1,0.96506727,1
train,18,data_18.csv,onset_leak,18_115_138,24,115,138,69000,82800,1,0.94840544,1
train,18,data_18.csv,onset_leak,18_116_139,24,116,139,69600,83400,1,0.8963518,1
train,18,data_18.csv,onset_leak,18_117_140,24,117,140,70200,84000,1,0.88151985,1
train,18,data_18.csv,onset_leak,18_118_141,24,118,141,70800,84600,1,0.8188293,1
train,18,data_18.csv,onset_leak,18_119_142,24,119,142,71400,85200,1,0.7337384,1
train,18,data_18.csv,onset_leak,18_120_143,24,120,143,72000,85800,1,0.39977792,1
train,18,data_18.csv,onset_leak,18_121_144,24,121,144,72600,86400,1,0.28969347,1
train,20,data_20.csv,onset_leak,20_0_23,24,0,23,0,13800,0,0.015536303,0
train,20,data_20.csv,onset_leak,20_1_24,24,1,24,600,14400,0,0.017466413,0
train,20,data_20.csv,onset_leak,20_2_25,24,2,25,1200,15000,0,0.020873396,0
train,20,data_20.csv,onset_leak,20_3_26,24,3,26,1800,15600,0,0.018888606,0
train,20,data_20.csv,onset_leak,20_4_27,24,4,27,2400,16200,0,0.015088522,0
train,20,data_20.csv,onset_leak,20_5_28,24,5,28,3000,16800,0,0.011509593,0
train,20,data_20.csv,onset_leak,20_6_29,24,6,29,3600,17400,0,0.00815817,0
train,20,data_20.csv,onset_leak,20_7_30,24,7,30,4200,18000,0,0.008399249,0
train,20,data_20.csv,onset_leak,20_8_31,24,8,31,4800,18600,0,0.010575622,0
train,20,data_20.csv,onset_leak,20_9_32,24,9,32,5400,19200,0,0.010192969,0
train,20,data_20.csv,onset_leak,20_10_33,24,10,33,6000,19800,0,0.0085003,0
train,20,data_20.csv,onset_leak,20_11_34,24,11,34,6600,20400,0,0.0076057613,0
train,20,data_20.csv,onset_leak,20_12_35,24,12,35,7200,21000,0,0.007309598,0
train,20,data_20.csv,onset_leak,20_13_36,24,13,36,7800,21600,0,0.007266537,0
train,20,data_20.csv,onset_leak,20_14_37,24,14,37,8400,22200,0,0.008492986,0
train,20,data_20.csv,onset_leak,20_15_38,24,15,38,9000,22800,0,0.008127203,0
train,20,data_20.csv,onset_leak,20_16_39,24,16,39,9600,23400,0,0.007039126,0
train,20,data_20.csv,onset_leak,20_17_40,24,17,40,10200,24000,0,0.006126354,0
train,20,data_20.csv,onset_leak,20_18_41,24,18,41,10800,24600,0,0.005961713,0
train,20,data_20.csv,onset_leak,20_19_42,24,19,42,11400,25200,0,0.00656838,0
train,20,data_20.csv,onset_leak,20_20_43,24,20,43,12000,25800,0,0.009966175,0
train,20,data_20.csv,onset_leak,20_21_44,24,21,44,12600,26400,0,0.012179794,0
train,20,data_20.csv,onset_leak,20_22_45,24,22,45,13200,27000,0,0.012095485,0
train,20,data_20.csv,onset_leak,20_23_46,24,23,46,13800,27600,0,0.013381796,0
train,20,data_20.csv,onset_leak,20_24_47,24,24,47,14400,28200,0,0.01796678,0
train,20,data_20.csv,onset_leak,20_25_48,24,25,48,15000,28800,0,0.017956756,0
train,20,data_20.csv,onset_leak,20_26_49,24,26,49,15600,29400,0,0.02669305,0
train,20,data_20.csv,onset_leak,20_27_50,24,27,50,16200,30000,0,0.030036699,0
train,20,data_20.csv,onset_leak,20_28_51,24,28,51,16800,30600,0,0.027465584,0
train,20,data_20.csv,onset_leak,20_29_52,24,29,52,17400,31200,0,0.029558294,0
train,20,data_20.csv,onset_leak,20_30_53,24,30,53,18000,31800,0,0.040486734,0
train,20,data_20.csv,onset_leak,20_31_54,24,31,54,18600,32400,0,0.033213317,0
train,20,data_20.csv,onset_leak,20_32_55,24,32,55,19200,33000,0,0.036292158,0
train,20,data_20.csv,onset_leak,20_33_56,24,33,56,19800,33600,0,0.036275543,0
train,20,data_20.csv,onset_leak,20_34_57,24,34,57,20400,34200,0,0.035392508,0
train,20,data_20.csv,onset_leak,20_35_58,24,35,58,21000,34800,0,0.036198374,0
train,20,data_20.csv,onset_leak,20_36_59,24,36,59,21600,35400,0,0.048518054,0
train,20,data_20.csv,onset_leak,20_37_60,24,37,60,22200,36000,0,0.046605017,0
train,20,data_20.csv,onset_leak,20_38_61,24,38,61,22800,36600,0,0.066022165,0
train,20,data_20.csv,onset_leak,20_39_62,24,39,62,23400,37200,0,0.08813985,0
train,20,data_20.csv,onset_leak,20_40_63,24,40,63,24000,37800,0,0.12244181,1
train,20,data_20.csv,onset_leak,20_41_64,24,41,64,24600,38400,0,0.16188894,1
train,20,data_20.csv,onset_leak,20_42_65,24,42,65,25200,39000,0,0.22004679,1
train,20,data_20.csv,onset_leak,20_43_66,24,43,66,25800,39600,0,0.2706201,1
train,20,data_20.csv,onset_leak,20_44_67,24,44,67,26400,40200,0,0.33711234,1
train,20,data_20.csv,onset_leak,20_45_68,24,45,68,27000,40800,0,0.3212707,1
train,20,data_20.csv,onset_leak,20_46_69,24,46,69,27600,41400,0,0.36643395,1
train,20,data_20.csv,onset_leak,20_47_70,24,47,70,28200,42000,0,0.4283161,1
train,20,data_20.csv,onset_leak,20_48_71,24,48,71,28800,42600,0,0.49303824,1
train,20,data_20.csv,onset_leak,20_49_72,24,49,72,29400,43200,1,0.9737771,1
train,20,data_20.csv,onset_leak,20_50_73,24,50,73,30000,43800,1,0.99028313,1
train,20,data_20.csv,onset_leak,20_51_74,24,51,74,30600,44400,1,0.9946398,1
train,20,data_20.csv,onset_leak,20_52_75,24,52,75,31200,45000,1,0.9958662,1
train,20,data_20.csv,onset_leak,20_53_76,24,53,76,31800,45600,1,0.9975261,1
train,20,data_20.csv,onset_leak,20_54_77,24,54,77,32400,46200,1,0.99868387,1
train,20,data_20.csv,onset_leak,20_55_78,24,55,78,33000,46800,1,0.9990114,1
train,20,data_20.csv,onset_leak,20_56_79,24,56,79,33600,47400,1,0.9992182,1
train,20,data_20.csv,onset_leak,20_57_80,24,57,80,34200,48000,1,0.99927515,1
train,20,data_20.csv,onset_leak,20_58_81,24,58,81,34800,48600,1,0.9989679,1
train,20,data_20.csv,onset_leak,20_59_82,24,59,82,35400,49200,1,0.9990958,1
train,20,data_20.csv,onset_leak,20_60_83,24,60,83,36000,49800,1,0.99908125,1
train,20,data_20.csv,onset_leak,20_61_84,24,61,84,36600,50400,1,0.99903023,1
train,20,data_20.csv,onset_leak,20_62_85,24,62,85,37200,51000,1,0.9988393,1
train,20,data_20.csv,onset_leak,20_63_86,24,63,86,37800,51600,1,0.9985411,1
train,20,data_20.csv,onset_leak,20_64_87,24,64,87,38400,52200,1,0.9961034,1
train,20,data_20.csv,onset_leak,20_65_88,24,65,88,39000,52800,1,0.993107,1
train,20,data_20.csv,onset_leak,20_66_89,24,66,89,39600,53400,1,0.9900413,1
train,20,data_20.csv,onset_leak,20_67_90,24,67,90,40200,54000,1,0.9801933,1
train,20,data_20.csv,onset_leak,20_68_91,24,68,91,40800,54600,1,0.965194,1
train,20,data_20.csv,onset_leak,20_69_92,24,69,92,41400,55200,1,0.95183957,1
train,20,data_20.csv,onset_leak,20_70_93,24,70,93,42000,55800,1,0.94081813,1
train,20,data_20.csv,onset_leak,20_71_94,24,71,94,42600,56400,1,0.97251487,1
train,20,data_20.csv,onset_leak,20_72_95,24,72,95,43200,57000,1,0.9874958,1
train,20,data_20.csv,onset_leak,20_73_96,24,73,96,43800,57600,1,0.9873354,1
train,20,data_20.csv,onset_leak,20_74_97,24,74,97,44400,58200,1,0.988499,1
train,20,data_20.csv,onset_leak,20_75_98,24,75,98,45000,58800,1,0.9919796,1
train,20,data_20.csv,onset_leak,20_76_99,24,76,99,45600,59400,1,0.9934371,1
train,20,data_20.csv,onset_leak,20_77_100,24,77,100,46200,60000,1,0.9950217,1
train,20,data_20.csv,onset_leak,20_78_101,24,78,101,46800,60600,1,0.99618065,1
train,20,data_20.csv,onset_leak,20_79_102,24,79,102,47400,61200,1,0.99633753,1
train,20,data_20.csv,onset_leak,20_80_103,24,80,103,48000,61800,1,0.9958527,1
train,20,data_20.csv,onset_leak,20_81_104,24,81,104,48600,62400,1,0.996031,1
train,20,data_20.csv,onset_leak,20_82_105,24,82,105,49200,63000,1,0.99585104,1
train,20,data_20.csv,onset_leak,20_83_106,24,83,106,49800,63600,1,0.9957397,1
train,20,data_20.csv,onset_leak,20_84_107,24,84,107,50400,64200,1,0.9952856,1
train,20,data_20.csv,onset_leak,20_85_108,24,85,108,51000,64800,1,0.9948849,1
train,20,data_20.csv,onset_leak,20_86_109,24,86,109,51600,65400,1,0.9929792,1
train,20,data_20.csv,onset_leak,20_87_110,24,87,110,52200,66000,1,0.9904,1
train,20,data_20.csv,onset_leak,20_88_111,24,88,111,52800,66600,1,0.9878299,1
train,20,data_20.csv,onset_leak,20_89_112,24,89,112,53400,67200,1,0.9814555,1
train,20,data_20.csv,onset_leak,20_90_113,24,90,113,54000,67800,1,0.96983486,1
train,20,data_20.csv,onset_leak,20_91_114,24,91,114,54600,68400,1,0.96322477,1
train,20,data_20.csv,onset_leak,20_92_115,24,92,115,55200,69000,1,0.9543194,1
train,20,data_20.csv,onset_leak,20_93_116,24,93,116,55800,69600,1,0.94190437,1
train,20,data_20.csv,onset_leak,20_94_117,24,94,117,56400,70200,1,0.9341614,1
train,20,data_20.csv,onset_leak,20_95_118,24,95,118,57000,70800,1,0.90113306,1
train,20,data_20.csv,onset_leak,20_96_119,24,96,119,57600,71400,1,0.85751504,1
train,20,data_20.csv,onset_leak,20_97_120,24,97,120,58200,72000,1,0.84833777,1
train,20,data_20.csv,onset_leak,20_98_121,24,98,121,58800,72600,1,0.84838754,1
train,20,data_20.csv,onset_leak,20_99_122,24,99,122,59400,73200,1,0.85691446,1
train,20,data_20.csv,onset_leak,20_100_123,24,100,123,60000,73800,1,0.86107683,1
train,20,data_20.csv,onset_leak,20_101_124,24,101,124,60600,74400,1,0.855564,1
train,20,data_20.csv,onset_leak,20_102_125,24,102,125,61200,75000,1,0.8596634,1
train,20,data_20.csv,onset_leak,20_103_126,24,103,126,61800,75600,1,0.8617836,1
train,20,data_20.csv,onset_leak,20_104_127,24,104,127,62400,76200,1,0.8710127,1
train,20,data_20.csv,onset_leak,20_105_128,24,105,128,63000,76800,1,0.8934407,1
train,20,data_20.csv,onset_leak,20_106_129,24,106,129,63600,77400,1,0.9047954,1
train,20,data_20.csv,onset_leak,20_107_130,24,107,130,64200,78000,1,0.9232823,1
train,20,data_20.csv,onset_leak,20_108_131,24,108,131,64800,78600,1,0.9371497,1
train,20,data_20.csv,onset_leak,20_109_132,24,109,132,65400,79200,1,0.92669743,1
train,20,data_20.csv,onset_leak,20_110_133,24,110,133,66000,79800,1,0.92133474,1
train,20,data_20.csv,onset_leak,20_111_134,24,111,134,66600,80400,1,0.93538046,1
train,20,data_20.csv,onset_leak,20_112_135,24,112,135,67200,81000,1,0.94305104,1
train,20,data_20.csv,onset_leak,20_113_136,24,113,136,67800,81600,1,0.93906736,1
train,20,data_20.csv,onset_leak,20_114_137,24,114,137,68400,82200,1,0.9317037,1
train,20,data_20.csv,onset_leak,20_115_138,24,115,138,69000,82800,1,0.8752151,1
train,20,data_20.csv,onset_leak,20_116_139,24,116,139,69600,83400,1,0.7700151,1
train,20,data_20.csv,onset_leak,20_117_140,24,117,140,70200,84000,1,0.7397976,1
train,20,data_20.csv,onset_leak,20_118_141,24,118,141,70800,84600,1,0.65157497,1
train,20,data_20.csv,onset_leak,20_119_142,24,119,142,71400,85200,1,0.66325504,1
train,20,data_20.csv,onset_leak,20_120_143,24,120,143,72000,85800,1,0.4784442,1
train,20,data_20.csv,onset_leak,20_121_144,24,121,144,72600,86400,1,0.33246034,1
train,21,data_21.csv,persistent_leak,21_0_23,24,0,23,0,13800,1,0.49253014,1
train,21,data_21.csv,persistent_leak,21_1_24,24,1,24,600,14400,1,0.5063023,1
train,21,data_21.csv,persistent_leak,21_2_25,24,2,25,1200,15000,1,0.5063023,1
train,21,data_21.csv,persistent_leak,21_3_26,24,3,26,1800,15600,1,0.5063023,1
train,21,data_21.csv,persistent_leak,21_4_27,24,4,27,2400,16200,1,0.5063023,1
train,21,data_21.csv,persistent_leak,21_5_28,24,5,28,3000,16800,1,0.5063023,1
train,21,data_21.csv,persistent_leak,21_6_29,24,6,29,3600,17400,1,0.5063023,1
train,21,data_21.csv,persistent_leak,21_7_30,24,7,30,4200,18000,1,0.5063023,1
train,21,data_21.csv,persistent_leak,21_8_31,24,8,31,4800,18600,1,0.5063023,1
train,21,data_21.csv,persistent_leak,21_9_32,24,9,32,5400,19200,1,0.5063023,1
train,21,data_21.csv,persistent_leak,21_10_33,24,10,33,6000,19800,1,0.5063023,1
train,21,data_21.csv,persistent_leak,21_11_34,24,11,34,6600,20400,1,0.5055833,1
train,21,data_21.csv,persistent_leak,21_12_35,24,12,35,7200,21000,1,0.5016832,1
train,21,data_21.csv,persistent_leak,21_13_36,24,13,36,7800,21600,1,0.49654952,1
train,21,data_21.csv,persistent_leak,21_14_37,24,14,37,8400,22200,1,0.48365182,1
train,21,data_21.csv,persistent_leak,21_15_38,24,15,38,9000,22800,1,0.46214733,1
train,21,data_21.csv,persistent_leak,21_16_39,24,16,39,9600,23400,1,0.41810608,1
train,21,data_21.csv,persistent_leak,21_17_40,24,17,40,10200,24000,1,0.38227433,1
train,21,data_21.csv,persistent_leak,21_18_41,24,18,41,10800,24600,1,0.33771408,1
train,21,data_21.csv,persistent_leak,21_19_42,24,19,42,11400,25200,1,0.34013176,1
train,21,data_21.csv,persistent_leak,21_20_43,24,20,43,12000,25800,1,0.39285892,1
train,21,data_21.csv,persistent_leak,21_21_44,24,21,44,12600,26400,1,0.36876634,1
train,21,data_21.csv,persistent_leak,21_22_45,24,22,45,13200,27000,1,0.40949634,1
train,21,data_21.csv,persistent_leak,21_23_46,24,23,46,13800,27600,1,0.39483848,1
train,21,data_21.csv,persistent_leak,21_24_47,24,24,47,14400,28200,1,0.39514056,1
train,21,data_21.csv,persistent_leak,21_25_48,24,25,48,15000,28800,1,0.4142064,1
train,21,data_21.csv,persistent_leak,21_26_49,24,26,49,15600,29400,1,0.43708524,1
train,21,data_21.csv,persistent_leak,21_27_50,24,27,50,16200,30000,1,0.41695133,1
train,21,data_21.csv,persistent_leak,21_28_51,24,28,51,16800,30600,1,0.42099783,1
train,21,data_21.csv,persistent_leak,21_29_52,24,29,52,17400,31200,1,0.40057206,1
train,21,data_21.csv,persistent_leak,21_30_53,24,30,53,18000,31800,1,0.3901647,1
train,21,data_21.csv,persistent_leak,21_31_54,24,31,54,18600,32400,1,0.3951932,1
train,21,data_21.csv,persistent_leak,21_32_55,24,32,55,19200,33000,1,0.3704839,1
train,21,data_21.csv,persistent_leak,21_33_56,24,33,56,19800,33600,1,0.33975714,1
train,21,data_21.csv,persistent_leak,21_34_57,24,34,57,20400,34200,1,0.3457738,1
train,21,data_21.csv,persistent_leak,21_35_58,24,35,58,21000,34800,1,0.32561776,1
train,21,data_21.csv,persistent_leak,21_36_59,24,36,59,21600,35400,1,0.31791374,1
train,21,data_21.csv,persistent_leak,21_37_60,24,37,60,22200,36000,1,0.7389969,1
train,21,data_21.csv,persistent_leak,21_38_61,24,38,61,22800,36600,1,0.8317138,1
train,21,data_21.csv,persistent_leak,21_39_62,24,39,62,23400,37200,1,0.86544406,1
train,21,data_21.csv,persistent_leak,21_40_63,24,40,63,24000,37800,1,0.8743516,1
train,21,data_21.csv,persistent_leak,21_41_64,24,41,64,24600,38400,1,0.8827044,1
train,21,data_21.csv,persistent_leak,21_42_65,24,42,65,25200,39000,1,0.9036102,1
train,21,data_21.csv,persistent_leak,21_43_66,24,43,66,25800,39600,1,0.95352405,1
train,21,data_21.csv,persistent_leak,21_44_67,24,44,67,26400,40200,1,0.9660167,1
train,21,data_21.csv,persistent_leak,21_45_68,24,45,68,27000,40800,1,0.97222304,1
train,21,data_21.csv,persistent_leak,21_46_69,24,46,69,27600,41400,1,0.97091305,1
train,21,data_21.csv,persistent_leak,21_47_70,24,47,70,28200,42000,1,0.97564554,1
train,21,data_21.csv,persistent_leak,21_48_71,24,48,71,28800,42600,1,0.9799566,1
train,21,data_21.csv,persistent_leak,21_49_72,24,49,72,29400,43200,1,0.9879616,1
train,21,data_21.csv,persistent_leak,21_50_73,24,50,73,30000,43800,1,0.99122685,1
train,21,data_21.csv,persistent_leak,21_51_74,24,51,74,30600,44400,1,0.99239844,1
train,21,data_21.csv,persistent_leak,21_52_75,24,52,75,31200,45000,1,0.9904221,1
train,21,data_21.csv,persistent_leak,21_53_76,24,53,76,31800,45600,1,0.9902278,1
train,21,data_21.csv,persistent_leak,21_54_77,24,54,77,32400,46200,1,0.99062854,1
train,21,data_21.csv,persistent_leak,21_55_78,24,55,78,33000,46800,1,0.9922064,1
train,21,data_21.csv,persistent_leak,21_56_79,24,56,79,33600,47400,1,0.99207675,1
train,21,data_21.csv,persistent_leak,21_57_80,24,57,80,34200,48000,1,0.99173695,1
train,21,data_21.csv,persistent_leak,21_58_81,24,58,81,34800,48600,1,0.9880364,1
train,21,data_21.csv,persistent_leak,21_59_82,24,59,82,35400,49200,1,0.98820055,1
train,21,data_21.csv,persistent_leak,21_60_83,24,60,83,36000,49800,1,0.98902273,1
train,21,data_21.csv,persistent_leak,21_61_84,24,61,84,36600,50400,1,0.9904013,1
train,21,data_21.csv,persistent_leak,21_62_85,24,62,85,37200,51000,1,0.9899833,1
train,21,data_21.csv,persistent_leak,21_63_86,24,63,86,37800,51600,1,0.989527,1
train,21,data_21.csv,persistent_leak,21_64_87,24,64,87,38400,52200,1,0.9868204,1
train,21,data_21.csv,persistent_leak,21_65_88,24,65,88,39000,52800,1,0.98818237,1
train,21,data_21.csv,persistent_leak,21_66_89,24,66,89,39600,53400,1,0.98977774,1
train,21,data_21.csv,persistent_leak,21_67_90,24,67,90,40200,54000,1,0.99008256,1
train,21,data_21.csv,persistent_leak,21_68_91,24,68,91,40800,54600,1,0.98947746,1
train,21,data_21.csv,persistent_leak,21_69_92,24,69,92,41400,55200,1,0.9893967,1
train,21,data_21.csv,persistent_leak,21_70_93,24,70,93,42000,55800,1,0.9881011,1
train,21,data_21.csv,persistent_leak,21_71_94,24,71,94,42600,56400,1,0.98940825,1
train,21,data_21.csv,persistent_leak,21_72_95,24,72,95,43200,57000,1,0.9907017,1
train,21,data_21.csv,persistent_leak,21_73_96,24,73,96,43800,57600,1,0.99133074,1
train,21,data_21.csv,persistent_leak,21_74_97,24,74,97,44400,58200,1,0.99141407,1
train,21,data_21.csv,persistent_leak,21_75_98,24,75,98,45000,58800,1,0.9914853,1
train,21,data_21.csv,persistent_leak,21_76_99,24,76,99,45600,59400,1,0.99092495,1
train,21,data_21.csv,persistent_leak,21_77_100,24,77,100,46200,60000,1,0.99142975,1
train,21,data_21.csv,persistent_leak,21_78_101,24,78,101,46800,60600,1,0.99197537,1
train,21,data_21.csv,persistent_leak,21_79_102,24,79,102,47400,61200,1,0.9948939,1
train,21,data_21.csv,persistent_leak,21_80_103,24,80,103,48000,61800,1,0.99577314,1
train,21,data_21.csv,persistent_leak,21_81_104,24,81,104,48600,62400,1,0.99622154,1
train,21,data_21.csv,persistent_leak,21_82_105,24,82,105,49200,63000,1,0.99615246,1
train,21,data_21.csv,persistent_leak,21_83_106,24,83,106,49800,63600,1,0.9968167,1
train,21,data_21.csv,persistent_leak,21_84_107,24,84,107,50400,64200,1,0.9974068,1
train,21,data_21.csv,persistent_leak,21_85_108,24,85,108,51000,64800,1,0.9975121,1
train,21,data_21.csv,persistent_leak,21_86_109,24,86,109,51600,65400,1,0.9976497,1
train,21,data_21.csv,persistent_leak,21_87_110,24,87,110,52200,66000,1,0.99772125,1
train,21,data_21.csv,persistent_leak,21_88_111,24,88,111,52800,66600,1,0.9978841,1
train,21,data_21.csv,persistent_leak,21_89_112,24,89,112,53400,67200,1,0.99791247,1
train,21,data_21.csv,persistent_leak,21_90_113,24,90,113,54000,67800,1,0.9979964,1
train,21,data_21.csv,persistent_leak,21_91_114,24,91,114,54600,68400,1,0.994871,1
train,21,data_21.csv,persistent_leak,21_92_115,24,92,115,55200,69000,1,0.99285346,1
train,21,data_21.csv,persistent_leak,21_93_116,24,93,116,55800,69600,1,0.9923969,1
train,21,data_21.csv,persistent_leak,21_94_117,24,94,117,56400,70200,1,0.9919693,1
train,21,data_21.csv,persistent_leak,21_95_118,24,95,118,57000,70800,1,0.9909581,1
train,21,data_21.csv,persistent_leak,21_96_119,24,96,119,57600,71400,1,0.9910143,1
train,21,data_21.csv,persistent_leak,21_97_120,24,97,120,58200,72000,1,0.9877878,1
train,21,data_21.csv,persistent_leak,21_98_121,24,98,121,58800,72600,1,0.9885389,1
train,21,data_21.csv,persistent_leak,21_99_122,24,99,122,59400,73200,1,0.9939866,1
train,21,data_21.csv,persistent_leak,21_100_123,24,100,123,60000,73800,1,0.9960051,1
train,21,data_21.csv,persistent_leak,21_101_124,24,101,124,60600,74400,1,0.99770397,1
train,21,data_21.csv,persistent_leak,21_102_125,24,102,125,61200,75000,1,0.99866533,1
train,21,data_21.csv,persistent_leak,21_103_126,24,103,126,61800,75600,1,0.9987263,1
train,21,data_21.csv,persistent_leak,21_104_127,24,104,127,62400,76200,1,0.9987907,1
train,21,data_21.csv,persistent_leak,21_105_128,24,105,128,63000,76800,1,0.9992685,1
train,21,data_21.csv,persistent_leak,21_106_129,24,106,129,63600,77400,1,0.99943584,1
train,21,data_21.csv,persistent_leak,21_107_130,24,107,130,64200,78000,1,0.9996314,1
train,21,data_21.csv,persistent_leak,21_108_131,24,108,131,64800,78600,1,0.99973136,1
train,21,data_21.csv,persistent_leak,21_109_132,24,109,132,65400,79200,1,0.99970067,1
train,21,data_21.csv,persistent_leak,21_110_133,24,110,133,66000,79800,1,0.9995394,1
train,21,data_21.csv,persistent_leak,21_111_134,24,111,134,66600,80400,1,0.999522,1
train,21,data_21.csv,persistent_leak,21_112_135,24,112,135,67200,81000,1,0.999493,1
train,21,data_21.csv,persistent_leak,21_113_136,24,113,136,67800,81600,1,0.99925417,1
train,21,data_21.csv,persistent_leak,21_114_137,24,114,137,68400,82200,1,0.9985668,1
train,21,data_21.csv,persistent_leak,21_115_138,24,115,138,69000,82800,1,0.9981255,1
train,21,data_21.csv,persistent_leak,21_116_139,24,116,139,69600,83400,1,0.9943072,1
train,21,data_21.csv,persistent_leak,21_117_140,24,117,140,70200,84000,1,0.993382,1
train,21,data_21.csv,persistent_leak,21_118_141,24,118,141,70800,84600,1,0.98615766,1
train,21,data_21.csv,persistent_leak,21_119_142,24,119,142,71400,85200,1,0.97232914,1
train,21,data_21.csv,persistent_leak,21_120_143,24,120,143,72000,85800,1,0.7875162,1
train,21,data_21.csv,persistent_leak,21_121_144,24,121,144,72600,86400,1,0.76371735,1
train,22,data_22.csv,persistent_leak,22_0_23,24,0,23,0,13800,1,0.46898815,1
train,22,data_22.csv,persistent_leak,22_1_24,24,1,24,600,14400,1,0.4976295,1
train,22,data_22.csv,persistent_leak,22_2_25,24,2,25,1200,15000,1,0.5063023,1
train,22,data_22.csv,persistent_leak,22_3_26,24,3,26,1800,15600,1,0.5063023,1
train,22,data_22.csv,persistent_leak,22_4_27,24,4,27,2400,16200,1,0.5063023,1
train,22,data_22.csv,persistent_leak,22_5_28,24,5,28,3000,16800,1,0.5063023,1
train,22,data_22.csv,persistent_leak,22_6_29,24,6,29,3600,17400,1,0.5063023,1
train,22,data_22.csv,persistent_leak,22_7_30,24,7,30,4200,18000,1,0.5063023,1
train,22,data_22.csv,persistent_leak,22_8_31,24,8,31,4800,18600,1,0.5063023,1
train,22,data_22.csv,persistent_leak,22_9_32,24,9,32,5400,19200,1,0.5063023,1
train,22,data_22.csv,persistent_leak,22_10_33,24,10,33,6000,19800,1,0.5039373,1
train,22,data_22.csv,persistent_leak,22_11_34,24,11,34,6600,20400,1,0.4864416,1
train,22,data_22.csv,persistent_leak,22_12_35,24,12,35,7200,21000,1,0.43911326,1
train,22,data_22.csv,persistent_leak,22_13_36,24,13,36,7800,21600,1,0.41908917,1
train,22,data_22.csv,persistent_leak,22_14_37,24,14,37,8400,22200,1,0.3595436,1
train,22,data_22.csv,persistent_leak,22_15_38,24,15,38,9000,22800,1,0.3214976,1
train,22,data_22.csv,persistent_leak,22_16_39,24,16,39,9600,23400,1,0.26576063,1
train,22,data_22.csv,persistent_leak,22_17_40,24,17,40,10200,24000,1,0.19858423,1
train,22,data_22.csv,persistent_leak,22_18_41,24,18,41,10800,24600,1,0.14922066,1
train,22,data_22.csv,persistent_leak,22_19_42,24,19,42,11400,25200,1,0.15261526,1
train,22,data_22.csv,persistent_leak,22_20_43,24,20,43,12000,25800,1,0.22159329,1
train,22,data_22.csv,persistent_leak,22_21_44,24,21,44,12600,26400,1,0.25079417,1
train,22,data_22.csv,persistent_leak,22_22_45,24,22,45,13200,27000,1,0.3141622,1
train,22,data_22.csv,persistent_leak,22_23_46,24,23,46,13800,27600,1,0.3766998,1
train,22,data_22.csv,persistent_leak,22_24_47,24,24,47,14400,28200,1,0.38393268,1
train,22,data_22.csv,persistent_leak,22_25_48,24,25,48,15000,28800,1,0.41353938,1
train,22,data_22.csv,persistent_leak,22_26_49,24,26,49,15600,29400,1,0.40037552,1
train,22,data_22.csv,persistent_leak,22_27_50,24,27,50,16200,30000,1,0.4530258,1
train,22,data_22.csv,persistent_leak,22_28_51,24,28,51,16800,30600,1,0.4864766,1
train,22,data_22.csv,persistent_leak,22_29_52,24,29,52,17400,31200,1,0.524732,1
train,22,data_22.csv,persistent_leak,22_30_53,24,30,53,18000,31800,1,0.59689695,1
train,22,data_22.csv,persistent_leak,22_31_54,24,31,54,18600,32400,1,0.7218922,1
train,22,data_22.csv,persistent_leak,22_32_55,24,32,55,19200,33000,1,0.71116877,1
train,22,data_22.csv,persistent_leak,22_33_56,24,33,56,19800,33600,1,0.67035824,1
train,22,data_22.csv,persistent_leak,22_34_57,24,34,57,20400,34200,1,0.64287317,1
train,22,data_22.csv,persistent_leak,22_35_58,24,35,58,21000,34800,1,0.626767,1
train,22,data_22.csv,persistent_leak,22_36_59,24,36,59,21600,35400,1,0.59428936,1
train,22,data_22.csv,persistent_leak,22_37_60,24,37,60,22200,36000,1,0.7824978,1
train,22,data_22.csv,persistent_leak,22_38_61,24,38,61,22800,36600,1,0.8072696,1
train,22,data_22.csv,persistent_leak,22_39_62,24,39,62,23400,37200,1,0.81538886,1
train,22,data_22.csv,persistent_leak,22_40_63,24,40,63,24000,37800,1,0.7661021,1
train,22,data_22.csv,persistent_leak,22_41_64,24,41,64,24600,38400,1,0.7731218,1
train,22,data_22.csv,persistent_leak,22_42_65,24,42,65,25200,39000,1,0.7897225,1
train,22,data_22.csv,persistent_leak,22_43_66,24,43,66,25800,39600,1,0.8830464,1
train,22,data_22.csv,persistent_leak,22_44_67,24,44,67,26400,40200,1,0.90136874,1
train,22,data_22.csv,persistent_leak,22_45_68,24,45,68,27000,40800,1,0.9198077,1
train,22,data_22.csv,persistent_leak,22_46_69,24,46,69,27600,41400,1,0.9202725,1
train,22,data_22.csv,persistent_leak,22_47_70,24,47,70,28200,42000,1,0.94224143,1
train,22,data_22.csv,persistent_leak,22_48_71,24,48,71,28800,42600,1,0.960401,1
train,22,data_22.csv,persistent_leak,22_49_72,24,49,72,29400,43200,1,0.9730654,1
train,22,data_22.csv,persistent_leak,22_50_73,24,50,73,30000,43800,1,0.9802168,1
train,22,data_22.csv,persistent_leak,22_51_74,24,51,74,30600,44400,1,0.9816527,1
train,22,data_22.csv,persistent_leak,22_52_75,24,52,75,31200,45000,1,0.9811721,1
train,22,data_22.csv,persistent_leak,22_53_76,24,53,76,31800,45600,1,0.97959423,1
train,22,data_22.csv,persistent_leak,22_54_77,24,54,77,32400,46200,1,0.97863173,1
train,22,data_22.csv,persistent_leak,22_55_78,24,55,78,33000,46800,1,0.96789336,1
train,22,data_22.csv,persistent_leak,22_56_79,24,56,79,33600,47400,1,0.96175843,1
train,22,data_22.csv,persistent_leak,22_57_80,24,57,80,34200,48000,1,0.95514417,1
train,22,data_22.csv,persistent_leak,22_58_81,24,58,81,34800,48600,1,0.9394485,1
train,22,data_22.csv,persistent_leak,22_59_82,24,59,82,35400,49200,1,0.93080366,1
train,22,data_22.csv,persistent_leak,22_60_83,24,60,83,36000,49800,1,0.9273146,1
train,22,data_22.csv,persistent_leak,22_61_84,24,61,84,36600,50400,1,0.9050359,1
train,22,data_22.csv,persistent_leak,22_62_85,24,62,85,37200,51000,1,0.8865094,1
train,22,data_22.csv,persistent_leak,22_63_86,24,63,86,37800,51600,1,0.891127,1
train,22,data_22.csv,persistent_leak,22_64_87,24,64,87,38400,52200,1,0.9017943,1
train,22,data_22.csv,persistent_leak,22_65_88,24,65,88,39000,52800,1,0.9296389,1
train,22,data_22.csv,persistent_leak,22_66_89,24,66,89,39600,53400,1,0.9513781,1
train,22,data_22.csv,persistent_leak,22_67_90,24,67,90,40200,54000,1,0.9552441,1
train,22,data_22.csv,persistent_leak,22_68_91,24,68,91,40800,54600,1,0.9595565,1
train,22,data_22.csv,persistent_leak,22_69_92,24,69,92,41400,55200,1,0.9659434,1
train,22,data_22.csv,persistent_leak,22_70_93,24,70,93,42000,55800,1,0.9685477,1
train,22,data_22.csv,persistent_leak,22_71_94,24,71,94,42600,56400,1,0.9757498,1
train,22,data_22.csv,persistent_leak,22_72_95,24,72,95,43200,57000,1,0.9812284,1
train,22,data_22.csv,persistent_leak,22_73_96,24,73,96,43800,57600,1,0.9813843,1
train,22,data_22.csv,persistent_leak,22_74_97,24,74,97,44400,58200,1,0.9775159,1
train,22,data_22.csv,persistent_leak,22_75_98,24,75,98,45000,58800,1,0.97183436,1
train,22,data_22.csv,persistent_leak,22_76_99,24,76,99,45600,59400,1,0.9677137,1
train,22,data_22.csv,persistent_leak,22_77_100,24,77,100,46200,60000,1,0.9658955,1
train,22,data_22.csv,persistent_leak,22_78_101,24,78,101,46800,60600,1,0.95952433,1
train,22,data_22.csv,persistent_leak,22_79_102,24,79,102,47400,61200,1,0.9625667,1
train,22,data_22.csv,persistent_leak,22_80_103,24,80,103,48000,61800,1,0.9598477,1
train,22,data_22.csv,persistent_leak,22_81_104,24,81,104,48600,62400,1,0.95118535,1
train,22,data_22.csv,persistent_leak,22_82_105,24,82,105,49200,63000,1,0.9558348,1
train,22,data_22.csv,persistent_leak,22_83_106,24,83,106,49800,63600,1,0.94796973,1
train,22,data_22.csv,persistent_leak,22_84_107,24,84,107,50400,64200,1,0.9401559,1
train,22,data_22.csv,persistent_leak,22_85_108,24,85,108,51000,64800,1,0.95269865,1
train,22,data_22.csv,persistent_leak,22_86_109,24,86,109,51600,65400,1,0.9603495,1
train,22,data_22.csv,persistent_leak,22_87_110,24,87,110,52200,66000,1,0.9614013,1
train,22,data_22.csv,persistent_leak,22_88_111,24,88,111,52800,66600,1,0.9608068,1
train,22,data_22.csv,persistent_leak,22_89_112,24,89,112,53400,67200,1,0.95827925,1
train,22,data_22.csv,persistent_leak,22_90_113,24,90,113,54000,67800,1,0.95787615,1
train,22,data_22.csv,persistent_leak,22_91_114,24,91,114,54600,68400,1,0.9340179,1
train,22,data_22.csv,persistent_leak,22_92_115,24,92,115,55200,69000,1,0.9175733,1
train,22,data_22.csv,persistent_leak,22_93_116,24,93,116,55800,69600,1,0.91071224,1
train,22,data_22.csv,persistent_leak,22_94_117,24,94,117,56400,70200,1,0.9062605,1
train,22,data_22.csv,persistent_leak,22_95_118,24,95,118,57000,70800,1,0.9063355,1
train,22,data_22.csv,persistent_leak,22_96_119,24,96,119,57600,71400,1,0.9143797,1
train,22,data_22.csv,persistent_leak,22_97_120,24,97,120,58200,72000,1,0.8949471,1
train,22,data_22.csv,persistent_leak,22_98_121,24,98,121,58800,72600,1,0.8932708,1
train,22,data_22.csv,persistent_leak,22_99_122,24,99,122,59400,73200,1,0.9168464,1
train,22,data_22.csv,persistent_leak,22_100_123,24,100,123,60000,73800,1,0.9330013,1
train,22,data_22.csv,persistent_leak,22_101_124,24,101,124,60600,74400,1,0.9497757,1
train,22,data_22.csv,persistent_leak,22_102_125,24,102,125,61200,75000,1,0.9637685,1
train,22,data_22.csv,persistent_leak,22_103_126,24,103,126,61800,75600,1,0.96802014,1
train,22,data_22.csv,persistent_leak,22_104_127,24,104,127,62400,76200,1,0.97031206,1
train,22,data_22.csv,persistent_leak,22_105_128,24,105,128,63000,76800,1,0.977771,1
train,22,data_22.csv,persistent_leak,22_106_129,24,106,129,63600,77400,1,0.98049885,1
train,22,data_22.csv,persistent_leak,22_107_130,24,107,130,64200,78000,1,0.98604465,1
train,22,data_22.csv,persistent_leak,22_108_131,24,108,131,64800,78600,1,0.98950666,1
train,22,data_22.csv,persistent_leak,22_109_132,24,109,132,65400,79200,1,0.98779094,1
train,22,data_22.csv,persistent_leak,22_110_133,24,110,133,66000,79800,1,0.9850723,1
train,22,data_22.csv,persistent_leak,22_111_134,24,111,134,66600,80400,1,0.9858453,1
train,22,data_22.csv,persistent_leak,22_112_135,24,112,135,67200,81000,1,0.98652434,1
train,22,data_22.csv,persistent_leak,22_113_136,24,113,136,67800,81600,1,0.983373,1
train,22,data_22.csv,persistent_leak,22_114_137,24,114,137,68400,82200,1,0.9787435,1
train,22,data_22.csv,persistent_leak,22_115_138,24,115,138,69000,82800,1,0.976352,1
train,22,data_22.csv,persistent_leak,22_116_139,24,116,139,69600,83400,1,0.9583075,1
train,22,data_22.csv,persistent_leak,22_117_140,24,117,140,70200,84000,1,0.94963795,1
train,22,data_22.csv,persistent_leak,22_118_141,24,118,141,70800,84600,1,0.90991074,1
train,22,data_22.csv,persistent_leak,22_119_142,24,119,142,71400,85200,1,0.8589452,1
train,22,data_22.csv,persistent_leak,22_120_143,24,120,143,72000,85800,1,0.56482387,1
train,22,data_22.csv,persistent_leak,22_121_144,24,121,144,72600,86400,1,0.50387824,1
train,23,data_23.csv,persistent_leak,23_0_23,24,0,23,0,13800,1,0.4562322,1
train,23,data_23.csv,persistent_leak,23_1_24,24,1,24,600,14400,1,0.475682,1
train,23,data_23.csv,persistent_leak,23_2_25,24,2,25,1200,15000,1,0.4864326,1
train,23,data_23.csv,persistent_leak,23_3_26,24,3,26,1800,15600,1,0.4922965,1
train,23,data_23.csv,persistent_leak,23_4_27,24,4,27,2400,16200,1,0.4949182,1
train,23,data_23.csv,persistent_leak,23_5_28,24,5,28,3000,16800,1,0.4990355,1
train,23,data_23.csv,persistent_leak,23_6_29,24,6,29,3600,17400,1,0.49895903,1
train,23,data_23.csv,persistent_leak,23_7_30,24,7,30,4200,18000,1,0.5054197,1
train,23,data_23.csv,persistent_leak,23_8_31,24,8,31,4800,18600,1,0.5063023,1
train,23,data_23.csv,persistent_leak,23_9_32,24,9,32,5400,19200,1,0.5063023,1
train,23,data_23.csv,persistent_leak,23_10_33,24,10,33,6000,19800,1,0.5063023,1
train,23,data_23.csv,persistent_leak,23_11_34,24,11,34,6600,20400,1,0.5063023,1
train,23,data_23.csv,persistent_leak,23_12_35,24,12,35,7200,21000,1,0.5063023,1
train,23,data_23.csv,persistent_leak,23_13_36,24,13,36,7800,21600,1,0.5063023,1
train,23,data_23.csv,persistent_leak,23_14_37,24,14,37,8400,22200,1,0.5063023,1
train,23,data_23.csv,persistent_leak,23_15_38,24,15,38,9000,22800,1,0.5063023,1
train,23,data_23.csv,persistent_leak,23_16_39,24,16,39,9600,23400,1,0.5063023,1
train,23,data_23.csv,persistent_leak,23_17_40,24,17,40,10200,24000,1,0.5063023,1
train,23,data_23.csv,persistent_leak,23_18_41,24,18,41,10800,24600,1,0.5063023,1
train,23,data_23.csv,persistent_leak,23_19_42,24,19,42,11400,25200,1,0.5063023,1
train,23,data_23.csv,persistent_leak,23_20_43,24,20,43,12000,25800,1,0.5063023,1
train,23,data_23.csv,persistent_leak,23_21_44,24,21,44,12600,26400,1,0.5063023,1
train,23,data_23.csv,persistent_leak,23_22_45,24,22,45,13200,27000,1,0.5063023,1
train,23,data_23.csv,persistent_leak,23_23_46,24,23,46,13800,27600,1,0.5063023,1
train,23,data_23.csv,persistent_leak,23_24_47,24,24,47,14400,28200,1,0.5055444,1
train,23,data_23.csv,persistent_leak,23_25_48,24,25,48,15000,28800,1,0.5060758,1
train,23,data_23.csv,persistent_leak,23_26_49,24,26,49,15600,29400,1,0.5063023,1
train,23,data_23.csv,persistent_leak,23_27_50,24,27,50,16200,30000,1,0.5058559,1
train,23,data_23.csv,persistent_leak,23_28_51,24,28,51,16800,30600,1,0.5063023,1
train,23,data_23.csv,persistent_leak,23_29_52,24,29,52,17400,31200,1,0.50543106,1
train,23,data_23.csv,persistent_leak,23_30_53,24,30,53,18000,31800,1,0.49628323,1
train,23,data_23.csv,persistent_leak,23_31_54,24,31,54,18600,32400,1,0.5052214,1
train,23,data_23.csv,persistent_leak,23_32_55,24,32,55,19200,33000,1,0.5049203,1
train,23,data_23.csv,persistent_leak,23_33_56,24,33,56,19800,33600,1,0.5011359,1
train,23,data_23.csv,persistent_leak,23_34_57,24,34,57,20400,34200,1,0.5033973,1
train,23,data_23.csv,persistent_leak,23_35_58,24,35,58,21000,34800,1,0.49735126,1
train,23,data_23.csv,persistent_leak,23_36_59,24,36,59,21600,35400,1,0.4871977,1
train,23,data_23.csv,persistent_leak,23_37_60,24,37,60,22200,36000,1,0.5838233,1
train,23,data_23.csv,persistent_leak,23_38_61,24,38,61,22800,36600,1,0.74633133,1
train,23,data_23.csv,persistent_leak,23_39_62,24,39,62,23400,37200,1,0.8089957,1
train,23,data_23.csv,persistent_leak,23_40_63,24,40,63,24000,37800,1,0.82747245,1
train,23,data_23.csv,persistent_leak,23_41_64,24,41,64,24600,38400,1,0.8567529,1
train,23,data_23.csv,persistent_leak,23_42_65,24,42,65,25200,39000,1,0.8679106,1
train,23,data_23.csv,persistent_leak,23_43_66,24,43,66,25800,39600,1,0.9824948,1
train,23,data_23.csv,persistent_leak,23_44_67,24,44,67,26400,40200,1,0.9904687,1
train,23,data_23.csv,persistent_leak,23_45_68,24,45,68,27000,40800,1,0.992577,1
train,23,data_23.csv,persistent_leak,23_46_69,24,46,69,27600,41400,1,0.99006593,1
train,23,data_23.csv,persistent_leak,23_47_70,24,47,70,28200,42000,1,0.9927205,1
train,23,data_23.csv,persistent_leak,23_48_71,24,48,71,28800,42600,1,0.99260604,1
train,23,data_23.csv,persistent_leak,23_49_72,24,49,72,29400,43200,1,0.99543875,1
train,23,data_23.csv,persistent_leak,23_50_73,24,50,73,30000,43800,1,0.9960834,1
train,23,data_23.csv,persistent_leak,23_51_74,24,51,74,30600,44400,1,0.99577636,1
train,23,data_23.csv,persistent_leak,23_52_75,24,52,75,31200,45000,1,0.99282324,1
train,23,data_23.csv,persistent_leak,23_53_76,24,53,76,31800,45600,1,0.99193746,1
train,23,data_23.csv,persistent_leak,23_54_77,24,54,77,32400,46200,1,0.9911771,1
train,23,data_23.csv,persistent_leak,23_55_78,24,55,78,33000,46800,1,0.9905856,1
train,23,data_23.csv,persistent_leak,23_56_79,24,56,79,33600,47400,1,0.98762625,1
train,23,data_23.csv,persistent_leak,23_57_80,24,57,80,34200,48000,1,0.9847707,1
train,23,data_23.csv,persistent_leak,23_58_81,24,58,81,34800,48600,1,0.9738966,1
train,23,data_23.csv,persistent_leak,23_59_82,24,59,82,35400,49200,1,0.97528505,1
train,23,data_23.csv,persistent_leak,23_60_83,24,60,83,36000,49800,1,0.9775704,1
train,23,data_23.csv,persistent_leak,23_61_84,24,61,84,36600,50400,1,0.9756235,1
train,23,data_23.csv,persistent_leak,23_62_85,24,62,85,37200,51000,1,0.97048527,1
train,23,data_23.csv,persistent_leak,23_63_86,24,63,86,37800,51600,1,0.96930134,1
train,23,data_23.csv,persistent_leak,23_64_87,24,64,87,38400,52200,1,0.96306765,1
train,23,data_23.csv,persistent_leak,23_65_88,24,65,88,39000,52800,1,0.9693178,1
train,23,data_23.csv,persistent_leak,23_66_89,24,66,89,39600,53400,1,0.97441953,1
train,23,data_23.csv,persistent_leak,23_67_90,24,67,90,40200,54000,1,0.9726361,1
train,23,data_23.csv,persistent_leak,23_68_91,24,68,91,40800,54600,1,0.97131675,1
train,23,data_23.csv,persistent_leak,23_69_92,24,69,92,41400,55200,1,0.97126186,1
train,23,data_23.csv,persistent_leak,23_70_93,24,70,93,42000,55800,1,0.97070843,1
train,23,data_23.csv,persistent_leak,23_71_94,24,71,94,42600,56400,1,0.97238016,1
train,23,data_23.csv,persistent_leak,23_72_95,24,72,95,43200,57000,1,0.9737254,1
train,23,data_23.csv,persistent_leak,23_73_96,24,73,96,43800,57600,1,0.9722765,1
train,23,data_23.csv,persistent_leak,23_74_97,24,74,97,44400,58200,1,0.97097105,1
train,23,data_23.csv,persistent_leak,23_75_98,24,75,98,45000,58800,1,0.9712371,1
train,23,data_23.csv,persistent_leak,23_76_99,24,76,99,45600,59400,1,0.9713524,1
train,23,data_23.csv,persistent_leak,23_77_100,24,77,100,46200,60000,1,0.9720641,1
train,23,data_23.csv,persistent_leak,23_78_101,24,78,101,46800,60600,1,0.972779,1
train,23,data_23.csv,persistent_leak,23_79_102,24,79,102,47400,61200,1,0.97248626,1
train,23,data_23.csv,persistent_leak,23_80_103,24,80,103,48000,61800,1,0.9720286,1
train,23,data_23.csv,persistent_leak,23_81_104,24,81,104,48600,62400,1,0.97240555,1
train,23,data_23.csv,persistent_leak,23_82_105,24,82,105,49200,63000,1,0.97225744,1
train,23,data_23.csv,persistent_leak,23_83_106,24,83,106,49800,63600,1,0.9719918,1
train,23,data_23.csv,persistent_leak,23_84_107,24,84,107,50400,64200,1,0.97156143,1
train,23,data_23.csv,persistent_leak,23_85_108,24,85,108,51000,64800,1,0.9703724,1
train,23,data_23.csv,persistent_leak,23_86_109,24,86,109,51600,65400,1,0.9693648,1
train,23,data_23.csv,persistent_leak,23_87_110,24,87,110,52200,66000,1,0.9697777,1
train,23,data_23.csv,persistent_leak,23_88_111,24,88,111,52800,66600,1,0.9697346,1
train,23,data_23.csv,persistent_leak,23_89_112,24,89,112,53400,67200,1,0.9685817,1
train,23,data_23.csv,persistent_leak,23_90_113,24,90,113,54000,67800,1,0.9672715,1
train,23,data_23.csv,persistent_leak,23_91_114,24,91,114,54600,68400,1,0.9604156,1
train,23,data_23.csv,persistent_leak,23_92_115,24,92,115,55200,69000,1,0.960805,1
train,23,data_23.csv,persistent_leak,23_93_116,24,93,116,55800,69600,1,0.9689209,1
train,23,data_23.csv,persistent_leak,23_94_117,24,94,117,56400,70200,1,0.97446704,1
train,23,data_23.csv,persistent_leak,23_95_118,24,95,118,57000,70800,1,0.97515225,1
train,23,data_23.csv,persistent_leak,23_96_119,24,96,119,57600,71400,1,0.97651607,1
train,23,data_23.csv,persistent_leak,23_97_120,24,97,120,58200,72000,1,0.9756158,1
train,23,data_23.csv,persistent_leak,23_98_121,24,98,121,58800,72600,1,0.9767422,1
train,23,data_23.csv,persistent_leak,23_99_122,24,99,122,59400,73200,1,0.9845584,1
train,23,data_23.csv,persistent_leak,23_100_123,24,100,123,60000,73800,1,0.98745906,1
train,23,data_23.csv,persistent_leak,23_101_124,24,101,124,60600,74400,1,0.98937196,1
train,23,data_23.csv,persistent_leak,23_102_125,24,102,125,61200,75000,1,0.991135,1
train,23,data_23.csv,persistent_leak,23_103_126,24,103,126,61800,75600,1,0.99118704,1
train,23,data_23.csv,persistent_leak,23_104_127,24,104,127,62400,76200,1,0.9895292,1
train,23,data_23.csv,persistent_leak,23_105_128,24,105,128,63000,76800,1,0.9921927,1
train,23,data_23.csv,persistent_leak,23_106_129,24,106,129,63600,77400,1,0.9923063,1
train,23,data_23.csv,persistent_leak,23_107_130,24,107,130,64200,78000,1,0.99367034,1
train,23,data_23.csv,persistent_leak,23_108_131,24,108,131,64800,78600,1,0.99451506,1
train,23,data_23.csv,persistent_leak,23_109_132,24,109,132,65400,79200,1,0.9929006,1
train,23,data_23.csv,persistent_leak,23_110_133,24,110,133,66000,79800,1,0.9834241,1
train,23,data_23.csv,persistent_leak,23_111_134,24,111,134,66600,80400,1,0.98306274,1
train,23,data_23.csv,persistent_leak,23_112_135,24,112,135,67200,81000,1,0.97530305,1
train,23,data_23.csv,persistent_leak,23_113_136,24,113,136,67800,81600,1,0.95845675,1
train,23,data_23.csv,persistent_leak,23_114_137,24,114,137,68400,82200,1,0.8723508,1
train,23,data_23.csv,persistent_leak,23_115_138,24,115,138,69000,82800,1,0.85439926,1
train,23,data_23.csv,persistent_leak,23_116_139,24,116,139,69600,83400,1,0.76107347,1
train,23,data_23.csv,persistent_leak,23_117_140,24,117,140,70200,84000,1,0.67950374,1
train,23,data_23.csv,persistent_leak,23_118_141,24,118,141,70800,84600,1,0.52617735,1
train,23,data_23.csv,persistent_leak,23_119_142,24,119,142,71400,85200,1,0.33776075,1
train,23,data_23.csv,persistent_leak,23_120_143,24,120,143,72000,85800,1,0.12189898,1
train,23,data_23.csv,persistent_leak,23_121_144,24,121,144,72600,86400,1,0.10344252,1
train,24,data_24.csv,persistent_leak,24_0_23,24,0,23,0,13800,1,0.5063023,1
train,24,data_24.csv,persistent_leak,24_1_24,24,1,24,600,14400,1,0.5063023,1
train,24,data_24.csv,persistent_leak,24_2_25,24,2,25,1200,15000,1,0.5063023,1
train,24,data_24.csv,persistent_leak,24_3_26,24,3,26,1800,15600,1,0.5063023,1
train,24,data_24.csv,persistent_leak,24_4_27,24,4,27,2400,16200,1,0.5063023,1
train,24,data_24.csv,persistent_leak,24_5_28,24,5,28,3000,16800,1,0.5063023,1
train,24,data_24.csv,persistent_leak,24_6_29,24,6,29,3600,17400,1,0.50313646,1
train,24,data_24.csv,persistent_leak,24_7_30,24,7,30,4200,18000,1,0.494816,1
train,24,data_24.csv,persistent_leak,24_8_31,24,8,31,4800,18600,1,0.49577922,1
train,24,data_24.csv,persistent_leak,24_9_32,24,9,32,5400,19200,1,0.4815694,1
train,24,data_24.csv,persistent_leak,24_10_33,24,10,33,6000,19800,1,0.40800166,1
train,24,data_24.csv,persistent_leak,24_11_34,24,11,34,6600,20400,1,0.39021116,1
train,24,data_24.csv,persistent_leak,24_12_35,24,12,35,7200,21000,1,0.37972766,1
train,24,data_24.csv,persistent_leak,24_13_36,24,13,36,7800,21600,1,0.35836688,1
train,24,data_24.csv,persistent_leak,24_14_37,24,14,37,8400,22200,1,0.33170953,1
train,24,data_24.csv,persistent_leak,24_15_38,24,15,38,9000,22800,1,0.30990493,1
train,24,data_24.csv,persistent_leak,24_16_39,24,16,39,9600,23400,1,0.25979182,1
train,24,data_24.csv,persistent_leak,24_17_40,24,17,40,10200,24000,1,0.21822147,1
train,24,data_24.csv,persistent_leak,24_18_41,24,18,41,10800,24600,1,0.18530264,1
train,24,data_24.csv,persistent_leak,24_19_42,24,19,42,11400,25200,1,0.19884934,1
train,24,data_24.csv,persistent_leak,24_20_43,24,20,43,12000,25800,1,0.28289762,1
train,24,data_24.csv,persistent_leak,24_21_44,24,21,44,12600,26400,1,0.28260633,1
train,24,data_24.csv,persistent_leak,24_22_45,24,22,45,13200,27000,1,0.29006284,1
train,24,data_24.csv,persistent_leak,24_23_46,24,23,46,13800,27600,1,0.3372183,1
train,24,data_24.csv,persistent_leak,24_24_47,24,24,47,14400,28200,1,0.3100723,1
train,24,data_24.csv,persistent_leak,24_25_48,24,25,48,15000,28800,1,0.61504763,1
train,24,data_24.csv,persistent_leak,24_26_49,24,26,49,15600,29400,1,0.77322626,1
train,24,data_24.csv,persistent_leak,24_27_50,24,27,50,16200,30000,1,0.81900084,1
train,24,data_24.csv,persistent_leak,24_28_51,24,28,51,16800,30600,1,0.85847455,1
train,24,data_24.csv,persistent_leak,24_29_52,24,29,52,17400,31200,1,0.90535635,1
train,24,data_24.csv,persistent_leak,24_30_53,24,30,53,18000,31800,1,0.9391927,1
train,24,data_24.csv,persistent_leak,24_31_54,24,31,54,18600,32400,1,0.96562207,1
train,24,data_24.csv,persistent_leak,24_32_55,24,32,55,19200,33000,1,0.9714569,1
train,24,data_24.csv,persistent_leak,24_33_56,24,33,56,19800,33600,1,0.97107947,1
train,24,data_24.csv,persistent_leak,24_34_57,24,34,57,20400,34200,1,0.963195,1
train,24,data_24.csv,persistent_leak,24_35_58,24,35,58,21000,34800,1,0.96053624,1
train,24,data_24.csv,persistent_leak,24_36_59,24,36,59,21600,35400,1,0.9531779,1
train,24,data_24.csv,persistent_leak,24_37_60,24,37,60,22200,36000,1,0.96309984,1
train,24,data_24.csv,persistent_leak,24_38_61,24,38,61,22800,36600,1,0.9639717,1
train,24,data_24.csv,persistent_leak,24_39_62,24,39,62,23400,37200,1,0.95735264,1
train,24,data_24.csv,persistent_leak,24_40_63,24,40,63,24000,37800,1,0.9293939,1
train,24,data_24.csv,persistent_leak,24_41_64,24,41,64,24600,38400,1,0.92373455,1
train,24,data_24.csv,persistent_leak,24_42_65,24,42,65,25200,39000,1,0.92450196,1
train,24,data_24.csv,persistent_leak,24_43_66,24,43,66,25800,39600,1,0.97002,1
train,24,data_24.csv,persistent_leak,24_44_67,24,44,67,26400,40200,1,0.9755785,1
train,24,data_24.csv,persistent_leak,24_45_68,24,45,68,27000,40800,1,0.9803843,1
train,24,data_24.csv,persistent_leak,24_46_69,24,46,69,27600,41400,1,0.97791594,1
train,24,data_24.csv,persistent_leak,24_47_70,24,47,70,28200,42000,1,0.985732,1
train,24,data_24.csv,persistent_leak,24_48_71,24,48,71,28800,42600,1,0.991359,1
train,24,data_24.csv,persistent_leak,24_49_72,24,49,72,29400,43200,1,0.9953754,1
train,24,data_24.csv,persistent_leak,24_50_73,24,50,73,30000,43800,1,0.99692506,1
train,24,data_24.csv,persistent_leak,24_51_74,24,51,74,30600,44400,1,0.9975827,1
train,24,data_24.csv,persistent_leak,24_52_75,24,52,75,31200,45000,1,0.9976507,1
train,24,data_24.csv,persistent_leak,24_53_76,24,53,76,31800,45600,1,0.9979672,1
train,24,data_24.csv,persistent_leak,24_54_77,24,54,77,32400,46200,1,0.9983766,1
train,24,data_24.csv,persistent_leak,24_55_78,24,55,78,33000,46800,1,0.99804425,1
train,24,data_24.csv,persistent_leak,24_56_79,24,56,79,33600,47400,1,0.9980414,1
train,24,data_24.csv,persistent_leak,24_57_80,24,57,80,34200,48000,1,0.99770254,1
train,24,data_24.csv,persistent_leak,24_58_81,24,58,81,34800,48600,1,0.99683374,1
train,24,data_24.csv,persistent_leak,24_59_82,24,59,82,35400,49200,1,0.99565434,1
train,24,data_24.csv,persistent_leak,24_60_83,24,60,83,36000,49800,1,0.9945152,1
train,24,data_24.csv,persistent_leak,24_61_84,24,61,84,36600,50400,1,0.9879942,1
train,24,data_24.csv,persistent_leak,24_62_85,24,62,85,37200,51000,1,0.98218185,1
train,24,data_24.csv,persistent_leak,24_63_86,24,63,86,37800,51600,1,0.979454,1
train,24,data_24.csv,persistent_leak,24_64_87,24,64,87,38400,52200,1,0.97612107,1
train,24,data_24.csv,persistent_leak,24_65_88,24,65,88,39000,52800,1,0.9810192,1
train,24,data_24.csv,persistent_leak,24_66_89,24,66,89,39600,53400,1,0.986784,1
train,24,data_24.csv,persistent_leak,24_67_90,24,67,90,40200,54000,1,0.9858715,1
train,24,data_24.csv,persistent_leak,24_68_91,24,68,91,40800,54600,1,0.98795354,1
train,24,data_24.csv,persistent_leak,24_69_92,24,69,92,41400,55200,1,0.99258316,1
train,24,data_24.csv,persistent_leak,24_70_93,24,70,93,42000,55800,1,0.99465126,1
train,24,data_24.csv,persistent_leak,24_71_94,24,71,94,42600,56400,1,0.9969639,1
train,24,data_24.csv,persistent_leak,24_72_95,24,72,95,43200,57000,1,0.9981887,1
train,24,data_24.csv,persistent_leak,24_73_96,24,73,96,43800,57600,1,0.9982146,1
train,24,data_24.csv,persistent_leak,24_74_97,24,74,97,44400,58200,1,0.9979798,1
train,24,data_24.csv,persistent_leak,24_75_98,24,75,98,45000,58800,1,0.9982546,1
train,24,data_24.csv,persistent_leak,24_76_99,24,76,99,45600,59400,1,0.998283,1
train,24,data_24.csv,persistent_leak,24_77_100,24,77,100,46200,60000,1,0.9983339,1
train,24,data_24.csv,persistent_leak,24_78_101,24,78,101,46800,60600,1,0.99822646,1
train,24,data_24.csv,persistent_leak,24_79_102,24,79,102,47400,61200,1,0.99787474,1
train,24,data_24.csv,persistent_leak,24_80_103,24,80,103,48000,61800,1,0.9970251,1
train,24,data_24.csv,persistent_leak,24_81_104,24,81,104,48600,62400,1,0.99643964,1
train,24,data_24.csv,persistent_leak,24_82_105,24,82,105,49200,63000,1,0.995726,1
train,24,data_24.csv,persistent_leak,24_83_106,24,83,106,49800,63600,1,0.9931978,1
train,24,data_24.csv,persistent_leak,24_84_107,24,84,107,50400,64200,1,0.9881769,1
train,24,data_24.csv,persistent_leak,24_85_108,24,85,108,51000,64800,1,0.9878875,1
train,24,data_24.csv,persistent_leak,24_86_109,24,86,109,51600,65400,1,0.9830183,1
train,24,data_24.csv,persistent_leak,24_87_110,24,87,110,52200,66000,1,0.9753406,1
train,24,data_24.csv,persistent_leak,24_88_111,24,88,111,52800,66600,1,0.96660244,1
train,24,data_24.csv,persistent_leak,24_89_112,24,89,112,53400,67200,1,0.9452349,1
train,24,data_24.csv,persistent_leak,24_90_113,24,90,113,54000,67800,1,0.9075424,1
train,24,data_24.csv,persistent_leak,24_91_114,24,91,114,54600,68400,1,0.9086035,1
train,24,data_24.csv,persistent_leak,24_92_115,24,92,115,55200,69000,1,0.8996137,1
train,24,data_24.csv,persistent_leak,24_93_116,24,93,116,55800,69600,1,0.87760127,1
train,24,data_24.csv,persistent_leak,24_94_117,24,94,117,56400,70200,1,0.8781394,1
train,24,data_24.csv,persistent_leak,24_95_118,24,95,118,57000,70800,1,0.8738059,1
train,24,data_24.csv,persistent_leak,24_96_119,24,96,119,57600,71400,1,0.8511156,1
train,24,data_24.csv,persistent_leak,24_97_120,24,97,120,58200,72000,1,0.8484446,1
train,24,data_24.csv,persistent_leak,24_98_121,24,98,121,58800,72600,1,0.85138285,1
train,24,data_24.csv,persistent_leak,24_99_122,24,99,122,59400,73200,1,0.8438599,1
train,24,data_24.csv,persistent_leak,24_100_123,24,100,123,60000,73800,1,0.8461538,1
train,24,data_24.csv,persistent_leak,24_101_124,24,101,124,60600,74400,1,0.81389445,1
train,24,data_24.csv,persistent_leak,24_102_125,24,102,125,61200,75000,1,0.79290664,1
train,24,data_24.csv,persistent_leak,24_103_126,24,103,126,61800,75600,1,0.8200064,1
train,24,data_24.csv,persistent_leak,24_104_127,24,104,127,62400,76200,1,0.8227799,1
train,24,data_24.csv,persistent_leak,24_105_128,24,105,128,63000,76800,1,0.8211472,1
train,24,data_24.csv,persistent_leak,24_106_129,24,106,129,63600,77400,1,0.800236,1
train,24,data_24.csv,persistent_leak,24_107_130,24,107,130,64200,78000,1,0.8090399,1
train,24,data_24.csv,persistent_leak,24_108_131,24,108,131,64800,78600,1,0.82375735,1
train,24,data_24.csv,persistent_leak,24_109_132,24,109,132,65400,79200,1,0.7356243,1
train,24,data_24.csv,persistent_leak,24_110_133,24,110,133,66000,79800,1,0.7394291,1
train,24,data_24.csv,persistent_leak,24_111_134,24,111,134,66600,80400,1,0.77094054,1
train,24,data_24.csv,persistent_leak,24_112_135,24,112,135,67200,81000,1,0.80373114,1
train,24,data_24.csv,persistent_leak,24_113_136,24,113,136,67800,81600,1,0.83193034,1
train,24,data_24.csv,persistent_leak,24_114_137,24,114,137,68400,82200,1,0.8676163,1
train,24,data_24.csv,persistent_leak,24_115_138,24,115,138,69000,82800,1,0.8445781,1
train,24,data_24.csv,persistent_leak,24_116_139,24,116,139,69600,83400,1,0.8118945,1
train,24,data_24.csv,persistent_leak,24_117_140,24,117,140,70200,84000,1,0.8461581,1
train,24,data_24.csv,persistent_leak,24_118_141,24,118,141,70800,84600,1,0.79892933,1
train,24,data_24.csv,persistent_leak,24_119_142,24,119,142,71400,85200,1,0.82826835,1
train,24,data_24.csv,persistent_leak,24_120_143,24,120,143,72000,85800,1,0.75251824,1
train,24,data_24.csv,persistent_leak,24_121_144,24,121,144,72600,86400,1,0.64558935,1
train,26,data_26.csv,onset_leak,26_0_23,24,0,23,0,13800,0,0.002672898,0
train,26,data_26.csv,onset_leak,26_1_24,24,1,24,600,14400,0,0.0038448297,0
train,26,data_26.csv,onset_leak,26_2_25,24,2,25,1200,15000,0,0.008289132,0
train,26,data_26.csv,onset_leak,26_3_26,24,3,26,1800,15600,0,0.011197253,0
train,26,data_26.csv,onset_leak,26_4_27,24,4,27,2400,16200,0,0.009883218,0
train,26,data_26.csv,onset_leak,26_5_28,24,5,28,3000,16800,0,0.011033163,0
train,26,data_26.csv,onset_leak,26_6_29,24,6,29,3600,17400,0,0.011554228,0
train,26,data_26.csv,onset_leak,26_7_30,24,7,30,4200,18000,0,0.01288907,0
train,26,data_26.csv,onset_leak,26_8_31,24,8,31,4800,18600,0,0.016736705,0
train,26,data_26.csv,onset_leak,26_9_32,24,9,32,5400,19200,0,0.012297971,0
train,26,data_26.csv,onset_leak,26_10_33,24,10,33,6000,19800,0,0.0061174617,0
train,26,data_26.csv,onset_leak,26_11_34,24,11,34,6600,20400,0,0.0040030642,0
train,26,data_26.csv,onset_leak,26_12_35,24,12,35,7200,21000,0,0.0024867272,0
train,26,data_26.csv,onset_leak,26_13_36,24,13,36,7800,21600,0,0.0018810433,0
train,26,data_26.csv,onset_leak,26_14_37,24,14,37,8400,22200,0,0.00171366,0
train,26,data_26.csv,onset_leak,26_15_38,24,15,38,9000,22800,0,0.0011240719,0
train,26,data_26.csv,onset_leak,26_16_39,24,16,39,9600,23400,0,0.0006922639,0
train,26,data_26.csv,onset_leak,26_17_40,24,17,40,10200,24000,0,0.00039783784,0
train,26,data_26.csv,onset_leak,26_18_41,24,18,41,10800,24600,0,0.00027021344,0
train,26,data_26.csv,onset_leak,26_19_42,24,19,42,11400,25200,0,0.00023092225,0
train,26,data_26.csv,onset_leak,26_20_43,24,20,43,12000,25800,0,0.00032485087,0
train,26,data_26.csv,onset_leak,26_21_44,24,21,44,12600,26400,0,0.00053270994,0
train,26,data_26.csv,onset_leak,26_22_45,24,22,45,13200,27000,0,0.0008594216,0
train,26,data_26.csv,onset_leak,26_23_46,24,23,46,13800,27600,0,0.0014652872,0
train,26,data_26.csv,onset_leak,26_24_47,24,24,47,14400,28200,0,0.0040929765,0
train,26,data_26.csv,onset_leak,26_25_48,24,25,48,15000,28800,0,0.004068408,0
train,26,data_26.csv,onset_leak,26_26_49,24,26,49,15600,29400,0,0.0077452804,0
train,26,data_26.csv,onset_leak,26_27_50,24,27,50,16200,30000,0,0.016225241,0
train,26,data_26.csv,onset_leak,26_28_51,24,28,51,16800,30600,0,0.028896695,0
train,26,data_26.csv,onset_leak,26_29_52,24,29,52,17400,31200,0,0.0654489,0
train,26,data_26.csv,onset_leak,26_30_53,24,30,53,18000,31800,0,0.18843827,1
train,26,data_26.csv,onset_leak,26_31_54,24,31,54,18600,32400,0,0.11408363,1
train,26,data_26.csv,onset_leak,26_32_55,24,32,55,19200,33000,0,0.056442067,0
train,26,data_26.csv,onset_leak,26_33_56,24,33,56,19800,33600,0,0.04183839,0
train,26,data_26.csv,onset_leak,26_34_57,24,34,57,20400,34200,0,0.058766745,0
train,26,data_26.csv,onset_leak,26_35_58,24,35,58,21000,34800,0,0.059206612,0
train,26,data_26.csv,onset_leak,26_36_59,24,36,59,21600,35400,0,0.08071965,0
train,26,data_26.csv,onset_leak,26_37_60,24,37,60,22200,36000,0,0.06852819,0
train,26,data_26.csv,onset_leak,26_38_61,24,38,61,22800,36600,0,0.07543836,0
train,26,data_26.csv,onset_leak,26_39_62,24,39,62,23400,37200,0,0.073369354,0
train,26,data_26.csv,onset_leak,26_40_63,24,40,63,24000,37800,0,0.078962184,0
train,26,data_26.csv,onset_leak,26_41_64,24,41,64,24600,38400,0,0.07435004,0
train,26,data_26.csv,onset_leak,26_42_65,24,42,65,25200,39000,0,0.07599382,0
train,26,data_26.csv,onset_leak,26_43_66,24,43,66,25800,39600,0,0.078175455,0
train,26,data_26.csv,onset_leak,26_44_67,24,44,67,26400,40200,0,0.08770654,0
train,26,data_26.csv,onset_leak,26_45_68,24,45,68,27000,40800,0,0.10192736,1
train,26,data_26.csv,onset_leak,26_46_69,24,46,69,27600,41400,0,0.12401897,1
train,26,data_26.csv,onset_leak,26_47_70,24,47,70,28200,42000,0,0.15634005,1
train,26,data_26.csv,onset_leak,26_48_71,24,48,71,28800,42600,0,0.31078133,1
train,26,data_26.csv,onset_leak,26_49_72,24,49,72,29400,43200,1,0.7711145,1
train,26,data_26.csv,onset_leak,26_50_73,24,50,73,30000,43800,1,0.8770007,1
train,26,data_26.csv,onset_leak,26_51_74,24,51,74,30600,44400,1,0.9122039,1
train,26,data_26.csv,onset_leak,26_52_75,24,52,75,31200,45000,1,0.9488899,1
train,26,data_26.csv,onset_leak,26_53_76,24,53,76,31800,45600,1,0.96588826,1
train,26,data_26.csv,onset_leak,26_54_77,24,54,77,32400,46200,1,0.98251706,1
train,26,data_26.csv,onset_leak,26_55_78,24,55,78,33000,46800,1,0.9918607,1
train,26,data_26.csv,onset_leak,26_56_79,24,56,79,33600,47400,1,0.9948854,1
train,26,data_26.csv,onset_leak,26_57_80,24,57,80,34200,48000,1,0.99664956,1
train,26,data_26.csv,onset_leak,26_58_81,24,58,81,34800,48600,1,0.99601173,1
train,26,data_26.csv,onset_leak,26_59_82,24,59,82,35400,49200,1,0.99698323,1
train,26,data_26.csv,onset_leak,26_60_83,24,60,83,36000,49800,1,0.9962022,1
train,26,data_26.csv,onset_leak,26_61_84,24,61,84,36600,50400,1,0.9985014,1
train,26,data_26.csv,onset_leak,26_62_85,24,62,85,37200,51000,1,0.99902344,1
train,26,data_26.csv,onset_leak,26_63_86,24,63,86,37800,51600,1,0.99878114,1
train,26,data_26.csv,onset_leak,26_64_87,24,64,87,38400,52200,1,0.99801266,1
train,26,data_26.csv,onset_leak,26_65_88,24,65,88,39000,52800,1,0.9970009,1
train,26,data_26.csv,onset_leak,26_66_89,24,66,89,39600,53400,1,0.99576026,1
train,26,data_26.csv,onset_leak,26_67_90,24,67,90,40200,54000,1,0.9971125,1
train,26,data_26.csv,onset_leak,26_68_91,24,68,91,40800,54600,1,0.99591184,1
train,26,data_26.csv,onset_leak,26_69_92,24,69,92,41400,55200,1,0.9950287,1
train,26,data_26.csv,onset_leak,26_70_93,24,70,93,42000,55800,1,0.99036425,1
train,26,data_26.csv,onset_leak,26_71_94,24,71,94,42600,56400,1,0.9940094,1
train,26,data_26.csv,onset_leak,26_72_95,24,72,95,43200,57000,1,0.99648416,1
train,26,data_26.csv,onset_leak,26_73_96,24,73,96,43800,57600,1,0.9973622,1
train,26,data_26.csv,onset_leak,26_74_97,24,74,97,44400,58200,1,0.9976761,1
train,26,data_26.csv,onset_leak,26_75_98,24,75,98,45000,58800,1,0.99782443,1
train,26,data_26.csv,onset_leak,26_76_99,24,76,99,45600,59400,1,0.9975126,1
train,26,data_26.csv,onset_leak,26_77_100,24,77,100,46200,60000,1,0.9977933,1
train,26,data_26.csv,onset_leak,26_78_101,24,78,101,46800,60600,1,0.99814534,1
train,26,data_26.csv,onset_leak,26_79_102,24,79,102,47400,61200,1,0.9984042,1
train,26,data_26.csv,onset_leak,26_80_103,24,80,103,48000,61800,1,0.9984664,1
train,26,data_26.csv,onset_leak,26_81_104,24,81,104,48600,62400,1,0.9984842,1
train,26,data_26.csv,onset_leak,26_82_105,24,82,105,49200,63000,1,0.99822193,1
train,26,data_26.csv,onset_leak,26_83_106,24,83,106,49800,63600,1,0.99829036,1
train,26,data_26.csv,onset_leak,26_84_107,24,84,107,50400,64200,1,0.9984282,1
train,26,data_26.csv,onset_leak,26_85_108,24,85,108,51000,64800,1,0.9977666,1
train,26,data_26.csv,onset_leak,26_86_109,24,86,109,51600,65400,1,0.9971855,1
train,26,data_26.csv,onset_leak,26_87_110,24,87,110,52200,66000,1,0.9969331,1
train,26,data_26.csv,onset_leak,26_88_111,24,88,111,52800,66600,1,0.99646413,1
train,26,data_26.csv,onset_leak,26_89_112,24,89,112,53400,67200,1,0.99637127,1
train,26,data_26.csv,onset_leak,26_90_113,24,90,113,54000,67800,1,0.99639976,1
train,26,data_26.csv,onset_leak,26_91_114,24,91,114,54600,68400,1,0.99529856,1
train,26,data_26.csv,onset_leak,26_92_115,24,92,115,55200,69000,1,0.99444157,1
train,26,data_26.csv,onset_leak,26_93_116,24,93,116,55800,69600,1,0.99462587,1
train,26,data_26.csv,onset_leak,26_94_117,24,94,117,56400,70200,1,0.9947724,1
train,26,data_26.csv,onset_leak,26_95_118,24,95,118,57000,70800,1,0.99560344,1
train,26,data_26.csv,onset_leak,26_96_119,24,96,119,57600,71400,1,0.9961577,1
train,26,data_26.csv,onset_leak,26_97_120,24,97,120,58200,72000,1,0.99545705,1
train,26,data_26.csv,onset_leak,26_98_121,24,98,121,58800,72600,1,0.9956399,1
train,26,data_26.csv,onset_leak,26_99_122,24,99,122,59400,73200,1,0.9969758,1
train,26,data_26.csv,onset_leak,26_100_123,24,100,123,60000,73800,1,0.99762076,1
train,26,data_26.csv,onset_leak,26_101_124,24,101,124,60600,74400,1,0.99813277,1
train,26,data_26.csv,onset_leak,26_102_125,24,102,125,61200,75000,1,0.99849784,1
train,26,data_26.csv,onset_leak,26_103_126,24,103,126,61800,75600,1,0.9981852,1
train,26,data_26.csv,onset_leak,26_104_127,24,104,127,62400,76200,1,0.99810755,1
train,26,data_26.csv,onset_leak,26_105_128,24,105,128,63000,76800,1,0.99878556,1
train,26,data_26.csv,onset_leak,26_106_129,24,106,129,63600,77400,1,0.9990625,1
train,26,data_26.csv,onset_leak,26_107_130,24,107,130,64200,78000,1,0.99908376,1
train,26,data_26.csv,onset_leak,26_108_131,24,108,131,64800,78600,1,0.99910957,1
train,26,data_26.csv,onset_leak,26_109_132,24,109,132,65400,79200,1,0.9990989,1
train,26,data_26.csv,onset_leak,26_110_133,24,110,133,66000,79800,1,0.9989778,1
train,26,data_26.csv,onset_leak,26_111_134,24,111,134,66600,80400,1,0.999311,1
train,26,data_26.csv,onset_leak,26_112_135,24,112,135,67200,81000,1,0.9993698,1
train,26,data_26.csv,onset_leak,26_113_136,24,113,136,67800,81600,1,0.9994054,1
train,26,data_26.csv,onset_leak,26_114_137,24,114,137,68400,82200,1,0.9994067,1
train,26,data_26.csv,onset_leak,26_115_138,24,115,138,69000,82800,1,0.99915457,1
train,26,data_26.csv,onset_leak,26_116_139,24,116,139,69600,83400,1,0.99646807,1
train,26,data_26.csv,onset_leak,26_117_140,24,117,140,70200,84000,1,0.997561,1
train,26,data_26.csv,onset_leak,26_118_141,24,118,141,70800,84600,1,0.99602807,1
train,26,data_26.csv,onset_leak,26_119_142,24,119,142,71400,85200,1,0.994447,1
train,26,data_26.csv,onset_leak,26_120_143,24,120,143,72000,85800,1,0.98162615,1
train,26,data_26.csv,onset_leak,26_121_144,24,121,144,72600,86400,1,0.9689999,1
train,27,data_27.csv,onset_leak,27_0_23,24,0,23,0,13800,0,0.0027679552,0
train,27,data_27.csv,onset_leak,27_1_24,24,1,24,600,14400,0,0.0032219451,0
train,27,data_27.csv,onset_leak,27_2_25,24,2,25,1200,15000,0,0.004945953,0
train,27,data_27.csv,onset_leak,27_3_26,24,3,26,1800,15600,0,0.005828759,0
train,27,data_27.csv,onset_leak,27_4_27,24,4,27,2400,16200,0,0.005446281,0
train,27,data_27.csv,onset_leak,27_5_28,24,5,28,3000,16800,0,0.005692694,0
train,27,data_27.csv,onset_leak,27_6_29,24,6,29,3600,17400,0,0.0061925855,0
train,27,data_27.csv,onset_leak,27_7_30,24,7,30,4200,18000,0,0.0062880632,0
train,27,data_27.csv,onset_leak,27_8_31,24,8,31,4800,18600,0,0.007969049,0
train,27,data_27.csv,onset_leak,27_9_32,24,9,32,5400,19200,0,0.007143533,0
train,27,data_27.csv,onset_leak,27_10_33,24,10,33,6000,19800,0,0.0054839016,0
train,27,data_27.csv,onset_leak,27_11_34,24,11,34,6600,20400,0,0.004632413,0
train,27,data_27.csv,onset_leak,27_12_35,24,12,35,7200,21000,0,0.0044018533,0
train,27,data_27.csv,onset_leak,27_13_36,24,13,36,7800,21600,0,0.0039827903,0
train,27,data_27.csv,onset_leak,27_14_37,24,14,37,8400,22200,0,0.0042864615,0
train,27,data_27.csv,onset_leak,27_15_38,24,15,38,9000,22800,0,0.003972504,0
train,27,data_27.csv,onset_leak,27_16_39,24,16,39,9600,23400,0,0.0035235072,0
train,27,data_27.csv,onset_leak,27_17_40,24,17,40,10200,24000,0,0.0030594845,0
train,27,data_27.csv,onset_leak,27_18_41,24,18,41,10800,24600,0,0.0031063773,0
train,27,data_27.csv,onset_leak,27_19_42,24,19,42,11400,25200,0,0.0030232754,0
train,27,data_27.csv,onset_leak,27_20_43,24,20,43,12000,25800,0,0.004137941,0
train,27,data_27.csv,onset_leak,27_21_44,24,21,44,12600,26400,0,0.0058148354,0
train,27,data_27.csv,onset_leak,27_22_45,24,22,45,13200,27000,0,0.0073550884,0
train,27,data_27.csv,onset_leak,27_23_46,24,23,46,13800,27600,0,0.010221647,0
train,27,data_27.csv,onset_leak,27_24_47,24,24,47,14400,28200,0,0.01895613,0
train,27,data_27.csv,onset_leak,27_25_48,24,25,48,15000,28800,0,0.021183843,0
train,27,data_27.csv,onset_leak,27_26_49,24,26,49,15600,29400,0,0.03702919,0
train,27,data_27.csv,onset_leak,27_27_50,24,27,50,16200,30000,0,0.053744774,0
train,27,data_27.csv,onset_leak,27_28_51,24,28,51,16800,30600,0,0.060846224,0
train,27,data_27.csv,onset_leak,27_29_52,24,29,52,17400,31200,0,0.0833368,0
train,27,data_27.csv,onset_leak,27_30_53,24,30,53,18000,31800,0,0.14644139,1
train,27,data_27.csv,onset_leak,27_31_54,24,31,54,18600,32400,0,0.12004041,1
train,27,data_27.csv,onset_leak,27_32_55,24,32,55,19200,33000,0,0.12197958,1
train,27,data_27.csv,onset_leak,27_33_56,24,33,56,19800,33600,0,0.11690337,1
train,27,data_27.csv,onset_leak,27_34_57,24,34,57,20400,34200,0,0.113943994,1
train,27,data_27.csv,onset_leak,27_35_58,24,35,58,21000,34800,0,0.121571735,1
train,27,data_27.csv,onset_leak,27_36_59,24,36,59,21600,35400,0,0.16494165,1
train,27,data_27.csv,onset_leak,27_37_60,24,37,60,22200,36000,0,0.1704304,1
train,27,data_27.csv,onset_leak,27_38_61,24,38,61,22800,36600,0,0.23343316,1
train,27,data_27.csv,onset_leak,27_39_62,24,39,62,23400,37200,0,0.2593982,1
train,27,data_27.csv,onset_leak,27_40_63,24,40,63,24000,37800,0,0.29671282,1
train,27,data_27.csv,onset_leak,27_41_64,24,41,64,24600,38400,0,0.32836667,1
train,27,data_27.csv,onset_leak,27_42_65,24,42,65,25200,39000,0,0.30623367,1
train,27,data_27.csv,onset_leak,27_43_66,24,43,66,25800,39600,0,0.33361036,1
train,27,data_27.csv,onset_leak,27_44_67,24,44,67,26400,40200,0,0.3675751,1
train,27,data_27.csv,onset_leak,27_45_68,24,45,68,27000,40800,0,0.3396506,1
train,27,data_27.csv,onset_leak,27_46_69,24,46,69,27600,41400,0,0.39098367,1
train,27,data_27.csv,onset_leak,27_47_70,24,47,70,28200,42000,0,0.4058717,1
train,27,data_27.csv,onset_leak,27_48_71,24,48,71,28800,42600,0,0.44108,1
train,27,data_27.csv,onset_leak,27_49_72,24,49,72,29400,43200,1,0.9640665,1
train,27,data_27.csv,onset_leak,27_50_73,24,50,73,30000,43800,1,0.98697644,1
train,27,data_27.csv,onset_leak,27_51_74,24,51,74,30600,44400,1,0.99265337,1
train,27,data_27.csv,onset_leak,27_52_75,24,52,75,31200,45000,1,0.9943663,1
train,27,data_27.csv,onset_leak,27_53_76,24,53,76,31800,45600,1,0.9966002,1
train,27,data_27.csv,onset_leak,27_54_77,24,54,77,32400,46200,1,0.998154,1
train,27,data_27.csv,onset_leak,27_55_78,24,55,78,33000,46800,1,0.9989359,1
train,27,data_27.csv,onset_leak,27_56_79,24,56,79,33600,47400,1,0.99922967,1
train,27,data_27.csv,onset_leak,27_57_80,24,57,80,34200,48000,1,0.99934834,1
train,27,data_27.csv,onset_leak,27_58_81,24,58,81,34800,48600,1,0.9992011,1
train,27,data_27.csv,onset_leak,27_59_82,24,59,82,35400,49200,1,0.99935657,1
train,27,data_27.csv,onset_leak,27_60_83,24,60,83,36000,49800,1,0.99942243,1
train,27,data_27.csv,onset_leak,27_61_84,24,61,84,36600,50400,1,0.9996246,1
train,27,data_27.csv,onset_leak,27_62_85,24,62,85,37200,51000,1,0.9996964,1
train,27,data_27.csv,onset_leak,27_63_86,24,63,86,37800,51600,1,0.99966633,1
train,27,data_27.csv,onset_leak,27_64_87,24,64,87,38400,52200,1,0.99932444,1
train,27,data_27.csv,onset_leak,27_65_88,24,65,88,39000,52800,1,0.9990343,1
train,27,data_27.csv,onset_leak,27_66_89,24,66,89,39600,53400,1,0.99879944,1
train,27,data_27.csv,onset_leak,27_67_90,24,67,90,40200,54000,1,0.9979532,1
train,27,data_27.csv,onset_leak,27_68_91,24,68,91,40800,54600,1,0.9960359,1
train,27,data_27.csv,onset_leak,27_69_92,24,69,92,41400,55200,1,0.9947443,1
train,27,data_27.csv,onset_leak,27_70_93,24,70,93,42000,55800,1,0.99128294,1
train,27,data_27.csv,onset_leak,27_71_94,24,71,94,42600,56400,1,0.99350005,1
train,27,data_27.csv,onset_leak,27_72_95,24,72,95,43200,57000,1,0.9955937,1
train,27,data_27.csv,onset_leak,27_73_96,24,73,96,43800,57600,1,0.99337775,1
train,27,data_27.csv,onset_leak,27_74_97,24,74,97,44400,58200,1,0.99200445,1
train,27,data_27.csv,onset_leak,27_75_98,24,75,98,45000,58800,1,0.9912929,1
train,27,data_27.csv,onset_leak,27_76_99,24,76,99,45600,59400,1,0.99062854,1
train,27,data_27.csv,onset_leak,27_77_100,24,77,100,46200,60000,1,0.992159,1
train,27,data_27.csv,onset_leak,27_78_101,24,78,101,46800,60600,1,0.9932294,1
train,27,data_27.csv,onset_leak,27_79_102,24,79,102,47400,61200,1,0.99374384,1
train,27,data_27.csv,onset_leak,27_80_103,24,80,103,48000,61800,1,0.99369097,1
train,27,data_27.csv,onset_leak,27_81_104,24,81,104,48600,62400,1,0.99439937,1
train,27,data_27.csv,onset_leak,27_82_105,24,82,105,49200,63000,1,0.99446094,1
train,27,data_27.csv,onset_leak,27_83_106,24,83,106,49800,63600,1,0.99543214,1
train,27,data_27.csv,onset_leak,27_84_107,24,84,107,50400,64200,1,0.996154,1
train,27,data_27.csv,onset_leak,27_85_108,24,85,108,51000,64800,1,0.9959096,1
train,27,data_27.csv,onset_leak,27_86_109,24,86,109,51600,65400,1,0.9953956,1
train,27,data_27.csv,onset_leak,27_87_110,24,87,110,52200,66000,1,0.995018,1
train,27,data_27.csv,onset_leak,27_88_111,24,88,111,52800,66600,1,0.9951533,1
train,27,data_27.csv,onset_leak,27_89_112,24,89,112,53400,67200,1,0.9950772,1
train,27,data_27.csv,onset_leak,27_90_113,24,90,113,54000,67800,1,0.9945345,1
train,27,data_27.csv,onset_leak,27_91_114,24,91,114,54600,68400,1,0.99261063,1
train,27,data_27.csv,onset_leak,27_92_115,24,92,115,55200,69000,1,0.99159837,1
train,27,data_27.csv,onset_leak,27_93_116,24,93,116,55800,69600,1,0.9905323,1
train,27,data_27.csv,onset_leak,27_94_117,24,94,117,56400,70200,1,0.9899893,1
train,27,data_27.csv,onset_leak,27_95_118,24,95,118,57000,70800,1,0.9870144,1
train,27,data_27.csv,onset_leak,27_96_119,24,96,119,57600,71400,1,0.98337746,1
train,27,data_27.csv,onset_leak,27_97_120,24,97,120,58200,72000,1,0.98170036,1
train,27,data_27.csv,onset_leak,27_98_121,24,98,121,58800,72600,1,0.98196274,1
train,27,data_27.csv,onset_leak,27_99_122,24,99,122,59400,73200,1,0.9859249,1
train,27,data_27.csv,onset_leak,27_100_123,24,100,123,60000,73800,1,0.9876588,1
train,27,data_27.csv,onset_leak,27_101_124,24,101,124,60600,74400,1,0.9887617,1
train,27,data_27.csv,onset_leak,27_102_125,24,102,125,61200,75000,1,0.99013036,1
train,27,data_27.csv,onset_leak,27_103_126,24,103,126,61800,75600,1,0.9892813,1
train,27,data_27.csv,onset_leak,27_104_127,24,104,127,62400,76200,1,0.9897445,1
train,27,data_27.csv,onset_leak,27_105_128,24,105,128,63000,76800,1,0.99310714,1
train,27,data_27.csv,onset_leak,27_106_129,24,106,129,63600,77400,1,0.9945821,1
train,27,data_27.csv,onset_leak,27_107_130,24,107,130,64200,78000,1,0.9954828,1
train,27,data_27.csv,onset_leak,27_108_131,24,108,131,64800,78600,1,0.9962412,1
train,27,data_27.csv,onset_leak,27_109_132,24,109,132,65400,79200,1,0.9958742,1
train,27,data_27.csv,onset_leak,27_110_133,24,110,133,66000,79800,1,0.9954976,1
train,27,data_27.csv,onset_leak,27_111_134,24,111,134,66600,80400,1,0.996743,1
train,27,data_27.csv,onset_leak,27_112_135,24,112,135,67200,81000,1,0.9970885,1
train,27,data_27.csv,onset_leak,27_113_136,24,113,136,67800,81600,1,0.9970156,1
train,27,data_27.csv,onset_leak,27_114_137,24,114,137,68400,82200,1,0.99690115,1
train,27,data_27.csv,onset_leak,27_115_138,24,115,138,69000,82800,1,0.9957468,1
train,27,data_27.csv,onset_leak,27_116_139,24,116,139,69600,83400,1,0.98793346,1
train,27,data_27.csv,onset_leak,27_117_140,24,117,140,70200,84000,1,0.99018705,1
train,27,data_27.csv,onset_leak,27_118_141,24,118,141,70800,84600,1,0.9837884,1
train,27,data_27.csv,onset_leak,27_119_142,24,119,142,71400,85200,1,0.9807037,1
train,27,data_27.csv,onset_leak,27_120_143,24,120,143,72000,85800,1,0.9389261,1
train,27,data_27.csv,onset_leak,27_121_144,24,121,144,72600,86400,1,0.89706314,1
train,28,data_28.csv,onset_leak,28_0_23,24,0,23,0,13800,0,0.0116239125,0
train,28,data_28.csv,onset_leak,28_1_24,24,1,24,600,14400,0,0.011816606,0
train,28,data_28.csv,onset_leak,28_2_25,24,2,25,1200,15000,0,0.012899648,0
train,28,data_28.csv,onset_leak,28_3_26,24,3,26,1800,15600,0,0.013011289,0
train,28,data_28.csv,onset_leak,28_4_27,24,4,27,2400,16200,0,0.012495782,0
train,28,data_28.csv,onset_leak,28_5_28,24,5,28,3000,16800,0,0.012281781,0
train,28,data_28.csv,onset_leak,28_6_29,24,6,29,3600,17400,0,0.012315261,0
train,28,data_28.csv,onset_leak,28_7_30,24,7,30,4200,18000,0,0.012369143,0
train,28,data_28.csv,onset_leak,28_8_31,24,8,31,4800,18600,0,0.013692111,0
train,28,data_28.csv,onset_leak,28_9_32,24,9,32,5400,19200,0,0.013966351,0
train,28,data_28.csv,onset_leak,28_10_33,24,10,33,6000,19800,0,0.013525154,0
train,28,data_28.csv,onset_leak,28_11_34,24,11,34,6600,20400,0,0.013531168,0
train,28,data_28.csv,onset_leak,28_12_35,24,12,35,7200,21000,0,0.014084104,0
train,28,data_28.csv,onset_leak,28_13_36,24,13,36,7800,21600,0,0.014035311,0
train,28,data_28.csv,onset_leak,28_14_37,24,14,37,8400,22200,0,0.015754372,0
train,28,data_28.csv,onset_leak,28_15_38,24,15,38,9000,22800,0,0.016399717,0
train,28,data_28.csv,onset_leak,28_16_39,24,16,39,9600,23400,0,0.016184313,0
train,28,data_28.csv,onset_leak,28_17_40,24,17,40,10200,24000,0,0.016563324,0
train,28,data_28.csv,onset_leak,28_18_41,24,18,41,10800,24600,0,0.018036516,0
train,28,data_28.csv,onset_leak,28_19_42,24,19,42,11400,25200,0,0.017984854,0
train,28,data_28.csv,onset_leak,28_20_43,24,20,43,12000,25800,0,0.020645188,0
train,28,data_28.csv,onset_leak,28_21_44,24,21,44,12600,26400,0,0.022299808,0
train,28,data_28.csv,onset_leak,28_22_45,24,22,45,13200,27000,0,0.02245316,0
train,28,data_28.csv,onset_leak,28_23_46,24,23,46,13800,27600,0,0.023708725,0
train,28,data_28.csv,onset_leak,28_24_47,24,24,47,14400,28200,0,0.02702359,0
train,28,data_28.csv,onset_leak,28_25_48,24,25,48,15000,28800,0,0.028420847,0
train,28,data_28.csv,onset_leak,28_26_49,24,26,49,15600,29400,0,0.035788372,0
train,28,data_28.csv,onset_leak,28_27_50,24,27,50,16200,30000,0,0.03926861,0
train,28,data_28.csv,onset_leak,28_28_51,24,28,51,16800,30600,0,0.038547084,0
train,28,data_28.csv,onset_leak,28_29_52,24,29,52,17400,31200,0,0.04031805,0
train,28,data_28.csv,onset_leak,28_30_53,24,30,53,18000,31800,0,0.046171002,0
train,28,data_28.csv,onset_leak,28_31_54,24,31,54,18600,32400,0,0.06537639,0
train,28,data_28.csv,onset_leak,28_32_55,24,32,55,19200,33000,0,0.12947495,1
train,28,data_28.csv,onset_leak,28_33_56,24,33,56,19800,33600,0,0.1511124,1
train,28,data_28.csv,onset_leak,28_34_57,24,34,57,20400,34200,0,0.108971365,1
train,28,data_28.csv,onset_leak,28_35_58,24,35,58,21000,34800,0,0.112483315,1
train,28,data_28.csv,onset_leak,28_36_59,24,36,59,21600,35400,0,0.10854092,1
train,28,data_28.csv,onset_leak,28_37_60,24,37,60,22200,36000,0,0.105028376,1
train,28,data_28.csv,onset_leak,28_38_61,24,38,61,22800,36600,0,0.116259,1
train,28,data_28.csv,onset_leak,28_39_62,24,39,62,23400,37200,0,0.09069887,0
train,28,data_28.csv,onset_leak,28_40_63,24,40,63,24000,37800,0,0.04119999,0
train,28,data_28.csv,onset_leak,28_41_64,24,41,64,24600,38400,0,0.03137521,0
train,28,data_28.csv,onset_leak,28_42_65,24,42,65,25200,39000,0,0.023267373,0
train,28,data_28.csv,onset_leak,28_43_66,24,43,66,25800,39600,0,0.027183749,0
train,28,data_28.csv,onset_leak,28_44_67,24,44,67,26400,40200,0,0.025542011,0
train,28,data_28.csv,onset_leak,28_45_68,24,45,68,27000,40800,0,0.0225366,0
train,28,data_28.csv,onset_leak,28_46_69,24,46,69,27600,41400,0,0.012420335,0
train,28,data_28.csv,onset_leak,28_47_70,24,47,70,28200,42000,0,0.010102449,0
train,28,data_28.csv,onset_leak,28_48_71,24,48,71,28800,42600,0,0.011211988,0
train,28,data_28.csv,onset_leak,28_49_72,24,49,72,29400,43200,1,0.5282837,1
train,28,data_28.csv,onset_leak,28_50_73,24,50,73,30000,43800,1,0.91890186,1
train,28,data_28.csv,onset_leak,28_51_74,24,51,74,30600,44400,1,0.9717847,1
train,28,data_28.csv,onset_leak,28_52_75,24,52,75,31200,45000,1,0.97110724,1
train,28,data_28.csv,onset_leak,28_53_76,24,53,76,31800,45600,1,0.9931579,1
train,28,data_28.csv,onset_leak,28_54_77,24,54,77,32400,46200,1,0.9962114,1
train,28,data_28.csv,onset_leak,28_55_78,24,55,78,33000,46800,1,0.9969909,1
train,28,data_28.csv,onset_leak,28_56_79,24,56,79,33600,47400,1,0.99669623,1
train,28,data_28.csv,onset_leak,28_57_80,24,57,80,34200,48000,1,0.9963994,1
train,28,data_28.csv,onset_leak,28_58_81,24,58,81,34800,48600,1,0.994348,1
train,28,data_28.csv,onset_leak,28_59_82,24,59,82,35400,49200,1,0.9954592,1
train,28,data_28.csv,onset_leak,28_60_83,24,60,83,36000,49800,1,0.9957267,1
train,28,data_28.csv,onset_leak,28_61_84,24,61,84,36600,50400,1,0.9953649,1
train,28,data_28.csv,onset_leak,28_62_85,24,62,85,37200,51000,1,0.99445665,1
train,28,data_28.csv,onset_leak,28_63_86,24,63,86,37800,51600,1,0.9915931,1
train,28,data_28.csv,onset_leak,28_64_87,24,64,87,38400,52200,1,0.98213124,1
train,28,data_28.csv,onset_leak,28_65_88,24,65,88,39000,52800,1,0.97613436,1
train,28,data_28.csv,onset_leak,28_66_89,24,66,89,39600,53400,1,0.97253066,1
train,28,data_28.csv,onset_leak,28_67_90,24,67,90,40200,54000,1,0.97069687,1
train,28,data_28.csv,onset_leak,28_68_91,24,68,91,40800,54600,1,0.95947045,1
train,28,data_28.csv,onset_leak,28_69_92,24,69,92,41400,55200,1,0.95190006,1
train,28,data_28.csv,onset_leak,28_70_93,24,70,93,42000,55800,1,0.9464195,1
train,28,data_28.csv,onset_leak,28_71_94,24,71,94,42600,56400,1,0.96975344,1
train,28,data_28.csv,onset_leak,28_72_95,24,72,95,43200,57000,1,0.9804012,1
train,28,data_28.csv,onset_leak,28_73_96,24,73,96,43800,57600,1,0.98043686,1
train,28,data_28.csv,onset_leak,28_74_97,24,74,97,44400,58200,1,0.9799171,1
train,28,data_28.csv,onset_leak,28_75_98,24,75,98,45000,58800,1,0.97960734,1
train,28,data_28.csv,onset_leak,28_76_99,24,76,99,45600,59400,1,0.9798733,1
train,28,data_28.csv,onset_leak,28_77_100,24,77,100,46200,60000,1,0.97964543,1
train,28,data_28.csv,onset_leak,28_78_101,24,78,101,46800,60600,1,0.97910494,1
train,28,data_28.csv,onset_leak,28_79_102,24,79,102,47400,61200,1,0.9781319,1
train,28,data_28.csv,onset_leak,28_80_103,24,80,103,48000,61800,1,0.97759,1
train,28,data_28.csv,onset_leak,28_81_104,24,81,104,48600,62400,1,0.97686607,1
train,28,data_28.csv,onset_leak,28_82_105,24,82,105,49200,63000,1,0.9771602,1
train,28,data_28.csv,onset_leak,28_83_106,24,83,106,49800,63600,1,0.9754008,1
train,28,data_28.csv,onset_leak,28_84_107,24,84,107,50400,64200,1,0.97381204,1
train,28,data_28.csv,onset_leak,28_85_108,24,85,108,51000,64800,1,0.9703242,1
train,28,data_28.csv,onset_leak,28_86_109,24,86,109,51600,65400,1,0.9692058,1
train,28,data_28.csv,onset_leak,28_87_110,24,87,110,52200,66000,1,0.9696922,1
train,28,data_28.csv,onset_leak,28_88_111,24,88,111,52800,66600,1,0.9702297,1
train,28,data_28.csv,onset_leak,28_89_112,24,89,112,53400,67200,1,0.9694389,1
train,28,data_28.csv,onset_leak,28_90_113,24,90,113,54000,67800,1,0.9696331,1
train,28,data_28.csv,onset_leak,28_91_114,24,91,114,54600,68400,1,0.9643953,1
train,28,data_28.csv,onset_leak,28_92_115,24,92,115,55200,69000,1,0.96546125,1
train,28,data_28.csv,onset_leak,28_93_116,24,93,116,55800,69600,1,0.97413164,1
train,28,data_28.csv,onset_leak,28_94_117,24,94,117,56400,70200,1,0.97960097,1
train,28,data_28.csv,onset_leak,28_95_118,24,95,118,57000,70800,1,0.9819288,1
train,28,data_28.csv,onset_leak,28_96_119,24,96,119,57600,71400,1,0.98426694,1
train,28,data_28.csv,onset_leak,28_97_120,24,97,120,58200,72000,1,0.9836885,1
train,28,data_28.csv,onset_leak,28_98_121,24,98,121,58800,72600,1,0.98439735,1
train,28,data_28.csv,onset_leak,28_99_122,24,99,122,59400,73200,1,0.98979515,1
train,28,data_28.csv,onset_leak,28_100_123,24,100,123,60000,73800,1,0.9917956,1
train,28,data_28.csv,onset_leak,28_101_124,24,101,124,60600,74400,1,0.9931598,1
train,28,data_28.csv,onset_leak,28_102_125,24,102,125,61200,75000,1,0.9943883,1
train,28,data_28.csv,onset_leak,28_103_126,24,103,126,61800,75600,1,0.9944125,1
train,28,data_28.csv,onset_leak,28_104_127,24,104,127,62400,76200,1,0.9931908,1
train,28,data_28.csv,onset_leak,28_105_128,24,105,128,63000,76800,1,0.99458885,1
train,28,data_28.csv,onset_leak,28_106_129,24,106,129,63600,77400,1,0.99460286,1
train,28,data_28.csv,onset_leak,28_107_130,24,107,130,64200,78000,1,0.9951828,1
train,28,data_28.csv,onset_leak,28_108_131,24,108,131,64800,78600,1,0.99535596,1
train,28,data_28.csv,onset_leak,28_109_132,24,109,132,65400,79200,1,0.99408865,1
train,28,data_28.csv,onset_leak,28_110_133,24,110,133,66000,79800,1,0.98575264,1
train,28,data_28.csv,onset_leak,28_111_134,24,111,134,66600,80400,1,0.98509,1
train,28,data_28.csv,onset_leak,28_112_135,24,112,135,67200,81000,1,0.97764164,1
train,28,data_28.csv,onset_leak,28_113_136,24,113,136,67800,81600,1,0.9615689,1
train,28,data_28.csv,onset_leak,28_114_137,24,114,137,68400,82200,1,0.8734888,1
train,28,data_28.csv,onset_leak,28_115_138,24,115,138,69000,82800,1,0.8630791,1
train,28,data_28.csv,onset_leak,28_116_139,24,116,139,69600,83400,1,0.7720872,1
train,28,data_28.csv,onset_leak,28_117_140,24,117,140,70200,84000,1,0.6940636,1
train,28,data_28.csv,onset_leak,28_118_141,24,118,141,70800,84600,1,0.5396577,1
train,28,data_28.csv,onset_leak,28_119_142,24,119,142,71400,85200,1,0.33674625,1
train,28,data_28.csv,onset_leak,28_120_143,24,120,143,72000,85800,1,0.13456449,1
train,28,data_28.csv,onset_leak,28_121_144,24,121,144,72600,86400,1,0.10046968,1
train,29,data_29.csv,onset_leak,29_0_23,24,0,23,0,13800,0,0.010192662,0
train,29,data_29.csv,onset_leak,29_1_24,24,1,24,600,14400,0,0.011688557,0
train,29,data_29.csv,onset_leak,29_2_25,24,2,25,1200,15000,0,0.016102957,0
train,29,data_29.csv,onset_leak,29_3_26,24,3,26,1800,15600,0,0.01640668,0
train,29,data_29.csv,onset_leak,29_4_27,24,4,27,2400,16200,0,0.013571115,0
train,29,data_29.csv,onset_leak,29_5_28,24,5,28,3000,16800,0,0.010897361,0
train,29,data_29.csv,onset_leak,29_6_29,24,6,29,3600,17400,0,0.008821993,0
train,29,data_29.csv,onset_leak,29_7_30,24,7,30,4200,18000,0,0.011702414,0
train,29,data_29.csv,onset_leak,29_8_31,24,8,31,4800,18600,0,0.023295205,0
train,29,data_29.csv,onset_leak,29_9_32,24,9,32,5400,19200,0,0.026546225,0
train,29,data_29.csv,onset_leak,29_10_33,24,10,33,6000,19800,0,0.020279754,0
train,29,data_29.csv,onset_leak,29_11_34,24,11,34,6600,20400,0,0.018741922,0
train,29,data_29.csv,onset_leak,29_12_35,24,12,35,7200,21000,0,0.019282686,0
train,29,data_29.csv,onset_leak,29_13_36,24,13,36,7800,21600,0,0.018322732,0
train,29,data_29.csv,onset_leak,29_14_37,24,14,37,8400,22200,0,0.01951876,0
train,29,data_29.csv,onset_leak,29_15_38,24,15,38,9000,22800,0,0.015407775,0
train,29,data_29.csv,onset_leak,29_16_39,24,16,39,9600,23400,0,0.0079798335,0
train,29,data_29.csv,onset_leak,29_17_40,24,17,40,10200,24000,0,0.006895114,0
train,29,data_29.csv,onset_leak,29_18_41,24,18,41,10800,24600,0,0.0052562603,0
train,29,data_29.csv,onset_leak,29_19_42,24,19,42,11400,25200,0,0.004170969,0
train,29,data_29.csv,onset_leak,29_20_43,24,20,43,12000,25800,0,0.0040213475,0
train,29,data_29.csv,onset_leak,29_21_44,24,21,44,12600,26400,0,0.0038062802,0
train,29,data_29.csv,onset_leak,29_22_45,24,22,45,13200,27000,0,0.0027625312,0
train,29,data_29.csv,onset_leak,29_23_46,24,23,46,13800,27600,0,0.0023683177,0
train,29,data_29.csv,onset_leak,29_24_47,24,24,47,14400,28200,0,0.0026732362,0
train,29,data_29.csv,onset_leak,29_25_48,24,25,48,15000,28800,0,0.0021538401,0
train,29,data_29.csv,onset_leak,29_26_49,24,26,49,15600,29400,0,0.0026110066,0
train,29,data_29.csv,onset_leak,29_27_50,24,27,50,16200,30000,0,0.0039095334,0
train,29,data_29.csv,onset_leak,29_28_51,24,28,51,16800,30600,0,0.005690983,0
train,29,data_29.csv,onset_leak,29_29_52,24,29,52,17400,31200,0,0.012069865,0
train,29,data_29.csv,onset_leak,29_30_53,24,30,53,18000,31800,0,0.044741217,0
train,29,data_29.csv,onset_leak,29_31_54,24,31,54,18600,32400,0,0.028316699,0
train,29,data_29.csv,onset_leak,29_32_55,24,32,55,19200,33000,0,0.017678034,0
train,29,data_29.csv,onset_leak,29_33_56,24,33,56,19800,33600,0,0.01621914,0
train,29,data_29.csv,onset_leak,29_34_57,24,34,57,20400,34200,0,0.028969312,0
train,29,data_29.csv,onset_leak,29_35_58,24,35,58,21000,34800,0,0.03800929,0
train,29,data_29.csv,onset_leak,29_36_59,24,36,59,21600,35400,0,0.09733588,0
train,29,data_29.csv,onset_leak,29_37_60,24,37,60,22200,36000,0,0.05428777,0
train,29,data_29.csv,onset_leak,29_38_61,24,38,61,22800,36600,0,0.05370668,0
train,29,data_29.csv,onset_leak,29_39_62,24,39,62,23400,37200,0,0.057230547,0
train,29,data_29.csv,onset_leak,29_40_63,24,40,63,24000,37800,0,0.063297294,0
train,29,data_29.csv,onset_leak,29_41_64,24,41,64,24600,38400,0,0.10967812,1
train,29,data_29.csv,onset_leak,29_42_65,24,42,65,25200,39000,0,0.28150988,1
train,29,data_29.csv,onset_leak,29_43_66,24,43,66,25800,39600,0,0.2626728,1
train,29,data_29.csv,onset_leak,29_44_67,24,44,67,26400,40200,0,0.23624557,1
train,29,data_29.csv,onset_leak,29_45_68,24,45,68,27000,40800,0,0.30884448,1
train,29,data_29.csv,onset_leak,29_46_69,24,46,69,27600,41400,0,0.36025685,1
train,29,data_29.csv,onset_leak,29_47_70,24,47,70,28200,42000,0,0.5405447,1
train,29,data_29.csv,onset_leak,29_48_71,24,48,71,28800,42600,0,0.71412355,1
train,29,data_29.csv,onset_leak,29_49_72,24,49,72,29400,43200,1,0.84590954,1
train,29,data_29.csv,onset_leak,29_50_73,24,50,73,30000,43800,1,0.8562377,1
train,29,data_29.csv,onset_leak,29_51_74,24,51,74,30600,44400,1,0.8472383,1
train,29,data_29.csv,onset_leak,29_52_75,24,52,75,31200,45000,1,0.86397105,1
train,29,data_29.csv,onset_leak,29_53_76,24,53,76,31800,45600,1,0.91100234,1
train,29,data_29.csv,onset_leak,29_54_77,24,54,77,32400,46200,1,0.939467,1
train,29,data_29.csv,onset_leak,29_55_78,24,55,78,33000,46800,1,0.89130574,1
train,29,data_29.csv,onset_leak,29_56_79,24,56,79,33600,47400,1,0.8860592,1
train,29,data_29.csv,onset_leak,29_57_80,24,57,80,34200,48000,1,0.8872208,1
train,29,data_29.csv,onset_leak,29_58_81,24,58,81,34800,48600,1,0.8924842,1
train,29,data_29.csv,onset_leak,29_59_82,24,59,82,35400,49200,1,0.8348889,1
train,29,data_29.csv,onset_leak,29_60_83,24,60,83,36000,49800,1,0.72981274,1
train,29,data_29.csv,onset_leak,29_61_84,24,61,84,36600,50400,1,0.43957287,1
train,29,data_29.csv,onset_leak,29_62_85,24,62,85,37200,51000,1,0.29393113,1
train,29,data_29.csv,onset_leak,29_63_86,24,63,86,37800,51600,1,0.21744606,1
train,29,data_29.csv,onset_leak,29_64_87,24,64,87,38400,52200,1,0.18611592,1
train,29,data_29.csv,onset_leak,29_65_88,24,65,88,39000,52800,1,0.17665341,1
train,29,data_29.csv,onset_leak,29_66_89,24,66,89,39600,53400,1,0.14586079,1
train,29,data_29.csv,onset_leak,29_67_90,24,67,90,40200,54000,1,0.058809094,0
train,29,data_29.csv,onset_leak,29_68_91,24,68,91,40800,54600,1,0.05304961,0
train,29,data_29.csv,onset_leak,29_69_92,24,69,92,41400,55200,1,0.15134385,1
train,29,data_29.csv,onset_leak,29_70_93,24,70,93,42000,55800,1,0.22906101,1
train,29,data_29.csv,onset_leak,29_71_94,24,71,94,42600,56400,1,0.6803555,1
train,29,data_29.csv,onset_leak,29_72_95,24,72,95,43200,57000,1,0.96261716,1
train,29,data_29.csv,onset_leak,29_73_96,24,73,96,43800,57600,1,0.96253884,1
train,29,data_29.csv,onset_leak,29_74_97,24,74,97,44400,58200,1,0.9352071,1
train,29,data_29.csv,onset_leak,29_75_98,24,75,98,45000,58800,1,0.92859185,1
train,29,data_29.csv,onset_leak,29_76_99,24,76,99,45600,59400,1,0.9139392,1
train,29,data_29.csv,onset_leak,29_77_100,24,77,100,46200,60000,1,0.8764304,1
train,29,data_29.csv,onset_leak,29_78_101,24,78,101,46800,60600,1,0.79357356,1
train,29,data_29.csv,onset_leak,29_79_102,24,79,102,47400,61200,1,0.82178265,1
train,29,data_29.csv,onset_leak,29_80_103,24,80,103,48000,61800,1,0.7826866,1
train,29,data_29.csv,onset_leak,29_81_104,24,81,104,48600,62400,1,0.7118284,1
train,29,data_29.csv,onset_leak,29_82_105,24,82,105,49200,63000,1,0.66818714,1
train,29,data_29.csv,onset_leak,29_83_106,24,83,106,49800,63600,1,0.5661385,1
train,29,data_29.csv,onset_leak,29_84_107,24,84,107,50400,64200,1,0.37983686,1
train,29,data_29.csv,onset_leak,29_85_108,24,85,108,51000,64800,1,0.57899857,1
train,29,data_29.csv,onset_leak,29_86_109,24,86,109,51600,65400,1,0.63690627,1
train,29,data_29.csv,onset_leak,29_87_110,24,87,110,52200,66000,1,0.688444,1
train,29,data_29.csv,onset_leak,29_88_111,24,88,111,52800,66600,1,0.743683,1
train,29,data_29.csv,onset_leak,29_89_112,24,89,112,53400,67200,1,0.7553189,1
train,29,data_29.csv,onset_leak,29_90_113,24,90,113,54000,67800,1,0.7628566,1
train,29,data_29.csv,onset_leak,29_91_114,24,91,114,54600,68400,1,0.9131966,1
train,29,data_29.csv,onset_leak,29_92_115,24,92,115,55200,69000,1,0.94390583,1
train,29,data_29.csv,onset_leak,29_93_116,24,93,116,55800,69600,1,0.95440465,1
train,29,data_29.csv,onset_leak,29_94_117,24,94,117,56400,70200,1,0.9554043,1
train,29,data_29.csv,onset_leak,29_95_118,24,95,118,57000,70800,1,0.96147865,1
train,29,data_29.csv,onset_leak,29_96_119,24,96,119,57600,71400,1,0.96785784,1
train,29,data_29.csv,onset_leak,29_97_120,24,97,120,58200,72000,1,0.97412133,1
train,29,data_29.csv,onset_leak,29_98_121,24,98,121,58800,72600,1,0.9781325,1
train,29,data_29.csv,onset_leak,29_99_122,24,99,122,59400,73200,1,0.9789404,1
train,29,data_29.csv,onset_leak,29_100_123,24,100,123,60000,73800,1,0.9737863,1
train,29,data_29.csv,onset_leak,29_101_124,24,101,124,60600,74400,1,0.97149086,1
train,29,data_29.csv,onset_leak,29_102_125,24,102,125,61200,75000,1,0.96949065,1
train,29,data_29.csv,onset_leak,29_103_126,24,103,126,61800,75600,1,0.9465746,1
train,29,data_29.csv,onset_leak,29_104_127,24,104,127,62400,76200,1,0.9291539,1
train,29,data_29.csv,onset_leak,29_105_128,24,105,128,63000,76800,1,0.9102155,1
train,29,data_29.csv,onset_leak,29_106_129,24,106,129,63600,77400,1,0.8761598,1
train,29,data_29.csv,onset_leak,29_107_130,24,107,130,64200,78000,1,0.86514264,1
train,29,data_29.csv,onset_leak,29_108_131,24,108,131,64800,78600,1,0.862151,1
train,29,data_29.csv,onset_leak,29_109_132,24,109,132,65400,79200,1,0.7831752,1
train,29,data_29.csv,onset_leak,29_110_133,24,110,133,66000,79800,1,0.77409804,1
train,29,data_29.csv,onset_leak,29_111_134,24,111,134,66600,80400,1,0.8108793,1
train,29,data_29.csv,onset_leak,29_112_135,24,112,135,67200,81000,1,0.8692453,1
train,29,data_29.csv,onset_leak,29_113_136,24,113,136,67800,81600,1,0.9233073,1
train,29,data_29.csv,onset_leak,29_114_137,24,114,137,68400,82200,1,0.95854217,1
train,29,data_29.csv,onset_leak,29_115_138,24,115,138,69000,82800,1,0.94214916,1
train,29,data_29.csv,onset_leak,29_116_139,24,116,139,69600,83400,1,0.87399817,1
train,29,data_29.csv,onset_leak,29_117_140,24,117,140,70200,84000,1,0.9303469,1
train,29,data_29.csv,onset_leak,29_118_141,24,118,141,70800,84600,1,0.9091702,1
train,29,data_29.csv,onset_leak,29_119_142,24,119,142,71400,85200,1,0.9573524,1
train,29,data_29.csv,onset_leak,29_120_143,24,120,143,72000,85800,1,0.9670442,1
train,29,data_29.csv,onset_leak,29_121_144,24,121,144,72600,86400,1,0.9311664,1
train,31,data_31.csv,persistent_leak,31_0_23,24,0,23,0,13800,1,0.3825403,1
train,31,data_31.csv,persistent_leak,31_1_24,24,1,24,600,14400,1,0.4645715,1
train,31,data_31.csv,persistent_leak,31_2_25,24,2,25,1200,15000,1,0.5063023,1
train,31,data_31.csv,persistent_leak,31_3_26,24,3,26,1800,15600,1,0.5063023,1
train,31,data_31.csv,persistent_leak,31_4_27,24,4,27,2400,16200,1,0.5063023,1
train,31,data_31.csv,persistent_leak,31_5_28,24,5,28,3000,16800,1,0.5063023,1
train,31,data_31.csv,persistent_leak,31_6_29,24,6,29,3600,17400,1,0.5063023,1
train,31,data_31.csv,persistent_leak,31_7_30,24,7,30,4200,18000,1,0.49120417,1
train,31,data_31.csv,persistent_leak,31_8_31,24,8,31,4800,18600,1,0.49063924,1
train,31,data_31.csv,persistent_leak,31_9_32,24,9,32,5400,19200,1,0.47368237,1
train,31,data_31.csv,persistent_leak,31_10_33,24,10,33,6000,19800,1,0.34670752,1
train,31,data_31.csv,persistent_leak,31_11_34,24,11,34,6600,20400,1,0.26548958,1
train,31,data_31.csv,persistent_leak,31_12_35,24,12,35,7200,21000,1,0.17314087,1
train,31,data_31.csv,persistent_leak,31_13_36,24,13,36,7800,21600,1,0.14680786,1
train,31,data_31.csv,persistent_leak,31_14_37,24,14,37,8400,22200,1,0.10157265,1
train,31,data_31.csv,persistent_leak,31_15_38,24,15,38,9000,22800,1,0.07059558,0
train,31,data_31.csv,persistent_leak,31_16_39,24,16,39,9600,23400,1,0.042822693,0
train,31,data_31.csv,persistent_leak,31_17_40,24,17,40,10200,24000,1,0.029634379,0
train,31,data_31.csv,persistent_leak,31_18_41,24,18,41,10800,24600,1,0.01710761,0
train,31,data_31.csv,persistent_leak,31_19_42,24,19,42,11400,25200,1,0.01800807,0
train,31,data_31.csv,persistent_leak,31_20_43,24,20,43,12000,25800,1,0.02914592,0
train,31,data_31.csv,persistent_leak,31_21_44,24,21,44,12600,26400,1,0.046480626,0
train,31,data_31.csv,persistent_leak,31_22_45,24,22,45,13200,27000,1,0.060416333,0
train,31,data_31.csv,persistent_leak,31_23_46,24,23,46,13800,27600,1,0.099611595,0
train,31,data_31.csv,persistent_leak,31_24_47,24,24,47,14400,28200,1,0.15802021,1
train,31,data_31.csv,persistent_leak,31_25_48,24,25,48,15000,28800,1,0.60827833,1
train,31,data_31.csv,persistent_leak,31_26_49,24,26,49,15600,29400,1,0.8305911,1
train,31,data_31.csv,persistent_leak,31_27_50,24,27,50,16200,30000,1,0.85001045,1
train,31,data_31.csv,persistent_leak,31_28_51,24,28,51,16800,30600,1,0.8981196,1
train,31,data_31.csv,persistent_leak,31_29_52,24,29,52,17400,31200,1,0.9046822,1
train,31,data_31.csv,persistent_leak,31_30_53,24,30,53,18000,31800,1,0.921424,1
train,31,data_31.csv,persistent_leak,31_31_54,24,31,54,18600,32400,1,0.80801135,1
train,31,data_31.csv,persistent_leak,31_32_55,24,32,55,19200,33000,1,0.7152061,1
train,31,data_31.csv,persistent_leak,31_33_56,24,33,56,19800,33600,1,0.65051836,1
train,31,data_31.csv,persistent_leak,31_34_57,24,34,57,20400,34200,1,0.6045351,1
train,31,data_31.csv,persistent_leak,31_35_58,24,35,58,21000,34800,1,0.58985454,1
train,31,data_31.csv,persistent_leak,31_36_59,24,36,59,21600,35400,1,0.6134382,1
train,31,data_31.csv,persistent_leak,31_37_60,24,37,60,22200,36000,1,0.59380436,1
train,31,data_31.csv,persistent_leak,31_38_61,24,38,61,22800,36600,1,0.57116777,1
train,31,data_31.csv,persistent_leak,31_39_62,24,39,62,23400,37200,1,0.603987,1
train,31,data_31.csv,persistent_leak,31_40_63,24,40,63,24000,37800,1,0.61621845,1
train,31,data_31.csv,persistent_leak,31_41_64,24,41,64,24600,38400,1,0.69969356,1
train,31,data_31.csv,persistent_leak,31_42_65,24,42,65,25200,39000,1,0.77414185,1
train,31,data_31.csv,persistent_leak,31_43_66,24,43,66,25800,39600,1,0.77637273,1
train,31,data_31.csv,persistent_leak,31_44_67,24,44,67,26400,40200,1,0.7926846,1
train,31,data_31.csv,persistent_leak,31_45_68,24,45,68,27000,40800,1,0.8267108,1
train,31,data_31.csv,persistent_leak,31_46_69,24,46,69,27600,41400,1,0.85776824,1
train,31,data_31.csv,persistent_leak,31_47_70,24,47,70,28200,42000,1,0.9117829,1
train,31,data_31.csv,persistent_leak,31_48_71,24,48,71,28800,42600,1,0.94093966,1
train,31,data_31.csv,persistent_leak,31_49_72,24,49,72,29400,43200,1,0.9393794,1
train,31,data_31.csv,persistent_leak,31_50_73,24,50,73,30000,43800,1,0.92657995,1
train,31,data_31.csv,persistent_leak,31_51_74,24,51,74,30600,44400,1,0.89212173,1
train,31,data_31.csv,persistent_leak,31_52_75,24,52,75,31200,45000,1,0.8759417,1
train,31,data_31.csv,persistent_leak,31_53_76,24,53,76,31800,45600,1,0.8445808,1
train,31,data_31.csv,persistent_leak,31_54_77,24,54,77,32400,46200,1,0.7948165,1
train,31,data_31.csv,persistent_leak,31_55_78,24,55,78,33000,46800,1,0.8452974,1
train,31,data_31.csv,persistent_leak,31_56_79,24,56,79,33600,47400,1,0.8836558,1
train,31,data_31.csv,persistent_leak,31_57_80,24,57,80,34200,48000,1,0.9072806,1
train,31,data_31.csv,persistent_leak,31_58_81,24,58,81,34800,48600,1,0.9263388,1
train,31,data_31.csv,persistent_leak,31_59_82,24,59,82,35400,49200,1,0.93388945,1
train,31,data_31.csv,persistent_leak,31_60_83,24,60,83,36000,49800,1,0.9383754,1
train,31,data_31.csv,persistent_leak,31_61_84,24,61,84,36600,50400,1,0.964172,1
train,31,data_31.csv,persistent_leak,31_62_85,24,62,85,37200,51000,1,0.97456145,1
train,31,data_31.csv,persistent_leak,31_63_86,24,63,86,37800,51600,1,0.9761103,1
train,31,data_31.csv,persistent_leak,31_64_87,24,64,87,38400,52200,1,0.9731407,1
train,31,data_31.csv,persistent_leak,31_65_88,24,65,88,39000,52800,1,0.970401,1
train,31,data_31.csv,persistent_leak,31_66_89,24,66,89,39600,53400,1,0.9689586,1
train,31,data_31.csv,persistent_leak,31_67_90,24,67,90,40200,54000,1,0.97820204,1
train,31,data_31.csv,persistent_leak,31_68_91,24,68,91,40800,54600,1,0.9795777,1
train,31,data_31.csv,persistent_leak,31_69_92,24,69,92,41400,55200,1,0.98026055,1
train,31,data_31.csv,persistent_leak,31_70_93,24,70,93,42000,55800,1,0.9747552,1
train,31,data_31.csv,persistent_leak,31_71_94,24,71,94,42600,56400,1,0.9773122,1
train,31,data_31.csv,persistent_leak,31_72_95,24,72,95,43200,57000,1,0.9803743,1
train,31,data_31.csv,persistent_leak,31_73_96,24,73,96,43800,57600,1,0.9829328,1
train,31,data_31.csv,persistent_leak,31_74_97,24,74,97,44400,58200,1,0.98328304,1
train,31,data_31.csv,persistent_leak,31_75_98,24,75,98,45000,58800,1,0.98299235,1
train,31,data_31.csv,persistent_leak,31_76_99,24,76,99,45600,59400,1,0.9797738,1
train,31,data_31.csv,persistent_leak,31_77_100,24,77,100,46200,60000,1,0.980906,1
train,31,data_31.csv,persistent_leak,31_78_101,24,78,101,46800,60600,1,0.98291934,1
train,31,data_31.csv,persistent_leak,31_79_102,24,79,102,47400,61200,1,0.9856542,1
train,31,data_31.csv,persistent_leak,31_80_103,24,80,103,48000,61800,1,0.9862059,1
train,31,data_31.csv,persistent_leak,31_81_104,24,81,104,48600,62400,1,0.9863658,1
train,31,data_31.csv,persistent_leak,31_82_105,24,82,105,49200,63000,1,0.98433393,1
train,31,data_31.csv,persistent_leak,31_83_106,24,83,106,49800,63600,1,0.98559105,1
train,31,data_31.csv,persistent_leak,31_84_107,24,84,107,50400,64200,1,0.9872105,1
train,31,data_31.csv,persistent_leak,31_85_108,24,85,108,51000,64800,1,0.98496467,1
train,31,data_31.csv,persistent_leak,31_86_109,24,86,109,51600,65400,1,0.9831697,1
train,31,data_31.csv,persistent_leak,31_87_110,24,87,110,52200,66000,1,0.9826231,1
train,31,data_31.csv,persistent_leak,31_88_111,24,88,111,52800,66600,1,0.98138547,1
train,31,data_31.csv,persistent_leak,31_89_112,24,89,112,53400,67200,1,0.98195845,1
train,31,data_31.csv,persistent_leak,31_90_113,24,90,113,54000,67800,1,0.9827072,1
train,31,data_31.csv,persistent_leak,31_91_114,24,91,114,54600,68400,1,0.9813479,1
train,31,data_31.csv,persistent_leak,31_92_115,24,92,115,55200,69000,1,0.98082596,1
train,31,data_31.csv,persistent_leak,31_93_116,24,93,116,55800,69600,1,0.9803463,1
train,31,data_31.csv,persistent_leak,31_94_117,24,94,117,56400,70200,1,0.97916406,1
train,31,data_31.csv,persistent_leak,31_95_118,24,95,118,57000,70800,1,0.97959685,1
train,31,data_31.csv,persistent_leak,31_96_119,24,96,119,57600,71400,1,0.9802509,1
train,31,data_31.csv,persistent_leak,31_97_120,24,97,120,58200,72000,1,0.97428936,1
train,31,data_31.csv,persistent_leak,31_98_121,24,98,121,58800,72600,1,0.97366256,1
train,31,data_31.csv,persistent_leak,31_99_122,24,99,122,59400,73200,1,0.97910255,1
train,31,data_31.csv,persistent_leak,31_100_123,24,100,123,60000,73800,1,0.98205847,1
train,31,data_31.csv,persistent_leak,31_101_124,24,101,124,60600,74400,1,0.98456514,1
train,31,data_31.csv,persistent_leak,31_102_125,24,102,125,61200,75000,1,0.98717624,1
train,31,data_31.csv,persistent_leak,31_103_126,24,103,126,61800,75600,1,0.98478323,1
train,31,data_31.csv,persistent_leak,31_104_127,24,104,127,62400,76200,1,0.98544115,1
train,31,data_31.csv,persistent_leak,31_105_128,24,105,128,63000,76800,1,0.9906618,1
train,31,data_31.csv,persistent_leak,31_106_129,24,106,129,63600,77400,1,0.9929564,1
train,31,data_31.csv,persistent_leak,31_107_130,24,107,130,64200,78000,1,0.9936853,1
train,31,data_31.csv,persistent_leak,31_108_131,24,108,131,64800,78600,1,0.99443454,1
train,31,data_31.csv,persistent_leak,31_109_132,24,109,132,65400,79200,1,0.9946601,1
train,31,data_31.csv,persistent_leak,31_110_133,24,110,133,66000,79800,1,0.99440837,1
train,31,data_31.csv,persistent_leak,31_111_134,24,111,134,66600,80400,1,0.9964455,1
train,31,data_31.csv,persistent_leak,31_112_135,24,112,135,67200,81000,1,0.9969503,1
train,31,data_31.csv,persistent_leak,31_113_136,24,113,136,67800,81600,1,0.997428,1
train,31,data_31.csv,persistent_leak,31_114_137,24,114,137,68400,82200,1,0.99791485,1
train,31,data_31.csv,persistent_leak,31_115_138,24,115,138,69000,82800,1,0.99632096,1
train,31,data_31.csv,persistent_leak,31_116_139,24,116,139,69600,83400,1,0.9836827,1
train,31,data_31.csv,persistent_leak,31_117_140,24,117,140,70200,84000,1,0.9894019,1
train,31,data_31.csv,persistent_leak,31_118_141,24,118,141,70800,84600,1,0.9850721,1
train,31,data_31.csv,persistent_leak,31_119_142,24,119,142,71400,85200,1,0.9864457,1
train,31,data_31.csv,persistent_leak,31_120_143,24,120,143,72000,85800,1,0.9696046,1
train,31,data_31.csv,persistent_leak,31_121_144,24,121,144,72600,86400,1,0.96151173,1
train,33,data_33.csv,persistent_leak,33_0_23,24,0,23,0,13800,1,0.40754664,1
train,33,data_33.csv,persistent_leak,33_1_24,24,1,24,600,14400,1,0.44196206,1
train,33,data_33.csv,persistent_leak,33_2_25,24,2,25,1200,15000,1,0.47421053,1
train,33,data_33.csv,persistent_leak,33_3_26,24,3,26,1800,15600,1,0.49702176,1
train,33,data_33.csv,persistent_leak,33_4_27,24,4,27,2400,16200,1,0.50533396,1
train,33,data_33.csv,persistent_leak,33_5_28,24,5,28,3000,16800,1,0.5063023,1
train,33,data_33.csv,persistent_leak,33_6_29,24,6,29,3600,17400,1,0.5063023,1
train,33,data_33.csv,persistent_leak,33_7_30,24,7,30,4200,18000,1,0.5063023,1
train,33,data_33.csv,persistent_leak,33_8_31,24,8,31,4800,18600,1,0.5063023,1
train,33,data_33.csv,persistent_leak,33_9_32,24,9,32,5400,19200,1,0.5063023,1
train,33,data_33.csv,persistent_leak,33_10_33,24,10,33,6000,19800,1,0.5063023,1
train,33,data_33.csv,persistent_leak,33_11_34,24,11,34,6600,20400,1,0.5063023,1
train,33,data_33.csv,persistent_leak,33_12_35,24,12,35,7200,21000,1,0.5063023,1
train,33,data_33.csv,persistent_leak,33_13_36,24,13,36,7800,21600,1,0.5063023,1
train,33,data_33.csv,persistent_leak,33_14_37,24,14,37,8400,22200,1,0.5063023,1
train,33,data_33.csv,persistent_leak,33_15_38,24,15,38,9000,22800,1,0.5005329,1
train,33,data_33.csv,persistent_leak,33_16_39,24,16,39,9600,23400,1,0.44936562,1
train,33,data_33.csv,persistent_leak,33_17_40,24,17,40,10200,24000,1,0.37538368,1
train,33,data_33.csv,persistent_leak,33_18_41,24,18,41,10800,24600,1,0.31042135,1
train,33,data_33.csv,persistent_leak,33_19_42,24,19,42,11400,25200,1,0.33754465,1
train,33,data_33.csv,persistent_leak,33_20_43,24,20,43,12000,25800,1,0.42494383,1
train,33,data_33.csv,persistent_leak,33_21_44,24,21,44,12600,26400,1,0.44480944,1
train,33,data_33.csv,persistent_leak,33_22_45,24,22,45,13200,27000,1,0.40795213,1
train,33,data_33.csv,persistent_leak,33_23_46,24,23,46,13800,27600,1,0.4310114,1
train,33,data_33.csv,persistent_leak,33_24_47,24,24,47,14400,28200,1,0.44598773,1
train,33,data_33.csv,persistent_leak,33_25_48,24,25,48,15000,28800,1,0.43932855,1
train,33,data_33.csv,persistent_leak,33_26_49,24,26,49,15600,29400,1,0.44838917,1
train,33,data_33.csv,persistent_leak,33_27_50,24,27,50,16200,30000,1,0.426535,1
train,33,data_33.csv,persistent_leak,33_28_51,24,28,51,16800,30600,1,0.38372222,1
train,33,data_33.csv,persistent_leak,33_29_52,24,29,52,17400,31200,1,0.4064195,1
train,33,data_33.csv,persistent_leak,33_30_53,24,30,53,18000,31800,1,0.38258737,1
train,33,data_33.csv,persistent_leak,33_31_54,24,31,54,18600,32400,1,0.40106848,1
train,33,data_33.csv,persistent_leak,33_32_55,24,32,55,19200,33000,1,0.3502316,1
train,33,data_33.csv,persistent_leak,33_33_56,24,33,56,19800,33600,1,0.28448585,1
train,33,data_33.csv,persistent_leak,33_34_57,24,34,57,20400,34200,1,0.3020984,1
train,33,data_33.csv,persistent_leak,33_35_58,24,35,58,21000,34800,1,0.27176237,1
train,33,data_33.csv,persistent_leak,33_36_59,24,36,59,21600,35400,1,0.21891569,1
train,33,data_33.csv,persistent_leak,33_37_60,24,37,60,22200,36000,1,0.29836342,1
train,33,data_33.csv,persistent_leak,33_38_61,24,38,61,22800,36600,1,0.4393401,1
train,33,data_33.csv,persistent_leak,33_39_62,24,39,62,23400,37200,1,0.47697756,1
train,33,data_33.csv,persistent_leak,33_40_63,24,40,63,24000,37800,1,0.48911512,1
train,33,data_33.csv,persistent_leak,33_41_64,24,41,64,24600,38400,1,0.50528264,1
train,33,data_33.csv,persistent_leak,33_42_65,24,42,65,25200,39000,1,0.6186243,1
train,33,data_33.csv,persistent_leak,33_43_66,24,43,66,25800,39600,1,0.8659802,1
train,33,data_33.csv,persistent_leak,33_44_67,24,44,67,26400,40200,1,0.9007034,1
train,33,data_33.csv,persistent_leak,33_45_68,24,45,68,27000,40800,1,0.91790843,1
train,33,data_33.csv,persistent_leak,33_46_69,24,46,69,27600,41400,1,0.9182402,1
train,33,data_33.csv,persistent_leak,33_47_70,24,47,70,28200,42000,1,0.93481433,1
train,33,data_33.csv,persistent_leak,33_48_71,24,48,71,28800,42600,1,0.9470902,1
train,33,data_33.csv,persistent_leak,33_49_72,24,49,72,29400,43200,1,0.96157444,1
train,33,data_33.csv,persistent_leak,33_50_73,24,50,73,30000,43800,1,0.96846676,1
train,33,data_33.csv,persistent_leak,33_51_74,24,51,74,30600,44400,1,0.96964496,1
train,33,data_33.csv,persistent_leak,33_52_75,24,52,75,31200,45000,1,0.9654354,1
train,33,data_33.csv,persistent_leak,33_53_76,24,53,76,31800,45600,1,0.96360105,1
train,33,data_33.csv,persistent_leak,33_54_77,24,54,77,32400,46200,1,0.96178323,1
train,33,data_33.csv,persistent_leak,33_55_78,24,55,78,33000,46800,1,0.95110184,1
train,33,data_33.csv,persistent_leak,33_56_79,24,56,79,33600,47400,1,0.94321996,1
train,33,data_33.csv,persistent_leak,33_57_80,24,57,80,34200,48000,1,0.9325493,1
train,33,data_33.csv,persistent_leak,33_58_81,24,58,81,34800,48600,1,0.90640414,1
train,33,data_33.csv,persistent_leak,33_59_82,24,59,82,35400,49200,1,0.891183,1
train,33,data_33.csv,persistent_leak,33_60_83,24,60,83,36000,49800,1,0.88641363,1
train,33,data_33.csv,persistent_leak,33_61_84,24,61,84,36600,50400,1,0.83539236,1
train,33,data_33.csv,persistent_leak,33_62_85,24,62,85,37200,51000,1,0.7980643,1
train,33,data_33.csv,persistent_leak,33_63_86,24,63,86,37800,51600,1,0.804912,1
train,33,data_33.csv,persistent_leak,33_64_87,24,64,87,38400,52200,1,0.8240096,1
train,33,data_33.csv,persistent_leak,33_65_88,24,65,88,39000,52800,1,0.87401825,1
train,33,data_33.csv,persistent_leak,33_66_89,24,66,89,39600,53400,1,0.91394705,1
train,33,data_33.csv,persistent_leak,33_67_90,24,67,90,40200,54000,1,0.9155885,1
train,33,data_33.csv,persistent_leak,33_68_91,24,68,91,40800,54600,1,0.92426676,1
train,33,data_33.csv,persistent_leak,33_69_92,24,69,92,41400,55200,1,0.9438215,1
train,33,data_33.csv,persistent_leak,33_70_93,24,70,93,42000,55800,1,0.95222574,1
train,33,data_33.csv,persistent_leak,33_71_94,24,71,94,42600,56400,1,0.96427286,1
train,33,data_33.csv,persistent_leak,33_72_95,24,72,95,43200,57000,1,0.9734674,1
train,33,data_33.csv,persistent_leak,33_73_96,24,73,96,43800,57600,1,0.9738529,1
train,33,data_33.csv,persistent_leak,33_74_97,24,74,97,44400,58200,1,0.97131574,1
train,33,data_33.csv,persistent_leak,33_75_98,24,75,98,45000,58800,1,0.9720709,1
train,33,data_33.csv,persistent_leak,33_76_99,24,76,99,45600,59400,1,0.9712297,1
train,33,data_33.csv,persistent_leak,33_77_100,24,77,100,46200,60000,1,0.9707836,1
train,33,data_33.csv,persistent_leak,33_78_101,24,78,101,46800,60600,1,0.9680798,1
train,33,data_33.csv,persistent_leak,33_79_102,24,79,102,47400,61200,1,0.9646276,1
train,33,data_33.csv,persistent_leak,33_80_103,24,80,103,48000,61800,1,0.9543297,1
train,33,data_33.csv,persistent_leak,33_81_104,24,81,104,48600,62400,1,0.9422745,1
train,33,data_33.csv,persistent_leak,33_82_105,24,82,105,49200,63000,1,0.9310483,1
train,33,data_33.csv,persistent_leak,33_83_106,24,83,106,49800,63600,1,0.90221363,1
train,33,data_33.csv,persistent_leak,33_84_107,24,84,107,50400,64200,1,0.8541305,1
train,33,data_33.csv,persistent_leak,33_85_108,24,85,108,51000,64800,1,0.8527506,1
train,33,data_33.csv,persistent_leak,33_86_109,24,86,109,51600,65400,1,0.83146113,1
train,33,data_33.csv,persistent_leak,33_87_110,24,87,110,52200,66000,1,0.7852258,1
train,33,data_33.csv,persistent_leak,33_88_111,24,88,111,52800,66600,1,0.7678445,1
train,33,data_33.csv,persistent_leak,33_89_112,24,89,112,53400,67200,1,0.7313227,1
train,33,data_33.csv,persistent_leak,33_90_113,24,90,113,54000,67800,1,0.6724389,1
train,33,data_33.csv,persistent_leak,33_91_114,24,91,114,54600,68400,1,0.6268835,1
train,33,data_33.csv,persistent_leak,33_92_115,24,92,115,55200,69000,1,0.60757154,1
train,33,data_33.csv,persistent_leak,33_93_116,24,93,116,55800,69600,1,0.6094317,1
train,33,data_33.csv,persistent_leak,33_94_117,24,94,117,56400,70200,1,0.61017805,1
train,33,data_33.csv,persistent_leak,33_95_118,24,95,118,57000,70800,1,0.59121394,1
train,33,data_33.csv,persistent_leak,33_96_119,24,96,119,57600,71400,1,0.58208174,1
train,33,data_33.csv,persistent_leak,33_97_120,24,97,120,58200,72000,1,0.555696,1
train,33,data_33.csv,persistent_leak,33_98_121,24,98,121,58800,72600,1,0.5487793,1
train,33,data_33.csv,persistent_leak,33_99_122,24,99,122,59400,73200,1,0.5519651,1
train,33,data_33.csv,persistent_leak,33_100_123,24,100,123,60000,73800,1,0.5425122,1
train,33,data_33.csv,persistent_leak,33_101_124,24,101,124,60600,74400,1,0.54127747,1
train,33,data_33.csv,persistent_leak,33_102_125,24,102,125,61200,75000,1,0.53166795,1
train,33,data_33.csv,persistent_leak,33_103_126,24,103,126,61800,75600,1,0.50295633,1
train,33,data_33.csv,persistent_leak,33_104_127,24,104,127,62400,76200,1,0.5118434,1
train,33,data_33.csv,persistent_leak,33_105_128,24,105,128,63000,76800,1,0.6031523,1
train,33,data_33.csv,persistent_leak,33_106_129,24,106,129,63600,77400,1,0.61867213,1
train,33,data_33.csv,persistent_leak,33_107_130,24,107,130,64200,78000,1,0.7410204,1
train,33,data_33.csv,persistent_leak,33_108_131,24,108,131,64800,78600,1,0.83882564,1
train,33,data_33.csv,persistent_leak,33_109_132,24,109,132,65400,79200,1,0.7976132,1
train,33,data_33.csv,persistent_leak,33_110_133,24,110,133,66000,79800,1,0.72851896,1
train,33,data_33.csv,persistent_leak,33_111_134,24,111,134,66600,80400,1,0.7535079,1
train,33,data_33.csv,persistent_leak,33_112_135,24,112,135,67200,81000,1,0.7555181,1
train,33,data_33.csv,persistent_leak,33_113_136,24,113,136,67800,81600,1,0.7212982,1
train,33,data_33.csv,persistent_leak,33_114_137,24,114,137,68400,82200,1,0.66079295,1
train,33,data_33.csv,persistent_leak,33_115_138,24,115,138,69000,82800,1,0.6062583,1
train,33,data_33.csv,persistent_leak,33_116_139,24,116,139,69600,83400,1,0.51695377,1
train,33,data_33.csv,persistent_leak,33_117_140,24,117,140,70200,84000,1,0.4128896,1
train,33,data_33.csv,persistent_leak,33_118_141,24,118,141,70800,84600,1,0.2931387,1
train,33,data_33.csv,persistent_leak,33_119_142,24,119,142,71400,85200,1,0.22127257,1
train,33,data_33.csv,persistent_leak,33_120_143,24,120,143,72000,85800,1,0.09972248,0
train,33,data_33.csv,persistent_leak,33_121_144,24,121,144,72600,86400,1,0.08684731,0
train,35,data_35.csv,persistent_leak,35_0_23,24,0,23,0,13800,1,0.4709357,1
train,35,data_35.csv,persistent_leak,35_1_24,24,1,24,600,14400,1,0.5043287,1
train,35,data_35.csv,persistent_leak,35_2_25,24,2,25,1200,15000,1,0.5063023,1
train,35,data_35.csv,persistent_leak,35_3_26,24,3,26,1800,15600,1,0.5063023,1
train,35,data_35.csv,persistent_leak,35_4_27,24,4,27,2400,16200,1,0.5063023,1
train,35,data_35.csv,persistent_leak,35_5_28,24,5,28,3000,16800,1,0.5063023,1
train,35,data_35.csv,persistent_leak,35_6_29,24,6,29,3600,17400,1,0.5063023,1
train,35,data_35.csv,persistent_leak,35_7_30,24,7,30,4200,18000,1,0.5063023,1
train,35,data_35.csv,persistent_leak,35_8_31,24,8,31,4800,18600,1,0.5063023,1
train,35,data_35.csv,persistent_leak,35_9_32,24,9,32,5400,19200,1,0.5063023,1
train,35,data_35.csv,persistent_leak,35_10_33,24,10,33,6000,19800,1,0.48907873,1
train,35,data_35.csv,persistent_leak,35_11_34,24,11,34,6600,20400,1,0.45075223,1
train,35,data_35.csv,persistent_leak,35_12_35,24,12,35,7200,21000,1,0.38119173,1
train,35,data_35.csv,persistent_leak,35_13_36,24,13,36,7800,21600,1,0.35598105,1
train,35,data_35.csv,persistent_leak,35_14_37,24,14,37,8400,22200,1,0.29125586,1
train,35,data_35.csv,persistent_leak,35_15_38,24,15,38,9000,22800,1,0.2531563,1
train,35,data_35.csv,persistent_leak,35_16_39,24,16,39,9600,23400,1,0.20426208,1
train,35,data_35.csv,persistent_leak,35_17_40,24,17,40,10200,24000,1,0.14394939,1
train,35,data_35.csv,persistent_leak,35_18_41,24,18,41,10800,24600,1,0.105211936,1
train,35,data_35.csv,persistent_leak,35_19_42,24,19,42,11400,25200,1,0.1043723,1
train,35,data_35.csv,persistent_leak,35_20_43,24,20,43,12000,25800,1,0.14817181,1
train,35,data_35.csv,persistent_leak,35_21_44,24,21,44,12600,26400,1,0.1775067,1
train,35,data_35.csv,persistent_leak,35_22_45,24,22,45,13200,27000,1,0.24725017,1
train,35,data_35.csv,persistent_leak,35_23_46,24,23,46,13800,27600,1,0.30204117,1
train,35,data_35.csv,persistent_leak,35_24_47,24,24,47,14400,28200,1,0.31903562,1
train,35,data_35.csv,persistent_leak,35_25_48,24,25,48,15000,28800,1,0.36293927,1
train,35,data_35.csv,persistent_leak,35_26_49,24,26,49,15600,29400,1,0.40774792,1
train,35,data_35.csv,persistent_leak,35_27_50,24,27,50,16200,30000,1,0.47715288,1
train,35,data_35.csv,persistent_leak,35_28_51,24,28,51,16800,30600,1,0.5177589,1
train,35,data_35.csv,persistent_leak,35_29_52,24,29,52,17400,31200,1,0.5570117,1
train,35,data_35.csv,persistent_leak,35_30_53,24,30,53,18000,31800,1,0.6773188,1
train,35,data_35.csv,persistent_leak,35_31_54,24,31,54,18600,32400,1,0.71795475,1
train,35,data_35.csv,persistent_leak,35_32_55,24,32,55,19200,33000,1,0.68602836,1
train,35,data_35.csv,persistent_leak,35_33_56,24,33,56,19800,33600,1,0.634172,1
train,35,data_35.csv,persistent_leak,35_34_57,24,34,57,20400,34200,1,0.59752464,1
train,35,data_35.csv,persistent_leak,35_35_58,24,35,58,21000,34800,1,0.57949317,1
train,35,data_35.csv,persistent_leak,35_36_59,24,36,59,21600,35400,1,0.54518414,1
train,35,data_35.csv,persistent_leak,35_37_60,24,37,60,22200,36000,1,0.7053477,1
train,35,data_35.csv,persistent_leak,35_38_61,24,38,61,22800,36600,1,0.7234329,1
train,35,data_35.csv,persistent_leak,35_39_62,24,39,62,23400,37200,1,0.7287049,1
train,35,data_35.csv,persistent_leak,35_40_63,24,40,63,24000,37800,1,0.6664736,1
train,35,data_35.csv,persistent_leak,35_41_64,24,41,64,24600,38400,1,0.6795717,1
train,35,data_35.csv,persistent_leak,35_42_65,24,42,65,25200,39000,1,0.7058248,1
train,35,data_35.csv,persistent_leak,35_43_66,24,43,66,25800,39600,1,0.8110836,1
train,35,data_35.csv,persistent_leak,35_44_67,24,44,67,26400,40200,1,0.8311469,1
train,35,data_35.csv,persistent_leak,35_45_68,24,45,68,27000,40800,1,0.8546891,1
train,35,data_35.csv,persistent_leak,35_46_69,24,46,69,27600,41400,1,0.85720724,1
train,35,data_35.csv,persistent_leak,35_47_70,24,47,70,28200,42000,1,0.90081954,1
train,35,data_35.csv,persistent_leak,35_48_71,24,48,71,28800,42600,1,0.9339818,1
train,35,data_35.csv,persistent_leak,35_49_72,24,49,72,29400,43200,1,0.96106666,1
train,35,data_35.csv,persistent_leak,35_50_73,24,50,73,30000,43800,1,0.97417337,1
train,35,data_35.csv,persistent_leak,35_51_74,24,51,74,30600,44400,1,0.9774853,1
train,35,data_35.csv,persistent_leak,35_52_75,24,52,75,31200,45000,1,0.97842115,1
train,35,data_35.csv,persistent_leak,35_53_76,24,53,76,31800,45600,1,0.9776334,1
train,35,data_35.csv,persistent_leak,35_54_77,24,54,77,32400,46200,1,0.9778451,1
train,35,data_35.csv,persistent_leak,35_55_78,24,55,78,33000,46800,1,0.97442925,1
train,35,data_35.csv,persistent_leak,35_56_79,24,56,79,33600,47400,1,0.9728476,1
train,35,data_35.csv,persistent_leak,35_57_80,24,57,80,34200,48000,1,0.97003496,1
train,35,data_35.csv,persistent_leak,35_58_81,24,58,81,34800,48600,1,0.96174,1
train,35,data_35.csv,persistent_leak,35_59_82,24,59,82,35400,49200,1,0.95714957,1
train,35,data_35.csv,persistent_leak,35_60_83,24,60,83,36000,49800,1,0.9538345,1
train,35,data_35.csv,persistent_leak,35_61_84,24,61,84,36600,50400,1,0.9404152,1
train,35,data_35.csv,persistent_leak,35_62_85,24,62,85,37200,51000,1,0.93069243,1
train,35,data_35.csv,persistent_leak,35_63_86,24,63,86,37800,51600,1,0.92240506,1
train,35,data_35.csv,persistent_leak,35_64_87,24,64,87,38400,52200,1,0.9104637,1
train,35,data_35.csv,persistent_leak,35_65_88,24,65,88,39000,52800,1,0.92025685,1
train,35,data_35.csv,persistent_leak,35_66_89,24,66,89,39600,53400,1,0.9323322,1
train,35,data_35.csv,persistent_leak,35_67_90,24,67,90,40200,54000,1,0.9347778,1
train,35,data_35.csv,persistent_leak,35_68_91,24,68,91,40800,54600,1,0.9325367,1
train,35,data_35.csv,persistent_leak,35_69_92,24,69,92,41400,55200,1,0.9387079,1
train,35,data_35.csv,persistent_leak,35_70_93,24,70,93,42000,55800,1,0.9435494,1
train,35,data_35.csv,persistent_leak,35_71_94,24,71,94,42600,56400,1,0.9549484,1
train,35,data_35.csv,persistent_leak,35_72_95,24,72,95,43200,57000,1,0.964267,1
train,35,data_35.csv,persistent_leak,35_73_96,24,73,96,43800,57600,1,0.965822,1
train,35,data_35.csv,persistent_leak,35_74_97,24,74,97,44400,58200,1,0.9635894,1
train,35,data_35.csv,persistent_leak,35_75_98,24,75,98,45000,58800,1,0.961788,1
train,35,data_35.csv,persistent_leak,35_76_99,24,76,99,45600,59400,1,0.9625937,1
train,35,data_35.csv,persistent_leak,35_77_100,24,77,100,46200,60000,1,0.96588844,1
train,35,data_35.csv,persistent_leak,35_78_101,24,78,101,46800,60600,1,0.96675515,1
train,35,data_35.csv,persistent_leak,35_79_102,24,79,102,47400,61200,1,0.9785257,1
train,35,data_35.csv,persistent_leak,35_80_103,24,80,103,48000,61800,1,0.98303336,1
train,35,data_35.csv,persistent_leak,35_81_104,24,81,104,48600,62400,1,0.98475283,1
train,35,data_35.csv,persistent_leak,35_82_105,24,82,105,49200,63000,1,0.9867606,1
train,35,data_35.csv,persistent_leak,35_83_106,24,83,106,49800,63600,1,0.9882505,1
train,35,data_35.csv,persistent_leak,35_84_107,24,84,107,50400,64200,1,0.98963493,1
train,35,data_35.csv,persistent_leak,35_85_108,24,85,108,51000,64800,1,0.99290717,1
train,35,data_35.csv,persistent_leak,35_86_109,24,86,109,51600,65400,1,0.9946155,1
train,35,data_35.csv,persistent_leak,35_87_110,24,87,110,52200,66000,1,0.9952733,1
train,35,data_35.csv,persistent_leak,35_88_111,24,88,111,52800,66600,1,0.99564123,1
train,35,data_35.csv,persistent_leak,35_89_112,24,89,112,53400,67200,1,0.9956986,1
train,35,data_35.csv,persistent_leak,35_90_113,24,90,113,54000,67800,1,0.99582374,1
train,35,data_35.csv,persistent_leak,35_91_114,24,91,114,54600,68400,1,0.9924396,1
train,35,data_35.csv,persistent_leak,35_92_115,24,92,115,55200,69000,1,0.9906442,1
train,35,data_35.csv,persistent_leak,35_93_116,24,93,116,55800,69600,1,0.9889712,1
train,35,data_35.csv,persistent_leak,35_94_117,24,94,117,56400,70200,1,0.9865719,1
train,35,data_35.csv,persistent_leak,35_95_118,24,95,118,57000,70800,1,0.98301184,1
train,35,data_35.csv,persistent_leak,35_96_119,24,96,119,57600,71400,1,0.98172104,1
train,35,data_35.csv,persistent_leak,35_97_120,24,97,120,58200,72000,1,0.966343,1
train,35,data_35.csv,persistent_leak,35_98_121,24,98,121,58800,72600,1,0.95909125,1
train,35,data_35.csv,persistent_leak,35_99_122,24,99,122,59400,73200,1,0.964312,1
train,35,data_35.csv,persistent_leak,35_100_123,24,100,123,60000,73800,1,0.9746719,1
train,35,data_35.csv,persistent_leak,35_101_124,24,101,124,60600,74400,1,0.98322725,1
train,35,data_35.csv,persistent_leak,35_102_125,24,102,125,61200,75000,1,0.98982376,1
train,35,data_35.csv,persistent_leak,35_103_126,24,103,126,61800,75600,1,0.99066716,1
train,35,data_35.csv,persistent_leak,35_104_127,24,104,127,62400,76200,1,0.9920414,1
train,35,data_35.csv,persistent_leak,35_105_128,24,105,128,63000,76800,1,0.99523133,1
train,35,data_35.csv,persistent_leak,35_106_129,24,106,129,63600,77400,1,0.99639183,1
train,35,data_35.csv,persistent_leak,35_107_130,24,107,130,64200,78000,1,0.997766,1
train,35,data_35.csv,persistent_leak,35_108_131,24,108,131,64800,78600,1,0.9985898,1
train,35,data_35.csv,persistent_leak,35_109_132,24,109,132,65400,79200,1,0.99833953,1
train,35,data_35.csv,persistent_leak,35_110_133,24,110,133,66000,79800,1,0.9979997,1
train,35,data_35.csv,persistent_leak,35_111_134,24,111,134,66600,80400,1,0.99833304,1
train,35,data_35.csv,persistent_leak,35_112_135,24,112,135,67200,81000,1,0.9984357,1
train,35,data_35.csv,persistent_leak,35_113_136,24,113,136,67800,81600,1,0.99823207,1
train,35,data_35.csv,persistent_leak,35_114_137,24,114,137,68400,82200,1,0.9977843,1
train,35,data_35.csv,persistent_leak,35_115_138,24,115,138,69000,82800,1,0.9975177,1
train,35,data_35.csv,persistent_leak,35_116_139,24,116,139,69600,83400,1,0.99536717,1
train,35,data_35.csv,persistent_leak,35_117_140,24,117,140,70200,84000,1,0.9949823,1
train,35,data_35.csv,persistent_leak,35_118_141,24,118,141,70800,84600,1,0.9917794,1
train,35,data_35.csv,persistent_leak,35_119_142,24,119,142,71400,85200,1,0.98212194,1
train,35,data_35.csv,persistent_leak,35_120_143,24,120,143,72000,85800,1,0.91036814,1
train,35,data_35.csv,persistent_leak,35_121_144,24,121,144,72600,86400,1,0.8757491,1
train,36,data_36.csv,onset_leak,36_0_23,24,0,23,0,13800,0,0.04195707,0
train,36,data_36.csv,onset_leak,36_1_24,24,1,24,600,14400,0,0.051232517,0
train,36,data_36.csv,onset_leak,36_2_25,24,2,25,1200,15000,0,0.059069857,0
train,36,data_36.csv,onset_leak,36_3_26,24,3,26,1800,15600,0,0.05233089,0
train,36,data_36.csv,onset_leak,36_4_27,24,4,27,2400,16200,0,0.04278646,0
train,36,data_36.csv,onset_leak,36_5_28,24,5,28,3000,16800,0,0.03079307,0
train,36,data_36.csv,onset_leak,36_6_29,24,6,29,3600,17400,0,0.0183673,0
train,36,data_36.csv,onset_leak,36_7_30,24,7,30,4200,18000,0,0.020628525,0
train,36,data_36.csv,onset_leak,36_8_31,24,8,31,4800,18600,0,0.02685385,0
train,36,data_36.csv,onset_leak,36_9_32,24,9,32,5400,19200,0,0.025672449,0
train,36,data_36.csv,onset_leak,36_10_33,24,10,33,6000,19800,0,0.020281477,0
train,36,data_36.csv,onset_leak,36_11_34,24,11,34,6600,20400,0,0.017578825,0
train,36,data_36.csv,onset_leak,36_12_35,24,12,35,7200,21000,0,0.01492908,0
train,36,data_36.csv,onset_leak,36_13_36,24,13,36,7800,21600,0,0.01433003,0
train,36,data_36.csv,onset_leak,36_14_37,24,14,37,8400,22200,0,0.014783386,0
train,36,data_36.csv,onset_leak,36_15_38,24,15,38,9000,22800,0,0.01163829,0
train,36,data_36.csv,onset_leak,36_16_39,24,16,39,9600,23400,0,0.008611264,0
train,36,data_36.csv,onset_leak,36_17_40,24,17,40,10200,24000,0,0.006146397,0
train,36,data_36.csv,onset_leak,36_18_41,24,18,41,10800,24600,0,0.004560467,0
train,36,data_36.csv,onset_leak,36_19_42,24,19,42,11400,25200,0,0.005117163,0
train,36,data_36.csv,onset_leak,36_20_43,24,20,43,12000,25800,0,0.007415067,0
train,36,data_36.csv,onset_leak,36_21_44,24,21,44,12600,26400,0,0.008510318,0
train,36,data_36.csv,onset_leak,36_22_45,24,22,45,13200,27000,0,0.007995333,0
train,36,data_36.csv,onset_leak,36_23_46,24,23,46,13800,27600,0,0.007754539,0
train,36,data_36.csv,onset_leak,36_24_47,24,24,47,14400,28200,0,0.008700298,0
train,36,data_36.csv,onset_leak,36_25_48,24,25,48,15000,28800,0,0.00837197,0
train,36,data_36.csv,onset_leak,36_26_49,24,26,49,15600,29400,0,0.011315562,0
train,36,data_36.csv,onset_leak,36_27_50,24,27,50,16200,30000,0,0.012875857,0
train,36,data_36.csv,onset_leak,36_28_51,24,28,51,16800,30600,0,0.012651296,0
train,36,data_36.csv,onset_leak,36_29_52,24,29,52,17400,31200,0,0.0148847215,0
train,36,data_36.csv,onset_leak,36_30_53,24,30,53,18000,31800,0,0.02307247,0
train,36,data_36.csv,onset_leak,36_31_54,24,31,54,18600,32400,0,0.021657798,0
train,36,data_36.csv,onset_leak,36_32_55,24,32,55,19200,33000,0,0.027083196,0
train,36,data_36.csv,onset_leak,36_33_56,24,33,56,19800,33600,0,0.029754931,0
train,36,data_36.csv,onset_leak,36_34_57,24,34,57,20400,34200,0,0.029631726,0
train,36,data_36.csv,onset_leak,36_35_58,24,35,58,21000,34800,0,0.03029681,0
train,36,data_36.csv,onset_leak,36_36_59,24,36,59,21600,35400,0,0.037966624,0
train,36,data_36.csv,onset_leak,36_37_60,24,37,60,22200,36000,0,0.042435557,0
train,36,data_36.csv,onset_leak,36_38_61,24,38,61,22800,36600,0,0.08314433,0
train,36,data_36.csv,onset_leak,36_39_62,24,39,62,23400,37200,0,0.113480926,1
train,36,data_36.csv,onset_leak,36_40_63,24,40,63,24000,37800,0,0.10001144,1
train,36,data_36.csv,onset_leak,36_41_64,24,41,64,24600,38400,0,0.13250962,1
train,36,data_36.csv,onset_leak,36_42_65,24,42,65,25200,39000,0,0.19983988,1
train,36,data_36.csv,onset_leak,36_43_66,24,43,66,25800,39600,0,0.20468189,1
train,36,data_36.csv,onset_leak,36_44_67,24,44,67,26400,40200,0,0.26220652,1
train,36,data_36.csv,onset_leak,36_45_68,24,45,68,27000,40800,0,0.34972745,1
train,36,data_36.csv,onset_leak,36_46_69,24,46,69,27600,41400,0,0.27390313,1
train,36,data_36.csv,onset_leak,36_47_70,24,47,70,28200,42000,0,0.3556661,1
train,36,data_36.csv,onset_leak,36_48_71,24,48,71,28800,42600,0,0.41458473,1
train,36,data_36.csv,onset_leak,36_49_72,24,49,72,29400,43200,1,0.9778967,1
train,36,data_36.csv,onset_leak,36_50_73,24,50,73,30000,43800,1,0.99170285,1
train,36,data_36.csv,onset_leak,36_51_74,24,51,74,30600,44400,1,0.99495476,1
train,36,data_36.csv,onset_leak,36_52_75,24,52,75,31200,45000,1,0.9943203,1
train,36,data_36.csv,onset_leak,36_53_76,24,53,76,31800,45600,1,0.99657863,1
train,36,data_36.csv,onset_leak,36_54_77,24,54,77,32400,46200,1,0.99736327,1
train,36,data_36.csv,onset_leak,36_55_78,24,55,78,33000,46800,1,0.994555,1
train,36,data_36.csv,onset_leak,36_56_79,24,56,79,33600,47400,1,0.9914085,1
train,36,data_36.csv,onset_leak,36_57_80,24,57,80,34200,48000,1,0.9892814,1
train,36,data_36.csv,onset_leak,36_58_81,24,58,81,34800,48600,1,0.9815943,1
train,36,data_36.csv,onset_leak,36_59_82,24,59,82,35400,49200,1,0.9779009,1
train,36,data_36.csv,onset_leak,36_60_83,24,60,83,36000,49800,1,0.9685985,1
train,36,data_36.csv,onset_leak,36_61_84,24,61,84,36600,50400,1,0.9361585,1
train,36,data_36.csv,onset_leak,36_62_85,24,62,85,37200,51000,1,0.9043628,1
train,36,data_36.csv,onset_leak,36_63_86,24,63,86,37800,51600,1,0.87138426,1
train,36,data_36.csv,onset_leak,36_64_87,24,64,87,38400,52200,1,0.81548756,1
train,36,data_36.csv,onset_leak,36_65_88,24,65,88,39000,52800,1,0.84587735,1
train,36,data_36.csv,onset_leak,36_66_89,24,66,89,39600,53400,1,0.8794972,1
train,36,data_36.csv,onset_leak,36_67_90,24,67,90,40200,54000,1,0.8922219,1
train,36,data_36.csv,onset_leak,36_68_91,24,68,91,40800,54600,1,0.9037845,1
train,36,data_36.csv,onset_leak,36_69_92,24,69,92,41400,55200,1,0.9433179,1
train,36,data_36.csv,onset_leak,36_70_93,24,70,93,42000,55800,1,0.962138,1
train,36,data_36.csv,onset_leak,36_71_94,24,71,94,42600,56400,1,0.986155,1
train,36,data_36.csv,onset_leak,36_72_95,24,72,95,43200,57000,1,0.9951691,1
train,36,data_36.csv,onset_leak,36_73_96,24,73,96,43800,57600,1,0.9949398,1
train,36,data_36.csv,onset_leak,36_74_97,24,74,97,44400,58200,1,0.9927704,1
train,36,data_36.csv,onset_leak,36_75_98,24,75,98,45000,58800,1,0.9892352,1
train,36,data_36.csv,onset_leak,36_76_99,24,76,99,45600,59400,1,0.985851,1
train,36,data_36.csv,onset_leak,36_77_100,24,77,100,46200,60000,1,0.97925454,1
train,36,data_36.csv,onset_leak,36_78_101,24,78,101,46800,60600,1,0.9676107,1
train,36,data_36.csv,onset_leak,36_79_102,24,79,102,47400,61200,1,0.97298867,1
train,36,data_36.csv,onset_leak,36_80_103,24,80,103,48000,61800,1,0.969002,1
train,36,data_36.csv,onset_leak,36_81_104,24,81,104,48600,62400,1,0.9549991,1
train,36,data_36.csv,onset_leak,36_82_105,24,82,105,49200,63000,1,0.9585295,1
train,36,data_36.csv,onset_leak,36_83_106,24,83,106,49800,63600,1,0.9484779,1
train,36,data_36.csv,onset_leak,36_84_107,24,84,107,50400,64200,1,0.9403042,1
train,36,data_36.csv,onset_leak,36_85_108,24,85,108,51000,64800,1,0.9670396,1
train,36,data_36.csv,onset_leak,36_86_109,24,86,109,51600,65400,1,0.97930545,1
train,36,data_36.csv,onset_leak,36_87_110,24,87,110,52200,66000,1,0.98264366,1
train,36,data_36.csv,onset_leak,36_88_111,24,88,111,52800,66600,1,0.9839575,1
train,36,data_36.csv,onset_leak,36_89_112,24,89,112,53400,67200,1,0.9840629,1
train,36,data_36.csv,onset_leak,36_90_113,24,90,113,54000,67800,1,0.9848859,1
train,36,data_36.csv,onset_leak,36_91_114,24,91,114,54600,68400,1,0.9658351,1
train,36,data_36.csv,onset_leak,36_92_115,24,92,115,55200,69000,1,0.9548349,1
train,36,data_36.csv,onset_leak,36_93_116,24,93,116,55800,69600,1,0.94542354,1
train,36,data_36.csv,onset_leak,36_94_117,24,94,117,56400,70200,1,0.93398017,1
train,36,data_36.csv,onset_leak,36_95_118,24,95,118,57000,70800,1,0.91968846,1
train,36,data_36.csv,onset_leak,36_96_119,24,96,119,57600,71400,1,0.91413325,1
train,36,data_36.csv,onset_leak,36_97_120,24,97,120,58200,72000,1,0.85698843,1
train,36,data_36.csv,onset_leak,36_98_121,24,98,121,58800,72600,1,0.8502323,1
train,36,data_36.csv,onset_leak,36_99_122,24,99,122,59400,73200,1,0.8726952,1
train,36,data_36.csv,onset_leak,36_100_123,24,100,123,60000,73800,1,0.9071472,1
train,36,data_36.csv,onset_leak,36_101_124,24,101,124,60600,74400,1,0.9394643,1
train,36,data_36.csv,onset_leak,36_102_125,24,102,125,61200,75000,1,0.9643364,1
train,36,data_36.csv,onset_leak,36_103_126,24,103,126,61800,75600,1,0.97082496,1
train,36,data_36.csv,onset_leak,36_104_127,24,104,127,62400,76200,1,0.974207,1
train,36,data_36.csv,onset_leak,36_105_128,24,105,128,63000,76800,1,0.9845254,1
train,36,data_36.csv,onset_leak,36_106_129,24,106,129,63600,77400,1,0.9870308,1
train,36,data_36.csv,onset_leak,36_107_130,24,107,130,64200,78000,1,0.9929516,1
train,36,data_36.csv,onset_leak,36_108_131,24,108,131,64800,78600,1,0.99617165,1
train,36,data_36.csv,onset_leak,36_109_132,24,109,132,65400,79200,1,0.9955427,1
train,36,data_36.csv,onset_leak,36_110_133,24,110,133,66000,79800,1,0.9936047,1
train,36,data_36.csv,onset_leak,36_111_134,24,111,134,66600,80400,1,0.9931906,1
train,36,data_36.csv,onset_leak,36_112_135,24,112,135,67200,81000,1,0.9926151,1
train,36,data_36.csv,onset_leak,36_113_136,24,113,136,67800,81600,1,0.9898958,1
train,36,data_36.csv,onset_leak,36_114_137,24,114,137,68400,82200,1,0.98475766,1
train,36,data_36.csv,onset_leak,36_115_138,24,115,138,69000,82800,1,0.9824854,1
train,36,data_36.csv,onset_leak,36_116_139,24,116,139,69600,83400,1,0.9679378,1
train,36,data_36.csv,onset_leak,36_117_140,24,117,140,70200,84000,1,0.95385486,1
train,36,data_36.csv,onset_leak,36_118_141,24,118,141,70800,84600,1,0.91098404,1
train,36,data_36.csv,onset_leak,36_119_142,24,119,142,71400,85200,1,0.8037559,1
train,36,data_36.csv,onset_leak,36_120_143,24,120,143,72000,85800,1,0.34525776,1
train,36,data_36.csv,onset_leak,36_121_144,24,121,144,72600,86400,1,0.24987549,1
train,38,data_38.csv,onset_leak,38_0_23,24,0,23,0,13800,0,0.005281281,0
train,38,data_38.csv,onset_leak,38_1_24,24,1,24,600,14400,0,0.0053698653,0
train,38,data_38.csv,onset_leak,38_2_25,24,2,25,1200,15000,0,0.0063711223,0
train,38,data_38.csv,onset_leak,38_3_26,24,3,26,1800,15600,0,0.006889396,0
train,38,data_38.csv,onset_leak,38_4_27,24,4,27,2400,16200,0,0.0068101953,0
train,38,data_38.csv,onset_leak,38_5_28,24,5,28,3000,16800,0,0.0070714545,0
train,38,data_38.csv,onset_leak,38_6_29,24,6,29,3600,17400,0,0.0078851925,0
train,38,data_38.csv,onset_leak,38_7_30,24,7,30,4200,18000,0,0.00878811,0
train,38,data_38.csv,onset_leak,38_8_31,24,8,31,4800,18600,0,0.012289373,0
train,38,data_38.csv,onset_leak,38_9_32,24,9,32,5400,19200,0,0.013706517,0
train,38,data_38.csv,onset_leak,38_10_33,24,10,33,6000,19800,0,0.012832281,0
train,38,data_38.csv,onset_leak,38_11_34,24,11,34,6600,20400,0,0.013079756,0
train,38,data_38.csv,onset_leak,38_12_35,24,12,35,7200,21000,0,0.014719988,0
train,38,data_38.csv,onset_leak,38_13_36,24,13,36,7800,21600,0,0.015737945,0
train,38,data_38.csv,onset_leak,38_14_37,24,14,37,8400,22200,0,0.022004649,0
train,38,data_38.csv,onset_leak,38_15_38,24,15,38,9000,22800,0,0.022363849,0
train,38,data_38.csv,onset_leak,38_16_39,24,16,39,9600,23400,0,0.01876723,0
train,38,data_38.csv,onset_leak,38_17_40,24,17,40,10200,24000,0,0.017553167,0
train,38,data_38.csv,onset_leak,38_18_41,24,18,41,10800,24600,0,0.019103283,0
train,38,data_38.csv,onset_leak,38_19_42,24,19,42,11400,25200,0,0.016843714,0
train,38,data_38.csv,onset_leak,38_20_43,24,20,43,12000,25800,0,0.018339947,0
train,38,data_38.csv,onset_leak,38_21_44,24,21,44,12600,26400,0,0.01719334,0
train,38,data_38.csv,onset_leak,38_22_45,24,22,45,13200,27000,0,0.0152867315,0
train,38,data_38.csv,onset_leak,38_23_46,24,23,46,13800,27600,0,0.014057467,0
train,38,data_38.csv,onset_leak,38_24_47,24,24,47,14400,28200,0,0.015800659,0
train,38,data_38.csv,onset_leak,38_25_48,24,25,48,15000,28800,0,0.014057228,0
train,38,data_38.csv,onset_leak,38_26_49,24,26,49,15600,29400,0,0.016043352,0
train,38,data_38.csv,onset_leak,38_27_50,24,27,50,16200,30000,0,0.020468364,0
train,38,data_38.csv,onset_leak,38_28_51,24,28,51,16800,30600,0,0.025653396,0
train,38,data_38.csv,onset_leak,38_29_52,24,29,52,17400,31200,0,0.033240337,0
train,38,data_38.csv,onset_leak,38_30_53,24,30,53,18000,31800,0,0.055854853,0
train,38,data_38.csv,onset_leak,38_31_54,24,31,54,18600,32400,0,0.06305027,0
train,38,data_38.csv,onset_leak,38_32_55,24,32,55,19200,33000,0,0.10774813,1
train,38,data_38.csv,onset_leak,38_33_56,24,33,56,19800,33600,0,0.16565642,1
train,38,data_38.csv,onset_leak,38_34_57,24,34,57,20400,34200,0,0.2186415,1
train,38,data_38.csv,onset_leak,38_35_58,24,35,58,21000,34800,0,0.31161302,1
train,38,data_38.csv,onset_leak,38_36_59,24,36,59,21600,35400,0,0.46027008,1
train,38,data_38.csv,onset_leak,38_37_60,24,37,60,22200,36000,0,0.49327528,1
train,38,data_38.csv,onset_leak,38_38_61,24,38,61,22800,36600,0,0.48945153,1
train,38,data_38.csv,onset_leak,38_39_62,24,39,62,23400,37200,0,0.47498128,1
train,38,data_38.csv,onset_leak,38_40_63,24,40,63,24000,37800,0,0.46238872,1
train,38,data_38.csv,onset_leak,38_41_64,24,41,64,24600,38400,0,0.4649657,1
train,38,data_38.csv,onset_leak,38_42_65,24,42,65,25200,39000,0,0.43098658,1
train,38,data_38.csv,onset_leak,38_43_66,24,43,66,25800,39600,0,0.42968324,1
train,38,data_38.csv,onset_leak,38_44_67,24,44,67,26400,40200,0,0.41029426,1
train,38,data_38.csv,onset_leak,38_45_68,24,45,68,27000,40800,0,0.39444962,1
train,38,data_38.csv,onset_leak,38_46_69,24,46,69,27600,41400,0,0.3652223,1
train,38,data_38.csv,onset_leak,38_47_70,24,47,70,28200,42000,0,0.34949964,1
train,38,data_38.csv,onset_leak,38_48_71,24,48,71,28800,42600,0,0.29666016,1
train,38,data_38.csv,onset_leak,38_49_72,24,49,72,29400,43200,1,0.9428873,1
train,38,data_38.csv,onset_leak,38_50_73,24,50,73,30000,43800,1,0.97358465,1
train,38,data_38.csv,onset_leak,38_51_74,24,51,74,30600,44400,1,0.98374546,1
train,38,data_38.csv,onset_leak,38_52_75,24,52,75,31200,45000,1,0.98351157,1
train,38,data_38.csv,onset_leak,38_53_76,24,53,76,31800,45600,1,0.98745304,1
train,38,data_38.csv,onset_leak,38_54_77,24,54,77,32400,46200,1,0.99169123,1
train,38,data_38.csv,onset_leak,38_55_78,24,55,78,33000,46800,1,0.991251,1
train,38,data_38.csv,onset_leak,38_56_79,24,56,79,33600,47400,1,0.9911259,1
train,38,data_38.csv,onset_leak,38_57_80,24,57,80,34200,48000,1,0.99127203,1
train,38,data_38.csv,onset_leak,38_58_81,24,58,81,34800,48600,1,0.9884716,1
train,38,data_38.csv,onset_leak,38_59_82,24,59,82,35400,49200,1,0.988794,1
train,38,data_38.csv,onset_leak,38_60_83,24,60,83,36000,49800,1,0.9889949,1
train,38,data_38.csv,onset_leak,38_61_84,24,61,84,36600,50400,1,0.9889858,1
train,38,data_38.csv,onset_leak,38_62_85,24,62,85,37200,51000,1,0.98926944,1
train,38,data_38.csv,onset_leak,38_63_86,24,63,86,37800,51600,1,0.9853013,1
train,38,data_38.csv,onset_leak,38_64_87,24,64,87,38400,52200,1,0.9711118,1
train,38,data_38.csv,onset_leak,38_65_88,24,65,88,39000,52800,1,0.95859027,1
train,38,data_38.csv,onset_leak,38_66_89,24,66,89,39600,53400,1,0.9479231,1
train,38,data_38.csv,onset_leak,38_67_90,24,67,90,40200,54000,1,0.94376224,1
train,38,data_38.csv,onset_leak,38_68_91,24,68,91,40800,54600,1,0.9236424,1
train,38,data_38.csv,onset_leak,38_69_92,24,69,92,41400,55200,1,0.9062823,1
train,38,data_38.csv,onset_leak,38_70_93,24,70,93,42000,55800,1,0.8951168,1
train,38,data_38.csv,onset_leak,38_71_94,24,71,94,42600,56400,1,0.93522453,1
train,38,data_38.csv,onset_leak,38_72_95,24,72,95,43200,57000,1,0.9546935,1
train,38,data_38.csv,onset_leak,38_73_96,24,73,96,43800,57600,1,0.9536816,1
train,38,data_38.csv,onset_leak,38_74_97,24,74,97,44400,58200,1,0.9529819,1
train,38,data_38.csv,onset_leak,38_75_98,24,75,98,45000,58800,1,0.9531909,1
train,38,data_38.csv,onset_leak,38_76_99,24,76,99,45600,59400,1,0.9531754,1
train,38,data_38.csv,onset_leak,38_77_100,24,77,100,46200,60000,1,0.95253605,1
train,38,data_38.csv,onset_leak,38_78_101,24,78,101,46800,60600,1,0.95193833,1
train,38,data_38.csv,onset_leak,38_79_102,24,79,102,47400,61200,1,0.9534288,1
train,38,data_38.csv,onset_leak,38_80_103,24,80,103,48000,61800,1,0.9531932,1
train,38,data_38.csv,onset_leak,38_81_104,24,81,104,48600,62400,1,0.9528747,1
train,38,data_38.csv,onset_leak,38_82_105,24,82,105,49200,63000,1,0.9524859,1
train,38,data_38.csv,onset_leak,38_83_106,24,83,106,49800,63600,1,0.95280224,1
train,38,data_38.csv,onset_leak,38_84_107,24,84,107,50400,64200,1,0.95319533,1
train,38,data_38.csv,onset_leak,38_85_108,24,85,108,51000,64800,1,0.9594377,1
train,38,data_38.csv,onset_leak,38_86_109,24,86,109,51600,65400,1,0.9621517,1
train,38,data_38.csv,onset_leak,38_87_110,24,87,110,52200,66000,1,0.9629822,1
train,38,data_38.csv,onset_leak,38_88_111,24,88,111,52800,66600,1,0.96370757,1
train,38,data_38.csv,onset_leak,38_89_112,24,89,112,53400,67200,1,0.965166,1
train,38,data_38.csv,onset_leak,38_90_113,24,90,113,54000,67800,1,0.96609837,1
train,38,data_38.csv,onset_leak,38_91_114,24,91,114,54600,68400,1,0.95534647,1
train,38,data_38.csv,onset_leak,38_92_115,24,92,115,55200,69000,1,0.9511482,1
train,38,data_38.csv,onset_leak,38_93_116,24,93,116,55800,69600,1,0.94980884,1
train,38,data_38.csv,onset_leak,38_94_117,24,94,117,56400,70200,1,0.9524501,1
train,38,data_38.csv,onset_leak,38_95_118,24,95,118,57000,70800,1,0.9472134,1
train,38,data_38.csv,onset_leak,38_96_119,24,96,119,57600,71400,1,0.9442328,1
train,38,data_38.csv,onset_leak,38_97_120,24,97,120,58200,72000,1,0.93566936,1
train,38,data_38.csv,onset_leak,38_98_121,24,98,121,58800,72600,1,0.93526167,1
train,38,data_38.csv,onset_leak,38_99_122,24,99,122,59400,73200,1,0.94213873,1
train,38,data_38.csv,onset_leak,38_100_123,24,100,123,60000,73800,1,0.94763255,1
train,38,data_38.csv,onset_leak,38_101_124,24,101,124,60600,74400,1,0.95139915,1
train,38,data_38.csv,onset_leak,38_102_125,24,102,125,61200,75000,1,0.95749205,1
train,38,data_38.csv,onset_leak,38_103_126,24,103,126,61800,75600,1,0.9574834,1
train,38,data_38.csv,onset_leak,38_104_127,24,104,127,62400,76200,1,0.9610088,1
train,38,data_38.csv,onset_leak,38_105_128,24,105,128,63000,76800,1,0.9703838,1
train,38,data_38.csv,onset_leak,38_106_129,24,106,129,63600,77400,1,0.9748916,1
train,38,data_38.csv,onset_leak,38_107_130,24,107,130,64200,78000,1,0.98025423,1
train,38,data_38.csv,onset_leak,38_108_131,24,108,131,64800,78600,1,0.9846364,1
train,38,data_38.csv,onset_leak,38_109_132,24,109,132,65400,79200,1,0.98168784,1
train,38,data_38.csv,onset_leak,38_110_133,24,110,133,66000,79800,1,0.9805691,1
train,38,data_38.csv,onset_leak,38_111_134,24,111,134,66600,80400,1,0.98475504,1
train,38,data_38.csv,onset_leak,38_112_135,24,112,135,67200,81000,1,0.9866998,1
train,38,data_38.csv,onset_leak,38_113_136,24,113,136,67800,81600,1,0.9864814,1
train,38,data_38.csv,onset_leak,38_114_137,24,114,137,68400,82200,1,0.98564744,1
train,38,data_38.csv,onset_leak,38_115_138,24,115,138,69000,82800,1,0.9823576,1
train,38,data_38.csv,onset_leak,38_116_139,24,116,139,69600,83400,1,0.96847576,1
train,38,data_38.csv,onset_leak,38_117_140,24,117,140,70200,84000,1,0.9732583,1
train,38,data_38.csv,onset_leak,38_118_141,24,118,141,70800,84600,1,0.9542332,1
train,38,data_38.csv,onset_leak,38_119_142,24,119,142,71400,85200,1,0.9507125,1
train,38,data_38.csv,onset_leak,38_120_143,24,120,143,72000,85800,1,0.8721862,1
train,38,data_38.csv,onset_leak,38_121_144,24,121,144,72600,86400,1,0.7841771,1
train,39,data_39.csv,onset_leak,39_0_23,24,0,23,0,13800,0,0.008641886,0
train,39,data_39.csv,onset_leak,39_1_24,24,1,24,600,14400,0,0.008738298,0
train,39,data_39.csv,onset_leak,39_2_25,24,2,25,1200,15000,0,0.009724227,0
train,39,data_39.csv,onset_leak,39_3_26,24,3,26,1800,15600,0,0.010228225,0
train,39,data_39.csv,onset_leak,39_4_27,24,4,27,2400,16200,0,0.010243414,0
train,39,data_39.csv,onset_leak,39_5_28,24,5,28,3000,16800,0,0.010661591,0
train,39,data_39.csv,onset_leak,39_6_29,24,6,29,3600,17400,0,0.011574705,0
train,39,data_39.csv,onset_leak,39_7_30,24,7,30,4200,18000,0,0.013948121,0
train,39,data_39.csv,onset_leak,39_8_31,24,8,31,4800,18600,0,0.021797184,0
train,39,data_39.csv,onset_leak,39_9_32,24,9,32,5400,19200,0,0.02582952,0
train,39,data_39.csv,onset_leak,39_10_33,24,10,33,6000,19800,0,0.024061099,0
train,39,data_39.csv,onset_leak,39_11_34,24,11,34,6600,20400,0,0.024694312,0
train,39,data_39.csv,onset_leak,39_12_35,24,12,35,7200,21000,0,0.02548137,0
train,39,data_39.csv,onset_leak,39_13_36,24,13,36,7800,21600,0,0.026726965,0
train,39,data_39.csv,onset_leak,39_14_37,24,14,37,8400,22200,0,0.03580639,0
train,39,data_39.csv,onset_leak,39_15_38,24,15,38,9000,22800,0,0.032270554,0
train,39,data_39.csv,onset_leak,39_16_39,24,16,39,9600,23400,0,0.024104133,0
train,39,data_39.csv,onset_leak,39_17_40,24,17,40,10200,24000,0,0.02024636,0
train,39,data_39.csv,onset_leak,39_18_41,24,18,41,10800,24600,0,0.019285567,0
train,39,data_39.csv,onset_leak,39_19_42,24,19,42,11400,25200,0,0.017203882,0
train,39,data_39.csv,onset_leak,39_20_43,24,20,43,12000,25800,0,0.018072614,0
train,39,data_39.csv,onset_leak,39_21_44,24,21,44,12600,26400,0,0.0153895,0
train,39,data_39.csv,onset_leak,39_22_45,24,22,45,13200,27000,0,0.01235885,0
train,39,data_39.csv,onset_leak,39_23_46,24,23,46,13800,27600,0,0.009563725,0
train,39,data_39.csv,onset_leak,39_24_47,24,24,47,14400,28200,0,0.008653528,0
train,39,data_39.csv,onset_leak,39_25_48,24,25,48,15000,28800,0,0.0072602825,0
train,39,data_39.csv,onset_leak,39_26_49,24,26,49,15600,29400,0,0.007839613,0
train,39,data_39.csv,onset_leak,39_27_50,24,27,50,16200,30000,0,0.0101392325,0
train,39,data_39.csv,onset_leak,39_28_51,24,28,51,16800,30600,0,0.013383616,0
train,39,data_39.csv,onset_leak,39_29_52,24,29,52,17400,31200,0,0.01871046,0
train,39,data_39.csv,onset_leak,39_30_53,24,30,53,18000,31800,0,0.03549624,0
train,39,data_39.csv,onset_leak,39_31_54,24,31,54,18600,32400,0,0.03927184,0
train,39,data_39.csv,onset_leak,39_32_55,24,32,55,19200,33000,0,0.06386756,0
train,39,data_39.csv,onset_leak,39_33_56,24,33,56,19800,33600,0,0.10665917,1
train,39,data_39.csv,onset_leak,39_34_57,24,34,57,20400,34200,0,0.15363064,1
train,39,data_39.csv,onset_leak,39_35_58,24,35,58,21000,34800,0,0.23826662,1
train,39,data_39.csv,onset_leak,39_36_59,24,36,59,21600,35400,0,0.40341836,1
train,39,data_39.csv,onset_leak,39_37_60,24,37,60,22200,36000,0,0.44487825,1
train,39,data_39.csv,onset_leak,39_38_61,24,38,61,22800,36600,0,0.4962206,1
train,39,data_39.csv,onset_leak,39_39_62,24,39,62,23400,37200,0,0.48792082,1
train,39,data_39.csv,onset_leak,39_40_63,24,40,63,24000,37800,0,0.49148488,1
train,39,data_39.csv,onset_leak,39_41_64,24,41,64,24600,38400,0,0.4983422,1
train,39,data_39.csv,onset_leak,39_42_65,24,42,65,25200,39000,0,0.49500832,1
train,39,data_39.csv,onset_leak,39_43_66,24,43,66,25800,39600,0,0.493336,1
train,39,data_39.csv,onset_leak,39_44_67,24,44,67,26400,40200,0,0.47651154,1
train,39,data_39.csv,onset_leak,39_45_68,24,45,68,27000,40800,0,0.43630552,1
train,39,data_39.csv,onset_leak,39_46_69,24,46,69,27600,41400,0,0.43411314,1
train,39,data_39.csv,onset_leak,39_47_70,24,47,70,28200,42000,0,0.39705253,1
train,39,data_39.csv,onset_leak,39_48_71,24,48,71,28800,42600,0,0.3055756,1
train,39,data_39.csv,onset_leak,39_49_72,24,49,72,29400,43200,1,0.84509575,1
train,39,data_39.csv,onset_leak,39_50_73,24,50,73,30000,43800,1,0.930533,1
train,39,data_39.csv,onset_leak,39_51_74,24,51,74,30600,44400,1,0.95558035,1
train,39,data_39.csv,onset_leak,39_52_75,24,52,75,31200,45000,1,0.9641,1
train,39,data_39.csv,onset_leak,39_53_76,24,53,76,31800,45600,1,0.96956325,1
train,39,data_39.csv,onset_leak,39_54_77,24,54,77,32400,46200,1,0.9796475,1
train,39,data_39.csv,onset_leak,39_55_78,24,55,78,33000,46800,1,0.9689789,1
train,39,data_39.csv,onset_leak,39_56_79,24,56,79,33600,47400,1,0.96089363,1
train,39,data_39.csv,onset_leak,39_57_80,24,57,80,34200,48000,1,0.95365113,1
train,39,data_39.csv,onset_leak,39_58_81,24,58,81,34800,48600,1,0.9336498,1
train,39,data_39.csv,onset_leak,39_59_82,24,59,82,35400,49200,1,0.9176854,1
train,39,data_39.csv,onset_leak,39_60_83,24,60,83,36000,49800,1,0.8946749,1
train,39,data_39.csv,onset_leak,39_61_84,24,61,84,36600,50400,1,0.8604721,1
train,39,data_39.csv,onset_leak,39_62_85,24,62,85,37200,51000,1,0.84185416,1
train,39,data_39.csv,onset_leak,39_63_86,24,63,86,37800,51600,1,0.7945924,1
train,39,data_39.csv,onset_leak,39_64_87,24,64,87,38400,52200,1,0.71708083,1
train,39,data_39.csv,onset_leak,39_65_88,24,65,88,39000,52800,1,0.7284478,1
train,39,data_39.csv,onset_leak,39_66_89,24,66,89,39600,53400,1,0.7351266,1
train,39,data_39.csv,onset_leak,39_67_90,24,67,90,40200,54000,1,0.74493694,1
train,39,data_39.csv,onset_leak,39_68_91,24,68,91,40800,54600,1,0.7273495,1
train,39,data_39.csv,onset_leak,39_69_92,24,69,92,41400,55200,1,0.77319413,1
train,39,data_39.csv,onset_leak,39_70_93,24,70,93,42000,55800,1,0.8199363,1
train,39,data_39.csv,onset_leak,39_71_94,24,71,94,42600,56400,1,0.9088845,1
train,39,data_39.csv,onset_leak,39_72_95,24,72,95,43200,57000,1,0.95938945,1
train,39,data_39.csv,onset_leak,39_73_96,24,73,96,43800,57600,1,0.9563549,1
train,39,data_39.csv,onset_leak,39_74_97,24,74,97,44400,58200,1,0.9460156,1
train,39,data_39.csv,onset_leak,39_75_98,24,75,98,45000,58800,1,0.93149984,1
train,39,data_39.csv,onset_leak,39_76_99,24,76,99,45600,59400,1,0.9206235,1
train,39,data_39.csv,onset_leak,39_77_100,24,77,100,46200,60000,1,0.8942706,1
train,39,data_39.csv,onset_leak,39_78_101,24,78,101,46800,60600,1,0.8527506,1
train,39,data_39.csv,onset_leak,39_79_102,24,79,102,47400,61200,1,0.8756789,1
train,39,data_39.csv,onset_leak,39_80_103,24,80,103,48000,61800,1,0.8793457,1
train,39,data_39.csv,onset_leak,39_81_104,24,81,104,48600,62400,1,0.8714315,1
train,39,data_39.csv,onset_leak,39_82_105,24,82,105,49200,63000,1,0.87405306,1
train,39,data_39.csv,onset_leak,39_83_106,24,83,106,49800,63600,1,0.87071556,1
train,39,data_39.csv,onset_leak,39_84_107,24,84,107,50400,64200,1,0.86726826,1
train,39,data_39.csv,onset_leak,39_85_108,24,85,108,51000,64800,1,0.8934964,1
train,39,data_39.csv,onset_leak,39_86_109,24,86,109,51600,65400,1,0.9073303,1
train,39,data_39.csv,onset_leak,39_87_110,24,87,110,52200,66000,1,0.9129282,1
train,39,data_39.csv,onset_leak,39_88_111,24,88,111,52800,66600,1,0.9159212,1
train,39,data_39.csv,onset_leak,39_89_112,24,89,112,53400,67200,1,0.9180956,1
train,39,data_39.csv,onset_leak,39_90_113,24,90,113,54000,67800,1,0.92374575,1
train,39,data_39.csv,onset_leak,39_91_114,24,91,114,54600,68400,1,0.90718585,1
train,39,data_39.csv,onset_leak,39_92_115,24,92,115,55200,69000,1,0.90061307,1
train,39,data_39.csv,onset_leak,39_93_116,24,93,116,55800,69600,1,0.8943717,1
train,39,data_39.csv,onset_leak,39_94_117,24,94,117,56400,70200,1,0.8844997,1
train,39,data_39.csv,onset_leak,39_95_118,24,95,118,57000,70800,1,0.870169,1
train,39,data_39.csv,onset_leak,39_96_119,24,96,119,57600,71400,1,0.86759484,1
train,39,data_39.csv,onset_leak,39_97_120,24,97,120,58200,72000,1,0.82088256,1
train,39,data_39.csv,onset_leak,39_98_121,24,98,121,58800,72600,1,0.8187619,1
train,39,data_39.csv,onset_leak,39_99_122,24,99,122,59400,73200,1,0.83427596,1
train,39,data_39.csv,onset_leak,39_100_123,24,100,123,60000,73800,1,0.8565126,1
train,39,data_39.csv,onset_leak,39_101_124,24,101,124,60600,74400,1,0.88596255,1
train,39,data_39.csv,onset_leak,39_102_125,24,102,125,61200,75000,1,0.915375,1
train,39,data_39.csv,onset_leak,39_103_126,24,103,126,61800,75600,1,0.912698,1
train,39,data_39.csv,onset_leak,39_104_127,24,104,127,62400,76200,1,0.9232254,1
train,39,data_39.csv,onset_leak,39_105_128,24,105,128,63000,76800,1,0.9501546,1
train,39,data_39.csv,onset_leak,39_106_129,24,106,129,63600,77400,1,0.96101284,1
train,39,data_39.csv,onset_leak,39_107_130,24,107,130,64200,78000,1,0.9709543,1
train,39,data_39.csv,onset_leak,39_108_131,24,108,131,64800,78600,1,0.97971225,1
train,39,data_39.csv,onset_leak,39_109_132,24,109,132,65400,79200,1,0.9782073,1
train,39,data_39.csv,onset_leak,39_110_133,24,110,133,66000,79800,1,0.9655107,1
train,39,data_39.csv,onset_leak,39_111_134,24,111,134,66600,80400,1,0.9737834,1
train,39,data_39.csv,onset_leak,39_112_135,24,112,135,67200,81000,1,0.96954197,1
train,39,data_39.csv,onset_leak,39_113_136,24,113,136,67800,81600,1,0.9706909,1
train,39,data_39.csv,onset_leak,39_114_137,24,114,137,68400,82200,1,0.9678665,1
train,39,data_39.csv,onset_leak,39_115_138,24,115,138,69000,82800,1,0.9448563,1
train,39,data_39.csv,onset_leak,39_116_139,24,116,139,69600,83400,1,0.8640882,1
train,39,data_39.csv,onset_leak,39_117_140,24,117,140,70200,84000,1,0.88120997,1
train,39,data_39.csv,onset_leak,39_118_141,24,118,141,70800,84600,1,0.85458785,1
train,39,data_39.csv,onset_leak,39_119_142,24,119,142,71400,85200,1,0.8272452,1
train,39,data_39.csv,onset_leak,39_120_143,24,120,143,72000,85800,1,0.6137458,1
train,39,data_39.csv,onset_leak,39_121_144,24,121,144,72600,86400,1,0.50652534,1
train,43,data_43.csv,persistent_leak,43_0_23,24,0,23,0,13800,1,0.49893486,1
train,43,data_43.csv,persistent_leak,43_1_24,24,1,24,600,14400,1,0.50368214,1
train,43,data_43.csv,persistent_leak,43_2_25,24,2,25,1200,15000,1,0.5063023,1
train,43,data_43.csv,persistent_leak,43_3_26,24,3,26,1800,15600,1,0.5063023,1
train,43,data_43.csv,persistent_leak,43_4_27,24,4,27,2400,16200,1,0.5047364,1
train,43,data_43.csv,persistent_leak,43_5_28,24,5,28,3000,16800,1,0.49651635,1
train,43,data_43.csv,persistent_leak,43_6_29,24,6,29,3600,17400,1,0.48223618,1
train,43,data_43.csv,persistent_leak,43_7_30,24,7,30,4200,18000,1,0.48998398,1
train,43,data_43.csv,persistent_leak,43_8_31,24,8,31,4800,18600,1,0.5063023,1
train,43,data_43.csv,persistent_leak,43_9_32,24,9,32,5400,19200,1,0.50622284,1
train,43,data_43.csv,persistent_leak,43_10_33,24,10,33,6000,19800,1,0.5018047,1
train,43,data_43.csv,persistent_leak,43_11_34,24,11,34,6600,20400,1,0.49434096,1
train,43,data_43.csv,persistent_leak,43_12_35,24,12,35,7200,21000,1,0.4970088,1
train,43,data_43.csv,persistent_leak,43_13_36,24,13,36,7800,21600,1,0.501851,1
train,43,data_43.csv,persistent_leak,43_14_37,24,14,37,8400,22200,1,0.5063023,1
train,43,data_43.csv,persistent_leak,43_15_38,24,15,38,9000,22800,1,0.5063023,1
train,43,data_43.csv,persistent_leak,43_16_39,24,16,39,9600,23400,1,0.5059513,1
train,43,data_43.csv,persistent_leak,43_17_40,24,17,40,10200,24000,1,0.50496995,1
train,43,data_43.csv,persistent_leak,43_18_41,24,18,41,10800,24600,1,0.504838,1
train,43,data_43.csv,persistent_leak,43_19_42,24,19,42,11400,25200,1,0.5063023,1
train,43,data_43.csv,persistent_leak,43_20_43,24,20,43,12000,25800,1,0.5063023,1
train,43,data_43.csv,persistent_leak,43_21_44,24,21,44,12600,26400,1,0.5058198,1
train,43,data_43.csv,persistent_leak,43_22_45,24,22,45,13200,27000,1,0.50505364,1
train,43,data_43.csv,persistent_leak,43_23_46,24,23,46,13800,27600,1,0.5046826,1
train,43,data_43.csv,persistent_leak,43_24_47,24,24,47,14400,28200,1,0.5009202,1
train,43,data_43.csv,persistent_leak,43_25_48,24,25,48,15000,28800,1,0.50467,1
train,43,data_43.csv,persistent_leak,43_26_49,24,26,49,15600,29400,1,0.50410646,1
train,43,data_43.csv,persistent_leak,43_27_50,24,27,50,16200,30000,1,0.49617967,1
train,43,data_43.csv,persistent_leak,43_28_51,24,28,51,16800,30600,1,0.5012359,1
train,43,data_43.csv,persistent_leak,43_29_52,24,29,52,17400,31200,1,0.49750942,1
train,43,data_43.csv,persistent_leak,43_30_53,24,30,53,18000,31800,1,0.48550603,1
train,43,data_43.csv,persistent_leak,43_31_54,24,31,54,18600,32400,1,0.48673132,1
train,43,data_43.csv,persistent_leak,43_32_55,24,32,55,19200,33000,1,0.46951944,1
train,43,data_43.csv,persistent_leak,43_33_56,24,33,56,19800,33600,1,0.44624767,1
train,43,data_43.csv,persistent_leak,43_34_57,24,34,57,20400,34200,1,0.46857783,1
train,43,data_43.csv,persistent_leak,43_35_58,24,35,58,21000,34800,1,0.45114508,1
train,43,data_43.csv,persistent_leak,43_36_59,24,36,59,21600,35400,1,0.42844415,1
train,43,data_43.csv,persistent_leak,43_37_60,24,37,60,22200,36000,1,0.86141825,1
train,43,data_43.csv,persistent_leak,43_38_61,24,38,61,22800,36600,1,0.92465866,1
train,43,data_43.csv,persistent_leak,43_39_62,24,39,62,23400,37200,1,0.94540673,1
train,43,data_43.csv,persistent_leak,43_40_63,24,40,63,24000,37800,1,0.9537009,1
train,43,data_43.csv,persistent_leak,43_41_64,24,41,64,24600,38400,1,0.95801353,1
train,43,data_43.csv,persistent_leak,43_42_65,24,42,65,25200,39000,1,0.9679595,1
train,43,data_43.csv,persistent_leak,43_43_66,24,43,66,25800,39600,1,0.9858627,1
train,43,data_43.csv,persistent_leak,43_44_67,24,44,67,26400,40200,1,0.9902294,1
train,43,data_43.csv,persistent_leak,43_45_68,24,45,68,27000,40800,1,0.99169946,1
train,43,data_43.csv,persistent_leak,43_46_69,24,46,69,27600,41400,1,0.9896299,1
train,43,data_43.csv,persistent_leak,43_47_70,24,47,70,28200,42000,1,0.9903619,1
train,43,data_43.csv,persistent_leak,43_48_71,24,48,71,28800,42600,1,0.9915256,1
train,43,data_43.csv,persistent_leak,43_49_72,24,49,72,29400,43200,1,0.9945305,1
train,43,data_43.csv,persistent_leak,43_50_73,24,50,73,30000,43800,1,0.99550724,1
train,43,data_43.csv,persistent_leak,43_51_74,24,51,74,30600,44400,1,0.99577016,1
train,43,data_43.csv,persistent_leak,43_52_75,24,52,75,31200,45000,1,0.99385095,1
train,43,data_43.csv,persistent_leak,43_53_76,24,53,76,31800,45600,1,0.99400073,1
train,43,data_43.csv,persistent_leak,43_54_77,24,54,77,32400,46200,1,0.994701,1
train,43,data_43.csv,persistent_leak,43_55_78,24,55,78,33000,46800,1,0.9960842,1
train,43,data_43.csv,persistent_leak,43_56_79,24,56,79,33600,47400,1,0.9962604,1
train,43,data_43.csv,persistent_leak,43_57_80,24,57,80,34200,48000,1,0.9962025,1
train,43,data_43.csv,persistent_leak,43_58_81,24,58,81,34800,48600,1,0.9944193,1
train,43,data_43.csv,persistent_leak,43_59_82,24,59,82,35400,49200,1,0.99472564,1
train,43,data_43.csv,persistent_leak,43_60_83,24,60,83,36000,49800,1,0.99533737,1
train,43,data_43.csv,persistent_leak,43_61_84,24,61,84,36600,50400,1,0.9956891,1
train,43,data_43.csv,persistent_leak,43_62_85,24,62,85,37200,51000,1,0.9954045,1
train,43,data_43.csv,persistent_leak,43_63_86,24,63,86,37800,51600,1,0.9952891,1
train,43,data_43.csv,persistent_leak,43_64_87,24,64,87,38400,52200,1,0.99412435,1
train,43,data_43.csv,persistent_leak,43_65_88,24,65,88,39000,52800,1,0.9947313,1
train,43,data_43.csv,persistent_leak,43_66_89,24,66,89,39600,53400,1,0.9954691,1
train,43,data_43.csv,persistent_leak,43_67_90,24,67,90,40200,54000,1,0.9933994,1
train,43,data_43.csv,persistent_leak,43_68_91,24,68,91,40800,54600,1,0.99160415,1
train,43,data_43.csv,persistent_leak,43_69_92,24,69,92,41400,55200,1,0.9906499,1
train,43,data_43.csv,persistent_leak,43_70_93,24,70,93,42000,55800,1,0.9894853,1
train,43,data_43.csv,persistent_leak,43_71_94,24,71,94,42600,56400,1,0.9892564,1
train,43,data_43.csv,persistent_leak,43_72_95,24,72,95,43200,57000,1,0.9892926,1
train,43,data_43.csv,persistent_leak,43_73_96,24,73,96,43800,57600,1,0.98460126,1
train,43,data_43.csv,persistent_leak,43_74_97,24,74,97,44400,58200,1,0.9829653,1
train,43,data_43.csv,persistent_leak,43_75_98,24,75,98,45000,58800,1,0.9858644,1
train,43,data_43.csv,persistent_leak,43_76_99,24,76,99,45600,59400,1,0.9883704,1
train,43,data_43.csv,persistent_leak,43_77_100,24,77,100,46200,60000,1,0.99078053,1
train,43,data_43.csv,persistent_leak,43_78_101,24,78,101,46800,60600,1,0.99323785,1
train,43,data_43.csv,persistent_leak,43_79_102,24,79,102,47400,61200,1,0.9935447,1
train,43,data_43.csv,persistent_leak,43_80_103,24,80,103,48000,61800,1,0.99394315,1
train,43,data_43.csv,persistent_leak,43_81_104,24,81,104,48600,62400,1,0.9954852,1
train,43,data_43.csv,persistent_leak,43_82_105,24,82,105,49200,63000,1,0.9960873,1
train,43,data_43.csv,persistent_leak,43_83_106,24,83,106,49800,63600,1,0.99679583,1
train,43,data_43.csv,persistent_leak,43_84_107,24,84,107,50400,64200,1,0.9973797,1
train,43,data_43.csv,persistent_leak,43_85_108,24,85,108,51000,64800,1,0.9973139,1
train,43,data_43.csv,persistent_leak,43_86_109,24,86,109,51600,65400,1,0.99683064,1
train,43,data_43.csv,persistent_leak,43_87_110,24,87,110,52200,66000,1,0.99680954,1
train,43,data_43.csv,persistent_leak,43_88_111,24,88,111,52800,66600,1,0.99657553,1
train,43,data_43.csv,persistent_leak,43_89_112,24,89,112,53400,67200,1,0.9961112,1
train,43,data_43.csv,persistent_leak,43_90_113,24,90,113,54000,67800,1,0.9952213,1
train,43,data_43.csv,persistent_leak,43_91_114,24,91,114,54600,68400,1,0.9943645,1
train,43,data_43.csv,persistent_leak,43_92_115,24,92,115,55200,69000,1,0.99253535,1
train,43,data_43.csv,persistent_leak,43_93_116,24,93,116,55800,69600,1,0.9910999,1
train,43,data_43.csv,persistent_leak,43_94_117,24,94,117,56400,70200,1,0.9895918,1
train,43,data_43.csv,persistent_leak,43_95_118,24,95,118,57000,70800,1,0.9842204,1
train,43,data_43.csv,persistent_leak,43_96_119,24,96,119,57600,71400,1,0.974815,1
train,43,data_43.csv,persistent_leak,43_97_120,24,97,120,58200,72000,1,0.9713235,1
train,43,data_43.csv,persistent_leak,43_98_121,24,98,121,58800,72600,1,0.96580637,1
train,43,data_43.csv,persistent_leak,43_99_122,24,99,122,59400,73200,1,0.96350867,1
train,43,data_43.csv,persistent_leak,43_100_123,24,100,123,60000,73800,1,0.95993257,1
train,43,data_43.csv,persistent_leak,43_101_124,24,101,124,60600,74400,1,0.9453816,1
train,43,data_43.csv,persistent_leak,43_102_125,24,102,125,61200,75000,1,0.9268734,1
train,43,data_43.csv,persistent_leak,43_103_126,24,103,126,61800,75600,1,0.9216617,1
train,43,data_43.csv,persistent_leak,43_104_127,24,104,127,62400,76200,1,0.91822803,1
train,43,data_43.csv,persistent_leak,43_105_128,24,105,128,63000,76800,1,0.9268599,1
train,43,data_43.csv,persistent_leak,43_106_129,24,106,129,63600,77400,1,0.93029547,1
train,43,data_43.csv,persistent_leak,43_107_130,24,107,130,64200,78000,1,0.92851996,1
train,43,data_43.csv,persistent_leak,43_108_131,24,108,131,64800,78600,1,0.9254459,1
train,43,data_43.csv,persistent_leak,43_109_132,24,109,132,65400,79200,1,0.9157362,1
train,43,data_43.csv,persistent_leak,43_110_133,24,110,133,66000,79800,1,0.9013309,1
train,43,data_43.csv,persistent_leak,43_111_134,24,111,134,66600,80400,1,0.91293913,1
train,43,data_43.csv,persistent_leak,43_112_135,24,112,135,67200,81000,1,0.90207875,1
train,43,data_43.csv,persistent_leak,43_113_136,24,113,136,67800,81600,1,0.88711387,1
train,43,data_43.csv,persistent_leak,43_114_137,24,114,137,68400,82200,1,0.84270674,1
train,43,data_43.csv,persistent_leak,43_115_138,24,115,138,69000,82800,1,0.7628235,1
train,43,data_43.csv,persistent_leak,43_116_139,24,116,139,69600,83400,1,0.6296615,1
train,43,data_43.csv,persistent_leak,43_117_140,24,117,140,70200,84000,1,0.63745564,1
train,43,data_43.csv,persistent_leak,43_118_141,24,118,141,70800,84600,1,0.5845472,1
train,43,data_43.csv,persistent_leak,43_119_142,24,119,142,71400,85200,1,0.5928663,1
train,43,data_43.csv,persistent_leak,43_120_143,24,120,143,72000,85800,1,0.45182556,1
train,43,data_43.csv,persistent_leak,43_121_144,24,121,144,72600,86400,1,0.37337935,1
train,44,data_44.csv,persistent_leak,44_0_23,24,0,23,0,13800,1,0.49335802,1
train,44,data_44.csv,persistent_leak,44_1_24,24,1,24,600,14400,1,0.50153226,1
train,44,data_44.csv,persistent_leak,44_2_25,24,2,25,1200,15000,1,0.5062418,1
train,44,data_44.csv,persistent_leak,44_3_26,24,3,26,1800,15600,1,0.5063023,1
train,44,data_44.csv,persistent_leak,44_4_27,24,4,27,2400,16200,1,0.5063023,1
train,44,data_44.csv,persistent_leak,44_5_28,24,5,28,3000,16800,1,0.5063023,1
train,44,data_44.csv,persistent_leak,44_6_29,24,6,29,3600,17400,1,0.5063023,1
train,44,data_44.csv,persistent_leak,44_7_30,24,7,30,4200,18000,1,0.5063023,1
train,44,data_44.csv,persistent_leak,44_8_31,24,8,31,4800,18600,1,0.5063023,1
train,44,data_44.csv,persistent_leak,44_9_32,24,9,32,5400,19200,1,0.5063023,1
train,44,data_44.csv,persistent_leak,44_10_33,24,10,33,6000,19800,1,0.5063023,1
train,44,data_44.csv,persistent_leak,44_11_34,24,11,34,6600,20400,1,0.5063023,1
train,44,data_44.csv,persistent_leak,44_12_35,24,12,35,7200,21000,1,0.5063023,1
train,44,data_44.csv,persistent_leak,44_13_36,24,13,36,7800,21600,1,0.5063023,1
train,44,data_44.csv,persistent_leak,44_14_37,24,14,37,8400,22200,1,0.5063023,1
train,44,data_44.csv,persistent_leak,44_15_38,24,15,38,9000,22800,1,0.5063023,1
train,44,data_44.csv,persistent_leak,44_16_39,24,16,39,9600,23400,1,0.5063023,1
train,44,data_44.csv,persistent_leak,44_17_40,24,17,40,10200,24000,1,0.5063023,1
train,44,data_44.csv,persistent_leak,44_18_41,24,18,41,10800,24600,1,0.5063023,1
train,44,data_44.csv,persistent_leak,44_19_42,24,19,42,11400,25200,1,0.5063023,1
train,44,data_44.csv,persistent_leak,44_20_43,24,20,43,12000,25800,1,0.5063023,1
train,44,data_44.csv,persistent_leak,44_21_44,24,21,44,12600,26400,1,0.50625885,1
train,44,data_44.csv,persistent_leak,44_22_45,24,22,45,13200,27000,1,0.5063023,1
train,44,data_44.csv,persistent_leak,44_23_46,24,23,46,13800,27600,1,0.50551635,1
train,44,data_44.csv,persistent_leak,44_24_47,24,24,47,14400,28200,1,0.4971295,1
train,44,data_44.csv,persistent_leak,44_25_48,24,25,48,15000,28800,1,0.50331974,1
train,44,data_44.csv,persistent_leak,44_26_49,24,26,49,15600,29400,1,0.5042159,1
train,44,data_44.csv,persistent_leak,44_27_50,24,27,50,16200,30000,1,0.49279416,1
train,44,data_44.csv,persistent_leak,44_28_51,24,28,51,16800,30600,1,0.49404573,1
train,44,data_44.csv,persistent_leak,44_29_52,24,29,52,17400,31200,1,0.48674613,1
train,44,data_44.csv,persistent_leak,44_30_53,24,30,53,18000,31800,1,0.47633153,1
train,44,data_44.csv,persistent_leak,44_31_54,24,31,54,18600,32400,1,0.49955848,1
train,44,data_44.csv,persistent_leak,44_32_55,24,32,55,19200,33000,1,0.4974122,1
train,44,data_44.csv,persistent_leak,44_33_56,24,33,56,19800,33600,1,0.48730993,1
train,44,data_44.csv,persistent_leak,44_34_57,24,34,57,20400,34200,1,0.49076402,1
train,44,data_44.csv,persistent_leak,44_35_58,24,35,58,21000,34800,1,0.47612283,1
train,44,data_44.csv,persistent_leak,44_36_59,24,36,59,21600,35400,1,0.4636927,1
train,44,data_44.csv,persistent_leak,44_37_60,24,37,60,22200,36000,1,0.65651447,1
train,44,data_44.csv,persistent_leak,44_38_61,24,38,61,22800,36600,1,0.80741817,1
train,44,data_44.csv,persistent_leak,44_39_62,24,39,62,23400,37200,1,0.85418254,1
train,44,data_44.csv,persistent_leak,44_40_63,24,40,63,24000,37800,1,0.88218796,1
train,44,data_44.csv,persistent_leak,44_41_64,24,41,64,24600,38400,1,0.89975053,1
train,44,data_44.csv,persistent_leak,44_42_65,24,42,65,25200,39000,1,0.92556894,1
train,44,data_44.csv,persistent_leak,44_43_66,24,43,66,25800,39600,1,0.9816939,1
train,44,data_44.csv,persistent_leak,44_44_67,24,44,67,26400,40200,1,0.9889681,1
train,44,data_44.csv,persistent_leak,44_45_68,24,45,68,27000,40800,1,0.9908828,1
train,44,data_44.csv,persistent_leak,44_46_69,24,46,69,27600,41400,1,0.98965865,1
train,44,data_44.csv,persistent_leak,44_47_70,24,47,70,28200,42000,1,0.9906185,1
train,44,data_44.csv,persistent_leak,44_48_71,24,48,71,28800,42600,1,0.99167025,1
train,44,data_44.csv,persistent_leak,44_49_72,24,49,72,29400,43200,1,0.9942747,1
train,44,data_44.csv,persistent_leak,44_50_73,24,50,73,30000,43800,1,0.99523634,1
train,44,data_44.csv,persistent_leak,44_51_74,24,51,74,30600,44400,1,0.99525034,1
train,44,data_44.csv,persistent_leak,44_52_75,24,52,75,31200,45000,1,0.9927417,1
train,44,data_44.csv,persistent_leak,44_53_76,24,53,76,31800,45600,1,0.99250495,1
train,44,data_44.csv,persistent_leak,44_54_77,24,54,77,32400,46200,1,0.9926603,1
train,44,data_44.csv,persistent_leak,44_55_78,24,55,78,33000,46800,1,0.99364483,1
train,44,data_44.csv,persistent_leak,44_56_79,24,56,79,33600,47400,1,0.99295056,1
train,44,data_44.csv,persistent_leak,44_57_80,24,57,80,34200,48000,1,0.99226487,1
train,44,data_44.csv,persistent_leak,44_58_81,24,58,81,34800,48600,1,0.9873006,1
train,44,data_44.csv,persistent_leak,44_59_82,24,59,82,35400,49200,1,0.9876308,1
train,44,data_44.csv,persistent_leak,44_60_83,24,60,83,36000,49800,1,0.9886515,1
train,44,data_44.csv,persistent_leak,44_61_84,24,61,84,36600,50400,1,0.9889971,1
train,44,data_44.csv,persistent_leak,44_62_85,24,62,85,37200,51000,1,0.98755175,1
train,44,data_44.csv,persistent_leak,44_63_86,24,63,86,37800,51600,1,0.98707134,1
train,44,data_44.csv,persistent_leak,44_64_87,24,64,87,38400,52200,1,0.9840185,1
train,44,data_44.csv,persistent_leak,44_65_88,24,65,88,39000,52800,1,0.9861617,1
train,44,data_44.csv,persistent_leak,44_66_89,24,66,89,39600,53400,1,0.9884277,1
train,44,data_44.csv,persistent_leak,44_67_90,24,67,90,40200,54000,1,0.984452,1
train,44,data_44.csv,persistent_leak,44_68_91,24,68,91,40800,54600,1,0.9816159,1
train,44,data_44.csv,persistent_leak,44_69_92,24,69,92,41400,55200,1,0.9804198,1
train,44,data_44.csv,persistent_leak,44_70_93,24,70,93,42000,55800,1,0.9788943,1
train,44,data_44.csv,persistent_leak,44_71_94,24,71,94,42600,56400,1,0.9791678,1
train,44,data_44.csv,persistent_leak,44_72_95,24,72,95,43200,57000,1,0.98040366,1
train,44,data_44.csv,persistent_leak,44_73_96,24,73,96,43800,57600,1,0.9773506,1
train,44,data_44.csv,persistent_leak,44_74_97,24,74,97,44400,58200,1,0.9756811,1
train,44,data_44.csv,persistent_leak,44_75_98,24,75,98,45000,58800,1,0.97767967,1
train,44,data_44.csv,persistent_leak,44_76_99,24,76,99,45600,59400,1,0.9793904,1
train,44,data_44.csv,persistent_leak,44_77_100,24,77,100,46200,60000,1,0.9820535,1
train,44,data_44.csv,persistent_leak,44_78_101,24,78,101,46800,60600,1,0.9846491,1
train,44,data_44.csv,persistent_leak,44_79_102,24,79,102,47400,61200,1,0.98597336,1
train,44,data_44.csv,persistent_leak,44_80_103,24,80,103,48000,61800,1,0.9857091,1
train,44,data_44.csv,persistent_leak,44_81_104,24,81,104,48600,62400,1,0.9856199,1
train,44,data_44.csv,persistent_leak,44_82_105,24,82,105,49200,63000,1,0.9849952,1
train,44,data_44.csv,persistent_leak,44_83_106,24,83,106,49800,63600,1,0.98615557,1
train,44,data_44.csv,persistent_leak,44_84_107,24,84,107,50400,64200,1,0.9880486,1
train,44,data_44.csv,persistent_leak,44_85_108,24,85,108,51000,64800,1,0.9888987,1
train,44,data_44.csv,persistent_leak,44_86_109,24,86,109,51600,65400,1,0.9882719,1
train,44,data_44.csv,persistent_leak,44_87_110,24,87,110,52200,66000,1,0.98687565,1
train,44,data_44.csv,persistent_leak,44_88_111,24,88,111,52800,66600,1,0.987845,1
train,44,data_44.csv,persistent_leak,44_89_112,24,89,112,53400,67200,1,0.9872432,1
train,44,data_44.csv,persistent_leak,44_90_113,24,90,113,54000,67800,1,0.9854113,1
train,44,data_44.csv,persistent_leak,44_91_114,24,91,114,54600,68400,1,0.97187763,1
train,44,data_44.csv,persistent_leak,44_92_115,24,92,115,55200,69000,1,0.9667523,1
train,44,data_44.csv,persistent_leak,44_93_116,24,93,116,55800,69600,1,0.968393,1
train,44,data_44.csv,persistent_leak,44_94_117,24,94,117,56400,70200,1,0.970139,1
train,44,data_44.csv,persistent_leak,44_95_118,24,95,118,57000,70800,1,0.96216094,1
train,44,data_44.csv,persistent_leak,44_96_119,24,96,119,57600,71400,1,0.9600942,1
train,44,data_44.csv,persistent_leak,44_97_120,24,97,120,58200,72000,1,0.95543027,1
train,44,data_44.csv,persistent_leak,44_98_121,24,98,121,58800,72600,1,0.958992,1
train,44,data_44.csv,persistent_leak,44_99_122,24,99,122,59400,73200,1,0.97492003,1
train,44,data_44.csv,persistent_leak,44_100_123,24,100,123,60000,73800,1,0.9810222,1
train,44,data_44.csv,persistent_leak,44_101_124,24,101,124,60600,74400,1,0.9863261,1
train,44,data_44.csv,persistent_leak,44_102_125,24,102,125,61200,75000,1,0.9903769,1
train,44,data_44.csv,persistent_leak,44_103_126,24,103,126,61800,75600,1,0.9912947,1
train,44,data_44.csv,persistent_leak,44_104_127,24,104,127,62400,76200,1,0.9917446,1
train,44,data_44.csv,persistent_leak,44_105_128,24,105,128,63000,76800,1,0.9942496,1
train,44,data_44.csv,persistent_leak,44_106_129,24,106,129,63600,77400,1,0.9953165,1
train,44,data_44.csv,persistent_leak,44_107_130,24,107,130,64200,78000,1,0.9967818,1
train,44,data_44.csv,persistent_leak,44_108_131,24,108,131,64800,78600,1,0.9976978,1
train,44,data_44.csv,persistent_leak,44_109_132,24,109,132,65400,79200,1,0.9973483,1
train,44,data_44.csv,persistent_leak,44_110_133,24,110,133,66000,79800,1,0.9959442,1
train,44,data_44.csv,persistent_leak,44_111_134,24,111,134,66600,80400,1,0.9957301,1
train,44,data_44.csv,persistent_leak,44_112_135,24,112,135,67200,81000,1,0.9950559,1
train,44,data_44.csv,persistent_leak,44_113_136,24,113,136,67800,81600,1,0.99094754,1
train,44,data_44.csv,persistent_leak,44_114_137,24,114,137,68400,82200,1,0.97846395,1
train,44,data_44.csv,persistent_leak,44_115_138,24,115,138,69000,82800,1,0.96955,1
train,44,data_44.csv,persistent_leak,44_116_139,24,116,139,69600,83400,1,0.9299489,1
train,44,data_44.csv,persistent_leak,44_117_140,24,117,140,70200,84000,1,0.91611075,1
train,44,data_44.csv,persistent_leak,44_118_141,24,118,141,70800,84600,1,0.85499257,1
train,44,data_44.csv,persistent_leak,44_119_142,24,119,142,71400,85200,1,0.7461555,1
train,44,data_44.csv,persistent_leak,44_120_143,24,120,143,72000,85800,1,0.34098214,1
train,44,data_44.csv,persistent_leak,44_121_144,24,121,144,72600,86400,1,0.2963465,1
train,45,data_45.csv,persistent_leak,45_0_23,24,0,23,0,13800,1,0.5063023,1
train,45,data_45.csv,persistent_leak,45_1_24,24,1,24,600,14400,1,0.5063023,1
train,45,data_45.csv,persistent_leak,45_2_25,24,2,25,1200,15000,1,0.5063023,1
train,45,data_45.csv,persistent_leak,45_3_26,24,3,26,1800,15600,1,0.5063023,1
train,45,data_45.csv,persistent_leak,45_4_27,24,4,27,2400,16200,1,0.5063023,1
train,45,data_45.csv,persistent_leak,45_5_28,24,5,28,3000,16800,1,0.5063023,1
train,45,data_45.csv,persistent_leak,45_6_29,24,6,29,3600,17400,1,0.5043605,1
train,45,data_45.csv,persistent_leak,45_7_30,24,7,30,4200,18000,1,0.5058416,1
train,45,data_45.csv,persistent_leak,45_8_31,24,8,31,4800,18600,1,0.5063023,1
train,45,data_45.csv,persistent_leak,45_9_32,24,9,32,5400,19200,1,0.5063023,1
train,45,data_45.csv,persistent_leak,45_10_33,24,10,33,6000,19800,1,0.50533515,1
train,45,data_45.csv,persistent_leak,45_11_34,24,11,34,6600,20400,1,0.50499463,1
train,45,data_45.csv,persistent_leak,45_12_35,24,12,35,7200,21000,1,0.5050765,1
train,45,data_45.csv,persistent_leak,45_13_36,24,13,36,7800,21600,1,0.5061673,1
train,45,data_45.csv,persistent_leak,45_14_37,24,14,37,8400,22200,1,0.5062654,1
train,45,data_45.csv,persistent_leak,45_15_38,24,15,38,9000,22800,1,0.49819848,1
train,45,data_45.csv,persistent_leak,45_16_39,24,16,39,9600,23400,1,0.48572305,1
train,45,data_45.csv,persistent_leak,45_17_40,24,17,40,10200,24000,1,0.48480958,1
train,45,data_45.csv,persistent_leak,45_18_41,24,18,41,10800,24600,1,0.44588473,1
train,45,data_45.csv,persistent_leak,45_19_42,24,19,42,11400,25200,1,0.47189078,1
train,45,data_45.csv,persistent_leak,45_20_43,24,20,43,12000,25800,1,0.48313516,1
train,45,data_45.csv,persistent_leak,45_21_44,24,21,44,12600,26400,1,0.45310488,1
train,45,data_45.csv,persistent_leak,45_22_45,24,22,45,13200,27000,1,0.47333914,1
train,45,data_45.csv,persistent_leak,45_23_46,24,23,46,13800,27600,1,0.4647171,1
train,45,data_45.csv,persistent_leak,45_24_47,24,24,47,14400,28200,1,0.4435611,1
train,45,data_45.csv,persistent_leak,45_25_48,24,25,48,15000,28800,1,0.45097303,1
train,45,data_45.csv,persistent_leak,45_26_49,24,26,49,15600,29400,1,0.41951376,1
train,45,data_45.csv,persistent_leak,45_27_50,24,27,50,16200,30000,1,0.40691015,1
train,45,data_45.csv,persistent_leak,45_28_51,24,28,51,16800,30600,1,0.4266007,1
train,45,data_45.csv,persistent_leak,45_29_52,24,29,52,17400,31200,1,0.40593496,1
train,45,data_45.csv,persistent_leak,45_30_53,24,30,53,18000,31800,1,0.40050387,1
train,45,data_45.csv,persistent_leak,45_31_54,24,31,54,18600,32400,1,0.5409949,1
train,45,data_45.csv,persistent_leak,45_32_55,24,32,55,19200,33000,1,0.5681384,1
train,45,data_45.csv,persistent_leak,45_33_56,24,33,56,19800,33600,1,0.5272299,1
train,45,data_45.csv,persistent_leak,45_34_57,24,34,57,20400,34200,1,0.49591884,1
train,45,data_45.csv,persistent_leak,45_35_58,24,35,58,21000,34800,1,0.4982342,1
train,45,data_45.csv,persistent_leak,45_36_59,24,36,59,21600,35400,1,0.5172476,1
train,45,data_45.csv,persistent_leak,45_37_60,24,37,60,22200,36000,1,0.66797626,1
train,45,data_45.csv,persistent_leak,45_38_61,24,38,61,22800,36600,1,0.68194884,1
train,45,data_45.csv,persistent_leak,45_39_62,24,39,62,23400,37200,1,0.6788811,1
train,45,data_45.csv,persistent_leak,45_40_63,24,40,63,24000,37800,1,0.6263652,1
train,45,data_45.csv,persistent_leak,45_41_64,24,41,64,24600,38400,1,0.622838,1
train,45,data_45.csv,persistent_leak,45_42_65,24,42,65,25200,39000,1,0.6527333,1
train,45,data_45.csv,persistent_leak,45_43_66,24,43,66,25800,39600,1,0.77317864,1
train,45,data_45.csv,persistent_leak,45_44_67,24,44,67,26400,40200,1,0.7993102,1
train,45,data_45.csv,persistent_leak,45_45_68,24,45,68,27000,40800,1,0.8214017,1
train,45,data_45.csv,persistent_leak,45_46_69,24,46,69,27600,41400,1,0.81342226,1
train,45,data_45.csv,persistent_leak,45_47_70,24,47,70,28200,42000,1,0.84977293,1
train,45,data_45.csv,persistent_leak,45_48_71,24,48,71,28800,42600,1,0.88612795,1
train,45,data_45.csv,persistent_leak,45_49_72,24,49,72,29400,43200,1,0.9149844,1
train,45,data_45.csv,persistent_leak,45_50_73,24,50,73,30000,43800,1,0.9310818,1
train,45,data_45.csv,persistent_leak,45_51_74,24,51,74,30600,44400,1,0.9373795,1
train,45,data_45.csv,persistent_leak,45_52_75,24,52,75,31200,45000,1,0.9383164,1
train,45,data_45.csv,persistent_leak,45_53_76,24,53,76,31800,45600,1,0.9393981,1
train,45,data_45.csv,persistent_leak,45_54_77,24,54,77,32400,46200,1,0.94271755,1
train,45,data_45.csv,persistent_leak,45_55_78,24,55,78,33000,46800,1,0.937929,1
train,45,data_45.csv,persistent_leak,45_56_79,24,56,79,33600,47400,1,0.93774027,1
train,45,data_45.csv,persistent_leak,45_57_80,24,57,80,34200,48000,1,0.9325441,1
train,45,data_45.csv,persistent_leak,45_58_81,24,58,81,34800,48600,1,0.91938686,1
train,45,data_45.csv,persistent_leak,45_59_82,24,59,82,35400,49200,1,0.9094246,1
train,45,data_45.csv,persistent_leak,45_60_83,24,60,83,36000,49800,1,0.90397376,1
train,45,data_45.csv,persistent_leak,45_61_84,24,61,84,36600,50400,1,0.85945785,1
train,45,data_45.csv,persistent_leak,45_62_85,24,62,85,37200,51000,1,0.83734363,1
train,45,data_45.csv,persistent_leak,45_63_86,24,63,86,37800,51600,1,0.83274585,1
train,45,data_45.csv,persistent_leak,45_64_87,24,64,87,38400,52200,1,0.84038484,1
train,45,data_45.csv,persistent_leak,45_65_88,24,65,88,39000,52800,1,0.86546546,1
train,45,data_45.csv,persistent_leak,45_66_89,24,66,89,39600,53400,1,0.89590573,1
train,45,data_45.csv,persistent_leak,45_67_90,24,67,90,40200,54000,1,0.8842961,1
train,45,data_45.csv,persistent_leak,45_68_91,24,68,91,40800,54600,1,0.89571905,1
train,45,data_45.csv,persistent_leak,45_69_92,24,69,92,41400,55200,1,0.9266908,1
train,45,data_45.csv,persistent_leak,45_70_93,24,70,93,42000,55800,1,0.9418755,1
train,45,data_45.csv,persistent_leak,45_71_94,24,71,94,42600,56400,1,0.95766914,1
train,45,data_45.csv,persistent_leak,45_72_95,24,72,95,43200,57000,1,0.9689363,1
train,45,data_45.csv,persistent_leak,45_73_96,24,73,96,43800,57600,1,0.96975243,1
train,45,data_45.csv,persistent_leak,45_74_97,24,74,97,44400,58200,1,0.9693629,1
train,45,data_45.csv,persistent_leak,45_75_98,24,75,98,45000,58800,1,0.9749034,1
train,45,data_45.csv,persistent_leak,45_76_99,24,76,99,45600,59400,1,0.97654754,1
train,45,data_45.csv,persistent_leak,45_77_100,24,77,100,46200,60000,1,0.97860515,1
train,45,data_45.csv,persistent_leak,45_78_101,24,78,101,46800,60600,1,0.98030627,1
train,45,data_45.csv,persistent_leak,45_79_102,24,79,102,47400,61200,1,0.98189443,1
train,45,data_45.csv,persistent_leak,45_80_103,24,80,103,48000,61800,1,0.9757243,1
train,45,data_45.csv,persistent_leak,45_81_104,24,81,104,48600,62400,1,0.9675111,1
train,45,data_45.csv,persistent_leak,45_82_105,24,82,105,49200,63000,1,0.96009254,1
train,45,data_45.csv,persistent_leak,45_83_106,24,83,106,49800,63600,1,0.9498678,1
train,45,data_45.csv,persistent_leak,45_84_107,24,84,107,50400,64200,1,0.92869216,1
train,45,data_45.csv,persistent_leak,45_85_108,24,85,108,51000,64800,1,0.9358373,1
train,45,data_45.csv,persistent_leak,45_86_109,24,86,109,51600,65400,1,0.92750597,1
train,45,data_45.csv,persistent_leak,45_87_110,24,87,110,52200,66000,1,0.8934669,1
train,45,data_45.csv,persistent_leak,45_88_111,24,88,111,52800,66600,1,0.89099234,1
train,45,data_45.csv,persistent_leak,45_89_112,24,89,112,53400,67200,1,0.8850817,1
train,45,data_45.csv,persistent_leak,45_90_113,24,90,113,54000,67800,1,0.8724275,1
train,45,data_45.csv,persistent_leak,45_91_114,24,91,114,54600,68400,1,0.8813011,1
train,45,data_45.csv,persistent_leak,45_92_115,24,92,115,55200,69000,1,0.9082383,1
train,45,data_45.csv,persistent_leak,45_93_116,24,93,116,55800,69600,1,0.9137333,1
train,45,data_45.csv,persistent_leak,45_94_117,24,94,117,56400,70200,1,0.9167321,1
train,45,data_45.csv,persistent_leak,45_95_118,24,95,118,57000,70800,1,0.8950993,1
train,45,data_45.csv,persistent_leak,45_96_119,24,96,119,57600,71400,1,0.8715783,1
train,45,data_45.csv,persistent_leak,45_97_120,24,97,120,58200,72000,1,0.8143319,1
train,45,data_45.csv,persistent_leak,45_98_121,24,98,121,58800,72600,1,0.78333753,1
train,45,data_45.csv,persistent_leak,45_99_122,24,99,122,59400,73200,1,0.7508346,1
train,45,data_45.csv,persistent_leak,45_100_123,24,100,123,60000,73800,1,0.6967299,1
train,45,data_45.csv,persistent_leak,45_101_124,24,101,124,60600,74400,1,0.69387925,1
train,45,data_45.csv,persistent_leak,45_102_125,24,102,125,61200,75000,1,0.6920148,1
train,45,data_45.csv,persistent_leak,45_103_126,24,103,126,61800,75600,1,0.664305,1
train,45,data_45.csv,persistent_leak,45_104_127,24,104,127,62400,76200,1,0.65528905,1
train,45,data_45.csv,persistent_leak,45_105_128,24,105,128,63000,76800,1,0.6972149,1
train,45,data_45.csv,persistent_leak,45_106_129,24,106,129,63600,77400,1,0.7374764,1
train,45,data_45.csv,persistent_leak,45_107_130,24,107,130,64200,78000,1,0.8208599,1
train,45,data_45.csv,persistent_leak,45_108_131,24,108,131,64800,78600,1,0.88307893,1
train,45,data_45.csv,persistent_leak,45_109_132,24,109,132,65400,79200,1,0.8653545,1
train,45,data_45.csv,persistent_leak,45_110_133,24,110,133,66000,79800,1,0.86878914,1
train,45,data_45.csv,persistent_leak,45_111_134,24,111,134,66600,80400,1,0.90343547,1
train,45,data_45.csv,persistent_leak,45_112_135,24,112,135,67200,81000,1,0.91916734,1
train,45,data_45.csv,persistent_leak,45_113_136,24,113,136,67800,81600,1,0.92539454,1
train,45,data_45.csv,persistent_leak,45_114_137,24,114,137,68400,82200,1,0.93469197,1
train,45,data_45.csv,persistent_leak,45_115_138,24,115,138,69000,82800,1,0.8767819,1
train,45,data_45.csv,persistent_leak,45_116_139,24,116,139,69600,83400,1,0.74973315,1
train,45,data_45.csv,persistent_leak,45_117_140,24,117,140,70200,84000,1,0.727151,1
train,45,data_45.csv,persistent_leak,45_118_141,24,118,141,70800,84600,1,0.6382697,1
train,45,data_45.csv,persistent_leak,45_119_142,24,119,142,71400,85200,1,0.6846949,1
train,45,data_45.csv,persistent_leak,45_120_143,24,120,143,72000,85800,1,0.53403294,1
train,45,data_45.csv,persistent_leak,45_121_144,24,121,144,72600,86400,1,0.45751855,1
train,47,data_47.csv,onset_leak,47_0_23,24,0,23,0,13800,0,0.011612638,0
train,47,data_47.csv,onset_leak,47_1_24,24,1,24,600,14400,0,0.0129655525,0
train,47,data_47.csv,onset_leak,47_2_25,24,2,25,1200,15000,0,0.015725585,0
train,47,data_47.csv,onset_leak,47_3_26,24,3,26,1800,15600,0,0.014506878,0
train,47,data_47.csv,onset_leak,47_4_27,24,4,27,2400,16200,0,0.011744501,0
train,47,data_47.csv,onset_leak,47_5_28,24,5,28,3000,16800,0,0.009164477,0
train,47,data_47.csv,onset_leak,47_6_29,24,6,29,3600,17400,0,0.00675001,0
train,47,data_47.csv,onset_leak,47_7_30,24,7,30,4200,18000,0,0.0069246716,0
train,47,data_47.csv,onset_leak,47_8_31,24,8,31,4800,18600,0,0.008745579,0
train,47,data_47.csv,onset_leak,47_9_32,24,9,32,5400,19200,0,0.008413252,0
train,47,data_47.csv,onset_leak,47_10_33,24,10,33,6000,19800,0,0.0071197026,0
train,47,data_47.csv,onset_leak,47_11_34,24,11,34,6600,20400,0,0.006510611,0
train,47,data_47.csv,onset_leak,47_12_35,24,12,35,7200,21000,0,0.0064831506,0
train,47,data_47.csv,onset_leak,47_13_36,24,13,36,7800,21600,0,0.0064751976,0
train,47,data_47.csv,onset_leak,47_14_37,24,14,37,8400,22200,0,0.007721701,0
train,47,data_47.csv,onset_leak,47_15_38,24,15,38,9000,22800,0,0.0075082965,0
train,47,data_47.csv,onset_leak,47_16_39,24,16,39,9600,23400,0,0.0065510846,0
train,47,data_47.csv,onset_leak,47_17_40,24,17,40,10200,24000,0,0.0057916874,0
train,47,data_47.csv,onset_leak,47_18_41,24,18,41,10800,24600,0,0.005783843,0
train,47,data_47.csv,onset_leak,47_19_42,24,19,42,11400,25200,0,0.0064364127,0
train,47,data_47.csv,onset_leak,47_20_43,24,20,43,12000,25800,0,0.010048982,0
train,47,data_47.csv,onset_leak,47_21_44,24,21,44,12600,26400,0,0.012318092,0
train,47,data_47.csv,onset_leak,47_22_45,24,22,45,13200,27000,0,0.012128959,0
train,47,data_47.csv,onset_leak,47_23_46,24,23,46,13800,27600,0,0.013262625,0
train,47,data_47.csv,onset_leak,47_24_47,24,24,47,14400,28200,0,0.017867815,0
train,47,data_47.csv,onset_leak,47_25_48,24,25,48,15000,28800,0,0.017790928,0
train,47,data_47.csv,onset_leak,47_26_49,24,26,49,15600,29400,0,0.026900688,0
train,47,data_47.csv,onset_leak,47_27_50,24,27,50,16200,30000,0,0.029951157,0
train,47,data_47.csv,onset_leak,47_28_51,24,28,51,16800,30600,0,0.026756128,0
train,47,data_47.csv,onset_leak,47_29_52,24,29,52,17400,31200,0,0.028152844,0
train,47,data_47.csv,onset_leak,47_30_53,24,30,53,18000,31800,0,0.037945878,0
train,47,data_47.csv,onset_leak,47_31_54,24,31,54,18600,32400,0,0.03050216,0
train,47,data_47.csv,onset_leak,47_32_55,24,32,55,19200,33000,0,0.032578547,0
train,47,data_47.csv,onset_leak,47_33_56,24,33,56,19800,33600,0,0.03246835,0
train,47,data_47.csv,onset_leak,47_34_57,24,34,57,20400,34200,0,0.031863093,0
train,47,data_47.csv,onset_leak,47_35_58,24,35,58,21000,34800,0,0.03212023,0
train,47,data_47.csv,onset_leak,47_36_59,24,36,59,21600,35400,0,0.043488193,0
train,47,data_47.csv,onset_leak,47_37_60,24,37,60,22200,36000,0,0.040511426,0
train,47,data_47.csv,onset_leak,47_38_61,24,38,61,22800,36600,0,0.052678432,0
train,47,data_47.csv,onset_leak,47_39_62,24,39,62,23400,37200,0,0.07074303,0
train,47,data_47.csv,onset_leak,47_40_63,24,40,63,24000,37800,0,0.106548816,1
train,47,data_47.csv,onset_leak,47_41_64,24,41,64,24600,38400,0,0.14962338,1
train,47,data_47.csv,onset_leak,47_42_65,24,42,65,25200,39000,0,0.19966274,1
train,47,data_47.csv,onset_leak,47_43_66,24,43,66,25800,39600,0,0.23535834,1
train,47,data_47.csv,onset_leak,47_44_67,24,44,67,26400,40200,0,0.31813592,1
train,47,data_47.csv,onset_leak,47_45_68,24,45,68,27000,40800,0,0.29657146,1
train,47,data_47.csv,onset_leak,47_46_69,24,46,69,27600,41400,0,0.35737774,1
train,47,data_47.csv,onset_leak,47_47_70,24,47,70,28200,42000,0,0.37194207,1
train,47,data_47.csv,onset_leak,47_48_71,24,48,71,28800,42600,0,0.41687346,1
train,47,data_47.csv,onset_leak,47_49_72,24,49,72,29400,43200,1,0.9489439,1
train,47,data_47.csv,onset_leak,47_50_73,24,50,73,30000,43800,1,0.9779809,1
train,47,data_47.csv,onset_leak,47_51_74,24,51,74,30600,44400,1,0.9872268,1
train,47,data_47.csv,onset_leak,47_52_75,24,52,75,31200,45000,1,0.9895661,1
train,47,data_47.csv,onset_leak,47_53_76,24,53,76,31800,45600,1,0.99344194,1
train,47,data_47.csv,onset_leak,47_54_77,24,54,77,32400,46200,1,0.9962309,1
train,47,data_47.csv,onset_leak,47_55_78,24,55,78,33000,46800,1,0.99670297,1
train,47,data_47.csv,onset_leak,47_56_79,24,56,79,33600,47400,1,0.99713814,1
train,47,data_47.csv,onset_leak,47_57_80,24,57,80,34200,48000,1,0.9973574,1
train,47,data_47.csv,onset_leak,47_58_81,24,58,81,34800,48600,1,0.996714,1
train,47,data_47.csv,onset_leak,47_59_82,24,59,82,35400,49200,1,0.99671173,1
train,47,data_47.csv,onset_leak,47_60_83,24,60,83,36000,49800,1,0.99664503,1
train,47,data_47.csv,onset_leak,47_61_84,24,61,84,36600,50400,1,0.9961397,1
train,47,data_47.csv,onset_leak,47_62_85,24,62,85,37200,51000,1,0.99532545,1
train,47,data_47.csv,onset_leak,47_63_86,24,63,86,37800,51600,1,0.9932006,1
train,47,data_47.csv,onset_leak,47_64_87,24,64,87,38400,52200,1,0.983139,1
train,47,data_47.csv,onset_leak,47_65_88,24,65,88,39000,52800,1,0.97233844,1
train,47,data_47.csv,onset_leak,47_66_89,24,66,89,39600,53400,1,0.96500224,1
train,47,data_47.csv,onset_leak,47_67_90,24,67,90,40200,54000,1,0.9379272,1
train,47,data_47.csv,onset_leak,47_68_91,24,68,91,40800,54600,1,0.9011301,1
train,47,data_47.csv,onset_leak,47_69_92,24,69,92,41400,55200,1,0.8816954,1
train,47,data_47.csv,onset_leak,47_70_93,24,70,93,42000,55800,1,0.89923066,1
train,47,data_47.csv,onset_leak,47_71_94,24,71,94,42600,56400,1,0.9566768,1
train,47,data_47.csv,onset_leak,47_72_95,24,72,95,43200,57000,1,0.9827292,1
train,47,data_47.csv,onset_leak,47_73_96,24,73,96,43800,57600,1,0.9827628,1
train,47,data_47.csv,onset_leak,47_74_97,24,74,97,44400,58200,1,0.9837404,1
train,47,data_47.csv,onset_leak,47_75_98,24,75,98,45000,58800,1,0.9885748,1
train,47,data_47.csv,onset_leak,47_76_99,24,76,99,45600,59400,1,0.9905365,1
train,47,data_47.csv,onset_leak,47_77_100,24,77,100,46200,60000,1,0.99234045,1
train,47,data_47.csv,onset_leak,47_78_101,24,78,101,46800,60600,1,0.99384815,1
train,47,data_47.csv,onset_leak,47_79_102,24,79,102,47400,61200,1,0.9942405,1
train,47,data_47.csv,onset_leak,47_80_103,24,80,103,48000,61800,1,0.9933815,1
train,47,data_47.csv,onset_leak,47_81_104,24,81,104,48600,62400,1,0.993489,1
train,47,data_47.csv,onset_leak,47_82_105,24,82,105,49200,63000,1,0.9929813,1
train,47,data_47.csv,onset_leak,47_83_106,24,83,106,49800,63600,1,0.99269354,1
train,47,data_47.csv,onset_leak,47_84_107,24,84,107,50400,64200,1,0.99168265,1
train,47,data_47.csv,onset_leak,47_85_108,24,85,108,51000,64800,1,0.991131,1
train,47,data_47.csv,onset_leak,47_86_109,24,86,109,51600,65400,1,0.9866585,1
train,47,data_47.csv,onset_leak,47_87_110,24,87,110,52200,66000,1,0.97843343,1
train,47,data_47.csv,onset_leak,47_88_111,24,88,111,52800,66600,1,0.9725476,1
train,47,data_47.csv,onset_leak,47_89_112,24,89,112,53400,67200,1,0.9622432,1
train,47,data_47.csv,onset_leak,47_90_113,24,90,113,54000,67800,1,0.93932307,1
train,47,data_47.csv,onset_leak,47_91_114,24,91,114,54600,68400,1,0.9385618,1
train,47,data_47.csv,onset_leak,47_92_115,24,92,115,55200,69000,1,0.9285128,1
train,47,data_47.csv,onset_leak,47_93_116,24,93,116,55800,69600,1,0.90443516,1
train,47,data_47.csv,onset_leak,47_94_117,24,94,117,56400,70200,1,0.91205853,1
train,47,data_47.csv,onset_leak,47_95_118,24,95,118,57000,70800,1,0.8884047,1
train,47,data_47.csv,onset_leak,47_96_119,24,96,119,57600,71400,1,0.8652339,1
train,47,data_47.csv,onset_leak,47_97_120,24,97,120,58200,72000,1,0.87176377,1
train,47,data_47.csv,onset_leak,47_98_121,24,98,121,58800,72600,1,0.88541317,1
train,47,data_47.csv,onset_leak,47_99_122,24,99,122,59400,73200,1,0.8797084,1
train,47,data_47.csv,onset_leak,47_100_123,24,100,123,60000,73800,1,0.8670881,1
train,47,data_47.csv,onset_leak,47_101_124,24,101,124,60600,74400,1,0.8445221,1
train,47,data_47.csv,onset_leak,47_102_125,24,102,125,61200,75000,1,0.8299539,1
train,47,data_47.csv,onset_leak,47_103_126,24,103,126,61800,75600,1,0.7963036,1
train,47,data_47.csv,onset_leak,47_104_127,24,104,127,62400,76200,1,0.7720484,1
train,47,data_47.csv,onset_leak,47_105_128,24,105,128,63000,76800,1,0.7538725,1
train,47,data_47.csv,onset_leak,47_106_129,24,106,129,63600,77400,1,0.7414564,1
train,47,data_47.csv,onset_leak,47_107_130,24,107,130,64200,78000,1,0.7691256,1
train,47,data_47.csv,onset_leak,47_108_131,24,108,131,64800,78600,1,0.80457735,1
train,47,data_47.csv,onset_leak,47_109_132,24,109,132,65400,79200,1,0.7655751,1
train,47,data_47.csv,onset_leak,47_110_133,24,110,133,66000,79800,1,0.77043295,1
train,47,data_47.csv,onset_leak,47_111_134,24,111,134,66600,80400,1,0.82557875,1
train,47,data_47.csv,onset_leak,47_112_135,24,112,135,67200,81000,1,0.86413705,1
train,47,data_47.csv,onset_leak,47_113_136,24,113,136,67800,81600,1,0.8985057,1
train,47,data_47.csv,onset_leak,47_114_137,24,114,137,68400,82200,1,0.9252601,1
train,47,data_47.csv,onset_leak,47_115_138,24,115,138,69000,82800,1,0.8990354,1
train,47,data_47.csv,onset_leak,47_116_139,24,116,139,69600,83400,1,0.7787289,1
train,47,data_47.csv,onset_leak,47_117_140,24,117,140,70200,84000,1,0.832798,1
train,47,data_47.csv,onset_leak,47_118_141,24,118,141,70800,84600,1,0.76752406,1
train,47,data_47.csv,onset_leak,47_119_142,24,119,142,71400,85200,1,0.8410463,1
train,47,data_47.csv,onset_leak,47_120_143,24,120,143,72000,85800,1,0.8060125,1
train,47,data_47.csv,onset_leak,47_121_144,24,121,144,72600,86400,1,0.6559033,1
train,51,data_51.csv,persistent_leak,51_0_23,24,0,23,0,13800,1,0.47006452,1
train,51,data_51.csv,persistent_leak,51_1_24,24,1,24,600,14400,1,0.47844082,1
train,51,data_51.csv,persistent_leak,51_2_25,24,2,25,1200,15000,1,0.48613188,1
train,51,data_51.csv,persistent_leak,51_3_26,24,3,26,1800,15600,1,0.4897901,1
train,51,data_51.csv,persistent_leak,51_4_27,24,4,27,2400,16200,1,0.49172002,1
train,51,data_51.csv,persistent_leak,51_5_28,24,5,28,3000,16800,1,0.49287915,1
train,51,data_51.csv,persistent_leak,51_6_29,24,6,29,3600,17400,1,0.49398243,1
train,51,data_51.csv,persistent_leak,51_7_30,24,7,30,4200,18000,1,0.5053873,1
train,51,data_51.csv,persistent_leak,51_8_31,24,8,31,4800,18600,1,0.5063023,1
train,51,data_51.csv,persistent_leak,51_9_32,24,9,32,5400,19200,1,0.5063023,1
train,51,data_51.csv,persistent_leak,51_10_33,24,10,33,6000,19800,1,0.5063023,1
train,51,data_51.csv,persistent_leak,51_11_34,24,11,34,6600,20400,1,0.5063023,1
train,51,data_51.csv,persistent_leak,51_12_35,24,12,35,7200,21000,1,0.5063023,1
train,51,data_51.csv,persistent_leak,51_13_36,24,13,36,7800,21600,1,0.5063023,1
train,51,data_51.csv,persistent_leak,51_14_37,24,14,37,8400,22200,1,0.5063023,1
train,51,data_51.csv,persistent_leak,51_15_38,24,15,38,9000,22800,1,0.5063023,1
train,51,data_51.csv,persistent_leak,51_16_39,24,16,39,9600,23400,1,0.5063023,1
train,51,data_51.csv,persistent_leak,51_17_40,24,17,40,10200,24000,1,0.5063023,1
train,51,data_51.csv,persistent_leak,51_18_41,24,18,41,10800,24600,1,0.5063023,1
train,51,data_51.csv,persistent_leak,51_19_42,24,19,42,11400,25200,1,0.5063023,1
train,51,data_51.csv,persistent_leak,51_20_43,24,20,43,12000,25800,1,0.5063023,1
train,51,data_51.csv,persistent_leak,51_21_44,24,21,44,12600,26400,1,0.5063023,1
train,51,data_51.csv,persistent_leak,51_22_45,24,22,45,13200,27000,1,0.4965661,1
train,51,data_51.csv,persistent_leak,51_23_46,24,23,46,13800,27600,1,0.48317355,1
train,51,data_51.csv,persistent_leak,51_24_47,24,24,47,14400,28200,1,0.4438625,1
train,51,data_51.csv,persistent_leak,51_25_48,24,25,48,15000,28800,1,0.45876816,1
train,51,data_51.csv,persistent_leak,51_26_49,24,26,49,15600,29400,1,0.48227194,1
train,51,data_51.csv,persistent_leak,51_27_50,24,27,50,16200,30000,1,0.4677992,1
train,51,data_51.csv,persistent_leak,51_28_51,24,28,51,16800,30600,1,0.47499394,1
train,51,data_51.csv,persistent_leak,51_29_52,24,29,52,17400,31200,1,0.48361897,1
train,51,data_51.csv,persistent_leak,51_30_53,24,30,53,18000,31800,1,0.46171743,1
train,51,data_51.csv,persistent_leak,51_31_54,24,31,54,18600,32400,1,0.4889601,1
train,51,data_51.csv,persistent_leak,51_32_55,24,32,55,19200,33000,1,0.4821744,1
train,51,data_51.csv,persistent_leak,51_33_56,24,33,56,19800,33600,1,0.4617886,1
train,51,data_51.csv,persistent_leak,51_34_57,24,34,57,20400,34200,1,0.47224388,1
train,51,data_51.csv,persistent_leak,51_35_58,24,35,58,21000,34800,1,0.45101178,1
train,51,data_51.csv,persistent_leak,51_36_59,24,36,59,21600,35400,1,0.4212571,1
train,51,data_51.csv,persistent_leak,51_37_60,24,37,60,22200,36000,1,0.7977446,1
train,51,data_51.csv,persistent_leak,51_38_61,24,38,61,22800,36600,1,0.897346,1
train,51,data_51.csv,persistent_leak,51_39_62,24,39,62,23400,37200,1,0.9351662,1
train,51,data_51.csv,persistent_leak,51_40_63,24,40,63,24000,37800,1,0.946152,1
train,51,data_51.csv,persistent_leak,51_41_64,24,41,64,24600,38400,1,0.95628524,1
train,51,data_51.csv,persistent_leak,51_42_65,24,42,65,25200,39000,1,0.96984214,1
train,51,data_51.csv,persistent_leak,51_43_66,24,43,66,25800,39600,1,0.99065685,1
train,51,data_51.csv,persistent_leak,51_44_67,24,44,67,26400,40200,1,0.99435246,1
train,51,data_51.csv,persistent_leak,51_45_68,24,45,68,27000,40800,1,0.99551314,1
train,51,data_51.csv,persistent_leak,51_46_69,24,46,69,27600,41400,1,0.99483216,1
train,51,data_51.csv,persistent_leak,51_47_70,24,47,70,28200,42000,1,0.995378,1
train,51,data_51.csv,persistent_leak,51_48_71,24,48,71,28800,42600,1,0.99602604,1
train,51,data_51.csv,persistent_leak,51_49_72,24,49,72,29400,43200,1,0.99632615,1
train,51,data_51.csv,persistent_leak,51_50_73,24,50,73,30000,43800,1,0.9964845,1
train,51,data_51.csv,persistent_leak,51_51_74,24,51,74,30600,44400,1,0.9961434,1
train,51,data_51.csv,persistent_leak,51_52_75,24,52,75,31200,45000,1,0.9936294,1
train,51,data_51.csv,persistent_leak,51_53_76,24,53,76,31800,45600,1,0.9929476,1
train,51,data_51.csv,persistent_leak,51_54_77,24,54,77,32400,46200,1,0.9920764,1
train,51,data_51.csv,persistent_leak,51_55_78,24,55,78,33000,46800,1,0.9856418,1
train,51,data_51.csv,persistent_leak,51_56_79,24,56,79,33600,47400,1,0.9784655,1
train,51,data_51.csv,persistent_leak,51_57_80,24,57,80,34200,48000,1,0.9708227,1
train,51,data_51.csv,persistent_leak,51_58_81,24,58,81,34800,48600,1,0.95358616,1
train,51,data_51.csv,persistent_leak,51_59_82,24,59,82,35400,49200,1,0.95306224,1
train,51,data_51.csv,persistent_leak,51_60_83,24,60,83,36000,49800,1,0.9561145,1
train,51,data_51.csv,persistent_leak,51_61_84,24,61,84,36600,50400,1,0.9514226,1
train,51,data_51.csv,persistent_leak,51_62_85,24,62,85,37200,51000,1,0.9438056,1
train,51,data_51.csv,persistent_leak,51_63_86,24,63,86,37800,51600,1,0.9449405,1
train,51,data_51.csv,persistent_leak,51_64_87,24,64,87,38400,52200,1,0.9497238,1
train,51,data_51.csv,persistent_leak,51_65_88,24,65,88,39000,52800,1,0.9672957,1
train,51,data_51.csv,persistent_leak,51_66_89,24,66,89,39600,53400,1,0.97864246,1
train,51,data_51.csv,persistent_leak,51_67_90,24,67,90,40200,54000,1,0.9795603,1
train,51,data_51.csv,persistent_leak,51_68_91,24,68,91,40800,54600,1,0.97945946,1
train,51,data_51.csv,persistent_leak,51_69_92,24,69,92,41400,55200,1,0.98062176,1
train,51,data_51.csv,persistent_leak,51_70_93,24,70,93,42000,55800,1,0.9810472,1
train,51,data_51.csv,persistent_leak,51_71_94,24,71,94,42600,56400,1,0.98307323,1
train,51,data_51.csv,persistent_leak,51_72_95,24,72,95,43200,57000,1,0.98408616,1
train,51,data_51.csv,persistent_leak,51_73_96,24,73,96,43800,57600,1,0.98283166,1
train,51,data_51.csv,persistent_leak,51_74_97,24,74,97,44400,58200,1,0.9797698,1
train,51,data_51.csv,persistent_leak,51_75_98,24,75,98,45000,58800,1,0.9765361,1
train,51,data_51.csv,persistent_leak,51_76_99,24,76,99,45600,59400,1,0.97370285,1
train,51,data_51.csv,persistent_leak,51_77_100,24,77,100,46200,60000,1,0.9663861,1
train,51,data_51.csv,persistent_leak,51_78_101,24,78,101,46800,60600,1,0.95572513,1
train,51,data_51.csv,persistent_leak,51_79_102,24,79,102,47400,61200,1,0.9630411,1
train,51,data_51.csv,persistent_leak,51_80_103,24,80,103,48000,61800,1,0.9643374,1
train,51,data_51.csv,persistent_leak,51_81_104,24,81,104,48600,62400,1,0.9613037,1
train,51,data_51.csv,persistent_leak,51_82_105,24,82,105,49200,63000,1,0.9617282,1
train,51,data_51.csv,persistent_leak,51_83_106,24,83,106,49800,63600,1,0.9604174,1
train,51,data_51.csv,persistent_leak,51_84_107,24,84,107,50400,64200,1,0.959182,1
train,51,data_51.csv,persistent_leak,51_85_108,24,85,108,51000,64800,1,0.9704542,1
train,51,data_51.csv,persistent_leak,51_86_109,24,86,109,51600,65400,1,0.9754823,1
train,51,data_51.csv,persistent_leak,51_87_110,24,87,110,52200,66000,1,0.9776013,1
train,51,data_51.csv,persistent_leak,51_88_111,24,88,111,52800,66600,1,0.9796693,1
train,51,data_51.csv,persistent_leak,51_89_112,24,89,112,53400,67200,1,0.9818734,1
train,51,data_51.csv,persistent_leak,51_90_113,24,90,113,54000,67800,1,0.98421615,1
train,51,data_51.csv,persistent_leak,51_91_114,24,91,114,54600,68400,1,0.9739948,1
train,51,data_51.csv,persistent_leak,51_92_115,24,92,115,55200,69000,1,0.96966726,1
train,51,data_51.csv,persistent_leak,51_93_116,24,93,116,55800,69600,1,0.9661808,1
train,51,data_51.csv,persistent_leak,51_94_117,24,94,117,56400,70200,1,0.9651854,1
train,51,data_51.csv,persistent_leak,51_95_118,24,95,118,57000,70800,1,0.9573418,1
train,51,data_51.csv,persistent_leak,51_96_119,24,96,119,57600,71400,1,0.9528726,1
train,51,data_51.csv,persistent_leak,51_97_120,24,97,120,58200,72000,1,0.9258752,1
train,51,data_51.csv,persistent_leak,51_98_121,24,98,121,58800,72600,1,0.9247966,1
train,51,data_51.csv,persistent_leak,51_99_122,24,99,122,59400,73200,1,0.93735456,1
train,51,data_51.csv,persistent_leak,51_100_123,24,100,123,60000,73800,1,0.9521513,1
train,51,data_51.csv,persistent_leak,51_101_124,24,101,124,60600,74400,1,0.9642522,1
train,51,data_51.csv,persistent_leak,51_102_125,24,102,125,61200,75000,1,0.9758213,1
train,51,data_51.csv,persistent_leak,51_103_126,24,103,126,61800,75600,1,0.97718096,1
train,51,data_51.csv,persistent_leak,51_104_127,24,104,127,62400,76200,1,0.98063284,1
train,51,data_51.csv,persistent_leak,51_105_128,24,105,128,63000,76800,1,0.9887348,1
train,51,data_51.csv,persistent_leak,51_106_129,24,106,129,63600,77400,1,0.99164104,1
train,51,data_51.csv,persistent_leak,51_107_130,24,107,130,64200,78000,1,0.99483985,1
train,51,data_51.csv,persistent_leak,51_108_131,24,108,131,64800,78600,1,0.9968315,1
train,51,data_51.csv,persistent_leak,51_109_132,24,109,132,65400,79200,1,0.9966618,1
train,51,data_51.csv,persistent_leak,51_110_133,24,110,133,66000,79800,1,0.9956365,1
train,51,data_51.csv,persistent_leak,51_111_134,24,111,134,66600,80400,1,0.9961008,1
train,51,data_51.csv,persistent_leak,51_112_135,24,112,135,67200,81000,1,0.99609643,1
train,51,data_51.csv,persistent_leak,51_113_136,24,113,136,67800,81600,1,0.99562895,1
train,51,data_51.csv,persistent_leak,51_114_137,24,114,137,68400,82200,1,0.9942457,1
train,51,data_51.csv,persistent_leak,51_115_138,24,115,138,69000,82800,1,0.9924114,1
train,51,data_51.csv,persistent_leak,51_116_139,24,116,139,69600,83400,1,0.9807474,1
train,51,data_51.csv,persistent_leak,51_117_140,24,117,140,70200,84000,1,0.9782853,1
train,51,data_51.csv,persistent_leak,51_118_141,24,118,141,70800,84600,1,0.96367115,1
train,51,data_51.csv,persistent_leak,51_119_142,24,119,142,71400,85200,1,0.9394691,1
train,51,data_51.csv,persistent_leak,51_120_143,24,120,143,72000,85800,1,0.7324826,1
train,51,data_51.csv,persistent_leak,51_121_144,24,121,144,72600,86400,1,0.703702,1
train,52,data_52.csv,persistent_leak,52_0_23,24,0,23,0,13800,1,0.39690515,1
train,52,data_52.csv,persistent_leak,52_1_24,24,1,24,600,14400,1,0.42972794,1
train,52,data_52.csv,persistent_leak,52_2_25,24,2,25,1200,15000,1,0.46221644,1
train,52,data_52.csv,persistent_leak,52_3_26,24,3,26,1800,15600,1,0.485426,1
train,52,data_52.csv,persistent_leak,52_4_27,24,4,27,2400,16200,1,0.49752265,1
train,52,data_52.csv,persistent_leak,52_5_28,24,5,28,3000,16800,1,0.505173,1
train,52,data_52.csv,persistent_leak,52_6_29,24,6,29,3600,17400,1,0.50627893,1
train,52,data_52.csv,persistent_leak,52_7_30,24,7,30,4200,18000,1,0.5063023,1
train,52,data_52.csv,persistent_leak,52_8_31,24,8,31,4800,18600,1,0.5063023,1
train,52,data_52.csv,persistent_leak,52_9_32,24,9,32,5400,19200,1,0.5063023,1
train,52,data_52.csv,persistent_leak,52_10_33,24,10,33,6000,19800,1,0.5063023,1
train,52,data_52.csv,persistent_leak,52_11_34,24,11,34,6600,20400,1,0.5063023,1
train,52,data_52.csv,persistent_leak,52_12_35,24,12,35,7200,21000,1,0.5063023,1
train,52,data_52.csv,persistent_leak,52_13_36,24,13,36,7800,21600,1,0.5063023,1
train,52,data_52.csv,persistent_leak,52_14_37,24,14,37,8400,22200,1,0.5063023,1
train,52,data_52.csv,persistent_leak,52_15_38,24,15,38,9000,22800,1,0.5063023,1
train,52,data_52.csv,persistent_leak,52_16_39,24,16,39,9600,23400,1,0.4952872,1
train,52,data_52.csv,persistent_leak,52_17_40,24,17,40,10200,24000,1,0.43123317,1
train,52,data_52.csv,persistent_leak,52_18_41,24,18,41,10800,24600,1,0.36735332,1
train,52,data_52.csv,persistent_leak,52_19_42,24,19,42,11400,25200,1,0.39007565,1
train,52,data_52.csv,persistent_leak,52_20_43,24,20,43,12000,25800,1,0.46611333,1
train,52,data_52.csv,persistent_leak,52_21_44,24,21,44,12600,26400,1,0.48211893,1
train,52,data_52.csv,persistent_leak,52_22_45,24,22,45,13200,27000,1,0.44901088,1
train,52,data_52.csv,persistent_leak,52_23_46,24,23,46,13800,27600,1,0.45038733,1
train,52,data_52.csv,persistent_leak,52_24_47,24,24,47,14400,28200,1,0.46326706,1
train,52,data_52.csv,persistent_leak,52_25_48,24,25,48,15000,28800,1,0.4549034,1
train,52,data_52.csv,persistent_leak,52_26_49,24,26,49,15600,29400,1,0.48435163,1
train,52,data_52.csv,persistent_leak,52_27_50,24,27,50,16200,30000,1,0.472023,1
train,52,data_52.csv,persistent_leak,52_28_51,24,28,51,16800,30600,1,0.44632548,1
train,52,data_52.csv,persistent_leak,52_29_52,24,29,52,17400,31200,1,0.46485907,1
train,52,data_52.csv,persistent_leak,52_30_53,24,30,53,18000,31800,1,0.458349,1
train,52,data_52.csv,persistent_leak,52_31_54,24,31,54,18600,32400,1,0.47322533,1
train,52,data_52.csv,persistent_leak,52_32_55,24,32,55,19200,33000,1,0.45575207,1
train,52,data_52.csv,persistent_leak,52_33_56,24,33,56,19800,33600,1,0.3987718,1
train,52,data_52.csv,persistent_leak,52_34_57,24,34,57,20400,34200,1,0.408689,1
train,52,data_52.csv,persistent_leak,52_35_58,24,35,58,21000,34800,1,0.40179083,1
train,52,data_52.csv,persistent_leak,52_36_59,24,36,59,21600,35400,1,0.34699938,1
train,52,data_52.csv,persistent_leak,52_37_60,24,37,60,22200,36000,1,0.39595005,1
train,52,data_52.csv,persistent_leak,52_38_61,24,38,61,22800,36600,1,0.42685547,1
train,52,data_52.csv,persistent_leak,52_39_62,24,39,62,23400,37200,1,0.48804668,1
train,52,data_52.csv,persistent_leak,52_40_63,24,40,63,24000,37800,1,0.5173076,1
train,52,data_52.csv,persistent_leak,52_41_64,24,41,64,24600,38400,1,0.52286893,1
train,52,data_52.csv,persistent_leak,52_42_65,24,42,65,25200,39000,1,0.601933,1
train,52,data_52.csv,persistent_leak,52_43_66,24,43,66,25800,39600,1,0.8980036,1
train,52,data_52.csv,persistent_leak,52_44_67,24,44,67,26400,40200,1,0.92952317,1
train,52,data_52.csv,persistent_leak,52_45_68,24,45,68,27000,40800,1,0.94633216,1
train,52,data_52.csv,persistent_leak,52_46_69,24,46,69,27600,41400,1,0.946886,1
train,52,data_52.csv,persistent_leak,52_47_70,24,47,70,28200,42000,1,0.95492876,1
train,52,data_52.csv,persistent_leak,52_48_71,24,48,71,28800,42600,1,0.96281946,1
train,52,data_52.csv,persistent_leak,52_49_72,24,49,72,29400,43200,1,0.97004694,1
train,52,data_52.csv,persistent_leak,52_50_73,24,50,73,30000,43800,1,0.974535,1
train,52,data_52.csv,persistent_leak,52_51_74,24,51,74,30600,44400,1,0.97583383,1
train,52,data_52.csv,persistent_leak,52_52_75,24,52,75,31200,45000,1,0.9684032,1
train,52,data_52.csv,persistent_leak,52_53_76,24,53,76,31800,45600,1,0.9645354,1
train,52,data_52.csv,persistent_leak,52_54_77,24,54,77,32400,46200,1,0.9599685,1
train,52,data_52.csv,persistent_leak,52_55_78,24,55,78,33000,46800,1,0.94850534,1
train,52,data_52.csv,persistent_leak,52_56_79,24,56,79,33600,47400,1,0.9360015,1
train,52,data_52.csv,persistent_leak,52_57_80,24,57,80,34200,48000,1,0.9231603,1
train,52,data_52.csv,persistent_leak,52_58_81,24,58,81,34800,48600,1,0.8883953,1
train,52,data_52.csv,persistent_leak,52_59_82,24,59,82,35400,49200,1,0.8771741,1
train,52,data_52.csv,persistent_leak,52_60_83,24,60,83,36000,49800,1,0.8770632,1
train,52,data_52.csv,persistent_leak,52_61_84,24,61,84,36600,50400,1,0.8343119,1
train,52,data_52.csv,persistent_leak,52_62_85,24,62,85,37200,51000,1,0.80076075,1
train,52,data_52.csv,persistent_leak,52_63_86,24,63,86,37800,51600,1,0.8047409,1
train,52,data_52.csv,persistent_leak,52_64_87,24,64,87,38400,52200,1,0.8219509,1
train,52,data_52.csv,persistent_leak,52_65_88,24,65,88,39000,52800,1,0.87061185,1
train,52,data_52.csv,persistent_leak,52_66_89,24,66,89,39600,53400,1,0.9097226,1
train,52,data_52.csv,persistent_leak,52_67_90,24,67,90,40200,54000,1,0.91126776,1
train,52,data_52.csv,persistent_leak,52_68_91,24,68,91,40800,54600,1,0.91827345,1
train,52,data_52.csv,persistent_leak,52_69_92,24,69,92,41400,55200,1,0.935053,1
train,52,data_52.csv,persistent_leak,52_70_93,24,70,93,42000,55800,1,0.9424883,1
train,52,data_52.csv,persistent_leak,52_71_94,24,71,94,42600,56400,1,0.95399404,1
train,52,data_52.csv,persistent_leak,52_72_95,24,72,95,43200,57000,1,0.96368635,1
train,52,data_52.csv,persistent_leak,52_73_96,24,73,96,43800,57600,1,0.9642005,1
train,52,data_52.csv,persistent_leak,52_74_97,24,74,97,44400,58200,1,0.9609053,1
train,52,data_52.csv,persistent_leak,52_75_98,24,75,98,45000,58800,1,0.9607852,1
train,52,data_52.csv,persistent_leak,52_76_99,24,76,99,45600,59400,1,0.9592721,1
train,52,data_52.csv,persistent_leak,52_77_100,24,77,100,46200,60000,1,0.95800334,1
train,52,data_52.csv,persistent_leak,52_78_101,24,78,101,46800,60600,1,0.953758,1
train,52,data_52.csv,persistent_leak,52_79_102,24,79,102,47400,61200,1,0.9501319,1
train,52,data_52.csv,persistent_leak,52_80_103,24,80,103,48000,61800,1,0.9384153,1
train,52,data_52.csv,persistent_leak,52_81_104,24,81,104,48600,62400,1,0.9240035,1
train,52,data_52.csv,persistent_leak,52_82_105,24,82,105,49200,63000,1,0.91124994,1
train,52,data_52.csv,persistent_leak,52_83_106,24,83,106,49800,63600,1,0.880349,1
train,52,data_52.csv,persistent_leak,52_84_107,24,84,107,50400,64200,1,0.8335661,1
train,52,data_52.csv,persistent_leak,52_85_108,24,85,108,51000,64800,1,0.8406952,1
train,52,data_52.csv,persistent_leak,52_86_109,24,86,109,51600,65400,1,0.8346237,1
train,52,data_52.csv,persistent_leak,52_87_110,24,87,110,52200,66000,1,0.80867493,1
train,52,data_52.csv,persistent_leak,52_88_111,24,88,111,52800,66600,1,0.80629325,1
train,52,data_52.csv,persistent_leak,52_89_112,24,89,112,53400,67200,1,0.7889358,1
train,52,data_52.csv,persistent_leak,52_90_113,24,90,113,54000,67800,1,0.77038455,1
train,52,data_52.csv,persistent_leak,52_91_114,24,91,114,54600,68400,1,0.6997436,1
train,52,data_52.csv,persistent_leak,52_92_115,24,92,115,55200,69000,1,0.66810673,1
train,52,data_52.csv,persistent_leak,52_93_116,24,93,116,55800,69600,1,0.6779727,1
train,52,data_52.csv,persistent_leak,52_94_117,24,94,117,56400,70200,1,0.69131476,1
train,52,data_52.csv,persistent_leak,52_95_118,24,95,118,57000,70800,1,0.6751812,1
train,52,data_52.csv,persistent_leak,52_96_119,24,96,119,57600,71400,1,0.6798741,1
train,52,data_52.csv,persistent_leak,52_97_120,24,97,120,58200,72000,1,0.64685136,1
train,52,data_52.csv,persistent_leak,52_98_121,24,98,121,58800,72600,1,0.6476269,1
train,52,data_52.csv,persistent_leak,52_99_122,24,99,122,59400,73200,1,0.6756006,1
train,52,data_52.csv,persistent_leak,52_100_123,24,100,123,60000,73800,1,0.68924075,1
train,52,data_52.csv,persistent_leak,52_101_124,24,101,124,60600,74400,1,0.7228193,1
train,52,data_52.csv,persistent_leak,52_102_125,24,102,125,61200,75000,1,0.743894,1
train,52,data_52.csv,persistent_leak,52_103_126,24,103,126,61800,75600,1,0.7040908,1
train,52,data_52.csv,persistent_leak,52_104_127,24,104,127,62400,76200,1,0.6782349,1
train,52,data_52.csv,persistent_leak,52_105_128,24,105,128,63000,76800,1,0.7670725,1
train,52,data_52.csv,persistent_leak,52_106_129,24,106,129,63600,77400,1,0.7789745,1
train,52,data_52.csv,persistent_leak,52_107_130,24,107,130,64200,78000,1,0.8764891,1
train,52,data_52.csv,persistent_leak,52_108_131,24,108,131,64800,78600,1,0.9335678,1
train,52,data_52.csv,persistent_leak,52_109_132,24,109,132,65400,79200,1,0.91298586,1
train,52,data_52.csv,persistent_leak,52_110_133,24,110,133,66000,79800,1,0.8648142,1
train,52,data_52.csv,persistent_leak,52_111_134,24,111,134,66600,80400,1,0.875324,1
train,52,data_52.csv,persistent_leak,52_112_135,24,112,135,67200,81000,1,0.86318004,1
train,52,data_52.csv,persistent_leak,52_113_136,24,113,136,67800,81600,1,0.8258984,1
train,52,data_52.csv,persistent_leak,52_114_137,24,114,137,68400,82200,1,0.73573726,1
train,52,data_52.csv,persistent_leak,52_115_138,24,115,138,69000,82800,1,0.6948115,1
train,52,data_52.csv,persistent_leak,52_116_139,24,116,139,69600,83400,1,0.6045018,1
train,52,data_52.csv,persistent_leak,52_117_140,24,117,140,70200,84000,1,0.49258485,1
train,52,data_52.csv,persistent_leak,52_118_141,24,118,141,70800,84600,1,0.35979658,1
train,52,data_52.csv,persistent_leak,52_119_142,24,119,142,71400,85200,1,0.24234693,1
train,52,data_52.csv,persistent_leak,52_120_143,24,120,143,72000,85800,1,0.086753145,0
train,52,data_52.csv,persistent_leak,52_121_144,24,121,144,72600,86400,1,0.075580455,0
train,54,data_54.csv,persistent_leak,54_0_23,24,0,23,0,13800,1,0.49903294,1
train,54,data_54.csv,persistent_leak,54_1_24,24,1,24,600,14400,1,0.5033123,1
train,54,data_54.csv,persistent_leak,54_2_25,24,2,25,1200,15000,1,0.5062493,1
train,54,data_54.csv,persistent_leak,54_3_26,24,3,26,1800,15600,1,0.5063023,1
train,54,data_54.csv,persistent_leak,54_4_27,24,4,27,2400,16200,1,0.5063023,1
train,54,data_54.csv,persistent_leak,54_5_28,24,5,28,3000,16800,1,0.50526536,1
train,54,data_54.csv,persistent_leak,54_6_29,24,6,29,3600,17400,1,0.50233185,1
train,54,data_54.csv,persistent_leak,54_7_30,24,7,30,4200,18000,1,0.5063023,1
train,54,data_54.csv,persistent_leak,54_8_31,24,8,31,4800,18600,1,0.5063023,1
train,54,data_54.csv,persistent_leak,54_9_32,24,9,32,5400,19200,1,0.5063023,1
train,54,data_54.csv,persistent_leak,54_10_33,24,10,33,6000,19800,1,0.5063023,1
train,54,data_54.csv,persistent_leak,54_11_34,24,11,34,6600,20400,1,0.5063023,1
train,54,data_54.csv,persistent_leak,54_12_35,24,12,35,7200,21000,1,0.5063023,1
train,54,data_54.csv,persistent_leak,54_13_36,24,13,36,7800,21600,1,0.5063023,1
train,54,data_54.csv,persistent_leak,54_14_37,24,14,37,8400,22200,1,0.5063023,1
train,54,data_54.csv,persistent_leak,54_15_38,24,15,38,9000,22800,1,0.5063023,1
train,54,data_54.csv,persistent_leak,54_16_39,24,16,39,9600,23400,1,0.5063023,1
train,54,data_54.csv,persistent_leak,54_17_40,24,17,40,10200,24000,1,0.505899,1
train,54,data_54.csv,persistent_leak,54_18_41,24,18,41,10800,24600,1,0.5054383,1
train,54,data_54.csv,persistent_leak,54_19_42,24,19,42,11400,25200,1,0.5063023,1
train,54,data_54.csv,persistent_leak,54_20_43,24,20,43,12000,25800,1,0.5058967,1
train,54,data_54.csv,persistent_leak,54_21_44,24,21,44,12600,26400,1,0.49520826,1
train,54,data_54.csv,persistent_leak,54_22_45,24,22,45,13200,27000,1,0.45586812,1
train,54,data_54.csv,persistent_leak,54_23_46,24,23,46,13800,27600,1,0.4543755,1
train,54,data_54.csv,persistent_leak,54_24_47,24,24,47,14400,28200,1,0.38744825,1
train,54,data_54.csv,persistent_leak,54_25_48,24,25,48,15000,28800,1,0.39872676,1
train,54,data_54.csv,persistent_leak,54_26_49,24,26,49,15600,29400,1,0.41904166,1
train,54,data_54.csv,persistent_leak,54_27_50,24,27,50,16200,30000,1,0.3775331,1
train,54,data_54.csv,persistent_leak,54_28_51,24,28,51,16800,30600,1,0.38256997,1
train,54,data_54.csv,persistent_leak,54_29_52,24,29,52,17400,31200,1,0.4018276,1
train,54,data_54.csv,persistent_leak,54_30_53,24,30,53,18000,31800,1,0.37954748,1
train,54,data_54.csv,persistent_leak,54_31_54,24,31,54,18600,32400,1,0.39037016,1
train,54,data_54.csv,persistent_leak,54_32_55,24,32,55,19200,33000,1,0.3809593,1
train,54,data_54.csv,persistent_leak,54_33_56,24,33,56,19800,33600,1,0.35162574,1
train,54,data_54.csv,persistent_leak,54_34_57,24,34,57,20400,34200,1,0.37465963,1
train,54,data_54.csv,persistent_leak,54_35_58,24,35,58,21000,34800,1,0.35442507,1
train,54,data_54.csv,persistent_leak,54_36_59,24,36,59,21600,35400,1,0.3464849,1
train,54,data_54.csv,persistent_leak,54_37_60,24,37,60,22200,36000,1,0.6957827,1
train,54,data_54.csv,persistent_leak,54_38_61,24,38,61,22800,36600,1,0.76783526,1
train,54,data_54.csv,persistent_leak,54_39_62,24,39,62,23400,37200,1,0.7825967,1
train,54,data_54.csv,persistent_leak,54_40_63,24,40,63,24000,37800,1,0.7961523,1
train,54,data_54.csv,persistent_leak,54_41_64,24,41,64,24600,38400,1,0.80077505,1
train,54,data_54.csv,persistent_leak,54_42_65,24,42,65,25200,39000,1,0.8292312,1
train,54,data_54.csv,persistent_leak,54_43_66,24,43,66,25800,39600,1,0.9160831,1
train,54,data_54.csv,persistent_leak,54_44_67,24,44,67,26400,40200,1,0.9382649,1
train,54,data_54.csv,persistent_leak,54_45_68,24,45,68,27000,40800,1,0.94540757,1
train,54,data_54.csv,persistent_leak,54_46_69,24,46,69,27600,41400,1,0.93856597,1
train,54,data_54.csv,persistent_leak,54_47_70,24,47,70,28200,42000,1,0.94566345,1
train,54,data_54.csv,persistent_leak,54_48_71,24,48,71,28800,42600,1,0.9510733,1
train,54,data_54.csv,persistent_leak,54_49_72,24,49,72,29400,43200,1,0.9675143,1
train,54,data_54.csv,persistent_leak,54_50_73,24,50,73,30000,43800,1,0.97247994,1
train,54,data_54.csv,persistent_leak,54_51_74,24,51,74,30600,44400,1,0.9744562,1
train,54,data_54.csv,persistent_leak,54_52_75,24,52,75,31200,45000,1,0.9699219,1
train,54,data_54.csv,persistent_leak,54_53_76,24,53,76,31800,45600,1,0.9714102,1
train,54,data_54.csv,persistent_leak,54_54_77,24,54,77,32400,46200,1,0.973671,1
train,54,data_54.csv,persistent_leak,54_55_78,24,55,78,33000,46800,1,0.9726001,1
train,54,data_54.csv,persistent_leak,54_56_79,24,56,79,33600,47400,1,0.97157323,1
train,54,data_54.csv,persistent_leak,54_57_80,24,57,80,34200,48000,1,0.96878403,1
train,54,data_54.csv,persistent_leak,54_58_81,24,58,81,34800,48600,1,0.9586669,1
train,54,data_54.csv,persistent_leak,54_59_82,24,59,82,35400,49200,1,0.9551994,1
train,54,data_54.csv,persistent_leak,54_60_83,24,60,83,36000,49800,1,0.9533284,1
train,54,data_54.csv,persistent_leak,54_61_84,24,61,84,36600,50400,1,0.9489686,1
train,54,data_54.csv,persistent_leak,54_62_85,24,62,85,37200,51000,1,0.93958485,1
train,54,data_54.csv,persistent_leak,54_63_86,24,63,86,37800,51600,1,0.93566287,1
train,54,data_54.csv,persistent_leak,54_64_87,24,64,87,38400,52200,1,0.92266643,1
train,54,data_54.csv,persistent_leak,54_65_88,24,65,88,39000,52800,1,0.9296,1
train,54,data_54.csv,persistent_leak,54_66_89,24,66,89,39600,53400,1,0.93668634,1
train,54,data_54.csv,persistent_leak,54_67_90,24,67,90,40200,54000,1,0.9240906,1
train,54,data_54.csv,persistent_leak,54_68_91,24,68,91,40800,54600,1,0.9194851,1
train,54,data_54.csv,persistent_leak,54_69_92,24,69,92,41400,55200,1,0.92440945,1
train,54,data_54.csv,persistent_leak,54_70_93,24,70,93,42000,55800,1,0.93436444,1
train,54,data_54.csv,persistent_leak,54_71_94,24,71,94,42600,56400,1,0.9458431,1
train,54,data_54.csv,persistent_leak,54_72_95,24,72,95,43200,57000,1,0.9570159,1
train,54,data_54.csv,persistent_leak,54_73_96,24,73,96,43800,57600,1,0.955048,1
train,54,data_54.csv,persistent_leak,54_74_97,24,74,97,44400,58200,1,0.9567678,1
train,54,data_54.csv,persistent_leak,54_75_98,24,75,98,45000,58800,1,0.96594006,1
train,54,data_54.csv,persistent_leak,54_76_99,24,76,99,45600,59400,1,0.97033286,1
train,54,data_54.csv,persistent_leak,54_77_100,24,77,100,46200,60000,1,0.972933,1
train,54,data_54.csv,persistent_leak,54_78_101,24,78,101,46800,60600,1,0.97560096,1
train,54,data_54.csv,persistent_leak,54_79_102,24,79,102,47400,61200,1,0.9782599,1
train,54,data_54.csv,persistent_leak,54_80_103,24,80,103,48000,61800,1,0.97696054,1
train,54,data_54.csv,persistent_leak,54_81_104,24,81,104,48600,62400,1,0.97819316,1
train,54,data_54.csv,persistent_leak,54_82_105,24,82,105,49200,63000,1,0.9773283,1
train,54,data_54.csv,persistent_leak,54_83_106,24,83,106,49800,63600,1,0.9783611,1
train,54,data_54.csv,persistent_leak,54_84_107,24,84,107,50400,64200,1,0.97844887,1
train,54,data_54.csv,persistent_leak,54_85_108,24,85,108,51000,64800,1,0.9769363,1
train,54,data_54.csv,persistent_leak,54_86_109,24,86,109,51600,65400,1,0.97111636,1
train,54,data_54.csv,persistent_leak,54_87_110,24,87,110,52200,66000,1,0.9636127,1
train,54,data_54.csv,persistent_leak,54_88_111,24,88,111,52800,66600,1,0.9577923,1
train,54,data_54.csv,persistent_leak,54_89_112,24,89,112,53400,67200,1,0.9457108,1
train,54,data_54.csv,persistent_leak,54_90_113,24,90,113,54000,67800,1,0.9265312,1
train,54,data_54.csv,persistent_leak,54_91_114,24,91,114,54600,68400,1,0.9184174,1
train,54,data_54.csv,persistent_leak,54_92_115,24,92,115,55200,69000,1,0.9021753,1
train,54,data_54.csv,persistent_leak,54_93_116,24,93,116,55800,69600,1,0.86988443,1
train,54,data_54.csv,persistent_leak,54_94_117,24,94,117,56400,70200,1,0.8623876,1
train,54,data_54.csv,persistent_leak,54_95_118,24,95,118,57000,70800,1,0.79742235,1
train,54,data_54.csv,persistent_leak,54_96_119,24,96,119,57600,71400,1,0.72509485,1
train,54,data_54.csv,persistent_leak,54_97_120,24,97,120,58200,72000,1,0.6980745,1
train,54,data_54.csv,persistent_leak,54_98_121,24,98,121,58800,72600,1,0.7011446,1
train,54,data_54.csv,persistent_leak,54_99_122,24,99,122,59400,73200,1,0.7179607,1
train,54,data_54.csv,persistent_leak,54_100_123,24,100,123,60000,73800,1,0.72878,1
train,54,data_54.csv,persistent_leak,54_101_124,24,101,124,60600,74400,1,0.731069,1
train,54,data_54.csv,persistent_leak,54_102_125,24,102,125,61200,75000,1,0.7542129,1
train,54,data_54.csv,persistent_leak,54_103_126,24,103,126,61800,75600,1,0.70993817,1
train,54,data_54.csv,persistent_leak,54_104_127,24,104,127,62400,76200,1,0.7087985,1
train,54,data_54.csv,persistent_leak,54_105_128,24,105,128,63000,76800,1,0.7715422,1
train,54,data_54.csv,persistent_leak,54_106_129,24,106,129,63600,77400,1,0.77227545,1
train,54,data_54.csv,persistent_leak,54_107_130,24,107,130,64200,78000,1,0.81893706,1
train,54,data_54.csv,persistent_leak,54_108_131,24,108,131,64800,78600,1,0.85241807,1
train,54,data_54.csv,persistent_leak,54_109_132,24,109,132,65400,79200,1,0.7398433,1
train,54,data_54.csv,persistent_leak,54_110_133,24,110,133,66000,79800,1,0.564866,1
train,54,data_54.csv,persistent_leak,54_111_134,24,111,134,66600,80400,1,0.655095,1
train,54,data_54.csv,persistent_leak,54_112_135,24,112,135,67200,81000,1,0.6345033,1
train,54,data_54.csv,persistent_leak,54_113_136,24,113,136,67800,81600,1,0.74965245,1
train,54,data_54.csv,persistent_leak,54_114_137,24,114,137,68400,82200,1,0.7552135,1
train,54,data_54.csv,persistent_leak,54_115_138,24,115,138,69000,82800,1,0.67618793,1
train,54,data_54.csv,persistent_leak,54_116_139,24,116,139,69600,83400,1,0.4907813,1
train,54,data_54.csv,persistent_leak,54_117_140,24,117,140,70200,84000,1,0.51332,1
train,54,data_54.csv,persistent_leak,54_118_141,24,118,141,70800,84600,1,0.45882958,1
train,54,data_54.csv,persistent_leak,54_119_142,24,119,142,71400,85200,1,0.49984115,1
train,54,data_54.csv,persistent_leak,54_120_143,24,120,143,72000,85800,1,0.37458843,1
train,54,data_54.csv,persistent_leak,54_121_144,24,121,144,72600,86400,1,0.35117278,1
train,55,data_55.csv,persistent_leak,55_0_23,24,0,23,0,13800,1,0.41359225,1
train,55,data_55.csv,persistent_leak,55_1_24,24,1,24,600,14400,1,0.42529568,1
train,55,data_55.csv,persistent_leak,55_2_25,24,2,25,1200,15000,1,0.429113,1
train,55,data_55.csv,persistent_leak,55_3_26,24,3,26,1800,15600,1,0.43703258,1
train,55,data_55.csv,persistent_leak,55_4_27,24,4,27,2400,16200,1,0.4402998,1
train,55,data_55.csv,persistent_leak,55_5_28,24,5,28,3000,16800,1,0.45136833,1
train,55,data_55.csv,persistent_leak,55_6_29,24,6,29,3600,17400,1,0.45616838,1
train,55,data_55.csv,persistent_leak,55_7_30,24,7,30,4200,18000,1,0.48398137,1
train,55,data_55.csv,persistent_leak,55_8_31,24,8,31,4800,18600,1,0.50222427,1
train,55,data_55.csv,persistent_leak,55_9_32,24,9,32,5400,19200,1,0.5063023,1
train,55,data_55.csv,persistent_leak,55_10_33,24,10,33,6000,19800,1,0.5063023,1
train,55,data_55.csv,persistent_leak,55_11_34,24,11,34,6600,20400,1,0.5063023,1
train,55,data_55.csv,persistent_leak,55_12_35,24,12,35,7200,21000,1,0.5063023,1
train,55,data_55.csv,persistent_leak,55_13_36,24,13,36,7800,21600,1,0.5063023,1
train,55,data_55.csv,persistent_leak,55_14_37,24,14,37,8400,22200,1,0.5063023,1
train,55,data_55.csv,persistent_leak,55_15_38,24,15,38,9000,22800,1,0.5063023,1
train,55,data_55.csv,persistent_leak,55_16_39,24,16,39,9600,23400,1,0.5063023,1
train,55,data_55.csv,persistent_leak,55_17_40,24,17,40,10200,24000,1,0.5063023,1
train,55,data_55.csv,persistent_leak,55_18_41,24,18,41,10800,24600,1,0.5063023,1
train,55,data_55.csv,persistent_leak,55_19_42,24,19,42,11400,25200,1,0.5063023,1
train,55,data_55.csv,persistent_leak,55_20_43,24,20,43,12000,25800,1,0.5063023,1
train,55,data_55.csv,persistent_leak,55_21_44,24,21,44,12600,26400,1,0.5063023,1
train,55,data_55.csv,persistent_leak,55_22_45,24,22,45,13200,27000,1,0.5063023,1
train,55,data_55.csv,persistent_leak,55_23_46,24,23,46,13800,27600,1,0.5036468,1
train,55,data_55.csv,persistent_leak,55_24_47,24,24,47,14400,28200,1,0.47341275,1
train,55,data_55.csv,persistent_leak,55_25_48,24,25,48,15000,28800,1,0.47860733,1
train,55,data_55.csv,persistent_leak,55_26_49,24,26,49,15600,29400,1,0.4898884,1
train,55,data_55.csv,persistent_leak,55_27_50,24,27,50,16200,30000,1,0.46525413,1
train,55,data_55.csv,persistent_leak,55_28_51,24,28,51,16800,30600,1,0.4820364,1
train,55,data_55.csv,persistent_leak,55_29_52,24,29,52,17400,31200,1,0.46554148,1
train,55,data_55.csv,persistent_leak,55_30_53,24,30,53,18000,31800,1,0.45429528,1
train,55,data_55.csv,persistent_leak,55_31_54,24,31,54,18600,32400,1,0.49015394,1
train,55,data_55.csv,persistent_leak,55_32_55,24,32,55,19200,33000,1,0.49962288,1
train,55,data_55.csv,persistent_leak,55_33_56,24,33,56,19800,33600,1,0.4924795,1
train,55,data_55.csv,persistent_leak,55_34_57,24,34,57,20400,34200,1,0.4961345,1
train,55,data_55.csv,persistent_leak,55_35_58,24,35,58,21000,34800,1,0.48652118,1
train,55,data_55.csv,persistent_leak,55_36_59,24,36,59,21600,35400,1,0.4803707,1
train,55,data_55.csv,persistent_leak,55_37_60,24,37,60,22200,36000,1,0.6192212,1
train,55,data_55.csv,persistent_leak,55_38_61,24,38,61,22800,36600,1,0.7880056,1
train,55,data_55.csv,persistent_leak,55_39_62,24,39,62,23400,37200,1,0.85349745,1
train,55,data_55.csv,persistent_leak,55_40_63,24,40,63,24000,37800,1,0.8906274,1
train,55,data_55.csv,persistent_leak,55_41_64,24,41,64,24600,38400,1,0.91147697,1
train,55,data_55.csv,persistent_leak,55_42_65,24,42,65,25200,39000,1,0.9380539,1
train,55,data_55.csv,persistent_leak,55_43_66,24,43,66,25800,39600,1,0.98822194,1
train,55,data_55.csv,persistent_leak,55_44_67,24,44,67,26400,40200,1,0.99363273,1
train,55,data_55.csv,persistent_leak,55_45_68,24,45,68,27000,40800,1,0.9952141,1
train,55,data_55.csv,persistent_leak,55_46_69,24,46,69,27600,41400,1,0.9943668,1
train,55,data_55.csv,persistent_leak,55_47_70,24,47,70,28200,42000,1,0.9953602,1
train,55,data_55.csv,persistent_leak,55_48_71,24,48,71,28800,42600,1,0.9954845,1
train,55,data_55.csv,persistent_leak,55_49_72,24,49,72,29400,43200,1,0.9960522,1
train,55,data_55.csv,persistent_leak,55_50_73,24,50,73,30000,43800,1,0.9959943,1
train,55,data_55.csv,persistent_leak,55_51_74,24,51,74,30600,44400,1,0.99540424,1
train,55,data_55.csv,persistent_leak,55_52_75,24,52,75,31200,45000,1,0.99192643,1
train,55,data_55.csv,persistent_leak,55_53_76,24,53,76,31800,45600,1,0.9898267,1
train,55,data_55.csv,persistent_leak,55_54_77,24,54,77,32400,46200,1,0.9874156,1
train,55,data_55.csv,persistent_leak,55_55_78,24,55,78,33000,46800,1,0.97323686,1
train,55,data_55.csv,persistent_leak,55_56_79,24,56,79,33600,47400,1,0.957556,1
train,55,data_55.csv,persistent_leak,55_57_80,24,57,80,34200,48000,1,0.9394328,1
train,55,data_55.csv,persistent_leak,55_58_81,24,58,81,34800,48600,1,0.9056604,1
train,55,data_55.csv,persistent_leak,55_59_82,24,59,82,35400,49200,1,0.9183914,1
train,55,data_55.csv,persistent_leak,55_60_83,24,60,83,36000,49800,1,0.9242259,1
train,55,data_55.csv,persistent_leak,55_61_84,24,61,84,36600,50400,1,0.9207221,1
train,55,data_55.csv,persistent_leak,55_62_85,24,62,85,37200,51000,1,0.91245675,1
train,55,data_55.csv,persistent_leak,55_63_86,24,63,86,37800,51600,1,0.9281937,1
train,55,data_55.csv,persistent_leak,55_64_87,24,64,87,38400,52200,1,0.9443133,1
train,55,data_55.csv,persistent_leak,55_65_88,24,65,88,39000,52800,1,0.96851367,1
train,55,data_55.csv,persistent_leak,55_66_89,24,66,89,39600,53400,1,0.98254806,1
train,55,data_55.csv,persistent_leak,55_67_90,24,67,90,40200,54000,1,0.9837287,1
train,55,data_55.csv,persistent_leak,55_68_91,24,68,91,40800,54600,1,0.9824239,1
train,55,data_55.csv,persistent_leak,55_69_92,24,69,92,41400,55200,1,0.98225754,1
train,55,data_55.csv,persistent_leak,55_70_93,24,70,93,42000,55800,1,0.9816109,1
train,55,data_55.csv,persistent_leak,55_71_94,24,71,94,42600,56400,1,0.9824337,1
train,55,data_55.csv,persistent_leak,55_72_95,24,72,95,43200,57000,1,0.98170495,1
train,55,data_55.csv,persistent_leak,55_73_96,24,73,96,43800,57600,1,0.98090166,1
train,55,data_55.csv,persistent_leak,55_74_97,24,74,97,44400,58200,1,0.9782787,1
train,55,data_55.csv,persistent_leak,55_75_98,24,75,98,45000,58800,1,0.9711553,1
train,55,data_55.csv,persistent_leak,55_76_99,24,76,99,45600,59400,1,0.9686964,1
train,55,data_55.csv,persistent_leak,55_77_100,24,77,100,46200,60000,1,0.9613571,1
train,55,data_55.csv,persistent_leak,55_78_101,24,78,101,46800,60600,1,0.9481157,1
train,55,data_55.csv,persistent_leak,55_79_102,24,79,102,47400,61200,1,0.96513337,1
train,55,data_55.csv,persistent_leak,55_80_103,24,80,103,48000,61800,1,0.9742823,1
train,55,data_55.csv,persistent_leak,55_81_104,24,81,104,48600,62400,1,0.9767113,1
train,55,data_55.csv,persistent_leak,55_82_105,24,82,105,49200,63000,1,0.9794286,1
train,55,data_55.csv,persistent_leak,55_83_106,24,83,106,49800,63600,1,0.9798315,1
train,55,data_55.csv,persistent_leak,55_84_107,24,84,107,50400,64200,1,0.98072135,1
train,55,data_55.csv,persistent_leak,55_85_108,24,85,108,51000,64800,1,0.9848877,1
train,55,data_55.csv,persistent_leak,55_86_109,24,86,109,51600,65400,1,0.9875178,1
train,55,data_55.csv,persistent_leak,55_87_110,24,87,110,52200,66000,1,0.9885133,1
train,55,data_55.csv,persistent_leak,55_88_111,24,88,111,52800,66600,1,0.9884929,1
train,55,data_55.csv,persistent_leak,55_89_112,24,89,112,53400,67200,1,0.9886049,1
train,55,data_55.csv,persistent_leak,55_90_113,24,90,113,54000,67800,1,0.988992,1
train,55,data_55.csv,persistent_leak,55_91_114,24,91,114,54600,68400,1,0.9718436,1
train,55,data_55.csv,persistent_leak,55_92_115,24,92,115,55200,69000,1,0.95833355,1
train,55,data_55.csv,persistent_leak,55_93_116,24,93,116,55800,69600,1,0.95208234,1
train,55,data_55.csv,persistent_leak,55_94_117,24,94,117,56400,70200,1,0.9495282,1
train,55,data_55.csv,persistent_leak,55_95_118,24,95,118,57000,70800,1,0.9451712,1
train,55,data_55.csv,persistent_leak,55_96_119,24,96,119,57600,71400,1,0.9488311,1
train,55,data_55.csv,persistent_leak,55_97_120,24,97,120,58200,72000,1,0.9268111,1
train,55,data_55.csv,persistent_leak,55_98_121,24,98,121,58800,72600,1,0.9287306,1
train,55,data_55.csv,persistent_leak,55_99_122,24,99,122,59400,73200,1,0.9618578,1
train,55,data_55.csv,persistent_leak,55_100_123,24,100,123,60000,73800,1,0.9751695,1
train,55,data_55.csv,persistent_leak,55_101_124,24,101,124,60600,74400,1,0.9865437,1
train,55,data_55.csv,persistent_leak,55_102_125,24,102,125,61200,75000,1,0.9927555,1
train,55,data_55.csv,persistent_leak,55_103_126,24,103,126,61800,75600,1,0.99342114,1
train,55,data_55.csv,persistent_leak,55_104_127,24,104,127,62400,76200,1,0.99275804,1
train,55,data_55.csv,persistent_leak,55_105_128,24,105,128,63000,76800,1,0.99631906,1
train,55,data_55.csv,persistent_leak,55_106_129,24,106,129,63600,77400,1,0.9967018,1
train,55,data_55.csv,persistent_leak,55_107_130,24,107,130,64200,78000,1,0.99803895,1
train,55,data_55.csv,persistent_leak,55_108_131,24,108,131,64800,78600,1,0.9989243,1
train,55,data_55.csv,persistent_leak,55_109_132,24,109,132,65400,79200,1,0.9986576,1
train,55,data_55.csv,persistent_leak,55_110_133,24,110,133,66000,79800,1,0.9956682,1
train,55,data_55.csv,persistent_leak,55_111_134,24,111,134,66600,80400,1,0.99649686,1
train,55,data_55.csv,persistent_leak,55_112_135,24,112,135,67200,81000,1,0.9949936,1
train,55,data_55.csv,persistent_leak,55_113_136,24,113,136,67800,81600,1,0.9920447,1
train,55,data_55.csv,persistent_leak,55_114_137,24,114,137,68400,82200,1,0.97938377,1
train,55,data_55.csv,persistent_leak,55_115_138,24,115,138,69000,82800,1,0.9798608,1
train,55,data_55.csv,persistent_leak,55_116_139,24,116,139,69600,83400,1,0.95495886,1
train,55,data_55.csv,persistent_leak,55_117_140,24,117,140,70200,84000,1,0.93400997,1
train,55,data_55.csv,persistent_leak,55_118_141,24,118,141,70800,84600,1,0.8732395,1
train,55,data_55.csv,persistent_leak,55_119_142,24,119,142,71400,85200,1,0.7127684,1
train,55,data_55.csv,persistent_leak,55_120_143,24,120,143,72000,85800,1,0.25528204,1
train,55,data_55.csv,persistent_leak,55_121_144,24,121,144,72600,86400,1,0.25131828,1
train,56,data_56.csv,onset_leak,56_0_23,24,0,23,0,13800,0,0.02491801,0
train,56,data_56.csv,onset_leak,56_1_24,24,1,24,600,14400,0,0.029463248,0
train,56,data_56.csv,onset_leak,56_2_25,24,2,25,1200,15000,0,0.0332075,0
train,56,data_56.csv,onset_leak,56_3_26,24,3,26,1800,15600,0,0.02851169,0
train,56,data_56.csv,onset_leak,56_4_27,24,4,27,2400,16200,0,0.022204423,0
train,56,data_56.csv,onset_leak,56_5_28,24,5,28,3000,16800,0,0.015727239,0
train,56,data_56.csv,onset_leak,56_6_29,24,6,29,3600,17400,0,0.009566024,0
train,56,data_56.csv,onset_leak,56_7_30,24,7,30,4200,18000,0,0.010027856,0
train,56,data_56.csv,onset_leak,56_8_31,24,8,31,4800,18600,0,0.011983909,0
train,56,data_56.csv,onset_leak,56_9_32,24,9,32,5400,19200,0,0.011205412,0
train,56,data_56.csv,onset_leak,56_10_33,24,10,33,6000,19800,0,0.009187541,0
train,56,data_56.csv,onset_leak,56_11_34,24,11,34,6600,20400,0,0.0079985475,0
train,56,data_56.csv,onset_leak,56_12_35,24,12,35,7200,21000,0,0.006996685,0
train,56,data_56.csv,onset_leak,56_13_36,24,13,36,7800,21600,0,0.007024682,0
train,56,data_56.csv,onset_leak,56_14_37,24,14,37,8400,22200,0,0.007933755,0
train,56,data_56.csv,onset_leak,56_15_38,24,15,38,9000,22800,0,0.0071292985,0
train,56,data_56.csv,onset_leak,56_16_39,24,16,39,9600,23400,0,0.0058589415,0
train,56,data_56.csv,onset_leak,56_17_40,24,17,40,10200,24000,0,0.0047124946,0
train,56,data_56.csv,onset_leak,56_18_41,24,18,41,10800,24600,0,0.0039943303,0
train,56,data_56.csv,onset_leak,56_19_42,24,19,42,11400,25200,0,0.0044619027,0
train,56,data_56.csv,onset_leak,56_20_43,24,20,43,12000,25800,0,0.0065456247,0
train,56,data_56.csv,onset_leak,56_21_44,24,21,44,12600,26400,0,0.007532141,0
train,56,data_56.csv,onset_leak,56_22_45,24,22,45,13200,27000,0,0.0070750182,0
train,56,data_56.csv,onset_leak,56_23_46,24,23,46,13800,27600,0,0.0072598867,0
train,56,data_56.csv,onset_leak,56_24_47,24,24,47,14400,28200,0,0.008678668,0
train,56,data_56.csv,onset_leak,56_25_48,24,25,48,15000,28800,0,0.00905493,0
train,56,data_56.csv,onset_leak,56_26_49,24,26,49,15600,29400,0,0.01323699,0
train,56,data_56.csv,onset_leak,56_27_50,24,27,50,16200,30000,0,0.014155009,0
train,56,data_56.csv,onset_leak,56_28_51,24,28,51,16800,30600,0,0.012390119,0
train,56,data_56.csv,onset_leak,56_29_52,24,29,52,17400,31200,0,0.012569772,0
train,56,data_56.csv,onset_leak,56_30_53,24,30,53,18000,31800,0,0.015893886,0
train,56,data_56.csv,onset_leak,56_31_54,24,31,54,18600,32400,0,0.014382681,0
train,56,data_56.csv,onset_leak,56_32_55,24,32,55,19200,33000,0,0.01822772,0
train,56,data_56.csv,onset_leak,56_33_56,24,33,56,19800,33600,0,0.018544221,0
train,56,data_56.csv,onset_leak,56_34_57,24,34,57,20400,34200,0,0.01674216,0
train,56,data_56.csv,onset_leak,56_35_58,24,35,58,21000,34800,0,0.016210748,0
train,56,data_56.csv,onset_leak,56_36_59,24,36,59,21600,35400,0,0.019693907,0
train,56,data_56.csv,onset_leak,56_37_60,24,37,60,22200,36000,0,0.019667411,0
train,56,data_56.csv,onset_leak,56_38_61,24,38,61,22800,36600,0,0.03242746,0
train,56,data_56.csv,onset_leak,56_39_62,24,39,62,23400,37200,0,0.044582974,0
train,56,data_56.csv,onset_leak,56_40_63,24,40,63,24000,37800,0,0.044689227,0
train,56,data_56.csv,onset_leak,56_41_64,24,41,64,24600,38400,0,0.054907035,0
train,56,data_56.csv,onset_leak,56_42_65,24,42,65,25200,39000,0,0.08754703,0
train,56,data_56.csv,onset_leak,56_43_66,24,43,66,25800,39600,0,0.08254353,0
train,56,data_56.csv,onset_leak,56_44_67,24,44,67,26400,40200,0,0.09284336,0
train,56,data_56.csv,onset_leak,56_45_68,24,45,68,27000,40800,0,0.10850622,1
train,56,data_56.csv,onset_leak,56_46_69,24,46,69,27600,41400,0,0.105388306,1
train,56,data_56.csv,onset_leak,56_47_70,24,47,70,28200,42000,0,0.14721663,1
train,56,data_56.csv,onset_leak,56_48_71,24,48,71,28800,42600,0,0.21039633,1
train,56,data_56.csv,onset_leak,56_49_72,24,49,72,29400,43200,1,0.9458558,1
train,56,data_56.csv,onset_leak,56_50_73,24,50,73,30000,43800,1,0.9805322,1
train,56,data_56.csv,onset_leak,56_51_74,24,51,74,30600,44400,1,0.9898779,1
train,56,data_56.csv,onset_leak,56_52_75,24,52,75,31200,45000,1,0.99086165,1
train,56,data_56.csv,onset_leak,56_53_76,24,53,76,31800,45600,1,0.9941147,1
train,56,data_56.csv,onset_leak,56_54_77,24,54,77,32400,46200,1,0.9961299,1
train,56,data_56.csv,onset_leak,56_55_78,24,55,78,33000,46800,1,0.99598676,1
train,56,data_56.csv,onset_leak,56_56_79,24,56,79,33600,47400,1,0.9963381,1
train,56,data_56.csv,onset_leak,56_57_80,24,57,80,34200,48000,1,0.9958287,1
train,56,data_56.csv,onset_leak,56_58_81,24,58,81,34800,48600,1,0.99375945,1
train,56,data_56.csv,onset_leak,56_59_82,24,59,82,35400,49200,1,0.9945544,1
train,56,data_56.csv,onset_leak,56_60_83,24,60,83,36000,49800,1,0.99437237,1
train,56,data_56.csv,onset_leak,56_61_84,24,61,84,36600,50400,1,0.9922488,1
train,56,data_56.csv,onset_leak,56_62_85,24,62,85,37200,51000,1,0.98948586,1
train,56,data_56.csv,onset_leak,56_63_86,24,63,86,37800,51600,1,0.98244643,1
train,56,data_56.csv,onset_leak,56_64_87,24,64,87,38400,52200,1,0.96012056,1
train,56,data_56.csv,onset_leak,56_65_88,24,65,88,39000,52800,1,0.9468656,1
train,56,data_56.csv,onset_leak,56_66_89,24,66,89,39600,53400,1,0.9417612,1
train,56,data_56.csv,onset_leak,56_67_90,24,67,90,40200,54000,1,0.9186575,1
train,56,data_56.csv,onset_leak,56_68_91,24,68,91,40800,54600,1,0.88231367,1
train,56,data_56.csv,onset_leak,56_69_92,24,69,92,41400,55200,1,0.87986267,1
train,56,data_56.csv,onset_leak,56_70_93,24,70,93,42000,55800,1,0.9036562,1
train,56,data_56.csv,onset_leak,56_71_94,24,71,94,42600,56400,1,0.95622706,1
train,56,data_56.csv,onset_leak,56_72_95,24,72,95,43200,57000,1,0.982238,1
train,56,data_56.csv,onset_leak,56_73_96,24,73,96,43800,57600,1,0.98212826,1
train,56,data_56.csv,onset_leak,56_74_97,24,74,97,44400,58200,1,0.9817551,1
train,56,data_56.csv,onset_leak,56_75_98,24,75,98,45000,58800,1,0.9842955,1
train,56,data_56.csv,onset_leak,56_76_99,24,76,99,45600,59400,1,0.9852976,1
train,56,data_56.csv,onset_leak,56_77_100,24,77,100,46200,60000,1,0.9861253,1
train,56,data_56.csv,onset_leak,56_78_101,24,78,101,46800,60600,1,0.9867135,1
train,56,data_56.csv,onset_leak,56_79_102,24,79,102,47400,61200,1,0.98624927,1
train,56,data_56.csv,onset_leak,56_80_103,24,80,103,48000,61800,1,0.9840342,1
train,56,data_56.csv,onset_leak,56_81_104,24,81,104,48600,62400,1,0.9834224,1
train,56,data_56.csv,onset_leak,56_82_105,24,82,105,49200,63000,1,0.9820587,1
train,56,data_56.csv,onset_leak,56_83_106,24,83,106,49800,63600,1,0.97896945,1
train,56,data_56.csv,onset_leak,56_84_107,24,84,107,50400,64200,1,0.97418404,1
train,56,data_56.csv,onset_leak,56_85_108,24,85,108,51000,64800,1,0.97431654,1
train,56,data_56.csv,onset_leak,56_86_109,24,86,109,51600,65400,1,0.9674435,1
train,56,data_56.csv,onset_leak,56_87_110,24,87,110,52200,66000,1,0.95660937,1
train,56,data_56.csv,onset_leak,56_88_111,24,88,111,52800,66600,1,0.9481493,1
train,56,data_56.csv,onset_leak,56_89_112,24,89,112,53400,67200,1,0.9334819,1
train,56,data_56.csv,onset_leak,56_90_113,24,90,113,54000,67800,1,0.9129173,1
train,56,data_56.csv,onset_leak,56_91_114,24,91,114,54600,68400,1,0.9011528,1
train,56,data_56.csv,onset_leak,56_92_115,24,92,115,55200,69000,1,0.886192,1
train,56,data_56.csv,onset_leak,56_93_116,24,93,116,55800,69600,1,0.86682296,1
train,56,data_56.csv,onset_leak,56_94_117,24,94,117,56400,70200,1,0.8706851,1
train,56,data_56.csv,onset_leak,56_95_118,24,95,118,57000,70800,1,0.84661716,1
train,56,data_56.csv,onset_leak,56_96_119,24,96,119,57600,71400,1,0.80629635,1
train,56,data_56.csv,onset_leak,56_97_120,24,97,120,58200,72000,1,0.7721464,1
train,56,data_56.csv,onset_leak,56_98_121,24,98,121,58800,72600,1,0.7713602,1
train,56,data_56.csv,onset_leak,56_99_122,24,99,122,59400,73200,1,0.7668612,1
train,56,data_56.csv,onset_leak,56_100_123,24,100,123,60000,73800,1,0.76602036,1
train,56,data_56.csv,onset_leak,56_101_124,24,101,124,60600,74400,1,0.75293607,1
train,56,data_56.csv,onset_leak,56_102_125,24,102,125,61200,75000,1,0.75111467,1
train,56,data_56.csv,onset_leak,56_103_126,24,103,126,61800,75600,1,0.75269634,1
train,56,data_56.csv,onset_leak,56_104_127,24,104,127,62400,76200,1,0.7653655,1
train,56,data_56.csv,onset_leak,56_105_128,24,105,128,63000,76800,1,0.78510946,1
train,56,data_56.csv,onset_leak,56_106_129,24,106,129,63600,77400,1,0.80015856,1
train,56,data_56.csv,onset_leak,56_107_130,24,107,130,64200,78000,1,0.83785146,1
train,56,data_56.csv,onset_leak,56_108_131,24,108,131,64800,78600,1,0.87170464,1
train,56,data_56.csv,onset_leak,56_109_132,24,109,132,65400,79200,1,0.85244054,1
train,56,data_56.csv,onset_leak,56_110_133,24,110,133,66000,79800,1,0.8567839,1
train,56,data_56.csv,onset_leak,56_111_134,24,111,134,66600,80400,1,0.8847646,1
train,56,data_56.csv,onset_leak,56_112_135,24,112,135,67200,81000,1,0.9027151,1
train,56,data_56.csv,onset_leak,56_113_136,24,113,136,67800,81600,1,0.90906525,1
train,56,data_56.csv,onset_leak,56_114_137,24,114,137,68400,82200,1,0.9148299,1
train,56,data_56.csv,onset_leak,56_115_138,24,115,138,69000,82800,1,0.8955019,1
train,56,data_56.csv,onset_leak,56_116_139,24,116,139,69600,83400,1,0.81181806,1
train,56,data_56.csv,onset_leak,56_117_140,24,117,140,70200,84000,1,0.81310195,1
train,56,data_56.csv,onset_leak,56_118_141,24,118,141,70800,84600,1,0.7398101,1
train,56,data_56.csv,onset_leak,56_119_142,24,119,142,71400,85200,1,0.72621197,1
train,56,data_56.csv,onset_leak,56_120_143,24,120,143,72000,85800,1,0.5647475,1
train,56,data_56.csv,onset_leak,56_121_144,24,121,144,72600,86400,1,0.38665825,1
train,57,data_57.csv,onset_leak,57_0_23,24,0,23,0,13800,0,0.004931715,0
train,57,data_57.csv,onset_leak,57_1_24,24,1,24,600,14400,0,0.0060310895,0
train,57,data_57.csv,onset_leak,57_2_25,24,2,25,1200,15000,0,0.009242841,0
train,57,data_57.csv,onset_leak,57_3_26,24,3,26,1800,15600,0,0.010930046,0
train,57,data_57.csv,onset_leak,57_4_27,24,4,27,2400,16200,0,0.010195812,0
train,57,data_57.csv,onset_leak,57_5_28,24,5,28,3000,16800,0,0.011008332,0
train,57,data_57.csv,onset_leak,57_6_29,24,6,29,3600,17400,0,0.0120433355,0
train,57,data_57.csv,onset_leak,57_7_30,24,7,30,4200,18000,0,0.013287203,0
train,57,data_57.csv,onset_leak,57_8_31,24,8,31,4800,18600,0,0.019507594,0
train,57,data_57.csv,onset_leak,57_9_32,24,9,32,5400,19200,0,0.016637938,0
train,57,data_57.csv,onset_leak,57_10_33,24,10,33,6000,19800,0,0.011361726,0
train,57,data_57.csv,onset_leak,57_11_34,24,11,34,6600,20400,0,0.008586638,0
train,57,data_57.csv,onset_leak,57_12_35,24,12,35,7200,21000,0,0.0068621007,0
train,57,data_57.csv,onset_leak,57_13_36,24,13,36,7800,21600,0,0.0059702788,0
train,57,data_57.csv,onset_leak,57_14_37,24,14,37,8400,22200,0,0.00599129,0
train,57,data_57.csv,onset_leak,57_15_38,24,15,38,9000,22800,0,0.0046026157,0
train,57,data_57.csv,onset_leak,57_16_39,24,16,39,9600,23400,0,0.003405364,0
train,57,data_57.csv,onset_leak,57_17_40,24,17,40,10200,24000,0,0.002432206,0
train,57,data_57.csv,onset_leak,57_18_41,24,18,41,10800,24600,0,0.0019705568,0
train,57,data_57.csv,onset_leak,57_19_42,24,19,42,11400,25200,0,0.001879844,0
train,57,data_57.csv,onset_leak,57_20_43,24,20,43,12000,25800,0,0.0024849738,0
train,57,data_57.csv,onset_leak,57_21_44,24,21,44,12600,26400,0,0.003344855,0
train,57,data_57.csv,onset_leak,57_22_45,24,22,45,13200,27000,0,0.0040979846,0
train,57,data_57.csv,onset_leak,57_23_46,24,23,46,13800,27600,0,0.0051906435,0
train,57,data_57.csv,onset_leak,57_24_47,24,24,47,14400,28200,0,0.008807612,0
train,57,data_57.csv,onset_leak,57_25_48,24,25,48,15000,28800,0,0.009115885,0
train,57,data_57.csv,onset_leak,57_26_49,24,26,49,15600,29400,0,0.015405685,0
train,57,data_57.csv,onset_leak,57_27_50,24,27,50,16200,30000,0,0.02434842,0
train,57,data_57.csv,onset_leak,57_28_51,24,28,51,16800,30600,0,0.031300753,0
train,57,data_57.csv,onset_leak,57_29_52,24,29,52,17400,31200,0,0.05047167,0
train,57,data_57.csv,onset_leak,57_30_53,24,30,53,18000,31800,0,0.11242807,1
train,57,data_57.csv,onset_leak,57_31_54,24,31,54,18600,32400,0,0.086511955,0
train,57,data_57.csv,onset_leak,57_32_55,24,32,55,19200,33000,0,0.0767794,0
train,57,data_57.csv,onset_leak,57_33_56,24,33,56,19800,33600,0,0.07601805,0
train,57,data_57.csv,onset_leak,57_34_57,24,34,57,20400,34200,0,0.08943724,0
train,57,data_57.csv,onset_leak,57_35_58,24,35,58,21000,34800,0,0.10737752,1
train,57,data_57.csv,onset_leak,57_36_59,24,36,59,21600,35400,0,0.16568458,1
train,57,data_57.csv,onset_leak,57_37_60,24,37,60,22200,36000,0,0.18587928,1
train,57,data_57.csv,onset_leak,57_38_61,24,38,61,22800,36600,0,0.2750898,1
train,57,data_57.csv,onset_leak,57_39_62,24,39,62,23400,37200,0,0.30827144,1
train,57,data_57.csv,onset_leak,57_40_63,24,40,63,24000,37800,0,0.39668313,1
train,57,data_57.csv,onset_leak,57_41_64,24,41,64,24600,38400,0,0.40137792,1
train,57,data_57.csv,onset_leak,57_42_65,24,42,65,25200,39000,0,0.41569653,1
train,57,data_57.csv,onset_leak,57_43_66,24,43,66,25800,39600,0,0.45577103,1
train,57,data_57.csv,onset_leak,57_44_67,24,44,67,26400,40200,0,0.46948335,1
train,57,data_57.csv,onset_leak,57_45_68,24,45,68,27000,40800,0,0.4487823,1
train,57,data_57.csv,onset_leak,57_46_69,24,46,69,27600,41400,0,0.46280015,1
train,57,data_57.csv,onset_leak,57_47_70,24,47,70,28200,42000,0,0.45094705,1
train,57,data_57.csv,onset_leak,57_48_71,24,48,71,28800,42600,0,0.44450805,1
train,57,data_57.csv,onset_leak,57_49_72,24,49,72,29400,43200,1,0.8127298,1
train,57,data_57.csv,onset_leak,57_50_73,24,50,73,30000,43800,1,0.92477244,1
train,57,data_57.csv,onset_leak,57_51_74,24,51,74,30600,44400,1,0.9610036,1
train,57,data_57.csv,onset_leak,57_52_75,24,52,75,31200,45000,1,0.9711247,1
train,57,data_57.csv,onset_leak,57_53_76,24,53,76,31800,45600,1,0.97681934,1
train,57,data_57.csv,onset_leak,57_54_77,24,54,77,32400,46200,1,0.98536694,1
train,57,data_57.csv,onset_leak,57_55_78,24,55,78,33000,46800,1,0.98650324,1
train,57,data_57.csv,onset_leak,57_56_79,24,56,79,33600,47400,1,0.9882329,1
train,57,data_57.csv,onset_leak,57_57_80,24,57,80,34200,48000,1,0.9881868,1
train,57,data_57.csv,onset_leak,57_58_81,24,58,81,34800,48600,1,0.9822073,1
train,57,data_57.csv,onset_leak,57_59_82,24,59,82,35400,49200,1,0.9857006,1
train,57,data_57.csv,onset_leak,57_60_83,24,60,83,36000,49800,1,0.9853109,1
train,57,data_57.csv,onset_leak,57_61_84,24,61,84,36600,50400,1,0.9873992,1
train,57,data_57.csv,onset_leak,57_62_85,24,62,85,37200,51000,1,0.9864727,1
train,57,data_57.csv,onset_leak,57_63_86,24,63,86,37800,51600,1,0.9807736,1
train,57,data_57.csv,onset_leak,57_64_87,24,64,87,38400,52200,1,0.9541982,1
train,57,data_57.csv,onset_leak,57_65_88,24,65,88,39000,52800,1,0.93083566,1
train,57,data_57.csv,onset_leak,57_66_89,24,66,89,39600,53400,1,0.9124898,1
train,57,data_57.csv,onset_leak,57_67_90,24,67,90,40200,54000,1,0.91591996,1
train,57,data_57.csv,onset_leak,57_68_91,24,68,91,40800,54600,1,0.8900628,1
train,57,data_57.csv,onset_leak,57_69_92,24,69,92,41400,55200,1,0.8649519,1
train,57,data_57.csv,onset_leak,57_70_93,24,70,93,42000,55800,1,0.84489733,1
train,57,data_57.csv,onset_leak,57_71_94,24,71,94,42600,56400,1,0.9086981,1
train,57,data_57.csv,onset_leak,57_72_95,24,72,95,43200,57000,1,0.9456657,1
train,57,data_57.csv,onset_leak,57_73_96,24,73,96,43800,57600,1,0.9464937,1
train,57,data_57.csv,onset_leak,57_74_97,24,74,97,44400,58200,1,0.94745016,1
train,57,data_57.csv,onset_leak,57_75_98,24,75,98,45000,58800,1,0.94765157,1
train,57,data_57.csv,onset_leak,57_76_99,24,76,99,45600,59400,1,0.9494534,1
train,57,data_57.csv,onset_leak,57_77_100,24,77,100,46200,60000,1,0.94834256,1
train,57,data_57.csv,onset_leak,57_78_101,24,78,101,46800,60600,1,0.9466725,1
train,57,data_57.csv,onset_leak,57_79_102,24,79,102,47400,61200,1,0.9524664,1
train,57,data_57.csv,onset_leak,57_80_103,24,80,103,48000,61800,1,0.95629334,1
train,57,data_57.csv,onset_leak,57_81_104,24,81,104,48600,62400,1,0.9572057,1
train,57,data_57.csv,onset_leak,57_82_105,24,82,105,49200,63000,1,0.9566563,1
train,57,data_57.csv,onset_leak,57_83_106,24,83,106,49800,63600,1,0.9561307,1
train,57,data_57.csv,onset_leak,57_84_107,24,84,107,50400,64200,1,0.9565777,1
train,57,data_57.csv,onset_leak,57_85_108,24,85,108,51000,64800,1,0.94849646,1
train,57,data_57.csv,onset_leak,57_86_109,24,86,109,51600,65400,1,0.943775,1
train,57,data_57.csv,onset_leak,57_87_110,24,87,110,52200,66000,1,0.9430096,1
train,57,data_57.csv,onset_leak,57_88_111,24,88,111,52800,66600,1,0.94447064,1
train,57,data_57.csv,onset_leak,57_89_112,24,89,112,53400,67200,1,0.94483596,1
train,57,data_57.csv,onset_leak,57_90_113,24,90,113,54000,67800,1,0.94590265,1
train,57,data_57.csv,onset_leak,57_91_114,24,91,114,54600,68400,1,0.9379057,1
train,57,data_57.csv,onset_leak,57_92_115,24,92,115,55200,69000,1,0.9375496,1
train,57,data_57.csv,onset_leak,57_93_116,24,93,116,55800,69600,1,0.9397937,1
train,57,data_57.csv,onset_leak,57_94_117,24,94,117,56400,70200,1,0.941519,1
train,57,data_57.csv,onset_leak,57_95_118,24,95,118,57000,70800,1,0.9441101,1
train,57,data_57.csv,onset_leak,57_96_119,24,96,119,57600,71400,1,0.94866806,1
train,57,data_57.csv,onset_leak,57_97_120,24,97,120,58200,72000,1,0.9414495,1
train,57,data_57.csv,onset_leak,57_98_121,24,98,121,58800,72600,1,0.9455233,1
train,57,data_57.csv,onset_leak,57_99_122,24,99,122,59400,73200,1,0.9602677,1
train,57,data_57.csv,onset_leak,57_100_123,24,100,123,60000,73800,1,0.96873546,1
train,57,data_57.csv,onset_leak,57_101_124,24,101,124,60600,74400,1,0.9747916,1
train,57,data_57.csv,onset_leak,57_102_125,24,102,125,61200,75000,1,0.9794503,1
train,57,data_57.csv,onset_leak,57_103_126,24,103,126,61800,75600,1,0.976499,1
train,57,data_57.csv,onset_leak,57_104_127,24,104,127,62400,76200,1,0.97692704,1
train,57,data_57.csv,onset_leak,57_105_128,24,105,128,63000,76800,1,0.9849384,1
train,57,data_57.csv,onset_leak,57_106_129,24,106,129,63600,77400,1,0.98764265,1
train,57,data_57.csv,onset_leak,57_107_130,24,107,130,64200,78000,1,0.98826075,1
train,57,data_57.csv,onset_leak,57_108_131,24,108,131,64800,78600,1,0.9888926,1
train,57,data_57.csv,onset_leak,57_109_132,24,109,132,65400,79200,1,0.9859029,1
train,57,data_57.csv,onset_leak,57_110_133,24,110,133,66000,79800,1,0.9628426,1
train,57,data_57.csv,onset_leak,57_111_134,24,111,134,66600,80400,1,0.9732656,1
train,57,data_57.csv,onset_leak,57_112_135,24,112,135,67200,81000,1,0.9638432,1
train,57,data_57.csv,onset_leak,57_113_136,24,113,136,67800,81600,1,0.9705732,1
train,57,data_57.csv,onset_leak,57_114_137,24,114,137,68400,82200,1,0.95851773,1
train,57,data_57.csv,onset_leak,57_115_138,24,115,138,69000,82800,1,0.9414694,1
train,57,data_57.csv,onset_leak,57_116_139,24,116,139,69600,83400,1,0.84726745,1
train,57,data_57.csv,onset_leak,57_117_140,24,117,140,70200,84000,1,0.8795314,1
train,57,data_57.csv,onset_leak,57_118_141,24,118,141,70800,84600,1,0.8598435,1
train,57,data_57.csv,onset_leak,57_119_142,24,119,142,71400,85200,1,0.8502332,1
train,57,data_57.csv,onset_leak,57_120_143,24,120,143,72000,85800,1,0.6563517,1
train,57,data_57.csv,onset_leak,57_121_144,24,121,144,72600,86400,1,0.58196485,1
train,58,data_58.csv,onset_leak,58_0_23,24,0,23,0,13800,0,0.009587979,0
train,58,data_58.csv,onset_leak,58_1_24,24,1,24,600,14400,0,0.012705619,0
train,58,data_58.csv,onset_leak,58_2_25,24,2,25,1200,15000,0,0.021212792,0
train,58,data_58.csv,onset_leak,58_3_26,24,3,26,1800,15600,0,0.022811873,0
train,58,data_58.csv,onset_leak,58_4_27,24,4,27,2400,16200,0,0.018037776,0
train,58,data_58.csv,onset_leak,58_5_28,24,5,28,3000,16800,0,0.01508403,0
train,58,data_58.csv,onset_leak,58_6_29,24,6,29,3600,17400,0,0.010919268,0
train,58,data_58.csv,onset_leak,58_7_30,24,7,30,4200,18000,0,0.013539553,0
train,58,data_58.csv,onset_leak,58_8_31,24,8,31,4800,18600,0,0.023574004,0
train,58,data_58.csv,onset_leak,58_9_32,24,9,32,5400,19200,0,0.020310903,0
train,58,data_58.csv,onset_leak,58_10_33,24,10,33,6000,19800,0,0.011463479,0
train,58,data_58.csv,onset_leak,58_11_34,24,11,34,6600,20400,0,0.0089335125,0
train,58,data_58.csv,onset_leak,58_12_35,24,12,35,7200,21000,0,0.0067182593,0
train,58,data_58.csv,onset_leak,58_13_36,24,13,36,7800,21600,0,0.005584531,0
train,58,data_58.csv,onset_leak,58_14_37,24,14,37,8400,22200,0,0.005331439,0
train,58,data_58.csv,onset_leak,58_15_38,24,15,38,9000,22800,0,0.0040064477,0
train,58,data_58.csv,onset_leak,58_16_39,24,16,39,9600,23400,0,0.0021072368,0
train,58,data_58.csv,onset_leak,58_17_40,24,17,40,10200,24000,0,0.0011932185,0
train,58,data_58.csv,onset_leak,58_18_41,24,18,41,10800,24600,0,0.00077370595,0
train,58,data_58.csv,onset_leak,58_19_42,24,19,42,11400,25200,0,0.000673092,0
train,58,data_58.csv,onset_leak,58_20_43,24,20,43,12000,25800,0,0.00097601133,0
train,58,data_58.csv,onset_leak,58_21_44,24,21,44,12600,26400,0,0.0012270508,0
train,58,data_58.csv,onset_leak,58_22_45,24,22,45,13200,27000,0,0.0012992331,0
train,58,data_58.csv,onset_leak,58_23_46,24,23,46,13800,27600,0,0.0013416742,0
train,58,data_58.csv,onset_leak,58_24_47,24,24,47,14400,28200,0,0.002312492,0
train,58,data_58.csv,onset_leak,58_25_48,24,25,48,15000,28800,0,0.0018700893,0
train,58,data_58.csv,onset_leak,58_26_49,24,26,49,15600,29400,0,0.002695034,0
train,58,data_58.csv,onset_leak,58_27_50,24,27,50,16200,30000,0,0.0044976133,0
train,58,data_58.csv,onset_leak,58_28_51,24,28,51,16800,30600,0,0.0068416386,0
train,58,data_58.csv,onset_leak,58_29_52,24,29,52,17400,31200,0,0.014997044,0
train,58,data_58.csv,onset_leak,58_30_53,24,30,53,18000,31800,0,0.05828026,0
train,58,data_58.csv,onset_leak,58_31_54,24,31,54,18600,32400,0,0.027942088,0
train,58,data_58.csv,onset_leak,58_32_55,24,32,55,19200,33000,0,0.013731809,0
train,58,data_58.csv,onset_leak,58_33_56,24,33,56,19800,33600,0,0.010028746,0
train,58,data_58.csv,onset_leak,58_34_57,24,34,57,20400,34200,0,0.016419165,0
train,58,data_58.csv,onset_leak,58_35_58,24,35,58,21000,34800,0,0.021416444,0
train,58,data_58.csv,onset_leak,58_36_59,24,36,59,21600,35400,0,0.03788718,0
train,58,data_58.csv,onset_leak,58_37_60,24,37,60,22200,36000,0,0.023741173,0
train,58,data_58.csv,onset_leak,58_38_61,24,38,61,22800,36600,0,0.030282909,0
train,58,data_58.csv,onset_leak,58_39_62,24,39,62,23400,37200,0,0.029027054,0
train,58,data_58.csv,onset_leak,58_40_63,24,40,63,24000,37800,0,0.03507337,0
train,58,data_58.csv,onset_leak,58_41_64,24,41,64,24600,38400,0,0.04400685,0
train,58,data_58.csv,onset_leak,58_42_65,24,42,65,25200,39000,0,0.07705979,0
train,58,data_58.csv,onset_leak,58_43_66,24,43,66,25800,39600,0,0.0742688,0
train,58,data_58.csv,onset_leak,58_44_67,24,44,67,26400,40200,0,0.08033376,0
train,58,data_58.csv,onset_leak,58_45_68,24,45,68,27000,40800,0,0.11794072,1
train,58,data_58.csv,onset_leak,58_46_69,24,46,69,27600,41400,0,0.16372547,1
train,58,data_58.csv,onset_leak,58_47_70,24,47,70,28200,42000,0,0.3538575,1
train,58,data_58.csv,onset_leak,58_48_71,24,48,71,28800,42600,0,0.6856734,1
train,58,data_58.csv,onset_leak,58_49_72,24,49,72,29400,43200,1,0.8809606,1
train,58,data_58.csv,onset_leak,58_50_73,24,50,73,30000,43800,1,0.904756,1
train,58,data_58.csv,onset_leak,58_51_74,24,51,74,30600,44400,1,0.903977,1
train,58,data_58.csv,onset_leak,58_52_75,24,52,75,31200,45000,1,0.9307211,1
train,58,data_58.csv,onset_leak,58_53_76,24,53,76,31800,45600,1,0.9554433,1
train,58,data_58.csv,onset_leak,58_54_77,24,54,77,32400,46200,1,0.97369134,1
train,58,data_58.csv,onset_leak,58_55_78,24,55,78,33000,46800,1,0.9686566,1
train,58,data_58.csv,onset_leak,58_56_79,24,56,79,33600,47400,1,0.97125435,1
train,58,data_58.csv,onset_leak,58_57_80,24,57,80,34200,48000,1,0.974715,1
train,58,data_58.csv,onset_leak,58_58_81,24,58,81,34800,48600,1,0.9741372,1
train,58,data_58.csv,onset_leak,58_59_82,24,59,82,35400,49200,1,0.9675772,1
train,58,data_58.csv,onset_leak,58_60_83,24,60,83,36000,49800,1,0.9487679,1
train,58,data_58.csv,onset_leak,58_61_84,24,61,84,36600,50400,1,0.8951185,1
train,58,data_58.csv,onset_leak,58_62_85,24,62,85,37200,51000,1,0.85611147,1
train,58,data_58.csv,onset_leak,58_63_86,24,63,86,37800,51600,1,0.74432343,1
train,58,data_58.csv,onset_leak,58_64_87,24,64,87,38400,52200,1,0.66308874,1
train,58,data_58.csv,onset_leak,58_65_88,24,65,88,39000,52800,1,0.61765903,1
train,58,data_58.csv,onset_leak,58_66_89,24,66,89,39600,53400,1,0.60493726,1
train,58,data_58.csv,onset_leak,58_67_90,24,67,90,40200,54000,1,0.5138255,1
train,58,data_58.csv,onset_leak,58_68_91,24,68,91,40800,54600,1,0.48470998,1
train,58,data_58.csv,onset_leak,58_69_92,24,69,92,41400,55200,1,0.5887719,1
train,58,data_58.csv,onset_leak,58_70_93,24,70,93,42000,55800,1,0.71038884,1
train,58,data_58.csv,onset_leak,58_71_94,24,71,94,42600,56400,1,0.8943234,1
train,58,data_58.csv,onset_leak,58_72_95,24,72,95,43200,57000,1,0.9652364,1
train,58,data_58.csv,onset_leak,58_73_96,24,73,96,43800,57600,1,0.96447396,1
train,58,data_58.csv,onset_leak,58_74_97,24,74,97,44400,58200,1,0.95708066,1
train,58,data_58.csv,onset_leak,58_75_98,24,75,98,45000,58800,1,0.9484001,1
train,58,data_58.csv,onset_leak,58_76_99,24,76,99,45600,59400,1,0.940702,1
train,58,data_58.csv,onset_leak,58_77_100,24,77,100,46200,60000,1,0.9273163,1
train,58,data_58.csv,onset_leak,58_78_101,24,78,101,46800,60600,1,0.90356976,1
train,58,data_58.csv,onset_leak,58_79_102,24,79,102,47400,61200,1,0.9046553,1
train,58,data_58.csv,onset_leak,58_80_103,24,80,103,48000,61800,1,0.89341885,1
train,58,data_58.csv,onset_leak,58_81_104,24,81,104,48600,62400,1,0.85988295,1
train,58,data_58.csv,onset_leak,58_82_105,24,82,105,49200,63000,1,0.85615796,1
train,58,data_58.csv,onset_leak,58_83_106,24,83,106,49800,63600,1,0.8239988,1
train,58,data_58.csv,onset_leak,58_84_107,24,84,107,50400,64200,1,0.77854246,1
train,58,data_58.csv,onset_leak,58_85_108,24,85,108,51000,64800,1,0.83121175,1
train,58,data_58.csv,onset_leak,58_86_109,24,86,109,51600,65400,1,0.8651737,1
train,58,data_58.csv,onset_leak,58_87_110,24,87,110,52200,66000,1,0.8760062,1
train,58,data_58.csv,onset_leak,58_88_111,24,88,111,52800,66600,1,0.8831274,1
train,58,data_58.csv,onset_leak,58_89_112,24,89,112,53400,67200,1,0.8864561,1
train,58,data_58.csv,onset_leak,58_90_113,24,90,113,54000,67800,1,0.89231265,1
train,58,data_58.csv,onset_leak,58_91_114,24,91,114,54600,68400,1,0.93903995,1
train,58,data_58.csv,onset_leak,58_92_115,24,92,115,55200,69000,1,0.9543986,1
train,58,data_58.csv,onset_leak,58_93_116,24,93,116,55800,69600,1,0.9608696,1
train,58,data_58.csv,onset_leak,58_94_117,24,94,117,56400,70200,1,0.9602772,1
train,58,data_58.csv,onset_leak,58_95_118,24,95,118,57000,70800,1,0.96436036,1
train,58,data_58.csv,onset_leak,58_96_119,24,96,119,57600,71400,1,0.96890867,1
train,58,data_58.csv,onset_leak,58_97_120,24,97,120,58200,72000,1,0.96030873,1
train,58,data_58.csv,onset_leak,58_98_121,24,98,121,58800,72600,1,0.9573677,1
train,58,data_58.csv,onset_leak,58_99_122,24,99,122,59400,73200,1,0.9542468,1
train,58,data_58.csv,onset_leak,58_100_123,24,100,123,60000,73800,1,0.9483413,1
train,58,data_58.csv,onset_leak,58_101_124,24,101,124,60600,74400,1,0.9431486,1
train,58,data_58.csv,onset_leak,58_102_125,24,102,125,61200,75000,1,0.93929017,1
train,58,data_58.csv,onset_leak,58_103_126,24,103,126,61800,75600,1,0.8874355,1
train,58,data_58.csv,onset_leak,58_104_127,24,104,127,62400,76200,1,0.8674811,1
train,58,data_58.csv,onset_leak,58_105_128,24,105,128,63000,76800,1,0.86796355,1
train,58,data_58.csv,onset_leak,58_106_129,24,106,129,63600,77400,1,0.8724211,1
train,58,data_58.csv,onset_leak,58_107_130,24,107,130,64200,78000,1,0.8871778,1
train,58,data_58.csv,onset_leak,58_108_131,24,108,131,64800,78600,1,0.91628575,1
train,58,data_58.csv,onset_leak,58_109_132,24,109,132,65400,79200,1,0.9067101,1
train,58,data_58.csv,onset_leak,58_110_133,24,110,133,66000,79800,1,0.92195445,1
train,58,data_58.csv,onset_leak,58_111_134,24,111,134,66600,80400,1,0.9569158,1
train,58,data_58.csv,onset_leak,58_112_135,24,112,135,67200,81000,1,0.97023857,1
train,58,data_58.csv,onset_leak,58_113_136,24,113,136,67800,81600,1,0.98299456,1
train,58,data_58.csv,onset_leak,58_114_137,24,114,137,68400,82200,1,0.99043256,1
train,58,data_58.csv,onset_leak,58_115_138,24,115,138,69000,82800,1,0.9874489,1
train,58,data_58.csv,onset_leak,58_116_139,24,116,139,69600,83400,1,0.9736713,1
train,58,data_58.csv,onset_leak,58_117_140,24,117,140,70200,84000,1,0.9850729,1
train,58,data_58.csv,onset_leak,58_118_141,24,118,141,70800,84600,1,0.97989804,1
train,58,data_58.csv,onset_leak,58_119_142,24,119,142,71400,85200,1,0.9845621,1
train,58,data_58.csv,onset_leak,58_120_143,24,120,143,72000,85800,1,0.97879297,1
train,58,data_58.csv,onset_leak,58_121_144,24,121,144,72600,86400,1,0.95232433,1
train,60,data_60.csv,onset_leak,60_0_23,24,0,23,0,13800,0,0.012591078,0
train,60,data_60.csv,onset_leak,60_1_24,24,1,24,600,14400,0,0.0140209915,0
train,60,data_60.csv,onset_leak,60_2_25,24,2,25,1200,15000,0,0.017080633,0
train,60,data_60.csv,onset_leak,60_3_26,24,3,26,1800,15600,0,0.016058566,0
train,60,data_60.csv,onset_leak,60_4_27,24,4,27,2400,16200,0,0.013252308,0
train,60,data_60.csv,onset_leak,60_5_28,24,5,28,3000,16800,0,0.010626871,0
train,60,data_60.csv,onset_leak,60_6_29,24,6,29,3600,17400,0,0.0081118075,0
train,60,data_60.csv,onset_leak,60_7_30,24,7,30,4200,18000,0,0.008150264,0
train,60,data_60.csv,onset_leak,60_8_31,24,8,31,4800,18600,0,0.009924679,0
train,60,data_60.csv,onset_leak,60_9_32,24,9,32,5400,19200,0,0.009507835,0
train,60,data_60.csv,onset_leak,60_10_33,24,10,33,6000,19800,0,0.008174317,0
train,60,data_60.csv,onset_leak,60_11_34,24,11,34,6600,20400,0,0.007577836,0
train,60,data_60.csv,onset_leak,60_12_35,24,12,35,7200,21000,0,0.007668792,0
train,60,data_60.csv,onset_leak,60_13_36,24,13,36,7800,21600,0,0.007423442,0
train,60,data_60.csv,onset_leak,60_14_37,24,14,37,8400,22200,0,0.008274638,0
train,60,data_60.csv,onset_leak,60_15_38,24,15,38,9000,22800,0,0.0080413725,0
train,60,data_60.csv,onset_leak,60_16_39,24,16,39,9600,23400,0,0.007316712,0
train,60,data_60.csv,onset_leak,60_17_40,24,17,40,10200,24000,0,0.0066168373,0
train,60,data_60.csv,onset_leak,60_18_41,24,18,41,10800,24600,0,0.00671427,0
train,60,data_60.csv,onset_leak,60_19_42,24,19,42,11400,25200,0,0.0074230027,0
train,60,data_60.csv,onset_leak,60_20_43,24,20,43,12000,25800,0,0.011042157,0
train,60,data_60.csv,onset_leak,60_21_44,24,21,44,12600,26400,0,0.014040656,0
train,60,data_60.csv,onset_leak,60_22_45,24,22,45,13200,27000,0,0.014768871,0
train,60,data_60.csv,onset_leak,60_23_46,24,23,46,13800,27600,0,0.017343227,0
train,60,data_60.csv,onset_leak,60_24_47,24,24,47,14400,28200,0,0.024609664,0
train,60,data_60.csv,onset_leak,60_25_48,24,25,48,15000,28800,0,0.026786419,0
train,60,data_60.csv,onset_leak,60_26_49,24,26,49,15600,29400,0,0.041308116,0
train,60,data_60.csv,onset_leak,60_27_50,24,27,50,16200,30000,0,0.04723866,0
train,60,data_60.csv,onset_leak,60_28_51,24,28,51,16800,30600,0,0.04315768,0
train,60,data_60.csv,onset_leak,60_29_52,24,29,52,17400,31200,0,0.04669604,0
train,60,data_60.csv,onset_leak,60_30_53,24,30,53,18000,31800,0,0.06265032,0
train,60,data_60.csv,onset_leak,60_31_54,24,31,54,18600,32400,0,0.05681188,0
train,60,data_60.csv,onset_leak,60_32_55,24,32,55,19200,33000,0,0.070628144,0
train,60,data_60.csv,onset_leak,60_33_56,24,33,56,19800,33600,0,0.06863037,0
train,60,data_60.csv,onset_leak,60_34_57,24,34,57,20400,34200,0,0.05601868,0
train,60,data_60.csv,onset_leak,60_35_58,24,35,58,21000,34800,0,0.05283344,0
train,60,data_60.csv,onset_leak,60_36_59,24,36,59,21600,35400,0,0.05919122,0
train,60,data_60.csv,onset_leak,60_37_60,24,37,60,22200,36000,0,0.05776088,0
train,60,data_60.csv,onset_leak,60_38_61,24,38,61,22800,36600,0,0.08079349,0
train,60,data_60.csv,onset_leak,60_39_62,24,39,62,23400,37200,0,0.09509724,0
train,60,data_60.csv,onset_leak,60_40_63,24,40,63,24000,37800,0,0.08438493,0
train,60,data_60.csv,onset_leak,60_41_64,24,41,64,24600,38400,0,0.10271986,1
train,60,data_60.csv,onset_leak,60_42_65,24,42,65,25200,39000,0,0.14502037,1
train,60,data_60.csv,onset_leak,60_43_66,24,43,66,25800,39600,0,0.2526322,1
train,60,data_60.csv,onset_leak,60_44_67,24,44,67,26400,40200,0,0.4200163,1
train,60,data_60.csv,onset_leak,60_45_68,24,45,68,27000,40800,0,0.4980365,1
train,60,data_60.csv,onset_leak,60_46_69,24,46,69,27600,41400,0,0.4981439,1
train,60,data_60.csv,onset_leak,60_47_70,24,47,70,28200,42000,0,0.7001443,1
train,60,data_60.csv,onset_leak,60_48_71,24,48,71,28800,42600,0,0.80685323,1
train,60,data_60.csv,onset_leak,60_49_72,24,49,72,29400,43200,1,0.99427277,1
train,60,data_60.csv,onset_leak,60_50_73,24,50,73,30000,43800,1,0.99777824,1
train,60,data_60.csv,onset_leak,60_51_74,24,51,74,30600,44400,1,0.99867886,1
train,60,data_60.csv,onset_leak,60_52_75,24,52,75,31200,45000,1,0.9986829,1
train,60,data_60.csv,onset_leak,60_53_76,24,53,76,31800,45600,1,0.99915326,1
train,60,data_60.csv,onset_leak,60_54_77,24,54,77,32400,46200,1,0.9995235,1
train,60,data_60.csv,onset_leak,60_55_78,24,55,78,33000,46800,1,0.9995555,1
train,60,data_60.csv,onset_leak,60_56_79,24,56,79,33600,47400,1,0.99960786,1
train,60,data_60.csv,onset_leak,60_57_80,24,57,80,34200,48000,1,0.9996061,1
train,60,data_60.csv,onset_leak,60_58_81,24,58,81,34800,48600,1,0.99939406,1
train,60,data_60.csv,onset_leak,60_59_82,24,59,82,35400,49200,1,0.999382,1
train,60,data_60.csv,onset_leak,60_60_83,24,60,83,36000,49800,1,0.999395,1
train,60,data_60.csv,onset_leak,60_61_84,24,61,84,36600,50400,1,0.9992638,1
train,60,data_60.csv,onset_leak,60_62_85,24,62,85,37200,51000,1,0.9990114,1
train,60,data_60.csv,onset_leak,60_63_86,24,63,86,37800,51600,1,0.9985592,1
train,60,data_60.csv,onset_leak,60_64_87,24,64,87,38400,52200,1,0.9960376,1
train,60,data_60.csv,onset_leak,60_65_88,24,65,88,39000,52800,1,0.993619,1
train,60,data_60.csv,onset_leak,60_66_89,24,66,89,39600,53400,1,0.9917291,1
train,60,data_60.csv,onset_leak,60_67_90,24,67,90,40200,54000,1,0.9880189,1
train,60,data_60.csv,onset_leak,60_68_91,24,68,91,40800,54600,1,0.98036605,1
train,60,data_60.csv,onset_leak,60_69_92,24,69,92,41400,55200,1,0.97556496,1
train,60,data_60.csv,onset_leak,60_70_93,24,70,93,42000,55800,1,0.9720792,1
train,60,data_60.csv,onset_leak,60_71_94,24,71,94,42600,56400,1,0.9878001,1
train,60,data_60.csv,onset_leak,60_72_95,24,72,95,43200,57000,1,0.99406415,1
train,60,data_60.csv,onset_leak,60_73_96,24,73,96,43800,57600,1,0.9940288,1
train,60,data_60.csv,onset_leak,60_74_97,24,74,97,44400,58200,1,0.99407107,1
train,60,data_60.csv,onset_leak,60_75_98,24,75,98,45000,58800,1,0.9949825,1
train,60,data_60.csv,onset_leak,60_76_99,24,76,99,45600,59400,1,0.9953127,1
train,60,data_60.csv,onset_leak,60_77_100,24,77,100,46200,60000,1,0.995839,1
train,60,data_60.csv,onset_leak,60_78_101,24,78,101,46800,60600,1,0.9961844,1
train,60,data_60.csv,onset_leak,60_79_102,24,79,102,47400,61200,1,0.99578685,1
train,60,data_60.csv,onset_leak,60_80_103,24,80,103,48000,61800,1,0.9952501,1
train,60,data_60.csv,onset_leak,60_81_104,24,81,104,48600,62400,1,0.9954574,1
train,60,data_60.csv,onset_leak,60_82_105,24,82,105,49200,63000,1,0.9953974,1
train,60,data_60.csv,onset_leak,60_83_106,24,83,106,49800,63600,1,0.9946832,1
train,60,data_60.csv,onset_leak,60_84_107,24,84,107,50400,64200,1,0.9937138,1
train,60,data_60.csv,onset_leak,60_85_108,24,85,108,51000,64800,1,0.993346,1
train,60,data_60.csv,onset_leak,60_86_109,24,86,109,51600,65400,1,0.99233043,1
train,60,data_60.csv,onset_leak,60_87_110,24,87,110,52200,66000,1,0.99219584,1
train,60,data_60.csv,onset_leak,60_88_111,24,88,111,52800,66600,1,0.99158716,1
train,60,data_60.csv,onset_leak,60_89_112,24,89,112,53400,67200,1,0.98974586,1
train,60,data_60.csv,onset_leak,60_90_113,24,90,113,54000,67800,1,0.9874028,1
train,60,data_60.csv,onset_leak,60_91_114,24,91,114,54600,68400,1,0.9857245,1
train,60,data_60.csv,onset_leak,60_92_115,24,92,115,55200,69000,1,0.9843019,1
train,60,data_60.csv,onset_leak,60_93_116,24,93,116,55800,69600,1,0.98547333,1
train,60,data_60.csv,onset_leak,60_94_117,24,94,117,56400,70200,1,0.985759,1
train,60,data_60.csv,onset_leak,60_95_118,24,95,118,57000,70800,1,0.98403627,1
train,60,data_60.csv,onset_leak,60_96_119,24,96,119,57600,71400,1,0.9816628,1
train,60,data_60.csv,onset_leak,60_97_120,24,97,120,58200,72000,1,0.9794358,1
train,60,data_60.csv,onset_leak,60_98_121,24,98,121,58800,72600,1,0.97695243,1
train,60,data_60.csv,onset_leak,60_99_122,24,99,122,59400,73200,1,0.9790603,1
train,60,data_60.csv,onset_leak,60_100_123,24,100,123,60000,73800,1,0.9792261,1
train,60,data_60.csv,onset_leak,60_101_124,24,101,124,60600,74400,1,0.97556096,1
train,60,data_60.csv,onset_leak,60_102_125,24,102,125,61200,75000,1,0.9712224,1
train,60,data_60.csv,onset_leak,60_103_126,24,103,126,61800,75600,1,0.97148794,1
train,60,data_60.csv,onset_leak,60_104_127,24,104,127,62400,76200,1,0.9686837,1
train,60,data_60.csv,onset_leak,60_105_128,24,105,128,63000,76800,1,0.9706631,1
train,60,data_60.csv,onset_leak,60_106_129,24,106,129,63600,77400,1,0.97012454,1
train,60,data_60.csv,onset_leak,60_107_130,24,107,130,64200,78000,1,0.96874815,1
train,60,data_60.csv,onset_leak,60_108_131,24,108,131,64800,78600,1,0.9659158,1
train,60,data_60.csv,onset_leak,60_109_132,24,109,132,65400,79200,1,0.96059984,1
train,60,data_60.csv,onset_leak,60_110_133,24,110,133,66000,79800,1,0.94885975,1
train,60,data_60.csv,onset_leak,60_111_134,24,111,134,66600,80400,1,0.9508747,1
train,60,data_60.csv,onset_leak,60_112_135,24,112,135,67200,81000,1,0.94415504,1
train,60,data_60.csv,onset_leak,60_113_136,24,113,136,67800,81600,1,0.9185346,1
train,60,data_60.csv,onset_leak,60_114_137,24,114,137,68400,82200,1,0.85672206,1
train,60,data_60.csv,onset_leak,60_115_138,24,115,138,69000,82800,1,0.8045821,1
train,60,data_60.csv,onset_leak,60_116_139,24,116,139,69600,83400,1,0.7145026,1
train,60,data_60.csv,onset_leak,60_117_140,24,117,140,70200,84000,1,0.6763593,1
train,60,data_60.csv,onset_leak,60_118_141,24,118,141,70800,84600,1,0.5750972,1
train,60,data_60.csv,onset_leak,60_119_142,24,119,142,71400,85200,1,0.4721008,1
train,60,data_60.csv,onset_leak,60_120_143,24,120,143,72000,85800,1,0.2498896,1
train,60,data_60.csv,onset_leak,60_121_144,24,121,144,72600,86400,1,0.1476089,1
val,5,data_5.csv,normal,5_0_23,24,0,23,0,13800,0,0.010297545,0
val,5,data_5.csv,normal,5_1_24,24,1,24,600,14400,0,0.012960891,0
val,5,data_5.csv,normal,5_2_25,24,2,25,1200,15000,0,0.018657023,0
val,5,data_5.csv,normal,5_3_26,24,3,26,1800,15600,0,0.020807797,0
val,5,data_5.csv,normal,5_4_27,24,4,27,2400,16200,0,0.01896562,0
val,5,data_5.csv,normal,5_5_28,24,5,28,3000,16800,0,0.01911835,0
val,5,data_5.csv,normal,5_6_29,24,6,29,3600,17400,0,0.017955646,0
val,5,data_5.csv,normal,5_7_30,24,7,30,4200,18000,0,0.020675775,0
val,5,data_5.csv,normal,5_8_31,24,8,31,4800,18600,0,0.030082926,0
val,5,data_5.csv,normal,5_9_32,24,9,32,5400,19200,0,0.02684146,0
val,5,data_5.csv,normal,5_10_33,24,10,33,6000,19800,0,0.017797478,0
val,5,data_5.csv,normal,5_11_34,24,11,34,6600,20400,0,0.0125400955,0
val,5,data_5.csv,normal,5_12_35,24,12,35,7200,21000,0,0.008271019,0
val,5,data_5.csv,normal,5_13_36,24,13,36,7800,21600,0,0.007213451,0
val,5,data_5.csv,normal,5_14_37,24,14,37,8400,22200,0,0.006945719,0
val,5,data_5.csv,normal,5_15_38,24,15,38,9000,22800,0,0.0048544104,0
val,5,data_5.csv,normal,5_16_39,24,16,39,9600,23400,0,0.0032676125,0
val,5,data_5.csv,normal,5_17_40,24,17,40,10200,24000,0,0.0020486952,0
val,5,data_5.csv,normal,5_18_41,24,18,41,10800,24600,0,0.0013902163,0
val,5,data_5.csv,normal,5_19_42,24,19,42,11400,25200,0,0.001308043,0
val,5,data_5.csv,normal,5_20_43,24,20,43,12000,25800,0,0.0016113321,0
val,5,data_5.csv,normal,5_21_44,24,21,44,12600,26400,0,0.0019798863,0
val,5,data_5.csv,normal,5_22_45,24,22,45,13200,27000,0,0.002264698,0
val,5,data_5.csv,normal,5_23_46,24,23,46,13800,27600,0,0.0025665164,0
val,5,data_5.csv,normal,5_24_47,24,24,47,14400,28200,0,0.0036789915,0
val,5,data_5.csv,normal,5_25_48,24,25,48,15000,28800,0,0.0037544575,0
val,5,data_5.csv,normal,5_26_49,24,26,49,15600,29400,0,0.005920572,0
val,5,data_5.csv,normal,5_27_50,24,27,50,16200,30000,0,0.009383632,0
val,5,data_5.csv,normal,5_28_51,24,28,51,16800,30600,0,0.012560819,0
val,5,data_5.csv,normal,5_29_52,24,29,52,17400,31200,0,0.020957509,0
val,5,data_5.csv,normal,5_30_53,24,30,53,18000,31800,0,0.04885156,0
val,5,data_5.csv,normal,5_31_54,24,31,54,18600,32400,0,0.040311974,0
val,5,data_5.csv,normal,5_32_55,24,32,55,19200,33000,0,0.040183946,0
val,5,data_5.csv,normal,5_33_56,24,33,56,19800,33600,0,0.04424208,0
val,5,data_5.csv,normal,5_34_57,24,34,57,20400,34200,0,0.049906462,0
val,5,data_5.csv,normal,5_35_58,24,35,58,21000,34800,0,0.06107377,0
val,5,data_5.csv,normal,5_36_59,24,36,59,21600,35400,0,0.09444809,0
val,5,data_5.csv,normal,5_37_60,24,37,60,22200,36000,0,0.1255647,1
val,5,data_5.csv,normal,5_38_61,24,38,61,22800,36600,0,0.23116088,1
val,5,data_5.csv,normal,5_39_62,24,39,62,23400,37200,0,0.31965894,1
val,5,data_5.csv,normal,5_40_63,24,40,63,24000,37800,0,0.34282452,1
val,5,data_5.csv,normal,5_41_64,24,41,64,24600,38400,0,0.4097885,1
val,5,data_5.csv,normal,5_42_65,24,42,65,25200,39000,0,0.4518934,1
val,5,data_5.csv,normal,5_43_66,24,43,66,25800,39600,0,0.4610026,1
val,5,data_5.csv,normal,5_44_67,24,44,67,26400,40200,0,0.430526,1
val,5,data_5.csv,normal,5_45_68,24,45,68,27000,40800,0,0.42567164,1
val,5,data_5.csv,normal,5_46_69,24,46,69,27600,41400,0,0.3662418,1
val,5,data_5.csv,normal,5_47_70,24,47,70,28200,42000,0,0.37252954,1
val,5,data_5.csv,normal,5_48_71,24,48,71,28800,42600,0,0.3606737,1
val,5,data_5.csv,normal,5_49_72,24,49,72,29400,43200,0,0.44410196,1
val,5,data_5.csv,normal,5_50_73,24,50,73,30000,43800,0,0.46219254,1
val,5,data_5.csv,normal,5_51_74,24,51,74,30600,44400,0,0.37542805,1
val,5,data_5.csv,normal,5_52_75,24,52,75,31200,45000,0,0.28387588,1
val,5,data_5.csv,normal,5_53_76,24,53,76,31800,45600,0,0.2659969,1
val,5,data_5.csv,normal,5_54_77,24,54,77,32400,46200,0,0.16875109,1
val,5,data_5.csv,normal,5_55_78,24,55,78,33000,46800,0,0.14807323,1
val,5,data_5.csv,normal,5_56_79,24,56,79,33600,47400,0,0.11393853,1
val,5,data_5.csv,normal,5_57_80,24,57,80,34200,48000,0,0.08072303,0
val,5,data_5.csv,normal,5_58_81,24,58,81,34800,48600,0,0.09591201,0
val,5,data_5.csv,normal,5_59_82,24,59,82,35400,49200,0,0.123286285,1
val,5,data_5.csv,normal,5_60_83,24,60,83,36000,49800,0,0.20327468,1
val,5,data_5.csv,normal,5_61_84,24,61,84,36600,50400,0,0.1885701,1
val,5,data_5.csv,normal,5_62_85,24,62,85,37200,51000,0,0.21037666,1
val,5,data_5.csv,normal,5_63_86,24,63,86,37800,51600,0,0.23433387,1
val,5,data_5.csv,normal,5_64_87,24,64,87,38400,52200,0,0.26531053,1
val,5,data_5.csv,normal,5_65_88,24,65,88,39000,52800,0,0.38301775,1
val,5,data_5.csv,normal,5_66_89,24,66,89,39600,53400,0,0.51871014,1
val,5,data_5.csv,normal,5_67_90,24,67,90,40200,54000,0,0.5701581,1
val,5,data_5.csv,normal,5_68_91,24,68,91,40800,54600,0,0.583524,1
val,5,data_5.csv,normal,5_69_92,24,69,92,41400,55200,0,0.597558,1
val,5,data_5.csv,normal,5_70_93,24,70,93,42000,55800,0,0.60730094,1
val,5,data_5.csv,normal,5_71_94,24,71,94,42600,56400,0,0.6571629,1
val,5,data_5.csv,normal,5_72_95,24,72,95,43200,57000,0,0.7227195,1
val,5,data_5.csv,normal,5_73_96,24,73,96,43800,57600,0,0.770485,1
val,5,data_5.csv,normal,5_74_97,24,74,97,44400,58200,0,0.78178656,1
val,5,data_5.csv,normal,5_75_98,24,75,98,45000,58800,0,0.7905154,1
val,5,data_5.csv,normal,5_76_99,24,76,99,45600,59400,0,0.8078876,1
val,5,data_5.csv,normal,5_77_100,24,77,100,46200,60000,0,0.8241235,1
val,5,data_5.csv,normal,5_78_101,24,78,101,46800,60600,0,0.844209,1
val,5,data_5.csv,normal,5_79_102,24,79,102,47400,61200,0,0.9228715,1
val,5,data_5.csv,normal,5_80_103,24,80,103,48000,61800,0,0.95067835,1
val,5,data_5.csv,normal,5_81_104,24,81,104,48600,62400,0,0.95939726,1
val,5,data_5.csv,normal,5_82_105,24,82,105,49200,63000,0,0.96105635,1
val,5,data_5.csv,normal,5_83_106,24,83,106,49800,63600,0,0.9632209,1
val,5,data_5.csv,normal,5_84_107,24,84,107,50400,64200,0,0.9667535,1
val,5,data_5.csv,normal,5_85_108,24,85,108,51000,64800,0,0.9706599,1
val,5,data_5.csv,normal,5_86_109,24,86,109,51600,65400,0,0.972695,1
val,5,data_5.csv,normal,5_87_110,24,87,110,52200,66000,0,0.972898,1
val,5,data_5.csv,normal,5_88_111,24,88,111,52800,66600,0,0.96785617,1
val,5,data_5.csv,normal,5_89_112,24,89,112,53400,67200,0,0.965962,1
val,5,data_5.csv,normal,5_90_113,24,90,113,54000,67800,0,0.965784,1
val,5,data_5.csv,normal,5_91_114,24,91,114,54600,68400,0,0.9255435,1
val,5,data_5.csv,normal,5_92_115,24,92,115,55200,69000,0,0.9013396,1
val,5,data_5.csv,normal,5_93_116,24,93,116,55800,69600,0,0.8803489,1
val,5,data_5.csv,normal,5_94_117,24,94,117,56400,70200,0,0.8665451,1
val,5,data_5.csv,normal,5_95_118,24,95,118,57000,70800,0,0.8649589,1
val,5,data_5.csv,normal,5_96_119,24,96,119,57600,71400,0,0.88098073,1
val,5,data_5.csv,normal,5_97_120,24,97,120,58200,72000,0,0.83235335,1
val,5,data_5.csv,normal,5_98_121,24,98,121,58800,72600,0,0.8407838,1
val,5,data_5.csv,normal,5_99_122,24,99,122,59400,73200,0,0.9101751,1
val,5,data_5.csv,normal,5_100_123,24,100,123,60000,73800,0,0.93959993,1
val,5,data_5.csv,normal,5_101_124,24,101,124,60600,74400,0,0.967578,1
val,5,data_5.csv,normal,5_102_125,24,102,125,61200,75000,0,0.98340076,1
val,5,data_5.csv,normal,5_103_126,24,103,126,61800,75600,0,0.9662634,1
val,5,data_5.csv,normal,5_104_127,24,104,127,62400,76200,0,0.8259736,1
val,5,data_5.csv,normal,5_105_128,24,105,128,63000,76800,0,0.8988651,1
val,5,data_5.csv,normal,5_106_129,24,106,129,63600,77400,0,0.8659409,1
val,5,data_5.csv,normal,5_107_130,24,107,130,64200,78000,0,0.96367013,1
val,5,data_5.csv,normal,5_108_131,24,108,131,64800,78600,0,0.9652039,1
val,5,data_5.csv,normal,5_109_132,24,109,132,65400,79200,0,0.9341783,1
val,5,data_5.csv,normal,5_110_133,24,110,133,66000,79800,0,0.74039954,1
val,5,data_5.csv,normal,5_111_134,24,111,134,66600,80400,0,0.7677199,1
val,5,data_5.csv,normal,5_112_135,24,112,135,67200,81000,0,0.6875824,1
val,5,data_5.csv,normal,5_113_136,24,113,136,67800,81600,0,0.7930863,1
val,5,data_5.csv,normal,5_114_137,24,114,137,68400,82200,0,0.65497714,1
val,5,data_5.csv,normal,5_115_138,24,115,138,69000,82800,0,0.60280216,1
val,5,data_5.csv,normal,5_116_139,24,116,139,69600,83400,0,0.2927247,1
val,5,data_5.csv,normal,5_117_140,24,117,140,70200,84000,0,0.21380939,1
val,5,data_5.csv,normal,5_118_141,24,118,141,70800,84600,0,0.1184532,1
val,5,data_5.csv,normal,5_119_142,24,119,142,71400,85200,0,0.13156374,1
val,5,data_5.csv,normal,5_120_143,24,120,143,72000,85800,0,0.07085024,0
val,5,data_5.csv,normal,5_121_144,24,121,144,72600,86400,0,0.07506234,0
val,10,data_10.csv,normal,10_0_23,24,0,23,0,13800,0,0.03095617,0
val,10,data_10.csv,normal,10_1_24,24,1,24,600,14400,0,0.032454282,0
val,10,data_10.csv,normal,10_2_25,24,2,25,1200,15000,0,0.031185756,0
val,10,data_10.csv,normal,10_3_26,24,3,26,1800,15600,0,0.029041834,0
val,10,data_10.csv,normal,10_4_27,24,4,27,2400,16200,0,0.02790276,0
val,10,data_10.csv,normal,10_5_28,24,5,28,3000,16800,0,0.025935726,0
val,10,data_10.csv,normal,10_6_29,24,6,29,3600,17400,0,0.021973819,0
val,10,data_10.csv,normal,10_7_30,24,7,30,4200,18000,0,0.02352992,0
val,10,data_10.csv,normal,10_8_31,24,8,31,4800,18600,0,0.0243588,0
val,10,data_10.csv,normal,10_9_32,24,9,32,5400,19200,0,0.02316474,0
val,10,data_10.csv,normal,10_10_33,24,10,33,6000,19800,0,0.021585857,0
val,10,data_10.csv,normal,10_11_34,24,11,34,6600,20400,0,0.019274995,0
val,10,data_10.csv,normal,10_12_35,24,12,35,7200,21000,0,0.016020268,0
val,10,data_10.csv,normal,10_13_36,24,13,36,7800,21600,0,0.01631562,0
val,10,data_10.csv,normal,10_14_37,24,14,37,8400,22200,0,0.016314633,0
val,10,data_10.csv,normal,10_15_38,24,15,38,9000,22800,0,0.014902891,0
val,10,data_10.csv,normal,10_16_39,24,16,39,9600,23400,0,0.013361489,0
val,10,data_10.csv,normal,10_17_40,24,17,40,10200,24000,0,0.011726174,0
val,10,data_10.csv,normal,10_18_41,24,18,41,10800,24600,0,0.009946054,0
val,10,data_10.csv,normal,10_19_42,24,19,42,11400,25200,0,0.009945716,0
val,10,data_10.csv,normal,10_20_43,24,20,43,12000,25800,0,0.010074691,0
val,10,data_10.csv,normal,10_21_44,24,21,44,12600,26400,0,0.009605918,0
val,10,data_10.csv,normal,10_22_45,24,22,45,13200,27000,0,0.009074076,0
val,10,data_10.csv,normal,10_23_46,24,23,46,13800,27600,0,0.008314366,0
val,10,data_10.csv,normal,10_24_47,24,24,47,14400,28200,0,0.0075522005,0
val,10,data_10.csv,normal,10_25_48,24,25,48,15000,28800,0,0.007504871,0
val,10,data_10.csv,normal,10_26_49,24,26,49,15600,29400,0,0.007876689,0
val,10,data_10.csv,normal,10_27_50,24,27,50,16200,30000,0,0.008129121,0
val,10,data_10.csv,normal,10_28_51,24,28,51,16800,30600,0,0.008237157,0
val,10,data_10.csv,normal,10_29_52,24,29,52,17400,31200,0,0.008537915,0
val,10,data_10.csv,normal,10_30_53,24,30,53,18000,31800,0,0.009137779,0
val,10,data_10.csv,normal,10_31_54,24,31,54,18600,32400,0,0.014261488,0
val,10,data_10.csv,normal,10_32_55,24,32,55,19200,33000,0,0.03364393,0
val,10,data_10.csv,normal,10_33_56,24,33,56,19800,33600,0,0.046728898,0
val,10,data_10.csv,normal,10_34_57,24,34,57,20400,34200,0,0.04117109,0
val,10,data_10.csv,normal,10_35_58,24,35,58,21000,34800,0,0.041421227,0
val,10,data_10.csv,normal,10_36_59,24,36,59,21600,35400,0,0.039339907,0
val,10,data_10.csv,normal,10_37_60,24,37,60,22200,36000,0,0.051368497,0
val,10,data_10.csv,normal,10_38_61,24,38,61,22800,36600,0,0.07905695,0
val,10,data_10.csv,normal,10_39_62,24,39,62,23400,37200,0,0.05401616,0
val,10,data_10.csv,normal,10_40_63,24,40,63,24000,37800,0,0.018451683,0
val,10,data_10.csv,normal,10_41_64,24,41,64,24600,38400,0,0.012049424,0
val,10,data_10.csv,normal,10_42_65,24,42,65,25200,39000,0,0.0069752005,0
val,10,data_10.csv,normal,10_43_66,24,43,66,25800,39600,0,0.004481006,0
val,10,data_10.csv,normal,10_44_67,24,44,67,26400,40200,0,0.0018900224,0
val,10,data_10.csv,normal,10_45_68,24,45,68,27000,40800,0,0.000912729,0
val,10,data_10.csv,normal,10_46_69,24,46,69,27600,41400,0,0.00035887156,0
val,10,data_10.csv,normal,10_47_70,24,47,70,28200,42000,0,0.0001791656,0
val,10,data_10.csv,normal,10_48_71,24,48,71,28800,42600,0,8.058235e-05,0
val,10,data_10.csv,normal,10_49_72,24,49,72,29400,43200,0,4.8557722e-05,0
val,10,data_10.csv,normal,10_50_73,24,50,73,30000,43800,0,2.4166617e-05,0
val,10,data_10.csv,normal,10_51_74,24,51,74,30600,44400,0,2.2104115e-05,0
val,10,data_10.csv,normal,10_52_75,24,52,75,31200,45000,0,3.7688096e-05,0
val,10,data_10.csv,normal,10_53_76,24,53,76,31800,45600,0,6.973139e-05,0
val,10,data_10.csv,normal,10_54_77,24,54,77,32400,46200,0,0.00031481803,0
val,10,data_10.csv,normal,10_55_78,24,55,78,33000,46800,0,0.00019322368,0
val,10,data_10.csv,normal,10_56_79,24,56,79,33600,47400,0,0.00031990214,0
val,10,data_10.csv,normal,10_57_80,24,57,80,34200,48000,0,0.0011445273,0
val,10,data_10.csv,normal,10_58_81,24,58,81,34800,48600,0,0.0048575834,0
val,10,data_10.csv,normal,10_59_82,24,59,82,35400,49200,0,0.012215914,0
val,10,data_10.csv,normal,10_60_83,24,60,83,36000,49800,0,0.06994319,0
val,10,data_10.csv,normal,10_61_84,24,61,84,36600,50400,0,0.03835105,0
val,10,data_10.csv,normal,10_62_85,24,62,85,37200,51000,0,0.033460993,0
val,10,data_10.csv,normal,10_63_86,24,63,86,37800,51600,0,0.04763436,0
val,10,data_10.csv,normal,10_64_87,24,64,87,38400,52200,0,0.0674573,0
val,10,data_10.csv,normal,10_65_88,24,65,88,39000,52800,0,0.18778352,1
val,10,data_10.csv,normal,10_66_89,24,66,89,39600,53400,0,0.56968004,1
val,10,data_10.csv,normal,10_67_90,24,67,90,40200,54000,0,0.570922,1
val,10,data_10.csv,normal,10_68_91,24,68,91,40800,54600,0,0.4797985,1
val,10,data_10.csv,normal,10_69_92,24,69,92,41400,55200,0,0.4958669,1
val,10,data_10.csv,normal,10_70_93,24,70,93,42000,55800,0,0.48568115,1
val,10,data_10.csv,normal,10_71_94,24,71,94,42600,56400,0,0.52564764,1
val,10,data_10.csv,normal,10_72_95,24,72,95,43200,57000,0,0.48461074,1
val,10,data_10.csv,normal,10_73_96,24,73,96,43800,57600,0,0.6245519,1
val,10,data_10.csv,normal,10_74_97,24,74,97,44400,58200,0,0.65563136,1
val,10,data_10.csv,normal,10_75_98,24,75,98,45000,58800,0,0.6441121,1
val,10,data_10.csv,normal,10_76_99,24,76,99,45600,59400,0,0.67650086,1
val,10,data_10.csv,normal,10_77_100,24,77,100,46200,60000,0,0.70250463,1
val,10,data_10.csv,normal,10_78_101,24,78,101,46800,60600,0,0.69628894,1
val,10,data_10.csv,normal,10_79_102,24,79,102,47400,61200,0,0.87912077,1
val,10,data_10.csv,normal,10_80_103,24,80,103,48000,61800,0,0.9276506,1
val,10,data_10.csv,normal,10_81_104,24,81,104,48600,62400,0,0.9455827,1
val,10,data_10.csv,normal,10_82_105,24,82,105,49200,63000,0,0.9532836,1
val,10,data_10.csv,normal,10_83_106,24,83,106,49800,63600,0,0.95826864,1
val,10,data_10.csv,normal,10_84_107,24,84,107,50400,64200,0,0.96239465,1
val,10,data_10.csv,normal,10_85_108,24,85,108,51000,64800,0,0.9768917,1
val,10,data_10.csv,normal,10_86_109,24,86,109,51600,65400,0,0.98252076,1
val,10,data_10.csv,normal,10_87_110,24,87,110,52200,66000,0,0.98433715,1
val,10,data_10.csv,normal,10_88_111,24,88,111,52800,66600,0,0.98052454,1
val,10,data_10.csv,normal,10_89_112,24,89,112,53400,67200,0,0.98046654,1
val,10,data_10.csv,normal,10_90_113,24,90,113,54000,67800,0,0.9806035,1
val,10,data_10.csv,normal,10_91_114,24,91,114,54600,68400,0,0.85485125,1
val,10,data_10.csv,normal,10_92_115,24,92,115,55200,69000,0,0.7104981,1
val,10,data_10.csv,normal,10_93_116,24,93,116,55800,69600,0,0.6490667,1
val,10,data_10.csv,normal,10_94_117,24,94,117,56400,70200,0,0.5894293,1
val,10,data_10.csv,normal,10_95_118,24,95,118,57000,70800,0,0.6101423,1
val,10,data_10.csv,normal,10_96_119,24,96,119,57600,71400,0,0.70917004,1
val,10,data_10.csv,normal,10_97_120,24,97,120,58200,72000,0,0.28089273,1
val,10,data_10.csv,normal,10_98_121,24,98,121,58800,72600,0,0.07251537,0
val,10,data_10.csv,normal,10_99_122,24,99,122,59400,73200,0,0.08327758,0
val,10,data_10.csv,normal,10_100_123,24,100,123,60000,73800,0,0.06148712,0
val,10,data_10.csv,normal,10_101_124,24,101,124,60600,74400,0,0.19001532,1
val,10,data_10.csv,normal,10_102_125,24,102,125,61200,75000,0,0.32408723,1
val,10,data_10.csv,normal,10_103_126,24,103,126,61800,75600,0,0.29457134,1
val,10,data_10.csv,normal,10_104_127,24,104,127,62400,76200,0,0.08182432,0
val,10,data_10.csv,normal,10_105_128,24,105,128,63000,76800,0,0.24139594,1
val,10,data_10.csv,normal,10_106_129,24,106,129,63600,77400,0,0.30184156,1
val,10,data_10.csv,normal,10_107_130,24,107,130,64200,78000,0,0.7854915,1
val,10,data_10.csv,normal,10_108_131,24,108,131,64800,78600,0,0.93920225,1
val,10,data_10.csv,normal,10_109_132,24,109,132,65400,79200,0,0.9242856,1
val,10,data_10.csv,normal,10_110_133,24,110,133,66000,79800,0,0.7743287,1
val,10,data_10.csv,normal,10_111_134,24,111,134,66600,80400,0,0.7472641,1
val,10,data_10.csv,normal,10_112_135,24,112,135,67200,81000,0,0.58455986,1
val,10,data_10.csv,normal,10_113_136,24,113,136,67800,81600,0,0.4845757,1
val,10,data_10.csv,normal,10_114_137,24,114,137,68400,82200,0,0.2607044,1
val,10,data_10.csv,normal,10_115_138,24,115,138,69000,82800,0,0.30664337,1
val,10,data_10.csv,normal,10_116_139,24,116,139,69600,83400,0,0.2134489,1
val,10,data_10.csv,normal,10_117_140,24,117,140,70200,84000,0,0.22517274,1
val,10,data_10.csv,normal,10_118_141,24,118,141,70800,84600,0,0.26106948,1
val,10,data_10.csv,normal,10_119_142,24,119,142,71400,85200,0,0.3924218,1
val,10,data_10.csv,normal,10_120_143,24,120,143,72000,85800,0,0.306683,1
val,10,data_10.csv,normal,10_121_144,24,121,144,72600,86400,0,0.33386034,1
val,11,data_11.csv,persistent_leak,11_0_23,24,0,23,0,13800,1,0.3755703,1
val,11,data_11.csv,persistent_leak,11_1_24,24,1,24,600,14400,1,0.44800055,1
val,11,data_11.csv,persistent_leak,11_2_25,24,2,25,1200,15000,1,0.5060031,1
val,11,data_11.csv,persistent_leak,11_3_26,24,3,26,1800,15600,1,0.5063023,1
val,11,data_11.csv,persistent_leak,11_4_27,24,4,27,2400,16200,1,0.5063023,1
val,11,data_11.csv,persistent_leak,11_5_28,24,5,28,3000,16800,1,0.5063023,1
val,11,data_11.csv,persistent_leak,11_6_29,24,6,29,3600,17400,1,0.5063023,1
val,11,data_11.csv,persistent_leak,11_7_30,24,7,30,4200,18000,1,0.5056756,1
val,11,data_11.csv,persistent_leak,11_8_31,24,8,31,4800,18600,1,0.505598,1
val,11,data_11.csv,persistent_leak,11_9_32,24,9,32,5400,19200,1,0.49360734,1
val,11,data_11.csv,persistent_leak,11_10_33,24,10,33,6000,19800,1,0.41058463,1
val,11,data_11.csv,persistent_leak,11_11_34,24,11,34,6600,20400,1,0.33382493,1
val,11,data_11.csv,persistent_leak,11_12_35,24,12,35,7200,21000,1,0.23165666,1
val,11,data_11.csv,persistent_leak,11_13_36,24,13,36,7800,21600,1,0.20458406,1
val,11,data_11.csv,persistent_leak,11_14_37,24,14,37,8400,22200,1,0.14772935,1
val,11,data_11.csv,persistent_leak,11_15_38,24,15,38,9000,22800,1,0.11748321,1
val,11,data_11.csv,persistent_leak,11_16_39,24,16,39,9600,23400,1,0.08810743,0
val,11,data_11.csv,persistent_leak,11_17_40,24,17,40,10200,24000,1,0.050415155,0
val,11,data_11.csv,persistent_leak,11_18_41,24,18,41,10800,24600,1,0.032468095,0
val,11,data_11.csv,persistent_leak,11_19_42,24,19,42,11400,25200,1,0.030273579,0
val,11,data_11.csv,persistent_leak,11_20_43,24,20,43,12000,25800,1,0.041201044,0
val,11,data_11.csv,persistent_leak,11_21_44,24,21,44,12600,26400,1,0.064149715,0
val,11,data_11.csv,persistent_leak,11_22_45,24,22,45,13200,27000,1,0.1107126,1
val,11,data_11.csv,persistent_leak,11_23_46,24,23,46,13800,27600,1,0.16534787,1
val,11,data_11.csv,persistent_leak,11_24_47,24,24,47,14400,28200,1,0.21886854,1
val,11,data_11.csv,persistent_leak,11_25_48,24,25,48,15000,28800,1,0.2630326,1
val,11,data_11.csv,persistent_leak,11_26_49,24,26,49,15600,29400,1,0.36709303,1
val,11,data_11.csv,persistent_leak,11_27_50,24,27,50,16200,30000,1,0.33653226,1
val,11,data_11.csv,persistent_leak,11_28_51,24,28,51,16800,30600,1,0.36004534,1
val,11,data_11.csv,persistent_leak,11_29_52,24,29,52,17400,31200,1,0.3516228,1
val,11,data_11.csv,persistent_leak,11_30_53,24,30,53,18000,31800,1,0.42406926,1
val,11,data_11.csv,persistent_leak,11_31_54,24,31,54,18600,32400,1,0.39221877,1
val,11,data_11.csv,persistent_leak,11_32_55,24,32,55,19200,33000,1,0.3411486,1
val,11,data_11.csv,persistent_leak,11_33_56,24,33,56,19800,33600,1,0.27860445,1
val,11,data_11.csv,persistent_leak,11_34_57,24,34,57,20400,34200,1,0.26713726,1
val,11,data_11.csv,persistent_leak,11_35_58,24,35,58,21000,34800,1,0.23851477,1
val,11,data_11.csv,persistent_leak,11_36_59,24,36,59,21600,35400,1,0.22548671,1
val,11,data_11.csv,persistent_leak,11_37_60,24,37,60,22200,36000,1,0.44132498,1
val,11,data_11.csv,persistent_leak,11_38_61,24,38,61,22800,36600,1,0.55519706,1
val,11,data_11.csv,persistent_leak,11_39_62,24,39,62,23400,37200,1,0.5779292,1
val,11,data_11.csv,persistent_leak,11_40_63,24,40,63,24000,37800,1,0.53066605,1
val,11,data_11.csv,persistent_leak,11_41_64,24,41,64,24600,38400,1,0.5422636,1
val,11,data_11.csv,persistent_leak,11_42_65,24,42,65,25200,39000,1,0.5961234,1
val,11,data_11.csv,persistent_leak,11_43_66,24,43,66,25800,39600,1,0.7254171,1
val,11,data_11.csv,persistent_leak,11_44_67,24,44,67,26400,40200,1,0.74494165,1
val,11,data_11.csv,persistent_leak,11_45_68,24,45,68,27000,40800,1,0.7830022,1
val,11,data_11.csv,persistent_leak,11_46_69,24,46,69,27600,41400,1,0.8039962,1
val,11,data_11.csv,persistent_leak,11_47_70,24,47,70,28200,42000,1,0.8622335,1
val,11,data_11.csv,persistent_leak,11_48_71,24,48,71,28800,42600,1,0.9005284,1
val,11,data_11.csv,persistent_leak,11_49_72,24,49,72,29400,43200,1,0.95943636,1
val,11,data_11.csv,persistent_leak,11_50_73,24,50,73,30000,43800,1,0.97789997,1
val,11,data_11.csv,persistent_leak,11_51_74,24,51,74,30600,44400,1,0.98208874,1
val,11,data_11.csv,persistent_leak,11_52_75,24,52,75,31200,45000,1,0.9821223,1
val,11,data_11.csv,persistent_leak,11_53_76,24,53,76,31800,45600,1,0.9823406,1
val,11,data_11.csv,persistent_leak,11_54_77,24,54,77,32400,46200,1,0.98411477,1
val,11,data_11.csv,persistent_leak,11_55_78,24,55,78,33000,46800,1,0.98886895,1
val,11,data_11.csv,persistent_leak,11_56_79,24,56,79,33600,47400,1,0.9905939,1
val,11,data_11.csv,persistent_leak,11_57_80,24,57,80,34200,48000,1,0.9912718,1
val,11,data_11.csv,persistent_leak,11_58_81,24,58,81,34800,48600,1,0.9895728,1
val,11,data_11.csv,persistent_leak,11_59_82,24,59,82,35400,49200,1,0.98994535,1
val,11,data_11.csv,persistent_leak,11_60_83,24,60,83,36000,49800,1,0.9906364,1
val,11,data_11.csv,persistent_leak,11_61_84,24,61,84,36600,50400,1,0.99360126,1
val,11,data_11.csv,persistent_leak,11_62_85,24,62,85,37200,51000,1,0.9944212,1
val,11,data_11.csv,persistent_leak,11_63_86,24,63,86,37800,51600,1,0.9943984,1
val,11,data_11.csv,persistent_leak,11_64_87,24,64,87,38400,52200,1,0.99231684,1
val,11,data_11.csv,persistent_leak,11_65_88,24,65,88,39000,52800,1,0.992242,1
val,11,data_11.csv,persistent_leak,11_66_89,24,66,89,39600,53400,1,0.9926133,1
val,11,data_11.csv,persistent_leak,11_67_90,24,67,90,40200,54000,1,0.99591297,1
val,11,data_11.csv,persistent_leak,11_68_91,24,68,91,40800,54600,1,0.9963987,1
val,11,data_11.csv,persistent_leak,11_69_92,24,69,92,41400,55200,1,0.99674654,1
val,11,data_11.csv,persistent_leak,11_70_93,24,70,93,42000,55800,1,0.99610776,1
val,11,data_11.csv,persistent_leak,11_71_94,24,71,94,42600,56400,1,0.9971836,1
val,11,data_11.csv,persistent_leak,11_72_95,24,72,95,43200,57000,1,0.99801874,1
val,11,data_11.csv,persistent_leak,11_73_96,24,73,96,43800,57600,1,0.9988192,1
val,11,data_11.csv,persistent_leak,11_74_97,24,74,97,44400,58200,1,0.9990895,1
val,11,data_11.csv,persistent_leak,11_75_98,24,75,98,45000,58800,1,0.99921644,1
val,11,data_11.csv,persistent_leak,11_76_99,24,76,99,45600,59400,1,0.99919885,1
val,11,data_11.csv,persistent_leak,11_77_100,24,77,100,46200,60000,1,0.9993364,1
val,11,data_11.csv,persistent_leak,11_78_101,24,78,101,46800,60600,1,0.9994604,1
val,11,data_11.csv,persistent_leak,11_79_102,24,79,102,47400,61200,1,0.9996246,1
val,11,data_11.csv,persistent_leak,11_80_103,24,80,103,48000,61800,1,0.99970347,1
val,11,data_11.csv,persistent_leak,11_81_104,24,81,104,48600,62400,1,0.9997242,1
val,11,data_11.csv,persistent_leak,11_82_105,24,82,105,49200,63000,1,0.99968624,1
val,11,data_11.csv,persistent_leak,11_83_106,24,83,106,49800,63600,1,0.9996954,1
val,11,data_11.csv,persistent_leak,11_84_107,24,84,107,50400,64200,1,0.9997229,1
val,11,data_11.csv,persistent_leak,11_85_108,24,85,108,51000,64800,1,0.99961144,1
val,11,data_11.csv,persistent_leak,11_86_109,24,86,109,51600,65400,1,0.99952674,1
val,11,data_11.csv,persistent_leak,11_87_110,24,87,110,52200,66000,1,0.99947816,1
val,11,data_11.csv,persistent_leak,11_88_111,24,88,111,52800,66600,1,0.99936014,1
val,11,data_11.csv,persistent_leak,11_89_112,24,89,112,53400,67200,1,0.999303,1
val,11,data_11.csv,persistent_leak,11_90_113,24,90,113,54000,67800,1,0.99929917,1
val,11,data_11.csv,persistent_leak,11_91_114,24,91,114,54600,68400,1,0.9981602,1
val,11,data_11.csv,persistent_leak,11_92_115,24,92,115,55200,69000,1,0.99732864,1
val,11,data_11.csv,persistent_leak,11_93_116,24,93,116,55800,69600,1,0.9972011,1
val,11,data_11.csv,persistent_leak,11_94_117,24,94,117,56400,70200,1,0.99749124,1
val,11,data_11.csv,persistent_leak,11_95_118,24,95,118,57000,70800,1,0.9980348,1
val,11,data_11.csv,persistent_leak,11_96_119,24,96,119,57600,71400,1,0.998514,1
val,11,data_11.csv,persistent_leak,11_97_120,24,97,120,58200,72000,1,0.9982797,1
val,11,data_11.csv,persistent_leak,11_98_121,24,98,121,58800,72600,1,0.9985098,1
val,11,data_11.csv,persistent_leak,11_99_122,24,99,122,59400,73200,1,0.9993049,1
val,11,data_11.csv,persistent_leak,11_100_123,24,100,123,60000,73800,1,0.99956506,1
val,11,data_11.csv,persistent_leak,11_101_124,24,101,124,60600,74400,1,0.99974376,1
val,11,data_11.csv,persistent_leak,11_102_125,24,102,125,61200,75000,1,0.99984396,1
val,11,data_11.csv,persistent_leak,11_103_126,24,103,126,61800,75600,1,0.9998367,1
val,11,data_11.csv,persistent_leak,11_104_127,24,104,127,62400,76200,1,0.99982566,1
val,11,data_11.csv,persistent_leak,11_105_128,24,105,128,63000,76800,1,0.9998951,1
val,11,data_11.csv,persistent_leak,11_106_129,24,106,129,63600,77400,1,0.99991834,1
val,11,data_11.csv,persistent_leak,11_107_130,24,107,130,64200,78000,1,0.999936,1
val,11,data_11.csv,persistent_leak,11_108_131,24,108,131,64800,78600,1,0.9999434,1
val,11,data_11.csv,persistent_leak,11_109_132,24,109,132,65400,79200,1,0.99994063,1
val,11,data_11.csv,persistent_leak,11_110_133,24,110,133,66000,79800,1,0.9998977,1
val,11,data_11.csv,persistent_leak,11_111_134,24,111,134,66600,80400,1,0.99989223,1
val,11,data_11.csv,persistent_leak,11_112_135,24,112,135,67200,81000,1,0.9998797,1
val,11,data_11.csv,persistent_leak,11_113_136,24,113,136,67800,81600,1,0.99981457,1
val,11,data_11.csv,persistent_leak,11_114_137,24,114,137,68400,82200,1,0.99959546,1
val,11,data_11.csv,persistent_leak,11_115_138,24,115,138,69000,82800,1,0.999498,1
val,11,data_11.csv,persistent_leak,11_116_139,24,116,139,69600,83400,1,0.9978351,1
val,11,data_11.csv,persistent_leak,11_117_140,24,117,140,70200,84000,1,0.997471,1
val,11,data_11.csv,persistent_leak,11_118_141,24,118,141,70800,84600,1,0.99517846,1
val,11,data_11.csv,persistent_leak,11_119_142,24,119,142,71400,85200,1,0.9884743,1
val,11,data_11.csv,persistent_leak,11_120_143,24,120,143,72000,85800,1,0.88879186,1
val,11,data_11.csv,persistent_leak,11_121_144,24,121,144,72600,86400,1,0.87787944,1
val,13,data_13.csv,persistent_leak,13_0_23,24,0,23,0,13800,1,0.4165011,1
val,13,data_13.csv,persistent_leak,13_1_24,24,1,24,600,14400,1,0.41702977,1
val,13,data_13.csv,persistent_leak,13_2_25,24,2,25,1200,15000,1,0.42461357,1
val,13,data_13.csv,persistent_leak,13_3_26,24,3,26,1800,15600,1,0.42657554,1
val,13,data_13.csv,persistent_leak,13_4_27,24,4,27,2400,16200,1,0.42732218,1
val,13,data_13.csv,persistent_leak,13_5_28,24,5,28,3000,16800,1,0.42787293,1
val,13,data_13.csv,persistent_leak,13_6_29,24,6,29,3600,17400,1,0.43403688,1
val,13,data_13.csv,persistent_leak,13_7_30,24,7,30,4200,18000,1,0.47653437,1
val,13,data_13.csv,persistent_leak,13_8_31,24,8,31,4800,18600,1,0.5063023,1
val,13,data_13.csv,persistent_leak,13_9_32,24,9,32,5400,19200,1,0.5063023,1
val,13,data_13.csv,persistent_leak,13_10_33,24,10,33,6000,19800,1,0.5063023,1
val,13,data_13.csv,persistent_leak,13_11_34,24,11,34,6600,20400,1,0.5063023,1
val,13,data_13.csv,persistent_leak,13_12_35,24,12,35,7200,21000,1,0.5063023,1
val,13,data_13.csv,persistent_leak,13_13_36,24,13,36,7800,21600,1,0.5063023,1
val,13,data_13.csv,persistent_leak,13_14_37,24,14,37,8400,22200,1,0.5063023,1
val,13,data_13.csv,persistent_leak,13_15_38,24,15,38,9000,22800,1,0.5063023,1
val,13,data_13.csv,persistent_leak,13_16_39,24,16,39,9600,23400,1,0.5063023,1
val,13,data_13.csv,persistent_leak,13_17_40,24,17,40,10200,24000,1,0.50296044,1
val,13,data_13.csv,persistent_leak,13_18_41,24,18,41,10800,24600,1,0.49993503,1
val,13,data_13.csv,persistent_leak,13_19_42,24,19,42,11400,25200,1,0.49579668,1
val,13,data_13.csv,persistent_leak,13_20_43,24,20,43,12000,25800,1,0.49525666,1
val,13,data_13.csv,persistent_leak,13_21_44,24,21,44,12600,26400,1,0.48272124,1
val,13,data_13.csv,persistent_leak,13_22_45,24,22,45,13200,27000,1,0.42255285,1
val,13,data_13.csv,persistent_leak,13_23_46,24,23,46,13800,27600,1,0.3786881,1
val,13,data_13.csv,persistent_leak,13_24_47,24,24,47,14400,28200,1,0.32617798,1
val,13,data_13.csv,persistent_leak,13_25_48,24,25,48,15000,28800,1,0.3110305,1
val,13,data_13.csv,persistent_leak,13_26_49,24,26,49,15600,29400,1,0.35748786,1
val,13,data_13.csv,persistent_leak,13_27_50,24,27,50,16200,30000,1,0.37120855,1
val,13,data_13.csv,persistent_leak,13_28_51,24,28,51,16800,30600,1,0.40397543,1
val,13,data_13.csv,persistent_leak,13_29_52,24,29,52,17400,31200,1,0.42031705,1
val,13,data_13.csv,persistent_leak,13_30_53,24,30,53,18000,31800,1,0.4193898,1
val,13,data_13.csv,persistent_leak,13_31_54,24,31,54,18600,32400,1,0.41965583,1
val,13,data_13.csv,persistent_leak,13_32_55,24,32,55,19200,33000,1,0.42650163,1
val,13,data_13.csv,persistent_leak,13_33_56,24,33,56,19800,33600,1,0.37463522,1
val,13,data_13.csv,persistent_leak,13_34_57,24,34,57,20400,34200,1,0.39560968,1
val,13,data_13.csv,persistent_leak,13_35_58,24,35,58,21000,34800,1,0.37311,1
val,13,data_13.csv,persistent_leak,13_36_59,24,36,59,21600,35400,1,0.35623586,1
val,13,data_13.csv,persistent_leak,13_37_60,24,37,60,22200,36000,1,0.37123936,1
val,13,data_13.csv,persistent_leak,13_38_61,24,38,61,22800,36600,1,0.36836904,1
val,13,data_13.csv,persistent_leak,13_39_62,24,39,62,23400,37200,1,0.34193444,1
val,13,data_13.csv,persistent_leak,13_40_63,24,40,63,24000,37800,1,0.34314132,1
val,13,data_13.csv,persistent_leak,13_41_64,24,41,64,24600,38400,1,0.32197586,1
val,13,data_13.csv,persistent_leak,13_42_65,24,42,65,25200,39000,1,0.32819638,1
val,13,data_13.csv,persistent_leak,13_43_66,24,43,66,25800,39600,1,0.6657449,1
val,13,data_13.csv,persistent_leak,13_44_67,24,44,67,26400,40200,1,0.758348,1
val,13,data_13.csv,persistent_leak,13_45_68,24,45,68,27000,40800,1,0.8034104,1
val,13,data_13.csv,persistent_leak,13_46_69,24,46,69,27600,41400,1,0.82432574,1
val,13,data_13.csv,persistent_leak,13_47_70,24,47,70,28200,42000,1,0.8439201,1
val,13,data_13.csv,persistent_leak,13_48_71,24,48,71,28800,42600,1,0.870175,1
val,13,data_13.csv,persistent_leak,13_49_72,24,49,72,29400,43200,1,0.8847759,1
val,13,data_13.csv,persistent_leak,13_50_73,24,50,73,30000,43800,1,0.89233446,1
val,13,data_13.csv,persistent_leak,13_51_74,24,51,74,30600,44400,1,0.88789505,1
val,13,data_13.csv,persistent_leak,13_52_75,24,52,75,31200,45000,1,0.86991423,1
val,13,data_13.csv,persistent_leak,13_53_76,24,53,76,31800,45600,1,0.85809016,1
val,13,data_13.csv,persistent_leak,13_54_77,24,54,77,32400,46200,1,0.84392273,1
val,13,data_13.csv,persistent_leak,13_55_78,24,55,78,33000,46800,1,0.7921471,1
val,13,data_13.csv,persistent_leak,13_56_79,24,56,79,33600,47400,1,0.75990677,1
val,13,data_13.csv,persistent_leak,13_57_80,24,57,80,34200,48000,1,0.7291427,1
val,13,data_13.csv,persistent_leak,13_58_81,24,58,81,34800,48600,1,0.6755638,1
val,13,data_13.csv,persistent_leak,13_59_82,24,59,82,35400,49200,1,0.67874527,1
val,13,data_13.csv,persistent_leak,13_60_83,24,60,83,36000,49800,1,0.68177027,1
val,13,data_13.csv,persistent_leak,13_61_84,24,61,84,36600,50400,1,0.6431377,1
val,13,data_13.csv,persistent_leak,13_62_85,24,62,85,37200,51000,1,0.64108145,1
val,13,data_13.csv,persistent_leak,13_63_86,24,63,86,37800,51600,1,0.6733797,1
val,13,data_13.csv,persistent_leak,13_64_87,24,64,87,38400,52200,1,0.7129936,1
val,13,data_13.csv,persistent_leak,13_65_88,24,65,88,39000,52800,1,0.7861757,1
val,13,data_13.csv,persistent_leak,13_66_89,24,66,89,39600,53400,1,0.84877837,1
val,13,data_13.csv,persistent_leak,13_67_90,24,67,90,40200,54000,1,0.85539585,1
val,13,data_13.csv,persistent_leak,13_68_91,24,68,91,40800,54600,1,0.8603265,1
val,13,data_13.csv,persistent_leak,13_69_92,24,69,92,41400,55200,1,0.87979263,1
val,13,data_13.csv,persistent_leak,13_70_93,24,70,93,42000,55800,1,0.8884307,1
val,13,data_13.csv,persistent_leak,13_71_94,24,71,94,42600,56400,1,0.90334463,1
val,13,data_13.csv,persistent_leak,13_72_95,24,72,95,43200,57000,1,0.9166554,1
val,13,data_13.csv,persistent_leak,13_73_96,24,73,96,43800,57600,1,0.91135913,1
val,13,data_13.csv,persistent_leak,13_74_97,24,74,97,44400,58200,1,0.9000819,1
val,13,data_13.csv,persistent_leak,13_75_98,24,75,98,45000,58800,1,0.8982814,1
val,13,data_13.csv,persistent_leak,13_76_99,24,76,99,45600,59400,1,0.8935785,1
val,13,data_13.csv,persistent_leak,13_77_100,24,77,100,46200,60000,1,0.8809454,1
val,13,data_13.csv,persistent_leak,13_78_101,24,78,101,46800,60600,1,0.8625645,1
val,13,data_13.csv,persistent_leak,13_79_102,24,79,102,47400,61200,1,0.86176443,1
val,13,data_13.csv,persistent_leak,13_80_103,24,80,103,48000,61800,1,0.83954316,1
val,13,data_13.csv,persistent_leak,13_81_104,24,81,104,48600,62400,1,0.81400675,1
val,13,data_13.csv,persistent_leak,13_82_105,24,82,105,49200,63000,1,0.7862006,1
val,13,data_13.csv,persistent_leak,13_83_106,24,83,106,49800,63600,1,0.7322872,1
val,13,data_13.csv,persistent_leak,13_84_107,24,84,107,50400,64200,1,0.6263484,1
val,13,data_13.csv,persistent_leak,13_85_108,24,85,108,51000,64800,1,0.6561713,1
val,13,data_13.csv,persistent_leak,13_86_109,24,86,109,51600,65400,1,0.63664734,1
val,13,data_13.csv,persistent_leak,13_87_110,24,87,110,52200,66000,1,0.59960526,1
val,13,data_13.csv,persistent_leak,13_88_111,24,88,111,52800,66600,1,0.5855961,1
val,13,data_13.csv,persistent_leak,13_89_112,24,89,112,53400,67200,1,0.55887824,1
val,13,data_13.csv,persistent_leak,13_90_113,24,90,113,54000,67800,1,0.5079971,1
val,13,data_13.csv,persistent_leak,13_91_114,24,91,114,54600,68400,1,0.52297163,1
val,13,data_13.csv,persistent_leak,13_92_115,24,92,115,55200,69000,1,0.51932055,1
val,13,data_13.csv,persistent_leak,13_93_116,24,93,116,55800,69600,1,0.5149192,1
val,13,data_13.csv,persistent_leak,13_94_117,24,94,117,56400,70200,1,0.51231074,1
val,13,data_13.csv,persistent_leak,13_95_118,24,95,118,57000,70800,1,0.50433904,1
val,13,data_13.csv,persistent_leak,13_96_119,24,96,119,57600,71400,1,0.47181594,1
val,13,data_13.csv,persistent_leak,13_97_120,24,97,120,58200,72000,1,0.3915513,1
val,13,data_13.csv,persistent_leak,13_98_121,24,98,121,58800,72600,1,0.35305306,1
val,13,data_13.csv,persistent_leak,13_99_122,24,99,122,59400,73200,1,0.31727862,1
val,13,data_13.csv,persistent_leak,13_100_123,24,100,123,60000,73800,1,0.29835087,1
val,13,data_13.csv,persistent_leak,13_101_124,24,101,124,60600,74400,1,0.26811993,1
val,13,data_13.csv,persistent_leak,13_102_125,24,102,125,61200,75000,1,0.24598713,1
val,13,data_13.csv,persistent_leak,13_103_126,24,103,126,61800,75600,1,0.13394116,1
val,13,data_13.csv,persistent_leak,13_104_127,24,104,127,62400,76200,1,0.07965721,0
val,13,data_13.csv,persistent_leak,13_105_128,24,105,128,63000,76800,1,0.08912981,0
val,13,data_13.csv,persistent_leak,13_106_129,24,106,129,63600,77400,1,0.090145424,0
val,13,data_13.csv,persistent_leak,13_107_130,24,107,130,64200,78000,1,0.13658501,1
val,13,data_13.csv,persistent_leak,13_108_131,24,108,131,64800,78600,1,0.1985653,1
val,13,data_13.csv,persistent_leak,13_109_132,24,109,132,65400,79200,1,0.17863752,1
val,13,data_13.csv,persistent_leak,13_110_133,24,110,133,66000,79800,1,0.09117716,0
val,13,data_13.csv,persistent_leak,13_111_134,24,111,134,66600,80400,1,0.11911397,1
val,13,data_13.csv,persistent_leak,13_112_135,24,112,135,67200,81000,1,0.120598696,1
val,13,data_13.csv,persistent_leak,13_113_136,24,113,136,67800,81600,1,0.22056355,1
val,13,data_13.csv,persistent_leak,13_114_137,24,114,137,68400,82200,1,0.27403802,1
val,13,data_13.csv,persistent_leak,13_115_138,24,115,138,69000,82800,1,0.22835639,1
val,13,data_13.csv,persistent_leak,13_116_139,24,116,139,69600,83400,1,0.14181939,1
val,13,data_13.csv,persistent_leak,13_117_140,24,117,140,70200,84000,1,0.13692443,1
val,13,data_13.csv,persistent_leak,13_118_141,24,118,141,70800,84600,1,0.124308765,1
val,13,data_13.csv,persistent_leak,13_119_142,24,119,142,71400,85200,1,0.16040169,1
val,13,data_13.csv,persistent_leak,13_120_143,24,120,143,72000,85800,1,0.15089592,1
val,13,data_13.csv,persistent_leak,13_121_144,24,121,144,72600,86400,1,0.13861346,1
val,14,data_14.csv,persistent_leak,14_0_23,24,0,23,0,13800,1,0.43912834,1
val,14,data_14.csv,persistent_leak,14_1_24,24,1,24,600,14400,1,0.45842114,1
val,14,data_14.csv,persistent_leak,14_2_25,24,2,25,1200,15000,1,0.46439663,1
val,14,data_14.csv,persistent_leak,14_3_26,24,3,26,1800,15600,1,0.46904725,1
val,14,data_14.csv,persistent_leak,14_4_27,24,4,27,2400,16200,1,0.4715818,1
val,14,data_14.csv,persistent_leak,14_5_28,24,5,28,3000,16800,1,0.48074314,1
val,14,data_14.csv,persistent_leak,14_6_29,24,6,29,3600,17400,1,0.48191348,1
val,14,data_14.csv,persistent_leak,14_7_30,24,7,30,4200,18000,1,0.4988436,1
val,14,data_14.csv,persistent_leak,14_8_31,24,8,31,4800,18600,1,0.5059728,1
val,14,data_14.csv,persistent_leak,14_9_32,24,9,32,5400,19200,1,0.5063023,1
val,14,data_14.csv,persistent_leak,14_10_33,24,10,33,6000,19800,1,0.5063023,1
val,14,data_14.csv,persistent_leak,14_11_34,24,11,34,6600,20400,1,0.5063023,1
val,14,data_14.csv,persistent_leak,14_12_35,24,12,35,7200,21000,1,0.5063023,1
val,14,data_14.csv,persistent_leak,14_13_36,24,13,36,7800,21600,1,0.5063023,1
val,14,data_14.csv,persistent_leak,14_14_37,24,14,37,8400,22200,1,0.5063023,1
val,14,data_14.csv,persistent_leak,14_15_38,24,15,38,9000,22800,1,0.5063023,1
val,14,data_14.csv,persistent_leak,14_16_39,24,16,39,9600,23400,1,0.5063023,1
val,14,data_14.csv,persistent_leak,14_17_40,24,17,40,10200,24000,1,0.50624055,1
val,14,data_14.csv,persistent_leak,14_18_41,24,18,41,10800,24600,1,0.50269395,1
val,14,data_14.csv,persistent_leak,14_19_42,24,19,42,11400,25200,1,0.5040713,1
val,14,data_14.csv,persistent_leak,14_20_43,24,20,43,12000,25800,1,0.5063023,1
val,14,data_14.csv,persistent_leak,14_21_44,24,21,44,12600,26400,1,0.5057194,1
val,14,data_14.csv,persistent_leak,14_22_45,24,22,45,13200,27000,1,0.49117944,1
val,14,data_14.csv,persistent_leak,14_23_46,24,23,46,13800,27600,1,0.45888808,1
val,14,data_14.csv,persistent_leak,14_24_47,24,24,47,14400,28200,1,0.43859765,1
val,14,data_14.csv,persistent_leak,14_25_48,24,25,48,15000,28800,1,0.44499534,1
val,14,data_14.csv,persistent_leak,14_26_49,24,26,49,15600,29400,1,0.49015775,1
val,14,data_14.csv,persistent_leak,14_27_50,24,27,50,16200,30000,1,0.4929037,1
val,14,data_14.csv,persistent_leak,14_28_51,24,28,51,16800,30600,1,0.48824564,1
val,14,data_14.csv,persistent_leak,14_29_52,24,29,52,17400,31200,1,0.48594707,1
val,14,data_14.csv,persistent_leak,14_30_53,24,30,53,18000,31800,1,0.48347145,1
val,14,data_14.csv,persistent_leak,14_31_54,24,31,54,18600,32400,1,0.5050919,1
val,14,data_14.csv,persistent_leak,14_32_55,24,32,55,19200,33000,1,0.5060478,1
val,14,data_14.csv,persistent_leak,14_33_56,24,33,56,19800,33600,1,0.5008663,1
val,14,data_14.csv,persistent_leak,14_34_57,24,34,57,20400,34200,1,0.50241554,1
val,14,data_14.csv,persistent_leak,14_35_58,24,35,58,21000,34800,1,0.5001742,1
val,14,data_14.csv,persistent_leak,14_36_59,24,36,59,21600,35400,1,0.48952374,1
val,14,data_14.csv,persistent_leak,14_37_60,24,37,60,22200,36000,1,0.49085352,1
val,14,data_14.csv,persistent_leak,14_38_61,24,38,61,22800,36600,1,0.46380955,1
val,14,data_14.csv,persistent_leak,14_39_62,24,39,62,23400,37200,1,0.5369576,1
val,14,data_14.csv,persistent_leak,14_40_63,24,40,63,24000,37800,1,0.5401481,1
val,14,data_14.csv,persistent_leak,14_41_64,24,41,64,24600,38400,1,0.55791914,1
val,14,data_14.csv,persistent_leak,14_42_65,24,42,65,25200,39000,1,0.5226851,1
val,14,data_14.csv,persistent_leak,14_43_66,24,43,66,25800,39600,1,0.9059793,1
val,14,data_14.csv,persistent_leak,14_44_67,24,44,67,26400,40200,1,0.94309986,1
val,14,data_14.csv,persistent_leak,14_45_68,24,45,68,27000,40800,1,0.94858336,1
val,14,data_14.csv,persistent_leak,14_46_69,24,46,69,27600,41400,1,0.9476833,1
val,14,data_14.csv,persistent_leak,14_47_70,24,47,70,28200,42000,1,0.9629664,1
val,14,data_14.csv,persistent_leak,14_48_71,24,48,71,28800,42600,1,0.9669517,1
val,14,data_14.csv,persistent_leak,14_49_72,24,49,72,29400,43200,1,0.97858834,1
val,14,data_14.csv,persistent_leak,14_50_73,24,50,73,30000,43800,1,0.98113054,1
val,14,data_14.csv,persistent_leak,14_51_74,24,51,74,30600,44400,1,0.9792236,1
val,14,data_14.csv,persistent_leak,14_52_75,24,52,75,31200,45000,1,0.9680099,1
val,14,data_14.csv,persistent_leak,14_53_76,24,53,76,31800,45600,1,0.9611041,1
val,14,data_14.csv,persistent_leak,14_54_77,24,54,77,32400,46200,1,0.9537846,1
val,14,data_14.csv,persistent_leak,14_55_78,24,55,78,33000,46800,1,0.9531288,1
val,14,data_14.csv,persistent_leak,14_56_79,24,56,79,33600,47400,1,0.941589,1
val,14,data_14.csv,persistent_leak,14_57_80,24,57,80,34200,48000,1,0.93208194,1
val,14,data_14.csv,persistent_leak,14_58_81,24,58,81,34800,48600,1,0.8985532,1
val,14,data_14.csv,persistent_leak,14_59_82,24,59,82,35400,49200,1,0.9045593,1
val,14,data_14.csv,persistent_leak,14_60_83,24,60,83,36000,49800,1,0.9134879,1
val,14,data_14.csv,persistent_leak,14_61_84,24,61,84,36600,50400,1,0.9032571,1
val,14,data_14.csv,persistent_leak,14_62_85,24,62,85,37200,51000,1,0.88659173,1
val,14,data_14.csv,persistent_leak,14_63_86,24,63,86,37800,51600,1,0.88057774,1
val,14,data_14.csv,persistent_leak,14_64_87,24,64,87,38400,52200,1,0.86955917,1
val,14,data_14.csv,persistent_leak,14_65_88,24,65,88,39000,52800,1,0.8874334,1
val,14,data_14.csv,persistent_leak,14_66_89,24,66,89,39600,53400,1,0.9042351,1
val,14,data_14.csv,persistent_leak,14_67_90,24,67,90,40200,54000,1,0.89588565,1
val,14,data_14.csv,persistent_leak,14_68_91,24,68,91,40800,54600,1,0.8959345,1
val,14,data_14.csv,persistent_leak,14_69_92,24,69,92,41400,55200,1,0.8995566,1
val,14,data_14.csv,persistent_leak,14_70_93,24,70,93,42000,55800,1,0.9021124,1
val,14,data_14.csv,persistent_leak,14_71_94,24,71,94,42600,56400,1,0.90834755,1
val,14,data_14.csv,persistent_leak,14_72_95,24,72,95,43200,57000,1,0.91671103,1
val,14,data_14.csv,persistent_leak,14_73_96,24,73,96,43800,57600,1,0.91452795,1
val,14,data_14.csv,persistent_leak,14_74_97,24,74,97,44400,58200,1,0.9169541,1
val,14,data_14.csv,persistent_leak,14_75_98,24,75,98,45000,58800,1,0.9259076,1
val,14,data_14.csv,persistent_leak,14_76_99,24,76,99,45600,59400,1,0.9302875,1
val,14,data_14.csv,persistent_leak,14_77_100,24,77,100,46200,60000,1,0.9361285,1
val,14,data_14.csv,persistent_leak,14_78_101,24,78,101,46800,60600,1,0.94204885,1
val,14,data_14.csv,persistent_leak,14_79_102,24,79,102,47400,61200,1,0.94317955,1
val,14,data_14.csv,persistent_leak,14_80_103,24,80,103,48000,61800,1,0.94103605,1
val,14,data_14.csv,persistent_leak,14_81_104,24,81,104,48600,62400,1,0.9418827,1
val,14,data_14.csv,persistent_leak,14_82_105,24,82,105,49200,63000,1,0.9406877,1
val,14,data_14.csv,persistent_leak,14_83_106,24,83,106,49800,63600,1,0.94000643,1
val,14,data_14.csv,persistent_leak,14_84_107,24,84,107,50400,64200,1,0.9381884,1
val,14,data_14.csv,persistent_leak,14_85_108,24,85,108,51000,64800,1,0.9392782,1
val,14,data_14.csv,persistent_leak,14_86_109,24,86,109,51600,65400,1,0.93194103,1
val,14,data_14.csv,persistent_leak,14_87_110,24,87,110,52200,66000,1,0.92111045,1
val,14,data_14.csv,persistent_leak,14_88_111,24,88,111,52800,66600,1,0.9157697,1
val,14,data_14.csv,persistent_leak,14_89_112,24,89,112,53400,67200,1,0.9131543,1
val,14,data_14.csv,persistent_leak,14_90_113,24,90,113,54000,67800,1,0.9043174,1
val,14,data_14.csv,persistent_leak,14_91_114,24,91,114,54600,68400,1,0.86492157,1
val,14,data_14.csv,persistent_leak,14_92_115,24,92,115,55200,69000,1,0.8560495,1
val,14,data_14.csv,persistent_leak,14_93_116,24,93,116,55800,69600,1,0.86036396,1
val,14,data_14.csv,persistent_leak,14_94_117,24,94,117,56400,70200,1,0.865729,1
val,14,data_14.csv,persistent_leak,14_95_118,24,95,118,57000,70800,1,0.84361356,1
val,14,data_14.csv,persistent_leak,14_96_119,24,96,119,57600,71400,1,0.826947,1
val,14,data_14.csv,persistent_leak,14_97_120,24,97,120,58200,72000,1,0.80929345,1
val,14,data_14.csv,persistent_leak,14_98_121,24,98,121,58800,72600,1,0.8123133,1
val,14,data_14.csv,persistent_leak,14_99_122,24,99,122,59400,73200,1,0.8499783,1
val,14,data_14.csv,persistent_leak,14_100_123,24,100,123,60000,73800,1,0.8672732,1
val,14,data_14.csv,persistent_leak,14_101_124,24,101,124,60600,74400,1,0.87624013,1
val,14,data_14.csv,persistent_leak,14_102_125,24,102,125,61200,75000,1,0.89043677,1
val,14,data_14.csv,persistent_leak,14_103_126,24,103,126,61800,75600,1,0.8896319,1
val,14,data_14.csv,persistent_leak,14_104_127,24,104,127,62400,76200,1,0.8894307,1
val,14,data_14.csv,persistent_leak,14_105_128,24,105,128,63000,76800,1,0.92264724,1
val,14,data_14.csv,persistent_leak,14_106_129,24,106,129,63600,77400,1,0.92728645,1
val,14,data_14.csv,persistent_leak,14_107_130,24,107,130,64200,78000,1,0.9512443,1
val,14,data_14.csv,persistent_leak,14_108_131,24,108,131,64800,78600,1,0.96785253,1
val,14,data_14.csv,persistent_leak,14_109_132,24,109,132,65400,79200,1,0.9614719,1
val,14,data_14.csv,persistent_leak,14_110_133,24,110,133,66000,79800,1,0.9302026,1
val,14,data_14.csv,persistent_leak,14_111_134,24,111,134,66600,80400,1,0.9365961,1
val,14,data_14.csv,persistent_leak,14_112_135,24,112,135,67200,81000,1,0.92325735,1
val,14,data_14.csv,persistent_leak,14_113_136,24,113,136,67800,81600,1,0.89892906,1
val,14,data_14.csv,persistent_leak,14_114_137,24,114,137,68400,82200,1,0.83031446,1
val,14,data_14.csv,persistent_leak,14_115_138,24,115,138,69000,82800,1,0.7848081,1
val,14,data_14.csv,persistent_leak,14_116_139,24,116,139,69600,83400,1,0.67786586,1
val,14,data_14.csv,persistent_leak,14_117_140,24,117,140,70200,84000,1,0.6075152,1
val,14,data_14.csv,persistent_leak,14_118_141,24,118,141,70800,84600,1,0.49153575,1
val,14,data_14.csv,persistent_leak,14_119_142,24,119,142,71400,85200,1,0.3889166,1
val,14,data_14.csv,persistent_leak,14_120_143,24,120,143,72000,85800,1,0.1750962,1
val,14,data_14.csv,persistent_leak,14_121_144,24,121,144,72600,86400,1,0.13693248,1
val,15,data_15.csv,persistent_leak,15_0_23,24,0,23,0,13800,1,0.28121996,1
val,15,data_15.csv,persistent_leak,15_1_24,24,1,24,600,14400,1,0.33189666,1
val,15,data_15.csv,persistent_leak,15_2_25,24,2,25,1200,15000,1,0.43654674,1
val,15,data_15.csv,persistent_leak,15_3_26,24,3,26,1800,15600,1,0.47067752,1
val,15,data_15.csv,persistent_leak,15_4_27,24,4,27,2400,16200,1,0.45824778,1
val,15,data_15.csv,persistent_leak,15_5_28,24,5,28,3000,16800,1,0.47238094,1
val,15,data_15.csv,persistent_leak,15_6_29,24,6,29,3600,17400,1,0.47982517,1
val,15,data_15.csv,persistent_leak,15_7_30,24,7,30,4200,18000,1,0.4851234,1
val,15,data_15.csv,persistent_leak,15_8_31,24,8,31,4800,18600,1,0.4913112,1
val,15,data_15.csv,persistent_leak,15_9_32,24,9,32,5400,19200,1,0.48913532,1
val,15,data_15.csv,persistent_leak,15_10_33,24,10,33,6000,19800,1,0.40543157,1
val,15,data_15.csv,persistent_leak,15_11_34,24,11,34,6600,20400,1,0.36150518,1
val,15,data_15.csv,persistent_leak,15_12_35,24,12,35,7200,21000,1,0.30129486,1
val,15,data_15.csv,persistent_leak,15_13_36,24,13,36,7800,21600,1,0.26982823,1
val,15,data_15.csv,persistent_leak,15_14_37,24,14,37,8400,22200,1,0.22779147,1
val,15,data_15.csv,persistent_leak,15_15_38,24,15,38,9000,22800,1,0.18186595,1
val,15,data_15.csv,persistent_leak,15_16_39,24,16,39,9600,23400,1,0.12077598,1
val,15,data_15.csv,persistent_leak,15_17_40,24,17,40,10200,24000,1,0.097805284,0
val,15,data_15.csv,persistent_leak,15_18_41,24,18,41,10800,24600,1,0.06919755,0
val,15,data_15.csv,persistent_leak,15_19_42,24,19,42,11400,25200,1,0.06366768,0
val,15,data_15.csv,persistent_leak,15_20_43,24,20,43,12000,25800,1,0.07426869,0
val,15,data_15.csv,persistent_leak,15_21_44,24,21,44,12600,26400,1,0.07886821,0
val,15,data_15.csv,persistent_leak,15_22_45,24,22,45,13200,27000,1,0.08096931,0
val,15,data_15.csv,persistent_leak,15_23_46,24,23,46,13800,27600,1,0.09130244,0
val,15,data_15.csv,persistent_leak,15_24_47,24,24,47,14400,28200,1,0.10157531,1
val,15,data_15.csv,persistent_leak,15_25_48,24,25,48,15000,28800,1,0.17432797,1
val,15,data_15.csv,persistent_leak,15_26_49,24,26,49,15600,29400,1,0.3354875,1
val,15,data_15.csv,persistent_leak,15_27_50,24,27,50,16200,30000,1,0.43787566,1
val,15,data_15.csv,persistent_leak,15_28_51,24,28,51,16800,30600,1,0.4789784,1
val,15,data_15.csv,persistent_leak,15_29_52,24,29,52,17400,31200,1,0.68363565,1
val,15,data_15.csv,persistent_leak,15_30_53,24,30,53,18000,31800,1,0.82823515,1
val,15,data_15.csv,persistent_leak,15_31_54,24,31,54,18600,32400,1,0.8886221,1
val,15,data_15.csv,persistent_leak,15_32_55,24,32,55,19200,33000,1,0.8754367,1
val,15,data_15.csv,persistent_leak,15_33_56,24,33,56,19800,33600,1,0.8466816,1
val,15,data_15.csv,persistent_leak,15_34_57,24,34,57,20400,34200,1,0.8099714,1
val,15,data_15.csv,persistent_leak,15_35_58,24,35,58,21000,34800,1,0.7766554,1
val,15,data_15.csv,persistent_leak,15_36_59,24,36,59,21600,35400,1,0.76619864,1
val,15,data_15.csv,persistent_leak,15_37_60,24,37,60,22200,36000,1,0.78384316,1
val,15,data_15.csv,persistent_leak,15_38_61,24,38,61,22800,36600,1,0.7702453,1
val,15,data_15.csv,persistent_leak,15_39_62,24,39,62,23400,37200,1,0.74786395,1
val,15,data_15.csv,persistent_leak,15_40_63,24,40,63,24000,37800,1,0.67606825,1
val,15,data_15.csv,persistent_leak,15_41_64,24,41,64,24600,38400,1,0.6794862,1
val,15,data_15.csv,persistent_leak,15_42_65,24,42,65,25200,39000,1,0.6914376,1
val,15,data_15.csv,persistent_leak,15_43_66,24,43,66,25800,39600,1,0.78269047,1
val,15,data_15.csv,persistent_leak,15_44_67,24,44,67,26400,40200,1,0.79776764,1
val,15,data_15.csv,persistent_leak,15_45_68,24,45,68,27000,40800,1,0.8123823,1
val,15,data_15.csv,persistent_leak,15_46_69,24,46,69,27600,41400,1,0.8031916,1
val,15,data_15.csv,persistent_leak,15_47_70,24,47,70,28200,42000,1,0.85917664,1
val,15,data_15.csv,persistent_leak,15_48_71,24,48,71,28800,42600,1,0.9058713,1
val,15,data_15.csv,persistent_leak,15_49_72,24,49,72,29400,43200,1,0.94840586,1
val,15,data_15.csv,persistent_leak,15_50_73,24,50,73,30000,43800,1,0.96385926,1
val,15,data_15.csv,persistent_leak,15_51_74,24,51,74,30600,44400,1,0.97055614,1
val,15,data_15.csv,persistent_leak,15_52_75,24,52,75,31200,45000,1,0.9754494,1
val,15,data_15.csv,persistent_leak,15_53_76,24,53,76,31800,45600,1,0.9790981,1
val,15,data_15.csv,persistent_leak,15_54_77,24,54,77,32400,46200,1,0.98223037,1
val,15,data_15.csv,persistent_leak,15_55_78,24,55,78,33000,46800,1,0.9816103,1
val,15,data_15.csv,persistent_leak,15_56_79,24,56,79,33600,47400,1,0.9834869,1
val,15,data_15.csv,persistent_leak,15_57_80,24,57,80,34200,48000,1,0.9828814,1
val,15,data_15.csv,persistent_leak,15_58_81,24,58,81,34800,48600,1,0.98061186,1
val,15,data_15.csv,persistent_leak,15_59_82,24,59,82,35400,49200,1,0.9767982,1
val,15,data_15.csv,persistent_leak,15_60_83,24,60,83,36000,49800,1,0.9734978,1
val,15,data_15.csv,persistent_leak,15_61_84,24,61,84,36600,50400,1,0.97394025,1
val,15,data_15.csv,persistent_leak,15_62_85,24,62,85,37200,51000,1,0.97209734,1
val,15,data_15.csv,persistent_leak,15_63_86,24,63,86,37800,51600,1,0.96961975,1
val,15,data_15.csv,persistent_leak,15_64_87,24,64,87,38400,52200,1,0.9596373,1
val,15,data_15.csv,persistent_leak,15_65_88,24,65,88,39000,52800,1,0.95955026,1
val,15,data_15.csv,persistent_leak,15_66_89,24,66,89,39600,53400,1,0.9621157,1
val,15,data_15.csv,persistent_leak,15_67_90,24,67,90,40200,54000,1,0.96199167,1
val,15,data_15.csv,persistent_leak,15_68_91,24,68,91,40800,54600,1,0.95734495,1
val,15,data_15.csv,persistent_leak,15_69_92,24,69,92,41400,55200,1,0.95749557,1
val,15,data_15.csv,persistent_leak,15_70_93,24,70,93,42000,55800,1,0.95691526,1
val,15,data_15.csv,persistent_leak,15_71_94,24,71,94,42600,56400,1,0.96448565,1
val,15,data_15.csv,persistent_leak,15_72_95,24,72,95,43200,57000,1,0.9710773,1
val,15,data_15.csv,persistent_leak,15_73_96,24,73,96,43800,57600,1,0.9643636,1
val,15,data_15.csv,persistent_leak,15_74_97,24,74,97,44400,58200,1,0.9626331,1
val,15,data_15.csv,persistent_leak,15_75_98,24,75,98,45000,58800,1,0.9632533,1
val,15,data_15.csv,persistent_leak,15_76_99,24,76,99,45600,59400,1,0.96434635,1
val,15,data_15.csv,persistent_leak,15_77_100,24,77,100,46200,60000,1,0.96210283,1
val,15,data_15.csv,persistent_leak,15_78_101,24,78,101,46800,60600,1,0.9619617,1
val,15,data_15.csv,persistent_leak,15_79_102,24,79,102,47400,61200,1,0.96399075,1
val,15,data_15.csv,persistent_leak,15_80_103,24,80,103,48000,61800,1,0.96445614,1
val,15,data_15.csv,persistent_leak,15_81_104,24,81,104,48600,62400,1,0.96594477,1
val,15,data_15.csv,persistent_leak,15_82_105,24,82,105,49200,63000,1,0.964646,1
val,15,data_15.csv,persistent_leak,15_83_106,24,83,106,49800,63600,1,0.96539825,1
val,15,data_15.csv,persistent_leak,15_84_107,24,84,107,50400,64200,1,0.9659669,1
val,15,data_15.csv,persistent_leak,15_85_108,24,85,108,51000,64800,1,0.96598256,1
val,15,data_15.csv,persistent_leak,15_86_109,24,86,109,51600,65400,1,0.96475285,1
val,15,data_15.csv,persistent_leak,15_87_110,24,87,110,52200,66000,1,0.96505505,1
val,15,data_15.csv,persistent_leak,15_88_111,24,88,111,52800,66600,1,0.966737,1
val,15,data_15.csv,persistent_leak,15_89_112,24,89,112,53400,67200,1,0.9704014,1
val,15,data_15.csv,persistent_leak,15_90_113,24,90,113,54000,67800,1,0.9713875,1
val,15,data_15.csv,persistent_leak,15_91_114,24,91,114,54600,68400,1,0.9781134,1
val,15,data_15.csv,persistent_leak,15_92_115,24,92,115,55200,69000,1,0.98112303,1
val,15,data_15.csv,persistent_leak,15_93_116,24,93,116,55800,69600,1,0.9807567,1
val,15,data_15.csv,persistent_leak,15_94_117,24,94,117,56400,70200,1,0.98147756,1
val,15,data_15.csv,persistent_leak,15_95_118,24,95,118,57000,70800,1,0.9809879,1
val,15,data_15.csv,persistent_leak,15_96_119,24,96,119,57600,71400,1,0.98114556,1
val,15,data_15.csv,persistent_leak,15_97_120,24,97,120,58200,72000,1,0.96391845,1
val,15,data_15.csv,persistent_leak,15_98_121,24,98,121,58800,72600,1,0.9546585,1
val,15,data_15.csv,persistent_leak,15_99_122,24,99,122,59400,73200,1,0.95342445,1
val,15,data_15.csv,persistent_leak,15_100_123,24,100,123,60000,73800,1,0.95781434,1
val,15,data_15.csv,persistent_leak,15_101_124,24,101,124,60600,74400,1,0.9529303,1
val,15,data_15.csv,persistent_leak,15_102_125,24,102,125,61200,75000,1,0.9534404,1
val,15,data_15.csv,persistent_leak,15_103_126,24,103,126,61800,75600,1,0.93637395,1
val,15,data_15.csv,persistent_leak,15_104_127,24,104,127,62400,76200,1,0.93423396,1
val,15,data_15.csv,persistent_leak,15_105_128,24,105,128,63000,76800,1,0.96077543,1
val,15,data_15.csv,persistent_leak,15_106_129,24,106,129,63600,77400,1,0.9732569,1
val,15,data_15.csv,persistent_leak,15_107_130,24,107,130,64200,78000,1,0.97953206,1
val,15,data_15.csv,persistent_leak,15_108_131,24,108,131,64800,78600,1,0.98531175,1
val,15,data_15.csv,persistent_leak,15_109_132,24,109,132,65400,79200,1,0.98623323,1
val,15,data_15.csv,persistent_leak,15_110_133,24,110,133,66000,79800,1,0.98350173,1
val,15,data_15.csv,persistent_leak,15_111_134,24,111,134,66600,80400,1,0.99305737,1
val,15,data_15.csv,persistent_leak,15_112_135,24,112,135,67200,81000,1,0.99278754,1
val,15,data_15.csv,persistent_leak,15_113_136,24,113,136,67800,81600,1,0.996197,1
val,15,data_15.csv,persistent_leak,15_114_137,24,114,137,68400,82200,1,0.9981456,1
val,15,data_15.csv,persistent_leak,15_115_138,24,115,138,69000,82800,1,0.9962703,1
val,15,data_15.csv,persistent_leak,15_116_139,24,116,139,69600,83400,1,0.97827893,1
val,15,data_15.csv,persistent_leak,15_117_140,24,117,140,70200,84000,1,0.98869354,1
val,15,data_15.csv,persistent_leak,15_118_141,24,118,141,70800,84600,1,0.9876408,1
val,15,data_15.csv,persistent_leak,15_119_142,24,119,142,71400,85200,1,0.9900152,1
val,15,data_15.csv,persistent_leak,15_120_143,24,120,143,72000,85800,1,0.9839532,1
val,15,data_15.csv,persistent_leak,15_121_144,24,121,144,72600,86400,1,0.9810253,1
val,30,data_30.csv,onset_leak,30_0_23,24,0,23,0,13800,0,0.0055423635,0
val,30,data_30.csv,onset_leak,30_1_24,24,1,24,600,14400,0,0.0056435755,0
val,30,data_30.csv,onset_leak,30_2_25,24,2,25,1200,15000,0,0.0066521913,0
val,30,data_30.csv,onset_leak,30_3_26,24,3,26,1800,15600,0,0.007181151,0
val,30,data_30.csv,onset_leak,30_4_27,24,4,27,2400,16200,0,0.0071298657,0
val,30,data_30.csv,onset_leak,30_5_28,24,5,28,3000,16800,0,0.007387546,0
val,30,data_30.csv,onset_leak,30_6_29,24,6,29,3600,17400,0,0.008290493,0
val,30,data_30.csv,onset_leak,30_7_30,24,7,30,4200,18000,0,0.011175059,0
val,30,data_30.csv,onset_leak,30_8_31,24,8,31,4800,18600,0,0.022272673,0
val,30,data_30.csv,onset_leak,30_9_32,24,9,32,5400,19200,0,0.027833145,0
val,30,data_30.csv,onset_leak,30_10_33,24,10,33,6000,19800,0,0.023994835,0
val,30,data_30.csv,onset_leak,30_11_34,24,11,34,6600,20400,0,0.023689505,0
val,30,data_30.csv,onset_leak,30_12_35,24,12,35,7200,21000,0,0.025358068,0
val,30,data_30.csv,onset_leak,30_13_36,24,13,36,7800,21600,0,0.028366998,0
val,30,data_30.csv,onset_leak,30_14_37,24,14,37,8400,22200,0,0.036887698,0
val,30,data_30.csv,onset_leak,30_15_38,24,15,38,9000,22800,0,0.030286228,0
val,30,data_30.csv,onset_leak,30_16_39,24,16,39,9600,23400,0,0.016333876,0
val,30,data_30.csv,onset_leak,30_17_40,24,17,40,10200,24000,0,0.014482671,0
val,30,data_30.csv,onset_leak,30_18_41,24,18,41,10800,24600,0,0.012542499,0
val,30,data_30.csv,onset_leak,30_19_42,24,19,42,11400,25200,0,0.009131037,0
val,30,data_30.csv,onset_leak,30_20_43,24,20,43,12000,25800,0,0.0072844657,0
val,30,data_30.csv,onset_leak,30_21_44,24,21,44,12600,26400,0,0.005874103,0
val,30,data_30.csv,onset_leak,30_22_45,24,22,45,13200,27000,0,0.0037634394,0
val,30,data_30.csv,onset_leak,30_23_46,24,23,46,13800,27600,0,0.002206199,0
val,30,data_30.csv,onset_leak,30_24_47,24,24,47,14400,28200,0,0.001706222,0
val,30,data_30.csv,onset_leak,30_25_48,24,25,48,15000,28800,0,0.0011551419,0
val,30,data_30.csv,onset_leak,30_26_49,24,26,49,15600,29400,0,0.0010394739,0
val,30,data_30.csv,onset_leak,30_27_50,24,27,50,16200,30000,0,0.0014352376,0
val,30,data_30.csv,onset_leak,30_28_51,24,28,51,16800,30600,0,0.002699114,0
val,30,data_30.csv,onset_leak,30_29_52,24,29,52,17400,31200,0,0.005245906,0
val,30,data_30.csv,onset_leak,30_30_53,24,30,53,18000,31800,0,0.016613498,0
val,30,data_30.csv,onset_leak,30_31_54,24,31,54,18600,32400,0,0.013286671,0
val,30,data_30.csv,onset_leak,30_32_55,24,32,55,19200,33000,0,0.015891798,0
val,30,data_30.csv,onset_leak,30_33_56,24,33,56,19800,33600,0,0.028090294,0
val,30,data_30.csv,onset_leak,30_34_57,24,34,57,20400,34200,0,0.059962288,0
val,30,data_30.csv,onset_leak,30_35_58,24,35,58,21000,34800,0,0.09143963,0
val,30,data_30.csv,onset_leak,30_36_59,24,36,59,21600,35400,0,0.16083045,1
val,30,data_30.csv,onset_leak,30_37_60,24,37,60,22200,36000,0,0.117390454,1
val,30,data_30.csv,onset_leak,30_38_61,24,38,61,22800,36600,0,0.1141032,1
val,30,data_30.csv,onset_leak,30_39_62,24,39,62,23400,37200,0,0.113196,1
val,30,data_30.csv,onset_leak,30_40_63,24,40,63,24000,37800,0,0.10887621,1
val,30,data_30.csv,onset_leak,30_41_64,24,41,64,24600,38400,0,0.105285905,1
val,30,data_30.csv,onset_leak,30_42_65,24,42,65,25200,39000,0,0.12743211,1
val,30,data_30.csv,onset_leak,30_43_66,24,43,66,25800,39600,0,0.12415633,1
val,30,data_30.csv,onset_leak,30_44_67,24,44,67,26400,40200,0,0.12278637,1
val,30,data_30.csv,onset_leak,30_45_68,24,45,68,27000,40800,0,0.1268873,1
val,30,data_30.csv,onset_leak,30_46_69,24,46,69,27600,41400,0,0.13308235,1
val,30,data_30.csv,onset_leak,30_47_70,24,47,70,28200,42000,0,0.14401703,1
val,30,data_30.csv,onset_leak,30_48_71,24,48,71,28800,42600,0,0.16277021,1
val,30,data_30.csv,onset_leak,30_49_72,24,49,72,29400,43200,1,0.30537573,1
val,30,data_30.csv,onset_leak,30_50_73,24,50,73,30000,43800,1,0.51458496,1
val,30,data_30.csv,onset_leak,30_51_74,24,51,74,30600,44400,1,0.62861395,1
val,30,data_30.csv,onset_leak,30_52_75,24,52,75,31200,45000,1,0.7093029,1
val,30,data_30.csv,onset_leak,30_53_76,24,53,76,31800,45600,1,0.7957066,1
val,30,data_30.csv,onset_leak,30_54_77,24,54,77,32400,46200,1,0.86209387,1
val,30,data_30.csv,onset_leak,30_55_78,24,55,78,33000,46800,1,0.85578495,1
val,30,data_30.csv,onset_leak,30_56_79,24,56,79,33600,47400,1,0.8702357,1
val,30,data_30.csv,onset_leak,30_57_80,24,57,80,34200,48000,1,0.8747278,1
val,30,data_30.csv,onset_leak,30_58_81,24,58,81,34800,48600,1,0.88569784,1
val,30,data_30.csv,onset_leak,30_59_82,24,59,82,35400,49200,1,0.8766785,1
val,30,data_30.csv,onset_leak,30_60_83,24,60,83,36000,49800,1,0.7359714,1
val,30,data_30.csv,onset_leak,30_61_84,24,61,84,36600,50400,1,0.7071657,1
val,30,data_30.csv,onset_leak,30_62_85,24,62,85,37200,51000,1,0.65268826,1
val,30,data_30.csv,onset_leak,30_63_86,24,63,86,37800,51600,1,0.46427974,1
val,30,data_30.csv,onset_leak,30_64_87,24,64,87,38400,52200,1,0.42085975,1
val,30,data_30.csv,onset_leak,30_65_88,24,65,88,39000,52800,1,0.30863574,1
val,30,data_30.csv,onset_leak,30_66_89,24,66,89,39600,53400,1,0.25760707,1
val,30,data_30.csv,onset_leak,30_67_90,24,67,90,40200,54000,1,0.20559004,1
val,30,data_30.csv,onset_leak,30_68_91,24,68,91,40800,54600,1,0.253081,1
val,30,data_30.csv,onset_leak,30_69_92,24,69,92,41400,55200,1,0.33440548,1
val,30,data_30.csv,onset_leak,30_70_93,24,70,93,42000,55800,1,0.44184017,1
val,30,data_30.csv,onset_leak,30_71_94,24,71,94,42600,56400,1,0.65846395,1
val,30,data_30.csv,onset_leak,30_72_95,24,72,95,43200,57000,1,0.8436743,1
val,30,data_30.csv,onset_leak,30_73_96,24,73,96,43800,57600,1,0.83577085,1
val,30,data_30.csv,onset_leak,30_74_97,24,74,97,44400,58200,1,0.82324535,1
val,30,data_30.csv,onset_leak,30_75_98,24,75,98,45000,58800,1,0.8174221,1
val,30,data_30.csv,onset_leak,30_76_99,24,76,99,45600,59400,1,0.81062275,1
val,30,data_30.csv,onset_leak,30_77_100,24,77,100,46200,60000,1,0.7881898,1
val,30,data_30.csv,onset_leak,30_78_101,24,78,101,46800,60600,1,0.7610795,1
val,30,data_30.csv,onset_leak,30_79_102,24,79,102,47400,61200,1,0.7704497,1
val,30,data_30.csv,onset_leak,30_80_103,24,80,103,48000,61800,1,0.7557413,1
val,30,data_30.csv,onset_leak,30_81_104,24,81,104,48600,62400,1,0.7334094,1
val,30,data_30.csv,onset_leak,30_82_105,24,82,105,49200,63000,1,0.71394914,1
val,30,data_30.csv,onset_leak,30_83_106,24,83,106,49800,63600,1,0.69308907,1
val,30,data_30.csv,onset_leak,30_84_107,24,84,107,50400,64200,1,0.665619,1
val,30,data_30.csv,onset_leak,30_85_108,24,85,108,51000,64800,1,0.68766636,1
val,30,data_30.csv,onset_leak,30_86_109,24,86,109,51600,65400,1,0.6903924,1
val,30,data_30.csv,onset_leak,30_87_110,24,87,110,52200,66000,1,0.6892357,1
val,30,data_30.csv,onset_leak,30_88_111,24,88,111,52800,66600,1,0.6958477,1
val,30,data_30.csv,onset_leak,30_89_112,24,89,112,53400,67200,1,0.71832544,1
val,30,data_30.csv,onset_leak,30_90_113,24,90,113,54000,67800,1,0.7221012,1
val,30,data_30.csv,onset_leak,30_91_114,24,91,114,54600,68400,1,0.81973964,1
val,30,data_30.csv,onset_leak,30_92_115,24,92,115,55200,69000,1,0.8663684,1
val,30,data_30.csv,onset_leak,30_93_116,24,93,116,55800,69600,1,0.8845806,1
val,30,data_30.csv,onset_leak,30_94_117,24,94,117,56400,70200,1,0.8949226,1
val,30,data_30.csv,onset_leak,30_95_118,24,95,118,57000,70800,1,0.90207565,1
val,30,data_30.csv,onset_leak,30_96_119,24,96,119,57600,71400,1,0.9098435,1
val,30,data_30.csv,onset_leak,30_97_120,24,97,120,58200,72000,1,0.91007066,1
val,30,data_30.csv,onset_leak,30_98_121,24,98,121,58800,72600,1,0.91335094,1
val,30,data_30.csv,onset_leak,30_99_122,24,99,122,59400,73200,1,0.91305053,1
val,30,data_30.csv,onset_leak,30_100_123,24,100,123,60000,73800,1,0.9053533,1
val,30,data_30.csv,onset_leak,30_101_124,24,101,124,60600,74400,1,0.90076315,1
val,30,data_30.csv,onset_leak,30_102_125,24,102,125,61200,75000,1,0.89706796,1
val,30,data_30.csv,onset_leak,30_103_126,24,103,126,61800,75600,1,0.77891815,1
val,30,data_30.csv,onset_leak,30_104_127,24,104,127,62400,76200,1,0.74679494,1
val,30,data_30.csv,onset_leak,30_105_128,24,105,128,63000,76800,1,0.7362638,1
val,30,data_30.csv,onset_leak,30_106_129,24,106,129,63600,77400,1,0.7458211,1
val,30,data_30.csv,onset_leak,30_107_130,24,107,130,64200,78000,1,0.76143223,1
val,30,data_30.csv,onset_leak,30_108_131,24,108,131,64800,78600,1,0.80876106,1
val,30,data_30.csv,onset_leak,30_109_132,24,109,132,65400,79200,1,0.7710203,1
val,30,data_30.csv,onset_leak,30_110_133,24,110,133,66000,79800,1,0.77045983,1
val,30,data_30.csv,onset_leak,30_111_134,24,111,134,66600,80400,1,0.8593188,1
val,30,data_30.csv,onset_leak,30_112_135,24,112,135,67200,81000,1,0.874145,1
val,30,data_30.csv,onset_leak,30_113_136,24,113,136,67800,81600,1,0.9361495,1
val,30,data_30.csv,onset_leak,30_114_137,24,114,137,68400,82200,1,0.9673719,1
val,30,data_30.csv,onset_leak,30_115_138,24,115,138,69000,82800,1,0.9069967,1
val,30,data_30.csv,onset_leak,30_116_139,24,116,139,69600,83400,1,0.70129925,1
val,30,data_30.csv,onset_leak,30_117_140,24,117,140,70200,84000,1,0.7967763,1
val,30,data_30.csv,onset_leak,30_118_141,24,118,141,70800,84600,1,0.7775396,1
val,30,data_30.csv,onset_leak,30_119_142,24,119,142,71400,85200,1,0.9150679,1
val,30,data_30.csv,onset_leak,30_120_143,24,120,143,72000,85800,1,0.9132457,1
val,30,data_30.csv,onset_leak,30_121_144,24,121,144,72600,86400,1,0.8700918,1
val,32,data_32.csv,persistent_leak,32_0_23,24,0,23,0,13800,1,0.36747944,1
val,32,data_32.csv,persistent_leak,32_1_24,24,1,24,600,14400,1,0.4207569,1
val,32,data_32.csv,persistent_leak,32_2_25,24,2,25,1200,15000,1,0.4781343,1
val,32,data_32.csv,persistent_leak,32_3_26,24,3,26,1800,15600,1,0.5050252,1
val,32,data_32.csv,persistent_leak,32_4_27,24,4,27,2400,16200,1,0.5063023,1
val,32,data_32.csv,persistent_leak,32_5_28,24,5,28,3000,16800,1,0.5063023,1
val,32,data_32.csv,persistent_leak,32_6_29,24,6,29,3600,17400,1,0.5063023,1
val,32,data_32.csv,persistent_leak,32_7_30,24,7,30,4200,18000,1,0.5063023,1
val,32,data_32.csv,persistent_leak,32_8_31,24,8,31,4800,18600,1,0.5063023,1
val,32,data_32.csv,persistent_leak,32_9_32,24,9,32,5400,19200,1,0.5063023,1
val,32,data_32.csv,persistent_leak,32_10_33,24,10,33,6000,19800,1,0.5063023,1
val,32,data_32.csv,persistent_leak,32_11_34,24,11,34,6600,20400,1,0.50280976,1
val,32,data_32.csv,persistent_leak,32_12_35,24,12,35,7200,21000,1,0.47560582,1
val,32,data_32.csv,persistent_leak,32_13_36,24,13,36,7800,21600,1,0.46799415,1
val,32,data_32.csv,persistent_leak,32_14_37,24,14,37,8400,22200,1,0.43271917,1
val,32,data_32.csv,persistent_leak,32_15_38,24,15,38,9000,22800,1,0.38985896,1
val,32,data_32.csv,persistent_leak,32_16_39,24,16,39,9600,23400,1,0.31530064,1
val,32,data_32.csv,persistent_leak,32_17_40,24,17,40,10200,24000,1,0.24153659,1
val,32,data_32.csv,persistent_leak,32_18_41,24,18,41,10800,24600,1,0.17068775,1
val,32,data_32.csv,persistent_leak,32_19_42,24,19,42,11400,25200,1,0.18843955,1
val,32,data_32.csv,persistent_leak,32_20_43,24,20,43,12000,25800,1,0.2844341,1
val,32,data_32.csv,persistent_leak,32_21_44,24,21,44,12600,26400,1,0.311739,1
val,32,data_32.csv,persistent_leak,32_22_45,24,22,45,13200,27000,1,0.3012684,1
val,32,data_32.csv,persistent_leak,32_23_46,24,23,46,13800,27600,1,0.33416367,1
val,32,data_32.csv,persistent_leak,32_24_47,24,24,47,14400,28200,1,0.3236059,1
val,32,data_32.csv,persistent_leak,32_25_48,24,25,48,15000,28800,1,0.3933795,1
val,32,data_32.csv,persistent_leak,32_26_49,24,26,49,15600,29400,1,0.43639886,1
val,32,data_32.csv,persistent_leak,32_27_50,24,27,50,16200,30000,1,0.5148215,1
val,32,data_32.csv,persistent_leak,32_28_51,24,28,51,16800,30600,1,0.48194647,1
val,32,data_32.csv,persistent_leak,32_29_52,24,29,52,17400,31200,1,0.6146393,1
val,32,data_32.csv,persistent_leak,32_30_53,24,30,53,18000,31800,1,0.6394698,1
val,32,data_32.csv,persistent_leak,32_31_54,24,31,54,18600,32400,1,0.84308624,1
val,32,data_32.csv,persistent_leak,32_32_55,24,32,55,19200,33000,1,0.8583949,1
val,32,data_32.csv,persistent_leak,32_33_56,24,33,56,19800,33600,1,0.8049976,1
val,32,data_32.csv,persistent_leak,32_34_57,24,34,57,20400,34200,1,0.8136893,1
val,32,data_32.csv,persistent_leak,32_35_58,24,35,58,21000,34800,1,0.78935957,1
val,32,data_32.csv,persistent_leak,32_36_59,24,36,59,21600,35400,1,0.7686689,1
val,32,data_32.csv,persistent_leak,32_37_60,24,37,60,22200,36000,1,0.8837166,1
val,32,data_32.csv,persistent_leak,32_38_61,24,38,61,22800,36600,1,0.8793951,1
val,32,data_32.csv,persistent_leak,32_39_62,24,39,62,23400,37200,1,0.8653837,1
val,32,data_32.csv,persistent_leak,32_40_63,24,40,63,24000,37800,1,0.7953694,1
val,32,data_32.csv,persistent_leak,32_41_64,24,41,64,24600,38400,1,0.7904032,1
val,32,data_32.csv,persistent_leak,32_42_65,24,42,65,25200,39000,1,0.79845285,1
val,32,data_32.csv,persistent_leak,32_43_66,24,43,66,25800,39600,1,0.908385,1
val,32,data_32.csv,persistent_leak,32_44_67,24,44,67,26400,40200,1,0.9251355,1
val,32,data_32.csv,persistent_leak,32_45_68,24,45,68,27000,40800,1,0.94108725,1
val,32,data_32.csv,persistent_leak,32_46_69,24,46,69,27600,41400,1,0.93837047,1
val,32,data_32.csv,persistent_leak,32_47_70,24,47,70,28200,42000,1,0.96012354,1
val,32,data_32.csv,persistent_leak,32_48_71,24,48,71,28800,42600,1,0.97624594,1
val,32,data_32.csv,persistent_leak,32_49_72,24,49,72,29400,43200,1,0.9841061,1
val,32,data_32.csv,persistent_leak,32_50_73,24,50,73,30000,43800,1,0.98857296,1
val,32,data_32.csv,persistent_leak,32_51_74,24,51,74,30600,44400,1,0.9903348,1
val,32,data_32.csv,persistent_leak,32_52_75,24,52,75,31200,45000,1,0.9912615,1
val,32,data_32.csv,persistent_leak,32_53_76,24,53,76,31800,45600,1,0.9915343,1
val,32,data_32.csv,persistent_leak,32_54_77,24,54,77,32400,46200,1,0.9919836,1
val,32,data_32.csv,persistent_leak,32_55_78,24,55,78,33000,46800,1,0.98555344,1
val,32,data_32.csv,persistent_leak,32_56_79,24,56,79,33600,47400,1,0.982659,1
val,32,data_32.csv,persistent_leak,32_57_80,24,57,80,34200,48000,1,0.97846884,1
val,32,data_32.csv,persistent_leak,32_58_81,24,58,81,34800,48600,1,0.97008914,1
val,32,data_32.csv,persistent_leak,32_59_82,24,59,82,35400,49200,1,0.9583061,1
val,32,data_32.csv,persistent_leak,32_60_83,24,60,83,36000,49800,1,0.9520991,1
val,32,data_32.csv,persistent_leak,32_61_84,24,61,84,36600,50400,1,0.91567934,1
val,32,data_32.csv,persistent_leak,32_62_85,24,62,85,37200,51000,1,0.8899967,1
val,32,data_32.csv,persistent_leak,32_63_86,24,63,86,37800,51600,1,0.90580016,1
val,32,data_32.csv,persistent_leak,32_64_87,24,64,87,38400,52200,1,0.93400407,1
val,32,data_32.csv,persistent_leak,32_65_88,24,65,88,39000,52800,1,0.9617399,1
val,32,data_32.csv,persistent_leak,32_66_89,24,66,89,39600,53400,1,0.97986025,1
val,32,data_32.csv,persistent_leak,32_67_90,24,67,90,40200,54000,1,0.9820769,1
val,32,data_32.csv,persistent_leak,32_68_91,24,68,91,40800,54600,1,0.98446125,1
val,32,data_32.csv,persistent_leak,32_69_92,24,69,92,41400,55200,1,0.9903819,1
val,32,data_32.csv,persistent_leak,32_70_93,24,70,93,42000,55800,1,0.9924759,1
val,32,data_32.csv,persistent_leak,32_71_94,24,71,94,42600,56400,1,0.99529725,1
val,32,data_32.csv,persistent_leak,32_72_95,24,72,95,43200,57000,1,0.99699247,1
val,32,data_32.csv,persistent_leak,32_73_96,24,73,96,43800,57600,1,0.997024,1
val,32,data_32.csv,persistent_leak,32_74_97,24,74,97,44400,58200,1,0.99614763,1
val,32,data_32.csv,persistent_leak,32_75_98,24,75,98,45000,58800,1,0.99565965,1
val,32,data_32.csv,persistent_leak,32_76_99,24,76,99,45600,59400,1,0.99505544,1
val,32,data_32.csv,persistent_leak,32_77_100,24,77,100,46200,60000,1,0.99427515,1
val,32,data_32.csv,persistent_leak,32_78_101,24,78,101,46800,60600,1,0.99233925,1
val,32,data_32.csv,persistent_leak,32_79_102,24,79,102,47400,61200,1,0.9906572,1
val,32,data_32.csv,persistent_leak,32_80_103,24,80,103,48000,61800,1,0.98504317,1
val,32,data_32.csv,persistent_leak,32_81_104,24,81,104,48600,62400,1,0.97586924,1
val,32,data_32.csv,persistent_leak,32_82_105,24,82,105,49200,63000,1,0.9663135,1
val,32,data_32.csv,persistent_leak,32_83_106,24,83,106,49800,63600,1,0.93539286,1
val,32,data_32.csv,persistent_leak,32_84_107,24,84,107,50400,64200,1,0.8613215,1
val,32,data_32.csv,persistent_leak,32_85_108,24,85,108,51000,64800,1,0.8662427,1
val,32,data_32.csv,persistent_leak,32_86_109,24,86,109,51600,65400,1,0.84839535,1
val,32,data_32.csv,persistent_leak,32_87_110,24,87,110,52200,66000,1,0.78562903,1
val,32,data_32.csv,persistent_leak,32_88_111,24,88,111,52800,66600,1,0.770349,1
val,32,data_32.csv,persistent_leak,32_89_112,24,89,112,53400,67200,1,0.70919883,1
val,32,data_32.csv,persistent_leak,32_90_113,24,90,113,54000,67800,1,0.66713196,1
val,32,data_32.csv,persistent_leak,32_91_114,24,91,114,54600,68400,1,0.68325233,1
val,32,data_32.csv,persistent_leak,32_92_115,24,92,115,55200,69000,1,0.6882709,1
val,32,data_32.csv,persistent_leak,32_93_116,24,93,116,55800,69600,1,0.7041298,1
val,32,data_32.csv,persistent_leak,32_94_117,24,94,117,56400,70200,1,0.72359127,1
val,32,data_32.csv,persistent_leak,32_95_118,24,95,118,57000,70800,1,0.7234043,1
val,32,data_32.csv,persistent_leak,32_96_119,24,96,119,57600,71400,1,0.7150001,1
val,32,data_32.csv,persistent_leak,32_97_120,24,97,120,58200,72000,1,0.65770173,1
val,32,data_32.csv,persistent_leak,32_98_121,24,98,121,58800,72600,1,0.64900434,1
val,32,data_32.csv,persistent_leak,32_99_122,24,99,122,59400,73200,1,0.61790967,1
val,32,data_32.csv,persistent_leak,32_100_123,24,100,123,60000,73800,1,0.58874595,1
val,32,data_32.csv,persistent_leak,32_101_124,24,101,124,60600,74400,1,0.57522315,1
val,32,data_32.csv,persistent_leak,32_102_125,24,102,125,61200,75000,1,0.572473,1
val,32,data_32.csv,persistent_leak,32_103_126,24,103,126,61800,75600,1,0.63538855,1
val,32,data_32.csv,persistent_leak,32_104_127,24,104,127,62400,76200,1,0.6397544,1
val,32,data_32.csv,persistent_leak,32_105_128,24,105,128,63000,76800,1,0.636137,1
val,32,data_32.csv,persistent_leak,32_106_129,24,106,129,63600,77400,1,0.6196999,1
val,32,data_32.csv,persistent_leak,32_107_130,24,107,130,64200,78000,1,0.67957866,1
val,32,data_32.csv,persistent_leak,32_108_131,24,108,131,64800,78600,1,0.74687064,1
val,32,data_32.csv,persistent_leak,32_109_132,24,109,132,65400,79200,1,0.6787375,1
val,32,data_32.csv,persistent_leak,32_110_133,24,110,133,66000,79800,1,0.684428,1
val,32,data_32.csv,persistent_leak,32_111_134,24,111,134,66600,80400,1,0.7194654,1
val,32,data_32.csv,persistent_leak,32_112_135,24,112,135,67200,81000,1,0.7543629,1
val,32,data_32.csv,persistent_leak,32_113_136,24,113,136,67800,81600,1,0.7621672,1
val,32,data_32.csv,persistent_leak,32_114_137,24,114,137,68400,82200,1,0.7790943,1
val,32,data_32.csv,persistent_leak,32_115_138,24,115,138,69000,82800,1,0.73541147,1
val,32,data_32.csv,persistent_leak,32_116_139,24,116,139,69600,83400,1,0.6724803,1
val,32,data_32.csv,persistent_leak,32_117_140,24,117,140,70200,84000,1,0.6419755,1
val,32,data_32.csv,persistent_leak,32_118_141,24,118,141,70800,84600,1,0.52707326,1
val,32,data_32.csv,persistent_leak,32_119_142,24,119,142,71400,85200,1,0.44681334,1
val,32,data_32.csv,persistent_leak,32_120_143,24,120,143,72000,85800,1,0.21534713,1
val,32,data_32.csv,persistent_leak,32_121_144,24,121,144,72600,86400,1,0.16656762,1
val,37,data_37.csv,onset_leak,37_0_23,24,0,23,0,13800,0,0.02560715,0
val,37,data_37.csv,onset_leak,37_1_24,24,1,24,600,14400,0,0.027824514,0
val,37,data_37.csv,onset_leak,37_2_25,24,2,25,1200,15000,0,0.02736936,0
val,37,data_37.csv,onset_leak,37_3_26,24,3,26,1800,15600,0,0.0236369,0
val,37,data_37.csv,onset_leak,37_4_27,24,4,27,2400,16200,0,0.02069862,0
val,37,data_37.csv,onset_leak,37_5_28,24,5,28,3000,16800,0,0.016839111,0
val,37,data_37.csv,onset_leak,37_6_29,24,6,29,3600,17400,0,0.011766465,0
val,37,data_37.csv,onset_leak,37_7_30,24,7,30,4200,18000,0,0.012861434,0
val,37,data_37.csv,onset_leak,37_8_31,24,8,31,4800,18600,0,0.013901693,0
val,37,data_37.csv,onset_leak,37_9_32,24,9,32,5400,19200,0,0.012840765,0
val,37,data_37.csv,onset_leak,37_10_33,24,10,33,6000,19800,0,0.01110548,0
val,37,data_37.csv,onset_leak,37_11_34,24,11,34,6600,20400,0,0.009406945,0
val,37,data_37.csv,onset_leak,37_12_35,24,12,35,7200,21000,0,0.0073757614,0
val,37,data_37.csv,onset_leak,37_13_36,24,13,36,7800,21600,0,0.007896085,0
val,37,data_37.csv,onset_leak,37_14_37,24,14,37,8400,22200,0,0.00940165,0
val,37,data_37.csv,onset_leak,37_15_38,24,15,38,9000,22800,0,0.009066237,0
val,37,data_37.csv,onset_leak,37_16_39,24,16,39,9600,23400,0,0.0077542895,0
val,37,data_37.csv,onset_leak,37_17_40,24,17,40,10200,24000,0,0.0068697645,0
val,37,data_37.csv,onset_leak,37_18_41,24,18,41,10800,24600,0,0.006018576,0
val,37,data_37.csv,onset_leak,37_19_42,24,19,42,11400,25200,0,0.006093812,0
val,37,data_37.csv,onset_leak,37_20_43,24,20,43,12000,25800,0,0.00717324,0
val,37,data_37.csv,onset_leak,37_21_44,24,21,44,12600,26400,0,0.0067926976,0
val,37,data_37.csv,onset_leak,37_22_45,24,22,45,13200,27000,0,0.005719206,0
val,37,data_37.csv,onset_leak,37_23_46,24,23,46,13800,27600,0,0.004885721,0
val,37,data_37.csv,onset_leak,37_24_47,24,24,47,14400,28200,0,0.00438717,0
val,37,data_37.csv,onset_leak,37_25_48,24,25,48,15000,28800,0,0.004493964,0
val,37,data_37.csv,onset_leak,37_26_49,24,26,49,15600,29400,0,0.0054734964,0
val,37,data_37.csv,onset_leak,37_27_50,24,27,50,16200,30000,0,0.0056727747,0
val,37,data_37.csv,onset_leak,37_28_51,24,28,51,16800,30600,0,0.0052788495,0
val,37,data_37.csv,onset_leak,37_29_52,24,29,52,17400,31200,0,0.005072273,0
val,37,data_37.csv,onset_leak,37_30_53,24,30,53,18000,31800,0,0.0054680193,0
val,37,data_37.csv,onset_leak,37_31_54,24,31,54,18600,32400,0,0.007030119,0
val,37,data_37.csv,onset_leak,37_32_55,24,32,55,19200,33000,0,0.013231597,0
val,37,data_37.csv,onset_leak,37_33_56,24,33,56,19800,33600,0,0.016806735,0
val,37,data_37.csv,onset_leak,37_34_57,24,34,57,20400,34200,0,0.015172068,0
val,37,data_37.csv,onset_leak,37_35_58,24,35,58,21000,34800,0,0.01576777,0
val,37,data_37.csv,onset_leak,37_36_59,24,36,59,21600,35400,0,0.018990133,0
val,37,data_37.csv,onset_leak,37_37_60,24,37,60,22200,36000,0,0.020768665,0
val,37,data_37.csv,onset_leak,37_38_61,24,38,61,22800,36600,0,0.030781768,0
val,37,data_37.csv,onset_leak,37_39_62,24,39,62,23400,37200,0,0.028390212,0
val,37,data_37.csv,onset_leak,37_40_63,24,40,63,24000,37800,0,0.015802912,0
val,37,data_37.csv,onset_leak,37_41_64,24,41,64,24600,38400,0,0.015534334,0
val,37,data_37.csv,onset_leak,37_42_65,24,42,65,25200,39000,0,0.016401278,0
val,37,data_37.csv,onset_leak,37_43_66,24,43,66,25800,39600,0,0.013617498,0
val,37,data_37.csv,onset_leak,37_44_67,24,44,67,26400,40200,0,0.008956915,0
val,37,data_37.csv,onset_leak,37_45_68,24,45,68,27000,40800,0,0.007049639,0
val,37,data_37.csv,onset_leak,37_46_69,24,46,69,27600,41400,0,0.004569418,0
val,37,data_37.csv,onset_leak,37_47_70,24,47,70,28200,42000,0,0.0039061257,0
val,37,data_37.csv,onset_leak,37_48_71,24,48,71,28800,42600,0,0.003610834,0
val,37,data_37.csv,onset_leak,37_49_72,24,49,72,29400,43200,1,0.06251108,0
val,37,data_37.csv,onset_leak,37_50_73,24,50,73,30000,43800,1,0.43679413,1
val,37,data_37.csv,onset_leak,37_51_74,24,51,74,30600,44400,1,0.7034723,1
val,37,data_37.csv,onset_leak,37_52_75,24,52,75,31200,45000,1,0.6924299,1
val,37,data_37.csv,onset_leak,37_53_76,24,53,76,31800,45600,1,0.8867734,1
val,37,data_37.csv,onset_leak,37_54_77,24,54,77,32400,46200,1,0.97319746,1
val,37,data_37.csv,onset_leak,37_55_78,24,55,78,33000,46800,1,0.993519,1
val,37,data_37.csv,onset_leak,37_56_79,24,56,79,33600,47400,1,0.99413127,1
val,37,data_37.csv,onset_leak,37_57_80,24,57,80,34200,48000,1,0.99349713,1
val,37,data_37.csv,onset_leak,37_58_81,24,58,81,34800,48600,1,0.9911233,1
val,37,data_37.csv,onset_leak,37_59_82,24,59,82,35400,49200,1,0.9968656,1
val,37,data_37.csv,onset_leak,37_60_83,24,60,83,36000,49800,1,0.9977731,1
val,37,data_37.csv,onset_leak,37_61_84,24,61,84,36600,50400,1,0.9985025,1
val,37,data_37.csv,onset_leak,37_62_85,24,62,85,37200,51000,1,0.99850476,1
val,37,data_37.csv,onset_leak,37_63_86,24,63,86,37800,51600,1,0.99825066,1
val,37,data_37.csv,onset_leak,37_64_87,24,64,87,38400,52200,1,0.99622643,1
val,37,data_37.csv,onset_leak,37_65_88,24,65,88,39000,52800,1,0.9945293,1
val,37,data_37.csv,onset_leak,37_66_89,24,66,89,39600,53400,1,0.9928053,1
val,37,data_37.csv,onset_leak,37_67_90,24,67,90,40200,54000,1,0.9887078,1
val,37,data_37.csv,onset_leak,37_68_91,24,68,91,40800,54600,1,0.9808179,1
val,37,data_37.csv,onset_leak,37_69_92,24,69,92,41400,55200,1,0.974898,1
val,37,data_37.csv,onset_leak,37_70_93,24,70,93,42000,55800,1,0.9650231,1
val,37,data_37.csv,onset_leak,37_71_94,24,71,94,42600,56400,1,0.9738563,1
val,37,data_37.csv,onset_leak,37_72_95,24,72,95,43200,57000,1,0.98102576,1
val,37,data_37.csv,onset_leak,37_73_96,24,73,96,43800,57600,1,0.9748248,1
val,37,data_37.csv,onset_leak,37_74_97,24,74,97,44400,58200,1,0.97208065,1
val,37,data_37.csv,onset_leak,37_75_98,24,75,98,45000,58800,1,0.9730459,1
val,37,data_37.csv,onset_leak,37_76_99,24,76,99,45600,59400,1,0.9745087,1
val,37,data_37.csv,onset_leak,37_77_100,24,77,100,46200,60000,1,0.9781399,1
val,37,data_37.csv,onset_leak,37_78_101,24,78,101,46800,60600,1,0.98220086,1
val,37,data_37.csv,onset_leak,37_79_102,24,79,102,47400,61200,1,0.98249876,1
val,37,data_37.csv,onset_leak,37_80_103,24,80,103,48000,61800,1,0.98299,1
val,37,data_37.csv,onset_leak,37_81_104,24,81,104,48600,62400,1,0.9854322,1
val,37,data_37.csv,onset_leak,37_82_105,24,82,105,49200,63000,1,0.986355,1
val,37,data_37.csv,onset_leak,37_83_106,24,83,106,49800,63600,1,0.9882569,1
val,37,data_37.csv,onset_leak,37_84_107,24,84,107,50400,64200,1,0.98966855,1
val,37,data_37.csv,onset_leak,37_85_108,24,85,108,51000,64800,1,0.98940593,1
val,37,data_37.csv,onset_leak,37_86_109,24,86,109,51600,65400,1,0.9883123,1
val,37,data_37.csv,onset_leak,37_87_110,24,87,110,52200,66000,1,0.98809063,1
val,37,data_37.csv,onset_leak,37_88_111,24,88,111,52800,66600,1,0.9876208,1
val,37,data_37.csv,onset_leak,37_89_112,24,89,112,53400,67200,1,0.98658085,1
val,37,data_37.csv,onset_leak,37_90_113,24,90,113,54000,67800,1,0.98473674,1
val,37,data_37.csv,onset_leak,37_91_114,24,91,114,54600,68400,1,0.9808654,1
val,37,data_37.csv,onset_leak,37_92_115,24,92,115,55200,69000,1,0.9790663,1
val,37,data_37.csv,onset_leak,37_93_116,24,93,116,55800,69600,1,0.98134357,1
val,37,data_37.csv,onset_leak,37_94_117,24,94,117,56400,70200,1,0.98237073,1
val,37,data_37.csv,onset_leak,37_95_118,24,95,118,57000,70800,1,0.97873574,1
val,37,data_37.csv,onset_leak,37_96_119,24,96,119,57600,71400,1,0.9748488,1
val,37,data_37.csv,onset_leak,37_97_120,24,97,120,58200,72000,1,0.9726327,1
val,37,data_37.csv,onset_leak,37_98_121,24,98,121,58800,72600,1,0.9721367,1
val,37,data_37.csv,onset_leak,37_99_122,24,99,122,59400,73200,1,0.9791499,1
val,37,data_37.csv,onset_leak,37_100_123,24,100,123,60000,73800,1,0.98146975,1
val,37,data_37.csv,onset_leak,37_101_124,24,101,124,60600,74400,1,0.9818248,1
val,37,data_37.csv,onset_leak,37_102_125,24,102,125,61200,75000,1,0.982672,1
val,37,data_37.csv,onset_leak,37_103_126,24,103,126,61800,75600,1,0.9822801,1
val,37,data_37.csv,onset_leak,37_104_127,24,104,127,62400,76200,1,0.9796,1
val,37,data_37.csv,onset_leak,37_105_128,24,105,128,63000,76800,1,0.9847195,1
val,37,data_37.csv,onset_leak,37_106_129,24,106,129,63600,77400,1,0.984938,1
val,37,data_37.csv,onset_leak,37_107_130,24,107,130,64200,78000,1,0.9871617,1
val,37,data_37.csv,onset_leak,37_108_131,24,108,131,64800,78600,1,0.98850805,1
val,37,data_37.csv,onset_leak,37_109_132,24,109,132,65400,79200,1,0.98468417,1
val,37,data_37.csv,onset_leak,37_110_133,24,110,133,66000,79800,1,0.96628654,1
val,37,data_37.csv,onset_leak,37_111_134,24,111,134,66600,80400,1,0.9661999,1
val,37,data_37.csv,onset_leak,37_112_135,24,112,135,67200,81000,1,0.9519385,1
val,37,data_37.csv,onset_leak,37_113_136,24,113,136,67800,81600,1,0.9322166,1
val,37,data_37.csv,onset_leak,37_114_137,24,114,137,68400,82200,1,0.819593,1
val,37,data_37.csv,onset_leak,37_115_138,24,115,138,69000,82800,1,0.78663546,1
val,37,data_37.csv,onset_leak,37_116_139,24,116,139,69600,83400,1,0.6684472,1
val,37,data_37.csv,onset_leak,37_117_140,24,117,140,70200,84000,1,0.5717994,1
val,37,data_37.csv,onset_leak,37_118_141,24,118,141,70800,84600,1,0.42623386,1
val,37,data_37.csv,onset_leak,37_119_142,24,119,142,71400,85200,1,0.3007489,1
val,37,data_37.csv,onset_leak,37_120_143,24,120,143,72000,85800,1,0.10739406,1
val,37,data_37.csv,onset_leak,37_121_144,24,121,144,72600,86400,1,0.07403921,0
val,40,data_40.csv,onset_leak,40_0_23,24,0,23,0,13800,0,0.009700365,0
val,40,data_40.csv,onset_leak,40_1_24,24,1,24,600,14400,0,0.009856411,0
val,40,data_40.csv,onset_leak,40_2_25,24,2,25,1200,15000,0,0.010487077,0
val,40,data_40.csv,onset_leak,40_3_26,24,3,26,1800,15600,0,0.010450686,0
val,40,data_40.csv,onset_leak,40_4_27,24,4,27,2400,16200,0,0.010026551,0
val,40,data_40.csv,onset_leak,40_5_28,24,5,28,3000,16800,0,0.009744429,0
val,40,data_40.csv,onset_leak,40_6_29,24,6,29,3600,17400,0,0.009528213,0
val,40,data_40.csv,onset_leak,40_7_30,24,7,30,4200,18000,0,0.009892411,0
val,40,data_40.csv,onset_leak,40_8_31,24,8,31,4800,18600,0,0.0112714125,0
val,40,data_40.csv,onset_leak,40_9_32,24,9,32,5400,19200,0,0.011582842,0
val,40,data_40.csv,onset_leak,40_10_33,24,10,33,6000,19800,0,0.011074134,0
val,40,data_40.csv,onset_leak,40_11_34,24,11,34,6600,20400,0,0.010961113,0
val,40,data_40.csv,onset_leak,40_12_35,24,12,35,7200,21000,0,0.011074276,0
val,40,data_40.csv,onset_leak,40_13_36,24,13,36,7800,21600,0,0.011081432,0
val,40,data_40.csv,onset_leak,40_14_37,24,14,37,8400,22200,0,0.012487465,0
val,40,data_40.csv,onset_leak,40_15_38,24,15,38,9000,22800,0,0.01261059,0
val,40,data_40.csv,onset_leak,40_16_39,24,16,39,9600,23400,0,0.0119242435,0
val,40,data_40.csv,onset_leak,40_17_40,24,17,40,10200,24000,0,0.011809287,0
val,40,data_40.csv,onset_leak,40_18_41,24,18,41,10800,24600,0,0.012276015,0
val,40,data_40.csv,onset_leak,40_19_42,24,19,42,11400,25200,0,0.012206195,0
val,40,data_40.csv,onset_leak,40_20_43,24,20,43,12000,25800,0,0.013842073,0
val,40,data_40.csv,onset_leak,40_21_44,24,21,44,12600,26400,0,0.0143855,0
val,40,data_40.csv,onset_leak,40_22_45,24,22,45,13200,27000,0,0.013927385,0
val,40,data_40.csv,onset_leak,40_23_46,24,23,46,13800,27600,0,0.01367918,0
val,40,data_40.csv,onset_leak,40_24_47,24,24,47,14400,28200,0,0.014454195,0
val,40,data_40.csv,onset_leak,40_25_48,24,25,48,15000,28800,0,0.015211777,0
val,40,data_40.csv,onset_leak,40_26_49,24,26,49,15600,29400,0,0.018987885,0
val,40,data_40.csv,onset_leak,40_27_50,24,27,50,16200,30000,0,0.021148957,0
val,40,data_40.csv,onset_leak,40_28_51,24,28,51,16800,30600,0,0.021131791,0
val,40,data_40.csv,onset_leak,40_29_52,24,29,52,17400,31200,0,0.022595897,0
val,40,data_40.csv,onset_leak,40_30_53,24,30,53,18000,31800,0,0.026881715,0
val,40,data_40.csv,onset_leak,40_31_54,24,31,54,18600,32400,0,0.034779523,0
val,40,data_40.csv,onset_leak,40_32_55,24,32,55,19200,33000,0,0.061729178,0
val,40,data_40.csv,onset_leak,40_33_56,24,33,56,19800,33600,0,0.073173776,0
val,40,data_40.csv,onset_leak,40_34_57,24,34,57,20400,34200,0,0.063570306,0
val,40,data_40.csv,onset_leak,40_35_58,24,35,58,21000,34800,0,0.06216159,0
val,40,data_40.csv,onset_leak,40_36_59,24,36,59,21600,35400,0,0.068536915,0
val,40,data_40.csv,onset_leak,40_37_60,24,37,60,22200,36000,0,0.07972616,0
val,40,data_40.csv,onset_leak,40_38_61,24,38,61,22800,36600,0,0.100300424,1
val,40,data_40.csv,onset_leak,40_39_62,24,39,62,23400,37200,0,0.086905345,0
val,40,data_40.csv,onset_leak,40_40_63,24,40,63,24000,37800,0,0.04501713,0
val,40,data_40.csv,onset_leak,40_41_64,24,41,64,24600,38400,0,0.03856366,0
val,40,data_40.csv,onset_leak,40_42_65,24,42,65,25200,39000,0,0.033388525,0
val,40,data_40.csv,onset_leak,40_43_66,24,43,66,25800,39600,0,0.026706077,0
val,40,data_40.csv,onset_leak,40_44_67,24,44,67,26400,40200,0,0.016340557,0
val,40,data_40.csv,onset_leak,40_45_68,24,45,68,27000,40800,0,0.012813895,0
val,40,data_40.csv,onset_leak,40_46_69,24,46,69,27600,41400,0,0.0074724215,0
val,40,data_40.csv,onset_leak,40_47_70,24,47,70,28200,42000,0,0.0063561364,0
val,40,data_40.csv,onset_leak,40_48_71,24,48,71,28800,42600,0,0.006268129,0
val,40,data_40.csv,onset_leak,40_49_72,24,49,72,29400,43200,1,0.1394305,1
val,40,data_40.csv,onset_leak,40_50_73,24,50,73,30000,43800,1,0.5978266,1
val,40,data_40.csv,onset_leak,40_51_74,24,51,74,30600,44400,1,0.79069215,1
val,40,data_40.csv,onset_leak,40_52_75,24,52,75,31200,45000,1,0.784194,1
val,40,data_40.csv,onset_leak,40_53_76,24,53,76,31800,45600,1,0.92564464,1
val,40,data_40.csv,onset_leak,40_54_77,24,54,77,32400,46200,1,0.9785454,1
val,40,data_40.csv,onset_leak,40_55_78,24,55,78,33000,46800,1,0.98960286,1
val,40,data_40.csv,onset_leak,40_56_79,24,56,79,33600,47400,1,0.9867498,1
val,40,data_40.csv,onset_leak,40_57_80,24,57,80,34200,48000,1,0.987063,1
val,40,data_40.csv,onset_leak,40_58_81,24,58,81,34800,48600,1,0.9828016,1
val,40,data_40.csv,onset_leak,40_59_82,24,59,82,35400,49200,1,0.9915297,1
val,40,data_40.csv,onset_leak,40_60_83,24,60,83,36000,49800,1,0.99287134,1
val,40,data_40.csv,onset_leak,40_61_84,24,61,84,36600,50400,1,0.9920792,1
val,40,data_40.csv,onset_leak,40_62_85,24,62,85,37200,51000,1,0.9901646,1
val,40,data_40.csv,onset_leak,40_63_86,24,63,86,37800,51600,1,0.98486936,1
val,40,data_40.csv,onset_leak,40_64_87,24,64,87,38400,52200,1,0.965551,1
val,40,data_40.csv,onset_leak,40_65_88,24,65,88,39000,52800,1,0.9532858,1
val,40,data_40.csv,onset_leak,40_66_89,24,66,89,39600,53400,1,0.9463983,1
val,40,data_40.csv,onset_leak,40_67_90,24,67,90,40200,54000,1,0.9423091,1
val,40,data_40.csv,onset_leak,40_68_91,24,68,91,40800,54600,1,0.92282677,1
val,40,data_40.csv,onset_leak,40_69_92,24,69,92,41400,55200,1,0.9042008,1
val,40,data_40.csv,onset_leak,40_70_93,24,70,93,42000,55800,1,0.89267284,1
val,40,data_40.csv,onset_leak,40_71_94,24,71,94,42600,56400,1,0.93924135,1
val,40,data_40.csv,onset_leak,40_72_95,24,72,95,43200,57000,1,0.9618826,1
val,40,data_40.csv,onset_leak,40_73_96,24,73,96,43800,57600,1,0.9619465,1
val,40,data_40.csv,onset_leak,40_74_97,24,74,97,44400,58200,1,0.96116984,1
val,40,data_40.csv,onset_leak,40_75_98,24,75,98,45000,58800,1,0.9609233,1
val,40,data_40.csv,onset_leak,40_76_99,24,76,99,45600,59400,1,0.9607601,1
val,40,data_40.csv,onset_leak,40_77_100,24,77,100,46200,60000,1,0.9617893,1
val,40,data_40.csv,onset_leak,40_78_101,24,78,101,46800,60600,1,0.9616558,1
val,40,data_40.csv,onset_leak,40_79_102,24,79,102,47400,61200,1,0.9600708,1
val,40,data_40.csv,onset_leak,40_80_103,24,80,103,48000,61800,1,0.95886266,1
val,40,data_40.csv,onset_leak,40_81_104,24,81,104,48600,62400,1,0.9567417,1
val,40,data_40.csv,onset_leak,40_82_105,24,82,105,49200,63000,1,0.95639,1
val,40,data_40.csv,onset_leak,40_83_106,24,83,106,49800,63600,1,0.9515134,1
val,40,data_40.csv,onset_leak,40_84_107,24,84,107,50400,64200,1,0.9475702,1
val,40,data_40.csv,onset_leak,40_85_108,24,85,108,51000,64800,1,0.94574684,1
val,40,data_40.csv,onset_leak,40_86_109,24,86,109,51600,65400,1,0.9450152,1
val,40,data_40.csv,onset_leak,40_87_110,24,87,110,52200,66000,1,0.9444443,1
val,40,data_40.csv,onset_leak,40_88_111,24,88,111,52800,66600,1,0.94383824,1
val,40,data_40.csv,onset_leak,40_89_112,24,89,112,53400,67200,1,0.9417956,1
val,40,data_40.csv,onset_leak,40_90_113,24,90,113,54000,67800,1,0.94106424,1
val,40,data_40.csv,onset_leak,40_91_114,24,91,114,54600,68400,1,0.9319982,1
val,40,data_40.csv,onset_leak,40_92_115,24,92,115,55200,69000,1,0.93198925,1
val,40,data_40.csv,onset_leak,40_93_116,24,93,116,55800,69600,1,0.94614255,1
val,40,data_40.csv,onset_leak,40_94_117,24,94,117,56400,70200,1,0.9555204,1
val,40,data_40.csv,onset_leak,40_95_118,24,95,118,57000,70800,1,0.9600593,1
val,40,data_40.csv,onset_leak,40_96_119,24,96,119,57600,71400,1,0.9645779,1
val,40,data_40.csv,onset_leak,40_97_120,24,97,120,58200,72000,1,0.96282786,1
val,40,data_40.csv,onset_leak,40_98_121,24,98,121,58800,72600,1,0.96485704,1
val,40,data_40.csv,onset_leak,40_99_122,24,99,122,59400,73200,1,0.9765613,1
val,40,data_40.csv,onset_leak,40_100_123,24,100,123,60000,73800,1,0.98109376,1
val,40,data_40.csv,onset_leak,40_101_124,24,101,124,60600,74400,1,0.984055,1
val,40,data_40.csv,onset_leak,40_102_125,24,102,125,61200,75000,1,0.9864616,1
val,40,data_40.csv,onset_leak,40_103_126,24,103,126,61800,75600,1,0.98587275,1
val,40,data_40.csv,onset_leak,40_104_127,24,104,127,62400,76200,1,0.9808686,1
val,40,data_40.csv,onset_leak,40_105_128,24,105,128,63000,76800,1,0.98728675,1
val,40,data_40.csv,onset_leak,40_106_129,24,106,129,63600,77400,1,0.9862808,1
val,40,data_40.csv,onset_leak,40_107_130,24,107,130,64200,78000,1,0.9885865,1
val,40,data_40.csv,onset_leak,40_108_131,24,108,131,64800,78600,1,0.99005437,1
val,40,data_40.csv,onset_leak,40_109_132,24,109,132,65400,79200,1,0.98617935,1
val,40,data_40.csv,onset_leak,40_110_133,24,110,133,66000,79800,1,0.9638267,1
val,40,data_40.csv,onset_leak,40_111_134,24,111,134,66600,80400,1,0.9649334,1
val,40,data_40.csv,onset_leak,40_112_135,24,112,135,67200,81000,1,0.951856,1
val,40,data_40.csv,onset_leak,40_113_136,24,113,136,67800,81600,1,0.9359108,1
val,40,data_40.csv,onset_leak,40_114_137,24,114,137,68400,82200,1,0.8143274,1
val,40,data_40.csv,onset_leak,40_115_138,24,115,138,69000,82800,1,0.7966697,1
val,40,data_40.csv,onset_leak,40_116_139,24,116,139,69600,83400,1,0.67238986,1
val,40,data_40.csv,onset_leak,40_117_140,24,117,140,70200,84000,1,0.5661594,1
val,40,data_40.csv,onset_leak,40_118_141,24,118,141,70800,84600,1,0.40681845,1
val,40,data_40.csv,onset_leak,40_119_142,24,119,142,71400,85200,1,0.2514176,1
val,40,data_40.csv,onset_leak,40_120_143,24,120,143,72000,85800,1,0.11890062,1
val,40,data_40.csv,onset_leak,40_121_144,24,121,144,72600,86400,1,0.09231602,0
val,49,data_49.csv,onset_leak,49_0_23,24,0,23,0,13800,0,0.012972352,0
val,49,data_49.csv,onset_leak,49_1_24,24,1,24,600,14400,0,0.013417255,0
val,49,data_49.csv,onset_leak,49_2_25,24,2,25,1200,15000,0,0.013735529,0
val,49,data_49.csv,onset_leak,49_3_26,24,3,26,1800,15600,0,0.013318485,0
val,49,data_49.csv,onset_leak,49_4_27,24,4,27,2400,16200,0,0.012611689,0
val,49,data_49.csv,onset_leak,49_5_28,24,5,28,3000,16800,0,0.0118825445,0
val,49,data_49.csv,onset_leak,49_6_29,24,6,29,3600,17400,0,0.010873273,0
val,49,data_49.csv,onset_leak,49_7_30,24,7,30,4200,18000,0,0.012104138,0
val,49,data_49.csv,onset_leak,49_8_31,24,8,31,4800,18600,0,0.014859544,0
val,49,data_49.csv,onset_leak,49_9_32,24,9,32,5400,19200,0,0.015376578,0
val,49,data_49.csv,onset_leak,49_10_33,24,10,33,6000,19800,0,0.014077552,0
val,49,data_49.csv,onset_leak,49_11_34,24,11,34,6600,20400,0,0.013426094,0
val,49,data_49.csv,onset_leak,49_12_35,24,12,35,7200,21000,0,0.012575117,0
val,49,data_49.csv,onset_leak,49_13_36,24,13,36,7800,21600,0,0.012745687,0
val,49,data_49.csv,onset_leak,49_14_37,24,14,37,8400,22200,0,0.014843783,0
val,49,data_49.csv,onset_leak,49_15_38,24,15,38,9000,22800,0,0.014103035,0
val,49,data_49.csv,onset_leak,49_16_39,24,16,39,9600,23400,0,0.012044516,0
val,49,data_49.csv,onset_leak,49_17_40,24,17,40,10200,24000,0,0.010937307,0
val,49,data_49.csv,onset_leak,49_18_41,24,18,41,10800,24600,0,0.009942618,0
val,49,data_49.csv,onset_leak,49_19_42,24,19,42,11400,25200,0,0.009998314,0
val,49,data_49.csv,onset_leak,49_20_43,24,20,43,12000,25800,0,0.01119111,0
val,49,data_49.csv,onset_leak,49_21_44,24,21,44,12600,26400,0,0.010627819,0
val,49,data_49.csv,onset_leak,49_22_45,24,22,45,13200,27000,0,0.009344967,0
val,49,data_49.csv,onset_leak,49_23_46,24,23,46,13800,27600,0,0.008040111,0
val,49,data_49.csv,onset_leak,49_24_47,24,24,47,14400,28200,0,0.007405243,0
val,49,data_49.csv,onset_leak,49_25_48,24,25,48,15000,28800,0,0.007450686,0
val,49,data_49.csv,onset_leak,49_26_49,24,26,49,15600,29400,0,0.009291199,0
val,49,data_49.csv,onset_leak,49_27_50,24,27,50,16200,30000,0,0.01056346,0
val,49,data_49.csv,onset_leak,49_28_51,24,28,51,16800,30600,0,0.010875406,0
val,49,data_49.csv,onset_leak,49_29_52,24,29,52,17400,31200,0,0.012179783,0
val,49,data_49.csv,onset_leak,49_30_53,24,30,53,18000,31800,0,0.016065761,0
val,49,data_49.csv,onset_leak,49_31_54,24,31,54,18600,32400,0,0.02243104,0
val,49,data_49.csv,onset_leak,49_32_55,24,32,55,19200,33000,0,0.04685244,0
val,49,data_49.csv,onset_leak,49_33_56,24,33,56,19800,33600,0,0.061851565,0
val,49,data_49.csv,onset_leak,49_34_57,24,34,57,20400,34200,0,0.053077746,0
val,49,data_49.csv,onset_leak,49_35_58,24,35,58,21000,34800,0,0.055519264,0
val,49,data_49.csv,onset_leak,49_36_59,24,36,59,21600,35400,0,0.064866625,0
val,49,data_49.csv,onset_leak,49_37_60,24,37,60,22200,36000,0,0.06676262,0
val,49,data_49.csv,onset_leak,49_38_61,24,38,61,22800,36600,0,0.075820014,0
val,49,data_49.csv,onset_leak,49_39_62,24,39,62,23400,37200,0,0.06483149,0
val,49,data_49.csv,onset_leak,49_40_63,24,40,63,24000,37800,0,0.03230382,0
val,49,data_49.csv,onset_leak,49_41_64,24,41,64,24600,38400,0,0.02798583,0
val,49,data_49.csv,onset_leak,49_42_65,24,42,65,25200,39000,0,0.025179695,0
val,49,data_49.csv,onset_leak,49_43_66,24,43,66,25800,39600,0,0.028293919,0
val,49,data_49.csv,onset_leak,49_44_67,24,44,67,26400,40200,0,0.028783146,0
val,49,data_49.csv,onset_leak,49_45_68,24,45,68,27000,40800,0,0.027529867,0
val,49,data_49.csv,onset_leak,49_46_69,24,46,69,27600,41400,0,0.015301239,0
val,49,data_49.csv,onset_leak,49_47_70,24,47,70,28200,42000,0,0.01284363,0
val,49,data_49.csv,onset_leak,49_48_71,24,48,71,28800,42600,0,0.015498547,0
val,49,data_49.csv,onset_leak,49_49_72,24,49,72,29400,43200,1,0.51844186,1
val,49,data_49.csv,onset_leak,49_50_73,24,50,73,30000,43800,1,0.8936293,1
val,49,data_49.csv,onset_leak,49_51_74,24,51,74,30600,44400,1,0.95819485,1
val,49,data_49.csv,onset_leak,49_52_75,24,52,75,31200,45000,1,0.95650136,1
val,49,data_49.csv,onset_leak,49_53_76,24,53,76,31800,45600,1,0.9903368,1
val,49,data_49.csv,onset_leak,49_54_77,24,54,77,32400,46200,1,0.99483395,1
val,49,data_49.csv,onset_leak,49_55_78,24,55,78,33000,46800,1,0.993367,1
val,49,data_49.csv,onset_leak,49_56_79,24,56,79,33600,47400,1,0.9910541,1
val,49,data_49.csv,onset_leak,49_57_80,24,57,80,34200,48000,1,0.9903413,1
val,49,data_49.csv,onset_leak,49_58_81,24,58,81,34800,48600,1,0.98555803,1
val,49,data_49.csv,onset_leak,49_59_82,24,59,82,35400,49200,1,0.9865327,1
val,49,data_49.csv,onset_leak,49_60_83,24,60,83,36000,49800,1,0.98410714,1
val,49,data_49.csv,onset_leak,49_61_84,24,61,84,36600,50400,1,0.9793463,1
val,49,data_49.csv,onset_leak,49_62_85,24,62,85,37200,51000,1,0.9718222,1
val,49,data_49.csv,onset_leak,49_63_86,24,63,86,37800,51600,1,0.95974195,1
val,49,data_49.csv,onset_leak,49_64_87,24,64,87,38400,52200,1,0.9236015,1
val,49,data_49.csv,onset_leak,49_65_88,24,65,88,39000,52800,1,0.929998,1
val,49,data_49.csv,onset_leak,49_66_89,24,66,89,39600,53400,1,0.9291038,1
val,49,data_49.csv,onset_leak,49_67_90,24,67,90,40200,54000,1,0.9258214,1
val,49,data_49.csv,onset_leak,49_68_91,24,68,91,40800,54600,1,0.9202362,1
val,49,data_49.csv,onset_leak,49_69_92,24,69,92,41400,55200,1,0.9198683,1
val,49,data_49.csv,onset_leak,49_70_93,24,70,93,42000,55800,1,0.92933375,1
val,49,data_49.csv,onset_leak,49_71_94,24,71,94,42600,56400,1,0.9631676,1
val,49,data_49.csv,onset_leak,49_72_95,24,72,95,43200,57000,1,0.98257345,1
val,49,data_49.csv,onset_leak,49_73_96,24,73,96,43800,57600,1,0.98147273,1
val,49,data_49.csv,onset_leak,49_74_97,24,74,97,44400,58200,1,0.97833884,1
val,49,data_49.csv,onset_leak,49_75_98,24,75,98,45000,58800,1,0.9745486,1
val,49,data_49.csv,onset_leak,49_76_99,24,76,99,45600,59400,1,0.97307897,1
val,49,data_49.csv,onset_leak,49_77_100,24,77,100,46200,60000,1,0.96724397,1
val,49,data_49.csv,onset_leak,49_78_101,24,78,101,46800,60600,1,0.958426,1
val,49,data_49.csv,onset_leak,49_79_102,24,79,102,47400,61200,1,0.96836656,1
val,49,data_49.csv,onset_leak,49_80_103,24,80,103,48000,61800,1,0.9723638,1
val,49,data_49.csv,onset_leak,49_81_104,24,81,104,48600,62400,1,0.97241557,1
val,49,data_49.csv,onset_leak,49_82_105,24,82,105,49200,63000,1,0.97284454,1
val,49,data_49.csv,onset_leak,49_83_106,24,83,106,49800,63600,1,0.9733732,1
val,49,data_49.csv,onset_leak,49_84_107,24,84,107,50400,64200,1,0.9744012,1
val,49,data_49.csv,onset_leak,49_85_108,24,85,108,51000,64800,1,0.9823929,1
val,49,data_49.csv,onset_leak,49_86_109,24,86,109,51600,65400,1,0.9856542,1
val,49,data_49.csv,onset_leak,49_87_110,24,87,110,52200,66000,1,0.9872384,1
val,49,data_49.csv,onset_leak,49_88_111,24,88,111,52800,66600,1,0.9881207,1
val,49,data_49.csv,onset_leak,49_89_112,24,89,112,53400,67200,1,0.989293,1
val,49,data_49.csv,onset_leak,49_90_113,24,90,113,54000,67800,1,0.9906585,1
val,49,data_49.csv,onset_leak,49_91_114,24,91,114,54600,68400,1,0.9796021,1
val,49,data_49.csv,onset_leak,49_92_115,24,92,115,55200,69000,1,0.9728828,1
val,49,data_49.csv,onset_leak,49_93_116,24,93,116,55800,69600,1,0.96797734,1
val,49,data_49.csv,onset_leak,49_94_117,24,94,117,56400,70200,1,0.96797657,1
val,49,data_49.csv,onset_leak,49_95_118,24,95,118,57000,70800,1,0.9609056,1
val,49,data_49.csv,onset_leak,49_96_119,24,96,119,57600,71400,1,0.95954925,1
val,49,data_49.csv,onset_leak,49_97_120,24,97,120,58200,72000,1,0.94092566,1
val,49,data_49.csv,onset_leak,49_98_121,24,98,121,58800,72600,1,0.93877155,1
val,49,data_49.csv,onset_leak,49_99_122,24,99,122,59400,73200,1,0.9584374,1
val,49,data_49.csv,onset_leak,49_100_123,24,100,123,60000,73800,1,0.96963555,1
val,49,data_49.csv,onset_leak,49_101_124,24,101,124,60600,74400,1,0.9802751,1
val,49,data_49.csv,onset_leak,49_102_125,24,102,125,61200,75000,1,0.98775697,1
val,49,data_49.csv,onset_leak,49_103_126,24,103,126,61800,75600,1,0.98949033,1
val,49,data_49.csv,onset_leak,49_104_127,24,104,127,62400,76200,1,0.99090904,1
val,49,data_49.csv,onset_leak,49_105_128,24,105,128,63000,76800,1,0.9945321,1
val,49,data_49.csv,onset_leak,49_106_129,24,106,129,63600,77400,1,0.99576676,1
val,49,data_49.csv,onset_leak,49_107_130,24,107,130,64200,78000,1,0.99752027,1
val,49,data_49.csv,onset_leak,49_108_131,24,108,131,64800,78600,1,0.9984952,1
val,49,data_49.csv,onset_leak,49_109_132,24,109,132,65400,79200,1,0.99836594,1
val,49,data_49.csv,onset_leak,49_110_133,24,110,133,66000,79800,1,0.9975904,1
val,49,data_49.csv,onset_leak,49_111_134,24,111,134,66600,80400,1,0.9974642,1
val,49,data_49.csv,onset_leak,49_112_135,24,112,135,67200,81000,1,0.9972191,1
val,49,data_49.csv,onset_leak,49_113_136,24,113,136,67800,81600,1,0.996228,1
val,49,data_49.csv,onset_leak,49_114_137,24,114,137,68400,82200,1,0.993856,1
val,49,data_49.csv,onset_leak,49_115_138,24,115,138,69000,82800,1,0.9923374,1
val,49,data_49.csv,onset_leak,49_116_139,24,116,139,69600,83400,1,0.98226285,1
val,49,data_49.csv,onset_leak,49_117_140,24,117,140,70200,84000,1,0.9772453,1
val,49,data_49.csv,onset_leak,49_118_141,24,118,141,70800,84600,1,0.9581583,1
val,49,data_49.csv,onset_leak,49_119_142,24,119,142,71400,85200,1,0.9133893,1
val,49,data_49.csv,onset_leak,49_120_143,24,120,143,72000,85800,1,0.5857029,1
val,49,data_49.csv,onset_leak,49_121_144,24,121,144,72600,86400,1,0.46674287,1
val,59,data_59.csv,onset_leak,59_0_23,24,0,23,0,13800,0,0.012640478,0
val,59,data_59.csv,onset_leak,59_1_24,24,1,24,600,14400,0,0.013167228,0
val,59,data_59.csv,onset_leak,59_2_25,24,2,25,1200,15000,0,0.013212068,0
val,59,data_59.csv,onset_leak,59_3_26,24,3,26,1800,15600,0,0.012226219,0
val,59,data_59.csv,onset_leak,59_4_27,24,4,27,2400,16200,0,0.011121531,0
val,59,data_59.csv,onset_leak,59_5_28,24,5,28,3000,16800,0,0.009784435,0
val,59,data_59.csv,onset_leak,59_6_29,24,6,29,3600,17400,0,0.008109157,0
val,59,data_59.csv,onset_leak,59_7_30,24,7,30,4200,18000,0,0.009513198,0
val,59,data_59.csv,onset_leak,59_8_31,24,8,31,4800,18600,0,0.012520955,0
val,59,data_59.csv,onset_leak,59_9_32,24,9,32,5400,19200,0,0.01308938,0
val,59,data_59.csv,onset_leak,59_10_33,24,10,33,6000,19800,0,0.011623386,0
val,59,data_59.csv,onset_leak,59_11_34,24,11,34,6600,20400,0,0.010794329,0
val,59,data_59.csv,onset_leak,59_12_35,24,12,35,7200,21000,0,0.00967207,0
val,59,data_59.csv,onset_leak,59_13_36,24,13,36,7800,21600,0,0.010053868,0
val,59,data_59.csv,onset_leak,59_14_37,24,14,37,8400,22200,0,0.012735238,0
val,59,data_59.csv,onset_leak,59_15_38,24,15,38,9000,22800,0,0.011944734,0
val,59,data_59.csv,onset_leak,59_16_39,24,16,39,9600,23400,0,0.009214257,0
val,59,data_59.csv,onset_leak,59_17_40,24,17,40,10200,24000,0,0.007643769,0
val,59,data_59.csv,onset_leak,59_18_41,24,18,41,10800,24600,0,0.0066052666,0
val,59,data_59.csv,onset_leak,59_19_42,24,19,42,11400,25200,0,0.0065970235,0
val,59,data_59.csv,onset_leak,59_20_43,24,20,43,12000,25800,0,0.0076047895,0
val,59,data_59.csv,onset_leak,59_21_44,24,21,44,12600,26400,0,0.006817746,0
val,59,data_59.csv,onset_leak,59_22_45,24,22,45,13200,27000,0,0.0054930267,0
val,59,data_59.csv,onset_leak,59_23_46,24,23,46,13800,27600,0,0.0042864694,0
val,59,data_59.csv,onset_leak,59_24_47,24,24,47,14400,28200,0,0.003652641,0
val,59,data_59.csv,onset_leak,59_25_48,24,25,48,15000,28800,0,0.0036057148,0
val,59,data_59.csv,onset_leak,59_26_49,24,26,49,15600,29400,0,0.004730021,0
val,59,data_59.csv,onset_leak,59_27_50,24,27,50,16200,30000,0,0.0055405116,0
val,59,data_59.csv,onset_leak,59_28_51,24,28,51,16800,30600,0,0.0057441266,0
val,59,data_59.csv,onset_leak,59_29_52,24,29,52,17400,31200,0,0.0065609976,0
val,59,data_59.csv,onset_leak,59_30_53,24,30,53,18000,31800,0,0.009411327,0
val,59,data_59.csv,onset_leak,59_31_54,24,31,54,18600,32400,0,0.010702933,0
val,59,data_59.csv,onset_leak,59_32_55,24,32,55,19200,33000,0,0.01828837,0
val,59,data_59.csv,onset_leak,59_33_56,24,33,56,19800,33600,0,0.024032848,0
val,59,data_59.csv,onset_leak,59_34_57,24,34,57,20400,34200,0,0.024359977,0
val,59,data_59.csv,onset_leak,59_35_58,24,35,58,21000,34800,0,0.02830252,0
val,59,data_59.csv,onset_leak,59_36_59,24,36,59,21600,35400,0,0.041935198,0
val,59,data_59.csv,onset_leak,59_37_60,24,37,60,22200,36000,0,0.042163063,0
val,59,data_59.csv,onset_leak,59_38_61,24,38,61,22800,36600,0,0.060698047,0
val,59,data_59.csv,onset_leak,59_39_62,24,39,62,23400,37200,0,0.06443911,0
val,59,data_59.csv,onset_leak,59_40_63,24,40,63,24000,37800,0,0.046089992,0
val,59,data_59.csv,onset_leak,59_41_64,24,41,64,24600,38400,0,0.053419735,0
val,59,data_59.csv,onset_leak,59_42_65,24,42,65,25200,39000,0,0.06888693,0
val,59,data_59.csv,onset_leak,59_43_66,24,43,66,25800,39600,0,0.06581093,0
val,59,data_59.csv,onset_leak,59_44_67,24,44,67,26400,40200,0,0.05873629,0
val,59,data_59.csv,onset_leak,59_45_68,24,45,68,27000,40800,0,0.068354435,0
val,59,data_59.csv,onset_leak,59_46_69,24,46,69,27600,41400,0,0.04766045,0
val,59,data_59.csv,onset_leak,59_47_70,24,47,70,28200,42000,0,0.050938822,0
val,59,data_59.csv,onset_leak,59_48_71,24,48,71,28800,42600,0,0.079129376,0
val,59,data_59.csv,onset_leak,59_49_72,24,49,72,29400,43200,1,0.90868485,1
val,59,data_59.csv,onset_leak,59_50_73,24,50,73,30000,43800,1,0.98224455,1
val,59,data_59.csv,onset_leak,59_51_74,24,51,74,30600,44400,1,0.9917596,1
val,59,data_59.csv,onset_leak,59_52_75,24,52,75,31200,45000,1,0.99140936,1
val,59,data_59.csv,onset_leak,59_53_76,24,53,76,31800,45600,1,0.9962452,1
val,59,data_59.csv,onset_leak,59_54_77,24,54,77,32400,46200,1,0.9977937,1
val,59,data_59.csv,onset_leak,59_55_78,24,55,78,33000,46800,1,0.9984347,1
val,59,data_59.csv,onset_leak,59_56_79,24,56,79,33600,47400,1,0.99853766,1
val,59,data_59.csv,onset_leak,59_57_80,24,57,80,34200,48000,1,0.9981869,1
val,59,data_59.csv,onset_leak,59_58_81,24,58,81,34800,48600,1,0.99693227,1
val,59,data_59.csv,onset_leak,59_59_82,24,59,82,35400,49200,1,0.9980046,1
val,59,data_59.csv,onset_leak,59_60_83,24,60,83,36000,49800,1,0.998151,1
val,59,data_59.csv,onset_leak,59_61_84,24,61,84,36600,50400,1,0.9982936,1
val,59,data_59.csv,onset_leak,59_62_85,24,62,85,37200,51000,1,0.9979546,1
val,59,data_59.csv,onset_leak,59_63_86,24,63,86,37800,51600,1,0.99741745,1
val,59,data_59.csv,onset_leak,59_64_87,24,64,87,38400,52200,1,0.99266887,1
val,59,data_59.csv,onset_leak,59_65_88,24,65,88,39000,52800,1,0.9892932,1
val,59,data_59.csv,onset_leak,59_66_89,24,66,89,39600,53400,1,0.98621964,1
val,59,data_59.csv,onset_leak,59_67_90,24,67,90,40200,54000,1,0.9823,1
val,59,data_59.csv,onset_leak,59_68_91,24,68,91,40800,54600,1,0.9710518,1
val,59,data_59.csv,onset_leak,59_69_92,24,69,92,41400,55200,1,0.9633473,1
val,59,data_59.csv,onset_leak,59_70_93,24,70,93,42000,55800,1,0.95296115,1
val,59,data_59.csv,onset_leak,59_71_94,24,71,94,42600,56400,1,0.9734482,1
val,59,data_59.csv,onset_leak,59_72_95,24,72,95,43200,57000,1,0.9836722,1
val,59,data_59.csv,onset_leak,59_73_96,24,73,96,43800,57600,1,0.98121715,1
val,59,data_59.csv,onset_leak,59_74_97,24,74,97,44400,58200,1,0.98091424,1
val,59,data_59.csv,onset_leak,59_75_98,24,75,98,45000,58800,1,0.9830095,1
val,59,data_59.csv,onset_leak,59_76_99,24,76,99,45600,59400,1,0.98380405,1
val,59,data_59.csv,onset_leak,59_77_100,24,77,100,46200,60000,1,0.9843406,1
val,59,data_59.csv,onset_leak,59_78_101,24,78,101,46800,60600,1,0.98508704,1
val,59,data_59.csv,onset_leak,59_79_102,24,79,102,47400,61200,1,0.98537284,1
val,59,data_59.csv,onset_leak,59_80_103,24,80,103,48000,61800,1,0.98491424,1
val,59,data_59.csv,onset_leak,59_81_104,24,81,104,48600,62400,1,0.98564017,1
val,59,data_59.csv,onset_leak,59_82_105,24,82,105,49200,63000,1,0.98548776,1
val,59,data_59.csv,onset_leak,59_83_106,24,83,106,49800,63600,1,0.9854419,1
val,59,data_59.csv,onset_leak,59_84_107,24,84,107,50400,64200,1,0.9853115,1
val,59,data_59.csv,onset_leak,59_85_108,24,85,108,51000,64800,1,0.98470336,1
val,59,data_59.csv,onset_leak,59_86_109,24,86,109,51600,65400,1,0.9834366,1
val,59,data_59.csv,onset_leak,59_87_110,24,87,110,52200,66000,1,0.9830883,1
val,59,data_59.csv,onset_leak,59_88_111,24,88,111,52800,66600,1,0.98267186,1
val,59,data_59.csv,onset_leak,59_89_112,24,89,112,53400,67200,1,0.9816098,1
val,59,data_59.csv,onset_leak,59_90_113,24,90,113,54000,67800,1,0.979455,1
val,59,data_59.csv,onset_leak,59_91_114,24,91,114,54600,68400,1,0.97605556,1
val,59,data_59.csv,onset_leak,59_92_115,24,92,115,55200,69000,1,0.9740426,1
val,59,data_59.csv,onset_leak,59_93_116,24,93,116,55800,69600,1,0.97533244,1
val,59,data_59.csv,onset_leak,59_94_117,24,94,117,56400,70200,1,0.9756198,1
val,59,data_59.csv,onset_leak,59_95_118,24,95,118,57000,70800,1,0.9710036,1
val,59,data_59.csv,onset_leak,59_96_119,24,96,119,57600,71400,1,0.9668196,1
val,59,data_59.csv,onset_leak,59_97_120,24,97,120,58200,72000,1,0.9630188,1
val,59,data_59.csv,onset_leak,59_98_121,24,98,121,58800,72600,1,0.9641832,1
val,59,data_59.csv,onset_leak,59_99_122,24,99,122,59400,73200,1,0.97411424,1
val,59,data_59.csv,onset_leak,59_100_123,24,100,123,60000,73800,1,0.9788431,1
val,59,data_59.csv,onset_leak,59_101_124,24,101,124,60600,74400,1,0.9806942,1
val,59,data_59.csv,onset_leak,59_102_125,24,102,125,61200,75000,1,0.9826006,1
val,59,data_59.csv,onset_leak,59_103_126,24,103,126,61800,75600,1,0.98204,1
val,59,data_59.csv,onset_leak,59_104_127,24,104,127,62400,76200,1,0.9812966,1
val,59,data_59.csv,onset_leak,59_105_128,24,105,128,63000,76800,1,0.98738676,1
val,59,data_59.csv,onset_leak,59_106_129,24,106,129,63600,77400,1,0.98924017,1
val,59,data_59.csv,onset_leak,59_107_130,24,107,130,64200,78000,1,0.990236,1
val,59,data_59.csv,onset_leak,59_108_131,24,108,131,64800,78600,1,0.9912288,1
val,59,data_59.csv,onset_leak,59_109_132,24,109,132,65400,79200,1,0.98724526,1
val,59,data_59.csv,onset_leak,59_110_133,24,110,133,66000,79800,1,0.96161056,1
val,59,data_59.csv,onset_leak,59_111_134,24,111,134,66600,80400,1,0.9704925,1
val,59,data_59.csv,onset_leak,59_112_135,24,112,135,67200,81000,1,0.9579292,1
val,59,data_59.csv,onset_leak,59_113_136,24,113,136,67800,81600,1,0.96154135,1
val,59,data_59.csv,onset_leak,59_114_137,24,114,137,68400,82200,1,0.9280765,1
val,59,data_59.csv,onset_leak,59_115_138,24,115,138,69000,82800,1,0.90165126,1
val,59,data_59.csv,onset_leak,59_116_139,24,116,139,69600,83400,1,0.7941942,1
val,59,data_59.csv,onset_leak,59_117_140,24,117,140,70200,84000,1,0.7737029,1
val,59,data_59.csv,onset_leak,59_118_141,24,118,141,70800,84600,1,0.70115685,1
val,59,data_59.csv,onset_leak,59_119_142,24,119,142,71400,85200,1,0.60670036,1
val,59,data_59.csv,onset_leak,59_120_143,24,120,143,72000,85800,1,0.30192298,1
val,59,data_59.csv,onset_leak,59_121_144,24,121,144,72600,86400,1,0.23167646,1
test,2,data_2.csv,normal,2_0_23,24,0,23,0,13800,0,0.012292846,0
test,2,data_2.csv,normal,2_1_24,24,1,24,600,14400,0,0.021431476,0
test,2,data_2.csv,normal,2_2_25,24,2,25,1200,15000,0,0.046549197,0
test,2,data_2.csv,normal,2_3_26,24,3,26,1800,15600,0,0.05123622,0
test,2,data_2.csv,normal,2_4_27,24,4,27,2400,16200,0,0.035669137,0
test,2,data_2.csv,normal,2_5_28,24,5,28,3000,16800,0,0.027816594,0
test,2,data_2.csv,normal,2_6_29,24,6,29,3600,17400,0,0.017430427,0
test,2,data_2.csv,normal,2_7_30,24,7,30,4200,18000,0,0.018386232,0
test,2,data_2.csv,normal,2_8_31,24,8,31,4800,18600,0,0.019990487,0
test,2,data_2.csv,normal,2_9_32,24,9,32,5400,19200,0,0.012144355,0
test,2,data_2.csv,normal,2_10_33,24,10,33,6000,19800,0,0.005460639,0
test,2,data_2.csv,normal,2_11_34,24,11,34,6600,20400,0,0.0030917446,0
test,2,data_2.csv,normal,2_12_35,24,12,35,7200,21000,0,0.0014432418,0
test,2,data_2.csv,normal,2_13_36,24,13,36,7800,21600,0,0.0010338746,0
test,2,data_2.csv,normal,2_14_37,24,14,37,8400,22200,0,0.000796722,0
test,2,data_2.csv,normal,2_15_38,24,15,38,9000,22800,0,0.00045148967,0
test,2,data_2.csv,normal,2_16_39,24,16,39,9600,23400,0,0.00026856348,0
test,2,data_2.csv,normal,2_17_40,24,17,40,10200,24000,0,0.00012913474,0
test,2,data_2.csv,normal,2_18_41,24,18,41,10800,24600,0,6.897592e-05,0
test,2,data_2.csv,normal,2_19_42,24,19,42,11400,25200,0,7.027859e-05,0
test,2,data_2.csv,normal,2_20_43,24,20,43,12000,25800,0,0.00013657847,0
test,2,data_2.csv,normal,2_21_44,24,21,44,12600,26400,0,0.00028637424,0
test,2,data_2.csv,normal,2_22_45,24,22,45,13200,27000,0,0.0004693253,0
test,2,data_2.csv,normal,2_23_46,24,23,46,13800,27600,0,0.00091021264,0
test,2,data_2.csv,normal,2_24_47,24,24,47,14400,28200,0,0.0029346782,0
test,2,data_2.csv,normal,2_25_48,24,25,48,15000,28800,0,0.0031070567,0
test,2,data_2.csv,normal,2_26_49,24,26,49,15600,29400,0,0.0069646034,0
test,2,data_2.csv,normal,2_27_50,24,27,50,16200,30000,0,0.013266408,0
test,2,data_2.csv,normal,2_28_51,24,28,51,16800,30600,0,0.013997794,0
test,2,data_2.csv,normal,2_29_52,24,29,52,17400,31200,0,0.026867641,0
test,2,data_2.csv,normal,2_30_53,24,30,53,18000,31800,0,0.07554389,0
test,2,data_2.csv,normal,2_31_54,24,31,54,18600,32400,0,0.03387379,0
test,2,data_2.csv,normal,2_32_55,24,32,55,19200,33000,0,0.010429229,0
test,2,data_2.csv,normal,2_33_56,24,33,56,19800,33600,0,0.006065267,0
test,2,data_2.csv,normal,2_34_57,24,34,57,20400,34200,0,0.008990109,0
test,2,data_2.csv,normal,2_35_58,24,35,58,21000,34800,0,0.011002258,0
test,2,data_2.csv,normal,2_36_59,24,36,59,21600,35400,0,0.014822127,0
test,2,data_2.csv,normal,2_37_60,24,37,60,22200,36000,0,0.014821689,0
test,2,data_2.csv,normal,2_38_61,24,38,61,22800,36600,0,0.017252589,0
test,2,data_2.csv,normal,2_39_62,24,39,62,23400,37200,0,0.018204644,0
test,2,data_2.csv,normal,2_40_63,24,40,63,24000,37800,0,0.031416215,0
test,2,data_2.csv,normal,2_41_64,24,41,64,24600,38400,0,0.030585418,0
test,2,data_2.csv,normal,2_42_65,24,42,65,25200,39000,0,0.03506128,0
test,2,data_2.csv,normal,2_43_66,24,43,66,25800,39600,0,0.035795346,0
test,2,data_2.csv,normal,2_44_67,24,44,67,26400,40200,0,0.045565285,0
test,2,data_2.csv,normal,2_45_68,24,45,68,27000,40800,0,0.070282094,0
test,2,data_2.csv,normal,2_46_69,24,46,69,27600,41400,0,0.09363555,0
test,2,data_2.csv,normal,2_47_70,24,47,70,28200,42000,0,0.13648856,1
test,2,data_2.csv,normal,2_48_71,24,48,71,28800,42600,0,0.38894796,1
test,2,data_2.csv,normal,2_49_72,24,49,72,29400,43200,0,0.6019695,1
test,2,data_2.csv,normal,2_50_73,24,50,73,30000,43800,0,0.64979935,1
test,2,data_2.csv,normal,2_51_74,24,51,74,30600,44400,0,0.6085873,1
test,2,data_2.csv,normal,2_52_75,24,52,75,31200,45000,0,0.62636966,1
test,2,data_2.csv,normal,2_53_76,24,53,76,31800,45600,0,0.60014105,1
test,2,data_2.csv,normal,2_54_77,24,54,77,32400,46200,0,0.54920155,1
test,2,data_2.csv,normal,2_55_78,24,55,78,33000,46800,0,0.7061209,1
test,2,data_2.csv,normal,2_56_79,24,56,79,33600,47400,0,0.7697068,1
test,2,data_2.csv,normal,2_57_80,24,57,80,34200,48000,0,0.75491816,1
test,2,data_2.csv,normal,2_58_81,24,58,81,34800,48600,0,0.7475846,1
test,2,data_2.csv,normal,2_59_82,24,59,82,35400,49200,0,0.6653161,1
test,2,data_2.csv,normal,2_60_83,24,60,83,36000,49800,0,0.45870304,1
test,2,data_2.csv,normal,2_61_84,24,61,84,36600,50400,0,0.49660906,1
test,2,data_2.csv,normal,2_62_85,24,62,85,37200,51000,0,0.45482644,1
test,2,data_2.csv,normal,2_63_86,24,63,86,37800,51600,0,0.32581878,1
test,2,data_2.csv,normal,2_64_87,24,64,87,38400,52200,0,0.31347188,1
test,2,data_2.csv,normal,2_65_88,24,65,88,39000,52800,0,0.26693448,1
test,2,data_2.csv,normal,2_66_89,24,66,89,39600,53400,0,0.31038615,1
test,2,data_2.csv,normal,2_67_90,24,67,90,40200,54000,0,0.33551562,1
test,2,data_2.csv,normal,2_68_91,24,68,91,40800,54600,0,0.36160064,1
test,2,data_2.csv,normal,2_69_92,24,69,92,41400,55200,0,0.37924108,1
test,2,data_2.csv,normal,2_70_93,24,70,93,42000,55800,0,0.3984214,1
test,2,data_2.csv,normal,2_71_94,24,71,94,42600,56400,0,0.48394763,1
test,2,data_2.csv,normal,2_72_95,24,72,95,43200,57000,0,0.5967097,1
test,2,data_2.csv,normal,2_73_96,24,73,96,43800,57600,0,0.6100274,1
test,2,data_2.csv,normal,2_74_97,24,74,97,44400,58200,0,0.6191049,1
test,2,data_2.csv,normal,2_75_98,24,75,98,45000,58800,0,0.62622875,1
test,2,data_2.csv,normal,2_76_99,24,76,99,45600,59400,0,0.63393366,1
test,2,data_2.csv,normal,2_77_100,24,77,100,46200,60000,0,0.6581697,1
test,2,data_2.csv,normal,2_78_101,24,78,101,46800,60600,0,0.68301094,1
test,2,data_2.csv,normal,2_79_102,24,79,102,47400,61200,0,0.6820477,1
test,2,data_2.csv,normal,2_80_103,24,80,103,48000,61800,0,0.67590755,1
test,2,data_2.csv,normal,2_81_104,24,81,104,48600,62400,0,0.6642608,1
test,2,data_2.csv,normal,2_82_105,24,82,105,49200,63000,0,0.6607764,1
test,2,data_2.csv,normal,2_83_106,24,83,106,49800,63600,0,0.65212655,1
test,2,data_2.csv,normal,2_84_107,24,84,107,50400,64200,0,0.6368891,1
test,2,data_2.csv,normal,2_85_108,24,85,108,51000,64800,0,0.64050686,1
test,2,data_2.csv,normal,2_86_109,24,86,109,51600,65400,0,0.64196557,1
test,2,data_2.csv,normal,2_87_110,24,87,110,52200,66000,0,0.64078385,1
test,2,data_2.csv,normal,2_88_111,24,88,111,52800,66600,0,0.6433183,1
test,2,data_2.csv,normal,2_89_112,24,89,112,53400,67200,0,0.6422888,1
test,2,data_2.csv,normal,2_90_113,24,90,113,54000,67800,0,0.64481306,1
test,2,data_2.csv,normal,2_91_114,24,91,114,54600,68400,0,0.649765,1
test,2,data_2.csv,normal,2_92_115,24,92,115,55200,69000,0,0.6551168,1
test,2,data_2.csv,normal,2_93_116,24,93,116,55800,69600,0,0.65764254,1
test,2,data_2.csv,normal,2_94_117,24,94,117,56400,70200,0,0.66154534,1
test,2,data_2.csv,normal,2_95_118,24,95,118,57000,70800,0,0.6718336,1
test,2,data_2.csv,normal,2_96_119,24,96,119,57600,71400,0,0.68335015,1
test,2,data_2.csv,normal,2_97_120,24,97,120,58200,72000,0,0.6493868,1
test,2,data_2.csv,normal,2_98_121,24,98,121,58800,72600,0,0.6547461,1
test,2,data_2.csv,normal,2_99_122,24,99,122,59400,73200,0,0.68606573,1
test,2,data_2.csv,normal,2_100_123,24,100,123,60000,73800,0,0.7177288,1
test,2,data_2.csv,normal,2_101_124,24,101,124,60600,74400,0,0.7351592,1
test,2,data_2.csv,normal,2_102_125,24,102,125,61200,75000,0,0.7602545,1
test,2,data_2.csv,normal,2_103_126,24,103,126,61800,75600,0,0.7069092,1
test,2,data_2.csv,normal,2_104_127,24,104,127,62400,76200,0,0.5676124,1
test,2,data_2.csv,normal,2_105_128,24,105,128,63000,76800,0,0.6048446,1
test,2,data_2.csv,normal,2_106_129,24,106,129,63600,77400,0,0.5467463,1
test,2,data_2.csv,normal,2_107_130,24,107,130,64200,78000,0,0.60216546,1
test,2,data_2.csv,normal,2_108_131,24,108,131,64800,78600,0,0.54834175,1
test,2,data_2.csv,normal,2_109_132,24,109,132,65400,79200,0,0.4122238,1
test,2,data_2.csv,normal,2_110_133,24,110,133,66000,79800,0,0.19311312,1
test,2,data_2.csv,normal,2_111_134,24,111,134,66600,80400,0,0.25135016,1
test,2,data_2.csv,normal,2_112_135,24,112,135,67200,81000,0,0.22078434,1
test,2,data_2.csv,normal,2_113_136,24,113,136,67800,81600,0,0.4427214,1
test,2,data_2.csv,normal,2_114_137,24,114,137,68400,82200,0,0.47560588,1
test,2,data_2.csv,normal,2_115_138,24,115,138,69000,82800,0,0.35026512,1
test,2,data_2.csv,normal,2_116_139,24,116,139,69600,83400,0,0.161644,1
test,2,data_2.csv,normal,2_117_140,24,117,140,70200,84000,0,0.13937774,1
test,2,data_2.csv,normal,2_118_141,24,118,141,70800,84600,0,0.08849249,0
test,2,data_2.csv,normal,2_119_142,24,119,142,71400,85200,0,0.122876085,1
test,2,data_2.csv,normal,2_120_143,24,120,143,72000,85800,0,0.069146775,0
test,2,data_2.csv,normal,2_121_144,24,121,144,72600,86400,0,0.04474733,0
test,9,data_9.csv,normal,9_0_23,24,0,23,0,13800,0,0.0051313764,0
test,9,data_9.csv,normal,9_1_24,24,1,24,600,14400,0,0.0051467987,0
test,9,data_9.csv,normal,9_2_25,24,2,25,1200,15000,0,0.0054888683,0
test,9,data_9.csv,normal,9_3_26,24,3,26,1800,15600,0,0.0055856803,0
test,9,data_9.csv,normal,9_4_27,24,4,27,2400,16200,0,0.0055069705,0
test,9,data_9.csv,normal,9_5_28,24,5,28,3000,16800,0,0.00554433,0
test,9,data_9.csv,normal,9_6_29,24,6,29,3600,17400,0,0.005728731,0
test,9,data_9.csv,normal,9_7_30,24,7,30,4200,18000,0,0.007047803,0
test,9,data_9.csv,normal,9_8_31,24,8,31,4800,18600,0,0.011061248,0
test,9,data_9.csv,normal,9_9_32,24,9,32,5400,19200,0,0.013127183,0
test,9,data_9.csv,normal,9_10_33,24,10,33,6000,19800,0,0.012188965,0
test,9,data_9.csv,normal,9_11_34,24,11,34,6600,20400,0,0.012728118,0
test,9,data_9.csv,normal,9_12_35,24,12,35,7200,21000,0,0.01306704,0
test,9,data_9.csv,normal,9_13_36,24,13,36,7800,21600,0,0.013253667,0
test,9,data_9.csv,normal,9_14_37,24,14,37,8400,22200,0,0.016757246,0
test,9,data_9.csv,normal,9_15_38,24,15,38,9000,22800,0,0.014582345,0
test,9,data_9.csv,normal,9_16_39,24,16,39,9600,23400,0,0.010842029,0
test,9,data_9.csv,normal,9_17_40,24,17,40,10200,24000,0,0.009170385,0
test,9,data_9.csv,normal,9_18_41,24,18,41,10800,24600,0,0.008635226,0
test,9,data_9.csv,normal,9_19_42,24,19,42,11400,25200,0,0.008579894,0
test,9,data_9.csv,normal,9_20_43,24,20,43,12000,25800,0,0.010121082,0
test,9,data_9.csv,normal,9_21_44,24,21,44,12600,26400,0,0.008877227,0
test,9,data_9.csv,normal,9_22_45,24,22,45,13200,27000,0,0.0069621797,0
test,9,data_9.csv,normal,9_23_46,24,23,46,13800,27600,0,0.005197922,0
test,9,data_9.csv,normal,9_24_47,24,24,47,14400,28200,0,0.004335547,0
test,9,data_9.csv,normal,9_25_48,24,25,48,15000,28800,0,0.0040218076,0
test,9,data_9.csv,normal,9_26_49,24,26,49,15600,29400,0,0.0054426296,0
test,9,data_9.csv,normal,9_27_50,24,27,50,16200,30000,0,0.0069727604,0
test,9,data_9.csv,normal,9_28_51,24,28,51,16800,30600,0,0.007950914,0
test,9,data_9.csv,normal,9_29_52,24,29,52,17400,31200,0,0.010353362,0
test,9,data_9.csv,normal,9_30_53,24,30,53,18000,31800,0,0.018718444,0
test,9,data_9.csv,normal,9_31_54,24,31,54,18600,32400,0,0.018504107,0
test,9,data_9.csv,normal,9_32_55,24,32,55,19200,33000,0,0.028022198,0
test,9,data_9.csv,normal,9_33_56,24,33,56,19800,33600,0,0.03782377,0
test,9,data_9.csv,normal,9_34_57,24,34,57,20400,34200,0,0.04290615,0
test,9,data_9.csv,normal,9_35_58,24,35,58,21000,34800,0,0.055403885,0
test,9,data_9.csv,normal,9_36_59,24,36,59,21600,35400,0,0.09395046,0
test,9,data_9.csv,normal,9_37_60,24,37,60,22200,36000,0,0.0888967,0
test,9,data_9.csv,normal,9_38_61,24,38,61,22800,36600,0,0.12447098,1
test,9,data_9.csv,normal,9_39_62,24,39,62,23400,37200,0,0.14877531,1
test,9,data_9.csv,normal,9_40_63,24,40,63,24000,37800,0,0.14819375,1
test,9,data_9.csv,normal,9_41_64,24,41,64,24600,38400,0,0.19188777,1
test,9,data_9.csv,normal,9_42_65,24,42,65,25200,39000,0,0.26020876,1
test,9,data_9.csv,normal,9_43_66,24,43,66,25800,39600,0,0.30467397,1
test,9,data_9.csv,normal,9_44_67,24,44,67,26400,40200,0,0.3377005,1
test,9,data_9.csv,normal,9_45_68,24,45,68,27000,40800,0,0.38924804,1
test,9,data_9.csv,normal,9_46_69,24,46,69,27600,41400,0,0.37386936,1
test,9,data_9.csv,normal,9_47_70,24,47,70,28200,42000,0,0.4537784,1
test,9,data_9.csv,normal,9_48_71,24,48,71,28800,42600,0,0.43443635,1
test,9,data_9.csv,normal,9_49_72,24,49,72,29400,43200,0,0.8316209,1
test,9,data_9.csv,normal,9_50_73,24,50,73,30000,43800,0,0.8817789,1
test,9,data_9.csv,normal,9_51_74,24,51,74,30600,44400,0,0.8755389,1
test,9,data_9.csv,normal,9_52_75,24,52,75,31200,45000,0,0.90041775,1
test,9,data_9.csv,normal,9_53_76,24,53,76,31800,45600,0,0.9315178,1
test,9,data_9.csv,normal,9_54_77,24,54,77,32400,46200,0,0.9443534,1
test,9,data_9.csv,normal,9_55_78,24,55,78,33000,46800,0,0.9184399,1
test,9,data_9.csv,normal,9_56_79,24,56,79,33600,47400,0,0.89263594,1
test,9,data_9.csv,normal,9_57_80,24,57,80,34200,48000,0,0.8571572,1
test,9,data_9.csv,normal,9_58_81,24,58,81,34800,48600,0,0.77631915,1
test,9,data_9.csv,normal,9_59_82,24,59,82,35400,49200,0,0.72312796,1
test,9,data_9.csv,normal,9_60_83,24,60,83,36000,49800,0,0.7181184,1
test,9,data_9.csv,normal,9_61_84,24,61,84,36600,50400,0,0.68181276,1
test,9,data_9.csv,normal,9_62_85,24,62,85,37200,51000,0,0.63574886,1
test,9,data_9.csv,normal,9_63_86,24,63,86,37800,51600,0,0.6095905,1
test,9,data_9.csv,normal,9_64_87,24,64,87,38400,52200,0,0.6014664,1
test,9,data_9.csv,normal,9_65_88,24,65,88,39000,52800,0,0.6812208,1
test,9,data_9.csv,normal,9_66_89,24,66,89,39600,53400,0,0.76368153,1
test,9,data_9.csv,normal,9_67_90,24,67,90,40200,54000,0,0.7650709,1
test,9,data_9.csv,normal,9_68_91,24,68,91,40800,54600,0,0.78516036,1
test,9,data_9.csv,normal,9_69_92,24,69,92,41400,55200,0,0.8126703,1
test,9,data_9.csv,normal,9_70_93,24,70,93,42000,55800,0,0.8372574,1
test,9,data_9.csv,normal,9_71_94,24,71,94,42600,56400,0,0.8820784,1
test,9,data_9.csv,normal,9_72_95,24,72,95,43200,57000,0,0.912293,1
test,9,data_9.csv,normal,9_73_96,24,73,96,43800,57600,0,0.9034629,1
test,9,data_9.csv,normal,9_74_97,24,74,97,44400,58200,0,0.89479506,1
test,9,data_9.csv,normal,9_75_98,24,75,98,45000,58800,0,0.8977936,1
test,9,data_9.csv,normal,9_76_99,24,76,99,45600,59400,0,0.8980699,1
test,9,data_9.csv,normal,9_77_100,24,77,100,46200,60000,0,0.8834764,1
test,9,data_9.csv,normal,9_78_101,24,78,101,46800,60600,0,0.86288524,1
test,9,data_9.csv,normal,9_79_102,24,79,102,47400,61200,0,0.8656649,1
test,9,data_9.csv,normal,9_80_103,24,80,103,48000,61800,0,0.8539997,1
test,9,data_9.csv,normal,9_81_104,24,81,104,48600,62400,0,0.85070854,1
test,9,data_9.csv,normal,9_82_105,24,82,105,49200,63000,0,0.83620495,1
test,9,data_9.csv,normal,9_83_106,24,83,106,49800,63600,0,0.81738836,1
test,9,data_9.csv,normal,9_84_107,24,84,107,50400,64200,0,0.7761587,1
test,9,data_9.csv,normal,9_85_108,24,85,108,51000,64800,0,0.7526461,1
test,9,data_9.csv,normal,9_86_109,24,86,109,51600,65400,0,0.7012374,1
test,9,data_9.csv,normal,9_87_110,24,87,110,52200,66000,0,0.70552397,1
test,9,data_9.csv,normal,9_88_111,24,88,111,52800,66600,0,0.6982452,1
test,9,data_9.csv,normal,9_89_112,24,89,112,53400,67200,0,0.6680853,1
test,9,data_9.csv,normal,9_90_113,24,90,113,54000,67800,0,0.6186956,1
test,9,data_9.csv,normal,9_91_114,24,91,114,54600,68400,0,0.6157874,1
test,9,data_9.csv,normal,9_92_115,24,92,115,55200,69000,0,0.56456625,1
test,9,data_9.csv,normal,9_93_116,24,93,116,55800,69600,0,0.5142257,1
test,9,data_9.csv,normal,9_94_117,24,94,117,56400,70200,0,0.45497218,1
test,9,data_9.csv,normal,9_95_118,24,95,118,57000,70800,0,0.3730896,1
test,9,data_9.csv,normal,9_96_119,24,96,119,57600,71400,0,0.24264109,1
test,9,data_9.csv,normal,9_97_120,24,97,120,58200,72000,0,0.1966775,1
test,9,data_9.csv,normal,9_98_121,24,98,121,58800,72600,0,0.17486912,1
test,9,data_9.csv,normal,9_99_122,24,99,122,59400,73200,0,0.16591223,1
test,9,data_9.csv,normal,9_100_123,24,100,123,60000,73800,0,0.14776985,1
test,9,data_9.csv,normal,9_101_124,24,101,124,60600,74400,0,0.14446639,1
test,9,data_9.csv,normal,9_102_125,24,102,125,61200,75000,0,0.12832598,1
test,9,data_9.csv,normal,9_103_126,24,103,126,61800,75600,0,0.07903761,0
test,9,data_9.csv,normal,9_104_127,24,104,127,62400,76200,0,0.028142873,0
test,9,data_9.csv,normal,9_105_128,24,105,128,63000,76800,0,0.02046538,0
test,9,data_9.csv,normal,9_106_129,24,106,129,63600,77400,0,0.016242923,0
test,9,data_9.csv,normal,9_107_130,24,107,130,64200,78000,0,0.01827532,0
test,9,data_9.csv,normal,9_108_131,24,108,131,64800,78600,0,0.013638362,0
test,9,data_9.csv,normal,9_109_132,24,109,132,65400,79200,0,0.009173947,0
test,9,data_9.csv,normal,9_110_133,24,110,133,66000,79800,0,0.00346614,0
test,9,data_9.csv,normal,9_111_134,24,111,134,66600,80400,0,0.0046023275,0
test,9,data_9.csv,normal,9_112_135,24,112,135,67200,81000,0,0.0051737726,0
test,9,data_9.csv,normal,9_113_136,24,113,136,67800,81600,0,0.017391019,0
test,9,data_9.csv,normal,9_114_137,24,114,137,68400,82200,0,0.026810508,0
test,9,data_9.csv,normal,9_115_138,24,115,138,69000,82800,0,0.019126631,0
test,9,data_9.csv,normal,9_116_139,24,116,139,69600,83400,0,0.016030975,0
test,9,data_9.csv,normal,9_117_140,24,117,140,70200,84000,0,0.022631595,0
test,9,data_9.csv,normal,9_118_141,24,118,141,70800,84600,0,0.034089435,0
test,9,data_9.csv,normal,9_119_142,24,119,142,71400,85200,0,0.062755235,0
test,9,data_9.csv,normal,9_120_143,24,120,143,72000,85800,0,0.10585745,1
test,9,data_9.csv,normal,9_121_144,24,121,144,72600,86400,0,0.14714399,1
test,16,data_16.csv,onset_leak,16_0_23,24,0,23,0,13800,0,0.0036439365,0
test,16,data_16.csv,onset_leak,16_1_24,24,1,24,600,14400,0,0.0036376142,0
test,16,data_16.csv,onset_leak,16_2_25,24,2,25,1200,15000,0,0.0039371364,0
test,16,data_16.csv,onset_leak,16_3_26,24,3,26,1800,15600,0,0.004059565,0
test,16,data_16.csv,onset_leak,16_4_27,24,4,27,2400,16200,0,0.0040380545,0
test,16,data_16.csv,onset_leak,16_5_28,24,5,28,3000,16800,0,0.004135319,0
test,16,data_16.csv,onset_leak,16_6_29,24,6,29,3600,17400,0,0.0044046626,0
test,16,data_16.csv,onset_leak,16_7_30,24,7,30,4200,18000,0,0.004704336,0
test,16,data_16.csv,onset_leak,16_8_31,24,8,31,4800,18600,0,0.0058381613,0
test,16,data_16.csv,onset_leak,16_9_32,24,9,32,5400,19200,0,0.006389096,0
test,16,data_16.csv,onset_leak,16_10_33,24,10,33,6000,19800,0,0.006264465,0
test,16,data_16.csv,onset_leak,16_11_34,24,11,34,6600,20400,0,0.006558431,0
test,16,data_16.csv,onset_leak,16_12_35,24,12,35,7200,21000,0,0.007151204,0
test,16,data_16.csv,onset_leak,16_13_36,24,13,36,7800,21600,0,0.0071775345,0
test,16,data_16.csv,onset_leak,16_14_37,24,14,37,8400,22200,0,0.008553117,0
test,16,data_16.csv,onset_leak,16_15_38,24,15,38,9000,22800,0,0.008742231,0
test,16,data_16.csv,onset_leak,16_16_39,24,16,39,9600,23400,0,0.008064532,0
test,16,data_16.csv,onset_leak,16_17_40,24,17,40,10200,24000,0,0.007861477,0
test,16,data_16.csv,onset_leak,16_18_41,24,18,41,10800,24600,0,0.008305832,0
test,16,data_16.csv,onset_leak,16_19_42,24,19,42,11400,25200,0,0.00840232,0
test,16,data_16.csv,onset_leak,16_20_43,24,20,43,12000,25800,0,0.009746186,0
test,16,data_16.csv,onset_leak,16_21_44,24,21,44,12600,26400,0,0.009788376,0
test,16,data_16.csv,onset_leak,16_22_45,24,22,45,13200,27000,0,0.009025161,0
test,16,data_16.csv,onset_leak,16_23_46,24,23,46,13800,27600,0,0.008412843,0
test,16,data_16.csv,onset_leak,16_24_47,24,24,47,14400,28200,0,0.008602089,0
test,16,data_16.csv,onset_leak,16_25_48,24,25,48,15000,28800,0,0.009034339,0
test,16,data_16.csv,onset_leak,16_26_49,24,26,49,15600,29400,0,0.012029755,0
test,16,data_16.csv,onset_leak,16_27_50,24,27,50,16200,30000,0,0.013862605,0
test,16,data_16.csv,onset_leak,16_28_51,24,28,51,16800,30600,0,0.013883532,0
test,16,data_16.csv,onset_leak,16_29_52,24,29,52,17400,31200,0,0.015286919,0
test,16,data_16.csv,onset_leak,16_30_53,24,30,53,18000,31800,0,0.019722005,0
test,16,data_16.csv,onset_leak,16_31_54,24,31,54,18600,32400,0,0.020272285,0
test,16,data_16.csv,onset_leak,16_32_55,24,32,55,19200,33000,0,0.02725834,0
test,16,data_16.csv,onset_leak,16_33_56,24,33,56,19800,33600,0,0.030330757,0
test,16,data_16.csv,onset_leak,16_34_57,24,34,57,20400,34200,0,0.029105527,0
test,16,data_16.csv,onset_leak,16_35_58,24,35,58,21000,34800,0,0.031091688,0
test,16,data_16.csv,onset_leak,16_36_59,24,36,59,21600,35400,0,0.03985348,0
test,16,data_16.csv,onset_leak,16_37_60,24,37,60,22200,36000,0,0.045148756,0
test,16,data_16.csv,onset_leak,16_38_61,24,38,61,22800,36600,0,0.074265145,0
test,16,data_16.csv,onset_leak,16_39_62,24,39,62,23400,37200,0,0.08564369,0
test,16,data_16.csv,onset_leak,16_40_63,24,40,63,24000,37800,0,0.07117745,0
test,16,data_16.csv,onset_leak,16_41_64,24,41,64,24600,38400,0,0.07486979,0
test,16,data_16.csv,onset_leak,16_42_65,24,42,65,25200,39000,0,0.08703415,0
test,16,data_16.csv,onset_leak,16_43_66,24,43,66,25800,39600,0,0.07267801,0
test,16,data_16.csv,onset_leak,16_44_67,24,44,67,26400,40200,0,0.07691418,0
test,16,data_16.csv,onset_leak,16_45_68,24,45,68,27000,40800,0,0.07716793,0
test,16,data_16.csv,onset_leak,16_46_69,24,46,69,27600,41400,0,0.06366887,0
test,16,data_16.csv,onset_leak,16_47_70,24,47,70,28200,42000,0,0.06682185,0
test,16,data_16.csv,onset_leak,16_48_71,24,48,71,28800,42600,0,0.085940585,0
test,16,data_16.csv,onset_leak,16_49_72,24,49,72,29400,43200,1,0.119843446,1
test,16,data_16.csv,onset_leak,16_50_73,24,50,73,30000,43800,1,0.28341344,1
test,16,data_16.csv,onset_leak,16_51_74,24,51,74,30600,44400,1,0.42676008,1
test,16,data_16.csv,onset_leak,16_52_75,24,52,75,31200,45000,1,0.38240775,1
test,16,data_16.csv,onset_leak,16_53_76,24,53,76,31800,45600,1,0.4569888,1
test,16,data_16.csv,onset_leak,16_54_77,24,54,77,32400,46200,1,0.53041744,1
test,16,data_16.csv,onset_leak,16_55_78,24,55,78,33000,46800,1,0.7509318,1
test,16,data_16.csv,onset_leak,16_56_79,24,56,79,33600,47400,1,0.63434166,1
test,16,data_16.csv,onset_leak,16_57_80,24,57,80,34200,48000,1,0.5808829,1
test,16,data_16.csv,onset_leak,16_58_81,24,58,81,34800,48600,1,0.57170653,1
test,16,data_16.csv,onset_leak,16_59_82,24,59,82,35400,49200,1,0.8400276,1
test,16,data_16.csv,onset_leak,16_60_83,24,60,83,36000,49800,1,0.90571284,1
test,16,data_16.csv,onset_leak,16_61_84,24,61,84,36600,50400,1,0.86844516,1
test,16,data_16.csv,onset_leak,16_62_85,24,62,85,37200,51000,1,0.8523981,1
test,16,data_16.csv,onset_leak,16_63_86,24,63,86,37800,51600,1,0.7457039,1
test,16,data_16.csv,onset_leak,16_64_87,24,64,87,38400,52200,1,0.7140838,1
test,16,data_16.csv,onset_leak,16_65_88,24,65,88,39000,52800,1,0.68735904,1
test,16,data_16.csv,onset_leak,16_66_89,24,66,89,39600,53400,1,0.69160306,1
test,16,data_16.csv,onset_leak,16_67_90,24,67,90,40200,54000,1,0.62936395,1
test,16,data_16.csv,onset_leak,16_68_91,24,68,91,40800,54600,1,0.5348357,1
test,16,data_16.csv,onset_leak,16_69_92,24,69,92,41400,55200,1,0.5476099,1
test,16,data_16.csv,onset_leak,16_70_93,24,70,93,42000,55800,1,0.6146092,1
test,16,data_16.csv,onset_leak,16_71_94,24,71,94,42600,56400,1,0.7756347,1
test,16,data_16.csv,onset_leak,16_72_95,24,72,95,43200,57000,1,0.8872907,1
test,16,data_16.csv,onset_leak,16_73_96,24,73,96,43800,57600,1,0.8851386,1
test,16,data_16.csv,onset_leak,16_74_97,24,74,97,44400,58200,1,0.88551605,1
test,16,data_16.csv,onset_leak,16_75_98,24,75,98,45000,58800,1,0.8987705,1
test,16,data_16.csv,onset_leak,16_76_99,24,76,99,45600,59400,1,0.90541273,1
test,16,data_16.csv,onset_leak,16_77_100,24,77,100,46200,60000,1,0.91223365,1
test,16,data_16.csv,onset_leak,16_78_101,24,78,101,46800,60600,1,0.9161432,1
test,16,data_16.csv,onset_leak,16_79_102,24,79,102,47400,61200,1,0.9134736,1
test,16,data_16.csv,onset_leak,16_80_103,24,80,103,48000,61800,1,0.9040052,1
test,16,data_16.csv,onset_leak,16_81_104,24,81,104,48600,62400,1,0.90348667,1
test,16,data_16.csv,onset_leak,16_82_105,24,82,105,49200,63000,1,0.89916676,1
test,16,data_16.csv,onset_leak,16_83_106,24,83,106,49800,63600,1,0.88662064,1
test,16,data_16.csv,onset_leak,16_84_107,24,84,107,50400,64200,1,0.86885697,1
test,16,data_16.csv,onset_leak,16_85_108,24,85,108,51000,64800,1,0.87605274,1
test,16,data_16.csv,onset_leak,16_86_109,24,86,109,51600,65400,1,0.8573498,1
test,16,data_16.csv,onset_leak,16_87_110,24,87,110,52200,66000,1,0.83155584,1
test,16,data_16.csv,onset_leak,16_88_111,24,88,111,52800,66600,1,0.8080516,1
test,16,data_16.csv,onset_leak,16_89_112,24,89,112,53400,67200,1,0.78110015,1
test,16,data_16.csv,onset_leak,16_90_113,24,90,113,54000,67800,1,0.73431027,1
test,16,data_16.csv,onset_leak,16_91_114,24,91,114,54600,68400,1,0.72234374,1
test,16,data_16.csv,onset_leak,16_92_115,24,92,115,55200,69000,1,0.69411474,1
test,16,data_16.csv,onset_leak,16_93_116,24,93,116,55800,69600,1,0.65342146,1
test,16,data_16.csv,onset_leak,16_94_117,24,94,117,56400,70200,1,0.64947706,1
test,16,data_16.csv,onset_leak,16_95_118,24,95,118,57000,70800,1,0.62191504,1
test,16,data_16.csv,onset_leak,16_96_119,24,96,119,57600,71400,1,0.5559992,1
test,16,data_16.csv,onset_leak,16_97_120,24,97,120,58200,72000,1,0.52611524,1
test,16,data_16.csv,onset_leak,16_98_121,24,98,121,58800,72600,1,0.5266904,1
test,16,data_16.csv,onset_leak,16_99_122,24,99,122,59400,73200,1,0.5200752,1
test,16,data_16.csv,onset_leak,16_100_123,24,100,123,60000,73800,1,0.5057298,1
test,16,data_16.csv,onset_leak,16_101_124,24,101,124,60600,74400,1,0.47220668,1
test,16,data_16.csv,onset_leak,16_102_125,24,102,125,61200,75000,1,0.42408988,1
test,16,data_16.csv,onset_leak,16_103_126,24,103,126,61800,75600,1,0.2872575,1
test,16,data_16.csv,onset_leak,16_104_127,24,104,127,62400,76200,1,0.24652046,1
test,16,data_16.csv,onset_leak,16_105_128,24,105,128,63000,76800,1,0.26428735,1
test,16,data_16.csv,onset_leak,16_106_129,24,106,129,63600,77400,1,0.2801557,1
test,16,data_16.csv,onset_leak,16_107_130,24,107,130,64200,78000,1,0.36349952,1
test,16,data_16.csv,onset_leak,16_108_131,24,108,131,64800,78600,1,0.47486258,1
test,16,data_16.csv,onset_leak,16_109_132,24,109,132,65400,79200,1,0.35241914,1
test,16,data_16.csv,onset_leak,16_110_133,24,110,133,66000,79800,1,0.2602137,1
test,16,data_16.csv,onset_leak,16_111_134,24,111,134,66600,80400,1,0.310337,1
test,16,data_16.csv,onset_leak,16_112_135,24,112,135,67200,81000,1,0.31557742,1
test,16,data_16.csv,onset_leak,16_113_136,24,113,136,67800,81600,1,0.40283248,1
test,16,data_16.csv,onset_leak,16_114_137,24,114,137,68400,82200,1,0.4377453,1
test,16,data_16.csv,onset_leak,16_115_138,24,115,138,69000,82800,1,0.38761926,1
test,16,data_16.csv,onset_leak,16_116_139,24,116,139,69600,83400,1,0.2848078,1
test,16,data_16.csv,onset_leak,16_117_140,24,117,140,70200,84000,1,0.26721504,1
test,16,data_16.csv,onset_leak,16_118_141,24,118,141,70800,84600,1,0.22172113,1
test,16,data_16.csv,onset_leak,16_119_142,24,119,142,71400,85200,1,0.245151,1
test,16,data_16.csv,onset_leak,16_120_143,24,120,143,72000,85800,1,0.19164757,1
test,16,data_16.csv,onset_leak,16_121_144,24,121,144,72600,86400,1,0.12251514,1
test,19,data_19.csv,onset_leak,19_0_23,24,0,23,0,13800,0,0.013918031,0
test,19,data_19.csv,onset_leak,19_1_24,24,1,24,600,14400,0,0.014472982,0
test,19,data_19.csv,onset_leak,19_2_25,24,2,25,1200,15000,0,0.014336464,0
test,19,data_19.csv,onset_leak,19_3_26,24,3,26,1800,15600,0,0.012991115,0
test,19,data_19.csv,onset_leak,19_4_27,24,4,27,2400,16200,0,0.011622851,0
test,19,data_19.csv,onset_leak,19_5_28,24,5,28,3000,16800,0,0.009933848,0
test,19,data_19.csv,onset_leak,19_6_29,24,6,29,3600,17400,0,0.007888013,0
test,19,data_19.csv,onset_leak,19_7_30,24,7,30,4200,18000,0,0.008671607,0
test,19,data_19.csv,onset_leak,19_8_31,24,8,31,4800,18600,0,0.010033439,0
test,19,data_19.csv,onset_leak,19_9_32,24,9,32,5400,19200,0,0.009948403,0
test,19,data_19.csv,onset_leak,19_10_33,24,10,33,6000,19800,0,0.009029909,0
test,19,data_19.csv,onset_leak,19_11_34,24,11,34,6600,20400,0,0.008279335,0
test,19,data_19.csv,onset_leak,19_12_35,24,12,35,7200,21000,0,0.0073332572,0
test,19,data_19.csv,onset_leak,19_13_36,24,13,36,7800,21600,0,0.007768909,0
test,19,data_19.csv,onset_leak,19_14_37,24,14,37,8400,22200,0,0.00950024,0
test,19,data_19.csv,onset_leak,19_15_38,24,15,38,9000,22800,0,0.00934419,0
test,19,data_19.csv,onset_leak,19_16_39,24,16,39,9600,23400,0,0.008055923,0
test,19,data_19.csv,onset_leak,19_17_40,24,17,40,10200,24000,0,0.0074386955,0
test,19,data_19.csv,onset_leak,19_18_41,24,18,41,10800,24600,0,0.00700161,0
test,19,data_19.csv,onset_leak,19_19_42,24,19,42,11400,25200,0,0.007041696,0
test,19,data_19.csv,onset_leak,19_20_43,24,20,43,12000,25800,0,0.008163658,0
test,19,data_19.csv,onset_leak,19_21_44,24,21,44,12600,26400,0,0.007523687,0
test,19,data_19.csv,onset_leak,19_22_45,24,22,45,13200,27000,0,0.006309669,0
test,19,data_19.csv,onset_leak,19_23_46,24,23,46,13800,27600,0,0.005319984,0
test,19,data_19.csv,onset_leak,19_24_47,24,24,47,14400,28200,0,0.0047767684,0
test,19,data_19.csv,onset_leak,19_25_48,24,25,48,15000,28800,0,0.0047950465,0
test,19,data_19.csv,onset_leak,19_26_49,24,26,49,15600,29400,0,0.005873109,0
test,19,data_19.csv,onset_leak,19_27_50,24,27,50,16200,30000,0,0.0062544635,0
test,19,data_19.csv,onset_leak,19_28_51,24,28,51,16800,30600,0,0.0060002333,0
test,19,data_19.csv,onset_leak,19_29_52,24,29,52,17400,31200,0,0.0060578436,0
test,19,data_19.csv,onset_leak,19_30_53,24,30,53,18000,31800,0,0.00708329,0
test,19,data_19.csv,onset_leak,19_31_54,24,31,54,18600,32400,0,0.007469017,0
test,19,data_19.csv,onset_leak,19_32_55,24,32,55,19200,33000,0,0.010461797,0
test,19,data_19.csv,onset_leak,19_33_56,24,33,56,19800,33600,0,0.012471005,0
test,19,data_19.csv,onset_leak,19_34_57,24,34,57,20400,34200,0,0.012638675,0
test,19,data_19.csv,onset_leak,19_35_58,24,35,58,21000,34800,0,0.0142569225,0
test,19,data_19.csv,onset_leak,19_36_59,24,36,59,21600,35400,0,0.01952115,0
test,19,data_19.csv,onset_leak,19_37_60,24,37,60,22200,36000,0,0.022314912,0
test,19,data_19.csv,onset_leak,19_38_61,24,38,61,22800,36600,0,0.036738303,0
test,19,data_19.csv,onset_leak,19_39_62,24,39,62,23400,37200,0,0.04353388,0
test,19,data_19.csv,onset_leak,19_40_63,24,40,63,24000,37800,0,0.039777882,0
test,19,data_19.csv,onset_leak,19_41_64,24,41,64,24600,38400,0,0.041875117,0
test,19,data_19.csv,onset_leak,19_42_65,24,42,65,25200,39000,0,0.054497935,0
test,19,data_19.csv,onset_leak,19_43_66,24,43,66,25800,39600,0,0.04658286,0
test,19,data_19.csv,onset_leak,19_44_67,24,44,67,26400,40200,0,0.055419993,0
test,19,data_19.csv,onset_leak,19_45_68,24,45,68,27000,40800,0,0.053210463,0
test,19,data_19.csv,onset_leak,19_46_69,24,46,69,27600,41400,0,0.04395905,0
test,19,data_19.csv,onset_leak,19_47_70,24,47,70,28200,42000,0,0.043168284,0
test,19,data_19.csv,onset_leak,19_48_71,24,48,71,28800,42600,0,0.05341208,0
test,19,data_19.csv,onset_leak,19_49_72,24,49,72,29400,43200,1,0.074483134,0
test,19,data_19.csv,onset_leak,19_50_73,24,50,73,30000,43800,1,0.14879143,1
test,19,data_19.csv,onset_leak,19_51_74,24,51,74,30600,44400,1,0.28232604,1
test,19,data_19.csv,onset_leak,19_52_75,24,52,75,31200,45000,1,0.22275892,1
test,19,data_19.csv,onset_leak,19_53_76,24,53,76,31800,45600,1,0.2718551,1
test,19,data_19.csv,onset_leak,19_54_77,24,54,77,32400,46200,1,0.35670975,1
test,19,data_19.csv,onset_leak,19_55_78,24,55,78,33000,46800,1,0.64388424,1
test,19,data_19.csv,onset_leak,19_56_79,24,56,79,33600,47400,1,0.5239673,1
test,19,data_19.csv,onset_leak,19_57_80,24,57,80,34200,48000,1,0.43348044,1
test,19,data_19.csv,onset_leak,19_58_81,24,58,81,34800,48600,1,0.43224117,1
test,19,data_19.csv,onset_leak,19_59_82,24,59,82,35400,49200,1,0.7571046,1
test,19,data_19.csv,onset_leak,19_60_83,24,60,83,36000,49800,1,0.88205886,1
test,19,data_19.csv,onset_leak,19_61_84,24,61,84,36600,50400,1,0.929193,1
test,19,data_19.csv,onset_leak,19_62_85,24,62,85,37200,51000,1,0.94480044,1
test,19,data_19.csv,onset_leak,19_63_86,24,63,86,37800,51600,1,0.90133756,1
test,19,data_19.csv,onset_leak,19_64_87,24,64,87,38400,52200,1,0.8801665,1
test,19,data_19.csv,onset_leak,19_65_88,24,65,88,39000,52800,1,0.8467404,1
test,19,data_19.csv,onset_leak,19_66_89,24,66,89,39600,53400,1,0.8461168,1
test,19,data_19.csv,onset_leak,19_67_90,24,67,90,40200,54000,1,0.78204244,1
test,19,data_19.csv,onset_leak,19_68_91,24,68,91,40800,54600,1,0.71532756,1
test,19,data_19.csv,onset_leak,19_69_92,24,69,92,41400,55200,1,0.6644979,1
test,19,data_19.csv,onset_leak,19_70_93,24,70,93,42000,55800,1,0.6294907,1
test,19,data_19.csv,onset_leak,19_71_94,24,71,94,42600,56400,1,0.74246895,1
test,19,data_19.csv,onset_leak,19_72_95,24,72,95,43200,57000,1,0.84491223,1
test,19,data_19.csv,onset_leak,19_73_96,24,73,96,43800,57600,1,0.83270544,1
test,19,data_19.csv,onset_leak,19_74_97,24,74,97,44400,58200,1,0.8441359,1
test,19,data_19.csv,onset_leak,19_75_98,24,75,98,45000,58800,1,0.8764369,1
test,19,data_19.csv,onset_leak,19_76_99,24,76,99,45600,59400,1,0.89393,1
test,19,data_19.csv,onset_leak,19_77_100,24,77,100,46200,60000,1,0.91455317,1
test,19,data_19.csv,onset_leak,19_78_101,24,78,101,46800,60600,1,0.9318295,1
test,19,data_19.csv,onset_leak,19_79_102,24,79,102,47400,61200,1,0.9321235,1
test,19,data_19.csv,onset_leak,19_80_103,24,80,103,48000,61800,1,0.9310901,1
test,19,data_19.csv,onset_leak,19_81_104,24,81,104,48600,62400,1,0.9397637,1
test,19,data_19.csv,onset_leak,19_82_105,24,82,105,49200,63000,1,0.942731,1
test,19,data_19.csv,onset_leak,19_83_106,24,83,106,49800,63600,1,0.9460658,1
test,19,data_19.csv,onset_leak,19_84_107,24,84,107,50400,64200,1,0.9481249,1
test,19,data_19.csv,onset_leak,19_85_108,24,85,108,51000,64800,1,0.9479115,1
test,19,data_19.csv,onset_leak,19_86_109,24,86,109,51600,65400,1,0.93880737,1
test,19,data_19.csv,onset_leak,19_87_110,24,87,110,52200,66000,1,0.9312119,1
test,19,data_19.csv,onset_leak,19_88_111,24,88,111,52800,66600,1,0.9235573,1
test,19,data_19.csv,onset_leak,19_89_112,24,89,112,53400,67200,1,0.91092646,1
test,19,data_19.csv,onset_leak,19_90_113,24,90,113,54000,67800,1,0.88919765,1
test,19,data_19.csv,onset_leak,19_91_114,24,91,114,54600,68400,1,0.8778018,1
test,19,data_19.csv,onset_leak,19_92_115,24,92,115,55200,69000,1,0.8526378,1
test,19,data_19.csv,onset_leak,19_93_116,24,93,116,55800,69600,1,0.83257055,1
test,19,data_19.csv,onset_leak,19_94_117,24,94,117,56400,70200,1,0.81408334,1
test,19,data_19.csv,onset_leak,19_95_118,24,95,118,57000,70800,1,0.7536388,1
test,19,data_19.csv,onset_leak,19_96_119,24,96,119,57600,71400,1,0.6213094,1
test,19,data_19.csv,onset_leak,19_97_120,24,97,120,58200,72000,1,0.56740475,1
test,19,data_19.csv,onset_leak,19_98_121,24,98,121,58800,72600,1,0.50383633,1
test,19,data_19.csv,onset_leak,19_99_122,24,99,122,59400,73200,1,0.4569306,1
test,19,data_19.csv,onset_leak,19_100_123,24,100,123,60000,73800,1,0.40065426,1
test,19,data_19.csv,onset_leak,19_101_124,24,101,124,60600,74400,1,0.330464,1
test,19,data_19.csv,onset_leak,19_102_125,24,102,125,61200,75000,1,0.20741127,1
test,19,data_19.csv,onset_leak,19_103_126,24,103,126,61800,75600,1,0.18299118,1
test,19,data_19.csv,onset_leak,19_104_127,24,104,127,62400,76200,1,0.15548494,1
test,19,data_19.csv,onset_leak,19_105_128,24,105,128,63000,76800,1,0.17186916,1
test,19,data_19.csv,onset_leak,19_106_129,24,106,129,63600,77400,1,0.16664334,1
test,19,data_19.csv,onset_leak,19_107_130,24,107,130,64200,78000,1,0.20360482,1
test,19,data_19.csv,onset_leak,19_108_131,24,108,131,64800,78600,1,0.22590996,1
test,19,data_19.csv,onset_leak,19_109_132,24,109,132,65400,79200,1,0.19276479,1
test,19,data_19.csv,onset_leak,19_110_133,24,110,133,66000,79800,1,0.15622626,1
test,19,data_19.csv,onset_leak,19_111_134,24,111,134,66600,80400,1,0.15419511,1
test,19,data_19.csv,onset_leak,19_112_135,24,112,135,67200,81000,1,0.13992377,1
test,19,data_19.csv,onset_leak,19_113_136,24,113,136,67800,81600,1,0.14853404,1
test,19,data_19.csv,onset_leak,19_114_137,24,114,137,68400,82200,1,0.1283507,1
test,19,data_19.csv,onset_leak,19_115_138,24,115,138,69000,82800,1,0.10727774,1
test,19,data_19.csv,onset_leak,19_116_139,24,116,139,69600,83400,1,0.088585645,0
test,19,data_19.csv,onset_leak,19_117_140,24,117,140,70200,84000,1,0.08045367,0
test,19,data_19.csv,onset_leak,19_118_141,24,118,141,70800,84600,1,0.07444374,0
test,19,data_19.csv,onset_leak,19_119_142,24,119,142,71400,85200,1,0.08230349,0
test,19,data_19.csv,onset_leak,19_120_143,24,120,143,72000,85800,1,0.086226754,0
test,19,data_19.csv,onset_leak,19_121_144,24,121,144,72600,86400,1,0.081352964,0
test,25,data_25.csv,persistent_leak,25_0_23,24,0,23,0,13800,1,0.26250273,1
test,25,data_25.csv,persistent_leak,25_1_24,24,1,24,600,14400,1,0.26487932,1
test,25,data_25.csv,persistent_leak,25_2_25,24,2,25,1200,15000,1,0.29543275,1
test,25,data_25.csv,persistent_leak,25_3_26,24,3,26,1800,15600,1,0.3126271,1
test,25,data_25.csv,persistent_leak,25_4_27,24,4,27,2400,16200,1,0.31495363,1
test,25,data_25.csv,persistent_leak,25_5_28,24,5,28,3000,16800,1,0.3282007,1
test,25,data_25.csv,persistent_leak,25_6_29,24,6,29,3600,17400,1,0.36525548,1
test,25,data_25.csv,persistent_leak,25_7_30,24,7,30,4200,18000,1,0.4165658,1
test,25,data_25.csv,persistent_leak,25_8_31,24,8,31,4800,18600,1,0.5063023,1
test,25,data_25.csv,persistent_leak,25_9_32,24,9,32,5400,19200,1,0.5063023,1
test,25,data_25.csv,persistent_leak,25_10_33,24,10,33,6000,19800,1,0.50515217,1
test,25,data_25.csv,persistent_leak,25_11_34,24,11,34,6600,20400,1,0.504855,1
test,25,data_25.csv,persistent_leak,25_12_35,24,12,35,7200,21000,1,0.5060452,1
test,25,data_25.csv,persistent_leak,25_13_36,24,13,36,7800,21600,1,0.5063023,1
test,25,data_25.csv,persistent_leak,25_14_37,24,14,37,8400,22200,1,0.50564235,1
test,25,data_25.csv,persistent_leak,25_15_38,24,15,38,9000,22800,1,0.49901715,1
test,25,data_25.csv,persistent_leak,25_16_39,24,16,39,9600,23400,1,0.44186607,1
test,25,data_25.csv,persistent_leak,25_17_40,24,17,40,10200,24000,1,0.43284902,1
test,25,data_25.csv,persistent_leak,25_18_41,24,18,41,10800,24600,1,0.3890661,1
test,25,data_25.csv,persistent_leak,25_19_42,24,19,42,11400,25200,1,0.40569428,1
test,25,data_25.csv,persistent_leak,25_20_43,24,20,43,12000,25800,1,0.3512874,1
test,25,data_25.csv,persistent_leak,25_21_44,24,21,44,12600,26400,1,0.28390408,1
test,25,data_25.csv,persistent_leak,25_22_45,24,22,45,13200,27000,1,0.21823628,1
test,25,data_25.csv,persistent_leak,25_23_46,24,23,46,13800,27600,1,0.2271618,1
test,25,data_25.csv,persistent_leak,25_24_47,24,24,47,14400,28200,1,0.17509651,1
test,25,data_25.csv,persistent_leak,25_25_48,24,25,48,15000,28800,1,0.30880433,1
test,25,data_25.csv,persistent_leak,25_26_49,24,26,49,15600,29400,1,0.41872877,1
test,25,data_25.csv,persistent_leak,25_27_50,24,27,50,16200,30000,1,0.42974892,1
test,25,data_25.csv,persistent_leak,25_28_51,24,28,51,16800,30600,1,0.47354025,1
test,25,data_25.csv,persistent_leak,25_29_52,24,29,52,17400,31200,1,0.564228,1
test,25,data_25.csv,persistent_leak,25_30_53,24,30,53,18000,31800,1,0.68118364,1
test,25,data_25.csv,persistent_leak,25_31_54,24,31,54,18600,32400,1,0.8787142,1
test,25,data_25.csv,persistent_leak,25_32_55,24,32,55,19200,33000,1,0.8888176,1
test,25,data_25.csv,persistent_leak,25_33_56,24,33,56,19800,33600,1,0.8880638,1
test,25,data_25.csv,persistent_leak,25_34_57,24,34,57,20400,34200,1,0.8579307,1
test,25,data_25.csv,persistent_leak,25_35_58,24,35,58,21000,34800,1,0.8566925,1
test,25,data_25.csv,persistent_leak,25_36_59,24,36,59,21600,35400,1,0.8617487,1
test,25,data_25.csv,persistent_leak,25_37_60,24,37,60,22200,36000,1,0.8917243,1
test,25,data_25.csv,persistent_leak,25_38_61,24,38,61,22800,36600,1,0.8957399,1
test,25,data_25.csv,persistent_leak,25_39_62,24,39,62,23400,37200,1,0.89624035,1
test,25,data_25.csv,persistent_leak,25_40_63,24,40,63,24000,37800,1,0.8729134,1
test,25,data_25.csv,persistent_leak,25_41_64,24,41,64,24600,38400,1,0.8795238,1
test,25,data_25.csv,persistent_leak,25_42_65,24,42,65,25200,39000,1,0.8898635,1
test,25,data_25.csv,persistent_leak,25_43_66,24,43,66,25800,39600,1,0.92796594,1
test,25,data_25.csv,persistent_leak,25_44_67,24,44,67,26400,40200,1,0.9377321,1
test,25,data_25.csv,persistent_leak,25_45_68,24,45,68,27000,40800,1,0.94155675,1
test,25,data_25.csv,persistent_leak,25_46_69,24,46,69,27600,41400,1,0.9333877,1
test,25,data_25.csv,persistent_leak,25_47_70,24,47,70,28200,42000,1,0.9407039,1
test,25,data_25.csv,persistent_leak,25_48_71,24,48,71,28800,42600,1,0.94924426,1
test,25,data_25.csv,persistent_leak,25_49_72,24,49,72,29400,43200,1,0.9560149,1
test,25,data_25.csv,persistent_leak,25_50_73,24,50,73,30000,43800,1,0.9574405,1
test,25,data_25.csv,persistent_leak,25_51_74,24,51,74,30600,44400,1,0.95835423,1
test,25,data_25.csv,persistent_leak,25_52_75,24,52,75,31200,45000,1,0.9545654,1
test,25,data_25.csv,persistent_leak,25_53_76,24,53,76,31800,45600,1,0.95771855,1
test,25,data_25.csv,persistent_leak,25_54_77,24,54,77,32400,46200,1,0.9625782,1
test,25,data_25.csv,persistent_leak,25_55_78,24,55,78,33000,46800,1,0.9551233,1
test,25,data_25.csv,persistent_leak,25_56_79,24,56,79,33600,47400,1,0.9507941,1
test,25,data_25.csv,persistent_leak,25_57_80,24,57,80,34200,48000,1,0.94718957,1
test,25,data_25.csv,persistent_leak,25_58_81,24,58,81,34800,48600,1,0.93937105,1
test,25,data_25.csv,persistent_leak,25_59_82,24,59,82,35400,49200,1,0.9342132,1
test,25,data_25.csv,persistent_leak,25_60_83,24,60,83,36000,49800,1,0.93427205,1
test,25,data_25.csv,persistent_leak,25_61_84,24,61,84,36600,50400,1,0.92915094,1
test,25,data_25.csv,persistent_leak,25_62_85,24,62,85,37200,51000,1,0.9250073,1
test,25,data_25.csv,persistent_leak,25_63_86,24,63,86,37800,51600,1,0.9257742,1
test,25,data_25.csv,persistent_leak,25_64_87,24,64,87,38400,52200,1,0.9235936,1
test,25,data_25.csv,persistent_leak,25_65_88,24,65,88,39000,52800,1,0.9337582,1
test,25,data_25.csv,persistent_leak,25_66_89,24,66,89,39600,53400,1,0.9439481,1
test,25,data_25.csv,persistent_leak,25_67_90,24,67,90,40200,54000,1,0.9414542,1
test,25,data_25.csv,persistent_leak,25_68_91,24,68,91,40800,54600,1,0.94377,1
test,25,data_25.csv,persistent_leak,25_69_92,24,69,92,41400,55200,1,0.95092535,1
test,25,data_25.csv,persistent_leak,25_70_93,24,70,93,42000,55800,1,0.9549587,1
test,25,data_25.csv,persistent_leak,25_71_94,24,71,94,42600,56400,1,0.96140385,1
test,25,data_25.csv,persistent_leak,25_72_95,24,72,95,43200,57000,1,0.966644,1
test,25,data_25.csv,persistent_leak,25_73_96,24,73,96,43800,57600,1,0.96334714,1
test,25,data_25.csv,persistent_leak,25_74_97,24,74,97,44400,58200,1,0.96235746,1
test,25,data_25.csv,persistent_leak,25_75_98,24,75,98,45000,58800,1,0.96711224,1
test,25,data_25.csv,persistent_leak,25_76_99,24,76,99,45600,59400,1,0.9690253,1
test,25,data_25.csv,persistent_leak,25_77_100,24,77,100,46200,60000,1,0.9673122,1
test,25,data_25.csv,persistent_leak,25_78_101,24,78,101,46800,60600,1,0.9663609,1
test,25,data_25.csv,persistent_leak,25_79_102,24,79,102,47400,61200,1,0.96817476,1
test,25,data_25.csv,persistent_leak,25_80_103,24,80,103,48000,61800,1,0.9663395,1
test,25,data_25.csv,persistent_leak,25_81_104,24,81,104,48600,62400,1,0.96795535,1
test,25,data_25.csv,persistent_leak,25_82_105,24,82,105,49200,63000,1,0.9668951,1
test,25,data_25.csv,persistent_leak,25_83_106,24,83,106,49800,63600,1,0.96659464,1
test,25,data_25.csv,persistent_leak,25_84_107,24,84,107,50400,64200,1,0.96574014,1
test,25,data_25.csv,persistent_leak,25_85_108,24,85,108,51000,64800,1,0.9664602,1
test,25,data_25.csv,persistent_leak,25_86_109,24,86,109,51600,65400,1,0.9598031,1
test,25,data_25.csv,persistent_leak,25_87_110,24,87,110,52200,66000,1,0.9497155,1
test,25,data_25.csv,persistent_leak,25_88_111,24,88,111,52800,66600,1,0.9415223,1
test,25,data_25.csv,persistent_leak,25_89_112,24,89,112,53400,67200,1,0.93766785,1
test,25,data_25.csv,persistent_leak,25_90_113,24,90,113,54000,67800,1,0.9280404,1
test,25,data_25.csv,persistent_leak,25_91_114,24,91,114,54600,68400,1,0.9485331,1
test,25,data_25.csv,persistent_leak,25_92_115,24,92,115,55200,69000,1,0.9513917,1
test,25,data_25.csv,persistent_leak,25_93_116,24,93,116,55800,69600,1,0.94537145,1
test,25,data_25.csv,persistent_leak,25_94_117,24,94,117,56400,70200,1,0.95388764,1
test,25,data_25.csv,persistent_leak,25_95_118,24,95,118,57000,70800,1,0.9570078,1
test,25,data_25.csv,persistent_leak,25_96_119,24,96,119,57600,71400,1,0.95967746,1
test,25,data_25.csv,persistent_leak,25_97_120,24,97,120,58200,72000,1,0.9639741,1
test,25,data_25.csv,persistent_leak,25_98_121,24,98,121,58800,72600,1,0.97103494,1
test,25,data_25.csv,persistent_leak,25_99_122,24,99,122,59400,73200,1,0.9722639,1
test,25,data_25.csv,persistent_leak,25_100_123,24,100,123,60000,73800,1,0.97222847,1
test,25,data_25.csv,persistent_leak,25_101_124,24,101,124,60600,74400,1,0.96835685,1
test,25,data_25.csv,persistent_leak,25_102_125,24,102,125,61200,75000,1,0.96545446,1
test,25,data_25.csv,persistent_leak,25_103_126,24,103,126,61800,75600,1,0.9101194,1
test,25,data_25.csv,persistent_leak,25_104_127,24,104,127,62400,76200,1,0.8798701,1
test,25,data_25.csv,persistent_leak,25_105_128,24,105,128,63000,76800,1,0.8572954,1
test,25,data_25.csv,persistent_leak,25_106_129,24,106,129,63600,77400,1,0.8511923,1
test,25,data_25.csv,persistent_leak,25_107_130,24,107,130,64200,78000,1,0.8495033,1
test,25,data_25.csv,persistent_leak,25_108_131,24,108,131,64800,78600,1,0.8676963,1
test,25,data_25.csv,persistent_leak,25_109_132,24,109,132,65400,79200,1,0.84573495,1
test,25,data_25.csv,persistent_leak,25_110_133,24,110,133,66000,79800,1,0.8591328,1
test,25,data_25.csv,persistent_leak,25_111_134,24,111,134,66600,80400,1,0.916243,1
test,25,data_25.csv,persistent_leak,25_112_135,24,112,135,67200,81000,1,0.9416654,1
test,25,data_25.csv,persistent_leak,25_113_136,24,113,136,67800,81600,1,0.9705066,1
test,25,data_25.csv,persistent_leak,25_114_137,24,114,137,68400,82200,1,0.9851269,1
test,25,data_25.csv,persistent_leak,25_115_138,24,115,138,69000,82800,1,0.97933346,1
test,25,data_25.csv,persistent_leak,25_116_139,24,116,139,69600,83400,1,0.93993807,1
test,25,data_25.csv,persistent_leak,25_117_140,24,117,140,70200,84000,1,0.9725619,1
test,25,data_25.csv,persistent_leak,25_118_141,24,118,141,70800,84600,1,0.9690569,1
test,25,data_25.csv,persistent_leak,25_119_142,24,119,142,71400,85200,1,0.98427737,1
test,25,data_25.csv,persistent_leak,25_120_143,24,120,143,72000,85800,1,0.98670435,1
test,25,data_25.csv,persistent_leak,25_121_144,24,121,144,72600,86400,1,0.9748506,1
test,34,data_34.csv,persistent_leak,34_0_23,24,0,23,0,13800,1,0.48440707,1
test,34,data_34.csv,persistent_leak,34_1_24,24,1,24,600,14400,1,0.5026451,1
test,34,data_34.csv,persistent_leak,34_2_25,24,2,25,1200,15000,1,0.5063023,1
test,34,data_34.csv,persistent_leak,34_3_26,24,3,26,1800,15600,1,0.5063023,1
test,34,data_34.csv,persistent_leak,34_4_27,24,4,27,2400,16200,1,0.5063023,1
test,34,data_34.csv,persistent_leak,34_5_28,24,5,28,3000,16800,1,0.5063023,1
test,34,data_34.csv,persistent_leak,34_6_29,24,6,29,3600,17400,1,0.5063023,1
test,34,data_34.csv,persistent_leak,34_7_30,24,7,30,4200,18000,1,0.5063023,1
test,34,data_34.csv,persistent_leak,34_8_31,24,8,31,4800,18600,1,0.5063023,1
test,34,data_34.csv,persistent_leak,34_9_32,24,9,32,5400,19200,1,0.5063023,1
test,34,data_34.csv,persistent_leak,34_10_33,24,10,33,6000,19800,1,0.5063023,1
test,34,data_34.csv,persistent_leak,34_11_34,24,11,34,6600,20400,1,0.5063023,1
test,34,data_34.csv,persistent_leak,34_12_35,24,12,35,7200,21000,1,0.5063023,1
test,34,data_34.csv,persistent_leak,34_13_36,24,13,36,7800,21600,1,0.5063023,1
test,34,data_34.csv,persistent_leak,34_14_37,24,14,37,8400,22200,1,0.5063023,1
test,34,data_34.csv,persistent_leak,34_15_38,24,15,38,9000,22800,1,0.4952995,1
test,34,data_34.csv,persistent_leak,34_16_39,24,16,39,9600,23400,1,0.4275013,1
test,34,data_34.csv,persistent_leak,34_17_40,24,17,40,10200,24000,1,0.39127058,1
test,34,data_34.csv,persistent_leak,34_18_41,24,18,41,10800,24600,1,0.3259064,1
test,34,data_34.csv,persistent_leak,34_19_42,24,19,42,11400,25200,1,0.33027223,1
test,34,data_34.csv,persistent_leak,34_20_43,24,20,43,12000,25800,1,0.37429586,1
test,34,data_34.csv,persistent_leak,34_21_44,24,21,44,12600,26400,1,0.3706691,1
test,34,data_34.csv,persistent_leak,34_22_45,24,22,45,13200,27000,1,0.3280209,1
test,34,data_34.csv,persistent_leak,34_23_46,24,23,46,13800,27600,1,0.3425114,1
test,34,data_34.csv,persistent_leak,34_24_47,24,24,47,14400,28200,1,0.31247705,1
test,34,data_34.csv,persistent_leak,34_25_48,24,25,48,15000,28800,1,0.34710675,1
test,34,data_34.csv,persistent_leak,34_26_49,24,26,49,15600,29400,1,0.32366312,1
test,34,data_34.csv,persistent_leak,34_27_50,24,27,50,16200,30000,1,0.29577047,1
test,34,data_34.csv,persistent_leak,34_28_51,24,28,51,16800,30600,1,0.29171604,1
test,34,data_34.csv,persistent_leak,34_29_52,24,29,52,17400,31200,1,0.34648037,1
test,34,data_34.csv,persistent_leak,34_30_53,24,30,53,18000,31800,1,0.36721882,1
test,34,data_34.csv,persistent_leak,34_31_54,24,31,54,18600,32400,1,0.64710724,1
test,34,data_34.csv,persistent_leak,34_32_55,24,32,55,19200,33000,1,0.72630835,1
test,34,data_34.csv,persistent_leak,34_33_56,24,33,56,19800,33600,1,0.7050317,1
test,34,data_34.csv,persistent_leak,34_34_57,24,34,57,20400,34200,1,0.7326849,1
test,34,data_34.csv,persistent_leak,34_35_58,24,35,58,21000,34800,1,0.772039,1
test,34,data_34.csv,persistent_leak,34_36_59,24,36,59,21600,35400,1,0.8143898,1
test,34,data_34.csv,persistent_leak,34_37_60,24,37,60,22200,36000,1,0.91251093,1
test,34,data_34.csv,persistent_leak,34_38_61,24,38,61,22800,36600,1,0.9249508,1
test,34,data_34.csv,persistent_leak,34_39_62,24,39,62,23400,37200,1,0.92729187,1
test,34,data_34.csv,persistent_leak,34_40_63,24,40,63,24000,37800,1,0.9023388,1
test,34,data_34.csv,persistent_leak,34_41_64,24,41,64,24600,38400,1,0.90721774,1
test,34,data_34.csv,persistent_leak,34_42_65,24,42,65,25200,39000,1,0.9119402,1
test,34,data_34.csv,persistent_leak,34_43_66,24,43,66,25800,39600,1,0.97181374,1
test,34,data_34.csv,persistent_leak,34_44_67,24,44,67,26400,40200,1,0.98219,1
test,34,data_34.csv,persistent_leak,34_45_68,24,45,68,27000,40800,1,0.98644894,1
test,34,data_34.csv,persistent_leak,34_46_69,24,46,69,27600,41400,1,0.98535746,1
test,34,data_34.csv,persistent_leak,34_47_70,24,47,70,28200,42000,1,0.98900014,1
test,34,data_34.csv,persistent_leak,34_48_71,24,48,71,28800,42600,1,0.9923535,1
test,34,data_34.csv,persistent_leak,34_49_72,24,49,72,29400,43200,1,0.994981,1
test,34,data_34.csv,persistent_leak,34_50_73,24,50,73,30000,43800,1,0.9963785,1
test,34,data_34.csv,persistent_leak,34_51_74,24,51,74,30600,44400,1,0.99702257,1
test,34,data_34.csv,persistent_leak,34_52_75,24,52,75,31200,45000,1,0.9967168,1
test,34,data_34.csv,persistent_leak,34_53_76,24,53,76,31800,45600,1,0.99689305,1
test,34,data_34.csv,persistent_leak,34_54_77,24,54,77,32400,46200,1,0.99730104,1
test,34,data_34.csv,persistent_leak,34_55_78,24,55,78,33000,46800,1,0.99565613,1
test,34,data_34.csv,persistent_leak,34_56_79,24,56,79,33600,47400,1,0.9945623,1
test,34,data_34.csv,persistent_leak,34_57_80,24,57,80,34200,48000,1,0.9928208,1
test,34,data_34.csv,persistent_leak,34_58_81,24,58,81,34800,48600,1,0.98883677,1
test,34,data_34.csv,persistent_leak,34_59_82,24,59,82,35400,49200,1,0.9842672,1
test,34,data_34.csv,persistent_leak,34_60_83,24,60,83,36000,49800,1,0.9812367,1
test,34,data_34.csv,persistent_leak,34_61_84,24,61,84,36600,50400,1,0.96963924,1
test,34,data_34.csv,persistent_leak,34_62_85,24,62,85,37200,51000,1,0.95833355,1
test,34,data_34.csv,persistent_leak,34_63_86,24,63,86,37800,51600,1,0.9561442,1
test,34,data_34.csv,persistent_leak,34_64_87,24,64,87,38400,52200,1,0.95359766,1
test,34,data_34.csv,persistent_leak,34_65_88,24,65,88,39000,52800,1,0.9717148,1
test,34,data_34.csv,persistent_leak,34_66_89,24,66,89,39600,53400,1,0.98339945,1
test,34,data_34.csv,persistent_leak,34_67_90,24,67,90,40200,54000,1,0.9839984,1
test,34,data_34.csv,persistent_leak,34_68_91,24,68,91,40800,54600,1,0.98629725,1
test,34,data_34.csv,persistent_leak,34_69_92,24,69,92,41400,55200,1,0.9901911,1
test,34,data_34.csv,persistent_leak,34_70_93,24,70,93,42000,55800,1,0.99188304,1
test,34,data_34.csv,persistent_leak,34_71_94,24,71,94,42600,56400,1,0.9945538,1
test,34,data_34.csv,persistent_leak,34_72_95,24,72,95,43200,57000,1,0.9962758,1
test,34,data_34.csv,persistent_leak,34_73_96,24,73,96,43800,57600,1,0.99610496,1
test,34,data_34.csv,persistent_leak,34_74_97,24,74,97,44400,58200,1,0.99521023,1
test,34,data_34.csv,persistent_leak,34_75_98,24,75,98,45000,58800,1,0.9946656,1
test,34,data_34.csv,persistent_leak,34_76_99,24,76,99,45600,59400,1,0.9939971,1
test,34,data_34.csv,persistent_leak,34_77_100,24,77,100,46200,60000,1,0.9925921,1
test,34,data_34.csv,persistent_leak,34_78_101,24,78,101,46800,60600,1,0.99000716,1
test,34,data_34.csv,persistent_leak,34_79_102,24,79,102,47400,61200,1,0.9889088,1
test,34,data_34.csv,persistent_leak,34_80_103,24,80,103,48000,61800,1,0.985159,1
test,34,data_34.csv,persistent_leak,34_81_104,24,81,104,48600,62400,1,0.9799398,1
test,34,data_34.csv,persistent_leak,34_82_105,24,82,105,49200,63000,1,0.97533196,1
test,34,data_34.csv,persistent_leak,34_83_106,24,83,106,49800,63600,1,0.96167815,1
test,34,data_34.csv,persistent_leak,34_84_107,24,84,107,50400,64200,1,0.9370211,1
test,34,data_34.csv,persistent_leak,34_85_108,24,85,108,51000,64800,1,0.94324344,1
test,34,data_34.csv,persistent_leak,34_86_109,24,86,109,51600,65400,1,0.9409932,1
test,34,data_34.csv,persistent_leak,34_87_110,24,87,110,52200,66000,1,0.9317245,1
test,34,data_34.csv,persistent_leak,34_88_111,24,88,111,52800,66600,1,0.93263364,1
test,34,data_34.csv,persistent_leak,34_89_112,24,89,112,53400,67200,1,0.9240846,1
test,34,data_34.csv,persistent_leak,34_90_113,24,90,113,54000,67800,1,0.91439813,1
test,34,data_34.csv,persistent_leak,34_91_114,24,91,114,54600,68400,1,0.9011847,1
test,34,data_34.csv,persistent_leak,34_92_115,24,92,115,55200,69000,1,0.8961026,1
test,34,data_34.csv,persistent_leak,34_93_116,24,93,116,55800,69600,1,0.8937605,1
test,34,data_34.csv,persistent_leak,34_94_117,24,94,117,56400,70200,1,0.89672476,1
test,34,data_34.csv,persistent_leak,34_95_118,24,95,118,57000,70800,1,0.8876724,1
test,34,data_34.csv,persistent_leak,34_96_119,24,96,119,57600,71400,1,0.8828326,1
test,34,data_34.csv,persistent_leak,34_97_120,24,97,120,58200,72000,1,0.8475677,1
test,34,data_34.csv,persistent_leak,34_98_121,24,98,121,58800,72600,1,0.8476895,1
test,34,data_34.csv,persistent_leak,34_99_122,24,99,122,59400,73200,1,0.8637945,1
test,34,data_34.csv,persistent_leak,34_100_123,24,100,123,60000,73800,1,0.87731856,1
test,34,data_34.csv,persistent_leak,34_101_124,24,101,124,60600,74400,1,0.8880097,1
test,34,data_34.csv,persistent_leak,34_102_125,24,102,125,61200,75000,1,0.9070341,1
test,34,data_34.csv,persistent_leak,34_103_126,24,103,126,61800,75600,1,0.90906173,1
test,34,data_34.csv,persistent_leak,34_104_127,24,104,127,62400,76200,1,0.919163,1
test,34,data_34.csv,persistent_leak,34_105_128,24,105,128,63000,76800,1,0.9438844,1
test,34,data_34.csv,persistent_leak,34_106_129,24,106,129,63600,77400,1,0.95369136,1
test,34,data_34.csv,persistent_leak,34_107_130,24,107,130,64200,78000,1,0.9662939,1
test,34,data_34.csv,persistent_leak,34_108_131,24,108,131,64800,78600,1,0.97592837,1
test,34,data_34.csv,persistent_leak,34_109_132,24,109,132,65400,79200,1,0.97327936,1
test,34,data_34.csv,persistent_leak,34_110_133,24,110,133,66000,79800,1,0.96910346,1
test,34,data_34.csv,persistent_leak,34_111_134,24,111,134,66600,80400,1,0.9765827,1
test,34,data_34.csv,persistent_leak,34_112_135,24,112,135,67200,81000,1,0.9776977,1
test,34,data_34.csv,persistent_leak,34_113_136,24,113,136,67800,81600,1,0.9780808,1
test,34,data_34.csv,persistent_leak,34_114_137,24,114,137,68400,82200,1,0.97782964,1
test,34,data_34.csv,persistent_leak,34_115_138,24,115,138,69000,82800,1,0.9677539,1
test,34,data_34.csv,persistent_leak,34_116_139,24,116,139,69600,83400,1,0.93396634,1
test,34,data_34.csv,persistent_leak,34_117_140,24,117,140,70200,84000,1,0.9247198,1
test,34,data_34.csv,persistent_leak,34_118_141,24,118,141,70800,84600,1,0.88959736,1
test,34,data_34.csv,persistent_leak,34_119_142,24,119,142,71400,85200,1,0.8476153,1
test,34,data_34.csv,persistent_leak,34_120_143,24,120,143,72000,85800,1,0.6047312,1
test,34,data_34.csv,persistent_leak,34_121_144,24,121,144,72600,86400,1,0.5545102,1
test,41,data_41.csv,persistent_leak,41_0_23,24,0,23,0,13800,1,0.47795656,1
test,41,data_41.csv,persistent_leak,41_1_24,24,1,24,600,14400,1,0.49892062,1
test,41,data_41.csv,persistent_leak,41_2_25,24,2,25,1200,15000,1,0.5060735,1
test,41,data_41.csv,persistent_leak,41_3_26,24,3,26,1800,15600,1,0.5063023,1
test,41,data_41.csv,persistent_leak,41_4_27,24,4,27,2400,16200,1,0.5063023,1
test,41,data_41.csv,persistent_leak,41_5_28,24,5,28,3000,16800,1,0.5063023,1
test,41,data_41.csv,persistent_leak,41_6_29,24,6,29,3600,17400,1,0.5063023,1
test,41,data_41.csv,persistent_leak,41_7_30,24,7,30,4200,18000,1,0.5063023,1
test,41,data_41.csv,persistent_leak,41_8_31,24,8,31,4800,18600,1,0.5063023,1
test,41,data_41.csv,persistent_leak,41_9_32,24,9,32,5400,19200,1,0.5063023,1
test,41,data_41.csv,persistent_leak,41_10_33,24,10,33,6000,19800,1,0.5063023,1
test,41,data_41.csv,persistent_leak,41_11_34,24,11,34,6600,20400,1,0.5063023,1
test,41,data_41.csv,persistent_leak,41_12_35,24,12,35,7200,21000,1,0.5063023,1
test,41,data_41.csv,persistent_leak,41_13_36,24,13,36,7800,21600,1,0.5063023,1
test,41,data_41.csv,persistent_leak,41_14_37,24,14,37,8400,22200,1,0.5063023,1
test,41,data_41.csv,persistent_leak,41_15_38,24,15,38,9000,22800,1,0.5057257,1
test,41,data_41.csv,persistent_leak,41_16_39,24,16,39,9600,23400,1,0.47750863,1
test,41,data_41.csv,persistent_leak,41_17_40,24,17,40,10200,24000,1,0.45755538,1
test,41,data_41.csv,persistent_leak,41_18_41,24,18,41,10800,24600,1,0.38501164,1
test,41,data_41.csv,persistent_leak,41_19_42,24,19,42,11400,25200,1,0.39954445,1
test,41,data_41.csv,persistent_leak,41_20_43,24,20,43,12000,25800,1,0.4387848,1
test,41,data_41.csv,persistent_leak,41_21_44,24,21,44,12600,26400,1,0.41548553,1
test,41,data_41.csv,persistent_leak,41_22_45,24,22,45,13200,27000,1,0.37997615,1
test,41,data_41.csv,persistent_leak,41_23_46,24,23,46,13800,27600,1,0.39827445,1
test,41,data_41.csv,persistent_leak,41_24_47,24,24,47,14400,28200,1,0.34829688,1
test,41,data_41.csv,persistent_leak,41_25_48,24,25,48,15000,28800,1,0.38475406,1
test,41,data_41.csv,persistent_leak,41_26_49,24,26,49,15600,29400,1,0.35166663,1
test,41,data_41.csv,persistent_leak,41_27_50,24,27,50,16200,30000,1,0.31030372,1
test,41,data_41.csv,persistent_leak,41_28_51,24,28,51,16800,30600,1,0.3181394,1
test,41,data_41.csv,persistent_leak,41_29_52,24,29,52,17400,31200,1,0.3558833,1
test,41,data_41.csv,persistent_leak,41_30_53,24,30,53,18000,31800,1,0.36776263,1
test,41,data_41.csv,persistent_leak,41_31_54,24,31,54,18600,32400,1,0.5965095,1
test,41,data_41.csv,persistent_leak,41_32_55,24,32,55,19200,33000,1,0.67634356,1
test,41,data_41.csv,persistent_leak,41_33_56,24,33,56,19800,33600,1,0.65440446,1
test,41,data_41.csv,persistent_leak,41_34_57,24,34,57,20400,34200,1,0.66610897,1
test,41,data_41.csv,persistent_leak,41_35_58,24,35,58,21000,34800,1,0.69818306,1
test,41,data_41.csv,persistent_leak,41_36_59,24,36,59,21600,35400,1,0.74163413,1
test,41,data_41.csv,persistent_leak,41_37_60,24,37,60,22200,36000,1,0.8839918,1
test,41,data_41.csv,persistent_leak,41_38_61,24,38,61,22800,36600,1,0.8999762,1
test,41,data_41.csv,persistent_leak,41_39_62,24,39,62,23400,37200,1,0.9050764,1
test,41,data_41.csv,persistent_leak,41_40_63,24,40,63,24000,37800,1,0.87872005,1
test,41,data_41.csv,persistent_leak,41_41_64,24,41,64,24600,38400,1,0.88635397,1
test,41,data_41.csv,persistent_leak,41_42_65,24,42,65,25200,39000,1,0.89372456,1
test,41,data_41.csv,persistent_leak,41_43_66,24,43,66,25800,39600,1,0.9604316,1
test,41,data_41.csv,persistent_leak,41_44_67,24,44,67,26400,40200,1,0.9735675,1
test,41,data_41.csv,persistent_leak,41_45_68,24,45,68,27000,40800,1,0.9795222,1
test,41,data_41.csv,persistent_leak,41_46_69,24,46,69,27600,41400,1,0.97883314,1
test,41,data_41.csv,persistent_leak,41_47_70,24,47,70,28200,42000,1,0.9836044,1
test,41,data_41.csv,persistent_leak,41_48_71,24,48,71,28800,42600,1,0.98808753,1
test,41,data_41.csv,persistent_leak,41_49_72,24,49,72,29400,43200,1,0.9900961,1
test,41,data_41.csv,persistent_leak,41_50_73,24,50,73,30000,43800,1,0.9918662,1
test,41,data_41.csv,persistent_leak,41_51_74,24,51,74,30600,44400,1,0.99245185,1
test,41,data_41.csv,persistent_leak,41_52_75,24,52,75,31200,45000,1,0.9916128,1
test,41,data_41.csv,persistent_leak,41_53_76,24,53,76,31800,45600,1,0.99102545,1
test,41,data_41.csv,persistent_leak,41_54_77,24,54,77,32400,46200,1,0.9907126,1
test,41,data_41.csv,persistent_leak,41_55_78,24,55,78,33000,46800,1,0.9794311,1
test,41,data_41.csv,persistent_leak,41_56_79,24,56,79,33600,47400,1,0.97257924,1
test,41,data_41.csv,persistent_leak,41_57_80,24,57,80,34200,48000,1,0.96353453,1
test,41,data_41.csv,persistent_leak,41_58_81,24,58,81,34800,48600,1,0.9480181,1
test,41,data_41.csv,persistent_leak,41_59_82,24,59,82,35400,49200,1,0.9425352,1
test,41,data_41.csv,persistent_leak,41_60_83,24,60,83,36000,49800,1,0.9388972,1
test,41,data_41.csv,persistent_leak,41_61_84,24,61,84,36600,50400,1,0.9158573,1
test,41,data_41.csv,persistent_leak,41_62_85,24,62,85,37200,51000,1,0.9071157,1
test,41,data_41.csv,persistent_leak,41_63_86,24,63,86,37800,51600,1,0.9262134,1
test,41,data_41.csv,persistent_leak,41_64_87,24,64,87,38400,52200,1,0.948395,1
test,41,data_41.csv,persistent_leak,41_65_88,24,65,88,39000,52800,1,0.9723837,1
test,41,data_41.csv,persistent_leak,41_66_89,24,66,89,39600,53400,1,0.98558426,1
test,41,data_41.csv,persistent_leak,41_67_90,24,67,90,40200,54000,1,0.98708296,1
test,41,data_41.csv,persistent_leak,41_68_91,24,68,91,40800,54600,1,0.9875968,1
test,41,data_41.csv,persistent_leak,41_69_92,24,69,92,41400,55200,1,0.9904174,1
test,41,data_41.csv,persistent_leak,41_70_93,24,70,93,42000,55800,1,0.99157,1
test,41,data_41.csv,persistent_leak,41_71_94,24,71,94,42600,56400,1,0.9938214,1
test,41,data_41.csv,persistent_leak,41_72_95,24,72,95,43200,57000,1,0.99512404,1
test,41,data_41.csv,persistent_leak,41_73_96,24,73,96,43800,57600,1,0.994752,1
test,41,data_41.csv,persistent_leak,41_74_97,24,74,97,44400,58200,1,0.9928966,1
test,41,data_41.csv,persistent_leak,41_75_98,24,75,98,45000,58800,1,0.9909531,1
test,41,data_41.csv,persistent_leak,41_76_99,24,76,99,45600,59400,1,0.98895955,1
test,41,data_41.csv,persistent_leak,41_77_100,24,77,100,46200,60000,1,0.9842592,1
test,41,data_41.csv,persistent_leak,41_78_101,24,78,101,46800,60600,1,0.9748184,1
test,41,data_41.csv,persistent_leak,41_79_102,24,79,102,47400,61200,1,0.9716545,1
test,41,data_41.csv,persistent_leak,41_80_103,24,80,103,48000,61800,1,0.9606635,1
test,41,data_41.csv,persistent_leak,41_81_104,24,81,104,48600,62400,1,0.9424973,1
test,41,data_41.csv,persistent_leak,41_82_105,24,82,105,49200,63000,1,0.9288674,1
test,41,data_41.csv,persistent_leak,41_83_106,24,83,106,49800,63600,1,0.886618,1
test,41,data_41.csv,persistent_leak,41_84_107,24,84,107,50400,64200,1,0.80840796,1
test,41,data_41.csv,persistent_leak,41_85_108,24,85,108,51000,64800,1,0.83986956,1
test,41,data_41.csv,persistent_leak,41_86_109,24,86,109,51600,65400,1,0.8447885,1
test,41,data_41.csv,persistent_leak,41_87_110,24,87,110,52200,66000,1,0.83735096,1
test,41,data_41.csv,persistent_leak,41_88_111,24,88,111,52800,66600,1,0.84436107,1
test,41,data_41.csv,persistent_leak,41_89_112,24,89,112,53400,67200,1,0.84297204,1
test,41,data_41.csv,persistent_leak,41_90_113,24,90,113,54000,67800,1,0.8439375,1
test,41,data_41.csv,persistent_leak,41_91_114,24,91,114,54600,68400,1,0.83638203,1
test,41,data_41.csv,persistent_leak,41_92_115,24,92,115,55200,69000,1,0.8372113,1
test,41,data_41.csv,persistent_leak,41_93_116,24,93,116,55800,69600,1,0.8338175,1
test,41,data_41.csv,persistent_leak,41_94_117,24,94,117,56400,70200,1,0.8315937,1
test,41,data_41.csv,persistent_leak,41_95_118,24,95,118,57000,70800,1,0.81976926,1
test,41,data_41.csv,persistent_leak,41_96_119,24,96,119,57600,71400,1,0.8137035,1
test,41,data_41.csv,persistent_leak,41_97_120,24,97,120,58200,72000,1,0.7197977,1
test,41,data_41.csv,persistent_leak,41_98_121,24,98,121,58800,72600,1,0.70928895,1
test,41,data_41.csv,persistent_leak,41_99_122,24,99,122,59400,73200,1,0.7179773,1
test,41,data_41.csv,persistent_leak,41_100_123,24,100,123,60000,73800,1,0.73722714,1
test,41,data_41.csv,persistent_leak,41_101_124,24,101,124,60600,74400,1,0.75355315,1
test,41,data_41.csv,persistent_leak,41_102_125,24,102,125,61200,75000,1,0.79363924,1
test,41,data_41.csv,persistent_leak,41_103_126,24,103,126,61800,75600,1,0.7830867,1
test,41,data_41.csv,persistent_leak,41_104_127,24,104,127,62400,76200,1,0.80575,1
test,41,data_41.csv,persistent_leak,41_105_128,24,105,128,63000,76800,1,0.8578633,1
test,41,data_41.csv,persistent_leak,41_106_129,24,106,129,63600,77400,1,0.8793339,1
test,41,data_41.csv,persistent_leak,41_107_130,24,107,130,64200,78000,1,0.91474026,1
test,41,data_41.csv,persistent_leak,41_108_131,24,108,131,64800,78600,1,0.943216,1
test,41,data_41.csv,persistent_leak,41_109_132,24,109,132,65400,79200,1,0.936518,1
test,41,data_41.csv,persistent_leak,41_110_133,24,110,133,66000,79800,1,0.9251852,1
test,41,data_41.csv,persistent_leak,41_111_134,24,111,134,66600,80400,1,0.94352967,1
test,41,data_41.csv,persistent_leak,41_112_135,24,112,135,67200,81000,1,0.94275624,1
test,41,data_41.csv,persistent_leak,41_113_136,24,113,136,67800,81600,1,0.94793063,1
test,41,data_41.csv,persistent_leak,41_114_137,24,114,137,68400,82200,1,0.9525072,1
test,41,data_41.csv,persistent_leak,41_115_138,24,115,138,69000,82800,1,0.92993534,1
test,41,data_41.csv,persistent_leak,41_116_139,24,116,139,69600,83400,1,0.8760262,1
test,41,data_41.csv,persistent_leak,41_117_140,24,117,140,70200,84000,1,0.8617442,1
test,41,data_41.csv,persistent_leak,41_118_141,24,118,141,70800,84600,1,0.8146706,1
test,41,data_41.csv,persistent_leak,41_119_142,24,119,142,71400,85200,1,0.7557882,1
test,41,data_41.csv,persistent_leak,41_120_143,24,120,143,72000,85800,1,0.5135737,1
test,41,data_41.csv,persistent_leak,41_121_144,24,121,144,72600,86400,1,0.45665315,1
test,42,data_42.csv,persistent_leak,42_0_23,24,0,23,0,13800,1,0.47772714,1
test,42,data_42.csv,persistent_leak,42_1_24,24,1,24,600,14400,1,0.50065535,1
test,42,data_42.csv,persistent_leak,42_2_25,24,2,25,1200,15000,1,0.5063023,1
test,42,data_42.csv,persistent_leak,42_3_26,24,3,26,1800,15600,1,0.5063023,1
test,42,data_42.csv,persistent_leak,42_4_27,24,4,27,2400,16200,1,0.5063023,1
test,42,data_42.csv,persistent_leak,42_5_28,24,5,28,3000,16800,1,0.5063023,1
test,42,data_42.csv,persistent_leak,42_6_29,24,6,29,3600,17400,1,0.5063023,1
test,42,data_42.csv,persistent_leak,42_7_30,24,7,30,4200,18000,1,0.5063023,1
test,42,data_42.csv,persistent_leak,42_8_31,24,8,31,4800,18600,1,0.5063023,1
test,42,data_42.csv,persistent_leak,42_9_32,24,9,32,5400,19200,1,0.5063023,1
test,42,data_42.csv,persistent_leak,42_10_33,24,10,33,6000,19800,1,0.5063023,1
test,42,data_42.csv,persistent_leak,42_11_34,24,11,34,6600,20400,1,0.5063023,1
test,42,data_42.csv,persistent_leak,42_12_35,24,12,35,7200,21000,1,0.5063023,1
test,42,data_42.csv,persistent_leak,42_13_36,24,13,36,7800,21600,1,0.5063023,1
test,42,data_42.csv,persistent_leak,42_14_37,24,14,37,8400,22200,1,0.5063023,1
test,42,data_42.csv,persistent_leak,42_15_38,24,15,38,9000,22800,1,0.5063023,1
test,42,data_42.csv,persistent_leak,42_16_39,24,16,39,9600,23400,1,0.491582,1
test,42,data_42.csv,persistent_leak,42_17_40,24,17,40,10200,24000,1,0.4476956,1
test,42,data_42.csv,persistent_leak,42_18_41,24,18,41,10800,24600,1,0.40658233,1
test,42,data_42.csv,persistent_leak,42_19_42,24,19,42,11400,25200,1,0.43086123,1
test,42,data_42.csv,persistent_leak,42_20_43,24,20,43,12000,25800,1,0.49404868,1
test,42,data_42.csv,persistent_leak,42_21_44,24,21,44,12600,26400,1,0.4912738,1
test,42,data_42.csv,persistent_leak,42_22_45,24,22,45,13200,27000,1,0.47618845,1
test,42,data_42.csv,persistent_leak,42_23_46,24,23,46,13800,27600,1,0.48259494,1
test,42,data_42.csv,persistent_leak,42_24_47,24,24,47,14400,28200,1,0.47865582,1
test,42,data_42.csv,persistent_leak,42_25_48,24,25,48,15000,28800,1,0.4931785,1
test,42,data_42.csv,persistent_leak,42_26_49,24,26,49,15600,29400,1,0.48712352,1
test,42,data_42.csv,persistent_leak,42_27_50,24,27,50,16200,30000,1,0.46,1
test,42,data_42.csv,persistent_leak,42_28_51,24,28,51,16800,30600,1,0.43942916,1
test,42,data_42.csv,persistent_leak,42_29_52,24,29,52,17400,31200,1,0.45228824,1
test,42,data_42.csv,persistent_leak,42_30_53,24,30,53,18000,31800,1,0.41215715,1
test,42,data_42.csv,persistent_leak,42_31_54,24,31,54,18600,32400,1,0.42633307,1
test,42,data_42.csv,persistent_leak,42_32_55,24,32,55,19200,33000,1,0.37436813,1
test,42,data_42.csv,persistent_leak,42_33_56,24,33,56,19800,33600,1,0.30786502,1
test,42,data_42.csv,persistent_leak,42_34_57,24,34,57,20400,34200,1,0.3427399,1
test,42,data_42.csv,persistent_leak,42_35_58,24,35,58,21000,34800,1,0.30133024,1
test,42,data_42.csv,persistent_leak,42_36_59,24,36,59,21600,35400,1,0.24971682,1
test,42,data_42.csv,persistent_leak,42_37_60,24,37,60,22200,36000,1,0.347697,1
test,42,data_42.csv,persistent_leak,42_38_61,24,38,61,22800,36600,1,0.4820526,1
test,42,data_42.csv,persistent_leak,42_39_62,24,39,62,23400,37200,1,0.5114372,1
test,42,data_42.csv,persistent_leak,42_40_63,24,40,63,24000,37800,1,0.5044716,1
test,42,data_42.csv,persistent_leak,42_41_64,24,41,64,24600,38400,1,0.52988505,1
test,42,data_42.csv,persistent_leak,42_42_65,24,42,65,25200,39000,1,0.6301483,1
test,42,data_42.csv,persistent_leak,42_43_66,24,43,66,25800,39600,1,0.82980597,1
test,42,data_42.csv,persistent_leak,42_44_67,24,44,67,26400,40200,1,0.86220926,1
test,42,data_42.csv,persistent_leak,42_45_68,24,45,68,27000,40800,1,0.87947834,1
test,42,data_42.csv,persistent_leak,42_46_69,24,46,69,27600,41400,1,0.8745567,1
test,42,data_42.csv,persistent_leak,42_47_70,24,47,70,28200,42000,1,0.8945089,1
test,42,data_42.csv,persistent_leak,42_48_71,24,48,71,28800,42600,1,0.9103817,1
test,42,data_42.csv,persistent_leak,42_49_72,24,49,72,29400,43200,1,0.9327914,1
test,42,data_42.csv,persistent_leak,42_50_73,24,50,73,30000,43800,1,0.94228846,1
test,42,data_42.csv,persistent_leak,42_51_74,24,51,74,30600,44400,1,0.94494945,1
test,42,data_42.csv,persistent_leak,42_52_75,24,52,75,31200,45000,1,0.9379934,1
test,42,data_42.csv,persistent_leak,42_53_76,24,53,76,31800,45600,1,0.9362376,1
test,42,data_42.csv,persistent_leak,42_54_77,24,54,77,32400,46200,1,0.93578845,1
test,42,data_42.csv,persistent_leak,42_55_78,24,55,78,33000,46800,1,0.9274244,1
test,42,data_42.csv,persistent_leak,42_56_79,24,56,79,33600,47400,1,0.9210099,1
test,42,data_42.csv,persistent_leak,42_57_80,24,57,80,34200,48000,1,0.91216004,1
test,42,data_42.csv,persistent_leak,42_58_81,24,58,81,34800,48600,1,0.88806653,1
test,42,data_42.csv,persistent_leak,42_59_82,24,59,82,35400,49200,1,0.8764459,1
test,42,data_42.csv,persistent_leak,42_60_83,24,60,83,36000,49800,1,0.8724379,1
test,42,data_42.csv,persistent_leak,42_61_84,24,61,84,36600,50400,1,0.8247246,1
test,42,data_42.csv,persistent_leak,42_62_85,24,62,85,37200,51000,1,0.7954169,1
test,42,data_42.csv,persistent_leak,42_63_86,24,63,86,37800,51600,1,0.79510564,1
test,42,data_42.csv,persistent_leak,42_64_87,24,64,87,38400,52200,1,0.8085541,1
test,42,data_42.csv,persistent_leak,42_65_88,24,65,88,39000,52800,1,0.8443319,1
test,42,data_42.csv,persistent_leak,42_66_89,24,66,89,39600,53400,1,0.88334435,1
test,42,data_42.csv,persistent_leak,42_67_90,24,67,90,40200,54000,1,0.8769564,1
test,42,data_42.csv,persistent_leak,42_68_91,24,68,91,40800,54600,1,0.8878784,1
test,42,data_42.csv,persistent_leak,42_69_92,24,69,92,41400,55200,1,0.9155501,1
test,42,data_42.csv,persistent_leak,42_70_93,24,70,93,42000,55800,1,0.9285492,1
test,42,data_42.csv,persistent_leak,42_71_94,24,71,94,42600,56400,1,0.94519794,1
test,42,data_42.csv,persistent_leak,42_72_95,24,72,95,43200,57000,1,0.9581053,1
test,42,data_42.csv,persistent_leak,42_73_96,24,73,96,43800,57600,1,0.95781773,1
test,42,data_42.csv,persistent_leak,42_74_97,24,74,97,44400,58200,1,0.95659256,1
test,42,data_42.csv,persistent_leak,42_75_98,24,75,98,45000,58800,1,0.96223426,1
test,42,data_42.csv,persistent_leak,42_76_99,24,76,99,45600,59400,1,0.96431863,1
test,42,data_42.csv,persistent_leak,42_77_100,24,77,100,46200,60000,1,0.9666325,1
test,42,data_42.csv,persistent_leak,42_78_101,24,78,101,46800,60600,1,0.9675363,1
test,42,data_42.csv,persistent_leak,42_79_102,24,79,102,47400,61200,1,0.96551514,1
test,42,data_42.csv,persistent_leak,42_80_103,24,80,103,48000,61800,1,0.9572,1
test,42,data_42.csv,persistent_leak,42_81_104,24,81,104,48600,62400,1,0.95311356,1
test,42,data_42.csv,persistent_leak,42_82_105,24,82,105,49200,63000,1,0.9480906,1
test,42,data_42.csv,persistent_leak,42_83_106,24,83,106,49800,63600,1,0.9337961,1
test,42,data_42.csv,persistent_leak,42_84_107,24,84,107,50400,64200,1,0.90931964,1
test,42,data_42.csv,persistent_leak,42_85_108,24,85,108,51000,64800,1,0.91273504,1
test,42,data_42.csv,persistent_leak,42_86_109,24,86,109,51600,65400,1,0.8909655,1
test,42,data_42.csv,persistent_leak,42_87_110,24,87,110,52200,66000,1,0.86343163,1
test,42,data_42.csv,persistent_leak,42_88_111,24,88,111,52800,66600,1,0.83278304,1
test,42,data_42.csv,persistent_leak,42_89_112,24,89,112,53400,67200,1,0.78320074,1
test,42,data_42.csv,persistent_leak,42_90_113,24,90,113,54000,67800,1,0.67921984,1
test,42,data_42.csv,persistent_leak,42_91_114,24,91,114,54600,68400,1,0.677877,1
test,42,data_42.csv,persistent_leak,42_92_115,24,92,115,55200,69000,1,0.64525205,1
test,42,data_42.csv,persistent_leak,42_93_116,24,93,116,55800,69600,1,0.6063744,1
test,42,data_42.csv,persistent_leak,42_94_117,24,94,117,56400,70200,1,0.5876074,1
test,42,data_42.csv,persistent_leak,42_95_118,24,95,118,57000,70800,1,0.5230598,1
test,42,data_42.csv,persistent_leak,42_96_119,24,96,119,57600,71400,1,0.41848338,1
test,42,data_42.csv,persistent_leak,42_97_120,24,97,120,58200,72000,1,0.39533386,1
test,42,data_42.csv,persistent_leak,42_98_121,24,98,121,58800,72600,1,0.37077126,1
test,42,data_42.csv,persistent_leak,42_99_122,24,99,122,59400,73200,1,0.32089537,1
test,42,data_42.csv,persistent_leak,42_100_123,24,100,123,60000,73800,1,0.28677022,1
test,42,data_42.csv,persistent_leak,42_101_124,24,101,124,60600,74400,1,0.23987804,1
test,42,data_42.csv,persistent_leak,42_102_125,24,102,125,61200,75000,1,0.18759696,1
test,42,data_42.csv,persistent_leak,42_103_126,24,103,126,61800,75600,1,0.16893509,1
test,42,data_42.csv,persistent_leak,42_104_127,24,104,127,62400,76200,1,0.16454549,1
test,42,data_42.csv,persistent_leak,42_105_128,24,105,128,63000,76800,1,0.16819775,1
test,42,data_42.csv,persistent_leak,42_106_129,24,106,129,63600,77400,1,0.1737777,1
test,42,data_42.csv,persistent_leak,42_107_130,24,107,130,64200,78000,1,0.20412594,1
test,42,data_42.csv,persistent_leak,42_108_131,24,108,131,64800,78600,1,0.2668266,1
test,42,data_42.csv,persistent_leak,42_109_132,24,109,132,65400,79200,1,0.21707165,1
test,42,data_42.csv,persistent_leak,42_110_133,24,110,133,66000,79800,1,0.20134868,1
test,42,data_42.csv,persistent_leak,42_111_134,24,111,134,66600,80400,1,0.22241858,1
test,42,data_42.csv,persistent_leak,42_112_135,24,112,135,67200,81000,1,0.24157095,1
test,42,data_42.csv,persistent_leak,42_113_136,24,113,136,67800,81600,1,0.25525215,1
test,42,data_42.csv,persistent_leak,42_114_137,24,114,137,68400,82200,1,0.2755626,1
test,42,data_42.csv,persistent_leak,42_115_138,24,115,138,69000,82800,1,0.23789462,1
test,42,data_42.csv,persistent_leak,42_116_139,24,116,139,69600,83400,1,0.16181609,1
test,42,data_42.csv,persistent_leak,42_117_140,24,117,140,70200,84000,1,0.13894647,1
test,42,data_42.csv,persistent_leak,42_118_141,24,118,141,70800,84600,1,0.11272361,1
test,42,data_42.csv,persistent_leak,42_119_142,24,119,142,71400,85200,1,0.115418,1
test,42,data_42.csv,persistent_leak,42_120_143,24,120,143,72000,85800,1,0.08561537,0
test,42,data_42.csv,persistent_leak,42_121_144,24,121,144,72600,86400,1,0.07044941,0
test,46,data_46.csv,onset_leak,46_0_23,24,0,23,0,13800,0,0.010995931,0
test,46,data_46.csv,onset_leak,46_1_24,24,1,24,600,14400,0,0.0160454,0
test,46,data_46.csv,onset_leak,46_2_25,24,2,25,1200,15000,0,0.027837511,0
test,46,data_46.csv,onset_leak,46_3_26,24,3,26,1800,15600,0,0.031682983,0
test,46,data_46.csv,onset_leak,46_4_27,24,4,27,2400,16200,0,0.026890684,0
test,46,data_46.csv,onset_leak,46_5_28,24,5,28,3000,16800,0,0.025537943,0
test,46,data_46.csv,onset_leak,46_6_29,24,6,29,3600,17400,0,0.021315658,0
test,46,data_46.csv,onset_leak,46_7_30,24,7,30,4200,18000,0,0.022640541,0
test,46,data_46.csv,onset_leak,46_8_31,24,8,31,4800,18600,0,0.030091068,0
test,46,data_46.csv,onset_leak,46_9_32,24,9,32,5400,19200,0,0.022186773,0
test,46,data_46.csv,onset_leak,46_10_33,24,10,33,6000,19800,0,0.011702734,0
test,46,data_46.csv,onset_leak,46_11_34,24,11,34,6600,20400,0,0.0067156595,0
test,46,data_46.csv,onset_leak,46_12_35,24,12,35,7200,21000,0,0.0036653867,0
test,46,data_46.csv,onset_leak,46_13_36,24,13,36,7800,21600,0,0.003075095,0
test,46,data_46.csv,onset_leak,46_14_37,24,14,37,8400,22200,0,0.0027209774,0
test,46,data_46.csv,onset_leak,46_15_38,24,15,38,9000,22800,0,0.001823098,0
test,46,data_46.csv,onset_leak,46_16_39,24,16,39,9600,23400,0,0.0012345826,0
test,46,data_46.csv,onset_leak,46_17_40,24,17,40,10200,24000,0,0.0007186544,0
test,46,data_46.csv,onset_leak,46_18_41,24,18,41,10800,24600,0,0.00043948626,0
test,46,data_46.csv,onset_leak,46_19_42,24,19,42,11400,25200,0,0.00042038783,0
test,46,data_46.csv,onset_leak,46_20_43,24,20,43,12000,25800,0,0.0005704451,0
test,46,data_46.csv,onset_leak,46_21_44,24,21,44,12600,26400,0,0.000862482,0
test,46,data_46.csv,onset_leak,46_22_45,24,22,45,13200,27000,0,0.0012035576,0
test,46,data_46.csv,onset_leak,46_23_46,24,23,46,13800,27600,0,0.001789953,0
test,46,data_46.csv,onset_leak,46_24_47,24,24,47,14400,28200,0,0.0037026415,0
test,46,data_46.csv,onset_leak,46_25_48,24,25,48,15000,28800,0,0.0040990864,0
test,46,data_46.csv,onset_leak,46_26_49,24,26,49,15600,29400,0,0.0074434816,0
test,46,data_46.csv,onset_leak,46_27_50,24,27,50,16200,30000,0,0.012500167,0
test,46,data_46.csv,onset_leak,46_28_51,24,28,51,16800,30600,0,0.016348952,0
test,46,data_46.csv,onset_leak,46_29_52,24,29,52,17400,31200,0,0.02740288,0
test,46,data_46.csv,onset_leak,46_30_53,24,30,53,18000,31800,0,0.06429808,0
test,46,data_46.csv,onset_leak,46_31_54,24,31,54,18600,32400,0,0.043041103,0
test,46,data_46.csv,onset_leak,46_32_55,24,32,55,19200,33000,0,0.030091673,0
test,46,data_46.csv,onset_leak,46_33_56,24,33,56,19800,33600,0,0.026968688,0
test,46,data_46.csv,onset_leak,46_34_57,24,34,57,20400,34200,0,0.029550584,0
test,46,data_46.csv,onset_leak,46_35_58,24,35,58,21000,34800,0,0.0344419,0
test,46,data_46.csv,onset_leak,46_36_59,24,36,59,21600,35400,0,0.052419044,0
test,46,data_46.csv,onset_leak,46_37_60,24,37,60,22200,36000,0,0.075711325,0
test,46,data_46.csv,onset_leak,46_38_61,24,38,61,22800,36600,0,0.1388546,1
test,46,data_46.csv,onset_leak,46_39_62,24,39,62,23400,37200,0,0.23193617,1
test,46,data_46.csv,onset_leak,46_40_63,24,40,63,24000,37800,0,0.31418908,1
test,46,data_46.csv,onset_leak,46_41_64,24,41,64,24600,38400,0,0.38423136,1
test,46,data_46.csv,onset_leak,46_42_65,24,42,65,25200,39000,0,0.42846808,1
test,46,data_46.csv,onset_leak,46_43_66,24,43,66,25800,39600,0,0.48211744,1
test,46,data_46.csv,onset_leak,46_44_67,24,44,67,26400,40200,0,0.5028794,1
test,46,data_46.csv,onset_leak,46_45_68,24,45,68,27000,40800,0,0.5017729,1
test,46,data_46.csv,onset_leak,46_46_69,24,46,69,27600,41400,0,0.50361586,1
test,46,data_46.csv,onset_leak,46_47_70,24,47,70,28200,42000,0,0.50418675,1
test,46,data_46.csv,onset_leak,46_48_71,24,48,71,28800,42600,0,0.50624853,1
test,46,data_46.csv,onset_leak,46_49_72,24,49,72,29400,43200,1,0.56103617,1
test,46,data_46.csv,onset_leak,46_50_73,24,50,73,30000,43800,1,0.8149342,1
test,46,data_46.csv,onset_leak,46_51_74,24,51,74,30600,44400,1,0.8926116,1
test,46,data_46.csv,onset_leak,46_52_75,24,52,75,31200,45000,1,0.89476407,1
test,46,data_46.csv,onset_leak,46_53_76,24,53,76,31800,45600,1,0.8845083,1
test,46,data_46.csv,onset_leak,46_54_77,24,54,77,32400,46200,1,0.8986205,1
test,46,data_46.csv,onset_leak,46_55_78,24,55,78,33000,46800,1,0.9722201,1
test,46,data_46.csv,onset_leak,46_56_79,24,56,79,33600,47400,1,0.9753793,1
test,46,data_46.csv,onset_leak,46_57_80,24,57,80,34200,48000,1,0.95414305,1
test,46,data_46.csv,onset_leak,46_58_81,24,58,81,34800,48600,1,0.93641305,1
test,46,data_46.csv,onset_leak,46_59_82,24,59,82,35400,49200,1,0.9807891,1
test,46,data_46.csv,onset_leak,46_60_83,24,60,83,36000,49800,1,0.98674273,1
test,46,data_46.csv,onset_leak,46_61_84,24,61,84,36600,50400,1,0.9952152,1
test,46,data_46.csv,onset_leak,46_62_85,24,62,85,37200,51000,1,0.99681646,1
test,46,data_46.csv,onset_leak,46_63_86,24,63,86,37800,51600,1,0.995987,1
test,46,data_46.csv,onset_leak,46_64_87,24,64,87,38400,52200,1,0.9937122,1
test,46,data_46.csv,onset_leak,46_65_88,24,65,88,39000,52800,1,0.9914119,1
test,46,data_46.csv,onset_leak,46_66_89,24,66,89,39600,53400,1,0.98747176,1
test,46,data_46.csv,onset_leak,46_67_90,24,67,90,40200,54000,1,0.9899446,1
test,46,data_46.csv,onset_leak,46_68_91,24,68,91,40800,54600,1,0.9857848,1
test,46,data_46.csv,onset_leak,46_69_92,24,69,92,41400,55200,1,0.98289376,1
test,46,data_46.csv,onset_leak,46_70_93,24,70,93,42000,55800,1,0.97101283,1
test,46,data_46.csv,onset_leak,46_71_94,24,71,94,42600,56400,1,0.9817395,1
test,46,data_46.csv,onset_leak,46_72_95,24,72,95,43200,57000,1,0.9892641,1
test,46,data_46.csv,onset_leak,46_73_96,24,73,96,43800,57600,1,0.99173635,1
test,46,data_46.csv,onset_leak,46_74_97,24,74,97,44400,58200,1,0.99255604,1
test,46,data_46.csv,onset_leak,46_75_98,24,75,98,45000,58800,1,0.99300873,1
test,46,data_46.csv,onset_leak,46_76_99,24,76,99,45600,59400,1,0.9924298,1
test,46,data_46.csv,onset_leak,46_77_100,24,77,100,46200,60000,1,0.9931536,1
test,46,data_46.csv,onset_leak,46_78_101,24,78,101,46800,60600,1,0.99407816,1
test,46,data_46.csv,onset_leak,46_79_102,24,79,102,47400,61200,1,0.9956226,1
test,46,data_46.csv,onset_leak,46_80_103,24,80,103,48000,61800,1,0.99614257,1
test,46,data_46.csv,onset_leak,46_81_104,24,81,104,48600,62400,1,0.9963511,1
test,46,data_46.csv,onset_leak,46_82_105,24,82,105,49200,63000,1,0.995921,1
test,46,data_46.csv,onset_leak,46_83_106,24,83,106,49800,63600,1,0.99624133,1
test,46,data_46.csv,onset_leak,46_84_107,24,84,107,50400,64200,1,0.99668044,1
test,46,data_46.csv,onset_leak,46_85_108,24,85,108,51000,64800,1,0.99622655,1
test,46,data_46.csv,onset_leak,46_86_109,24,86,109,51600,65400,1,0.9958831,1
test,46,data_46.csv,onset_leak,46_87_110,24,87,110,52200,66000,1,0.99573493,1
test,46,data_46.csv,onset_leak,46_88_111,24,88,111,52800,66600,1,0.9953055,1
test,46,data_46.csv,onset_leak,46_89_112,24,89,112,53400,67200,1,0.99534976,1
test,46,data_46.csv,onset_leak,46_90_113,24,90,113,54000,67800,1,0.99552816,1
test,46,data_46.csv,onset_leak,46_91_114,24,91,114,54600,68400,1,0.9901102,1
test,46,data_46.csv,onset_leak,46_92_115,24,92,115,55200,69000,1,0.9874166,1
test,46,data_46.csv,onset_leak,46_93_116,24,93,116,55800,69600,1,0.98697066,1
test,46,data_46.csv,onset_leak,46_94_117,24,94,117,56400,70200,1,0.98817736,1
test,46,data_46.csv,onset_leak,46_95_118,24,95,118,57000,70800,1,0.98928386,1
test,46,data_46.csv,onset_leak,46_96_119,24,96,119,57600,71400,1,0.99090415,1
test,46,data_46.csv,onset_leak,46_97_120,24,97,120,58200,72000,1,0.9895566,1
test,46,data_46.csv,onset_leak,46_98_121,24,98,121,58800,72600,1,0.99067384,1
test,46,data_46.csv,onset_leak,46_99_122,24,99,122,59400,73200,1,0.99489945,1
test,46,data_46.csv,onset_leak,46_100_123,24,100,123,60000,73800,1,0.99650156,1
test,46,data_46.csv,onset_leak,46_101_124,24,101,124,60600,74400,1,0.9977186,1
test,46,data_46.csv,onset_leak,46_102_125,24,102,125,61200,75000,1,0.9984775,1
test,46,data_46.csv,onset_leak,46_103_126,24,103,126,61800,75600,1,0.9984505,1
test,46,data_46.csv,onset_leak,46_104_127,24,104,127,62400,76200,1,0.99845135,1
test,46,data_46.csv,onset_leak,46_105_128,24,105,128,63000,76800,1,0.9990252,1
test,46,data_46.csv,onset_leak,46_106_129,24,106,129,63600,77400,1,0.9992384,1
test,46,data_46.csv,onset_leak,46_107_130,24,107,130,64200,78000,1,0.9994301,1
test,46,data_46.csv,onset_leak,46_108_131,24,108,131,64800,78600,1,0.999527,1
test,46,data_46.csv,onset_leak,46_109_132,24,109,132,65400,79200,1,0.99950373,1
test,46,data_46.csv,onset_leak,46_110_133,24,110,133,66000,79800,1,0.9991917,1
test,46,data_46.csv,onset_leak,46_111_134,24,111,134,66600,80400,1,0.9992304,1
test,46,data_46.csv,onset_leak,46_112_135,24,112,135,67200,81000,1,0.9991185,1
test,46,data_46.csv,onset_leak,46_113_136,24,113,136,67800,81600,1,0.99857044,1
test,46,data_46.csv,onset_leak,46_114_137,24,114,137,68400,82200,1,0.9971897,1
test,46,data_46.csv,onset_leak,46_115_138,24,115,138,69000,82800,1,0.99638546,1
test,46,data_46.csv,onset_leak,46_116_139,24,116,139,69600,83400,1,0.9860529,1
test,46,data_46.csv,onset_leak,46_117_140,24,117,140,70200,84000,1,0.984626,1
test,46,data_46.csv,onset_leak,46_118_141,24,118,141,70800,84600,1,0.9742187,1
test,46,data_46.csv,onset_leak,46_119_142,24,119,142,71400,85200,1,0.95444095,1
test,46,data_46.csv,onset_leak,46_120_143,24,120,143,72000,85800,1,0.72783095,1
test,46,data_46.csv,onset_leak,46_121_144,24,121,144,72600,86400,1,0.6540952,1
test,48,data_48.csv,onset_leak,48_0_23,24,0,23,0,13800,0,0.032938015,0
test,48,data_48.csv,onset_leak,48_1_24,24,1,24,600,14400,0,0.038613293,0
test,48,data_48.csv,onset_leak,48_2_25,24,2,25,1200,15000,0,0.04261538,0
test,48,data_48.csv,onset_leak,48_3_26,24,3,26,1800,15600,0,0.038409196,0
test,48,data_48.csv,onset_leak,48_4_27,24,4,27,2400,16200,0,0.03285257,0
test,48,data_48.csv,onset_leak,48_5_28,24,5,28,3000,16800,0,0.025228297,0
test,48,data_48.csv,onset_leak,48_6_29,24,6,29,3600,17400,0,0.016590035,0
test,48,data_48.csv,onset_leak,48_7_30,24,7,30,4200,18000,0,0.019248936,0
test,48,data_48.csv,onset_leak,48_8_31,24,8,31,4800,18600,0,0.025577908,0
test,48,data_48.csv,onset_leak,48_9_32,24,9,32,5400,19200,0,0.025275087,0
test,48,data_48.csv,onset_leak,48_10_33,24,10,33,6000,19800,0,0.02056806,0
test,48,data_48.csv,onset_leak,48_11_34,24,11,34,6600,20400,0,0.018209528,0
test,48,data_48.csv,onset_leak,48_12_35,24,12,35,7200,21000,0,0.015676027,0
test,48,data_48.csv,onset_leak,48_13_36,24,13,36,7800,21600,0,0.015337397,0
test,48,data_48.csv,onset_leak,48_14_37,24,14,37,8400,22200,0,0.016836427,0
test,48,data_48.csv,onset_leak,48_15_38,24,15,38,9000,22800,0,0.013286746,0
test,48,data_48.csv,onset_leak,48_16_39,24,16,39,9600,23400,0,0.009708082,0
test,48,data_48.csv,onset_leak,48_17_40,24,17,40,10200,24000,0,0.0070519987,0
test,48,data_48.csv,onset_leak,48_18_41,24,18,41,10800,24600,0,0.005309384,0
test,48,data_48.csv,onset_leak,48_19_42,24,19,42,11400,25200,0,0.0057661864,0
test,48,data_48.csv,onset_leak,48_20_43,24,20,43,12000,25800,0,0.007777823,0
test,48,data_48.csv,onset_leak,48_21_44,24,21,44,12600,26400,0,0.008260539,0
test,48,data_48.csv,onset_leak,48_22_45,24,22,45,13200,27000,0,0.0073851026,0
test,48,data_48.csv,onset_leak,48_23_46,24,23,46,13800,27600,0,0.0065988926,0
test,48,data_48.csv,onset_leak,48_24_47,24,24,47,14400,28200,0,0.0066784904,0
test,48,data_48.csv,onset_leak,48_25_48,24,25,48,15000,28800,0,0.0063567874,0
test,48,data_48.csv,onset_leak,48_26_49,24,26,49,15600,29400,0,0.008350659,0
test,48,data_48.csv,onset_leak,48_27_50,24,27,50,16200,30000,0,0.009700797,0
test,48,data_48.csv,onset_leak,48_28_51,24,28,51,16800,30600,0,0.009966279,0
test,48,data_48.csv,onset_leak,48_29_52,24,29,52,17400,31200,0,0.011966222,0
test,48,data_48.csv,onset_leak,48_30_53,24,30,53,18000,31800,0,0.018871337,0
test,48,data_48.csv,onset_leak,48_31_54,24,31,54,18600,32400,0,0.018834677,0
test,48,data_48.csv,onset_leak,48_32_55,24,32,55,19200,33000,0,0.025983592,0
test,48,data_48.csv,onset_leak,48_33_56,24,33,56,19800,33600,0,0.030720998,0
test,48,data_48.csv,onset_leak,48_34_57,24,34,57,20400,34200,0,0.031363577,0
test,48,data_48.csv,onset_leak,48_35_58,24,35,58,21000,34800,0,0.033544276,0
test,48,data_48.csv,onset_leak,48_36_59,24,36,59,21600,35400,0,0.044838242,0
test,48,data_48.csv,onset_leak,48_37_60,24,37,60,22200,36000,0,0.049378503,0
test,48,data_48.csv,onset_leak,48_38_61,24,38,61,22800,36600,0,0.091233656,0
test,48,data_48.csv,onset_leak,48_39_62,24,39,62,23400,37200,0,0.1145504,1
test,48,data_48.csv,onset_leak,48_40_63,24,40,63,24000,37800,0,0.09297723,0
test,48,data_48.csv,onset_leak,48_41_64,24,41,64,24600,38400,0,0.11783835,1
test,48,data_48.csv,onset_leak,48_42_65,24,42,65,25200,39000,0,0.16814692,1
test,48,data_48.csv,onset_leak,48_43_66,24,43,66,25800,39600,0,0.1652637,1
test,48,data_48.csv,onset_leak,48_44_67,24,44,67,26400,40200,0,0.20473982,1
test,48,data_48.csv,onset_leak,48_45_68,24,45,68,27000,40800,0,0.26377454,1
test,48,data_48.csv,onset_leak,48_46_69,24,46,69,27600,41400,0,0.19573921,1
test,48,data_48.csv,onset_leak,48_47_70,24,47,70,28200,42000,0,0.23897864,1
test,48,data_48.csv,onset_leak,48_48_71,24,48,71,28800,42600,0,0.2827435,1
test,48,data_48.csv,onset_leak,48_49_72,24,49,72,29400,43200,1,0.9691009,1
test,48,data_48.csv,onset_leak,48_50_73,24,50,73,30000,43800,1,0.9887938,1
test,48,data_48.csv,onset_leak,48_51_74,24,51,74,30600,44400,1,0.99338937,1
test,48,data_48.csv,onset_leak,48_52_75,24,52,75,31200,45000,1,0.992058,1
test,48,data_48.csv,onset_leak,48_53_76,24,53,76,31800,45600,1,0.9958702,1
test,48,data_48.csv,onset_leak,48_54_77,24,54,77,32400,46200,1,0.9968081,1
test,48,data_48.csv,onset_leak,48_55_78,24,55,78,33000,46800,1,0.9937522,1
test,48,data_48.csv,onset_leak,48_56_79,24,56,79,33600,47400,1,0.9895503,1
test,48,data_48.csv,onset_leak,48_57_80,24,57,80,34200,48000,1,0.9871997,1
test,48,data_48.csv,onset_leak,48_58_81,24,58,81,34800,48600,1,0.9790014,1
test,48,data_48.csv,onset_leak,48_59_82,24,59,82,35400,49200,1,0.97702575,1
test,48,data_48.csv,onset_leak,48_60_83,24,60,83,36000,49800,1,0.9679155,1
test,48,data_48.csv,onset_leak,48_61_84,24,61,84,36600,50400,1,0.9398007,1
test,48,data_48.csv,onset_leak,48_62_85,24,62,85,37200,51000,1,0.91283745,1
test,48,data_48.csv,onset_leak,48_63_86,24,63,86,37800,51600,1,0.8792741,1
test,48,data_48.csv,onset_leak,48_64_87,24,64,87,38400,52200,1,0.82080865,1
test,48,data_48.csv,onset_leak,48_65_88,24,65,88,39000,52800,1,0.8505193,1
test,48,data_48.csv,onset_leak,48_66_89,24,66,89,39600,53400,1,0.87616986,1
test,48,data_48.csv,onset_leak,48_67_90,24,67,90,40200,54000,1,0.8905104,1
test,48,data_48.csv,onset_leak,48_68_91,24,68,91,40800,54600,1,0.89671844,1
test,48,data_48.csv,onset_leak,48_69_92,24,69,92,41400,55200,1,0.93429905,1
test,48,data_48.csv,onset_leak,48_70_93,24,70,93,42000,55800,1,0.95580107,1
test,48,data_48.csv,onset_leak,48_71_94,24,71,94,42600,56400,1,0.98285943,1
test,48,data_48.csv,onset_leak,48_72_95,24,72,95,43200,57000,1,0.99384093,1
test,48,data_48.csv,onset_leak,48_73_96,24,73,96,43800,57600,1,0.99348456,1
test,48,data_48.csv,onset_leak,48_74_97,24,74,97,44400,58200,1,0.9908406,1
test,48,data_48.csv,onset_leak,48_75_98,24,75,98,45000,58800,1,0.9866723,1
test,48,data_48.csv,onset_leak,48_76_99,24,76,99,45600,59400,1,0.9828351,1
test,48,data_48.csv,onset_leak,48_77_100,24,77,100,46200,60000,1,0.97548044,1
test,48,data_48.csv,onset_leak,48_78_101,24,78,101,46800,60600,1,0.9623063,1
test,48,data_48.csv,onset_leak,48_79_102,24,79,102,47400,61200,1,0.9699154,1
test,48,data_48.csv,onset_leak,48_80_103,24,80,103,48000,61800,1,0.9669823,1
test,48,data_48.csv,onset_leak,48_81_104,24,81,104,48600,62400,1,0.9567724,1
test,48,data_48.csv,onset_leak,48_82_105,24,82,105,49200,63000,1,0.96203583,1
test,48,data_48.csv,onset_leak,48_83_106,24,83,106,49800,63600,1,0.9568144,1
test,48,data_48.csv,onset_leak,48_84_107,24,84,107,50400,64200,1,0.9534662,1
test,48,data_48.csv,onset_leak,48_85_108,24,85,108,51000,64800,1,0.9725417,1
test,48,data_48.csv,onset_leak,48_86_109,24,86,109,51600,65400,1,0.9816933,1
test,48,data_48.csv,onset_leak,48_87_110,24,87,110,52200,66000,1,0.9844639,1
test,48,data_48.csv,onset_leak,48_88_111,24,88,111,52800,66600,1,0.9855055,1
test,48,data_48.csv,onset_leak,48_89_112,24,89,112,53400,67200,1,0.9858435,1
test,48,data_48.csv,onset_leak,48_90_113,24,90,113,54000,67800,1,0.9866237,1
test,48,data_48.csv,onset_leak,48_91_114,24,91,114,54600,68400,1,0.9716555,1
test,48,data_48.csv,onset_leak,48_92_115,24,92,115,55200,69000,1,0.9641257,1
test,48,data_48.csv,onset_leak,48_93_116,24,93,116,55800,69600,1,0.95689255,1
test,48,data_48.csv,onset_leak,48_94_117,24,94,117,56400,70200,1,0.9467445,1
test,48,data_48.csv,onset_leak,48_95_118,24,95,118,57000,70800,1,0.9357081,1
test,48,data_48.csv,onset_leak,48_96_119,24,96,119,57600,71400,1,0.9311421,1
test,48,data_48.csv,onset_leak,48_97_120,24,97,120,58200,72000,1,0.87892336,1
test,48,data_48.csv,onset_leak,48_98_121,24,98,121,58800,72600,1,0.872686,1
test,48,data_48.csv,onset_leak,48_99_122,24,99,122,59400,73200,1,0.89224595,1
test,48,data_48.csv,onset_leak,48_100_123,24,100,123,60000,73800,1,0.92365235,1
test,48,data_48.csv,onset_leak,48_101_124,24,101,124,60600,74400,1,0.9508272,1
test,48,data_48.csv,onset_leak,48_102_125,24,102,125,61200,75000,1,0.971467,1
test,48,data_48.csv,onset_leak,48_103_126,24,103,126,61800,75600,1,0.9757597,1
test,48,data_48.csv,onset_leak,48_104_127,24,104,127,62400,76200,1,0.9791155,1
test,48,data_48.csv,onset_leak,48_105_128,24,105,128,63000,76800,1,0.9879825,1
test,48,data_48.csv,onset_leak,48_106_129,24,106,129,63600,77400,1,0.9903529,1
test,48,data_48.csv,onset_leak,48_107_130,24,107,130,64200,78000,1,0.99451387,1
test,48,data_48.csv,onset_leak,48_108_131,24,108,131,64800,78600,1,0.9970595,1
test,48,data_48.csv,onset_leak,48_109_132,24,109,132,65400,79200,1,0.9967685,1
test,48,data_48.csv,onset_leak,48_110_133,24,110,133,66000,79800,1,0.99519867,1
test,48,data_48.csv,onset_leak,48_111_134,24,111,134,66600,80400,1,0.9953993,1
test,48,data_48.csv,onset_leak,48_112_135,24,112,135,67200,81000,1,0.994968,1
test,48,data_48.csv,onset_leak,48_113_136,24,113,136,67800,81600,1,0.99318063,1
test,48,data_48.csv,onset_leak,48_114_137,24,114,137,68400,82200,1,0.98990995,1
test,48,data_48.csv,onset_leak,48_115_138,24,115,138,69000,82800,1,0.9879929,1
test,48,data_48.csv,onset_leak,48_116_139,24,116,139,69600,83400,1,0.97382945,1
test,48,data_48.csv,onset_leak,48_117_140,24,117,140,70200,84000,1,0.96423674,1
test,48,data_48.csv,onset_leak,48_118_141,24,118,141,70800,84600,1,0.93376356,1
test,48,data_48.csv,onset_leak,48_119_142,24,119,142,71400,85200,1,0.85443693,1
test,48,data_48.csv,onset_leak,48_120_143,24,120,143,72000,85800,1,0.43458512,1
test,48,data_48.csv,onset_leak,48_121_144,24,121,144,72600,86400,1,0.33111918,1
test,50,data_50.csv,onset_leak,50_0_23,24,0,23,0,13800,0,0.01132731,0
test,50,data_50.csv,onset_leak,50_1_24,24,1,24,600,14400,0,0.014640524,0
test,50,data_50.csv,onset_leak,50_2_25,24,2,25,1200,15000,0,0.021225637,0
test,50,data_50.csv,onset_leak,50_3_26,24,3,26,1800,15600,0,0.022449754,0
test,50,data_50.csv,onset_leak,50_4_27,24,4,27,2400,16200,0,0.019015448,0
test,50,data_50.csv,onset_leak,50_5_28,24,5,28,3000,16800,0,0.017492117,0
test,50,data_50.csv,onset_leak,50_6_29,24,6,29,3600,17400,0,0.0144425165,0
test,50,data_50.csv,onset_leak,50_7_30,24,7,30,4200,18000,0,0.015258248,0
test,50,data_50.csv,onset_leak,50_8_31,24,8,31,4800,18600,0,0.019335074,0
test,50,data_50.csv,onset_leak,50_9_32,24,9,32,5400,19200,0,0.015885103,0
test,50,data_50.csv,onset_leak,50_10_33,24,10,33,6000,19800,0,0.010277111,0
test,50,data_50.csv,onset_leak,50_11_34,24,11,34,6600,20400,0,0.006931715,0
test,50,data_50.csv,onset_leak,50_12_35,24,12,35,7200,21000,0,0.004473011,0
test,50,data_50.csv,onset_leak,50_13_36,24,13,36,7800,21600,0,0.0040417076,0
test,50,data_50.csv,onset_leak,50_14_37,24,14,37,8400,22200,0,0.003967057,0
test,50,data_50.csv,onset_leak,50_15_38,24,15,38,9000,22800,0,0.0030745864,0
test,50,data_50.csv,onset_leak,50_16_39,24,16,39,9600,23400,0,0.002298967,0
test,50,data_50.csv,onset_leak,50_17_40,24,17,40,10200,24000,0,0.0015553945,0
test,50,data_50.csv,onset_leak,50_18_41,24,18,41,10800,24600,0,0.0011388931,0
test,50,data_50.csv,onset_leak,50_19_42,24,19,42,11400,25200,0,0.0011275369,0
test,50,data_50.csv,onset_leak,50_20_43,24,20,43,12000,25800,0,0.0014771142,0
test,50,data_50.csv,onset_leak,50_21_44,24,21,44,12600,26400,0,0.0019392291,0
test,50,data_50.csv,onset_leak,50_22_45,24,22,45,13200,27000,0,0.002288573,0
test,50,data_50.csv,onset_leak,50_23_46,24,23,46,13800,27600,0,0.0029078892,0
test,50,data_50.csv,onset_leak,50_24_47,24,24,47,14400,28200,0,0.0047401357,0
test,50,data_50.csv,onset_leak,50_25_48,24,25,48,15000,28800,0,0.0052941646,0
test,50,data_50.csv,onset_leak,50_26_49,24,26,49,15600,29400,0,0.008865924,0
test,50,data_50.csv,onset_leak,50_27_50,24,27,50,16200,30000,0,0.012926763,0
test,50,data_50.csv,onset_leak,50_28_51,24,28,51,16800,30600,0,0.015028321,0
test,50,data_50.csv,onset_leak,50_29_52,24,29,52,17400,31200,0,0.021581879,0
test,50,data_50.csv,onset_leak,50_30_53,24,30,53,18000,31800,0,0.040574286,0
test,50,data_50.csv,onset_leak,50_31_54,24,31,54,18600,32400,0,0.03219535,0
test,50,data_50.csv,onset_leak,50_32_55,24,32,55,19200,33000,0,0.030742731,0
test,50,data_50.csv,onset_leak,50_33_56,24,33,56,19800,33600,0,0.03030495,0
test,50,data_50.csv,onset_leak,50_34_57,24,34,57,20400,34200,0,0.030893592,0
test,50,data_50.csv,onset_leak,50_35_58,24,35,58,21000,34800,0,0.034474034,0
test,50,data_50.csv,onset_leak,50_36_59,24,36,59,21600,35400,0,0.04921331,0
test,50,data_50.csv,onset_leak,50_37_60,24,37,60,22200,36000,0,0.061814826,0
test,50,data_50.csv,onset_leak,50_38_61,24,38,61,22800,36600,0,0.110440604,1
test,50,data_50.csv,onset_leak,50_39_62,24,39,62,23400,37200,0,0.15967846,1
test,50,data_50.csv,onset_leak,50_40_63,24,40,63,24000,37800,0,0.1814451,1
test,50,data_50.csv,onset_leak,50_41_64,24,41,64,24600,38400,0,0.20410544,1
test,50,data_50.csv,onset_leak,50_42_65,24,42,65,25200,39000,0,0.25876358,1
test,50,data_50.csv,onset_leak,50_43_66,24,43,66,25800,39600,0,0.2462693,1
test,50,data_50.csv,onset_leak,50_44_67,24,44,67,26400,40200,0,0.29120657,1
test,50,data_50.csv,onset_leak,50_45_68,24,45,68,27000,40800,0,0.29892442,1
test,50,data_50.csv,onset_leak,50_46_69,24,46,69,27600,41400,0,0.2768925,1
test,50,data_50.csv,onset_leak,50_47_70,24,47,70,28200,42000,0,0.3260696,1
test,50,data_50.csv,onset_leak,50_48_71,24,48,71,28800,42600,0,0.37803096,1
test,50,data_50.csv,onset_leak,50_49_72,24,49,72,29400,43200,1,0.80641484,1
test,50,data_50.csv,onset_leak,50_50_73,24,50,73,30000,43800,1,0.939964,1
test,50,data_50.csv,onset_leak,50_51_74,24,51,74,30600,44400,1,0.96800864,1
test,50,data_50.csv,onset_leak,50_52_75,24,52,75,31200,45000,1,0.9705761,1
test,50,data_50.csv,onset_leak,50_53_76,24,53,76,31800,45600,1,0.9768063,1
test,50,data_50.csv,onset_leak,50_54_77,24,54,77,32400,46200,1,0.985405,1
test,50,data_50.csv,onset_leak,50_55_78,24,55,78,33000,46800,1,0.99529296,1
test,50,data_50.csv,onset_leak,50_56_79,24,56,79,33600,47400,1,0.9968465,1
test,50,data_50.csv,onset_leak,50_57_80,24,57,80,34200,48000,1,0.99632436,1
test,50,data_50.csv,onset_leak,50_58_81,24,58,81,34800,48600,1,0.9942432,1
test,50,data_50.csv,onset_leak,50_59_82,24,59,82,35400,49200,1,0.99725336,1
test,50,data_50.csv,onset_leak,50_60_83,24,60,83,36000,49800,1,0.99792814,1
test,50,data_50.csv,onset_leak,50_61_84,24,61,84,36600,50400,1,0.9989427,1
test,50,data_50.csv,onset_leak,50_62_85,24,62,85,37200,51000,1,0.9991949,1
test,50,data_50.csv,onset_leak,50_63_86,24,63,86,37800,51600,1,0.9990883,1
test,50,data_50.csv,onset_leak,50_64_87,24,64,87,38400,52200,1,0.9980319,1
test,50,data_50.csv,onset_leak,50_65_88,24,65,88,39000,52800,1,0.9972844,1
test,50,data_50.csv,onset_leak,50_66_89,24,66,89,39600,53400,1,0.9963728,1
test,50,data_50.csv,onset_leak,50_67_90,24,67,90,40200,54000,1,0.99599105,1
test,50,data_50.csv,onset_leak,50_68_91,24,68,91,40800,54600,1,0.9935922,1
test,50,data_50.csv,onset_leak,50_69_92,24,69,92,41400,55200,1,0.99213696,1
test,50,data_50.csv,onset_leak,50_70_93,24,70,93,42000,55800,1,0.98605436,1
test,50,data_50.csv,onset_leak,50_71_94,24,71,94,42600,56400,1,0.9907844,1
test,50,data_50.csv,onset_leak,50_72_95,24,72,95,43200,57000,1,0.99445194,1
test,50,data_50.csv,onset_leak,50_73_96,24,73,96,43800,57600,1,0.9942642,1
test,50,data_50.csv,onset_leak,50_74_97,24,74,97,44400,58200,1,0.9938412,1
test,50,data_50.csv,onset_leak,50_75_98,24,75,98,45000,58800,1,0.99365944,1
test,50,data_50.csv,onset_leak,50_76_99,24,76,99,45600,59400,1,0.99281836,1
test,50,data_50.csv,onset_leak,50_77_100,24,77,100,46200,60000,1,0.99318063,1
test,50,data_50.csv,onset_leak,50_78_101,24,78,101,46800,60600,1,0.9936865,1
test,50,data_50.csv,onset_leak,50_79_102,24,79,102,47400,61200,1,0.9935933,1
test,50,data_50.csv,onset_leak,50_80_103,24,80,103,48000,61800,1,0.99327236,1
test,50,data_50.csv,onset_leak,50_81_104,24,81,104,48600,62400,1,0.99321187,1
test,50,data_50.csv,onset_leak,50_82_105,24,82,105,49200,63000,1,0.99254155,1
test,50,data_50.csv,onset_leak,50_83_106,24,83,106,49800,63600,1,0.9929636,1
test,50,data_50.csv,onset_leak,50_84_107,24,84,107,50400,64200,1,0.99337375,1
test,50,data_50.csv,onset_leak,50_85_108,24,85,108,51000,64800,1,0.9917285,1
test,50,data_50.csv,onset_leak,50_86_109,24,86,109,51600,65400,1,0.990729,1
test,50,data_50.csv,onset_leak,50_87_110,24,87,110,52200,66000,1,0.99085754,1
test,50,data_50.csv,onset_leak,50_88_111,24,88,111,52800,66600,1,0.9911651,1
test,50,data_50.csv,onset_leak,50_89_112,24,89,112,53400,67200,1,0.9913947,1
test,50,data_50.csv,onset_leak,50_90_113,24,90,113,54000,67800,1,0.9914042,1
test,50,data_50.csv,onset_leak,50_91_114,24,91,114,54600,68400,1,0.9889381,1
test,50,data_50.csv,onset_leak,50_92_115,24,92,115,55200,69000,1,0.9886856,1
test,50,data_50.csv,onset_leak,50_93_116,24,93,116,55800,69600,1,0.9911164,1
test,50,data_50.csv,onset_leak,50_94_117,24,94,117,56400,70200,1,0.9921697,1
test,50,data_50.csv,onset_leak,50_95_118,24,95,118,57000,70800,1,0.992469,1
test,50,data_50.csv,onset_leak,50_96_119,24,96,119,57600,71400,1,0.9932603,1
test,50,data_50.csv,onset_leak,50_97_120,24,97,120,58200,72000,1,0.99273926,1
test,50,data_50.csv,onset_leak,50_98_121,24,98,121,58800,72600,1,0.99318165,1
test,50,data_50.csv,onset_leak,50_99_122,24,99,122,59400,73200,1,0.9955835,1
test,50,data_50.csv,onset_leak,50_100_123,24,100,123,60000,73800,1,0.9965753,1
test,50,data_50.csv,onset_leak,50_101_124,24,101,124,60600,74400,1,0.997163,1
test,50,data_50.csv,onset_leak,50_102_125,24,102,125,61200,75000,1,0.9976278,1
test,50,data_50.csv,onset_leak,50_103_126,24,103,126,61800,75600,1,0.9975199,1
test,50,data_50.csv,onset_leak,50_104_127,24,104,127,62400,76200,1,0.99736315,1
test,50,data_50.csv,onset_leak,50_105_128,24,105,128,63000,76800,1,0.99820065,1
test,50,data_50.csv,onset_leak,50_106_129,24,106,129,63600,77400,1,0.9984818,1
test,50,data_50.csv,onset_leak,50_107_130,24,107,130,64200,78000,1,0.99867743,1
test,50,data_50.csv,onset_leak,50_108_131,24,108,131,64800,78600,1,0.9987355,1
test,50,data_50.csv,onset_leak,50_109_132,24,109,132,65400,79200,1,0.9986519,1
test,50,data_50.csv,onset_leak,50_110_133,24,110,133,66000,79800,1,0.99780625,1
test,50,data_50.csv,onset_leak,50_111_134,24,111,134,66600,80400,1,0.9978387,1
test,50,data_50.csv,onset_leak,50_112_135,24,112,135,67200,81000,1,0.9973654,1
test,50,data_50.csv,onset_leak,50_113_136,24,113,136,67800,81600,1,0.9957793,1
test,50,data_50.csv,onset_leak,50_114_137,24,114,137,68400,82200,1,0.9909706,1
test,50,data_50.csv,onset_leak,50_115_138,24,115,138,69000,82800,1,0.98679894,1
test,50,data_50.csv,onset_leak,50_116_139,24,116,139,69600,83400,1,0.9553972,1
test,50,data_50.csv,onset_leak,50_117_140,24,117,140,70200,84000,1,0.955425,1
test,50,data_50.csv,onset_leak,50_118_141,24,118,141,70800,84600,1,0.9298884,1
test,50,data_50.csv,onset_leak,50_119_142,24,119,142,71400,85200,1,0.8912411,1
test,50,data_50.csv,onset_leak,50_120_143,24,120,143,72000,85800,1,0.5892223,1
test,50,data_50.csv,onset_leak,50_121_144,24,121,144,72600,86400,1,0.49539542,1
test,53,data_53.csv,persistent_leak,53_0_23,24,0,23,0,13800,1,0.5008277,1
test,53,data_53.csv,persistent_leak,53_1_24,24,1,24,600,14400,1,0.5063023,1
test,53,data_53.csv,persistent_leak,53_2_25,24,2,25,1200,15000,1,0.5063023,1
test,53,data_53.csv,persistent_leak,53_3_26,24,3,26,1800,15600,1,0.5063023,1
test,53,data_53.csv,persistent_leak,53_4_27,24,4,27,2400,16200,1,0.5063023,1
test,53,data_53.csv,persistent_leak,53_5_28,24,5,28,3000,16800,1,0.5063023,1
test,53,data_53.csv,persistent_leak,53_6_29,24,6,29,3600,17400,1,0.5063023,1
test,53,data_53.csv,persistent_leak,53_7_30,24,7,30,4200,18000,1,0.5063023,1
test,53,data_53.csv,persistent_leak,53_8_31,24,8,31,4800,18600,1,0.5063023,1
test,53,data_53.csv,persistent_leak,53_9_32,24,9,32,5400,19200,1,0.5063023,1
test,53,data_53.csv,persistent_leak,53_10_33,24,10,33,6000,19800,1,0.5063023,1
test,53,data_53.csv,persistent_leak,53_11_34,24,11,34,6600,20400,1,0.5063023,1
test,53,data_53.csv,persistent_leak,53_12_35,24,12,35,7200,21000,1,0.5057904,1
test,53,data_53.csv,persistent_leak,53_13_36,24,13,36,7800,21600,1,0.49670073,1
test,53,data_53.csv,persistent_leak,53_14_37,24,14,37,8400,22200,1,0.49254286,1
test,53,data_53.csv,persistent_leak,53_15_38,24,15,38,9000,22800,1,0.4665472,1
test,53,data_53.csv,persistent_leak,53_16_39,24,16,39,9600,23400,1,0.3778163,1
test,53,data_53.csv,persistent_leak,53_17_40,24,17,40,10200,24000,1,0.3442629,1
test,53,data_53.csv,persistent_leak,53_18_41,24,18,41,10800,24600,1,0.29653364,1
test,53,data_53.csv,persistent_leak,53_19_42,24,19,42,11400,25200,1,0.2940897,1
test,53,data_53.csv,persistent_leak,53_20_43,24,20,43,12000,25800,1,0.31329086,1
test,53,data_53.csv,persistent_leak,53_21_44,24,21,44,12600,26400,1,0.29724085,1
test,53,data_53.csv,persistent_leak,53_22_45,24,22,45,13200,27000,1,0.24406217,1
test,53,data_53.csv,persistent_leak,53_23_46,24,23,46,13800,27600,1,0.25224063,1
test,53,data_53.csv,persistent_leak,53_24_47,24,24,47,14400,28200,1,0.22427887,1
test,53,data_53.csv,persistent_leak,53_25_48,24,25,48,15000,28800,1,0.3135174,1
test,53,data_53.csv,persistent_leak,53_26_49,24,26,49,15600,29400,1,0.37057114,1
test,53,data_53.csv,persistent_leak,53_27_50,24,27,50,16200,30000,1,0.40348464,1
test,53,data_53.csv,persistent_leak,53_28_51,24,28,51,16800,30600,1,0.3888407,1
test,53,data_53.csv,persistent_leak,53_29_52,24,29,52,17400,31200,1,0.51632226,1
test,53,data_53.csv,persistent_leak,53_30_53,24,30,53,18000,31800,1,0.59273183,1
test,53,data_53.csv,persistent_leak,53_31_54,24,31,54,18600,32400,1,0.8388384,1
test,53,data_53.csv,persistent_leak,53_32_55,24,32,55,19200,33000,1,0.863228,1
test,53,data_53.csv,persistent_leak,53_33_56,24,33,56,19800,33600,1,0.833551,1
test,53,data_53.csv,persistent_leak,53_34_57,24,34,57,20400,34200,1,0.8371401,1
test,53,data_53.csv,persistent_leak,53_35_58,24,35,58,21000,34800,1,0.83944666,1
test,53,data_53.csv,persistent_leak,53_36_59,24,36,59,21600,35400,1,0.83350486,1
test,53,data_53.csv,persistent_leak,53_37_60,24,37,60,22200,36000,1,0.8419862,1
test,53,data_53.csv,persistent_leak,53_38_61,24,38,61,22800,36600,1,0.82163423,1
test,53,data_53.csv,persistent_leak,53_39_62,24,39,62,23400,37200,1,0.8003179,1
test,53,data_53.csv,persistent_leak,53_40_63,24,40,63,24000,37800,1,0.7245307,1
test,53,data_53.csv,persistent_leak,53_41_64,24,41,64,24600,38400,1,0.7196197,1
test,53,data_53.csv,persistent_leak,53_42_65,24,42,65,25200,39000,1,0.7292111,1
test,53,data_53.csv,persistent_leak,53_43_66,24,43,66,25800,39600,1,0.8494314,1
test,53,data_53.csv,persistent_leak,53_44_67,24,44,67,26400,40200,1,0.8726806,1
test,53,data_53.csv,persistent_leak,53_45_68,24,45,68,27000,40800,1,0.8884369,1
test,53,data_53.csv,persistent_leak,53_46_69,24,46,69,27600,41400,1,0.8781286,1
test,53,data_53.csv,persistent_leak,53_47_70,24,47,70,28200,42000,1,0.9143195,1
test,53,data_53.csv,persistent_leak,53_48_71,24,48,71,28800,42600,1,0.9435184,1
test,53,data_53.csv,persistent_leak,53_49_72,24,49,72,29400,43200,1,0.9659205,1
test,53,data_53.csv,persistent_leak,53_50_73,24,50,73,30000,43800,1,0.97474945,1
test,53,data_53.csv,persistent_leak,53_51_74,24,51,74,30600,44400,1,0.97984695,1
test,53,data_53.csv,persistent_leak,53_52_75,24,52,75,31200,45000,1,0.9829116,1
test,53,data_53.csv,persistent_leak,53_53_76,24,53,76,31800,45600,1,0.98548084,1
test,53,data_53.csv,persistent_leak,53_54_77,24,54,77,32400,46200,1,0.98779804,1
test,53,data_53.csv,persistent_leak,53_55_78,24,55,78,33000,46800,1,0.983907,1
test,53,data_53.csv,persistent_leak,53_56_79,24,56,79,33600,47400,1,0.98405993,1
test,53,data_53.csv,persistent_leak,53_57_80,24,57,80,34200,48000,1,0.9818092,1
test,53,data_53.csv,persistent_leak,53_58_81,24,58,81,34800,48600,1,0.97729504,1
test,53,data_53.csv,persistent_leak,53_59_82,24,59,82,35400,49200,1,0.9693243,1
test,53,data_53.csv,persistent_leak,53_60_83,24,60,83,36000,49800,1,0.9614145,1
test,53,data_53.csv,persistent_leak,53_61_84,24,61,84,36600,50400,1,0.93893653,1
test,53,data_53.csv,persistent_leak,53_62_85,24,62,85,37200,51000,1,0.92228144,1
test,53,data_53.csv,persistent_leak,53_63_86,24,63,86,37800,51600,1,0.9165896,1
test,53,data_53.csv,persistent_leak,53_64_87,24,64,87,38400,52200,1,0.9076531,1
test,53,data_53.csv,persistent_leak,53_65_88,24,65,88,39000,52800,1,0.92652076,1
test,53,data_53.csv,persistent_leak,53_66_89,24,66,89,39600,53400,1,0.94860274,1
test,53,data_53.csv,persistent_leak,53_67_90,24,67,90,40200,54000,1,0.9456276,1
test,53,data_53.csv,persistent_leak,53_68_91,24,68,91,40800,54600,1,0.95309275,1
test,53,data_53.csv,persistent_leak,53_69_92,24,69,92,41400,55200,1,0.9688446,1
test,53,data_53.csv,persistent_leak,53_70_93,24,70,93,42000,55800,1,0.9767819,1
test,53,data_53.csv,persistent_leak,53_71_94,24,71,94,42600,56400,1,0.9857471,1
test,53,data_53.csv,persistent_leak,53_72_95,24,72,95,43200,57000,1,0.99093443,1
test,53,data_53.csv,persistent_leak,53_73_96,24,73,96,43800,57600,1,0.99047685,1
test,53,data_53.csv,persistent_leak,53_74_97,24,74,97,44400,58200,1,0.9896344,1
test,53,data_53.csv,persistent_leak,53_75_98,24,75,98,45000,58800,1,0.9912174,1
test,53,data_53.csv,persistent_leak,53_76_99,24,76,99,45600,59400,1,0.9916298,1
test,53,data_53.csv,persistent_leak,53_77_100,24,77,100,46200,60000,1,0.991608,1
test,53,data_53.csv,persistent_leak,53_78_101,24,78,101,46800,60600,1,0.9910691,1
test,53,data_53.csv,persistent_leak,53_79_102,24,79,102,47400,61200,1,0.99109125,1
test,53,data_53.csv,persistent_leak,53_80_103,24,80,103,48000,61800,1,0.98830086,1
test,53,data_53.csv,persistent_leak,53_81_104,24,81,104,48600,62400,1,0.9855466,1
test,53,data_53.csv,persistent_leak,53_82_105,24,82,105,49200,63000,1,0.98248625,1
test,53,data_53.csv,persistent_leak,53_83_106,24,83,106,49800,63600,1,0.97711366,1
test,53,data_53.csv,persistent_leak,53_84_107,24,84,107,50400,64200,1,0.9669017,1
test,53,data_53.csv,persistent_leak,53_85_108,24,85,108,51000,64800,1,0.96358514,1
test,53,data_53.csv,persistent_leak,53_86_109,24,86,109,51600,65400,1,0.9497254,1
test,53,data_53.csv,persistent_leak,53_87_110,24,87,110,52200,66000,1,0.9249513,1
test,53,data_53.csv,persistent_leak,53_88_111,24,88,111,52800,66600,1,0.90856147,1
test,53,data_53.csv,persistent_leak,53_89_112,24,89,112,53400,67200,1,0.8822758,1
test,53,data_53.csv,persistent_leak,53_90_113,24,90,113,54000,67800,1,0.8157312,1
test,53,data_53.csv,persistent_leak,53_91_114,24,91,114,54600,68400,1,0.84026784,1
test,53,data_53.csv,persistent_leak,53_92_115,24,92,115,55200,69000,1,0.84071046,1
test,53,data_53.csv,persistent_leak,53_93_116,24,93,116,55800,69600,1,0.82953286,1
test,53,data_53.csv,persistent_leak,53_94_117,24,94,117,56400,70200,1,0.8588307,1
test,53,data_53.csv,persistent_leak,53_95_118,24,95,118,57000,70800,1,0.8538027,1
test,53,data_53.csv,persistent_leak,53_96_119,24,96,119,57600,71400,1,0.8487059,1
test,53,data_53.csv,persistent_leak,53_97_120,24,97,120,58200,72000,1,0.81318605,1
test,53,data_53.csv,persistent_leak,53_98_121,24,98,121,58800,72600,1,0.80361164,1
test,53,data_53.csv,persistent_leak,53_99_122,24,99,122,59400,73200,1,0.78490704,1
test,53,data_53.csv,persistent_leak,53_100_123,24,100,123,60000,73800,1,0.76077676,1
test,53,data_53.csv,persistent_leak,53_101_124,24,101,124,60600,74400,1,0.72152174,1
test,53,data_53.csv,persistent_leak,53_102_125,24,102,125,61200,75000,1,0.7038339,1
test,53,data_53.csv,persistent_leak,53_103_126,24,103,126,61800,75600,1,0.634892,1
test,53,data_53.csv,persistent_leak,53_104_127,24,104,127,62400,76200,1,0.60349643,1
test,53,data_53.csv,persistent_leak,53_105_128,24,105,128,63000,76800,1,0.61957186,1
test,53,data_53.csv,persistent_leak,53_106_129,24,106,129,63600,77400,1,0.64027226,1
test,53,data_53.csv,persistent_leak,53_107_130,24,107,130,64200,78000,1,0.698135,1
test,53,data_53.csv,persistent_leak,53_108_131,24,108,131,64800,78600,1,0.765573,1
test,53,data_53.csv,persistent_leak,53_109_132,24,109,132,65400,79200,1,0.71245414,1
test,53,data_53.csv,persistent_leak,53_110_133,24,110,133,66000,79800,1,0.69052833,1
test,53,data_53.csv,persistent_leak,53_111_134,24,111,134,66600,80400,1,0.78388506,1
test,53,data_53.csv,persistent_leak,53_112_135,24,112,135,67200,81000,1,0.7982892,1
test,53,data_53.csv,persistent_leak,53_113_136,24,113,136,67800,81600,1,0.8753995,1
test,53,data_53.csv,persistent_leak,53_114_137,24,114,137,68400,82200,1,0.9275392,1
test,53,data_53.csv,persistent_leak,53_115_138,24,115,138,69000,82800,1,0.84305507,1
test,53,data_53.csv,persistent_leak,53_116_139,24,116,139,69600,83400,1,0.71196276,1
test,53,data_53.csv,persistent_leak,53_117_140,24,117,140,70200,84000,1,0.7415815,1
test,53,data_53.csv,persistent_leak,53_118_141,24,118,141,70800,84600,1,0.6950219,1
test,53,data_53.csv,persistent_leak,53_119_142,24,119,142,71400,85200,1,0.77528656,1
test,53,data_53.csv,persistent_leak,53_120_143,24,120,143,72000,85800,1,0.693775,1
test,53,data_53.csv,persistent_leak,53_121_144,24,121,144,72600,86400,1,0.64201784,1
